timestamp,timestamp_sample,control[0],control[1],control[2],control[3],control[4],control[5],control[6],control[7],control[8],control[9],control[10],control[11],reversible_flags
9100592629,9100589994,0.0,0.0,0.0,0.0,nan,nan,nan,nan,nan,nan,nan,nan,0
9100602449,9100599807,0.0,0.0,0.0,0.0,nan,nan,nan,nan,nan,nan,nan,nan,0
9100612224,9100609428,0.0,0.0,0.0,0.0,nan,nan,nan,nan,nan,nan,nan,nan,0
9100623697,9100619832,0.0,0.0,0.0,0.0,nan,nan,nan,nan,nan,nan,nan,nan,0
9100632201,9100629611,0.0,0.0,0.0,0.0,nan,nan,nan,nan,nan,nan,nan,nan,0
9100641868,9100639257,0.0,0.0,0.0,0.0,nan,nan,nan,nan,nan,nan,nan,nan,0
9100652249,9100649647,0.0,0.0,0.0,0.0,nan,nan,nan,nan,nan,nan,nan,nan,0
9100662750,9100659031,0.0,0.0,0.0,0.0,nan,nan,nan,nan,nan,nan,nan,nan,0
9100672158,9100669534,0.0,0.0,0.0,0.0,nan,nan,nan,nan,nan,nan,nan,nan,0
9100683562,9100679692,0.0,0.0,0.0,0.0,nan,nan,nan,nan,nan,nan,nan,nan,0
9100693281,9100690097,0.0,0.0,0.0,0.0,nan,nan,nan,nan,nan,nan,nan,nan,0
9100701722,9100699129,0.0,0.0,0.0,0.0,nan,nan,nan,nan,nan,nan,nan,nan,0
9100712167,9100709565,0.0,0.0,0.0,0.0,nan,nan,nan,nan,nan,nan,nan,nan,0
9100722645,9100720029,0.0,0.0,0.0,0.0,nan,nan,nan,nan,nan,nan,nan,nan,0
9100733151,9100729665,0.0,0.0,0.0,0.0,nan,nan,nan,nan,nan,nan,nan,nan,0
9100742403,9100739972,0.0,0.0,0.0,0.0,nan,nan,nan,nan,nan,nan,nan,nan,0
9100751976,9100749566,0.0,0.0,0.0,0.0,nan,nan,nan,nan,nan,nan,nan,nan,0
9100762607,9100759898,0.0,0.0,0.0,0.0,nan,nan,nan,nan,nan,nan,nan,nan,0
9100772388,9100769775,0.0,0.0,0.0,0.0,nan,nan,nan,nan,nan,nan,nan,nan,0
9100781795,9100779420,0.0,0.0,0.0,0.0,nan,nan,nan,nan,nan,nan,nan,nan,0
9100792357,9100789535,0.0,0.0,0.0,0.0,nan,nan,nan,nan,nan,nan,nan,nan,0
9100803842,9100799937,0.0,0.0,0.0,0.0,nan,nan,nan,nan,nan,nan,nan,nan,0
9100812377,9100809778,0.0,0.0,0.0,0.0,nan,nan,nan,nan,nan,nan,nan,nan,0
9100822758,9100820357,0.0,0.0,0.0,0.0,nan,nan,nan,nan,nan,nan,nan,nan,0
9100832249,9100829632,0.0,0.0,0.0,0.0,nan,nan,nan,nan,nan,nan,nan,nan,0
9100842811,9100840162,0.0,0.0,0.0,0.0,nan,nan,nan,nan,nan,nan,nan,nan,0
9100852298,9100849852,0.0,0.0,0.0,0.0,nan,nan,nan,nan,nan,nan,nan,nan,0
9100862703,9100859680,0.0,0.0,0.0,0.0,nan,nan,nan,nan,nan,nan,nan,nan,0
9100874271,9100870166,0.0,0.0,0.0,0.0,nan,nan,nan,nan,nan,nan,nan,nan,0
9100881666,9100879093,0.0,0.0,0.0,0.0,nan,nan,nan,nan,nan,nan,nan,nan,0
9100892277,9100889784,0.0,0.0,0.0,0.0,nan,nan,nan,nan,nan,nan,nan,nan,0
9100902657,9100899820,0.0,0.0,0.0,0.0,nan,nan,nan,nan,nan,nan,nan,nan,0
9100913141,9100910561,0.0,0.0,0.0,0.0,nan,nan,nan,nan,nan,nan,nan,nan,0
9100922561,9100920163,0.0,0.0,0.0,0.0,nan,nan,nan,nan,nan,nan,nan,nan,0
9100934131,9100930209,0.0,0.0,0.0,0.0,nan,nan,nan,nan,nan,nan,nan,nan,0
9100943689,9100940514,0.0,0.0,0.0,0.0,nan,nan,nan,nan,nan,nan,nan,nan,0
9100952107,9100949511,0.0,0.0,0.0,0.0,nan,nan,nan,nan,nan,nan,nan,nan,0
9100962625,9100960023,0.0,0.0,0.0,0.0,nan,nan,nan,nan,nan,nan,nan,nan,0
9100973025,9100970229,0.0,0.0,0.0,0.0,nan,nan,nan,nan,nan,nan,nan,nan,0
9100982575,9100979139,0.0,0.0,0.0,0.0,nan,nan,nan,nan,nan,nan,nan,nan,0
9100993019,9100990627,0.0,0.0,0.0,0.0,nan,nan,nan,nan,nan,nan,nan,nan,0
9101002679,9101000019,0.0,0.0,0.0,0.0,nan,nan,nan,nan,nan,nan,nan,nan,0
9101013128,9101010510,0.0,0.0,0.0,0.0,nan,nan,nan,nan,nan,nan,nan,nan,0
9101022800,9101020410,0.0,0.0,0.0,0.0,nan,nan,nan,nan,nan,nan,nan,nan,0
9101032317,9101029732,0.0,0.0,0.0,0.0,nan,nan,nan,nan,nan,nan,nan,nan,0
9101042920,9101040116,0.0,0.0,0.0,0.0,nan,nan,nan,nan,nan,nan,nan,nan,0
9101053480,9101050280,0.0,0.0,0.0,0.0,nan,nan,nan,nan,nan,nan,nan,nan,0
9101063049,9101060430,0.0,0.0,0.0,0.0,nan,nan,nan,nan,nan,nan,nan,nan,0
9101072580,9101069972,0.0,0.0,0.0,0.0,nan,nan,nan,nan,nan,nan,nan,nan,0
9101082972,9101080197,0.0,9.313226e-10,9.313226e-10,0.0,nan,nan,nan,nan,nan,nan,nan,nan,0
9101092445,9101089873,0.0,0.0,0.0,0.0,nan,nan,nan,nan,nan,nan,nan,nan,0
9101102997,9101100598,0.0,0.0,0.0,0.0,nan,nan,nan,nan,nan,nan,nan,nan,0
9101113477,9101110671,0.0,9.313226e-10,9.313226e-10,0.0,nan,nan,nan,nan,nan,nan,nan,nan,0
9101123957,9101120562,0.0,0.0,0.0,0.0,nan,nan,nan,nan,nan,nan,nan,nan,0
9101132974,9101130357,0.0,0.0,0.0,0.0,nan,nan,nan,nan,nan,nan,nan,nan,0
9101142573,9101139905,0.0,0.0,0.0,0.0,nan,nan,nan,nan,nan,nan,nan,nan,0
9101152904,9101150088,0.0,0.0,0.0,0.0,nan,nan,nan,nan,nan,nan,nan,nan,0
9101163547,9101160914,0.0,0.0,0.0,0.0,nan,nan,nan,nan,nan,nan,nan,nan,0
9101172792,9101170222,0.0,0.0,0.0,0.0,nan,nan,nan,nan,nan,nan,nan,nan,0
9101184413,9101180698,0.0,0.0,0.0,0.0,nan,nan,nan,nan,nan,nan,nan,nan,0
9101194905,9101190808,0.0,0.0,0.0,0.0,nan,nan,nan,nan,nan,nan,nan,nan,0
9101202287,9101199879,0.0,0.0,0.0,0.0,nan,nan,nan,nan,nan,nan,nan,nan,0
9101212766,9101210345,0.0,0.0,0.0,0.0,nan,nan,nan,nan,nan,nan,nan,nan,0
9101223172,9101220350,0.0,0.0,0.0,0.0,nan,nan,nan,nan,nan,nan,nan,nan,0
9101233648,9101230451,0.0,0.0,0.0,0.0,nan,nan,nan,nan,nan,nan,nan,nan,0
9101243037,9101240646,0.0,0.0,0.0,0.0,nan,nan,nan,nan,nan,nan,nan,nan,0
9101253544,9101250891,0.0,0.0,0.0,0.0,nan,nan,nan,nan,nan,nan,nan,nan,0
9101262806,9101260240,0.0,0.0,0.0,0.0,nan,nan,nan,nan,nan,nan,nan,nan,0
9101272456,9101270070,0.0,0.0,0.0,0.0,nan,nan,nan,nan,nan,nan,nan,nan,0
9101282974,9101280601,0.0,0.0,0.0,0.0,nan,nan,nan,nan,nan,nan,nan,nan,0
9101293351,9101290576,0.0,0.0,0.0,0.0,nan,nan,nan,nan,nan,nan,nan,nan,0
9101303837,9101300461,0.0,0.0,0.0,0.0,nan,nan,nan,nan,nan,nan,nan,nan,0
9101313249,9101310681,0.0,9.313226e-10,9.313226e-10,0.0,nan,nan,nan,nan,nan,nan,nan,nan,0
9101322687,9101320284,0.0,0.0,0.0,0.0,nan,nan,nan,nan,nan,nan,nan,nan,0
9101333041,9101330267,0.0,0.0,0.0,0.0,nan,nan,nan,nan,nan,nan,nan,nan,0
9101342854,9101340447,0.0,0.0,0.0,0.0,nan,nan,nan,nan,nan,nan,nan,nan,0
9101353580,9101350959,0.0,0.0,0.0,0.0,nan,nan,nan,nan,nan,nan,nan,nan,0
9101363985,9101361174,0.0,0.0,0.0,0.0,nan,nan,nan,nan,nan,nan,nan,nan,0
9101374606,9101371125,0.0,0.0,0.0,0.0,nan,nan,nan,nan,nan,nan,nan,nan,0
9101383063,9101380467,0.0,0.0,0.0,0.0,nan,nan,nan,nan,nan,nan,nan,nan,0
9101393559,9101390969,0.0,0.0,0.0,0.0,nan,nan,nan,nan,nan,nan,nan,nan,0
9101403967,9101401356,0.0,0.0,0.0,0.0,nan,nan,nan,nan,nan,nan,nan,nan,0
9101413455,9101411073,0.0,0.0,0.0,0.0,nan,nan,nan,nan,nan,nan,nan,nan,0
9101422847,9101420280,0.0,9.313226e-10,9.313226e-10,0.0,nan,nan,nan,nan,nan,nan,nan,nan,0
9101434392,9101430493,0.0,0.0,0.0,0.0,nan,nan,nan,nan,nan,nan,nan,nan,0
9101445187,9101441501,0.0,0.0,0.0,0.0,nan,nan,nan,nan,nan,nan,nan,nan,0
9101452585,9101450006,0.0,0.0,0.0,0.0,nan,nan,nan,nan,nan,nan,nan,nan,0
9101463059,9101460652,0.0,0.0,0.0,0.0,nan,nan,nan,nan,nan,nan,nan,nan,0
9101473538,9101470890,0.0,0.0,0.0,0.0,nan,nan,nan,nan,nan,nan,nan,nan,0
9101484040,9101481018,0.0,0.0,0.0,0.0,nan,nan,nan,nan,nan,nan,nan,nan,0
9101493449,9101490872,0.0,9.313226e-10,9.313226e-10,0.0,nan,nan,nan,nan,nan,nan,nan,nan,0
9101503982,9101501105,9.313226e-10,0.0,0.0,9.313226e-10,nan,nan,nan,nan,nan,nan,nan,nan,0
9101515378,9101511319,0.0,0.0,0.0,0.0,nan,nan,nan,nan,nan,nan,nan,nan,0
9101522987,9101520546,0.0,0.0,0.0,0.0,nan,nan,nan,nan,nan,nan,nan,nan,0
9101533620,9101531167,0.0,0.0,0.0,0.0,nan,nan,nan,nan,nan,nan,nan,nan,0
9101544263,9101541397,0.0,0.0,0.0,0.0,nan,nan,nan,nan,nan,nan,nan,nan,0
9101554785,9101551085,0.0,0.0,0.0,0.0,nan,nan,nan,nan,nan,nan,nan,nan,0
9101563186,9101560793,0.0,0.0,0.0,0.0,nan,nan,nan,nan,nan,nan,nan,nan,0
9101573912,9101571501,0.0,0.0,0.0,0.0,nan,nan,nan,nan,nan,nan,nan,nan,0
9101583338,9101580733,0.0,0.0,0.0,0.0,nan,nan,nan,nan,nan,nan,nan,nan,0
9101593807,9101591442,0.0,9.313226e-10,9.313226e-10,0.0,nan,nan,nan,nan,nan,nan,nan,nan,0
9101603253,9101600868,0.0,0.0,0.0,0.0,nan,nan,nan,nan,nan,nan,nan,nan,0
9101614027,9101611251,0.0,9.313226e-10,9.313226e-10,0.0,nan,nan,nan,nan,nan,nan,nan,nan,0
9101624596,9101621197,0.0,0.0,0.0,0.0,nan,nan,nan,nan,nan,nan,nan,nan,0
9101632987,9101630609,0.0,0.0,0.0,0.0,nan,nan,nan,nan,nan,nan,nan,nan,0
9101643481,9101641065,0.0,0.0,0.0,0.0,nan,nan,nan,nan,nan,nan,nan,nan,0
9101654085,9101651275,0.0,0.0,0.0,0.0,nan,nan,nan,nan,nan,nan,nan,nan,0
9101663501,9101660924,0.0,0.0,0.0,0.0,nan,nan,nan,nan,nan,nan,nan,nan,0
9101674030,9101671404,0.0,0.0,0.0,0.0,nan,nan,nan,nan,nan,nan,nan,nan,0
9101685435,9101681337,0.0,0.0,0.0,0.0,nan,nan,nan,nan,nan,nan,nan,nan,0
9101694918,9101691951,0.0,0.0,0.0,0.0,nan,nan,nan,nan,nan,nan,nan,nan,0
9101703372,9101700767,0.0,0.0,0.0,0.0,nan,nan,nan,nan,nan,nan,nan,nan,0
9101713824,9101711429,0.0,0.0,0.0,0.0,nan,nan,nan,nan,nan,nan,nan,nan,0
9101724252,9101721638,0.0,0.0,0.0,0.0,nan,nan,nan,nan,nan,nan,nan,nan,0
9101734842,9101730942,0.0,0.0,0.0,0.0,nan,nan,nan,nan,nan,nan,nan,nan,0
9101743285,9101740876,0.0,0.0,0.0,0.0,nan,nan,nan,nan,nan,nan,nan,nan,0
9101753755,9101751134,0.0,0.0,0.0,0.0,nan,nan,nan,nan,nan,nan,nan,nan,0
9101765155,9101761796,0.0,0.0,0.0,0.0,nan,nan,nan,nan,nan,nan,nan,nan,0
9101773625,9101771056,0.0,0.0,0.0,0.0,nan,nan,nan,nan,nan,nan,nan,nan,0
9101784114,9101781685,0.0,0.0,0.0,0.0,nan,nan,nan,nan,nan,nan,nan,nan,0
9101794475,9101791700,0.0,9.313226e-10,9.313226e-10,0.0,nan,nan,nan,nan,nan,nan,nan,nan,0
9101804988,9101801296,0.0,0.0,0.0,0.0,nan,nan,nan,nan,nan,nan,nan,nan,0
9101813454,9101811064,0.0,0.0,0.0,0.0,nan,nan,nan,nan,nan,nan,nan,nan,0
9101824030,9101821583,0.0,0.0,0.0,0.0,nan,nan,nan,nan,nan,nan,nan,nan,0
9101834390,9101831787,0.0,0.0,0.0,0.0,nan,nan,nan,nan,nan,nan,nan,nan,0
9101843814,9101841235,0.0,0.0,0.0,0.0,nan,nan,nan,nan,nan,nan,nan,nan,0
9101854338,9101851869,0.0,0.0,0.0,0.0,nan,nan,nan,nan,nan,nan,nan,nan,0
9101864759,9101861933,0.0,0.0,0.0,0.0,nan,nan,nan,nan,nan,nan,nan,nan,0
9101875236,9101871535,0.0,0.0,0.0,0.0,nan,nan,nan,nan,nan,nan,nan,nan,0
9101883643,9101881267,0.0,0.0,0.0,0.0,nan,nan,nan,nan,nan,nan,nan,nan,0
9101894109,9101891710,0.0,0.0,0.0,0.0,nan,nan,nan,nan,nan,nan,nan,nan,0
9101904691,9101902055,0.0,9.313226e-10,9.313226e-10,0.0,nan,nan,nan,nan,nan,nan,nan,nan,0
9101914077,9101911705,0.0,9.313226e-10,9.313226e-10,0.0,nan,nan,nan,nan,nan,nan,nan,nan,0
9101923522,9101920949,0.0,0.0,0.0,0.0,nan,nan,nan,nan,nan,nan,nan,nan,0
9101935071,9101931176,0.0,0.0,0.0,0.0,nan,nan,nan,nan,nan,nan,nan,nan,0
9101945635,9101942148,0.0,0.0,0.0,0.0,nan,nan,nan,nan,nan,nan,nan,nan,0
9101954022,9101951642,0.0,9.313226e-10,9.313226e-10,0.0,nan,nan,nan,nan,nan,nan,nan,nan,0
9101964532,9101962160,0.0,0.0,0.0,0.0,nan,nan,nan,nan,nan,nan,nan,nan,0
9101973936,9101971342,0.0,0.0,0.0,0.0,nan,nan,nan,nan,nan,nan,nan,nan,0
9101984420,9101981249,0.0,0.0,0.0,0.0,nan,nan,nan,nan,nan,nan,nan,nan,0
9101994150,9101991549,0.0,0.0,0.0,0.0,nan,nan,nan,nan,nan,nan,nan,nan,0
9102004633,9102001792,0.0,0.0,0.0,0.0,nan,nan,nan,nan,nan,nan,nan,nan,0
9102016072,9102012176,0.0,0.0,0.0,0.0,nan,nan,nan,nan,nan,nan,nan,nan,0
9102023434,9102021057,0.0,0.0,0.0,0.0,nan,nan,nan,nan,nan,nan,nan,nan,0
9102033931,9102031539,0.0,0.0,0.0,0.0,nan,nan,nan,nan,nan,nan,nan,nan,0
9102044399,9102041581,0.0,0.0,0.0,0.0,nan,nan,nan,nan,nan,nan,nan,nan,0
9102054841,9102051645,0.0,0.0,0.0,0.0,nan,nan,nan,nan,nan,nan,nan,nan,0
9102064208,9102061640,0.0,0.0,0.0,0.0,nan,nan,nan,nan,nan,nan,nan,nan,0
9102074796,9102072378,0.0,9.313226e-10,9.313226e-10,0.0,nan,nan,nan,nan,nan,nan,nan,nan,0
9102084193,9102081381,0.0,0.0,0.0,0.0,nan,nan,nan,nan,nan,nan,nan,nan,0
9102093607,9102091244,0.0,0.0,0.0,0.0,nan,nan,nan,nan,nan,nan,nan,nan,0
9102104129,9102101703,0.0,0.0,0.0,0.0,nan,nan,nan,nan,nan,nan,nan,nan,0
9102114545,9102111725,0.0,0.0,0.0,0.0,nan,nan,nan,nan,nan,nan,nan,nan,0
9102125975,9102121902,0.0,0.0,0.0,0.0,nan,nan,nan,nan,nan,nan,nan,nan,0
9102134591,9102131957,0.0,0.0,0.0,0.0,nan,nan,nan,nan,nan,nan,nan,nan,0
9102143976,9102141585,9.313226e-10,0.0,0.0,9.313226e-10,nan,nan,nan,nan,nan,nan,nan,nan,0
9102154496,9102151644,0.0,0.0,0.0,0.0,nan,nan,nan,nan,nan,nan,nan,nan,0
9102165043,9102162639,0.0,0.0,0.0,0.0,nan,nan,nan,nan,nan,nan,nan,nan,0
9102174446,9102172074,0.0,0.0,0.0,0.0,nan,nan,nan,nan,nan,nan,nan,nan,0
9102186056,9102182156,0.0,0.0,0.0,0.0,nan,nan,nan,nan,nan,nan,nan,nan,0
9102196654,9102192560,0.0,0.0,0.0,0.0,nan,nan,nan,nan,nan,nan,nan,nan,0
9102203994,9102201430,0.0,9.313226e-10,9.313226e-10,0.0,nan,nan,nan,nan,nan,nan,nan,nan,0
9102214501,9102211894,0.0,0.0,0.0,0.0,nan,nan,nan,nan,nan,nan,nan,nan,0
9102224841,9102222272,0.0,0.0,0.0,0.0,nan,nan,nan,nan,nan,nan,nan,nan,0
9102235344,9102231448,0.0,0.0,0.0,0.0,nan,nan,nan,nan,nan,nan,nan,nan,0
9102244438,9102242035,0.0,0.0,0.0,0.0,nan,nan,nan,nan,nan,nan,nan,nan,0
9102254472,9102251650,0.0,0.0,0.0,0.0,nan,nan,nan,nan,nan,nan,nan,nan,0
9102265900,9102261840,0.0,0.0,0.0,0.0,nan,nan,nan,nan,nan,nan,nan,nan,0
9102273928,9102271548,0.0,9.313226e-10,9.313226e-10,0.0,nan,nan,nan,nan,nan,nan,nan,nan,0
9102284393,9102281984,0.0,0.0,0.0,0.0,nan,nan,nan,nan,nan,nan,nan,nan,0
9102294839,9102292031,0.0,0.0,0.0,0.0,nan,nan,nan,nan,nan,nan,nan,nan,0
9102305318,9102302122,0.0,0.0,0.0,0.0,nan,nan,nan,nan,nan,nan,nan,nan,0
9102314263,9102311847,0.0,9.313226e-10,9.313226e-10,0.0,nan,nan,nan,nan,nan,nan,nan,nan,0
9102324857,9102322253,0.0,0.0,0.0,0.0,nan,nan,nan,nan,nan,nan,nan,nan,0
9102335216,9102332630,0.0,0.0,0.0,0.0,nan,nan,nan,nan,nan,nan,nan,nan,0
9102344768,9102342159,0.0,0.0,0.0,0.0,nan,nan,nan,nan,nan,nan,nan,nan,0
9102354373,9102351760,0.0,0.0,0.0,0.0,nan,nan,nan,nan,nan,nan,nan,nan,0
9102364763,9102362166,0.0,0.0,0.0,0.0,nan,nan,nan,nan,nan,nan,nan,nan,0
9102375669,9102372298,0.0,0.0,0.0,0.0,nan,nan,nan,nan,nan,nan,nan,nan,0
9102385119,9102382547,0.0,9.313226e-10,9.313226e-10,0.0,nan,nan,nan,nan,nan,nan,nan,nan,0
9102394568,9102391967,0.0,0.0,0.0,0.0,nan,nan,nan,nan,nan,nan,nan,nan,0
9102404972,9102402362,0.0,0.0,0.0,0.0,nan,nan,nan,nan,nan,nan,nan,nan,0
9102414578,9102412167,0.0,0.0,0.0,0.0,nan,nan,nan,nan,nan,nan,nan,nan,0
9102425019,9102422631,0.0,0.0,0.0,0.0,nan,nan,nan,nan,nan,nan,nan,nan,0
9102436438,9102432554,9.313226e-10,0.0,0.0,9.313226e-10,nan,nan,nan,nan,nan,nan,nan,nan,0
9102446036,9102442857,0.0,0.0,0.0,0.0,nan,nan,nan,nan,nan,nan,nan,nan,0
9102454441,9102452069,0.0,0.0,0.0,0.0,nan,nan,nan,nan,nan,nan,nan,nan,0
9102464892,9102462292,0.0,9.313226e-10,9.313226e-10,0.0,nan,nan,nan,nan,nan,nan,nan,nan,0
9102475327,9102472710,0.0,9.313226e-10,9.313226e-10,0.0,nan,nan,nan,nan,nan,nan,nan,nan,0
9102484824,9102482246,0.0,0.0,0.0,0.0,nan,nan,nan,nan,nan,nan,nan,nan,0
9102494837,9102492412,0.0,0.0,0.0,0.0,nan,nan,nan,nan,nan,nan,nan,nan,0
9102505364,9102502729,0.0,0.0,0.0,0.0,nan,nan,nan,nan,nan,nan,nan,nan,0
9102517038,9102512864,0.0,0.0,0.0,0.0,nan,nan,nan,nan,nan,nan,nan,nan,0
9102524584,9102521943,0.0,9.313226e-10,9.313226e-10,0.0,nan,nan,nan,nan,nan,nan,nan,nan,0
9102535186,9102532761,9.313226e-10,0.0,0.0,9.313226e-10,nan,nan,nan,nan,nan,nan,nan,nan,0
9102545759,9102542936,0.0,0.0,0.0,0.0,nan,nan,nan,nan,nan,nan,nan,nan,0
9102555384,9102552408,0.0,0.0,0.0,0.0,nan,nan,nan,nan,nan,nan,nan,nan,0
9102564847,9102562469,0.0,0.0,0.0,0.0,nan,nan,nan,nan,nan,nan,nan,nan,0
9102575404,9102572951,0.0,0.0,0.0,0.0,nan,nan,nan,nan,nan,nan,nan,nan,0
9102584967,9102582338,0.0,0.0,0.0,0.0,nan,nan,nan,nan,nan,nan,nan,nan,0
9102594535,9102592117,0.0,9.313226e-10,9.313226e-10,0.0,nan,nan,nan,nan,nan,nan,nan,nan,0
9102605004,9102602385,0.0,0.0,0.0,0.0,nan,nan,nan,nan,nan,nan,nan,nan,0
9102615807,9102613224,0.0,0.0,0.0,0.0,nan,nan,nan,nan,nan,nan,nan,nan,0
9102624969,9102621771,9.313226e-10,0.0,0.0,9.313226e-10,nan,nan,nan,nan,nan,nan,nan,nan,0
9102635578,9102633204,0.0,0.0,0.0,0.0,nan,nan,nan,nan,nan,nan,nan,nan,0
9102645021,9102642427,0.0,0.0,0.0,0.0,nan,nan,nan,nan,nan,nan,nan,nan,0
9102655437,9102652611,0.0,0.0,0.0,0.0,nan,nan,nan,nan,nan,nan,nan,nan,0
9102665537,9102662891,0.0,0.0,0.0,0.0,nan,nan,nan,nan,nan,nan,nan,nan,0
9102675006,9102672410,0.0,0.0,0.0,0.0,nan,nan,nan,nan,nan,nan,nan,nan,0
9102686407,9102682529,0.0,0.0,0.0,0.0,nan,nan,nan,nan,nan,nan,nan,nan,0
9102697051,9102692980,0.0,0.0,0.0,0.0,nan,nan,nan,nan,nan,nan,nan,nan,0
9102704515,9102701898,0.0,9.313226e-10,9.313226e-10,0.0,nan,nan,nan,nan,nan,nan,nan,nan,0
9102714926,9102712528,0.0,9.313226e-10,9.313226e-10,0.0,nan,nan,nan,nan,nan,nan,nan,nan,0
9102725318,9102722519,0.0,0.0,0.0,0.0,nan,nan,nan,nan,nan,nan,nan,nan,0
9102735784,9102733218,0.0,0.0,0.0,0.0,nan,nan,nan,nan,nan,nan,nan,nan,0
9102745380,9102742772,0.0,9.313226e-10,9.313226e-10,0.0,nan,nan,nan,nan,nan,nan,nan,nan,0
9102755760,9102753179,0.0,0.0,0.0,0.0,nan,nan,nan,nan,nan,nan,nan,nan,0
9102767403,9102763111,0.0,0.0,0.0,0.0,nan,nan,nan,nan,nan,nan,nan,nan,0
9102774947,9102772547,0.0,0.0,0.0,0.0,nan,nan,nan,nan,nan,nan,nan,nan,0
9102785427,9102783001,0.0,0.0,0.0,0.0,nan,nan,nan,nan,nan,nan,nan,nan,0
9102795784,9102793004,0.0,0.0,0.0,0.0,nan,nan,nan,nan,nan,nan,nan,nan,0
9102806339,9102802896,0.0,0.0,0.0,0.0,nan,nan,nan,nan,nan,nan,nan,nan,0
9102815765,9102813186,0.0,0.0,0.0,0.0,nan,nan,nan,nan,nan,nan,nan,nan,0
9102825570,9102822993,0.0,0.0,0.0,0.0,nan,nan,nan,nan,nan,nan,nan,nan,0
9102837116,9102833246,0.0,9.313226e-10,9.313226e-10,0.0,nan,nan,nan,nan,nan,nan,nan,nan,0
9102845590,9102842988,0.0,0.0,0.0,0.0,nan,nan,nan,nan,nan,nan,nan,nan,0
9102855083,9102852487,0.0,0.0,0.0,0.0,nan,nan,nan,nan,nan,nan,nan,nan,0
9102865492,9102862898,0.0,0.0,0.0,0.0,nan,nan,nan,nan,nan,nan,nan,nan,0
9102877185,9102873093,0.0,0.0,0.0,0.0,nan,nan,nan,nan,nan,nan,nan,nan,0
9102885653,9102883264,0.0,0.0,0.0,0.0,nan,nan,nan,nan,nan,nan,nan,nan,0
9102895057,9102892478,0.0,9.313226e-10,9.313226e-10,0.0,nan,nan,nan,nan,nan,nan,nan,nan,0
9102905721,9102902894,0.0,0.0,0.0,0.0,nan,nan,nan,nan,nan,nan,nan,nan,0
9102915148,9102912533,0.0,0.0,0.0,0.0,nan,nan,nan,nan,nan,nan,nan,nan,0
9102925602,9102923198,0.0,9.313226e-10,9.313226e-10,0.0,nan,nan,nan,nan,nan,nan,nan,nan,0
9102937138,9102933232,0.0,0.0,0.0,0.0,nan,nan,nan,nan,nan,nan,nan,nan,0
9102946645,9102943468,0.0,0.0,0.0,0.0,nan,nan,nan,nan,nan,nan,nan,nan,0
9102956106,9102953512,0.0,0.0,0.0,0.0,nan,nan,nan,nan,nan,nan,nan,nan,0
9102965496,9102963102,0.0,0.0,0.0,0.0,nan,nan,nan,nan,nan,nan,nan,nan,0
9102975864,9102973078,9.313226e-10,0.0,0.0,9.313226e-10,nan,nan,nan,nan,nan,nan,nan,nan,0
9102986495,9102983885,0.0,9.313226e-10,9.313226e-10,0.0,nan,nan,nan,nan,nan,nan,nan,nan,0
9102995984,9102993570,0.0,0.0,0.0,0.0,nan,nan,nan,nan,nan,nan,nan,nan,0
9103006379,9103003568,0.0,0.0,0.0,0.0,nan,nan,nan,nan,nan,nan,nan,nan,0
9103017089,9103013671,0.0,9.313226e-10,9.313226e-10,0.0,nan,nan,nan,nan,nan,nan,nan,nan,0
9103025909,9103023519,0.0,0.0,0.0,0.0,nan,nan,nan,nan,nan,nan,nan,nan,0
9103036060,9103033628,0.0,0.0,0.0,0.0,nan,nan,nan,nan,nan,nan,nan,nan,0
9103045599,9103042816,0.0,0.0,0.0,0.0,nan,nan,nan,nan,nan,nan,nan,nan,0
9103056147,9103053094,0.0,0.0,0.0,0.0,nan,nan,nan,nan,nan,nan,nan,nan,0
9103065530,9103062909,0.0,0.0,0.0,0.0,nan,nan,nan,nan,nan,nan,nan,nan,0
9103075968,9103073346,0.0,0.0,0.0,0.0,nan,nan,nan,nan,nan,nan,nan,nan,0
9103087427,9103083945,0.0,0.0,0.0,0.0,nan,nan,nan,nan,nan,nan,nan,nan,0
9103095891,9103093513,0.0,0.0,0.0,0.0,nan,nan,nan,nan,nan,nan,nan,nan,0
9103106476,9103103878,9.313226e-10,0.0,0.0,9.313226e-10,nan,nan,nan,nan,nan,nan,nan,nan,0
9103115786,9103113217,0.0,0.0,0.0,0.0,nan,nan,nan,nan,nan,nan,nan,nan,0
9103127324,9103123417,0.0,0.0,0.0,0.0,nan,nan,nan,nan,nan,nan,nan,nan,0
9103135803,9103133399,0.0,0.0,0.0,0.0,nan,nan,nan,nan,nan,nan,nan,nan,0
9103146214,9103143626,0.0,9.313226e-10,9.313226e-10,0.0,nan,nan,nan,nan,nan,nan,nan,nan,0
9103156779,9103154145,0.0,0.0,0.0,0.0,nan,nan,nan,nan,nan,nan,nan,nan,0
9103166170,9103163581,0.0,0.0,0.0,0.0,nan,nan,nan,nan,nan,nan,nan,nan,0
9103175604,9103173217,0.0,9.313226e-10,9.313226e-10,0.0,nan,nan,nan,nan,nan,nan,nan,nan,0
9103187285,9103183358,0.0,9.313226e-10,9.313226e-10,0.0,nan,nan,nan,nan,nan,nan,nan,nan,0
9103197819,9103193506,0.0,0.0,0.0,0.0,nan,nan,nan,nan,nan,nan,nan,nan,0
9103206142,9103203560,0.0,0.0,0.0,0.0,nan,nan,nan,nan,nan,nan,nan,nan,0
9103215577,9103213207,0.0,0.0,0.0,0.0,nan,nan,nan,nan,nan,nan,nan,nan,0
9103225998,9103223208,0.0,0.0,0.0,0.0,nan,nan,nan,nan,nan,nan,nan,nan,0
9103236478,9103233907,0.0,9.313226e-10,9.313226e-10,0.0,nan,nan,nan,nan,nan,nan,nan,nan,0
9103245922,9103243540,0.0,0.0,0.0,0.0,nan,nan,nan,nan,nan,nan,nan,nan,0
9103256345,9103253346,0.0,0.0,0.0,0.0,nan,nan,nan,nan,nan,nan,nan,nan,0
9103267831,9103264140,0.0,0.0,0.0,0.0,nan,nan,nan,nan,nan,nan,nan,nan,0
9103276584,9103274178,0.0,0.0,0.0,0.0,nan,nan,nan,nan,nan,nan,nan,nan,0
9103286024,9103283442,0.0,9.313226e-10,9.313226e-10,0.0,nan,nan,nan,nan,nan,nan,nan,nan,0
9103296473,9103293679,0.0,0.0,0.0,0.0,nan,nan,nan,nan,nan,nan,nan,nan,0
9103306952,9103303285,0.0,0.0,0.0,0.0,nan,nan,nan,nan,nan,nan,nan,nan,0
9103316513,9103314089,0.0,0.0,0.0,0.0,nan,nan,nan,nan,nan,nan,nan,nan,0
9103326875,9103324092,0.0,0.0,0.0,0.0,nan,nan,nan,nan,nan,nan,nan,nan,0
9103337417,9103334046,0.0,0.0,0.0,0.0,nan,nan,nan,nan,nan,nan,nan,nan,0
9103345858,9103343285,0.0,9.313226e-10,9.313226e-10,0.0,nan,nan,nan,nan,nan,nan,nan,nan,0
9103356336,9103353939,0.0,0.0,0.0,0.0,nan,nan,nan,nan,nan,nan,nan,nan,0
9103366890,9103364095,0.0,0.0,0.0,0.0,nan,nan,nan,nan,nan,nan,nan,nan,0
9103377393,9103373893,0.0,0.0,0.0,0.0,nan,nan,nan,nan,nan,nan,nan,nan,0
9103385789,9103383418,0.0,0.0,0.0,0.0,nan,nan,nan,nan,nan,nan,nan,nan,0
9103396247,9103393843,0.0,0.0,0.0,0.0,nan,nan,nan,nan,nan,nan,nan,nan,0
9103406942,9103404338,0.0,0.0,0.0,0.0,nan,nan,nan,nan,nan,nan,nan,nan,0
9103416559,9103413970,0.0,0.0,0.0,0.0,nan,nan,nan,nan,nan,nan,nan,nan,0
9103425950,9103423577,0.0,0.0,0.0,0.0,nan,nan,nan,nan,nan,nan,nan,nan,0
9103437414,9103433528,0.0,0.0,0.0,0.0,nan,nan,nan,nan,nan,nan,nan,nan,0
9103447386,9103443857,0.0,0.0,0.0,0.0,nan,nan,nan,nan,nan,nan,nan,nan,0
9103455721,9103453352,0.0,0.0,0.0,0.0,nan,nan,nan,nan,nan,nan,nan,nan,0
9103466276,9103463689,0.0,9.313226e-10,9.313226e-10,0.0,nan,nan,nan,nan,nan,nan,nan,nan,0
9103476766,9103474163,0.0,0.0,0.0,0.0,nan,nan,nan,nan,nan,nan,nan,nan,0
9103486196,9103483631,0.0,0.0,0.0,0.0,nan,nan,nan,nan,nan,nan,nan,nan,0
9103496760,9103494116,0.0,0.0,0.0,0.0,nan,nan,nan,nan,nan,nan,nan,nan,0
9103507447,9103504552,0.0,0.0,0.0,0.0,nan,nan,nan,nan,nan,nan,nan,nan,0
9103518231,9103514296,0.0,0.0,0.0,0.0,nan,nan,nan,nan,nan,nan,nan,nan,0
9103525849,9103523434,0.0,0.0,0.0,0.0,nan,nan,nan,nan,nan,nan,nan,nan,0
9103536644,9103534205,0.0,0.0,0.0,0.0,nan,nan,nan,nan,nan,nan,nan,nan,0
9103547174,9103544342,0.0,9.313226e-10,9.313226e-10,0.0,nan,nan,nan,nan,nan,nan,nan,nan,0
9103556659,9103553462,0.0,0.0,0.0,0.0,nan,nan,nan,nan,nan,nan,nan,nan,0
9103567194,9103564771,0.0,0.0,0.0,0.0,nan,nan,nan,nan,nan,nan,nan,nan,0
9103577155,9103574337,0.0,0.0,0.0,0.0,nan,nan,nan,nan,nan,nan,nan,nan,0
9103587523,9103583648,0.0,0.0,0.0,0.0,nan,nan,nan,nan,nan,nan,nan,nan,0
9103595973,9103593603,0.0,0.0,0.0,0.0,nan,nan,nan,nan,nan,nan,nan,nan,0
9103606860,9103604450,0.0,0.0,0.0,0.0,nan,nan,nan,nan,nan,nan,nan,nan,0
9103617382,9103614553,0.0,0.0,0.0,0.0,nan,nan,nan,nan,nan,nan,nan,nan,0
9103627784,9103624315,0.0,9.313226e-10,9.313226e-10,0.0,nan,nan,nan,nan,nan,nan,nan,nan,0
9103636210,9103633631,0.0,0.0,0.0,0.0,nan,nan,nan,nan,nan,nan,nan,nan,0
9103646828,9103644429,0.0,0.0,0.0,0.0,nan,nan,nan,nan,nan,nan,nan,nan,0
9103657238,9103654642,0.0,0.0,0.0,0.0,nan,nan,nan,nan,nan,nan,nan,nan,0
9103666737,9103664143,0.0,0.0,0.0,0.0,nan,nan,nan,nan,nan,nan,nan,nan,0
9103676821,9103674404,9.313226e-10,0.0,0.0,9.313226e-10,nan,nan,nan,nan,nan,nan,nan,nan,0
9103688195,9103684516,0.0,0.0,0.0,0.0,nan,nan,nan,nan,nan,nan,nan,nan,0
9103697851,9103694432,0.0,0.0,0.0,0.0,nan,nan,nan,nan,nan,nan,nan,nan,0
9103706408,9103703813,0.0,0.0,0.0,0.0,nan,nan,nan,nan,nan,nan,nan,nan,0
9103716850,9103714456,0.0,0.0,0.0,0.0,nan,nan,nan,nan,nan,nan,nan,nan,0
9103727205,9103724432,0.0,0.0,0.0,0.0,nan,nan,nan,nan,nan,nan,nan,nan,0
9103736693,9103734108,0.0,0.0,0.0,0.0,nan,nan,nan,nan,nan,nan,nan,nan,0
9103746940,9103744516,0.0,0.0,0.0,0.0,nan,nan,nan,nan,nan,nan,nan,nan,0
9103757308,9103754530,0.0,0.0,0.0,0.0,nan,nan,nan,nan,nan,nan,nan,nan,0
9103767776,9103764814,0.0,0.0,0.0,0.0,nan,nan,nan,nan,nan,nan,nan,nan,0
9103776238,9103773648,0.0,0.0,0.0,0.0,nan,nan,nan,nan,nan,nan,nan,nan,0
9103786795,9103784400,0.0,0.0,0.0,0.0,nan,nan,nan,nan,nan,nan,nan,nan,0
9103797247,9103794645,0.0,0.0,0.0,0.0,nan,nan,nan,nan,nan,nan,nan,nan,0
9103807771,9103805189,0.0,0.0,0.0,0.0,nan,nan,nan,nan,nan,nan,nan,nan,0
9103817245,9103814867,0.0,0.0,0.0,0.0,nan,nan,nan,nan,nan,nan,nan,nan,0
9103827708,9103824879,0.0,0.0,0.0,0.0,nan,nan,nan,nan,nan,nan,nan,nan,0
9103838153,9103834960,0.0,9.313226e-10,9.313226e-10,0.0,nan,nan,nan,nan,nan,nan,nan,nan,0
9103846579,9103843981,0.0,0.0,0.0,0.0,nan,nan,nan,nan,nan,nan,nan,nan,0
9103857046,9103854642,0.0,0.0,0.0,0.0,nan,nan,nan,nan,nan,nan,nan,nan,0
9103867637,9103865027,0.0,0.0,0.0,0.0,nan,nan,nan,nan,nan,nan,nan,nan,0
9103878154,9103874665,0.0,0.0,0.0,0.0,nan,nan,nan,nan,nan,nan,nan,nan,0
9103887592,9103885211,0.0,0.0,0.0,0.0,nan,nan,nan,nan,nan,nan,nan,nan,0
9103897012,9103894424,0.0,0.0,0.0,0.0,nan,nan,nan,nan,nan,nan,nan,nan,0
9103907439,9103904619,0.0,0.0,0.0,0.0,nan,nan,nan,nan,nan,nan,nan,nan,0
9103916985,9103914566,0.0,9.313226e-10,9.313226e-10,0.0,nan,nan,nan,nan,nan,nan,nan,nan,0
9103927375,9103924771,0.0,0.0,0.0,0.0,nan,nan,nan,nan,nan,nan,nan,nan,0
9103938900,9103935215,0.0,0.0,0.0,0.0,nan,nan,nan,nan,nan,nan,nan,nan,0
9103946296,9103943913,0.0,9.313226e-10,9.313226e-10,0.0,nan,nan,nan,nan,nan,nan,nan,nan,0
9103956951,9103954529,0.0,0.0,0.0,0.0,nan,nan,nan,nan,nan,nan,nan,nan,0
9103967390,9103964970,0.0,0.0,0.0,0.0,nan,nan,nan,nan,nan,nan,nan,nan,0
9103977818,9103975006,0.0,0.0,0.0,0.0,nan,nan,nan,nan,nan,nan,nan,nan,0
9103987224,9103984855,0.0,0.0,0.0,0.0,nan,nan,nan,nan,nan,nan,nan,nan,0
9103997698,9103995290,0.0,0.0,0.0,0.0,nan,nan,nan,nan,nan,nan,nan,nan,0
9104008170,9104005299,0.0,0.0,0.0,0.0,nan,nan,nan,nan,nan,nan,nan,nan,0
9104018622,9104014913,0.0,0.0,0.0,0.0,nan,nan,nan,nan,nan,nan,nan,nan,0
9104026979,9104024596,0.0,0.0,0.0,0.0,nan,nan,nan,nan,nan,nan,nan,nan,0
9104037575,9104034963,0.0,0.0,0.0,0.0,nan,nan,nan,nan,nan,nan,nan,nan,0
9104047969,9104045351,0.0,0.0,0.0,0.0,nan,nan,nan,nan,nan,nan,nan,nan,0
9104057367,9104054793,0.0,0.0,0.0,0.0,nan,nan,nan,nan,nan,nan,nan,nan,0
9104067883,9104065266,0.0,0.0,0.0,0.0,nan,nan,nan,nan,nan,nan,nan,nan,0
9104078256,9104075267,0.0,0.0,0.0,0.0,nan,nan,nan,nan,nan,nan,nan,nan,0
9104088799,9104085364,0.0,0.0,0.0,0.0,nan,nan,nan,nan,nan,nan,nan,nan,0
9104097116,9104094552,0.0,9.313226e-10,9.313226e-10,0.0,nan,nan,nan,nan,nan,nan,nan,nan,0
9104107802,9104105221,0.0,0.0,0.0,0.0,nan,nan,nan,nan,nan,nan,nan,nan,0
9104118432,9104115761,0.0,0.0,0.0,0.0,nan,nan,nan,nan,nan,nan,nan,nan,0
9104128387,9104124689,0.0,0.0,0.0,0.0,nan,nan,nan,nan,nan,nan,nan,nan,0
9104137828,9104135252,0.0,0.0,0.0,0.0,nan,nan,nan,nan,nan,nan,nan,nan,0
9104147268,9104144474,0.0,0.0,0.0,0.0,nan,nan,nan,nan,nan,nan,nan,nan,0
9104158840,9104155438,0.0,0.0,0.0,0.0,nan,nan,nan,nan,nan,nan,nan,nan,0
9104167318,9104164710,0.0,0.0,0.0,0.0,nan,nan,nan,nan,nan,nan,nan,nan,0
9104177774,9104175174,0.0,0.0,0.0,0.0,nan,nan,nan,nan,nan,nan,nan,nan,0
9104189175,9104185285,0.0,0.0,0.0,0.0,nan,nan,nan,nan,nan,nan,nan,nan,0
9104198690,9104195011,0.0,0.0,0.0,0.0,nan,nan,nan,nan,nan,nan,nan,nan,0
9104207309,9104204693,0.0,0.0,0.0,0.0,nan,nan,nan,nan,nan,nan,nan,nan,0
9104217756,9104215352,0.0,9.313226e-10,9.313226e-10,0.0,nan,nan,nan,nan,nan,nan,nan,nan,0
9104228151,9104225350,0.0,0.0,0.0,0.0,nan,nan,nan,nan,nan,nan,nan,nan,0
9104237614,9104235032,0.0,0.0,0.0,0.0,nan,nan,nan,nan,nan,nan,nan,nan,0
9104248140,9104245737,0.0,0.0,0.0,0.0,nan,nan,nan,nan,nan,nan,nan,nan,0
9104258530,9104255728,0.0,0.0,0.0,0.0,nan,nan,nan,nan,nan,nan,nan,nan,0
9104269011,9104265311,0.0,0.0,0.0,0.0,nan,nan,nan,nan,nan,nan,nan,nan,0
9104277438,9104274846,0.0,0.0,0.0,0.0,nan,nan,nan,nan,nan,nan,nan,nan,0
9104287869,9104285461,0.0,9.313226e-10,9.313226e-10,0.0,nan,nan,nan,nan,nan,nan,nan,nan,0
9104298345,9104295496,0.0,0.0,0.0,0.0,nan,nan,nan,nan,nan,nan,nan,nan,0
9104307743,9104305176,0.0,0.0,0.0,0.0,nan,nan,nan,nan,nan,nan,nan,nan,0
9104318204,9104315809,0.0,9.313226e-10,9.313226e-10,0.0,nan,nan,nan,nan,nan,nan,nan,nan,0
9104328671,9104325847,0.0,0.0,0.0,0.0,nan,nan,nan,nan,nan,nan,nan,nan,0
9104339169,9104335725,0.0,0.0,0.0,0.0,nan,nan,nan,nan,nan,nan,nan,nan,0
9104347538,9104344960,0.0,9.313226e-10,9.313226e-10,0.0,nan,nan,nan,nan,nan,nan,nan,nan,0
9104358023,9104355626,0.0,0.0,0.0,0.0,nan,nan,nan,nan,nan,nan,nan,nan,0
9104368634,9104365731,0.0,0.0,0.0,0.0,nan,nan,nan,nan,nan,nan,nan,nan,0
9104378026,9104375037,0.0,0.0,0.0,0.0,nan,nan,nan,nan,nan,nan,nan,nan,0
9104387471,9104384897,0.0,0.0,0.0,0.0,nan,nan,nan,nan,nan,nan,nan,nan,0
9104398367,9104395466,0.0,0.0,0.0,0.0,nan,nan,nan,nan,nan,nan,nan,nan,0
9104409598,9104405900,9.313226e-10,0.0,0.0,9.313226e-10,nan,nan,nan,nan,nan,nan,nan,nan,0
9104417157,9104414764,0.0,0.0,0.0,0.0,nan,nan,nan,nan,nan,nan,nan,nan,0
9104427679,9104425058,0.0,0.0,0.0,0.0,nan,nan,nan,nan,nan,nan,nan,nan,0
9104439295,9104435372,9.313226e-10,0.0,0.0,9.313226e-10,nan,nan,nan,nan,nan,nan,nan,nan,0
9104449004,9104445055,0.0,0.0,0.0,0.0,nan,nan,nan,nan,nan,nan,nan,nan,0
9104457562,9104455133,0.0,0.0,0.0,0.0,nan,nan,nan,nan,nan,nan,nan,nan,0
9104467980,9104465378,0.0,0.0,0.0,0.0,nan,nan,nan,nan,nan,nan,nan,nan,0
9104478406,9104475794,9.313226e-10,0.0,0.0,9.313226e-10,nan,nan,nan,nan,nan,nan,nan,nan,0
9104487945,9104485338,0.0,0.0,0.0,0.0,nan,nan,nan,nan,nan,nan,nan,nan,0
9104498368,9104495770,0.0,0.0,0.0,0.0,nan,nan,nan,nan,nan,nan,nan,nan,0
9104508822,9104506184,0.0,0.0,0.0,0.0,nan,nan,nan,nan,nan,nan,nan,nan,0
9104519358,9104515646,0.0,0.0,0.0,0.0,nan,nan,nan,nan,nan,nan,nan,nan,0
9104527974,9104525518,0.0,0.0,0.0,0.0,nan,nan,nan,nan,nan,nan,nan,nan,0
9104538740,9104536108,0.0,9.313226e-10,9.313226e-10,0.0,nan,nan,nan,nan,nan,nan,nan,nan,0
9104548355,9104545740,0.0,0.0,0.0,0.0,nan,nan,nan,nan,nan,nan,nan,nan,0
9104557943,9104555366,0.0,0.0,0.0,0.0,nan,nan,nan,nan,nan,nan,nan,nan,0
9104568465,9104566081,0.0,0.0,0.0,0.0,nan,nan,nan,nan,nan,nan,nan,nan,0
9104578860,9104575878,0.0,0.0,0.0,0.0,nan,nan,nan,nan,nan,nan,nan,nan,0
9104589910,9104586040,0.0,0.0,0.0,0.0,nan,nan,nan,nan,nan,nan,nan,nan,0
9104598336,9104595730,0.0,0.0,0.0,0.0,nan,nan,nan,nan,nan,nan,nan,nan,0
9104607801,9104605409,0.0,0.0,0.0,0.0,nan,nan,nan,nan,nan,nan,nan,nan,0
9104618359,9104615479,0.0,0.0,0.0,0.0,nan,nan,nan,nan,nan,nan,nan,nan,0
9104629119,9104625007,0.0,9.313226e-10,9.313226e-10,0.0,nan,nan,nan,nan,nan,nan,nan,nan,0
9104638090,9104635699,0.0,9.313226e-10,9.313226e-10,0.0,nan,nan,nan,nan,nan,nan,nan,nan,0
9104649029,9104646420,0.0,0.0,0.0,0.0,nan,nan,nan,nan,nan,nan,nan,nan,0
9104659504,9104656335,0.0,0.0,0.0,0.0,nan,nan,nan,nan,nan,nan,nan,nan,0
9104667972,9104665566,0.0,0.0,0.0,0.0,nan,nan,nan,nan,nan,nan,nan,nan,0
9104678452,9104676039,0.0,0.0,0.0,0.0,nan,nan,nan,nan,nan,nan,nan,nan,0
9104689906,9104686017,0.0,0.0,0.0,0.0,nan,nan,nan,nan,nan,nan,nan,nan,0
9104698370,9104695008,0.0,0.0,0.0,0.0,nan,nan,nan,nan,nan,nan,nan,nan,0
9104708400,9104705984,0.0,0.0,0.0,0.0,nan,nan,nan,nan,nan,nan,nan,nan,0
9104718740,9104716348,0.0,0.0,0.0,0.0,nan,nan,nan,nan,nan,nan,nan,nan,0
9104729173,9104726363,0.0,0.0,0.0,0.0,nan,nan,nan,nan,nan,nan,nan,nan,0
9104738628,9104736057,0.0,0.0,0.0,0.0,nan,nan,nan,nan,nan,nan,nan,nan,0
9104748410,9104745820,0.0,0.0,0.0,0.0,nan,nan,nan,nan,nan,nan,nan,nan,0
9104758870,9104756074,0.0,0.0,0.0,0.0,nan,nan,nan,nan,nan,nan,nan,nan,0
9104769351,9104765880,0.0,0.0,0.0,0.0,nan,nan,nan,nan,nan,nan,nan,nan,0
9104778759,9104776384,0.0,0.0,0.0,0.0,nan,nan,nan,nan,nan,nan,nan,nan,0
9104788280,9104785857,0.0,0.0,0.0,0.0,nan,nan,nan,nan,nan,nan,nan,nan,0
9104798802,9104796012,0.0,0.0,0.0,0.0,nan,nan,nan,nan,nan,nan,nan,nan,0
9104808347,9104805758,0.0,0.0,0.0,0.0,nan,nan,nan,nan,nan,nan,nan,nan,0
9104819012,9104816621,0.0,0.0,0.0,0.0,nan,nan,nan,nan,nan,nan,nan,nan,0
9104829478,9104826633,0.0,0.0,0.0,0.0,nan,nan,nan,nan,nan,nan,nan,nan,0
9104839975,9104836479,0.0,0.0,0.0,0.0,nan,nan,nan,nan,nan,nan,nan,nan,0
9104848427,9104846052,0.0,0.0,0.0,0.0,nan,nan,nan,nan,nan,nan,nan,nan,0
9104859174,9104856754,0.0,0.0,0.0,0.0,nan,nan,nan,nan,nan,nan,nan,nan,0
9104868574,9104865757,0.0,0.0,0.0,0.0,nan,nan,nan,nan,nan,nan,nan,nan,0
9104879183,9104876758,0.0,0.0,0.0,0.0,nan,nan,nan,nan,nan,nan,nan,nan,0
9104888583,9104886172,0.0,0.0,0.0,0.0,nan,nan,nan,nan,nan,nan,nan,nan,0
9104898962,9104896167,0.0,0.0,0.0,0.0,nan,nan,nan,nan,nan,nan,nan,nan,0
9104910259,9104906579,0.0,0.0,0.0,0.0,nan,nan,nan,nan,nan,nan,nan,nan,0
9104918689,9104916321,0.0,0.0,0.0,0.0,nan,nan,nan,nan,nan,nan,nan,nan,0
9104929250,9104926782,0.0,0.0,0.0,0.0,nan,nan,nan,nan,nan,nan,nan,nan,0
9104939578,9104935873,0.0,0.0,0.0,0.0,nan,nan,nan,nan,nan,nan,nan,nan,0
9104950139,9104946441,0.0,0.0,0.0,0.0,nan,nan,nan,nan,nan,nan,nan,nan,0
9104958646,9104956247,0.0,9.313226e-10,9.313226e-10,0.0,nan,nan,nan,nan,nan,nan,nan,nan,0
9104968868,9104966253,0.0,0.0,0.0,0.0,nan,nan,nan,nan,nan,nan,nan,nan,0
9104979318,9104976495,0.0,0.0,0.0,0.0,nan,nan,nan,nan,nan,nan,nan,nan,0
9104988794,9104986222,0.0,0.0,0.0,0.0,nan,nan,nan,nan,nan,nan,nan,nan,0
9104999210,9104996616,0.0,0.0,0.0,0.0,nan,nan,nan,nan,nan,nan,nan,nan,0
9105009729,9105007070,0.0,9.313226e-10,9.313226e-10,0.0,nan,nan,nan,nan,nan,nan,nan,nan,0
9105020104,9105016401,0.0,0.0,0.0,0.0,nan,nan,nan,nan,nan,nan,nan,nan,0
9105028781,9105026121,0.0,0.0,0.0,0.0,nan,nan,nan,nan,nan,nan,nan,nan,0
9105039246,9105036631,0.0,0.0,0.0,0.0,nan,nan,nan,nan,nan,nan,nan,nan,0
9105049846,9105047012,0.0,0.0,0.0,0.0,nan,nan,nan,nan,nan,nan,nan,nan,0
9105058357,9105055727,0.0,9.313226e-10,9.313226e-10,0.0,nan,nan,nan,nan,nan,nan,nan,nan,0
9105068797,9105066369,0.0,9.313226e-10,9.313226e-10,0.0,nan,nan,nan,nan,nan,nan,nan,nan,0
9105079206,9105076373,0.0,0.0,0.0,0.0,nan,nan,nan,nan,nan,nan,nan,nan,0
9105090628,9105086767,0.0,0.0,0.0,0.0,nan,nan,nan,nan,nan,nan,nan,nan,0
9105099048,9105096670,9.313226e-10,0.0,0.0,9.313226e-10,nan,nan,nan,nan,nan,nan,nan,nan,0
9105108584,9105105931,0.0,0.0,0.0,0.0,nan,nan,nan,nan,nan,nan,nan,nan,0
9105119194,9105116338,0.0,9.313226e-10,9.313226e-10,0.0,nan,nan,nan,nan,nan,nan,nan,nan,0
9105129092,9105126468,0.0,0.0,0.0,0.0,nan,nan,nan,nan,nan,nan,nan,nan,0
9105139030,9105136414,0.0,0.0,0.0,0.0,nan,nan,nan,nan,nan,nan,nan,nan,0
9105149873,9105147079,0.0,0.0,0.0,0.0,nan,nan,nan,nan,nan,nan,nan,nan,0
9105161064,9105156942,0.0,0.0,0.0,0.0,nan,nan,nan,nan,nan,nan,nan,nan,0
9105168862,9105166255,0.0,0.0,0.0,0.0,nan,nan,nan,nan,nan,nan,nan,nan,0
9105178819,9105176424,0.0,9.313226e-10,9.313226e-10,0.0,nan,nan,nan,nan,nan,nan,nan,nan,0
9105190786,9105187095,0.0,0.0,0.0,0.0,nan,nan,nan,nan,nan,nan,nan,nan,0
9105198507,9105195899,0.0,0.0,0.0,0.0,nan,nan,nan,nan,nan,nan,nan,nan,0
9105209035,9105206580,0.0,9.313226e-10,9.313226e-10,0.0,nan,nan,nan,nan,nan,nan,nan,nan,0
9105219285,9105216451,0.0,0.0,0.0,0.0,nan,nan,nan,nan,nan,nan,nan,nan,0
9105230125,9105226718,0.0,0.0,0.0,0.0,nan,nan,nan,nan,nan,nan,nan,nan,0
9105239174,9105236558,0.0,0.0,0.0,0.0,nan,nan,nan,nan,nan,nan,nan,nan,0
9105249214,9105246602,0.0,0.0,0.0,0.0,nan,nan,nan,nan,nan,nan,nan,nan,0
9105259787,9105256992,0.0,0.0,0.0,0.0,nan,nan,nan,nan,nan,nan,nan,nan,0
9105270008,9105266617,0.0,0.0,0.0,0.0,nan,nan,nan,nan,nan,nan,nan,nan,0
9105279554,9105277131,0.0,0.0,0.0,0.0,nan,nan,nan,nan,nan,nan,nan,nan,0
9105289022,9105286416,0.0,0.0,0.0,0.0,nan,nan,nan,nan,nan,nan,nan,nan,0
9105299440,9105296625,0.0,0.0,0.0,0.0,nan,nan,nan,nan,nan,nan,nan,nan,0
9105308863,9105306489,0.0,9.313226e-10,9.313226e-10,0.0,nan,nan,nan,nan,nan,nan,nan,nan,0
9105319321,9105316925,0.0,0.0,0.0,0.0,nan,nan,nan,nan,nan,nan,nan,nan,0
9105329801,9105326964,0.0,0.0,0.0,0.0,nan,nan,nan,nan,nan,nan,nan,nan,0
9105340498,9105337286,0.0,0.0,0.0,0.0,nan,nan,nan,nan,nan,nan,nan,nan,0
9105348884,9105346310,0.0,0.0,0.0,0.0,nan,nan,nan,nan,nan,nan,nan,nan,0
9105359403,9105357002,0.0,0.0,0.0,0.0,nan,nan,nan,nan,nan,nan,nan,nan,0
9105369694,9105366842,0.0,9.313226e-10,9.313226e-10,0.0,nan,nan,nan,nan,nan,nan,nan,nan,0
9105379028,9105376435,0.0,0.0,0.0,0.0,nan,nan,nan,nan,nan,nan,nan,nan,0
9105389550,9105387120,0.0,0.0,0.0,0.0,nan,nan,nan,nan,nan,nan,nan,nan,0
9105399967,9105397164,0.0,0.0,0.0,0.0,nan,nan,nan,nan,nan,nan,nan,nan,0
9105411461,9105407389,0.0,0.0,0.0,0.0,nan,nan,nan,nan,nan,nan,nan,nan,0
9105418856,9105416286,0.0,0.0,0.0,0.0,nan,nan,nan,nan,nan,nan,nan,nan,0
9105429369,9105426796,0.0,0.0,0.0,0.0,nan,nan,nan,nan,nan,nan,nan,nan,0
9105440572,9105436687,0.0,0.0,0.0,0.0,nan,nan,nan,nan,nan,nan,nan,nan,0
9105450195,9105447591,0.0,0.0,0.0,0.0,nan,nan,nan,nan,nan,nan,nan,nan,0
9105459607,9105457030,0.0,0.0,0.0,0.0,nan,nan,nan,nan,nan,nan,nan,nan,0
9105470045,9105467240,0.0,9.313226e-10,9.313226e-10,0.0,nan,nan,nan,nan,nan,nan,nan,nan,0
9105481572,9105477485,0.0,0.0,0.0,0.0,nan,nan,nan,nan,nan,nan,nan,nan,0
9105489002,9105486576,0.0,0.0,0.0,0.0,nan,nan,nan,nan,nan,nan,nan,nan,0
9105499427,9105497011,0.0,0.0,0.0,0.0,nan,nan,nan,nan,nan,nan,nan,nan,0
9105509906,9105507285,0.0,0.0,0.0,0.0,nan,nan,nan,nan,nan,nan,nan,nan,0
9105520632,9105517100,0.0,0.0,0.0,0.0,nan,nan,nan,nan,nan,nan,nan,nan,0
9105529252,9105526815,0.0,0.0,0.0,0.0,nan,nan,nan,nan,nan,nan,nan,nan,0
9105540152,9105537507,0.0,0.0,0.0,0.0,nan,nan,nan,nan,nan,nan,nan,nan,0
9105550196,9105547397,0.0,0.0,0.0,0.0,nan,nan,nan,nan,nan,nan,nan,nan,0
9105559780,9105557197,0.0,0.0,0.0,0.0,nan,nan,nan,nan,nan,nan,nan,nan,0
9105569315,9105566921,0.0,0.0,0.0,0.0,nan,nan,nan,nan,nan,nan,nan,nan,0
9105579727,9105576925,0.0,0.0,0.0,0.0,nan,nan,nan,nan,nan,nan,nan,nan,0
9105591437,9105587318,0.0,0.0,0.0,0.0,nan,nan,nan,nan,nan,nan,nan,nan,0
9105599831,9105597447,0.0,0.0,0.0,0.0,nan,nan,nan,nan,nan,nan,nan,nan,0
9105609469,9105607022,0.0,0.0,0.0,0.0,nan,nan,nan,nan,nan,nan,nan,nan,0
9105620220,9105617364,0.0,0.0,0.0,0.0,nan,nan,nan,nan,nan,nan,nan,nan,0
9105629885,9105627214,0.0,0.0,0.0,0.0,nan,nan,nan,nan,nan,nan,nan,nan,0
9105640542,9105637889,9.313226e-10,0.0,0.0,9.313226e-10,nan,nan,nan,nan,nan,nan,nan,nan,0
9105649848,9105647066,0.0,0.0,0.0,0.0,nan,nan,nan,nan,nan,nan,nan,nan,0
9105661466,9105657585,0.0,0.0,0.0,0.0,nan,nan,nan,nan,nan,nan,nan,nan,0
9105669883,9105667313,0.0,0.0,0.0,0.0,nan,nan,nan,nan,nan,nan,nan,nan,0
9105679578,9105676940,0.0,0.0,0.0,0.0,nan,nan,nan,nan,nan,nan,nan,nan,0
9105691082,9105687166,0.0,0.0,0.0,0.0,nan,nan,nan,nan,nan,nan,nan,nan,0
9105700767,9105696998,0.0,0.0,0.0,0.0,nan,nan,nan,nan,nan,nan,nan,nan,0
9105710233,9105707843,0.0,0.0,0.0,0.0,nan,nan,nan,nan,nan,nan,nan,nan,0
9105719650,9105716868,0.0,9.313226e-10,9.313226e-10,0.0,nan,nan,nan,nan,nan,nan,nan,nan,0
9105731166,9105727782,0.0,0.0,0.0,0.0,nan,nan,nan,nan,nan,nan,nan,nan,0
9105740419,9105737823,0.0,0.0,0.0,0.0,nan,nan,nan,nan,nan,nan,nan,nan,0
9105749821,9105747448,0.0,0.0,0.0,0.0,nan,nan,nan,nan,nan,nan,nan,nan,0
9105760491,9105757699,0.0,0.0,0.0,0.0,nan,nan,nan,nan,nan,nan,nan,nan,0
9105770956,9105767592,0.0,0.0,0.0,0.0,nan,nan,nan,nan,nan,nan,nan,nan,0
9105780447,9105778024,0.0,9.313226e-10,9.313226e-10,0.0,nan,nan,nan,nan,nan,nan,nan,nan,0
9105790099,9105787686,0.0,0.0,0.0,0.0,nan,nan,nan,nan,nan,nan,nan,nan,0
9105800761,9105798140,0.0,0.0,0.0,0.0,nan,nan,nan,nan,nan,nan,nan,nan,0
9105809945,9105807339,0.0,0.0,0.0,0.0,nan,nan,nan,nan,nan,nan,nan,nan,0
9105819579,9105816998,0.0,0.0,0.0,0.0,nan,nan,nan,nan,nan,nan,nan,nan,0
9105829994,9105827191,0.0,0.0,0.0,0.0,nan,nan,nan,nan,nan,nan,nan,nan,0
9105840837,9105836762,0.0,0.0,0.0,0.0,nan,nan,nan,nan,nan,nan,nan,nan,0
9105849888,9105847307,0.0,9.313226e-10,9.313226e-10,0.0,nan,nan,nan,nan,nan,nan,nan,nan,0
9105860338,9105857941,0.0,0.0,0.0,0.0,nan,nan,nan,nan,nan,nan,nan,nan,0
9105870817,9105867978,0.0,9.313226e-10,9.313226e-10,0.0,nan,nan,nan,nan,nan,nan,nan,nan,0
9105880585,9105878007,0.0,0.0,0.0,0.0,nan,nan,nan,nan,nan,nan,nan,nan,0
9105890037,9105887440,0.0,0.0,0.0,0.0,nan,nan,nan,nan,nan,nan,nan,nan,0
9105900498,9105897688,0.0,0.0,0.0,0.0,nan,nan,nan,nan,nan,nan,nan,nan,0
9105911978,9105908107,0.0,0.0,0.0,0.0,nan,nan,nan,nan,nan,nan,nan,nan,0
9105920434,9105918054,0.0,0.0,0.0,0.0,nan,nan,nan,nan,nan,nan,nan,nan,0
9105929887,9105927309,0.0,0.0,0.0,0.0,nan,nan,nan,nan,nan,nan,nan,nan,0
9105941356,9105937656,0.0,0.0,0.0,0.0,nan,nan,nan,nan,nan,nan,nan,nan,0
9105950860,9105948483,0.0,0.0,0.0,0.0,nan,nan,nan,nan,nan,nan,nan,nan,0
9105960402,9105957811,0.0,0.0,0.0,0.0,nan,nan,nan,nan,nan,nan,nan,nan,0
9105970914,9105968338,0.0,0.0,0.0,0.0,nan,nan,nan,nan,nan,nan,nan,nan,0
9105981396,9105978223,0.0,0.0,0.0,0.0,nan,nan,nan,nan,nan,nan,nan,nan,0
9105989788,9105987209,0.0,9.313226e-10,9.313226e-10,0.0,nan,nan,nan,nan,nan,nan,nan,nan,0
9106000043,9105997565,0.0,0.0,0.0,0.0,nan,nan,nan,nan,nan,nan,nan,nan,0
9106010666,9106007783,0.0,0.0,0.0,0.0,nan,nan,nan,nan,nan,nan,nan,nan,0
9106021115,9106017902,0.0,0.0,0.0,0.0,nan,nan,nan,nan,nan,nan,nan,nan,0
9106030492,9106028113,0.0,0.0,0.0,0.0,nan,nan,nan,nan,nan,nan,nan,nan,0
9106041101,9106038473,0.0,0.0,0.0,0.0,nan,nan,nan,nan,nan,nan,nan,nan,0
9106051582,9106048411,0.0,9.313226e-10,9.313226e-10,0.0,nan,nan,nan,nan,nan,nan,nan,nan,0
9106059969,9106057411,0.0,0.0,0.0,0.0,nan,nan,nan,nan,nan,nan,nan,nan,0
9106070536,9106068140,0.0,0.0,0.0,0.0,nan,nan,nan,nan,nan,nan,nan,nan,0
9106080965,9106078355,0.0,0.0,0.0,0.0,nan,nan,nan,nan,nan,nan,nan,nan,0
9106091464,9106087949,0.0,0.0,0.0,0.0,nan,nan,nan,nan,nan,nan,nan,nan,0
9106100851,9106098480,0.0,0.0,0.0,0.0,nan,nan,nan,nan,nan,nan,nan,nan,0
9106110304,9106107918,0.0,0.0,0.0,0.0,nan,nan,nan,nan,nan,nan,nan,nan,0
9106120930,9106118054,0.0,0.0,0.0,0.0,nan,nan,nan,nan,nan,nan,nan,nan,0
9106130407,9106127830,0.0,0.0,0.0,0.0,nan,nan,nan,nan,nan,nan,nan,nan,0
9106140954,9106138348,0.0,0.0,0.0,0.0,nan,nan,nan,nan,nan,nan,nan,nan,0
9106151340,9106148539,0.0,0.0,0.0,0.0,nan,nan,nan,nan,nan,nan,nan,nan,0
9106161797,9106158339,0.0,0.0,0.0,0.0,nan,nan,nan,nan,nan,nan,nan,nan,0
9106170265,9106167879,0.0,0.0,0.0,0.0,nan,nan,nan,nan,nan,nan,nan,nan,0
9106180757,9106178123,0.0,0.0,0.0,0.0,nan,nan,nan,nan,nan,nan,nan,nan,0
9106192153,9106188214,0.0,0.0,0.0,0.0,nan,nan,nan,nan,nan,nan,nan,nan,0
9106201610,9106198145,0.0,0.0,0.0,0.0,nan,nan,nan,nan,nan,nan,nan,nan,0
9106210393,9106207934,0.0,0.0,0.0,0.0,nan,nan,nan,nan,nan,nan,nan,nan,0
9106220764,9106218164,0.0,0.0,0.0,0.0,nan,nan,nan,nan,nan,nan,nan,nan,0
9106232181,9106228710,0.0,0.0,0.0,0.0,nan,nan,nan,nan,nan,nan,nan,nan,0
9106240616,9106238029,0.0,0.0,0.0,0.0,nan,nan,nan,nan,nan,nan,nan,nan,0
9106251014,9106248640,0.0,0.0,0.0,0.0,nan,nan,nan,nan,nan,nan,nan,nan,0
9106261640,9106259049,0.0,0.0,0.0,0.0,nan,nan,nan,nan,nan,nan,nan,nan,0
9106272095,9106268168,0.0,0.0,0.0,0.0,nan,nan,nan,nan,nan,nan,nan,nan,0
9106280447,9106278057,0.0,9.313226e-10,9.313226e-10,0.0,nan,nan,nan,nan,nan,nan,nan,nan,0
9106291054,9106288200,0.0,0.0,0.0,0.0,nan,nan,nan,nan,nan,nan,nan,nan,0
9106302494,9106298785,0.0,9.313226e-10,9.313226e-10,0.0,nan,nan,nan,nan,nan,nan,nan,nan,0
9106310874,9106308305,0.0,0.0,0.0,0.0,nan,nan,nan,nan,nan,nan,nan,nan,0
9106321397,9106319022,0.0,0.0,0.0,0.0,nan,nan,nan,nan,nan,nan,nan,nan,0
9106330767,9106327983,0.0,0.0,0.0,0.0,nan,nan,nan,nan,nan,nan,nan,nan,0
9106342269,9106338382,0.0,0.0,0.0,0.0,nan,nan,nan,nan,nan,nan,nan,nan,0
9106350671,9106348101,0.0,0.0,0.0,0.0,nan,nan,nan,nan,nan,nan,nan,nan,0
9106361110,9106358713,0.0,9.313226e-10,9.313226e-10,0.0,nan,nan,nan,nan,nan,nan,nan,nan,0
9106371652,9106368817,0.0,0.0,0.0,0.0,nan,nan,nan,nan,nan,nan,nan,nan,0
9106381263,9106378682,0.0,9.313226e-10,9.313226e-10,0.0,nan,nan,nan,nan,nan,nan,nan,nan,0
9106390681,9106388308,0.0,0.0,0.0,0.0,nan,nan,nan,nan,nan,nan,nan,nan,0
9106401765,9106398877,0.0,9.313226e-10,9.313226e-10,0.0,nan,nan,nan,nan,nan,nan,nan,nan,0
9106413294,9106408733,0.0,0.0,0.0,0.0,nan,nan,nan,nan,nan,nan,nan,nan,0
9106420828,9106418246,0.0,0.0,0.0,0.0,nan,nan,nan,nan,nan,nan,nan,nan,0
9106431389,9106428741,0.0,0.0,0.0,0.0,nan,nan,nan,nan,nan,nan,nan,nan,0
9106442816,9106439118,0.0,9.313226e-10,9.313226e-10,0.0,nan,nan,nan,nan,nan,nan,nan,nan,0
9106452336,9106448764,0.0,0.0,0.0,0.0,nan,nan,nan,nan,nan,nan,nan,nan,0
9106460852,9106458451,0.0,0.0,0.0,0.0,nan,nan,nan,nan,nan,nan,nan,nan,0
9106471651,9106468848,0.0,0.0,0.0,0.0,nan,nan,nan,nan,nan,nan,nan,nan,0
9106482126,9106478958,0.0,0.0,0.0,0.0,nan,nan,nan,nan,nan,nan,nan,nan,0
9106490572,9106487966,0.0,0.0,0.0,0.0,nan,nan,nan,nan,nan,nan,nan,nan,0
9106501075,9106498475,0.0,0.0,0.0,0.0,nan,nan,nan,nan,nan,nan,nan,nan,0
9106511525,9106508722,0.0,9.313226e-10,9.313226e-10,0.0,nan,nan,nan,nan,nan,nan,nan,nan,0
9106522000,9106518329,0.0,0.0,0.0,0.0,nan,nan,nan,nan,nan,nan,nan,nan,0
9106531479,9106529081,0.0,9.313226e-10,9.313226e-10,0.0,nan,nan,nan,nan,nan,nan,nan,nan,0
9106541339,9106538504,0.0,0.0,0.0,0.0,nan,nan,nan,nan,nan,nan,nan,nan,0
9106552502,9106549127,0.0,0.0,0.0,0.0,nan,nan,nan,nan,nan,nan,nan,nan,0
9106560953,9106558355,0.0,0.0,0.0,0.0,nan,nan,nan,nan,nan,nan,nan,nan,0
9106571417,9106569047,0.0,0.0,0.0,0.0,nan,nan,nan,nan,nan,nan,nan,nan,0
9106581911,9106579306,0.0,0.0,0.0,0.0,nan,nan,nan,nan,nan,nan,nan,nan,0
9106592408,9106588736,0.0,0.0,0.0,0.0,nan,nan,nan,nan,nan,nan,nan,nan,0
9106601164,9106598761,0.0,0.0,0.0,0.0,nan,nan,nan,nan,nan,nan,nan,nan,0
9106611720,9106609140,0.0,0.0,0.0,0.0,nan,nan,nan,nan,nan,nan,nan,nan,0
9106622173,9106619361,0.0,0.0,0.0,0.0,nan,nan,nan,nan,nan,nan,nan,nan,0
9106632058,9106629448,0.0,0.0,0.0,0.0,nan,nan,nan,nan,nan,nan,nan,nan,0
9106641502,9106638906,0.0,9.313226e-10,9.313226e-10,0.0,nan,nan,nan,nan,nan,nan,nan,nan,0
9106651984,9106649372,0.0,0.0,0.0,0.0,nan,nan,nan,nan,nan,nan,nan,nan,0
9106662442,9106658949,0.0,0.0,0.0,0.0,nan,nan,nan,nan,nan,nan,nan,nan,0
9106671086,9106668675,0.0,0.0,0.0,0.0,nan,nan,nan,nan,nan,nan,nan,nan,0
9106681577,9106679166,0.0,0.0,0.0,0.0,nan,nan,nan,nan,nan,nan,nan,nan,0
9106692995,9106689322,0.0,0.0,0.0,0.0,nan,nan,nan,nan,nan,nan,nan,nan,0
9106701354,9106698763,0.0,0.0,0.0,0.0,nan,nan,nan,nan,nan,nan,nan,nan,0
9106711518,9106708884,0.0,9.313226e-10,9.313226e-10,0.0,nan,nan,nan,nan,nan,nan,nan,nan,0
9106721930,9106719136,0.0,0.0,0.0,0.0,nan,nan,nan,nan,nan,nan,nan,nan,0
9106732461,9106729487,0.0,0.0,0.0,0.0,nan,nan,nan,nan,nan,nan,nan,nan,0
9106741019,9106738436,0.0,0.0,0.0,0.0,nan,nan,nan,nan,nan,nan,nan,nan,0
9106751559,9106749171,0.0,0.0,0.0,0.0,nan,nan,nan,nan,nan,nan,nan,nan,0
9106761967,9106759374,0.0,0.0,0.0,0.0,nan,nan,nan,nan,nan,nan,nan,nan,0
9106771753,9106769166,0.0,0.0,0.0,0.0,nan,nan,nan,nan,nan,nan,nan,nan,0
9106781549,9106779120,0.0,0.0,0.0,0.0,nan,nan,nan,nan,nan,nan,nan,nan,0
9106792065,9106789187,0.0,0.0,0.0,0.0,nan,nan,nan,nan,nan,nan,nan,nan,0
9106803545,9106799476,0.0,0.0,0.0,0.0,nan,nan,nan,nan,nan,nan,nan,nan,0
9106811177,9106808561,0.0,0.0,0.0,0.0,nan,nan,nan,nan,nan,nan,nan,nan,0
9106821578,9106819186,0.0,0.0,0.0,0.0,nan,nan,nan,nan,nan,nan,nan,nan,0
9106832287,9106829669,0.0,9.313226e-10,9.313226e-10,0.0,nan,nan,nan,nan,nan,nan,nan,nan,0
9106841784,9106838259,0.0,0.0,0.0,0.0,nan,nan,nan,nan,nan,nan,nan,nan,0
9106851683,9106849307,0.0,0.0,0.0,0.0,nan,nan,nan,nan,nan,nan,nan,nan,0
9106862490,9106860057,0.0,0.0,0.0,0.0,nan,nan,nan,nan,nan,nan,nan,nan,0
9106872568,9106869740,0.0,0.0,0.0,0.0,nan,nan,nan,nan,nan,nan,nan,nan,0
9106883068,9106879142,0.0,0.0,0.0,0.0,nan,nan,nan,nan,nan,nan,nan,nan,0
9106892186,9106889514,0.0,0.0,0.0,0.0,nan,nan,nan,nan,nan,nan,nan,nan,0
9106901948,9106899373,0.0,0.0,0.0,0.0,nan,nan,nan,nan,nan,nan,nan,nan,0
9106912894,9106909393,0.0,0.0,0.0,0.0,nan,nan,nan,nan,nan,nan,nan,nan,0
9106921296,9106918717,0.0,9.313226e-10,9.313226e-10,0.0,nan,nan,nan,nan,nan,nan,nan,nan,0
9106931790,9106929164,0.0010019988,0.0,0.0010019988,0.0,nan,nan,nan,nan,nan,nan,nan,nan,0
9106943256,9106939553,0.0019344017,0.0,0.0019343998,0.0,nan,nan,nan,nan,nan,nan,nan,nan,0
9106952773,9106949068,0.0029790998,0.0,0.0029790998,0.0,nan,nan,nan,nan,nan,nan,nan,nan,0
9106962254,9106959846,0.0040180013,0.0,0.0040179994,0.0,nan,nan,nan,nan,nan,nan,nan,nan,0
9106972773,9106969937,0.0049695005,0.0,0.0049695005,0.0,nan,nan,nan,nan,nan,nan,nan,nan,0
9106983200,9106979712,0.006047299,0.0,0.006047301,0.0,nan,nan,nan,nan,nan,nan,nan,nan,0
9106991663,9106989223,0.0070564,0.0,0.0070564,0.0,nan,nan,nan,nan,nan,nan,nan,nan,0
9107001816,9106999429,0.008033898,0.0,0.008033898,0.0,nan,nan,nan,nan,nan,nan,nan,nan,0
9107013050,9107010258,0.008984998,0.0,0.008985,0.0,nan,nan,nan,nan,nan,nan,nan,nan,0
9107021854,9107018888,0.010005601,0.0,0.010005601,0.0,nan,nan,nan,nan,nan,nan,nan,nan,0
9107032409,9107030015,0.011088498,0.0,0.0110885,0.0,nan,nan,nan,nan,nan,nan,nan,nan,0
9107042990,9107040169,0.011951499,0.0,0.011951501,0.0,nan,nan,nan,nan,nan,nan,nan,nan,0
9107053662,9107049984,0.0130642,0.0,0.013064198,0.0,nan,nan,nan,nan,nan,nan,nan,nan,0
9107062161,9107059567,0.0140796,0.0,0.0140796,0.0,nan,nan,nan,nan,nan,nan,nan,nan,0
9107071577,9107069005,0.015061099,0.0,0.015061099,0.0,nan,nan,nan,nan,nan,nan,nan,nan,0
9107082539,9107079903,0.016019396,0.0,0.016019398,0.0,nan,nan,nan,nan,nan,nan,nan,nan,0
9107093021,9107089527,0.0169632,0.0,0.016963199,0.0,nan,nan,nan,nan,nan,nan,nan,nan,0
9107102498,9107100072,0.018052997,0.0,0.018052999,0.0,nan,nan,nan,nan,nan,nan,nan,nan,0
9107112801,9107110197,0.019015402,0.0,0.018765187,0.00025021285,nan,nan,nan,nan,nan,nan,nan,nan,0
9107123279,9107120083,0.0200699,0.0,0.018765017,0.0013048835,nan,nan,nan,nan,nan,nan,nan,nan,0
9107131777,9107129177,0.021082401,0.0,0.019012116,0.0020702854,nan,nan,nan,nan,nan,nan,nan,nan,0
9107142385,9107139959,0.022071002,0.0,0.019240413,0.0028305855,nan,nan,nan,nan,nan,nan,nan,nan,0
9107152768,9107150128,0.022980398,0.0,0.01951114,0.0034692585,nan,nan,nan,nan,nan,nan,nan,nan,0
9107163464,9107159960,0.024058597,0.0,0.019766524,0.0042920765,nan,nan,nan,nan,nan,nan,nan,nan,0
9107171598,9107169232,0.025075497,0.0,0.020012882,0.0050626174,nan,nan,nan,nan,nan,nan,nan,nan,0
9107182120,9107179549,0.0260587,0.0,0.020244732,0.0058139674,nan,nan,nan,nan,nan,nan,nan,nan,0
9107193566,9107189681,0.026985899,0.0,0.0205026,0.006483298,nan,nan,nan,nan,nan,nan,nan,nan,0
9107203094,9107199211,0.028017601,0.0,0.02075569,0.0072619114,nan,nan,nan,nan,nan,nan,nan,nan,0
9107212709,9107210126,0.029030798,0.0,0.020992111,0.008038688,nan,nan,nan,nan,nan,nan,nan,nan,0
9107223104,9107220474,0.029983798,0.0,0.021264931,0.008718871,nan,nan,nan,nan,nan,nan,nan,nan,0
9107233582,9107229869,0.031075299,0.0,0.021524854,0.009550448,nan,nan,nan,nan,nan,nan,nan,nan,0
9107242011,9107239611,0.032110102,0.0,0.021760955,0.010349145,nan,nan,nan,nan,nan,nan,nan,nan,0
9107252514,9107249934,0.0330496,0.0,0.022005536,0.011044063,nan,nan,nan,nan,nan,nan,nan,nan,0
9107262923,9107260132,0.034023795,0.0,0.022264801,0.011758998,nan,nan,nan,nan,nan,nan,nan,nan,0
9107272408,9107270043,0.0350561,0.0,0.022520937,0.012535162,nan,nan,nan,nan,nan,nan,nan,nan,0
9107281865,9107279292,0.036075898,0.0,0.022769202,0.013306696,nan,nan,nan,nan,nan,nan,nan,nan,0
9107292380,9107289571,0.037066996,0.0,0.022999287,0.014067709,nan,nan,nan,nan,nan,nan,nan,nan,0
9107304080,9107299976,0.037991896,0.0,0.023253728,0.014738168,nan,nan,nan,nan,nan,nan,nan,nan,0
9107312271,9107309646,0.0390198,0.0,0.023513164,0.015506633,nan,nan,nan,nan,nan,nan,nan,nan,0
9107322695,9107320097,0.040060297,0.0,0.023754874,0.016305422,nan,nan,nan,nan,nan,nan,nan,nan,0
9107333133,9107330335,0.041027293,0.0,0.024017304,0.017009994,nan,nan,nan,nan,nan,nan,nan,nan,0
9107342755,9107339532,0.0420724,0.0,0.02427448,0.017797917,nan,nan,nan,nan,nan,nan,nan,nan,0
9107352491,9107349905,0.043096192,0.0,0.024505522,0.018590674,nan,nan,nan,nan,nan,nan,nan,nan,0
9107362924,9107360125,0.04401589,0.0,0.024764817,0.019251078,nan,nan,nan,nan,nan,nan,nan,nan,0
9107374402,9107370540,0.0450532,0.0,0.02502026,0.020032933,nan,nan,nan,nan,nan,nan,nan,nan,0
9107381835,9107379250,0.046075195,0.0,0.025279839,0.020795356,nan,nan,nan,nan,nan,nan,nan,nan,0
9107392441,9107389856,0.047116697,0.0,0.02549674,0.021619957,nan,nan,nan,nan,nan,nan,nan,nan,0
9107402948,9107400132,0.0479877,0.0,0.025761975,0.02222572,nan,nan,nan,nan,nan,nan,nan,nan,0
9107413467,9107409984,0.049048297,0.0,0.026018864,0.023029435,nan,nan,nan,nan,nan,nan,nan,nan,0
9107422870,9107420303,0.050075896,0.0,0.026264511,0.023811385,nan,nan,nan,nan,nan,nan,nan,nan,0
9107432271,9107429871,0.0510611,0.0,0.026523596,0.024537502,nan,nan,nan,nan,nan,nan,nan,nan,0
9107443743,9107439851,0.052093,0.0,0.026763909,0.02532909,nan,nan,nan,nan,nan,nan,nan,nan,0
9107453229,9107450863,0.053049795,0.0,0.027014665,0.026035132,nan,nan,nan,nan,nan,nan,nan,nan,0
9107462961,9107460378,0.0540478,0.0,0.027291063,0.026756737,nan,nan,nan,nan,nan,nan,nan,nan,0
9107472838,9107470229,0.055149,0.0,0.027530042,0.027618958,nan,nan,nan,nan,nan,nan,nan,nan,0
9107483418,9107480040,0.056100503,0.0,0.027777446,0.028323052,nan,nan,nan,nan,nan,nan,nan,nan,0
9107491832,9107489254,0.057085603,0.0,0.028023934,0.029061666,nan,nan,nan,nan,nan,nan,nan,nan,0
9107502335,9107499905,0.058066696,0.0,0.028254295,0.029812405,nan,nan,nan,nan,nan,nan,nan,nan,0
9107512900,9107510235,0.058988094,0.0,0.028520634,0.030467464,nan,nan,nan,nan,nan,nan,nan,nan,0
9107522548,9107520090,0.060053196,0.0,0.028780185,0.031273015,nan,nan,nan,nan,nan,nan,nan,nan,0
9107533167,9107530719,0.061086196,0.0,0.029027171,0.03205903,nan,nan,nan,nan,nan,nan,nan,nan,0
9107542836,9107539989,0.0620717,0.0,0.029292973,0.03277873,nan,nan,nan,nan,nan,nan,nan,nan,0
9107554461,9107550548,0.063134596,0.0,0.029525928,0.033608668,nan,nan,nan,nan,nan,nan,nan,nan,0
9107562917,9107560539,0.0640616,0.0,0.029790618,0.03427098,nan,nan,nan,nan,nan,nan,nan,nan,0
9107573406,9107570807,0.06511751,0.0,0.030040512,0.035076987,nan,nan,nan,nan,nan,nan,nan,nan,0
9107582793,9107580217,0.06611661,0.0,0.030297298,0.035819303,nan,nan,nan,nan,nan,nan,nan,nan,0
9107593297,9107589809,0.0671434,0.0,0.030531453,0.03661195,nan,nan,nan,nan,nan,nan,nan,nan,0
9107602718,9107600323,0.068084404,0.0,0.03077,0.037314404,nan,nan,nan,nan,nan,nan,nan,nan,0
9107613156,9107610348,0.06904361,0.0,0.03103293,0.03801068,nan,nan,nan,nan,nan,nan,nan,nan,0
9107623991,9107619931,0.07009502,0.0,0.031284828,0.038810182,nan,nan,nan,nan,nan,nan,nan,nan,0
9107632103,9107629700,0.070991874,0.0,0.031631358,0.039571784,nan,nan,nan,nan,nan,nan,nan,nan,0
9107642949,9107640355,0.071749404,0.0,0.032077353,0.04028486,nan,nan,nan,nan,nan,nan,nan,nan,0
9107653304,9107650727,0.07264017,6.25176e-05,0.032429934,0.040932782,nan,nan,nan,nan,nan,nan,nan,nan,0
9107662777,9107659603,0.07357677,0.00019097535,0.032817006,0.041611664,nan,nan,nan,nan,nan,nan,nan,nan,0
9107673337,9107670734,0.07444002,0.00036424375,0.033212878,0.04225368,nan,nan,nan,nan,nan,nan,nan,nan,0
9107682693,9107680090,0.075316094,0.00037506648,0.03350277,0.0428521,nan,nan,nan,nan,nan,nan,nan,nan,0
9107694073,9107690399,0.076235764,0.0005676297,0.03393008,0.043538757,nan,nan,nan,nan,nan,nan,nan,nan,0
9107702591,9107699979,0.077103764,0.00063432776,0.03425536,0.044149976,nan,nan,nan,nan,nan,nan,nan,nan,0
9107713025,9107710436,0.07799049,0.00077744515,0.034639496,0.04479779,nan,nan,nan,nan,nan,nan,nan,nan,0
9107723582,9107720936,0.07887514,0.0008496665,0.03497417,0.045422252,nan,nan,nan,nan,nan,nan,nan,nan,0
9107734020,9107730616,0.07980464,0.0009647438,0.035354182,0.046089068,nan,nan,nan,nan,nan,nan,nan,nan,0
9107743457,9107740866,0.08070483,0.0011133184,0.03574659,0.046747893,nan,nan,nan,nan,nan,nan,nan,nan,0
9107752855,9107750272,0.08158456,0.0012004059,0.036090013,0.047373656,nan,nan,nan,nan,nan,nan,nan,nan,0
9107763260,9107760672,0.082459964,0.0013486642,0.036473643,0.048016366,nan,nan,nan,nan,nan,nan,nan,nan,0
9107772698,9107770120,0.083334,0.0014139651,0.036800336,0.048631538,nan,nan,nan,nan,nan,nan,nan,nan,0
9107783168,9107780743,0.08421964,0.0015668655,0.037192035,0.04928128,nan,nan,nan,nan,nan,nan,nan,nan,0
9107793613,9107790790,0.08510316,0.0016267372,0.037520103,0.04989942,nan,nan,nan,nan,nan,nan,nan,nan,0
9107805380,9107801272,0.08602304,0.0017676634,0.037914906,0.050568406,nan,nan,nan,nan,nan,nan,nan,nan,0
9107812787,9107810206,0.08693216,0.0018619247,0.038272545,0.05121679,nan,nan,nan,nan,nan,nan,nan,nan,0
9107823232,9107820837,0.08780263,0.0020380826,0.038673706,0.05186539,nan,nan,nan,nan,nan,nan,nan,nan,0
9107833630,9107830840,0.08866167,0.0020709513,0.038973846,0.05246015,nan,nan,nan,nan,nan,nan,nan,nan,0
9107843182,9107840518,0.08958234,0.002211912,0.039368756,0.053129815,nan,nan,nan,nan,nan,nan,nan,nan,0
9107853569,9107850957,0.09045826,0.0023346986,0.03973615,0.053764313,nan,nan,nan,nan,nan,nan,nan,nan,0
9107864275,9107861254,0.09134809,0.0024110742,0.04007397,0.05439589,nan,nan,nan,nan,nan,nan,nan,nan,0
9107874913,9107871249,0.09226957,0.0025319299,0.040453885,0.055061433,nan,nan,nan,nan,nan,nan,nan,nan,0
9107883390,9107881012,0.093171164,0.0026585036,0.04083311,0.05571344,nan,nan,nan,nan,nan,nan,nan,nan,0
9107893973,9107891342,0.094049454,0.0027780794,0.041198447,0.056349248,nan,nan,nan,nan,nan,nan,nan,nan,0
9107903273,9107900698,0.09493845,0.00286388,0.04154409,0.05698141,nan,nan,nan,nan,nan,nan,nan,nan,0
9107913902,9107910721,0.09581704,0.0030166933,0.04193359,0.057626516,nan,nan,nan,nan,nan,nan,nan,nan,0
9107923369,9107920769,0.09667263,0.0030950857,0.04226543,0.058231883,nan,nan,nan,nan,nan,nan,nan,nan,0
9107933819,9107931419,0.09756341,0.0032049078,0.042628206,0.058873102,nan,nan,nan,nan,nan,nan,nan,nan,0
9107944320,9107940378,0.098478965,0.00329269,0.042983733,0.059523836,nan,nan,nan,nan,nan,nan,nan,nan,0
9107953752,9107951154,0.09935792,0.0034770232,0.043394983,0.060179308,nan,nan,nan,nan,nan,nan,nan,nan,0
9107963149,9107960750,0.10022424,0.0035050425,0.04369349,0.06077826,nan,nan,nan,nan,nan,nan,nan,nan,0
9107973736,9107970905,0.10113526,0.00366997,0.044100076,0.06145093,nan,nan,nan,nan,nan,nan,nan,nan,0
9107984238,9107981020,0.102009065,0.003754116,0.04443984,0.062072407,nan,nan,nan,nan,nan,nan,nan,nan,0
9107993592,9107991024,0.1029088,0.0038682679,0.044809226,0.06272014,nan,nan,nan,nan,nan,nan,nan,nan,0
9108003068,9108000674,0.10380265,0.0039843186,0.04517708,0.06336538,nan,nan,nan,nan,nan,nan,nan,nan,0
9108013479,9108010883,0.10467719,0.00410852,0.045544293,0.06400022,nan,nan,nan,nan,nan,nan,nan,nan,0
9108022923,9108020348,0.105554916,0.004194247,0.045888126,0.06462293,nan,nan,nan,nan,nan,nan,nan,nan,0
9108033504,9108031090,0.10643248,0.004335839,0.046268187,0.065265514,nan,nan,nan,nan,nan,nan,nan,nan,0
9108044218,9108041396,0.107322514,0.0043906025,0.04659332,0.06588858,nan,nan,nan,nan,nan,nan,nan,nan,0
9108054896,9108051220,0.10825954,0.0045261756,0.046988256,0.066569455,nan,nan,nan,nan,nan,nan,nan,nan,0
9108063578,9108061179,0.1091561,0.0046585687,0.047368024,0.06722193,nan,nan,nan,nan,nan,nan,nan,nan,0
9108074157,9108071568,0.110032715,0.0047626523,0.04772388,0.067850195,nan,nan,nan,nan,nan,nan,nan,nan,0
9108084125,9108081491,0.11093273,0.004856904,0.048080776,0.06849082,nan,nan,nan,nan,nan,nan,nan,nan,0
9108093579,9108090952,0.11183618,0.0049907654,0.04846552,0.069146566,nan,nan,nan,nan,nan,nan,nan,nan,0
9108104068,9108101425,0.112698525,0.0051190094,0.048833277,0.06977282,nan,nan,nan,nan,nan,nan,nan,nan,0
9108114425,9108111642,0.113576986,0.005184969,0.04916414,0.070389725,nan,nan,nan,nan,nan,nan,nan,nan,0
9108124942,9108121747,0.11449599,0.0053115925,0.049549155,0.07105368,nan,nan,nan,nan,nan,nan,nan,nan,0
9108133295,9108130722,0.115398474,0.005429307,0.049921717,0.07170432,nan,nan,nan,nan,nan,nan,nan,nan,0
9108144047,9108141416,0.116251856,0.0055846744,0.050303437,0.07233484,nan,nan,nan,nan,nan,nan,nan,nan,0
9108156739,9108153900,0.11711442,0.005617601,0.050607186,0.072930604,nan,nan,nan,nan,nan,nan,nan,nan,0
9108164101,9108161485,0.11813256,0.005667563,0.050972164,0.073636316,nan,nan,nan,nan,nan,nan,nan,nan,0
9108173567,9108171190,0.11905222,0.0059946924,0.05149147,0.07436702,nan,nan,nan,nan,nan,nan,nan,nan,0
9108184307,9108181534,0.11980848,0.0059952135,0.05173756,0.07488114,nan,nan,nan,nan,nan,nan,nan,nan,0
9108194723,9108191032,0.12069505,0.0060775634,0.052080233,0.07551055,nan,nan,nan,nan,nan,nan,nan,nan,0
9108203170,9108200786,0.12158067,0.006224712,0.052466553,0.076160245,nan,nan,nan,nan,nan,nan,nan,nan,0
9108213685,9108211298,0.12243353,0.006319912,0.05280805,0.07677028,nan,nan,nan,nan,nan,nan,nan,nan,0
9108224149,9108221310,0.12332998,0.0063972045,0.053148706,0.07740669,nan,nan,nan,nan,nan,nan,nan,nan,0
9108234736,9108231364,0.124245025,0.006531682,0.0535341,0.07807417,nan,nan,nan,nan,nan,nan,nan,nan,0
9108244199,9108241780,0.1251353,0.0066408864,0.053897265,0.07871391,nan,nan,nan,nan,nan,nan,nan,nan,0
9108253570,9108251154,0.12604125,0.0067387754,0.05425837,0.07935976,nan,nan,nan,nan,nan,nan,nan,nan,0
9108263959,9108261347,0.1269248,0.006895162,0.054651998,0.080009416,nan,nan,nan,nan,nan,nan,nan,nan,0
9108273490,9108270896,0.12778802,0.006967741,0.054982353,0.08061806,nan,nan,nan,nan,nan,nan,nan,nan,0
9108283952,9108281524,0.12866807,0.0071052443,0.055360496,0.081260964,nan,nan,nan,nan,nan,nan,nan,nan,0
9108294350,9108291535,0.12955703,0.0071695345,0.055693608,0.08188441,nan,nan,nan,nan,nan,nan,nan,nan,0
9108305925,9108301652,0.13047679,0.007310897,0.05608706,0.08255541,nan,nan,nan,nan,nan,nan,nan,nan,0
9108314012,9108311612,0.13136749,0.007419656,0.056449126,0.0831961,nan,nan,nan,nan,nan,nan,nan,nan,0
9108323586,9108321013,0.13226037,0.007536906,0.056816157,0.08384234,nan,nan,nan,nan,nan,nan,nan,nan,0
9108334087,9108331514,0.1331231,0.0076684584,0.05718463,0.084471576,nan,nan,nan,nan,nan,nan,nan,nan,0
9108344601,9108342227,0.13400072,0.0077291555,0.05750989,0.08508817,nan,nan,nan,nan,nan,nan,nan,nan,0
9108354060,9108351478,0.13494253,0.007835893,0.057884943,0.08576477,nan,nan,nan,nan,nan,nan,nan,nan,0
9108364523,9108361723,0.135838,0.008010063,0.05829111,0.08643159,nan,nan,nan,nan,nan,nan,nan,nan,0
9108375992,9108371925,0.13669586,0.0080756005,0.058613304,0.08703618,nan,nan,nan,nan,nan,nan,nan,nan,0
9108383578,9108381187,0.13760443,0.0081899995,0.058984555,0.08769097,nan,nan,nan,nan,nan,nan,nan,nan,0
9108394115,9108391676,0.1384745,0.008338409,0.059368096,0.08832935,nan,nan,nan,nan,nan,nan,nan,nan,0
9108404049,9108401429,0.13934363,0.008393838,0.059688695,0.08893656,nan,nan,nan,nan,nan,nan,nan,nan,0
9108414352,9108411112,0.14024477,0.008539981,0.0600826,0.08959316,nan,nan,nan,nan,nan,nan,nan,nan,0
9108423722,9108421152,0.14110777,0.008650626,0.060439367,0.09021335,nan,nan,nan,nan,nan,nan,nan,nan,0
9108434235,9108431648,0.14198327,0.0087417,0.06078744,0.09083532,nan,nan,nan,nan,nan,nan,nan,nan,0
9108445652,9108442151,0.14289181,0.008835411,0.0611501,0.0914784,nan,nan,nan,nan,nan,nan,nan,nan,0
9108454192,9108451535,0.14382228,0.008952957,0.061534565,0.09214509,nan,nan,nan,nan,nan,nan,nan,nan,0
9108464536,9108462169,0.1447117,0.009112091,0.06192986,0.09280185,nan,nan,nan,nan,nan,nan,nan,nan,0
9108474988,9108472381,0.1455944,0.009166082,0.06225045,0.09342134,nan,nan,nan,nan,nan,nan,nan,nan,0
9108485571,9108481888,0.14652345,0.009298861,0.06263917,0.09409762,nan,nan,nan,nan,nan,nan,nan,nan,0
9108493959,9108491585,0.14740495,0.009436944,0.06301429,0.09474533,nan,nan,nan,nan,nan,nan,nan,nan,0
9108504584,9108502160,0.14825656,0.009534304,0.06335608,0.095355965,nan,nan,nan,nan,nan,nan,nan,nan,0
9108514837,9108512098,0.1491518,0.009607109,0.06369509,0.0959883,nan,nan,nan,nan,nan,nan,nan,nan,0
9108524491,9108521867,0.14992677,0.009609348,0.0639475,0.096516356,nan,nan,nan,nan,nan,nan,nan,nan,0
9108534089,9108531674,0.15030491,0.009229564,0.06381485,0.096650645,nan,nan,nan,nan,nan,nan,nan,nan,0
9108544615,9108541986,0.15068465,0.008848112,0.06368168,0.09678553,nan,nan,nan,nan,nan,nan,nan,nan,0
9108556062,9108551762,0.151084,0.008447123,0.06354161,0.0969272,nan,nan,nan,nan,nan,nan,nan,nan,0
9108564592,9108561981,0.15146512,0.00806433,0.06340696,0.09706356,nan,nan,nan,nan,nan,nan,nan,nan,0
9108574051,9108571457,0.15186176,0.0076661073,0.06326613,0.09720598,nan,nan,nan,nan,nan,nan,nan,nan,0
9108584537,9108581919,0.15222745,0.007298702,0.06313643,0.097337395,nan,nan,nan,nan,nan,nan,nan,nan,0
9108595027,9108592421,0.15262906,0.006895352,0.06299408,0.097481474,nan,nan,nan,nan,nan,nan,nan,nan,0
9108604483,9108601867,0.15303543,0.0064874254,0.06285051,0.09762659,nan,nan,nan,nan,nan,nan,nan,nan,0
9108614856,9108612074,0.15340188,0.0061193006,0.06272039,0.0977584,nan,nan,nan,nan,nan,nan,nan,nan,0
9108626368,9108622292,0.15379573,0.0057237493,0.062580615,0.097899854,nan,nan,nan,nan,nan,nan,nan,nan,0
9108633799,9108631415,0.15418892,0.005329075,0.062441066,0.098040916,nan,nan,nan,nan,nan,nan,nan,nan,0
9108644422,9108642038,0.15454331,0.0049729445,0.062314007,0.09816971,nan,nan,nan,nan,nan,nan,nan,nan,0
9108654411,9108651553,0.15495649,0.004558198,0.062165264,0.09832002,nan,nan,nan,nan,nan,nan,nan,nan,0
9108664840,9108661452,0.15532751,0.004185541,0.062033255,0.09845365,nan,nan,nan,nan,nan,nan,nan,nan,0
9108674273,9108671871,0.15571417,0.0037971674,0.061896473,0.09859216,nan,nan,nan,nan,nan,nan,nan,nan,0
9108684782,9108681930,0.15611856,0.003391117,0.06175278,0.09873751,nan,nan,nan,nan,nan,nan,nan,nan,0
9108695165,9108691450,0.15650801,0.0030000862,0.061616156,0.09887572,nan,nan,nan,nan,nan,nan,nan,nan,0
9108704636,9108702257,0.1568764,0.002629905,0.061487064,0.09900658,nan,nan,nan,nan,nan,nan,nan,nan,0
9108715151,9108712510,0.15729491,0.0022097256,0.06134008,0.099155255,nan,nan,nan,nan,nan,nan,nan,nan,0
9108724434,9108721662,0.15769283,0.0018102656,0.061198622,0.099298246,nan,nan,nan,nan,nan,nan,nan,nan,0
9108736040,9108731943,0.15804785,0.0014535309,0.06107251,0.09942605,nan,nan,nan,nan,nan,nan,nan,nan,0
9108744458,9108741873,0.15844758,0.0010521666,0.060929168,0.09957104,nan,nan,nan,nan,nan,nan,nan,nan,0
9108754974,9108752593,0.15883532,0.00066266244,0.060789887,0.09971209,nan,nan,nan,nan,nan,nan,nan,nan,0
9108765343,9108762751,0.15925445,0.00024186922,0.060638875,0.09986478,nan,nan,nan,nan,nan,nan,nan,nan,0
9108774840,9108772266,0.15980875,0.0,0.06033859,0.099852614,nan,nan,nan,nan,nan,nan,nan,nan,0
9108784271,9108781670,0.15999997,0.0,0.060385954,0.09961403,nan,nan,nan,nan,nan,nan,nan,nan,0
9108794690,9108791893,0.15999997,0.0,0.06062224,0.099377744,nan,nan,nan,nan,nan,nan,nan,nan,0
9108806200,9108802307,0.16,0.0,0.06087688,0.0991231,nan,nan,nan,nan,nan,nan,nan,nan,0
9108814739,9108812324,0.16,0.0,0.06113813,0.09886185,nan,nan,nan,nan,nan,nan,nan,nan,0
9108825241,9108822632,0.15999997,0.0,0.061389796,0.098610185,nan,nan,nan,nan,nan,nan,nan,nan,0
9108835645,9108832835,0.15999997,0.0,0.061647624,0.09835236,nan,nan,nan,nan,nan,nan,nan,nan,0
9108845110,9108842530,0.15999998,0.0,0.061902903,0.09809708,nan,nan,nan,nan,nan,nan,nan,nan,0
9108854592,9108852161,0.15999998,0.0,0.062146634,0.09785335,nan,nan,nan,nan,nan,nan,nan,nan,0
9108865002,9108862191,0.15999997,0.0,0.062388666,0.097611316,nan,nan,nan,nan,nan,nan,nan,nan,0
9108876462,9108872583,0.16,0.0,0.062388383,0.0976116,nan,nan,nan,nan,nan,nan,nan,nan,0
9108884860,9108882273,0.16,0.0,0.06238676,0.09761322,nan,nan,nan,nan,nan,nan,nan,nan,0
9108895308,9108892706,0.15999997,0.0,0.062385645,0.09761434,nan,nan,nan,nan,nan,nan,nan,nan,0
9108904901,9108902286,0.15999997,0.0,0.062384207,0.09761577,nan,nan,nan,nan,nan,nan,nan,nan,0
9108915393,9108912804,0.15999997,0.0,0.062382877,0.09761711,nan,nan,nan,nan,nan,nan,nan,nan,0
9108924811,9108922438,0.15999998,0.0,0.06238145,0.097618535,nan,nan,nan,nan,nan,nan,nan,nan,0
9108935286,9108932471,0.15999997,0.0,0.062381268,0.09761872,nan,nan,nan,nan,nan,nan,nan,nan,0
9108945708,9108942174,0.16,0.0,0.06238107,0.097618915,nan,nan,nan,nan,nan,nan,nan,nan,0
9108955170,9108952587,0.15999997,0.0,0.062379636,0.097620346,nan,nan,nan,nan,nan,nan,nan,nan,0
9108964551,9108961983,0.16,0.0,0.06238092,0.097619064,nan,nan,nan,nan,nan,nan,nan,nan,0
9108974972,9108972172,0.16,0.0,0.062381778,0.0976182,nan,nan,nan,nan,nan,nan,nan,nan,0
9108984578,9108981576,0.15999997,0.0,0.06238273,0.097617246,nan,nan,nan,nan,nan,nan,nan,nan,0
9108994958,9108992572,0.15999998,0.0,0.062383726,0.097616255,nan,nan,nan,nan,nan,nan,nan,nan,0
9109005441,9109002825,0.15999997,0.0,0.062383533,0.09761646,nan,nan,nan,nan,nan,nan,nan,nan,0
9109016920,9109013011,0.15999997,0.0,0.062383242,0.09761674,nan,nan,nan,nan,nan,nan,nan,nan,0
9109025280,9109022904,0.15999998,0.0,0.062382214,0.09761777,nan,nan,nan,nan,nan,nan,nan,nan,0
9109034773,9109032196,0.16,0.0,0.062381074,0.097618915,nan,nan,nan,nan,nan,nan,nan,nan,0
9109045577,9109042958,0.15999998,0.0,0.06237969,0.09762029,nan,nan,nan,nan,nan,nan,nan,nan,0
9109056100,9109052572,0.16,0.0,0.06237813,0.09762185,nan,nan,nan,nan,nan,nan,nan,nan,0
9109065571,9109063119,0.15999997,0.0,0.06237794,0.097622044,nan,nan,nan,nan,nan,nan,nan,nan,0
9109075004,9109072403,0.15999997,0.0,0.06237777,0.097622216,nan,nan,nan,nan,nan,nan,nan,nan,0
9109085346,9109082779,0.15999998,0.0,0.062378716,0.09762127,nan,nan,nan,nan,nan,nan,nan,nan,0
9109094827,9109092256,0.16,0.0,0.06237974,0.09762024,nan,nan,nan,nan,nan,nan,nan,nan,0
9109105268,9109102869,0.16,0.0,0.06238068,0.0976193,nan,nan,nan,nan,nan,nan,nan,nan,0
9109115777,9109112957,0.16,0.0,0.06238172,0.09761826,nan,nan,nan,nan,nan,nan,nan,nan,0
9109126234,9109123024,0.16,0.0,0.06238269,0.09761729,nan,nan,nan,nan,nan,nan,nan,nan,0
9109134583,9109132208,0.16,0.0,0.06238364,0.09761634,nan,nan,nan,nan,nan,nan,nan,nan,0
9109145081,9109142474,0.15999997,0.0,0.062384456,0.097615525,nan,nan,nan,nan,nan,nan,nan,nan,0
9109155686,9109153035,0.16,0.0,0.06238558,0.0976144,nan,nan,nan,nan,nan,nan,nan,nan,0
9109165102,9109162507,0.16,0.0,0.06238544,0.09761454,nan,nan,nan,nan,nan,nan,nan,nan,0
9109175546,9109172946,0.16,0.0,0.06238477,0.09761521,nan,nan,nan,nan,nan,nan,nan,nan,0
9109185909,9109183123,0.16,0.0,0.06238572,0.09761426,nan,nan,nan,nan,nan,nan,nan,nan,0
9109196350,9109192654,0.15999997,0.0,0.06238551,0.097614475,nan,nan,nan,nan,nan,nan,nan,nan,0
9109204771,9109202371,0.16,0.0,0.0623853,0.09761468,nan,nan,nan,nan,nan,nan,nan,nan,0
9109215409,9109212843,0.15999998,0.0,0.06238546,0.09761452,nan,nan,nan,nan,nan,nan,nan,nan,0
9109225943,9109223367,0.15999998,0.0,0.062385175,0.0976148,nan,nan,nan,nan,nan,nan,nan,nan,0
9109236543,9109232431,0.15895279,0.0,0.062386137,0.09656665,nan,nan,nan,nan,nan,nan,nan,nan,0
9109245982,9109243602,0.1579004,0.0,0.062387105,0.09551329,nan,nan,nan,nan,nan,nan,nan,nan,0
9109255375,9109252569,0.156994,0.0,0.06238795,0.09460605,nan,nan,nan,nan,nan,nan,nan,nan,0
9109266862,9109263380,0.1558769,0.0,0.06238879,0.09348811,nan,nan,nan,nan,nan,nan,nan,nan,0
9109275298,9109272713,0.15498021,0.0,0.06238988,0.092590325,nan,nan,nan,nan,nan,nan,nan,nan,0
9109285834,9109283442,0.1538991,0.0,0.062390767,0.09150834,nan,nan,nan,nan,nan,nan,nan,nan,0
9109296257,9109293433,0.15296581,0.0,0.062391866,0.09057393,nan,nan,nan,nan,nan,nan,nan,nan,0
9109306678,9109303187,0.1518929,0.0,0.062392876,0.089500025,nan,nan,nan,nan,nan,nan,nan,nan,0
9109315070,9109312681,0.1508938,0.0,0.062391892,0.088501915,nan,nan,nan,nan,nan,nan,nan,nan,0
9109325833,9109323432,0.1499184,0.0,0.062392563,0.087525845,nan,nan,nan,nan,nan,nan,nan,nan,0
9109336257,9109333647,0.148969,0.0,0.062394656,0.08657435,nan,nan,nan,nan,nan,nan,nan,nan,0
9109345741,9109343334,0.1478939,0.0,0.062394354,0.08549955,nan,nan,nan,nan,nan,nan,nan,nan,0
9109355175,9109352779,0.1468724,0.0,0.062393595,0.0844788,nan,nan,nan,nan,nan,nan,nan,nan,0
9109365573,9109362763,0.1459037,0.0,0.06239452,0.08350919,nan,nan,nan,nan,nan,nan,nan,nan,0
9109377098,9109373221,0.14495921,0.0,0.062394302,0.08256491,nan,nan,nan,nan,nan,nan,nan,nan,0
9109385542,9109383109,0.14396082,0.0,0.062392727,0.08156809,nan,nan,nan,nan,nan,nan,nan,nan,0
9109395981,9109393579,0.14291503,0.0,0.062392548,0.08052248,nan,nan,nan,nan,nan,nan,nan,nan,0
9109409093,9109406674,0.14192623,0.0,0.06239223,0.079533994,nan,nan,nan,nan,nan,nan,nan,nan,0
9109416381,9109412985,0.14192623,0.0,0.06239224,0.079533994,nan,nan,nan,nan,nan,nan,nan,nan,0
9109425909,9109423513,0.14087924,0.0,0.061254617,0.079624616,nan,nan,nan,nan,nan,nan,nan,nan,0
9109436435,9109433813,0.13956973,0.0,0.061900727,0.077669,nan,nan,nan,nan,nan,nan,nan,nan,0
9109447088,9109443198,0.13893864,0.0,0.06417161,0.07476702,nan,nan,nan,nan,nan,nan,nan,nan,0
9109455527,9109452755,0.13788584,0.0,0.06438416,0.07350168,nan,nan,nan,nan,nan,nan,nan,nan,0
9109466088,9109463476,0.13685584,0.0,0.06319013,0.07366571,nan,nan,nan,nan,nan,nan,nan,nan,0
9109476640,9109473996,0.13591734,0.0,0.06185262,0.07406472,nan,nan,nan,nan,nan,nan,nan,nan,0
9109486074,9109482683,0.13496163,0.0,0.06273974,0.0722219,nan,nan,nan,nan,nan,nan,nan,nan,0
9109495600,9109493189,0.13388954,0.0,0.06395243,0.06993711,nan,nan,nan,nan,nan,nan,nan,nan,0
9109505935,9109502999,0.13283753,0.0,0.062404633,0.0704329,nan,nan,nan,nan,nan,nan,nan,nan,0
9109517583,9109513834,0.13196884,0.0,0.060457803,0.07151104,nan,nan,nan,nan,nan,nan,nan,nan,0
9109526118,9109523695,0.13091823,0.0,0.06221817,0.06870006,nan,nan,nan,nan,nan,nan,nan,nan,0
9109535955,9109533328,0.12993723,0.0,0.062452,0.06748523,nan,nan,nan,nan,nan,nan,nan,nan,0
9109546512,9109543879,0.12885374,0.0,0.061925426,0.06692831,nan,nan,nan,nan,nan,nan,nan,nan,0
9109556938,9109553441,0.12786764,0.0,0.06318913,0.06467851,nan,nan,nan,nan,nan,nan,nan,nan,0
9109565659,9109563276,0.12690434,0.0,0.062343318,0.06456102,nan,nan,nan,nan,nan,nan,nan,nan,0
9109575826,9109573209,0.12584923,0.0,0.062407546,0.06344169,nan,nan,nan,nan,nan,nan,nan,nan,0
9109586347,9109583487,0.12489303,0.0,0.06253355,0.062359486,nan,nan,nan,nan,nan,nan,nan,nan,0
9109595806,9109593233,0.12390953,0.0,0.062314942,0.061594605,nan,nan,nan,nan,nan,nan,nan,nan,0
9109606374,9109603737,0.12291625,0.0,0.061921965,0.06099428,nan,nan,nan,nan,nan,nan,nan,nan,0
9109616827,9109614182,0.12188844,0.0,0.062133364,0.05975508,nan,nan,nan,nan,nan,nan,nan,nan,0
9109627256,9109623570,0.12091383,0.0,0.06302114,0.057892706,nan,nan,nan,nan,nan,nan,nan,nan,0
9109635621,9109633054,0.119863436,0.0,0.062372547,0.057490896,nan,nan,nan,nan,nan,nan,nan,nan,0
9109646113,9109643734,0.11881894,0.0,0.06352486,0.055294093,nan,nan,nan,nan,nan,nan,nan,nan,0
9109656863,9109654251,0.11788013,0.0,0.06413171,0.053748444,nan,nan,nan,nan,nan,nan,nan,nan,0
9109666629,9109664016,0.116931744,0.0,0.06169564,0.0552361,nan,nan,nan,nan,nan,nan,nan,nan,0
9109676065,9109673456,0.11586374,0.0,0.06325869,0.052605048,nan,nan,nan,nan,nan,nan,nan,nan,0
9109686463,9109683671,0.11481205,0.0,0.06617015,0.048641887,nan,nan,nan,nan,nan,nan,nan,nan,0
9109695848,9109693266,0.11383553,0.0,0.06423825,0.049597293,nan,nan,nan,nan,nan,nan,nan,nan,0
9109706648,9109704240,0.112891525,0.0,0.062651835,0.0502397,nan,nan,nan,nan,nan,nan,nan,nan,0
9109716143,9109713536,0.11215742,0.0002873801,0.06405438,0.047240894,nan,nan,nan,nan,nan,nan,nan,nan,0
9109726575,9109723574,0.11142356,0.0005130335,0.062718585,0.047165886,nan,nan,nan,nan,nan,nan,nan,nan,0
9109736037,9109733456,0.11046848,0.0006553345,0.060185652,0.04831681,nan,nan,nan,nan,nan,nan,nan,nan,0
9109746720,9109744124,0.10952895,0.00064542337,0.062263925,0.045328755,nan,nan,nan,nan,nan,nan,nan,nan,0
9109757154,9109754347,0.10847235,0.0005926123,0.06364171,0.043052793,nan,nan,nan,nan,nan,nan,nan,nan,0
9109767622,9109764257,0.10732341,0.00043188457,0.06624309,0.039784674,nan,nan,nan,nan,nan,nan,nan,nan,0
9109776082,9109773478,0.105824724,0.0,0.07172565,0.034099076,nan,nan,nan,nan,nan,nan,nan,nan,0
9109786614,9109783980,0.10480243,0.0,0.10480243,0.0,nan,nan,nan,nan,nan,nan,nan,nan,0
9109797005,9109794180,0.103811435,0.0,0.103811435,0.0,nan,nan,nan,nan,nan,nan,nan,nan,0
9109807468,9109803790,0.10288932,0.0,0.10288932,0.0,nan,nan,nan,nan,nan,nan,nan,nan,0
9109815885,9109813508,0.10183914,0.0,0.101839125,0.0,nan,nan,nan,nan,nan,nan,nan,nan,0
9109826521,9109824101,0.100819126,0.0,0.10081914,0.0,nan,nan,nan,nan,nan,nan,nan,nan,0
9109837051,9109834425,0.09985814,0.0,0.09985813,0.0,nan,nan,nan,nan,nan,nan,nan,nan,0
9109846556,9109844149,0.09888633,0.0,0.09888635,0.0,nan,nan,nan,nan,nan,nan,nan,nan,0
9109855976,9109853366,0.09782702,0.0,0.09782703,0.0,nan,nan,nan,nan,nan,nan,nan,nan,0
9109866385,9109863777,0.09679463,0.0,0.09679463,0.0,nan,nan,nan,nan,nan,nan,nan,nan,0
9109877882,9109874024,0.10055189,0.00472966,0.08343853,0.0029243864,nan,nan,nan,nan,nan,nan,nan,nan,0
9109886340,9109883914,0.10156831,0.0066677593,0.051258333,0.03030669,nan,nan,nan,nan,nan,nan,nan,nan,0
9109896875,9109894274,0.102195784,0.008336349,0.033625707,0.04356103,nan,nan,nan,nan,nan,nan,nan,nan,0
9109906356,9109903515,0.10237311,0.00953837,0.041781023,0.03197698,nan,nan,nan,nan,nan,nan,nan,nan,0
9109917302,9109914890,0.10207361,0.010227872,0.07139,0.0,nan,nan,nan,nan,nan,nan,nan,nan,0
9109926990,9109924597,0.09080975,0.0,0.09080973,0.0,nan,nan,nan,nan,nan,nan,nan,nan,0
9109936463,9109933669,0.08988563,1.8626451e-09,0.08988564,0.0,nan,nan,nan,nan,nan,nan,nan,nan,0
9109947982,9109944310,0.08874814,0.0,0.08874814,0.0,nan,nan,nan,nan,nan,nan,nan,nan,0
9109956417,9109953834,0.087777436,0.0,0.087777436,0.0,nan,nan,nan,nan,nan,nan,nan,nan,0
9109966986,9109964591,0.08687024,0.0,0.08687024,0.0,nan,nan,nan,nan,nan,nan,nan,nan,0
9109976487,9109973714,0.08580613,0.0,0.08580613,0.0,nan,nan,nan,nan,nan,nan,nan,nan,0
9109986974,9109984606,0.08485374,0.0,0.08485374,0.0,nan,nan,nan,nan,nan,nan,nan,nan,0
9109996591,9109994144,0.08377804,0.0,0.083778046,0.0,nan,nan,nan,nan,nan,nan,nan,nan,0
9110007181,9110004336,0.082865745,0.0,0.082865745,0.0,nan,nan,nan,nan,nan,nan,nan,nan,0
9110017886,9110014704,0.081776544,0.0,0.081776544,0.0,nan,nan,nan,nan,nan,nan,nan,nan,0
9110026282,9110023704,0.080822736,0.0,0.080822736,0.0,nan,nan,nan,nan,nan,nan,nan,nan,0
9110036790,9110034418,0.079803534,0.0,0.079803534,0.0,nan,nan,nan,nan,nan,nan,nan,nan,0
9110047277,9110044641,0.07876673,1.8626451e-09,0.07876673,0.0,nan,nan,nan,nan,nan,nan,nan,nan,0
9110057745,9110053828,0.07786673,0.0,0.07786673,0.0,nan,nan,nan,nan,nan,nan,nan,nan,0
9110067174,9110064769,0.07679534,0.0,0.07679533,0.0,nan,nan,nan,nan,nan,nan,nan,nan,0
9110077659,9110074239,0.07577303,3.7252903e-09,0.075773016,0.0,nan,nan,nan,nan,nan,nan,nan,nan,0
9110086352,9110083528,0.07485433,0.0,0.07485433,0.0,nan,nan,nan,nan,nan,nan,nan,nan,0
9110096809,9110094410,0.07376023,3.7252903e-09,0.07376023,0.0,nan,nan,nan,nan,nan,nan,nan,nan,0
9110107313,9110104705,0.07281323,0.0,0.07281323,0.0,nan,nan,nan,nan,nan,nan,nan,nan,0
9110116683,9110113846,0.071884334,0.0,0.07188433,0.0,nan,nan,nan,nan,nan,nan,nan,nan,0
9110128183,9110124489,0.070796125,0.0,0.070796125,0.0,nan,nan,nan,nan,nan,nan,nan,nan,0
9110136558,9110134195,0.06976663,0.0,0.06976663,0.0,nan,nan,nan,nan,nan,nan,nan,nan,0
9110146843,9110144207,0.06885253,1.8626451e-09,0.06885253,0.0,nan,nan,nan,nan,nan,nan,nan,nan,0
9110157186,9110154570,0.06778823,0.0,0.06778823,0.0,nan,nan,nan,nan,nan,nan,nan,nan,0
9110166807,9110164169,0.06681763,0.0,0.06681763,0.0,nan,nan,nan,nan,nan,nan,nan,nan,0
9110177346,9110174962,0.06581642,0.0,0.06581643,0.0,nan,nan,nan,nan,nan,nan,nan,nan,0
9110186731,9110184158,0.06478011,0.0,0.06478011,0.0,nan,nan,nan,nan,nan,nan,nan,nan,0
9110198300,9110194412,0.06382021,0.0,0.06382021,0.0,nan,nan,nan,nan,nan,nan,nan,nan,0
9110206697,9110204320,0.06274092,0.0,0.06274092,0.0,nan,nan,nan,nan,nan,nan,nan,nan,0
9110217182,9110214582,0.06182133,0.0,0.061821327,0.0,nan,nan,nan,nan,nan,nan,nan,nan,0
9110227603,9110225013,0.060795926,0.0,0.06079593,0.0,nan,nan,nan,nan,nan,nan,nan,nan,0
9110237069,9110234695,0.059805125,0.0,0.059805125,0.0,nan,nan,nan,nan,nan,nan,nan,nan,0
9110246528,9110243926,0.058778927,0.0,0.058778927,0.0,nan,nan,nan,nan,nan,nan,nan,nan,0
9110257102,9110254295,0.057735834,0.0,0.05773582,0.0,nan,nan,nan,nan,nan,nan,nan,nan,0
9110268647,9110264746,0.056767624,0.0,0.05676762,0.0,nan,nan,nan,nan,nan,nan,nan,nan,0
9110277049,9110274668,0.05584453,0.0,0.055844523,0.0,nan,nan,nan,nan,nan,nan,nan,nan,0
9110287495,9110284908,0.054807622,0.0,0.054807626,0.0,nan,nan,nan,nan,nan,nan,nan,nan,0
9110296848,9110294078,0.053762525,0.0,0.053762533,0.0,nan,nan,nan,nan,nan,nan,nan,nan,0
9110307384,9110304020,0.05277033,0.0,0.05277033,0.0,nan,nan,nan,nan,nan,nan,nan,nan,0
9110316804,9110314441,0.051746316,0.0,0.05174633,7.450581e-09,nan,nan,nan,nan,nan,nan,nan,nan,0
9110327356,9110324706,0.05082932,0.0,0.050829325,0.0,nan,nan,nan,nan,nan,nan,nan,nan,0
9110338876,9110335163,0.04983511,0.0,0.049835104,0.0,nan,nan,nan,nan,nan,nan,nan,nan,0
9110347223,9110344644,0.04879302,0.0,0.04879302,0.0,nan,nan,nan,nan,nan,nan,nan,nan,0
9110356644,9110354263,0.047766507,0.0,0.04776652,0.0,nan,nan,nan,nan,nan,nan,nan,nan,0
9110367037,9110364447,0.046720803,0.0,0.046720833,1.4901161e-08,nan,nan,nan,nan,nan,nan,nan,nan,0
9110377575,9110373860,0.04577273,0.0,0.045772716,0.0,nan,nan,nan,nan,nan,nan,nan,nan,0
9110386972,9110384400,0.04481083,0.0,0.044810817,0.0,nan,nan,nan,nan,nan,nan,nan,nan,0
9110397551,9110395100,0.043792427,0.0,0.043792427,0.0,nan,nan,nan,nan,nan,nan,nan,nan,0
9110407066,9110404464,0.042851105,0.0,0.04285112,0.0,nan,nan,nan,nan,nan,nan,nan,nan,0
9110416802,9110414368,0.0417971,0.0,0.0417971,0.0,nan,nan,nan,nan,nan,nan,nan,nan,0
9110427771,9110425352,0.04072711,0.0,0.04072711,0.0,nan,nan,nan,nan,nan,nan,nan,nan,0
9110437129,9110434557,0.041663535,0.0,0.041663505,0.0,nan,nan,nan,nan,nan,nan,nan,nan,0
9110448824,9110444948,0.04265392,0.0,0.042653915,0.0,nan,nan,nan,nan,nan,nan,nan,nan,0
9110457231,9110454861,0.043752313,0.0,0.043752313,0.0,nan,nan,nan,nan,nan,nan,nan,nan,0
9110467738,9110465118,0.044672817,0.0,0.04467282,0.0,nan,nan,nan,nan,nan,nan,nan,nan,0
9110477130,9110474540,0.04571192,0.0,0.045711912,0.0,nan,nan,nan,nan,nan,nan,nan,nan,0
9110487638,9110485061,0.04670321,0.0,0.046703212,0.0,nan,nan,nan,nan,nan,nan,nan,nan,0
9110497072,9110494695,0.04772891,0.0,0.04772891,0.0,nan,nan,nan,nan,nan,nan,nan,nan,0
9110507705,9110504861,0.048671115,0.0,0.04867112,0.0,nan,nan,nan,nan,nan,nan,nan,nan,0
9110519401,9110515246,0.04972321,0.0,0.04972321,0.0,nan,nan,nan,nan,nan,nan,nan,nan,0
9110527069,9110524444,0.050686613,0.0,0.05068661,0.0,nan,nan,nan,nan,nan,nan,nan,nan,0
9110537837,9110535448,0.051703215,0.0,0.05170321,0.0,nan,nan,nan,nan,nan,nan,nan,nan,0
9110547480,9110544874,0.052741706,0.0,0.052741725,0.0,nan,nan,nan,nan,nan,nan,nan,nan,0
9110557481,9110555100,0.053661525,0.0,0.05366151,0.0,nan,nan,nan,nan,nan,nan,nan,nan,0
9110568091,9110565651,0.054761916,0.0,0.0547619,0.0,nan,nan,nan,nan,nan,nan,nan,nan,0
9110578510,9110575502,0.055704504,0.0,0.05570452,0.0,nan,nan,nan,nan,nan,nan,nan,nan,0
9110588885,9110584774,0.05672712,0.0,0.05672712,0.0,nan,nan,nan,nan,nan,nan,nan,nan,0
9110597587,9110595157,0.057782188,0.0,0.057782214,7.450581e-09,nan,nan,nan,nan,nan,nan,nan,nan,0
9110607062,9110604459,0.05876732,0.0,0.05876732,0.0,nan,nan,nan,nan,nan,nan,nan,nan,0
9110617453,9110614862,0.059694506,0.0,0.05969451,0.0,nan,nan,nan,nan,nan,nan,nan,nan,0
9110628186,9110624979,0.06073281,0.0,0.06073281,0.0,nan,nan,nan,nan,nan,nan,nan,nan,0
9110637600,9110635225,0.061662987,0.0,0.061663017,1.4901161e-08,nan,nan,nan,nan,nan,nan,nan,nan,0
9110648140,9110645332,0.06270331,0.0,0.06270331,0.0,nan,nan,nan,nan,nan,nan,nan,nan,0
9110658629,9110655467,0.06371501,0.0,0.06371501,0.0,nan,nan,nan,nan,nan,nan,nan,nan,0
9110667073,9110664674,0.0647396,0.0,0.064739615,0.0,nan,nan,nan,nan,nan,nan,nan,nan,0
9110677569,9110675149,0.065750316,0.0,0.065750316,0.0,nan,nan,nan,nan,nan,nan,nan,nan,0
9110688459,9110685855,0.066763796,0.0,0.06676381,7.450581e-09,nan,nan,nan,nan,nan,nan,nan,nan,0
9110698299,9110694621,0.0676845,0.0,0.0676845,0.0,nan,nan,nan,nan,nan,nan,nan,nan,0
9110707684,9110705107,0.06873199,0.0,0.06873201,7.450581e-09,nan,nan,nan,nan,nan,nan,nan,nan,0
9110718193,9110715572,0.069802605,0.0,0.069802605,0.0,nan,nan,nan,nan,nan,nan,nan,nan,0
9110727577,9110724998,0.07067922,0.0,0.07067922,0.0,nan,nan,nan,nan,nan,nan,nan,nan,0
9110738089,9110735511,0.07172782,0.0,0.07172782,0.0,nan,nan,nan,nan,nan,nan,nan,nan,0
9110747530,9110745150,0.072774306,0.0,0.072774306,0.0,nan,nan,nan,nan,nan,nan,nan,nan,0
9110757978,9110755179,0.07371691,0.0,0.07371691,0.0,nan,nan,nan,nan,nan,nan,nan,nan,0
9110769635,9110765526,0.074768215,0.0,0.0747682,0.0,nan,nan,nan,nan,nan,nan,nan,nan,0
9110778044,9110775662,0.075732104,0.0,0.07573212,7.450581e-09,nan,nan,nan,nan,nan,nan,nan,nan,0
9110787468,9110784891,0.076735005,0.0,0.076735005,0.0,nan,nan,nan,nan,nan,nan,nan,nan,0
9110797975,9110795395,0.0777697,0.0,0.07776971,0.0,nan,nan,nan,nan,nan,nan,nan,nan,0
9110808485,9110805904,0.078783296,0.0,0.07878331,7.450581e-09,nan,nan,nan,nan,nan,nan,nan,nan,0
9110817906,9110815337,0.07970621,0.0,0.07970619,0.0,nan,nan,nan,nan,nan,nan,nan,nan,0
9110828402,9110825998,0.0807566,0.0,0.0807566,0.0,nan,nan,nan,nan,nan,nan,nan,nan,0
9110839938,9110835818,0.081807494,0.0,0.081807494,0.0,nan,nan,nan,nan,nan,nan,nan,nan,0
9110847506,9110844926,0.0827508,0.0,0.0827508,0.0,nan,nan,nan,nan,nan,nan,nan,nan,0
9110858044,9110855637,0.083816916,0.0,0.0838169,0.0,nan,nan,nan,nan,nan,nan,nan,nan,0
9110868578,9110865952,0.0847989,7.450581e-09,0.08479892,0.0,nan,nan,nan,nan,nan,nan,nan,nan,0
9110877969,9110874979,0.08570972,0.0,0.08570972,0.0,nan,nan,nan,nan,nan,nan,nan,nan,0
9110888461,9110885862,0.086780824,7.450581e-09,0.08678081,0.0,nan,nan,nan,nan,nan,nan,nan,nan,0
9110897805,9110895026,0.08781232,7.450581e-09,0.08781232,0.0,nan,nan,nan,nan,nan,nan,nan,nan,0
9110909347,9110905974,0.08871502,3.7252903e-09,0.08871502,0.0,nan,nan,nan,nan,nan,nan,nan,nan,0
9110917776,9110915370,0.089803316,0.0,0.0898033,0.0,nan,nan,nan,nan,nan,nan,nan,nan,0
9110928484,9110925883,0.090719715,0.0,0.09071972,0.0,nan,nan,nan,nan,nan,nan,nan,nan,0
9110938272,9110935445,0.09181452,0.0,0.09181452,0.0,nan,nan,nan,nan,nan,nan,nan,nan,0
9110948838,9110945663,0.092754126,0.0,0.09275411,0.0,nan,nan,nan,nan,nan,nan,nan,nan,0
9110958264,9110955685,0.09380542,0.0,0.093805425,3.7252903e-09,nan,nan,nan,nan,nan,nan,nan,nan,0
9110967648,9110965072,0.09476161,0.0,0.0947616,3.7252903e-09,nan,nan,nan,nan,nan,nan,nan,nan,0
9110978187,9110975588,0.09578343,0.0,0.09578341,0.0,nan,nan,nan,nan,nan,nan,nan,nan,0
9110987626,9110985056,0.09678561,0.0,0.09678563,0.0,nan,nan,nan,nan,nan,nan,nan,nan,0
9110998109,9110995510,0.09772433,0.0,0.09772432,0.0,nan,nan,nan,nan,nan,nan,nan,nan,0
9111008650,9111005849,0.098775916,0.0,0.098775916,0.0,nan,nan,nan,nan,nan,nan,nan,nan,0
9111019198,9111015667,0.09972271,0.0,0.09972271,0.0,nan,nan,nan,nan,nan,nan,nan,nan,0
9111027727,9111025311,0.100768104,0.0,0.10076812,0.0,nan,nan,nan,nan,nan,nan,nan,nan,0
9111038196,9111035583,0.10180201,0.0,0.10180201,0.0,nan,nan,nan,nan,nan,nan,nan,nan,0
9111048645,9111046021,0.10278382,0.0,0.102783814,0.0,nan,nan,nan,nan,nan,nan,nan,nan,0
9111058033,9111055466,0.10374821,0.0,0.10374822,0.0,nan,nan,nan,nan,nan,nan,nan,nan,0
9111068574,9111066171,0.10477542,0.0,0.104775414,0.0,nan,nan,nan,nan,nan,nan,nan,nan,0
9111079070,9111076246,0.1058192,0.0,0.10581921,1.8626451e-09,nan,nan,nan,nan,nan,nan,nan,nan,0
9111089663,9111086170,0.10676372,0.0,0.106763706,0.0,nan,nan,nan,nan,nan,nan,nan,nan,0
9111098042,9111095482,0.107834205,0.0,0.107834205,0.0,nan,nan,nan,nan,nan,nan,nan,nan,0
9111108883,9111106368,0.1088417,0.0,0.1088417,9.313226e-10,nan,nan,nan,nan,nan,nan,nan,nan,0
9111118206,9111115634,0.109834105,0.0,0.109834105,0.0,nan,nan,nan,nan,nan,nan,nan,nan,0
9111128806,9111126223,0.11076531,0.0,0.11076531,0.0,nan,nan,nan,nan,nan,nan,nan,nan,0
9111138278,9111135898,0.103044406,0.0,0.11465201,0.0060114115,nan,nan,nan,nan,nan,nan,nan,nan,0
9111148801,9111145968,0.10026696,0.0031480482,0.11377135,0.008374655,nan,nan,nan,nan,nan,nan,nan,nan,0
9111160257,9111156358,0.10196891,0.0018136511,0.11179284,0.012103423,nan,nan,nan,nan,nan,nan,nan,nan,0
9111167731,9111165337,0.10098104,0.00306805,0.11217146,0.01339327,nan,nan,nan,nan,nan,nan,nan,nan,0
9111178237,9111175832,0.10303211,0.0017407103,0.12011435,0.0067406506,nan,nan,nan,nan,nan,nan,nan,nan,0
9111188586,9111185813,0.11685291,0.0,0.11685291,0.0,nan,nan,nan,nan,nan,nan,nan,nan,0
9111199274,9111195881,0.11775081,0.0,0.11775081,0.0,nan,nan,nan,nan,nan,nan,nan,nan,0
9111208781,9111206354,0.11880031,0.0,0.11880031,0.0,nan,nan,nan,nan,nan,nan,nan,nan,0
9111218151,9111215562,0.11979841,0.0,0.1197984,0.0,nan,nan,nan,nan,nan,nan,nan,nan,0
9111228579,9111225766,0.111672275,0.0,0.12537168,0.0045664646,nan,nan,nan,nan,nan,nan,nan,nan,0
9111237989,9111235422,0.1040007,0.0052309325,0.12679863,0.0076747397,nan,nan,nan,nan,nan,nan,nan,nan,0
9111248478,9111246109,0.105038755,0.005512252,0.12577522,0.009220384,nan,nan,nan,nan,nan,nan,nan,nan,0
9111258864,9111256291,0.102885254,0.00881285,0.1298415,0.0060478016,nan,nan,nan,nan,nan,nan,nan,nan,0
9111269405,9111266026,0.106367946,0.0067000254,0.13060498,0.0058456645,nan,nan,nan,nan,nan,nan,nan,nan,0
9111279017,9111276599,0.11088076,0.003449154,0.13157704,0.005749042,nan,nan,nan,nan,nan,nan,nan,nan,0
9111288447,9111285846,0.12075934,0.0,0.12705564,0.0058774278,nan,nan,nan,nan,nan,nan,nan,nan,0
9111298918,9111296315,0.111853,0.0031694341,0.13408461,0.0065323096,nan,nan,nan,nan,nan,nan,nan,nan,0
9111308365,9111305779,0.105293326,0.010507958,0.13541484,0.0065378486,nan,nan,nan,nan,nan,nan,nan,nan,0
9111318791,9111316189,0.10533839,0.011785036,0.13614082,0.0063391356,nan,nan,nan,nan,nan,nan,nan,nan,0
9111329305,9111326478,0.10939188,0.009387878,0.136883,0.0060344143,nan,nan,nan,nan,nan,nan,nan,nan,0
9111339840,9111336446,0.11348526,0.0063384883,0.1377806,0.0059856176,nan,nan,nan,nan,nan,nan,nan,nan,0
9111348352,9111345974,0.117517516,0.003171177,0.13890964,0.0060736486,nan,nan,nan,nan,nan,nan,nan,nan,0
9111358922,9111356490,0.115555376,0.0057488075,0.13656522,0.009860345,nan,nan,nan,nan,nan,nan,nan,nan,0
9111369365,9111366532,0.100390345,0.021600604,0.13649562,0.01123678,nan,nan,nan,nan,nan,nan,nan,nan,0
9111378753,9111376176,0.08657608,0.036787402,0.14203998,0.006225498,nan,nan,nan,nan,nan,nan,nan,nan,0
9111389275,9111386644,0.08465406,0.041210916,0.14236663,0.0055005467,nan,nan,nan,nan,nan,nan,nan,nan,0
9111399623,9111396649,0.081314795,0.047304347,0.14249586,0.0046255696,nan,nan,nan,nan,nan,nan,nan,nan,0
9111410112,9111406642,0.07912945,0.05153055,0.14176567,0.0052437084,nan,nan,nan,nan,nan,nan,nan,nan,0
9111418545,9111415950,0.07671935,0.055229817,0.13906263,0.008751176,nan,nan,nan,nan,nan,nan,nan,nan,0
9111429002,9111426567,0.076907486,0.055883113,0.13974342,0.009229958,nan,nan,nan,nan,nan,nan,nan,nan,0
9111439509,9111436686,0.0714577,0.061812505,0.14270088,0.007791483,nan,nan,nan,nan,nan,nan,nan,nan,0
9111449368,9111445964,0.055197857,0.078402646,0.1456017,0.006421959,nan,nan,nan,nan,nan,nan,nan,nan,0
9111458844,9111456463,0.044217035,0.09039618,0.14850406,0.0046302816,nan,nan,nan,nan,nan,nan,nan,nan,0
9111469369,9111466585,0.04077869,0.09533782,0.14927024,0.004384582,nan,nan,nan,nan,nan,nan,nan,nan,0
9111479878,9111476873,0.037811045,0.09964288,0.14898531,0.0051877233,nan,nan,nan,nan,nan,nan,nan,nan,0
9111488249,9111485859,0.039816067,0.0989563,0.14567104,0.0092833545,nan,nan,nan,nan,nan,nan,nan,nan,0
9111498767,9111496333,0.040153097,0.09953965,0.14997517,0.006083282,nan,nan,nan,nan,nan,nan,nan,nan,0
9111509238,9111506396,0.046563562,0.093510404,0.15331961,0.004415218,nan,nan,nan,nan,nan,nan,nan,nan,0
9111519900,9111516481,0.050344285,0.09006005,0.15450232,0.004699332,nan,nan,nan,nan,nan,nan,nan,nan,0
9111528439,9111526031,0.08326918,0.057113912,0.14717382,0.014143894,nan,nan,nan,nan,nan,nan,nan,nan,0
9111539316,9111536875,0.15185669,0.0,0.1518567,0.0,nan,nan,nan,nan,nan,nan,nan,nan,0
9111549182,9111546558,0.1528652,0.0,0.1528652,0.0,nan,nan,nan,nan,nan,nan,nan,nan,0
9111558648,9111556075,0.09748429,0.03068195,0.16664717,0.012826983,nan,nan,nan,nan,nan,nan,nan,nan,0
9111569222,9111566599,0.12713555,0.002235841,0.1676712,0.012766603,nan,nan,nan,nan,nan,nan,nan,nan,0
9111579848,9111576999,0.12109906,0.009572424,0.16847363,0.0126007125,nan,nan,nan,nan,nan,nan,nan,nan,0
9111590294,9111586787,0.111696035,0.020690424,0.1690437,0.012219081,nan,nan,nan,nan,nan,nan,nan,nan,0
9111598784,9111596188,0.11368755,0.020637471,0.16885534,0.012573677,nan,nan,nan,nan,nan,nan,nan,nan,0
9111609349,9111606727,0.10572151,0.031544797,0.1663969,0.014170803,nan,nan,nan,nan,nan,nan,nan,nan,0
9111620135,9111617264,0.112753846,0.026808282,0.15728259,0.022946896,nan,nan,nan,nan,nan,nan,nan,nan,0
9111629835,9111627172,0.10920663,0.0314195,0.14905387,0.030319966,nan,nan,nan,nan,nan,nan,nan,nan,0
9111639206,9111636615,0.11254418,0.028479142,0.14595608,0.03302055,nan,nan,nan,nan,nan,nan,nan,nan,0
9111649897,9111646888,0.114575446,0.025900515,0.14287417,0.036649838,nan,nan,nan,nan,nan,nan,nan,nan,0
9111660377,9111657011,0.114380285,0.024840467,0.13836817,0.042411037,nan,nan,nan,nan,nan,nan,nan,nan,0
9111668811,9111666203,0.11331965,0.024439994,0.1353182,0.04692212,nan,nan,nan,nan,nan,nan,nan,nan,0
9111679245,9111676642,0.11285613,0.023565792,0.13737106,0.046206966,nan,nan,nan,nan,nan,nan,nan,nan,0
9111689631,9111687035,0.11447568,0.02064183,0.14212759,0.04275487,nan,nan,nan,nan,nan,nan,nan,nan,0
9111700172,9111697549,0.11342603,0.019910146,0.14100604,0.045657758,nan,nan,nan,nan,nan,nan,nan,nan,0
9111709857,9111707248,0.112236634,0.02047148,0.13813667,0.04915518,nan,nan,nan,nan,nan,nan,nan,nan,0
9111719445,9111716647,0.11002264,0.0238908,0.13558424,0.050502285,nan,nan,nan,nan,nan,nan,nan,nan,0
9111730928,9111727255,0.1098346,0.026788067,0.12633213,0.057045165,nan,nan,nan,nan,nan,nan,nan,nan,0
9111739340,9111736932,0.11413238,0.02509617,0.13057153,0.05019988,nan,nan,nan,nan,nan,nan,nan,nan,0
9111749837,9111747220,0.117134705,0.02390075,0.14032865,0.038635865,nan,nan,nan,nan,nan,nan,nan,nan,0
9111759169,9111756369,0.11870126,0.023133513,0.12815246,0.050012726,nan,nan,nan,nan,nan,nan,nan,nan,0
9111769673,9111766179,0.121246085,0.020120375,0.12235824,0.056275256,nan,nan,nan,nan,nan,nan,nan,nan,0
9111779055,9111776669,0.12122312,0.01883562,0.12749718,0.05244405,nan,nan,nan,nan,nan,nan,nan,nan,0
9111789574,9111787139,0.11957625,0.020088842,0.12888083,0.05145403,nan,nan,nan,nan,nan,nan,nan,nan,0
9111800150,9111797528,0.120049745,0.020138603,0.13493147,0.04488014,nan,nan,nan,nan,nan,nan,nan,nan,0
9111809647,9111807041,0.1225612,0.017771296,0.12036286,0.059304595,nan,nan,nan,nan,nan,nan,nan,nan,0
9111819016,9111816445,0.12346095,0.015699763,0.09809184,0.082747415,nan,nan,nan,nan,nan,nan,nan,nan,0
9111830370,9111827599,0.122743115,0.013884003,0.10521336,0.07815948,nan,nan,nan,nan,nan,nan,nan,nan,0
9111840947,9111837039,0.122314386,0.011309922,0.10360098,0.08277467,nan,nan,nan,nan,nan,nan,nan,nan,0
9111849289,9111846925,0.12372398,0.0041863974,0.09011105,0.10197854,nan,nan,nan,nan,nan,nan,nan,nan,0
9111859762,9111857363,0.12456856,0.0,0.057013422,0.13841797,nan,nan,nan,nan,nan,nan,nan,nan,0
9111870162,9111867364,0.11640777,0.0,0.025747601,0.17784457,nan,nan,nan,nan,nan,nan,nan,nan,0
9111879990,9111877330,0.11124648,0.0,0.038322255,0.17043123,nan,nan,nan,nan,nan,nan,nan,nan,0
9111890015,9111887565,0.11665861,0.0,0.0627319,0.14060944,nan,nan,nan,nan,nan,nan,nan,nan,0
9111900406,9111897400,0.12477828,0.0,0.079947025,0.11527466,nan,nan,nan,nan,nan,nan,nan,nan,0
9111910875,9111907410,0.13361336,0.0,0.08730461,0.09908198,nan,nan,nan,nan,nan,nan,nan,nan,0
9111919261,9111916886,0.1404395,0.0,0.08420283,0.095357634,nan,nan,nan,nan,nan,nan,nan,nan,0
9111930046,9111927670,0.13858174,0.0,0.075352624,0.1060656,nan,nan,nan,nan,nan,nan,nan,nan,0
9111939408,9111936634,0.13808817,0.0,0.07836844,0.10354334,nan,nan,nan,nan,nan,nan,nan,nan,0
9111949955,9111947362,0.14197253,0.0,0.08352688,0.09450056,nan,nan,nan,nan,nan,nan,nan,nan,0
9111959343,9111956748,0.14382122,0.0,0.084416166,0.09176257,nan,nan,nan,nan,nan,nan,nan,nan,0
9111970094,9111967089,0.14553915,0.0,0.08842111,0.08603971,nan,nan,nan,nan,nan,nan,nan,nan,0
9111981567,9111977691,0.14859587,0.0,0.088822015,0.08258208,nan,nan,nan,nan,nan,nan,nan,nan,0
9111989030,9111986626,0.15182802,0.0,0.091119684,0.07705226,nan,nan,nan,nan,nan,nan,nan,nan,0
9111999513,9111997123,0.15500787,0.0,0.09683963,0.068152465,nan,nan,nan,nan,nan,nan,nan,nan,0
9112010134,9112007348,0.15864888,0.0,0.094010696,0.06734038,nan,nan,nan,nan,nan,nan,nan,nan,0
9112020627,9112017153,0.16,0.0,0.08042159,0.07957839,nan,nan,nan,nan,nan,nan,nan,nan,0
9112030058,9112027478,0.15999998,0.0,0.058596343,0.101403646,nan,nan,nan,nan,nan,nan,nan,nan,0
9112039523,9112037141,0.15550293,0.0,0.03799692,0.1265001,nan,nan,nan,nan,nan,nan,nan,nan,0
9112051145,9112047713,0.15319969,0.0,0.031359866,0.13544041,nan,nan,nan,nan,nan,nan,nan,nan,0
9112059519,9112056946,0.1563646,0.0,0.05862862,0.10500675,nan,nan,nan,nan,nan,nan,nan,nan,0
9112070004,9112067593,0.15999998,0.0,0.12736121,0.032638777,nan,nan,nan,nan,nan,nan,nan,nan,0
9112080433,9112077828,0.15999997,0.0,0.14010915,0.019890834,nan,nan,nan,nan,nan,nan,nan,nan,0
9112090923,9112087447,0.15865001,0.0,0.08733462,0.07401535,nan,nan,nan,nan,nan,nan,nan,nan,0
9112100331,9112097960,0.16,0.0,0.0842162,0.07578378,nan,nan,nan,nan,nan,nan,nan,nan,0
9112109812,9112107241,0.16,0.0,0.09380455,0.06619541,nan,nan,nan,nan,nan,nan,nan,nan,0
9112120283,9112117669,0.15999997,0.0,0.092043385,0.06795661,nan,nan,nan,nan,nan,nan,nan,nan,0
9112129812,9112127181,0.15999997,0.0,0.09021775,0.069782235,nan,nan,nan,nan,nan,nan,nan,nan,0
9112140464,9112138053,0.15999997,0.0,0.08045662,0.07954336,nan,nan,nan,nan,nan,nan,nan,nan,0
9112150865,9112148058,0.16,0.0,0.07904583,0.08095415,nan,nan,nan,nan,nan,nan,nan,nan,0
9112161351,9112157666,0.16,0.0,0.08569244,0.07430754,nan,nan,nan,nan,nan,nan,nan,nan,0
9112169797,9112167417,0.15999998,0.0,0.093834475,0.06616551,nan,nan,nan,nan,nan,nan,nan,nan,0
9112180274,9112177666,0.15999998,0.0,0.08814436,0.07185562,nan,nan,nan,nan,nan,nan,nan,nan,0
9112190669,9112188072,0.16,0.0,0.08128588,0.0787141,nan,nan,nan,nan,nan,nan,nan,nan,0
9112200190,9112197571,0.15999998,0.0,0.08757169,0.07242829,nan,nan,nan,nan,nan,nan,nan,nan,0
9112209684,9112207073,0.15999997,0.0,0.093556054,0.06644393,nan,nan,nan,nan,nan,nan,nan,nan,0
9112220551,9112217736,0.16,0.0,0.08658595,0.073414035,nan,nan,nan,nan,nan,nan,nan,nan,0
9112231188,9112227468,0.15999997,0.0,0.075237,0.08476298,nan,nan,nan,nan,nan,nan,nan,nan,0
9112239580,9112237007,0.16052717,0.0042200247,0.0706093,0.08464347,nan,nan,nan,nan,nan,nan,nan,nan,0
9112250060,9112247489,0.16836016,0.00836018,0.06499332,0.078286305,nan,nan,nan,nan,nan,nan,nan,nan,0
9112260459,9112257865,0.17461199,0.014611997,0.047791295,0.08298469,nan,nan,nan,nan,nan,nan,nan,nan,0
9112270937,9112267260,0.17997734,0.019977381,0.01232334,0.10772187,nan,nan,nan,nan,nan,nan,nan,nan,0
9112280202,9112277622,0.18190324,0.021903284,0.00929255,0.10690086,nan,nan,nan,nan,nan,nan,nan,nan,0
9112290635,9112288045,0.1808649,0.020864906,0.06209916,0.056171015,nan,nan,nan,nan,nan,nan,nan,nan,0
9112302128,9112298063,0.18020104,0.020201044,0.08452872,0.035069175,nan,nan,nan,nan,nan,nan,nan,nan,0
9112309663,9112307252,0.17744912,0.01744915,0.052941687,0.072160006,nan,nan,nan,nan,nan,nan,nan,nan,0
9112320112,9112317695,0.17073001,0.010730046,0.03579436,0.10274553,nan,nan,nan,nan,nan,nan,nan,nan,0
9112330543,9112327940,0.16041693,0.00041693074,0.0012358017,0.15793031,nan,nan,nan,nan,nan,nan,nan,nan,0
9112340031,9112336814,0.13976374,8.285791e-05,0.010076694,0.17007667,nan,nan,nan,nan,nan,nan,nan,nan,0
9112350485,9112348082,0.15999998,0.0,0.040506124,0.119493864,nan,nan,nan,nan,nan,nan,nan,nan,0
9112359814,9112357444,0.15999998,0.0,0.10420089,0.05579909,nan,nan,nan,nan,nan,nan,nan,nan,0
9112370300,9112367685,0.15999997,0.0,0.13462618,0.025373807,nan,nan,nan,nan,nan,nan,nan,nan,0
9112379770,9112377402,0.15999998,0.0,0.103456706,0.056543287,nan,nan,nan,nan,nan,nan,nan,nan,0
9112390378,9112387929,0.15999998,0.0,0.07896436,0.08103562,nan,nan,nan,nan,nan,nan,nan,nan,0
9112400872,9112398036,0.16,0.0,0.08036459,0.07963539,nan,nan,nan,nan,nan,nan,nan,nan,0
9112411396,9112407865,0.15999997,0.0,0.08614314,0.07385684,nan,nan,nan,nan,nan,nan,nan,nan,0
9112420772,9112418368,0.16,0.0,0.08436295,0.075637035,nan,nan,nan,nan,nan,nan,nan,nan,0
9112430158,9112427585,0.15999998,0.0,0.07145353,0.08854646,nan,nan,nan,nan,nan,nan,nan,nan,0
9112440608,9112437798,0.15999997,0.0,0.0804372,0.07956278,nan,nan,nan,nan,nan,nan,nan,nan,0
9112450046,9112447456,0.15999998,0.0,0.09627183,0.06372815,nan,nan,nan,nan,nan,nan,nan,nan,0
9112460496,9112458104,0.15999998,0.0,0.09410019,0.06589979,nan,nan,nan,nan,nan,nan,nan,nan,0
9112471252,9112468453,0.16,0.0,0.08570603,0.07429395,nan,nan,nan,nan,nan,nan,nan,nan,0
9112481843,9112478284,0.15999997,0.0,0.08508069,0.07491929,nan,nan,nan,nan,nan,nan,nan,nan,0
9112490545,9112487930,0.16,0.0,0.08537526,0.074624725,nan,nan,nan,nan,nan,nan,nan,nan,0
9112501028,9112498623,0.16,0.0,0.07826858,0.0817314,nan,nan,nan,nan,nan,nan,nan,nan,0
9112510437,9112507580,0.16,0.0,0.06980246,0.09019752,nan,nan,nan,nan,nan,nan,nan,nan,0
9112521282,9112518669,0.16,0.0,0.06661719,0.0933828,nan,nan,nan,nan,nan,nan,nan,nan,0
9112530955,9112528328,0.15999997,0.0,0.061532274,0.09846771,nan,nan,nan,nan,nan,nan,nan,nan,0
9112540593,9112537977,0.16019166,0.00019166058,0.063457236,0.09615942,nan,nan,nan,nan,nan,nan,nan,nan,0
9112552209,9112548521,0.16206345,0.002063452,0.069913656,0.08595941,nan,nan,nan,nan,nan,nan,nan,nan,0
9112561185,9112558590,0.16297074,0.0029707365,0.07318172,0.0808768,nan,nan,nan,nan,nan,nan,nan,nan,0
9112571155,9112568505,0.16317719,0.0031772228,0.076378725,0.077266805,nan,nan,nan,nan,nan,nan,nan,nan,0
9112580764,9112578144,0.1628249,0.0028249237,0.084792234,0.0695579,nan,nan,nan,nan,nan,nan,nan,nan,0
9112590382,9112587194,0.16187444,0.0018744484,0.090340205,0.06591088,nan,nan,nan,nan,nan,nan,nan,nan,0
9112600493,9112598073,0.16048963,0.00048963196,0.089526616,0.069494106,nan,nan,nan,nan,nan,nan,nan,nan,0
9112611003,9112608391,0.15999997,0.0,0.09047688,0.0695231,nan,nan,nan,nan,nan,nan,nan,nan,0
9112621400,9112618608,0.15999997,0.0,0.09093549,0.06906449,nan,nan,nan,nan,nan,nan,nan,nan,0
9112631201,9112628624,0.15999998,0.0,0.094329774,0.06567021,nan,nan,nan,nan,nan,nan,nan,nan,0
9112640654,9112638055,0.15999998,0.0,0.103601284,0.056398697,nan,nan,nan,nan,nan,nan,nan,nan,0
9112651613,9112648799,0.15999997,0.0,0.11277687,0.04722311,nan,nan,nan,nan,nan,nan,nan,nan,0
9112662117,9112658243,0.16,0.0,0.11026909,0.049730893,nan,nan,nan,nan,nan,nan,nan,nan,0
9112670581,9112667970,0.15999998,0.0,0.103775874,0.056224108,nan,nan,nan,nan,nan,nan,nan,nan,0
9112681039,9112678434,0.15999998,0.0,0.09467164,0.065328345,nan,nan,nan,nan,nan,nan,nan,nan,0
9112691478,9112688673,0.15999997,0.0,0.0726195,0.0873805,nan,nan,nan,nan,nan,nan,nan,nan,0
9112700892,9112698513,0.15999997,0.0,0.07664492,0.08335506,nan,nan,nan,nan,nan,nan,nan,nan,0
9112711379,9112708977,0.16,0.0,0.085579,0.07442098,nan,nan,nan,nan,nan,nan,nan,nan,0
9112720847,9112718238,0.15999997,0.0,0.085778825,0.07422116,nan,nan,nan,nan,nan,nan,nan,nan,0
9112732303,9112728634,0.15999998,0.0,0.09115071,0.06884927,nan,nan,nan,nan,nan,nan,nan,nan,0
9112740894,9112738475,0.15895358,0.0,0.093514435,0.06543914,nan,nan,nan,nan,nan,nan,nan,nan,0
9112750465,9112748083,0.15802746,0.0,0.101089105,0.056938365,nan,nan,nan,nan,nan,nan,nan,nan,0
9112760904,9112758098,0.15698788,0.0,0.10193994,0.055047937,nan,nan,nan,nan,nan,nan,nan,nan,0
9112771413,9112768819,0.15600377,0.0,0.09572967,0.0602741,nan,nan,nan,nan,nan,nan,nan,nan,0
9112780850,9112778272,0.15504298,0.0,0.06029143,0.094751544,nan,nan,nan,nan,nan,nan,nan,nan,0
9112791279,9112788478,0.15404147,0.0,0.03466656,0.119374916,nan,nan,nan,nan,nan,nan,nan,nan,0
9112802776,9112798910,0.15296938,0.0,0.053582653,0.09938672,nan,nan,nan,nan,nan,nan,nan,nan,0
9112810215,9112807838,0.15202409,0.0,0.063385025,0.08863905,nan,nan,nan,nan,nan,nan,nan,nan,0
9112820776,9112818387,0.15100348,0.0,0.053247977,0.09775551,nan,nan,nan,nan,nan,nan,nan,nan,0
9112831813,9112829016,0.14996028,0.0,0.057465713,0.09249457,nan,nan,nan,nan,nan,nan,nan,nan,0
9112841255,9112838070,0.14906746,0.0,0.09669732,0.052370153,nan,nan,nan,nan,nan,nan,nan,nan,0
9112850715,9112848140,0.14801258,0.0,0.12876888,0.019243702,nan,nan,nan,nan,nan,nan,nan,nan,0
9112861146,9112858351,0.14694968,0.0,0.11978828,0.027161395,nan,nan,nan,nan,nan,nan,nan,nan,0
9112872629,9112869132,0.14604428,0.0,0.09646173,0.049582556,nan,nan,nan,nan,nan,nan,nan,nan,0
9112881013,9112878441,0.11432697,0.0,0.09788008,0.07786751,nan,nan,nan,nan,nan,nan,nan,nan,0
9112891463,9112889068,0.0,0.09895983,0.081981845,0.107090674,nan,nan,nan,nan,nan,nan,nan,nan,0
9112901829,9112899247,0.0,0.14293805,7.450581e-09,0.14293808,nan,nan,nan,nan,nan,nan,nan,nan,0
9112912697,9112908592,0.0,0.14200717,0.0,0.14200717,nan,nan,nan,nan,nan,nan,nan,nan,0
9112921386,9112918935,5.9604645e-08,0.14094442,0.0,0.14094442,nan,nan,nan,nan,nan,nan,nan,nan,0
9112930937,9112928342,0.0,0.13992655,0.0,0.13992655,nan,nan,nan,nan,nan,nan,nan,nan,0
9112941324,9112938922,0.0,0.14086108,0.0,0.14086108,nan,nan,nan,nan,nan,nan,nan,nan,0
9112952045,9112949620,0.056643985,0.19853936,0.0,0.028607406,nan,nan,nan,nan,nan,nan,nan,nan,0
9112961461,9112958876,0.14283606,1.4901161e-08,0.14283605,0.0,nan,nan,nan,nan,nan,nan,nan,nan,0
9112971176,9112968591,0.14389405,1.4901161e-08,0.14389408,0.0,nan,nan,nan,nan,nan,nan,nan,nan,0
9112981081,9112977906,0.14496386,0.0,0.14496386,0.0,nan,nan,nan,nan,nan,nan,nan,nan,0
9112990532,9112988137,0.14588946,7.450581e-09,0.14588946,0.0,nan,nan,nan,nan,nan,nan,nan,nan,0
9113001117,9112998720,0.14686096,0.0,0.14686096,0.0,nan,nan,nan,nan,nan,nan,nan,nan,0
9113011600,9113008974,0.049326494,0.098465964,0.14779246,0.0,nan,nan,nan,nan,nan,nan,nan,nan,0
9113021033,9113018451,0.029040202,0.17785577,0.090735145,0.0,nan,nan,nan,nan,nan,nan,nan,nan,0
9113031517,9113029115,0.026468456,0.17634231,0.09693694,0.0,nan,nan,nan,nan,nan,nan,nan,nan,0
9113042013,9113038979,0.03807518,0.11282406,0.15089926,0.0,nan,nan,nan,nan,nan,nan,nan,nan,0
9113052526,9113049330,0.10687469,0.044972256,0.15184695,0.0,nan,nan,nan,nan,nan,nan,nan,nan,0
9113060854,9113058287,0.10395715,0.048956204,0.15291335,0.0,nan,nan,nan,nan,nan,nan,nan,nan,0
9113071396,9113068984,0.045882985,0.10801675,0.15389976,0.0,nan,nan,nan,nan,nan,nan,nan,nan,0
9113082187,9113079571,0.01786418,0.13707067,0.15493484,0.0,nan,nan,nan,nan,nan,nan,nan,nan,0
9113091332,9113088116,0.065025575,0.092999004,0.11521724,0.03841924,nan,nan,nan,nan,nan,nan,nan,nan,0
9113102506,9113097996,0.13265227,0.008961834,0.03324926,0.1389371,nan,nan,nan,nan,nan,nan,nan,nan,0
9113110915,9113108345,0.064742565,0.06301535,0.015100511,0.17305943,nan,nan,nan,nan,nan,nan,nan,nan,0
9113122407,9113119436,0.0,0.13779919,0.010507114,0.16932054,nan,nan,nan,nan,nan,nan,nan,nan,0
9113130843,9113128469,0.0,0.13739263,0.011204399,0.17100583,nan,nan,nan,nan,nan,nan,nan,nan,0
9113141324,9113138908,0.034943797,0.07777388,0.024292057,0.18299024,nan,nan,nan,nan,nan,nan,nan,nan,0
9113151679,9113149092,0.04529743,0.0662725,0.08575488,0.12267516,nan,nan,nan,nan,nan,nan,nan,nan,0
9113161177,9113158206,0.06597253,0.042949207,0.15575768,0.05532053,nan,nan,nan,nan,nan,nan,nan,nan,0
9113171869,9113169257,0.06638426,0.036102705,0.1273087,0.09020431,nan,nan,nan,nan,nan,nan,nan,nan,0
9113181298,9113178714,0.030813534,0.06520121,0.031992618,0.1919926,nan,nan,nan,nan,nan,nan,nan,nan,0
9113191715,9113189119,0.0,0.16,0.0,0.15999997,nan,nan,nan,nan,nan,nan,nan,nan,0
9113201177,9113198590,0.0,0.09544952,0.03227523,0.1922752,nan,nan,nan,nan,nan,nan,nan,nan,0
9113211766,9113209387,0.07006908,0.008025438,0.040952727,0.20095272,nan,nan,nan,nan,nan,nan,nan,nan,0
9113222133,9113219558,0.124522924,0.0,0.017738521,0.17773849,nan,nan,nan,nan,nan,nan,nan,nan,0
9113232663,9113229190,0.13872725,0.0,0.031729206,0.1495435,nan,nan,nan,nan,nan,nan,nan,nan,0
9113242120,9113239739,0.15999997,0.0,0.040044602,0.119955376,nan,nan,nan,nan,nan,nan,nan,nan,0
9113251732,9113249318,0.15174173,0.0,0.066669285,0.10158896,nan,nan,nan,nan,nan,nan,nan,nan,0
9113262084,9113259506,0.13851045,0.0,0.09522512,0.08626441,nan,nan,nan,nan,nan,nan,nan,nan,0
9113271571,9113269000,0.1547253,0.0,0.09179476,0.07347989,nan,nan,nan,nan,nan,nan,nan,nan,0
9113281138,9113278753,0.16,0.0,0.06940517,0.09059482,nan,nan,nan,nan,nan,nan,nan,nan,0
9113292576,9113289800,0.16,0.0,0.05613832,0.10386165,nan,nan,nan,nan,nan,nan,nan,nan,0
9113303128,9113299604,0.16,0.0,0.06718379,0.0928162,nan,nan,nan,nan,nan,nan,nan,nan,0
9113311487,9113309110,0.15999997,0.0,0.07330954,0.08669043,nan,nan,nan,nan,nan,nan,nan,nan,0
9113321940,9113319547,0.16,0.0,0.04924485,0.11075514,nan,nan,nan,nan,nan,nan,nan,nan,0
9113332412,9113329790,0.15999998,0.0,0.012418313,0.14758168,nan,nan,nan,nan,nan,nan,nan,nan,0
9113343977,9113339192,0.15999997,0.0,0.034518316,0.12548167,nan,nan,nan,nan,nan,nan,nan,nan,0
9113351394,9113348816,0.16,0.0,0.11699721,0.04300278,nan,nan,nan,nan,nan,nan,nan,nan,0
9113361836,9113359240,0.15999997,0.0,0.15704626,0.0029537156,nan,nan,nan,nan,nan,nan,nan,nan,0
9113372871,9113369194,0.15999997,0.0,0.14130366,0.018696338,nan,nan,nan,nan,nan,nan,nan,nan,0
9113382345,9113379724,0.15999997,0.0,0.112625,0.04737497,nan,nan,nan,nan,nan,nan,nan,nan,0
9113391753,9113389364,0.15999997,0.0,0.14205086,0.017949112,nan,nan,nan,nan,nan,nan,nan,nan,0
9113402116,9113399537,0.15999997,0.0,0.15999997,0.0,nan,nan,nan,nan,nan,nan,nan,nan,0
9113411603,9113408425,0.15999997,0.0,0.16,0.0,nan,nan,nan,nan,nan,nan,nan,nan,0
9113422184,9113419582,0.15999997,0.0,0.15999997,0.0,nan,nan,nan,nan,nan,nan,nan,nan,0
9113431550,9113429170,0.15999998,7.450581e-09,0.16,0.0,nan,nan,nan,nan,nan,nan,nan,nan,0
9113442101,9113439259,0.18430498,0.024305008,0.07369671,0.037693247,nan,nan,nan,nan,nan,nan,nan,nan,0
9113451518,9113448944,0.18769304,0.02769308,0.081259005,0.023354812,nan,nan,nan,nan,nan,nan,nan,nan,0
9113461985,9113459572,0.17808646,0.018086493,0.12382698,0.0,nan,nan,nan,nan,nan,nan,nan,nan,0
9113472408,9113469800,0.1820035,0.022003502,0.11599299,0.0,nan,nan,nan,nan,nan,nan,nan,nan,0
9113482922,9113479452,0.19227192,0.032271918,0.09133339,0.0041227676,nan,nan,nan,nan,nan,nan,nan,nan,0
9113492408,9113490010,0.17864789,0.018647924,0.12270413,0.0,nan,nan,nan,nan,nan,nan,nan,nan,0
9113501810,9113499241,0.15999997,0.0,0.16,0.0,nan,nan,nan,nan,nan,nan,nan,nan,0
9113512551,9113509880,0.15999997,0.0,0.15999997,0.0,nan,nan,nan,nan,nan,nan,nan,nan,0
9113522229,9113519606,0.15999997,0.0,0.15999998,0.0,nan,nan,nan,nan,nan,nan,nan,nan,0
9113532846,9113529432,0.16,0.0,0.15999997,0.0,nan,nan,nan,nan,nan,nan,nan,nan,0
9113542518,9113539680,0.15999997,0.0,0.16,0.0,nan,nan,nan,nan,nan,nan,nan,nan,0
9113553013,9113549814,0.15999997,0.0,0.16,0.0,nan,nan,nan,nan,nan,nan,nan,nan,0
9113561401,9113559031,0.15999997,0.0,0.16,0.0,nan,nan,nan,nan,nan,nan,nan,nan,0
9113571978,9113569535,0.18910515,0.029105194,0.10178959,0.0,nan,nan,nan,nan,nan,nan,nan,nan,0
9113582446,9113579790,0.17043093,0.0104309395,0.0,0.1391381,nan,nan,nan,nan,nan,nan,nan,nan,0
9113592105,9113589654,0.1309728,0.029027198,0.0,0.16,nan,nan,nan,nan,nan,nan,nan,nan,0
9113602660,9113600220,0.17797929,0.017979324,0.0,0.12404132,nan,nan,nan,nan,nan,nan,nan,nan,0
9113612557,9113609542,0.19762342,0.037623454,0.07611911,0.00863396,nan,nan,nan,nan,nan,nan,nan,nan,0
9113624052,9113620342,0.15999997,0.0,0.15999998,0.0,nan,nan,nan,nan,nan,nan,nan,nan,0
9113632429,9113630057,0.15999997,0.0,0.15999997,0.0,nan,nan,nan,nan,nan,nan,nan,nan,0
9113641893,9113639482,0.15999997,0.0,0.16,0.0,nan,nan,nan,nan,nan,nan,nan,nan,0
9113652351,9113649750,0.15999997,0.0,0.16,0.0,nan,nan,nan,nan,nan,nan,nan,nan,0
9113662841,9113659634,0.15999998,3.7252903e-09,0.16,0.0,nan,nan,nan,nan,nan,nan,nan,nan,0
9113672255,9113669866,0.17390624,0.01390624,0.1321875,0.0,nan,nan,nan,nan,nan,nan,nan,nan,0
9113683096,9113680485,0.15999997,0.0,0.16,0.0,nan,nan,nan,nan,nan,nan,nan,nan,0
9113693566,9113690356,0.15999997,0.0,0.16,0.0,nan,nan,nan,nan,nan,nan,nan,nan,0
9113701943,9113699360,0.16,0.0,0.15999997,0.0,nan,nan,nan,nan,nan,nan,nan,nan,0
9113712440,9113710034,0.16,0.0,0.15999997,0.0,nan,nan,nan,nan,nan,nan,nan,nan,0
9113722876,9113720081,0.16,0.0,0.16,0.0,nan,nan,nan,nan,nan,nan,nan,nan,0
9113733347,9113729877,0.15999997,0.0,0.15999997,0.0,nan,nan,nan,nan,nan,nan,nan,nan,0
9113742808,9113740418,0.15999997,0.0,0.15999997,0.0,nan,nan,nan,nan,nan,nan,nan,nan,0
9113752260,9113749854,0.15999998,0.0,0.15999998,0.0,nan,nan,nan,nan,nan,nan,nan,nan,0
9113762878,9113760190,0.15223706,0.0,0.16388145,0.0038814694,nan,nan,nan,nan,nan,nan,nan,nan,0
9113772220,9113769837,0.1425567,0.0,0.14331919,0.03412409,nan,nan,nan,nan,nan,nan,nan,nan,0
9113782708,9113780292,0.16,0.0,0.13480675,0.025193231,nan,nan,nan,nan,nan,nan,nan,nan,0
9113793137,9113790317,0.15999997,0.0,0.15999997,0.0,nan,nan,nan,nan,nan,nan,nan,nan,0
9113803602,9113800111,0.15999997,0.0,0.15905923,0.00094074756,nan,nan,nan,nan,nan,nan,nan,nan,0
9113812066,9113809645,0.16,0.0,0.1309864,0.029013574,nan,nan,nan,nan,nan,nan,nan,nan,0
9113822565,9113820120,0.15999997,0.0,0.15999998,0.0,nan,nan,nan,nan,nan,nan,nan,nan,0
9113832958,9113830134,0.15999997,0.0,0.15999997,0.0,nan,nan,nan,nan,nan,nan,nan,nan,0
9113842382,9113839767,0.15999998,0.0,0.15999998,0.0,nan,nan,nan,nan,nan,nan,nan,nan,0
9113852656,9113850210,0.10436105,0.055638935,0.16,0.0,nan,nan,nan,nan,nan,nan,nan,nan,0
9113863040,9113860214,0.05144276,0.109782785,0.11254933,0.046225093,nan,nan,nan,nan,nan,nan,nan,nan,0
9113873622,9113870638,0.011684677,0.14222735,0.061565727,0.10452221,nan,nan,nan,nan,nan,nan,nan,nan,0
9113882028,9113879649,0.0,0.15999998,0.012662321,0.14733766,nan,nan,nan,nan,nan,nan,nan,nan,0
9113892518,9113890146,0.008224263,0.12685248,0.051100105,0.13382311,nan,nan,nan,nan,nan,nan,nan,nan,0
9113902862,9113900296,0.048597578,0.07922509,0.081524104,0.11065318,nan,nan,nan,nan,nan,nan,nan,nan,0
9113913445,9113909758,0.06931716,0.05520977,0.11490537,0.08056766,nan,nan,nan,nan,nan,nan,nan,nan,0
9113922837,9113920465,0.07037088,0.054154884,0.11125268,0.08422151,nan,nan,nan,nan,nan,nan,nan,nan,0
9113933407,9113930797,0.0779942,0.05190587,0.050079577,0.14002031,nan,nan,nan,nan,nan,nan,nan,nan,0
9113943299,9113939813,0.07951197,0.061112043,0.009687985,0.16968797,nan,nan,nan,nan,nan,nan,nan,nan,0
9113953369,9113950760,0.06951282,0.087078296,0.006880183,0.15652867,nan,nan,nan,nan,nan,nan,nan,nan,0
9113962976,9113960573,0.06649571,0.10350485,0.016645785,0.1333536,nan,nan,nan,nan,nan,nan,nan,nan,0
9113972745,9113969927,0.060686693,0.12122369,0.030276008,0.107813574,nan,nan,nan,nan,nan,nan,nan,nan,0
9113983252,9113980474,0.03555779,0.1578288,0.03363648,0.0929769,nan,nan,nan,nan,nan,nan,nan,nan,0
9113992663,9113990078,0.021081863,0.17872082,0.057933934,0.062263332,nan,nan,nan,nan,nan,nan,nan,nan,0
9114003147,9114000718,0.020428123,0.18042809,0.08589875,0.03324499,nan,nan,nan,nan,nan,nan,nan,nan,0
9114012512,9114009931,0.01836141,0.17836137,0.08605735,0.037219815,nan,nan,nan,nan,nan,nan,nan,nan,0
9114022309,9114019919,0.014094888,0.17409489,0.0955584,0.0362518,nan,nan,nan,nan,nan,nan,nan,nan,0
9114032770,9114030372,0.035420436,0.14266163,0.112143934,0.029773962,nan,nan,nan,nan,nan,nan,nan,nan,0
9114043221,9114040616,0.05197893,0.11858622,0.11145533,0.037979484,nan,nan,nan,nan,nan,nan,nan,nan,0
9114053694,9114050497,0.038671516,0.12820457,0.104864135,0.048259743,nan,nan,nan,nan,nan,nan,nan,nan,0
9114062161,9114059770,0.029249411,0.13743046,0.09242995,0.06089015,nan,nan,nan,nan,nan,nan,nan,nan,0
9114072750,9114070101,0.027545547,0.14160569,0.06454612,0.08630259,nan,nan,nan,nan,nan,nan,nan,nan,0
9114083195,9114080595,0.03131091,0.14079118,0.029352548,0.11854534,nan,nan,nan,nan,nan,nan,nan,nan,0
9114093575,9114089871,0.020222185,0.15418622,0.0114154685,0.1341761,nan,nan,nan,nan,nan,nan,nan,nan,0
9114103155,9114100711,0.009354158,0.1669715,0.020187471,0.12348683,nan,nan,nan,nan,nan,nan,nan,nan,0
9114113570,9114110557,0.04754845,0.12845579,0.043080874,0.10091486,nan,nan,nan,nan,nan,nan,nan,nan,0
9114124110,9114120714,0.061796468,0.11236462,0.07441007,0.0714288,nan,nan,nan,nan,nan,nan,nan,nan,0
9114132496,9114130126,0.007562822,0.16523962,0.090150416,0.057047114,nan,nan,nan,nan,nan,nan,nan,nan,0
9114143002,9114140619,0.0055156196,0.16551559,0.0623413,0.086627446,nan,nan,nan,nan,nan,nan,nan,nan,0
9114153371,9114150799,0.003967722,0.1639677,0.07680312,0.075261414,nan,nan,nan,nan,nan,nan,nan,nan,0
9114163881,9114161297,0.0058796103,0.15780704,0.07771127,0.078602046,nan,nan,nan,nan,nan,nan,nan,nan,0
9114173404,9114170806,0.0,0.16,0.048062325,0.11193766,nan,nan,nan,nan,nan,nan,nan,nan,0
9114183796,9114181003,0.0,0.16,0.0054710396,0.15452895,nan,nan,nan,nan,nan,nan,nan,nan,0
9114194392,9114190924,0.0,0.15999998,0.026541933,0.13345805,nan,nan,nan,nan,nan,nan,nan,nan,0
9114202808,9114200432,0.04532729,0.10603148,0.06648959,0.1021516,nan,nan,nan,nan,nan,nan,nan,nan,0
9114213338,9114210963,0.06346059,0.08947109,0.08023382,0.08683447,nan,nan,nan,nan,nan,nan,nan,nan,0
9114223761,9114220964,0.030373216,0.12685318,0.07752843,0.08524513,nan,nan,nan,nan,nan,nan,nan,nan,0
9114234250,9114230845,0.004238266,0.15793842,0.06253913,0.095284164,nan,nan,nan,nan,nan,nan,nan,nan,0
9114243697,9114241111,0.0031267744,0.16312677,0.0336714,0.12007503,nan,nan,nan,nan,nan,nan,nan,nan,0
9114253110,9114250528,0.0,0.16,0.0,0.15999997,nan,nan,nan,nan,nan,nan,nan,nan,0
9114263571,9114260770,0.0,0.16,0.0,0.15999997,nan,nan,nan,nan,nan,nan,nan,nan,0
9114273122,9114270513,0.0,0.15999998,0.0,0.15999998,nan,nan,nan,nan,nan,nan,nan,nan,0
9114282788,9114280364,9.313226e-10,0.15999998,0.0,0.15999998,nan,nan,nan,nan,nan,nan,nan,nan,0
9114293156,9114290367,0.008033273,0.16803327,0.0016804552,0.14225298,nan,nan,nan,nan,nan,nan,nan,nan,0
9114304606,9114300743,0.008719324,0.16871929,0.025420249,0.11714108,nan,nan,nan,nan,nan,nan,nan,nan,0
9114313018,9114310445,0.009628448,0.16962843,0.04759435,0.09314874,nan,nan,nan,nan,nan,nan,nan,nan,0
9114323511,9114321110,0.011839714,0.1718397,0.02388009,0.11244047,nan,nan,nan,nan,nan,nan,nan,nan,0
9114333933,9114331138,0.0,0.16,0.0,0.15999997,nan,nan,nan,nan,nan,nan,nan,nan,0
9114343392,9114341022,1.4901161e-08,0.16,0.0,0.15999997,nan,nan,nan,nan,nan,nan,nan,nan,0
9114353916,9114351471,0.0,0.16,0.0,0.16,nan,nan,nan,nan,nan,nan,nan,nan,0
9114363673,9114360854,0.0,0.16000001,0.0,0.16000001,nan,nan,nan,nan,nan,nan,nan,nan,0
9114375246,9114370970,0.0,0.15999997,0.0,0.16,nan,nan,nan,nan,nan,nan,nan,nan,0
9114382651,9114380264,0.0,0.15999997,0.0,0.16,nan,nan,nan,nan,nan,nan,nan,nan,0
9114393261,9114390479,0.0,0.15999997,0.0,0.15999997,nan,nan,nan,nan,nan,nan,nan,nan,0
9114404164,9114401284,0.0,0.16,0.0,0.16,nan,nan,nan,nan,nan,nan,nan,nan,0
9114413318,9114410885,3.7252903e-09,0.15999997,0.0,0.16,nan,nan,nan,nan,nan,nan,nan,nan,0
9114424092,9114421681,0.0064676316,0.16646759,0.0049271523,0.14213757,nan,nan,nan,nan,nan,nan,nan,nan,0
9114433593,9114430787,0.04425761,0.118418664,0.012719474,0.1446042,nan,nan,nan,nan,nan,nan,nan,nan,0
9114445097,9114441566,0.022219215,0.13117701,0.0033018857,0.16330186,nan,nan,nan,nan,nan,nan,nan,nan,0
9114453578,9114451179,0.0,0.15713137,0.0014342964,0.1614343,nan,nan,nan,nan,nan,nan,nan,nan,0
9114463055,9114460651,0.053021315,0.091631666,0.0076735,0.16767348,nan,nan,nan,nan,nan,nan,nan,nan,0
9114473617,9114471028,0.0884036,0.05298875,0.025906686,0.15270095,nan,nan,nan,nan,nan,nan,nan,nan,0
9114484209,9114480721,0.04657759,0.09360326,0.039301652,0.14051747,nan,nan,nan,nan,nan,nan,nan,nan,0
9114493679,9114491295,0.013230322,0.12733783,0.035777867,0.14365394,nan,nan,nan,nan,nan,nan,nan,nan,0
9114504117,9114501286,0.040354818,0.10041404,0.025356822,0.15387428,nan,nan,nan,nan,nan,nan,nan,nan,0
9114515529,9114511675,0.07160047,0.069079235,0.015608736,0.16371153,nan,nan,nan,nan,nan,nan,nan,nan,0
9114523082,9114520659,0.07406155,0.06719718,0.016209766,0.16253147,nan,nan,nan,nan,nan,nan,nan,nan,0
9114533888,9114531402,0.059944555,0.08245514,0.017074063,0.1605262,nan,nan,nan,nan,nan,nan,nan,nan,0
9114544373,9114541749,0.06489984,0.0776451,0.010635992,0.16681904,nan,nan,nan,nan,nan,nan,nan,nan,0
9114554923,9114551223,0.06483833,0.07733924,0.008911209,0.16891117,nan,nan,nan,nan,nan,nan,nan,nan,0
9114563355,9114560946,0.066731125,0.07631324,0.008477805,0.16847779,nan,nan,nan,nan,nan,nan,nan,nan,0
9114573856,9114571466,0.09674981,0.048774023,0.007238073,0.16723806,nan,nan,nan,nan,nan,nan,nan,nan,0
9114584350,9114581742,0.13320671,0.015597757,0.0055977595,0.16559772,nan,nan,nan,nan,nan,nan,nan,nan,0
9114593276,9114590638,0.15068074,0.00090909656,0.0042050714,0.16420506,nan,nan,nan,nan,nan,nan,nan,nan,0
9114603779,9114601379,0.15172003,0.0021682417,0.0030558521,0.16305585,nan,nan,nan,nan,nan,nan,nan,nan,0
9114614402,9114611781,0.15999998,0.0,0.01316236,0.14683762,nan,nan,nan,nan,nan,nan,nan,nan,0
9114625579,9114621470,0.15999997,0.0,0.037357748,0.12264223,nan,nan,nan,nan,nan,nan,nan,nan,0
9114633950,9114631374,0.15999998,0.0,0.041065887,0.118934095,nan,nan,nan,nan,nan,nan,nan,nan,0
9114643430,9114641040,0.16093001,0.0009300047,0.0032066023,0.15493336,nan,nan,nan,nan,nan,nan,nan,nan,0
9114653954,9114651095,0.11717596,0.042824015,0.0,0.16,nan,nan,nan,nan,nan,nan,nan,nan,0
9114664431,9114661823,0.112075396,0.047924593,0.0,0.15999997,nan,nan,nan,nan,nan,nan,nan,nan,0
9114673848,9114671251,0.110129066,0.04987092,0.0,0.16,nan,nan,nan,nan,nan,nan,nan,nan,0
9114684284,9114681658,0.10983271,0.050167274,0.0,0.16,nan,nan,nan,nan,nan,nan,nan,nan,0
9114695745,9114691885,0.15058722,0.009412765,0.0,0.15999998,nan,nan,nan,nan,nan,nan,nan,nan,0
9114703541,9114700917,0.16282272,0.0028227386,0.004932839,0.14942166,nan,nan,nan,nan,nan,nan,nan,nan,0
9114713963,9114711136,0.12031807,0.03968191,0.0,0.15999998,nan,nan,nan,nan,nan,nan,nan,nan,0
9114724452,9114721844,0.11698871,0.043011263,0.0,0.16,nan,nan,nan,nan,nan,nan,nan,nan,0
9114734924,9114731027,0.12298202,0.037017956,0.0,0.15999998,nan,nan,nan,nan,nan,nan,nan,nan,0
9114744108,9114741670,0.04997616,0.11002382,0.0,0.15999997,nan,nan,nan,nan,nan,nan,nan,nan,0
9114754265,9114751457,0.0,0.15999997,0.0,0.15999997,nan,nan,nan,nan,nan,nan,nan,nan,0
9114765776,9114762114,0.0,0.15999997,0.0,0.15999997,nan,nan,nan,nan,nan,nan,nan,nan,0
9114774231,9114771845,3.7252903e-09,0.15999997,0.0,0.16,nan,nan,nan,nan,nan,nan,nan,nan,0
9114783669,9114781293,0.0,0.16,0.0,0.16,nan,nan,nan,nan,nan,nan,nan,nan,0
9114794101,9114791477,0.0,0.16,0.0,0.16,nan,nan,nan,nan,nan,nan,nan,nan,0
9114804639,9114801450,0.0121534765,0.17215346,0.0,0.13569303,nan,nan,nan,nan,nan,nan,nan,nan,0
9114814087,9114811706,0.0054872483,0.16548724,0.0,0.14902548,nan,nan,nan,nan,nan,nan,nan,nan,0
9114824557,9114821951,0.0,0.15999998,0.0,0.16,nan,nan,nan,nan,nan,nan,nan,nan,0
9114833914,9114831136,0.0,0.16,0.0,0.15999997,nan,nan,nan,nan,nan,nan,nan,nan,0
9114844532,9114841883,7.450581e-09,0.15999998,0.0,0.15999998,nan,nan,nan,nan,nan,nan,nan,nan,0
9114853862,9114851485,0.0,0.15999997,0.0,0.15999997,nan,nan,nan,nan,nan,nan,nan,nan,0
9114864346,9114861732,3.7252903e-09,0.15999998,0.0,0.16000001,nan,nan,nan,nan,nan,nan,nan,nan,0
9114874461,9114871186,0.0,0.15999997,0.0,0.15999997,nan,nan,nan,nan,nan,nan,nan,nan,0
9114883896,9114881501,0.0,0.16,0.0,0.15999997,nan,nan,nan,nan,nan,nan,nan,nan,0
9114894485,9114891905,0.0,0.16,0.0,0.15999997,nan,nan,nan,nan,nan,nan,nan,nan,0
9114904850,9114902070,0.0,0.15999997,0.0,0.15999997,nan,nan,nan,nan,nan,nan,nan,nan,0
9114914377,9114911963,1.4901161e-08,0.15999995,0.0,0.15999997,nan,nan,nan,nan,nan,nan,nan,nan,0
9114923745,9114921369,0.0,0.15999997,0.0,0.15999997,nan,nan,nan,nan,nan,nan,nan,nan,0
9114935195,9114932425,1.4901161e-08,0.15999998,0.0,0.15999992,nan,nan,nan,nan,nan,nan,nan,nan,0
9114946022,9114942152,0.0,0.16,0.0,0.16,nan,nan,nan,nan,nan,nan,nan,nan,0
9114954458,9114952074,0.0,0.15999997,0.0,0.16,nan,nan,nan,nan,nan,nan,nan,nan,0
9114964658,9114962248,0.0,0.15999998,0.0,0.15999998,nan,nan,nan,nan,nan,nan,nan,nan,0
9114974197,9114971404,0.0,0.15999997,0.0,0.15999997,nan,nan,nan,nan,nan,nan,nan,nan,0
9114984843,9114982473,0.0,0.15999997,0.0,0.15999997,nan,nan,nan,nan,nan,nan,nan,nan,0
9114994265,9114991683,0.0,0.15999997,0.0,0.15999997,nan,nan,nan,nan,nan,nan,nan,nan,0
9115004754,9115002107,0.0,0.16,0.023338735,0.13666125,nan,nan,nan,nan,nan,nan,nan,nan,0
9115015468,9115012291,0.021657988,0.1044956,0.06345768,0.13038869,nan,nan,nan,nan,nan,nan,nan,nan,0
9115023857,9115021280,0.036614195,0.092937104,0.05576151,0.13468716,nan,nan,nan,nan,nan,nan,nan,nan,0
9115034375,9115031739,0.0,0.16,0.024160758,0.13583922,nan,nan,nan,nan,nan,nan,nan,nan,0
9115044841,9115041998,0.0,0.15999998,9.313226e-10,0.15999998,nan,nan,nan,nan,nan,nan,nan,nan,0
9115054608,9115051079,0.0,0.15999997,0.0,0.15999997,nan,nan,nan,nan,nan,nan,nan,nan,0
9115063966,9115061588,0.0,0.15999997,0.0,0.16,nan,nan,nan,nan,nan,nan,nan,nan,0
9115074525,9115072097,0.0,0.16,0.0,0.15999997,nan,nan,nan,nan,nan,nan,nan,nan,0
9115084890,9115082299,0.0,0.16,0.0116001135,0.14839986,nan,nan,nan,nan,nan,nan,nan,nan,0
9115094349,9115091744,0.0,0.16,0.0511783,0.10882168,nan,nan,nan,nan,nan,nan,nan,nan,0
9115104802,9115102194,0.0,0.15999998,0.051553763,0.10844622,nan,nan,nan,nan,nan,nan,nan,nan,0
9115115498,9115112318,0.0,0.15999997,0.04485391,0.11514607,nan,nan,nan,nan,nan,nan,nan,nan,0
9115123971,9115121185,0.005286633,0.15060441,0.04516212,0.11894678,nan,nan,nan,nan,nan,nan,nan,nan,0
9115134344,9115131672,0.011221125,0.151166,0.03373521,0.12387762,nan,nan,nan,nan,nan,nan,nan,nan,0
9115144863,9115142446,0.023663588,0.1461136,0.027203515,0.12301925,nan,nan,nan,nan,nan,nan,nan,nan,0
9115155438,9115152409,0.06077167,0.11563904,0.028598633,0.11499062,nan,nan,nan,nan,nan,nan,nan,nan,0
9115164666,9115162085,0.0970055,0.085844874,0.035561323,0.101588264,nan,nan,nan,nan,nan,nan,nan,nan,0
9115174086,9115171708,0.10710727,0.08179912,0.04178643,0.089307144,nan,nan,nan,nan,nan,nan,nan,nan,0
9115184533,9115181733,0.08358059,0.10982207,0.047534443,0.07906286,nan,nan,nan,nan,nan,nan,nan,nan,0
9115196067,9115192565,0.053391032,0.14124757,0.050324038,0.075037315,nan,nan,nan,nan,nan,nan,nan,nan,0
9115204966,9115202356,0.027722174,0.16469447,0.04713788,0.08044543,nan,nan,nan,nan,nan,nan,nan,nan,0
9115215311,9115212842,0.014401675,0.17440166,0.020565573,0.11063105,nan,nan,nan,nan,nan,nan,nan,nan,0
9115225176,9115222385,0.009129912,0.1691299,0.0,0.14174016,nan,nan,nan,nan,nan,nan,nan,nan,0
9115234663,9115232090,0.026746502,0.1559068,0.021672504,0.115674146,nan,nan,nan,nan,nan,nan,nan,nan,0
9115245167,9115242759,0.07008041,0.10959279,0.03329743,0.10702934,nan,nan,nan,nan,nan,nan,nan,nan,0
9115255530,9115252749,0.070207,0.10904515,0.043620724,0.097127095,nan,nan,nan,nan,nan,nan,nan,nan,0
9115265996,9115262827,0.045889497,0.13444118,0.045025498,0.094643794,nan,nan,nan,nan,nan,nan,nan,nan,0
9115274584,9115271962,0.028709793,0.15161271,0.03671751,0.10295995,nan,nan,nan,nan,nan,nan,nan,nan,0
9115284972,9115282572,0.027136546,0.15185729,0.016783971,0.12422216,nan,nan,nan,nan,nan,nan,nan,nan,0
9115295359,9115292560,0.0044523925,0.15554759,0.0,0.15999998,nan,nan,nan,nan,nan,nan,nan,nan,0
9115306160,9115302060,0.0,0.16,0.0,0.15999997,nan,nan,nan,nan,nan,nan,nan,nan,0
9115314556,9115311960,0.0,0.16,0.0,0.15999997,nan,nan,nan,nan,nan,nan,nan,nan,0
9115325076,9115322284,0.0,0.15999997,0.0,0.15999997,nan,nan,nan,nan,nan,nan,nan,nan,0
9115336633,9115332736,0.0,0.15999997,0.044396125,0.11560386,nan,nan,nan,nan,nan,nan,nan,nan,0
9115345160,9115342754,0.0,0.15999998,0.10885707,0.051142912,nan,nan,nan,nan,nan,nan,nan,nan,0
9115354578,9115351961,0.011808019,0.1156199,0.1476131,0.04495896,nan,nan,nan,nan,nan,nan,nan,nan,0
9115365038,9115362205,0.047468852,0.07972813,0.13830534,0.054497644,nan,nan,nan,nan,nan,nan,nan,nan,0
9115375481,9115372493,0.062497795,0.0678581,0.12776345,0.061880615,nan,nan,nan,nan,nan,nan,nan,nan,0
9115385010,9115382612,0.061889023,0.073927954,0.121996514,0.062186472,nan,nan,nan,nan,nan,nan,nan,nan,0
9115394624,9115392024,0.09115414,0.05130081,0.11944053,0.05810448,nan,nan,nan,nan,nan,nan,nan,nan,0
9115405019,9115402416,0.12311347,0.028043125,0.11088072,0.057962667,nan,nan,nan,nan,nan,nan,nan,nan,0
9115414544,9115411945,0.10614907,0.05363632,0.09942574,0.06078883,nan,nan,nan,nan,nan,nan,nan,nan,0
9115424959,9115422561,0.06132567,0.105970025,0.098458074,0.054246195,nan,nan,nan,nan,nan,nan,nan,nan,0
9115435455,9115432660,0.040741935,0.1289248,0.11273949,0.037593737,nan,nan,nan,nan,nan,nan,nan,nan,0
9115446949,9115442865,0.037653066,0.1305527,0.12731154,0.024482666,nan,nan,nan,nan,nan,nan,nan,nan,0
9115454363,9115451951,0.026449619,0.13958117,0.13205916,0.021910021,nan,nan,nan,nan,nan,nan,nan,nan,0
9115464781,9115462392,0.008636704,0.15437207,0.13719174,0.019799454,nan,nan,nan,nan,nan,nan,nan,nan,0
9115475990,9115473126,0.0,0.16,0.13235268,0.027647316,nan,nan,nan,nan,nan,nan,nan,nan,0
9115485613,9115483043,0.0,0.15999998,0.11141972,0.048580263,nan,nan,nan,nan,nan,nan,nan,nan,0
9115495082,9115492498,0.0,0.15999997,0.113268055,0.04673192,nan,nan,nan,nan,nan,nan,nan,nan,0
9115505570,9115502731,0.0,0.15999997,0.14571902,0.014280959,nan,nan,nan,nan,nan,nan,nan,nan,0
9115517101,9115513191,0.005933144,0.13014853,0.17195913,0.011959157,nan,nan,nan,nan,nan,nan,nan,nan,0
9115524639,9115522018,0.02820247,0.10506097,0.17336826,0.013368267,nan,nan,nan,nan,nan,nan,nan,nan,0
9115535393,9115532930,0.027166337,0.10211086,0.17536138,0.015361387,nan,nan,nan,nan,nan,nan,nan,nan,0
9115545973,9115543163,0.030326895,0.0958019,0.17693558,0.016935594,nan,nan,nan,nan,nan,nan,nan,nan,0
9115556436,9115552312,0.02981579,0.095692985,0.17724557,0.017245606,nan,nan,nan,nan,nan,nan,nan,nan,0
9115565956,9115562269,0.0,0.13150285,0.1594009,0.029096216,nan,nan,nan,nan,nan,nan,nan,nan,0
9115575376,9115572568,0.0,0.15999997,0.121056356,0.038943633,nan,nan,nan,nan,nan,nan,nan,nan,0
9115586975,9115583277,0.0,0.16,0.13249639,0.027503606,nan,nan,nan,nan,nan,nan,nan,nan,0
9115595391,9115592814,0.0,0.15652493,0.16173753,0.001737535,nan,nan,nan,nan,nan,nan,nan,nan,0
9115605846,9115603447,0.007322971,0.11818667,0.17724515,0.01724517,nan,nan,nan,nan,nan,nan,nan,nan,0
9115615200,9115612426,0.008748088,0.11633332,0.17745927,0.017459285,nan,nan,nan,nan,nan,nan,nan,nan,0
9115626686,9115623019,0.017957931,0.10666408,0.17768896,0.017688984,nan,nan,nan,nan,nan,nan,nan,nan,0
9115635170,9115632550,0.07172102,0.050703693,0.17878762,0.018787637,nan,nan,nan,nan,nan,nan,nan,nan,0
9115645328,9115642891,0.08528891,0.03396054,0.18037523,0.020375263,nan,nan,nan,nan,nan,nan,nan,nan,0
9115655480,9115652892,0.049923733,0.06776213,0.18115705,0.021157058,nan,nan,nan,nan,nan,nan,nan,nan,0
9115664988,9115662410,0.034790978,0.08324599,0.18098147,0.020981504,nan,nan,nan,nan,nan,nan,nan,nan,0
9115675463,9115673048,0.052930407,0.06509905,0.18098523,0.020985259,nan,nan,nan,nan,nan,nan,nan,nan,0
9115686043,9115683468,0.06389795,0.052724287,0.18168887,0.021688871,nan,nan,nan,nan,nan,nan,nan,nan,0
9115695952,9115692441,0.045334592,0.07062954,0.17927769,0.024758145,nan,nan,nan,nan,nan,nan,nan,nan,0
9115705506,9115702913,0.033510223,0.08429524,0.16379602,0.038398467,nan,nan,nan,nan,nan,nan,nan,nan,0
9115715960,9115713545,0.021274175,0.10097709,0.15590458,0.041844126,nan,nan,nan,nan,nan,nan,nan,nan,0
9115726376,9115723776,0.01778493,0.110144764,0.15051296,0.041557305,nan,nan,nan,nan,nan,nan,nan,nan,0
9115736076,9115733458,0.029591847,0.104128815,0.14583558,0.040443722,nan,nan,nan,nan,nan,nan,nan,nan,0
9115745580,9115743167,0.036929358,0.101943284,0.14364691,0.03748041,nan,nan,nan,nan,nan,nan,nan,nan,0
9115755965,9115753157,0.02465928,0.11843448,0.14984861,0.0270576,nan,nan,nan,nan,nan,nan,nan,nan,0
9115767413,9115763352,0.009330478,0.13726145,0.16246456,0.010943476,nan,nan,nan,nan,nan,nan,nan,nan,0
9115774801,9115772239,0.022578081,0.12621367,0.1656041,0.0056041125,nan,nan,nan,nan,nan,nan,nan,nan,0
9115785290,9115782682,0.045012612,0.10494358,0.16502188,0.0050218953,nan,nan,nan,nan,nan,nan,nan,nan,0
9115795689,9115793090,0.06972817,0.07982575,0.165223,0.0052230265,nan,nan,nan,nan,nan,nan,nan,nan,0
9115806251,9115803655,0.10425923,0.04373874,0.16600099,0.0060010077,nan,nan,nan,nan,nan,nan,nan,nan,0
9115816289,9115813612,0.11719608,0.029135553,0.16683415,0.0068341736,nan,nan,nan,nan,nan,nan,nan,nan,0
9115825620,9115822831,0.10062066,0.044515777,0.16743177,0.0074317763,nan,nan,nan,nan,nan,nan,nan,nan,0
9115837123,9115833630,0.06580666,0.07894844,0.16762243,0.007622442,nan,nan,nan,nan,nan,nan,nan,nan,0
9115845490,9115842896,0.0,0.15999998,0.15881315,0.0011868333,nan,nan,nan,nan,nan,nan,nan,nan,0
9115855608,9115853201,0.0,0.15999998,0.12707756,0.032922417,nan,nan,nan,nan,nan,nan,nan,nan,0
9115866249,9115863463,0.0,0.15709783,0.16145106,0.0014510751,nan,nan,nan,nan,nan,nan,nan,nan,0
9115876423,9115872940,0.026995076,0.12693003,0.16303742,0.0030374404,nan,nan,nan,nan,nan,nan,nan,nan,0
9115886069,9115883684,0.031205287,0.12898922,0.15197249,0.007832965,nan,nan,nan,nan,nan,nan,nan,nan,0
9115895468,9115892890,0.05855791,0.10825977,0.12118037,0.03200191,nan,nan,nan,nan,nan,nan,nan,nan,0
9115906186,9115903331,0.093876384,0.07995183,0.11830833,0.027863426,nan,nan,nan,nan,nan,nan,nan,nan,0
9115915591,9115913213,0.10016619,0.07991165,0.122032136,0.017889986,nan,nan,nan,nan,nan,nan,nan,nan,0
9115926028,9115923626,0.07287645,0.11269677,0.11954496,0.014881782,nan,nan,nan,nan,nan,nan,nan,nan,0
9115936520,9115933942,0.063656636,0.124291204,0.12846427,0.0035878653,nan,nan,nan,nan,nan,nan,nan,nan,0
9115947036,9115943361,0.043237627,0.12651382,0.15024851,0.0,nan,nan,nan,nan,nan,nan,nan,nan,0
9115955527,9115953129,0.019851983,0.15565029,0.1444977,0.0,nan,nan,nan,nan,nan,nan,nan,nan,0
9115965974,9115963576,0.024583958,0.15133648,0.13565461,0.008424914,nan,nan,nan,nan,nan,nan,nan,nan,0
9115976381,9115973772,0.04531757,0.12506935,0.13507223,0.014540818,nan,nan,nan,nan,nan,nan,nan,nan,0
9115985937,9115983338,0.0460695,0.122139685,0.12693776,0.024853017,nan,nan,nan,nan,nan,nan,nan,nan,0
9115996374,9115993776,0.041664775,0.12694418,0.11903808,0.032352913,nan,nan,nan,nan,nan,nan,nan,nan,0
9116006081,9116003261,0.05377602,0.11616004,0.11235701,0.03770689,nan,nan,nan,nan,nan,nan,nan,nan,0
9116017543,9116013635,0.057863776,0.113482125,0.10035936,0.048294704,nan,nan,nan,nan,nan,nan,nan,nan,0
9116025970,9116023359,0.06434918,0.10722151,0.090340264,0.05808901,nan,nan,nan,nan,nan,nan,nan,nan,0
9116036488,9116034106,0.08107468,0.089272596,0.09528815,0.05436454,nan,nan,nan,nan,nan,nan,nan,nan,0
9116046258,9116043393,0.08579407,0.08376137,0.10438655,0.046057966,nan,nan,nan,nan,nan,nan,nan,nan,0
9116057364,9116054787,0.07813227,0.092343315,0.09756209,0.05196229,nan,nan,nan,nan,nan,nan,nan,nan,0
9116068586,9116064424,0.07466251,0.0968647,0.084292166,0.06418059,nan,nan,nan,nan,nan,nan,nan,nan,0
9116076041,9116073630,0.083867006,0.08754226,0.079887,0.068703696,nan,nan,nan,nan,nan,nan,nan,nan,0
9116087576,9116084106,0.09268132,0.07774174,0.07836241,0.07121449,nan,nan,nan,nan,nan,nan,nan,nan,0
9116095977,9116093415,0.08898328,0.08055779,0.05397947,0.096479416,nan,nan,nan,nan,nan,nan,nan,nan,0
9116106556,9116104149,0.0847572,0.08342726,0.026547402,0.12526812,nan,nan,nan,nan,nan,nan,nan,nan,0
9116115980,9116113353,0.09955696,0.06663231,0.018156085,0.13565461,nan,nan,nan,nan,nan,nan,nan,nan,0
9116126535,9116123530,0.11168025,0.052653767,0.021699876,0.13396607,nan,nan,nan,nan,nan,nan,nan,nan,0
9116135937,9116133330,0.10640909,0.05731313,0.025886007,0.13039175,nan,nan,nan,nan,nan,nan,nan,nan,0
9116146419,9116143619,0.104759954,0.058478005,0.04575611,0.111005895,nan,nan,nan,nan,nan,nan,nan,nan,0
9116157673,9116153557,0.10916099,0.053092346,0.068503544,0.089243084,nan,nan,nan,nan,nan,nan,nan,nan,0
9116166137,9116163551,0.10899241,0.05236425,0.07022971,0.088413596,nan,nan,nan,nan,nan,nan,nan,nan,0
9116176642,9116174235,0.09593233,0.065115415,0.057474434,0.10147779,nan,nan,nan,nan,nan,nan,nan,nan,0
9116186029,9116183441,0.08625691,0.07452574,0.044796016,0.11442129,nan,nan,nan,nan,nan,nan,nan,nan,0
9116197569,9116193862,0.10749581,0.052885838,0.03769268,0.121925645,nan,nan,nan,nan,nan,nan,nan,nan,0
9116205958,9116203579,0.13295998,0.028147008,0.035162266,0.1237307,nan,nan,nan,nan,nan,nan,nan,nan,0
9116216466,9116213873,0.13538983,0.028250165,0.034960985,0.12139897,nan,nan,nan,nan,nan,nan,nan,nan,0
9116226914,9116224106,0.12385116,0.04311146,0.039149195,0.11388815,nan,nan,nan,nan,nan,nan,nan,nan,0
9116236413,9116233842,0.11199834,0.057858277,0.048401814,0.10174153,nan,nan,nan,nan,nan,nan,nan,nan,0
9116245987,9116243392,0.10714191,0.06489009,0.056678683,0.09128928,nan,nan,nan,nan,nan,nan,nan,nan,0
9116256354,9116253572,0.10960032,0.06402482,0.061142895,0.08523193,nan,nan,nan,nan,nan,nan,nan,nan,0
9116267965,9116263868,0.118310094,0.056100324,0.05486346,0.09072609,nan,nan,nan,nan,nan,nan,nan,nan,0
9116276398,9116273820,0.12814477,0.046096332,0.042632274,0.10312659,nan,nan,nan,nan,nan,nan,nan,nan,0
9116285907,9116283502,0.13422771,0.03972187,0.03419456,0.11185582,nan,nan,nan,nan,nan,nan,nan,nan,0
9116296341,9116293490,0.14498536,0.028948786,0.025723426,0.12034239,nan,nan,nan,nan,nan,nan,nan,nan,0
9116306816,9116304223,0.15915324,0.014779428,0.019815257,0.12625204,nan,nan,nan,nan,nan,nan,nan,nan,0
9116316180,9116313614,0.16213357,0.012226001,0.016627338,0.12901305,nan,nan,nan,nan,nan,nan,nan,nan,0
9116327311,9116324453,0.14437816,0.030593686,0.015445278,0.12958285,nan,nan,nan,nan,nan,nan,nan,nan,0
9116337754,9116334349,0.13671649,0.03747642,0.012302041,0.13350502,nan,nan,nan,nan,nan,nan,nan,nan,0
9116346173,9116343591,0.15864076,0.013220605,0.0109717725,0.13716683,nan,nan,nan,nan,nan,nan,nan,nan,0
9116356646,9116354017,0.16466068,0.00466069,0.0145307835,0.13614781,nan,nan,nan,nan,nan,nan,nan,nan,0
9116367059,9116364223,0.1570036,0.011869929,0.015702743,0.13542369,nan,nan,nan,nan,nan,nan,nan,nan,0
9116376467,9116373693,0.1586397,0.011659658,0.021219948,0.12848064,nan,nan,nan,nan,nan,nan,nan,nan,0
9116386976,9116384391,0.16261587,0.010392286,0.021071728,0.12592007,nan,nan,nan,nan,nan,nan,nan,nan,0
9116397357,9116394568,0.16461354,0.011234358,0.019444555,0.124707505,nan,nan,nan,nan,nan,nan,nan,nan,0
9116407940,9116404501,0.16903836,0.009038384,0.018453598,0.12346963,nan,nan,nan,nan,nan,nan,nan,nan,0
9116416492,9116413900,0.16965908,0.009659111,0.014736597,0.12594515,nan,nan,nan,nan,nan,nan,nan,nan,0
9116426984,9116424578,0.16997048,0.009970504,0.008857918,0.13120106,nan,nan,nan,nan,nan,nan,nan,nan,0
9116437462,9116434635,0.16743484,0.00743486,0.0,0.14513025,nan,nan,nan,nan,nan,nan,nan,nan,0
9116447360,9116443444,0.15439796,0.013544872,0.0,0.15205711,nan,nan,nan,nan,nan,nan,nan,nan,0
9116456534,9116454144,0.16005562,0.019463297,0.0020856606,0.13839538,nan,nan,nan,nan,nan,nan,nan,nan,0
9116467006,9116464613,0.1575756,0.020933036,0.009260491,0.13223082,nan,nan,nan,nan,nan,nan,nan,nan,0
9116476496,9116473889,0.13966975,0.037836142,0.01432795,0.12816612,nan,nan,nan,nan,nan,nan,nan,nan,0
9116486988,9116484619,0.14493813,0.030455923,0.012557382,0.13204853,nan,nan,nan,nan,nan,nan,nan,nan,0
9116496766,9116494102,0.1635837,0.008748721,0.009816784,0.13785076,nan,nan,nan,nan,nan,nan,nan,nan,0
9116507211,9116504595,0.15839307,0.011187999,0.012066485,0.13835241,nan,nan,nan,nan,nan,nan,nan,nan,0
9116517578,9116513863,0.15668374,0.011376756,0.013513298,0.13842617,nan,nan,nan,nan,nan,nan,nan,nan,0
9116526429,9116523731,0.1631385,0.0031385142,0.022592692,0.13113026,nan,nan,nan,nan,nan,nan,nan,nan,0
9116537154,9116534724,0.16225724,0.0022572423,0.031392917,0.124092594,nan,nan,nan,nan,nan,nan,nan,nan,0
9116546968,9116544359,0.16198595,0.0019859865,0.041946184,0.114081815,nan,nan,nan,nan,nan,nan,nan,nan,0
9116556512,9116553913,0.16215178,0.0021518178,0.047389496,0.10830685,nan,nan,nan,nan,nan,nan,nan,nan,0
9116567089,9116564473,0.162701,0.0027009998,0.03023994,0.12435804,nan,nan,nan,nan,nan,nan,nan,nan,0
9116577595,9116574728,0.1630283,0.0030283004,0.008245456,0.14569792,nan,nan,nan,nan,nan,nan,nan,nan,0
9116588259,9116584700,0.16250041,0.0025004188,0.0022330394,0.15276611,nan,nan,nan,nan,nan,nan,nan,nan,0
9116596973,9116594343,0.16159831,0.0015983371,0.022871414,0.1339319,nan,nan,nan,nan,nan,nan,nan,nan,0
9116606377,9116603793,0.16105914,0.0010591798,0.05298486,0.104896754,nan,nan,nan,nan,nan,nan,nan,nan,0
9116616822,9116614010,0.16143493,0.0014349566,0.055648442,0.10148164,nan,nan,nan,nan,nan,nan,nan,nan,0
9116627299,9116624703,0.16252187,0.002521897,0.040255945,0.11470024,nan,nan,nan,nan,nan,nan,nan,nan,0
9116636795,9116634221,0.16332908,0.003329106,0.02689547,0.12644629,nan,nan,nan,nan,nan,nan,nan,nan,0
9116647336,9116644529,0.16383405,0.003834067,0.013601156,0.13873069,nan,nan,nan,nan,nan,nan,nan,nan,0
9116658809,9116654931,0.16413796,0.0041379873,0.0049433913,0.14678061,nan,nan,nan,nan,nan,nan,nan,nan,0
9116666188,9116663819,0.1643182,0.004318224,0.0104681235,0.14089541,nan,nan,nan,nan,nan,nan,nan,nan,0
9116677201,9116674779,0.16432424,0.004324245,0.008871658,0.14247985,nan,nan,nan,nan,nan,nan,nan,nan,0
9116687698,9116685097,0.14213364,0.025510907,0.016427964,0.13592745,nan,nan,nan,nan,nan,nan,nan,nan,0
9116697991,9116694098,0.13348907,0.031444736,0.01808405,0.1369821,nan,nan,nan,nan,nan,nan,nan,nan,0
9116706920,9116704536,0.14739238,0.012763176,0.005419206,0.1544252,nan,nan,nan,nan,nan,nan,nan,nan,0
9116717404,9116715012,0.15021028,0.005889962,0.0019498669,0.16194983,nan,nan,nan,nan,nan,nan,nan,nan,0
9116727769,9116724992,0.15910403,0.0,0.0004479736,0.16044797,nan,nan,nan,nan,nan,nan,nan,nan,0
9116737251,9116734884,0.15999997,0.0,0.011632413,0.14836755,nan,nan,nan,nan,nan,nan,nan,nan,0
9116746799,9116744409,0.15999997,0.0,0.012082219,0.14791775,nan,nan,nan,nan,nan,nan,nan,nan,0
9116757202,9116754597,0.15040228,0.0019475033,0.022348411,0.14530176,nan,nan,nan,nan,nan,nan,nan,nan,0
9116768858,9116764777,0.14411278,0.00964796,0.030002808,0.13623641,nan,nan,nan,nan,nan,nan,nan,nan,0
9116777273,9116774887,0.13506676,0.019678911,0.026350865,0.13890342,nan,nan,nan,nan,nan,nan,nan,nan,0
9116787756,9116785161,0.12915394,0.026368245,0.021611273,0.14286649,nan,nan,nan,nan,nan,nan,nan,nan,0
9116797201,9116794609,0.13240997,0.024073329,0.021849763,0.14166689,nan,nan,nan,nan,nan,nan,nan,nan,0
9116806694,9116804108,0.14244995,0.014893152,0.022993792,0.13966307,nan,nan,nan,nan,nan,nan,nan,nan,0
9116817202,9116814816,0.14621638,0.011903273,0.03262712,0.1292532,nan,nan,nan,nan,nan,nan,nan,nan,0
9116827707,9116824887,0.1405061,0.019186737,0.04795785,0.11234927,nan,nan,nan,nan,nan,nan,nan,nan,0
9116839161,9116834896,0.12183749,0.040566098,0.057711985,0.09988439,nan,nan,nan,nan,nan,nan,nan,nan,0
9116846778,9116844166,0.09803641,0.067618266,0.06711632,0.08722897,nan,nan,nan,nan,nan,nan,nan,nan,0
9116857285,9116854910,0.085116185,0.084123455,0.07683599,0.07392433,nan,nan,nan,nan,nan,nan,nan,nan,0
9116867892,9116865303,0.067149594,0.10476452,0.08473363,0.06335222,nan,nan,nan,nan,nan,nan,nan,nan,0
9116877347,9116874769,0.075643025,0.09797596,0.06983443,0.07654654,nan,nan,nan,nan,nan,nan,nan,nan,0
9116887779,9116885386,0.112977915,0.060773365,0.03767543,0.10857326,nan,nan,nan,nan,nan,nan,nan,nan,0
9116898140,9116895361,0.11078462,0.061553285,0.0073717544,0.1402903,nan,nan,nan,nan,nan,nan,nan,nan,0
9116908646,9116905257,0.06820873,0.10239776,0.0,0.14939347,nan,nan,nan,nan,nan,nan,nan,nan,0
9116917036,9116914441,0.034296066,0.13681842,0.017055886,0.13182959,nan,nan,nan,nan,nan,nan,nan,nan,0
9116927533,9116924934,0.027353274,0.14494763,0.045040578,0.10265848,nan,nan,nan,nan,nan,nan,nan,nan,0
9116937359,9116934541,0.030749414,0.14395744,0.07274928,0.07254384,nan,nan,nan,nan,nan,nan,nan,nan,0
9116948357,9116944787,0.041274294,0.1363106,0.081423804,0.06099126,nan,nan,nan,nan,nan,nan,nan,nan,0
9116957918,9116955530,0.05854701,0.12041029,0.08235198,0.05869067,nan,nan,nan,nan,nan,nan,nan,nan,0
9116967465,9116964654,0.06683394,0.11202252,0.0883901,0.052753404,nan,nan,nan,nan,nan,nan,nan,nan,0
9116978662,9116975471,0.055925563,0.12301303,0.081705146,0.05935622,nan,nan,nan,nan,nan,nan,nan,nan,0
9116987439,9116984835,0.0564906,0.12288998,0.06636992,0.07424946,nan,nan,nan,nan,nan,nan,nan,nan,0
9116997557,9116995160,0.06450221,0.11452331,0.059539188,0.08143526,nan,nan,nan,nan,nan,nan,nan,nan,0
9117008364,9117005772,0.06554416,0.11206542,0.059414104,0.08297628,nan,nan,nan,nan,nan,nan,nan,nan,0
9117018231,9117015220,0.05911474,0.11669441,0.056937817,0.087253,nan,nan,nan,nan,nan,nan,nan,nan,0
9117027682,9117025299,0.045292526,0.1286027,0.05331786,0.09278688,nan,nan,nan,nan,nan,nan,nan,nan,0
9117037291,9117034912,0.035556775,0.13731982,0.054328065,0.09279531,nan,nan,nan,nan,nan,nan,nan,nan,0
9117047813,9117044983,0.036703974,0.13570431,0.06437885,0.08321283,nan,nan,nan,nan,nan,nan,nan,nan,0
9117057218,9117054650,0.030634599,0.14146495,0.06973341,0.07816701,nan,nan,nan,nan,nan,nan,nan,nan,0
9117067813,9117065225,0.013603858,0.15783241,0.0696547,0.078908995,nan,nan,nan,nan,nan,nan,nan,nan,0
9117078283,9117075462,0.0070674177,0.1624759,0.071249284,0.07920735,nan,nan,nan,nan,nan,nan,nan,nan,0
9117088820,9117085455,0.005163666,0.16174297,0.06590814,0.08718517,nan,nan,nan,nan,nan,nan,nan,nan,0
9117097214,9117094845,0.00238553,0.1623855,0.058517385,0.09671154,nan,nan,nan,nan,nan,nan,nan,nan,0
9117108114,9117105475,0.0015560486,0.16155602,0.07916202,0.07772587,nan,nan,nan,nan,nan,nan,nan,nan,0
9117118586,9117115961,0.010774207,0.15220207,0.07093242,0.086091265,nan,nan,nan,nan,nan,nan,nan,nan,0
9117127988,9117125623,0.034864243,0.13152848,0.0,0.15360723,nan,nan,nan,nan,nan,nan,nan,nan,0
9117137414,9117135048,0.0,0.15999997,0.0,0.15999997,nan,nan,nan,nan,nan,nan,nan,nan,0
9117147944,9117145095,0.0,0.16,0.0,0.15999997,nan,nan,nan,nan,nan,nan,nan,nan,0
9117159388,9117155720,0.013345543,0.17334554,0.0010339133,0.13227499,nan,nan,nan,nan,nan,nan,nan,nan,0
9117167882,9117165485,0.011909634,0.17190962,0.0,0.13618071,nan,nan,nan,nan,nan,nan,nan,nan,0
9117177277,9117174903,0.0,0.16,0.0,0.15999997,nan,nan,nan,nan,nan,nan,nan,nan,0
9117187812,9117185213,0.0,0.15999998,0.0,0.15999998,nan,nan,nan,nan,nan,nan,nan,nan,0
9117198363,9117194857,0.0,0.15999998,0.0,0.15999998,nan,nan,nan,nan,nan,nan,nan,nan,0
9117207785,9117205205,1.8626451e-09,0.16,0.0,0.15999997,nan,nan,nan,nan,nan,nan,nan,nan,0
9117218158,9117214988,0.013059898,0.17305988,0.008383905,0.12549628,nan,nan,nan,nan,nan,nan,nan,nan,0
9117229798,9117225695,0.012402542,0.1724025,0.004997574,0.13019735,nan,nan,nan,nan,nan,nan,nan,nan,0
9117237124,9117234755,0.0,0.15999997,0.0,0.16,nan,nan,nan,nan,nan,nan,nan,nan,0
9117247614,9117245005,0.0,0.16,0.0,0.15999997,nan,nan,nan,nan,nan,nan,nan,nan,0
9117258020,9117255198,0.0,0.16,0.0,0.15999997,nan,nan,nan,nan,nan,nan,nan,nan,0
9117268558,9117265504,0.0,0.15999997,0.0,0.16,nan,nan,nan,nan,nan,nan,nan,nan,0
9117278379,9117275937,0.0,0.15999997,0.0,0.16,nan,nan,nan,nan,nan,nan,nan,nan,0
9117288072,9117285666,0.0,0.16,0.0,0.15999997,nan,nan,nan,nan,nan,nan,nan,nan,0
9117298520,9117295905,9.313226e-10,0.15999997,0.0,0.15999997,nan,nan,nan,nan,nan,nan,nan,nan,0
9117307965,9117305562,0.0050902967,0.15490967,0.0,0.16,nan,nan,nan,nan,nan,nan,nan,nan,0
9117318409,9117315819,0.010392174,0.15789875,0.0024567698,0.14925227,nan,nan,nan,nan,nan,nan,nan,nan,0
9117329249,9117326616,0.0032502478,0.16015649,0.01906502,0.1375282,nan,nan,nan,nan,nan,nan,nan,nan,0
9117338227,9117334852,0.0007504652,0.16075045,0.037002474,0.12149658,nan,nan,nan,nan,nan,nan,nan,nan,0
9117348325,9117345686,0.00059958786,0.16059957,0.036458664,0.12234215,nan,nan,nan,nan,nan,nan,nan,nan,0
9117358080,9117355649,0.0008736086,0.16087359,0.045144618,0.11310814,nan,nan,nan,nan,nan,nan,nan,nan,0
9117368611,9117366028,0.0006276123,0.16062759,0.04479262,0.11395214,nan,nan,nan,nan,nan,nan,nan,nan,0
9117378957,9117376318,0.0,0.15999997,0.01766926,0.14233072,nan,nan,nan,nan,nan,nan,nan,nan,0
9117388336,9117385762,0.0,0.15999998,0.014860139,0.14513984,nan,nan,nan,nan,nan,nan,nan,nan,0
9117398757,9117396152,0.0,0.15897594,0.031589076,0.12943496,nan,nan,nan,nan,nan,nan,nan,nan,0
9117409302,9117405927,0.0,0.15999997,0.010805876,0.1491941,nan,nan,nan,nan,nan,nan,nan,nan,0
9117417792,9117415382,0.0,0.16,0.0,0.16,nan,nan,nan,nan,nan,nan,nan,nan,0
9117428484,9117426092,0.0,0.15999997,0.013175145,0.14682484,nan,nan,nan,nan,nan,nan,nan,nan,0
9117438880,9117436309,0.0,0.15999997,0.008629337,0.15137064,nan,nan,nan,nan,nan,nan,nan,nan,0
9117448904,9117446290,0.0,0.16,0.013486236,0.14651373,nan,nan,nan,nan,nan,nan,nan,nan,0
9117458374,9117455979,0.0016683787,0.121337235,0.042911515,0.15408283,nan,nan,nan,nan,nan,nan,nan,nan,0
9117468837,9117466199,0.008898981,0.1117509,0.05455225,0.14479783,nan,nan,nan,nan,nan,nan,nan,nan,0
9117479603,9117476386,0.011509232,0.109556176,0.06889243,0.13004214,nan,nan,nan,nan,nan,nan,nan,nan,0
9117487968,9117485603,0.03127803,0.09150918,0.07331813,0.123894624,nan,nan,nan,nan,nan,nan,nan,nan,0
9117498541,9117496127,0.03674271,0.08989828,0.06375319,0.12960579,nan,nan,nan,nan,nan,nan,nan,nan,0
9117508986,9117506169,0.031108804,0.10103574,0.043772437,0.144083,nan,nan,nan,nan,nan,nan,nan,nan,0
9117519481,9117515766,0.05552432,0.08130203,0.0298063,0.15336731,nan,nan,nan,nan,nan,nan,nan,nan,0
9117528139,9117525647,0.10476942,0.035655737,0.031642437,0.14793237,nan,nan,nan,nan,nan,nan,nan,nan,0
9117538422,9117535977,0.1066835,0.038770504,0.042553447,0.1319925,nan,nan,nan,nan,nan,nan,nan,nan,0
9117548922,9117546296,0.08698176,0.06503087,0.056407426,0.11157991,nan,nan,nan,nan,nan,nan,nan,nan,0
9117558393,9117555819,0.10793488,0.04902005,0.06359184,0.099453196,nan,nan,nan,nan,nan,nan,nan,nan,0
9117568917,9117566313,0.12802222,0.032211736,0.046934657,0.11283134,nan,nan,nan,nan,nan,nan,nan,nan,0
9117578229,9117575452,0.122264035,0.040281303,0.013087921,0.14436671,nan,nan,nan,nan,nan,nan,nan,nan,0
9117589825,9117585960,0.1125044,0.047495577,0.0,0.15999997,nan,nan,nan,nan,nan,nan,nan,nan,0
9117598250,9117595870,0.13455892,0.025441062,0.0,0.15999998,nan,nan,nan,nan,nan,nan,nan,nan,0
9117608804,9117606146,0.14142373,0.023532307,0.014502787,0.14054114,nan,nan,nan,nan,nan,nan,nan,nan,0
9117619348,9117616504,0.11761176,0.048981063,0.023960816,0.12944633,nan,nan,nan,nan,nan,nan,nan,nan,0
9117628787,9117626177,0.10697185,0.06165481,0.02446505,0.12690826,nan,nan,nan,nan,nan,nan,nan,nan,0
9117638285,9117635892,0.11555326,0.05443991,0.025147744,0.12485905,nan,nan,nan,nan,nan,nan,nan,nan,0
9117648797,9117645961,0.11721208,0.053523697,0.021363303,0.12790087,nan,nan,nan,nan,nan,nan,nan,nan,0
9117660282,9117656187,0.13079906,0.039704487,0.020860694,0.12863573,nan,nan,nan,nan,nan,nan,nan,nan,0
9117668694,9117666309,0.15111428,0.01833251,0.026510747,0.124042414,nan,nan,nan,nan,nan,nan,nan,nan,0
9117678112,9117675736,0.15889764,0.00911111,0.032490842,0.11950038,nan,nan,nan,nan,nan,nan,nan,nan,0
9117688480,9117685704,0.16271122,0.0027112404,0.05855533,0.09602217,nan,nan,nan,nan,nan,nan,nan,nan,0
9117699139,9117696519,0.16111302,0.0011130503,0.08556906,0.07220482,nan,nan,nan,nan,nan,nan,nan,nan,0
9117708600,9117706190,0.1604771,0.0004771447,0.08511435,0.073931344,nan,nan,nan,nan,nan,nan,nan,nan,0
9117718954,9117716175,0.16129977,0.0012997938,0.025917072,0.13148332,nan,nan,nan,nan,nan,nan,nan,nan,0
9117730473,9117726600,0.090938315,0.06906167,0.0,0.15999998,nan,nan,nan,nan,nan,nan,nan,nan,0
9117738855,9117736487,0.067626946,0.092373036,0.0,0.15999998,nan,nan,nan,nan,nan,nan,nan,nan,0
9117748397,9117745813,0.12025799,0.039741993,0.0,0.16,nan,nan,nan,nan,nan,nan,nan,nan,0
9117758864,9117756057,0.13465926,0.025340721,0.0,0.16,nan,nan,nan,nan,nan,nan,nan,nan,0
9117769338,9117765643,0.12124886,0.03875111,0.0,0.16,nan,nan,nan,nan,nan,nan,nan,nan,0
9117778721,9117776155,0.14618143,0.013818547,0.0,0.15999998,nan,nan,nan,nan,nan,nan,nan,nan,0
9117789339,9117786484,0.16348577,0.003485766,0.014086875,0.13894159,nan,nan,nan,nan,nan,nan,nan,nan,0
9117799812,9117796601,0.16507299,0.005073017,0.008505041,0.14134891,nan,nan,nan,nan,nan,nan,nan,nan,0
9117808419,9117805826,0.1497854,0.023019977,0.0014148871,0.1457797,nan,nan,nan,nan,nan,nan,nan,nan,0
9117819098,9117816716,0.13138029,0.028619692,0.0,0.16,nan,nan,nan,nan,nan,nan,nan,nan,0
9117829616,9117826763,0.120490804,0.039509177,0.0,0.15999998,nan,nan,nan,nan,nan,nan,nan,nan,0
9117840103,9117836375,0.12422708,0.03577292,0.0,0.16,nan,nan,nan,nan,nan,nan,nan,nan,0
9117848460,9117846085,0.12148799,0.03851199,0.0,0.15999998,nan,nan,nan,nan,nan,nan,nan,nan,0
9117858967,9117856539,0.12779623,0.032203734,0.0,0.15999997,nan,nan,nan,nan,nan,nan,nan,nan,0
9117869518,9117866824,0.15999998,0.0,0.0034368187,0.15656316,nan,nan,nan,nan,nan,nan,nan,nan,0
9117878984,9117876577,0.15999998,0.0,0.03766486,0.12233512,nan,nan,nan,nan,nan,nan,nan,nan,0
9117888445,9117886051,0.15999997,0.0,0.05633968,0.10366029,nan,nan,nan,nan,nan,nan,nan,nan,0
9117899378,9117896557,0.16,0.0,0.07300617,0.086993806,nan,nan,nan,nan,nan,nan,nan,nan,0
9117909861,9117906478,0.16,0.0,0.09770885,0.06229112,nan,nan,nan,nan,nan,nan,nan,nan,0
9117919349,9117916945,0.16,0.0,0.114843056,0.045156933,nan,nan,nan,nan,nan,nan,nan,nan,0
9117928791,9117926380,0.15999997,0.0,0.097815655,0.06218433,nan,nan,nan,nan,nan,nan,nan,nan,0
9117939181,9117936372,0.16,0.0,0.041367486,0.11863249,nan,nan,nan,nan,nan,nan,nan,nan,0
9117948663,9117946076,0.16,0.0,0.008054568,0.15194541,nan,nan,nan,nan,nan,nan,nan,nan,0
9117959412,9117956977,0.15999998,0.0,0.029511012,0.13048898,nan,nan,nan,nan,nan,nan,nan,nan,0
9117969830,9117966822,0.15999997,0.0,0.06237869,0.0976213,nan,nan,nan,nan,nan,nan,nan,nan,0
9117980342,9117976942,0.15999997,0.0,0.07493817,0.08506181,nan,nan,nan,nan,nan,nan,nan,nan,0
9117989028,9117986415,0.15999997,0.0,0.0827195,0.077280484,nan,nan,nan,nan,nan,nan,nan,nan,0
9117999524,9117997093,0.15999997,0.0,0.10220599,0.05779399,nan,nan,nan,nan,nan,nan,nan,nan,0
9118008963,9118006345,0.15999997,0.0,0.14363155,0.016368441,nan,nan,nan,nan,nan,nan,nan,nan,0
9118019412,9118017021,0.15999997,0.0,0.15999997,1.8626451e-09,nan,nan,nan,nan,nan,nan,nan,nan,0
9118030358,9118026633,0.15999997,0.0,0.15999997,0.0,nan,nan,nan,nan,nan,nan,nan,nan,0
9118038815,9118036408,0.15999997,0.0,0.15999998,0.0,nan,nan,nan,nan,nan,nan,nan,nan,0
9118050656,9118047168,0.15999997,0.0,0.15999997,0.0,nan,nan,nan,nan,nan,nan,nan,nan,0
9118059078,9118056474,0.15999997,0.0,0.15999998,0.0,nan,nan,nan,nan,nan,nan,nan,nan,0
9118069632,9118067225,0.16103625,0.0010362634,0.15707389,0.00085359125,nan,nan,nan,nan,nan,nan,nan,nan,0
9118079044,9118076446,0.16158581,0.0015858411,0.11951546,0.037312858,nan,nan,nan,nan,nan,nan,nan,nan,0
9118089574,9118085838,0.1619717,0.0019717193,0.109768376,0.046288166,nan,nan,nan,nan,nan,nan,nan,nan,0
9118098912,9118096548,0.16248687,0.0024868872,0.12121072,0.033815484,nan,nan,nan,nan,nan,nan,nan,nan,0
9118109492,9118107072,0.16344434,0.0034443485,0.12558138,0.027529921,nan,nan,nan,nan,nan,nan,nan,nan,0
9118119846,9118117264,0.16486186,0.0048618927,0.12249839,0.027777804,nan,nan,nan,nan,nan,nan,nan,nan,0
9118129902,9118127276,0.16643058,0.006430616,0.1112185,0.035920244,nan,nan,nan,nan,nan,nan,nan,nan,0
9118139173,9118136794,0.16797811,0.007978115,0.09539653,0.04864722,nan,nan,nan,nan,nan,nan,nan,nan,0
9118149795,9118147216,0.17006123,0.010061267,0.089763656,0.050113793,nan,nan,nan,nan,nan,nan,nan,nan,0
9118160331,9118156853,0.17245623,0.012456271,0.05897635,0.076111086,nan,nan,nan,nan,nan,nan,nan,nan,0
9118168777,9118166381,0.17480959,0.014809591,0.0012617735,0.12911902,nan,nan,nan,nan,nan,nan,nan,nan,0
9118178953,9118176507,0.14585906,0.014140923,0.0,0.15999998,nan,nan,nan,nan,nan,nan,nan,nan,0
9118189514,9118186718,0.15372422,0.006275758,0.0,0.15999998,nan,nan,nan,nan,nan,nan,nan,nan,0
9118198944,9118196379,0.17423177,0.014231782,0.011397306,0.12013911,nan,nan,nan,nan,nan,nan,nan,nan,0
9118209495,9118206895,0.17182681,0.011826806,0.036209993,0.10013637,nan,nan,nan,nan,nan,nan,nan,nan,0
9118220044,9118217211,0.1697921,0.009792115,0.039784357,0.10063141,nan,nan,nan,nan,nan,nan,nan,nan,0
9118230586,9118227183,0.16838053,0.008380551,0.031945627,0.11129326,nan,nan,nan,nan,nan,nan,nan,nan,0
9118238929,9118236564,0.16740096,0.0074009746,0.011734381,0.13346365,nan,nan,nan,nan,nan,nan,nan,nan,0
9118249469,9118246820,0.15643954,0.0035604392,0.0,0.15999998,nan,nan,nan,nan,nan,nan,nan,nan,0
9118259771,9118256979,0.14131787,0.018682092,0.0,0.15999997,nan,nan,nan,nan,nan,nan,nan,nan,0
9118269258,9118266676,0.15528134,0.004718647,0.0,0.15999998,nan,nan,nan,nan,nan,nan,nan,nan,0
9118279200,9118276531,0.16329536,0.0032953632,0.01900765,0.13440162,nan,nan,nan,nan,nan,nan,nan,nan,0
9118289602,9118286779,0.16103305,0.0010330823,0.021612093,0.13632171,nan,nan,nan,nan,nan,nan,nan,nan,0
9118301195,9118297508,0.15999998,0.0,0.006172524,0.15382746,nan,nan,nan,nan,nan,nan,nan,nan,0
9118309697,9118307314,0.14261252,0.0089868745,0.0042002955,0.16420028,nan,nan,nan,nan,nan,nan,nan,nan,0
9118319160,9118316540,0.11106369,0.03599135,0.0064724763,0.16647245,nan,nan,nan,nan,nan,nan,nan,nan,0
9118329622,9118326938,0.073057055,0.07005526,0.008443833,0.16844381,nan,nan,nan,nan,nan,nan,nan,nan,0
9118340045,9118337234,0.034539055,0.10553345,0.00996374,0.1699637,nan,nan,nan,nan,nan,nan,nan,nan,0
9118349471,9118346867,0.008201886,0.12890437,0.011446862,0.17144684,nan,nan,nan,nan,nan,nan,nan,nan,0
9118359865,9118357083,0.050419025,0.082022525,0.013779216,0.17377922,nan,nan,nan,nan,nan,nan,nan,nan,0
9118371378,9118367710,0.14333872,0.0,0.03572831,0.14093293,nan,nan,nan,nan,nan,nan,nan,nan,0
9118379831,9118377432,0.15999998,0.0,0.07551099,0.08448899,nan,nan,nan,nan,nan,nan,nan,nan,0
9118389384,9118386986,0.12787302,0.0,0.053327043,0.1387999,nan,nan,nan,nan,nan,nan,nan,nan,0
9118399748,9118397172,0.07505954,0.048059277,0.043811075,0.15307006,nan,nan,nan,nan,nan,nan,nan,nan,0
9118410302,9118407320,0.037468184,0.08864443,0.030002821,0.16388452,nan,nan,nan,nan,nan,nan,nan,nan,0
9118419698,9118417327,0.010631021,0.11794345,0.02807599,0.1633495,nan,nan,nan,nan,nan,nan,nan,nan,0
9118430190,9118427591,0.0,0.14213406,0.024366513,0.1534994,nan,nan,nan,nan,nan,nan,nan,nan,0
9118439522,9118436942,0.0,0.15999998,0.0,0.15999998,nan,nan,nan,nan,nan,nan,nan,nan,0
9118449993,9118447625,0.0,0.15999997,0.0,0.15999997,nan,nan,nan,nan,nan,nan,nan,nan,0
9118459370,9118456808,0.01041152,0.12918863,0.016270023,0.1641298,nan,nan,nan,nan,nan,nan,nan,nan,0
9118470868,9118467853,0.027848642,0.10800969,0.04162335,0.14251827,nan,nan,nan,nan,nan,nan,nan,nan,0
9118479449,9118476827,0.030750679,0.101722255,0.065274,0.12225303,nan,nan,nan,nan,nan,nan,nan,nan,0
9118489591,9118487201,0.0041813944,0.12624602,0.06945283,0.12011973,nan,nan,nan,nan,nan,nan,nan,nan,0
9118500093,9118497668,0.0,0.16,0.030292677,0.1297073,nan,nan,nan,nan,nan,nan,nan,nan,0
9118510568,9118507733,0.0,0.15999998,0.025989162,0.13401082,nan,nan,nan,nan,nan,nan,nan,nan,0
9118520317,9118517847,0.0,0.15999997,0.05796091,0.10203908,nan,nan,nan,nan,nan,nan,nan,nan,0
9118529902,9118527371,0.011799283,0.122579515,0.064599365,0.12102179,nan,nan,nan,nan,nan,nan,nan,nan,0
9118540467,9118537622,0.005211709,0.12915401,0.053382933,0.13225129,nan,nan,nan,nan,nan,nan,nan,nan,0
9118551258,9118547757,0.0,0.15999998,0.034353852,0.12564613,nan,nan,nan,nan,nan,nan,nan,nan,0
9118560370,9118557772,0.0,0.15999998,0.030786382,0.1292136,nan,nan,nan,nan,nan,nan,nan,nan,0
9118569834,9118567437,0.0,0.15999998,0.03590823,0.12409176,nan,nan,nan,nan,nan,nan,nan,nan,0
9118580264,9118577443,0.0,0.15999997,0.03117141,0.12882857,nan,nan,nan,nan,nan,nan,nan,nan,0
9118590737,9118587042,0.0,0.15999997,0.022753328,0.13724665,nan,nan,nan,nan,nan,nan,nan,nan,0
9118600140,9118597735,0.0,0.16,0.024960818,0.13503915,nan,nan,nan,nan,nan,nan,nan,nan,0
9118610586,9118607770,0.0,0.15999997,0.04995805,0.11004194,nan,nan,nan,nan,nan,nan,nan,nan,0
9118622002,9118617942,0.0,0.14151794,0.08711023,0.0913718,nan,nan,nan,nan,nan,nan,nan,nan,0
9118629472,9118627038,0.008320397,0.114559405,0.097287305,0.099832855,nan,nan,nan,nan,nan,nan,nan,nan,0
9118640182,9118637745,0.0,0.12906879,0.07758616,0.11334501,nan,nan,nan,nan,nan,nan,nan,nan,0
9118650629,9118647826,0.0,0.16,0.033864792,0.1261352,nan,nan,nan,nan,nan,nan,nan,nan,0
9118661100,9118657608,0.0,0.15999997,0.0016728714,0.1583271,nan,nan,nan,nan,nan,nan,nan,nan,0
9118670585,9118668169,0.0,0.15999997,0.0,0.15999997,nan,nan,nan,nan,nan,nan,nan,nan,0
9118679735,9118677325,0.0,0.16,0.0,0.16,nan,nan,nan,nan,nan,nan,nan,nan,0
9118691147,9118688329,0.0,0.15999997,0.0,0.15999997,nan,nan,nan,nan,nan,nan,nan,nan,0
9118700654,9118698267,0.0,0.15999997,0.0,0.15999998,nan,nan,nan,nan,nan,nan,nan,nan,0
9118710076,9118707696,0.0,0.15999997,0.0,0.16,nan,nan,nan,nan,nan,nan,nan,nan,0
9118720533,9118717932,0.0,0.15999997,9.313226e-10,0.15999997,nan,nan,nan,nan,nan,nan,nan,nan,0
9118731184,9118727773,0.0,0.15999997,0.0,0.16,nan,nan,nan,nan,nan,nan,nan,nan,0
9118740590,9118738200,0.0,0.15999997,0.011673688,0.1483263,nan,nan,nan,nan,nan,nan,nan,nan,0
9118749991,9118747614,0.0,0.16,0.012390375,0.1476096,nan,nan,nan,nan,nan,nan,nan,nan,0
9118760475,9118757659,0.0,0.15999995,9.313226e-09,0.16000001,nan,nan,nan,nan,nan,nan,nan,nan,0
9118769902,9118767324,0.0,0.15999997,0.0,0.16,nan,nan,nan,nan,nan,nan,nan,nan,0
9118780406,9118777967,0.0,0.15999997,0.0,0.15999997,nan,nan,nan,nan,nan,nan,nan,nan,0
9118790784,9118788007,0.0,0.15999998,7.450581e-09,0.15999997,nan,nan,nan,nan,nan,nan,nan,nan,0
9118802083,9118798010,0.0,0.15999997,0.0,0.15999997,nan,nan,nan,nan,nan,nan,nan,nan,0
9118809669,9118807222,0.0,0.15999997,0.0,0.16,nan,nan,nan,nan,nan,nan,nan,nan,0
9118820372,9118817771,0.0,0.15999998,0.0,0.15999998,nan,nan,nan,nan,nan,nan,nan,nan,0
9118830739,9118828153,0.0,0.16,0.0,0.16,nan,nan,nan,nan,nan,nan,nan,nan,0
9118840204,9118837820,0.0,0.16,0.0,0.15999998,nan,nan,nan,nan,nan,nan,nan,nan,0
9118850655,9118848057,0.0,0.16,0.0,0.16,nan,nan,nan,nan,nan,nan,nan,nan,0
9118861012,9118858439,0.0,0.15999997,0.0,0.15999998,nan,nan,nan,nan,nan,nan,nan,nan,0
9118871485,9118868313,0.0,0.15999997,7.450581e-09,0.15999997,nan,nan,nan,nan,nan,nan,nan,nan,0
9118880037,9118877425,0.0,0.15999997,0.0,0.15999998,nan,nan,nan,nan,nan,nan,nan,nan,0
9118890581,9118888149,0.0,0.15999997,1.8626451e-09,0.15999997,nan,nan,nan,nan,nan,nan,nan,nan,0
9118900443,9118897824,0.0,0.15999997,0.0,0.16,nan,nan,nan,nan,nan,nan,nan,nan,0
9118909954,9118907180,0.0,0.16,0.0,0.15999998,nan,nan,nan,nan,nan,nan,nan,nan,0
9118920456,9118918047,0.0,0.16,0.0,0.15999998,nan,nan,nan,nan,nan,nan,nan,nan,0
9118930889,9118928481,0.0,0.15999997,0.0,0.16,nan,nan,nan,nan,nan,nan,nan,nan,0
9118941486,9118938082,0.0,0.15999997,0.0,0.15999997,nan,nan,nan,nan,nan,nan,nan,nan,0
9118950194,9118947799,0.0,0.15999997,0.0,0.15999997,nan,nan,nan,nan,nan,nan,nan,nan,0
9118960392,9118957983,0.0,0.15999997,1.8626451e-09,0.15999997,nan,nan,nan,nan,nan,nan,nan,nan,0
9118970858,9118968253,0.0,0.15999997,7.450581e-09,0.16,nan,nan,nan,nan,nan,nan,nan,nan,0
9118981367,9118977974,0.0,0.15999997,0.006297201,0.15370278,nan,nan,nan,nan,nan,nan,nan,nan,0
9118990430,9118988041,0.0,0.15999997,0.016540183,0.1434598,nan,nan,nan,nan,nan,nan,nan,nan,0
9119000932,9118998513,0.0,0.15999997,0.026914619,0.13308537,nan,nan,nan,nan,nan,nan,nan,nan,0
9119011357,9119008744,0.0,0.16,0.033492327,0.12650767,nan,nan,nan,nan,nan,nan,nan,nan,0
9119020844,9119018261,0.0,0.15999997,0.026621735,0.13337824,nan,nan,nan,nan,nan,nan,nan,nan,0
9119030285,9119027901,0.0,0.16,0.04023532,0.11976467,nan,nan,nan,nan,nan,nan,nan,nan,0
9119040811,9119038191,0.0,0.16,0.07343271,0.086567275,nan,nan,nan,nan,nan,nan,nan,nan,0
9119052288,9119048380,0.011760261,0.12496934,0.10287366,0.080396704,nan,nan,nan,nan,nan,nan,nan,nan,0
9119060693,9119058307,0.079000406,0.06686539,0.09865739,0.07547677,nan,nan,nan,nan,nan,nan,nan,nan,0
9119070846,9119068397,0.15464813,0.002787176,0.092538126,0.07002654,nan,nan,nan,nan,nan,nan,nan,nan,0
9119081233,9119078642,0.16556582,0.005565822,0.12694833,0.021920003,nan,nan,nan,nan,nan,nan,nan,nan,0
9119090778,9119088196,0.1718565,0.011856495,0.13572405,0.000562937,nan,nan,nan,nan,nan,nan,nan,nan,0
9119101216,9119098824,0.17720032,0.017200354,0.122440696,0.003158588,nan,nan,nan,nan,nan,nan,nan,nan,0
9119111671,9119109069,0.1771157,0.01711572,0.12576854,0.0,nan,nan,nan,nan,nan,nan,nan,nan,0
9119122164,9119118759,0.1827635,0.022763502,0.08407396,0.03039902,nan,nan,nan,nan,nan,nan,nan,nan,0
9119130484,9119127912,0.14578822,0.06346795,0.0352563,0.075487494,nan,nan,nan,nan,nan,nan,nan,nan,0
9119141026,9119138617,0.13835467,0.074704625,0.03978177,0.0671589,nan,nan,nan,nan,nan,nan,nan,nan,0
9119151377,9119148810,0.18672688,0.026726898,0.09312242,0.013423767,nan,nan,nan,nan,nan,nan,nan,nan,0
9119161013,9119157520,0.15999997,0.0,0.15999998,0.0,nan,nan,nan,nan,nan,nan,nan,nan,0
9119170429,9119167856,0.17538536,0.015385397,0.12922919,0.0,nan,nan,nan,nan,nan,nan,nan,nan,0
9119180955,9119178332,0.18423674,0.024236761,0.04843519,0.06309127,nan,nan,nan,nan,nan,nan,nan,nan,0
9119192366,9119188988,0.18413094,0.024130952,0.05470032,0.05703776,nan,nan,nan,nan,nan,nan,nan,nan,0
9119200792,9119198232,0.17337163,0.013371661,0.13325666,0.0,nan,nan,nan,nan,nan,nan,nan,nan,0
9119211305,9119208912,0.18528476,0.025284778,0.08033393,0.029096488,nan,nan,nan,nan,nan,nan,nan,nan,0
9119221755,9119218943,0.10161814,0.11476962,0.017359957,0.08625224,nan,nan,nan,nan,nan,nan,nan,nan,0
9119232167,9119228045,0.08015441,0.142261,0.005624734,0.09195981,nan,nan,nan,nan,nan,nan,nan,nan,0
9119240786,9119238321,0.16441733,0.061486434,0.0073911063,0.08670509,nan,nan,nan,nan,nan,nan,nan,nan,0
9119251060,9119248430,0.1922871,0.032287125,0.0,0.095425725,nan,nan,nan,nan,nan,nan,nan,nan,0
9119261480,9119258674,0.17977998,0.01977998,0.0,0.120440036,nan,nan,nan,nan,nan,nan,nan,nan,0
9119270927,9119268344,0.19177946,0.031779498,0.0,0.09644097,nan,nan,nan,nan,nan,nan,nan,nan,0
9119280955,9119278537,0.19600792,0.036007926,0.0039366633,0.084047474,nan,nan,nan,nan,nan,nan,nan,nan,0
9119291480,9119288824,0.1982026,0.038202617,0.00677843,0.07681632,nan,nan,nan,nan,nan,nan,nan,nan,0
9119300820,9119297450,0.20043984,0.040439866,0.013412662,0.06570759,nan,nan,nan,nan,nan,nan,nan,nan,0
9119311278,9119308878,0.17768656,0.07064325,0.0122507885,0.05941937,nan,nan,nan,nan,nan,nan,nan,nan,0
9119320679,9119318095,0.12305534,0.13258749,0.010333709,0.054023422,nan,nan,nan,nan,nan,nan,nan,nan,0
9119331272,9119328670,0.13219568,0.13001707,0.012790576,0.04499665,nan,nan,nan,nan,nan,nan,nan,nan,0
9119340771,9119338149,0.16110103,0.10578525,0.015589207,0.037524477,nan,nan,nan,nan,nan,nan,nan,nan,0
9119351192,9119348791,0.14000171,0.13525008,0.0031967238,0.04155146,nan,nan,nan,nan,nan,nan,nan,nan,0
9119361615,9119358824,0.12439707,0.14870849,0.0,0.0468944,nan,nan,nan,nan,nan,nan,nan,nan,0
9119372148,9119369132,0.1682215,0.11617682,0.0,0.03560163,nan,nan,nan,nan,nan,nan,nan,nan,0
9119380515,9119378145,0.17074957,0.119915135,0.0,0.029335245,nan,nan,nan,nan,nan,nan,nan,nan,0
9119391164,9119388774,0.11046503,0.17114335,0.0,0.03839156,nan,nan,nan,nan,nan,nan,nan,nan,0
9119401750,9119399149,0.11003821,0.19408482,0.0,0.015876919,nan,nan,nan,nan,nan,nan,nan,nan,0
9119412805,9119410160,0.15720692,0.1357913,0.027001724,0.0,nan,nan,nan,nan,nan,nan,nan,nan,0
9119421499,9119418861,0.1771358,0.06922276,0.073641405,0.0,nan,nan,nan,nan,nan,nan,nan,nan,0
9119431594,9119428764,0.15999997,0.0,0.15999997,0.0,nan,nan,nan,nan,nan,nan,nan,nan,0
9119443003,9119439335,0.15999997,0.0,0.15999997,0.0,nan,nan,nan,nan,nan,nan,nan,nan,0
9119451398,9119449014,0.14965633,0.010343663,0.15999998,0.0,nan,nan,nan,nan,nan,nan,nan,nan,0
9119461416,9119458835,0.10709868,0.052901313,0.15999997,0.0,nan,nan,nan,nan,nan,nan,nan,nan,0
9119471798,9119469023,0.13656053,0.038172685,0.14526677,0.0,nan,nan,nan,nan,nan,nan,nan,nan,0
9119482261,9119478331,0.16935745,0.04155577,0.109086744,0.0,nan,nan,nan,nan,nan,nan,nan,nan,0
9119490659,9119488294,0.21794572,0.06109456,0.040959686,0.0,nan,nan,nan,nan,nan,nan,nan,nan,0
9119501402,9119499006,0.19994995,0.03994997,0.080100045,0.0,nan,nan,nan,nan,nan,nan,nan,nan,0
9119512104,9119509429,0.17542097,0.015420996,0.12915799,0.0,nan,nan,nan,nan,nan,nan,nan,nan,0
9119521840,9119519427,0.17293191,0.012931913,0.13413616,0.0,nan,nan,nan,nan,nan,nan,nan,nan,0
9119531497,9119528873,0.15999998,0.0,0.16,0.0,nan,nan,nan,nan,nan,nan,nan,nan,0
9119542065,9119539415,0.16,0.0,0.15999998,0.0,nan,nan,nan,nan,nan,nan,nan,nan,0
9119552491,9119548997,0.15999997,0.0,0.16,0.0,nan,nan,nan,nan,nan,nan,nan,nan,0
9119561910,9119559541,0.15999997,0.0,0.15999997,0.0,nan,nan,nan,nan,nan,nan,nan,nan,0
9119571292,9119568903,0.15999998,0.0,0.15999998,0.0,nan,nan,nan,nan,nan,nan,nan,nan,0
9119581862,9119579054,0.16,0.0,0.15999997,0.0,nan,nan,nan,nan,nan,nan,nan,nan,0
9119591423,9119588809,0.16302145,0.0030214414,0.1539571,0.0,nan,nan,nan,nan,nan,nan,nan,nan,0
9119601958,9119599568,0.19418506,0.073486805,0.0523281,0.0,nan,nan,nan,nan,nan,nan,nan,nan,0
9119612431,9119609613,0.20512821,0.091524184,0.0,0.023347571,nan,nan,nan,nan,nan,nan,nan,nan,0
9119622901,9119619437,0.19706814,0.03706817,0.0,0.08586365,nan,nan,nan,nan,nan,nan,nan,nan,0
9119631340,9119628934,0.17317386,0.015214235,0.0,0.13161187,nan,nan,nan,nan,nan,nan,nan,nan,0
9119641881,9119639434,0.2132034,0.05320342,0.0,0.053593144,nan,nan,nan,nan,nan,nan,nan,nan,0
9119652246,9119649423,0.16,0.0,0.15999997,0.0,nan,nan,nan,nan,nan,nan,nan,nan,0
9119661653,9119659282,0.15999997,7.450581e-09,0.15999997,0.0,nan,nan,nan,nan,nan,nan,nan,nan,0
9119672221,9119669593,0.16,0.0,0.16,0.0,nan,nan,nan,nan,nan,nan,nan,nan,0
9119682705,9119679880,0.18122494,0.02122496,0.11755006,0.0,nan,nan,nan,nan,nan,nan,nan,nan,0
9119693144,9119689652,0.17749754,0.10225929,0.040243134,0.0,nan,nan,nan,nan,nan,nan,nan,nan,0
9119701599,9119699026,0.13247105,0.14068761,0.0,0.046841282,nan,nan,nan,nan,nan,nan,nan,nan,0
9119712225,9119709825,0.11789851,0.0916089,0.0,0.11049256,nan,nan,nan,nan,nan,nan,nan,nan,0
9119721566,9119718996,0.11787249,0.063712314,0.0,0.13841516,nan,nan,nan,nan,nan,nan,nan,nan,0
9119732263,9119728863,0.12535831,0.09826187,0.0,0.096379794,nan,nan,nan,nan,nan,nan,nan,nan,0
9119741590,9119738964,0.12189409,0.13397722,0.012426093,0.051702563,nan,nan,nan,nan,nan,nan,nan,nan,0
9119751614,9119749024,0.059595298,0.18719667,0.013937667,0.05927032,nan,nan,nan,nan,nan,nan,nan,nan,0
9119762365,9119758878,0.0,0.16,0.0,0.15999997,nan,nan,nan,nan,nan,nan,nan,nan,0
9119772112,9119769670,1.4901161e-08,0.15999997,0.0,0.15999997,nan,nan,nan,nan,nan,nan,nan,nan,0
9119781509,9119779114,0.0,0.15999997,0.0,0.15999997,nan,nan,nan,nan,nan,nan,nan,nan,0
9119792044,9119789402,0.0,0.16,0.0,0.16,nan,nan,nan,nan,nan,nan,nan,nan,0
9119801464,9119798292,0.0,0.15999997,0.0,0.15999997,nan,nan,nan,nan,nan,nan,nan,nan,0
9119812052,9119809595,0.010697783,0.15574439,0.007840975,0.14571682,nan,nan,nan,nan,nan,nan,nan,nan,0
9119821374,9119818801,0.0,0.15999997,0.0,0.15999997,nan,nan,nan,nan,nan,nan,nan,nan,0
9119831807,9119829210,7.450581e-09,0.16000001,0.0,0.15999995,nan,nan,nan,nan,nan,nan,nan,nan,0
9119841768,9119839315,0.0,0.15999997,0.0,0.16,nan,nan,nan,nan,nan,nan,nan,nan,0
9119851987,9119849545,0.0,0.16,0.0,0.16,nan,nan,nan,nan,nan,nan,nan,nan,0
9119862429,9119859823,0.0,0.15999998,0.0,0.15999998,nan,nan,nan,nan,nan,nan,nan,nan,0
9119872821,9119869097,0.0,0.15999997,0.0,0.15999997,nan,nan,nan,nan,nan,nan,nan,nan,0
9119881229,9119878648,7.450581e-09,0.15999995,0.0,0.15999998,nan,nan,nan,nan,nan,nan,nan,nan,0
9119891773,9119889341,1.4901161e-08,0.15999997,0.0,0.15999997,nan,nan,nan,nan,nan,nan,nan,nan,0
9119902145,9119899560,0.0,0.15999997,0.0,0.15999997,nan,nan,nan,nan,nan,nan,nan,nan,0
9119911626,9119909050,0.0,0.15999997,0.0,0.16,nan,nan,nan,nan,nan,nan,nan,nan,0
9119922104,9119919738,0.0,0.15999997,0.0,0.16,nan,nan,nan,nan,nan,nan,nan,nan,0
9119932556,9119929746,7.450581e-09,0.15999997,0.0,0.15999998,nan,nan,nan,nan,nan,nan,nan,nan,0
9119943219,9119940046,3.7252903e-09,0.15999997,0.0,0.15999997,nan,nan,nan,nan,nan,nan,nan,nan,0
9119951658,9119949083,0.0,0.15999997,0.0,0.15999997,nan,nan,nan,nan,nan,nan,nan,nan,0
9119962112,9119959720,0.04628516,0.16971725,0.0,0.10399756,nan,nan,nan,nan,nan,nan,nan,nan,0
9119972611,9119969832,0.036868665,0.19686866,0.0,0.08626264,nan,nan,nan,nan,nan,nan,nan,nan,0
9119982043,9119979662,0.0,0.15999997,0.0,0.15999997,nan,nan,nan,nan,nan,nan,nan,nan,0
9119992531,9119989962,7.450581e-09,0.15999994,0.0,0.15999998,nan,nan,nan,nan,nan,nan,nan,nan,0
9120001890,9119999122,0.0,0.16,0.0,0.16,nan,nan,nan,nan,nan,nan,nan,nan,0
9120013579,9120010163,0.0,0.15999997,0.0,0.15999997,nan,nan,nan,nan,nan,nan,nan,nan,0
9120022088,9120019476,0.0,0.15999997,0.0,0.16,nan,nan,nan,nan,nan,nan,nan,nan,0
9120032234,9120029022,0.036183488,0.19618346,0.0,0.08763301,nan,nan,nan,nan,nan,nan,nan,nan,0
9120042741,9120039922,0.037300326,0.19730031,0.0,0.08539933,nan,nan,nan,nan,nan,nan,nan,nan,0
9120052188,9120048814,0.0,0.15999997,0.0,0.16,nan,nan,nan,nan,nan,nan,nan,nan,0
9120062646,9120060047,3.7252903e-09,0.15999997,0.0,0.16,nan,nan,nan,nan,nan,nan,nan,nan,0
9120072445,9120070066,0.0,0.15999997,0.0,0.16,nan,nan,nan,nan,nan,nan,nan,nan,0
9120082913,9120080106,0.0,0.16,0.0,0.16,nan,nan,nan,nan,nan,nan,nan,nan,0
9120092381,9120089796,0.0,0.16,0.0,0.16,nan,nan,nan,nan,nan,nan,nan,nan,0
9120102908,9120100513,0.0,0.15999997,0.0,0.15999997,nan,nan,nan,nan,nan,nan,nan,nan,0
9120112395,9120109584,0.0,0.16,0.0,0.16,nan,nan,nan,nan,nan,nan,nan,nan,0
9120123793,9120119922,0.0,0.15999997,0.0,0.15999998,nan,nan,nan,nan,nan,nan,nan,nan,0
9120132191,9120129812,0.0,0.16000001,0.0,0.15999998,nan,nan,nan,nan,nan,nan,nan,nan,0
9120142714,9120140300,0.0,0.15999997,0.0,0.15999997,nan,nan,nan,nan,nan,nan,nan,nan,0
9120153145,9120150540,7.450581e-09,0.15999997,0.0,0.15999997,nan,nan,nan,nan,nan,nan,nan,nan,0
9120162147,9120159771,0.0,0.15999997,0.0,0.15999997,nan,nan,nan,nan,nan,nan,nan,nan,0
9120172678,9120170261,7.450581e-09,0.15999997,0.0,0.15999997,nan,nan,nan,nan,nan,nan,nan,nan,0
9120183038,9120180253,0.0,0.16,0.0,0.16,nan,nan,nan,nan,nan,nan,nan,nan,0
9120193724,9120190301,7.450581e-09,0.15999997,0.0,0.15999998,nan,nan,nan,nan,nan,nan,nan,nan,0
9120202103,9120199726,0.0,0.15999998,0.0,0.15999998,nan,nan,nan,nan,nan,nan,nan,nan,0
9120212668,9120210266,0.0,0.15999997,0.0,0.15999998,nan,nan,nan,nan,nan,nan,nan,nan,0
9120223036,9120220445,0.014663544,0.17466354,0.0,0.1306729,nan,nan,nan,nan,nan,nan,nan,nan,0
9120232481,9120230095,0.03730648,0.15711771,0.032345846,0.09322992,nan,nan,nan,nan,nan,nan,nan,nan,0
9120242981,9120240600,0.019430615,0.17943057,0.014263846,0.106874906,nan,nan,nan,nan,nan,nan,nan,nan,0
9120253389,9120250605,0.0022545904,0.16225456,0.0,0.1554908,nan,nan,nan,nan,nan,nan,nan,nan,0
9120263554,9120259882,0.0,0.15999997,0.0,0.15999997,nan,nan,nan,nan,nan,nan,nan,nan,0
9120272611,9120270224,0.00018693879,0.16018693,0.0,0.15962611,nan,nan,nan,nan,nan,nan,nan,nan,0
9120282165,9120279766,0.035149224,0.15556584,0.030492308,0.0987926,nan,nan,nan,nan,nan,nan,nan,nan,0
9120292526,9120289944,0.018187035,0.1656497,0.041112255,0.09505097,nan,nan,nan,nan,nan,nan,nan,nan,0
9120303033,9120300031,0.021585763,0.15763173,0.048972614,0.09180986,nan,nan,nan,nan,nan,nan,nan,nan,0
9120312468,9120309880,0.04279968,0.13370098,0.05322685,0.09027245,nan,nan,nan,nan,nan,nan,nan,nan,0
9120322896,9120320089,0.0697891,0.10523691,0.061864376,0.08310959,nan,nan,nan,nan,nan,nan,nan,nan,0
9120334621,9120330555,0.10030732,0.073945336,0.07011152,0.07563578,nan,nan,nan,nan,nan,nan,nan,nan,0
9120342075,9120339656,0.113670304,0.06088786,0.06325128,0.08219052,nan,nan,nan,nan,nan,nan,nan,nan,0
9120352567,9120350198,0.14153753,0.033069998,0.059835643,0.08555679,nan,nan,nan,nan,nan,nan,nan,nan,0
9120363191,9120360336,0.1663695,0.006369505,0.07807095,0.06919001,nan,nan,nan,nan,nan,nan,nan,nan,0
9120373638,9120370243,0.13353816,0.037387684,0.07270613,0.07636799,nan,nan,nan,nan,nan,nan,nan,nan,0
9120383045,9120380653,0.09441725,0.0756871,0.074836485,0.07505912,nan,nan,nan,nan,nan,nan,nan,nan,0
9120392434,9120390059,0.12821221,0.040860843,0.0826774,0.068249516,nan,nan,nan,nan,nan,nan,nan,nan,0
9120403065,9120400268,0.14378631,0.024212591,0.08074822,0.07125283,nan,nan,nan,nan,nan,nan,nan,nan,0
9120412532,9120410137,0.09287984,0.0749732,0.063562565,0.088584356,nan,nan,nan,nan,nan,nan,nan,nan,0
9120423085,9120420680,0.058587987,0.11052951,0.049642384,0.10124008,nan,nan,nan,nan,nan,nan,nan,nan,0
9120433573,9120430731,0.11246836,0.058150485,0.057931736,0.09144938,nan,nan,nan,nan,nan,nan,nan,nan,0
9120444136,9120440570,0.16472551,0.0057002692,0.083005585,0.066568606,nan,nan,nan,nan,nan,nan,nan,nan,0
9120452769,9120450149,0.16376552,0.003765526,0.115046434,0.0374225,nan,nan,nan,nan,nan,nan,nan,nan,0
9120463177,9120460781,0.1601942,0.00019422405,0.15705337,0.0025581694,nan,nan,nan,nan,nan,nan,nan,nan,0
9120472780,9120469969,0.15999997,0.0,0.15999997,0.0,nan,nan,nan,nan,nan,nan,nan,nan,0
9120483272,9120480866,0.16,0.0,0.15999997,1.8626451e-09,nan,nan,nan,nan,nan,nan,nan,nan,0
9120493626,9120490124,0.15999997,0.0,0.15399432,0.006005666,nan,nan,nan,nan,nan,nan,nan,nan,0
9120502435,9120499943,0.15999998,0.0,0.15274434,0.007255655,nan,nan,nan,nan,nan,nan,nan,nan,0
9120514142,9120510922,0.15999997,0.0,0.15999997,0.0,nan,nan,nan,nan,nan,nan,nan,nan,0
9120522800,9120520139,0.16,0.0,0.16,0.0,nan,nan,nan,nan,nan,nan,nan,nan,0
9120533529,9120531072,0.16,0.0,0.12914708,0.030852895,nan,nan,nan,nan,nan,nan,nan,nan,0
9120542912,9120540311,0.118466586,0.0095406305,0.12166723,0.070325516,nan,nan,nan,nan,nan,nan,nan,nan,0
9120553430,9120550053,0.15999998,0.0,0.122960754,0.037039228,nan,nan,nan,nan,nan,nan,nan,nan,0
9120562827,9120560462,0.16,0.0,0.1054752,0.05452478,nan,nan,nan,nan,nan,nan,nan,nan,0
9120573306,9120570514,0.12412996,0.01401659,0.09751199,0.08434142,nan,nan,nan,nan,nan,nan,nan,nan,0
9120584770,9120580896,0.15999997,0.0,0.1105267,0.049473282,nan,nan,nan,nan,nan,nan,nan,nan,0
9120593181,9120590809,0.15999997,0.0,0.15999997,0.0,nan,nan,nan,nan,nan,nan,nan,nan,0
9120602627,9120600046,0.15999998,0.0,0.15999998,0.0,nan,nan,nan,nan,nan,nan,nan,nan,0
9120613135,9120610318,0.15999995,0.0,0.15999998,3.7252903e-09,nan,nan,nan,nan,nan,nan,nan,nan,0
9120623679,9120620703,0.15999997,0.0,0.16,0.0,nan,nan,nan,nan,nan,nan,nan,nan,0
9120632816,9120630434,0.16,0.0,0.16,0.0,nan,nan,nan,nan,nan,nan,nan,nan,0
9120643339,9120640914,0.16,0.0,0.15999997,0.0,nan,nan,nan,nan,nan,nan,nan,nan,0
9120653768,9120651166,0.16,3.7252903e-09,0.15999997,0.0,nan,nan,nan,nan,nan,nan,nan,nan,0
9120666247,9120661461,0.15999997,0.0,0.16,0.0,nan,nan,nan,nan,nan,nan,nan,nan,0
9120673610,9120670618,0.17238587,0.012385904,0.13045374,0.0047744447,nan,nan,nan,nan,nan,nan,nan,nan,0
9120683996,9120681363,0.16967705,0.009677067,0.14064585,0.0,nan,nan,nan,nan,nan,nan,nan,nan,0
9120694407,9120690921,0.16,0.0,0.15999997,0.0,nan,nan,nan,nan,nan,nan,nan,nan,0
9120703082,9120700479,0.15999997,0.0,0.15999997,0.0,nan,nan,nan,nan,nan,nan,nan,nan,0
9120713603,9120711002,0.15999997,0.0,0.15999997,0.0,nan,nan,nan,nan,nan,nan,nan,nan,0
9120724022,9120721200,0.15999997,0.0,0.16,0.0,nan,nan,nan,nan,nan,nan,nan,nan,0
9120733524,9120730902,0.15999997,0.0,0.15999997,0.0,nan,nan,nan,nan,nan,nan,nan,nan,0
9120742955,9120740566,0.16,0.0,0.15999997,0.0,nan,nan,nan,nan,nan,nan,nan,nan,0
9120753322,9120750546,0.16,0.0,0.15999998,0.0,nan,nan,nan,nan,nan,nan,nan,nan,0
9120764804,9120761146,0.15999997,1.8626451e-09,0.15999997,0.0,nan,nan,nan,nan,nan,nan,nan,nan,0
9120773248,9120770873,0.16372444,0.0037244782,0.15255104,0.0,nan,nan,nan,nan,nan,nan,nan,nan,0
9120783817,9120781213,0.17110926,0.011109263,0.13778146,0.0,nan,nan,nan,nan,nan,nan,nan,nan,0
9120794295,9120791470,0.15999997,0.0,0.16,0.0,nan,nan,nan,nan,nan,nan,nan,nan,0
9120803717,9120801146,0.15999997,0.0,0.16,0.0,nan,nan,nan,nan,nan,nan,nan,nan,0
9120813168,9120810791,0.16,0.0,0.16,0.0,nan,nan,nan,nan,nan,nan,nan,nan,0
9120823652,9120820656,0.16,0.0,0.15999997,0.0,nan,nan,nan,nan,nan,nan,nan,nan,0
9120835143,9120831444,0.15999997,0.0,0.15999997,0.0,nan,nan,nan,nan,nan,nan,nan,nan,0
9120843652,9120841055,0.17355645,0.0135564655,0.13288705,0.0,nan,nan,nan,nan,nan,nan,nan,nan,0
9120853042,9120850464,0.18994765,0.029947687,0.094928995,0.005175624,nan,nan,nan,nan,nan,nan,nan,nan,0
9120864408,9120861637,0.19064295,0.030642968,0.04364382,0.055070225,nan,nan,nan,nan,nan,nan,nan,nan,0
9120874017,9120871030,0.17606829,0.046216164,0.0023187585,0.09539676,nan,nan,nan,nan,nan,nan,nan,nan,0
9120883447,9120881064,0.1718438,0.03895986,0.0,0.1091963,nan,nan,nan,nan,nan,nan,nan,nan,0
9120893975,9120891585,0.18996318,0.029963195,0.038217768,0.061855823,nan,nan,nan,nan,nan,nan,nan,nan,0
9120904420,9120901604,0.18990704,0.029907042,0.098699935,0.0014859643,nan,nan,nan,nan,nan,nan,nan,nan,0
9120913146,9120910572,0.1912248,0.031224817,0.081574276,0.015976071,nan,nan,nan,nan,nan,nan,nan,nan,0
9120923673,9120921290,0.17839043,0.047711547,0.049914766,0.04398321,nan,nan,nan,nan,nan,nan,nan,nan,0
9120934115,9120931307,0.15449543,0.07230155,0.04118391,0.052019067,nan,nan,nan,nan,nan,nan,nan,nan,0
9120944607,9120941135,0.1466239,0.07627856,0.015802458,0.08129504,nan,nan,nan,nan,nan,nan,nan,nan,0
9120954189,9120951753,0.13742098,0.059581086,0.0,0.122997895,nan,nan,nan,nan,nan,nan,nan,nan,0
9120963520,9120961143,0.12744196,0.042446554,0.0,0.15011145,nan,nan,nan,nan,nan,nan,nan,nan,0
9120973958,9120971358,0.12419493,0.06911643,0.0,0.12668858,nan,nan,nan,nan,nan,nan,nan,nan,0
9120983379,9120981008,0.09213526,0.09445564,0.019357331,0.114051744,nan,nan,nan,nan,nan,nan,nan,nan,0
9120993929,9120991514,0.072833695,0.10380193,0.027764931,0.11559941,nan,nan,nan,nan,nan,nan,nan,nan,0
9121004383,9121001578,0.05419379,0.11313806,0.024939109,0.127729,nan,nan,nan,nan,nan,nan,nan,nan,0
9121014880,9121011510,0.016822731,0.14196041,0.012756476,0.14846033,nan,nan,nan,nan,nan,nan,nan,nan,0
9121023279,9121020897,0.0,0.15999997,3.7252903e-09,0.15999997,nan,nan,nan,nan,nan,nan,nan,nan,0
9121033804,9121031377,0.0,0.15999998,7.450581e-09,0.15999998,nan,nan,nan,nan,nan,nan,nan,nan,0
9121043998,9121041332,0.0,0.16,0.0,0.15999997,nan,nan,nan,nan,nan,nan,nan,nan,0
9121053605,9121051036,0.078293204,0.046189215,0.063622996,0.13189454,nan,nan,nan,nan,nan,nan,nan,nan,0
9121064077,9121061674,0.08069429,0.043003045,0.10397385,0.09232877,nan,nan,nan,nan,nan,nan,nan,nan,0
9121074754,9121071961,0.0,0.15999997,0.04100298,0.11899701,nan,nan,nan,nan,nan,nan,nan,nan,0
9121085784,9121081870,0.0,0.15999997,7.450581e-09,0.15999998,nan,nan,nan,nan,nan,nan,nan,nan,0
9121093151,9121090768,0.0,0.15999997,0.0,0.16,nan,nan,nan,nan,nan,nan,nan,nan,0
9121103591,9121101182,0.0,0.16,0.0,0.16,nan,nan,nan,nan,nan,nan,nan,nan,0
9121113954,9121111175,0.0,0.15999997,0.0,0.15999997,nan,nan,nan,nan,nan,nan,nan,nan,0
9121124594,9121121084,0.0,0.15999997,0.0,0.15999997,nan,nan,nan,nan,nan,nan,nan,nan,0
9121133970,9121131599,0.0,0.15999997,0.0,0.16,nan,nan,nan,nan,nan,nan,nan,nan,0
9121144509,9121141878,0.0,0.15999997,0.0,0.15999997,nan,nan,nan,nan,nan,nan,nan,nan,0
9121154813,9121151311,0.0,0.16,0.02382698,0.13617301,nan,nan,nan,nan,nan,nan,nan,nan,0
9121163498,9121161083,0.0,0.16,0.01950975,0.14049023,nan,nan,nan,nan,nan,nan,nan,nan,0
9121173767,9121171328,0.0,0.15999997,0.0,0.15999997,nan,nan,nan,nan,nan,nan,nan,nan,0
9121184147,9121181329,0.0,0.15999997,0.0,0.16,nan,nan,nan,nan,nan,nan,nan,nan,0
9121194693,9121191528,0.0,0.15999997,0.0,0.16,nan,nan,nan,nan,nan,nan,nan,nan,0
9121204265,9121201811,0.0,0.15999997,1.8626451e-09,0.15999997,nan,nan,nan,nan,nan,nan,nan,nan,0
9121213767,9121211350,0.0,0.16,0.029013615,0.13098636,nan,nan,nan,nan,nan,nan,nan,nan,0
9121224155,9121221556,0.0011752853,0.15956567,0.07293192,0.0863271,nan,nan,nan,nan,nan,nan,nan,nan,0
9121233647,9121231079,0.00708001,0.16708,0.03933897,0.10650099,nan,nan,nan,nan,nan,nan,nan,nan,0
9121244240,9121241842,0.0,0.15999997,0.0,0.15999997,nan,nan,nan,nan,nan,nan,nan,nan,0
9121254776,9121251969,3.7252903e-09,0.15999997,0.0,0.15999998,nan,nan,nan,nan,nan,nan,nan,nan,0
9121265216,9121261821,0.0,0.15999997,0.0,0.16,nan,nan,nan,nan,nan,nan,nan,nan,0
9121273661,9121271271,0.0,0.15999997,0.0,0.15999997,nan,nan,nan,nan,nan,nan,nan,nan,0
9121283982,9121281568,1.4901161e-08,0.15999997,0.0,0.16,nan,nan,nan,nan,nan,nan,nan,nan,0
9121294512,9121291676,1.4901161e-08,0.15999995,0.0,0.16,nan,nan,nan,nan,nan,nan,nan,nan,0
9121303925,9121301312,0.0,0.16,0.0,0.15999997,nan,nan,nan,nan,nan,nan,nan,nan,0
9121314005,9121311589,0.0,0.15999997,0.0,0.15999997,nan,nan,nan,nan,nan,nan,nan,nan,0
9121324339,9121321548,0.0,0.15999997,0.0,0.15999997,nan,nan,nan,nan,nan,nan,nan,nan,0
9121335890,9121332212,0.0,0.15999997,0.0,0.16,nan,nan,nan,nan,nan,nan,nan,nan,0
9121344163,9121341552,0.0,0.16,0.0,0.16,nan,nan,nan,nan,nan,nan,nan,nan,0
9121354670,9121352241,1.4901161e-08,0.15999995,0.0,0.15999998,nan,nan,nan,nan,nan,nan,nan,nan,0
9121365021,9121362245,0.0,0.15999997,0.0,0.15999997,nan,nan,nan,nan,nan,nan,nan,nan,0
9121374648,9121371633,0.0,0.16,0.0,0.16,nan,nan,nan,nan,nan,nan,nan,nan,0
9121384024,9121381430,0.019159868,0.15556262,0.0,0.14527749,nan,nan,nan,nan,nan,nan,nan,nan,0
9121394495,9121391887,0.0,0.15999997,0.0,0.15999997,nan,nan,nan,nan,nan,nan,nan,nan,0
9121405949,9121402480,0.0,0.16,0.0,0.16,nan,nan,nan,nan,nan,nan,nan,nan,0
9121414479,9121412099,7.450581e-09,0.15999998,0.0,0.15999998,nan,nan,nan,nan,nan,nan,nan,nan,0
9121424923,9121422524,0.0,0.15999998,0.0,0.15999995,nan,nan,nan,nan,nan,nan,nan,nan,0
9121434271,9121431690,0.0,0.15999997,0.0,0.15999997,nan,nan,nan,nan,nan,nan,nan,nan,0
9121444160,9121441160,0.0,0.15999997,0.0,0.15999997,nan,nan,nan,nan,nan,nan,nan,nan,0
9121454576,9121452147,0.0,0.15999997,0.0,0.15999997,nan,nan,nan,nan,nan,nan,nan,nan,0
9121464149,9121461728,7.450581e-09,0.15999998,0.0,0.16,nan,nan,nan,nan,nan,nan,nan,nan,0
9121474633,9121472024,0.016796874,0.17679685,0.02397727,0.102428965,nan,nan,nan,nan,nan,nan,nan,nan,0
9121484038,9121481457,0.015068673,0.17506868,0.024172217,0.10569042,nan,nan,nan,nan,nan,nan,nan,nan,0
9121494600,9121492145,0.0,0.15999997,0.0,0.16,nan,nan,nan,nan,nan,nan,nan,nan,0
9121505162,9121502324,0.0,0.15999997,0.0,0.16,nan,nan,nan,nan,nan,nan,nan,nan,0
9121515838,9121512107,0.0,0.16,0.0,0.16,nan,nan,nan,nan,nan,nan,nan,nan,0
9121526391,9121521837,0.0,0.15999998,0.0,0.15999998,nan,nan,nan,nan,nan,nan,nan,nan,0
9121534955,9121532134,0.0060215164,0.16062231,0.0072943103,0.14606182,nan,nan,nan,nan,nan,nan,nan,nan,0
9121544626,9121542296,0.06636706,0.09491199,0.030922934,0.12779799,nan,nan,nan,nan,nan,nan,nan,nan,0
9121555058,9121552645,0.06976,0.08880795,0.045907933,0.115524076,nan,nan,nan,nan,nan,nan,nan,nan,0
9121564591,9121562201,0.1046134,0.05204203,0.07586555,0.08747898,nan,nan,nan,nan,nan,nan,nan,nan,0
9121574985,9121572200,0.13013111,0.024520582,0.08955709,0.07579119,nan,nan,nan,nan,nan,nan,nan,nan,0
9121586468,9121582600,0.13298026,0.020154273,0.08251652,0.0843489,nan,nan,nan,nan,nan,nan,nan,nan,0
9121594867,9121592492,0.15999998,0.0,0.122489996,0.037509985,nan,nan,nan,nan,nan,nan,nan,nan,0
9121604337,9121601933,0.15999997,0.0,0.15999998,0.0,nan,nan,nan,nan,nan,nan,nan,nan,0
9121614707,9121612121,0.15999997,0.0,0.15999997,7.450581e-09,nan,nan,nan,nan,nan,nan,nan,nan,0
9121625174,9121622608,0.15999997,0.0,0.15999997,0.0,nan,nan,nan,nan,nan,nan,nan,nan,0
9121634805,9121632409,0.15999997,0.0,0.16,0.0,nan,nan,nan,nan,nan,nan,nan,nan,0
9121645273,9121642667,0.15999997,0.0,0.15314546,0.006854524,nan,nan,nan,nan,nan,nan,nan,nan,0
9121655814,9121652816,0.12394196,0.021606198,0.11596538,0.05848643,nan,nan,nan,nan,nan,nan,nan,nan,0
9121664195,9121661624,0.13982119,0.013682581,0.106975675,0.059520528,nan,nan,nan,nan,nan,nan,nan,nan,0
9121674765,9121672366,0.16147135,0.0014713797,0.10580674,0.051250488,nan,nan,nan,nan,nan,nan,nan,nan,0
9121685112,9121682536,0.16543493,0.005434963,0.12323509,0.025894966,nan,nan,nan,nan,nan,nan,nan,nan,0
9121694564,9121691570,0.15999997,0.0,0.16,0.0,nan,nan,nan,nan,nan,nan,nan,nan,0
9121705059,9121702452,0.15999997,7.450581e-09,0.16,0.0,nan,nan,nan,nan,nan,nan,nan,nan,0
9121715549,9121712119,0.15999995,1.4901161e-08,0.15999998,0.0,nan,nan,nan,nan,nan,nan,nan,nan,0
9121726029,9121723065,0.15999998,0.0,0.15999998,0.0,nan,nan,nan,nan,nan,nan,nan,nan,0
9121734585,9121731978,0.15999998,0.0,0.15999998,0.0,nan,nan,nan,nan,nan,nan,nan,nan,0
9121745123,9121742683,0.16,7.450581e-09,0.15999997,0.0,nan,nan,nan,nan,nan,nan,nan,nan,0
9121755598,9121752781,0.15999997,0.0,0.15999998,0.0,nan,nan,nan,nan,nan,nan,nan,nan,0
9121766114,9121762651,0.15999997,0.0,0.16,0.0,nan,nan,nan,nan,nan,nan,nan,nan,0
9121774683,9121772273,0.15999997,0.0,0.16,0.0,nan,nan,nan,nan,nan,nan,nan,nan,0
9121785188,9121782812,0.15999997,0.0,0.16,0.0,nan,nan,nan,nan,nan,nan,nan,nan,0
9121795752,9121793143,0.15999997,0.0,0.15999997,0.0,nan,nan,nan,nan,nan,nan,nan,nan,0
9121805260,9121802874,0.16288729,0.0028872825,0.1542254,0.0,nan,nan,nan,nan,nan,nan,nan,nan,0
9121815740,9121812220,0.16615018,0.05290967,0.082021445,0.018918667,nan,nan,nan,nan,nan,nan,nan,nan,0
9121825146,9121822380,0.19620287,0.036202874,0.08606081,0.0015334301,nan,nan,nan,nan,nan,nan,nan,nan,0
9121835739,9121832772,0.16,0.0,0.15999998,0.0,nan,nan,nan,nan,nan,nan,nan,nan,0
9121845179,9121842802,0.15999997,0.0,0.15999998,0.0,nan,nan,nan,nan,nan,nan,nan,nan,0
9121854606,9121852034,0.17799428,0.017994314,0.12401135,0.0,nan,nan,nan,nan,nan,nan,nan,nan,0
9121865056,9121862264,0.15999997,0.0,0.15999997,0.0,nan,nan,nan,nan,nan,nan,nan,nan,0
9121875616,9121873042,0.16,0.0,0.16,0.0,nan,nan,nan,nan,nan,nan,nan,nan,0
9121885249,9121882844,0.15999997,0.0,0.16,0.0,nan,nan,nan,nan,nan,nan,nan,nan,0
9121895679,9121892886,0.16,0.0,0.15999997,0.0,nan,nan,nan,nan,nan,nan,nan,nan,0
9121906161,9121902992,0.15999997,0.0,0.16,0.0,nan,nan,nan,nan,nan,nan,nan,nan,0
9121914585,9121912215,0.16,0.0,0.16,0.0,nan,nan,nan,nan,nan,nan,nan,nan,0
9121925029,9121922636,0.15999997,0.0,0.15999997,0.0,nan,nan,nan,nan,nan,nan,nan,nan,0
9121935491,9121932868,0.15999997,0.0,0.15999997,0.0,nan,nan,nan,nan,nan,nan,nan,nan,0
9121945979,9121942299,0.1718715,0.011871517,0.13625695,0.0,nan,nan,nan,nan,nan,nan,nan,nan,0
9121955399,9121953017,0.15999997,0.0,0.15999997,0.0,nan,nan,nan,nan,nan,nan,nan,nan,0
9121965929,9121963291,0.15999997,0.0,0.15999997,0.0,nan,nan,nan,nan,nan,nan,nan,nan,0
9121976617,9121973241,0.16,0.0,0.15999998,0.0,nan,nan,nan,nan,nan,nan,nan,nan,0
9121987073,9121982540,0.15999997,0.0,0.15999997,0.0,nan,nan,nan,nan,nan,nan,nan,nan,0
9121995544,9121992365,0.16,0.0,0.16,0.0,nan,nan,nan,nan,nan,nan,nan,nan,0
9122006070,9122003448,0.15999997,3.7252903e-09,0.15999998,0.0,nan,nan,nan,nan,nan,nan,nan,nan,0
9122016510,9122012806,0.15999997,0.0,0.15999997,0.0,nan,nan,nan,nan,nan,nan,nan,nan,0
9122024893,9122022512,0.19582476,0.041135695,0.026585955,0.05645356,nan,nan,nan,nan,nan,nan,nan,nan,0
9122035411,9122033014,0.18427753,0.042243384,0.006114874,0.08736416,nan,nan,nan,nan,nan,nan,nan,nan,0
9122045888,9122043273,0.18724088,0.027240911,0.07467712,0.03084105,nan,nan,nan,nan,nan,nan,nan,nan,0
9122055474,9122053086,0.15999997,0.0,0.16,0.0,nan,nan,nan,nan,nan,nan,nan,nan,0
9122065952,9122063542,0.15999997,0.0,0.16,0.0,nan,nan,nan,nan,nan,nan,nan,nan,0
9122075345,9122072735,0.15999998,0.0,0.15999998,0.0,nan,nan,nan,nan,nan,nan,nan,nan,0
9122086829,9122083155,0.17551707,0.031890634,0.055954237,0.056638036,nan,nan,nan,nan,nan,nan,nan,nan,0
9122095254,9122092864,0.15374589,0.05318632,0.005545156,0.10752261,nan,nan,nan,nan,nan,nan,nan,nan,0
9122105806,9122103358,0.10572085,0.054279134,0.0,0.15999998,nan,nan,nan,nan,nan,nan,nan,nan,0
9122116133,9122113325,0.05533012,0.10466987,0.0,0.15999997,nan,nan,nan,nan,nan,nan,nan,nan,0
9122125645,9122123069,0.059382774,0.100617215,0.0,0.15999997,nan,nan,nan,nan,nan,nan,nan,nan,0
9122135187,9122132789,0.06598833,0.09401165,0.0,0.15999997,nan,nan,nan,nan,nan,nan,nan,nan,0
9122145667,9122142842,0.01728174,0.14271826,0.0,0.15999997,nan,nan,nan,nan,nan,nan,nan,nan,0
9122157202,9122153506,0.027507745,0.15459116,0.0020365203,0.13586454,nan,nan,nan,nan,nan,nan,nan,nan,0
9122165631,9122163053,0.08241349,0.096863516,0.043970123,0.09675284,nan,nan,nan,nan,nan,nan,nan,nan,0
9122175144,9122172727,0.06732829,0.1131798,0.021738555,0.11775331,nan,nan,nan,nan,nan,nan,nan,nan,0
9122185545,9122182924,0.0,0.15999998,0.0,0.15999998,nan,nan,nan,nan,nan,nan,nan,nan,0
9122196025,9122192546,1.4901161e-08,0.15999998,0.0,0.15999998,nan,nan,nan,nan,nan,nan,nan,nan,0
9122205541,9122202919,1.4901161e-08,0.15999998,0.0,0.15999998,nan,nan,nan,nan,nan,nan,nan,nan,0
9122216040,9122213204,0.0,0.15999997,0.0,0.15999997,nan,nan,nan,nan,nan,nan,nan,nan,0
9122226712,9122223537,0.043578126,0.116421856,0.0,0.15999997,nan,nan,nan,nan,nan,nan,nan,nan,0
9122235158,9122232553,0.021054063,0.15905687,0.0074700527,0.13241896,nan,nan,nan,nan,nan,nan,nan,nan,0
9122245665,9122243255,7.450581e-09,0.15999997,0.0,0.15999998,nan,nan,nan,nan,nan,nan,nan,nan,0
9122256033,9122253445,0.0,0.15999997,0.0,0.15999997,nan,nan,nan,nan,nan,nan,nan,nan,0
9122266272,9122262755,7.450581e-09,0.15999995,0.0,0.15999998,nan,nan,nan,nan,nan,nan,nan,nan,0
9122275697,9122273313,0.0,0.15999997,0.0,0.15999997,nan,nan,nan,nan,nan,nan,nan,nan,0
9122286191,9122283794,0.0,0.15999997,0.0,0.16,nan,nan,nan,nan,nan,nan,nan,nan,0
9122295518,9122292945,0.0,0.15999997,0.0,0.15999997,nan,nan,nan,nan,nan,nan,nan,nan,0
9122305666,9122303228,7.450581e-09,0.15999998,0.0,0.15999997,nan,nan,nan,nan,nan,nan,nan,nan,0
9122316066,9122313668,0.0,0.15999997,0.0,0.15999997,nan,nan,nan,nan,nan,nan,nan,nan,0
9122326414,9122323243,0.0,0.15999997,0.0,0.15999997,nan,nan,nan,nan,nan,nan,nan,nan,0
9122336964,9122333508,0.0,0.15999997,0.0,0.16,nan,nan,nan,nan,nan,nan,nan,nan,0
9122345486,9122343093,0.0,0.15999998,0.0,0.15999998,nan,nan,nan,nan,nan,nan,nan,nan,0
9122355980,9122353551,7.450581e-09,0.16,0.0,0.16,nan,nan,nan,nan,nan,nan,nan,nan,0
9122366486,9122363852,0.0,0.16,0.0,0.16,nan,nan,nan,nan,nan,nan,nan,nan,0
9122375933,9122373334,0.0,0.15999998,0.0,0.15999998,nan,nan,nan,nan,nan,nan,nan,nan,0
9122385586,9122383160,0.0,0.16,0.0,0.16,nan,nan,nan,nan,nan,nan,nan,nan,0
9122396338,9122393546,0.0,0.15999997,0.0,0.15999997,nan,nan,nan,nan,nan,nan,nan,nan,0
9122407816,9122403741,0.0,0.15999997,0.0,0.15999997,nan,nan,nan,nan,nan,nan,nan,nan,0
9122415627,9122413257,0.0,0.16,0.0,0.16,nan,nan,nan,nan,nan,nan,nan,nan,0
9122426117,9122423719,0.0,0.15999997,0.0,0.16,nan,nan,nan,nan,nan,nan,nan,nan,0
9122436538,9122433727,0.0,0.15999997,0.0,0.16,nan,nan,nan,nan,nan,nan,nan,nan,0
9122447029,9122443108,0.0,0.15999997,0.0,0.15999997,nan,nan,nan,nan,nan,nan,nan,nan,0
9122456483,9122453516,1.4901161e-08,0.15999997,0.0,0.15999997,nan,nan,nan,nan,nan,nan,nan,nan,0
9122466177,9122463381,1.4901161e-08,0.15999995,0.0,0.15999995,nan,nan,nan,nan,nan,nan,nan,nan,0
9122477872,9122473803,1.4901161e-08,0.15999997,0.0,0.15999997,nan,nan,nan,nan,nan,nan,nan,nan,0
9122485258,9122482885,0.0,0.15999997,0.0,0.15999997,nan,nan,nan,nan,nan,nan,nan,nan,0
9122495755,9122493381,0.0,0.15999997,0.0,0.16,nan,nan,nan,nan,nan,nan,nan,nan,0
9122506181,9122503368,7.450581e-09,0.15999997,0.0,0.15999997,nan,nan,nan,nan,nan,nan,nan,nan,0
9122516877,9122513628,0.0,0.15999997,0.0,0.15999997,nan,nan,nan,nan,nan,nan,nan,nan,0
9122526428,9122524021,0.0,0.15999997,0.0,0.15999997,nan,nan,nan,nan,nan,nan,nan,nan,0
9122535966,9122533152,0.0,0.15999997,0.0,0.15999998,nan,nan,nan,nan,nan,nan,nan,nan,0
9122547233,9122543529,7.450581e-09,0.15999997,0.0,0.15999998,nan,nan,nan,nan,nan,nan,nan,nan,0
9122556256,9122553631,0.0055068657,0.16550684,0.0,0.14898625,nan,nan,nan,nan,nan,nan,nan,nan,0
9122566745,9122564303,7.450581e-09,0.15999998,0.0,0.16,nan,nan,nan,nan,nan,nan,nan,nan,0
9122576191,9122573615,7.450581e-09,0.15999997,0.0,0.16,nan,nan,nan,nan,nan,nan,nan,nan,0
9122586703,9122583736,3.7252903e-09,0.15999997,0.0,0.15999997,nan,nan,nan,nan,nan,nan,nan,nan,0
9122596174,9122593766,0.0,0.16,0.0,0.15999997,nan,nan,nan,nan,nan,nan,nan,nan,0
9122606240,9122603607,0.0,0.15999997,0.0,0.15999997,nan,nan,nan,nan,nan,nan,nan,nan,0
9122616768,9122613899,0.0,0.15999997,0.0,0.15999997,nan,nan,nan,nan,nan,nan,nan,nan,0
9122628128,9122623132,0.0,0.15999997,0.0,0.16,nan,nan,nan,nan,nan,nan,nan,nan,0
9122638857,9122634351,3.7252903e-09,0.15999995,0.0,0.15999998,nan,nan,nan,nan,nan,nan,nan,nan,0
9122647232,9122645750,0.0,0.15999997,0.0,0.16,nan,nan,nan,nan,nan,nan,nan,nan,0
9122657743,9122653854,0.0,0.15999997,0.0,0.15999997,nan,nan,nan,nan,nan,nan,nan,nan,0
9122666115,9122663733,0.01631897,0.17631893,0.0,0.12736206,nan,nan,nan,nan,nan,nan,nan,nan,0
9122676616,9122674206,0.0,0.15999997,0.0,0.15999997,nan,nan,nan,nan,nan,nan,nan,nan,0
9122687032,9122684422,0.0,0.15999997,0.0,0.15999997,nan,nan,nan,nan,nan,nan,nan,nan,0
9122696486,9122694119,0.021608435,0.18160841,0.004044622,0.1127385,nan,nan,nan,nan,nan,nan,nan,nan,0
9122705916,9122703544,0.020349624,0.1803496,0.07238491,0.04691583,nan,nan,nan,nan,nan,nan,nan,nan,0
9122716356,9122713548,0.01945253,0.1794525,0.07514362,0.045951303,nan,nan,nan,nan,nan,nan,nan,nan,0
9122727977,9122724493,0.018663032,0.178663,0.07959957,0.043074347,nan,nan,nan,nan,nan,nan,nan,nan,0
9122736806,9122734414,0.03687995,0.15856683,0.101169616,0.023383573,nan,nan,nan,nan,nan,nan,nan,nan,0
9122746099,9122743713,0.058230035,0.13469991,0.10889092,0.018179104,nan,nan,nan,nan,nan,nan,nan,nan,0
9122756576,9122753967,0.06788511,0.12024703,0.11675451,0.015113316,nan,nan,nan,nan,nan,nan,nan,nan,0
9122767078,9122763652,0.090477064,0.09022337,0.12855943,0.010740102,nan,nan,nan,nan,nan,nan,nan,nan,0
9122776497,9122774108,0.07877845,0.09228801,0.12593314,0.023000348,nan,nan,nan,nan,nan,nan,nan,nan,0
9122786909,9122784308,0.05394845,0.10788669,0.11057856,0.04758627,nan,nan,nan,nan,nan,nan,nan,nan,0
9122798365,9122794502,0.07663297,0.07530967,0.1094644,0.05859292,nan,nan,nan,nan,nan,nan,nan,nan,0
9122805801,9122803413,0.11092839,0.031078797,0.12932937,0.048663404,nan,nan,nan,nan,nan,nan,nan,nan,0
9122816441,9122814020,0.09681169,0.03392724,0.14159006,0.047670983,nan,nan,nan,nan,nan,nan,nan,nan,0
9122826785,9122824214,0.11910466,0.001352774,0.16314293,0.03639958,nan,nan,nan,nan,nan,nan,nan,nan,0
9122837268,9122834100,0.15999997,0.0,0.16,0.0,nan,nan,nan,nan,nan,nan,nan,nan,0
9122846720,9122844330,0.16,0.0,0.16,0.0,nan,nan,nan,nan,nan,nan,nan,nan,0
9122857181,9122854756,0.16,0.0,0.15999997,0.0,nan,nan,nan,nan,nan,nan,nan,nan,0
9122866553,9122863952,0.1599999,0.0,0.16,2.9802322e-08,nan,nan,nan,nan,nan,nan,nan,nan,0
9122876035,9122873631,0.15999998,0.0,0.15999995,0.0,nan,nan,nan,nan,nan,nan,nan,nan,0
9122886504,9122884089,0.15999997,0.0,0.16,0.0,nan,nan,nan,nan,nan,nan,nan,nan,0
9122897070,9122894419,0.032843187,0.0,0.17645591,0.11070085,nan,nan,nan,nan,nan,nan,nan,nan,0
9122908470,9122904203,0.0,0.11378787,0.09691347,0.10929863,nan,nan,nan,nan,nan,nan,nan,nan,0
9122916807,9122914210,0.0,0.06357969,0.10066636,0.15575393,nan,nan,nan,nan,nan,nan,nan,nan,0
9122927372,9122923640,0.16,0.0,0.06581922,0.09418075,nan,nan,nan,nan,nan,nan,nan,nan,0
9122936769,9122934466,0.15999997,0.0,0.13838378,0.021616213,nan,nan,nan,nan,nan,nan,nan,nan,0
9122946285,9122943902,0.16,0.0,0.09504554,0.06495443,nan,nan,nan,nan,nan,nan,nan,nan,0
9122956763,9122954356,0.11305044,0.0,0.07032671,0.13662282,nan,nan,nan,nan,nan,nan,nan,nan,0
9122967213,9122964390,0.014715392,0.032008547,0.06703353,0.20624249,nan,nan,nan,nan,nan,nan,nan,nan,0
9122978004,9122973717,0.0,0.15999997,0.0,0.16,nan,nan,nan,nan,nan,nan,nan,nan,0
9122986588,9122983971,0.0,0.07387406,0.043062963,0.20306294,nan,nan,nan,nan,nan,nan,nan,nan,0
9122996995,9122994597,0.099774376,0.0,0.0301128,0.19011278,nan,nan,nan,nan,nan,nan,nan,nan,0
9123007429,9123004819,0.15999998,0.0,0.04463482,0.11536517,nan,nan,nan,nan,nan,nan,nan,nan,0
9123016952,9123013937,0.16,0.0,0.1144233,0.045576677,nan,nan,nan,nan,nan,nan,nan,nan,0
9123027365,9123024962,0.15999997,0.0,0.15135327,0.008646719,nan,nan,nan,nan,nan,nan,nan,nan,0
9123037849,9123035024,0.15999997,0.0,0.16,0.0,nan,nan,nan,nan,nan,nan,nan,nan,0
9123048288,9123044883,0.15999997,0.0,0.09981626,0.060183704,nan,nan,nan,nan,nan,nan,nan,nan,0
9123056664,9123054286,0.15067858,0.0,0.004660696,0.16466066,nan,nan,nan,nan,nan,nan,nan,nan,0
9123067256,9123064841,0.11832233,0.0,0.020838827,0.18083881,nan,nan,nan,nan,nan,nan,nan,nan,0
9123077715,9123075065,0.16,0.0,0.027642962,0.13235703,nan,nan,nan,nan,nan,nan,nan,nan,0
9123088160,9123084454,0.15999997,0.0,0.06681299,0.09318699,nan,nan,nan,nan,nan,nan,nan,nan,0
9123097568,9123095179,0.15999998,0.0,0.09567349,0.064326495,nan,nan,nan,nan,nan,nan,nan,nan,0
9123106933,9123104350,0.15999997,0.0,0.09608464,0.06391535,nan,nan,nan,nan,nan,nan,nan,nan,0
9123117327,9123114524,0.15999997,0.0,0.06407052,0.09592945,nan,nan,nan,nan,nan,nan,nan,nan,0
9123126748,9123124379,0.16,0.0,0.0746105,0.08538948,nan,nan,nan,nan,nan,nan,nan,nan,0
9123137196,9123134803,0.15999997,0.0,0.105298504,0.054701485,nan,nan,nan,nan,nan,nan,nan,nan,0
9123147200,9123144344,0.16,0.0,0.14054699,0.01945299,nan,nan,nan,nan,nan,nan,nan,nan,0
9123157649,9123154662,0.15999997,0.0,0.15999997,0.0,nan,nan,nan,nan,nan,nan,nan,nan,0
9123167086,9123164670,0.15999997,0.0,0.15999997,0.0,nan,nan,nan,nan,nan,nan,nan,nan,0
9123177573,9123174936,0.15999997,0.0,0.15478203,0.005217947,nan,nan,nan,nan,nan,nan,nan,nan,0
9123187944,9123185139,0.16,0.0,0.15244395,0.007556036,nan,nan,nan,nan,nan,nan,nan,nan,0
9123197454,9123194872,0.15999997,0.0,0.14769855,0.012301423,nan,nan,nan,nan,nan,nan,nan,nan,0
9123206918,9123204527,0.16,0.0,0.111359365,0.04864061,nan,nan,nan,nan,nan,nan,nan,nan,0
9123217313,9123214525,0.16,0.0,0.09086564,0.06913435,nan,nan,nan,nan,nan,nan,nan,nan,0
9123229020,9123225051,0.15999998,0.0,0.1452786,0.014721371,nan,nan,nan,nan,nan,nan,nan,nan,0
9123237372,9123234994,0.15999997,0.0,0.15999998,0.0,nan,nan,nan,nan,nan,nan,nan,nan,0
9123246792,9123244215,0.15999997,0.0,0.15999997,0.0,nan,nan,nan,nan,nan,nan,nan,nan,0
9123257358,9123254574,0.15999997,0.0,0.15999998,0.0,nan,nan,nan,nan,nan,nan,nan,nan,0
9123267843,9123265472,0.15999997,0.0,0.15999997,0.0,nan,nan,nan,nan,nan,nan,nan,nan,0
9123277262,9123274688,0.16,0.0,0.12878065,0.031219326,nan,nan,nan,nan,nan,nan,nan,nan,0
9123287690,9123284899,0.16029045,0.00029046062,0.08808308,0.071335986,nan,nan,nan,nan,nan,nan,nan,nan,0
9123299187,9123295321,0.16227925,0.0022792881,0.08531796,0.070123434,nan,nan,nan,nan,nan,nan,nan,nan,0
9123306621,9123304008,0.15999997,0.0,0.15999998,0.0,nan,nan,nan,nan,nan,nan,nan,nan,0
9123317279,9123314865,0.15999997,0.0,0.15999998,0.0,nan,nan,nan,nan,nan,nan,nan,nan,0
9123327657,9123324856,0.1619075,0.0019075269,0.13965866,0.016526267,nan,nan,nan,nan,nan,nan,nan,nan,0
9123338121,9123334457,0.16140309,0.0014030938,0.06914657,0.08804722,nan,nan,nan,nan,nan,nan,nan,nan,0
9123347802,9123345222,0.15999997,0.0,0.069686025,0.09031396,nan,nan,nan,nan,nan,nan,nan,nan,0
9123357193,9123354612,0.15999997,0.0,0.051467255,0.108532734,nan,nan,nan,nan,nan,nan,nan,nan,0
9123368685,9123365302,0.15999997,0.0,0.02123097,0.138769,nan,nan,nan,nan,nan,nan,nan,nan,0
9123377095,9123374729,0.15999998,0.0,0.021728516,0.13827147,nan,nan,nan,nan,nan,nan,nan,nan,0
9123387583,9123385207,0.16,0.0,0.06267184,0.09732815,nan,nan,nan,nan,nan,nan,nan,nan,0
9123398149,9123395332,0.15999998,0.0,0.08937208,0.0706279,nan,nan,nan,nan,nan,nan,nan,nan,0
9123408656,9123405180,0.15999997,0.0,0.1080488,0.051951177,nan,nan,nan,nan,nan,nan,nan,nan,0
9123417057,9123414465,0.15999997,0.0,0.15999998,0.0,nan,nan,nan,nan,nan,nan,nan,nan,0
9123427529,9123425132,0.15999997,0.0,0.16,0.0,nan,nan,nan,nan,nan,nan,nan,nan,0
9123437893,9123435297,0.15999997,0.0,0.15999997,0.0,nan,nan,nan,nan,nan,nan,nan,nan,0
9123447382,9123444810,0.15999997,0.0,0.1313233,0.028676689,nan,nan,nan,nan,nan,nan,nan,nan,0
9123457795,9123454784,0.16,0.0,0.10639112,0.053608872,nan,nan,nan,nan,nan,nan,nan,nan,0
9123468264,9123465448,0.15999997,0.0,0.07208611,0.08791386,nan,nan,nan,nan,nan,nan,nan,nan,0
9123478816,9123475120,0.15999997,0.0,0.027056154,0.13294382,nan,nan,nan,nan,nan,nan,nan,nan,0
9123487406,9123484975,0.116077356,0.03668342,0.01918644,0.14805274,nan,nan,nan,nan,nan,nan,nan,nan,0
9123497899,9123495485,0.060290672,0.087822415,0.0059434487,0.16594341,nan,nan,nan,nan,nan,nan,nan,nan,0
9123508500,9123505858,0.05475652,0.08379806,0.010722701,0.17072266,nan,nan,nan,nan,nan,nan,nan,nan,0
9123518002,9123515582,0.16,0.0,0.048593313,0.111406684,nan,nan,nan,nan,nan,nan,nan,nan,0
9123527579,9123525166,0.15999997,0.0,0.15999998,7.450581e-09,nan,nan,nan,nan,nan,nan,nan,nan,0
9123538152,9123535351,0.15999998,0.0,0.15999998,0.0,nan,nan,nan,nan,nan,nan,nan,nan,0
9123548827,9123545601,0.045185857,0.08803854,0.13430546,0.052470095,nan,nan,nan,nan,nan,nan,nan,nan,0
9123557465,9123555067,0.0,0.15999997,0.036328077,0.12367191,nan,nan,nan,nan,nan,nan,nan,nan,0
9123568088,9123565615,0.0,0.16,0.06773984,0.09226015,nan,nan,nan,nan,nan,nan,nan,nan,0
9123578370,9123575763,0.0,0.16,0.10010382,0.059896167,nan,nan,nan,nan,nan,nan,nan,nan,0
9123587855,9123585474,0.0,0.16,0.0070647155,0.15293527,nan,nan,nan,nan,nan,nan,nan,nan,0
9123597251,9123594880,0.0,0.15999997,0.011476123,0.14852387,nan,nan,nan,nan,nan,nan,nan,nan,0
9123607840,9123605029,0.020448282,0.12053198,0.14027698,0.038742714,nan,nan,nan,nan,nan,nan,nan,nan,0
9123618386,9123614920,0.06311879,0.07227471,0.15763216,0.026974306,nan,nan,nan,nan,nan,nan,nan,nan,0
9123627802,9123625228,0.038191065,0.09045963,0.13650553,0.054843724,nan,nan,nan,nan,nan,nan,nan,nan,0
9123638289,9123635881,0.016318148,0.10569609,0.09003394,0.10795178,nan,nan,nan,nan,nan,nan,nan,nan,0
9123647701,9123645095,0.0,0.16,0.0,0.16,nan,nan,nan,nan,nan,nan,nan,nan,0
9123658775,9123655073,0.0,0.16,0.0,0.15999997,nan,nan,nan,nan,nan,nan,nan,nan,0
9123667399,9123664985,0.0,0.16,0.0,0.16,nan,nan,nan,nan,nan,nan,nan,nan,0
9123677989,9123675603,0.10379116,0.009426657,0.06792319,0.13885896,nan,nan,nan,nan,nan,nan,nan,nan,0
9123688481,9123685909,0.15999997,0.0,0.12388688,0.03611309,nan,nan,nan,nan,nan,nan,nan,nan,0
9123698944,9123695545,0.15999998,0.0,0.1285224,0.031477585,nan,nan,nan,nan,nan,nan,nan,nan,0
9123708303,9123705328,0.09141797,0.046856467,0.12385018,0.057875346,nan,nan,nan,nan,nan,nan,nan,nan,0
9123718801,9123716030,0.07202968,0.08722754,0.07731838,0.08342437,nan,nan,nan,nan,nan,nan,nan,nan,0
9123729303,9123725624,0.11679838,0.05757343,0.029813841,0.11581431,nan,nan,nan,nan,nan,nan,nan,nan,0
9123737860,9123735450,0.103563115,0.07890016,0.013328776,0.124207914,nan,nan,nan,nan,nan,nan,nan,nan,0
9123748400,9123745986,0.0,0.15999997,0.0,0.16,nan,nan,nan,nan,nan,nan,nan,nan,0
9123758716,9123755915,0.0,0.15999997,0.0,0.16,nan,nan,nan,nan,nan,nan,nan,nan,0
9123768199,9123765783,3.7252903e-09,0.15999997,0.0,0.16,nan,nan,nan,nan,nan,nan,nan,nan,0
9123777658,9123775257,0.0,0.15999998,0.030869707,0.12913027,nan,nan,nan,nan,nan,nan,nan,nan,0
9123788050,9123785239,0.0,0.15999998,0.027670441,0.13232954,nan,nan,nan,nan,nan,nan,nan,nan,0
9123799548,9123795687,0.021519583,0.1225908,0.10327298,0.0726166,nan,nan,nan,nan,nan,nan,nan,nan,0
9123808050,9123805626,0.10073733,0.03924918,0.11926735,0.060746096,nan,nan,nan,nan,nan,nan,nan,nan,0
9123818644,9123816178,0.018828021,0.12490759,0.08423561,0.09202874,nan,nan,nan,nan,nan,nan,nan,nan,0
9123828622,9123826030,0.0,0.15999997,0.0,0.16,nan,nan,nan,nan,nan,nan,nan,nan,0
9123838063,9123835484,0.0,0.15999997,0.0,0.15999997,nan,nan,nan,nan,nan,nan,nan,nan,0
9123848578,9123846178,0.0,0.16,0.0,0.16,nan,nan,nan,nan,nan,nan,nan,nan,0
9123859046,9123856235,0.0034508607,0.16345084,0.008437272,0.14466098,nan,nan,nan,nan,nan,nan,nan,nan,0
9123869565,9123866189,0.036835782,0.12932089,0.030932672,0.12291062,nan,nan,nan,nan,nan,nan,nan,nan,0
9123878003,9123875625,0.114608385,0.051765524,0.053705767,0.09992029,nan,nan,nan,nan,nan,nan,nan,nan,0
9123888671,9123886288,0.14810808,0.021320254,0.08967408,0.060897566,nan,nan,nan,nan,nan,nan,nan,nan,0
9123899151,9123896517,0.12387692,0.050770584,0.13306496,0.012287486,nan,nan,nan,nan,nan,nan,nan,nan,0
9123909036,9123905315,0.09039466,0.06960532,0.15999998,0.0,nan,nan,nan,nan,nan,nan,nan,nan,0
9123918824,9123916428,0.045367233,0.1348376,0.1391311,0.0006640451,nan,nan,nan,nan,nan,nan,nan,nan,0
9123928566,9123925727,0.010108623,0.17010859,0.01703747,0.122745275,nan,nan,nan,nan,nan,nan,nan,nan,0
9123940085,9123936172,0.0,0.15999997,0.0,0.16,nan,nan,nan,nan,nan,nan,nan,nan,0
9123948552,9123945926,0.00422675,0.16422673,0.045521513,0.106024966,nan,nan,nan,nan,nan,nan,nan,nan,0
9123957911,9123955539,0.0059658866,0.15637688,0.07147115,0.08618603,nan,nan,nan,nan,nan,nan,nan,nan,0
9123968358,9123965561,0.019516218,0.1394996,0.09371771,0.067266434,nan,nan,nan,nan,nan,nan,nan,nan,0
9123979817,9123975949,0.08071901,0.076232165,0.11973512,0.043313667,nan,nan,nan,nan,nan,nan,nan,nan,0
9123988431,9123986012,0.12202182,0.035499576,0.13613999,0.026338587,nan,nan,nan,nan,nan,nan,nan,nan,0
9123997888,9123995306,0.14136408,0.020591548,0.14918898,0.008855336,nan,nan,nan,nan,nan,nan,nan,nan,0
9124008400,9124005784,0.15634586,0.013565127,0.14945857,0.00063040527,nan,nan,nan,nan,nan,nan,nan,nan,0
9124018093,9124015712,0.15999998,0.0,0.15999998,0.0,nan,nan,nan,nan,nan,nan,nan,nan,0
9124028687,9124026283,0.16,0.0,0.15999997,0.0,nan,nan,nan,nan,nan,nan,nan,nan,0
9124039047,9124036457,0.15999997,0.0,0.16,0.0,nan,nan,nan,nan,nan,nan,nan,nan,0
9124049573,9124046181,0.15999998,0.0,0.15999998,0.0,nan,nan,nan,nan,nan,nan,nan,nan,0
9124057947,9124055564,0.16,0.0,0.15999997,0.0,nan,nan,nan,nan,nan,nan,nan,nan,0
9124068456,9124065851,0.15999997,0.0,0.15999997,0.0,nan,nan,nan,nan,nan,nan,nan,nan,0
9124079031,9124076389,0.15999997,0.0,0.15999997,0.0,nan,nan,nan,nan,nan,nan,nan,nan,0
9124088407,9124085821,0.16,0.0,0.15999997,3.7252903e-09,nan,nan,nan,nan,nan,nan,nan,nan,0
9124098897,9124096486,0.11495422,0.023500834,0.1494732,0.032071706,nan,nan,nan,nan,nan,nan,nan,nan,0
9124109322,9124106513,0.0772399,0.061619196,0.14303349,0.03810737,nan,nan,nan,nan,nan,nan,nan,nan,0
9124119768,9124116575,0.107830204,0.032914866,0.13511083,0.044144075,nan,nan,nan,nan,nan,nan,nan,nan,0
9124130150,9124125837,0.14693986,0.0,0.12501027,0.048049845,nan,nan,nan,nan,nan,nan,nan,nan,0
9124138586,9124136208,0.15999998,0.0,0.13379346,0.026206525,nan,nan,nan,nan,nan,nan,nan,nan,0
9124149033,9124146439,0.16,0.0,0.14461857,0.015381407,nan,nan,nan,nan,nan,nan,nan,nan,0
9124158859,9124156253,0.15999998,0.0,0.12122414,0.03877584,nan,nan,nan,nan,nan,nan,nan,nan,0
9124168264,9124165866,0.14990418,0.013592365,0.07967278,0.07683064,nan,nan,nan,nan,nan,nan,nan,nan,0
9124178712,9124175923,0.14304906,0.02200506,0.07045045,0.0844954,nan,nan,nan,nan,nan,nan,nan,nan,0
9124190284,9124186585,0.16101328,0.0010132852,0.10899277,0.04898064,nan,nan,nan,nan,nan,nan,nan,nan,0
9124198654,9124196091,0.15999997,0.0,0.16,0.0,nan,nan,nan,nan,nan,nan,nan,nan,0
9124209181,9124206767,0.15999995,0.0,0.15999998,7.450581e-09,nan,nan,nan,nan,nan,nan,nan,nan,0
9124219538,9124216955,0.16,0.0,0.16,0.0,nan,nan,nan,nan,nan,nan,nan,nan,0
9124228972,9124225607,0.15999997,0.0,0.15999998,0.0,nan,nan,nan,nan,nan,nan,nan,nan,0
9124238463,9124236070,0.15999998,0.0,0.15999997,4.656613e-10,nan,nan,nan,nan,nan,nan,nan,nan,0
9124249296,9124246672,0.14004041,0.014266461,0.13716345,0.028529637,nan,nan,nan,nan,nan,nan,nan,nan,0
9124258722,9124256141,0.13075143,0.022203855,0.1110497,0.055994973,nan,nan,nan,nan,nan,nan,nan,nan,0
9124268188,9124265810,0.1417472,0.008526038,0.10107218,0.06865454,nan,nan,nan,nan,nan,nan,nan,nan,0
9124278777,9124276407,0.16,0.0,0.12141745,0.03858254,nan,nan,nan,nan,nan,nan,nan,nan,0
9124289770,9124287149,0.16,0.0,0.15999997,0.0,nan,nan,nan,nan,nan,nan,nan,nan,0
9124299566,9124296397,0.15999998,0.0,0.15999998,0.0,nan,nan,nan,nan,nan,nan,nan,nan,0
9124309023,9124306424,0.15999997,0.0,0.16,0.0,nan,nan,nan,nan,nan,nan,nan,nan,0
9124319476,9124317077,0.15999998,0.0,0.15946093,0.0005390495,nan,nan,nan,nan,nan,nan,nan,nan,0
9124329006,9124326127,0.15999998,0.0,0.13670345,0.023296535,nan,nan,nan,nan,nan,nan,nan,nan,0
9124339206,9124336588,0.15999997,0.0,0.13320914,0.026790846,nan,nan,nan,nan,nan,nan,nan,nan,0
9124348960,9124346552,0.15999998,0.0,0.123884134,0.036115848,nan,nan,nan,nan,nan,nan,nan,nan,0
9124359344,9124356544,0.16163853,0.0016385374,0.109117344,0.047605556,nan,nan,nan,nan,nan,nan,nan,nan,0
9124370796,9124366726,0.16328257,0.0032825994,0.10962124,0.04381354,nan,nan,nan,nan,nan,nan,nan,nan,0
9124378155,9124375595,0.1637787,0.0037787443,0.10920327,0.043239225,nan,nan,nan,nan,nan,nan,nan,nan,0
9124388650,9124386270,0.16329743,0.0032974484,0.12651359,0.0268915,nan,nan,nan,nan,nan,nan,nan,nan,0
9124399763,9124396971,0.15999997,9.313226e-10,0.15999998,0.0,nan,nan,nan,nan,nan,nan,nan,nan,0
9124410136,9124407414,0.16,0.0,0.15999997,0.0,nan,nan,nan,nan,nan,nan,nan,nan,0
9124419201,9124416738,0.15999998,0.0,0.15999998,0.0,nan,nan,nan,nan,nan,nan,nan,nan,0
9124429847,9124427256,0.16008139,0.008259581,0.14163092,0.010028077,nan,nan,nan,nan,nan,nan,nan,nan,0
9124440392,9124437199,0.15457308,0.015260902,0.11674256,0.03342342,nan,nan,nan,nan,nan,nan,nan,nan,0
9124448794,9124446208,0.1470497,0.022759961,0.093271986,0.056918334,nan,nan,nan,nan,nan,nan,nan,nan,0
9124459429,9124456992,0.13625434,0.03267976,0.07093772,0.08012813,nan,nan,nan,nan,nan,nan,nan,nan,0
9124468897,9124466090,0.122399695,0.04482039,0.050437525,0.102342345,nan,nan,nan,nan,nan,nan,nan,nan,0
9124479464,9124476621,0.09829869,0.06503231,0.049280137,0.10738882,nan,nan,nan,nan,nan,nan,nan,nan,0
9124488803,9124486427,0.047305394,0.109632306,0.048022177,0.115040086,nan,nan,nan,nan,nan,nan,nan,nan,0
9124499440,9124496597,0.00062090997,0.14611518,0.053894695,0.119369164,nan,nan,nan,nan,nan,nan,nan,nan,0
9124510908,9124507030,0.0,0.15999998,0.041780822,0.11821915,nan,nan,nan,nan,nan,nan,nan,nan,0
9124519408,9124517025,0.0,0.1528253,0.047000997,0.12017366,nan,nan,nan,nan,nan,nan,nan,nan,0
9124529052,9124526578,0.0,0.125383,0.057082027,0.13753492,nan,nan,nan,nan,nan,nan,nan,nan,0
9124539644,9124537003,0.0,0.11994096,0.06352193,0.13653708,nan,nan,nan,nan,nan,nan,nan,nan,0
9124550251,9124546859,0.0,0.09186029,0.088909894,0.13922977,nan,nan,nan,nan,nan,nan,nan,nan,0
9124558707,9124556341,0.023550976,0.061781455,0.09845626,0.13621128,nan,nan,nan,nan,nan,nan,nan,nan,0
9124569214,9124566792,0.00954397,0.072461694,0.09051345,0.14748085,nan,nan,nan,nan,nan,nan,nan,nan,0
9124579859,9124577246,0.0,0.11679889,0.06545833,0.13774273,nan,nan,nan,nan,nan,nan,nan,nan,0
9124589336,9124586959,0.0,0.09455277,0.076401636,0.14904557,nan,nan,nan,nan,nan,nan,nan,nan,0
9124599810,9124597414,0.01757928,0.06021828,0.08638291,0.1558195,nan,nan,nan,nan,nan,nan,nan,nan,0
9124609244,9124606629,0.0005286187,0.07826877,0.086576164,0.15462641,nan,nan,nan,nan,nan,nan,nan,nan,0
9124620197,9124616132,0.0,0.16,0.020485092,0.1395149,nan,nan,nan,nan,nan,nan,nan,nan,0
9124629619,9124627224,0.0,0.16,0.022623688,0.1373763,nan,nan,nan,nan,nan,nan,nan,nan,0
9124639010,9124636436,0.0,0.117596924,0.09083709,0.11156595,nan,nan,nan,nan,nan,nan,nan,nan,0
9124649534,9124646694,0.0,0.15999997,0.062164433,0.09783555,nan,nan,nan,nan,nan,nan,nan,nan,0
9124659082,9124656695,0.0,0.15999997,0.0,0.15999997,nan,nan,nan,nan,nan,nan,nan,nan,0
9124669829,9124667427,0.0,0.15999997,3.7252903e-09,0.16,nan,nan,nan,nan,nan,nan,nan,nan,0
9124680266,9124677442,0.0,0.15999997,0.026771393,0.1332286,nan,nan,nan,nan,nan,nan,nan,nan,0
9124690629,9124686531,0.0,0.15999998,0.03087147,0.12912852,nan,nan,nan,nan,nan,nan,nan,nan,0
9124698952,9124696388,0.0,0.15999997,0.0,0.15999997,nan,nan,nan,nan,nan,nan,nan,nan,0
9124709458,9124707076,0.0,0.15999997,0.0,0.16,nan,nan,nan,nan,nan,nan,nan,nan,0
9124719971,9124717345,0.0,0.16,0.0,0.16,nan,nan,nan,nan,nan,nan,nan,nan,0
9124730425,9124726334,0.0022108748,0.15182908,0.05778274,0.10817726,nan,nan,nan,nan,nan,nan,nan,nan,0
9124739879,9124737282,0.0020058022,0.1620058,0.029677374,0.126311,nan,nan,nan,nan,nan,nan,nan,nan,0
9124749610,9124746767,0.0,0.16,0.0,0.15999998,nan,nan,nan,nan,nan,nan,nan,nan,0
9124761308,9124757620,0.004520774,0.16452076,0.0,0.15095843,nan,nan,nan,nan,nan,nan,nan,nan,0
9124769758,9124767361,0.0,0.15999998,0.0,0.15999998,nan,nan,nan,nan,nan,nan,nan,nan,0
9124779187,9124776559,0.0,0.16,0.0,0.15999997,nan,nan,nan,nan,nan,nan,nan,nan,0
9124789595,9124786994,0.019851461,0.16830406,0.0,0.13184445,nan,nan,nan,nan,nan,nan,nan,nan,0
9124800104,9124796401,0.0,0.15999997,0.0,0.16,nan,nan,nan,nan,nan,nan,nan,nan,0
9124809560,9124806944,0.0,0.16,0.0,0.16,nan,nan,nan,nan,nan,nan,nan,nan,0
9124820023,9124817419,0.0,0.15999998,0.0,0.15999998,nan,nan,nan,nan,nan,nan,nan,nan,0
9124830583,9124827930,0.008135617,0.16477476,0.0,0.14708959,nan,nan,nan,nan,nan,nan,nan,nan,0
9124840232,9124837594,0.0053190887,0.16531907,0.0,0.1493618,nan,nan,nan,nan,nan,nan,nan,nan,0
9124849641,9124847240,0.0,0.16,0.0,0.16,nan,nan,nan,nan,nan,nan,nan,nan,0
9124860045,9124857418,0.018184757,0.17818472,0.0,0.12363047,nan,nan,nan,nan,nan,nan,nan,nan,0
9124870577,9124867178,0.0336502,0.1936502,0.0,0.09269957,nan,nan,nan,nan,nan,nan,nan,nan,0
9124879970,9124877584,0.00066398084,0.16066395,0.0,0.15867202,nan,nan,nan,nan,nan,nan,nan,nan,0
9124889365,9124886991,0.0,0.16,0.0,0.15999997,nan,nan,nan,nan,nan,nan,nan,nan,0
9124899743,9124896968,0.005553767,0.16555375,0.0,0.14889245,nan,nan,nan,nan,nan,nan,nan,nan,0
9124910235,9124907656,0.011971667,0.17197165,0.0,0.13605665,nan,nan,nan,nan,nan,nan,nan,nan,0
9124920086,9124917636,0.018337298,0.17833726,0.0,0.12332539,nan,nan,nan,nan,nan,nan,nan,nan,0
9124930509,9124927698,0.0,0.16,0.0,0.16,nan,nan,nan,nan,nan,nan,nan,nan,0
9124940904,9124936976,0.0,0.15999997,0.0,0.15999997,nan,nan,nan,nan,nan,nan,nan,nan,0
9124949289,9124946921,0.0,0.15999997,0.0,0.15999997,nan,nan,nan,nan,nan,nan,nan,nan,0
9124959803,9124957404,0.0,0.15999998,0.0,0.15999998,nan,nan,nan,nan,nan,nan,nan,nan,0
9124970191,9124967598,0.0067632585,0.16401525,0.003557405,0.14566405,nan,nan,nan,nan,nan,nan,nan,nan,0
9124980752,9124978115,0.0,0.16,0.0,0.16,nan,nan,nan,nan,nan,nan,nan,nan,0
9124990101,9124987723,0.0010336041,0.16103359,0.0,0.15793277,nan,nan,nan,nan,nan,nan,nan,nan,0
9125000692,9124998082,0.021327592,0.14221801,0.042755283,0.11369907,nan,nan,nan,nan,nan,nan,nan,nan,0
9125011297,9125007908,0.034555886,0.13131602,0.059235852,0.094892204,nan,nan,nan,nan,nan,nan,nan,nan,0
9125019682,9125017111,0.019583693,0.1517753,0.07192858,0.07671238,nan,nan,nan,nan,nan,nan,nan,nan,0
9125029501,9125026891,0.009166736,0.16916671,0.044879515,0.09678699,nan,nan,nan,nan,nan,nan,nan,nan,0
9125040043,9125037412,0.012288108,0.1722881,0.015203548,0.12022023,nan,nan,nan,nan,nan,nan,nan,nan,0
9125050568,9125047558,0.033675086,0.15505788,0.035979357,0.09528765,nan,nan,nan,nan,nan,nan,nan,nan,0
9125059937,9125057540,0.06621514,0.1253316,0.06192585,0.066527374,nan,nan,nan,nan,nan,nan,nan,nan,0
9125070396,9125067598,0.05330089,0.14069216,0.099521846,0.026485074,nan,nan,nan,nan,nan,nan,nan,nan,0
9125081907,9125078040,0.03458387,0.16221748,0.11926097,0.0039376393,nan,nan,nan,nan,nan,nan,nan,nan,0
9125089778,9125087343,0.033740494,0.16581433,0.10731928,0.013125863,nan,nan,nan,nan,nan,nan,nan,nan,0
9125100245,9125097827,0.048100807,0.15288964,0.070712864,0.048296645,nan,nan,nan,nan,nan,nan,nan,nan,0
9125110652,9125108058,0.058214225,0.14141788,0.04113859,0.079229265,nan,nan,nan,nan,nan,nan,nan,nan,0
9125121128,9125117755,0.06857611,0.12836036,0.03627505,0.08678844,nan,nan,nan,nan,nan,nan,nan,nan,0
9125130562,9125128163,0.09774183,0.09616926,0.055322412,0.070766464,nan,nan,nan,nan,nan,nan,nan,nan,0
9125139958,9125137531,0.123280615,0.06894415,0.07776195,0.050013255,nan,nan,nan,nan,nan,nan,nan,nan,0
9125150381,9125147575,0.12894553,0.062268674,0.09149224,0.037293516,nan,nan,nan,nan,nan,nan,nan,nan,0
9125159816,9125157448,0.16116776,0.027416201,0.11311973,0.018296288,nan,nan,nan,nan,nan,nan,nan,nan,0
9125170340,9125167904,0.16751964,0.007519648,0.14496069,0.0,nan,nan,nan,nan,nan,nan,nan,nan,0
9125180812,9125178019,0.15059508,0.029528819,0.13758959,0.0022864705,nan,nan,nan,nan,nan,nan,nan,nan,0
9125190934,9125187432,0.10468309,0.0714473,0.117980815,0.025888763,nan,nan,nan,nan,nan,nan,nan,nan,0
9125200326,9125197956,0.062010452,0.10956846,0.09478641,0.053634636,nan,nan,nan,nan,nan,nan,nan,nan,0
9125209807,9125207416,0.066157214,0.10005126,0.09464114,0.059150353,nan,nan,nan,nan,nan,nan,nan,nan,0
9125221195,9125218414,0.114231974,0.0424617,0.11763349,0.045672797,nan,nan,nan,nan,nan,nan,nan,nan,0
9125230670,9125228301,0.106287874,0.04050299,0.12173756,0.051471543,nan,nan,nan,nan,nan,nan,nan,nan,0
9125240180,9125237755,0.052024588,0.08651355,0.102428764,0.07903306,nan,nan,nan,nan,nan,nan,nan,nan,0
9125250701,9125247847,0.06636539,0.0643395,0.10480425,0.08449082,nan,nan,nan,nan,nan,nan,nan,nan,0
9125261380,9125258197,0.15999997,0.0,0.11823567,0.041764304,nan,nan,nan,nan,nan,nan,nan,nan,0
9125269790,9125267413,0.15999997,0.0,0.16,1.8626451e-09,nan,nan,nan,nan,nan,nan,nan,nan,0
9125280297,9125277873,0.15999998,0.0,0.13694195,0.023058027,nan,nan,nan,nan,nan,nan,nan,nan,0
9125290636,9125288057,0.08466004,0.02409093,0.14774427,0.06350472,nan,nan,nan,nan,nan,nan,nan,nan,0
9125301165,9125297492,0.06213843,0.04315672,0.14150456,0.07320025,nan,nan,nan,nan,nan,nan,nan,nan,0
9125310622,9125308049,0.09063397,0.008428987,0.15576689,0.06517011,nan,nan,nan,nan,nan,nan,nan,nan,0
9125321069,9125318274,0.15999998,0.0,0.1399999,0.020000082,nan,nan,nan,nan,nan,nan,nan,nan,0
9125331571,9125328394,0.15999997,0.0,0.14837614,0.011623848,nan,nan,nan,nan,nan,nan,nan,nan,0
9125340822,9125338421,0.15999998,0.0,0.15277195,0.0072280206,nan,nan,nan,nan,nan,nan,nan,nan,0
9125350251,9125347860,0.15999997,0.0,0.15999997,0.0,nan,nan,nan,nan,nan,nan,nan,nan,0
9125360768,9125358145,0.15999997,0.0,0.16,0.0,nan,nan,nan,nan,nan,nan,nan,nan,0
9125371253,9125368045,0.15999998,0.0,0.15999998,0.0,nan,nan,nan,nan,nan,nan,nan,nan,0
9125380609,9125378043,0.15999997,0.0,0.15999997,0.0,nan,nan,nan,nan,nan,nan,nan,nan,0
9125391071,9125388468,0.078948915,0.0,0.2005255,0.040525537,nan,nan,nan,nan,nan,nan,nan,nan,0
9125400405,9125397845,0.0108954385,0.051510148,0.20447928,0.053115092,nan,nan,nan,nan,nan,nan,nan,nan,0
9125411985,9125407851,0.03953296,0.0218516,0.18448636,0.07412904,nan,nan,nan,nan,nan,nan,nan,nan,0
9125420465,9125418047,0.08945273,0.0,0.13948825,0.09105897,nan,nan,nan,nan,nan,nan,nan,nan,0
9125430880,9125428065,0.109305695,0.0,0.09474315,0.11595112,nan,nan,nan,nan,nan,nan,nan,nan,0
9125441483,9125438246,0.1408222,0.0,0.07129468,0.10788308,nan,nan,nan,nan,nan,nan,nan,nan,0
9125450818,9125448244,0.15999998,0.0,0.072246626,0.087753356,nan,nan,nan,nan,nan,nan,nan,nan,0
9125460249,9125457848,0.08942844,0.0,0.11350484,0.1170667,nan,nan,nan,nan,nan,nan,nan,nan,0
9125470650,9125468051,0.04138816,0.015339367,0.14094812,0.12232432,nan,nan,nan,nan,nan,nan,nan,nan,0
9125481126,9125478763,0.067576095,0.0,0.15176862,0.10065525,nan,nan,nan,nan,nan,nan,nan,nan,0
9125490569,9125488166,0.10249113,0.0,0.13524356,0.08226526,nan,nan,nan,nan,nan,nan,nan,nan,0
9125501048,9125498232,0.05803054,0.017445695,0.12684369,0.117680036,nan,nan,nan,nan,nan,nan,nan,nan,0
9125512073,9125508529,0.042206094,0.039143622,0.10352157,0.13512868,nan,nan,nan,nan,nan,nan,nan,nan,0
9125520507,9125517903,0.064128205,0.01935121,0.08753912,0.14898142,nan,nan,nan,nan,nan,nan,nan,nan,0
9125531238,9125528776,0.08251777,0.002487734,0.082854696,0.15213975,nan,nan,nan,nan,nan,nan,nan,nan,0
9125540703,9125538075,0.07499154,0.012550183,0.08907357,0.14338468,nan,nan,nan,nan,nan,nan,nan,nan,0
9125551389,9125548809,0.057117015,0.03395158,0.10457828,0.12435309,nan,nan,nan,nan,nan,nan,nan,nan,0
9125560782,9125558217,0.07116228,0.021718636,0.121554896,0.10556415,nan,nan,nan,nan,nan,nan,nan,nan,0
9125571200,9125568410,0.11293451,0.0,0.11960001,0.08746546,nan,nan,nan,nan,nan,nan,nan,nan,0
9125582779,9125578908,0.09204596,0.0035479218,0.12680817,0.09759791,nan,nan,nan,nan,nan,nan,nan,nan,0
9125590292,9125587879,0.053125255,0.04784379,0.1143611,0.10466982,nan,nan,nan,nan,nan,nan,nan,nan,0
9125600769,9125598370,0.024685876,0.08549056,0.09272518,0.11709834,nan,nan,nan,nan,nan,nan,nan,nan,0
9125611301,9125608714,0.004281817,0.11532794,0.06863393,0.13175628,nan,nan,nan,nan,nan,nan,nan,nan,0
9125621823,9125618443,0.0,0.13805489,0.043755926,0.13818915,nan,nan,nan,nan,nan,nan,nan,nan,0
9125631261,9125628885,0.0,0.14404409,0.039322555,0.13663332,nan,nan,nan,nan,nan,nan,nan,nan,0
9125640695,9125638102,0.00933066,0.12964527,0.06469846,0.11632557,nan,nan,nan,nan,nan,nan,nan,nan,0
9125651174,9125648358,0.0,0.15152864,0.09793969,0.070531644,nan,nan,nan,nan,nan,nan,nan,nan,0
9125660613,9125658247,0.0,0.16,0.040624723,0.11937526,nan,nan,nan,nan,nan,nan,nan,nan,0
9125671148,9125668709,0.0,0.15999997,0.0,0.15999998,nan,nan,nan,nan,nan,nan,nan,nan,0
9125681695,9125678868,0.011297134,0.17129713,0.0034577427,0.13394797,nan,nan,nan,nan,nan,nan,nan,nan,0
9125692151,9125688451,0.014664296,0.17466429,0.01901329,0.1116581,nan,nan,nan,nan,nan,nan,nan,nan,0
9125700518,9125698154,0.01633434,0.1763343,0.0,0.1273313,nan,nan,nan,nan,nan,nan,nan,nan,0
9125710998,9125708425,0.01858276,0.17858274,0.010179477,0.112654984,nan,nan,nan,nan,nan,nan,nan,nan,0
9125721447,9125718630,0.019709816,0.17970979,0.02929703,0.091283314,nan,nan,nan,nan,nan,nan,nan,nan,0
9125730877,9125728508,0.0,0.15999997,0.0,0.15999998,nan,nan,nan,nan,nan,nan,nan,nan,0
9125741434,9125739003,0.0,0.15999997,0.0,0.16,nan,nan,nan,nan,nan,nan,nan,nan,0
9125751973,9125749145,0.0,0.15999997,0.0,0.16,nan,nan,nan,nan,nan,nan,nan,nan,0
9125762598,9125758719,0.0,0.15999997,0.0,0.15999998,nan,nan,nan,nan,nan,nan,nan,nan,0
9125771005,9125768622,0.031665236,0.1916652,0.009241097,0.08742841,nan,nan,nan,nan,nan,nan,nan,nan,0
9125781540,9125778901,0.030457452,0.19045745,0.09908508,0.0,nan,nan,nan,nan,nan,nan,nan,nan,0
9125791972,9125789136,0.015589416,0.17558938,0.12882113,0.0,nan,nan,nan,nan,nan,nan,nan,nan,0
9125801372,9125798803,0.032071825,0.19207181,0.04126284,0.0545935,nan,nan,nan,nan,nan,nan,nan,nan,0
9125810909,9125808520,0.012498707,0.17249867,0.0,0.13500257,nan,nan,nan,nan,nan,nan,nan,nan,0
9125821334,9125818536,0.0,0.15999998,0.0,0.15999998,nan,nan,nan,nan,nan,nan,nan,nan,0
9125832838,9125829362,0.0,0.15999997,0.0,0.15999997,nan,nan,nan,nan,nan,nan,nan,nan,0
9125841508,9125839084,0.031792153,0.19179213,0.014156181,0.0822595,nan,nan,nan,nan,nan,nan,nan,nan,0
9125850918,9125848527,0.031056108,0.19105607,0.04990769,0.047980078,nan,nan,nan,nan,nan,nan,nan,nan,0
9125861450,9125858850,0.021154068,0.18115407,0.0,0.11769185,nan,nan,nan,nan,nan,nan,nan,nan,0
9125871955,9125868426,0.0,0.15999997,0.0,0.15999997,nan,nan,nan,nan,nan,nan,nan,nan,0
9125881329,9125878758,0.032258473,0.19225845,0.0,0.095483035,nan,nan,nan,nan,nan,nan,nan,nan,0
9125891752,9125888953,0.010582291,0.1705823,0.0,0.1388354,nan,nan,nan,nan,nan,nan,nan,nan,0
9125903221,9125899357,0.0012329817,0.16123295,0.0,0.15753402,nan,nan,nan,nan,nan,nan,nan,nan,0
9125910620,9125908246,0.03921127,0.19921127,0.073317945,0.008259509,nan,nan,nan,nan,nan,nan,nan,nan,0
9125921073,9125918028,0.0044863224,0.15551367,0.16,0.0,nan,nan,nan,nan,nan,nan,nan,nan,0
9125931958,9125929122,0.024963945,0.18496394,0.110072106,0.0,nan,nan,nan,nan,nan,nan,nan,nan,0
9125942425,9125938916,0.029201798,0.18920179,0.1015964,0.0,nan,nan,nan,nan,nan,nan,nan,nan,0
9125951810,9125949431,0.031609833,0.1916098,0.0967803,0.0,nan,nan,nan,nan,nan,nan,nan,nan,0
9125961226,9125958637,0.03572443,0.19572443,0.08855113,0.0,nan,nan,nan,nan,nan,nan,nan,nan,0
9125971721,9125969121,0.024093263,0.18409324,0.111813456,0.0,nan,nan,nan,nan,nan,nan,nan,nan,0
9125981130,9125978755,0.01487452,0.1748745,0.13025095,0.0,nan,nan,nan,nan,nan,nan,nan,nan,0
9125991616,9125989200,0.028020859,0.18802083,0.10395825,0.0,nan,nan,nan,nan,nan,nan,nan,nan,0
9126001966,9125999394,0.012801766,0.17280175,0.13439645,0.0,nan,nan,nan,nan,nan,nan,nan,nan,0
9126012215,9126008707,0.026718955,0.18671893,0.105021104,0.0015409477,nan,nan,nan,nan,nan,nan,nan,nan,0
9126021773,9126019359,0.027087947,0.18708791,0.0333111,0.072512984,nan,nan,nan,nan,nan,nan,nan,nan,0
9126031139,9126028730,0.02839923,0.1883992,0.035271153,0.06793037,nan,nan,nan,nan,nan,nan,nan,nan,0
9126041706,9126038846,0.029218424,0.18921839,0.0751085,0.026454639,nan,nan,nan,nan,nan,nan,nan,nan,0
9126052097,9126049693,0.028971804,0.18897177,0.06196987,0.040086493,nan,nan,nan,nan,nan,nan,nan,nan,0
9126061596,9126059218,0.036239356,0.17787354,0.06416373,0.04172334,nan,nan,nan,nan,nan,nan,nan,nan,0
9126072089,9126069444,0.054642893,0.15180685,0.07098836,0.042561874,nan,nan,nan,nan,nan,nan,nan,nan,0
9126083543,9126079461,0.029052751,0.1678757,0.09131793,0.031753585,nan,nan,nan,nan,nan,nan,nan,nan,0
9126090896,9126088531,0.013430675,0.17343065,0.10619675,0.026941877,nan,nan,nan,nan,nan,nan,nan,nan,0
9126101474,9126099075,0.00757234,0.1675723,0.13499327,0.009862019,nan,nan,nan,nan,nan,nan,nan,nan,0
9126111968,9126109316,0.056753103,0.10805024,0.14077394,0.014422681,nan,nan,nan,nan,nan,nan,nan,nan,0
9126122389,9126119784,0.10644012,0.04938988,0.10328577,0.060884204,nan,nan,nan,nan,nan,nan,nan,nan,0
9126132032,9126129617,0.086100236,0.063382685,0.04914367,0.12137337,nan,nan,nan,nan,nan,nan,nan,nan,0
9126142321,9126139449,0.079774916,0.06359328,0.03214926,0.1444825,nan,nan,nan,nan,nan,nan,nan,nan,0
9126152764,9126149771,0.13510965,0.0003802199,0.054309435,0.13020067,nan,nan,nan,nan,nan,nan,nan,nan,0
9126161915,9126159338,0.14433663,0.0,0.050939336,0.12472399,nan,nan,nan,nan,nan,nan,nan,nan,0
9126171430,9126168995,0.015763551,0.114669606,0.042000413,0.1475664,nan,nan,nan,nan,nan,nan,nan,nan,0
9126181968,9126179126,0.0,0.15999997,0.010555718,0.14944425,nan,nan,nan,nan,nan,nan,nan,nan,0
9126192145,9126188684,0.00757908,0.12881692,0.09917844,0.08442553,nan,nan,nan,nan,nan,nan,nan,nan,0
9126201482,9126199104,0.02844319,0.11008799,0.103976965,0.07749182,nan,nan,nan,nan,nan,nan,nan,nan,0
9126211970,9126209569,0.0,0.16,0.072733134,0.08726683,nan,nan,nan,nan,nan,nan,nan,nan,0
9126222364,9126219770,0.0,0.16,0.057665505,0.10233448,nan,nan,nan,nan,nan,nan,nan,nan,0
9126231644,9126229067,0.0,0.15999998,0.08932814,0.07067184,nan,nan,nan,nan,nan,nan,nan,nan,0
9126242127,9126239703,0.0,0.16,0.103946656,0.056053326,nan,nan,nan,nan,nan,nan,nan,nan,0
9126252527,9126249731,0.0,0.15999997,0.10820867,0.05179131,nan,nan,nan,nan,nan,nan,nan,nan,0
9126263060,9126259539,0.009146833,0.13071783,0.11134747,0.068787836,nan,nan,nan,nan,nan,nan,nan,nan,0
9126271582,9126269000,0.061768543,0.07895185,0.060893938,0.11838564,nan,nan,nan,nan,nan,nan,nan,nan,0
9126282085,9126279485,0.073210225,0.06794304,0.031208824,0.14763787,nan,nan,nan,nan,nan,nan,nan,nan,0
9126292446,9126289643,0.0586374,0.0814864,0.035878327,0.14399785,nan,nan,nan,nan,nan,nan,nan,nan,0
9126301875,9126299295,0.06283992,0.07399187,0.060068786,0.12309939,nan,nan,nan,nan,nan,nan,nan,nan,0
9126312351,9126309752,0.0876419,0.044575684,0.08073012,0.10705226,nan,nan,nan,nan,nan,nan,nan,nan,0
9126322740,9126319934,0.111880705,0.017423633,0.08227186,0.10842377,nan,nan,nan,nan,nan,nan,nan,nan,0
9126332392,9126328915,0.15999997,0.0,0.048441514,0.11155846,nan,nan,nan,nan,nan,nan,nan,nan,0
9126341868,9126339481,0.16,0.0,0.06483893,0.09516104,nan,nan,nan,nan,nan,nan,nan,nan,0
9126352484,9126350080,0.15999997,0.0,0.056520756,0.10347924,nan,nan,nan,nan,nan,nan,nan,nan,0
9126361850,9126359069,0.11825225,1.7348677e-05,0.020865198,0.1808652,nan,nan,nan,nan,nan,nan,nan,nan,0
9126372360,9126369784,0.050451085,0.06350098,0.023023954,0.18302394,nan,nan,nan,nan,nan,nan,nan,nan,0
9126381879,9126379491,0.052382883,0.05726814,0.02517448,0.18517448,nan,nan,nan,nan,nan,nan,nan,nan,0
9126392318,9126389522,0.06513645,0.04095906,0.054879516,0.15902494,nan,nan,nan,nan,nan,nan,nan,nan,0
9126403764,9126400101,0.07125812,0.033373035,0.075212255,0.14015655,nan,nan,nan,nan,nan,nan,nan,nan,0
9126412214,9126409835,0.10454306,0.0013657715,0.05824592,0.15584521,nan,nan,nan,nan,nan,nan,nan,nan,0
9126422677,9126420062,0.15999997,0.0,0.002380073,0.1576199,nan,nan,nan,nan,nan,nan,nan,nan,0
9126433192,9126429952,0.1536247,0.0,0.0031876415,0.16318761,nan,nan,nan,nan,nan,nan,nan,nan,0
9126441636,9126438832,0.12994999,0.0,0.01502499,0.17502496,nan,nan,nan,nan,nan,nan,nan,nan,0
9126452187,9126449557,0.11674126,0.009777851,0.016740434,0.17674041,nan,nan,nan,nan,nan,nan,nan,nan,0
9126462645,9126459798,0.11225126,0.019074611,0.014337055,0.17433703,nan,nan,nan,nan,nan,nan,nan,nan,0
9126474151,9126470282,0.10220598,0.031988025,0.012902988,0.17290297,nan,nan,nan,nan,nan,nan,nan,nan,0
9126481566,9126479174,0.10213626,0.03399196,0.011935878,0.17193587,nan,nan,nan,nan,nan,nan,nan,nan,0
9126492154,9126489689,0.13329944,0.005452249,0.010624148,0.17062414,nan,nan,nan,nan,nan,nan,nan,nan,0
9126502800,9126500070,0.15999997,0.0,0.016793966,0.143206,nan,nan,nan,nan,nan,nan,nan,nan,0
9126513595,9126509892,0.15999997,0.0,0.041981578,0.11801839,nan,nan,nan,nan,nan,nan,nan,nan,0
9126522161,9126519744,0.16,0.0,0.06965402,0.09034597,nan,nan,nan,nan,nan,nan,nan,nan,0
9126532038,9126529318,0.15999997,0.0,0.06737602,0.09262396,nan,nan,nan,nan,nan,nan,nan,nan,0
9126542704,9126539852,0.16,0.0,0.04206235,0.11793763,nan,nan,nan,nan,nan,nan,nan,nan,0
9126552209,9126549622,0.15999998,0.0,0.02451536,0.13548462,nan,nan,nan,nan,nan,nan,nan,nan,0
9126562714,9126560285,0.1594298,0.0,0.00028508902,0.16028507,nan,nan,nan,nan,nan,nan,nan,nan,0
9126573247,9126570613,0.1575668,0.0,0.0012165904,0.16121657,nan,nan,nan,nan,nan,nan,nan,nan,0
9126583732,9126580065,0.15999997,0.0,0.017156988,0.14284298,nan,nan,nan,nan,nan,nan,nan,nan,0
9126592216,9126589812,0.15999997,0.0,0.002087146,0.15791282,nan,nan,nan,nan,nan,nan,nan,nan,0
9126602662,9126600060,0.15593669,0.00391423,7.453502e-05,0.16007453,nan,nan,nan,nan,nan,nan,nan,nan,0
9126613214,9126610369,0.16141814,0.001418166,0.02889175,0.12827188,nan,nan,nan,nan,nan,nan,nan,nan,0
9126622639,9126620254,0.1631338,0.0031337996,0.028481152,0.12525123,nan,nan,nan,nan,nan,nan,nan,nan,0
9126632065,9126629462,0.14669758,0.013302401,0.0,0.16,nan,nan,nan,nan,nan,nan,nan,nan,0
9126642646,9126639788,0.14923999,0.010759994,0.0,0.15999998,nan,nan,nan,nan,nan,nan,nan,nan,0
9126654024,9126650344,0.16417795,0.0041779596,0.02630317,0.12534091,nan,nan,nan,nan,nan,nan,nan,nan,0
9126662494,9126659877,0.16455664,0.0045566764,0.05503068,0.09585594,nan,nan,nan,nan,nan,nan,nan,nan,0
9126672989,9126670553,0.16640647,0.0064065075,0.043027982,0.10415898,nan,nan,nan,nan,nan,nan,nan,nan,0
9126683300,9126680292,0.16700937,0.007009385,0.0,0.14598121,nan,nan,nan,nan,nan,nan,nan,nan,0
9126693992,9126690279,0.1323703,0.027629694,0.0,0.15999997,nan,nan,nan,nan,nan,nan,nan,nan,0
9126702202,9126699802,0.12410802,0.035891958,0.0,0.15999997,nan,nan,nan,nan,nan,nan,nan,nan,0
9126712788,9126710134,0.11388923,0.04611075,0.0,0.15999997,nan,nan,nan,nan,nan,nan,nan,nan,0
9126724197,9126720519,0.13289443,0.02710557,0.0,0.16,nan,nan,nan,nan,nan,nan,nan,nan,0
9126732601,9126730030,0.16983104,0.009831076,0.012017931,0.12831989,nan,nan,nan,nan,nan,nan,nan,nan,0
9126743170,9126740531,0.16928464,0.009284674,0.013485783,0.12794486,nan,nan,nan,nan,nan,nan,nan,nan,0
9126752502,9126749720,0.16646487,0.006464869,0.0,0.14707026,nan,nan,nan,nan,nan,nan,nan,nan,0
9126762988,9126759521,0.15464099,0.0053589903,0.0,0.15999998,nan,nan,nan,nan,nan,nan,nan,nan,0
9126772427,9126769855,0.14575061,0.014249354,0.0,0.15999997,nan,nan,nan,nan,nan,nan,nan,nan,0
9126783192,9126780591,0.14927664,0.010723323,0.0,0.15999997,nan,nan,nan,nan,nan,nan,nan,nan,0
9126792537,9126789960,0.14862978,0.011370212,0.0,0.16,nan,nan,nan,nan,nan,nan,nan,nan,0
9126802042,9126799455,0.15136544,0.008634545,0.0,0.15999998,nan,nan,nan,nan,nan,nan,nan,nan,0
9126812555,9126809971,0.16395216,0.0039521763,0.007639832,0.1444558,nan,nan,nan,nan,nan,nan,nan,nan,0
9126822988,9126820184,0.16357969,0.0035797239,0.022832166,0.13000835,nan,nan,nan,nan,nan,nan,nan,nan,0
9126834494,9126830407,0.1642711,0.0042711007,0.0126573555,0.13880043,nan,nan,nan,nan,nan,nan,nan,nan,0
9126842955,9126840555,0.16076277,0.00076277554,0.0,0.15847443,nan,nan,nan,nan,nan,nan,nan,nan,0
9126852421,9126849831,0.14675707,0.013242923,0.0,0.15999997,nan,nan,nan,nan,nan,nan,nan,nan,0
9126862989,9126860151,0.14186122,0.018138774,0.0,0.15999995,nan,nan,nan,nan,nan,nan,nan,nan,0
9126872455,9126869866,0.1477735,0.01222647,0.0,0.16,nan,nan,nan,nan,nan,nan,nan,nan,0
9126883065,9126880678,0.1608483,0.0008483082,0.0,0.15830337,nan,nan,nan,nan,nan,nan,nan,nan,0
9126893463,9126890675,0.1651383,0.005138301,0.0031925212,0.14653087,nan,nan,nan,nan,nan,nan,nan,nan,0
9126903979,9126900600,0.14765674,0.012343243,0.0,0.15999998,nan,nan,nan,nan,nan,nan,nan,nan,0
9126912408,9126910031,0.11680681,0.043193165,0.0,0.15999997,nan,nan,nan,nan,nan,nan,nan,nan,0
9126922892,9126920291,0.10470101,0.05529897,0.0,0.15999998,nan,nan,nan,nan,nan,nan,nan,nan,0
9126933295,9126930488,0.09984986,0.06733414,0.0015483762,0.15126759,nan,nan,nan,nan,nan,nan,nan,nan,0
9126942794,9126940411,0.087893836,0.073787086,0.03857281,0.11974623,nan,nan,nan,nan,nan,nan,nan,nan,0
9126952972,9126950552,0.08068243,0.072894454,0.09388042,0.07254266,nan,nan,nan,nan,nan,nan,nan,nan,0
9126963385,9126960580,0.0617574,0.08404136,0.15171644,0.022484764,nan,nan,nan,nan,nan,nan,nan,nan,0
9126974861,9126970992,0.055437937,0.08525377,0.16965413,0.0096541345,nan,nan,nan,nan,nan,nan,nan,nan,0
9126982274,9126979906,0.03678263,0.10237505,0.17042114,0.0104211485,nan,nan,nan,nan,nan,nan,nan,nan,0
9126992809,9126990419,0.013258786,0.12487935,0.14937346,0.032488376,nan,nan,nan,nan,nan,nan,nan,nan,0
9127003188,9127000595,0.0,0.15203133,0.119482696,0.048485935,nan,nan,nan,nan,nan,nan,nan,nan,0
9127013781,9127010306,0.0,0.15344524,0.10419845,0.062356267,nan,nan,nan,nan,nan,nan,nan,nan,0
9127023181,9127020817,0.00044031255,0.13538948,0.10324966,0.08092051,nan,nan,nan,nan,nan,nan,nan,nan,0
9127033025,9127030385,0.03254377,0.10472185,0.08992981,0.09280453,nan,nan,nan,nan,nan,nan,nan,nan,0
9127044470,9127040393,0.06468082,0.07384815,0.10006419,0.0814068,nan,nan,nan,nan,nan,nan,nan,nan,0
9127052972,9127050579,0.02107007,0.11868554,0.11293058,0.06731376,nan,nan,nan,nan,nan,nan,nan,nan,0
9127062854,9127060473,0.0,0.15999998,0.07105772,0.08894226,nan,nan,nan,nan,nan,nan,nan,nan,0
9127073592,9127070811,0.0,0.16,0.09186627,0.06813371,nan,nan,nan,nan,nan,nan,nan,nan,0
9127084084,9127080698,0.0,0.15999998,0.14188153,0.018118456,nan,nan,nan,nan,nan,nan,nan,nan,0
9127093481,9127090900,0.0010824992,0.16108246,0.14610167,0.011733304,nan,nan,nan,nan,nan,nan,nan,nan,0
9127102872,9127100507,0.033702426,0.13986103,0.06439054,0.08204596,nan,nan,nan,nan,nan,nan,nan,nan,0
9127113818,9127111226,0.020638889,0.16768634,0.016703432,0.114971295,nan,nan,nan,nan,nan,nan,nan,nan,0
9127122964,9127120384,0.0,0.15999998,0.0,0.15999998,nan,nan,nan,nan,nan,nan,nan,nan,0
9127133444,9127131040,0.0037656873,0.16376567,0.0,0.1524686,nan,nan,nan,nan,nan,nan,nan,nan,0
9127143848,9127141249,0.023363462,0.18336342,0.005307479,0.107965566,nan,nan,nan,nan,nan,nan,nan,nan,0
9127154258,9127150324,0.021626364,0.18162633,0.028747976,0.087999284,nan,nan,nan,nan,nan,nan,nan,nan,0
9127162677,9127160281,0.01794724,0.17794724,0.060600273,0.063505225,nan,nan,nan,nan,nan,nan,nan,nan,0
9127173183,9127170802,0.013255716,0.17325571,0.09384956,0.039638996,nan,nan,nan,nan,nan,nan,nan,nan,0
9127183613,9127180815,0.008892979,0.16889298,0.100469455,0.04174457,nan,nan,nan,nan,nan,nan,nan,nan,0
9127193026,9127190460,0.0043055937,0.16430557,0.09075106,0.060637727,nan,nan,nan,nan,nan,nan,nan,nan,0
9127203630,9127201233,0.0,0.15999998,0.099385165,0.06061484,nan,nan,nan,nan,nan,nan,nan,nan,0
9127214054,9127211049,0.0,0.16,0.07809263,0.08190736,nan,nan,nan,nan,nan,nan,nan,nan,0
9127225207,9127221344,0.0,0.16,0.056085728,0.10391426,nan,nan,nan,nan,nan,nan,nan,nan,0
9127232660,9127230283,0.0,0.16,0.068624936,0.09137505,nan,nan,nan,nan,nan,nan,nan,nan,0
9127243171,9127240730,0.0,0.16,0.06306132,0.096938655,nan,nan,nan,nan,nan,nan,nan,nan,0
9127253567,9127250959,0.0,0.16,0.04519298,0.11480701,nan,nan,nan,nan,nan,nan,nan,nan,0
9127264056,9127261468,0.0,0.16,0.042949878,0.11705011,nan,nan,nan,nan,nan,nan,nan,nan,0
9127273546,9127270920,0.0,0.15999995,0.04034648,0.11965352,nan,nan,nan,nan,nan,nan,nan,nan,0
9127283934,9127281122,0.0,0.15999997,0.038283326,0.12171665,nan,nan,nan,nan,nan,nan,nan,nan,0
9127295379,9127291510,0.0,0.16,0.044190757,0.11580924,nan,nan,nan,nan,nan,nan,nan,nan,0
9127302768,9127300403,0.0,0.15999997,0.038651407,0.121348575,nan,nan,nan,nan,nan,nan,nan,nan,0
9127313254,9127310853,0.0,0.15999997,0.03430666,0.12569332,nan,nan,nan,nan,nan,nan,nan,nan,0
9127323601,9127320830,0.0,0.15999997,0.059425537,0.10057445,nan,nan,nan,nan,nan,nan,nan,nan,0
9127334182,9127331014,0.0,0.15999997,0.068485506,0.09151447,nan,nan,nan,nan,nan,nan,nan,nan,0
9127343732,9127341339,0.0,0.15999997,0.05131462,0.10868536,nan,nan,nan,nan,nan,nan,nan,nan,0
9127354156,9127350618,0.0,0.15999997,0.047697574,0.1123024,nan,nan,nan,nan,nan,nan,nan,nan,0
9127363633,9127360840,0.0,0.16,0.04664913,0.11335086,nan,nan,nan,nan,nan,nan,nan,nan,0
9127373254,9127370871,0.0,0.15999997,0.04589799,0.11410198,nan,nan,nan,nan,nan,nan,nan,nan,0
9127383759,9127381350,0.0,0.15999997,0.049084112,0.11091587,nan,nan,nan,nan,nan,nan,nan,nan,0
9127394115,9127391533,0.0,0.16,0.05705005,0.10294994,nan,nan,nan,nan,nan,nan,nan,nan,0
9127404602,9127401216,0.0,0.15999997,0.062594414,0.09740556,nan,nan,nan,nan,nan,nan,nan,nan,0
9127414009,9127411631,0.0,0.16,0.060432646,0.09956735,nan,nan,nan,nan,nan,nan,nan,nan,0
9127423419,9127421044,0.0,0.15999997,0.06081387,0.0991861,nan,nan,nan,nan,nan,nan,nan,nan,0
9127433904,9127431094,0.0,0.15999997,0.051951945,0.10804804,nan,nan,nan,nan,nan,nan,nan,nan,0
9127443368,9127440764,0.0,0.15999997,0.04635638,0.113643594,nan,nan,nan,nan,nan,nan,nan,nan,0
9127453972,9127451372,0.0,0.15999998,0.060346503,0.099653475,nan,nan,nan,nan,nan,nan,nan,nan,0
9127464337,9127461562,0.0,0.15999997,0.073051035,0.08694895,nan,nan,nan,nan,nan,nan,nan,nan,0
9127474981,9127471513,0.0,0.15999994,0.05157903,0.108420976,nan,nan,nan,nan,nan,nan,nan,nan,0
9127483382,9127481009,0.0,0.15999997,0.023555964,0.136444,nan,nan,nan,nan,nan,nan,nan,nan,0
9127493892,9127491287,0.0,0.15999997,0.028338015,0.13166195,nan,nan,nan,nan,nan,nan,nan,nan,0
9127504346,9127501724,0.0,0.15999997,0.03277102,0.12722895,nan,nan,nan,nan,nan,nan,nan,nan,0
9127513887,9127511455,0.0,0.15999997,0.02408275,0.13591722,nan,nan,nan,nan,nan,nan,nan,nan,0
9127523790,9127521177,0.0002503617,0.16025032,0.026535667,0.13296358,nan,nan,nan,nan,nan,nan,nan,nan,0
9127534448,9127531629,0.0007598037,0.16075978,0.03593429,0.122546084,nan,nan,nan,nan,nan,nan,nan,nan,0
9127545064,9127541864,0.000992491,0.16099246,0.034894124,0.12312087,nan,nan,nan,nan,nan,nan,nan,nan,0
9127553477,9127550894,0.0008251756,0.16082518,0.05313661,0.10521303,nan,nan,nan,nan,nan,nan,nan,nan,0
9127563897,9127561508,0.00010045122,0.16010042,0.08178478,0.0780143,nan,nan,nan,nan,nan,nan,nan,nan,0
9127574374,9127571553,0.0,0.15999995,0.080730386,0.0792696,nan,nan,nan,nan,nan,nan,nan,nan,0
9127583801,9127580434,0.0,0.16,0.079205774,0.080794215,nan,nan,nan,nan,nan,nan,nan,nan,0
9127594371,9127591931,0.0,0.15999997,0.09603069,0.063969284,nan,nan,nan,nan,nan,nan,nan,nan,0
9127603685,9127601309,0.0,0.15999998,0.13056831,0.029431669,nan,nan,nan,nan,nan,nan,nan,nan,0
9127615505,9127611425,0.0008762079,0.16087617,0.15721299,0.0010345681,nan,nan,nan,nan,nan,nan,nan,nan,0
9127623800,9127621230,0.0039424,0.16394237,0.15211517,0.0,nan,nan,nan,nan,nan,nan,nan,nan,0
9127634386,9127632002,0.0061922814,0.16619225,0.14183961,0.005775795,nan,nan,nan,nan,nan,nan,nan,nan,0
9127644215,9127641421,0.0041812654,0.1558187,0.15999997,0.0,nan,nan,nan,nan,nan,nan,nan,nan,0
9127654772,9127651602,0.004143066,0.16414303,0.14035332,0.01136052,nan,nan,nan,nan,nan,nan,nan,nan,0
9127664210,9127661830,0.0008584528,0.16085842,0.113747686,0.044535372,nan,nan,nan,nan,nan,nan,nan,nan,0
9127674762,9127672141,0.0,0.15999997,0.105873406,0.05412656,nan,nan,nan,nan,nan,nan,nan,nan,0
9127684170,9127681553,0.0,0.15999997,0.08368951,0.07631048,nan,nan,nan,nan,nan,nan,nan,nan,0
9127694591,9127691370,0.0,0.15999997,0.078006625,0.08199335,nan,nan,nan,nan,nan,nan,nan,nan,0
9127703969,9127701570,0.0,0.15999997,0.062973626,0.09702635,nan,nan,nan,nan,nan,nan,nan,nan,0
9127714639,9127712039,0.0,0.15999997,0.039943464,0.12005651,nan,nan,nan,nan,nan,nan,nan,nan,0
9127725106,9127721944,0.0,0.15999997,0.061675172,0.098324805,nan,nan,nan,nan,nan,nan,nan,nan,0
9127733588,9127731149,0.0,0.16,0.08923349,0.0707665,nan,nan,nan,nan,nan,nan,nan,nan,0
9127744224,9127741798,0.0034031717,0.16340314,0.1059546,0.047239028,nan,nan,nan,nan,nan,nan,nan,nan,0
9127754856,9127752067,0.0062575187,0.16625749,0.113627866,0.033857092,nan,nan,nan,nan,nan,nan,nan,nan,0
9127764316,9127761944,0.0065989965,0.16659896,0.09986015,0.046941828,nan,nan,nan,nan,nan,nan,nan,nan,0
9127774825,9127772410,0.004084655,0.16408464,0.1165399,0.035290755,nan,nan,nan,nan,nan,nan,nan,nan,0
9127785231,9127782427,0.0002587945,0.16025876,0.152909,0.006573388,nan,nan,nan,nan,nan,nan,nan,nan,0
9127795806,9127792313,0.0,0.15999997,0.15370563,0.00629434,nan,nan,nan,nan,nan,nan,nan,nan,0
9127804270,9127801846,0.0,0.15999997,0.15310243,0.006897539,nan,nan,nan,nan,nan,nan,nan,nan,0
9127814686,9127812288,0.024713127,0.12625682,0.16451502,0.0045150244,nan,nan,nan,nan,nan,nan,nan,nan,0
9127825102,9127822506,0.042762782,0.1120483,0.16259441,0.0025944456,nan,nan,nan,nan,nan,nan,nan,nan,0
9127834568,9127831365,0.007756704,0.15045853,0.16089235,0.0008923695,nan,nan,nan,nan,nan,nan,nan,nan,0
9127843972,9127841565,3.428291e-05,0.16003424,0.12616923,0.03376219,nan,nan,nan,nan,nan,nan,nan,nan,0
9127854459,9127851623,0.0002116305,0.1602116,0.08908781,0.0704889,nan,nan,nan,nan,nan,nan,nan,nan,0
9127865900,9127862430,0.0,0.15999997,0.07327339,0.08672658,nan,nan,nan,nan,nan,nan,nan,nan,0
9127874458,9127871858,0.0,0.16,0.06231713,0.097682856,nan,nan,nan,nan,nan,nan,nan,nan,0
9127885085,9127882676,0.0,0.15999997,0.057716012,0.10228396,nan,nan,nan,nan,nan,nan,nan,nan,0
9127894439,9127891658,0.0,0.15999997,0.082728244,0.07727173,nan,nan,nan,nan,nan,nan,nan,nan,0
9127905933,9127902062,0.0,0.15999997,0.147937,0.012062968,nan,nan,nan,nan,nan,nan,nan,nan,0
9127914371,9127911953,0.025211323,0.11295188,0.17091839,0.010918391,nan,nan,nan,nan,nan,nan,nan,nan,0
9127924786,9127922196,0.011814041,0.12692298,0.17063148,0.010631489,nan,nan,nan,nan,nan,nan,nan,nan,0
9127935257,9127932423,0.0,0.14961553,0.16519219,0.00519222,nan,nan,nan,nan,nan,nan,nan,nan,0
9127943855,9127941253,0.007911529,0.13674146,0.1676735,0.007673505,nan,nan,nan,nan,nan,nan,nan,nan,0
9127954288,9127951877,0.0062910714,0.14248379,0.16561256,0.005612572,nan,nan,nan,nan,nan,nan,nan,nan,0
9127964846,9127962004,0.0,0.15999997,0.14156765,0.01843232,nan,nan,nan,nan,nan,nan,nan,nan,0
9127976326,9127972241,0.0,0.16,0.108466774,0.051533215,nan,nan,nan,nan,nan,nan,nan,nan,0
9127984769,9127982359,0.0,0.15999997,0.11858735,0.04141262,nan,nan,nan,nan,nan,nan,nan,nan,0
9127995200,9127992607,0.0,0.15171412,0.16414294,0.00414294,nan,nan,nan,nan,nan,nan,nan,nan,0
9128004644,9128002012,0.014739998,0.13492203,0.16516894,0.005168982,nan,nan,nan,nan,nan,nan,nan,nan,0
9128015198,9128012575,0.0,0.15999997,0.14880052,0.011199459,nan,nan,nan,nan,nan,nan,nan,nan,0
9128024558,9128022193,0.00033420228,0.1603342,0.117450655,0.041880928,nan,nan,nan,nan,nan,nan,nan,nan,0
9128035002,9128031999,0.00080580876,0.16080578,0.11518933,0.043199025,nan,nan,nan,nan,nan,nan,nan,nan,0
9128046648,9128042519,0.0,0.16,0.12698743,0.03301257,nan,nan,nan,nan,nan,nan,nan,nan,0
9128054025,9128051637,0.0,0.16,0.13156277,0.028437227,nan,nan,nan,nan,nan,nan,nan,nan,0
9128064507,9128062104,0.0,0.15999997,0.110980004,0.04901997,nan,nan,nan,nan,nan,nan,nan,nan,0
9128074986,9128072351,0.0,0.16,0.06871921,0.09128077,nan,nan,nan,nan,nan,nan,nan,nan,0
9128085470,9128082863,0.0,0.16,0.054522485,0.105477504,nan,nan,nan,nan,nan,nan,nan,nan,0
9128094861,9128092481,0.0,0.15999998,0.05897307,0.10102691,nan,nan,nan,nan,nan,nan,nan,nan,0
9128105359,9128102555,0.0,0.16,0.07232645,0.08767354,nan,nan,nan,nan,nan,nan,nan,nan,0
9128115857,9128112655,0.0,0.15999997,0.090934016,0.06906596,nan,nan,nan,nan,nan,nan,nan,nan,0
9128124192,9128121832,0.0,0.16,0.10334002,0.056659967,nan,nan,nan,nan,nan,nan,nan,nan,0
9128134842,9128132221,0.0,0.15999997,0.11092759,0.049072385,nan,nan,nan,nan,nan,nan,nan,nan,0
9128145285,9128142676,0.0,0.16,0.10684213,0.053157862,nan,nan,nan,nan,nan,nan,nan,nan,0
9128154716,9128151555,0.0,0.15999997,0.10638824,0.053611733,nan,nan,nan,nan,nan,nan,nan,nan,0
9128165226,9128162641,0.0,0.15999997,0.10774371,0.052256264,nan,nan,nan,nan,nan,nan,nan,nan,0
9128174965,9128172386,0.0,0.16,0.09383303,0.06616696,nan,nan,nan,nan,nan,nan,nan,nan,0
9128184990,9128182380,0.0,0.15999997,0.10400027,0.055999704,nan,nan,nan,nan,nan,nan,nan,nan,0
9128194532,9128191933,0.0,0.16,0.13707733,0.022922665,nan,nan,nan,nan,nan,nan,nan,nan,0
9128204965,9128202564,0.0,0.15999997,0.13398209,0.026017874,nan,nan,nan,nan,nan,nan,nan,nan,0
9128215682,9128213078,0.0,0.15999997,0.111825764,0.04817421,nan,nan,nan,nan,nan,nan,nan,nan,0
9128226414,9128222347,0.0,0.16,0.0861972,0.07380279,nan,nan,nan,nan,nan,nan,nan,nan,0
9128234841,9128232465,0.0,0.15999997,0.05722055,0.102779426,nan,nan,nan,nan,nan,nan,nan,nan,0
9128245432,9128242838,0.0,0.15999997,0.037243664,0.122756325,nan,nan,nan,nan,nan,nan,nan,nan,0
9128255861,9128253063,0.0,0.16,0.037250787,0.122749195,nan,nan,nan,nan,nan,nan,nan,nan,0
9128265275,9128262706,0.0,0.15999997,0.04895336,0.11104661,nan,nan,nan,nan,nan,nan,nan,nan,0
9128274787,9128272394,0.0,0.15999998,0.05040499,0.109595016,nan,nan,nan,nan,nan,nan,nan,nan,0
9128285175,9128282381,0.0,0.15999997,0.052350514,0.10764949,nan,nan,nan,nan,nan,nan,nan,nan,0
9128296757,9128292850,0.0,0.15999997,0.06932215,0.09067783,nan,nan,nan,nan,nan,nan,nan,nan,0
9128305308,9128302913,0.0,0.16,0.069574006,0.09042597,nan,nan,nan,nan,nan,nan,nan,nan,0
9128314763,9128312369,0.0,0.16,0.026713442,0.13328654,nan,nan,nan,nan,nan,nan,nan,nan,0
9128325180,9128322383,0.0,0.15999997,0.0,0.16,nan,nan,nan,nan,nan,nan,nan,nan,0
9128335683,9128333116,0.0,0.15999997,0.0,0.16,nan,nan,nan,nan,nan,nan,nan,nan,0
9128345223,9128342625,0.0,0.16,0.0,0.15999997,nan,nan,nan,nan,nan,nan,nan,nan,0
9128355680,9128352880,0.019337298,0.106953815,0.027018288,0.16669056,nan,nan,nan,nan,nan,nan,nan,nan,0
9128367190,9128363105,0.028973166,0.10070696,0.037151795,0.15316805,nan,nan,nan,nan,nan,nan,nan,nan,0
9128374637,9128372232,0.020843562,0.11413524,0.040916797,0.14410435,nan,nan,nan,nan,nan,nan,nan,nan,0
9128385260,9128382845,0.032555424,0.10918525,0.045795783,0.13246351,nan,nan,nan,nan,nan,nan,nan,nan,0
9128395692,9128393077,0.052980248,0.095056675,0.048820574,0.123142466,nan,nan,nan,nan,nan,nan,nan,nan,0
9128406178,9128402477,0.06409484,0.08892593,0.053618826,0.11336037,nan,nan,nan,nan,nan,nan,nan,nan,0
9128415575,9128413002,0.07428848,0.08144138,0.06484203,0.09942807,nan,nan,nan,nan,nan,nan,nan,nan,0
9128426041,9128422826,0.074114986,0.08152514,0.08254222,0.08181762,nan,nan,nan,nan,nan,nan,nan,nan,0
9128436596,9128433410,0.064191885,0.090550326,0.091205545,0.07405221,nan,nan,nan,nan,nan,nan,nan,nan,0
9128445009,9128442433,0.055015743,0.09958683,0.105068125,0.06032927,nan,nan,nan,nan,nan,nan,nan,nan,0
9128455479,9128452883,0.045657888,0.110177204,0.107556395,0.05660848,nan,nan,nan,nan,nan,nan,nan,nan,0
9128465868,9128463080,0.037165575,0.1204826,0.10496225,0.057389528,nan,nan,nan,nan,nan,nan,nan,nan,0
9128476786,9128472911,0.031174814,0.12798856,0.1013338,0.059502795,nan,nan,nan,nan,nan,nan,nan,nan,0
9128485197,9128482822,0.027433047,0.13317119,0.08141435,0.07798139,nan,nan,nan,nan,nan,nan,nan,nan,0
9128495957,9128493544,0.040488638,0.12163993,0.049699098,0.108172305,nan,nan,nan,nan,nan,nan,nan,nan,0
9128505309,9128502536,0.07611747,0.08778176,0.022239182,0.13386156,nan,nan,nan,nan,nan,nan,nan,nan,0
9128514828,9128512432,0.09273009,0.07404441,0.01630984,0.13691562,nan,nan,nan,nan,nan,nan,nan,nan,0
9128525457,9128523021,0.092707545,0.07727188,0.022507234,0.1275133,nan,nan,nan,nan,nan,nan,nan,nan,0
9128536120,9128533455,0.101803705,0.07115185,0.028329339,0.11871506,nan,nan,nan,nan,nan,nan,nan,nan,0
9128546475,9128542108,0.11234523,0.06367484,0.041926183,0.10205371,nan,nan,nan,nan,nan,nan,nan,nan,0
9128555061,9128552627,0.10438003,0.07617697,0.05320734,0.08623563,nan,nan,nan,nan,nan,nan,nan,nan,0
9128565641,9128563217,0.083455116,0.10091172,0.06181765,0.07381548,nan,nan,nan,nan,nan,nan,nan,nan,0
9128576083,9128573247,0.074598595,0.11198963,0.06094376,0.072467975,nan,nan,nan,nan,nan,nan,nan,nan,0
9128585559,9128582934,0.075748414,0.11211838,0.042043444,0.09008974,nan,nan,nan,nan,nan,nan,nan,nan,0
9128595162,9128592548,0.08059125,0.107388124,0.028780445,0.10324015,nan,nan,nan,nan,nan,nan,nan,nan,0
9128605571,9128602754,0.09064993,0.09678365,0.03295797,0.09960841,nan,nan,nan,nan,nan,nan,nan,nan,0
9128617064,9128613580,0.101071164,0.08695839,0.03835095,0.09361946,nan,nan,nan,nan,nan,nan,nan,nan,0
9128625462,9128623080,0.11507865,0.07492254,0.03890574,0.09109303,nan,nan,nan,nan,nan,nan,nan,nan,0
9128635979,9128633560,0.11207024,0.080446266,0.034271166,0.09321229,nan,nan,nan,nan,nan,nan,nan,nan,0
9128645613,9128642812,0.099095486,0.09438283,0.0248039,0.10171775,nan,nan,nan,nan,nan,nan,nan,nan,0
9128656127,9128652614,0.11862459,0.07394452,0.006173888,0.12125697,nan,nan,nan,nan,nan,nan,nan,nan,0
9128665541,9128663109,0.13325492,0.034343645,0.0,0.15240142,nan,nan,nan,nan,nan,nan,nan,nan,0
9128675981,9128673174,0.1346195,0.03678798,0.0,0.14859249,nan,nan,nan,nan,nan,nan,nan,nan,0
9128687471,9128683768,0.14401908,0.04394477,0.00576715,0.12626895,nan,nan,nan,nan,nan,nan,nan,nan,0
9128695044,9128692654,0.17399013,0.013990149,0.027900102,0.10411958,nan,nan,nan,nan,nan,nan,nan,nan,0
9128705402,9128702393,0.17474955,0.014749589,0.046665575,0.08383522,nan,nan,nan,nan,nan,nan,nan,nan,0
9128715781,9128713009,0.16994429,0.00994429,0.0,0.14011142,nan,nan,nan,nan,nan,nan,nan,nan,0
9128726377,9128722498,0.11051939,0.049480587,0.0,0.15999997,nan,nan,nan,nan,nan,nan,nan,nan,0
9128735898,9128733293,0.09766025,0.06233973,0.0,0.15999997,nan,nan,nan,nan,nan,nan,nan,nan,0
9128746364,9128743933,0.115573764,0.044426233,0.0,0.16,nan,nan,nan,nan,nan,nan,nan,nan,0
9128755691,9128753119,0.14715397,0.012846008,0.0,0.15999998,nan,nan,nan,nan,nan,nan,nan,nan,0
9128765237,9128762647,0.17111906,0.011119083,0.0,0.13776182,nan,nan,nan,nan,nan,nan,nan,nan,0
9128775718,9128773119,0.17404382,0.014043842,0.0108735515,0.12103874,nan,nan,nan,nan,nan,nan,nan,nan,0
9128786133,9128783527,0.17347108,0.013471095,0.008828061,0.12422973,nan,nan,nan,nan,nan,nan,nan,nan,0
9128796612,9128793440,0.16647105,0.0064710826,0.0,0.14705782,nan,nan,nan,nan,nan,nan,nan,nan,0
9128806166,9128803750,0.14379045,0.016209528,0.0,0.15999997,nan,nan,nan,nan,nan,nan,nan,nan,0
9128815606,9128813025,0.11326346,0.04673653,0.0,0.15999997,nan,nan,nan,nan,nan,nan,nan,nan,0
9128826008,9128823209,0.10364218,0.0563578,0.0,0.15999998,nan,nan,nan,nan,nan,nan,nan,nan,0
9128835429,9128832861,0.1325067,0.027493298,0.0,0.16,nan,nan,nan,nan,nan,nan,nan,nan,0
9128846240,9128843839,0.16341454,0.0034145787,0.0,0.15317082,nan,nan,nan,nan,nan,nan,nan,nan,0
9128855616,9128852847,0.1491299,0.010870069,0.0,0.15999997,nan,nan,nan,nan,nan,nan,nan,nan,0
9128867217,9128863735,0.11131754,0.04868245,0.0,0.16,nan,nan,nan,nan,nan,nan,nan,nan,0
9128875660,9128873267,0.08584952,0.074150465,0.0,0.16,nan,nan,nan,nan,nan,nan,nan,nan,0
9128886162,9128883756,0.09585706,0.06414291,0.0,0.15999997,nan,nan,nan,nan,nan,nan,nan,nan,0
9128896881,9128894263,0.112197325,0.047802664,0.0,0.16,nan,nan,nan,nan,nan,nan,nan,nan,0
9128906372,9128903754,0.113715716,0.04628426,0.0,0.15999997,nan,nan,nan,nan,nan,nan,nan,nan,0
9128915757,9128913374,0.11836532,0.04163465,0.0,0.15999997,nan,nan,nan,nan,nan,nan,nan,nan,0
9128926163,9128923366,0.12639588,0.033604115,0.0,0.16,nan,nan,nan,nan,nan,nan,nan,nan,0
9128937723,9128934209,0.11394268,0.046057284,0.0,0.15999997,nan,nan,nan,nan,nan,nan,nan,nan,0
9128946119,9128943737,0.09555963,0.06444035,0.0,0.15999997,nan,nan,nan,nan,nan,nan,nan,nan,0
9128956502,9128953320,0.092490435,0.06750954,0.0,0.15999997,nan,nan,nan,nan,nan,nan,nan,nan,0
9128965952,9128963387,0.08023855,0.07976142,0.0,0.15999997,nan,nan,nan,nan,nan,nan,nan,nan,0
9128976570,9128973184,0.065009356,0.094990626,0.0,0.15999997,nan,nan,nan,nan,nan,nan,nan,nan,0
9128986032,9128983645,0.0887675,0.07123249,0.0,0.15999997,nan,nan,nan,nan,nan,nan,nan,nan,0
9128996612,9128993814,0.12996057,0.0300394,0.0,0.15999997,nan,nan,nan,nan,nan,nan,nan,nan,0
9129007372,9129004170,0.121195465,0.03880451,0.0,0.15999997,nan,nan,nan,nan,nan,nan,nan,nan,0
9129015751,9129013392,0.091302395,0.06869758,0.0,0.15999997,nan,nan,nan,nan,nan,nan,nan,nan,0
9129026245,9129023840,0.09499586,0.06500412,0.0,0.15999997,nan,nan,nan,nan,nan,nan,nan,nan,0
9129036600,9129033822,0.094955325,0.06504465,0.0,0.15999997,nan,nan,nan,nan,nan,nan,nan,nan,0
9129047153,9129043746,0.09116045,0.06883953,0.0,0.15999997,nan,nan,nan,nan,nan,nan,nan,nan,0
9129056572,9129054188,0.086141914,0.07385806,0.0,0.15999997,nan,nan,nan,nan,nan,nan,nan,nan,0
9129065950,9129063577,0.058325082,0.10167489,0.0,0.15999997,nan,nan,nan,nan,nan,nan,nan,nan,0
9129076454,9129073838,0.05179593,0.10820406,0.0,0.15999997,nan,nan,nan,nan,nan,nan,nan,nan,0
9129085966,9129083566,0.07934186,0.080658115,0.0,0.15999997,nan,nan,nan,nan,nan,nan,nan,nan,0
9129096414,9129094014,0.10161632,0.05838365,0.0,0.15999997,nan,nan,nan,nan,nan,nan,nan,nan,0
9129106835,9129103999,0.11119884,0.048801124,0.0,0.15999997,nan,nan,nan,nan,nan,nan,nan,nan,0
9129117328,9129113919,0.122294396,0.037705593,0.0,0.16,nan,nan,nan,nan,nan,nan,nan,nan,0
9129125652,9129123282,0.13641018,0.023589797,0.0,0.15999997,nan,nan,nan,nan,nan,nan,nan,nan,0
9129136117,9129133700,0.13952866,0.020471312,0.0,0.15999997,nan,nan,nan,nan,nan,nan,nan,nan,0
9129146623,9129143815,0.12721503,0.032784946,0.0,0.15999997,nan,nan,nan,nan,nan,nan,nan,nan,0
9129156064,9129153455,0.09044263,0.06955736,0.0,0.15999997,nan,nan,nan,nan,nan,nan,nan,nan,0
9129166682,9129164041,0.062381472,0.0976185,0.0,0.15999997,nan,nan,nan,nan,nan,nan,nan,nan,0
9129177053,9129174272,0.07411747,0.08588251,0.0,0.15999998,nan,nan,nan,nan,nan,nan,nan,nan,0
9129187524,9129184363,0.102446824,0.057553165,0.0,0.16,nan,nan,nan,nan,nan,nan,nan,nan,0
9129195971,9129193391,0.1264677,0.03353229,0.0,0.15999997,nan,nan,nan,nan,nan,nan,nan,nan,0
9129206423,9129204031,0.13568723,0.024312735,0.0,0.15999997,nan,nan,nan,nan,nan,nan,nan,nan,0
9129216997,9129214329,0.12575454,0.03424546,0.0,0.15999994,nan,nan,nan,nan,nan,nan,nan,nan,0
9129227380,9129224760,0.10762149,0.052378472,0.0,0.15999997,nan,nan,nan,nan,nan,nan,nan,nan,0
9129237719,9129233611,0.08117068,0.07882929,0.0,0.15999997,nan,nan,nan,nan,nan,nan,nan,nan,0
9129246171,9129243196,0.0637171,0.0962829,0.0,0.15999997,nan,nan,nan,nan,nan,nan,nan,nan,0
9129257913,9129253839,0.08299869,0.0770013,0.0,0.15999997,nan,nan,nan,nan,nan,nan,nan,nan,0
9129266483,9129264091,0.1071299,0.052870095,0.0,0.15999997,nan,nan,nan,nan,nan,nan,nan,nan,0
9129277052,9129274468,0.11058231,0.049417663,0.0,0.15999998,nan,nan,nan,nan,nan,nan,nan,nan,0
9129286458,9129283676,0.108499885,0.05150011,0.0,0.15999997,nan,nan,nan,nan,nan,nan,nan,nan,0
9129296976,9129293471,0.09761715,0.062382817,0.0,0.15999997,nan,nan,nan,nan,nan,nan,nan,nan,0
9129306372,9129303759,0.07892114,0.08107886,0.0,0.15999994,nan,nan,nan,nan,nan,nan,nan,nan,0
9129316820,9129314204,0.0814589,0.07854113,0.0,0.15999994,nan,nan,nan,nan,nan,nan,nan,nan,0
9129327218,9129324605,0.10055548,0.059444487,0.0,0.15999997,nan,nan,nan,nan,nan,nan,nan,nan,0
9129336790,9129334170,0.11045766,0.049542308,0.0,0.15999997,nan,nan,nan,nan,nan,nan,nan,nan,0
9129346246,9129343838,0.12644953,0.03355047,0.0,0.15999994,nan,nan,nan,nan,nan,nan,nan,nan,0
9129356695,9129354089,0.13455993,0.025440067,0.0,0.15999994,nan,nan,nan,nan,nan,nan,nan,nan,0
9129368185,9129364279,0.12701562,0.032984376,0.0,0.15999997,nan,nan,nan,nan,nan,nan,nan,nan,0
9129376614,9129374236,0.12807764,0.031922325,0.0,0.15999998,nan,nan,nan,nan,nan,nan,nan,nan,0
9129387073,9129384463,0.12677486,0.033225134,0.0,0.15999998,nan,nan,nan,nan,nan,nan,nan,nan,0
9129397470,9129394678,0.122321405,0.03767029,4.1386807e-06,0.16000411,nan,nan,nan,nan,nan,nan,nan,nan,0
9129406956,9129404354,0.13501559,0.024983153,6.104462e-07,0.16000058,nan,nan,nan,nan,nan,nan,nan,nan,0
9129416826,9129414347,0.14085534,0.0190123,6.616313e-05,0.16006613,nan,nan,nan,nan,nan,nan,nan,nan,0
9129427272,9129424444,0.13425468,0.024731997,0.0005066582,0.16050665,nan,nan,nan,nan,nan,nan,nan,nan,0
9129437832,9129434654,0.1307482,0.027440183,0.0009057971,0.16090576,nan,nan,nan,nan,nan,nan,nan,nan,0
9129446402,9129443970,0.11542072,0.042269632,0.0011548178,0.16115482,nan,nan,nan,nan,nan,nan,nan,nan,0
9129456855,9129454233,0.0922868,0.06502704,0.0013430654,0.16134304,nan,nan,nan,nan,nan,nan,nan,nan,0
9129467236,9129464436,0.08477874,0.07332092,0.0009501704,0.16095011,nan,nan,nan,nan,nan,nan,nan,nan,0
9129476824,9129474422,0.1072931,0.052706897,0.0,0.15999997,nan,nan,nan,nan,nan,nan,nan,nan,0
9129487265,9129484667,0.12623301,0.033767015,0.0,0.15999994,nan,nan,nan,nan,nan,nan,nan,nan,0
9129497707,9129494895,0.13747886,0.022521108,0.0,0.15999997,nan,nan,nan,nan,nan,nan,nan,nan,0
9129508318,9129504838,0.14014053,0.019859433,0.0,0.15999997,nan,nan,nan,nan,nan,nan,nan,nan,0
9129516872,9129514423,0.10405105,0.055948913,0.0,0.15999997,nan,nan,nan,nan,nan,nan,nan,nan,0
9129527491,9129524885,0.07561314,0.08438683,0.0,0.15999997,nan,nan,nan,nan,nan,nan,nan,nan,0
9129537112,9129534286,0.08512783,0.07487214,0.0,0.15999997,nan,nan,nan,nan,nan,nan,nan,nan,0
9129548049,9129544358,0.096511334,0.06348864,0.0,0.15999997,nan,nan,nan,nan,nan,nan,nan,nan,0
9129557490,9129554909,0.09633753,0.06366246,0.0,0.16,nan,nan,nan,nan,nan,nan,nan,nan,0
9129566984,9129564604,0.10407614,0.05592385,0.0,0.16,nan,nan,nan,nan,nan,nan,nan,nan,0
9129578707,9129575029,0.10729747,0.052702516,0.0,0.16,nan,nan,nan,nan,nan,nan,nan,nan,0
9129587195,9129584787,0.10943597,0.050564006,0.0,0.16,nan,nan,nan,nan,nan,nan,nan,nan,0
9129596780,9129594396,0.13465339,0.025346592,0.0,0.16,nan,nan,nan,nan,nan,nan,nan,nan,0
9129607242,9129604624,0.13973933,0.020926962,0.02844823,0.13088544,nan,nan,nan,nan,nan,nan,nan,nan,0
9129617757,9129614740,0.15858462,0.0025443737,0.06959658,0.089274384,nan,nan,nan,nan,nan,nan,nan,nan,0
9129627099,9129624720,0.16025665,0.00025665257,0.12925127,0.030235408,nan,nan,nan,nan,nan,nan,nan,nan,0
9129637659,9129635223,0.16067073,0.0006707422,0.049394537,0.109263964,nan,nan,nan,nan,nan,nan,nan,nan,0
9129646994,9129644408,0.101651855,0.05834813,0.0,0.15999997,nan,nan,nan,nan,nan,nan,nan,nan,0
9129657392,9129654210,0.1370009,0.022999078,0.0,0.15999998,nan,nan,nan,nan,nan,nan,nan,nan,0
9129666986,9129664602,0.16324376,0.0032437742,0.0,0.15351243,nan,nan,nan,nan,nan,nan,nan,nan,0
9129677287,9129674631,0.172281,0.012281022,0.004064464,0.13137348,nan,nan,nan,nan,nan,nan,nan,nan,0
9129688160,9129684734,0.17372742,0.013727421,0.041118026,0.09142712,nan,nan,nan,nan,nan,nan,nan,nan,0
9129696666,9129694265,0.16966763,0.021049902,0.044156447,0.085126,nan,nan,nan,nan,nan,nan,nan,nan,0
9129707163,9129704727,0.14594889,0.047897667,0.045528665,0.080624744,nan,nan,nan,nan,nan,nan,nan,nan,0
9129717560,9129714947,0.13318443,0.061745793,0.0391536,0.08591614,nan,nan,nan,nan,nan,nan,nan,nan,0
9129727010,9129724638,0.13645357,0.058126032,0.028459338,0.09696102,nan,nan,nan,nan,nan,nan,nan,nan,0
9129737500,9129735094,0.16692337,0.025925772,0.009674383,0.11747643,nan,nan,nan,nan,nan,nan,nan,nan,0
9129747985,9129745173,0.17368582,0.013685852,0.0,0.13262826,nan,nan,nan,nan,nan,nan,nan,nan,0
9129758600,9129755185,0.15296036,0.0070396056,0.0,0.15999997,nan,nan,nan,nan,nan,nan,nan,nan,0
9129766951,9129764580,0.1340251,0.02597487,0.0,0.15999997,nan,nan,nan,nan,nan,nan,nan,nan,0
9129777464,9129775086,0.1508244,0.009175585,0.0,0.15999998,nan,nan,nan,nan,nan,nan,nan,nan,0
9129787960,9129785315,0.16900289,0.009002909,0.028506652,0.113487504,nan,nan,nan,nan,nan,nan,nan,nan,0
9129797348,9129794374,0.16773121,0.007731242,0.02811064,0.11642685,nan,nan,nan,nan,nan,nan,nan,nan,0
9129807878,9129805450,0.14815658,0.011843398,0.0,0.15999997,nan,nan,nan,nan,nan,nan,nan,nan,0
9129817227,9129814451,0.12422243,0.035777554,0.0,0.15999998,nan,nan,nan,nan,nan,nan,nan,nan,0
9129828781,9129825383,0.13495675,0.02982245,0.0053830747,0.14983769,nan,nan,nan,nan,nan,nan,nan,nan,0
9129837148,9129834579,0.1431208,0.017611343,0.028422587,0.13084523,nan,nan,nan,nan,nan,nan,nan,nan,0
9129847177,9129844732,0.15999997,0.0,0.052115496,0.10788449,nan,nan,nan,nan,nan,nan,nan,nan,0
9129857560,9129854746,0.15999997,0.0,0.11364042,0.04635956,nan,nan,nan,nan,nan,nan,nan,nan,0
9129868065,9129864164,0.15999997,0.0,0.15511656,0.004883416,nan,nan,nan,nan,nan,nan,nan,nan,0
9129878421,9129874531,0.16,0.0,0.11551384,0.044486143,nan,nan,nan,nan,nan,nan,nan,nan,0
9129886833,9129884470,0.15999998,0.0,0.08036099,0.079638995,nan,nan,nan,nan,nan,nan,nan,nan,0
9129898303,9129895503,0.16,0.0,0.107855015,0.052144967,nan,nan,nan,nan,nan,nan,nan,nan,0
9129907738,9129905358,0.15999997,0.0,0.15999997,0.0,nan,nan,nan,nan,nan,nan,nan,nan,0
9129917207,9129914609,0.15999997,0.0,0.16,0.0,nan,nan,nan,nan,nan,nan,nan,nan,0
9129927779,9129925128,0.16,0.0,0.14651194,0.013488043,nan,nan,nan,nan,nan,nan,nan,nan,0
9129939164,9129935292,0.16,0.0,0.13108131,0.028918657,nan,nan,nan,nan,nan,nan,nan,nan,0
9129948394,9129945961,0.15999998,0.0,0.15999998,0.0,nan,nan,nan,nan,nan,nan,nan,nan,0
9129957582,9129955208,0.15999997,0.0,0.16,0.0,nan,nan,nan,nan,nan,nan,nan,nan,0
9129968044,9129965423,0.16,0.0,0.12826478,0.031735204,nan,nan,nan,nan,nan,nan,nan,nan,0
9129977461,9129975082,0.15507405,0.0,0.07976274,0.085163176,nan,nan,nan,nan,nan,nan,nan,nan,0
9129987966,9129985531,0.1465106,0.0,0.08153332,0.09195604,nan,nan,nan,nan,nan,nan,nan,nan,0
9129998360,9129995545,0.13314532,0.0,0.07887011,0.107984535,nan,nan,nan,nan,nan,nan,nan,nan,0
9130009055,9130005603,0.14545687,0.0,0.06273255,0.11181055,nan,nan,nan,nan,nan,nan,nan,nan,0
9130017563,9130015141,0.16,0.0,0.07351315,0.08648683,nan,nan,nan,nan,nan,nan,nan,nan,0
9130027995,9130025390,0.15999998,0.0,0.055646643,0.10435334,nan,nan,nan,nan,nan,nan,nan,nan,0
9130038360,9130035768,0.15609412,0.0,0.0138885975,0.15001725,nan,nan,nan,nan,nan,nan,nan,nan,0
9130047830,9130045450,0.15999998,0.0,0.005457239,0.15454274,nan,nan,nan,nan,nan,nan,nan,nan,0
9130058272,9130055863,0.15999997,0.0,0.04505308,0.1149469,nan,nan,nan,nan,nan,nan,nan,nan,0
9130068769,9130065934,0.15999998,0.0,0.088291965,0.07170802,nan,nan,nan,nan,nan,nan,nan,nan,0
9130079420,9130075917,0.16,0.0,0.10490244,0.055097546,nan,nan,nan,nan,nan,nan,nan,nan,0
9130087845,9130085468,0.15999997,0.0,0.093614824,0.06638516,nan,nan,nan,nan,nan,nan,nan,nan,0
9130098457,9130095845,0.14321716,0.0008189911,0.098530814,0.07743299,nan,nan,nan,nan,nan,nan,nan,nan,0
9130107829,9130105243,0.15999997,0.0,0.08924877,0.07075121,nan,nan,nan,nan,nan,nan,nan,nan,0
9130117305,9130114533,0.15999998,0.0,0.1040898,0.05591018,nan,nan,nan,nan,nan,nan,nan,nan,0
9130127785,9130125392,0.15999997,0.0,0.09880839,0.061191596,nan,nan,nan,nan,nan,nan,nan,nan,0
9130138263,9130135463,0.15999998,0.0,0.07746731,0.08253267,nan,nan,nan,nan,nan,nan,nan,nan,0
9130149798,9130145932,0.16001418,1.4201271e-05,0.0740037,0.08596788,nan,nan,nan,nan,nan,nan,nan,nan,0
9130157251,9130154859,0.16181765,0.0018176755,0.098327294,0.058037333,nan,nan,nan,nan,nan,nan,nan,nan,0
9130167705,9130165304,0.16292441,0.002924409,0.104644224,0.049506936,nan,nan,nan,nan,nan,nan,nan,nan,0
9130178173,9130175336,0.1628502,0.002850209,0.09404474,0.060254823,nan,nan,nan,nan,nan,nan,nan,nan,0
9130188779,9130185524,0.16197756,0.0019775585,0.09831552,0.057729345,nan,nan,nan,nan,nan,nan,nan,nan,0
9130198082,9130195717,0.15462443,0.006941948,0.08780396,0.07062961,nan,nan,nan,nan,nan,nan,nan,nan,0
9130208592,9130206205,0.14982416,0.008191899,0.060154498,0.10182941,nan,nan,nan,nan,nan,nan,nan,nan,0
9130217963,9130215390,0.15999998,0.0,0.041990697,0.118009284,nan,nan,nan,nan,nan,nan,nan,nan,0
9130227777,9130225384,0.15999998,0.0,0.06177509,0.09822489,nan,nan,nan,nan,nan,nan,nan,nan,0
9130238550,9130236143,0.15999998,0.0,0.09085275,0.06914723,nan,nan,nan,nan,nan,nan,nan,nan,0
9130248945,9130246139,0.15999997,0.0,0.10637511,0.05362487,nan,nan,nan,nan,nan,nan,nan,nan,0
9130259455,9130255951,0.15999997,0.0,0.095178075,0.06482191,nan,nan,nan,nan,nan,nan,nan,nan,0
9130267986,9130265574,0.16164131,0.0016413188,0.06960274,0.0871146,nan,nan,nan,nan,nan,nan,nan,nan,0
9130278443,9130276044,0.16301107,0.0030110984,0.052684806,0.101292975,nan,nan,nan,nan,nan,nan,nan,nan,0
9130288882,9130286280,0.16309993,0.0030999482,0.07662183,0.077178255,nan,nan,nan,nan,nan,nan,nan,nan,0
9130298284,9130295907,0.16290955,0.0029095584,0.11971052,0.034470346,nan,nan,nan,nan,nan,nan,nan,nan,0
9130307816,9130305228,0.1630071,0.0030071305,0.12464161,0.029344121,nan,nan,nan,nan,nan,nan,nan,nan,0
9130318337,9130315500,0.16303588,0.003035924,0.10261077,0.051317364,nan,nan,nan,nan,nan,nan,nan,nan,0
9130329923,9130326221,0.162522,0.0025220315,0.08320916,0.07174677,nan,nan,nan,nan,nan,nan,nan,nan,0
9130338310,9130335928,0.1612929,0.0012928928,0.11069076,0.04672344,nan,nan,nan,nan,nan,nan,nan,nan,0
9130348194,9130345543,0.15999997,0.0,0.14865132,0.011348665,nan,nan,nan,nan,nan,nan,nan,nan,0
9130358635,9130355836,0.15999998,0.0,0.12403321,0.03596677,nan,nan,nan,nan,nan,nan,nan,nan,0
9130369155,9130365439,0.12784041,0.028039156,0.14427333,0.019847075,nan,nan,nan,nan,nan,nan,nan,nan,0
9130378540,9130376143,0.13859181,0.013027204,0.13902007,0.029360885,nan,nan,nan,nan,nan,nan,nan,nan,0
9130388941,9130386137,0.12760645,0.01850701,0.11251754,0.06136895,nan,nan,nan,nan,nan,nan,nan,nan,0
9130399419,9130396257,0.11748888,0.02155874,0.084730886,0.096221454,nan,nan,nan,nan,nan,nan,nan,nan,0
9130407875,9130405483,0.107681476,0.023800112,0.057515457,0.13100292,nan,nan,nan,nan,nan,nan,nan,nan,0
9130418391,9130415937,0.08914074,0.033511505,0.04312454,0.15422317,nan,nan,nan,nan,nan,nan,nan,nan,0
9130428821,9130426149,0.074985296,0.03967403,0.044329606,0.16101104,nan,nan,nan,nan,nan,nan,nan,nan,0
9130439405,9130435999,0.046336032,0.06160731,0.04858935,0.16346727,nan,nan,nan,nan,nan,nan,nan,nan,0
9130447852,9130445471,0.0,0.122827776,0.02944084,0.16773134,nan,nan,nan,nan,nan,nan,nan,nan,0
9130458356,9130455922,0.0,0.15999997,7.450581e-09,0.16,nan,nan,nan,nan,nan,nan,nan,nan,0
9130468798,9130466168,0.0,0.16,0.0,0.15999997,nan,nan,nan,nan,nan,nan,nan,nan,0
9130478250,9130475866,0.0,0.15999997,0.0,0.15999997,nan,nan,nan,nan,nan,nan,nan,nan,0
9130488749,9130486309,0.0,0.15999997,0.0,0.15999997,nan,nan,nan,nan,nan,nan,nan,nan,0
9130499189,9130495917,0.0,0.15999997,0.0,0.15999997,nan,nan,nan,nan,nan,nan,nan,nan,0
9130509959,9130506032,0.07485197,0.0,0.042574003,0.202574,nan,nan,nan,nan,nan,nan,nan,nan,0
9130518854,9130516393,0.045281902,0.0,0.11444272,0.16027534,nan,nan,nan,nan,nan,nan,nan,nan,0
9130528491,9130526063,0.0016428232,0.0,0.18171538,0.13664176,nan,nan,nan,nan,nan,nan,nan,nan,0
9130539097,9130536302,0.017555654,0.0,0.15977852,0.14266579,nan,nan,nan,nan,nan,nan,nan,nan,0
9130549022,9130546554,0.0,0.055514485,0.09376753,0.17071795,nan,nan,nan,nan,nan,nan,nan,nan,0
9130558544,9130556117,0.0,0.1473367,0.0063316375,0.16633163,nan,nan,nan,nan,nan,nan,nan,nan,0
9130568972,9130566168,0.0,0.15999997,0.0,0.16,nan,nan,nan,nan,nan,nan,nan,nan,0
9130580527,9130576449,0.0,0.15999997,0.0,0.15999997,nan,nan,nan,nan,nan,nan,nan,nan,0
9130587900,9130585527,0.0,0.14804141,0.005979292,0.16597925,nan,nan,nan,nan,nan,nan,nan,nan,0
9130598396,9130596001,0.0,0.15586108,0.0020694472,0.16206941,nan,nan,nan,nan,nan,nan,nan,nan,0
9130609127,9130606320,0.0,0.15999997,0.0,0.16,nan,nan,nan,nan,nan,nan,nan,nan,0
9130619609,9130617021,0.0,0.16,0.0,0.15999997,nan,nan,nan,nan,nan,nan,nan,nan,0
9130629063,9130626463,0.0,0.13599664,0.012001675,0.17200163,nan,nan,nan,nan,nan,nan,nan,nan,0
9130639446,9130636668,0.0,0.16,0.0,0.15999997,nan,nan,nan,nan,nan,nan,nan,nan,0
9130649982,9130646615,0.0,0.16,0.0,0.16,nan,nan,nan,nan,nan,nan,nan,nan,0
9130658475,9130655895,0.0,0.14123438,0.009382799,0.16938278,nan,nan,nan,nan,nan,nan,nan,nan,0
9130669127,9130666718,0.0,0.15999998,0.0,0.15999998,nan,nan,nan,nan,nan,nan,nan,nan,0
9130679700,9130676441,0.0,0.16,0.0,0.15999997,nan,nan,nan,nan,nan,nan,nan,nan,0
9130688211,9130685763,0.0,0.15999998,0.0,0.15999998,nan,nan,nan,nan,nan,nan,nan,nan,0
9130698452,9130696031,0.0,0.15999997,0.0,0.15999997,nan,nan,nan,nan,nan,nan,nan,nan,0
9130709208,9130706826,0.012917473,0.14286081,0.002110855,0.16211082,nan,nan,nan,nan,nan,nan,nan,nan,0
9130719442,9130716628,0.016266193,0.14311446,0.032198552,0.12842076,nan,nan,nan,nan,nan,nan,nan,nan,0
9130728976,9130726514,0.002127128,0.16212712,0.040088423,0.11565731,nan,nan,nan,nan,nan,nan,nan,nan,0
9130739385,9130737011,0.012149416,0.15608928,0.04272549,0.109035775,nan,nan,nan,nan,nan,nan,nan,nan,0
9130748798,9130746225,0.03227514,0.1377701,0.028688215,0.12126652,nan,nan,nan,nan,nan,nan,nan,nan,0
9130760300,9130756431,0.010856211,0.15919851,0.0,0.14994524,nan,nan,nan,nan,nan,nan,nan,nan,0
9130768815,9130766352,0.0,0.15999998,0.0,0.15999998,nan,nan,nan,nan,nan,nan,nan,nan,0
9130779427,9130776814,0.049877945,0.11012203,0.0,0.15999997,nan,nan,nan,nan,nan,nan,nan,nan,0
9130788847,9130786063,0.039016034,0.13001136,0.01976023,0.13121232,nan,nan,nan,nan,nan,nan,nan,nan,0
9130799380,9130796968,0.0,0.16,0.0,0.16,nan,nan,nan,nan,nan,nan,nan,nan,0
9130808828,9130806440,3.7252903e-09,0.16,0.0,0.15999997,nan,nan,nan,nan,nan,nan,nan,nan,0
9130819205,9130816416,0.0,0.15999998,0.0,0.15999998,nan,nan,nan,nan,nan,nan,nan,nan,0
9130830748,9130826681,0.0,0.15999997,0.0,0.15999997,nan,nan,nan,nan,nan,nan,nan,nan,0
9130839156,9130836549,0.0,0.16,0.0,0.16,nan,nan,nan,nan,nan,nan,nan,nan,0
9130848594,9130846211,0.0,0.15999997,0.02794522,0.13205478,nan,nan,nan,nan,nan,nan,nan,nan,0
9130859180,9130856519,0.009723609,0.13761689,0.040342167,0.1323173,nan,nan,nan,nan,nan,nan,nan,nan,0
9130869588,9130867201,0.0,0.15999998,0.011718765,0.14828122,nan,nan,nan,nan,nan,nan,nan,nan,0
9130879035,9130876638,0.0,0.16,0.0,0.16,nan,nan,nan,nan,nan,nan,nan,nan,0
9130889573,9130886516,0.0,0.15999997,0.0,0.15999997,nan,nan,nan,nan,nan,nan,nan,nan,0
9130900974,9130897107,0.0,0.16,0.0,0.16,nan,nan,nan,nan,nan,nan,nan,nan,0
9130909391,9130907010,0.0,0.15999998,0.0,0.15999998,nan,nan,nan,nan,nan,nan,nan,nan,0
9130918804,9130916211,0.0,0.15999997,0.0,0.15999997,nan,nan,nan,nan,nan,nan,nan,nan,0
9130929305,9130926650,0.0,0.15999998,0.0,0.15999998,nan,nan,nan,nan,nan,nan,nan,nan,0
9130939838,9130936377,0.0,0.15964381,0.012712896,0.14764325,nan,nan,nan,nan,nan,nan,nan,nan,0
9130949541,9130947123,0.009124326,0.14458452,0.02417965,0.14211147,nan,nan,nan,nan,nan,nan,nan,nan,0
9130959940,9130957326,0.02287629,0.13045865,0.025278347,0.14138669,nan,nan,nan,nan,nan,nan,nan,nan,0
9130970445,9130967238,0.030054418,0.12554437,0.018118711,0.14628246,nan,nan,nan,nan,nan,nan,nan,nan,0
9130979200,9130976812,0.03788304,0.12055343,0.021020642,0.14054285,nan,nan,nan,nan,nan,nan,nan,nan,0
9130989670,9130987250,0.037233207,0.123829745,0.021952173,0.13698484,nan,nan,nan,nan,nan,nan,nan,nan,0
9131000107,9130997273,0.033287443,0.13010971,0.018289275,0.13831353,nan,nan,nan,nan,nan,nan,nan,nan,0
9131010611,9131006929,0.012027768,0.15403299,0.013620617,0.14031859,nan,nan,nan,nan,nan,nan,nan,nan,0
9131019534,9131016952,0.0019657016,0.16196567,0.0,0.1560686,nan,nan,nan,nan,nan,nan,nan,nan,0
9131029152,9131026505,0.03874842,0.12125156,0.0,0.15999998,nan,nan,nan,nan,nan,nan,nan,nan,0
9131039510,9131036719,0.0731145,0.08770546,0.0,0.15918,nan,nan,nan,nan,nan,nan,nan,nan,0
9131049120,9131046717,0.06532667,0.09831404,0.023271326,0.13308793,nan,nan,nan,nan,nan,nan,nan,nan,0
9131059526,9131057132,0.05321453,0.11112407,0.05362649,0.102034874,nan,nan,nan,nan,nan,nan,nan,nan,0
9131069916,9131067118,0.049778093,0.1144655,0.057660624,0.098095745,nan,nan,nan,nan,nan,nan,nan,nan,0
9131080414,9131077040,0.072939135,0.09099119,0.044127434,0.11194221,nan,nan,nan,nan,nan,nan,nan,nan,0
9131088784,9131086421,0.10027271,0.06360655,0.0361743,0.119946405,nan,nan,nan,nan,nan,nan,nan,nan,0
9131099294,9131096901,0.10394016,0.060020983,0.036454126,0.119584695,nan,nan,nan,nan,nan,nan,nan,nan,0
9131109879,9131107061,0.123541765,0.040885083,0.041187607,0.11438551,nan,nan,nan,nan,nan,nan,nan,nan,0
9131119281,9131116911,0.1481013,0.01741461,0.045832608,0.10865145,nan,nan,nan,nan,nan,nan,nan,nan,0
9131129877,9131127506,0.13128282,0.035593476,0.046273317,0.10685034,nan,nan,nan,nan,nan,nan,nan,nan,0
9131140372,9131137561,0.12414337,0.043794077,0.05168261,0.10037991,nan,nan,nan,nan,nan,nan,nan,nan,0
9131150840,9131147477,0.1639815,0.0039815204,0.07443141,0.07760552,nan,nan,nan,nan,nan,nan,nan,nan,0
9131159285,9131156882,0.16339566,0.0033956883,0.14358039,0.009628214,nan,nan,nan,nan,nan,nan,nan,nan,0
9131169722,9131167319,0.15999997,0.0,0.16,0.0,nan,nan,nan,nan,nan,nan,nan,nan,0
9131180137,9131177513,0.15999998,3.7252903e-09,0.16,0.0,nan,nan,nan,nan,nan,nan,nan,nan,0
9131189642,9131187225,0.16,0.0,0.16,0.0,nan,nan,nan,nan,nan,nan,nan,nan,0
9131199628,9131197027,0.15716746,0.00040837273,0.1205459,0.041878216,nan,nan,nan,nan,nan,nan,nan,nan,0
9131210178,9131207590,0.11578862,0.04088144,0.095037684,0.068292215,nan,nan,nan,nan,nan,nan,nan,nan,0
9131221651,9131217577,0.11311734,0.043745004,0.06599593,0.0971417,nan,nan,nan,nan,nan,nan,nan,nan,0
9131229382,9131226732,0.15303324,0.0040781545,0.052530963,0.11035761,nan,nan,nan,nan,nan,nan,nan,nan,0
9131239885,9131237444,0.15999998,0.0,0.06795754,0.09204244,nan,nan,nan,nan,nan,nan,nan,nan,0
9131250458,9131247671,0.15290332,0.006304388,0.061079357,0.09971289,nan,nan,nan,nan,nan,nan,nan,nan,0
9131259901,9131256524,0.1143897,0.04435427,0.05867708,0.10257891,nan,nan,nan,nan,nan,nan,nan,nan,0
9131269313,9131266942,0.09709958,0.05964296,0.05486008,0.10839734,nan,nan,nan,nan,nan,nan,nan,nan,0
9131280185,9131277571,0.096663535,0.057272043,0.0507804,0.11528399,nan,nan,nan,nan,nan,nan,nan,nan,0
9131290578,9131287771,0.09796212,0.052777436,0.03658143,0.13267897,nan,nan,nan,nan,nan,nan,nan,nan,0
9131298992,9131296624,0.10097995,0.046538025,0.026752098,0.1457299,nan,nan,nan,nan,nan,nan,nan,nan,0
9131309570,9131307119,0.10437823,0.038633443,0.031767897,0.14522038,nan,nan,nan,nan,nan,nan,nan,nan,0
9131319870,9131317055,0.085862815,0.052801207,0.038052484,0.14328346,nan,nan,nan,nan,nan,nan,nan,nan,0
9131330372,9131327210,0.07405398,0.06027598,0.0526032,0.1330668,nan,nan,nan,nan,nan,nan,nan,nan,0
9131340169,9131337547,0.08686249,0.04433088,0.06770982,0.121096775,nan,nan,nan,nan,nan,nan,nan,nan,0
9131349478,9131346874,0.11203248,0.018605374,0.08450626,0.10485585,nan,nan,nan,nan,nan,nan,nan,nan,0
9131360296,9131357651,0.15515028,0.0,0.089012235,0.07583746,nan,nan,nan,nan,nan,nan,nan,nan,0
9131370297,9131367717,0.15999997,0.0,0.10436513,0.05563485,nan,nan,nan,nan,nan,nan,nan,nan,0
9131379767,9131377395,0.10540337,0.027860222,0.12539922,0.061337143,nan,nan,nan,nan,nan,nan,nan,nan,0
9131390196,9131387361,0.061292164,0.072344504,0.109937854,0.07642544,nan,nan,nan,nan,nan,nan,nan,nan,0
9131401620,9131397760,0.05385271,0.079730995,0.08646264,0.099953614,nan,nan,nan,nan,nan,nan,nan,nan,0
9131410481,9131407866,0.08760746,0.045538694,0.08145623,0.10539758,nan,nan,nan,nan,nan,nan,nan,nan,0
9131419972,9131417593,0.11106892,0.02249987,0.07421921,0.11221196,nan,nan,nan,nan,nan,nan,nan,nan,0
9131430392,9131427584,0.12172201,0.012856166,0.06104056,0.124381214,nan,nan,nan,nan,nan,nan,nan,nan,0
9131439881,9131437293,0.15999998,0.0,0.05234801,0.10765197,nan,nan,nan,nan,nan,nan,nan,nan,0
9131449509,9131447103,0.15999998,0.0,0.05757717,0.10242281,nan,nan,nan,nan,nan,nan,nan,nan,0
9131459965,9131456963,0.09896816,0.039437637,0.07893303,0.10266113,nan,nan,nan,nan,nan,nan,nan,nan,0
9131471440,9131467962,0.08190503,0.0597754,0.07319734,0.105122186,nan,nan,nan,nan,nan,nan,nan,nan,0
9131479867,9131477286,0.11186419,0.029913176,0.056652974,0.121569626,nan,nan,nan,nan,nan,nan,nan,nan,0
9131490335,9131487694,0.13061073,0.008344446,0.04143103,0.13961375,nan,nan,nan,nan,nan,nan,nan,nan,0
9131500727,9131498116,0.11343379,0.02253449,0.014939626,0.16909206,nan,nan,nan,nan,nan,nan,nan,nan,0
9131511478,9131507552,0.08427511,0.048813745,0.013455563,0.17345555,nan,nan,nan,nan,nan,nan,nan,nan,0
9131520126,9131517464,0.12426335,0.0030756798,0.016330475,0.17633046,nan,nan,nan,nan,nan,nan,nan,nan,0
9131530780,9131527906,0.15999998,0.0,0.012386298,0.14761369,nan,nan,nan,nan,nan,nan,nan,nan,0
9131541450,9131538204,0.14483272,0.0,0.009131983,0.16603526,nan,nan,nan,nan,nan,nan,nan,nan,0
9131549644,9131547046,0.11989941,0.0,0.040972553,0.15912801,nan,nan,nan,nan,nan,nan,nan,nan,0
9131560075,9131557467,0.1593422,0.0,0.02620655,0.13445123,nan,nan,nan,nan,nan,nan,nan,nan,0
9131570539,9131567920,0.1514449,0.0,0.025981143,0.14257391,nan,nan,nan,nan,nan,nan,nan,nan,0
9131581018,9131577820,0.14401463,0.0,0.032933608,0.14305173,nan,nan,nan,nan,nan,nan,nan,nan,0
9131590366,9131587992,0.15999998,0.0,0.042280212,0.11771977,nan,nan,nan,nan,nan,nan,nan,nan,0
9131599772,9131597399,0.14690998,0.002394061,0.044068642,0.12662727,nan,nan,nan,nan,nan,nan,nan,nan,0
9131610377,9131607755,0.12753195,0.037393194,0.031427342,0.12364748,nan,nan,nan,nan,nan,nan,nan,nan,0
9131619835,9131617249,0.14739971,0.03035381,0.038081188,0.10416526,nan,nan,nan,nan,nan,nan,nan,nan,0
9131630357,9131627910,0.1755482,0.015548202,0.06490616,0.063997425,nan,nan,nan,nan,nan,nan,nan,nan,0
9131640766,9131638155,0.18273999,0.022739986,0.07843602,0.036083996,nan,nan,nan,nan,nan,nan,nan,nan,0
9131651238,9131648068,0.17350855,0.047234733,0.06429984,0.03495683,nan,nan,nan,nan,nan,nan,nan,nan,0
9131659616,9131657049,0.13758504,0.09487595,0.058062542,0.029476423,nan,nan,nan,nan,nan,nan,nan,nan,0
9131670097,9131667698,0.12289944,0.11846577,0.036001664,0.042633083,nan,nan,nan,nan,nan,nan,nan,nan,0
9131680567,9131677754,0.08895385,0.15734074,0.010883488,0.06282188,nan,nan,nan,nan,nan,nan,nan,nan,0
9131690679,9131688030,0.019645318,0.1750282,0.0,0.12532644,nan,nan,nan,nan,nan,nan,nan,nan,0
9131700340,9131697940,0.0,0.15999998,0.0,0.15999998,nan,nan,nan,nan,nan,nan,nan,nan,0
9131710837,9131708038,0.0,0.15999997,0.0,0.15999997,nan,nan,nan,nan,nan,nan,nan,nan,0
9131722284,9131718407,7.450581e-09,0.15999997,0.0,0.15999997,nan,nan,nan,nan,nan,nan,nan,nan,0
9131730597,9131728014,0.0,0.15999997,0.0,0.15999997,nan,nan,nan,nan,nan,nan,nan,nan,0
9131740096,9131737677,0.0,0.15999998,0.0,0.15999998,nan,nan,nan,nan,nan,nan,nan,nan,0
9131750511,9131747706,0.06283895,0.041963838,0.06052593,0.15467125,nan,nan,nan,nan,nan,nan,nan,nan,0
9131760985,9131757621,0.15999998,0.0,0.084025495,0.07597449,nan,nan,nan,nan,nan,nan,nan,nan,0
9131770379,9131768009,0.15458958,0.0,0.087856755,0.07755363,nan,nan,nan,nan,nan,nan,nan,nan,0
9131781036,9131778397,0.11254041,0.0,0.10058664,0.106872916,nan,nan,nan,nan,nan,nan,nan,nan,0
9131792462,9131788395,0.102980636,0.009073002,0.076924756,0.13102157,nan,nan,nan,nan,nan,nan,nan,nan,0
9131799856,9131797483,0.10951502,0.018978858,0.053761013,0.13774507,nan,nan,nan,nan,nan,nan,nan,nan,0
9131810367,9131807941,0.13824852,0.008399168,0.048522834,0.124829456,nan,nan,nan,nan,nan,nan,nan,nan,0
9131820767,9131818126,0.15000732,0.015527845,0.035618886,0.11884591,nan,nan,nan,nan,nan,nan,nan,nan,0
9131831246,9131828038,0.15741919,0.025982833,0.027371475,0.10922646,nan,nan,nan,nan,nan,nan,nan,nan,0
9131840758,9131838134,0.1560899,0.04036327,0.030809145,0.09273766,nan,nan,nan,nan,nan,nan,nan,nan,0
9131850574,9131847953,0.10412678,0.09755422,0.023106763,0.09521219,nan,nan,nan,nan,nan,nan,nan,nan,0
9131861403,9131858794,0.06854212,0.12792723,0.0040728543,0.11945777,nan,nan,nan,nan,nan,nan,nan,nan,0
9131870540,9131868129,0.052598186,0.120997444,0.0,0.14640433,nan,nan,nan,nan,nan,nan,nan,nan,0
9131881021,9131878624,0.064086944,0.09996076,0.011759947,0.14419232,nan,nan,nan,nan,nan,nan,nan,nan,0
9131891459,9131888827,0.095838085,0.051099718,0.035861164,0.137201,nan,nan,nan,nan,nan,nan,nan,nan,0
9131901902,9131898215,0.1065624,0.028373938,0.058022518,0.12704112,nan,nan,nan,nan,nan,nan,nan,nan,0
9131910294,9131907912,0.10579117,0.025098179,0.062568404,0.12654221,nan,nan,nan,nan,nan,nan,nan,nan,0
9131920790,9131918405,0.16,0.0,0.042502757,0.117497236,nan,nan,nan,nan,nan,nan,nan,nan,0
9131931181,9131928391,0.16,0.0,0.06898287,0.091017105,nan,nan,nan,nan,nan,nan,nan,nan,0
9131941196,9131938588,0.16,0.0,0.053970274,0.10602971,nan,nan,nan,nan,nan,nan,nan,nan,0
9131950386,9131947969,0.16388318,0.0038831776,0.050700765,0.10153286,nan,nan,nan,nan,nan,nan,nan,nan,0
9131960794,9131958004,0.16600987,0.012648928,0.049886514,0.09145465,nan,nan,nan,nan,nan,nan,nan,nan,0
9131972287,9131968593,0.15152462,0.03906658,0.047966365,0.081442386,nan,nan,nan,nan,nan,nan,nan,nan,0
9131980683,9131978303,0.15033963,0.05103626,0.04026346,0.0783606,nan,nan,nan,nan,nan,nan,nan,nan,0
9131991238,9131988849,0.14703128,0.062190056,0.029205613,0.08157302,nan,nan,nan,nan,nan,nan,nan,nan,0
9132000602,9131997835,0.0984129,0.11399177,0.021134706,0.08646059,nan,nan,nan,nan,nan,nan,nan,nan,0
9132011816,9132009440,0.088266924,0.12138276,0.004590364,0.105759926,nan,nan,nan,nan,nan,nan,nan,nan,0
9132020433,9132018049,0.064336784,0.0956632,0.0,0.15999998,nan,nan,nan,nan,nan,nan,nan,nan,0
9132031160,9132028288,0.040263325,0.119736664,0.0,0.15999998,nan,nan,nan,nan,nan,nan,nan,nan,0
9132042695,9132038782,0.08884545,0.071154535,0.0,0.16,nan,nan,nan,nan,nan,nan,nan,nan,0
9132051066,9132048688,0.15309723,0.0,0.010624558,0.15627818,nan,nan,nan,nan,nan,nan,nan,nan,0
9132060531,9132058145,0.13832697,0.005072347,0.049767382,0.12683326,nan,nan,nan,nan,nan,nan,nan,nan,0
9132070902,9132068328,0.15529232,0.0,0.06963273,0.0950749,nan,nan,nan,nan,nan,nan,nan,nan,0
9132081467,9132077587,0.15999997,0.0,0.1233679,0.036632083,nan,nan,nan,nan,nan,nan,nan,nan,0
9132090898,9132088526,0.15999997,0.0,0.13524143,0.024758548,nan,nan,nan,nan,nan,nan,nan,nan,0
9132101412,9132098821,0.16923076,0.009230793,0.086806275,0.05473212,nan,nan,nan,nan,nan,nan,nan,nan,0
9132110761,9132107986,0.164014,0.03435924,0.041766815,0.07985992,nan,nan,nan,nan,nan,nan,nan,nan,0
9132120420,9132117840,0.19039598,0.030395983,0.022608073,0.07659994,nan,nan,nan,nan,nan,nan,nan,nan,0
9132130936,9132128527,0.20138323,0.041383255,0.0053169243,0.07191655,nan,nan,nan,nan,nan,nan,nan,nan,0
9132141455,9132138794,0.16294937,0.031024843,0.0,0.12602575,nan,nan,nan,nan,nan,nan,nan,nan,0
9132151862,9132148483,0.11706665,0.09102522,0.0,0.11190809,nan,nan,nan,nan,nan,nan,nan,nan,0
9132161279,9132158911,0.047216125,0.14833878,0.0,0.12444506,nan,nan,nan,nan,nan,nan,nan,nan,0
9132170701,9132168326,7.450581e-09,0.15999997,0.0,0.15999997,nan,nan,nan,nan,nan,nan,nan,nan,0
9132181203,9132178586,3.7252903e-09,0.15999997,0.0,0.16,nan,nan,nan,nan,nan,nan,nan,nan,0
9132190732,9132188157,0.016003992,0.143996,0.0,0.15999997,nan,nan,nan,nan,nan,nan,nan,nan,0
9132201409,9132198990,0.08981403,0.03474895,0.021259906,0.1741771,nan,nan,nan,nan,nan,nan,nan,nan,0
9132211829,9132209030,0.09472019,0.00396361,0.07386345,0.1474527,nan,nan,nan,nan,nan,nan,nan,nan,0
9132222329,9132218901,0.085504845,0.00420909,0.112913236,0.11737278,nan,nan,nan,nan,nan,nan,nan,nan,0
9132230701,9132228324,0.1286689,0.0,0.11112393,0.08020713,nan,nan,nan,nan,nan,nan,nan,nan,0
9132241176,9132238764,0.15999997,0.0,0.10695574,0.053044237,nan,nan,nan,nan,nan,nan,nan,nan,0
9132251605,9132249007,0.15999997,0.0,0.098891295,0.061108686,nan,nan,nan,nan,nan,nan,nan,nan,0
9132261027,9132258462,0.15598571,0.021554403,0.05246769,0.08999215,nan,nan,nan,nan,nan,nan,nan,nan,0
9132271544,9132269172,0.16780733,0.03693655,0.0073017143,0.10795437,nan,nan,nan,nan,nan,nan,nan,nan,0
9132281964,9132279156,0.17267886,0.012678891,0.0,0.13464218,nan,nan,nan,nan,nan,nan,nan,nan,0
9132292553,9132289146,0.15843341,0.009037107,0.0,0.15252945,nan,nan,nan,nan,nan,nan,nan,nan,0
9132301008,9132298433,0.11943531,0.09835102,0.0,0.102213636,nan,nan,nan,nan,nan,nan,nan,nan,0
9132311511,9132309106,0.0760421,0.14892577,0.022019614,0.073012486,nan,nan,nan,nan,nan,nan,nan,nan,0
9132321909,9132319333,0.052044313,0.16000155,0.01566365,0.092290446,nan,nan,nan,nan,nan,nan,nan,nan,0
9132332512,9132328430,0.02788628,0.14456388,0.0,0.1475498,nan,nan,nan,nan,nan,nan,nan,nan,0
9132340980,9132338571,0.044664532,0.11533545,0.0,0.16,nan,nan,nan,nan,nan,nan,nan,nan,0
9132351423,9132348632,0.0684754,0.07004414,0.018854305,0.16262612,nan,nan,nan,nan,nan,nan,nan,nan,0
9132362559,9132359354,0.082869515,0.035016865,0.039189756,0.16292383,nan,nan,nan,nan,nan,nan,nan,nan,0
9132370926,9132368554,0.13504203,0.0,0.06806463,0.116893314,nan,nan,nan,nan,nan,nan,nan,nan,0
9132381694,9132379285,0.15999997,0.0,0.14314753,0.016852455,nan,nan,nan,nan,nan,nan,nan,nan,0
9132392121,9132389488,0.15999997,0.0,0.16,0.0,nan,nan,nan,nan,nan,nan,nan,nan,0
9132402609,9132399143,0.16,0.0,0.16,0.0,nan,nan,nan,nan,nan,nan,nan,nan,0
9132411180,9132408779,0.18230636,0.022306373,0.06936387,0.04602336,nan,nan,nan,nan,nan,nan,nan,nan,0
9132421675,9132419242,0.16780937,0.06090535,0.0051804446,0.086104795,nan,nan,nan,nan,nan,nan,nan,nan,0
9132432105,9132429473,0.15944628,0.08014743,0.0020272247,0.07837902,nan,nan,nan,nan,nan,nan,nan,nan,0
9132441557,9132439135,0.11805805,0.12044678,0.0010155551,0.080479585,nan,nan,nan,nan,nan,nan,nan,nan,0
9132451993,9132449400,0.033127338,0.12801595,0.0,0.15885669,nan,nan,nan,nan,nan,nan,nan,nan,0
9132462948,9132460134,0.0036158524,0.15638414,0.0,0.15999997,nan,nan,nan,nan,nan,nan,nan,nan,0
9132473426,9132469311,0.0062837154,0.15371627,0.0,0.16,nan,nan,nan,nan,nan,nan,nan,nan,0
9132481795,9132479220,0.04057026,0.11942972,0.0,0.16,nan,nan,nan,nan,nan,nan,nan,nan,0
9132491212,9132488642,0.10713875,0.039944116,0.030793395,0.1421237,nan,nan,nan,nan,nan,nan,nan,nan,0
9132501701,9132499103,0.14328252,0.0,0.06324756,0.11346987,nan,nan,nan,nan,nan,nan,nan,nan,0
9132511309,9132508889,0.106628455,0.0052933525,0.1087144,0.099363744,nan,nan,nan,nan,nan,nan,nan,nan,0
9132521985,9132519564,0.15999997,0.0,0.11565605,0.04434392,nan,nan,nan,nan,nan,nan,nan,nan,0
9132532645,9132529807,0.16,0.0,0.15999997,0.0,nan,nan,nan,nan,nan,nan,nan,nan,0
9132542948,9132539181,0.15999995,1.8626451e-09,0.15999998,0.0,nan,nan,nan,nan,nan,nan,nan,nan,0
9132551236,9132548630,0.16927113,0.029510004,0.07422649,0.04699234,nan,nan,nan,nan,nan,nan,nan,nan,0
9132561835,9132559358,0.18489036,0.041275535,0.017292846,0.076541215,nan,nan,nan,nan,nan,nan,nan,nan,0
9132572249,9132569607,0.15027434,0.037140984,0.0,0.13258465,nan,nan,nan,nan,nan,nan,nan,nan,0
9132581698,9132579113,0.09011903,0.103312135,0.0,0.1265688,nan,nan,nan,nan,nan,nan,nan,nan,0
9132592168,9132589761,0.05067814,0.19061247,0.002072014,0.07663735,nan,nan,nan,nan,nan,nan,nan,nan,0
9132602604,9132599986,0.022263285,0.18226326,0.0,0.11547342,nan,nan,nan,nan,nan,nan,nan,nan,0
9132613121,9132609725,0.022187052,0.18218704,0.01087922,0.104746655,nan,nan,nan,nan,nan,nan,nan,nan,0
9132621562,9132618952,0.009741808,0.16974181,0.05243073,0.08808564,nan,nan,nan,nan,nan,nan,nan,nan,0
9132632256,9132629803,0.0,0.15999997,0.105173275,0.054826707,nan,nan,nan,nan,nan,nan,nan,nan,0
9132642660,9132639788,0.0,0.16,0.13439295,0.025607048,nan,nan,nan,nan,nan,nan,nan,nan,0
9132651993,9132648630,0.0,0.16,0.15674204,0.0032579582,nan,nan,nan,nan,nan,nan,nan,nan,0
9132661453,9132659077,0.032147348,0.066253245,0.19079968,0.030799694,nan,nan,nan,nan,nan,nan,nan,nan,0
9132671991,9132669579,0.078694254,0.013787746,0.18567947,0.04183849,nan,nan,nan,nan,nan,nan,nan,nan,0
9132682378,9132679771,0.07214269,0.025882538,0.14918827,0.07278647,nan,nan,nan,nan,nan,nan,nan,nan,0
9132691846,9132689464,0.0669467,0.043963283,0.124080226,0.085009746,nan,nan,nan,nan,nan,nan,nan,nan,0
9132702354,9132699900,0.115796536,0.013182496,0.10572603,0.08529489,nan,nan,nan,nan,nan,nan,nan,nan,0
9132711793,9132709180,0.16,0.0,0.08588543,0.07411455,nan,nan,nan,nan,nan,nan,nan,nan,0
9132723396,9132719518,0.12001211,0.051194903,0.0960552,0.052737754,nan,nan,nan,nan,nan,nan,nan,nan,0
9132731776,9132729398,0.08258401,0.10644382,0.11435497,0.016617164,nan,nan,nan,nan,nan,nan,nan,nan,0
9132742294,9132739859,0.07044322,0.09236918,0.15718755,0.0,nan,nan,nan,nan,nan,nan,nan,nan,0
9132752697,9132750102,0.08320551,0.07679447,0.15999998,0.0,nan,nan,nan,nan,nan,nan,nan,nan,0
9132762179,9132759803,0.05965402,0.101633534,0.15871242,0.0,nan,nan,nan,nan,nan,nan,nan,nan,0
9132771600,9132769027,0.079264715,0.124103725,0.11663154,0.0,nan,nan,nan,nan,nan,nan,nan,nan,0
9132782090,9132779472,0.09062641,0.11127987,0.09679389,0.021299789,nan,nan,nan,nan,nan,nan,nan,nan,0
9132793545,9132789841,0.07982029,0.111006066,0.08176883,0.047404774,nan,nan,nan,nan,nan,nan,nan,nan,0
9132802073,9132799674,0.052631896,0.12343677,0.06535047,0.07858083,nan,nan,nan,nan,nan,nan,nan,nan,0
9132812543,9132810137,0.04270096,0.11256092,0.062404018,0.10233407,nan,nan,nan,nan,nan,nan,nan,nan,0
9132822901,9132820122,0.03394542,0.096167974,0.078053586,0.111832984,nan,nan,nan,nan,nan,nan,nan,nan,0
9132832432,9132830051,0.016639913,0.0839651,0.110995404,0.10839955,nan,nan,nan,nan,nan,nan,nan,nan,0
9132842912,9132839367,0.0014735684,0.07155635,0.14800012,0.09896992,nan,nan,nan,nan,nan,nan,nan,nan,0
9132852252,9132849455,0.006640557,0.04345309,0.19185418,0.07805215,nan,nan,nan,nan,nan,nan,nan,nan,0
9132863732,9132860257,0.047958866,0.0,0.21602054,0.056020558,nan,nan,nan,nan,nan,nan,nan,nan,0
9132872198,9132869781,0.1102597,0.0,0.18487014,0.024870146,nan,nan,nan,nan,nan,nan,nan,nan,0
9132882834,9132880360,0.10885431,0.0,0.18557282,0.025572836,nan,nan,nan,nan,nan,nan,nan,nan,0
9132892163,9132889347,0.15564702,0.0,0.14290418,0.02144875,nan,nan,nan,nan,nan,nan,nan,nan,0
9132902655,9132899439,0.10494565,0.006694505,0.14243332,0.06592651,nan,nan,nan,nan,nan,nan,nan,nan,0
9132912030,9132909642,0.07060903,0.06563814,0.10584747,0.07790532,nan,nan,nan,nan,nan,nan,nan,nan,0
9132922562,9132919754,0.06552591,0.091450505,0.08209198,0.08093157,nan,nan,nan,nan,nan,nan,nan,nan,0
9132933825,9132930351,0.056453723,0.11775159,0.0722069,0.073587745,nan,nan,nan,nan,nan,nan,nan,nan,0
9132942290,9132939696,0.029338438,0.15510702,0.06808456,0.06746996,nan,nan,nan,nan,nan,nan,nan,nan,0
9132952786,9132950391,0.034474995,0.15225898,0.07378982,0.059476167,nan,nan,nan,nan,nan,nan,nan,nan,0
9132962142,9132959368,0.014366233,0.1666248,0.07200301,0.06700593,nan,nan,nan,nan,nan,nan,nan,nan,0
9132972311,9132969126,0.0046918453,0.16469184,0.029555934,0.121060364,nan,nan,nan,nan,nan,nan,nan,nan,0
9132982978,9132980597,0.0,0.15999998,0.052599184,0.1074008,nan,nan,nan,nan,nan,nan,nan,nan,0
9132991998,9132989608,0.035059806,0.094186045,0.066541396,0.12421272,nan,nan,nan,nan,nan,nan,nan,nan,0
9133002785,9133000011,0.017868103,0.08449723,0.07604034,0.14159429,nan,nan,nan,nan,nan,nan,nan,nan,0
9133012254,9133009857,0.0,0.12659451,0.09641929,0.096986175,nan,nan,nan,nan,nan,nan,nan,nan,0
9133022667,9133020257,0.0,0.08649221,0.17177391,0.061733857,nan,nan,nan,nan,nan,nan,nan,nan,0
9133033019,9133030244,0.06982265,0.019390307,0.1953935,0.035393514,nan,nan,nan,nan,nan,nan,nan,nan,0
9133043003,9133039512,0.13374731,0.0,0.17312634,0.01312634,nan,nan,nan,nan,nan,nan,nan,nan,0
9133052556,9133050133,0.104458295,0.0321329,0.16474746,0.018661322,nan,nan,nan,nan,nan,nan,nan,nan,0
9133062002,9133059405,0.080811135,0.07771776,0.13115777,0.030313304,nan,nan,nan,nan,nan,nan,nan,nan,0
9133072416,9133069809,0.07956441,0.099646896,0.09476785,0.046020806,nan,nan,nan,nan,nan,nan,nan,nan,0
9133082887,9133080318,0.067454085,0.12790203,0.07644679,0.04819706,nan,nan,nan,nan,nan,nan,nan,nan,0
9133092358,9133089942,0.032227527,0.17297432,0.07003862,0.04475951,nan,nan,nan,nan,nan,nan,nan,nan,0
9133102732,9133099937,0.028849073,0.18072943,0.086594425,0.023827039,nan,nan,nan,nan,nan,nan,nan,nan,0
9133114194,9133110526,0.05750946,0.15118709,0.109991804,0.0013115983,nan,nan,nan,nan,nan,nan,nan,nan,0
9133122602,9133120023,0.05692497,0.1470495,0.109737,0.006288478,nan,nan,nan,nan,nan,nan,nan,nan,0
9133132415,9133130026,0.039475545,0.1572786,0.10004568,0.023200132,nan,nan,nan,nan,nan,nan,nan,nan,0
9133143090,9133140281,0.044514555,0.14353205,0.08213165,0.0498217,nan,nan,nan,nan,nan,nan,nan,nan,0
9133153562,9133150958,0.043034665,0.13483599,0.068640195,0.07348912,nan,nan,nan,nan,nan,nan,nan,nan,0
9133163292,9133160628,0.021010187,0.14811337,0.08126775,0.069608666,nan,nan,nan,nan,nan,nan,nan,nan,0
9133173405,9133170615,0.028146269,0.13320272,0.12649146,0.032159522,nan,nan,nan,nan,nan,nan,nan,nan,0
9133183886,9133180491,0.091028616,0.06561458,0.16167837,0.0016783945,nan,nan,nan,nan,nan,nan,nan,nan,0
9133192366,9133189773,0.12455213,0.03544786,0.15999997,0.0,nan,nan,nan,nan,nan,nan,nan,nan,0
9133202814,9133200418,0.10252674,0.05747324,0.16,0.0,nan,nan,nan,nan,nan,nan,nan,nan,0
9133213257,9133210643,0.0883693,0.07163068,0.16,0.0,nan,nan,nan,nan,nan,nan,nan,nan,0
9133222878,9133219472,0.056187272,0.12116941,0.14264326,0.0,nan,nan,nan,nan,nan,nan,nan,nan,0
9133232279,9133229880,0.046608917,0.1543239,0.11906715,0.0,nan,nan,nan,nan,nan,nan,nan,nan,0
9133243055,9133240635,0.03229177,0.1782181,0.1094901,0.0,nan,nan,nan,nan,nan,nan,nan,nan,0
9133252611,9133250032,0.038404416,0.1984044,0.048709217,0.03448193,nan,nan,nan,nan,nan,nan,nan,nan,0
9133262124,9133259755,0.02575744,0.1857574,0.0,0.108485095,nan,nan,nan,nan,nan,nan,nan,nan,0
9133272609,9133270238,0.0,0.15999997,0.0,0.15999997,nan,nan,nan,nan,nan,nan,nan,nan,0
9133283062,9133280457,0.0,0.15999997,0.0,0.15999997,nan,nan,nan,nan,nan,nan,nan,nan,0
9133294590,9133290314,0.0,0.15999997,0.0,0.16,nan,nan,nan,nan,nan,nan,nan,nan,0
9133303046,9133300631,0.0,0.14086352,0.060044773,0.119091675,nan,nan,nan,nan,nan,nan,nan,nan,0
9133313123,9133310702,0.0,0.16,0.06917171,0.090828255,nan,nan,nan,nan,nan,nan,nan,nan,0
9133323540,9133320736,0.0,0.16,0.0006260723,0.15937391,nan,nan,nan,nan,nan,nan,nan,nan,0
9133332980,9133330609,0.0,0.16,0.0,0.16,nan,nan,nan,nan,nan,nan,nan,nan,0
9133342569,9133340106,0.0,0.15999997,0.0,0.16,nan,nan,nan,nan,nan,nan,nan,nan,0
9133352992,9133350168,0.0,0.16,0.0,0.15999997,nan,nan,nan,nan,nan,nan,nan,nan,0
9133364419,9133360747,0.0,0.15999997,0.028371982,0.131628,nan,nan,nan,nan,nan,nan,nan,nan,0
9133372836,9133370463,0.0,0.15999997,3.7252903e-09,0.15999998,nan,nan,nan,nan,nan,nan,nan,nan,0
9133383296,9133380691,0.0,0.16,0.0,0.16,nan,nan,nan,nan,nan,nan,nan,nan,0
9133393867,9133391041,0.046061236,0.033557896,0.12634334,0.1140375,nan,nan,nan,nan,nan,nan,nan,nan,0
9133403354,9133400930,0.16,0.0,0.15469453,0.0053054392,nan,nan,nan,nan,nan,nan,nan,nan,0
9133412773,9133410187,0.048954293,0.073228195,0.1789087,0.018908745,nan,nan,nan,nan,nan,nan,nan,nan,0
9133423207,9133420401,0.01786343,0.13185325,0.16514161,0.0051416415,nan,nan,nan,nan,nan,nan,nan,nan,0
9133434678,9133431008,0.026322275,0.1336777,0.15999998,0.0,nan,nan,nan,nan,nan,nan,nan,nan,0
9133443145,9133440718,0.008015339,0.16801533,0.103767596,0.0402017,nan,nan,nan,nan,nan,nan,nan,nan,0
9133453812,9133451421,0.008529256,0.16852926,0.03998628,0.1029552,nan,nan,nan,nan,nan,nan,nan,nan,0
9133463244,9133460464,7.450581e-09,0.15999997,0.0,0.15999998,nan,nan,nan,nan,nan,nan,nan,nan,0
9133474226,9133470709,3.7252903e-09,0.15999997,0.0,0.16,nan,nan,nan,nan,nan,nan,nan,nan,0
9133483742,9133481113,0.0,0.16,0.010541711,0.14945826,nan,nan,nan,nan,nan,nan,nan,nan,0
9133493575,9133491162,0.034551136,0.096635066,0.074964456,0.11384931,nan,nan,nan,nan,nan,nan,nan,nan,0
9133505074,9133501206,0.028243383,0.08939993,0.11949802,0.08285863,nan,nan,nan,nan,nan,nan,nan,nan,0
9133512555,9133510165,0.0,0.13514094,0.13558505,0.049273968,nan,nan,nan,nan,nan,nan,nan,nan,0
9133523211,9133520751,0.0,0.15999998,0.091141574,0.06885841,nan,nan,nan,nan,nan,nan,nan,nan,0
9133533834,9133530978,0.0,0.15999997,0.026210286,0.1337897,nan,nan,nan,nan,nan,nan,nan,nan,0
9133544516,9133540842,0.0,0.15999997,0.01225174,0.14774823,nan,nan,nan,nan,nan,nan,nan,nan,0
9133552976,9133550559,0.0,0.12489801,0.09607138,0.09903057,nan,nan,nan,nan,nan,nan,nan,nan,0
9133563701,9133561304,0.045432054,0.056264095,0.12627442,0.09202939,nan,nan,nan,nan,nan,nan,nan,nan,0
9133573071,9133570489,0.01755447,0.09536508,0.12132141,0.085759,nan,nan,nan,nan,nan,nan,nan,nan,0
9133583553,9133580984,0.0,0.16,0.08315537,0.07684461,nan,nan,nan,nan,nan,nan,nan,nan,0
9133593001,9133590421,0.012914864,0.15177642,0.08103723,0.07427145,nan,nan,nan,nan,nan,nan,nan,nan,0
9133603444,9133600854,0.03893935,0.1565029,0.06468756,0.059870146,nan,nan,nan,nan,nan,nan,nan,nan,0
9133614964,9133611094,0.03298346,0.18493827,0.050388858,0.051689386,nan,nan,nan,nan,nan,nan,nan,nan,0
9133623392,9133620819,0.033540398,0.19354036,0.0278273,0.065091886,nan,nan,nan,nan,nan,nan,nan,nan,0
9133633888,9133631483,0.032366257,0.19236623,0.0391089,0.05615856,nan,nan,nan,nan,nan,nan,nan,nan,0
9133643406,9133640765,0.028720917,0.1887209,0.050048158,0.052509993,nan,nan,nan,nan,nan,nan,nan,nan,0
9133653910,9133651275,0.023886941,0.18388692,0.027143031,0.085083075,nan,nan,nan,nan,nan,nan,nan,nan,0
9133663517,9133661091,0.016960148,0.17696011,0.027423281,0.0986564,nan,nan,nan,nan,nan,nan,nan,nan,0
9133673802,9133670990,0.005409499,0.16540946,0.07738569,0.07179529,nan,nan,nan,nan,nan,nan,nan,nan,0
9133685260,9133681393,0.0,0.16,0.07025748,0.089742504,nan,nan,nan,nan,nan,nan,nan,nan,0
9133693667,9133691292,0.0,0.15999997,0.0,0.15999998,nan,nan,nan,nan,nan,nan,nan,nan,0
9133703085,9133700504,0.0,0.16,0.0,0.15999997,nan,nan,nan,nan,nan,nan,nan,nan,0
9133713563,9133710745,0.0,0.15999998,0.014796451,0.14520353,nan,nan,nan,nan,nan,nan,nan,nan,0
9133724125,9133721690,0.0,0.07855442,0.12619711,0.11524842,nan,nan,nan,nan,nan,nan,nan,nan,0
9133733772,9133731127,0.09501858,0.0,0.11482796,0.11015342,nan,nan,nan,nan,nan,nan,nan,nan,0
9133744203,9133741381,0.12777703,0.0,0.06345144,0.12877148,nan,nan,nan,nan,nan,nan,nan,nan,0
9133754668,9133751670,0.057317898,0.04493545,0.028873319,0.1888733,nan,nan,nan,nan,nan,nan,nan,nan,0
9133763074,9133760701,0.0,0.16,0.0,0.15999997,nan,nan,nan,nan,nan,nan,nan,nan,0
9133773625,9133771234,0.0,0.16,7.450581e-09,0.15999997,nan,nan,nan,nan,nan,nan,nan,nan,0
9133784025,9133781406,0.0,0.15999997,0.0,0.16,nan,nan,nan,nan,nan,nan,nan,nan,0
9133793464,9133790289,0.02730504,0.058684785,0.06158169,0.17242844,nan,nan,nan,nan,nan,nan,nan,nan,0
9133803977,9133801532,0.053482898,0.016308479,0.13808626,0.11212232,nan,nan,nan,nan,nan,nan,nan,nan,0
9133814661,9133811263,0.09883003,0.0,0.15300137,0.06816856,nan,nan,nan,nan,nan,nan,nan,nan,0
9133823169,9133820534,0.14945969,0.0,0.12146239,0.0490779,nan,nan,nan,nan,nan,nan,nan,nan,0
9133833621,9133831024,0.12989494,0.0,0.12926036,0.060844656,nan,nan,nan,nan,nan,nan,nan,nan,0
9133844108,9133841665,0.067056686,0.0,0.1657583,0.087184966,nan,nan,nan,nan,nan,nan,nan,nan,0
9133854550,9133851925,0.16,0.0,0.15999997,7.450581e-09,nan,nan,nan,nan,nan,nan,nan,nan,0
9133865023,9133861333,0.15999997,0.0,0.16,0.0,nan,nan,nan,nan,nan,nan,nan,nan,0
9133873370,9133870991,0.0,0.11383186,0.053033873,0.15313421,nan,nan,nan,nan,nan,nan,nan,nan,0
9133883958,9133881543,0.06829356,0.05068828,0.020509074,0.18050905,nan,nan,nan,nan,nan,nan,nan,nan,0
9133894373,9133891739,0.15999997,0.0,0.16,0.0,nan,nan,nan,nan,nan,nan,nan,nan,0
9133903803,9133901426,0.15999992,0.0,0.15999998,1.4901161e-08,nan,nan,nan,nan,nan,nan,nan,nan,0
9133914264,9133911862,0.15999997,0.0,0.16,0.0,nan,nan,nan,nan,nan,nan,nan,nan,0
9133924670,9133921856,0.16632496,0.0063249823,0.14465883,0.0026911888,nan,nan,nan,nan,nan,nan,nan,nan,0
9133935184,9133931718,0.08080178,0.11588515,0.055515077,0.06779796,nan,nan,nan,nan,nan,nan,nan,nan,0
9133943614,9133941232,0.020972967,0.18097295,0.0,0.11805405,nan,nan,nan,nan,nan,nan,nan,nan,0
9133954082,9133951678,0.0,0.15999997,0.0,0.15999997,nan,nan,nan,nan,nan,nan,nan,nan,0
9133964523,9133961721,0.0,0.15999997,0.0,0.15999997,nan,nan,nan,nan,nan,nan,nan,nan,0
9133974070,9133971662,0.0,0.15999997,0.0,0.15999997,nan,nan,nan,nan,nan,nan,nan,nan,0
9133983587,9133980965,0.0,0.15999997,0.0,0.15999997,nan,nan,nan,nan,nan,nan,nan,nan,0
9133994069,9133991252,0.0,0.15999997,0.0,0.15999997,nan,nan,nan,nan,nan,nan,nan,nan,0
9134005564,9134002061,0.0,0.15999995,1.4901161e-08,0.15999998,nan,nan,nan,nan,nan,nan,nan,nan,0
9134013948,9134011563,0.0,0.15999997,0.0,0.15999997,nan,nan,nan,nan,nan,nan,nan,nan,0
9134024458,9134021885,0.0,0.15999997,0.0,0.15999997,nan,nan,nan,nan,nan,nan,nan,nan,0
9134033833,9134031060,0.0076780478,0.16767804,0.073980965,0.07066293,nan,nan,nan,nan,nan,nan,nan,nan,0
9134044414,9134041030,0.0,0.15999997,0.0,0.15999997,nan,nan,nan,nan,nan,nan,nan,nan,0
9134053843,9134051265,0.0,0.16,0.0,0.16,nan,nan,nan,nan,nan,nan,nan,nan,0
9134064333,9134061535,0.0,0.15999997,0.0,0.15999997,nan,nan,nan,nan,nan,nan,nan,nan,0
9134075910,9134072004,0.0,0.15999997,0.0,0.15999997,nan,nan,nan,nan,nan,nan,nan,nan,0
9134084333,9134081684,3.7252903e-09,0.15999997,0.0,0.15999997,nan,nan,nan,nan,nan,nan,nan,nan,0
9134094774,9134091281,0.040867787,0.20086779,0.003034111,0.075230286,nan,nan,nan,nan,nan,nan,nan,nan,0
9134104151,9134102043,0.038052123,0.19805211,0.06044409,0.023451645,nan,nan,nan,nan,nan,nan,nan,nan,0
9134114625,9134111659,0.03451116,0.19451116,0.010593388,0.08038427,nan,nan,nan,nan,nan,nan,nan,nan,0
9134124087,9134121694,0.0,0.15999997,0.0,0.16,nan,nan,nan,nan,nan,nan,nan,nan,0
9134134557,9134132153,0.038912416,0.121087566,0.0,0.15999998,nan,nan,nan,nan,nan,nan,nan,nan,0
9134144068,9134141446,0.17440192,0.014401943,0.029892966,0.10130313,nan,nan,nan,nan,nan,nan,nan,nan,0
9134154612,9134152174,0.16937336,0.009373402,0.12004428,0.021208884,nan,nan,nan,nan,nan,nan,nan,nan,0
9134164743,9134162319,0.15999998,0.0,0.15999998,0.0,nan,nan,nan,nan,nan,nan,nan,nan,0
9134174076,9134171299,0.16,0.0,0.16,0.0,nan,nan,nan,nan,nan,nan,nan,nan,0
9134185664,9134181988,0.16,0.0,0.16,0.0,nan,nan,nan,nan,nan,nan,nan,nan,0
9134194076,9134191701,0.15999998,7.450581e-09,0.15999998,0.0,nan,nan,nan,nan,nan,nan,nan,nan,0
9134204612,9134202206,0.1566244,0.06980669,0.070482716,0.02308616,nan,nan,nan,nan,nan,nan,nan,nan,0
9134215057,9134212446,0.0916283,0.1394525,0.040219683,0.048699487,nan,nan,nan,nan,nan,nan,nan,nan,0
9134224504,9134222130,0.046139915,0.181063,0.08226682,0.010530245,nan,nan,nan,nan,nan,nan,nan,nan,0
9134233980,9134231560,0.02888174,0.18888173,0.08157523,0.020661268,nan,nan,nan,nan,nan,nan,nan,nan,0
9134244810,9134241952,0.020999445,0.18099941,0.06257967,0.055421427,nan,nan,nan,nan,nan,nan,nan,nan,0
9134255382,9134252383,0.010949801,0.1709498,0.10656838,0.03153201,nan,nan,nan,nan,nan,nan,nan,nan,0
9134263991,9134261566,0.1096674,0.05033259,0.15999997,0.0,nan,nan,nan,nan,nan,nan,nan,nan,0
9134274575,9134272157,0.15999997,0.0,0.15999997,0.0,nan,nan,nan,nan,nan,nan,nan,nan,0
9134284969,9134282366,0.16,0.0,0.16,0.0,nan,nan,nan,nan,nan,nan,nan,nan,0
9134294439,9134291863,0.04516195,0.08670829,0.17406486,0.014064868,nan,nan,nan,nan,nan,nan,nan,nan,0
9134304968,9134302539,0.0,0.15999997,0.1314949,0.028505087,nan,nan,nan,nan,nan,nan,nan,nan,0
9134314636,9134312052,0.0,0.16,0.05644571,0.10355428,nan,nan,nan,nan,nan,nan,nan,nan,0
9134326104,9134322634,0.0,0.15999997,0.0,0.15999997,nan,nan,nan,nan,nan,nan,nan,nan,0
9134334643,9134332239,0.0,0.15999997,7.450581e-09,0.15999998,nan,nan,nan,nan,nan,nan,nan,nan,0
9134344146,9134341729,0.0,0.15999997,0.0,0.15999997,nan,nan,nan,nan,nan,nan,nan,nan,0
9134354668,9134352089,0.0,0.15999995,0.0,0.15999995,nan,nan,nan,nan,nan,nan,nan,nan,0
9134364147,9134361338,0.0,0.15999995,0.0,0.15999995,nan,nan,nan,nan,nan,nan,nan,nan,0
9134374631,9134372188,0.0,0.15999995,2.9802322e-08,0.15999998,nan,nan,nan,nan,nan,nan,nan,nan,0
9134385038,9134382637,0.0,0.15999997,0.0,0.15999997,nan,nan,nan,nan,nan,nan,nan,nan,0
9134394411,9134391634,0.0,0.1599999,2.9802322e-08,0.16000003,nan,nan,nan,nan,nan,nan,nan,nan,0
9134405833,9134401963,0.0,0.15999997,0.0,0.15999997,nan,nan,nan,nan,nan,nan,nan,nan,0
9134415534,9134411425,0.0,0.16,0.096607514,0.063392475,nan,nan,nan,nan,nan,nan,nan,nan,0
9134425120,9134423579,0.15999998,0.0,0.15999997,0.0,nan,nan,nan,nan,nan,nan,nan,nan,0
9134436264,9134431965,0.16,0.0,0.16,0.0,nan,nan,nan,nan,nan,nan,nan,nan,0
9134444774,9134442340,0.15999997,0.0,0.15999997,0.0,nan,nan,nan,nan,nan,nan,nan,nan,0
9134455014,9134452563,0.15999997,0.0,0.15999997,0.0,nan,nan,nan,nan,nan,nan,nan,nan,0
9134464528,9134461736,0.15999997,0.0,0.15999997,0.0,nan,nan,nan,nan,nan,nan,nan,nan,0
9134475656,9134473276,0.15999997,0.0,0.15999997,0.0,nan,nan,nan,nan,nan,nan,nan,nan,0
9134485067,9134482695,0.16,0.0,0.16,0.0,nan,nan,nan,nan,nan,nan,nan,nan,0
9134495516,9134492721,0.16,0.0,0.16,0.0,nan,nan,nan,nan,nan,nan,nan,nan,0
9134506153,9134502680,0.19695303,0.036953032,0.08609392,0.0,nan,nan,nan,nan,nan,nan,nan,nan,0
9134514831,9134512156,0.14987597,0.106611274,0.05518322,0.0083294995,nan,nan,nan,nan,nan,nan,nan,nan,0
9134524398,9134521978,0.04794905,0.20794904,0.04653092,0.017570969,nan,nan,nan,nan,nan,nan,nan,nan,0
9134535073,9134532463,0.0069346502,0.16693461,0.0,0.1461307,nan,nan,nan,nan,nan,nan,nan,nan,0
9134544899,9134542293,0.004704185,0.16470416,0.0,0.1505916,nan,nan,nan,nan,nan,nan,nan,nan,0
9134554405,9134551792,0.031895492,0.19189546,0.010806743,0.085402265,nan,nan,nan,nan,nan,nan,nan,nan,0
9134565058,9134562247,0.022173936,0.18217391,0.040396437,0.075255685,nan,nan,nan,nan,nan,nan,nan,nan,0
9134576590,9134572720,0.026187733,0.16169478,0.06548432,0.06663313,nan,nan,nan,nan,nan,nan,nan,nan,0
9134585116,9134582716,0.06421013,0.11306738,0.057976983,0.084745474,nan,nan,nan,nan,nan,nan,nan,nan,0
9134594554,9134592143,0.077574596,0.09489237,0.05166759,0.09586541,nan,nan,nan,nan,nan,nan,nan,nan,0
9134604949,9134602144,0.09110141,0.08075327,0.054868776,0.09327651,nan,nan,nan,nan,nan,nan,nan,nan,0
9134615413,9134611942,0.099826485,0.07510556,0.061958697,0.08310922,nan,nan,nan,nan,nan,nan,nan,nan,0
9134624845,9134622264,0.08634516,0.09456623,0.058277432,0.08081114,nan,nan,nan,nan,nan,nan,nan,nan,0
9134635414,9134632582,0.079333425,0.10850258,0.0682106,0.063953355,nan,nan,nan,nan,nan,nan,nan,nan,0
9134646900,9134642823,0.14013506,0.053424977,0.11952869,0.0069112387,nan,nan,nan,nan,nan,nan,nan,nan,0
9134654382,9134651959,0.16,0.0,0.15999997,0.0,nan,nan,nan,nan,nan,nan,nan,nan,0
9134664855,9134662433,0.15999997,0.0,0.16,0.0,nan,nan,nan,nan,nan,nan,nan,nan,0
9134675436,9134672801,0.08641897,0.07358101,0.15999998,0.0,nan,nan,nan,nan,nan,nan,nan,nan,0
9134685912,9134682544,0.061154228,0.09884575,0.15999998,0.0,nan,nan,nan,nan,nan,nan,nan,nan,0
9134695363,9134692960,0.05096632,0.10903366,0.15999998,0.0,nan,nan,nan,nan,nan,nan,nan,nan,0
9134704773,9134702346,0.027681544,0.18768153,0.10463689,0.0,nan,nan,nan,nan,nan,nan,nan,nan,0
9134715182,9134712581,0.05131722,0.21131718,0.010381866,0.04698369,nan,nan,nan,nan,nan,nan,nan,nan,0
9134724651,9134722062,0.046694346,0.2066943,0.0,0.06661128,nan,nan,nan,nan,nan,nan,nan,nan,0
9134735168,9134732718,0.050884783,0.21088475,0.009566404,0.04866401,nan,nan,nan,nan,nan,nan,nan,nan,0
9134745612,9134742776,0.032626525,0.1926265,0.0,0.09474693,nan,nan,nan,nan,nan,nan,nan,nan,0
9134756382,9134752886,0.005620122,0.16562009,0.0,0.14875972,nan,nan,nan,nan,nan,nan,nan,nan,0
9134764748,9134762338,0.0,0.15999997,0.0,0.15999997,nan,nan,nan,nan,nan,nan,nan,nan,0
9134775282,9134772866,0.0005142391,0.1605142,0.0,0.15897152,nan,nan,nan,nan,nan,nan,nan,nan,0
9134785642,9134782862,0.08038576,0.17193897,0.05818006,0.009495165,nan,nan,nan,nan,nan,nan,nan,nan,0
9134795092,9134792710,0.1536915,0.006308466,0.0,0.15999997,nan,nan,nan,nan,nan,nan,nan,nan,0
9134805607,9134803211,0.0,0.16000003,0.0,0.15999995,nan,nan,nan,nan,nan,nan,nan,nan,0
9134816019,9134813200,0.0,0.15999997,0.0,0.15999997,nan,nan,nan,nan,nan,nan,nan,nan,0
9134826531,9134823137,0.0,0.16,0.0,0.15999997,nan,nan,nan,nan,nan,nan,nan,nan,0
9134834876,9134832506,0.08547826,0.08781114,0.14671056,0.0,nan,nan,nan,nan,nan,nan,nan,nan,0
9134845277,9134842843,0.06925261,0.18302278,0.067724556,0.0,nan,nan,nan,nan,nan,nan,nan,nan,0
9134855862,9134853284,0.0,0.15999997,0.0,0.15999997,nan,nan,nan,nan,nan,nan,nan,nan,0
9134865555,9134863148,0.0,0.16,0.0,0.16,nan,nan,nan,nan,nan,nan,nan,nan,0
9134875013,9134872622,0.0,0.15999997,0.0,0.15999997,nan,nan,nan,nan,nan,nan,nan,nan,0
9134885416,9134882841,0.0,0.16,0.0,0.16,nan,nan,nan,nan,nan,nan,nan,nan,0
9134895773,9134892598,0.1577666,0.07942314,0.0,0.08281024,nan,nan,nan,nan,nan,nan,nan,nan,0
9134905228,9134902654,0.22048682,0.0660894,0.02644959,0.006974146,nan,nan,nan,nan,nan,nan,nan,nan,0
9134915714,9134913320,0.18428147,0.090635024,0.03196557,0.013117909,nan,nan,nan,nan,nan,nan,nan,nan,0
9134925478,9134922653,0.13512272,0.12969825,0.020099,0.035080016,nan,nan,nan,nan,nan,nan,nan,nan,0
9134935194,9134932222,0.10053681,0.15485753,0.0033752955,0.061230335,nan,nan,nan,nan,nan,nan,nan,nan,0
9134945582,9134943150,0.07768497,0.12023787,0.0,0.12207712,nan,nan,nan,nan,nan,nan,nan,nan,0
9134955932,9134953305,0.115293264,0.04470673,0.0,0.15999998,nan,nan,nan,nan,nan,nan,nan,nan,0
9134965273,9134962695,0.15999997,3.7252903e-09,0.16,0.0,nan,nan,nan,nan,nan,nan,nan,nan,0
9134974792,9134972404,0.15999997,0.0,0.15999997,0.0,nan,nan,nan,nan,nan,nan,nan,nan,0
9134985247,9134982847,0.15999997,0.0,0.15928581,0.00071417546,nan,nan,nan,nan,nan,nan,nan,nan,0
9134995603,9134993026,0.1253865,0.012130066,0.08049317,0.10199022,nan,nan,nan,nan,nan,nan,nan,nan,0
9135007387,9135003248,0.09052927,0.031612482,0.09685057,0.10100765,nan,nan,nan,nan,nan,nan,nan,nan,0
9135015825,9135013443,0.047922112,0.06432729,0.08518179,0.12256877,nan,nan,nan,nan,nan,nan,nan,nan,0
9135025219,9135022645,0.032869168,0.07402962,0.0978199,0.11528128,nan,nan,nan,nan,nan,nan,nan,nan,0
9135035674,9135033068,0.040386654,0.062830515,0.11686562,0.09991717,nan,nan,nan,nan,nan,nan,nan,nan,0
9135045205,9135042609,0.03563708,0.06662454,0.13729987,0.08043849,nan,nan,nan,nan,nan,nan,nan,nan,0
9135055648,9135053255,0.022720547,0.08149223,0.1214458,0.09434139,nan,nan,nan,nan,nan,nan,nan,nan,0
9135066092,9135063280,0.026152266,0.08290064,0.0798361,0.13111095,nan,nan,nan,nan,nan,nan,nan,nan,0
9135076583,9135073210,0.076571,0.038811833,0.059379876,0.14523725,nan,nan,nan,nan,nan,nan,nan,nan,0
9135085006,9135082629,0.16,0.0,0.071817085,0.0881829,nan,nan,nan,nan,nan,nan,nan,nan,0
9135095550,9135093165,0.16,0.0,0.12740487,0.03259512,nan,nan,nan,nan,nan,nan,nan,nan,0
9135105914,9135103137,0.15999997,0.0,0.099073686,0.060926296,nan,nan,nan,nan,nan,nan,nan,nan,0
9135116465,9135113869,0.12210974,0.007754932,0.079201415,0.11093387,nan,nan,nan,nan,nan,nan,nan,nan,0
9135125849,9135123483,0.09206819,0.040797357,0.048320796,0.13881361,nan,nan,nan,nan,nan,nan,nan,nan,0
9135136675,9135133868,0.050510522,0.08759618,0.013122792,0.16877048,nan,nan,nan,nan,nan,nan,nan,nan,0
9135147351,9135143650,0.016425345,0.128644,0.0074653174,0.16746528,nan,nan,nan,nan,nan,nan,nan,nan,0
9135155776,9135153186,0.05680234,0.09429208,0.010124706,0.15878083,nan,nan,nan,nan,nan,nan,nan,nan,0
9135165925,9135163323,0.07455705,0.08067912,0.030475732,0.13428806,nan,nan,nan,nan,nan,nan,nan,nan,0
9135176530,9135173677,0.06434608,0.09470201,0.011203969,0.14974791,nan,nan,nan,nan,nan,nan,nan,nan,0
9135185955,9135182762,0.02843003,0.13156995,0.0,0.15999998,nan,nan,nan,nan,nan,nan,nan,nan,0
9135196097,9135193458,0.08153798,0.085815325,0.0,0.15264665,nan,nan,nan,nan,nan,nan,nan,nan,0
9135205572,9135202984,0.1630366,0.003036623,0.11513973,0.03878701,nan,nan,nan,nan,nan,nan,nan,nan,0
9135217644,9135213770,0.15999997,0.0,0.16,0.0,nan,nan,nan,nan,nan,nan,nan,nan,0
9135226017,9135223450,0.16,0.0,0.13755268,0.022447307,nan,nan,nan,nan,nan,nan,nan,nan,0
9135235447,9135233075,0.15999998,0.0,0.15999998,0.0,nan,nan,nan,nan,nan,nan,nan,nan,0
9135246070,9135243274,0.15999998,0.0,0.15999997,0.0,nan,nan,nan,nan,nan,nan,nan,nan,0
9135256595,9135253401,0.15999998,0.0,0.15999998,0.0,nan,nan,nan,nan,nan,nan,nan,nan,0
9135265584,9135263178,0.15999997,0.0,0.15999997,0.0,nan,nan,nan,nan,nan,nan,nan,nan,0
9135276077,9135273433,0.16,0.0,0.16,0.0,nan,nan,nan,nan,nan,nan,nan,nan,0
9135286500,9135283890,0.0,0.15999997,0.03138122,0.12861875,nan,nan,nan,nan,nan,nan,nan,nan,0
9135297959,9135292990,0.0,0.15999997,0.0,0.16,nan,nan,nan,nan,nan,nan,nan,nan,0
9135307500,9135303634,0.06277844,0.03000478,0.12204404,0.105172694,nan,nan,nan,nan,nan,nan,nan,nan,0
9135315865,9135314386,0.059074197,0.042374123,0.055968318,0.16258332,nan,nan,nan,nan,nan,nan,nan,nan,0
9135326544,9135322645,0.01827137,0.09274557,0.02449152,0.18449152,nan,nan,nan,nan,nan,nan,nan,nan,0
9135335630,9135333263,0.045610815,0.07812956,0.018129801,0.17812979,nan,nan,nan,nan,nan,nan,nan,nan,0
9135346345,9135343696,0.05197304,0.08401998,0.012003479,0.17200345,nan,nan,nan,nan,nan,nan,nan,nan,0
9135356739,9135354123,0.09395438,0.050797023,0.009187714,0.16606086,nan,nan,nan,nan,nan,nan,nan,nan,0
9135366186,9135363602,0.09214272,0.057235084,0.020139406,0.15048276,nan,nan,nan,nan,nan,nan,nan,nan,0
9135375610,9135373234,0.10038357,0.05073192,0.069508776,0.099375695,nan,nan,nan,nan,nan,nan,nan,nan,0
9135387013,9135384241,0.10363,0.045774337,0.10234463,0.068251,nan,nan,nan,nan,nan,nan,nan,nan,0
9135397621,9135393911,0.0980683,0.045562577,0.0892323,0.08713678,nan,nan,nan,nan,nan,nan,nan,nan,0
9135406045,9135403429,0.09186091,0.042602316,0.05537079,0.13016595,nan,nan,nan,nan,nan,nan,nan,nan,0
9135416537,9135413955,0.08460309,0.03818702,0.040708877,0.15650097,nan,nan,nan,nan,nan,nan,nan,nan,0
9135427078,9135424425,0.078846976,0.03372046,0.05544207,0.15199046,nan,nan,nan,nan,nan,nan,nan,nan,0
9135436829,9135434218,0.07745583,0.029147811,0.09937297,0.11402334,nan,nan,nan,nan,nan,nan,nan,nan,0
9135446271,9135443878,0.079853676,0.02367921,0.14704803,0.06941904,nan,nan,nan,nan,nan,nan,nan,nan,0
9135456776,9135454142,0.08250712,0.018905835,0.15438642,0.06420059,nan,nan,nan,nan,nan,nan,nan,nan,0
9135468266,9135464159,0.07884619,0.023330975,0.10648355,0.111339256,nan,nan,nan,nan,nan,nan,nan,nan,0
9135475667,9135473275,0.07444403,0.032002307,0.042214304,0.17133932,nan,nan,nan,nan,nan,nan,nan,nan,0
9135486111,9135483712,0.07920734,0.03563399,0.022630217,0.18252842,nan,nan,nan,nan,nan,nan,nan,nan,0
9135496535,9135493736,0.07308956,0.05309987,0.016905278,0.17690526,nan,nan,nan,nan,nan,nan,nan,nan,0
9135506102,9135502910,0.017905083,0.12212902,0.00998294,0.16998291,nan,nan,nan,nan,nan,nan,nan,nan,0
9135516841,9135514388,0.0,0.15999997,0.0,0.16,nan,nan,nan,nan,nan,nan,nan,nan,0
9135526408,9135523943,0.0,0.15999997,0.0,0.16,nan,nan,nan,nan,nan,nan,nan,nan,0
9135537072,9135534495,0.0,0.15999997,0.0,0.15999997,nan,nan,nan,nan,nan,nan,nan,nan,0
9135546608,9135544223,0.06990518,0.090094805,0.0,0.15999998,nan,nan,nan,nan,nan,nan,nan,nan,0
9135556102,9135553484,0.12214841,0.037851576,0.16,0.0,nan,nan,nan,nan,nan,nan,nan,nan,0
9135566673,9135564013,0.13572201,0.041268095,0.14300986,0.0,nan,nan,nan,nan,nan,nan,nan,nan,0
9135578047,9135573984,0.12041076,0.059754323,0.01633345,0.12350143,nan,nan,nan,nan,nan,nan,nan,nan,0
9135586547,9135584134,0.11613351,0.060464803,0.020339523,0.12306213,nan,nan,nan,nan,nan,nan,nan,nan,0
9135596149,9135593711,0.13029297,0.04357275,0.045921143,0.100213096,nan,nan,nan,nan,nan,nan,nan,nan,0
9135606483,9135603656,0.13136779,0.03964555,0.054087255,0.09489938,nan,nan,nan,nan,nan,nan,nan,nan,0
9135617033,9135614421,0.1298092,0.03809683,0.048737563,0.10335637,nan,nan,nan,nan,nan,nan,nan,nan,0
9135626378,9135624006,0.097393356,0.06260663,0.0,0.16,nan,nan,nan,nan,nan,nan,nan,nan,0
9135636816,9135634017,0.108925365,0.05268339,0.019867687,0.13852352,nan,nan,nan,nan,nan,nan,nan,nan,0
9135647508,9135643440,0.12420893,0.033454385,0.05144382,0.11089284,nan,nan,nan,nan,nan,nan,nan,nan,0
9135656197,9135653825,0.10247174,0.05250327,0.008872132,0.15615281,nan,nan,nan,nan,nan,nan,nan,nan,0
9135666784,9135664346,0.1148931,0.03870941,0.039316066,0.12708138,nan,nan,nan,nan,nan,nan,nan,nan,0
9135677319,9135674472,0.12250266,0.029982569,0.05490221,0.11261253,nan,nan,nan,nan,nan,nan,nan,nan,0
9135686811,9135684413,0.11663106,0.034337938,0.04650735,0.12252361,nan,nan,nan,nan,nan,nan,nan,nan,0
9135696194,9135693813,0.12809385,0.013764859,0.13381968,0.04432156,nan,nan,nan,nan,nan,nan,nan,nan,0
9135706667,9135703870,0.15999997,0.0,0.15999997,0.0,nan,nan,nan,nan,nan,nan,nan,nan,0
9135718247,9135714747,0.0750114,0.0,0.20249428,0.04249429,nan,nan,nan,nan,nan,nan,nan,nan,0
9135726606,9135724239,0.076942876,0.0,0.11428496,0.12877212,nan,nan,nan,nan,nan,nan,nan,nan,0
9135737089,9135734692,0.07197043,0.0,0.08629692,0.16173261,nan,nan,nan,nan,nan,nan,nan,nan,0
9135747529,9135744727,0.05926764,0.0,0.057622157,0.20311016,nan,nan,nan,nan,nan,nan,nan,nan,0
9135756994,9135753809,0.01820384,0.0,0.07089807,0.23089805,nan,nan,nan,nan,nan,nan,nan,nan,0
9135766682,9135764232,0.049185783,0.0,0.0554071,0.21540709,nan,nan,nan,nan,nan,nan,nan,nan,0
9135777055,9135774276,0.063896775,0.0,0.079969496,0.17613369,nan,nan,nan,nan,nan,nan,nan,nan,0
9135788579,9135784702,0.068276584,0.0,0.08616351,0.16555986,nan,nan,nan,nan,nan,nan,nan,nan,0
9135796975,9135794611,0.07300663,0.0,0.08179745,0.16519588,nan,nan,nan,nan,nan,nan,nan,nan,0
9135806463,9135804079,0.07028143,0.0,0.087599374,0.16211918,nan,nan,nan,nan,nan,nan,nan,nan,0
9135816883,9135814078,0.070978805,0.0,0.08318424,0.16583689,nan,nan,nan,nan,nan,nan,nan,nan,0
9135827393,9135824388,0.07409891,0.0,0.083992176,0.16190886,nan,nan,nan,nan,nan,nan,nan,nan,0
9135836765,9135834200,0.0785045,0.003885135,0.07714863,0.1604617,nan,nan,nan,nan,nan,nan,nan,nan,0
9135847625,9135845015,0.08223583,0.0083115995,0.07380491,0.15564762,nan,nan,nan,nan,nan,nan,nan,nan,0
9135857002,9135854414,0.086245224,0.010646865,0.07252477,0.1505831,nan,nan,nan,nan,nan,nan,nan,nan,0
9135866585,9135863957,0.090073794,0.012614062,0.06662158,0.15069053,nan,nan,nan,nan,nan,nan,nan,nan,0
9135876698,9135874263,0.09206137,0.016216502,0.06312049,0.14860159,nan,nan,nan,nan,nan,nan,nan,nan,0
9135887214,9135884448,0.094338186,0.018810527,0.06212876,0.14472249,nan,nan,nan,nan,nan,nan,nan,nan,0
9135897719,9135894532,0.09834611,0.019139059,0.06063541,0.14187938,nan,nan,nan,nan,nan,nan,nan,nan,0
9135907154,9135904529,0.10146172,0.019780893,0.059382062,0.13937528,nan,nan,nan,nan,nan,nan,nan,nan,0
9135916538,9135913959,0.10277416,0.021620538,0.05444042,0.14116485,nan,nan,nan,nan,nan,nan,nan,nan,0
9135927058,9135924447,0.10453165,0.023804026,0.047192723,0.14447157,nan,nan,nan,nan,nan,nan,nan,nan,0
9135936764,9135934101,0.10768027,0.025310216,0.03528958,0.1517199,nan,nan,nan,nan,nan,nan,nan,nan,0
9135947181,9135944758,0.11040337,0.027076053,0.045783818,0.13673674,nan,nan,nan,nan,nan,nan,nan,nan,0
9135957589,9135954799,0.11226308,0.028270733,0.058969524,0.120496616,nan,nan,nan,nan,nan,nan,nan,nan,0
9135968161,9135964903,0.11409649,0.029541802,0.04588018,0.13048148,nan,nan,nan,nan,nan,nan,nan,nan,0
9135976459,9135974095,0.113769434,0.03155882,0.049277045,0.12539466,nan,nan,nan,nan,nan,nan,nan,nan,0
9135986972,9135984591,0.11183321,0.033515252,0.050537303,0.12411421,nan,nan,nan,nan,nan,nan,nan,nan,0
9135997342,9135994569,0.11177483,0.032135807,0.049039513,0.12704982,nan,nan,nan,nan,nan,nan,nan,nan,0
9136008500,9136006121,0.11330572,0.024172638,0.073074535,0.10944708,nan,nan,nan,nan,nan,nan,nan,nan,0
9136017128,9136014485,0.11066124,0.015413158,0.11244045,0.08148512,nan,nan,nan,nan,nan,nan,nan,nan,0
9136027572,9136024964,0.098170556,0.005920967,0.10710161,0.108806826,nan,nan,nan,nan,nan,nan,nan,nan,0
9136039183,9136035105,0.08961184,0.0,0.070897296,0.15949081,nan,nan,nan,nan,nan,nan,nan,nan,0
9136046635,9136044248,0.08749239,0.0,0.07095414,0.16155344,nan,nan,nan,nan,nan,nan,nan,nan,0
9136057165,9136054772,0.09384792,0.0,0.108667776,0.11748426,nan,nan,nan,nan,nan,nan,nan,nan,0
9136067589,9136064983,0.09054617,0.0,0.13024797,0.09920584,nan,nan,nan,nan,nan,nan,nan,nan,0
9136077143,9136073751,0.076025695,0.0,0.10539312,0.13858116,nan,nan,nan,nan,nan,nan,nan,nan,0
9136087723,9136085117,0.076069504,0.0,0.06453395,0.17939651,nan,nan,nan,nan,nan,nan,nan,nan,0
9136097197,9136094606,0.06874803,0.0,0.06759475,0.1836572,nan,nan,nan,nan,nan,nan,nan,nan,0
9136108039,9136105407,0.087440446,0.024131583,0.096241415,0.11218652,nan,nan,nan,nan,nan,nan,nan,nan,0
9136117538,9136114921,0.11269073,0.04706809,0.083450384,0.07679076,nan,nan,nan,nan,nan,nan,nan,nan,0
9136126911,9136124538,0.13028531,0.06849712,0.00080133975,0.120416194,nan,nan,nan,nan,nan,nan,nan,nan,0
9136137332,9136134536,0.08964229,0.070357695,0.0,0.15999997,nan,nan,nan,nan,nan,nan,nan,nan,0
9136147987,9136144109,0.08686717,0.07313281,0.0,0.15999997,nan,nan,nan,nan,nan,nan,nan,nan,0
9136157483,9136155084,0.10843578,0.0515642,0.0,0.16,nan,nan,nan,nan,nan,nan,nan,nan,0
9136166879,9136164489,0.12703094,0.04115448,0.0,0.15181455,nan,nan,nan,nan,nan,nan,nan,nan,0
9136177313,9136174508,0.08174922,0.078250766,0.0,0.16,nan,nan,nan,nan,nan,nan,nan,nan,0
9136188423,9136186006,0.045653526,0.089136235,0.012605107,0.17260508,nan,nan,nan,nan,nan,nan,nan,nan,0
9136197282,9136194905,0.06903295,0.036207765,0.027379632,0.18737961,nan,nan,nan,nan,nan,nan,nan,nan,0
9136207828,9136205035,0.08699471,0.0,0.04589381,0.18711144,nan,nan,nan,nan,nan,nan,nan,nan,0
9136219277,9136215206,0.093609266,0.0,0.09302482,0.13336587,nan,nan,nan,nan,nan,nan,nan,nan,0
9136226827,9136224459,0.10478993,0.0,0.14738631,0.06782373,nan,nan,nan,nan,nan,nan,nan,nan,0
9136237347,9136234728,0.104726665,0.0,0.13799107,0.077282205,nan,nan,nan,nan,nan,nan,nan,nan,0
9136247719,9136244911,0.10422834,0.0061353203,0.1484826,0.061153702,nan,nan,nan,nan,nan,nan,nan,nan,0
9136258166,9136255772,0.13318427,0.023239944,0.16178785,0.0017878822,nan,nan,nan,nan,nan,nan,nan,nan,0
9136267570,9136265194,0.14296897,0.057642214,0.11069491,0.008693883,nan,nan,nan,nan,nan,nan,nan,nan,0
9136278281,9136275475,0.15486279,0.07972919,0.016807634,0.06860034,nan,nan,nan,nan,nan,nan,nan,nan,0
9136288831,9136285394,0.12352596,0.050254133,0.0,0.14621988,nan,nan,nan,nan,nan,nan,nan,nan,0
9136297186,9136294614,0.08804752,0.07195245,0.0,0.16,nan,nan,nan,nan,nan,nan,nan,nan,0
9136307678,9136305279,0.11176176,0.048238207,0.0,0.16,nan,nan,nan,nan,nan,nan,nan,nan,0
9136318071,9136315474,0.14453982,0.058500543,0.0,0.11695961,nan,nan,nan,nan,nan,nan,nan,nan,0
9136328572,9136324677,0.13299818,0.044092283,0.0,0.1429095,nan,nan,nan,nan,nan,nan,nan,nan,0
9136337950,9136335377,0.12906513,0.042410888,0.0,0.14852396,nan,nan,nan,nan,nan,nan,nan,nan,0
9136347479,9136344695,0.12616503,0.035137367,0.008402777,0.15029478,nan,nan,nan,nan,nan,nan,nan,nan,0
9136359605,9136355513,0.11993787,0.027357988,0.012757287,0.15994683,nan,nan,nan,nan,nan,nan,nan,nan,0
9136367064,9136364659,0.11753844,0.02408706,0.027284626,0.15108983,nan,nan,nan,nan,nan,nan,nan,nan,0
9136377595,9136375147,0.118377276,0.022437356,0.06072098,0.11846436,nan,nan,nan,nan,nan,nan,nan,nan,0
9136388044,9136385223,0.12239941,0.02153621,0.0778692,0.09819514,nan,nan,nan,nan,nan,nan,nan,nan,0
9136398587,9136395219,0.12446233,0.022968616,0.07327037,0.09929863,nan,nan,nan,nan,nan,nan,nan,nan,0
9136408124,9136405506,0.12718917,0.026604448,0.086337574,0.079868756,nan,nan,nan,nan,nan,nan,nan,nan,0
9136417489,9136415106,0.13263977,0.034063954,0.11077883,0.042517398,nan,nan,nan,nan,nan,nan,nan,nan,0
9136427987,9136425348,0.13917296,0.040568043,0.101726495,0.038532477,nan,nan,nan,nan,nan,nan,nan,nan,0
9136437623,9136434952,0.13983838,0.041965988,0.050396476,0.08779912,nan,nan,nan,nan,nan,nan,nan,nan,0
9136447401,9136444981,0.13121785,0.044118054,0.0,0.14466405,nan,nan,nan,nan,nan,nan,nan,nan,0
9136457844,9136455023,0.12772164,0.04019803,0.005506646,0.14657365,nan,nan,nan,nan,nan,nan,nan,nan,0
9136469429,9136465528,0.12710181,0.031361096,0.033732437,0.12780462,nan,nan,nan,nan,nan,nan,nan,nan,0
9136477820,9136475441,0.122049294,0.024546063,0.02899384,0.14441077,nan,nan,nan,nan,nan,nan,nan,nan,0
9136488344,9136485940,0.11527208,0.016126335,0.026944801,0.16165677,nan,nan,nan,nan,nan,nan,nan,nan,0
9136498734,9136495922,0.10926221,0.009740239,0.030259775,0.17073774,nan,nan,nan,nan,nan,nan,nan,nan,0
9136508433,9136505850,0.10528946,0.005998956,0.031098528,0.17761302,nan,nan,nan,nan,nan,nan,nan,nan,0
9136517838,9136515264,0.10706855,0.003630869,0.054270662,0.15502988,nan,nan,nan,nan,nan,nan,nan,nan,0
9136528430,9136525810,0.11145249,0.006333638,0.06577012,0.13644372,nan,nan,nan,nan,nan,nan,nan,nan,0
9136539185,9136535734,0.11515617,0.012489781,0.04544297,0.14691104,nan,nan,nan,nan,nan,nan,nan,nan,0
9136547997,9136545607,0.12096957,0.017418463,0.035020743,0.1465912,nan,nan,nan,nan,nan,nan,nan,nan,0
9136557486,9136554896,0.12846011,0.024127314,0.057965916,0.109446615,nan,nan,nan,nan,nan,nan,nan,nan,0
9136567978,9136565328,0.14001708,0.034226216,0.06318986,0.082566805,nan,nan,nan,nan,nan,nan,nan,nan,0
9136578429,9136575827,0.14967386,0.04338669,0.038740262,0.08819915,nan,nan,nan,nan,nan,nan,nan,nan,0
9136587851,9136585459,0.15051869,0.049528025,0.0151053,0.10484795,nan,nan,nan,nan,nan,nan,nan,nan,0
9136598362,9136595525,0.14839384,0.048268117,0.00021119602,0.12312681,nan,nan,nan,nan,nan,nan,nan,nan,0
9136609965,9136606075,0.14548229,0.04242876,0.005951939,0.12613697,nan,nan,nan,nan,nan,nan,nan,nan,0
9136617322,9136614750,0.14215633,0.035808783,0.016523663,0.12551118,nan,nan,nan,nan,nan,nan,nan,nan,0
9136627775,9136625376,0.13522565,0.024039933,0.019402554,0.14133182,nan,nan,nan,nan,nan,nan,nan,nan,0
9136638142,9136635561,0.12565565,0.01186253,0.030425169,0.1520566,nan,nan,nan,nan,nan,nan,nan,nan,0
9136647616,9136644844,0.11745764,0.0013271216,0.046201155,0.15501404,nan,nan,nan,nan,nan,nan,nan,nan,0
9136658075,9136655669,0.116582915,0.0,0.057668522,0.14574853,nan,nan,nan,nan,nan,nan,nan,nan,0
9136668582,9136666154,0.10804029,0.0,0.06340176,0.14855792,nan,nan,nan,nan,nan,nan,nan,nan,0
9136679004,9136676363,0.10816921,0.0,0.06065983,0.15117091,nan,nan,nan,nan,nan,nan,nan,nan,0
9136688459,9136685883,0.11431258,0.0,0.05941496,0.14627242,nan,nan,nan,nan,nan,nan,nan,nan,0
9136698037,9136695438,0.11217801,0.0014846306,0.05004777,0.15628955,nan,nan,nan,nan,nan,nan,nan,nan,0
9136708579,9136705947,0.120023444,0.00994557,0.05872345,0.1313075,nan,nan,nan,nan,nan,nan,nan,nan,0
9136718971,9136715802,0.13299532,0.021653116,0.09657218,0.06877933,nan,nan,nan,nan,nan,nan,nan,nan,0
9136728414,9136726042,0.14560477,0.037614875,0.09013777,0.04664255,nan,nan,nan,nan,nan,nan,nan,nan,0
9136737896,9136735311,0.15190525,0.048731744,0.041204832,0.07815813,nan,nan,nan,nan,nan,nan,nan,nan,0
9136748451,9136745665,0.15490685,0.051165946,0.0,0.11392717,nan,nan,nan,nan,nan,nan,nan,nan,0
9136757936,9136755356,0.13352668,0.031285986,0.0,0.1551873,nan,nan,nan,nan,nan,nan,nan,nan,0
9136768454,9136766076,0.14241081,0.04216806,0.0,0.13542108,nan,nan,nan,nan,nan,nan,nan,nan,0
9136779031,9136776171,0.14425187,0.0410749,0.013101683,0.12157152,nan,nan,nan,nan,nan,nan,nan,nan,0
9136789529,9136786099,0.14076741,0.03217712,0.018316776,0.12873866,nan,nan,nan,nan,nan,nan,nan,nan,0
9136797844,9136795477,0.13534182,0.021933388,0.022019621,0.14070514,nan,nan,nan,nan,nan,nan,nan,nan,0
9136808415,9136806033,0.12611619,0.0127154505,0.029482566,0.15168576,nan,nan,nan,nan,nan,nan,nan,nan,0
9136818796,9136816005,0.11690084,0.0070739966,0.042685412,0.15333971,nan,nan,nan,nan,nan,nan,nan,nan,0
9136828253,9136825862,0.111831605,0.0014915522,0.054002784,0.15267402,nan,nan,nan,nan,nan,nan,nan,nan,0
9136838731,9136836362,0.11125126,0.0,0.05805596,0.15069275,nan,nan,nan,nan,nan,nan,nan,nan,0
9136849158,9136846160,0.11039336,0.0012501758,0.07516376,0.13319267,nan,nan,nan,nan,nan,nan,nan,nan,0
9136859746,9136856350,0.11854404,0.0027437042,0.074318066,0.12439415,nan,nan,nan,nan,nan,nan,nan,nan,0
9136868357,9136865782,0.12695302,0.011487455,0.08231935,0.09924014,nan,nan,nan,nan,nan,nan,nan,nan,0
9136878980,9136876555,0.14217561,0.03785988,0.11407557,0.025888897,nan,nan,nan,nan,nan,nan,nan,nan,0
9136888342,9136885766,0.15347368,0.056846533,0.10967976,0.0,nan,nan,nan,nan,nan,nan,nan,nan,0
9136898826,9136895458,0.18100178,0.08977487,0.039275263,0.009948049,nan,nan,nan,nan,nan,nan,nan,nan,0
9136908331,9136905957,0.18764217,0.09431562,0.0,0.038042177,nan,nan,nan,nan,nan,nan,nan,nan,0
9136918856,9136916086,0.14090133,0.04397244,0.0,0.1351262,nan,nan,nan,nan,nan,nan,nan,nan,0
9136930404,9136926522,0.13036384,0.034733687,0.0,0.15490244,nan,nan,nan,nan,nan,nan,nan,nan,0
9136938804,9136936427,0.16404587,0.061695054,0.0,0.094259046,nan,nan,nan,nan,nan,nan,nan,nan,0
9136948506,9136946095,0.17210926,0.055797957,0.01448933,0.07760341,nan,nan,nan,nan,nan,nan,nan,nan,0
9136959154,9136956519,0.15129627,0.032096643,0.02090929,0.11569776,nan,nan,nan,nan,nan,nan,nan,nan,0
9136969598,9136966209,0.12637158,0.013101281,0.020547602,0.1599795,nan,nan,nan,nan,nan,nan,nan,nan,0
9136979055,9136976652,0.10947052,0.0,0.04545165,0.16314422,nan,nan,nan,nan,nan,nan,nan,nan,0
9136988476,9136986102,0.10757825,0.0,0.054389015,0.15401429,nan,nan,nan,nan,nan,nan,nan,nan,0
9136998899,9136996104,0.105348215,0.0,0.060021777,0.14867358,nan,nan,nan,nan,nan,nan,nan,nan,0
9137008403,9137005814,0.10553864,0.0,0.07451321,0.13190314,nan,nan,nan,nan,nan,nan,nan,nan,0
9137018856,9137016446,0.10510411,0.0,0.072766945,0.13219392,nan,nan,nan,nan,nan,nan,nan,nan,0
9137029471,9137026568,0.10562125,0.0,0.06622521,0.13621813,nan,nan,nan,nan,nan,nan,nan,nan,0
9137040151,9137036436,0.100915864,0.0,0.06540607,0.13980062,nan,nan,nan,nan,nan,nan,nan,nan,0
9137048564,9137046159,0.1079288,0.019375809,0.09216997,0.08452161,nan,nan,nan,nan,nan,nan,nan,nan,0
9137058984,9137056591,0.13002224,0.046021007,0.08043245,0.04549607,nan,nan,nan,nan,nan,nan,nan,nan,0
9137069363,9137066771,0.14982243,0.06051206,0.007464038,0.08219965,nan,nan,nan,nan,nan,nan,nan,nan,0
9137078929,9137076515,0.13296562,0.03435696,0.0,0.13073097,nan,nan,nan,nan,nan,nan,nan,nan,0
9137088375,9137085988,0.12674704,0.02571242,0.0,0.14350769,nan,nan,nan,nan,nan,nan,nan,nan,0
9137098859,9137096064,0.13949491,0.04133659,0.0,0.11309966,nan,nan,nan,nan,nan,nan,nan,nan,0
9137110389,9137106677,0.14653815,0.045064166,0.0050683375,0.095311694,nan,nan,nan,nan,nan,nan,nan,nan,0
9137118794,9137116209,0.14101316,0.028840192,0.011851542,0.108382866,nan,nan,nan,nan,nan,nan,nan,nan,0
9137129301,9137126880,0.12756738,0.013481744,0.035853565,0.11116986,nan,nan,nan,nan,nan,nan,nan,nan,0
9137139664,9137137078,0.112304665,0.003598907,0.041765854,0.12828052,nan,nan,nan,nan,nan,nan,nan,nan,0
9137149309,9137146739,0.10877716,0.0,0.027822359,0.14744405,nan,nan,nan,nan,nan,nan,nan,nan,0
9137158844,9137156460,0.0852119,0.0,0.027871385,0.16882606,nan,nan,nan,nan,nan,nan,nan,nan,0
9137169289,9137166454,0.083086856,0.0,0.028424006,0.16835886,nan,nan,nan,nan,nan,nan,nan,nan,0
9137180766,9137176859,0.10866298,0.0,0.028436214,0.14083835,nan,nan,nan,nan,nan,nan,nan,nan,0
9137189137,9137186765,0.106804706,0.0009248154,0.030219492,0.1380443,nan,nan,nan,nan,nan,nan,nan,nan,0
9137198774,9137196360,0.11719632,0.025446672,0.046807695,0.08454382,nan,nan,nan,nan,nan,nan,nan,nan,0
9137209327,9137206702,0.13629721,0.046310157,0.08930613,0.0,nan,nan,nan,nan,nan,nan,nan,nan,0
9137218698,9137215726,0.11710055,0.03027217,0.122559585,0.0,nan,nan,nan,nan,nan,nan,nan,nan,0
9137229251,9137226799,0.14408715,0.06281631,0.06110984,0.0,nan,nan,nan,nan,nan,nan,nan,nan,0
9137239565,9137237153,0.15760554,0.076548204,0.0,0.031791158,nan,nan,nan,nan,nan,nan,nan,nan,0
9137248935,9137246330,0.11044425,0.022677973,0.0,0.13101788,nan,nan,nan,nan,nan,nan,nan,nan,0
9137258366,9137255973,0.10400369,0.026959054,0.0,0.13096273,nan,nan,nan,nan,nan,nan,nan,nan,0
9137268834,9137266435,0.14502539,0.032410577,0.0,0.08241871,nan,nan,nan,nan,nan,nan,nan,nan,0
9137279890,9137277251,0.18059406,0.06640203,0.0,0.011023194,nan,nan,nan,nan,nan,nan,nan,nan,0
9137290423,9137286753,0.13716286,0.014934778,0.0,0.10399303,nan,nan,nan,nan,nan,nan,nan,nan,0
9137298883,9137296488,0.09724185,0.029757302,0.0,0.12699914,nan,nan,nan,nan,nan,nan,nan,nan,0
9137309369,9137306973,0.08275337,0.0408768,0.0011436864,0.12706122,nan,nan,nan,nan,nan,nan,nan,nan,0
9137319745,9137316967,0.033027463,0.0432752,0.024332339,0.14929968,nan,nan,nan,nan,nan,nan,nan,nan,0
9137329245,9137326621,0.044249535,0.0,0.039872155,0.163866,nan,nan,nan,nan,nan,nan,nan,nan,0
9137339050,9137336640,0.08251093,0.0,0.02021721,0.14316256,nan,nan,nan,nan,nan,nan,nan,nan,0
9137349611,9137346810,0.08695212,0.0,0.017496914,0.13944286,nan,nan,nan,nan,nan,nan,nan,nan,0
9137361086,9137357016,0.10740726,0.0,0.049391177,0.085162655,nan,nan,nan,nan,nan,nan,nan,nan,0
9137368596,9137365996,0.1119384,0.0,0.038777262,0.089241624,nan,nan,nan,nan,nan,nan,nan,nan,0
9137379009,9137376635,0.079646915,0.0,0.019657366,0.138619,nan,nan,nan,nan,nan,nan,nan,nan,0
9137389483,9137386870,0.100637026,0.0016439827,0.034049813,0.09955127,nan,nan,nan,nan,nan,nan,nan,nan,0
9137399988,9137397595,0.12133253,0.017424587,0.04956819,0.045760773,nan,nan,nan,nan,nan,nan,nan,nan,0
9137409495,9137407102,0.13383697,0.029925378,0.02854851,0.039647423,nan,nan,nan,nan,nan,nan,nan,nan,0
9137419860,9137417275,0.14276783,0.0355805,0.016711239,0.03485171,nan,nan,nan,nan,nan,nan,nan,nan,0
9137430364,9137427360,0.14150855,0.03337224,0.0,0.052885503,nan,nan,nan,nan,nan,nan,nan,nan,0
9137438726,9137436143,0.10939744,0.0035349876,0.0,0.112932436,nan,nan,nan,nan,nan,nan,nan,nan,0
9137449506,9137447057,0.098682374,0.013232764,0.0,0.11191514,nan,nan,nan,nan,nan,nan,nan,nan,0
9137459941,9137457119,0.10346095,0.0074456707,0.0,0.11090663,nan,nan,nan,nan,nan,nan,nan,nan,0
9137470437,9137466535,0.11262549,0.0026113614,0.0,0.10481983,nan,nan,nan,nan,nan,nan,nan,nan,0
9137479863,9137477480,0.110617295,0.0016803705,0.013607498,0.0919687,nan,nan,nan,nan,nan,nan,nan,nan,0
9137489255,9137486472,0.107930735,0.0,0.029427102,0.07850362,nan,nan,nan,nan,nan,nan,nan,nan,0
9137500811,9137497419,0.106989145,0.0,0.029157959,0.07783118,nan,nan,nan,nan,nan,nan,nan,nan,0
9137509297,9137506709,0.10589464,0.0,0.034159914,0.07173473,nan,nan,nan,nan,nan,nan,nan,nan,0
9137519977,9137517324,0.10499543,0.0,0.041378647,0.06361678,nan,nan,nan,nan,nan,nan,nan,nan,0
9137529650,9137526939,0.10390073,0.0,0.053589873,0.050310858,nan,nan,nan,nan,nan,nan,nan,nan,0
9137540976,9137537015,0.10297173,0.0,0.06359619,0.03937556,nan,nan,nan,nan,nan,nan,nan,nan,0
9137550235,9137547814,0.10191023,0.0,0.07316938,0.028740859,nan,nan,nan,nan,nan,nan,nan,nan,0
9137559573,9137556982,0.100948736,0.0,0.09569177,0.0052569723,nan,nan,nan,nan,nan,nan,nan,nan,0
9137570022,9137567417,0.09178164,0.0006302523,0.060051937,0.047418457,nan,nan,nan,nan,nan,nan,nan,nan,0
9137579473,9137576872,0.03674071,0.062120534,0.0,0.09886125,nan,nan,nan,nan,nan,nan,nan,nan,0
9137589937,9137587526,9.313226e-10,0.097944446,0.0,0.09794444,nan,nan,nan,nan,nan,nan,nan,nan,0
9137600334,9137597743,0.026941223,0.069959715,0.0,0.09690093,nan,nan,nan,nan,nan,nan,nan,nan,0
9137610806,9137607132,0.08338366,0.012571781,0.0,0.09595544,nan,nan,nan,nan,nan,nan,nan,nan,0
9137620116,9137617657,0.10095427,0.0060642348,0.0031777113,0.07958385,nan,nan,nan,nan,nan,nan,nan,nan,0
9137629914,9137627325,0.0944107,0.0005423673,0.008212125,0.08457148,nan,nan,nan,nan,nan,nan,nan,nan,0
9137640342,9137637549,0.09292944,0.0,0.0077453777,0.08518406,nan,nan,nan,nan,nan,nan,nan,nan,0
9137649976,9137647598,0.09187694,0.0,0.007325745,0.08455119,nan,nan,nan,nan,nan,nan,nan,nan,0
9137659381,9137657012,0.09091014,0.0,0.0006892532,0.09022088,nan,nan,nan,nan,nan,nan,nan,nan,0
9137669831,9137667030,0.06068343,0.0050632935,0.012070509,0.101958245,nan,nan,nan,nan,nan,nan,nan,nan,0
9137681309,9137677638,0.05203531,0.017949995,0.0094487695,0.098331615,nan,nan,nan,nan,nan,nan,nan,nan,0
9137689684,9137687304,0.06139931,0.0160276,0.0052572642,0.0931987,nan,nan,nan,nan,nan,nan,nan,nan,0
9137700254,9137697599,0.08693964,0.0,0.022210829,0.06472881,nan,nan,nan,nan,nan,nan,nan,nan,0
9137709965,9137707374,0.08587885,9.313226e-10,0.085878834,0.0,nan,nan,nan,nan,nan,nan,nan,nan,0
9137720772,9137718364,0.08491224,7.450581e-09,0.08491224,0.0,nan,nan,nan,nan,nan,nan,nan,nan,0
9137730150,9137727772,0.08388272,1.4901161e-08,0.083882734,0.0,nan,nan,nan,nan,nan,nan,nan,nan,0
9137739615,9137737006,0.08290525,0.0,0.08290523,0.0,nan,nan,nan,nan,nan,nan,nan,nan,0
9137751153,9137747746,0.08180625,0.0,0.08180625,0.0,nan,nan,nan,nan,nan,nan,nan,nan,0
9137759526,9137756961,0.058375135,0.0426597,0.0,0.06069605,nan,nan,nan,nan,nan,nan,nan,nan,0
9137770128,9137767748,0.0,0.08178885,0.0,0.08178884,nan,nan,nan,nan,nan,nan,nan,nan,0
9137780574,9137777964,0.0,0.082862854,0.0,0.082862854,nan,nan,nan,nan,nan,nan,nan,nan,0
9137790087,9137786592,7.450581e-09,0.08378435,0.0,0.083784334,nan,nan,nan,nan,nan,nan,nan,nan,0
9137799534,9137797141,0.021526422,0.06333663,0.0,0.08486305,nan,nan,nan,nan,nan,nan,nan,nan,0
9137810062,9137807644,0.08588466,0.0,0.08588466,0.0,nan,nan,nan,nan,nan,nan,nan,nan,0
9137820431,9137817830,0.08674747,0.0,0.08674744,0.0,nan,nan,nan,nan,nan,nan,nan,nan,0
9137829846,9137827280,0.08780234,0.0,0.08780234,0.0,nan,nan,nan,nan,nan,nan,nan,nan,0
9137840323,9137837726,0.0,0.08885266,0.0,0.088852644,nan,nan,nan,nan,nan,nan,nan,nan,0
9137850720,9137848126,0.0,0.08987124,0.0,0.08987127,nan,nan,nan,nan,nan,nan,nan,nan,0
9137861230,9137857733,0.090816244,0.0,0.090816244,0.0,nan,nan,nan,nan,nan,nan,nan,nan,0
9137870024,9137867608,0.09186086,0.0,0.09186086,0.0,nan,nan,nan,nan,nan,nan,nan,nan,0
9137879797,9137877416,0.08779756,0.008256599,0.08974754,0.0,nan,nan,nan,nan,nan,nan,nan,nan,0
9137890178,9137887382,0.09386155,0.0,0.09386155,0.0,nan,nan,nan,nan,nan,nan,nan,nan,0
9137899633,9137897064,0.081598006,0.008756388,0.05707792,0.04226579,nan,nan,nan,nan,nan,nan,nan,nan,0
9137910141,9137907542,0.09582986,0.0,0.03434798,0.061481874,nan,nan,nan,nan,nan,nan,nan,nan,0
9137920496,9137917722,0.086947426,0.0,0.007596463,0.09910901,nan,nan,nan,nan,nan,nan,nan,nan,0
9137931097,9137927920,0.083740845,0.004060522,0.004996642,0.102791294,nan,nan,nan,nan,nan,nan,nan,nan,0
9137939592,9137937014,0.08325264,0.008245237,0.003672287,0.10251473,nan,nan,nan,nan,nan,nan,nan,nan,0
9137950150,9137947773,0.088619545,0.008087497,0.0015767032,0.10143715,nan,nan,nan,nan,nan,nan,nan,nan,0
9137960310,9137957653,0.09882621,0.002367669,0.0016238529,0.09894277,nan,nan,nan,nan,nan,nan,nan,nan,0
9137970782,9137968374,0.09945024,0.004847951,0.004331239,0.09494988,nan,nan,nan,nan,nan,nan,nan,nan,0
9137980197,9137977618,0.101863354,0.0032912116,0.013262652,0.08731389,nan,nan,nan,nan,nan,nan,nan,nan,0
9137990632,9137987841,0.10221109,0.0012939399,0.028938424,0.07526366,nan,nan,nan,nan,nan,nan,nan,nan,0
9138002094,9137998226,0.10492565,0.0,0.035353467,0.06957218,nan,nan,nan,nan,nan,nan,nan,nan,0
9138009614,9138007221,0.105850056,0.0,0.03477207,0.07107799,nan,nan,nan,nan,nan,nan,nan,nan,0
9138020064,9138017644,0.106216334,0.0,0.02918753,0.07834085,nan,nan,nan,nan,nan,nan,nan,nan,0
9138030624,9138027960,0.1051925,0.0,0.029312573,0.08131664,nan,nan,nan,nan,nan,nan,nan,nan,0
9138041148,9138037750,0.10258306,0.0,0.037169755,0.0778679,nan,nan,nan,nan,nan,nan,nan,nan,0
9138050600,9138048218,0.105474755,0.0,0.049148805,0.06508175,nan,nan,nan,nan,nan,nan,nan,nan,0
9138060986,9138058180,0.106607944,0.0,0.04809563,0.06706494,nan,nan,nan,nan,nan,nan,nan,nan,0
9138071439,9138068242,0.10206768,0.0,0.035382338,0.086276494,nan,nan,nan,nan,nan,nan,nan,nan,0
9138079810,9138077439,0.10338921,0.0,0.048010793,0.07442011,nan,nan,nan,nan,nan,nan,nan,nan,0
9138090271,9138087867,0.08928951,0.010666732,0.1056376,0.02221867,nan,nan,nan,nan,nan,nan,nan,nan,0
9138100944,9138098317,0.057793986,0.054688644,0.11612738,0.001214913,nan,nan,nan,nan,nan,nan,nan,nan,0
9138110819,9138107847,0.005253672,0.12108582,0.025302883,0.08002194,nan,nan,nan,nan,nan,nan,nan,nan,0
9138120237,9138117846,0.0,0.11687496,0.0,0.116874956,nan,nan,nan,nan,nan,nan,nan,nan,0
9138130811,9138128420,0.0,0.11791995,0.0,0.11791995,nan,nan,nan,nan,nan,nan,nan,nan,0
9138140272,9138137646,0.0,0.118872955,0.0,0.11887297,nan,nan,nan,nan,nan,nan,nan,nan,0
9138150704,9138148106,0.0,0.11987287,0.0,0.11987287,nan,nan,nan,nan,nan,nan,nan,nan,0
9138160164,9138157748,0.0,0.120930254,0.0,0.120930254,nan,nan,nan,nan,nan,nan,nan,nan,0
9138171558,9138168574,0.0,0.121852875,0.0,0.12185286,nan,nan,nan,nan,nan,nan,nan,nan,0
9138182069,9138178206,0.032206617,0.090692244,0.0,0.122898854,nan,nan,nan,nan,nan,nan,nan,nan,0
9138190472,9138188099,0.12386307,0.0,0.12386307,0.0,nan,nan,nan,nan,nan,nan,nan,nan,0
9138200922,9138198522,0.124945655,0.0,0.12494567,0.0,nan,nan,nan,nan,nan,nan,nan,nan,0
9138210468,9138207847,0.12590884,0.0,0.12590884,0.0,nan,nan,nan,nan,nan,nan,nan,nan,0
9138220938,9138218337,0.12689815,0.0,0.12689815,0.0,nan,nan,nan,nan,nan,nan,nan,nan,0
9138230343,9138227933,0.12794046,0.0,0.12794046,0.0,nan,nan,nan,nan,nan,nan,nan,nan,0
9138240823,9138238005,0.12887298,1.4901161e-08,0.12887298,0.0,nan,nan,nan,nan,nan,nan,nan,nan,0
9138252288,9138248594,0.12992197,0.0,0.12992194,0.0,nan,nan,nan,nan,nan,nan,nan,nan,0
9138260700,9138258124,0.13088158,0.0,0.13088158,0.0,nan,nan,nan,nan,nan,nan,nan,nan,0
9138271169,9138268768,0.03040255,0.08172252,0.045181707,0.10647075,nan,nan,nan,nan,nan,nan,nan,nan,0
9138280647,9138277796,0.0,0.13294767,0.0,0.13294767,nan,nan,nan,nan,nan,nan,nan,nan,0
9138291095,9138287594,0.0,0.13390067,0.012071674,0.121829,nan,nan,nan,nan,nan,nan,nan,nan,0
9138300548,9138298163,0.028885221,0.08518731,0.0962973,0.05956032,nan,nan,nan,nan,nan,nan,nan,nan,0
9138311176,9138308594,0.13586788,0.0,0.13586788,0.0,nan,nan,nan,nan,nan,nan,nan,nan,0
9138322708,9138318608,0.13684767,0.0,0.13684767,0.0,nan,nan,nan,nan,nan,nan,nan,nan,0
9138330111,9138327729,0.13790457,0.0,0.1379046,0.0,nan,nan,nan,nan,nan,nan,nan,nan,0
9138340572,9138338163,0.13894767,0.0,0.106144264,0.032803394,nan,nan,nan,nan,nan,nan,nan,nan,0
9138351403,9138348823,0.0,0.13994908,0.0,0.13994905,nan,nan,nan,nan,nan,nan,nan,nan,0
9138360865,9138357394,0.057085752,0.047304854,0.019447604,0.15788414,nan,nan,nan,nan,nan,nan,nan,nan,0
9138371433,9138368779,0.09591442,0.012552783,0.04423514,0.13110678,nan,nan,nan,nan,nan,nan,nan,nan,0
9138381035,9138378634,0.080719545,0.031847183,0.05348717,0.119887225,nan,nan,nan,nan,nan,nan,nan,nan,0
9138391478,9138388881,0.11051436,0.0048484355,0.07867993,0.093612604,nan,nan,nan,nan,nan,nan,nan,nan,0
9138400978,9138398408,0.096839026,0.021942455,0.07242929,0.09872155,nan,nan,nan,nan,nan,nan,nan,nan,0
9138410507,9138408105,0.10983646,0.011712108,0.08154607,0.08880867,nan,nan,nan,nan,nan,nan,nan,nan,0
9138420859,9138418084,0.10730371,0.017212134,0.07735403,0.09208283,nan,nan,nan,nan,nan,nan,nan,nan,0
9138432362,9138428494,0.11009241,0.017659923,0.077387705,0.090718076,nan,nan,nan,nan,nan,nan,nan,nan,0
9138440807,9138438426,0.11101636,0.019472927,0.07755258,0.08975563,nan,nan,nan,nan,nan,nan,nan,nan,0
9138451324,9138448706,0.11035948,0.022235028,0.07610199,0.0910968,nan,nan,nan,nan,nan,nan,nan,nan,0
9138461913,9138459098,0.114199966,0.020274699,0.077463135,0.08993749,nan,nan,nan,nan,nan,nan,nan,nan,0
9138471380,9138469008,0.11472785,0.021422887,0.080017805,0.08769317,nan,nan,nan,nan,nan,nan,nan,nan,0
9138480815,9138478441,0.116070196,0.021398894,0.088997394,0.07945122,nan,nan,nan,nan,nan,nan,nan,nan,0
9138491253,9138488440,0.11934339,0.018180948,0.11194329,0.0585285,nan,nan,nan,nan,nan,nan,nan,nan,0
9138502902,9138498704,0.1233409,0.0115410285,0.1478511,0.0272451,nan,nan,nan,nan,nan,nan,nan,nan,0
9138510460,9138508028,0.13022876,0.0022840435,0.16764215,0.011709786,nan,nan,nan,nan,nan,nan,nan,nan,0
9138521113,9138518673,0.11663289,0.01631023,0.16892684,0.011994573,nan,nan,nan,nan,nan,nan,nan,nan,0
9138531717,9138528910,0.11588878,0.018074535,0.1390573,0.04289674,nan,nan,nan,nan,nan,nan,nan,nan,0
9138541494,9138539004,0.11274065,0.020514539,0.104926415,0.07960052,nan,nan,nan,nan,nan,nan,nan,nan,0
9138551095,9138548676,0.10793651,0.024665866,0.07203238,0.11527636,nan,nan,nan,nan,nan,nan,nan,nan,0
9138561556,9138558520,0.105544984,0.02695414,0.058312763,0.12918808,nan,nan,nan,nan,nan,nan,nan,nan,0
9138572201,9138568970,0.1077695,0.026288567,0.06671042,0.119231485,nan,nan,nan,nan,nan,nan,nan,nan,0
9138580650,9138578253,0.11311272,0.0220676,0.07501112,0.109808534,nan,nan,nan,nan,nan,nan,nan,nan,0
9138591135,9138588701,0.11418818,0.021032657,0.084425986,0.10035314,nan,nan,nan,nan,nan,nan,nan,nan,0
9138601573,9138598949,0.114029095,0.021093808,0.090280846,0.09459621,nan,nan,nan,nan,nan,nan,nan,nan,0
9138612095,9138608683,0.11508119,0.020320369,0.09203976,0.092558645,nan,nan,nan,nan,nan,nan,nan,nan,0
9138621540,9138619127,0.11369231,0.022308003,0.09040558,0.09359406,nan,nan,nan,nan,nan,nan,nan,nan,0
9138631212,9138628608,0.11351449,0.023351042,0.087084234,0.0960502,nan,nan,nan,nan,nan,nan,nan,nan,0
9138642717,9138639218,0.116499126,0.022099536,0.090405524,0.09099577,nan,nan,nan,nan,nan,nan,nan,nan,0
9138651086,9138648511,0.119263954,0.021716762,0.10774632,0.071272925,nan,nan,nan,nan,nan,nan,nan,nan,0
9138661563,9138659168,0.12108024,0.024792472,0.14105305,0.03307418,nan,nan,nan,nan,nan,nan,nan,nan,0
9138672036,9138669418,0.15999998,0.0,0.15999997,0.0,nan,nan,nan,nan,nan,nan,nan,nan,0
9138682637,9138678941,0.16,0.0,0.15999997,0.0,nan,nan,nan,nan,nan,nan,nan,nan,0
9138691220,9138688848,0.15999997,0.0,0.15999997,0.0,nan,nan,nan,nan,nan,nan,nan,nan,0
9138700864,9138698478,0.15999997,0.0,0.15999997,1.4901161e-08,nan,nan,nan,nan,nan,nan,nan,nan,0
9138711476,9138708793,0.16,0.0,0.15999997,0.0,nan,nan,nan,nan,nan,nan,nan,nan,0
9138721042,9138718464,0.10982214,0.00030368753,0.15374145,0.056132697,nan,nan,nan,nan,nan,nan,nan,nan,0
9138731509,9138729111,0.10919766,0.0,0.10680367,0.10399863,nan,nan,nan,nan,nan,nan,nan,nan,0
9138742055,9138739250,0.06919165,0.0,0.0811578,0.16965052,nan,nan,nan,nan,nan,nan,nan,nan,0
9138752579,9138749104,0.030069906,0.03199332,0.04896838,0.20896836,nan,nan,nan,nan,nan,nan,nan,nan,0
9138760991,9138758587,0.02195634,0.037991814,0.050025918,0.2100259,nan,nan,nan,nan,nan,nan,nan,nan,0
9138771441,9138769046,0.0095629655,0.04098488,0.054726068,0.21472603,nan,nan,nan,nan,nan,nan,nan,nan,0
9138781833,9138779242,0.0,0.08198617,0.03900691,0.1990069,nan,nan,nan,nan,nan,nan,nan,nan,0
9138791373,9138788964,0.0,0.0598887,0.050055645,0.21005562,nan,nan,nan,nan,nan,nan,nan,nan,0
9138801134,9138798730,0.08693503,0.0,0.08605796,0.14700699,nan,nan,nan,nan,nan,nan,nan,nan,0
9138812494,9138809693,0.08791202,0.0,0.18025598,0.051831953,nan,nan,nan,nan,nan,nan,nan,nan,0
9138822979,9138819508,0.07456891,0.0,0.18325979,0.062171258,nan,nan,nan,nan,nan,nan,nan,nan,0
9138831382,9138828783,0.07615787,0.0,0.1873269,0.056515213,nan,nan,nan,nan,nan,nan,nan,nan,0
9138841915,9138839509,0.082084015,0.0,0.17554966,0.062366277,nan,nan,nan,nan,nan,nan,nan,nan,0
9138852291,9138849657,0.08765821,0.004801456,0.18014304,0.04739726,nan,nan,nan,nan,nan,nan,nan,nan,0
9138861734,9138858340,0.124990895,0.0,0.17750454,0.017504541,nan,nan,nan,nan,nan,nan,nan,nan,0
9138871173,9138868767,0.16,0.0,0.15999997,0.0,nan,nan,nan,nan,nan,nan,nan,nan,0
9138881507,9138878664,0.15999998,0.0,0.15999997,0.0,nan,nan,nan,nan,nan,nan,nan,nan,0
9138893112,9138889640,0.16,0.0,0.15999997,0.0,nan,nan,nan,nan,nan,nan,nan,nan,0
9138901487,9138899116,0.12304294,0.036957037,0.15999997,0.0,nan,nan,nan,nan,nan,nan,nan,nan,0
9138911997,9138909403,0.12556642,0.053774357,0.101876,0.038783185,nan,nan,nan,nan,nan,nan,nan,nan,0
9138922432,9138919834,0.12797835,0.048445277,0.046017278,0.09755906,nan,nan,nan,nan,nan,nan,nan,nan,0
9138932978,9138929248,0.12215649,0.046173327,0.01138062,0.14028953,nan,nan,nan,nan,nan,nan,nan,nan,0
9138941415,9138938991,0.11782613,0.040211163,0.0208617,0.14110097,nan,nan,nan,nan,nan,nan,nan,nan,0
9138951796,9138949424,0.11823242,0.02509113,0.024569679,0.15210673,nan,nan,nan,nan,nan,nan,nan,nan,0
9138962386,9138959764,0.111551024,0.014968334,0.02020214,0.17327848,nan,nan,nan,nan,nan,nan,nan,nan,0
9138972110,9138969708,0.10549688,0.0075220596,0.071406126,0.13557489,nan,nan,nan,nan,nan,nan,nan,nan,0
9138981567,9138979198,0.10003697,0.005785318,0.13742444,0.076753244,nan,nan,nan,nan,nan,nan,nan,nan,0
9138992197,9138989413,0.09552242,0.008814694,0.15114781,0.06451504,nan,nan,nan,nan,nan,nan,nan,nan,0
9139002762,9138999327,0.09564874,0.011698062,0.16698687,0.045666292,nan,nan,nan,nan,nan,nan,nan,nan,0
9139012173,9139009768,0.09803483,0.016265886,0.17033847,0.035360783,nan,nan,nan,nan,nan,nan,nan,nan,0
9139021633,9139019248,0.10277867,0.020069603,0.16897291,0.028178763,nan,nan,nan,nan,nan,nan,nan,nan,0
9139032067,9139029244,0.112078644,0.024124794,0.17189825,0.011898271,nan,nan,nan,nan,nan,nan,nan,nan,0
9139041496,9139038911,0.13842641,0.012233527,0.16467,0.0046700225,nan,nan,nan,nan,nan,nan,nan,nan,0
9139052168,9139049543,0.15999998,0.0,0.15999998,0.0,nan,nan,nan,nan,nan,nan,nan,nan,0
9139062645,9139059822,0.14949574,0.010504246,0.15999998,0.0,nan,nan,nan,nan,nan,nan,nan,nan,0
9139073165,9139069722,0.12501153,0.047004923,0.1479835,0.0,nan,nan,nan,nan,nan,nan,nan,nan,0
9139081558,9139079147,0.12610832,0.05260588,0.11474185,0.026543919,nan,nan,nan,nan,nan,nan,nan,nan,0
9139091985,9139089388,0.12994702,0.050574463,0.09177833,0.047700148,nan,nan,nan,nan,nan,nan,nan,nan,0
9139102364,9139099562,0.12999795,0.04865568,0.07362638,0.06771996,nan,nan,nan,nan,nan,nan,nan,nan,0
9139112056,9139109656,0.12783396,0.045988213,0.07001171,0.07616607,nan,nan,nan,nan,nan,nan,nan,nan,0
9139121461,9139119082,0.12674476,0.04020264,0.07622933,0.07682324,nan,nan,nan,nan,nan,nan,nan,nan,0
9139132102,9139129249,0.12415564,0.032841273,0.079689786,0.08331326,nan,nan,nan,nan,nan,nan,nan,nan,0
9139143718,9139140017,0.12084566,0.02471686,0.10019666,0.07424079,nan,nan,nan,nan,nan,nan,nan,nan,0
9139152099,9139149510,0.11636078,0.020375265,0.1294287,0.05383522,nan,nan,nan,nan,nan,nan,nan,nan,0
9139162611,9139160196,0.111583844,0.01700884,0.13552354,0.055883728,nan,nan,nan,nan,nan,nan,nan,nan,0
9139172590,9139169767,0.1078629,0.015352359,0.13957,0.057214692,nan,nan,nan,nan,nan,nan,nan,nan,0
9139182050,9139178665,0.10517329,0.016007481,0.14684512,0.051974088,nan,nan,nan,nan,nan,nan,nan,nan,0
9139191726,9139189329,0.103955045,0.0182253,0.15043268,0.047386937,nan,nan,nan,nan,nan,nan,nan,nan,0
9139202173,9139199768,0.10447185,0.02087532,0.16500872,0.029644087,nan,nan,nan,nan,nan,nan,nan,nan,0
9139213740,9139210039,0.11562482,0.014371988,0.17500158,0.015001587,nan,nan,nan,nan,nan,nan,nan,nan,0
9139221686,9139219300,0.13125163,0.0065274322,0.17111045,0.011110461,nan,nan,nan,nan,nan,nan,nan,nan,0
9139232146,9139229733,0.1424493,0.009395814,0.16407742,0.0040774285,nan,nan,nan,nan,nan,nan,nan,nan,0
9139242692,9139240068,0.16,0.0,0.16,0.0,nan,nan,nan,nan,nan,nan,nan,nan,0
9139253130,9139249727,0.16,0.0,0.15999997,0.0,nan,nan,nan,nan,nan,nan,nan,nan,0
9139262554,9139260137,0.16,7.450581e-09,0.15999994,0.0,nan,nan,nan,nan,nan,nan,nan,nan,0
9139271889,9139269504,0.15999997,0.0,0.15999997,0.0,nan,nan,nan,nan,nan,nan,nan,nan,0
9139282572,9139279967,0.16,0.0,0.15999997,0.0,nan,nan,nan,nan,nan,nan,nan,nan,0
9139292542,9139289950,0.15999998,7.450581e-09,0.15999995,0.0,nan,nan,nan,nan,nan,nan,nan,nan,0
9139302060,9139299653,0.16,0.0,0.16,0.0,nan,nan,nan,nan,nan,nan,nan,nan,0
9139312483,9139309681,0.15999997,0.0,0.15999998,0.0,nan,nan,nan,nan,nan,nan,nan,nan,0
9139323967,9139320079,0.15999997,0.0,0.09088743,0.06911256,nan,nan,nan,nan,nan,nan,nan,nan,0
9139332390,9139330004,0.047367368,0.0832501,0.05941134,0.12997116,nan,nan,nan,nan,nan,nan,nan,nan,0
9139341853,9139339464,0.0,0.16,0.0,0.15999998,nan,nan,nan,nan,nan,nan,nan,nan,0
9139352370,9139349552,0.0,0.15999997,0.0,0.15999998,nan,nan,nan,nan,nan,nan,nan,nan,0
9139362850,9139360454,0.0,0.15999997,7.450581e-09,0.15999998,nan,nan,nan,nan,nan,nan,nan,nan,0
9139372273,9139369672,0.029297497,0.06815232,0.04209063,0.18045951,nan,nan,nan,nan,nan,nan,nan,nan,0
9139382903,9139380297,0.15999998,0.0,0.1434134,0.016586587,nan,nan,nan,nan,nan,nan,nan,nan,0
9139394375,9139390273,0.15999997,0.0,0.10293397,0.05706602,nan,nan,nan,nan,nan,nan,nan,nan,0
9139401754,9139399350,0.08828151,0.0,0.19585922,0.035859235,nan,nan,nan,nan,nan,nan,nan,nan,0
9139412257,9139409819,0.16,0.0,0.16,0.0,nan,nan,nan,nan,nan,nan,nan,nan,0
9139422905,9139419991,0.16,0.0,0.15999997,0.0,nan,nan,nan,nan,nan,nan,nan,nan,0
9139432768,9139429289,0.15999997,0.0,0.16,0.0,nan,nan,nan,nan,nan,nan,nan,nan,0
9139442540,9139440092,0.15999997,0.0,0.16,0.0,nan,nan,nan,nan,nan,nan,nan,nan,0
9139452353,9139449571,0.16,0.0,0.15999997,0.0,nan,nan,nan,nan,nan,nan,nan,nan,0
9139463792,9139460430,0.15999997,0.0,0.15999997,0.0,nan,nan,nan,nan,nan,nan,nan,nan,0
9139472132,9139469664,0.15999997,0.0,0.16,0.0,nan,nan,nan,nan,nan,nan,nan,nan,0
9139482439,9139479992,0.13947214,0.004950905,0.16778845,0.00778847,nan,nan,nan,nan,nan,nan,nan,nan,0
9139493224,9139490430,0.110335395,0.035167515,0.14753713,0.026959933,nan,nan,nan,nan,nan,nan,nan,nan,0
9139502777,9139499306,0.10747706,0.035855096,0.085675865,0.090991944,nan,nan,nan,nan,nan,nan,nan,nan,0
9139512279,9139509836,0.103650115,0.034773298,0.07072619,0.11085036,nan,nan,nan,nan,nan,nan,nan,nan,0
9139522988,9139520340,0.10511821,0.026004024,0.08565287,0.10322486,nan,nan,nan,nan,nan,nan,nan,nan,0
9139532512,9139529915,0.105654754,0.016457994,0.086425535,0.11146168,nan,nan,nan,nan,nan,nan,nan,nan,0
9139542426,9139539828,0.09644364,0.016652312,0.08946957,0.11743444,nan,nan,nan,nan,nan,nan,nan,nan,0
9139553099,9139550443,0.08954112,0.018266939,0.11866823,0.093523666,nan,nan,nan,nan,nan,nan,nan,nan,0
9139562572,9139559942,0.09116258,0.015736941,0.14666516,0.06643529,nan,nan,nan,nan,nan,nan,nan,nan,0
9139574057,9139570186,0.089540094,0.01893122,0.14766449,0.06386416,nan,nan,nan,nan,nan,nan,nan,nan,0
9139582580,9139580136,0.08935019,0.02400356,0.14845574,0.058190472,nan,nan,nan,nan,nan,nan,nan,nan,0
9139592984,9139590381,0.09626641,0.023591483,0.15914033,0.041001745,nan,nan,nan,nan,nan,nan,nan,nan,0
9139603388,9139600574,0.10153924,0.024160426,0.16607459,0.028225716,nan,nan,nan,nan,nan,nan,nan,nan,0
9139612877,9139610291,0.10501922,0.025664229,0.16720021,0.022116318,nan,nan,nan,nan,nan,nan,nan,nan,0
9139622339,9139619929,0.10673285,0.027621517,0.16914588,0.016499704,nan,nan,nan,nan,nan,nan,nan,nan,0
9139632765,9139629938,0.10874566,0.027988309,0.171633,0.011633007,nan,nan,nan,nan,nan,nan,nan,nan,0
9139644342,9139640632,0.09595818,0.042864192,0.16360448,0.017573114,nan,nan,nan,nan,nan,nan,nan,nan,0
9139652880,9139650470,0.052032445,0.090595365,0.12921317,0.048158985,nan,nan,nan,nan,nan,nan,nan,nan,0
9139663559,9139661127,0.012466552,0.13794577,0.09303195,0.07655569,nan,nan,nan,nan,nan,nan,nan,nan,0
9139672785,9139670169,0.011536353,0.14795189,0.074708655,0.08580306,nan,nan,nan,nan,nan,nan,nan,nan,0
9139683292,9139680882,0.06054852,0.109509654,0.094456874,0.055484913,nan,nan,nan,nan,nan,nan,nan,nan,0
9139692654,9139690267,0.13342254,0.036009073,0.15056835,0.0,nan,nan,nan,nan,nan,nan,nan,nan,0
9139703059,9139700261,0.15999997,0.0,0.15999997,0.0,nan,nan,nan,nan,nan,nan,nan,nan,0
9139714585,9139710910,0.16,0.0,0.16,0.0,nan,nan,nan,nan,nan,nan,nan,nan,0
9139722980,9139720609,0.16,0.0,0.16,0.0,nan,nan,nan,nan,nan,nan,nan,nan,0
9139733678,9139731064,0.16,0.0,0.16,0.0,nan,nan,nan,nan,nan,nan,nan,nan,0
9139743393,9139740560,0.03803385,0.09919145,0.12106816,0.061706502,nan,nan,nan,nan,nan,nan,nan,nan,0
9139753823,9139750397,0.0,0.15999997,0.05660491,0.10339507,nan,nan,nan,nan,nan,nan,nan,nan,0
9139763286,9139760875,0.15999997,0.0,0.16,0.0,nan,nan,nan,nan,nan,nan,nan,nan,0
9139773749,9139770908,0.13607512,0.0,0.17196243,0.011962425,nan,nan,nan,nan,nan,nan,nan,nan,0
9139784181,9139780964,0.1363921,0.0,0.17180392,0.01180394,nan,nan,nan,nan,nan,nan,nan,nan,0
9139792550,9139789982,0.15999997,0.0,0.16,0.0,nan,nan,nan,nan,nan,nan,nan,nan,0
9139803057,9139800648,0.08568178,0.0,0.1584569,0.075861275,nan,nan,nan,nan,nan,nan,nan,nan,0
9139813479,9139810658,0.08648224,0.0,0.15572695,0.07779076,nan,nan,nan,nan,nan,nan,nan,nan,0
9139823584,9139820076,0.06508213,0.0,0.20122486,0.053692967,nan,nan,nan,nan,nan,nan,nan,nan,0
9139833469,9139830883,0.053104743,0.0,0.21344762,0.05344762,nan,nan,nan,nan,nan,nan,nan,nan,0
9139843016,9139840625,0.0,0.1115904,0.16880527,0.039604284,nan,nan,nan,nan,nan,nan,nan,nan,0
9139853443,9139850843,0.0,0.16,0.070015594,0.08998437,nan,nan,nan,nan,nan,nan,nan,nan,0
9139862875,9139860310,0.0,0.15999998,0.007168032,0.15283194,nan,nan,nan,nan,nan,nan,nan,nan,0
9139873364,9139870987,0.0,0.16,0.022817506,0.13718247,nan,nan,nan,nan,nan,nan,nan,nan,0
9139883859,9139881084,0.0,0.15999997,0.08419582,0.075804174,nan,nan,nan,nan,nan,nan,nan,nan,0
9139894567,9139890862,0.041872222,0.11544412,0.10643643,0.056247193,nan,nan,nan,nan,nan,nan,nan,nan,0
9139903113,9139900687,0.13308218,0.037510913,0.112553395,0.03685348,nan,nan,nan,nan,nan,nan,nan,nan,0
9139913245,9139910859,0.15999998,0.0,0.15999998,0.0,nan,nan,nan,nan,nan,nan,nan,nan,0
9139923722,9139920923,0.15999995,0.0,0.15999995,0.0,nan,nan,nan,nan,nan,nan,nan,nan,0
9139933006,9139930625,0.15999997,0.0,0.15999997,0.0,nan,nan,nan,nan,nan,nan,nan,nan,0
9139943537,9139941126,0.15999998,1.4901161e-08,0.15999995,0.0,nan,nan,nan,nan,nan,nan,nan,nan,0
9139953976,9139951141,0.15999995,0.0,0.16000001,0.0,nan,nan,nan,nan,nan,nan,nan,nan,0
9139964493,9139961297,0.15999997,0.0,0.15999997,0.0,nan,nan,nan,nan,nan,nan,nan,nan,0
9139972864,9139970494,0.0,0.15999998,3.7252903e-09,0.15999998,nan,nan,nan,nan,nan,nan,nan,nan,0
9139983322,9139980919,0.0,0.15999997,0.0029099807,0.15709001,nan,nan,nan,nan,nan,nan,nan,nan,0
9139993841,9139991258,0.15924804,0.0,0.16037594,0.00037596747,nan,nan,nan,nan,nan,nan,nan,nan,0
9140003257,9140000687,0.094682455,0.045928687,0.15992855,0.019460274,nan,nan,nan,nan,nan,nan,nan,nan,0
9140013384,9140010965,0.09859719,0.042862616,0.13980937,0.038730785,nan,nan,nan,nan,nan,nan,nan,nan,0
9140023285,9140020500,0.12123791,0.020622302,0.15783578,0.020303965,nan,nan,nan,nan,nan,nan,nan,nan,0
9140034863,9140031393,0.10167161,0.041792277,0.16580969,0.010726382,nan,nan,nan,nan,nan,nan,nan,nan,0
9140043559,9140040965,0.12806888,0.017314622,0.16730823,0.007308236,nan,nan,nan,nan,nan,nan,nan,nan,0
9140053224,9140050641,0.1103571,0.037980106,0.16504714,0.0066156206,nan,nan,nan,nan,nan,nan,nan,nan,0
9140063708,9140061110,0.14794704,0.005717447,0.16316772,0.0031677464,nan,nan,nan,nan,nan,nan,nan,nan,0
9140073848,9140070610,0.15999998,3.7252903e-09,0.15999997,0.0,nan,nan,nan,nan,nan,nan,nan,nan,0
9140083195,9140080824,0.16,0.0,0.15999997,0.0,nan,nan,nan,nan,nan,nan,nan,nan,0
9140093684,9140091108,0.15999997,0.0,0.15999997,0.0,nan,nan,nan,nan,nan,nan,nan,nan,0
9140103406,9140100830,0.16,7.450581e-09,0.15999998,0.0,nan,nan,nan,nan,nan,nan,nan,nan,0
9140112847,9140110472,0.15999997,0.0,0.15999997,0.0,nan,nan,nan,nan,nan,nan,nan,nan,0
9140123532,9140121139,0.13137825,0.028621733,0.16,0.0,nan,nan,nan,nan,nan,nan,nan,nan,0
9140133940,9140131142,0.13557567,0.0602543,0.12417,0.0,nan,nan,nan,nan,nan,nan,nan,nan,0
9140144787,9140141082,0.13260145,0.059903674,0.11015666,0.017338185,nan,nan,nan,nan,nan,nan,nan,nan,0
9140153203,9140150802,0.11944176,0.06483868,0.10014169,0.03557784,nan,nan,nan,nan,nan,nan,nan,nan,0
9140163808,9140161408,0.117199086,0.058439396,0.09399132,0.050370164,nan,nan,nan,nan,nan,nan,nan,nan,0
9140174203,9140171413,0.12152583,0.043582235,0.0799592,0.074932694,nan,nan,nan,nan,nan,nan,nan,nan,0
9140184348,9140181951,0.11685307,0.034338415,0.06905837,0.0997501,nan,nan,nan,nan,nan,nan,nan,nan,0
9140193589,9140191167,0.10573362,0.032966852,0.06451152,0.11678797,nan,nan,nan,nan,nan,nan,nan,nan,0
9140204515,9140201692,0.09619065,0.032895714,0.09426064,0.09665296,nan,nan,nan,nan,nan,nan,nan,nan,0
9140214585,9140210835,0.0962669,0.028900797,0.14324321,0.051589057,nan,nan,nan,nan,nan,nan,nan,nan,0
9140223424,9140220821,0.098061725,0.02547252,0.1715046,0.02496112,nan,nan,nan,nan,nan,nan,nan,nan,0
9140234010,9140231585,0.13290216,0.0,0.17354888,0.013548914,nan,nan,nan,nan,nan,nan,nan,nan,0
9140244825,9140242163,0.15999997,0.0,0.16,0.0,nan,nan,nan,nan,nan,nan,nan,nan,0
9140254233,9140251562,0.15999997,0.0,0.15999997,0.0,nan,nan,nan,nan,nan,nan,nan,nan,0
9140263994,9140261532,0.15307795,0.0,0.16346098,0.0034610108,nan,nan,nan,nan,nan,nan,nan,nan,0
9140274563,9140271703,0.15599556,0.004004419,0.16,0.0,nan,nan,nan,nan,nan,nan,nan,nan,0
9140285130,9140281749,0.14148054,0.018519439,0.16,0.0,nan,nan,nan,nan,nan,nan,nan,nan,0
9140293635,9140291026,0.05707287,0.10292711,0.15999998,0.0,nan,nan,nan,nan,nan,nan,nan,nan,0
9140303441,9140301038,0.013087756,0.17308772,0.068924874,0.064899586,nan,nan,nan,nan,nan,nan,nan,nan,0
9140313927,9140311300,0.0,0.15999997,0.0,0.15999997,nan,nan,nan,nan,nan,nan,nan,nan,0
9140324435,9140320957,0.0,0.15999997,0.0,0.15999997,nan,nan,nan,nan,nan,nan,nan,nan,0
9140333861,9140331480,0.0,0.15999997,0.0,0.16,nan,nan,nan,nan,nan,nan,nan,nan,0
9140344348,9140341738,0.024748169,0.18474817,0.0039412826,0.10656235,nan,nan,nan,nan,nan,nan,nan,nan,0
9140355763,9140351900,0.072821036,0.13496727,0.06993938,0.042272292,nan,nan,nan,nan,nan,nan,nan,nan,0
9140363166,9140360785,0.1785532,0.021078926,0.0854169,0.034950934,nan,nan,nan,nan,nan,nan,nan,nan,0
9140373657,9140371248,0.16,0.0,0.15999997,0.0,nan,nan,nan,nan,nan,nan,nan,nan,0
9140384270,9140381648,0.15999997,0.0,0.15999997,0.0,nan,nan,nan,nan,nan,nan,nan,nan,0
9140394752,9140391560,0.16,0.0,0.16,0.0,nan,nan,nan,nan,nan,nan,nan,nan,0
9140404150,9140401742,0.16,0.0,0.16,0.0,nan,nan,nan,nan,nan,nan,nan,nan,0
9140414574,9140411963,0.15999997,0.0,0.15999997,0.0,nan,nan,nan,nan,nan,nan,nan,nan,0
9140423960,9140421147,0.072600484,0.018919706,0.19423985,0.034239896,nan,nan,nan,nan,nan,nan,nan,nan,0
9140433405,9140431012,0.0,0.13246977,0.13949026,0.048039943,nan,nan,nan,nan,nan,nan,nan,nan,0
9140443886,9140441472,0.0,0.16,0.07055273,0.08944726,nan,nan,nan,nan,nan,nan,nan,nan,0
9140454286,9140451648,0.0,0.15999997,0.025272379,0.1347276,nan,nan,nan,nan,nan,nan,nan,nan,0
9140465859,9140461566,0.0,0.15999998,0.05312566,0.10687433,nan,nan,nan,nan,nan,nan,nan,nan,0
9140474281,9140471690,0.02657016,0.115562715,0.129248,0.048619095,nan,nan,nan,nan,nan,nan,nan,nan,0
9140483747,9140481323,0.093301475,0.059711535,0.16135852,0.005628434,nan,nan,nan,nan,nan,nan,nan,nan,0
9140494764,9140492175,0.13301599,0.026983988,0.15999997,0.0,nan,nan,nan,nan,nan,nan,nan,nan,0
9140504188,9140501533,0.14792748,0.012072504,0.15999998,0.0,nan,nan,nan,nan,nan,nan,nan,nan,0
9140513565,9140511181,0.15681882,0.00318116,0.15999998,0.0,nan,nan,nan,nan,nan,nan,nan,nan,0
9140525174,9140522120,0.16,0.0,0.15999997,0.0,nan,nan,nan,nan,nan,nan,nan,nan,0
9140536181,9140532060,0.15999997,0.0,0.15999997,0.0,nan,nan,nan,nan,nan,nan,nan,nan,0
9140543701,9140541290,0.15999997,0.0,0.16,0.0,nan,nan,nan,nan,nan,nan,nan,nan,0
9140554215,9140551759,0.1487239,0.011276067,0.16,0.0,nan,nan,nan,nan,nan,nan,nan,nan,0
9140564602,9140561976,0.109983206,0.06297651,0.14704023,0.0,nan,nan,nan,nan,nan,nan,nan,nan,0
9140574206,9140571207,0.07252525,0.11325391,0.11964596,0.01457485,nan,nan,nan,nan,nan,nan,nan,nan,0
9140583699,9140581303,0.0511567,0.13600755,0.10976949,0.023066223,nan,nan,nan,nan,nan,nan,nan,nan,0
9140594557,9140591749,0.032760087,0.15494741,0.10748756,0.024804894,nan,nan,nan,nan,nan,nan,nan,nan,0
9140606061,9140602379,0.013411588,0.17341158,0.09829368,0.034883127,nan,nan,nan,nan,nan,nan,nan,nan,0
9140614485,9140612101,0.011853772,0.17185375,0.08039565,0.055896793,nan,nan,nan,nan,nan,nan,nan,nan,0
9140623939,9140621324,0.009094794,0.16909476,0.06415221,0.07765817,nan,nan,nan,nan,nan,nan,nan,nan,0
9140634496,9140631850,0.004807941,0.16480793,0.021688603,0.1286955,nan,nan,nan,nan,nan,nan,nan,nan,0
9140643937,9140641114,0.0,0.15999997,0.0,0.15999997,nan,nan,nan,nan,nan,nan,nan,nan,0
9140654354,9140651946,0.0,0.15999997,0.0,0.16,nan,nan,nan,nan,nan,nan,nan,nan,0
9140664850,9140662445,0.0,0.15999997,0.0,0.16,nan,nan,nan,nan,nan,nan,nan,nan,0
9140674202,9140671420,0.0,0.15999997,0.0,0.16,nan,nan,nan,nan,nan,nan,nan,nan,0
9140683672,9140681303,0.0,0.15999997,0.0,0.15999997,nan,nan,nan,nan,nan,nan,nan,nan,0
9140694606,9140692234,0.0,0.15999997,0.0,0.16,nan,nan,nan,nan,nan,nan,nan,nan,0
9140705102,9140702506,0.0,0.15999997,0.0,0.16,nan,nan,nan,nan,nan,nan,nan,nan,0
9140715636,9140712135,0.0,0.15999997,0.0,0.16,nan,nan,nan,nan,nan,nan,nan,nan,0
9140726058,9140721534,0.021651408,0.10013798,0.052035235,0.14617534,nan,nan,nan,nan,nan,nan,nan,nan,0
9140734469,9140732088,0.15999997,0.0,0.13706422,0.022935763,nan,nan,nan,nan,nan,nan,nan,nan,0
9140745035,9140742586,0.15999997,0.0,0.16,1.4901161e-08,nan,nan,nan,nan,nan,nan,nan,nan,0
9140754402,9140751976,0.15999997,0.0,0.15999997,0.0,nan,nan,nan,nan,nan,nan,nan,nan,0
9140764824,9140762420,0.15999997,0.0,0.15999997,0.0,nan,nan,nan,nan,nan,nan,nan,nan,0
9140775270,9140772449,0.15999997,0.0,0.15999997,0.0,nan,nan,nan,nan,nan,nan,nan,nan,0
9140785800,9140782292,0.15999997,0.0,0.15999997,0.0,nan,nan,nan,nan,nan,nan,nan,nan,0
9140794147,9140791782,0.15999997,0.0,0.15999997,0.0,nan,nan,nan,nan,nan,nan,nan,nan,0
9140804763,9140802323,0.15999997,0.0,0.15999997,0.0,nan,nan,nan,nan,nan,nan,nan,nan,0
9140815212,9140812614,0.16,0.0,0.15999994,0.0,nan,nan,nan,nan,nan,nan,nan,nan,0
9140824652,9140822072,0.15999986,0.0,0.16000001,5.9604645e-08,nan,nan,nan,nan,nan,nan,nan,nan,0
9140834143,9140831769,0.0,0.15999998,0.0,0.15999995,nan,nan,nan,nan,nan,nan,nan,nan,0
9140844655,9140841841,0.0,0.15999998,0.0,0.15999998,nan,nan,nan,nan,nan,nan,nan,nan,0
9140856102,9140852602,0.0,0.15999997,0.0,0.15999997,nan,nan,nan,nan,nan,nan,nan,nan,0
9140864545,9140862151,0.15999998,0.0,0.16000001,0.0,nan,nan,nan,nan,nan,nan,nan,nan,0
9140875010,9140872599,0.16,0.0,0.16,0.0,nan,nan,nan,nan,nan,nan,nan,nan,0
9140885570,9140882897,0.124534294,0.0,0.13663718,0.058828488,nan,nan,nan,nan,nan,nan,nan,nan,0
9140895384,9140892011,0.0,0.13974503,0.04041689,0.13983804,nan,nan,nan,nan,nan,nan,nan,nan,0
9140904820,9140902243,0.08865468,0.0,0.13864645,0.092698835,nan,nan,nan,nan,nan,nan,nan,nan,0
9140915315,9140912684,0.16,0.0,0.15999997,0.0,nan,nan,nan,nan,nan,nan,nan,nan,0
9140926721,9140922657,0.16,0.0,0.16,0.0,nan,nan,nan,nan,nan,nan,nan,nan,0
9140935070,9140932285,0.15999997,0.0,0.15999997,0.0,nan,nan,nan,nan,nan,nan,nan,nan,0
9140944538,9140941564,0.15999997,0.0,0.15999997,7.450581e-09,nan,nan,nan,nan,nan,nan,nan,nan,0
9140954951,9140952352,0.155979,0.0,0.16201048,0.0020104945,nan,nan,nan,nan,nan,nan,nan,nan,0
9140965430,9140962259,0.07453337,0.0,0.20273328,0.0427333,nan,nan,nan,nan,nan,nan,nan,nan,0
9140974928,9140972337,0.0661328,0.0,0.16909336,0.0847738,nan,nan,nan,nan,nan,nan,nan,nan,0
9140984423,9140982038,0.056062996,0.0,0.13197803,0.13195893,nan,nan,nan,nan,nan,nan,nan,nan,0
9140994831,9140992037,0.057059944,0.014032885,0.08756517,0.16134197,nan,nan,nan,nan,nan,nan,nan,nan,0
9141004374,9141001965,0.06537022,0.03070378,0.041740213,0.18218575,nan,nan,nan,nan,nan,nan,nan,nan,0
9141014792,9141012379,0.07836746,0.04893957,0.021222362,0.17147058,nan,nan,nan,nan,nan,nan,nan,nan,0
9141025237,9141022624,0.10028737,0.05708138,0.00178029,0.16085094,nan,nan,nan,nan,nan,nan,nan,nan,0
9141035714,9141032540,0.07989901,0.08010097,0.0,0.15999997,nan,nan,nan,nan,nan,nan,nan,nan,0
9141045136,9141042754,0.05688554,0.10311444,0.0,0.15999998,nan,nan,nan,nan,nan,nan,nan,nan,0
9141054826,9141052411,0.0,0.15999997,0.0,0.15999997,nan,nan,nan,nan,nan,nan,nan,nan,0
9141065254,9141062653,0.0,0.16,0.0,0.15999997,nan,nan,nan,nan,nan,nan,nan,nan,0
9141074785,9141072205,0.0,0.15999997,0.0,0.15999997,nan,nan,nan,nan,nan,nan,nan,nan,0
9141085302,9141082917,0.06031608,0.0996839,0.0,0.15999997,nan,nan,nan,nan,nan,nan,nan,nan,0
9141095673,9141092886,0.17492901,0.044355683,0.021541374,0.07917389,nan,nan,nan,nan,nan,nan,nan,nan,0
9141106157,9141102977,0.16242442,0.018965824,0.13860972,0.0,nan,nan,nan,nan,nan,nan,nan,nan,0
9141114576,9141111977,0.15999998,7.450581e-09,0.15999995,0.0,nan,nan,nan,nan,nan,nan,nan,nan,0
9141125070,9141122659,0.16,0.0,0.16,0.0,nan,nan,nan,nan,nan,nan,nan,nan,0
9141135547,9141132705,0.16000001,3.7252903e-09,0.15999995,0.0,nan,nan,nan,nan,nan,nan,nan,nan,0
9141145059,9141142677,0.15999997,0.0,0.15999997,0.0,nan,nan,nan,nan,nan,nan,nan,nan,0
9141155570,9141152961,0.16,0.0,0.15999997,0.0,nan,nan,nan,nan,nan,nan,nan,nan,0
9141165944,9141163138,0.15999997,0.0,0.16,0.0,nan,nan,nan,nan,nan,nan,nan,nan,0
9141176415,9141173052,0.1501231,0.0,0.16493843,0.0049384385,nan,nan,nan,nan,nan,nan,nan,nan,0
9141184868,9141182467,0.10485756,0.0,0.14703044,0.06811196,nan,nan,nan,nan,nan,nan,nan,nan,0
9141195169,9141192736,0.09620791,0.0,0.07403365,0.1497584,nan,nan,nan,nan,nan,nan,nan,nan,0
9141205613,9141202805,0.09319866,0.0,0.043548435,0.18325287,nan,nan,nan,nan,nan,nan,nan,nan,0
9141215038,9141211866,0.09917925,0.0,0.061932698,0.15888801,nan,nan,nan,nan,nan,nan,nan,nan,0
9141225615,9141223004,0.10423504,0.0,0.06051673,0.1552482,nan,nan,nan,nan,nan,nan,nan,nan,0
9141234981,9141232391,0.054326065,0.023161188,0.04125637,0.20125636,nan,nan,nan,nan,nan,nan,nan,nan,0
9141245537,9141242681,0.020169083,0.048125606,0.04585265,0.20585264,nan,nan,nan,nan,nan,nan,nan,nan,0
9141254928,9141252564,0.031169325,0.025411785,0.051709432,0.21170941,nan,nan,nan,nan,nan,nan,nan,nan,0
9141265426,9141263016,0.113505855,0.0,0.025656942,0.18083715,nan,nan,nan,nan,nan,nan,nan,nan,0
9141276170,9141273550,0.120597646,0.0,0.09644508,0.10295725,nan,nan,nan,nan,nan,nan,nan,nan,0
9141285999,9141283027,0.12731148,0.0,0.08238667,0.110301815,nan,nan,nan,nan,nan,nan,nan,nan,0
9141295432,9141293059,0.12664181,0.0,0.051521264,0.14183688,nan,nan,nan,nan,nan,nan,nan,nan,0
9141306008,9141303396,0.13048965,0.0,0.056874022,0.13263631,nan,nan,nan,nan,nan,nan,nan,nan,0
9141315387,9141312809,0.13635105,0.0,0.10410258,0.07954633,nan,nan,nan,nan,nan,nan,nan,nan,0
9141324929,9141322514,0.13865316,0.0,0.14579158,0.03555522,nan,nan,nan,nan,nan,nan,nan,nan,0
9141335252,9141332824,0.13661326,0.0,0.115373716,0.06801297,nan,nan,nan,nan,nan,nan,nan,nan,0
9141346060,9141343474,0.14013577,0.0,0.09296553,0.086898655,nan,nan,nan,nan,nan,nan,nan,nan,0
9141356559,9141353149,0.13810338,0.0,0.057756416,0.12414016,nan,nan,nan,nan,nan,nan,nan,nan,0
9141364944,9141362553,0.10658026,0.00037093833,0.026524391,0.18652438,nan,nan,nan,nan,nan,nan,nan,nan,0
9141375377,9141372975,0.14267978,0.009225298,0.05469641,0.11339848,nan,nan,nan,nan,nan,nan,nan,nan,0
9141385832,9141383232,0.17408395,0.024415629,0.109280735,0.012219658,nan,nan,nan,nan,nan,nan,nan,nan,0
9141395659,9141393064,0.1916106,0.04660809,0.061899476,0.019881792,nan,nan,nan,nan,nan,nan,nan,nan,0
9141405061,9141402687,0.19960639,0.06713064,0.014956981,0.038305953,nan,nan,nan,nan,nan,nan,nan,nan,0
9141415553,9141412777,0.16818202,0.040641382,0.0,0.111176565,nan,nan,nan,nan,nan,nan,nan,nan,0
9141427012,9141423546,0.14764562,0.027604107,0.0,0.14475024,nan,nan,nan,nan,nan,nan,nan,nan,0
9141435437,9141433063,0.19174126,0.07500522,0.007538788,0.045714684,nan,nan,nan,nan,nan,nan,nan,nan,0
9141445958,9141443579,0.19530289,0.052760657,0.040636253,0.031300154,nan,nan,nan,nan,nan,nan,nan,nan,0
9141456421,9141453621,0.19077258,0.030772617,0.082752645,0.015702104,nan,nan,nan,nan,nan,nan,nan,nan,0
9141465840,9141462670,0.17075895,0.016310044,0.07806039,0.05487059,nan,nan,nan,nan,nan,nan,nan,nan,0
9141475545,9141472933,0.13466436,0.012016576,0.051798265,0.121520765,nan,nan,nan,nan,nan,nan,nan,nan,0
9141486054,9141483277,0.14039539,0.0,0.06729235,0.11231221,nan,nan,nan,nan,nan,nan,nan,nan,0
9141497657,9141493565,0.14476088,0.0,0.07730878,0.09793031,nan,nan,nan,nan,nan,nan,nan,nan,0
9141505159,9141502713,0.14169286,0.0,0.06535928,0.11294782,nan,nan,nan,nan,nan,nan,nan,nan,0
9141515753,9141513348,0.1483609,0.0,0.059888996,0.111750074,nan,nan,nan,nan,nan,nan,nan,nan,0
9141526385,9141523724,0.14975968,0.0,0.061556038,0.10868426,nan,nan,nan,nan,nan,nan,nan,nan,0
9141536969,9141533265,0.15105598,0.0,0.05076989,0.118174076,nan,nan,nan,nan,nan,nan,nan,nan,0
9141545607,9141543209,0.1401696,0.0,0.038595952,0.14123441,nan,nan,nan,nan,nan,nan,nan,nan,0
9141556156,9141553746,0.16,0.0,0.09040487,0.06959511,nan,nan,nan,nan,nan,nan,nan,nan,0
9141565668,9141563060,0.15999998,0.0,0.15999998,0.0,nan,nan,nan,nan,nan,nan,nan,nan,0
9141575222,9141572818,0.15696111,0.0030388534,0.16,0.0,nan,nan,nan,nan,nan,nan,nan,nan,0
9141585686,9141583270,0.1946913,0.05528672,0.0,0.07002193,nan,nan,nan,nan,nan,nan,nan,nan,0
9141596166,9141593478,0.08667969,0.07332029,0.0,0.15999997,nan,nan,nan,nan,nan,nan,nan,nan,0
9141606671,9141602402,0.080514535,0.079485446,0.0,0.16,nan,nan,nan,nan,nan,nan,nan,nan,0
9141615074,9141612700,0.17867802,0.023890972,0.0,0.11743095,nan,nan,nan,nan,nan,nan,nan,nan,0
9141625562,9141623149,0.22406569,0.066327274,0.029606983,0.0,nan,nan,nan,nan,nan,nan,nan,nan,0
9141635979,9141633352,0.22252268,0.06481273,0.032664552,0.0,nan,nan,nan,nan,nan,nan,nan,nan,0
9141646678,9141644274,0.21787694,0.06499671,0.0,0.037126318,nan,nan,nan,nan,nan,nan,nan,nan,0
9141656101,9141653510,0.21252787,0.05927401,0.0,0.048198074,nan,nan,nan,nan,nan,nan,nan,nan,0
9141666534,9141663708,0.21277143,0.060619462,0.0,0.046609074,nan,nan,nan,nan,nan,nan,nan,nan,0
9141677019,9141673814,0.21033777,0.056847233,0.00039323792,0.052421715,nan,nan,nan,nan,nan,nan,nan,nan,0
9141685346,9141682982,0.20325516,0.04739031,0.023735482,0.045619015,nan,nan,nan,nan,nan,nan,nan,nan,0
9141695797,9141693406,0.1875848,0.033218563,0.065242834,0.03395375,nan,nan,nan,nan,nan,nan,nan,nan,0
9141706188,9141703612,0.16932362,0.012657513,0.082248256,0.055770565,nan,nan,nan,nan,nan,nan,nan,nan,0
9141716790,9141714122,0.15121453,0.0,0.051647224,0.117138214,nan,nan,nan,nan,nan,nan,nan,nan,0
9141726059,9141723688,0.14922754,0.0,0.015160188,0.15561225,nan,nan,nan,nan,nan,nan,nan,nan,0
9141736608,9141734017,0.15459152,0.0,0.0114121605,0.15399629,nan,nan,nan,nan,nan,nan,nan,nan,0
9141747172,9141744158,0.15984114,0.0,0.041379593,0.118779235,nan,nan,nan,nan,nan,nan,nan,nan,0
9141755408,9141753034,0.15999997,0.0,0.06290296,0.097097024,nan,nan,nan,nan,nan,nan,nan,nan,0
9141765906,9141763504,0.1549931,0.0,0.05228263,0.112724245,nan,nan,nan,nan,nan,nan,nan,nan,0
9141776341,9141773726,0.15999997,0.0,0.083611526,0.076388456,nan,nan,nan,nan,nan,nan,nan,nan,0
9141786103,9141782732,0.16,1.8626451e-09,0.15999997,0.0,nan,nan,nan,nan,nan,nan,nan,nan,0
9141795578,9141793193,0.15999997,0.0,0.15999997,0.0,nan,nan,nan,nan,nan,nan,nan,nan,0
9141806108,9141803713,0.16,0.0,0.15999997,0.0,nan,nan,nan,nan,nan,nan,nan,nan,0
9141816721,9141813857,0.17926648,0.034974292,0.10575919,0.0,nan,nan,nan,nan,nan,nan,nan,nan,0
9141827051,9141823827,0.18185166,0.04390025,0.09424805,0.0,nan,nan,nan,nan,nan,nan,nan,nan,0
9141836404,9141833634,0.15999997,0.0,0.15999998,0.0,nan,nan,nan,nan,nan,nan,nan,nan,0
9141846888,9141844318,0.21231401,0.07494094,0.03274502,0.0,nan,nan,nan,nan,nan,nan,nan,nan,0
9141857380,9141853903,0.13465127,0.025348708,0.0,0.15999998,nan,nan,nan,nan,nan,nan,nan,nan,0
9141865780,9141863381,0.18902951,0.051131796,0.0,0.07983865,nan,nan,nan,nan,nan,nan,nan,nan,0
9141876250,9141873832,0.18829337,0.040492266,0.03148544,0.05972889,nan,nan,nan,nan,nan,nan,nan,nan,0
9141886643,9141883833,0.16364338,0.022610396,0.0,0.13374619,nan,nan,nan,nan,nan,nan,nan,nan,0
9141896140,9141893529,0.14754207,0.011442963,0.00050747016,0.16050746,nan,nan,nan,nan,nan,nan,nan,nan,0
9141906633,9141904256,0.1401854,0.0,0.023004249,0.15681033,nan,nan,nan,nan,nan,nan,nan,nan,0
9141916327,9141913730,0.14229901,0.0,0.03803297,0.13966797,nan,nan,nan,nan,nan,nan,nan,nan,0
9141927777,9141924115,0.144301,0.0,0.062258456,0.1134405,nan,nan,nan,nan,nan,nan,nan,nan,0
9141936173,9141933807,0.14836966,0.0,0.095055036,0.07657529,nan,nan,nan,nan,nan,nan,nan,nan,0
9141946704,9141944297,0.15566537,0.0,0.118824214,0.04551039,nan,nan,nan,nan,nan,nan,nan,nan,0
9141957076,9141954464,0.15866421,0.0,0.13996476,0.021370992,nan,nan,nan,nan,nan,nan,nan,nan,0
9141966544,9141964145,0.15999998,0.0,0.15999998,7.450581e-09,nan,nan,nan,nan,nan,nan,nan,nan,0
9141975970,9141973559,0.16000001,0.0,0.15999995,0.0,nan,nan,nan,nan,nan,nan,nan,nan,0
9141986595,9141983760,0.15999997,0.0,0.15999997,0.0,nan,nan,nan,nan,nan,nan,nan,nan,0
9141997999,9141994533,0.16000001,0.0,0.15999995,0.0,nan,nan,nan,nan,nan,nan,nan,nan,0
9142006471,9142003884,0.14530827,0.0229574,0.15173428,0.0,nan,nan,nan,nan,nan,nan,nan,nan,0
9142017061,9142014393,0.15055919,0.02583882,0.071384795,0.07221716,nan,nan,nan,nan,nan,nan,nan,nan,0
9142027332,9142024516,0.14327228,0.010531559,0.08275223,0.083443895,nan,nan,nan,nan,nan,nan,nan,nan,0
9142036843,9142033466,0.1246499,0.013351385,0.052526277,0.1294724,nan,nan,nan,nan,nan,nan,nan,nan,0
9142046296,9142043711,0.09848337,0.031923443,0.014796585,0.17479657,nan,nan,nan,nan,nan,nan,nan,nan,0
9142056815,9142054202,0.054508016,0.06978795,0.017852014,0.17785199,nan,nan,nan,nan,nan,nan,nan,nan,0
9142068606,9142064890,0.046864875,0.059424788,0.026855156,0.18685515,nan,nan,nan,nan,nan,nan,nan,nan,0
9142076520,9142074140,0.0028743558,0.0771046,0.04001051,0.20001048,nan,nan,nan,nan,nan,nan,nan,nan,0
9142086619,9142084232,0.0,0.056315973,0.051842004,0.211842,nan,nan,nan,nan,nan,nan,nan,nan,0
9142097091,9142094494,0.14387116,0.0,0.04102631,0.1351025,nan,nan,nan,nan,nan,nan,nan,nan,0
9142107649,9142104159,0.14514954,0.0,0.12237265,0.052477777,nan,nan,nan,nan,nan,nan,nan,nan,0
9142116067,9142113662,0.16,0.0,0.16,0.0,nan,nan,nan,nan,nan,nan,nan,nan,0
9142126582,9142124160,0.15999997,0.0,0.16,0.0,nan,nan,nan,nan,nan,nan,nan,nan,0
9142136987,9142134376,0.16,0.0,0.15999997,0.0,nan,nan,nan,nan,nan,nan,nan,nan,0
9142146474,9142144095,0.16,0.0,0.15999997,0.0,nan,nan,nan,nan,nan,nan,nan,nan,0
9142157305,9142154905,0.15999997,0.0,0.15999997,0.0,nan,nan,nan,nan,nan,nan,nan,nan,0
9142167177,9142164370,0.16,0.0,0.16,0.0,nan,nan,nan,nan,nan,nan,nan,nan,0
9142178381,9142174307,0.10763721,0.0,0.11522341,0.09713936,nan,nan,nan,nan,nan,nan,nan,nan,0
9142186792,9142184412,0.10457984,0.0032619834,0.04187593,0.17028221,nan,nan,nan,nan,nan,nan,nan,nan,0
9142197226,9142194625,0.1198343,0.0,0.030990675,0.16917497,nan,nan,nan,nan,nan,nan,nan,nan,0
9142206729,9142203931,0.12052859,0.003124809,0.043789707,0.15255685,nan,nan,nan,nan,nan,nan,nan,nan,0
9142217227,9142214813,0.12299198,0.0067793364,0.01511434,0.1751143,nan,nan,nan,nan,nan,nan,nan,nan,0
9142227062,9142224658,0.03372228,0.095880896,0.015198404,0.17519838,nan,nan,nan,nan,nan,nan,nan,nan,0
9142237795,9142234951,0.0,0.16,0.0,0.16,nan,nan,nan,nan,nan,nan,nan,nan,0
9142248256,9142244752,0.0,0.15999997,0.0,0.15999997,nan,nan,nan,nan,nan,nan,nan,nan,0
9142256609,9142254228,0.0,0.15999998,0.0,0.15999997,nan,nan,nan,nan,nan,nan,nan,nan,0
9142267087,9142264464,0.12133683,0.002202062,0.018230544,0.17823054,nan,nan,nan,nan,nan,nan,nan,nan,0
9142277207,9142274379,0.16,0.0,0.15999997,7.450581e-09,nan,nan,nan,nan,nan,nan,nan,nan,0
9142287742,9142285373,0.15999997,0.0,0.15999997,0.0,nan,nan,nan,nan,nan,nan,nan,nan,0
9142297234,9142294658,0.16,0.0,0.16,0.0,nan,nan,nan,nan,nan,nan,nan,nan,0
9142307658,9142304859,0.15999995,0.0,0.15999998,1.4901161e-08,nan,nan,nan,nan,nan,nan,nan,nan,0
9142318255,9142315040,0.15999997,0.0,0.15999997,0.0,nan,nan,nan,nan,nan,nan,nan,nan,0
9142326860,9142324251,0.15999998,0.0,0.15999998,0.0,nan,nan,nan,nan,nan,nan,nan,nan,0
9142337295,9142334901,0.15999998,1.4901161e-08,0.15999992,0.0,nan,nan,nan,nan,nan,nan,nan,nan,0
9142347813,9142345189,0.16,0.0,0.15999997,0.0,nan,nan,nan,nan,nan,nan,nan,nan,0
9142358295,9142354592,0.14778551,0.015319381,0.07024313,0.08665193,nan,nan,nan,nan,nan,nan,nan,nan,0
9142366719,9142364122,0.12470782,0.02505323,0.009534393,0.16070452,nan,nan,nan,nan,nan,nan,nan,nan,0
9142377615,9142375029,0.09091876,0.047939334,0.010570942,0.17057091,nan,nan,nan,nan,nan,nan,nan,nan,0
9142386997,9142384223,0.05479749,0.080127895,0.012537297,0.17253727,nan,nan,nan,nan,nan,nan,nan,nan,0
9142396481,9142394108,0.00447559,0.12501493,0.015254732,0.17525473,nan,nan,nan,nan,nan,nan,nan,nan,0
9142407104,9142404695,0.019419255,0.09987727,0.020351728,0.18035169,nan,nan,nan,nan,nan,nan,nan,nan,0
9142417471,9142414884,0.045227237,0.06522247,0.02477513,0.18477513,nan,nan,nan,nan,nan,nan,nan,nan,0
9142427348,9142423951,0.0,0.13129179,0.014354087,0.17435405,nan,nan,nan,nan,nan,nan,nan,nan,0
9142437308,9142434931,0.0,0.13183889,0.014080547,0.17408054,nan,nan,nan,nan,nan,nan,nan,nan,0
9142446900,9142444514,0.03219584,0.04496714,0.041418497,0.20141849,nan,nan,nan,nan,nan,nan,nan,nan,0
9142457296,9142454715,0.1429886,0.0,0.051585007,0.12542637,nan,nan,nan,nan,nan,nan,nan,nan,0
9142466766,9142464175,0.15999998,0.0,0.12869638,0.031303603,nan,nan,nan,nan,nan,nan,nan,nan,0
9142477243,9142474839,0.15999997,0.0,0.16,0.0,nan,nan,nan,nan,nan,nan,nan,nan,0
9142487813,9142484991,0.16,0.0,0.15999997,0.0,nan,nan,nan,nan,nan,nan,nan,nan,0
9142498406,9142494967,0.15999997,0.0,0.16,0.0,nan,nan,nan,nan,nan,nan,nan,nan,0
9142506920,9142504513,0.16,0.0,0.16,0.0,nan,nan,nan,nan,nan,nan,nan,nan,0
9142517597,9142515128,0.15999997,0.0,0.15999997,0.0,nan,nan,nan,nan,nan,nan,nan,nan,0
9142528206,9142525362,0.16,1.4901161e-08,0.15999994,0.0,nan,nan,nan,nan,nan,nan,nan,nan,0
9142538445,9142535820,0.15999997,1.4901161e-08,0.15999997,0.0,nan,nan,nan,nan,nan,nan,nan,nan,0
9142547572,9142545173,0.16,0.0,0.15999997,0.0,nan,nan,nan,nan,nan,nan,nan,nan,0
9142558135,9142555282,0.15999997,0.0,0.15999997,0.0,nan,nan,nan,nan,nan,nan,nan,nan,0
9142568611,9142565205,0.17185354,0.08639103,0.0,0.06175539,nan,nan,nan,nan,nan,nan,nan,nan,0
9142576965,9142574528,0.076086424,0.08391356,0.0,0.15999997,nan,nan,nan,nan,nan,nan,nan,nan,0
9142587512,9142585084,0.07214503,0.08785495,0.0,0.15999998,nan,nan,nan,nan,nan,nan,nan,nan,0
9142597888,9142595293,0.10905116,0.05094882,0.0,0.16,nan,nan,nan,nan,nan,nan,nan,nan,0
9142608524,9142604540,0.13735983,0.036010876,0.0,0.14662926,nan,nan,nan,nan,nan,nan,nan,nan,0
9142617811,9142615244,0.11188705,0.048112925,0.0,0.15999998,nan,nan,nan,nan,nan,nan,nan,nan,0
9142627184,9142624417,0.063101836,0.096898146,0.0,0.15999997,nan,nan,nan,nan,nan,nan,nan,nan,0
9142638662,9142635497,0.047696657,0.112303324,0.0,0.15999997,nan,nan,nan,nan,nan,nan,nan,nan,0
9142647232,9142644833,0.04360997,0.116390005,0.0,0.16,nan,nan,nan,nan,nan,nan,nan,nan,0
9142657809,9142655381,0.01719207,0.11745453,0.012676689,0.17267665,nan,nan,nan,nan,nan,nan,nan,nan,0
9142668204,9142665577,0.0028441362,0.09516819,0.030993838,0.19099383,nan,nan,nan,nan,nan,nan,nan,nan,0
9142678650,9142675165,0.14309387,0.0,0.015952647,0.16095345,nan,nan,nan,nan,nan,nan,nan,nan,0
9142687279,9142684900,0.16,0.0,0.15999997,0.0,nan,nan,nan,nan,nan,nan,nan,nan,0
9142700850,9142697843,0.16,0.0,0.15999997,0.0,nan,nan,nan,nan,nan,nan,nan,nan,0
9142709186,9142705090,0.15999997,0.0,0.16,7.450581e-09,nan,nan,nan,nan,nan,nan,nan,nan,0
9142717599,9142715023,0.15493302,0.0,0.16253345,0.0025334805,nan,nan,nan,nan,nan,nan,nan,nan,0
9142728069,9142725656,0.1384779,0.0,0.1574504,0.024071667,nan,nan,nan,nan,nan,nan,nan,nan,0
9142737513,9142734900,0.15999998,0.0,0.16,3.7252903e-09,nan,nan,nan,nan,nan,nan,nan,nan,0
9142748693,9142745211,0.15999997,0.0,0.15999997,0.0,nan,nan,nan,nan,nan,nan,nan,nan,0
9142757092,9142754719,0.13176171,0.022431372,0.15399514,0.011811732,nan,nan,nan,nan,nan,nan,nan,nan,0
9142767546,9142765149,0.14497605,0.037354432,0.09714291,0.04052656,nan,nan,nan,nan,nan,nan,nan,nan,0
9142777976,9142775181,0.15314648,0.053172447,0.053389326,0.060291708,nan,nan,nan,nan,nan,nan,nan,nan,0
9142787422,9142785042,0.1612108,0.057943422,0.023038048,0.07780767,nan,nan,nan,nan,nan,nan,nan,nan,0
9142797934,9142795532,0.16863829,0.05159332,0.019358883,0.08040946,nan,nan,nan,nan,nan,nan,nan,nan,0
9142808555,9142805528,0.16782457,0.044614993,0.010734744,0.09682567,nan,nan,nan,nan,nan,nan,nan,nan,0
9142819034,9142815531,0.16068676,0.041274443,0.03206881,0.085969955,nan,nan,nan,nan,nan,nan,nan,nan,0
9142827652,9142825222,0.15738137,0.03265242,0.03749491,0.09247127,nan,nan,nan,nan,nan,nan,nan,nan,0
9142838072,9142835476,0.15321088,0.02008012,0.02095595,0.12575302,nan,nan,nan,nan,nan,nan,nan,nan,0
9142848551,9142845708,0.1417915,0.011613056,0.0107916,0.15580381,nan,nan,nan,nan,nan,nan,nan,nan,0
9142857991,9142855411,0.122382596,0.01267986,0.01246877,0.17246877,nan,nan,nan,nan,nan,nan,nan,nan,0
9142867383,9142864811,0.107244745,0.012908261,0.019923497,0.17992349,nan,nan,nan,nan,nan,nan,nan,nan,0
9142877883,9142875273,0.13003485,0.0,0.043836355,0.14612876,nan,nan,nan,nan,nan,nan,nan,nan,0
9142889344,9142885876,0.14160614,0.0,0.1398095,0.03858432,nan,nan,nan,nan,nan,nan,nan,nan,0
9142897774,9142895382,0.16,0.0,0.16,0.0,nan,nan,nan,nan,nan,nan,nan,nan,0
9142908595,9142905987,0.16,0.0,0.16,0.0,nan,nan,nan,nan,nan,nan,nan,nan,0
9142918604,9142916016,0.15999998,0.0,0.15999998,0.0,nan,nan,nan,nan,nan,nan,nan,nan,0
9142928080,9142924570,0.16,0.0,0.16,0.0,nan,nan,nan,nan,nan,nan,nan,nan,0
9142937487,9142935103,0.16,0.0,0.15999997,0.0,nan,nan,nan,nan,nan,nan,nan,nan,0
9142948033,9142945605,0.15999997,0.0,0.15999994,1.4901161e-08,nan,nan,nan,nan,nan,nan,nan,nan,0
9142958458,9142955827,0.16,0.0,0.15999997,0.0,nan,nan,nan,nan,nan,nan,nan,nan,0
9142967901,9142965489,0.09089077,0.0057346895,0.14163232,0.08174218,nan,nan,nan,nan,nan,nan,nan,nan,0
9142978362,9142975951,0.093117334,0.022429338,0.027933562,0.17651974,nan,nan,nan,nan,nan,nan,nan,nan,0
9142988795,9142985951,0.0055911597,0.12872702,0.012840899,0.17284086,nan,nan,nan,nan,nan,nan,nan,nan,0
9142999379,9142995671,0.0,0.16,0.0,0.15999997,nan,nan,nan,nan,nan,nan,nan,nan,0
9143007837,9143005443,0.0,0.15999997,0.0,0.15999997,nan,nan,nan,nan,nan,nan,nan,nan,0
9143018299,9143015893,0.0,0.15999997,9.313226e-10,0.15999997,nan,nan,nan,nan,nan,nan,nan,nan,0
9143028671,9143026080,0.0,0.15999997,0.0,0.15999997,nan,nan,nan,nan,nan,nan,nan,nan,0
9143038099,9143035730,0.0,0.16,0.0,0.16,nan,nan,nan,nan,nan,nan,nan,nan,0
9143047534,9143044960,0.0,0.09757118,0.031214394,0.19121437,nan,nan,nan,nan,nan,nan,nan,nan,0
9143058943,9143056167,0.14447503,0.0,0.016140267,0.15938468,nan,nan,nan,nan,nan,nan,nan,nan,0
9143069484,9143066002,0.16,0.0,0.16,0.0,nan,nan,nan,nan,nan,nan,nan,nan,0
9143078093,9143075682,0.16,0.0,0.16,0.0,nan,nan,nan,nan,nan,nan,nan,nan,0
9143087739,9143085357,0.16,0.0,0.15999997,0.0,nan,nan,nan,nan,nan,nan,nan,nan,0
9143098157,9143095359,0.1509951,0.0,0.13226287,0.03674198,nan,nan,nan,nan,nan,nan,nan,nan,0
9143108648,9143106068,0.14820872,0.0,0.1274129,0.044378344,nan,nan,nan,nan,nan,nan,nan,nan,0
9143118069,9143115693,0.15999998,0.0,0.15999995,1.8626451e-09,nan,nan,nan,nan,nan,nan,nan,nan,0
9143128547,9143125709,0.15999997,0.0,0.15999997,0.0,nan,nan,nan,nan,nan,nan,nan,nan,0
9143140115,9143136348,0.15999997,0.0,0.15999997,0.0,nan,nan,nan,nan,nan,nan,nan,nan,0
9143148461,9143145883,0.15308149,0.0,0.16345923,0.003459245,nan,nan,nan,nan,nan,nan,nan,nan,0
9143157900,9143155519,0.12705545,0.007899415,0.06895417,0.11609094,nan,nan,nan,nan,nan,nan,nan,nan,0
9143168467,9143165668,0.079517834,0.049105242,0.01568845,0.17568845,nan,nan,nan,nan,nan,nan,nan,nan,0
9143178959,9143175428,0.12495912,0.0,0.031958982,0.16308185,nan,nan,nan,nan,nan,nan,nan,nan,0
9143188324,9143185952,0.13238803,0.0,0.05214497,0.13546696,nan,nan,nan,nan,nan,nan,nan,nan,0
9143198774,9143195967,0.13344525,0.0,0.029430361,0.15712436,nan,nan,nan,nan,nan,nan,nan,nan,0
9143208210,9143205584,0.13327381,0.0,0.039309625,0.14741653,nan,nan,nan,nan,nan,nan,nan,nan,0
9143217684,9143215106,0.13149671,0.0,0.022321269,0.16618198,nan,nan,nan,nan,nan,nan,nan,nan,0
9143228026,9143225593,0.0862316,0.029646965,0.022060705,0.1820607,nan,nan,nan,nan,nan,nan,nan,nan,0
9143238273,9143235645,0.01505466,0.10843357,0.01825588,0.17825584,nan,nan,nan,nan,nan,nan,nan,nan,0
9143248421,9143245234,0.0,0.15896416,0.00051790476,0.16051787,nan,nan,nan,nan,nan,nan,nan,nan,0
9143258787,9143256385,0.056587636,0.08920437,0.007103988,0.16710396,nan,nan,nan,nan,nan,nan,nan,nan,0
9143268152,9143265538,0.13288288,0.027117103,0.0,0.15999998,nan,nan,nan,nan,nan,nan,nan,nan,0
9143278644,9143276227,0.1697819,0.013877432,0.0047041224,0.1316365,nan,nan,nan,nan,nan,nan,nan,nan,0
9143289250,9143286870,0.18537317,0.025373172,0.059527244,0.049726393,nan,nan,nan,nan,nan,nan,nan,nan,0
9143298677,9143296301,0.16,0.0,0.15999997,0.0,nan,nan,nan,nan,nan,nan,nan,nan,0
9143309106,9143306506,0.16,0.0,0.15999997,0.0,nan,nan,nan,nan,nan,nan,nan,nan,0
9143319565,9143316200,0.15999997,0.0,0.15999997,0.0,nan,nan,nan,nan,nan,nan,nan,nan,0
9143328150,9143325691,0.15999998,0.0,0.15999998,0.0,nan,nan,nan,nan,nan,nan,nan,nan,0
9143338517,9143335898,0.16,0.0,0.16,0.0,nan,nan,nan,nan,nan,nan,nan,nan,0
9143348955,9143346342,0.19428802,0.051025286,0.07468666,0.0,nan,nan,nan,nan,nan,nan,nan,nan,0
9143358408,9143355821,0.19422626,0.05539091,0.0,0.0703828,nan,nan,nan,nan,nan,nan,nan,nan,0
9143368858,9143366457,0.15160656,0.010216966,0.0,0.15817645,nan,nan,nan,nan,nan,nan,nan,nan,0
9143379242,9143376444,0.14066115,0.019338802,0.0,0.15999998,nan,nan,nan,nan,nan,nan,nan,nan,0
9143389824,9143386389,0.14535026,0.014649719,0.0,0.15999998,nan,nan,nan,nan,nan,nan,nan,nan,0
9143398157,9143395777,0.1482139,0.011786088,0.0,0.15999998,nan,nan,nan,nan,nan,nan,nan,nan,0
9143408648,9143406229,0.15303722,0.006962777,0.0,0.16,nan,nan,nan,nan,nan,nan,nan,nan,0
9143419414,9143416788,0.14880966,0.0,0.0055951625,0.16559514,nan,nan,nan,nan,nan,nan,nan,nan,0
9143429007,9143426546,0.13944273,0.0,0.010278627,0.17027861,nan,nan,nan,nan,nan,nan,nan,nan,0
9143438334,9143435934,0.088231936,0.0,0.035884023,0.195884,nan,nan,nan,nan,nan,nan,nan,nan,0
9143448811,9143445973,0.016809732,0.034549534,0.054320358,0.21432033,nan,nan,nan,nan,nan,nan,nan,nan,0
9143460260,9143456768,0.0066560805,0.022074908,0.0656345,0.22563446,nan,nan,nan,nan,nan,nan,nan,nan,0
9143468667,9143466278,0.04846987,0.0,0.055765055,0.21576503,nan,nan,nan,nan,nan,nan,nan,nan,0
9143479163,9143476523,0.08034628,0.0,0.039826855,0.19982682,nan,nan,nan,nan,nan,nan,nan,nan,0
9143489576,9143486947,0.15999997,0.0,0.106751695,0.05324829,nan,nan,nan,nan,nan,nan,nan,nan,0
9143500286,9143496550,0.15999998,0.0,0.15999998,0.0,nan,nan,nan,nan,nan,nan,nan,nan,0
9143508768,9143506157,0.15999998,0.0,0.0931413,0.06685869,nan,nan,nan,nan,nan,nan,nan,nan,0
9143519472,9143517063,0.16,0.0,0.070735134,0.08926485,nan,nan,nan,nan,nan,nan,nan,nan,0
9143529074,9143526448,0.15999997,0.0,0.15909821,0.0009017885,nan,nan,nan,nan,nan,nan,nan,nan,0
9143538776,9143536162,0.15999998,0.0,0.15999998,0.0,nan,nan,nan,nan,nan,nan,nan,nan,0
9143549315,9143546942,0.1629324,0.0058193356,0.15124823,0.0,nan,nan,nan,nan,nan,nan,nan,nan,0
9143559675,9143557090,0.19081981,0.03554088,0.09363927,0.0,nan,nan,nan,nan,nan,nan,nan,nan,0
9143570186,9143566485,0.20497152,0.05549013,0.054470025,0.00506828,nan,nan,nan,nan,nan,nan,nan,nan,0
9143578582,9143576181,0.18446486,0.039389852,0.0,0.09614526,nan,nan,nan,nan,nan,nan,nan,nan,0
9143589172,9143586563,0.100797355,0.059202638,0.0,0.16,nan,nan,nan,nan,nan,nan,nan,nan,0
9143599611,9143596814,0.07704448,0.08295551,0.0,0.16,nan,nan,nan,nan,nan,nan,nan,nan,0
9143609047,9143606472,0.09700734,0.06299265,0.0,0.15999997,nan,nan,nan,nan,nan,nan,nan,nan,0
9143618531,9143616130,0.06653018,0.088838235,0.0023157855,0.16231576,nan,nan,nan,nan,nan,nan,nan,nan,0
9143629473,9143626687,0.014661364,0.090814635,0.027261987,0.18726195,nan,nan,nan,nan,nan,nan,nan,nan,0
9143640202,9143636809,0.0,0.0759619,0.04201904,0.20201902,nan,nan,nan,nan,nan,nan,nan,nan,0
9143648607,9143646234,0.063564256,0.0,0.048217863,0.20821784,nan,nan,nan,nan,nan,nan,nan,nan,0
9143659078,9143656663,0.11072795,0.0,0.13545555,0.07381646,nan,nan,nan,nan,nan,nan,nan,nan,0
9143669467,9143666679,0.15999998,0.0,0.1476936,0.012306381,nan,nan,nan,nan,nan,nan,nan,nan,0
9143679182,9143676715,0.15999998,0.0,0.10001447,0.05998551,nan,nan,nan,nan,nan,nan,nan,nan,0
9143688566,9143686159,0.15999998,0.0,0.06896489,0.0910351,nan,nan,nan,nan,nan,nan,nan,nan,0
9143699962,9143696997,0.15999997,0.0,0.06604116,0.093958825,nan,nan,nan,nan,nan,nan,nan,nan,0
9143710479,9143707007,0.16,0.0,0.080148175,0.07985179,nan,nan,nan,nan,nan,nan,nan,nan,0
9143718863,9143716497,0.16,0.0,0.101470456,0.058529537,nan,nan,nan,nan,nan,nan,nan,nan,0
9143729455,9143726811,0.15999997,0.0,0.08403372,0.07596626,nan,nan,nan,nan,nan,nan,nan,nan,0
9143739797,9143737186,0.15812205,0.0,0.12419061,0.037687313,nan,nan,nan,nan,nan,nan,nan,nan,0
9143749250,9143746268,0.15999998,3.7252903e-09,0.15999998,0.0,nan,nan,nan,nan,nan,nan,nan,nan,0
9143758666,9143756297,0.17152806,0.015529335,0.13294257,0.0,nan,nan,nan,nan,nan,nan,nan,nan,0
9143769160,9143766549,0.1901961,0.041731615,0.02323253,0.06483972,nan,nan,nan,nan,nan,nan,nan,nan,0
9143780643,9143777124,0.13818076,0.021819219,0.0,0.15999998,nan,nan,nan,nan,nan,nan,nan,nan,0
9143788978,9143786410,0.08784235,0.07215762,0.0,0.15999997,nan,nan,nan,nan,nan,nan,nan,nan,0
9143799414,9143797029,0.094257586,0.0657424,0.0,0.16,nan,nan,nan,nan,nan,nan,nan,nan,0
9143809918,9143807330,0.053054873,0.09788982,0.0045276475,0.16452764,nan,nan,nan,nan,nan,nan,nan,nan,0
9143820404,9143816931,0.03652604,0.07285274,0.0253106,0.18531057,nan,nan,nan,nan,nan,nan,nan,nan,0
9143828784,9143826421,0.07522052,0.0029148534,0.040932305,0.2009323,nan,nan,nan,nan,nan,nan,nan,nan,0
9143839415,9143836943,0.09932759,0.0,0.04605066,0.1746217,nan,nan,nan,nan,nan,nan,nan,nan,0
9143849812,9143846999,0.121695355,0.0,0.08806084,0.11024377,nan,nan,nan,nan,nan,nan,nan,nan,0
9143859198,9143856635,0.15999998,0.0,0.10934985,0.050650142,nan,nan,nan,nan,nan,nan,nan,nan,0
9143869782,9143867160,0.15999997,0.0,0.075332165,0.08466783,nan,nan,nan,nan,nan,nan,nan,nan,0
9143880139,9143877301,0.15999998,0.0,0.04717304,0.11282693,nan,nan,nan,nan,nan,nan,nan,nan,0
9143890618,9143886921,0.15999997,0.0,0.05800677,0.10199321,nan,nan,nan,nan,nan,nan,nan,nan,0
9143898926,9143896363,0.15999997,0.0,0.06369166,0.09630832,nan,nan,nan,nan,nan,nan,nan,nan,0
9143909447,9143906809,0.16,0.0,0.061852016,0.098147966,nan,nan,nan,nan,nan,nan,nan,nan,0
9143919789,9143916993,0.16,0.0,0.07271409,0.08728588,nan,nan,nan,nan,nan,nan,nan,nan,0
9143929249,9143926663,0.16,0.0,0.15999997,0.0,nan,nan,nan,nan,nan,nan,nan,nan,0
9143939785,9143937382,0.15999998,7.450581e-09,0.15999995,0.0,nan,nan,nan,nan,nan,nan,nan,nan,0
9143950184,9143947400,0.16,0.0,0.16,0.0,nan,nan,nan,nan,nan,nan,nan,nan,0
9143960862,9143957379,0.16,0.0,0.15999997,0.0,nan,nan,nan,nan,nan,nan,nan,nan,0
9143969271,9143966697,0.15999997,0.0,0.15999997,0.0,nan,nan,nan,nan,nan,nan,nan,nan,0
9143979783,9143977357,0.19131884,0.06321387,0.05095372,0.014513526,nan,nan,nan,nan,nan,nan,nan,nan,0
9143990163,9143987383,0.17217289,0.040449347,0.0,0.10737772,nan,nan,nan,nan,nan,nan,nan,nan,0
9143999623,9143997050,0.16821498,0.042797104,0.002024833,0.10696305,nan,nan,nan,nan,nan,nan,nan,nan,0
9144010005,9144007412,0.1601868,0.026929863,0.004588536,0.12829477,nan,nan,nan,nan,nan,nan,nan,nan,0
9144020288,9144017459,0.13103907,0.028960913,0.0,0.15999998,nan,nan,nan,nan,nan,nan,nan,nan,0
9144030742,9144027552,0.073204875,0.06559346,0.010600825,0.17060082,nan,nan,nan,nan,nan,nan,nan,nan,0
9144039181,9144036785,0.018228522,0.09074721,0.02551213,0.18551213,nan,nan,nan,nan,nan,nan,nan,nan,0
9144049673,9144047247,0.0,0.12953952,0.015230238,0.17523023,nan,nan,nan,nan,nan,nan,nan,nan,0
9144060062,9144057430,0.0,0.13034952,0.014825225,0.17482519,nan,nan,nan,nan,nan,nan,nan,nan,0
9144070579,9144067179,0.0,0.06675447,0.04662276,0.20662272,nan,nan,nan,nan,nan,nan,nan,nan,0
9144080048,9144077434,0.0,0.006989099,0.076505445,0.23650543,nan,nan,nan,nan,nan,nan,nan,nan,0
9144089810,9144087371,0.15558107,0.0,0.027210072,0.13720882,nan,nan,nan,nan,nan,nan,nan,nan,0
9144101230,9144097759,0.15999997,0.0,0.13330224,0.026697755,nan,nan,nan,nan,nan,nan,nan,nan,0
9144109714,9144107306,0.16,0.0,0.14841351,0.0115864575,nan,nan,nan,nan,nan,nan,nan,nan,0
9144120259,9144117822,0.15999998,0.0,0.12348501,0.036514975,nan,nan,nan,nan,nan,nan,nan,nan,0
9144129631,9144127026,0.15999998,0.0,0.15999998,0.0,nan,nan,nan,nan,nan,nan,nan,nan,0
9144140271,9144136376,0.15999997,0.0,0.15999997,0.0,nan,nan,nan,nan,nan,nan,nan,nan,0
9144149733,9144147315,0.15999997,0.0,0.16,0.0,nan,nan,nan,nan,nan,nan,nan,nan,0
9144160113,9144157714,0.16,0.0,0.15999997,0.0,nan,nan,nan,nan,nan,nan,nan,nan,0
9144170644,9144167817,0.16,0.0,0.16,0.0,nan,nan,nan,nan,nan,nan,nan,nan,0
9144179987,9144177416,0.15999998,0.0,0.15999997,0.0,nan,nan,nan,nan,nan,nan,nan,nan,0
9144189581,9144187171,0.15999997,0.0,0.15999997,0.0,nan,nan,nan,nan,nan,nan,nan,nan,0
9144199959,9144197150,0.18515109,0.025151115,0.09336427,0.016333487,nan,nan,nan,nan,nan,nan,nan,nan,0
9144211442,9144207766,0.14288136,0.021465344,0.02839415,0.1272591,nan,nan,nan,nan,nan,nan,nan,nan,0
9144219860,9144217484,0.09527638,0.044797227,0.009963183,0.16996318,nan,nan,nan,nan,nan,nan,nan,nan,0
9144230365,9144227945,0.053734943,0.06404667,0.021109184,0.18110915,nan,nan,nan,nan,nan,nan,nan,nan,0
9144240801,9144238182,0.0,0.14469123,0.007654369,0.16765434,nan,nan,nan,nan,nan,nan,nan,nan,0
9144250280,9144247894,0.0,0.15999997,0.0,0.15999997,nan,nan,nan,nan,nan,nan,nan,nan,0
9144259682,9144257309,0.0,0.16,0.0,0.15999997,nan,nan,nan,nan,nan,nan,nan,nan,0
9144270417,9144267407,0.0,0.14448771,0.007756144,0.16775614,nan,nan,nan,nan,nan,nan,nan,nan,0
9144281305,9144277937,0.06353955,0.0,0.048230216,0.2082302,nan,nan,nan,nan,nan,nan,nan,nan,0
9144289756,9144287350,0.15617616,0.0,0.15196782,0.01185599,nan,nan,nan,nan,nan,nan,nan,nan,0
9144300173,9144297576,0.15999998,0.0,0.15999998,0.0,nan,nan,nan,nan,nan,nan,nan,nan,0
9144310710,9144307889,0.1562574,0.0,0.15879247,0.004950106,nan,nan,nan,nan,nan,nan,nan,nan,0
9144320204,9144317188,0.15999998,0.0,0.16,0.0,nan,nan,nan,nan,nan,nan,nan,nan,0
9144329627,9144327230,0.16,0.0,0.15999997,7.450581e-09,nan,nan,nan,nan,nan,nan,nan,nan,0
9144340102,9144337280,0.16,3.7252903e-09,0.15999997,0.0,nan,nan,nan,nan,nan,nan,nan,nan,0
9144351633,9144348164,0.15999998,0.0,0.15999998,0.0,nan,nan,nan,nan,nan,nan,nan,nan,0
9144360165,9144357748,0.16,3.7252903e-09,0.15999998,0.0,nan,nan,nan,nan,nan,nan,nan,nan,0
9144370651,9144368252,0.15999997,0.0,0.15999997,0.0,nan,nan,nan,nan,nan,nan,nan,nan,0
9144380028,9144377232,0.15999998,3.7252903e-09,0.15999997,0.0,nan,nan,nan,nan,nan,nan,nan,nan,0
9144390617,9144386926,0.15458006,0.022724338,0.086365774,0.056329787,nan,nan,nan,nan,nan,nan,nan,nan,0
9144400030,9144397450,0.09942412,0.055800237,0.0023878159,0.1623878,nan,nan,nan,nan,nan,nan,nan,nan,0
9144410599,9144408219,0.043989062,0.09160146,0.01220473,0.1722047,nan,nan,nan,nan,nan,nan,nan,nan,0
9144419973,9144417406,0.025952907,0.08790622,0.02307043,0.18307039,nan,nan,nan,nan,nan,nan,nan,nan,0
9144430259,9144427583,0.014608402,0.06812501,0.03863329,0.19863328,nan,nan,nan,nan,nan,nan,nan,nan,0
9144440943,9144438496,0.0079430975,0.043513846,0.054271523,0.21427149,nan,nan,nan,nan,nan,nan,nan,nan,0
9144450100,9144447318,0.031569704,0.002024725,0.063202776,0.22320274,nan,nan,nan,nan,nan,nan,nan,nan,0
9144461103,9144457914,0.1256265,0.0,0.038060166,0.1563133,nan,nan,nan,nan,nan,nan,nan,nan,0
9144470579,9144468167,0.140127,0.0,0.13186061,0.048012353,nan,nan,nan,nan,nan,nan,nan,nan,0
9144480409,9144478025,0.15999998,0.0,0.15999998,0.0,nan,nan,nan,nan,nan,nan,nan,nan,0
9144490814,9144488019,0.15999998,0.0,0.15999998,0.0,nan,nan,nan,nan,nan,nan,nan,nan,0
9144500287,9144497668,0.15999997,0.0,0.15999997,0.0,nan,nan,nan,nan,nan,nan,nan,nan,0
9144509951,9144507535,0.15999997,0.0,0.16,0.0,nan,nan,nan,nan,nan,nan,nan,nan,0
9144520561,9144517755,0.15999998,0.0,0.15999998,0.0,nan,nan,nan,nan,nan,nan,nan,nan,0
9144531972,9144528036,0.15999998,0.0,0.15999997,0.0,nan,nan,nan,nan,nan,nan,nan,nan,0
9144540946,9144538507,0.16,0.0,0.15999997,0.0,nan,nan,nan,nan,nan,nan,nan,nan,0
9144550638,9144548193,0.16,0.0,0.15999997,0.0,nan,nan,nan,nan,nan,nan,nan,nan,0
9144561081,9144558277,0.1620457,0.002045706,0.15590857,0.0,nan,nan,nan,nan,nan,nan,nan,nan,0
9144570652,9144568245,0.15439816,0.022441417,0.07803049,0.06512991,nan,nan,nan,nan,nan,nan,nan,nan,0
9144580215,9144577572,0.12057801,0.03890128,0.00026034375,0.1602603,nan,nan,nan,nan,nan,nan,nan,nan,0
9144590695,9144587888,0.10555905,0.041418258,0.0065113413,0.16651131,nan,nan,nan,nan,nan,nan,nan,nan,0
9144602247,9144598565,0.07106265,0.06400141,0.012467965,0.17246793,nan,nan,nan,nan,nan,nan,nan,nan,0
9144610822,9144608405,0.018958595,0.10775955,0.016640928,0.1766409,nan,nan,nan,nan,nan,nan,nan,nan,0
9144620277,9144617871,0.038295805,0.08417391,0.018765127,0.17876512,nan,nan,nan,nan,nan,nan,nan,nan,0
9144630691,9144628088,0.02637281,0.09533359,0.019146787,0.17914675,nan,nan,nan,nan,nan,nan,nan,nan,0
9144641183,9144638005,0.0057529155,0.12027441,0.016986324,0.17698629,nan,nan,nan,nan,nan,nan,nan,nan,0
9144650611,9144648239,0.071491115,0.0627777,0.012865589,0.17286555,nan,nan,nan,nan,nan,nan,nan,nan,0
9144661068,9144658466,0.13262223,0.011741306,0.060842965,0.11479347,nan,nan,nan,nan,nan,nan,nan,nan,0
9144672605,9144668531,0.15999997,0.0,0.15999997,0.0,nan,nan,nan,nan,nan,nan,nan,nan,0
9144680894,9144678311,0.16,0.0,0.15999997,0.0,nan,nan,nan,nan,nan,nan,nan,nan,0
9144690584,9144688154,0.14385988,0.004928137,0.1578099,0.0134020345,nan,nan,nan,nan,nan,nan,nan,nan,0
9144701151,9144698550,0.14304258,0.0038621216,0.14652641,0.026568865,nan,nan,nan,nan,nan,nan,nan,nan,0
9144711671,9144708254,0.15999997,0.0,0.15999997,0.0,nan,nan,nan,nan,nan,nan,nan,nan,0
9144720975,9144718608,0.15999998,0.0,0.16,0.0,nan,nan,nan,nan,nan,nan,nan,nan,0
9144730370,9144727801,0.06482953,0.09579198,0.13653289,0.022845568,nan,nan,nan,nan,nan,nan,nan,nan,0
9144740902,9144738273,0.09975217,0.06876725,0.065411136,0.086069405,nan,nan,nan,nan,nan,nan,nan,nan,0
9144750355,9144747743,0.16488443,0.004884472,0.12577625,0.02445479,nan,nan,nan,nan,nan,nan,nan,nan,0
9144760797,9144758405,0.15999997,0.0,0.15999997,0.0,nan,nan,nan,nan,nan,nan,nan,nan,0
9144771245,9144768423,0.13175417,0.028245807,0.0,0.15999998,nan,nan,nan,nan,nan,nan,nan,nan,0
9144781982,9144778497,0.0,0.15999997,9.313226e-10,0.16,nan,nan,nan,nan,nan,nan,nan,nan,0
9144790371,9144787996,0.08151674,0.060556334,0.008963458,0.16896342,nan,nan,nan,nan,nan,nan,nan,nan,0
9144800826,9144798434,0.022035854,0.09660573,0.020679196,0.18067916,nan,nan,nan,nan,nan,nan,nan,nan,0
9144811275,9144808453,0.0,0.110763535,0.024618216,0.18461819,nan,nan,nan,nan,nan,nan,nan,nan,0
9144820762,9144818151,0.016122457,0.047145102,0.048366215,0.20836619,nan,nan,nan,nan,nan,nan,nan,nan,0
9144831204,9144828605,0.043263398,0.0,0.058368295,0.21836829,nan,nan,nan,nan,nan,nan,nan,nan,0
9144841612,9144838799,0.11284925,0.0,0.023575366,0.18357536,nan,nan,nan,nan,nan,nan,nan,nan,0
9144852093,9144848876,0.14070837,0.0,0.05536204,0.123929545,nan,nan,nan,nan,nan,nan,nan,nan,0
9144860502,9144857893,0.16,0.0,0.15999997,0.0,nan,nan,nan,nan,nan,nan,nan,nan,0
9144871026,9144868633,0.15999998,0.0,0.15999998,0.0,nan,nan,nan,nan,nan,nan,nan,nan,0
9144881542,9144878894,0.14685167,0.0,0.14677441,0.02637387,nan,nan,nan,nan,nan,nan,nan,nan,0
9144891974,9144888078,0.15994595,0.0,0.160027,2.7015805e-05,nan,nan,nan,nan,nan,nan,nan,nan,0
9144901338,9144898771,0.15999997,0.0,0.15999997,0.0,nan,nan,nan,nan,nan,nan,nan,nan,0
9144910781,9144908199,0.15999997,0.0,0.15999997,7.450581e-09,nan,nan,nan,nan,nan,nan,nan,nan,0
9144922255,9144918882,0.15999997,0.0,0.15999997,0.0,nan,nan,nan,nan,nan,nan,nan,nan,0
9144930659,9144928294,0.13045573,0.0,0.15037864,0.039165594,nan,nan,nan,nan,nan,nan,nan,nan,0
9144941171,9144938784,0.11543907,0.0,0.04723423,0.15732667,nan,nan,nan,nan,nan,nan,nan,nan,0
9144951737,9144949129,0.07348738,0.03014403,0.028184285,0.18818426,nan,nan,nan,nan,nan,nan,nan,nan,0
9144961183,9144957711,0.06373224,0.037633054,0.02931734,0.18931733,nan,nan,nan,nan,nan,nan,nan,nan,0
9144970621,9144968241,0.082154065,0.01659298,0.030626465,0.19062643,nan,nan,nan,nan,nan,nan,nan,nan,0
9144981148,9144978758,0.06320965,0.031468038,0.03266115,0.19266115,nan,nan,nan,nan,nan,nan,nan,nan,0
9144991703,9144989048,0.033999417,0.05725212,0.034374226,0.19437422,nan,nan,nan,nan,nan,nan,nan,nan,0
9145001110,9144998530,0.018902354,0.070918754,0.035089433,0.1950894,nan,nan,nan,nan,nan,nan,nan,nan,0
9145011583,9145009176,0.013682436,0.076395586,0.03496098,0.19496095,nan,nan,nan,nan,nan,nan,nan,nan,0
9145021944,9145019164,0.0,0.11759732,0.021201335,0.18120131,nan,nan,nan,nan,nan,nan,nan,nan,0
9145032477,9145028327,0.0,0.15999997,3.7252903e-09,0.15999997,nan,nan,nan,nan,nan,nan,nan,nan,0
9145040902,9145038506,0.0,0.15687771,0.001561135,0.1615611,nan,nan,nan,nan,nan,nan,nan,nan,0
9145051356,9145048956,0.15902193,0.0,0.023691325,0.13728671,nan,nan,nan,nan,nan,nan,nan,nan,0
9145061767,9145059164,0.16,0.0,0.16,0.0,nan,nan,nan,nan,nan,nan,nan,nan,0
9145071197,9145068631,0.16,0.0,0.16,0.0,nan,nan,nan,nan,nan,nan,nan,nan,0
9145080979,9145078560,0.15999997,0.0,0.15999997,0.0,nan,nan,nan,nan,nan,nan,nan,nan,0
9145091418,9145088542,0.15999997,0.0,0.15999997,0.0,nan,nan,nan,nan,nan,nan,nan,nan,0
9145102784,9145099125,0.17969735,0.035494786,0.10480784,0.0,nan,nan,nan,nan,nan,nan,nan,nan,0
9145111203,9145108822,0.21059737,0.07747291,0.031929687,0.0,nan,nan,nan,nan,nan,nan,nan,nan,0
9145121776,9145119357,0.18541712,0.068789124,0.0,0.06579372,nan,nan,nan,nan,nan,nan,nan,nan,0
9145131104,9145128521,0.092974536,0.067025445,0.0,0.15999998,nan,nan,nan,nan,nan,nan,nan,nan,0
9145141679,9145139236,0.1024662,0.05753378,0.0,0.15999997,nan,nan,nan,nan,nan,nan,nan,nan,0
9145150988,9145148621,0.11590219,0.044097804,0.0,0.15999997,nan,nan,nan,nan,nan,nan,nan,nan,0
9145161479,9145158670,0.1195017,0.04049828,0.0,0.15999998,nan,nan,nan,nan,nan,nan,nan,nan,0
9145172977,9145169309,0.1300942,0.029905796,0.0,0.16,nan,nan,nan,nan,nan,nan,nan,nan,0
9145181480,9145178889,0.10331212,0.056687877,0.0,0.15999998,nan,nan,nan,nan,nan,nan,nan,nan,0
9145191883,9145189493,0.06011432,0.09988566,0.0,0.16,nan,nan,nan,nan,nan,nan,nan,nan,0
9145201407,9145198590,0.0066958573,0.14786196,0.0027210803,0.16272105,nan,nan,nan,nan,nan,nan,nan,nan,0
9145211901,9145208891,0.020762522,0.09946884,0.019884314,0.1798843,nan,nan,nan,nan,nan,nan,nan,nan,0
9145221292,9145218914,0.117846295,0.0,0.115717545,0.08643612,nan,nan,nan,nan,nan,nan,nan,nan,0
9145231734,9145229134,0.16,0.0,0.16,0.0,nan,nan,nan,nan,nan,nan,nan,nan,0
9145243215,9145239345,0.15999997,0.0,0.05209443,0.10790556,nan,nan,nan,nan,nan,nan,nan,nan,0
9145251607,9145249241,0.1528567,0.0,0.038489312,0.12865396,nan,nan,nan,nan,nan,nan,nan,nan,0
9145262058,9145259660,0.15999997,0.0,0.043277457,0.11672252,nan,nan,nan,nan,nan,nan,nan,nan,0
9145272482,9145269676,0.15999997,0.0,0.050716884,0.10928309,nan,nan,nan,nan,nan,nan,nan,nan,0
9145282213,9145279201,0.16,0.0,0.10159616,0.05840382,nan,nan,nan,nan,nan,nan,nan,nan,0
9145291726,9145289116,0.15999998,0.0,0.086631685,0.073368296,nan,nan,nan,nan,nan,nan,nan,nan,0
9145301112,9145298740,0.14866497,0.0,0.041440517,0.12989448,nan,nan,nan,nan,nan,nan,nan,nan,0
9145311537,9145308732,0.16101955,0.017414879,0.08811106,0.053454477,nan,nan,nan,nan,nan,nan,nan,nan,0
9145320995,9145318619,0.15999997,0.0,0.16,0.0,nan,nan,nan,nan,nan,nan,nan,nan,0
9145331456,9145329057,0.15999998,0.0,0.15999998,0.0,nan,nan,nan,nan,nan,nan,nan,nan,0
9145341892,9145339264,0.1590778,0.00092217326,0.16,0.0,nan,nan,nan,nan,nan,nan,nan,nan,0
9145353297,9145349430,0.15458715,0.0,0.13017648,0.035236325,nan,nan,nan,nan,nan,nan,nan,nan,0
9145361744,9145359345,0.1548395,0.0,0.11097306,0.054187402,nan,nan,nan,nan,nan,nan,nan,nan,0
9145371244,9145368641,0.15287521,0.0,0.10272044,0.06440431,nan,nan,nan,nan,nan,nan,nan,nan,0
9145381673,9145378862,0.1461654,0.0,0.07052146,0.103313096,nan,nan,nan,nan,nan,nan,nan,nan,0
9145392252,9145389579,0.13426709,0.0,0.01777473,0.16795814,nan,nan,nan,nan,nan,nan,nan,nan,0
9145401583,9145399203,0.060829982,0.0,0.049585,0.20958498,nan,nan,nan,nan,nan,nan,nan,nan,0
9145412456,9145409463,0.08075003,0.0,0.039624974,0.19962496,nan,nan,nan,nan,nan,nan,nan,nan,0
9145422992,9145419780,0.13314478,0.0,0.01649122,0.17036396,nan,nan,nan,nan,nan,nan,nan,nan,0
9145431371,9145428768,0.13921407,0.0,0.06302799,0.1177579,nan,nan,nan,nan,nan,nan,nan,nan,0
9145441885,9145439453,0.14422365,0.0,0.07069847,0.10507786,nan,nan,nan,nan,nan,nan,nan,nan,0
9145452850,9145450007,0.14525099,0.0,0.062365655,0.11238332,nan,nan,nan,nan,nan,nan,nan,nan,0
9145461785,9145459021,0.14560434,0.0,0.06440378,0.10999184,nan,nan,nan,nan,nan,nan,nan,nan,0
9145472288,9145469676,0.14326696,0.0,0.04651227,0.13022071,nan,nan,nan,nan,nan,nan,nan,nan,0
9145481696,9145479110,0.14128987,0.0,0.025233403,0.15347669,nan,nan,nan,nan,nan,nan,nan,nan,0
9145493177,9145490004,0.113711506,0.004009517,0.02113947,0.18113944,nan,nan,nan,nan,nan,nan,nan,nan,0
9145501563,9145499203,0.023106815,0.113489754,0.011701709,0.17170167,nan,nan,nan,nan,nan,nan,nan,nan,0
9145512371,9145509897,0.0,0.15999998,0.0,0.15999997,nan,nan,nan,nan,nan,nan,nan,nan,0
9145521918,9145519074,0.057300195,0.10269978,0.0,0.15999998,nan,nan,nan,nan,nan,nan,nan,nan,0
9145532613,9145528700,0.15095556,0.009044424,0.0,0.15999998,nan,nan,nan,nan,nan,nan,nan,nan,0
9145542248,9145539613,0.187099,0.027098998,0.03734213,0.06845986,nan,nan,nan,nan,nan,nan,nan,nan,0
9145551554,9145548981,0.15999997,0.0,0.16,0.0,nan,nan,nan,nan,nan,nan,nan,nan,0
9145562056,9145559436,0.15999997,0.0,0.16,0.0,nan,nan,nan,nan,nan,nan,nan,nan,0
9145571461,9145569091,0.17312588,0.013125896,0.13374819,0.0,nan,nan,nan,nan,nan,nan,nan,nan,0
9145581971,9145579381,0.18249786,0.022688854,0.067452684,0.047360558,nan,nan,nan,nan,nan,nan,nan,nan,0
9145592373,9145589574,0.16357695,0.0035769641,0.15284605,0.0,nan,nan,nan,nan,nan,nan,nan,nan,0
9145602850,9145599457,0.15999997,0.0,0.15999997,0.0,nan,nan,nan,nan,nan,nan,nan,nan,0
9145612246,9145609840,0.16,1.4901161e-08,0.15999997,0.0,nan,nan,nan,nan,nan,nan,nan,nan,0
9145621773,9145619337,0.15999995,0.0,0.15999998,7.450581e-09,nan,nan,nan,nan,nan,nan,nan,nan,0
9145632167,9145629332,0.13557754,0.0,0.14592142,0.03850098,nan,nan,nan,nan,nan,nan,nan,nan,0
9145641748,9145639115,0.08896484,0.0097420905,0.030646523,0.1906465,nan,nan,nan,nan,nan,nan,nan,nan,0
9145652151,9145649739,0.15159056,0.0,0.046032738,0.12237668,nan,nan,nan,nan,nan,nan,nan,nan,0
9145663278,9145660140,0.14941862,0.0,0.09752826,0.073053084,nan,nan,nan,nan,nan,nan,nan,nan,0
9145672835,9145669336,0.051236864,0.0,0.05438156,0.21438153,nan,nan,nan,nan,nan,nan,nan,nan,0
9145682142,9145679756,0.04082842,0.0077516735,0.055709943,0.21570992,nan,nan,nan,nan,nan,nan,nan,nan,0
9145692656,9145690072,0.1209103,0.0,0.06401476,0.13507491,nan,nan,nan,nan,nan,nan,nan,nan,0
9145702039,9145699442,0.119819805,0.0,0.04419123,0.15598893,nan,nan,nan,nan,nan,nan,nan,nan,0
9145712693,9145710310,0.04381055,0.042061124,0.037064154,0.19706412,nan,nan,nan,nan,nan,nan,nan,nan,0
9145722105,9145719722,0.0,0.15999997,1.4901161e-08,0.15999995,nan,nan,nan,nan,nan,nan,nan,nan,0
9145732529,9145729731,0.0,0.15999997,0.0,0.16,nan,nan,nan,nan,nan,nan,nan,nan,0
9145743434,9145740262,1.4901161e-08,0.16,0.0,0.15999997,nan,nan,nan,nan,nan,nan,nan,nan,0
9145751830,9145749256,0.0,0.15999998,0.0,0.15999997,nan,nan,nan,nan,nan,nan,nan,nan,0
9145762329,9145759894,0.15278147,0.00721851,0.0,0.15999998,nan,nan,nan,nan,nan,nan,nan,nan,0
9145772740,9145769920,0.15999997,0.0,0.15999998,0.0,nan,nan,nan,nan,nan,nan,nan,nan,0
9145783164,9145779771,0.16,0.0,0.15999997,0.0,nan,nan,nan,nan,nan,nan,nan,nan,0
9145792909,9145790297,0.15999997,0.0,0.15999997,0.0,nan,nan,nan,nan,nan,nan,nan,nan,0
9145802261,9145799873,0.047418986,0.112580985,0.16,0.0,nan,nan,nan,nan,nan,nan,nan,nan,0
9145813903,9145810397,0.0,0.15999997,0.0,0.15999997,nan,nan,nan,nan,nan,nan,nan,nan,0
9145822282,9145819902,0.0,0.15999997,0.0,0.16000003,nan,nan,nan,nan,nan,nan,nan,nan,0
9145832765,9145830360,5.9604645e-08,0.1599999,0.0,0.15999997,nan,nan,nan,nan,nan,nan,nan,nan,0
9145843190,9145840561,0.0,0.15999997,0.0,0.15999997,nan,nan,nan,nan,nan,nan,nan,nan,0
9145853675,9145850004,0.17782618,0.018692672,0.12348111,0.0,nan,nan,nan,nan,nan,nan,nan,nan,0
9145864130,9145859603,0.15999994,1.4901161e-08,0.15999997,0.0,nan,nan,nan,nan,nan,nan,nan,nan,0
9145872582,9145869931,0.15999997,0.0,0.15999997,0.0,nan,nan,nan,nan,nan,nan,nan,nan,0
9145882936,9145880560,0.16000001,0.0,0.15999995,0.0,nan,nan,nan,nan,nan,nan,nan,nan,0
9145892423,9145889843,0.15999994,2.9802322e-08,0.15999997,0.0,nan,nan,nan,nan,nan,nan,nan,nan,0
9145902926,9145900521,0.15999997,0.0,0.16000003,0.0,nan,nan,nan,nan,nan,nan,nan,nan,0
9145913272,9145910675,0.15999994,2.9802322e-08,0.16,0.0,nan,nan,nan,nan,nan,nan,nan,nan,0
9145923747,9145920280,0.15999997,0.0,0.16,0.0,nan,nan,nan,nan,nan,nan,nan,nan,0
9145932194,9145929813,0.0,0.15999997,0.0,0.16,nan,nan,nan,nan,nan,nan,nan,nan,0
9145942675,9145940251,0.0,0.16,0.0,0.15999997,nan,nan,nan,nan,nan,nan,nan,nan,0
9145952600,9145949808,0.0,0.15999997,0.06518481,0.09481517,nan,nan,nan,nan,nan,nan,nan,nan,0
9145963177,9145960735,0.15999997,0.0,0.059611768,0.100388214,nan,nan,nan,nan,nan,nan,nan,nan,0
9145972746,9145970311,0.10633906,0.042793427,0.049516607,0.12135087,nan,nan,nan,nan,nan,nan,nan,nan,0
9145983138,9145980299,0.11167894,0.032898426,0.08838308,0.087039515,nan,nan,nan,nan,nan,nan,nan,nan,0
9145994597,9145990733,0.0,0.15999997,0.04078912,0.11921086,nan,nan,nan,nan,nan,nan,nan,nan,0
9146002509,9146000086,0.0,0.15999997,0.0,0.15999998,nan,nan,nan,nan,nan,nan,nan,nan,0
9146012633,9146010194,0.0,0.16,0.0,0.16,nan,nan,nan,nan,nan,nan,nan,nan,0
9146023557,9146020758,0.0,0.15999997,0.0,0.16,nan,nan,nan,nan,nan,nan,nan,nan,0
9146033104,9146029715,0.0022711304,0.16227111,0.12216155,0.033296168,nan,nan,nan,nan,nan,nan,nan,nan,0
9146042633,9146040232,0.010262055,0.17026205,0.05091005,0.08856582,nan,nan,nan,nan,nan,nan,nan,nan,0
9146052927,9146050050,0.0,0.16,0.0,0.16,nan,nan,nan,nan,nan,nan,nan,nan,0
9146064606,9146060732,0.1756896,0.015689595,0.0038290713,0.12479173,nan,nan,nan,nan,nan,nan,nan,nan,0
9146073028,9146070442,0.15999998,0.0,0.15999998,0.0,nan,nan,nan,nan,nan,nan,nan,nan,0
9146082510,9146080092,0.15999997,0.0,0.15999997,0.0,nan,nan,nan,nan,nan,nan,nan,nan,0
9146092994,9146090376,0.15999997,0.0,0.16,0.0,nan,nan,nan,nan,nan,nan,nan,nan,0
9146102440,9146099658,0.15999997,0.0,0.15999997,0.0,nan,nan,nan,nan,nan,nan,nan,nan,0
9146112935,9146110525,0.16,0.0,0.15260065,0.0073993495,nan,nan,nan,nan,nan,nan,nan,nan,0
9146123329,9146120917,0.15999997,0.0,0.06845036,0.091549635,nan,nan,nan,nan,nan,nan,nan,nan,0
9146132778,9146130199,0.15999997,0.0,0.049938343,0.11006164,nan,nan,nan,nan,nan,nan,nan,nan,0
9146142401,9146140003,0.15999997,0.0,0.0840177,0.07598228,nan,nan,nan,nan,nan,nan,nan,nan,0
9146152856,9146150457,0.15999998,0.0,0.108406976,0.051593006,nan,nan,nan,nan,nan,nan,nan,nan,0
9146163566,9146160728,0.015035693,0.14082502,0.004041206,0.16009806,nan,nan,nan,nan,nan,nan,nan,nan,0
9146173844,9146170419,0.0,0.15999997,0.0,0.16,nan,nan,nan,nan,nan,nan,nan,nan,0
9146183220,9146180851,0.15999997,0.0,0.1132128,0.046787176,nan,nan,nan,nan,nan,nan,nan,nan,0
9146192660,9146190273,0.14182363,0.013972988,0.09311634,0.07108699,nan,nan,nan,nan,nan,nan,nan,nan,0
9146203166,9146200516,0.14383674,0.008908351,0.09788894,0.06936594,nan,nan,nan,nan,nan,nan,nan,nan,0
9146212593,9146210012,0.15999997,0.0,0.14483812,0.015161857,nan,nan,nan,nan,nan,nan,nan,nan,0
9146223217,9146220808,0.1500256,0.00097557064,0.11410564,0.054893136,nan,nan,nan,nan,nan,nan,nan,nan,0
9146233620,9146230797,0.15999998,0.0,0.06980074,0.09019924,nan,nan,nan,nan,nan,nan,nan,nan,0
9146244170,9146240952,0.1205418,0.03635375,0.001552214,0.16155218,nan,nan,nan,nan,nan,nan,nan,nan,0
9146252517,9146250132,0.045462735,0.11453725,0.0,0.15999997,nan,nan,nan,nan,nan,nan,nan,nan,0
9146263041,9146260644,0.017268538,0.14273144,0.0,0.15999997,nan,nan,nan,nan,nan,nan,nan,nan,0
9146273430,9146270832,0.028010972,0.131989,0.0,0.15999997,nan,nan,nan,nan,nan,nan,nan,nan,0
9146282869,9146280297,0.071796305,0.08820367,0.0,0.15999997,nan,nan,nan,nan,nan,nan,nan,nan,0
9146293380,9146290971,0.15171929,0.008443055,0.0070374035,0.15280022,nan,nan,nan,nan,nan,nan,nan,nan,0
9146303777,9146300977,0.14278582,0.0064469324,0.10400429,0.06676291,nan,nan,nan,nan,nan,nan,nan,nan,0
9146314661,9146311191,0.15999997,0.0,0.068343714,0.09165628,nan,nan,nan,nan,nan,nan,nan,nan,0
9146323137,9146320711,0.16,0.0,0.041354448,0.118645534,nan,nan,nan,nan,nan,nan,nan,nan,0
9146333566,9146331155,0.16,0.0,0.03680618,0.12319379,nan,nan,nan,nan,nan,nan,nan,nan,0
9146343984,9146341172,0.15999997,0.0,0.020405129,0.13959485,nan,nan,nan,nan,nan,nan,nan,nan,0
9146353468,9146350285,0.15999998,0.0,0.03290525,0.12709473,nan,nan,nan,nan,nan,nan,nan,nan,0
9146362913,9146360334,0.16,0.0,0.033374675,0.1266253,nan,nan,nan,nan,nan,nan,nan,nan,0
9146373444,9146370624,0.15999997,0.0,0.027578145,0.13242182,nan,nan,nan,nan,nan,nan,nan,nan,0
9146384927,9146381228,0.15999997,0.0,0.114047945,0.045952033,nan,nan,nan,nan,nan,nan,nan,nan,0
9146393469,9146391070,0.15999997,0.0,0.15999998,0.0,nan,nan,nan,nan,nan,nan,nan,nan,0
9146403068,9146400479,0.15999998,0.0,0.1446217,0.015378285,nan,nan,nan,nan,nan,nan,nan,nan,0
9146413574,9146410740,0.11708861,0.0,0.114832446,0.0880789,nan,nan,nan,nan,nan,nan,nan,nan,0
9146424090,9146420879,0.15904284,0.0,0.109963655,0.050993472,nan,nan,nan,nan,nan,nan,nan,nan,0
9146433473,9146431078,0.15999997,0.0,0.090064004,0.06993596,nan,nan,nan,nan,nan,nan,nan,nan,0
9146443969,9146441548,0.152993,0.0,0.06951481,0.09749216,nan,nan,nan,nan,nan,nan,nan,nan,0
9146453277,9146450709,0.15999997,0.0,0.050454177,0.109545805,nan,nan,nan,nan,nan,nan,nan,nan,0
9146462786,9146460408,0.12083928,0.0,0.01958035,0.17958032,nan,nan,nan,nan,nan,nan,nan,nan,0
9146473603,9146471137,0.06592833,0.0,0.04703583,0.20703581,nan,nan,nan,nan,nan,nan,nan,nan,0
9146483999,9146481173,0.100311235,0.0,0.029844373,0.18984437,nan,nan,nan,nan,nan,nan,nan,nan,0
9146494431,9146491042,0.0070387423,0.005173065,0.07389409,0.23389405,nan,nan,nan,nan,nan,nan,nan,nan,0
9146503824,9146501450,0.0,0.16,1.4901161e-08,0.15999997,nan,nan,nan,nan,nan,nan,nan,nan,0
9146513509,9146511090,0.0,0.16,0.0,0.15999997,nan,nan,nan,nan,nan,nan,nan,nan,0
9146524169,9146521507,0.15860388,0.0,0.11205278,0.049343314,nan,nan,nan,nan,nan,nan,nan,nan,0
9146533822,9146531178,0.15999997,0.0,0.15999997,0.0,nan,nan,nan,nan,nan,nan,nan,nan,0
9146543266,9146540864,0.15999998,0.0,0.020312503,0.13968748,nan,nan,nan,nan,nan,nan,nan,nan,0
9146553619,9146550850,0.15999997,0.0,0.030230062,0.12976992,nan,nan,nan,nan,nan,nan,nan,nan,0
9146565232,9146561556,0.15999997,0.0,0.060171787,0.0998282,nan,nan,nan,nan,nan,nan,nan,nan,0
9146573680,9146571288,0.15999998,0.0,0.057697594,0.10230239,nan,nan,nan,nan,nan,nan,nan,nan,0
9146583075,9146580498,0.15999997,0.0,0.10284493,0.05715505,nan,nan,nan,nan,nan,nan,nan,nan,0
9146593575,9146590919,0.16,0.0,0.05192488,0.108075105,nan,nan,nan,nan,nan,nan,nan,nan,0
9146603991,9146601390,0.166356,0.006355995,0.05977065,0.08751734,nan,nan,nan,nan,nan,nan,nan,nan,0
9146613495,9146610905,0.17347705,0.013477058,0.061715484,0.07133038,nan,nan,nan,nan,nan,nan,nan,nan,0
9146623899,9146621100,0.17481574,0.017092993,0.077476285,0.05061493,nan,nan,nan,nan,nan,nan,nan,nan,0
9146635373,9146631707,0.17280644,0.012806472,0.13228384,0.0021031862,nan,nan,nan,nan,nan,nan,nan,nan,0
9146643986,9146641345,0.16756846,0.0075684926,0.122330025,0.02253298,nan,nan,nan,nan,nan,nan,nan,nan,0
9146653362,9146650986,0.15999997,0.0,0.1262242,0.033775777,nan,nan,nan,nan,nan,nan,nan,nan,0
9146663807,9146661202,0.15999998,0.0,0.15616281,0.0038371682,nan,nan,nan,nan,nan,nan,nan,nan,0
9146674399,9146671613,0.15999997,0.0,0.12342703,0.03657294,nan,nan,nan,nan,nan,nan,nan,nan,0
9146684158,9146681547,0.15860285,0.0,0.0039826483,0.15741447,nan,nan,nan,nan,nan,nan,nan,nan,0
9146693790,9146691407,0.02220726,0.06266863,0.03756205,0.19756201,nan,nan,nan,nan,nan,nan,nan,nan,0
9146704325,9146701674,0.0,0.10857338,0.025713295,0.18571326,nan,nan,nan,nan,nan,nan,nan,nan,0
9146713759,9146711356,0.0,0.15999997,0.0,0.15999997,nan,nan,nan,nan,nan,nan,nan,nan,0
9146724246,9146721624,1.4901161e-08,0.15999997,0.0,0.15999997,nan,nan,nan,nan,nan,nan,nan,nan,0
9146733829,9146731211,0.10526688,0.054733105,0.0,0.15999997,nan,nan,nan,nan,nan,nan,nan,nan,0
9146745305,9146741436,0.15999997,0.0,0.15999997,0.0,nan,nan,nan,nan,nan,nan,nan,nan,0
9146753763,9146751371,0.15999997,0.0,0.15999997,0.0,nan,nan,nan,nan,nan,nan,nan,nan,0
9146764237,9146761823,0.17797692,0.017976949,0.055008493,0.06903759,nan,nan,nan,nan,nan,nan,nan,nan,0
9146774661,9146771868,0.17667454,0.016674558,0.03408394,0.09256693,nan,nan,nan,nan,nan,nan,nan,nan,0
9146784193,9146781616,0.17594585,0.015945863,0.008387718,0.11972052,nan,nan,nan,nan,nan,nan,nan,nan,0
9146793588,9146791017,0.17542109,0.015421109,0.036828607,0.09232916,nan,nan,nan,nan,nan,nan,nan,nan,0
9146804063,9146801233,0.17579713,0.015797153,0.026472535,0.101933144,nan,nan,nan,nan,nan,nan,nan,nan,0
9146815667,9146811794,0.17843206,0.0184321,0.023954883,0.09918089,nan,nan,nan,nan,nan,nan,nan,nan,0
9146824114,9146821710,0.18523067,0.025230708,0.0687607,0.04077787,nan,nan,nan,nan,nan,nan,nan,nan,0
9146833619,9146831042,0.16747119,0.0074712187,0.14505754,0.0,nan,nan,nan,nan,nan,nan,nan,nan,0
9146844118,9146841480,0.15999997,0.0,0.16,0.0,nan,nan,nan,nan,nan,nan,nan,nan,0
9146854581,9146851967,0.15999998,0.0,0.15999998,0.0,nan,nan,nan,nan,nan,nan,nan,nan,0
9146863980,9146861406,0.15999998,0.0,0.15999998,0.0,nan,nan,nan,nan,nan,nan,nan,nan,0
9146874467,9146871867,0.15999997,0.0,0.011782065,0.14821792,nan,nan,nan,nan,nan,nan,nan,nan,0
9146885940,9146882059,0.09939179,0.0,0.030304102,0.19030409,nan,nan,nan,nan,nan,nan,nan,nan,0
9146893394,9146890995,0.15999998,0.0,0.09295485,0.06704513,nan,nan,nan,nan,nan,nan,nan,nan,0
9146903991,9146901537,0.16,0.0,0.07962361,0.08037636,nan,nan,nan,nan,nan,nan,nan,nan,0
9146914367,9146911566,0.092171,0.0,0.03391449,0.19391447,nan,nan,nan,nan,nan,nan,nan,nan,0
9146924849,9146921179,0.0,0.041757204,0.059121393,0.2191214,nan,nan,nan,nan,nan,nan,nan,nan,0
9146934282,9146931704,0.0,0.05239653,0.053801723,0.21380168,nan,nan,nan,nan,nan,nan,nan,nan,0
9146944829,9146942005,0.0,0.10425959,0.0278702,0.18787017,nan,nan,nan,nan,nan,nan,nan,nan,0
9146955640,9146952175,0.0,0.15999997,0.0,0.15999997,nan,nan,nan,nan,nan,nan,nan,nan,0
9146964060,9146961469,0.0,0.15999998,0.0,0.15999997,nan,nan,nan,nan,nan,nan,nan,nan,0
9146974595,9146972162,0.07617294,0.039701283,0.022062883,0.18206285,nan,nan,nan,nan,nan,nan,nan,nan,0
9146984211,9146981576,0.15999998,0.0,0.16,0.0,nan,nan,nan,nan,nan,nan,nan,nan,0
9146994686,9146991899,0.15999997,0.0,0.15999997,0.0,nan,nan,nan,nan,nan,nan,nan,nan,0
9147004171,9147001736,0.15999998,0.0,0.10248412,0.05751585,nan,nan,nan,nan,nan,nan,nan,nan,0
9147014661,9147012251,0.15999998,0.0,0.09794602,0.062053964,nan,nan,nan,nan,nan,nan,nan,nan,0
9147025182,9147022373,0.15999997,0.0,0.08612289,0.07387709,nan,nan,nan,nan,nan,nan,nan,nan,0
9147033687,9147031113,0.16,0.0,0.16,0.0,nan,nan,nan,nan,nan,nan,nan,nan,0
9147044454,9147042068,0.15999998,0.0,0.15999998,0.0,nan,nan,nan,nan,nan,nan,nan,nan,0
9147054808,9147052033,0.16,0.0,0.090288915,0.06971107,nan,nan,nan,nan,nan,nan,nan,nan,0
9147065584,9147062055,0.15999997,0.0,0.028393492,0.13160649,nan,nan,nan,nan,nan,nan,nan,nan,0
9147073957,9147071572,0.15999998,0.0,0.05390502,0.10609497,nan,nan,nan,nan,nan,nan,nan,nan,0
9147084417,9147081817,0.15999997,0.0,0.07129865,0.08870134,nan,nan,nan,nan,nan,nan,nan,nan,0
9147094806,9147092200,0.16,0.0,0.081303775,0.07869622,nan,nan,nan,nan,nan,nan,nan,nan,0
9147104289,9147101663,0.15999997,0.0,0.057578083,0.10242191,nan,nan,nan,nan,nan,nan,nan,nan,0
9147115047,9147112045,0.10709696,0.0,0.029363543,0.18353945,nan,nan,nan,nan,nan,nan,nan,nan,0
9147124490,9147121690,0.0,0.16,0.0,0.16,nan,nan,nan,nan,nan,nan,nan,nan,0
9147135966,9147132293,0.0,0.15999998,0.0,0.15999998,nan,nan,nan,nan,nan,nan,nan,nan,0
9147144445,9147142061,0.0,0.15999997,0.0,0.15999997,nan,nan,nan,nan,nan,nan,nan,nan,0
9147154394,9147151996,0.0,0.16,0.0,0.15999997,nan,nan,nan,nan,nan,nan,nan,nan,0
9147165047,9147162450,0.00903054,0.068785846,0.041091796,0.20109177,nan,nan,nan,nan,nan,nan,nan,nan,0
9147174541,9147171939,0.15999997,0.0,0.15999997,0.0,nan,nan,nan,nan,nan,nan,nan,nan,0
9147185036,9147182631,0.15999997,0.0,0.16000003,0.0,nan,nan,nan,nan,nan,nan,nan,nan,0
9147194371,9147191774,0.15999998,0.0,0.040164933,0.11983505,nan,nan,nan,nan,nan,nan,nan,nan,0
9147205928,9147202515,0.0,0.1599999,1.4901161e-08,0.16,nan,nan,nan,nan,nan,nan,nan,nan,0
9147214655,9147212276,0.16,0.0,0.07664568,0.0833543,nan,nan,nan,nan,nan,nan,nan,nan,0
9147224080,9147221675,0.15999998,0.0,0.055739995,0.10425998,nan,nan,nan,nan,nan,nan,nan,nan,0
9147234675,9147231841,0.12123008,0.0,0.03735274,0.16141714,nan,nan,nan,nan,nan,nan,nan,nan,0
9147245083,9147241381,0.15999998,0.0,0.05464818,0.105351806,nan,nan,nan,nan,nan,nan,nan,nan,0
9147254569,9147251932,0.11601018,0.0074419454,0.018273927,0.17827392,nan,nan,nan,nan,nan,nan,nan,nan,0
9147264967,9147262358,0.16,0.0,0.035993397,0.1240066,nan,nan,nan,nan,nan,nan,nan,nan,0
9147275391,9147272769,0.15999998,0.0,0.008083493,0.15191649,nan,nan,nan,nan,nan,nan,nan,nan,0
9147284811,9147282445,0.15999998,0.0,0.042089194,0.117910795,nan,nan,nan,nan,nan,nan,nan,nan,0
9147294237,9147291847,0.16,0.0,0.09665794,0.06334204,nan,nan,nan,nan,nan,nan,nan,nan,0
9147304694,9147301882,0.15999998,0.0,0.05438441,0.10561557,nan,nan,nan,nan,nan,nan,nan,nan,0
9147316710,9147312759,0.15999997,0.0,0.002954051,0.15704593,nan,nan,nan,nan,nan,nan,nan,nan,0
9147323982,9147321417,0.11882341,0.041176565,0.0,0.15999997,nan,nan,nan,nan,nan,nan,nan,nan,0
9147334511,9147332101,0.118907884,0.041092098,0.0,0.16,nan,nan,nan,nan,nan,nan,nan,nan,0
9147344977,9147342144,0.20036328,0.040363293,0.042089585,0.03718381,nan,nan,nan,nan,nan,nan,nan,nan,0
9147354444,9147351839,0.15999998,0.0,0.15999998,0.0,nan,nan,nan,nan,nan,nan,nan,nan,0
9147364955,9147362535,0.2177943,0.057794336,0.030634802,0.013776507,nan,nan,nan,nan,nan,nan,nan,nan,0
9147375348,9147372544,0.21521488,0.055214886,0.0111979805,0.038372237,nan,nan,nan,nan,nan,nan,nan,nan,0
9147385825,9147382657,0.18811601,0.028116032,0.10376792,0.0,nan,nan,nan,nan,nan,nan,nan,nan,0
9147394249,9147391873,0.20328042,0.04328043,0.03236696,0.04107216,nan,nan,nan,nan,nan,nan,nan,nan,0
9147404865,9147402400,0.14928856,0.010711417,0.0,0.16,nan,nan,nan,nan,nan,nan,nan,nan,0
9147415405,9147412590,0.1558033,0.0041966885,0.0,0.16,nan,nan,nan,nan,nan,nan,nan,nan,0
9147424876,9147422299,0.18942234,0.029422352,0.013622051,0.08753323,nan,nan,nan,nan,nan,nan,nan,nan,0
9147435404,9147432997,0.18612859,0.026128594,0.01386708,0.093875706,nan,nan,nan,nan,nan,nan,nan,nan,0
9147445513,9147442676,0.18376271,0.023762738,0.0067741666,0.10570034,nan,nan,nan,nan,nan,nan,nan,nan,0
9147456976,9147453074,0.1841911,0.024191123,0.08728643,0.024331313,nan,nan,nan,nan,nan,nan,nan,nan,0
9147464356,9147461972,0.15999998,0.0,0.16,0.0,nan,nan,nan,nan,nan,nan,nan,nan,0
9147474855,9147472446,0.2021045,0.04210451,0.039419625,0.03637134,nan,nan,nan,nan,nan,nan,nan,nan,0
9147485392,9147482532,0.057664298,0.102335684,0.0,0.15999997,nan,nan,nan,nan,nan,nan,nan,nan,0
9147495763,9147492092,0.19848132,0.038481332,0.011781849,0.07125547,nan,nan,nan,nan,nan,nan,nan,nan,0
9147505393,9147502977,0.19592053,0.035920568,0.08208615,0.0060727,nan,nan,nan,nan,nan,nan,nan,nan,0
9147514955,9147512134,0.18943451,0.02943454,0.101130895,0.0,nan,nan,nan,nan,nan,nan,nan,nan,0
9147526699,9147522993,0.16542035,0.005420387,0.14915921,0.0,nan,nan,nan,nan,nan,nan,nan,nan,0
9147535450,9147532957,0.1765743,0.016574338,0.1268513,0.0,nan,nan,nan,nan,nan,nan,nan,nan,0
9147545188,9147542578,0.15999997,0.0,0.15999997,0.0,nan,nan,nan,nan,nan,nan,nan,nan,0
9147555793,9147552998,0.15999997,0.0,0.15999997,0.0,nan,nan,nan,nan,nan,nan,nan,nan,0
9147566417,9147562877,0.14842883,0.04638438,0.060833298,0.06435346,nan,nan,nan,nan,nan,nan,nan,nan,0
9147574990,9147572609,0.043209933,0.11679005,0.0,0.15999998,nan,nan,nan,nan,nan,nan,nan,nan,0
9147585552,9147583077,0.0,0.16,1.8626451e-09,0.15999998,nan,nan,nan,nan,nan,nan,nan,nan,0
9147595981,9147593321,0.086550966,0.04712561,0.0131617,0.17316169,nan,nan,nan,nan,nan,nan,nan,nan,0
9147605334,9147602765,0.15999997,0.0,0.06458211,0.09541786,nan,nan,nan,nan,nan,nan,nan,nan,0
9147614801,9147612426,0.10426501,0.040622313,0.007556332,0.16755633,nan,nan,nan,nan,nan,nan,nan,nan,0
9147625276,9147622660,0.102054335,0.05230096,0.002822338,0.1628223,nan,nan,nan,nan,nan,nan,nan,nan,0
9147636761,9147632856,0.114530675,0.045469314,0.0,0.16,nan,nan,nan,nan,nan,nan,nan,nan,0
9147645294,9147642917,0.08241963,0.07758036,0.0,0.16,nan,nan,nan,nan,nan,nan,nan,nan,0
9147655981,9147653557,0.16401331,0.0040133195,0.0844731,0.06750023,nan,nan,nan,nan,nan,nan,nan,nan,0
9147665328,9147662749,0.15999997,3.7252903e-09,0.15999997,0.0,nan,nan,nan,nan,nan,nan,nan,nan,0
9147674821,9147672230,0.13503431,0.025911907,0.09118151,0.06787223,nan,nan,nan,nan,nan,nan,nan,nan,0
9147685267,9147682871,0.0,0.15999997,0.0,0.16,nan,nan,nan,nan,nan,nan,nan,nan,0
9147695659,9147692863,0.0,0.15999997,0.0,0.15999997,nan,nan,nan,nan,nan,nan,nan,nan,0
9147707148,9147703245,0.0,0.15999997,0.0,0.16,nan,nan,nan,nan,nan,nan,nan,nan,0
9147715542,9147713176,0.0,0.16,0.0,0.16,nan,nan,nan,nan,nan,nan,nan,nan,0
9147724990,9147722620,0.0055739135,0.1655739,0.0,0.14885215,nan,nan,nan,nan,nan,nan,nan,nan,0
9147735705,9147733098,0.17635642,0.016356423,0.12728713,0.0,nan,nan,nan,nan,nan,nan,nan,nan,0
9147745306,9147742726,0.15999998,0.0,0.15999998,0.0,nan,nan,nan,nan,nan,nan,nan,nan,0
9147755803,9147753405,0.16,0.0,0.15999994,0.0,nan,nan,nan,nan,nan,nan,nan,nan,0
9147766161,9147763359,0.15999997,0.0,0.15999997,0.0,nan,nan,nan,nan,nan,nan,nan,nan,0
9147776669,9147773272,0.15999997,0.0,0.15999997,0.0,nan,nan,nan,nan,nan,nan,nan,nan,0
9147785041,9147782467,0.16,0.0,0.10643619,0.0535638,nan,nan,nan,nan,nan,nan,nan,nan,0
9147795494,9147793099,0.0,0.15999997,0.0,0.15999997,nan,nan,nan,nan,nan,nan,nan,nan,0
9147805945,9147803312,0.0,0.15999995,1.4901161e-08,0.15999998,nan,nan,nan,nan,nan,nan,nan,nan,0
9147816474,9147813021,0.0,0.15804145,0.0009792745,0.16097927,nan,nan,nan,nan,nan,nan,nan,nan,0
9147825924,9147823511,0.010500924,0.12392642,0.01278632,0.17278628,nan,nan,nan,nan,nan,nan,nan,nan,0
9147835270,9147832887,0.16,0.0,0.046333745,0.11366624,nan,nan,nan,nan,nan,nan,nan,nan,0
9147846896,9147843515,0.15999998,0.0,0.06322944,0.09677054,nan,nan,nan,nan,nan,nan,nan,nan,0
9147855335,9147852936,0.15999998,0.0,0.09956201,0.060437962,nan,nan,nan,nan,nan,nan,nan,nan,0
9147865781,9147863381,0.16,0.0,0.12857747,0.031422526,nan,nan,nan,nan,nan,nan,nan,nan,0
9147876272,9147873438,0.15999997,0.0,0.113334894,0.04666509,nan,nan,nan,nan,nan,nan,nan,nan,0
9147886756,9147883250,0.16,0.0,0.15999997,0.0,nan,nan,nan,nan,nan,nan,nan,nan,0
9147896156,9147893740,0.16,0.0,0.16,0.0,nan,nan,nan,nan,nan,nan,nan,nan,0
9147906045,9147903632,0.15999998,0.0,0.15999998,0.0,nan,nan,nan,nan,nan,nan,nan,nan,0
9147916802,9147914114,0.16,0.0,0.16,0.0,nan,nan,nan,nan,nan,nan,nan,nan,0
9147926735,9147924359,0.08627557,0.028763598,0.029665766,0.17529503,nan,nan,nan,nan,nan,nan,nan,nan,0
9147935577,9147933179,0.0,0.16,0.0,0.15999997,nan,nan,nan,nan,nan,nan,nan,nan,0
9147946089,9147943279,7.450581e-09,0.16,0.0,0.15999994,nan,nan,nan,nan,nan,nan,nan,nan,0
9147957580,9147953518,0.033290796,0.1267092,0.0,0.16,nan,nan,nan,nan,nan,nan,nan,nan,0
9147966002,9147963424,0.0,0.15999997,0.0,0.16,nan,nan,nan,nan,nan,nan,nan,nan,0
9147975450,9147973074,0.0,0.15999997,0.0,0.15999997,nan,nan,nan,nan,nan,nan,nan,nan,0
9147985997,9147983183,0.0,0.15999997,0.0,0.15999997,nan,nan,nan,nan,nan,nan,nan,nan,0
9147995565,9147992980,0.0,0.15999997,0.0,0.15999998,nan,nan,nan,nan,nan,nan,nan,nan,0
9148006056,9148003644,0.14076675,0.11084938,0.0,0.06838383,nan,nan,nan,nan,nan,nan,nan,nan,0
9148016507,9148013709,0.15999997,0.0,0.15999997,0.0,nan,nan,nan,nan,nan,nan,nan,nan,0
9148027010,9148023649,0.15999997,0.0,0.15999997,0.0,nan,nan,nan,nan,nan,nan,nan,nan,0
9148035408,9148032841,0.15999997,0.0,0.15999997,0.0,nan,nan,nan,nan,nan,nan,nan,nan,0
9148045599,9148043171,0.15999995,7.450581e-09,0.15999998,0.0,nan,nan,nan,nan,nan,nan,nan,nan,0
9148055975,9148053379,0.15999995,0.0,0.15999998,0.0,nan,nan,nan,nan,nan,nan,nan,nan,0
9148066484,9148063009,0.15999997,0.0,0.16,0.0,nan,nan,nan,nan,nan,nan,nan,nan,0
9148076202,9148073761,0.1599999,0.0,0.16000003,2.9802322e-08,nan,nan,nan,nan,nan,nan,nan,nan,0
9148086609,9148083997,0.15999998,0.0,0.15999998,2.9802322e-08,nan,nan,nan,nan,nan,nan,nan,nan,0
9148097090,9148093896,0.0,0.16,0.0,0.16,nan,nan,nan,nan,nan,nan,nan,nan,0
9148105497,9148102911,0.0,0.15999997,0.0,0.15999997,nan,nan,nan,nan,nan,nan,nan,nan,0
9148116163,9148113747,0.103183605,0.0,0.1547094,0.062106952,nan,nan,nan,nan,nan,nan,nan,nan,0
9148125981,9148123207,0.15999997,0.0,0.16,0.0,nan,nan,nan,nan,nan,nan,nan,nan,0
9148136459,9148133491,0.16,0.0,0.15999997,0.0,nan,nan,nan,nan,nan,nan,nan,nan,0
9148145928,9148143342,0.15999998,0.0,0.15999998,0.0,nan,nan,nan,nan,nan,nan,nan,nan,0
9148156508,9148153898,0.106359124,0.0,0.09181082,0.12183,nan,nan,nan,nan,nan,nan,nan,nan,0
9148165984,9148163388,0.15999997,0.0,0.059659787,0.100340195,nan,nan,nan,nan,nan,nan,nan,nan,0
9148175445,9148172865,0.12320928,0.0,0.042466894,0.1543238,nan,nan,nan,nan,nan,nan,nan,nan,0
9148185938,9148183539,0.08354601,0.06897229,0.0037408357,0.16374081,nan,nan,nan,nan,nan,nan,nan,nan,0
9148196353,9148193747,0.0,0.15999998,0.0,0.15999997,nan,nan,nan,nan,nan,nan,nan,nan,0
9148206843,9148203659,0.0,0.16,0.0,0.15999997,nan,nan,nan,nan,nan,nan,nan,nan,0
9148216449,9148214026,0.04429906,0.11570093,0.0,0.16,nan,nan,nan,nan,nan,nan,nan,nan,0
9148225824,9148223449,0.15602523,0.0039747506,0.0,0.15999997,nan,nan,nan,nan,nan,nan,nan,nan,0
9148236294,9148233447,0.21210907,0.052109092,0.0,0.055781797,nan,nan,nan,nan,nan,nan,nan,nan,0
9148245935,9148243330,0.20948416,0.04948417,0.02326475,0.03776689,nan,nan,nan,nan,nan,nan,nan,nan,0
9148256461,9148254054,0.19959366,0.039593663,0.044028137,0.03678452,nan,nan,nan,nan,nan,nan,nan,nan,0
9148266877,9148264075,0.18099916,0.034086414,0.067818835,0.03709556,nan,nan,nan,nan,nan,nan,nan,nan,0
9148277378,9148273980,0.0893322,0.10070763,0.07076434,0.059195794,nan,nan,nan,nan,nan,nan,nan,nan,0
9148285777,9148283375,1.8626451e-09,0.15999997,0.0,0.16,nan,nan,nan,nan,nan,nan,nan,nan,0
9148296266,9148293838,0.0,0.15999998,0.0,0.15999998,nan,nan,nan,nan,nan,nan,nan,nan,0
9148306984,9148304404,0.0,0.15999997,7.450581e-09,0.16,nan,nan,nan,nan,nan,nan,nan,nan,0
9148316476,9148313864,0.08739879,0.06265894,0.025528567,0.14441365,nan,nan,nan,nan,nan,nan,nan,nan,0
9148325964,9148323360,0.16,0.0,0.15999997,0.0,nan,nan,nan,nan,nan,nan,nan,nan,0
9148337233,9148334451,0.15999995,0.0,0.16000001,0.0,nan,nan,nan,nan,nan,nan,nan,nan,0
9148347698,9148344198,0.15999997,0.0,0.16000003,0.0,nan,nan,nan,nan,nan,nan,nan,nan,0
9148356591,9148354210,0.15999997,0.0,0.15999997,0.0,nan,nan,nan,nan,nan,nan,nan,nan,0
9148366070,9148363489,0.0,0.15999997,0.0,0.15999997,nan,nan,nan,nan,nan,nan,nan,nan,0
9148377009,9148374432,0.0,0.15999997,0.0,0.15999997,nan,nan,nan,nan,nan,nan,nan,nan,0
9148387396,9148383975,0.058339614,0.09895446,0.0013529559,0.16135292,nan,nan,nan,nan,nan,nan,nan,nan,0
9148396769,9148394360,0.080956504,0.078797884,0.00012279056,0.16012278,nan,nan,nan,nan,nan,nan,nan,nan,0
9148406350,9148403912,0.09646035,0.061295368,0.0393352,0.12290905,nan,nan,nan,nan,nan,nan,nan,nan,0
9148417998,9148414501,0.15999998,0.0,0.13852869,0.021471292,nan,nan,nan,nan,nan,nan,nan,nan,0
9148426371,9148423767,0.15100577,0.0,0.02425696,0.14473724,nan,nan,nan,nan,nan,nan,nan,nan,0
9148436796,9148434193,0.15999997,0.0,0.102995135,0.05700485,nan,nan,nan,nan,nan,nan,nan,nan,0
9148447216,9148444411,0.15999998,0.0,0.0807183,0.07928168,nan,nan,nan,nan,nan,nan,nan,nan,0
9148457736,9148454038,0.15999998,0.0,0.058575958,0.10142402,nan,nan,nan,nan,nan,nan,nan,nan,0
9148466049,9148463480,0.16,0.0,0.03172489,0.1282751,nan,nan,nan,nan,nan,nan,nan,nan,0
9148476546,9148473970,0.15999998,0.0,0.016053021,0.14394696,nan,nan,nan,nan,nan,nan,nan,nan,0
9148486946,9148484354,0.15999998,0.0,0.02826178,0.1317382,nan,nan,nan,nan,nan,nan,nan,nan,0
9148496504,9148493894,0.15999998,0.0,0.024649218,0.13535076,nan,nan,nan,nan,nan,nan,nan,nan,0
9148506410,9148503979,0.15999998,0.0,0.035811067,0.124188915,nan,nan,nan,nan,nan,nan,nan,nan,0
9148517004,9148514126,0.16,0.0,0.039087757,0.12091222,nan,nan,nan,nan,nan,nan,nan,nan,0
9148527968,9148524517,0.15999998,0.0,0.036868736,0.12313125,nan,nan,nan,nan,nan,nan,nan,nan,0
9148536783,9148534342,0.15999998,0.0,0.043884397,0.116115585,nan,nan,nan,nan,nan,nan,nan,nan,0
9148546923,9148544302,0.16,0.0,0.049371928,0.11062805,nan,nan,nan,nan,nan,nan,nan,nan,0
9148556646,9148554024,0.16,0.0,0.05994219,0.100057796,nan,nan,nan,nan,nan,nan,nan,nan,0
9148567190,9148564589,0.15999997,0.0,0.036934223,0.123065755,nan,nan,nan,nan,nan,nan,nan,nan,0
9148576608,9148574011,0.15968595,0.0,0.0027241707,0.15758984,nan,nan,nan,nan,nan,nan,nan,nan,0
9148587175,9148584351,0.15999997,0.0,0.015081704,0.14491826,nan,nan,nan,nan,nan,nan,nan,nan,0
9148598622,9148594556,0.15999997,0.0,0.0087503195,0.15124965,nan,nan,nan,nan,nan,nan,nan,nan,0
9148606027,9148603643,0.16,0.0,0.027302267,0.13269773,nan,nan,nan,nan,nan,nan,nan,nan,0
9148616529,9148614150,0.15999997,0.0,0.052809104,0.10719088,nan,nan,nan,nan,nan,nan,nan,nan,0
9148626964,9148624358,0.16,0.0,0.032014564,0.12798542,nan,nan,nan,nan,nan,nan,nan,nan,0
9148637449,9148633948,0.15999998,0.0,0.031878427,0.12812155,nan,nan,nan,nan,nan,nan,nan,nan,0
9148646836,9148644263,0.15999998,0.0,0.0368547,0.12314528,nan,nan,nan,nan,nan,nan,nan,nan,0
9148657256,9148654459,0.16,0.0,0.030398052,0.12960193,nan,nan,nan,nan,nan,nan,nan,nan,0
9148668203,9148664807,0.16,0.0,0.03280523,0.12719476,nan,nan,nan,nan,nan,nan,nan,nan,0
9148676613,9148674040,0.16,0.0,0.033252284,0.1267477,nan,nan,nan,nan,nan,nan,nan,nan,0
9148687166,9148684496,0.15999998,0.0,0.031511948,0.12848803,nan,nan,nan,nan,nan,nan,nan,nan,0
9148697468,9148694661,0.16,0.0,0.031997114,0.12800288,nan,nan,nan,nan,nan,nan,nan,nan,0
9148707957,9148704427,0.15999997,0.0,0.033168387,0.12683159,nan,nan,nan,nan,nan,nan,nan,nan,0
9148717335,9148714761,0.15999997,0.0,0.033813402,0.12618658,nan,nan,nan,nan,nan,nan,nan,nan,0
9148726837,9148724247,0.16,0.0,0.03503916,0.12496081,nan,nan,nan,nan,nan,nan,nan,nan,0
9148737271,9148734673,0.15999997,0.0,0.033799067,0.12620091,nan,nan,nan,nan,nan,nan,nan,nan,0
9148746462,9148744082,0.15999997,0.0,0.032287862,0.12771213,nan,nan,nan,nan,nan,nan,nan,nan,0
9148756802,9148754150,0.15999998,0.0,0.032904997,0.12709498,nan,nan,nan,nan,nan,nan,nan,nan,0
9148767264,9148764230,0.16,0.0,0.033232525,0.12676746,nan,nan,nan,nan,nan,nan,nan,nan,0
9148777778,9148774575,0.16,0.0,0.03220159,0.12779841,nan,nan,nan,nan,nan,nan,nan,nan,0
9148787166,9148784587,0.15999997,0.0,0.03353806,0.12646192,nan,nan,nan,nan,nan,nan,nan,nan,0
9148797685,9148794910,0.16,0.0,0.034258153,0.12574184,nan,nan,nan,nan,nan,nan,nan,nan,0
9148807155,9148804125,0.16,0.0,0.03323391,0.12676609,nan,nan,nan,nan,nan,nan,nan,nan,0
9148816689,9148814045,0.16,0.0,0.033259496,0.12674049,nan,nan,nan,nan,nan,nan,nan,nan,0
9148827048,9148824466,0.16,0.0,0.031650692,0.1283493,nan,nan,nan,nan,nan,nan,nan,nan,0
9148837643,9148834637,0.16,0.0,0.032928172,0.1270718,nan,nan,nan,nan,nan,nan,nan,nan,0
9148849177,9148844881,0.15999997,0.0,0.033896904,0.12610307,nan,nan,nan,nan,nan,nan,nan,nan,0
9148856575,9148853806,0.15999997,0.0,0.033578932,0.12642103,nan,nan,nan,nan,nan,nan,nan,nan,0
9148867063,9148864241,0.16,0.0,0.033078924,0.12692106,nan,nan,nan,nan,nan,nan,nan,nan,0
9148877448,9148874650,0.16,0.0,0.03246316,0.12753683,nan,nan,nan,nan,nan,nan,nan,nan,0
9148887972,9148884784,0.15999998,0.0,0.033833727,0.12616625,nan,nan,nan,nan,nan,nan,nan,nan,0
9148897398,9148894824,0.15999998,0.0,0.033862486,0.1261375,nan,nan,nan,nan,nan,nan,nan,nan,0
9148907786,9148904809,0.15999998,0.0,0.03338571,0.12661427,nan,nan,nan,nan,nan,nan,nan,nan,0
9148918527,9148915272,0.15999997,0.0,0.033489335,0.12651065,nan,nan,nan,nan,nan,nan,nan,nan,0
9148927181,9148924571,0.16,0.0,0.034665365,0.12533462,nan,nan,nan,nan,nan,nan,nan,nan,0
9148937608,9148934813,0.15999997,0.0,0.03336318,0.1266368,nan,nan,nan,nan,nan,nan,nan,nan,0
9148948055,9148945034,0.15999998,0.0,0.03271556,0.12728442,nan,nan,nan,nan,nan,nan,nan,nan,0
9148958572,9148954851,0.16,0.0,0.034934416,0.12506557,nan,nan,nan,nan,nan,nan,nan,nan,0
9148967921,9148965108,0.15999998,0.0,0.03374678,0.1262532,nan,nan,nan,nan,nan,nan,nan,nan,0
9148977305,9148974314,0.16,0.0,0.032973874,0.12702611,nan,nan,nan,nan,nan,nan,nan,nan,0
9148988802,9148985330,0.15999998,0.0,0.032649994,0.12734999,nan,nan,nan,nan,nan,nan,nan,nan,0
9148997182,9148994416,0.16,0.0,0.03301753,0.12698245,nan,nan,nan,nan,nan,nan,nan,nan,0
9149007833,9149005026,0.15999997,0.0,0.03466955,0.12533042,nan,nan,nan,nan,nan,nan,nan,nan,0
9149018195,9149015217,0.15999998,0.0,0.032975838,0.12702414,nan,nan,nan,nan,nan,nan,nan,nan,0
9149027521,9149024133,0.15999998,0.0,0.033963338,0.12603664,nan,nan,nan,nan,nan,nan,nan,nan,0
9149037275,9149034691,0.16,0.0,0.03462498,0.125375,nan,nan,nan,nan,nan,nan,nan,nan,0
9149047782,9149045163,0.15999998,0.0,0.032351196,0.12764879,nan,nan,nan,nan,nan,nan,nan,nan,0
9149058152,9149055366,0.15999998,0.0,0.032978848,0.12702113,nan,nan,nan,nan,nan,nan,nan,nan,0
9149067590,9149065013,0.15999998,0.0,0.034021914,0.12597807,nan,nan,nan,nan,nan,nan,nan,nan,0
9149078163,9149075570,0.15999997,0.0,0.035164565,0.12483542,nan,nan,nan,nan,nan,nan,nan,nan,0
9149088698,9149085859,0.15999997,0.0,0.034230277,0.1257697,nan,nan,nan,nan,nan,nan,nan,nan,0
9149099130,9149095013,0.15999997,0.0,0.031207757,0.12879223,nan,nan,nan,nan,nan,nan,nan,nan,0
9149107493,9149104925,0.15999998,0.0,0.033281833,0.12671815,nan,nan,nan,nan,nan,nan,nan,nan,0
9149117991,9149115184,0.15999997,0.0,0.034737494,0.1252625,nan,nan,nan,nan,nan,nan,nan,nan,0
9149128420,9149125610,0.16,0.0,0.03347525,0.12652475,nan,nan,nan,nan,nan,nan,nan,nan,0
9149138960,9149135945,0.16,0.0,0.032663833,0.12733614,nan,nan,nan,nan,nan,nan,nan,nan,0
9149147454,9149144669,0.15999997,0.0,0.033304885,0.1266951,nan,nan,nan,nan,nan,nan,nan,nan,0
9149157916,9149154904,0.15999997,0.0,0.034715325,0.12528464,nan,nan,nan,nan,nan,nan,nan,nan,0
9149169594,9149165696,0.15999997,0.0,0.033733267,0.12626672,nan,nan,nan,nan,nan,nan,nan,nan,0
9149177081,9149174476,0.16,0.0,0.034935642,0.12506434,nan,nan,nan,nan,nan,nan,nan,nan,0
9149187612,9149185031,0.15897647,0.0,0.03446731,0.124509156,nan,nan,nan,nan,nan,nan,nan,nan,0
9149198041,9149195045,0.1578973,0.0,0.03249882,0.12539846,nan,nan,nan,nan,nan,nan,nan,nan,0
9149208566,9149204644,0.15701927,0.0,0.03336793,0.12365134,nan,nan,nan,nan,nan,nan,nan,nan,0
9149217944,9149215175,0.15596378,0.0,0.033487305,0.12247647,nan,nan,nan,nan,nan,nan,nan,nan,0
9149228408,9149225601,0.15496238,0.0,0.03414662,0.120815754,nan,nan,nan,nan,nan,nan,nan,nan,0
9149238930,9149235534,0.15400247,0.0,0.03505619,0.118946284,nan,nan,nan,nan,nan,nan,nan,nan,0
9149247363,9149244552,0.15294936,0.0,0.033493407,0.11945597,nan,nan,nan,nan,nan,nan,nan,nan,0
9149258141,9149255541,0.15190676,0.0,0.03319426,0.11871252,nan,nan,nan,nan,nan,nan,nan,nan,0
9149268576,9149265741,0.15091348,0.0,0.03398865,0.11692482,nan,nan,nan,nan,nan,nan,nan,nan,0
9149278072,9149274592,0.15001167,0.0,0.032968104,0.11704357,nan,nan,nan,nan,nan,nan,nan,nan,0
9149287596,9149284809,0.14891276,0.0,0.03415492,0.11475784,nan,nan,nan,nan,nan,nan,nan,nan,0
9149298107,9149295321,0.14789277,0.0,0.033436954,0.11445581,nan,nan,nan,nan,nan,nan,nan,nan,0
9149308567,9149305729,0.14700767,0.0,0.033305287,0.11370239,nan,nan,nan,nan,nan,nan,nan,nan,0
9149318005,9149315432,0.14598599,0.0,0.034667864,0.111318104,nan,nan,nan,nan,nan,nan,nan,nan,0
9149328562,9149325745,0.14493477,0.0,0.03478961,0.11014517,nan,nan,nan,nan,nan,nan,nan,nan,0
9149338047,9149335225,0.14389399,0.0,0.034418806,0.10947516,nan,nan,nan,nan,nan,nan,nan,nan,0
9149348657,9149345474,0.14292365,0.0,0.033404812,0.10951886,nan,nan,nan,nan,nan,nan,nan,nan,0
9149358046,9149355474,0.14189237,0.0,0.034714624,0.10717775,nan,nan,nan,nan,nan,nan,nan,nan,0
9149368577,9149365739,0.14094439,0.0,0.03425675,0.10668763,nan,nan,nan,nan,nan,nan,nan,nan,0
9149379013,9149376172,0.13991949,0.0,0.032290805,0.107628666,nan,nan,nan,nan,nan,nan,nan,nan,0
9149388388,9149385817,0.13891947,0.0,0.03248629,0.10643319,nan,nan,nan,nan,nan,nan,nan,nan,0
9149397851,9149395268,0.13789298,0.0,0.034054086,0.10383889,nan,nan,nan,nan,nan,nan,nan,nan,0
9149408321,9149405284,0.13684967,0.0,0.033013854,0.10383582,nan,nan,nan,nan,nan,nan,nan,nan,0
9149419796,9149415695,0.13588516,0.0,0.033220977,0.10266419,nan,nan,nan,nan,nan,nan,nan,nan,0
9149428316,9149425517,0.13494006,0.0,0.0349416,0.09999846,nan,nan,nan,nan,nan,nan,nan,nan,0
9149441562,9149438247,0.13393845,0.0,0.033772755,0.10016571,nan,nan,nan,nan,nan,nan,nan,nan,0
9149449263,9149446267,0.13289735,0.0,0.032377094,0.10052027,nan,nan,nan,nan,nan,nan,nan,nan,0
9149458828,9149456038,0.13191517,0.0,0.033402607,0.09851256,nan,nan,nan,nan,nan,nan,nan,nan,0
9149468369,9149465568,0.13064215,0.0,0.0335055,0.09713666,nan,nan,nan,nan,nan,nan,nan,nan,0
9149478862,9149476043,0.12984017,0.0,0.033863224,0.095976956,nan,nan,nan,nan,nan,nan,nan,nan,0
9149489373,9149485974,0.12886307,0.0,0.034433737,0.09442933,nan,nan,nan,nan,nan,nan,nan,nan,0
9149497789,9149494980,0.12791006,0.0,0.033000216,0.09490985,nan,nan,nan,nan,nan,nan,nan,nan,0
9149508686,9149505909,0.12686256,0.0,0.034111507,0.09275104,nan,nan,nan,nan,nan,nan,nan,nan,0
9149519230,9149516386,0.12586945,0.0,0.03398134,0.091888115,nan,nan,nan,nan,nan,nan,nan,nan,0
9149528943,9149525376,0.12496886,0.0,0.0334335,0.09153536,nan,nan,nan,nan,nan,nan,nan,nan,0
9149538389,9149535786,0.12387596,0.0,0.034032866,0.089843094,nan,nan,nan,nan,nan,nan,nan,nan,0
9149549230,9149546223,0.12282826,0.0,0.033022895,0.089805365,nan,nan,nan,nan,nan,nan,nan,nan,0
9149560146,9149556251,0.12192926,0.0,0.03304564,0.08888362,nan,nan,nan,nan,nan,nan,nan,nan,0
9149567569,9149564993,0.12088826,0.0,0.034122493,0.086765766,nan,nan,nan,nan,nan,nan,nan,nan,0
9149578040,9149575449,0.119844556,0.0,0.034869462,0.08497509,nan,nan,nan,nan,nan,nan,nan,nan,0
9149588478,9149585658,0.11884175,0.0,0.035156265,0.08368549,nan,nan,nan,nan,nan,nan,nan,nan,0
9149599073,9149595689,0.11796756,0.0,0.03379239,0.08417517,nan,nan,nan,nan,nan,nan,nan,nan,0
9149608617,9149605945,0.11692196,0.0,0.03278269,0.08413927,nan,nan,nan,nan,nan,nan,nan,nan,0
9149618981,9149615976,0.11590105,0.0,0.034466878,0.081434175,nan,nan,nan,nan,nan,nan,nan,nan,0
9149628343,9149625561,0.11489796,0.0,0.033419985,0.08147796,nan,nan,nan,nan,nan,nan,nan,nan,0
9149637798,9149635230,0.11387235,0.0,0.03227399,0.08159836,nan,nan,nan,nan,nan,nan,nan,nan,0
9149649267,9149646495,0.112869255,0.0,0.033615336,0.07925391,nan,nan,nan,nan,nan,nan,nan,nan,0
9149658646,9149655681,0.111910746,0.0,0.033387676,0.07852307,nan,nan,nan,nan,nan,nan,nan,nan,0
9149669324,9149665613,0.110943854,0.0,0.034610987,0.07633287,nan,nan,nan,nan,nan,nan,nan,nan,0
9149677881,9149675094,0.109817356,0.0,0.03472729,0.075090066,nan,nan,nan,nan,nan,nan,nan,nan,0
9149688604,9149685975,0.10889876,0.0,0.032694016,0.07620473,nan,nan,nan,nan,nan,nan,nan,nan,0
9149698497,9149695491,0.10790555,0.0,0.034979194,0.07292636,nan,nan,nan,nan,nan,nan,nan,nan,0
9149709274,9149706447,0.10695745,0.0,0.033805177,0.073152274,nan,nan,nan,nan,nan,nan,nan,nan,0
9149718644,9149715874,0.10586935,0.0,0.03202434,0.073845014,nan,nan,nan,nan,nan,nan,nan,nan,0
9149729119,9149726098,0.10491774,0.0,0.03622924,0.068688504,nan,nan,nan,nan,nan,nan,nan,nan,0
9149739624,9149736415,0.10382214,0.0,0.034856897,0.068965256,nan,nan,nan,nan,nan,nan,nan,nan,0
9149749096,9149746510,0.10287945,0.0,0.031019604,0.07185985,nan,nan,nan,nan,nan,nan,nan,nan,0
9149758487,9149755914,0.10185706,0.0,0.033022463,0.06883459,nan,nan,nan,nan,nan,nan,nan,nan,0
9149769075,9149766268,0.100825354,0.0,0.033524036,0.06730132,nan,nan,nan,nan,nan,nan,nan,nan,0
9149778520,9149775928,0.099815845,0.0,0.032981753,0.06683409,nan,nan,nan,nan,nan,nan,nan,nan,0
9149789062,9149786439,0.09887546,0.0,0.03364494,0.06523052,nan,nan,nan,nan,nan,nan,nan,nan,0
9149799360,9149796348,0.09784006,0.0,0.032612085,0.06522797,nan,nan,nan,nan,nan,nan,nan,nan,0
9149809890,9149806518,0.096874066,0.0,0.03438063,0.062493432,nan,nan,nan,nan,nan,nan,nan,nan,0
9149818256,9149815479,0.09582295,0.0,0.03381358,0.062009383,nan,nan,nan,nan,nan,nan,nan,nan,0
9149828778,9149826145,0.094832055,0.0,0.03317538,0.061656684,nan,nan,nan,nan,nan,nan,nan,nan,0
9149839226,9149836204,0.09381506,0.0,0.035693433,0.058121633,nan,nan,nan,nan,nan,nan,nan,nan,0
9149849768,9149846033,0.09291896,0.0,0.03459059,0.05832838,nan,nan,nan,nan,nan,nan,nan,nan,0
9149859090,9149856516,0.09185236,0.0,0.033482954,0.058369413,nan,nan,nan,nan,nan,nan,nan,nan,0
9149869562,9149866531,0.090846464,0.0,0.03532748,0.055518985,nan,nan,nan,nan,nan,nan,nan,nan,0
9149880310,9149876634,0.08986357,0.0,0.035041794,0.05482177,nan,nan,nan,nan,nan,nan,nan,nan,0
9149888664,9149885890,0.08881527,0.0,0.033009842,0.055805426,nan,nan,nan,nan,nan,nan,nan,nan,0
9149899156,9149896125,0.08781376,0.0,0.032994255,0.05481951,nan,nan,nan,nan,nan,nan,nan,nan,0
9149909773,9149906755,0.086803466,0.0,0.033199936,0.05360353,nan,nan,nan,nan,nan,nan,nan,nan,0
9149920266,9149916559,0.08587786,0.0,0.03420818,0.051669687,nan,nan,nan,nan,nan,nan,nan,nan,0
9149928779,9149926165,0.084854364,0.0,0.03338876,0.0514656,nan,nan,nan,nan,nan,nan,nan,nan,0
9149939430,9149936840,0.083791375,0.0,0.033446662,0.050344713,nan,nan,nan,nan,nan,nan,nan,nan,0
9149948821,9149945846,0.08281097,0.0,0.03470153,0.048109442,nan,nan,nan,nan,nan,nan,nan,nan,0
9149958382,9149955556,0.08185036,0.0,0.03373413,0.04811623,nan,nan,nan,nan,nan,nan,nan,nan,0
9149968849,9149966242,0.08078287,0.0,0.03226271,0.048520155,nan,nan,nan,nan,nan,nan,nan,nan,0
9149979344,9149976301,0.079882264,0.0,0.03264099,0.04724128,nan,nan,nan,nan,nan,nan,nan,nan,0
9149990775,9149986513,0.07891127,0.0,0.035775602,0.043135673,nan,nan,nan,nan,nan,nan,nan,nan,0
9149999213,9149996405,0.07784268,0.0,0.03520225,0.04264043,nan,nan,nan,nan,nan,nan,nan,nan,0
9150009029,9150006376,0.07683678,0.0,0.03405276,0.042784017,nan,nan,nan,nan,nan,nan,nan,nan,0
9150019028,9150016239,0.075815566,0.0,0.033304587,0.042510986,nan,nan,nan,nan,nan,nan,nan,nan,0
9150029630,9150026773,0.074826375,0.0,0.03303078,0.041795596,nan,nan,nan,nan,nan,nan,nan,nan,0
9150038988,9150036210,0.07382926,0.0,0.03578492,0.038044352,nan,nan,nan,nan,nan,nan,nan,nan,0
9150049331,9150046308,0.07284297,0.0,0.03437178,0.038471192,nan,nan,nan,nan,nan,nan,nan,nan,0
9150060773,9150056896,0.07178956,0.0,0.032806545,0.03898302,nan,nan,nan,nan,nan,nan,nan,nan,0
9150069205,9150066600,0.07084587,0.0,0.035396814,0.035449058,nan,nan,nan,nan,nan,nan,nan,nan,0
9150079745,9150077098,0.069836065,0.0,0.034934603,0.034901474,nan,nan,nan,nan,nan,nan,nan,nan,0
9150089091,9150086318,0.06877726,0.0,0.032910462,0.03586681,nan,nan,nan,nan,nan,nan,nan,nan,0
9150099648,9150095962,0.06780687,0.0,0.03415963,0.03364724,nan,nan,nan,nan,nan,nan,nan,nan,0
9150109306,9150106642,0.06675707,0.0,0.034735076,0.032021996,nan,nan,nan,nan,nan,nan,nan,nan,0
9150119754,9150116756,0.06583507,0.0,0.032389637,0.033445433,nan,nan,nan,nan,nan,nan,nan,nan,0
9150130496,9150127079,0.064870656,0.0,0.031846862,0.03302381,nan,nan,nan,nan,nan,nan,nan,nan,0
9150138939,9150136152,0.06380266,0.0,0.03411075,0.029691903,nan,nan,nan,nan,nan,nan,nan,nan,0
9150149496,9150146515,0.06279126,0.0,0.035251424,0.027539834,nan,nan,nan,nan,nan,nan,nan,nan,0
9150159972,9150156940,0.06175897,0.0,0.034637496,0.027121466,nan,nan,nan,nan,nan,nan,nan,nan,0
9150169374,9150165898,0.060851663,0.0,0.03347236,0.027379297,nan,nan,nan,nan,nan,nan,nan,nan,0
9150179842,9150177027,0.059815362,0.0,0.034512386,0.025302976,nan,nan,nan,nan,nan,nan,nan,nan,0
9150189202,9150186211,0.058772855,0.0,0.036142442,0.022630423,nan,nan,nan,nan,nan,nan,nan,nan,0
9150199724,9150196934,0.057877064,0.0,0.03414028,0.023736775,nan,nan,nan,nan,nan,nan,nan,nan,0
9150209254,9150206467,0.056764156,0.0,0.031839684,0.024924472,nan,nan,nan,nan,nan,nan,nan,nan,0
9150219818,9150217239,0.055845756,0.0,0.033210605,0.02263515,nan,nan,nan,nan,nan,nan,nan,nan,0
9150230262,9150227442,0.054773465,0.0,0.034264877,0.02050858,nan,nan,nan,nan,nan,nan,nan,nan,0
9150240949,9150237046,0.053820163,0.0,0.03492385,0.018896312,nan,nan,nan,nan,nan,nan,nan,nan,0
9150249483,9150246829,0.052742958,0.0,0.034972772,0.017770186,nan,nan,nan,nan,nan,nan,nan,nan,0
9150259836,9150257260,0.05172266,0.0,0.033689916,0.018032745,nan,nan,nan,nan,nan,nan,nan,nan,0
9150270273,9150267465,0.05076225,0.0,0.03593226,0.014829993,nan,nan,nan,nan,nan,nan,nan,nan,0
9150279785,9150277179,0.04978396,0.0,0.033224612,0.016559348,nan,nan,nan,nan,nan,nan,nan,nan,0
9150289221,9150286619,0.048740864,0.0,0.03213632,0.016604543,nan,nan,nan,nan,nan,nan,nan,nan,0
9150299971,9150297127,0.047720358,0.0,0.03506735,0.012653016,nan,nan,nan,nan,nan,nan,nan,nan,0
9150310539,9150307310,0.046748966,0.0,0.03296137,0.013787598,nan,nan,nan,nan,nan,nan,nan,nan,0
9150319849,9150317053,0.045804963,0.0,0.03450422,0.011300743,nan,nan,nan,nan,nan,nan,nan,nan,0
9150329585,9150326905,0.044754162,0.0,0.03316163,0.01159253,nan,nan,nan,nan,nan,nan,nan,nan,0
9150340132,9150337285,0.04373586,0.0,0.033743486,0.009992376,nan,nan,nan,nan,nan,nan,nan,nan,0
9150349271,9150346493,0.042761564,0.0,0.035252646,0.007508918,nan,nan,nan,nan,nan,nan,nan,nan,0
9150359733,9150357134,0.04177636,0.0,0.03359236,0.008184001,nan,nan,nan,nan,nan,nan,nan,nan,0
9150370213,9150367013,0.04073836,0.0,0.03384319,0.0068951696,nan,nan,nan,nan,nan,nan,nan,nan,0
9150381011,9150377776,0.039817557,0.0,0.033715144,0.0061024134,nan,nan,nan,nan,nan,nan,nan,nan,0
9150389339,9150386764,0.038753465,0.0,0.035315663,0.0034378022,nan,nan,nan,nan,nan,nan,nan,nan,0
9150401845,9150397271,0.037765563,0.0,0.034364298,0.0034012645,nan,nan,nan,nan,nan,nan,nan,nan,0
9150410254,9150407652,0.036689267,0.0,0.033489466,0.0031997934,nan,nan,nan,nan,nan,nan,nan,nan,0
9150419673,9150416514,0.03579046,0.0,0.03365068,0.0021397767,nan,nan,nan,nan,nan,nan,nan,nan,0
9150430185,9150427566,0.034739763,0.0,0.0337424,0.0009973645,nan,nan,nan,nan,nan,nan,nan,nan,0
9150439547,9150436751,0.03370166,0.0,0.03370166,0.0,nan,nan,nan,nan,nan,nan,nan,nan,0
9150451154,9150447640,0.032815456,0.0,0.032815456,0.0,nan,nan,nan,nan,nan,nan,nan,nan,0
9150459562,9150456983,0.031710267,0.0,0.03171026,0.0,nan,nan,nan,nan,nan,nan,nan,nan,0
9150470067,9150467683,0.03079176,0.0,0.03079176,2.3283064e-10,nan,nan,nan,nan,nan,nan,nan,nan,0
9150480532,9150477723,0.029702857,0.0,0.029702857,0.0,nan,nan,nan,nan,nan,nan,nan,nan,0
9150491012,9150487312,0.028768554,0.0,0.028768558,0.0,nan,nan,nan,nan,nan,nan,nan,nan,0
9150499409,9150497015,0.027698562,0.0,0.027698562,0.0,nan,nan,nan,nan,nan,nan,nan,nan,0
9150509867,9150507471,0.026694566,0.0,0.026694559,0.0,nan,nan,nan,nan,nan,nan,nan,nan,0
9150520429,9150517628,0.025735661,0.0,0.025735661,0.0,nan,nan,nan,nan,nan,nan,nan,nan,0
9150530190,9150527574,0.024765357,0.0,0.024765357,0.0,nan,nan,nan,nan,nan,nan,nan,nan,0
9150539704,9150537296,0.023719758,0.0,0.023719758,0.0,nan,nan,nan,nan,nan,nan,nan,nan,0
9150550768,9150547958,0.022704065,0.0,0.022704061,0.0,nan,nan,nan,nan,nan,nan,nan,nan,0
9150561320,9150557453,0.021709457,0.0,0.021709457,0.0,nan,nan,nan,nan,nan,nan,nan,nan,0
9150569816,9150567417,0.02073726,0.0,0.020737257,0.0,nan,nan,nan,nan,nan,nan,nan,nan,0
9150580286,9150577853,0.019671053,0.0,0.019671056,0.0,nan,nan,nan,nan,nan,nan,nan,nan,0
9150590694,9150587902,0.018721566,0.0,0.018721562,0.0,nan,nan,nan,nan,nan,nan,nan,nan,0
9150600180,9150597608,0.017725155,0.0,0.017725162,0.0,nan,nan,nan,nan,nan,nan,nan,nan,0
9150609683,9150607275,0.016681552,0.0,0.016681556,0.0,nan,nan,nan,nan,nan,nan,nan,nan,0
9150620206,9150617386,0.015676662,0.0,0.015676659,0.0,nan,nan,nan,nan,nan,nan,nan,nan,0
9150631807,9150627705,0.01470606,0.0,0.01470606,0.0,nan,nan,nan,nan,nan,nan,nan,nan,0
9150639196,9150636618,0.013739362,0.0,0.013739355,0.0,nan,nan,nan,nan,nan,nan,nan,nan,0
9150649749,9150646946,0.012728259,0.0,0.012728259,0.0,nan,nan,nan,nan,nan,nan,nan,nan,0
9150660083,9150657270,0.011696349,0.0,0.011696364,1.8626451e-09,nan,nan,nan,nan,nan,nan,nan,nan,0
9150670645,9150668259,0.0108050555,0.0,0.0108050555,0.0,nan,nan,nan,nan,nan,nan,nan,nan,0
9150680100,9150677495,0.009772256,0.0,0.009772256,0.0,nan,nan,nan,nan,nan,nan,nan,nan,0
9150690542,9150687725,0.008739859,0.0,0.008739859,0.0,nan,nan,nan,nan,nan,nan,nan,nan,0
9150701954,9150698093,0.007640958,0.0,0.0076409574,0.0,nan,nan,nan,nan,nan,nan,nan,nan,0
9150709347,9150706776,0.006717355,0.0,0.0067173587,1.8626451e-09,nan,nan,nan,nan,nan,nan,nan,nan,0
9150719968,9150717527,0.0056943595,0.0,0.0056943595,0.0,nan,nan,nan,nan,nan,nan,nan,nan,0
9150730358,9150727743,0.0046575516,0.0,0.004657559,0.0,nan,nan,nan,nan,nan,nan,nan,nan,0
9150740858,9150737474,0.003789262,0.0,0.0037892584,1.8626451e-09,nan,nan,nan,nan,nan,nan,nan,nan,0
9150749778,9150747171,0.002714157,0.0,0.002714157,0.0,nan,nan,nan,nan,nan,nan,nan,nan,0
9150760245,9150757428,0.0016925484,0.0,0.0016925633,7.450581e-09,nan,nan,nan,nan,nan,nan,nan,nan,0
9150771674,9150768012,0.00071945786,0.0,0.00071945786,0.0,nan,nan,nan,nan,nan,nan,nan,nan,0
9150780146,9150777534,0.0,0.0,0.0,0.0,nan,nan,nan,nan,nan,nan,nan,nan,0
9150790612,9150788016,0.0,0.0,0.0,0.0,nan,nan,nan,nan,nan,nan,nan,nan,0
9150800844,9150798194,0.0,0.0,0.0,0.0,nan,nan,nan,nan,nan,nan,nan,nan,0
9150811301,9150807796,0.0,0.0,0.0,0.0,nan,nan,nan,nan,nan,nan,nan,nan,0
9150819671,9150817300,0.0,0.0,0.0,0.0,nan,nan,nan,nan,nan,nan,nan,nan,0
9150830160,9150827759,0.0,0.0,0.0,0.0,nan,nan,nan,nan,nan,nan,nan,nan,0
9150840606,9150837795,0.0,0.0,0.0,0.0,nan,nan,nan,nan,nan,nan,nan,nan,0
9150850030,9150847457,0.0,0.0,0.0,0.0,nan,nan,nan,nan,nan,nan,nan,nan,0
9150860687,9150858104,0.0,0.0,0.0,0.0,nan,nan,nan,nan,nan,nan,nan,nan,0
9150871184,9150868338,0.0,0.0,0.0,0.0,nan,nan,nan,nan,nan,nan,nan,nan,0
9150881632,9150877942,0.0,0.0,0.0,0.0,nan,nan,nan,nan,nan,nan,nan,nan,0
9150890021,9150887637,0.0,0.0,0.0,0.0,nan,nan,nan,nan,nan,nan,nan,nan,0
9150900688,9150897879,0.0,0.0,0.0,0.0,nan,nan,nan,nan,nan,nan,nan,nan,0
9150911200,9150908578,0.0,0.0,0.0,0.0,nan,nan,nan,nan,nan,nan,nan,nan,0
9150920657,9150918083,0.0,3.7252903e-09,3.7252903e-09,0.0,nan,nan,nan,nan,nan,nan,nan,nan,0
9150931179,9150928379,0.0,0.0,0.0,0.0,nan,nan,nan,nan,nan,nan,nan,nan,0
9150940758,9150937728,0.0,0.0,0.0,0.0,nan,nan,nan,nan,nan,nan,nan,nan,0
9150952286,9150948155,0.0,0.0,0.0,0.0,nan,nan,nan,nan,nan,nan,nan,nan,0
9150960644,9150958071,0.0,0.0,0.0,0.0,nan,nan,nan,nan,nan,nan,nan,nan,0
9150970114,9150967525,0.0,0.0,0.0,0.0,nan,nan,nan,nan,nan,nan,nan,nan,0
9150980638,9150977802,0.0,0.0,0.0,0.0,nan,nan,nan,nan,nan,nan,nan,nan,0
9150991147,9150988510,0.0,0.0,0.0,0.0,nan,nan,nan,nan,nan,nan,nan,nan,0
9151000579,9150997803,0.0,0.0,0.0,0.0,nan,nan,nan,nan,nan,nan,nan,nan,0
9151011081,9151008262,0.0,0.0,0.0,0.0,nan,nan,nan,nan,nan,nan,nan,nan,0
9151021613,9151018542,0.0,0.0,0.0,0.0,nan,nan,nan,nan,nan,nan,nan,nan,0
9151029919,9151027351,0.0,0.0,0.0,0.0,nan,nan,nan,nan,nan,nan,nan,nan,0
9151040454,9151037859,0.0,0.0,0.0,0.0,nan,nan,nan,nan,nan,nan,nan,nan,0
9151050858,9151048052,0.0,0.0,0.0,0.0,nan,nan,nan,nan,nan,nan,nan,nan,0
9151060285,9151057288,0.0,3.7252903e-09,3.7252903e-09,0.0,nan,nan,nan,nan,nan,nan,nan,nan,0
9151070907,9151068314,0.0,0.0,0.0,0.0,nan,nan,nan,nan,nan,nan,nan,nan,0
9151081403,9151078371,0.0,0.0,0.0,0.0,nan,nan,nan,nan,nan,nan,nan,nan,0
9151090730,9151087754,0.0,0.0,0.0,0.0,nan,nan,nan,nan,nan,nan,nan,nan,0
9151100195,9151097422,0.0,0.0,0.0,0.0,nan,nan,nan,nan,nan,nan,nan,nan,0
9151110742,9151108163,0.0,0.0,0.0,0.0,nan,nan,nan,nan,nan,nan,nan,nan,0
9151121235,9151118257,0.0,3.7252903e-09,3.7252903e-09,0.0,nan,nan,nan,nan,nan,nan,nan,nan,0
9151131733,9151128261,0.0,0.0,0.0,0.0,nan,nan,nan,nan,nan,nan,nan,nan,0
9151141195,9151138611,0.0,0.0,0.0,0.0,nan,nan,nan,nan,nan,nan,nan,nan,0
9151151984,9151148742,0.0,0.0,0.0,0.0,nan,nan,nan,nan,nan,nan,nan,nan,0
9151161136,9151158151,0.0,0.0,0.0,0.0,nan,nan,nan,nan,nan,nan,nan,nan,0
9151170663,9151167890,0.0,0.0,0.0,0.0,nan,nan,nan,nan,nan,nan,nan,nan,0
9151181153,9151178583,0.0,0.0,0.0,0.0,nan,nan,nan,nan,nan,nan,nan,nan,0
9151191579,9151188773,0.0,0.0,0.0,0.0,nan,nan,nan,nan,nan,nan,nan,nan,0
9151202021,9151198531,0.0,3.7252903e-09,3.7252903e-09,0.0,nan,nan,nan,nan,nan,nan,nan,nan,0
9151210450,9151207872,0.0,0.0,0.0,0.0,nan,nan,nan,nan,nan,nan,nan,nan,0
9151221008,9151218359,0.0,3.7252903e-09,3.7252903e-09,0.0,nan,nan,nan,nan,nan,nan,nan,nan,0
9151231450,9151228416,0.0,0.0,0.0,0.0,nan,nan,nan,nan,nan,nan,nan,nan,0
9151241824,9151239164,0.0,0.0,0.0,0.0,nan,nan,nan,nan,nan,nan,nan,nan,0
9151251061,9151248273,0.0,0.0,0.0,0.0,nan,nan,nan,nan,nan,nan,nan,nan,0
9151261594,9151258621,0.0,0.0,0.0,0.0,nan,nan,nan,nan,nan,nan,nan,nan,0
9151272205,9151268996,0.0,0.0,0.0,0.0,nan,nan,nan,nan,nan,nan,nan,nan,0
9151280634,9151277822,0.0,0.0,0.0,0.0,nan,nan,nan,nan,nan,nan,nan,nan,0
9151291012,9151288435,0.0,0.0,0.0,0.0,nan,nan,nan,nan,nan,nan,nan,nan,0
9151301468,9151298662,0.0,0.0,0.0,0.0,nan,nan,nan,nan,nan,nan,nan,nan,0
9151311965,9151307857,0.0,0.0,0.0,0.0,nan,nan,nan,nan,nan,nan,nan,nan,0
9151321559,9151318923,0.0,0.0,0.0,0.0,nan,nan,nan,nan,nan,nan,nan,nan,0
9151331954,9151328937,0.0,0.0,0.0,0.0,nan,nan,nan,nan,nan,nan,nan,nan,0
9151342515,9151338967,0.0,0.0,0.0,0.0,nan,nan,nan,nan,nan,nan,nan,nan,0
9151350980,9151348392,0.0,0.0,0.0,0.0,nan,nan,nan,nan,nan,nan,nan,nan,0
9151361495,9151358884,0.0,0.0,0.0,0.0,nan,nan,nan,nan,nan,nan,nan,nan,0
9151371862,9151369076,0.0,0.0,0.0,0.0,nan,nan,nan,nan,nan,nan,nan,nan,0
9151382363,9151378692,0.0,0.0,0.0,0.0,nan,nan,nan,nan,nan,nan,nan,nan,0
9151390855,9151388260,0.0,3.7252903e-09,3.7252903e-09,0.0,nan,nan,nan,nan,nan,nan,nan,nan,0
9151401431,9151398213,0.0,0.0,0.0,0.0,nan,nan,nan,nan,nan,nan,nan,nan,0
9151411901,9151409080,0.0,0.0,0.0,0.0,nan,nan,nan,nan,nan,nan,nan,nan,0
9151421300,9151418528,0.0,0.0,0.0,0.0,nan,nan,nan,nan,nan,nan,nan,nan,0
9151431801,9151429028,0.0,0.0,0.0,0.0,nan,nan,nan,nan,nan,nan,nan,nan,0
9151442273,9151439435,0.0,0.0,0.0,0.0,nan,nan,nan,nan,nan,nan,nan,nan,0
9151452774,9151448855,0.0,0.0,0.0,0.0,nan,nan,nan,nan,nan,nan,nan,nan,0
9151461098,9151458531,0.0,0.0,0.0,0.0,nan,nan,nan,nan,nan,nan,nan,nan,0
9151471576,9151468979,0.0,0.0,0.0,0.0,nan,nan,nan,nan,nan,nan,nan,nan,0
9151481984,9151479164,0.0,0.0,0.0,0.0,nan,nan,nan,nan,nan,nan,nan,nan,0
9151490869,9151488088,0.0,0.0,0.0,0.0,nan,nan,nan,nan,nan,nan,nan,nan,0
9151501393,9151498773,0.0,0.0,0.0,0.0,nan,nan,nan,nan,nan,nan,nan,nan,0
9151511993,9151508898,0.0,0.0,0.0,0.0,nan,nan,nan,nan,nan,nan,nan,nan,0
9151522858,9151519136,0.0,0.0,0.0,0.0,nan,nan,nan,nan,nan,nan,nan,nan,0
9151531462,9151528836,0.0,0.0,0.0,0.0,nan,nan,nan,nan,nan,nan,nan,nan,0
9151541216,9151538617,0.0,0.0,0.0,0.0,nan,nan,nan,nan,nan,nan,nan,nan,0
9151551682,9151548876,0.0,3.7252903e-09,3.7252903e-09,0.0,nan,nan,nan,nan,nan,nan,nan,nan,0
9151561160,9151558387,0.0,3.7252903e-09,3.7252903e-09,0.0,nan,nan,nan,nan,nan,nan,nan,nan,0
9151571949,9151569128,0.0,0.0,0.0,0.0,nan,nan,nan,nan,nan,nan,nan,nan,0
9151582424,9151579400,0.0,3.7252903e-09,3.7252903e-09,0.0,nan,nan,nan,nan,nan,nan,nan,nan,0
9151591980,9151588584,0.0,0.0,0.0,0.0,nan,nan,nan,nan,nan,nan,nan,nan,0
9151601286,9151598711,0.0,0.0,0.0,0.0,nan,nan,nan,nan,nan,nan,nan,nan,0
9151611811,9151609035,0.0,3.7252903e-09,3.7252903e-09,0.0,nan,nan,nan,nan,nan,nan,nan,nan,0
9151621926,9151619120,0.0,0.0,0.0,0.0,nan,nan,nan,nan,nan,nan,nan,nan,0
9151632440,9151628942,0.0,0.0,0.0,0.0,nan,nan,nan,nan,nan,nan,nan,nan,0
9151642021,9151639619,0.0,0.0,0.0,0.0,nan,nan,nan,nan,nan,nan,nan,nan,0
9151653436,9151648958,0.0,0.0,0.0,0.0,nan,nan,nan,nan,nan,nan,nan,nan,0
9151663225,9151659430,0.0,0.0,0.0,0.0,nan,nan,nan,nan,nan,nan,nan,nan,0
9151671578,9151669188,0.0,0.0,0.0,0.0,nan,nan,nan,nan,nan,nan,nan,nan,0
9151682045,9151679643,0.0,0.0,0.0,0.0,nan,nan,nan,nan,nan,nan,nan,nan,0
9151691488,9151688906,0.0,0.0,0.0,0.0,nan,nan,nan,nan,nan,nan,nan,nan,0
9151702954,9151699091,0.0,0.0,0.0,0.0,nan,nan,nan,nan,nan,nan,nan,nan,0
9151711384,9151709014,0.0,3.7252903e-09,3.7252903e-09,0.0,nan,nan,nan,nan,nan,nan,nan,nan,0
9151721862,9151719457,0.0,0.0,0.0,0.0,nan,nan,nan,nan,nan,nan,nan,nan,0
9151732279,9151729471,0.0,3.7252903e-09,3.7252903e-09,0.0,nan,nan,nan,nan,nan,nan,nan,nan,0
9151741816,9151739218,0.0,0.0,0.0,0.0,nan,nan,nan,nan,nan,nan,nan,nan,0
9151751204,9151748834,0.0,0.0,0.0,0.0,nan,nan,nan,nan,nan,nan,nan,nan,0
9151761703,9151758886,0.0,0.0,0.0,0.0,nan,nan,nan,nan,nan,nan,nan,nan,0
9151773175,9151769289,0.0,0.0,0.0,0.0,nan,nan,nan,nan,nan,nan,nan,nan,0
9151781633,9151779056,0.0,0.0,0.0,0.0,nan,nan,nan,nan,nan,nan,nan,nan,0
9151792236,9151789796,0.0,0.0,0.0,0.0,nan,nan,nan,nan,nan,nan,nan,nan,0
9151802644,9151799841,0.0,0.0,0.0,0.0,nan,nan,nan,nan,nan,nan,nan,nan,0
9151812166,9151809759,0.0,0.0,0.0,0.0,nan,nan,nan,nan,nan,nan,nan,nan,0
9151821568,9151819164,0.0,0.0,0.0,0.0,nan,nan,nan,nan,nan,nan,nan,nan,0
9151832188,9151829126,0.0,0.0,0.0,0.0,nan,nan,nan,nan,nan,nan,nan,nan,0
9151843701,9151839817,0.0,0.0,0.0,0.0,nan,nan,nan,nan,nan,nan,nan,nan,0
9151852489,9151850099,0.0,0.0,0.0,0.0,nan,nan,nan,nan,nan,nan,nan,nan,0
9151861941,9151859353,0.0,0.0,0.0,0.0,nan,nan,nan,nan,nan,nan,nan,nan,0
9151872387,9151869582,0.0,0.0,0.0,0.0,nan,nan,nan,nan,nan,nan,nan,nan,0
9151881907,9151879119,0.0,0.0,0.0,0.0,nan,nan,nan,nan,nan,nan,nan,nan,0
9151892356,9151889756,0.0,0.0,0.0,0.0,nan,nan,nan,nan,nan,nan,nan,nan,0
9151903750,9151900057,0.0,0.0,0.0,0.0,nan,nan,nan,nan,nan,nan,nan,nan,0
9151913176,9151909807,0.0,0.0,0.0,0.0,nan,nan,nan,nan,nan,nan,nan,nan,0
9151921585,9151919024,0.0,0.0,0.0,0.0,nan,nan,nan,nan,nan,nan,nan,nan,0
9151932069,9151929447,0.0,0.0,0.0,0.0,nan,nan,nan,nan,nan,nan,nan,nan,0
9151942566,9151939917,0.0,0.0,0.0,0.0,nan,nan,nan,nan,nan,nan,nan,nan,0
9151952684,9151948960,0.0,3.7252903e-09,3.7252903e-09,0.0,nan,nan,nan,nan,nan,nan,nan,nan,0
9151962061,9151959489,0.0,0.0,0.0,0.0,nan,nan,nan,nan,nan,nan,nan,nan,0
9151971959,9151969536,0.0,0.0,0.0,0.0,nan,nan,nan,nan,nan,nan,nan,nan,0
9151982354,9151979745,0.0,0.0,0.0,0.0,nan,nan,nan,nan,nan,nan,nan,nan,0
9151991806,9151989239,0.0,0.0,0.0,0.0,nan,nan,nan,nan,nan,nan,nan,nan,0
9152002647,9152000024,0.0,0.0,0.0,0.0,nan,nan,nan,nan,nan,nan,nan,nan,0
9152012057,9152009454,0.0,0.0,0.0,0.0,nan,nan,nan,nan,nan,nan,nan,nan,0
9152023545,9152019480,0.0,0.0,0.0,0.0,nan,nan,nan,nan,nan,nan,nan,nan,0
9152031971,9152029374,0.0,0.0,0.0,0.0,nan,nan,nan,nan,nan,nan,nan,nan,0
9152042448,9152039825,0.0,0.0,0.0,0.0,nan,nan,nan,nan,nan,nan,nan,nan,0
9152052787,9152050023,0.0,0.0,0.0,0.0,nan,nan,nan,nan,nan,nan,nan,nan,0
9152062385,9152059738,0.0,0.0,0.0,0.0,nan,nan,nan,nan,nan,nan,nan,nan,0
9152072858,9152070435,0.0,3.7252903e-09,3.7252903e-09,0.0,nan,nan,nan,nan,nan,nan,nan,nan,0
9152082381,9152079530,0.0,3.7252903e-09,3.7252903e-09,0.0,nan,nan,nan,nan,nan,nan,nan,nan,0
9152093837,9152090157,0.0,0.0,0.0,0.0,nan,nan,nan,nan,nan,nan,nan,nan,0
9152102215,9152099848,0.0,3.7252903e-09,3.7252903e-09,0.0,nan,nan,nan,nan,nan,nan,nan,nan,0
9152112769,9152110373,0.0,0.0,0.0,0.0,nan,nan,nan,nan,nan,nan,nan,nan,0
9152122160,9152119584,0.0,0.0,0.0,0.0,nan,nan,nan,nan,nan,nan,nan,nan,0
9152132759,9152130143,0.0,0.0,0.0,0.0,nan,nan,nan,nan,nan,nan,nan,nan,0
9152142168,9152139564,0.0,3.7252903e-09,3.7252903e-09,0.0,nan,nan,nan,nan,nan,nan,nan,nan,0
9152153562,9152149861,0.0,0.0,0.0,0.0,nan,nan,nan,nan,nan,nan,nan,nan,0
9152164216,9152160285,0.0,0.0,0.0,0.0,nan,nan,nan,nan,nan,nan,nan,nan,0
9152171598,9152169218,0.0,0.0,0.0,0.0,nan,nan,nan,nan,nan,nan,nan,nan,0
9152182100,9152179728,0.0,3.7252903e-09,3.7252903e-09,0.0,nan,nan,nan,nan,nan,nan,nan,nan,0
9152192543,9152189944,0.0,0.0,0.0,0.0,nan,nan,nan,nan,nan,nan,nan,nan,0
9152203026,9152199825,0.0,0.0,0.0,0.0,nan,nan,nan,nan,nan,nan,nan,nan,0
9152212436,9152210059,0.0,0.0,0.0,0.0,nan,nan,nan,nan,nan,nan,nan,nan,0
9152222855,9152220459,0.0,0.0,0.0,0.0,nan,nan,nan,nan,nan,nan,nan,nan,0
9152234372,9152230480,0.0,0.0,0.0,0.0,nan,nan,nan,nan,nan,nan,nan,nan,0
9152241818,9152239380,0.0,0.0,0.0,0.0,nan,nan,nan,nan,nan,nan,nan,nan,0
9152252414,9152250013,0.0,3.7252903e-09,3.7252903e-09,0.0,nan,nan,nan,nan,nan,nan,nan,nan,0
9152262832,9152260176,0.0,3.7252903e-09,3.7252903e-09,0.0,nan,nan,nan,nan,nan,nan,nan,nan,0
9152273320,9152270069,0.0,0.0,0.0,0.0,nan,nan,nan,nan,nan,nan,nan,nan,0
9152282715,9152280308,0.0,0.0,0.0,0.0,nan,nan,nan,nan,nan,nan,nan,nan,0
9152292152,9152289538,0.0,0.0,0.0,0.0,nan,nan,nan,nan,nan,nan,nan,nan,0
9152302566,9152299741,0.0,0.0,0.0,0.0,nan,nan,nan,nan,nan,nan,nan,nan,0
9152312029,9152309419,0.0,0.0,0.0,0.0,nan,nan,nan,nan,nan,nan,nan,nan,0
9152322552,9152319930,0.0,0.0,0.0,0.0,nan,nan,nan,nan,nan,nan,nan,nan,0
9152333089,9152330247,0.0,0.0,0.0,0.0,nan,nan,nan,nan,nan,nan,nan,nan,0
9152343634,9152340258,0.0,0.0,0.0,0.0,nan,nan,nan,nan,nan,nan,nan,nan,0
9152353080,9152350489,0.0,0.0,0.0,0.0,nan,nan,nan,nan,nan,nan,nan,nan,0
9152362531,9152359909,0.0,0.0,0.0,0.0,nan,nan,nan,nan,nan,nan,nan,nan,0
9152373124,9152370343,0.0,3.7252903e-09,3.7252903e-09,0.0,nan,nan,nan,nan,nan,nan,nan,nan,0
9152382782,9152380208,0.0,0.0,0.0,0.0,nan,nan,nan,nan,nan,nan,nan,nan,0
9152392202,9152389812,0.0,0.0,0.0,0.0,nan,nan,nan,nan,nan,nan,nan,nan,0
9152403636,9152399955,0.0,0.0,0.0,0.0,nan,nan,nan,nan,nan,nan,nan,nan,0
9152414182,9152410699,0.0,0.0,0.0,0.0,nan,nan,nan,nan,nan,nan,nan,nan,0
9152422731,9152420119,0.0,0.0,0.0,0.0,nan,nan,nan,nan,nan,nan,nan,nan,0
9152433149,9152430544,0.0,3.7252903e-09,3.7252903e-09,0.0,nan,nan,nan,nan,nan,nan,nan,nan,0
9152443560,9152440952,0.0,0.0,0.0,0.0,nan,nan,nan,nan,nan,nan,nan,nan,0
9152453039,9152449661,0.0,3.7252903e-09,3.7252903e-09,0.0,nan,nan,nan,nan,nan,nan,nan,nan,0
9152462627,9152460229,0.0,0.0,0.0,0.0,nan,nan,nan,nan,nan,nan,nan,nan,0
9152473108,9152470291,0.0,0.0,0.0,0.0,nan,nan,nan,nan,nan,nan,nan,nan,0
9152484592,9152480707,0.0,3.7252903e-09,3.7252903e-09,0.0,nan,nan,nan,nan,nan,nan,nan,nan,0
9152492988,9152490412,0.0,0.0,0.0,0.0,nan,nan,nan,nan,nan,nan,nan,nan,0
9152502595,9152499953,0.0,0.0,0.0,0.0,nan,nan,nan,nan,nan,nan,nan,nan,0
9152513134,9152510278,0.0,0.0,0.0,0.0,nan,nan,nan,nan,nan,nan,nan,nan,0
9152523848,9152520347,0.0,0.0,0.0,0.0,nan,nan,nan,nan,nan,nan,nan,nan,0
9152533403,9152530773,0.0,3.7252903e-09,3.7252903e-09,0.0,nan,nan,nan,nan,nan,nan,nan,nan,0
9152542903,9152540498,0.0,0.0,0.0,0.0,nan,nan,nan,nan,nan,nan,nan,nan,0
9152553441,9152550792,0.0,0.0,0.0,0.0,nan,nan,nan,nan,nan,nan,nan,nan,0
9152563234,9152560656,0.0,0.0,0.0,0.0,nan,nan,nan,nan,nan,nan,nan,nan,0
9152572761,9152570127,0.0,0.0,0.0,0.0,nan,nan,nan,nan,nan,nan,nan,nan,0
9152583603,9152580995,0.0,0.0,0.0,0.0,nan,nan,nan,nan,nan,nan,nan,nan,0
9152593266,9152590055,0.0,0.0,0.0,0.0,nan,nan,nan,nan,nan,nan,nan,nan,0
9152602917,9152600348,0.0,3.7252903e-09,3.7252903e-09,0.0,nan,nan,nan,nan,nan,nan,nan,nan,0
9152613405,9152610999,0.0,0.0,0.0,0.0,nan,nan,nan,nan,nan,nan,nan,nan,0
9152623758,9152620963,0.0,0.0,0.0,0.0,nan,nan,nan,nan,nan,nan,nan,nan,0
9152633252,9152630686,0.0,0.0,0.0,0.0,nan,nan,nan,nan,nan,nan,nan,nan,0
9152642886,9152640479,0.0,0.0,0.0,0.0,nan,nan,nan,nan,nan,nan,nan,nan,0
9152654457,9152650734,0.0,3.7252903e-09,3.7252903e-09,0.0,nan,nan,nan,nan,nan,nan,nan,nan,0
9152665042,9152660920,0.0,0.0,0.0,0.0,nan,nan,nan,nan,nan,nan,nan,nan,0
9152672692,9152670066,0.0,3.7252903e-09,3.7252903e-09,0.0,nan,nan,nan,nan,nan,nan,nan,nan,0
9152683180,9152680541,0.0,0.0,0.0,0.0,nan,nan,nan,nan,nan,nan,nan,nan,0
9152693583,9152690960,0.0,3.7252903e-09,3.7252903e-09,0.0,nan,nan,nan,nan,nan,nan,nan,nan,0
9152702957,9152700392,0.0,0.0,0.0,0.0,nan,nan,nan,nan,nan,nan,nan,nan,0
9152713448,9152711074,0.0,0.0,0.0,0.0,nan,nan,nan,nan,nan,nan,nan,nan,0
9152723836,9152721051,0.0,0.0,0.0,0.0,nan,nan,nan,nan,nan,nan,nan,nan,0
9152734373,9152731169,0.0,0.0,0.0,0.0,nan,nan,nan,nan,nan,nan,nan,nan,0
9152742851,9152740272,0.0,0.0,0.0,0.0,nan,nan,nan,nan,nan,nan,nan,nan,0
9152753669,9152751254,0.0,0.0,0.0,0.0,nan,nan,nan,nan,nan,nan,nan,nan,0
9152763043,9152760458,0.0,0.0,0.0,0.0,nan,nan,nan,nan,nan,nan,nan,nan,0
9152773570,9152770761,0.0,0.0,0.0,0.0,nan,nan,nan,nan,nan,nan,nan,nan,0
9152782937,9152780566,0.0,3.7252903e-09,3.7252903e-09,0.0,nan,nan,nan,nan,nan,nan,nan,nan,0
9152793467,9152790673,0.0,3.7252903e-09,3.7252903e-09,0.0,nan,nan,nan,nan,nan,nan,nan,nan,0
9152804931,9152801233,0.0,0.0,0.0,0.0,nan,nan,nan,nan,nan,nan,nan,nan,0
9152813331,9152810752,0.0,0.0,0.0,0.0,nan,nan,nan,nan,nan,nan,nan,nan,0
9152823771,9152821373,0.0,0.0,0.0,0.0,nan,nan,nan,nan,nan,nan,nan,nan,0
9152834191,9152831587,0.0,0.0,0.0,0.0,nan,nan,nan,nan,nan,nan,nan,nan,0
9152844801,9152840930,0.0,0.0,0.0,0.0,nan,nan,nan,nan,nan,nan,nan,nan,0
9152853232,9152850849,0.0,0.0,0.0,0.0,nan,nan,nan,nan,nan,nan,nan,nan,0
9152863749,9152861161,0.0,0.0,0.0,0.0,nan,nan,nan,nan,nan,nan,nan,nan,0
9152874254,9152871616,0.0,0.0,0.0,0.0,nan,nan,nan,nan,nan,nan,nan,nan,0
9152883669,9152881102,0.0,0.0,0.0,0.0,nan,nan,nan,nan,nan,nan,nan,nan,0
9152893460,9152890872,0.0,0.0,0.0,0.0,nan,nan,nan,nan,nan,nan,nan,nan,0
9152904901,9152901210,0.0,0.0,0.0,0.0,nan,nan,nan,nan,nan,nan,nan,nan,0
9152914365,9152911195,0.0,0.0,0.0,0.0,nan,nan,nan,nan,nan,nan,nan,nan,0
9152923037,9152920421,0.0,3.7252903e-09,3.7252903e-09,0.0,nan,nan,nan,nan,nan,nan,nan,nan,0
9152933567,9152931135,0.0,0.0,0.0,0.0,nan,nan,nan,nan,nan,nan,nan,nan,0
9152943973,9152941168,0.0,3.7252903e-09,3.7252903e-09,0.0,nan,nan,nan,nan,nan,nan,nan,nan,0
9152953451,9152951068,0.0,0.0,0.0,0.0,nan,nan,nan,nan,nan,nan,nan,nan,0
9152963975,9152961328,0.0,3.7252903e-09,3.7252903e-09,0.0,nan,nan,nan,nan,nan,nan,nan,nan,0
9152974394,9152971539,0.0,0.0,0.0,0.0,nan,nan,nan,nan,nan,nan,nan,nan,0
9152984850,9152981456,0.0,0.0,0.0,0.0,nan,nan,nan,nan,nan,nan,nan,nan,0
9152993223,9152990646,0.0,0.0,0.0,0.0,nan,nan,nan,nan,nan,nan,nan,nan,0
9153003859,9153001253,0.0,0.0,0.0,0.0,nan,nan,nan,nan,nan,nan,nan,nan,0
9153014403,9153011538,0.0,0.0,0.0,0.0,nan,nan,nan,nan,nan,nan,nan,nan,0
9153023685,9153020708,0.0,3.7252903e-09,3.7252903e-09,0.0,nan,nan,nan,nan,nan,nan,nan,nan,0
9153033572,9153030993,0.0,0.0,0.0,0.0,nan,nan,nan,nan,nan,nan,nan,nan,0
9153044135,9153041278,0.0,0.0,0.0,0.0,nan,nan,nan,nan,nan,nan,nan,nan,0
9153055556,9153051681,0.0,0.0,0.0,0.0,nan,nan,nan,nan,nan,nan,nan,nan,0
9153062945,9153060576,0.0,0.0,0.0,0.0,nan,nan,nan,nan,nan,nan,nan,nan,0
9153073657,9153071055,0.0,3.7252903e-09,3.7252903e-09,0.0,nan,nan,nan,nan,nan,nan,nan,nan,0
9153084039,9153081236,0.0,0.0,0.0,0.0,nan,nan,nan,nan,nan,nan,nan,nan,0
9153094649,9153091278,0.0,0.0,0.0,0.0,nan,nan,nan,nan,nan,nan,nan,nan,0
9153104152,9153101706,0.0,0.0,0.0,0.0,nan,nan,nan,nan,nan,nan,nan,nan,0
9153113567,9153110961,0.0,0.0,0.0,0.0,nan,nan,nan,nan,nan,nan,nan,nan,0
9153124062,9153121221,0.0,0.0,0.0,0.0,nan,nan,nan,nan,nan,nan,nan,nan,0
9153133492,9153130902,0.0,3.7252903e-09,3.7252903e-09,0.0,nan,nan,nan,nan,nan,nan,nan,nan,0
9153144035,9153141609,0.0,0.0,0.0,0.0,nan,nan,nan,nan,nan,nan,nan,nan,0
9153155447,9153151925,0.0,0.0,0.0,0.0,nan,nan,nan,nan,nan,nan,nan,nan,0
9153164875,9153161388,0.0,0.0,0.0,0.0,nan,nan,nan,nan,nan,nan,nan,nan,0
9153174507,9153172082,0.0,0.0,0.0,0.0,nan,nan,nan,nan,nan,nan,nan,nan,0
9153183869,9153181280,0.0,0.0,0.0,0.0,nan,nan,nan,nan,nan,nan,nan,nan,0
9153194247,9153191456,0.0,0.0,0.0,0.0,nan,nan,nan,nan,nan,nan,nan,nan,0
9153203716,9153201148,0.0,0.0,0.0,0.0,nan,nan,nan,nan,nan,nan,nan,nan,0
9153214248,9153211848,0.0,0.0,0.0,0.0,nan,nan,nan,nan,nan,nan,nan,nan,0
9153224769,9153221937,0.0,0.0,0.0,0.0,nan,nan,nan,nan,nan,nan,nan,nan,0
9153235203,9153231707,0.0,0.0,0.0,0.0,nan,nan,nan,nan,nan,nan,nan,nan,0
9153243603,9153241019,0.0,0.0,0.0,0.0,nan,nan,nan,nan,nan,nan,nan,nan,0
9153254066,9153251654,0.0,0.0,0.0,0.0,nan,nan,nan,nan,nan,nan,nan,nan,0
9153264616,9153261821,0.0,0.0,0.0,0.0,nan,nan,nan,nan,nan,nan,nan,nan,0
9153274611,9153272212,0.0,0.0,0.0,0.0,nan,nan,nan,nan,nan,nan,nan,nan,0
9153283976,9153281609,0.0,0.0,0.0,0.0,nan,nan,nan,nan,nan,nan,nan,nan,0
9153294419,9153291415,0.0,0.0,0.0,0.0,nan,nan,nan,nan,nan,nan,nan,nan,0
9153305877,9153302208,0.0,0.0,0.0,0.0,nan,nan,nan,nan,nan,nan,nan,nan,0
9153314303,9153311910,0.0,0.0,0.0,0.0,nan,nan,nan,nan,nan,nan,nan,nan,0
9153323807,9153321221,0.0,0.0,0.0,0.0,nan,nan,nan,nan,nan,nan,nan,nan,0
9153334255,9153331634,0.0,0.0,0.0,0.0,nan,nan,nan,nan,nan,nan,nan,nan,0
9153345026,9153341600,0.0,0.0,0.0,0.0,nan,nan,nan,nan,nan,nan,nan,nan,0
9153354416,9153352014,0.0,0.0,0.0,0.0,nan,nan,nan,nan,nan,nan,nan,nan,0
9153364803,9153362011,0.0,0.0,0.0,0.0,nan,nan,nan,nan,nan,nan,nan,nan,0
9153374283,9153371655,0.0,3.7252903e-09,3.7252903e-09,0.0,nan,nan,nan,nan,nan,nan,nan,nan,0
9153383782,9153381193,0.0,0.0,0.0,0.0,nan,nan,nan,nan,nan,nan,nan,nan,0
9153394255,9153391638,0.0,0.0,0.0,0.0,nan,nan,nan,nan,nan,nan,nan,nan,0
9153405700,9153402208,0.0,0.0,0.0,0.0,nan,nan,nan,nan,nan,nan,nan,nan,0
9153415152,9153411949,0.0,3.7252903e-09,3.7252903e-09,0.0,nan,nan,nan,nan,nan,nan,nan,nan,0
9153424699,9153422056,0.0,0.0,0.0,0.0,nan,nan,nan,nan,nan,nan,nan,nan,0
9153434249,9153431635,0.0,0.0,0.0,0.0,nan,nan,nan,nan,nan,nan,nan,nan,0
9153444843,9153442250,0.0,0.0,0.0,0.0,nan,nan,nan,nan,nan,nan,nan,nan,0
9153456291,9153451296,0.0,0.0,0.0,0.0,nan,nan,nan,nan,nan,nan,nan,nan,0
9153464654,9153461273,0.0,0.0,0.0,0.0,nan,nan,nan,nan,nan,nan,nan,nan,0
9153474604,9153472170,0.0,0.0,0.0,0.0,nan,nan,nan,nan,nan,nan,nan,nan,0
9153486003,9153482123,0.0,0.0,0.0,0.0,nan,nan,nan,nan,nan,nan,nan,nan,0
9153494587,9153492148,0.0,0.0,0.0,0.0,nan,nan,nan,nan,nan,nan,nan,nan,0
9153503942,9153501331,0.0,0.0,0.0,0.0,nan,nan,nan,nan,nan,nan,nan,nan,0
9153514723,9153512069,0.0,0.0,0.0,0.0,nan,nan,nan,nan,nan,nan,nan,nan,0
9153524354,9153521692,0.0,0.0,0.0,0.0,nan,nan,nan,nan,nan,nan,nan,nan,0
9153535036,9153532619,0.0,0.0,0.0,0.0,nan,nan,nan,nan,nan,nan,nan,nan,0
9153544606,9153541611,0.0,0.0,0.0,0.0,nan,nan,nan,nan,nan,nan,nan,nan,0
9153556272,9153552550,0.0,0.0,0.0,0.0,nan,nan,nan,nan,nan,nan,nan,nan,0
9153564752,9153562323,0.0,0.0,0.0,0.0,nan,nan,nan,nan,nan,nan,nan,nan,0
9153574398,9153572019,0.0,0.0,0.0,0.0,nan,nan,nan,nan,nan,nan,nan,nan,0
9153585052,9153582238,0.0,3.7252903e-09,3.7252903e-09,0.0,nan,nan,nan,nan,nan,nan,nan,nan,0
9153595756,9153591639,0.0,0.0,0.0,0.0,nan,nan,nan,nan,nan,nan,nan,nan,0
9153604189,9153601593,0.0,3.7252903e-09,3.7252903e-09,0.0,nan,nan,nan,nan,nan,nan,nan,nan,0
9153614648,9153611851,0.0,0.0,0.0,0.0,nan,nan,nan,nan,nan,nan,nan,nan,0
9153625068,9153622463,0.0,0.0,0.0,0.0,nan,nan,nan,nan,nan,nan,nan,nan,0
9153634578,9153632011,0.0,0.0,0.0,0.0,nan,nan,nan,nan,nan,nan,nan,nan,0
9153645091,9153642483,0.0,0.0,0.0,0.0,nan,nan,nan,nan,nan,nan,nan,nan,0
9153655540,9153651834,0.0,3.7252903e-09,3.7252903e-09,0.0,nan,nan,nan,nan,nan,nan,nan,nan,0
9153666042,9153662350,0.0,0.0,0.0,0.0,nan,nan,nan,nan,nan,nan,nan,nan,0
9153674439,9153672056,0.0,0.0,0.0,0.0,nan,nan,nan,nan,nan,nan,nan,nan,0
9153684994,9153682577,0.0,0.0,0.0,0.0,nan,nan,nan,nan,nan,nan,nan,nan,0
9153695515,9153692911,0.0,0.0,0.0,0.0,nan,nan,nan,nan,nan,nan,nan,nan,0
9153703974,9153701610,0.0,0.0,0.0,0.0,nan,nan,nan,nan,nan,nan,nan,nan,0
9153714514,9153712114,0.0,0.0,0.0,0.0,nan,nan,nan,nan,nan,nan,nan,nan,0
9153724866,9153722091,0.0,0.0,0.0,0.0,nan,nan,nan,nan,nan,nan,nan,nan,0
9153736548,9153732265,0.0,0.0,0.0,0.0,nan,nan,nan,nan,nan,nan,nan,nan,0
9153744997,9153742620,0.0,0.0,0.0,0.0,nan,nan,nan,nan,nan,nan,nan,nan,0
9153754451,9153751875,0.0,0.0,0.0,0.0,nan,nan,nan,nan,nan,nan,nan,nan,0
9153765125,9153762490,0.0,0.0,0.0,0.0,nan,nan,nan,nan,nan,nan,nan,nan,0
9153774570,9153771969,0.0,0.0,0.0,0.0,nan,nan,nan,nan,nan,nan,nan,nan,0
9153785018,9153782624,0.0,0.0,0.0,0.0,nan,nan,nan,nan,nan,nan,nan,nan,0
9153795443,9153792429,0.0,0.0,0.0,0.0,nan,nan,nan,nan,nan,nan,nan,nan,0
9153806423,9153802738,0.0,0.0,0.0,0.0,nan,nan,nan,nan,nan,nan,nan,nan,0
9153814806,9153812237,0.0,0.0,0.0,0.0,nan,nan,nan,nan,nan,nan,nan,nan,0
9153825254,9153822851,0.0,0.0,0.0,0.0,nan,nan,nan,nan,nan,nan,nan,nan,0
9153835686,9153832890,0.0,0.0,0.0,0.0,nan,nan,nan,nan,nan,nan,nan,nan,0
9153845443,9153842808,0.0,0.0,0.0,0.0,nan,nan,nan,nan,nan,nan,nan,nan,0
9153855058,9153852444,0.0,0.0,0.0,0.0,nan,nan,nan,nan,nan,nan,nan,nan,0
9153865431,9153862644,0.0,0.0,0.0,0.0,nan,nan,nan,nan,nan,nan,nan,nan,0
9153875047,9153872431,0.0,0.0,0.0,0.0,nan,nan,nan,nan,nan,nan,nan,nan,0
9153884684,9153882106,0.0,0.0,0.0,0.0,nan,nan,nan,nan,nan,nan,nan,nan,0
9153895091,9153892507,0.0,0.0,0.0,0.0,nan,nan,nan,nan,nan,nan,nan,nan,0
9153906584,9153902869,0.0,0.0,0.0,0.0,nan,nan,nan,nan,nan,nan,nan,nan,0
9153915966,9153912507,0.0,0.0,0.0,0.0,nan,nan,nan,nan,nan,nan,nan,nan,0
9153925443,9153922860,0.0,0.0,0.0,0.0,nan,nan,nan,nan,nan,nan,nan,nan,0
9153935058,9153932235,0.0,3.7252903e-09,3.7252903e-09,0.0,nan,nan,nan,nan,nan,nan,nan,nan,0
9153946567,9153943065,0.0,0.0,0.0,0.0,nan,nan,nan,nan,nan,nan,nan,nan,0
9153954961,9153952380,0.0,0.0,0.0,0.0,nan,nan,nan,nan,nan,nan,nan,nan,0
9153965391,9153962992,0.0,0.0,0.0,0.0,nan,nan,nan,nan,nan,nan,nan,nan,0
9153975748,9153973172,0.0,0.0,0.0,0.0,nan,nan,nan,nan,nan,nan,nan,nan,0
9153985934,9153982036,0.0,0.0,0.0,0.0,nan,nan,nan,nan,nan,nan,nan,nan,0
9153995366,9153992752,0.0,0.0,0.0,0.0,nan,nan,nan,nan,nan,nan,nan,nan,0
9154004847,9154002247,0.0,3.7252903e-09,3.7252903e-09,0.0,nan,nan,nan,nan,nan,nan,nan,nan,0
9154015377,9154012739,0.0,0.0,0.0,0.0,nan,nan,nan,nan,nan,nan,nan,nan,0
9154024953,9154022348,0.0,3.7252903e-09,3.7252903e-09,0.0,nan,nan,nan,nan,nan,nan,nan,nan,0
9154035417,9154033017,0.0,3.7252903e-09,3.7252903e-09,0.0,nan,nan,nan,nan,nan,nan,nan,nan,0
9154045930,9154043101,0.0,0.0,0.0,0.0,nan,nan,nan,nan,nan,nan,nan,nan,0
9154056400,9154053005,0.0,0.0,0.0,0.0,nan,nan,nan,nan,nan,nan,nan,nan,0
9154064768,9154062401,0.0,3.7252903e-09,3.7252903e-09,0.0,nan,nan,nan,nan,nan,nan,nan,nan,0
9154075787,9154073401,0.0,0.0,0.0,0.0,nan,nan,nan,nan,nan,nan,nan,nan,0
9154086154,9154083370,0.0,0.0,0.0,0.0,nan,nan,nan,nan,nan,nan,nan,nan,0
9154094895,9154092315,0.0,0.0,0.0,0.0,nan,nan,nan,nan,nan,nan,nan,nan,0
9154105540,9154102906,0.0,0.0,0.0,0.0,nan,nan,nan,nan,nan,nan,nan,nan,0
9154115971,9154113131,0.0,0.0,0.0,0.0,nan,nan,nan,nan,nan,nan,nan,nan,0
9154125286,9154122515,0.0,0.0,0.0,0.0,nan,nan,nan,nan,nan,nan,nan,nan,0
9154134834,9154132251,0.0,0.0,0.0,0.0,nan,nan,nan,nan,nan,nan,nan,nan,0
9154145345,9154142933,0.0,0.0,0.0,0.0,nan,nan,nan,nan,nan,nan,nan,nan,0
9154156804,9154153107,0.0,0.0,0.0,0.0,nan,nan,nan,nan,nan,nan,nan,nan,0
9154166238,9154162155,0.0,0.0,0.0,0.0,nan,nan,nan,nan,nan,nan,nan,nan,0
9154175685,9154173112,0.0,0.0,0.0,0.0,nan,nan,nan,nan,nan,nan,nan,nan,0
9154186257,9154183439,0.0,0.0,0.0,0.0,nan,nan,nan,nan,nan,nan,nan,nan,0
9154196782,9154193407,0.0,0.0,0.0,0.0,nan,nan,nan,nan,nan,nan,nan,nan,0
9154205235,9154202658,0.0,3.7252903e-09,3.7252903e-09,0.0,nan,nan,nan,nan,nan,nan,nan,nan,0
9154215752,9154213365,0.0,0.0,0.0,0.0,nan,nan,nan,nan,nan,nan,nan,nan,0
9154226173,9154223375,0.0,0.0,0.0,0.0,nan,nan,nan,nan,nan,nan,nan,nan,0
9154235628,9154232258,0.0,0.0,0.0,0.0,nan,nan,nan,nan,nan,nan,nan,nan,0
9154246128,9154243747,0.0,0.0,0.0,0.0,nan,nan,nan,nan,nan,nan,nan,nan,0
9154255516,9154253136,0.0,0.0,0.0,0.0,nan,nan,nan,nan,nan,nan,nan,nan,0
9154266041,9154263422,0.0,0.0,0.0,0.0,nan,nan,nan,nan,nan,nan,nan,nan,0
9154275183,9154272589,0.0,0.0,0.0,0.0,nan,nan,nan,nan,nan,nan,nan,nan,0
9154285724,9154283297,0.0,0.0,0.0,0.0,nan,nan,nan,nan,nan,nan,nan,nan,0
9154296207,9154293364,0.0,0.0,0.0,0.0,nan,nan,nan,nan,nan,nan,nan,nan,0
9154306662,9154303170,0.0,3.7252903e-09,3.7252903e-09,0.0,nan,nan,nan,nan,nan,nan,nan,nan,0
9154316159,9154313734,0.0,0.0,0.0,0.0,nan,nan,nan,nan,nan,nan,nan,nan,0
9154325559,9154323118,0.0,0.0,0.0,0.0,nan,nan,nan,nan,nan,nan,nan,nan,0
9154335949,9154333136,0.0,3.7252903e-09,3.7252903e-09,0.0,nan,nan,nan,nan,nan,nan,nan,nan,0
9154345507,9154343098,0.0,0.0,0.0,0.0,nan,nan,nan,nan,nan,nan,nan,nan,0
9154356149,9154353710,0.0,0.0,0.0,0.0,nan,nan,nan,nan,nan,nan,nan,nan,0
9154366194,9154363380,0.0,3.7252903e-09,3.7252903e-09,0.0,nan,nan,nan,nan,nan,nan,nan,nan,0
9154376321,9154373524,0.0,0.0,0.0,0.0,nan,nan,nan,nan,nan,nan,nan,nan,0
9154385945,9154383359,0.0,0.0,0.0,0.0,nan,nan,nan,nan,nan,nan,nan,nan,0
9154396291,9154393637,0.0,0.0,0.0,0.0,nan,nan,nan,nan,nan,nan,nan,nan,0
9154407656,9154403958,0.0,0.0,0.0,0.0,nan,nan,nan,nan,nan,nan,nan,nan,0
9154416305,9154413698,0.0,0.0,0.0,0.0,nan,nan,nan,nan,nan,nan,nan,nan,0
9154426240,9154423638,0.0,3.7252903e-09,3.7252903e-09,0.0,nan,nan,nan,nan,nan,nan,nan,nan,0
9154436929,9154434037,0.0,0.0,0.0,0.0,nan,nan,nan,nan,nan,nan,nan,nan,0
9154446388,9154443713,0.0,0.0,0.0,0.0,nan,nan,nan,nan,nan,nan,nan,nan,0
9154456081,9154453441,0.0,0.0,0.0,0.0,nan,nan,nan,nan,nan,nan,nan,nan,0
9154465850,9154463457,0.0,0.0,0.0,0.0,nan,nan,nan,nan,nan,nan,nan,nan,0
9154476460,9154473841,0.0,0.0,0.0,0.0,nan,nan,nan,nan,nan,nan,nan,nan,0
9154487054,9154483342,0.0,0.0,0.0,0.0,nan,nan,nan,nan,nan,nan,nan,nan,0
9154496502,9154493875,0.0,0.0,0.0,0.0,nan,nan,nan,nan,nan,nan,nan,nan,0
9154505846,9154503069,0.0,0.0,0.0,0.0,nan,nan,nan,nan,nan,nan,nan,nan,0
9154517637,9154514047,0.0,0.0,0.0,0.0,nan,nan,nan,nan,nan,nan,nan,nan,0
9154526427,9154523935,0.0,0.0,0.0,0.0,nan,nan,nan,nan,nan,nan,nan,nan,0
9154535885,9154533492,0.0,0.0,0.0,0.0,nan,nan,nan,nan,nan,nan,nan,nan,0
9154546405,9154543381,0.0,0.0,0.0,0.0,nan,nan,nan,nan,nan,nan,nan,nan,0
9154556930,9154553726,0.0,0.0,0.0,0.0,nan,nan,nan,nan,nan,nan,nan,nan,0
9154566285,9154563701,0.0,0.0,0.0,0.0,nan,nan,nan,nan,nan,nan,nan,nan,0
9154575667,9154573101,0.0,0.0,0.0,0.0,nan,nan,nan,nan,nan,nan,nan,nan,0
9154586230,9154583384,0.0,0.0,0.0,0.0,nan,nan,nan,nan,nan,nan,nan,nan,0
9154595756,9154593166,0.0,0.0,0.0,0.0,nan,nan,nan,nan,nan,nan,nan,nan,0
9154606375,9154603922,0.0,0.0,0.0,0.0,nan,nan,nan,nan,nan,nan,nan,nan,0
9154616821,9154613995,0.0,0.0,0.0,0.0,nan,nan,nan,nan,nan,nan,nan,nan,0
9154626158,9154623385,0.0,3.7252903e-09,3.7252903e-09,0.0,nan,nan,nan,nan,nan,nan,nan,nan,0
9154635635,9154633267,0.0,0.0,0.0,0.0,nan,nan,nan,nan,nan,nan,nan,nan,0
9154646135,9154643556,0.0,0.0,0.0,0.0,nan,nan,nan,nan,nan,nan,nan,nan,0
9154657563,9154653878,0.0,0.0,0.0,0.0,nan,nan,nan,nan,nan,nan,nan,nan,0
9154666005,9154663432,0.0,0.0,0.0,0.0,nan,nan,nan,nan,nan,nan,nan,nan,0
9154676504,9154674127,0.0,0.0,0.0,0.0,nan,nan,nan,nan,nan,nan,nan,nan,0
9154686976,9154684152,0.0,0.0,0.0,0.0,nan,nan,nan,nan,nan,nan,nan,nan,0
9154697796,9154694124,0.0,0.0,0.0,0.0,nan,nan,nan,nan,nan,nan,nan,nan,0
9154706234,9154703647,0.0,0.0,0.0,0.0,nan,nan,nan,nan,nan,nan,nan,nan,0
9154716768,9154714303,0.0,0.0,0.0,0.0,nan,nan,nan,nan,nan,nan,nan,nan,0
9154727144,9154724295,0.0,0.0,0.0,0.0,nan,nan,nan,nan,nan,nan,nan,nan,0
9154736613,9154733211,0.0,0.0,0.0,0.0,nan,nan,nan,nan,nan,nan,nan,nan,0
9154746063,9154743476,0.0,0.0,0.0,0.0,nan,nan,nan,nan,nan,nan,nan,nan,0
9154756554,9154753753,0.0,0.0,0.0,0.0,nan,nan,nan,nan,nan,nan,nan,nan,0
9154768037,9154764338,0.0,3.7252903e-09,3.7252903e-09,0.0,nan,nan,nan,nan,nan,nan,nan,nan,0
9154776654,9154774033,0.0,0.0,0.0,0.0,nan,nan,nan,nan,nan,nan,nan,nan,0
9154786048,9154783426,0.0,0.0,0.0,0.0,nan,nan,nan,nan,nan,nan,nan,nan,0
9154796616,9154793798,0.0,0.0,0.0,0.0,nan,nan,nan,nan,nan,nan,nan,nan,0
9154806315,9154803267,0.0,0.0,0.0,0.0,nan,nan,nan,nan,nan,nan,nan,nan,0
9154817036,9154814439,0.0,0.0,0.0,0.0,nan,nan,nan,nan,nan,nan,nan,nan,0
9154826367,9154823798,0.0,0.0,0.0,0.0,nan,nan,nan,nan,nan,nan,nan,nan,0
9154836797,9154833998,0.0,3.7252903e-09,3.7252903e-09,0.0,nan,nan,nan,nan,nan,nan,nan,nan,0
9154847159,9154844683,0.0,0.0,0.0,0.0,nan,nan,nan,nan,nan,nan,nan,nan,0
9154856822,9154854426,0.0,0.0,0.0,0.0,nan,nan,nan,nan,nan,nan,nan,nan,0
9154866850,9154864004,0.0,0.0,0.0,0.0,nan,nan,nan,nan,nan,nan,nan,nan,0
9154876199,9154873390,0.0,0.0,0.0,0.0,nan,nan,nan,nan,nan,nan,nan,nan,0
9154886731,9154884144,0.0,0.0,0.0,0.0,nan,nan,nan,nan,nan,nan,nan,nan,0
9154897176,9154894771,0.0,0.0,0.0,0.0,nan,nan,nan,nan,nan,nan,nan,nan,0
9154908206,9154904733,0.0,0.0,0.0,0.0,nan,nan,nan,nan,nan,nan,nan,nan,0
9154916710,9154914111,0.0,0.0,0.0,0.0,nan,nan,nan,nan,nan,nan,nan,nan,0
9154927096,9154924513,0.0,0.0,0.0,0.0,nan,nan,nan,nan,nan,nan,nan,nan,0
9154937566,9154934759,0.0,0.0,0.0,0.0,nan,nan,nan,nan,nan,nan,nan,nan,0
9154948321,9154944437,0.0,3.7252903e-09,3.7252903e-09,0.0,nan,nan,nan,nan,nan,nan,nan,nan,0
9154956700,9154954322,0.0,0.0,0.0,0.0,nan,nan,nan,nan,nan,nan,nan,nan,0
9154966621,9154964224,0.0,0.0,0.0,0.0,nan,nan,nan,nan,nan,nan,nan,nan,0
9154976998,9154974220,0.0,0.0,0.0,0.0,nan,nan,nan,nan,nan,nan,nan,nan,0
9154987581,9154985007,0.0,0.0,0.0,0.0,nan,nan,nan,nan,nan,nan,nan,nan,0
9154997016,9154994624,0.0,0.0,0.0,0.0,nan,nan,nan,nan,nan,nan,nan,nan,0
9155007581,9155004751,0.0,0.0,0.0,0.0,nan,nan,nan,nan,nan,nan,nan,nan,0
9155018053,9155014689,0.0,3.7252903e-09,3.7252903e-09,0.0,nan,nan,nan,nan,nan,nan,nan,nan,0
9155026561,9155024128,0.0,0.0,0.0,0.0,nan,nan,nan,nan,nan,nan,nan,nan,0
9155036414,9155033991,0.0,0.0,0.0,0.0,nan,nan,nan,nan,nan,nan,nan,nan,0
9155047195,9155044195,0.0,0.0,0.0,0.0,nan,nan,nan,nan,nan,nan,nan,nan,0
9155056634,9155053845,0.0,0.0,0.0,0.0,nan,nan,nan,nan,nan,nan,nan,nan,0
9155066960,9155064282,0.0,0.0,0.0,0.0,nan,nan,nan,nan,nan,nan,nan,nan,0
9155077331,9155074522,0.0,0.0,0.0,0.0,nan,nan,nan,nan,nan,nan,nan,nan,0
9155088826,9155084958,0.0,0.0,0.0,0.0,nan,nan,nan,nan,nan,nan,nan,nan,0
9155096210,9155093839,0.0,0.0,0.0,0.0,nan,nan,nan,nan,nan,nan,nan,nan,0
9155106700,9155104295,0.0,0.0,0.0,0.0,nan,nan,nan,nan,nan,nan,nan,nan,0
9155117321,9155114719,0.0,0.0,0.0,0.0,nan,nan,nan,nan,nan,nan,nan,nan,0
9155126674,9155124095,0.0,0.0,0.0,0.0,nan,nan,nan,nan,nan,nan,nan,nan,0
9155136187,9155133809,0.0,0.0,0.0,0.0,nan,nan,nan,nan,nan,nan,nan,nan,0
9155146722,9155144144,0.0,0.0,0.0,0.0,nan,nan,nan,nan,nan,nan,nan,nan,0
9155158389,9155154700,0.0,0.0,0.0,0.0,nan,nan,nan,nan,nan,nan,nan,nan,0
9155166844,9155164270,0.0,0.0,0.0,0.0,nan,nan,nan,nan,nan,nan,nan,nan,0
9155177315,9155174719,0.0,0.0,0.0,0.0,nan,nan,nan,nan,nan,nan,nan,nan,0
9155187772,9155184971,0.0,0.0,0.0,0.0,nan,nan,nan,nan,nan,nan,nan,nan,0
9155198375,9155194678,0.0,0.0,0.0,0.0,nan,nan,nan,nan,nan,nan,nan,nan,0
9155206805,9155204418,0.0,0.0,0.0,0.0,nan,nan,nan,nan,nan,nan,nan,nan,0
9155217328,9155214755,0.0,0.0,0.0,0.0,nan,nan,nan,nan,nan,nan,nan,nan,0
9155227679,9155225108,0.0,0.0,0.0,0.0,nan,nan,nan,nan,nan,nan,nan,nan,0
9155237152,9155234786,0.0,0.0,0.0,0.0,nan,nan,nan,nan,nan,nan,nan,nan,0
9155247646,9155245269,0.0,0.0,0.0,0.0,nan,nan,nan,nan,nan,nan,nan,nan,0
9155258413,9155255428,0.0,0.0,0.0,0.0,nan,nan,nan,nan,nan,nan,nan,nan,0
9155269002,9155265109,0.0,0.0,0.0,0.0,nan,nan,nan,nan,nan,nan,nan,nan,0
9155277407,9155274826,0.0,0.0,0.0,0.0,nan,nan,nan,nan,nan,nan,nan,nan,0
9155286976,9155284580,0.0,0.0,0.0,0.0,nan,nan,nan,nan,nan,nan,nan,nan,0
9155297343,9155294563,0.0,0.0,0.0,0.0,nan,nan,nan,nan,nan,nan,nan,nan,0
9155307846,9155304173,0.0,0.0,0.0,0.0,nan,nan,nan,nan,nan,nan,nan,nan,0
9155317302,9155314699,0.0,0.0,0.0,0.0,nan,nan,nan,nan,nan,nan,nan,nan,0
9155327794,9155324988,0.0,0.0,0.0,0.0,nan,nan,nan,nan,nan,nan,nan,nan,0
9155339247,9155335180,0.0,0.0,0.0,0.0,nan,nan,nan,nan,nan,nan,nan,nan,0
9155346893,9155344276,0.0,0.0,0.0,0.0,nan,nan,nan,nan,nan,nan,nan,nan,0
9155359786,9155356802,0.0,0.0,0.0,0.0,nan,nan,nan,nan,nan,nan,nan,nan,0
9155367457,9155364471,0.0,0.0,0.0,0.0,nan,nan,nan,nan,nan,nan,nan,nan,0
9155378059,9155374373,0.0,0.0,0.0,0.0,nan,nan,nan,nan,nan,nan,nan,nan,0
9155387489,9155384913,0.0,0.0,0.0,0.0,nan,nan,nan,nan,nan,nan,nan,nan,0
9155396900,9155394510,0.0,0.0,0.0,0.0,nan,nan,nan,nan,nan,nan,nan,nan,0
9155408373,9155404671,0.0,0.0,0.0,0.0,nan,nan,nan,nan,nan,nan,nan,nan,0
9155417855,9155415472,0.0,0.0,0.0,0.0,nan,nan,nan,nan,nan,nan,nan,nan,0
9155427257,9155424881,0.0,0.0,0.0,0.0,nan,nan,nan,nan,nan,nan,nan,nan,0
9155437679,9155434870,0.0,0.0,0.0,0.0,nan,nan,nan,nan,nan,nan,nan,nan,0
9155448195,9155445003,0.0,0.0,0.0,0.0,nan,nan,nan,nan,nan,nan,nan,nan,0
9155457688,9155455258,0.0,0.0,0.0,0.0,nan,nan,nan,nan,nan,nan,nan,nan,0
9155467182,9155464563,0.0,0.0,0.0,0.0,nan,nan,nan,nan,nan,nan,nan,nan,0
9155477566,9155474961,0.0,0.0,0.0,0.0,nan,nan,nan,nan,nan,nan,nan,nan,0
9155488079,9155485437,0.0,0.0,0.0,0.0,nan,nan,nan,nan,nan,nan,nan,nan,0
9155497436,9155494861,0.0,0.0,0.0,0.0,nan,nan,nan,nan,nan,nan,nan,nan,0
9155508141,9155505043,0.0,0.0,0.0,0.0,nan,nan,nan,nan,nan,nan,nan,nan,0
9155519160,9155515201,0.0,0.0,0.0,0.0,nan,nan,nan,nan,nan,nan,nan,nan,0
9155528128,9155525479,0.0,0.0,0.0,0.0,nan,nan,nan,nan,nan,nan,nan,nan,0
9155537830,9155535455,0.0,0.0,0.0,0.0,nan,nan,nan,nan,nan,nan,nan,nan,0
9155548357,9155545469,0.0,0.0,0.0,0.0,nan,nan,nan,nan,nan,nan,nan,nan,0
9155557747,9155555148,0.0,0.0,0.0,0.0,nan,nan,nan,nan,nan,nan,nan,nan,0
9155567164,9155564762,0.0,0.0,0.0,0.0,nan,nan,nan,nan,nan,nan,nan,nan,0
9155578634,9155575851,0.0,0.0,0.0,0.0,nan,nan,nan,nan,nan,nan,nan,nan,0
9155589142,9155585677,0.0,0.0,0.0,0.0,nan,nan,nan,nan,nan,nan,nan,nan,0
9155597593,9155595028,0.0,0.0,0.0,0.0,nan,nan,nan,nan,nan,nan,nan,nan,0
9155608132,9155605481,0.0,0.0,0.0,0.0,nan,nan,nan,nan,nan,nan,nan,nan,0
9155618474,9155615907,0.0,0.0,0.0,0.0,nan,nan,nan,nan,nan,nan,nan,nan,0
9155629052,9155625346,0.0,0.0,0.0,0.0,nan,nan,nan,nan,nan,nan,nan,nan,0
9155637483,9155635089,0.0,0.0,0.0,0.0,nan,nan,nan,nan,nan,nan,nan,nan,0
9155647968,9155645369,0.0,0.0,0.0,0.0,nan,nan,nan,nan,nan,nan,nan,nan,0
9155659393,9155655720,0.0,0.0,0.0,0.0,nan,nan,nan,nan,nan,nan,nan,nan,0
9155667797,9155664831,0.0,0.0,0.0,0.0,nan,nan,nan,nan,nan,nan,nan,nan,0
9155678334,9155675895,0.0,0.0,0.0,0.0,nan,nan,nan,nan,nan,nan,nan,nan,0
9155687656,9155685081,0.0,0.0,0.0,0.0,nan,nan,nan,nan,nan,nan,nan,nan,0
9155699256,9155695390,0.0,0.0,0.0,0.0,nan,nan,nan,nan,nan,nan,nan,nan,0
9155707684,9155705311,0.0,0.0,0.0,0.0,nan,nan,nan,nan,nan,nan,nan,nan,0
9155717833,9155715431,0.0,0.0,0.0,0.0,nan,nan,nan,nan,nan,nan,nan,nan,0
9155728301,9155725690,0.0,0.0,0.0,0.0,nan,nan,nan,nan,nan,nan,nan,nan,0
9155737764,9155735167,0.0,0.0,0.0,0.0,nan,nan,nan,nan,nan,nan,nan,nan,0
9155748285,9155745646,0.0,0.0,0.0,0.0,nan,nan,nan,nan,nan,nan,nan,nan,0
9155758650,9155755859,0.0,0.0,0.0,0.0,nan,nan,nan,nan,nan,nan,nan,nan,0
9155769113,9155765651,0.0,0.0,0.0,0.0,nan,nan,nan,nan,nan,nan,nan,nan,0
9155778522,9155776128,0.0,0.0,0.0,0.0,nan,nan,nan,nan,nan,nan,nan,nan,0
9155787946,9155785341,0.0,0.0,0.0,0.0,nan,nan,nan,nan,nan,nan,nan,nan,0
9155798507,9155795464,0.0,0.0,0.0,0.0,nan,nan,nan,nan,nan,nan,nan,nan,0
9155807946,9155805324,0.0,0.0,0.0,0.0,nan,nan,nan,nan,nan,nan,nan,nan,0
9155818465,9155815843,0.0,0.0,0.0,0.0,nan,nan,nan,nan,nan,nan,nan,nan,0
9155828944,9155826096,0.0,0.0,0.0,0.0,nan,nan,nan,nan,nan,nan,nan,nan,0
9155839286,9155835897,0.0,0.0,0.0,0.0,nan,nan,nan,nan,nan,nan,nan,nan,0
9155847748,9155845177,0.0,0.0,0.0,0.0,nan,nan,nan,nan,nan,nan,nan,nan,0
9155858213,9155855616,0.0,0.0,0.0,0.0,nan,nan,nan,nan,nan,nan,nan,nan,0
9155868627,9155865816,0.0,0.0,0.0,0.0,nan,nan,nan,nan,nan,nan,nan,nan,0
9155878038,9155874658,0.0,0.0,0.0,0.0,nan,nan,nan,nan,nan,nan,nan,nan,0
9155888473,9155885855,0.0,0.0,0.0,0.0,nan,nan,nan,nan,nan,nan,nan,nan,0
9155898860,9155896056,0.0,0.0,0.0,0.0,nan,nan,nan,nan,nan,nan,nan,nan,0
9155909344,9155905275,0.0,0.0,0.0,0.0,nan,nan,nan,nan,nan,nan,nan,nan,0
9155917750,9155915154,0.0,0.0,0.0,0.0,nan,nan,nan,nan,nan,nan,nan,nan,0
9155928272,9155925825,0.0,0.0,0.0,0.0,nan,nan,nan,nan,nan,nan,nan,nan,0
9155938629,9155935822,0.0,0.0,0.0,0.0,nan,nan,nan,nan,nan,nan,nan,nan,0
9155949103,9155945705,0.0,0.0,0.0,0.0,nan,nan,nan,nan,nan,nan,nan,nan,0
9155958524,9155956115,0.0,0.0,0.0,0.0,nan,nan,nan,nan,nan,nan,nan,nan,0
9155968099,9155965660,0.0,0.0,0.0,0.0,nan,nan,nan,nan,nan,nan,nan,nan,0
9155979052,9155976257,0.0,0.0,0.0,0.0,nan,nan,nan,nan,nan,nan,nan,nan,0
9155988811,9155986383,0.0,0.0,0.0,0.0,nan,nan,nan,nan,nan,nan,nan,nan,0
9155998198,9155995822,0.0,0.0,0.0,0.0,nan,nan,nan,nan,nan,nan,nan,nan,0
9156008785,9156006107,0.0,0.0,0.0,0.0,nan,nan,nan,nan,nan,nan,nan,nan,0
9156019365,9156015856,0.0,0.0,0.0,0.0,nan,nan,nan,nan,nan,nan,nan,nan,0
9156028161,9156025533,0.0,0.0,0.0,0.0,nan,nan,nan,nan,nan,nan,nan,nan,0
9156038731,9156036108,0.0,0.0,0.0,0.0,nan,nan,nan,nan,nan,nan,nan,nan,0
9156049336,9156046449,0.0,0.0,0.0,0.0,nan,nan,nan,nan,nan,nan,nan,nan,0
9156058718,9156056138,0.0,0.0,0.0,0.0,nan,nan,nan,nan,nan,nan,nan,nan,0
9156068168,9156065753,0.0,0.0,0.0,0.0,nan,nan,nan,nan,nan,nan,nan,nan,0
9156078709,9156075929,0.0,0.0,0.0,0.0,nan,nan,nan,nan,nan,nan,nan,nan,0
9156090175,9156086305,0.0,0.0,0.0,0.0,nan,nan,nan,nan,nan,nan,nan,nan,0
9156098585,9156096014,0.0,0.0,0.0,0.0,nan,nan,nan,nan,nan,nan,nan,nan,0
9156108045,9156105643,0.0,0.0,0.0,0.0,nan,nan,nan,nan,nan,nan,nan,nan,0
9156118407,9156115824,0.0,0.0,0.0,0.0,nan,nan,nan,nan,nan,nan,nan,nan,0
9156128964,9156125433,0.0,0.0,0.0,0.0,nan,nan,nan,nan,nan,nan,nan,nan,0
9156138728,9156136140,0.0,0.0,0.0,0.0,nan,nan,nan,nan,nan,nan,nan,nan,0
9156149259,9156146482,0.0,0.0,0.0,0.0,nan,nan,nan,nan,nan,nan,nan,nan,0
9156159746,9156155675,0.0,0.0,0.0,0.0,nan,nan,nan,nan,nan,nan,nan,nan,0
9156168187,9156165786,0.0,0.0,0.0,0.0,nan,nan,nan,nan,nan,nan,nan,nan,0
9156178631,9156176242,0.0,0.0,0.0,0.0,nan,nan,nan,nan,nan,nan,nan,nan,0
9156189110,9156186508,0.0,0.0,0.0,0.0,nan,nan,nan,nan,nan,nan,nan,nan,0
9156198571,9156195173,0.0,0.0,0.0,0.0,nan,nan,nan,nan,nan,nan,nan,nan,0
9156209041,9156206631,0.0,0.0,0.0,0.0,nan,nan,nan,nan,nan,nan,nan,nan,0
9156218611,9156215771,0.0,0.0,0.0,0.0,nan,nan,nan,nan,nan,nan,nan,nan,0
9156229027,9156226198,0.0,0.0,0.0,0.0,nan,nan,nan,nan,nan,nan,nan,nan,0
9156238450,9156235857,0.0,0.0,0.0,0.0,nan,nan,nan,nan,nan,nan,nan,nan,0
9156248943,9156246328,0.0,0.0,0.0,0.0,nan,nan,nan,nan,nan,nan,nan,nan,0
9156259295,9156256498,0.0,0.0,0.0,0.0,nan,nan,nan,nan,nan,nan,nan,nan,0
9156269744,9156266333,0.0,0.0,0.0,0.0,nan,nan,nan,nan,nan,nan,nan,nan,0
9156279205,9156276549,0.0,0.0,0.0,0.0,nan,nan,nan,nan,nan,nan,nan,nan,0
9156288568,9156286150,0.0,0.0,0.0,0.0,nan,nan,nan,nan,nan,nan,nan,nan,0
9156298952,9156296162,0.0,0.0,0.0,0.0,nan,nan,nan,nan,nan,nan,nan,nan,0
9156308852,9156306254,0.0,0.0,0.0,0.0,nan,nan,nan,nan,nan,nan,nan,nan,0
9156319251,9156316678,0.0,0.0,0.0,0.0,nan,nan,nan,nan,nan,nan,nan,nan,0
9156329699,9156326863,0.0,0.0,0.0,0.0,nan,nan,nan,nan,nan,nan,nan,nan,0
9156340273,9156336558,0.0,0.0,0.0,0.0,nan,nan,nan,nan,nan,nan,nan,nan,0
9156348612,9156346036,0.0,0.0,0.0,0.0,nan,nan,nan,nan,nan,nan,nan,nan,0
9156359081,9156356670,0.0,0.0,0.0,0.0,nan,nan,nan,nan,nan,nan,nan,nan,0
9156369458,9156366673,0.0,0.0,0.0,0.0,nan,nan,nan,nan,nan,nan,nan,nan,0
9156378960,9156376354,0.0,0.0,0.0,0.0,nan,nan,nan,nan,nan,nan,nan,nan,0
9156388559,9156386108,0.0,0.0,0.0,0.0,nan,nan,nan,nan,nan,nan,nan,nan,0
9156399031,9156396201,0.0,0.0,0.0,0.0,nan,nan,nan,nan,nan,nan,nan,nan,0
9156410556,9156405943,0.0,0.0,0.0,0.0,nan,nan,nan,nan,nan,nan,nan,nan,0
9156419230,9156416859,0.0,0.0,0.0,0.0,nan,nan,nan,nan,nan,nan,nan,nan,0
9156428634,9156426054,0.0,0.0,0.0,0.0,nan,nan,nan,nan,nan,nan,nan,nan,0
9156439139,9156436503,0.0,0.0,0.0,0.0,nan,nan,nan,nan,nan,nan,nan,nan,0
9156449638,9156446147,0.0,0.0,0.0,0.0,nan,nan,nan,nan,nan,nan,nan,nan,0
9156459015,9156456642,0.0,0.0,0.0,0.0,nan,nan,nan,nan,nan,nan,nan,nan,0
9156469605,9156466804,0.0,0.0,0.0,0.0,nan,nan,nan,nan,nan,nan,nan,nan,0
9156480451,9156477056,0.0,0.0,0.0,0.0,nan,nan,nan,nan,nan,nan,nan,nan,0
9156488869,9156486286,0.0,0.0,0.0,0.0,nan,nan,nan,nan,nan,nan,nan,nan,0
9156499317,9156496909,0.0,0.0,0.0,0.0,nan,nan,nan,nan,nan,nan,nan,nan,0
9156510016,9156507364,0.0,0.0,0.0,0.0,nan,nan,nan,nan,nan,nan,nan,nan,0
9156520809,9156516672,0.0,0.0,0.0,0.0,nan,nan,nan,nan,nan,nan,nan,nan,0
9156529393,9156526979,0.0,0.0,0.0,0.0,nan,nan,nan,nan,nan,nan,nan,nan,0
9156539176,9156536562,0.0,0.0,0.0,0.0,nan,nan,nan,nan,nan,nan,nan,nan,0
9156549886,9156547314,0.0,0.0,0.0,0.0,nan,nan,nan,nan,nan,nan,nan,nan,0
9156558898,9156556308,0.0,0.0,0.0,0.0,nan,nan,nan,nan,nan,nan,nan,nan,0
9156569439,9156566997,0.0,0.0,0.0,0.0,nan,nan,nan,nan,nan,nan,nan,nan,0
9156579835,9156577051,0.0,0.0,0.0,0.0,nan,nan,nan,nan,nan,nan,nan,nan,0
9156590388,9156586924,0.0,0.0,0.0,0.0,nan,nan,nan,nan,nan,nan,nan,nan,0
9156598807,9156596444,0.0,0.0,0.0,0.0,nan,nan,nan,nan,nan,nan,nan,nan,0
9156609332,9156606951,0.0,0.0,0.0,0.0,nan,nan,nan,nan,nan,nan,nan,nan,0
9156619731,9156616951,0.0,0.0,0.0,0.0,nan,nan,nan,nan,nan,nan,nan,nan,0
9156629264,9156626664,0.0,0.0,0.0,0.0,nan,nan,nan,nan,nan,nan,nan,nan,0
9156639878,9156637445,0.0,0.0,0.0,0.0,nan,nan,nan,nan,nan,nan,nan,nan,0
9156649588,9156646801,0.0,0.0,0.0,0.0,nan,nan,nan,nan,nan,nan,nan,nan,0
9156661209,9156656222,0.0,0.0,0.0,0.0,nan,nan,nan,nan,nan,nan,nan,nan,0
9156668606,9156666033,0.0,0.0,0.0,0.0,nan,nan,nan,nan,nan,nan,nan,nan,0
9156679082,9156676671,0.0,0.0,0.0,0.0,nan,nan,nan,nan,nan,nan,nan,nan,0
9156689480,9156686891,0.0,0.0,0.0,0.0,nan,nan,nan,nan,nan,nan,nan,nan,0
9156699967,9156697370,0.0,0.0,0.0,0.0,nan,nan,nan,nan,nan,nan,nan,nan,0
9156709361,9156706785,0.0,0.0,0.0,0.0,nan,nan,nan,nan,nan,nan,nan,nan,0
9156719856,9156717043,0.0,0.0,0.0,0.0,nan,nan,nan,nan,nan,nan,nan,nan,0
9156731535,9156727459,0.0,0.0,0.0,0.0,nan,nan,nan,nan,nan,nan,nan,nan,0
9156738901,9156736335,0.0,0.0,0.0,0.0,nan,nan,nan,nan,nan,nan,nan,nan,0
9156749452,9156747050,0.0,0.0,0.0,0.0,nan,nan,nan,nan,nan,nan,nan,nan,0
9156759851,9156757040,0.0,0.0,0.0,0.0,nan,nan,nan,nan,nan,nan,nan,nan,0
9156769832,9156766421,0.0,0.0,0.0,0.0,nan,nan,nan,nan,nan,nan,nan,nan,0
9156779412,9156776808,0.0,0.0,0.0,0.0,nan,nan,nan,nan,nan,nan,nan,nan,0
9156790052,9156787452,0.0,0.0,0.0,0.0,nan,nan,nan,nan,nan,nan,nan,nan,0
9156799684,9156796886,0.0,0.0,0.0,0.0,nan,nan,nan,nan,nan,nan,nan,nan,0
9156809310,9156806702,0.0,0.0,0.0,0.0,nan,nan,nan,nan,nan,nan,nan,nan,0
9156819767,9156817363,0.0,0.0,0.0,0.0,nan,nan,nan,nan,nan,nan,nan,nan,0
9156830153,9156827559,0.0,0.0,0.0,0.0,nan,nan,nan,nan,nan,nan,nan,nan,0
9156840689,9156837158,0.0,0.0,0.0,0.0,nan,nan,nan,nan,nan,nan,nan,nan,0
9156850030,9156847653,0.0,0.0,0.0,0.0,nan,nan,nan,nan,nan,nan,nan,nan,0
9156859387,9156856815,0.0,0.0,0.0,0.0,nan,nan,nan,nan,nan,nan,nan,nan,0
9156869853,9156867059,0.0,0.0,0.0,0.0,nan,nan,nan,nan,nan,nan,nan,nan,0
9156879488,9156876886,0.0,0.0,0.0,0.0,nan,nan,nan,nan,nan,nan,nan,nan,0
9156889994,9156887575,0.0,0.0,0.0,0.0,nan,nan,nan,nan,nan,nan,nan,nan,0
9156900124,9156897253,0.0,0.0,0.0,0.0,nan,nan,nan,nan,nan,nan,nan,nan,0
9156911560,9156906393,0.0,0.0,0.0,0.0,nan,nan,nan,nan,nan,nan,nan,nan,0
9156919969,9156917403,0.0,0.0,0.0,0.0,nan,nan,nan,nan,nan,nan,nan,nan,0
9156929468,9156927088,0.0,0.0,0.0,0.0,nan,nan,nan,nan,nan,nan,nan,nan,0
9156939895,9156937098,0.0,0.0,0.0,0.0,nan,nan,nan,nan,nan,nan,nan,nan,0
9156950449,9156947840,0.0,0.0,0.0,0.0,nan,nan,nan,nan,nan,nan,nan,nan,0
9156959473,9156956896,0.0,0.0,0.0,0.0,nan,nan,nan,nan,nan,nan,nan,nan,0
9156969961,9156967159,0.0,0.0,0.0,0.0,nan,nan,nan,nan,nan,nan,nan,nan,0
9156981653,9156977960,0.0,0.0,0.0,0.0,nan,nan,nan,nan,nan,nan,nan,nan,0
9156990038,9156987667,0.0,0.0,0.0,0.0,nan,nan,nan,nan,nan,nan,nan,nan,0
9156999510,9156996916,0.0,0.0,0.0,0.0,nan,nan,nan,nan,nan,nan,nan,nan,0
9157009953,9157007334,0.0,0.0,0.0,0.0,nan,nan,nan,nan,nan,nan,nan,nan,0
9157020486,9157017016,0.0,0.0,0.0,0.0,nan,nan,nan,nan,nan,nan,nan,nan,0
9157029923,9157027346,0.0,0.0,0.0,0.0,nan,nan,nan,nan,nan,nan,nan,nan,0
9157040363,9157037559,0.0,0.0,0.0,0.0,nan,nan,nan,nan,nan,nan,nan,nan,0
9157051859,9157047783,0.0,0.0,0.0,0.0,nan,nan,nan,nan,nan,nan,nan,nan,0
9157059219,9157056856,0.0,0.0,0.0,0.0,nan,nan,nan,nan,nan,nan,nan,nan,0
9157069907,9157067512,0.0,0.0,0.0,0.0,nan,nan,nan,nan,nan,nan,nan,nan,0
9157080397,9157077782,0.0,0.0,0.0,0.0,nan,nan,nan,nan,nan,nan,nan,nan,0
9157090948,9157087583,0.0,0.0,0.0,0.0,nan,nan,nan,nan,nan,nan,nan,nan,0
9157100386,9157098016,0.0,0.0,0.0,0.0,nan,nan,nan,nan,nan,nan,nan,nan,0
9157109790,9157107415,0.0,0.0,0.0,0.0,nan,nan,nan,nan,nan,nan,nan,nan,0
9157120276,9157117666,0.0,0.0,0.0,0.0,nan,nan,nan,nan,nan,nan,nan,nan,0
9157129804,9157127197,0.0,0.0,0.0,0.0,nan,nan,nan,nan,nan,nan,nan,nan,0
9157140293,9157137675,0.0,0.0,0.0,0.0,nan,nan,nan,nan,nan,nan,nan,nan,0
9157150837,9157148195,0.0,0.0,0.0,0.0,nan,nan,nan,nan,nan,nan,nan,nan,0
9157161687,9157156891,0.0,0.0,0.0,0.0,nan,nan,nan,nan,nan,nan,nan,nan,0
9157170077,9157167703,0.0,0.0,0.0,0.0,nan,nan,nan,nan,nan,nan,nan,nan,0
9157180606,9157177983,0.0,0.0,0.0,0.0,nan,nan,nan,nan,nan,nan,nan,nan,0
9157190982,9157188395,0.0,0.0,0.0,0.0,nan,nan,nan,nan,nan,nan,nan,nan,0
9157200470,9157197869,0.0,0.0,0.0,0.0,nan,nan,nan,nan,nan,nan,nan,nan,0
9157210585,9157207960,0.0,0.0,0.0,0.0,nan,nan,nan,nan,nan,nan,nan,nan,0
9157220999,9157218161,0.0,0.0,0.0,0.0,nan,nan,nan,nan,nan,nan,nan,nan,0
9157231627,9157228066,0.0,0.0,0.0,0.0,nan,nan,nan,nan,nan,nan,nan,nan,0
9157239984,9157237579,0.0,0.0,0.0,0.0,nan,nan,nan,nan,nan,nan,nan,nan,0
9157250587,9157248212,0.0,0.0,0.0,0.0,nan,nan,nan,nan,nan,nan,nan,nan,0
9157261013,9157258406,0.0,0.0,0.0,0.0,nan,nan,nan,nan,nan,nan,nan,nan,0
9157270468,9157268090,0.0,0.0,0.0,0.0,nan,nan,nan,nan,nan,nan,nan,nan,0
9157280913,9157278513,0.0,0.0,0.0,0.0,nan,nan,nan,nan,nan,nan,nan,nan,0
9157290265,9157287284,0.0,0.0,0.0,0.0,nan,nan,nan,nan,nan,nan,nan,nan,0
9157301790,9157298319,0.0,0.0,0.0,0.0,nan,nan,nan,nan,nan,nan,nan,nan,0
9157310184,9157307814,0.0,0.0,0.0,0.0,nan,nan,nan,nan,nan,nan,nan,nan,0
9157320772,9157318145,0.0,0.0,0.0,0.0,nan,nan,nan,nan,nan,nan,nan,nan,0
9157331193,9157328591,0.0,0.0,0.0,0.0,nan,nan,nan,nan,nan,nan,nan,nan,0
9157341363,9157337677,0.0,0.0,0.0,0.0,nan,nan,nan,nan,nan,nan,nan,nan,0
9157350103,9157347522,0.0,0.0,0.0,0.0,nan,nan,nan,nan,nan,nan,nan,nan,0
9157360597,9157358217,0.0,0.0,0.0,0.0,nan,nan,nan,nan,nan,nan,nan,nan,0
9157370956,9157368186,0.0,0.0,0.0,0.0,nan,nan,nan,nan,nan,nan,nan,nan,0
9157380441,9157377868,0.0,0.0,0.0,0.0,nan,nan,nan,nan,nan,nan,nan,nan,0
9157390946,9157388339,0.0,0.0,0.0,0.0,nan,nan,nan,nan,nan,nan,nan,nan,0
9157400422,9157397811,0.0,0.0,0.0,0.0,nan,nan,nan,nan,nan,nan,nan,nan,0
9157411983,9157407203,0.0,0.0,0.0,0.0,nan,nan,nan,nan,nan,nan,nan,nan,0
9157420393,9157417825,0.0,0.0,0.0,0.0,nan,nan,nan,nan,nan,nan,nan,nan,0
9157430908,9157428286,0.0,0.0,0.0,0.0,nan,nan,nan,nan,nan,nan,nan,nan,0
9157441333,9157438508,0.0,0.0,0.0,0.0,nan,nan,nan,nan,nan,nan,nan,nan,0
9157450781,9157448196,0.0,0.0,0.0,0.0,nan,nan,nan,nan,nan,nan,nan,nan,0
9157460185,9157457809,0.0,0.0,0.0,0.0,nan,nan,nan,nan,nan,nan,nan,nan,0
9157470640,9157467832,0.0,0.0,0.0,0.0,nan,nan,nan,nan,nan,nan,nan,nan,0
9157482263,9157478548,0.0,0.0,0.0,0.0,nan,nan,nan,nan,nan,nan,nan,nan,0
9157490620,9157488046,0.0,0.0,0.0,0.0,nan,nan,nan,nan,nan,nan,nan,nan,0
9157501126,9157498716,0.0,0.0,0.0,0.0,nan,nan,nan,nan,nan,nan,nan,nan,0
9157511519,9157508931,0.0,0.0,0.0,0.0,nan,nan,nan,nan,nan,nan,nan,nan,0
9157521221,9157518576,0.0,0.0,0.0,0.0,nan,nan,nan,nan,nan,nan,nan,nan,0
9157530939,9157528458,0.0,0.0,0.0,0.0,nan,nan,nan,nan,nan,nan,nan,nan,0
9157541515,9157538434,0.0,0.0,0.0,0.0,nan,nan,nan,nan,nan,nan,nan,nan,0
9157552030,9157548798,0.0,0.0,0.0,0.0,nan,nan,nan,nan,nan,nan,nan,nan,0
9157560432,9157557859,0.0,0.0,0.0,0.0,nan,nan,nan,nan,nan,nan,nan,nan,0
9157571071,9157568462,0.0,0.0,0.0,0.0,nan,nan,nan,nan,nan,nan,nan,nan,0
9157581561,9157578724,0.0,0.0,0.0,0.0,nan,nan,nan,nan,nan,nan,nan,nan,0
9157590955,9157587990,0.0,0.0,0.0,0.0,nan,nan,nan,nan,nan,nan,nan,nan,0
9157600406,9157598032,0.0,0.0,0.0,0.0,nan,nan,nan,nan,nan,nan,nan,nan,0
9157610930,9157608149,0.0,0.0,0.0,0.0,nan,nan,nan,nan,nan,nan,nan,nan,0
9157622423,9157618952,0.0,0.0,0.0,0.0,nan,nan,nan,nan,nan,nan,nan,nan,0
9157630853,9157628280,0.0,0.0,0.0,0.0,nan,nan,nan,nan,nan,nan,nan,nan,0
9157641426,9157638980,0.0,0.0,0.0,0.0,nan,nan,nan,nan,nan,nan,nan,nan,0
9157651867,9157649241,0.0,0.0,0.0,0.0,nan,nan,nan,nan,nan,nan,nan,nan,0
9157662367,9157657575,0.0,0.0,0.0,0.0,nan,nan,nan,nan,nan,nan,nan,nan,0
9157670774,9157668201,0.0,0.0,0.0,0.0,nan,nan,nan,nan,nan,nan,nan,nan,0
9157681369,9157678997,0.0,0.0,0.0,0.0,nan,nan,nan,nan,nan,nan,nan,nan,0
9157690764,9157687992,0.0,0.0,0.0,0.0,nan,nan,nan,nan,nan,nan,nan,nan,0
9157701249,9157698880,0.0,0.0,0.0,0.0,nan,nan,nan,nan,nan,nan,nan,nan,0
9157710723,9157708152,0.0,0.0,0.0,0.0,nan,nan,nan,nan,nan,nan,nan,nan,0
9157721136,9157718545,0.0,0.0,0.0,0.0,nan,nan,nan,nan,nan,nan,nan,nan,0
9157732776,9157728648,0.0,0.0,0.0,0.0,nan,nan,nan,nan,nan,nan,nan,nan,0
9157741347,9157738940,0.0,0.0,0.0,0.0,nan,nan,nan,nan,nan,nan,nan,nan,0
9157750708,9157748134,0.0,0.0,0.0,0.0,nan,nan,nan,nan,nan,nan,nan,nan,0
9157761130,9157758536,0.0,0.0,0.0,0.0,nan,nan,nan,nan,nan,nan,nan,nan,0
9157771601,9157769032,0.0,0.0,0.0,0.0,nan,nan,nan,nan,nan,nan,nan,nan,0
9157781041,9157778439,0.0,0.0,0.0,0.0,nan,nan,nan,nan,nan,nan,nan,nan,0
9157791547,9157788768,0.0,0.0,0.0,0.0,nan,nan,nan,nan,nan,nan,nan,nan,0
9157802041,9157798851,0.0,0.0,0.0,0.0,nan,nan,nan,nan,nan,nan,nan,nan,0
9157810474,9157808096,0.0,0.0,0.0,0.0,nan,nan,nan,nan,nan,nan,nan,nan,0
9157821072,9157818598,0.0,0.0,0.0,0.0,nan,nan,nan,nan,nan,nan,nan,nan,0
9157831402,9157828577,0.0,0.0,0.0,0.0,nan,nan,nan,nan,nan,nan,nan,nan,0
9157841893,9157839323,0.0,0.0,0.0,0.0,nan,nan,nan,nan,nan,nan,nan,nan,0
9157851281,9157848907,0.0,0.0,0.0,0.0,nan,nan,nan,nan,nan,nan,nan,nan,0
9157861810,9157859004,0.0,0.0,0.0,0.0,nan,nan,nan,nan,nan,nan,nan,nan,0
9157872417,9157869434,0.0,0.0,0.0,0.0,nan,nan,nan,nan,nan,nan,nan,nan,0
9157880791,9157878223,0.0,0.0,0.0,0.0,nan,nan,nan,nan,nan,nan,nan,nan,0
9157891254,9157888854,0.0,0.0,0.0,0.0,nan,nan,nan,nan,nan,nan,nan,nan,0
9157901739,9157899104,0.0,0.0,0.0,0.0,nan,nan,nan,nan,nan,nan,nan,nan,0
9157912237,9157908145,0.0,0.0,0.0,0.0,nan,nan,nan,nan,nan,nan,nan,nan,0
9157921637,9157919259,0.0,0.0,0.0,0.0,nan,nan,nan,nan,nan,nan,nan,nan,0
9157930997,9157928420,0.0,0.0,0.0,0.0,nan,nan,nan,nan,nan,nan,nan,nan,0
9157941492,9157938666,0.0,0.0,0.0,0.0,nan,nan,nan,nan,nan,nan,nan,nan,0
9157950973,9157948399,0.0,0.0,0.0,0.0,nan,nan,nan,nan,nan,nan,nan,nan,0
9157961464,9157959062,0.0,0.0,0.0,0.0,nan,nan,nan,nan,nan,nan,nan,nan,0
9157971830,9157969045,0.0,0.0,0.0,0.0,nan,nan,nan,nan,nan,nan,nan,nan,0
9157982368,9157978963,0.0,0.0,0.0,0.0,nan,nan,nan,nan,nan,nan,nan,nan,0
9157991957,9157989505,0.0,0.0,0.0,0.0,nan,nan,nan,nan,nan,nan,nan,nan,0
9158002142,9157999556,0.0,0.0,0.0,0.0,nan,nan,nan,nan,nan,nan,nan,nan,0
9158011739,9158009157,0.0,0.0,0.0,0.0,nan,nan,nan,nan,nan,nan,nan,nan,0
9158020979,9158018364,0.0,0.0,0.0,0.0,nan,nan,nan,nan,nan,nan,nan,nan,0
9158031458,9158029041,0.0,0.0,0.0,0.0,nan,nan,nan,nan,nan,nan,nan,nan,0
9158041862,9158039028,0.0,0.0,0.0,0.0,nan,nan,nan,nan,nan,nan,nan,nan,0
9158053473,9158049190,0.0,0.0,0.0,0.0,nan,nan,nan,nan,nan,nan,nan,nan,0
9158060849,9158058265,0.0,0.0,0.0,0.0,nan,nan,nan,nan,nan,nan,nan,nan,0
9158071445,9158069014,0.0,0.0,0.0,0.0,nan,nan,nan,nan,nan,nan,nan,nan,0
9158082054,9158079469,0.0,0.0,0.0,0.0,nan,nan,nan,nan,nan,nan,nan,nan,0
9158091550,9158089182,0.0,0.0,0.0,0.0,nan,nan,nan,nan,nan,nan,nan,nan,0
9158102000,9158099405,0.0,0.0,0.0,0.0,nan,nan,nan,nan,nan,nan,nan,nan,0
9158112471,9158109470,0.0,0.0,0.0,0.0,nan,nan,nan,nan,nan,nan,nan,nan,0
9158122941,9158119574,0.0,0.0,0.0,0.0,nan,nan,nan,nan,nan,nan,nan,nan,0
9158131396,9158128811,0.0,0.0,0.0,0.0,nan,nan,nan,nan,nan,nan,nan,nan,0
9158141950,9158139302,0.0,0.0,0.0,0.0,nan,nan,nan,nan,nan,nan,nan,nan,0
9158152323,9158149726,0.0,0.0,0.0,0.0,nan,nan,nan,nan,nan,nan,nan,nan,0
9158163261,9158158830,0.0,0.0,0.0,0.0,nan,nan,nan,nan,nan,nan,nan,nan,0
9158171438,9158169022,0.0,0.0,0.0,0.0,nan,nan,nan,nan,nan,nan,nan,nan,0
9158181897,9158179098,0.0,0.0,0.0,0.0,nan,nan,nan,nan,nan,nan,nan,nan,0
9158193375,9158189704,0.0,0.0,0.0,0.0,nan,nan,nan,nan,nan,nan,nan,nan,0
9158201834,9158199233,0.0,0.0,0.0,0.0,nan,nan,nan,nan,nan,nan,nan,nan,0
9158211336,9158208716,0.0,0.0,0.0,0.0,nan,nan,nan,nan,nan,nan,nan,nan,0
9158221720,9158218915,0.0,0.0,0.0,0.0,nan,nan,nan,nan,nan,nan,nan,nan,0
9158233192,9158229317,0.0,0.0,0.0,0.0,nan,nan,nan,nan,nan,nan,nan,nan,0
9158241859,9158239222,0.0,0.0,0.0,0.0,nan,nan,nan,nan,nan,nan,nan,nan,0
9158252469,9158250057,0.0,0.0,0.0,0.0,nan,nan,nan,nan,nan,nan,nan,nan,0
9158261812,9158259029,0.0,0.0,0.0,0.0,nan,nan,nan,nan,nan,nan,nan,nan,0
9158271368,9158268764,0.0,0.0,0.0,0.0,nan,nan,nan,nan,nan,nan,nan,nan,0
9158281898,9158279323,0.0,0.0,0.0,0.0,nan,nan,nan,nan,nan,nan,nan,nan,0
9158292348,9158289545,0.0,0.0,0.0,0.0,nan,nan,nan,nan,nan,nan,nan,nan,0
9158302822,9158299435,0.0,0.0,0.0,0.0,nan,nan,nan,nan,nan,nan,nan,nan,0
9158311248,9158308863,0.0,0.0,0.0,0.0,nan,nan,nan,nan,nan,nan,nan,nan,0
9158321696,9158319295,0.0,0.0,0.0,0.0,nan,nan,nan,nan,nan,nan,nan,nan,0
9158332297,9158329472,0.0,0.0,0.0,0.0,nan,nan,nan,nan,nan,nan,nan,nan,0
9158341831,9158339229,0.0,0.0,0.0,0.0,nan,nan,nan,nan,nan,nan,nan,nan,0
9158352307,9158349886,0.0,0.0,0.0,0.0,nan,nan,nan,nan,nan,nan,nan,nan,0
9158362734,9158359930,0.0,0.0,0.0,0.0,nan,nan,nan,nan,nan,nan,nan,nan,0
9158373213,9158370036,0.0,0.0,0.0,0.0,nan,nan,nan,nan,nan,nan,nan,nan,0
9158381635,9158379059,0.0,0.0,0.0,0.0,nan,nan,nan,nan,nan,nan,nan,nan,0
9158392400,9158390008,0.0,0.0,0.0,0.0,nan,nan,nan,nan,nan,nan,nan,nan,0
9158402837,9158400041,0.0,0.0,0.0,0.0,nan,nan,nan,nan,nan,nan,nan,nan,0
9158414210,9158409908,0.0,0.0,0.0,0.0,nan,nan,nan,nan,nan,nan,nan,nan,0
9158421594,9158419231,0.0,0.0,0.0,0.0,nan,nan,nan,nan,nan,nan,nan,nan,0
9158432122,9158429294,0.0,0.0,0.0,0.0,nan,nan,nan,nan,nan,nan,nan,nan,0
9158443629,9158440140,0.0,0.0,0.0,0.0,nan,nan,nan,nan,nan,nan,nan,nan,0
9158451981,9158449424,0.0,0.0,0.0,0.0,nan,nan,nan,nan,nan,nan,nan,nan,0
9158462557,9158460132,0.0,0.0,0.0,0.0,nan,nan,nan,nan,nan,nan,nan,nan,0
9158472994,9158470336,0.0,0.0,0.0,0.0,nan,nan,nan,nan,nan,nan,nan,nan,0
9158483411,9158479699,0.0,0.0,0.0,0.0,nan,nan,nan,nan,nan,nan,nan,nan,0
9158491990,9158489522,0.0,0.0,0.0,0.0,nan,nan,nan,nan,nan,nan,nan,nan,0
9158502589,9158499895,0.0,0.0,0.0,0.0,nan,nan,nan,nan,nan,nan,nan,nan,0
9158512258,9158509376,0.0,0.0,0.0,0.0,nan,nan,nan,nan,nan,nan,nan,nan,0
9158522097,9158519671,0.0,0.0,0.0,0.0,nan,nan,nan,nan,nan,nan,nan,nan,0
9158532776,9158530316,0.0,0.0,0.0,0.0,nan,nan,nan,nan,nan,nan,nan,nan,0
9158542298,9158539670,0.0,0.0,0.0,0.0,nan,nan,nan,nan,nan,nan,nan,nan,0
9158553843,9158549740,0.0,0.0,0.0,0.0,nan,nan,nan,nan,nan,nan,nan,nan,0
9158562245,9158559864,0.0,0.0,0.0,0.0,nan,nan,nan,nan,nan,nan,nan,nan,0
9158572794,9158570177,0.0,0.0,0.0,0.0,nan,nan,nan,nan,nan,nan,nan,nan,0
9158582197,9158579608,0.0,0.0,0.0,0.0,nan,nan,nan,nan,nan,nan,nan,nan,0
9158592815,9158590436,0.0,0.0,0.0,0.0,nan,nan,nan,nan,nan,nan,nan,nan,0
9158602227,9158599844,0.0,0.0,0.0,0.0,nan,nan,nan,nan,nan,nan,nan,nan,0
9158612766,9158609918,0.0,0.0,0.0,0.0,nan,nan,nan,nan,nan,nan,nan,nan,0
9158624194,9158620324,0.0,0.0,0.0,0.0,nan,nan,nan,nan,nan,nan,nan,nan,0
9158632785,9158630415,0.0,0.0,0.0,0.0,nan,nan,nan,nan,nan,nan,nan,nan,0
9158642260,9158639868,0.0,0.0,0.0,0.0,nan,nan,nan,nan,nan,nan,nan,nan,0
9158652649,9158650063,0.0,0.0,0.0,0.0,nan,nan,nan,nan,nan,nan,nan,nan,0
9158663471,9158660760,0.0,0.0,0.0,0.0,nan,nan,nan,nan,nan,nan,nan,nan,0
9158672703,9158670274,0.0,0.0,0.0,0.0,nan,nan,nan,nan,nan,nan,nan,nan,0
9158683099,9158680292,0.0,0.0,0.0,0.0,nan,nan,nan,nan,nan,nan,nan,nan,0
9158694579,9158690507,0.0,0.0,0.0,0.0,nan,nan,nan,nan,nan,nan,nan,nan,0
9158702011,9158699624,0.0,0.0,0.0,0.0,nan,nan,nan,nan,nan,nan,nan,nan,0
9158712526,9158709693,0.0,0.0,0.0,0.0,nan,nan,nan,nan,nan,nan,nan,nan,0
9158723062,9158720233,0.0,0.0,0.0,0.0,nan,nan,nan,nan,nan,nan,nan,nan,0
9158733562,9158730008,0.0,0.0,0.0,0.0,nan,nan,nan,nan,nan,nan,nan,nan,0
9158742941,9158740352,2.3283064e-10,0.0,0.0,2.3283064e-10,nan,nan,nan,nan,nan,nan,nan,nan,0
9158753438,9158750596,0.0,1.1641532e-10,1.1641532e-10,0.0,nan,nan,nan,nan,nan,nan,nan,nan,0
9158764238,9158760551,0.0,0.0,0.0,0.0,nan,nan,nan,nan,nan,nan,nan,nan,0
9158772645,9158770065,0.0,0.0,0.0,0.0,nan,nan,nan,nan,nan,nan,nan,nan,0
9158783169,9158780536,0.0,0.0,0.0,0.0,nan,nan,nan,nan,nan,nan,nan,nan,0
9158792550,9158789772,0.0,0.0,0.0,0.0,nan,nan,nan,nan,nan,nan,nan,nan,0
9158804217,9158800119,0.0,0.0,0.0,0.0,nan,nan,nan,nan,nan,nan,nan,nan,0
9158812595,9158810026,0.0,0.0,0.0,0.0,nan,nan,nan,nan,nan,nan,nan,nan,0
9158823084,9158820681,0.0,0.0,0.0,0.0,nan,nan,nan,nan,nan,nan,nan,nan,0
9158833478,9158830891,0.0,0.0,0.0,0.0,nan,nan,nan,nan,nan,nan,nan,nan,0
9158843779,9158841132,0.0,0.0,0.0,0.0,nan,nan,nan,nan,nan,nan,nan,nan,0
9158852425,9158850046,0.0,0.0,0.0,0.0,nan,nan,nan,nan,nan,nan,nan,nan,0
9158862915,9158860120,0.0,0.0,0.0,0.0,nan,nan,nan,nan,nan,nan,nan,nan,0
9158874587,9158870482,0.0,0.0,0.0,0.0,nan,nan,nan,nan,nan,nan,nan,nan,0
9158882968,9158880581,0.0,0.0,0.0,0.0,nan,nan,nan,nan,nan,nan,nan,nan,0
9158893408,9158890613,0.0,0.0,0.0,0.0,nan,nan,nan,nan,nan,nan,nan,nan,0
9158902803,9158900018,0.0,0.0,0.0,0.0,nan,nan,nan,nan,nan,nan,nan,nan,0
9158913283,9158910887,0.0,0.0,0.0,0.0,nan,nan,nan,nan,nan,nan,nan,nan,0
9158922705,9158920305,0.0,0.0,0.0,0.0,nan,nan,nan,nan,nan,nan,nan,nan,0
9158933167,9158930142,0.0,0.0,0.0,0.0,nan,nan,nan,nan,nan,nan,nan,nan,0
9158944638,9158940959,0.0,0.0,0.0,0.0,nan,nan,nan,nan,nan,nan,nan,nan,0
9158953026,9158950059,0.0,0.0,0.0,0.0,nan,nan,nan,nan,nan,nan,nan,nan,0
9158963513,9158960935,0.0,0.0,0.0,0.0,nan,nan,nan,nan,nan,nan,nan,nan,0
9158973940,9158970942,0.0,0.0,0.0,0.0,nan,nan,nan,nan,nan,nan,nan,nan,0
9158983380,9158980012,0.0,0.0,0.0,0.0,nan,nan,nan,nan,nan,nan,nan,nan,0
9158992795,9158990227,0.0,0.0,0.0,0.0,nan,nan,nan,nan,nan,nan,nan,nan,0
9159003423,9159000589,0.0,0.0,0.0,0.0,nan,nan,nan,nan,nan,nan,nan,nan,0
9159015017,9159010892,0.0,0.0,0.0,0.0,nan,nan,nan,nan,nan,nan,nan,nan,0
9159022370,9159019775,0.0,0.0,0.0,0.0,nan,nan,nan,nan,nan,nan,nan,nan,0
9159032822,9159030227,0.0,0.0,0.0,0.0,nan,nan,nan,nan,nan,nan,nan,nan,0
9159043287,9159040269,0.0,0.0,0.0,0.0,nan,nan,nan,nan,nan,nan,nan,nan,0
9159053739,9159050542,0.0,0.0,0.0,0.0,nan,nan,nan,nan,nan,nan,nan,nan,0
9159063132,9159060529,0.0,0.0,0.0,0.0,nan,nan,nan,nan,nan,nan,nan,nan,0
9159073641,9159070853,0.0,2.3283064e-10,2.3283064e-10,0.0,nan,nan,nan,nan,nan,nan,nan,nan,0
9159083003,9159080431,0.0,0.0,0.0,0.0,nan,nan,nan,nan,nan,nan,nan,nan,0
9159092699,9159089895,0.0,0.0,0.0,0.0,nan,nan,nan,nan,nan,nan,nan,nan,0
9159103128,9159100520,0.0,0.0,0.0,0.0,nan,nan,nan,nan,nan,nan,nan,nan,0
9159113562,9159110741,0.0,0.0,0.0,0.0,nan,nan,nan,nan,nan,nan,nan,nan,0
9159124995,9159120735,0.0,0.0,0.0,0.0,nan,nan,nan,nan,nan,nan,nan,nan,0
9159133453,9159130870,0.0,0.0,0.0,0.0,nan,nan,nan,nan,nan,nan,nan,nan,0
9159144029,9159140591,0.0,0.0,0.0,0.0,nan,nan,nan,nan,nan,nan,nan,nan,0
9159153302,9159150331,0.0,0.0,0.0,0.0,nan,nan,nan,nan,nan,nan,nan,nan,0
9159163800,9159161226,0.0,0.0,0.0,0.0,nan,nan,nan,nan,nan,nan,nan,nan,0
9159173386,9159170570,0.0,0.0,0.0,0.0,nan,nan,nan,nan,nan,nan,nan,nan,0
9159183795,9159181013,0.0,1.1641532e-10,1.1641532e-10,0.0,nan,nan,nan,nan,nan,nan,nan,nan,0
9159194346,9159190941,0.0,0.0,0.0,0.0,nan,nan,nan,nan,nan,nan,nan,nan,0
9159202770,9159199963,0.0,0.0,0.0,0.0,nan,nan,nan,nan,nan,nan,nan,nan,0
9159213202,9159210594,0.0,0.0,0.0,0.0,nan,nan,nan,nan,nan,nan,nan,nan,0
9159223601,9159220803,0.0,0.0,0.0,0.0,nan,nan,nan,nan,nan,nan,nan,nan,0
9159234078,9159230211,0.0,0.0,0.0,0.0,nan,nan,nan,nan,nan,nan,nan,nan,0
9159243537,9159240744,0.0,1.1641532e-10,1.1641532e-10,0.0,nan,nan,nan,nan,nan,nan,nan,nan,0
9159254049,9159251235,0.0,0.0,0.0,0.0,nan,nan,nan,nan,nan,nan,nan,nan,0
9159264354,9159260631,0.0,0.0,0.0,0.0,nan,nan,nan,nan,nan,nan,nan,nan,0
9159273767,9159270951,0.0,0.0,0.0,0.0,nan,nan,nan,nan,nan,nan,nan,nan,0
9159283171,9159280565,0.0,2.3283064e-10,2.3283064e-10,0.0,nan,nan,nan,nan,nan,nan,nan,nan,0
9159293595,9159290791,0.0,0.0,0.0,0.0,nan,nan,nan,nan,nan,nan,nan,nan,0
9159303042,9159300271,0.0,0.0,0.0,0.0,nan,nan,nan,nan,nan,nan,nan,nan,0
9159313567,9159310949,0.0,0.0,0.0,0.0,nan,nan,nan,nan,nan,nan,nan,nan,0
9159323955,9159321146,2.3283064e-10,0.0,0.0,2.3283064e-10,nan,nan,nan,nan,nan,nan,nan,nan,0
9159334438,9159331633,0.0,0.0,0.0,0.0,nan,nan,nan,nan,nan,nan,nan,nan,0
9159344099,9159341468,0.0,0.0,0.0,0.0,nan,nan,nan,nan,nan,nan,nan,nan,0
9159353564,9159350936,0.0,0.0,0.0,0.0,nan,nan,nan,nan,nan,nan,nan,nan,0
9159363965,9159360940,0.0,0.0,0.0,0.0,nan,nan,nan,nan,nan,nan,nan,nan,0
9159374430,9159371046,0.0,0.0,0.0,0.0,nan,nan,nan,nan,nan,nan,nan,nan,0
9159383802,9159381231,0.0,0.0,0.0,0.0,nan,nan,nan,nan,nan,nan,nan,nan,0
9159394340,9159390899,0.0,0.0,0.0,0.0,nan,nan,nan,nan,nan,nan,nan,nan,0
9159403658,9159400685,0.0,0.0,0.0,0.0,nan,nan,nan,nan,nan,nan,nan,nan,0
9159413209,9159410430,0.0,0.0,0.0,0.0,nan,nan,nan,nan,nan,nan,nan,nan,0
9159423719,9159421131,0.0,0.0,0.0,0.0,nan,nan,nan,nan,nan,nan,nan,nan,0
9159434630,9159431633,0.0,0.0,0.0,0.0,nan,nan,nan,nan,nan,nan,nan,nan,0
9159444471,9159441832,0.0,0.0,0.0,0.0,nan,nan,nan,nan,nan,nan,nan,nan,0
9159454166,9159451525,0.0,0.0,0.0,0.0,nan,nan,nan,nan,nan,nan,nan,nan,0
9159463718,9159461132,0.0,0.0,0.0,0.0,nan,nan,nan,nan,nan,nan,nan,nan,0
9159474152,9159471137,0.0,0.0,0.0,0.0,nan,nan,nan,nan,nan,nan,nan,nan,0
9159483879,9159481270,0.0,0.0,0.0,0.0,nan,nan,nan,nan,nan,nan,nan,nan,0
9159494287,9159491694,0.0,0.0,0.0,0.0,nan,nan,nan,nan,nan,nan,nan,nan,0
9159504724,9159501600,0.0,0.0,0.0,0.0,nan,nan,nan,nan,nan,nan,nan,nan,0
9159515416,9159511858,0.0,0.0,0.0,0.0,nan,nan,nan,nan,nan,nan,nan,nan,0
9159523981,9159521333,0.0,0.0,0.0,0.0,nan,nan,nan,nan,nan,nan,nan,nan,0
9159534573,9159531972,0.0,0.0,0.0,0.0,nan,nan,nan,nan,nan,nan,nan,nan,0
9159544130,9159541085,0.0,0.0,0.0,0.0,nan,nan,nan,nan,nan,nan,nan,nan,0
9159554650,9159551214,0.0,0.0,0.0,0.0,nan,nan,nan,nan,nan,nan,nan,nan,0
9159564038,9159561448,0.0,0.0,0.0,0.0,nan,nan,nan,nan,nan,nan,nan,nan,0
9159574484,9159571681,0.0,0.0,0.0,0.0,nan,nan,nan,nan,nan,nan,nan,nan,0
9159585967,9159581895,2.3283064e-10,0.0,0.0,2.3283064e-10,nan,nan,nan,nan,nan,nan,nan,nan,0
9159593427,9159590817,0.0,0.0,0.0,0.0,nan,nan,nan,nan,nan,nan,nan,nan,0
9159603989,9159601137,0.0,0.0,0.0,0.0,nan,nan,nan,nan,nan,nan,nan,nan,0
9159614368,9159611559,0.0,0.0,0.0,0.0,nan,nan,nan,nan,nan,nan,nan,nan,0
9159624847,9159621475,0.0,0.0,0.0,0.0,nan,nan,nan,nan,nan,nan,nan,nan,0
9159634269,9159631685,0.0,0.0,0.0,0.0,nan,nan,nan,nan,nan,nan,nan,nan,0
9159645832,9159641237,0.0,0.0,0.0,0.0,nan,nan,nan,nan,nan,nan,nan,nan,0
9159655408,9159652169,0.0,0.0,0.0,0.0,nan,nan,nan,nan,nan,nan,nan,nan,0
9159663807,9159661437,0.0,0.0,0.0,0.0,nan,nan,nan,nan,nan,nan,nan,nan,0
9159674365,9159671924,0.0,0.0,0.0,0.0,nan,nan,nan,nan,nan,nan,nan,nan,0
9159684932,9159682074,0.0,0.0,0.0,0.0,nan,nan,nan,nan,nan,nan,nan,nan,0
9159695336,9159691832,0.0,0.0,0.0,0.0,nan,nan,nan,nan,nan,nan,nan,nan,0
9159703680,9159701318,0.0,0.0,0.0,0.0,nan,nan,nan,nan,nan,nan,nan,nan,0
9159714150,9159711584,0.0,0.0,0.0,0.0,nan,nan,nan,nan,nan,nan,nan,nan,0
9159724658,9159722036,0.0,0.0,0.0,0.0,nan,nan,nan,nan,nan,nan,nan,nan,0
9159734064,9159731493,0.0,0.0,0.0,0.0,nan,nan,nan,nan,nan,nan,nan,nan,0
9159744650,9159742251,0.0,0.0,0.0,0.0,nan,nan,nan,nan,nan,nan,nan,nan,0
9159755027,9159752240,0.0,0.0,0.0,0.0,nan,nan,nan,nan,nan,nan,nan,nan,0
9159765630,9159762223,0.0,0.0,0.0,0.0,nan,nan,nan,nan,nan,nan,nan,nan,0
9159774026,9159771455,0.0,0.0,0.0,0.0,nan,nan,nan,nan,nan,nan,nan,nan,0
9159784530,9159782114,0.0,0.0,0.0,0.0,nan,nan,nan,nan,nan,nan,nan,nan,0
9159794885,9159792311,0.0,0.0,0.0,0.0,nan,nan,nan,nan,nan,nan,nan,nan,0
9159804857,9159801170,0.0,0.0,0.0,0.0,nan,nan,nan,nan,nan,nan,nan,nan,0
9159814311,9159811908,0.0,0.0,0.0,0.0,nan,nan,nan,nan,nan,nan,nan,nan,0
9159824767,9159821929,0.0,0.0,0.0,0.0,nan,nan,nan,nan,nan,nan,nan,nan,0
9159836196,9159832331,0.0,0.0,0.0,0.0,nan,nan,nan,nan,nan,nan,nan,nan,0
9159843605,9159841032,0.0,0.0,0.0,0.0,nan,nan,nan,nan,nan,nan,nan,nan,0
9159854226,9159851598,0.0,0.0,0.0,0.0,nan,nan,nan,nan,nan,nan,nan,nan,0
9159864560,9159861968,0.0,0.0,0.0,0.0,nan,nan,nan,nan,nan,nan,nan,nan,0
9159875051,9159871871,0.0,0.0,0.0,0.0,nan,nan,nan,nan,nan,nan,nan,nan,0
9159884526,9159882151,0.0,0.0,0.0,0.0,nan,nan,nan,nan,nan,nan,nan,nan,0
9159896037,9159892139,0.0,0.0,0.0,0.0,nan,nan,nan,nan,nan,nan,nan,nan,0
9159905587,9159902587,0.0,0.0,0.0,0.0,nan,nan,nan,nan,nan,nan,nan,nan,0
9159913938,9159911370,0.0,0.0,0.0,0.0,nan,nan,nan,nan,nan,nan,nan,nan,0
9159924419,9159922023,0.0,0.0,0.0,0.0,nan,nan,nan,nan,nan,nan,nan,nan,0
9159934989,9159932165,0.0,0.0,0.0,0.0,nan,nan,nan,nan,nan,nan,nan,nan,0
9159945819,9159942277,0.0,0.0,0.0,0.0,nan,nan,nan,nan,nan,nan,nan,nan,0
9159955107,9159952722,0.0,0.0,0.0,0.0,nan,nan,nan,nan,nan,nan,nan,nan,0
9159964568,9159961982,0.0,0.0,0.0,0.0,nan,nan,nan,nan,nan,nan,nan,nan,0
9159975015,9159972409,0.0,0.0,0.0,0.0,nan,nan,nan,nan,nan,nan,nan,nan,0
9159984500,9159981925,0.0,0.0,0.0,0.0,nan,nan,nan,nan,nan,nan,nan,nan,0
9159994955,9159992358,0.0,0.0,0.0,0.0,nan,nan,nan,nan,nan,nan,nan,nan,0
9160005319,9160002541,0.0,0.0,0.0,0.0,nan,nan,nan,nan,nan,nan,nan,nan,0
9160015870,9160012377,0.0,0.0,0.0,0.0,nan,nan,nan,nan,nan,nan,nan,nan,0
9160024534,9160021946,0.0,0.0,0.0,0.0,nan,nan,nan,nan,nan,nan,nan,nan,0
9160034293,9160031705,0.0,0.0,0.0,0.0,nan,nan,nan,nan,nan,nan,nan,nan,0
9160044846,9160042027,0.0,0.0,0.0,0.0,nan,nan,nan,nan,nan,nan,nan,nan,0
9160055315,9160052699,0.0,0.0,0.0,0.0,nan,nan,nan,nan,nan,nan,nan,nan,0
9160064796,9160062410,0.0,0.0,0.0,0.0,nan,nan,nan,nan,nan,nan,nan,nan,0
9160075429,9160072638,0.0,0.0,0.0,0.0,nan,nan,nan,nan,nan,nan,nan,nan,0
9160086022,9160082600,0.0,0.0,0.0,0.0,nan,nan,nan,nan,nan,nan,nan,nan,0
9160094397,9160092017,0.0,0.0,0.0,0.0,nan,nan,nan,nan,nan,nan,nan,nan,0
9160105045,9160102636,0.0,0.0,0.0,0.0,nan,nan,nan,nan,nan,nan,nan,nan,0
9160115415,9160112831,0.0,0.0,0.0,0.0,nan,nan,nan,nan,nan,nan,nan,nan,0
9160124868,9160121400,0.0,0.0,0.0,0.0,nan,nan,nan,nan,nan,nan,nan,nan,0
9160135389,9160132964,0.0,0.0,0.0,0.0,nan,nan,nan,nan,nan,nan,nan,nan,0
9160145878,9160142156,0.0,0.0,0.0,0.0,nan,nan,nan,nan,nan,nan,nan,nan,0
9160156416,9160152938,0.0,0.0,0.0,0.0,nan,nan,nan,nan,nan,nan,nan,nan,0
9160164821,9160162248,0.0,0.0,0.0,0.0,nan,nan,nan,nan,nan,nan,nan,nan,0
9160175325,9160172714,0.0,0.0,0.0,0.0,nan,nan,nan,nan,nan,nan,nan,nan,0
9160184778,9160182119,0.0,0.0,0.0,0.0,nan,nan,nan,nan,nan,nan,nan,nan,0
9160196348,9160192273,0.0,0.0,0.0,0.0,nan,nan,nan,nan,nan,nan,nan,nan,0
9160204771,9160202193,0.0,0.0,0.0,0.0,nan,nan,nan,nan,nan,nan,nan,nan,0
9160215257,9160212857,0.0,0.0,0.0,0.0,nan,nan,nan,nan,nan,nan,nan,nan,0
9160225654,9160223041,0.0,0.0,0.0,0.0,nan,nan,nan,nan,nan,nan,nan,nan,0
9160235182,9160232602,0.0,0.0,0.0,0.0,nan,nan,nan,nan,nan,nan,nan,nan,0
9160244663,9160242063,0.0,0.0,0.0,0.0,nan,nan,nan,nan,nan,nan,nan,nan,0
9160255070,9160252272,0.0,0.0,0.0,0.0,nan,nan,nan,nan,nan,nan,nan,nan,0
9160266579,9160262684,0.0,0.0,0.0,0.0,nan,nan,nan,nan,nan,nan,nan,nan,0
9160274986,9160272585,0.0,0.0,0.0,0.0,nan,nan,nan,nan,nan,nan,nan,nan,0
9160284984,9160282551,0.0,0.0,0.0,0.0,nan,nan,nan,nan,nan,nan,nan,nan,0
9160295411,9160292782,0.0,0.0,0.0,0.0,nan,nan,nan,nan,nan,nan,nan,nan,0
9160305014,9160302433,0.0,0.0,0.0,0.0,nan,nan,nan,nan,nan,nan,nan,nan,0
9160315506,9160313103,0.0,0.0,0.0,0.0,nan,nan,nan,nan,nan,nan,nan,nan,0
9160325935,9160323333,0.0,0.0,0.0,0.0,nan,nan,nan,nan,nan,nan,nan,nan,0
9160336433,9160333022,0.0,0.0,0.0,0.0,nan,nan,nan,nan,nan,nan,nan,nan,0
9160345760,9160343134,0.0,0.0,0.0,0.0,nan,nan,nan,nan,nan,nan,nan,nan,0
9160355220,9160352794,0.0,0.0,0.0,0.0,nan,nan,nan,nan,nan,nan,nan,nan,0
9160365601,9160363021,0.0,0.0,0.0,0.0,nan,nan,nan,nan,nan,nan,nan,nan,0
9160376122,9160372216,0.0,0.0,0.0,0.0,nan,nan,nan,nan,nan,nan,nan,nan,0
9160385572,9160382971,0.0,0.0,0.0,0.0,nan,nan,nan,nan,nan,nan,nan,nan,0
9160396122,9160392400,0.0,0.0,0.0,0.0,nan,nan,nan,nan,nan,nan,nan,nan,0
9160406763,9160403382,0.0,0.0,0.0,0.0,nan,nan,nan,nan,nan,nan,nan,nan,0
9160415166,9160412599,0.0,0.0,0.0,0.0,nan,nan,nan,nan,nan,nan,nan,nan,0
9160425605,9160423212,0.0,0.0,0.0,0.0,nan,nan,nan,nan,nan,nan,nan,nan,0
9160436101,9160433057,0.0,0.0,0.0,0.0,nan,nan,nan,nan,nan,nan,nan,nan,0
9160446717,9160442843,0.0,0.0,0.0,0.0,nan,nan,nan,nan,nan,nan,nan,nan,0
9160455165,9160452537,0.0,0.0,0.0,0.0,nan,nan,nan,nan,nan,nan,nan,nan,0
9160465607,9160463201,0.0,0.0,0.0,0.0,nan,nan,nan,nan,nan,nan,nan,nan,0
9160476196,9160473518,0.0,0.0,0.0,0.0,nan,nan,nan,nan,nan,nan,nan,nan,0
9160485578,9160483210,0.0,0.0,0.0,0.0,nan,nan,nan,nan,nan,nan,nan,nan,0
9160495101,9160492683,0.0,0.0,0.0,0.0,nan,nan,nan,nan,nan,nan,nan,nan,0
9160505745,9160502908,0.0,0.0,0.0,0.0,nan,nan,nan,nan,nan,nan,nan,nan,0
9160516389,9160512978,0.0,0.0,0.0,0.0,nan,nan,nan,nan,nan,nan,nan,nan,0
9160526131,9160523681,0.0,0.0,0.0,0.0,nan,nan,nan,nan,nan,nan,nan,nan,0
9160535598,9160533012,0.0,0.0,0.0,0.0,nan,nan,nan,nan,nan,nan,nan,nan,0
9160546401,9160543673,0.0,0.0,0.0,0.0,nan,nan,nan,nan,nan,nan,nan,nan,0
9160555802,9160553219,0.0,0.0,0.0,0.0,nan,nan,nan,nan,nan,nan,nan,nan,0
9160565219,9160562844,0.0,0.0,0.0,0.0,nan,nan,nan,nan,nan,nan,nan,nan,0
9160575667,9160572873,0.0,0.0,0.0,0.0,nan,nan,nan,nan,nan,nan,nan,nan,0
9160586566,9160582664,0.0,0.0,0.0,0.0,nan,nan,nan,nan,nan,nan,nan,nan,0
9160594903,9160592528,0.0,0.0,0.0,0.0,nan,nan,nan,nan,nan,nan,nan,nan,0
9160605383,9160602986,0.0,0.0,0.0,0.0,nan,nan,nan,nan,nan,nan,nan,nan,0
9160616077,9160613460,0.0,0.0,0.0,0.0,nan,nan,nan,nan,nan,nan,nan,nan,0
9160625792,9160623207,0.0,0.0,0.0,0.0,nan,nan,nan,nan,nan,nan,nan,nan,0
9160635262,9160632866,0.0,0.0,0.0,0.0,nan,nan,nan,nan,nan,nan,nan,nan,0
9160647159,9160643230,0.0,0.0,0.0,0.0,nan,nan,nan,nan,nan,nan,nan,nan,0
9160655011,9160652439,0.0,0.0,0.0,0.0,nan,nan,nan,nan,nan,nan,nan,nan,0
9160665871,9160663259,0.0,0.0,0.0,0.0,nan,nan,nan,nan,nan,nan,nan,nan,0
9160675344,9160672716,0.0,0.0,0.0,0.0,nan,nan,nan,nan,nan,nan,nan,nan,0
9160685747,9160682939,0.0,0.0,0.0,0.0,nan,nan,nan,nan,nan,nan,nan,nan,0
9160696367,9160693176,0.0,0.0,0.0,0.0,nan,nan,nan,nan,nan,nan,nan,nan,0
9160705784,9160703171,0.0,0.0,0.0,0.0,nan,nan,nan,nan,nan,nan,nan,nan,0
9160716161,9160713741,0.0,0.0,0.0,0.0,nan,nan,nan,nan,nan,nan,nan,nan,0
9160725561,9160722755,0.0,0.0,0.0,0.0,nan,nan,nan,nan,nan,nan,nan,nan,0
9160735049,9160732672,0.0,0.0,0.0,0.0,nan,nan,nan,nan,nan,nan,nan,nan,0
9160745882,9160743473,0.0,0.0,0.0,0.0,nan,nan,nan,nan,nan,nan,nan,nan,0
9160755568,9160752996,0.0,0.0,0.0,0.0,nan,nan,nan,nan,nan,nan,nan,nan,0
9160767097,9160763381,0.0,0.0,0.0,0.0,nan,nan,nan,nan,nan,nan,nan,nan,0
9160775532,9160773149,0.0,0.0,0.0,0.0,nan,nan,nan,nan,nan,nan,nan,nan,0
9160785996,9160783584,0.0,0.0,0.0,0.0,nan,nan,nan,nan,nan,nan,nan,nan,0
9160796497,9160793654,0.0,0.0,0.0,0.0,nan,nan,nan,nan,nan,nan,nan,nan,0
9160805964,9160803378,0.0,0.0,0.0,0.0,nan,nan,nan,nan,nan,nan,nan,nan,0
9160815388,9160813017,0.0,0.0,0.0,0.0,nan,nan,nan,nan,nan,nan,nan,nan,0
9160825852,9160823048,0.0,0.0,0.0,0.0,nan,nan,nan,nan,nan,nan,nan,nan,0
9160837351,9160833662,0.0,0.0,0.0,0.0,nan,nan,nan,nan,nan,nan,nan,nan,0
9160845808,9160843397,0.0,0.0,0.0,0.0,nan,nan,nan,nan,nan,nan,nan,nan,0
9160856196,9160853796,0.0,0.0,0.0,0.0,nan,nan,nan,nan,nan,nan,nan,nan,0
9160866813,9160863958,0.0,0.0,0.0,0.0,nan,nan,nan,nan,nan,nan,nan,nan,0
9160876258,9160873651,0.0,0.0,0.0,0.0,nan,nan,nan,nan,nan,nan,nan,nan,0
9160885766,9160883162,0.0,0.0,0.0,0.0,nan,nan,nan,nan,nan,nan,nan,nan,0
9160897364,9160893688,0.0,0.0,0.0,0.0,nan,nan,nan,nan,nan,nan,nan,nan,0
9160907932,9160903820,0.0,0.0,0.0,0.0,nan,nan,nan,nan,nan,nan,nan,nan,0
9160915259,9160912894,0.0,0.0,0.0,0.0,nan,nan,nan,nan,nan,nan,nan,nan,0
9160925806,9160923400,0.0,0.0,0.0,0.0,nan,nan,nan,nan,nan,nan,nan,nan,0
9160936234,9160933609,0.0,0.0,0.0,0.0,nan,nan,nan,nan,nan,nan,nan,nan,0
9160947002,9160943278,0.0,0.0,0.0,0.0,nan,nan,nan,nan,nan,nan,nan,nan,0
9160956472,9160954071,0.0,0.0,0.0,0.0,nan,nan,nan,nan,nan,nan,nan,nan,0
9160965932,9160963145,0.0,0.0,0.0,0.0,nan,nan,nan,nan,nan,nan,nan,nan,0
9160977497,9160974023,0.0,0.0,0.0,0.0,nan,nan,nan,nan,nan,nan,nan,nan,0
9160985928,9160983345,0.0,0.0,0.0,0.0,nan,nan,nan,nan,nan,nan,nan,nan,0
9160996439,9160993822,0.0,0.0,0.0,0.0,nan,nan,nan,nan,nan,nan,nan,nan,0
9161006830,9161004018,0.0,0.0,0.0,0.0,nan,nan,nan,nan,nan,nan,nan,nan,0
9161017298,9161013603,0.0,0.0,0.0,0.0,nan,nan,nan,nan,nan,nan,nan,nan,0
9161026201,9161023825,0.0,0.0,0.0,0.0,nan,nan,nan,nan,nan,nan,nan,nan,0
9161036358,9161033748,0.0,0.0,0.0,0.0,nan,nan,nan,nan,nan,nan,nan,nan,0
9161046752,9161043963,0.0,0.0,0.0,0.0,nan,nan,nan,nan,nan,nan,nan,nan,0
9161056184,9161053612,0.0,0.0,0.0,0.0,nan,nan,nan,nan,nan,nan,nan,nan,0
9161066725,9161064087,0.0,0.0,0.0,0.0,nan,nan,nan,nan,nan,nan,nan,nan,0
9161076373,9161073574,0.0,0.0,0.0,0.0,nan,nan,nan,nan,nan,nan,nan,nan,0
9161087857,9161083779,0.0,0.0,0.0,0.0,nan,nan,nan,nan,nan,nan,nan,nan,0
9161096272,9161093667,0.0,0.0,0.0,0.0,nan,nan,nan,nan,nan,nan,nan,nan,0
9161106719,9161104122,0.0,0.0,0.0,0.0,nan,nan,nan,nan,nan,nan,nan,nan,0
9161117308,9161114631,0.0,0.0,0.0,0.0,nan,nan,nan,nan,nan,nan,nan,nan,0
9161126693,9161124120,0.0,0.0,0.0,0.0,nan,nan,nan,nan,nan,nan,nan,nan,0
9161136144,9161133533,0.0,0.0,0.0,0.0,nan,nan,nan,nan,nan,nan,nan,nan,0
9161148124,9161144412,0.0,0.0,0.0,0.0,nan,nan,nan,nan,nan,nan,nan,nan,0
9161157755,9161154539,0.0,0.0,0.0,0.0,nan,nan,nan,nan,nan,nan,nan,nan,0
9161166122,9161163736,0.0,0.0,0.0,0.0,nan,nan,nan,nan,nan,nan,nan,nan,0
9161176629,9161174020,0.0,0.0,0.0,0.0,nan,nan,nan,nan,nan,nan,nan,nan,0
9161187060,9161184437,0.0,0.0,0.0,0.0,nan,nan,nan,nan,nan,nan,nan,nan,0
9161196527,9161194123,0.0,0.0,0.0,0.0,nan,nan,nan,nan,nan,nan,nan,nan,0
9161206086,9161203690,0.0,0.0,0.0,0.0,nan,nan,nan,nan,nan,nan,nan,nan,0
9161216511,9161213720,0.0,0.0,0.0,0.0,nan,nan,nan,nan,nan,nan,nan,nan,0
9161227971,9161224500,0.0,0.0,0.0,0.0,nan,nan,nan,nan,nan,nan,nan,nan,0
9161236461,9161234076,0.0,0.0,0.0,0.0,nan,nan,nan,nan,nan,nan,nan,nan,0
9161246188,9161243593,0.0,0.0,0.0,0.0,nan,nan,nan,nan,nan,nan,nan,nan,0
9161256785,9161253890,0.0,0.0,0.0,0.0,nan,nan,nan,nan,nan,nan,nan,nan,0
9161266184,9161263402,0.0,0.0,0.0,0.0,nan,nan,nan,nan,nan,nan,nan,nan,0
9161276685,9161274066,0.0,0.0,0.0,0.0,nan,nan,nan,nan,nan,nan,nan,nan,0
9161287190,9161284758,0.0,0.0,0.0,0.0,nan,nan,nan,nan,nan,nan,nan,nan,0
9161296557,9161293765,0.0,0.0,0.0,0.0,nan,nan,nan,nan,nan,nan,nan,nan,0
9161306029,9161303654,0.0,0.0,0.0,0.0,nan,nan,nan,nan,nan,nan,nan,nan,0
9161316536,9161313950,0.0,0.0,0.0,0.0,nan,nan,nan,nan,nan,nan,nan,nan,0
9161326983,9161324180,0.0,0.0,0.0,0.0,nan,nan,nan,nan,nan,nan,nan,nan,0
9161337491,9161334292,0.0,0.0,0.0,0.0,nan,nan,nan,nan,nan,nan,nan,nan,0
9161347071,9161344675,0.0,0.0,0.0,0.0,nan,nan,nan,nan,nan,nan,nan,nan,0
9161356554,9161353966,0.0,0.0,0.0,0.0,nan,nan,nan,nan,nan,nan,nan,nan,0
9161367034,9161364208,0.0,0.0,0.0,0.0,nan,nan,nan,nan,nan,nan,nan,nan,0
9161376508,9161373933,0.0,0.0,0.0,0.0,nan,nan,nan,nan,nan,nan,nan,nan,0
9161386993,9161384597,0.0,0.0,0.0,0.0,nan,nan,nan,nan,nan,nan,nan,nan,0
9161398370,9161394704,0.0,0.0,0.0,0.0,nan,nan,nan,nan,nan,nan,nan,nan,0
9161407977,9161404466,0.0,0.0,0.0,0.0,nan,nan,nan,nan,nan,nan,nan,nan,0
9161416344,9161413966,0.0,0.0,0.0,0.0,nan,nan,nan,nan,nan,nan,nan,nan,0
9161426936,9161424329,0.0,0.0,0.0,0.0,nan,nan,nan,nan,nan,nan,nan,nan,0
9161437292,9161434516,0.0,0.0,0.0,0.0,nan,nan,nan,nan,nan,nan,nan,nan,0
9161446812,9161444216,0.0,0.0,0.0,0.0,nan,nan,nan,nan,nan,nan,nan,nan,0
9161457371,9161454985,0.0,0.0,0.0,0.0,nan,nan,nan,nan,nan,nan,nan,nan,0
9161466761,9161463773,0.0,0.0,0.0,0.0,nan,nan,nan,nan,nan,nan,nan,nan,0
9161478258,9161474780,0.0,0.0,0.0,0.0,nan,nan,nan,nan,nan,nan,nan,nan,0
9161486788,9161484410,0.0,0.0,0.0,0.0,nan,nan,nan,nan,nan,nan,nan,nan,0
9161496765,9161494149,0.0,0.0,0.0,0.0,nan,nan,nan,nan,nan,nan,nan,nan,0
9161507227,9161504610,0.0,0.0,0.0,0.0,nan,nan,nan,nan,nan,nan,nan,nan,0
9161517808,9161513944,0.0,0.0,0.0,0.0,nan,nan,nan,nan,nan,nan,nan,nan,0
9161527251,9161524840,0.0,0.0,0.0,0.0,nan,nan,nan,nan,nan,nan,nan,nan,0
9161537115,9161534485,0.0,0.0,0.0,0.0,nan,nan,nan,nan,nan,nan,nan,nan,0
9161548788,9161545026,0.0,0.0,0.0,0.0,nan,nan,nan,nan,nan,nan,nan,nan,0
9161557181,9161554586,0.0,0.0,0.0,0.0,nan,nan,nan,nan,nan,nan,nan,nan,0
9161566651,9161564021,0.0,0.0,0.0,0.0,nan,nan,nan,nan,nan,nan,nan,nan,0
9161577006,9161574435,0.0,0.0,0.0,0.0,nan,nan,nan,nan,nan,nan,nan,nan,0
9161588533,9161584625,0.0,0.0,0.0,0.0,nan,nan,nan,nan,nan,nan,nan,nan,0
9161596946,9161594543,0.0,0.0,0.0,0.0,nan,nan,nan,nan,nan,nan,nan,nan,0
9161607484,9161605075,0.0,0.0,0.0,0.0,nan,nan,nan,nan,nan,nan,nan,nan,0
9161617950,9161615320,0.0,0.0,0.0,0.0,nan,nan,nan,nan,nan,nan,nan,nan,0
9161627389,9161624809,0.0,0.0,0.0,0.0,nan,nan,nan,nan,nan,nan,nan,nan,0
9161637299,9161634889,0.0,0.0,0.0,0.0,nan,nan,nan,nan,nan,nan,nan,nan,0
9161648354,9161644667,0.0,0.0,0.0,0.0,nan,nan,nan,nan,nan,nan,nan,nan,0
9161656976,9161653774,0.0,0.0,0.0,0.0,nan,nan,nan,nan,nan,nan,nan,nan,0
9161666643,9161664219,0.0,0.0,0.0,0.0,nan,nan,nan,nan,nan,nan,nan,nan,0
9161677096,9161674692,0.0,0.0,0.0,0.0,nan,nan,nan,nan,nan,nan,nan,nan,0
9161687546,9161684948,0.0,0.0,0.0,0.0,nan,nan,nan,nan,nan,nan,nan,nan,0
9161696989,9161694419,0.0,0.0,0.0,0.0,nan,nan,nan,nan,nan,nan,nan,nan,0
9161707580,9161705184,0.0,0.0,0.0,0.0,nan,nan,nan,nan,nan,nan,nan,nan,0
9161718237,9161715238,0.0,0.0,0.0,0.0,nan,nan,nan,nan,nan,nan,nan,nan,0
9161728810,9161725132,0.0,0.0,0.0,0.0,nan,nan,nan,nan,nan,nan,nan,nan,0
9161737204,9161734641,0.0,0.0,0.0,0.0,nan,nan,nan,nan,nan,nan,nan,nan,0
9161747693,9161745320,0.0,0.0,0.0,0.0,nan,nan,nan,nan,nan,nan,nan,nan,0
9161758143,9161755345,0.0,0.0,0.0,0.0,nan,nan,nan,nan,nan,nan,nan,nan,0
9161768067,9161764615,0.0,0.0,0.0,0.0,nan,nan,nan,nan,nan,nan,nan,nan,0
9161777486,9161774899,0.0,0.0,0.0,0.0,nan,nan,nan,nan,nan,nan,nan,nan,0
9161788194,9161785350,0.0,0.0,0.0,0.0,nan,nan,nan,nan,nan,nan,nan,nan,0
9161798702,9161795310,0.0,0.0,0.0,0.0,nan,nan,nan,nan,nan,nan,nan,nan,0
9161807107,9161804520,0.0,0.0,0.0,0.0,nan,nan,nan,nan,nan,nan,nan,nan,0
9161817659,9161815268,0.0,0.0,0.0,0.0,nan,nan,nan,nan,nan,nan,nan,nan,0
9161828138,9161825283,0.0,0.0,0.0,0.0,nan,nan,nan,nan,nan,nan,nan,nan,0
9161838621,9161835129,0.0,0.0,0.0,0.0,nan,nan,nan,nan,nan,nan,nan,nan,0
9161847982,9161845413,0.0,0.0,0.0,0.0,nan,nan,nan,nan,nan,nan,nan,nan,0
9161857366,9161854993,0.0,0.0,0.0,0.0,nan,nan,nan,nan,nan,nan,nan,nan,0
9161867872,9161865246,0.0,0.0,0.0,0.0,nan,nan,nan,nan,nan,nan,nan,nan,0
9161877752,9161875146,0.0,0.0,0.0,0.0,nan,nan,nan,nan,nan,nan,nan,nan,0
9161887247,9161884837,0.0,0.0,0.0,0.0,nan,nan,nan,nan,nan,nan,nan,nan,0
9161898382,9161894906,0.0,0.0,0.0,0.0,nan,nan,nan,nan,nan,nan,nan,nan,0
9161909061,9161905196,0.0,0.0,0.0,0.0,nan,nan,nan,nan,nan,nan,nan,nan,0
9161917538,9161914929,0.0,0.0,0.0,0.0,nan,nan,nan,nan,nan,nan,nan,nan,0
9161927995,9161925594,0.0,0.0,0.0,0.0,nan,nan,nan,nan,nan,nan,nan,nan,0
9161937395,9161934612,0.0,0.0,0.0,0.0,nan,nan,nan,nan,nan,nan,nan,nan,0
9161947945,9161945514,0.0,0.0,0.0,0.0,nan,nan,nan,nan,nan,nan,nan,nan,0
9161957391,9161954994,0.0,0.0,0.0,0.0,nan,nan,nan,nan,nan,nan,nan,nan,0
9161968082,9161965250,0.0,0.0,0.0,0.0,nan,nan,nan,nan,nan,nan,nan,nan,0
9161979442,9161975335,0.0,0.0,0.0,0.0,nan,nan,nan,nan,nan,nan,nan,nan,0
9161987836,9161985255,0.0,0.0,0.0,0.0,nan,nan,nan,nan,nan,nan,nan,nan,0
9161997298,9161994926,0.0,0.0,0.0,0.0,nan,nan,nan,nan,nan,nan,nan,nan,0
9162008115,9162005307,0.0,0.0,0.0,0.0,nan,nan,nan,nan,nan,nan,nan,nan,0
