timestamp,timestamp_sample,q[0],q[1],q[2],q[3],delta_q_reset[0],delta_q_reset[1],delta_q_reset[2],delta_q_reset[3],quat_reset_counter
9100592750,9100589994,0.8303714,0.0028964775,-0.028453298,-0.5564759,0.0,0.0,0.0,0.0,0
9100602599,9100599807,0.8304299,0.0028986745,-0.028453998,-0.5563885,0.0,0.0,0.0,0.0,0
9100612337,9100609428,0.8304877,0.0029008454,-0.028454687,-0.5563022,0.0,0.0,0.0,0.0,0
9100623802,9100619832,0.83055574,0.00290314,-0.028454188,-0.5562007,0.0,0.0,0.0,0.0,0
9100632308,9100629611,0.83060604,0.0029047162,-0.028453242,-0.5561254,0.0,0.0,0.0,0.0,0
9100642004,9100639257,0.83067083,0.002907258,-0.028454006,-0.55602884,0.0,0.0,0.0,0.0,0
9100652345,9100649647,0.8308164,0.002915895,-0.028453905,-0.55581117,0.0,0.0,0.0,0.0,0
9100662885,9100659031,0.8309646,0.0029252437,-0.028451748,-0.5555896,0.0,0.0,0.0,0.0,0
9100672257,9100669534,0.83109623,0.0029330773,-0.028451873,-0.55539274,0.0,0.0,0.0,0.0,0
9100683661,9100679692,0.8312561,0.0029425998,-0.028452016,-0.55515325,0.0,0.0,0.0,0.0,0
9100693395,9100690097,0.8313924,0.0029488152,-0.028452452,-0.5549491,0.0,0.0,0.0,0.0,0
9100701819,9100699129,0.8315101,0.0029558127,-0.02845236,-0.5547725,0.0,0.0,0.0,0.0,0
9100712260,9100709565,0.831656,0.002964477,-0.028452246,-0.55455387,0.0,0.0,0.0,0.0,0
9100722739,9100720029,0.8318022,0.0029711293,-0.028452523,-0.5543346,0.0,0.0,0.0,0.0,0
9100733258,9100729665,0.8319487,0.002977817,-0.028452985,-0.55411464,0.0,0.0,0.0,0.0,0
9100742557,9100739972,0.83207804,0.0029837189,-0.028453331,-0.5539204,0.0,0.0,0.0,0.0,0
9100752114,9100749566,0.8322107,0.0029897706,-0.028453572,-0.55372083,0.0,0.0,0.0,0.0,0
9100762728,9100759898,0.83235794,0.002996496,-0.028453963,-0.5534995,0.0,0.0,0.0,0.0,0
9100772505,9100769775,0.83249336,0.0030054934,-0.028453832,-0.5532958,0.0,0.0,0.0,0.0,0
9100781912,9100779420,0.83259296,0.0030116995,-0.028453982,-0.5531459,0.0,0.0,0.0,0.0,0
9100792463,9100789535,0.8327795,0.003020048,-0.0284521,-0.55286485,0.0,0.0,0.0,0.0,0
9100803994,9100799937,0.8329832,0.0030289586,-0.028449137,-0.5525582,0.0,0.0,0.0,0.0,0
9100812501,9100809778,0.83313304,0.003036017,-0.02844937,-0.55233204,0.0,0.0,0.0,0.0,0
9100822850,9100820357,0.83331525,0.0030445764,-0.028449405,-0.55205715,0.0,0.0,0.0,0.0,0
9100832368,9100829632,0.8334825,0.0030542854,-0.028449072,-0.5518046,0.0,0.0,0.0,0.0,0
9100842945,9100840162,0.8336682,0.0030638892,-0.028448928,-0.5515241,0.0,0.0,0.0,0.0,0
9100852425,9100849852,0.8338342,0.0030735538,-0.028448692,-0.5512729,0.0,0.0,0.0,0.0,0
9100862794,9100859680,0.8340156,0.0030841164,-0.028448433,-0.5509984,0.0,0.0,0.0,0.0,0
9100874428,9100870166,0.8342188,0.0030936913,-0.028448582,-0.5506906,0.0,0.0,0.0,0.0,0
9100881785,9100879093,0.8343471,0.0031011712,-0.028448392,-0.55049616,0.0,0.0,0.0,0.0,0
9100892375,9100889784,0.8345315,0.0031119266,-0.028448112,-0.55021644,0.0,0.0,0.0,0.0,0
9100902752,9100899820,0.834712,0.003122441,-0.02844772,-0.54994255,0.0,0.0,0.0,0.0,0
9100913238,9100910561,0.834894,0.0031350846,-0.028446907,-0.5496661,0.0,0.0,0.0,0.0,0
9100922655,9100920163,0.83497983,0.0031405974,-0.028447097,-0.54953593,0.0,0.0,0.0,0.0,0
9100934256,9100930209,0.8351469,0.0031483215,-0.028447418,-0.5492818,0.0,0.0,0.0,0.0,0
9100943807,9100940514,0.8352844,0.003154678,-0.02844768,-0.5490727,0.0,0.0,0.0,0.0,0
9100952246,9100949511,0.8354057,0.0031602895,-0.028447911,-0.5488881,0.0,0.0,0.0,0.0,0
9100962718,9100960023,0.83555603,0.0031672583,-0.028448315,-0.5486592,0.0,0.0,0.0,0.0,0
9100973131,9100970229,0.83570516,0.003176192,-0.028448183,-0.5484318,0.0,0.0,0.0,0.0,0
9100982682,9100979139,0.83584183,0.0031833772,-0.028448211,-0.5482235,0.0,0.0,0.0,0.0,0
9100993123,9100990627,0.83599114,0.0031902918,-0.028448485,-0.5479958,0.0,0.0,0.0,0.0,0
9101002791,9101000019,0.8361291,0.0031966763,-0.028448625,-0.5477852,0.0,0.0,0.0,0.0,0
9101013225,9101010510,0.83627784,0.0032055841,-0.028448364,-0.5475582,0.0,0.0,0.0,0.0,0
9101022908,9101020410,0.8364155,0.003212912,-0.028448474,-0.5473476,0.0,0.0,0.0,0.0,0
9101032435,9101029732,0.83655095,0.0032192033,-0.028448822,-0.5471406,0.0,0.0,0.0,0.0,0
9101043035,9101040116,0.83670145,0.003227813,-0.028446604,-0.5469105,0.0,0.0,0.0,0.0,0
9101053617,9101050280,0.83685136,0.0032355527,-0.028445607,-0.546681,0.0,0.0,0.0,0.0,0
9101063191,9101060430,0.8369321,0.003240855,-0.028445791,-0.5465573,0.0,0.0,0.0,0.0,0
9101072738,9101069972,0.8370944,0.003252234,-0.028445002,-0.5463087,0.0,0.0,0.0,0.0,0
9101083104,9101080197,0.83727044,0.0032625794,-0.028444668,-0.546039,0.0,0.0,0.0,0.0,0
9101092546,9101089873,0.83743054,0.0032701555,-0.028444678,-0.5457934,0.0,0.0,0.0,0.0,0
9101103137,9101100598,0.8376097,0.003278638,-0.028444625,-0.5455182,0.0,0.0,0.0,0.0,0
9101113616,9101110671,0.83778685,0.0032890553,-0.028444158,-0.5452462,0.0,0.0,0.0,0.0,0
9101124127,9101120562,0.8379643,0.0032998521,-0.028440518,-0.5449736,0.0,0.0,0.0,0.0,0
9101133082,9101130357,0.83811516,0.0033066228,-0.028438661,-0.54474145,0.0,0.0,0.0,0.0,0
9101142683,9101139905,0.83827674,0.0033142793,-0.028438626,-0.5444928,0.0,0.0,0.0,0.0,0
9101152997,9101150088,0.8384501,0.0033228907,-0.028440487,-0.5442258,0.0,0.0,0.0,0.0,0
9101163652,9101160914,0.8386287,0.0033315516,-0.02844127,-0.54395026,0.0,0.0,0.0,0.0,0
9101172893,9101170222,0.83878356,0.0033389106,-0.028441317,-0.5437115,0.0,0.0,0.0,0.0,0
9101184523,9101180698,0.83897805,0.0033481643,-0.02844137,-0.54341114,0.0,0.0,0.0,0.0,0
9101195006,9101190808,0.8391532,0.0033591045,-0.028438626,-0.5431408,0.0,0.0,0.0,0.0,0
9101202422,9101199879,0.8392114,0.0033644282,-0.028438382,-0.5430508,0.0,0.0,0.0,0.0,0
9101212860,9101210345,0.839333,0.0033719854,-0.028438332,-0.5428629,0.0,0.0,0.0,0.0,0
9101223265,9101220350,0.83945394,0.0033775035,-0.028438814,-0.5426756,0.0,0.0,0.0,0.0,0
9101233761,9101230451,0.8395759,0.0033850896,-0.028438756,-0.54248697,0.0,0.0,0.0,0.0,0
9101243170,9101240646,0.8396851,0.0033900565,-0.028439084,-0.542318,0.0,0.0,0.0,0.0,0
9101253638,9101250891,0.8398063,0.0033955667,-0.028439322,-0.54213005,0.0,0.0,0.0,0.0,0
9101262903,9101260240,0.8399135,0.0034022322,-0.028439159,-0.54196393,0.0,0.0,0.0,0.0,0
9101272576,9101270070,0.84002525,0.0034100818,-0.028438797,-0.5417907,0.0,0.0,0.0,0.0,0
9101283111,9101280601,0.84014684,0.0034156034,-0.028439034,-0.54160213,0.0,0.0,0.0,0.0,0
9101293451,9101290576,0.84026605,0.003421021,-0.028439265,-0.5414171,0.0,0.0,0.0,0.0,0
9101303970,9101300461,0.8403871,0.0034265253,-0.028439498,-0.5412292,0.0,0.0,0.0,0.0,0
9101313346,9101310681,0.8404949,0.0034314285,-0.028439702,-0.54106176,0.0,0.0,0.0,0.0,0
9101322783,9101320284,0.8406032,0.0034381847,-0.028439522,-0.54089344,0.0,0.0,0.0,0.0,0
9101333133,9101330267,0.84072185,0.003445604,-0.02843944,-0.54070896,0.0,0.0,0.0,0.0,0
9101342996,9101340447,0.84082234,0.003450099,-0.028439842,-0.5405527,0.0,0.0,0.0,0.0,0
9101353688,9101350959,0.84092015,0.003454403,-0.02844047,-0.54040045,0.0,0.0,0.0,0.0,0
9101364104,9101361174,0.8410152,0.0034585807,-0.028440954,-0.5402522,0.0,0.0,0.0,0.0,0
9101374714,9101371125,0.84111196,0.0034659486,-0.02844073,-0.5401015,0.0,0.0,0.0,0.0,0
9101383219,9101380467,0.84118944,0.0034709964,-0.028440777,-0.5399808,0.0,0.0,0.0,0.0,0
9101393652,9101390969,0.84128445,0.0034751492,-0.028441142,-0.53983283,0.0,0.0,0.0,0.0,0
9101404148,9101401356,0.8413799,0.0034793362,-0.028441628,-0.53968406,0.0,0.0,0.0,0.0,0
9101413590,9101411073,0.84146553,0.0034859509,-0.028441507,-0.5395505,0.0,0.0,0.0,0.0,0
9101422945,9101420280,0.84155035,0.0034932806,-0.02844106,-0.5394182,0.0,0.0,0.0,0.0,0
9101434506,9101430493,0.841655,0.0035023245,-0.028440507,-0.5392549,0.0,0.0,0.0,0.0,0
9101445293,9101441501,0.8417526,0.0035084323,-0.028439397,-0.5391026,0.0,0.0,0.0,0.0,0
9101452723,9101450006,0.84181964,0.003512501,-0.028438065,-0.53899777,0.0,0.0,0.0,0.0,0
9101463185,9101460652,0.8419141,0.0035161844,-0.028436536,-0.5388503,0.0,0.0,0.0,0.0,0
9101473633,9101470890,0.84200835,0.0035214247,-0.028432436,-0.5387032,0.0,0.0,0.0,0.0,0
9101484142,9101481018,0.8421121,0.0035288217,-0.028431134,-0.538541,0.0,0.0,0.0,0.0,0
9101493573,9101490872,0.8421935,0.003532343,-0.0284316,-0.5384138,0.0,0.0,0.0,0.0,0
9101504121,9101501105,0.8422843,0.0035362781,-0.028432118,-0.53827167,0.0,0.0,0.0,0.0,0
9101515474,9101511319,0.8423819,0.0035404973,-0.028432539,-0.5381187,0.0,0.0,0.0,0.0,0
9101523148,9101520546,0.8424478,0.0035433462,-0.028432824,-0.5380155,0.0,0.0,0.0,0.0,0
9101533736,9101531167,0.84253865,0.0035472752,-0.028433217,-0.53787315,0.0,0.0,0.0,0.0,0
9101544373,9101541397,0.8426298,0.0035512322,-0.02843373,-0.53773034,0.0,0.0,0.0,0.0,0
9101554888,9101551085,0.84271985,0.0035582555,-0.028433507,-0.5375894,0.0,0.0,0.0,0.0,0
9101563295,9101560793,0.8427917,0.0035646136,-0.028433116,-0.5374768,0.0,0.0,0.0,0.0,0
9101574024,9101571501,0.8428831,0.003570642,-0.028433058,-0.5373331,0.0,0.0,0.0,0.0,0
9101583442,9101580733,0.8429635,0.0035759446,-0.02843312,-0.5372071,0.0,0.0,0.0,0.0,0
9101593907,9101591442,0.8430525,0.0035806634,-0.028433431,-0.5370672,0.0,0.0,0.0,0.0,0
9101603349,9101600868,0.8431329,0.0035841523,-0.028433992,-0.5369411,0.0,0.0,0.0,0.0,0
9101614122,9101611251,0.84322435,0.0035881158,-0.028434498,-0.5367973,0.0,0.0,0.0,0.0,0
9101624717,9101621197,0.8433045,0.0035935391,-0.02843456,-0.53667134,0.0,0.0,0.0,0.0,0
9101633084,9101630609,0.84337544,0.003596611,-0.028434953,-0.5365598,0.0,0.0,0.0,0.0,0
9101643576,9101641065,0.84346426,0.0036004588,-0.028435444,-0.53642017,0.0,0.0,0.0,0.0,0
9101654214,9101651275,0.84355414,0.003606435,-0.028435616,-0.5362787,0.0,0.0,0.0,0.0,0
9101663608,9101660924,0.8436334,0.0036125344,-0.028435476,-0.536154,0.0,0.0,0.0,0.0,0
9101674125,9101671404,0.8437221,0.003618409,-0.028435523,-0.53601444,0.0,0.0,0.0,0.0,0
9101685566,9101681337,0.8438184,0.003624773,-0.02843544,-0.53586274,0.0,0.0,0.0,0.0,0
9101695033,9101691951,0.84389794,0.0036300397,-0.028435418,-0.5357373,0.0,0.0,0.0,0.0,0
9101703472,9101700767,0.8439688,0.0036347508,-0.028435547,-0.5356256,0.0,0.0,0.0,0.0,0
9101713916,9101711429,0.84405655,0.0036405586,-0.02843559,-0.53548753,0.0,0.0,0.0,0.0,0
9101724341,9101721638,0.8441438,0.00364433,-0.028436061,-0.53534967,0.0,0.0,0.0,0.0,0
9101734947,9101730942,0.84423256,0.0036502068,-0.028436031,-0.5352097,0.0,0.0,0.0,0.0,0
9101743394,9101740876,0.84430325,0.0036528907,-0.028434793,-0.5350983,0.0,0.0,0.0,0.0,0
9101753888,9101751134,0.8443908,0.0036582532,-0.028432809,-0.53496003,0.0,0.0,0.0,0.0,0
9101765252,9101761796,0.8445307,0.0036656489,-0.028432906,-0.5347394,0.0,0.0,0.0,0.0,0
9101773726,9101771056,0.8445313,0.0036666237,-0.028433409,-0.5347381,0.0,0.0,0.0,0.0,0
9101784214,9101781685,0.8445323,0.0036678119,-0.028433919,-0.5347367,0.0,0.0,0.0,0.0,0
9101794567,9101791700,0.84453315,0.003666982,-0.02843485,-0.53473514,0.0,0.0,0.0,0.0,0
9101805094,9101801296,0.8445342,0.0036688666,-0.028433187,-0.5347338,0.0,0.0,0.0,0.0,0
9101813583,9101811064,0.8445348,0.003671464,-0.028433235,-0.5347326,0.0,0.0,0.0,0.0,0
9101824131,9101821583,0.8445357,0.0036746864,-0.028433299,-0.53473115,0.0,0.0,0.0,0.0,0
9101834481,9101831787,0.8445367,0.003677843,-0.028433366,-0.5347298,0.0,0.0,0.0,0.0,0
9101843953,9101841235,0.84453744,0.0036797067,-0.028433705,-0.5347284,0.0,0.0,0.0,0.0,0
9101854453,9101851869,0.8445384,0.0036788553,-0.028434774,-0.53472686,0.0,0.0,0.0,0.0,0
9101864853,9101861933,0.84453934,0.0036780003,-0.02843571,-0.5347253,0.0,0.0,0.0,0.0,0
9101875336,9101871535,0.84454036,0.0036791652,-0.028436216,-0.5347239,0.0,0.0,0.0,0.0,0
9101883758,9101881267,0.84454113,0.003678483,-0.028437069,-0.5347226,0.0,0.0,0.0,0.0,0
9101894203,9101891710,0.8445421,0.0036776385,-0.028438125,-0.5347211,0.0,0.0,0.0,0.0,0
9101904827,9101902055,0.844627,0.0036812553,-0.028438615,-0.5345866,0.0,0.0,0.0,0.0,0
9101914187,9101911705,0.8447597,0.00368933,-0.028438305,-0.53437716,0.0,0.0,0.0,0.0,0
9101923618,9101920949,0.844893,0.0036974489,-0.028437937,-0.5341662,0.0,0.0,0.0,0.0,0
9101935199,9101931176,0.8450564,0.0037096497,-0.02843699,-0.5339074,0.0,0.0,0.0,0.0,0
9101945736,9101942148,0.845205,0.0037176402,-0.028436808,-0.5336722,0.0,0.0,0.0,0.0,0
9101954145,9101951642,0.84532344,0.003723216,-0.028436735,-0.5334846,0.0,0.0,0.0,0.0,0
9101964635,9101962160,0.845471,0.0037301648,-0.028436644,-0.5332507,0.0,0.0,0.0,0.0,0
9101974040,9101971342,0.8456031,0.0037363896,-0.02843656,-0.5330412,0.0,0.0,0.0,0.0,0
9101984518,9101981249,0.84575003,0.0037453407,-0.028436018,-0.53280807,0.0,0.0,0.0,0.0,0
9101994269,9101991549,0.8458865,0.00375178,-0.028435923,-0.53259116,0.0,0.0,0.0,0.0,0
9102004760,9102001792,0.8460332,0.0037607257,-0.028435374,-0.5323581,0.0,0.0,0.0,0.0,0
9102016179,9102012176,0.84619254,0.003771513,-0.02843467,-0.5321046,0.0,0.0,0.0,0.0,0
9102023529,9102021057,0.8462951,0.0037763456,-0.028434599,-0.53194165,0.0,0.0,0.0,0.0,0
9102034026,9102031539,0.84644115,0.0037836726,-0.02843643,-0.5317089,0.0,0.0,0.0,0.0,0
9102044495,9102041581,0.84652615,0.0037877504,-0.028438807,-0.5315734,0.0,0.0,0.0,0.0,0
9102054939,9102051645,0.84661394,0.0037915518,-0.028439274,-0.53143376,0.0,0.0,0.0,0.0,0
9102064302,9102061640,0.8466923,0.003794938,-0.028439527,-0.5313086,0.0,0.0,0.0,0.0,0
9102074902,9102072378,0.8467812,0.0038008143,-0.028439365,-0.5311672,0.0,0.0,0.0,0.0,0
9102084315,9102081381,0.8468598,0.0038060267,-0.028439213,-0.5310416,0.0,0.0,0.0,0.0,0
9102093707,9102091244,0.84693825,0.003811222,-0.028439064,-0.53091645,0.0,0.0,0.0,0.0,0
9102104246,9102101703,0.8470261,0.0038174822,-0.028440842,-0.53077614,0.0,0.0,0.0,0.0,0
9102114640,9102111725,0.84711266,0.00382566,-0.028442144,-0.5306379,0.0,0.0,0.0,0.0,0
9102126084,9102121902,0.8472079,0.0038329826,-0.028441722,-0.53048587,0.0,0.0,0.0,0.0,0
9102134711,9102131957,0.8472796,0.0038360602,-0.028441945,-0.5303713,0.0,0.0,0.0,0.0,0
9102144111,9102141585,0.8473577,0.0038394127,-0.028442187,-0.53024656,0.0,0.0,0.0,0.0,0
9102154643,9102151644,0.8474449,0.0038431787,-0.028442575,-0.5301069,0.0,0.0,0.0,0.0,0
9102165146,9102162639,0.8475319,0.0038469336,-0.028442962,-0.5299677,0.0,0.0,0.0,0.0,0
9102174543,9102172074,0.8476097,0.0038498852,-0.028441612,-0.5298434,0.0,0.0,0.0,0.0,0
9102186157,9102182156,0.84771854,0.0038564685,-0.028439345,-0.5296694,0.0,0.0,0.0,0.0,0
9102196787,9102192560,0.8478059,0.0038612434,-0.028439455,-0.5295296,0.0,0.0,0.0,0.0,0
9102204158,9102201430,0.8478664,0.0038638546,-0.02843973,-0.52943265,0.0,0.0,0.0,0.0,0
9102214594,9102211894,0.8479518,0.003869565,-0.028439661,-0.52929556,0.0,0.0,0.0,0.0,0
9102224930,9102222272,0.84803647,0.0038751964,-0.028439477,-0.52915996,0.0,0.0,0.0,0.0,0
9102235444,9102231448,0.8481225,0.0038800116,-0.028439492,-0.5290221,0.0,0.0,0.0,0.0,0
9102244551,9102242035,0.8481968,0.0038867183,-0.028438931,-0.5289029,0.0,0.0,0.0,0.0,0
9102254630,9102251650,0.8482791,0.0038941558,-0.028438427,-0.5287711,0.0,0.0,0.0,0.0,0
9102265998,9102261840,0.8483716,0.0039012886,-0.028438054,-0.5286224,0.0,0.0,0.0,0.0,0
9102274046,9102271548,0.84843713,0.0039040896,-0.028438257,-0.52851725,0.0,0.0,0.0,0.0,0
9102284487,9102281984,0.848522,0.003907721,-0.02843852,-0.52838093,0.0,0.0,0.0,0.0,0
9102294932,9102292031,0.8486069,0.0039128964,-0.028436303,-0.52824473,0.0,0.0,0.0,0.0,0
9102305414,9102302122,0.8486919,0.003918364,-0.028435355,-0.5281082,0.0,0.0,0.0,0.0,0
9102314417,9102311847,0.8487648,0.003923233,-0.028435292,-0.527991,0.0,0.0,0.0,0.0,0
9102324963,9102322253,0.8488303,0.0039262413,-0.028437529,-0.5278855,0.0,0.0,0.0,0.0,0
9102335311,9102332630,0.84884334,0.003926449,-0.028440222,-0.5278644,0.0,0.0,0.0,0.0,0
9102344883,9102342159,0.8488553,0.0039262464,-0.028440984,-0.5278449,0.0,0.0,0.0,0.0,0
9102354504,9102351760,0.8488675,0.00392562,-0.028439969,-0.5278254,0.0,0.0,0.0,0.0,0
9102364857,9102362166,0.8488807,0.003924484,-0.0284369,-0.5278045,0.0,0.0,0.0,0.0,0
9102375770,9102372298,0.84889454,0.0039235326,-0.028434707,-0.52778244,0.0,0.0,0.0,0.0,0
9102385241,9102382547,0.84890646,0.0039229104,-0.028433615,-0.5277633,0.0,0.0,0.0,0.0,0
9102394665,9102391967,0.8489183,0.0039241104,-0.028432118,-0.5277443,0.0,0.0,0.0,0.0,0
9102405063,9102402362,0.8489313,0.0039258976,-0.028432457,-0.5277233,0.0,0.0,0.0,0.0,0
9102414690,9102412167,0.84894335,0.003925707,-0.028433302,-0.5277039,0.0,0.0,0.0,0.0,0
9102425108,9102422631,0.84895635,0.0039275144,-0.028433759,-0.5276829,0.0,0.0,0.0,0.0,0
9102436547,9102432554,0.8489706,0.003931705,-0.028433755,-0.52765995,0.0,0.0,0.0,0.0,0
9102446149,9102442857,0.8489826,0.0039324486,-0.028434267,-0.52764064,0.0,0.0,0.0,0.0,0
9102454564,9102452069,0.84899306,0.0039338847,-0.028434537,-0.5276238,0.0,0.0,0.0,0.0,0
9102464985,9102462292,0.8490781,0.0039395643,-0.028434452,-0.52748686,0.0,0.0,0.0,0.0,0
9102475421,9102472710,0.84910417,0.003942508,-0.028436737,-0.5274448,0.0,0.0,0.0,0.0,0
9102484933,9102482246,0.8491279,0.003943996,-0.028438102,-0.52740645,0.0,0.0,0.0,0.0,0
9102494983,9102492412,0.849153,0.0039444435,-0.028438762,-0.527366,0.0,0.0,0.0,0.0,0
9102505514,9102502729,0.8491793,0.0039469437,-0.028438993,-0.5273237,0.0,0.0,0.0,0.0,0
9102517188,9102512864,0.8492083,0.0039501996,-0.02843675,-0.5272769,0.0,0.0,0.0,0.0,0
9102524758,9102521943,0.84922713,0.00395199,-0.028436916,-0.52724653,0.0,0.0,0.0,0.0,0
9102535292,9102532761,0.8492534,0.0039544795,-0.02843715,-0.5272044,0.0,0.0,0.0,0.0,0
9102545861,9102542936,0.8492796,0.00395495,-0.02843796,-0.527162,0.0,0.0,0.0,0.0,0
9102555507,9102552408,0.8493035,0.003958226,-0.028437994,-0.5271235,0.0,0.0,0.0,0.0,0
9102564947,9102562469,0.84932685,0.003962269,-0.028437784,-0.52708584,0.0,0.0,0.0,0.0,0
9102575509,9102572951,0.84935296,0.0039668065,-0.028437667,-0.52704376,0.0,0.0,0.0,0.0,0
9102585080,9102582338,0.84937674,0.0039704996,-0.028435813,-0.52700573,0.0,0.0,0.0,0.0,0
9102594643,9102592117,0.8494003,0.0039716354,-0.028435435,-0.5269676,0.0,0.0,0.0,0.0,0
9102605101,9102602385,0.8494922,0.003977641,-0.028435165,-0.52681947,0.0,0.0,0.0,0.0,0
9102615943,9102613224,0.84957916,0.003983419,-0.028434947,-0.5266792,0.0,0.0,0.0,0.0,0
9102625067,9102621771,0.84965223,0.0039865165,-0.028435163,-0.52656126,0.0,0.0,0.0,0.0,0
9102635672,9102633204,0.849737,0.0039901137,-0.02843541,-0.5264242,0.0,0.0,0.0,0.0,0
9102645128,9102642427,0.84981257,0.0039933324,-0.028435739,-0.5263022,0.0,0.0,0.0,0.0,0
9102655557,9102652611,0.84989583,0.003996895,-0.028436221,-0.52616775,0.0,0.0,0.0,0.0,0
9102665681,9102662891,0.84997654,0.0040003285,-0.028436506,-0.52603734,0.0,0.0,0.0,0.0,0
9102675147,9102672410,0.85005194,0.004003531,-0.028436722,-0.5259155,0.0,0.0,0.0,0.0,0
9102686506,9102682529,0.85014224,0.0040073865,-0.028437112,-0.5257695,0.0,0.0,0.0,0.0,0
9102697154,9102692980,0.85022676,0.0040140427,-0.028436715,-0.5256328,0.0,0.0,0.0,0.0,0
9102704630,9102701898,0.85028595,0.004019438,-0.028436221,-0.525537,0.0,0.0,0.0,0.0,0
9102715026,9102712528,0.8503682,0.0040249364,-0.02843599,-0.5254037,0.0,0.0,0.0,0.0,0
9102725409,9102722519,0.8504504,0.0040304433,-0.02843588,-0.52527064,0.0,0.0,0.0,0.0,0
9102735914,9102733218,0.85053337,0.0040369425,-0.028435608,-0.52513623,0.0,0.0,0.0,0.0,0
9102745532,9102742772,0.85059637,0.0040413095,-0.028435495,-0.5250342,0.0,0.0,0.0,0.0,0
9102755868,9102753179,0.8506755,0.0040466213,-0.028435282,-0.524906,0.0,0.0,0.0,0.0,0
9102767510,9102763111,0.8507645,0.004050353,-0.02843556,-0.5247617,0.0,0.0,0.0,0.0,0
9102775067,9102772547,0.8508222,0.004053096,-0.028437134,-0.52466804,0.0,0.0,0.0,0.0,0
9102785556,9102783001,0.8509022,0.0040569156,-0.028439438,-0.5245382,0.0,0.0,0.0,0.0,0
9102795911,9102793004,0.850981,0.0040602423,-0.028439788,-0.5244101,0.0,0.0,0.0,0.0,0
9102806442,9102802896,0.8510611,0.004063608,-0.028440025,-0.5242801,0.0,0.0,0.0,0.0,0
9102815878,9102813186,0.8511329,0.0040666224,-0.028440239,-0.5241637,0.0,0.0,0.0,0.0,0
9102825684,9102822993,0.8512073,0.0040716412,-0.02844002,-0.52404284,0.0,0.0,0.0,0.0,0
9102837226,9102833246,0.85129476,0.0040785824,-0.028439593,-0.52390075,0.0,0.0,0.0,0.0,0
9102845711,9102842988,0.85135895,0.004082928,-0.028439498,-0.5237964,0.0,0.0,0.0,0.0,0
9102855221,9102852487,0.8514307,0.0040896074,-0.028438853,-0.5236795,0.0,0.0,0.0,0.0,0
9102865621,9102862898,0.85150933,0.004096904,-0.028438156,-0.5235519,0.0,0.0,0.0,0.0,0
9102877292,9102873093,0.8515972,0.0041050776,-0.028437365,-0.5234087,0.0,0.0,0.0,0.0,0
9102885780,9102883264,0.8516493,0.00411039,-0.02843698,-0.52332395,0.0,0.0,0.0,0.0,0
9102895184,9102892478,0.8516164,0.0041117608,-0.028439002,-0.52337736,0.0,0.0,0.0,0.0,0
9102905825,9102902894,0.8515793,0.004110742,-0.028439604,-0.5234377,0.0,0.0,0.0,0.0,0
9102915255,9102912533,0.8515465,0.0041078525,-0.028439859,-0.5234911,0.0,0.0,0.0,0.0,0
9102925696,9102923198,0.8515102,0.0041048736,-0.028440986,-0.5235501,0.0,0.0,0.0,0.0,0
9102937247,9102933232,0.8514701,0.0041015823,-0.02844223,-0.52361536,0.0,0.0,0.0,0.0,0
9102946754,9102943468,0.851437,0.0040988834,-0.028443301,-0.52366894,0.0,0.0,0.0,0.0,0
9102956207,9102953512,0.8514042,0.004096211,-0.028444422,-0.52372223,0.0,0.0,0.0,0.0,0
9102965625,9102963102,0.85137165,0.0040935376,-0.028445434,-0.52377534,0.0,0.0,0.0,0.0,0
9102975998,9102973078,0.8513357,0.0040906114,-0.028446661,-0.5238337,0.0,0.0,0.0,0.0,0
9102986602,9102983885,0.8512988,0.0040891995,-0.02844961,-0.52389324,0.0,0.0,0.0,0.0,0
9102996122,9102993570,0.85126597,0.0040901927,-0.02844988,-0.5239468,0.0,0.0,0.0,0.0,0
9103006472,9103003568,0.8512301,0.004091672,-0.028451843,-0.52400494,0.0,0.0,0.0,0.0,0
9103017195,9103013671,0.851193,0.0040918724,-0.028453255,-0.5240651,0.0,0.0,0.0,0.0,0
9103026017,9103023519,0.8512515,0.0040959073,-0.028453197,-0.52397007,0.0,0.0,0.0,0.0,0
9103036188,9103033628,0.85114044,0.0040928302,-0.028454069,-0.5241505,0.0,0.0,0.0,0.0,0
9103045711,9103042816,0.85103655,0.0040880945,-0.028455202,-0.5243192,0.0,0.0,0.0,0.0,0
9103056246,9103053094,0.8509216,0.0040808436,-0.028457038,-0.5245055,0.0,0.0,0.0,0.0,0
9103065624,9103062909,0.8508194,0.004074383,-0.028458565,-0.5246712,0.0,0.0,0.0,0.0,0
9103076106,9103073346,0.8507053,0.0040671853,-0.028460387,-0.5248562,0.0,0.0,0.0,0.0,0
9103087531,9103083945,0.85058093,0.0040593552,-0.02846242,-0.52505755,0.0,0.0,0.0,0.0,0
9103096038,9103093513,0.8504884,0.004053525,-0.02846389,-0.5252074,0.0,0.0,0.0,0.0,0
9103106590,9103103878,0.85037374,0.004048338,-0.028465243,-0.52539307,0.0,0.0,0.0,0.0,0
9103115922,9103113217,0.85027236,0.004045556,-0.028466022,-0.52555716,0.0,0.0,0.0,0.0,0
9103127425,9103123417,0.85014755,0.004038642,-0.028467705,-0.52575904,0.0,0.0,0.0,0.0,0
9103135955,9103133399,0.8500549,0.0040344414,-0.028468693,-0.5259086,0.0,0.0,0.0,0.0,0
9103146348,9103143626,0.8499422,0.004031331,-0.028469438,-0.52609074,0.0,0.0,0.0,0.0,0
9103156873,9103154145,0.8498282,0.0040261527,-0.028470656,-0.52627486,0.0,0.0,0.0,0.0,0
9103166329,9103163581,0.8499169,0.0040300176,-0.028470771,-0.52613187,0.0,0.0,0.0,0.0,0
9103175711,9103173217,0.8499618,0.0040315413,-0.02847125,-0.526059,0.0,0.0,0.0,0.0,0
9103187411,9103183358,0.8500179,0.0040334226,-0.028471716,-0.5259684,0.0,0.0,0.0,0.0,0
9103197922,9103193506,0.85006815,0.004038105,-0.028471448,-0.52588713,0.0,0.0,0.0,0.0,0
9103206249,9103203560,0.8501079,0.004041057,-0.028471503,-0.5258228,0.0,0.0,0.0,0.0,0
9103215675,9103213207,0.85015297,0.004042149,-0.028470179,-0.52575004,0.0,0.0,0.0,0.0,0
9103226091,9103223208,0.8502027,0.0040433416,-0.028468603,-0.5256697,0.0,0.0,0.0,0.0,0
9103236585,9103233907,0.8502527,0.004045033,-0.028469143,-0.5255888,0.0,0.0,0.0,0.0,0
9103246042,9103243540,0.85029763,0.0040483647,-0.028469102,-0.52551603,0.0,0.0,0.0,0.0,0
9103256440,9103253346,0.85034704,0.0040535755,-0.0284667,-0.52543616,0.0,0.0,0.0,0.0,0
9103267969,9103264140,0.8504017,0.0040601054,-0.028467262,-0.52534765,0.0,0.0,0.0,0.0,0
9103276737,9103274178,0.85044324,0.0040648845,-0.028466934,-0.5252804,0.0,0.0,0.0,0.0,0
9103286131,9103283442,0.8504877,0.004069978,-0.028466478,-0.5252084,0.0,0.0,0.0,0.0,0
9103296575,9103293679,0.85053706,0.0040756552,-0.028466089,-0.5251284,0.0,0.0,0.0,0.0,0
9103307054,9103303285,0.85060537,0.00407925,-0.028466268,-0.52501774,0.0,0.0,0.0,0.0,0
9103316661,9103314089,0.85072374,0.004084718,-0.02846619,-0.5248257,0.0,0.0,0.0,0.0,0
9103326973,9103324092,0.8508508,0.00409057,-0.02846599,-0.5246197,0.0,0.0,0.0,0.0,0
9103337559,9103334046,0.85098106,0.004096571,-0.028465783,-0.52440846,0.0,0.0,0.0,0.0,0
9103345963,9103343285,0.8510843,0.004101332,-0.028465617,-0.5242409,0.0,0.0,0.0,0.0,0
9103356431,9103353939,0.8512127,0.004109293,-0.028465062,-0.5240324,0.0,0.0,0.0,0.0,0
9103367014,9103364095,0.8513423,0.00411735,-0.02846462,-0.52382183,0.0,0.0,0.0,0.0,0
9103377529,9103373893,0.8514708,0.0041264244,-0.02846373,-0.52361274,0.0,0.0,0.0,0.0,0
9103385907,9103383418,0.85157317,0.0041327723,-0.028463282,-0.52344626,0.0,0.0,0.0,0.0,0
9103396338,9103393843,0.8517004,0.004138655,-0.028463189,-0.52323914,0.0,0.0,0.0,0.0,0
9103407059,9103404338,0.851831,0.004146744,-0.028462488,-0.5230265,0.0,0.0,0.0,0.0,0
9103416702,9103413970,0.8519482,0.0041558784,-0.028461471,-0.52283543,0.0,0.0,0.0,0.0,0
9103426050,9103423577,0.8520617,0.0041651223,-0.028462162,-0.52265036,0.0,0.0,0.0,0.0,0
9103437550,9103433528,0.85220116,0.004174238,-0.028463388,-0.52242285,0.0,0.0,0.0,0.0,0
9103447523,9103443857,0.8522782,0.004180252,-0.02846303,-0.5222972,0.0,0.0,0.0,0.0,0
9103455832,9103453352,0.85236543,0.0041873753,-0.0284623,-0.52215475,0.0,0.0,0.0,0.0,0
9103466409,9103463689,0.8524765,0.004194373,-0.028461726,-0.5219735,0.0,0.0,0.0,0.0,0
9103476870,9103474163,0.85258603,0.004199271,-0.028461626,-0.52179426,0.0,0.0,0.0,0.0,0
9103486332,9103483631,0.85268503,0.0042041074,-0.028463282,-0.5216323,0.0,0.0,0.0,0.0,0
9103496855,9103494116,0.85279506,0.004209026,-0.028463177,-0.5214524,0.0,0.0,0.0,0.0,0
9103507582,9103504552,0.85290706,0.004214037,-0.02846307,-0.5212692,0.0,0.0,0.0,0.0,0
9103518390,9103514296,0.8530198,0.0042190915,-0.028463028,-0.5210848,0.0,0.0,0.0,0.0,0
9103525968,9103523434,0.8530987,0.004222637,-0.028463036,-0.5209556,0.0,0.0,0.0,0.0,0
9103536801,9103534205,0.85321134,0.0042276867,-0.028462922,-0.5207711,0.0,0.0,0.0,0.0,0
9103547275,9103544342,0.85332,0.0042346,-0.028462451,-0.5205928,0.0,0.0,0.0,0.0,0
9103556802,9103553462,0.8534187,0.004242704,-0.028461535,-0.520431,0.0,0.0,0.0,0.0,0
9103567294,9103564771,0.85352737,0.0042516105,-0.028460467,-0.52025276,0.0,0.0,0.0,0.0,0
9103577308,9103574337,0.85363084,0.004260091,-0.028459448,-0.520083,0.0,0.0,0.0,0.0,0
9103587623,9103583648,0.8537193,0.0042668623,-0.028458776,-0.5199378,0.0,0.0,0.0,0.0,0
9103596115,9103593603,0.853844,0.004272803,-0.02845838,-0.519733,0.0,0.0,0.0,0.0,0
9103606969,9103604450,0.8540031,0.00428248,-0.028457372,-0.5194714,0.0,0.0,0.0,0.0,0
9103617537,9103614553,0.85415775,0.0042919083,-0.028456511,-0.5192171,0.0,0.0,0.0,0.0,0
9103627916,9103624315,0.85430956,0.004299167,-0.02845619,-0.51896733,0.0,0.0,0.0,0.0,0
9103636312,9103633631,0.854432,0.004305013,-0.028455788,-0.5187655,0.0,0.0,0.0,0.0,0
9103646933,9103644429,0.85458684,0.004312405,-0.028455282,-0.5185104,0.0,0.0,0.0,0.0,0
9103657331,9103654642,0.85473824,0.0043196366,-0.028454784,-0.51826084,0.0,0.0,0.0,0.0,0
9103666843,9103664143,0.8548764,0.0043262444,-0.028454324,-0.5180327,0.0,0.0,0.0,0.0,0
9103676961,9103674404,0.85502326,0.0043332833,-0.028453952,-0.5177903,0.0,0.0,0.0,0.0,0
9103688292,9103684516,0.8551875,0.0043433416,-0.02845301,-0.5175191,0.0,0.0,0.0,0.0,0
9103697978,9103694432,0.8553275,0.0043519177,-0.02845214,-0.5172875,0.0,0.0,0.0,0.0,0
9103706522,9103703813,0.8554509,0.0043594837,-0.028451426,-0.5170834,0.0,0.0,0.0,0.0,0
9103716972,9103714456,0.8556017,0.0043687318,-0.02845055,-0.5168339,0.0,0.0,0.0,0.0,0
9103727301,9103724432,0.8556685,0.0043748403,-0.028447902,-0.51672345,0.0,0.0,0.0,0.0,0
9103736829,9103734108,0.8557957,0.0043814797,-0.02844648,-0.5165129,0.0,0.0,0.0,0.0,0
9103747046,9103744516,0.85593176,0.004387917,-0.028446069,-0.51628715,0.0,0.0,0.0,0.0,0
9103757403,9103754530,0.8560696,0.0043944377,-0.028445654,-0.51605856,0.0,0.0,0.0,0.0,0
9103767910,9103764814,0.8562092,0.004403086,-0.028444862,-0.51582694,0.0,0.0,0.0,0.0,0
9103776333,9103773648,0.8563209,0.004408377,-0.028444517,-0.5156413,0.0,0.0,0.0,0.0,0
9103786898,9103784400,0.8564609,0.004415023,-0.02844421,-0.51540875,0.0,0.0,0.0,0.0,0
9103797342,9103794645,0.8565991,0.0044220556,-0.028445832,-0.515179,0.0,0.0,0.0,0.0,0
9103807908,9103805189,0.85673857,0.0044288747,-0.028446218,-0.51494676,0.0,0.0,0.0,0.0,0
9103817348,9103814867,0.8568631,0.0044365968,-0.028445385,-0.5147396,0.0,0.0,0.0,0.0,0
9103827858,9103824879,0.8570015,0.0044472045,-0.028443964,-0.51450914,0.0,0.0,0.0,0.0,0
9103838255,9103834960,0.8571382,0.0044576842,-0.028442556,-0.5142814,0.0,0.0,0.0,0.0,0
9103846691,9103843981,0.8572489,0.004466174,-0.028441409,-0.5140967,0.0,0.0,0.0,0.0,0
9103857141,9103854642,0.857386,0.004476655,-0.028439863,-0.5138681,0.0,0.0,0.0,0.0,0
9103867743,9103865027,0.8574615,0.0044817547,-0.02843946,-0.513742,0.0,0.0,0.0,0.0,0
9103878273,9103874665,0.8576104,0.004488912,-0.028439095,-0.5134935,0.0,0.0,0.0,0.0,0
9103887712,9103885211,0.8577437,0.004495301,-0.02843861,-0.51327085,0.0,0.0,0.0,0.0,0
9103897114,9103894424,0.8578761,0.0045016734,-0.028438227,-0.51304924,0.0,0.0,0.0,0.0,0
9103907532,9103904619,0.8580228,0.004508729,-0.028437806,-0.512804,0.0,0.0,0.0,0.0,0
9103917115,9103914566,0.8581574,0.00451522,-0.028437465,-0.5125785,0.0,0.0,0.0,0.0,0
9103927468,9103924771,0.8583027,0.0045242333,-0.02843667,-0.5123351,0.0,0.0,0.0,0.0,0
9103939006,9103935215,0.85846436,0.00453646,-0.028435104,-0.51206434,0.0,0.0,0.0,0.0,0
9103946428,9103943913,0.85856825,0.0045439545,-0.028432662,-0.51189023,0.0,0.0,0.0,0.0,0
9103957069,9103954529,0.8587168,0.0045554396,-0.028432162,-0.5116408,0.0,0.0,0.0,0.0,0
9103967485,9103964970,0.85886216,0.0045644348,-0.028431239,-0.51139677,0.0,0.0,0.0,0.0,0
9103977911,9103975006,0.8590075,0.004571406,-0.028430687,-0.5111527,0.0,0.0,0.0,0.0,0
9103987330,9103984855,0.85913837,0.0045788907,-0.028430631,-0.5109324,0.0,0.0,0.0,0.0,0
9103997790,9103995290,0.85928375,0.004589376,-0.028427064,-0.510688,0.0,0.0,0.0,0.0,0
9104008267,9104005299,0.8593676,0.00459494,-0.028426563,-0.5105469,0.0,0.0,0.0,0.0,0
9104018719,9104014913,0.8594043,0.004596416,-0.028424794,-0.5104852,0.0,0.0,0.0,0.0,0
9104027117,9104024596,0.85943377,0.0045987894,-0.028424827,-0.51043564,0.0,0.0,0.0,0.0,0
9104037676,9104034963,0.8594708,0.0045992094,-0.028423246,-0.51037335,0.0,0.0,0.0,0.0,0
9104048096,9104045351,0.85950726,0.0045996406,-0.028421802,-0.51031196,0.0,0.0,0.0,0.0,0
9104057473,9104054793,0.85954005,0.004600494,-0.02842234,-0.5102567,0.0,0.0,0.0,0.0,0
9104068037,9104065266,0.8595769,0.0046014306,-0.028422771,-0.5101946,0.0,0.0,0.0,0.0,0
9104078379,9104075267,0.85961306,0.0046023484,-0.028423196,-0.51013386,0.0,0.0,0.0,0.0,0
9104088897,9104085364,0.85964954,0.0046052984,-0.028423116,-0.5100721,0.0,0.0,0.0,0.0,0
9104097223,9104094552,0.85967845,0.0046063997,-0.028424887,-0.5100233,0.0,0.0,0.0,0.0,0
9104107937,9104105221,0.85971564,0.004607835,-0.028427286,-0.5099605,0.0,0.0,0.0,0.0,0
9104118535,9104115761,0.85975236,0.004610845,-0.02842744,-0.5098985,0.0,0.0,0.0,0.0,0
9104128573,9104124689,0.8597871,0.0046155886,-0.028426928,-0.5098399,0.0,0.0,0.0,0.0,0
9104137933,9104135252,0.8598195,0.004619995,-0.028426403,-0.5097853,0.0,0.0,0.0,0.0,0
9104147374,9104144474,0.85990435,0.004627342,-0.028425405,-0.50964236,0.0,0.0,0.0,0.0,0
9104158959,9104155438,0.8599783,0.004631307,-0.028425284,-0.50951725,0.0,0.0,0.0,0.0,0
9104167424,9104164710,0.8600325,0.0046334327,-0.028425492,-0.509426,0.0,0.0,0.0,0.0,0
9104177867,9104175174,0.8600991,0.0046365326,-0.028427668,-0.5093134,0.0,0.0,0.0,0.0,0
9104189270,9104185285,0.8601717,0.0046404,-0.02843187,-0.50919056,0.0,0.0,0.0,0.0,0
9104198793,9104195011,0.8602321,0.004644584,-0.028431494,-0.50908816,0.0,0.0,0.0,0.0,0
9104207438,9104204693,0.86028713,0.0046463204,-0.028430043,-0.5089953,0.0,0.0,0.0,0.0,0
9104217887,9104215352,0.8603535,0.0046504037,-0.028427651,-0.5088832,0.0,0.0,0.0,0.0,0
9104228244,9104225350,0.8604193,0.0046559423,-0.028422903,-0.50877225,0.0,0.0,0.0,0.0,0
9104237712,9104235032,0.86047924,0.004661735,-0.028421436,-0.50867087,0.0,0.0,0.0,0.0,0
9104248247,9104245737,0.8605458,0.004668419,-0.028420795,-0.5085582,0.0,0.0,0.0,0.0,0
9104258621,9104255728,0.8606114,0.004672973,-0.028420547,-0.5084473,0.0,0.0,0.0,0.0,0
9104269110,9104265311,0.8606775,0.004676601,-0.028420411,-0.5083352,0.0,0.0,0.0,0.0,0
9104277572,9104274846,0.8607308,0.004680308,-0.028420208,-0.5082449,0.0,0.0,0.0,0.0,0
9104287992,9104285461,0.86079746,0.0046829246,-0.02842045,-0.5081319,0.0,0.0,0.0,0.0,0
9104298441,9104295496,0.8607519,0.0046812524,-0.028421104,-0.50820905,0.0,0.0,0.0,0.0,0
9104307856,9104305176,0.86071104,0.004678775,-0.028422052,-0.5082785,0.0,0.0,0.0,0.0,0
9104318334,9104315809,0.86066544,0.0046771015,-0.028422706,-0.5083557,0.0,0.0,0.0,0.0,0
9104328803,9104325847,0.8606199,0.0046754517,-0.028423475,-0.50843275,0.0,0.0,0.0,0.0,0
9104339264,9104335725,0.8605743,0.004674862,-0.028423907,-0.50850964,0.0,0.0,0.0,0.0,0
9104347641,9104344960,0.86053807,0.0046735415,-0.028424526,-0.5085712,0.0,0.0,0.0,0.0,0
9104358113,9104355626,0.8604925,0.0046719117,-0.028425409,-0.508648,0.0,0.0,0.0,0.0,0
9104368770,9104365731,0.86044633,0.004670255,-0.028426308,-0.50872606,0.0,0.0,0.0,0.0,0
9104378143,9104375037,0.86040574,0.0046679387,-0.028427143,-0.50879467,0.0,0.0,0.0,0.0,0
9104387580,9104384897,0.86036503,0.0046664546,-0.028427834,-0.50886375,0.0,0.0,0.0,0.0,0
9104398483,9104395466,0.8603178,0.004662664,-0.028429272,-0.50894326,0.0,0.0,0.0,0.0,0
9104409713,9104405900,0.86026937,0.0046587465,-0.028430626,-0.50902516,0.0,0.0,0.0,0.0,0
9104417265,9104414764,0.86023676,0.004657566,-0.028431172,-0.50908023,0.0,0.0,0.0,0.0,0
9104427787,9104425058,0.8603173,0.004665447,-0.028432088,-0.50894403,0.0,0.0,0.0,0.0,0
9104439408,9104435372,0.86039454,0.004671799,-0.0284359,-0.50881314,0.0,0.0,0.0,0.0,0
9104449173,9104445055,0.86045945,0.004676472,-0.028436514,-0.5087033,0.0,0.0,0.0,0.0,0
9104457673,9104455133,0.86051595,0.00467869,-0.028436571,-0.50860775,0.0,0.0,0.0,0.0,0
9104468141,9104465378,0.86058545,0.0046814196,-0.028436642,-0.50849015,0.0,0.0,0.0,0.0,0
9104478516,9104475794,0.8606541,0.004686568,-0.028437996,-0.50837386,0.0,0.0,0.0,0.0,0
9104488085,9104485338,0.86071736,0.0046901247,-0.028438713,-0.50826645,0.0,0.0,0.0,0.0,0
9104498459,9104495770,0.8607861,0.004692836,-0.028438898,-0.5081503,0.0,0.0,0.0,0.0,0
9104508914,9104506184,0.8608551,0.0046955664,-0.028439078,-0.5080333,0.0,0.0,0.0,0.0,0
9104519460,9104515646,0.86092454,0.0046993783,-0.028438864,-0.5079153,0.0,0.0,0.0,0.0,0
9104528127,9104525518,0.8609817,0.004704946,-0.028438082,-0.5078187,0.0,0.0,0.0,0.0,0
9104538853,9104536108,0.86105216,0.004709793,-0.028437745,-0.507699,0.0,0.0,0.0,0.0,0
9104548479,9104545740,0.8611154,0.004712304,-0.02843802,-0.50759166,0.0,0.0,0.0,0.0,0
9104558057,9104555366,0.8611783,0.0047158743,-0.028437842,-0.507485,0.0,0.0,0.0,0.0,0
9104568605,9104566081,0.8612406,0.004720228,-0.028437454,-0.5073792,0.0,0.0,0.0,0.0,0
9104578988,9104575878,0.8613034,0.004722597,-0.02843756,-0.50727266,0.0,0.0,0.0,0.0,0
9104590010,9104586040,0.8613698,0.00472511,-0.028437668,-0.50715965,0.0,0.0,0.0,0.0,0
9104598435,9104595730,0.86142063,0.0047290213,-0.0284388,-0.50707346,0.0,0.0,0.0,0.0,0
9104607945,9104605409,0.8614778,0.0047334493,-0.028440177,-0.50697625,0.0,0.0,0.0,0.0,0
9104618466,9104615479,0.86154103,0.004735854,-0.028440395,-0.5068687,0.0,0.0,0.0,0.0,0
9104629250,9104625007,0.86160576,0.0047383173,-0.028440619,-0.50675863,0.0,0.0,0.0,0.0,0
9104638199,9104635699,0.8616594,0.0047403607,-0.028440803,-0.5066674,0.0,0.0,0.0,0.0,0
9104649131,9104646420,0.8617249,0.0047428734,-0.028441152,-0.506556,0.0,0.0,0.0,0.0,0
9104659599,9104656335,0.86178744,0.004745278,-0.02844148,-0.50644934,0.0,0.0,0.0,0.0,0
9104668120,9104665566,0.86183834,0.00474722,-0.02844165,-0.5063627,0.0,0.0,0.0,0.0,0
9104678548,9104676039,0.86190057,0.0047495784,-0.028441742,-0.5062567,0.0,0.0,0.0,0.0,0
9104690015,9104686017,0.86196893,0.00475217,-0.02844184,-0.5061403,0.0,0.0,0.0,0.0,0
9104698470,9104695008,0.86201924,0.0047562597,-0.028440552,-0.50605464,0.0,0.0,0.0,0.0,0
9104708580,9104705984,0.86206734,0.0047612553,-0.028437935,-0.5059728,0.0,0.0,0.0,0.0,0
9104718833,9104716348,0.8620489,0.004763081,-0.028438007,-0.5060042,0.0,0.0,0.0,0.0,0
9104729290,9104726363,0.86203015,0.004764913,-0.028437963,-0.5060362,0.0,0.0,0.0,0.0,0
9104738725,9104736057,0.8620133,0.004763888,-0.028438602,-0.50606495,0.0,0.0,0.0,0.0,0
9104748567,9104745820,0.8619957,0.004763207,-0.028437037,-0.506095,0.0,0.0,0.0,0.0,0
9104758963,9104756074,0.86197716,0.004762508,-0.0284355,-0.50612664,0.0,0.0,0.0,0.0,0
9104769481,9104765880,0.8619584,0.004760308,-0.028436488,-0.5061586,0.0,0.0,0.0,0.0,0
9104778898,9104776384,0.8619416,0.004760169,-0.028437017,-0.5061872,0.0,0.0,0.0,0.0,0
9104788394,9104785857,0.86192465,0.004760009,-0.028437443,-0.506216,0.0,0.0,0.0,0.0,0
9104798908,9104796012,0.86190593,0.004757812,-0.028438427,-0.5062478,0.0,0.0,0.0,0.0,0
9104808455,9104805758,0.86188895,0.0047558276,-0.028439367,-0.50627667,0.0,0.0,0.0,0.0,0
9104819148,9104816621,0.86186993,0.0047535817,-0.02844024,-0.506309,0.0,0.0,0.0,0.0,0
9104829640,9104826633,0.86185133,0.004751382,-0.028441096,-0.5063406,0.0,0.0,0.0,0.0,0
9104840103,9104836479,0.8618328,0.0047502234,-0.028441686,-0.5063722,0.0,0.0,0.0,0.0,0
9104848570,9104846052,0.86189866,0.004754618,-0.028441204,-0.5062601,0.0,0.0,0.0,0.0,0
9104859270,9104856754,0.86200106,0.0047592,-0.028440928,-0.5060855,0.0,0.0,0.0,0.0,0
9104868718,9104865757,0.86209136,0.0047654775,-0.028441854,-0.50593156,0.0,0.0,0.0,0.0,0
9104879312,9104876758,0.86219263,0.0047742906,-0.02844144,-0.5057592,0.0,0.0,0.0,0.0,0
9104888721,9104886172,0.86228234,0.004781929,-0.028440384,-0.5056062,0.0,0.0,0.0,0.0,0
9104899073,9104896167,0.86238086,0.004788333,-0.028439725,-0.5054379,0.0,0.0,0.0,0.0,0
9104910386,9104906579,0.86248857,0.0047931345,-0.02843943,-0.50525415,0.0,0.0,0.0,0.0,0
9104918784,9104916321,0.8625684,0.004796696,-0.02843921,-0.5051179,0.0,0.0,0.0,0.0,0
9104929369,9104926782,0.86266875,0.0048011807,-0.02843893,-0.50494623,0.0,0.0,0.0,0.0,0
9104939671,9104935873,0.8627665,0.004805544,-0.028438661,-0.5047794,0.0,0.0,0.0,0.0,0
9104950256,9104946441,0.86286664,0.004810039,-0.028438503,-0.50460815,0.0,0.0,0.0,0.0,0
9104958756,9104956247,0.862947,0.0048136474,-0.028438374,-0.5044707,0.0,0.0,0.0,0.0,0
9104968970,9104966253,0.8630434,0.0048179803,-0.028438218,-0.5043057,0.0,0.0,0.0,0.0,0
9104979433,9104976495,0.86314195,0.004822397,-0.028437935,-0.5041368,0.0,0.0,0.0,0.0,0
9104988900,9104986222,0.86319983,0.0048272926,-0.02843741,-0.5040377,0.0,0.0,0.0,0.0,0
9104999338,9104996616,0.86316997,0.0048289606,-0.02843925,-0.50408894,0.0,0.0,0.0,0.0,0
9105009822,9105007070,0.8631398,0.004830629,-0.028441086,-0.50414026,0.0,0.0,0.0,0.0,0
9105020204,9105016401,0.8631101,0.004830738,-0.028441334,-0.50419104,0.0,0.0,0.0,0.0,0
9105028923,9105026121,0.86308527,0.0048283944,-0.028442318,-0.5042336,0.0,0.0,0.0,0.0,0
9105039343,9105036631,0.8630556,0.004825579,-0.028443372,-0.5042844,0.0,0.0,0.0,0.0,0
9105049947,9105047012,0.86302537,0.0048226994,-0.028444322,-0.50433606,0.0,0.0,0.0,0.0,0
9105058467,9105055727,0.8630011,0.004820404,-0.02844518,-0.50437754,0.0,0.0,0.0,0.0,0
9105068889,9105066369,0.8629715,0.0048175813,-0.02844611,-0.5044282,0.0,0.0,0.0,0.0,0
9105079322,9105076373,0.86294186,0.00481476,-0.028447038,-0.5044789,0.0,0.0,0.0,0.0,0
9105090726,9105086767,0.8629095,0.004812837,-0.028447755,-0.50453424,0.0,0.0,0.0,0.0,0
9105099173,9105096670,0.86288553,0.0048121926,-0.028448185,-0.50457525,0.0,0.0,0.0,0.0,0
9105108755,9105105931,0.8628584,0.004809623,-0.028449142,-0.5046216,0.0,0.0,0.0,0.0,0
9105119296,9105116338,0.86282855,0.0048067817,-0.028450074,-0.50467265,0.0,0.0,0.0,0.0,0
9105129242,9105126468,0.8628618,0.0048078084,-0.028451335,-0.50461566,0.0,0.0,0.0,0.0,0
9105139176,9105136414,0.8629467,0.0048119575,-0.028452838,-0.50447035,0.0,0.0,0.0,0.0,0
9105149978,9105147079,0.86303896,0.0048159794,-0.028452612,-0.5043125,0.0,0.0,0.0,0.0,0
9105161184,9105156942,0.8631344,0.0048213345,-0.028452069,-0.50414896,0.0,0.0,0.0,0.0,0
9105169004,9105166255,0.86320096,0.004827255,-0.028451223,-0.504035,0.0,0.0,0.0,0.0,0
9105178964,9105176424,0.86328566,0.0048328564,-0.028450536,-0.5038899,0.0,0.0,0.0,0.0,0
9105190901,9105187095,0.8633871,0.004837276,-0.028450297,-0.5037161,0.0,0.0,0.0,0.0,0
9105198616,9105195899,0.86345255,0.0048401547,-0.02845031,-0.5036039,0.0,0.0,0.0,0.0,0
9105209143,9105206580,0.8635418,0.0048440807,-0.028450327,-0.5034509,0.0,0.0,0.0,0.0,0
9105219384,9105216451,0.86362845,0.004847879,-0.028450225,-0.50330216,0.0,0.0,0.0,0.0,0
9105230244,9105226718,0.86372024,0.0048530404,-0.028449893,-0.5031446,0.0,0.0,0.0,0.0,0
9105239278,9105236558,0.8637965,0.0048581357,-0.028449457,-0.50301373,0.0,0.0,0.0,0.0,0
9105249362,9105246602,0.86388135,0.0048637977,-0.028448852,-0.5028677,0.0,0.0,0.0,0.0,0
9105259935,9105256992,0.86397034,0.0048717284,-0.02844758,-0.5027149,0.0,0.0,0.0,0.0,0
9105270155,9105266617,0.86401147,0.004875783,-0.028447058,-0.5026442,0.0,0.0,0.0,0.0,0
9105279696,9105277131,0.86410505,0.004880028,-0.028446723,-0.5024833,0.0,0.0,0.0,0.0,0
9105289133,9105286416,0.86419743,0.004886028,-0.028445924,-0.50232446,0.0,0.0,0.0,0.0,0
9105299531,9105296625,0.864299,0.004892655,-0.028445156,-0.50214946,0.0,0.0,0.0,0.0,0
9105308992,9105306489,0.8643915,0.004897847,-0.02844468,-0.5019905,0.0,0.0,0.0,0.0,0
9105319418,9105316925,0.864493,0.004906504,-0.028443506,-0.50181544,0.0,0.0,0.0,0.0,0
9105329891,9105326964,0.86459494,0.0049136546,-0.028444659,-0.5016397,0.0,0.0,0.0,0.0,0
9105340608,9105337286,0.8646991,0.004918905,-0.028446365,-0.50146,0.0,0.0,0.0,0.0,0
9105349011,9105346310,0.86478066,0.004924614,-0.028447183,-0.5013193,0.0,0.0,0.0,0.0,0
9105359496,9105357002,0.86488223,0.0049312282,-0.028446272,-0.5011438,0.0,0.0,0.0,0.0,0
9105369808,9105366842,0.8649821,0.0049357526,-0.028445892,-0.5009714,0.0,0.0,0.0,0.0,0
9105379192,9105376435,0.8650729,0.0049408274,-0.028445296,-0.5008147,0.0,0.0,0.0,0.0,0
9105389640,9105387120,0.8651739,0.004947404,-0.028444389,-0.5006403,0.0,0.0,0.0,0.0,0
9105400095,9105397164,0.8652747,0.0049519925,-0.028444123,-0.5004659,0.0,0.0,0.0,0.0,0
9105411568,9105407389,0.8653375,0.0049565085,-0.028443728,-0.5003574,0.0,0.0,0.0,0.0,0
9105418956,9105416286,0.8653983,0.004960576,-0.02844327,-0.5002522,0.0,0.0,0.0,0.0,0
9105429554,9105426796,0.86548537,0.0049668695,-0.028444313,-0.5001014,0.0,0.0,0.0,0.0,0
9105440707,9105436687,0.8655769,0.004973484,-0.028445406,-0.49994284,0.0,0.0,0.0,0.0,0
9105450351,9105447591,0.865656,0.004977885,-0.028445087,-0.49980587,0.0,0.0,0.0,0.0,0
9105459708,9105457030,0.86573255,0.004983014,-0.028444495,-0.49967304,0.0,0.0,0.0,0.0,0
9105470137,9105467240,0.8658179,0.004986908,-0.0284442,-0.49952516,0.0,0.0,0.0,0.0,0
9105481675,9105477485,0.8659122,0.0049913432,-0.02844391,-0.4993617,0.0,0.0,0.0,0.0,0
9105489099,9105486576,0.86597276,0.0049968455,-0.028443152,-0.4992567,0.0,0.0,0.0,0.0,0
9105499538,9105497011,0.8660578,0.005002546,-0.028442493,-0.49910912,0.0,0.0,0.0,0.0,0
9105510005,9105507285,0.86614305,0.0050062146,-0.028442131,-0.49896124,0.0,0.0,0.0,0.0,0
9105520788,9105517100,0.8662307,0.005010001,-0.028441818,-0.498809,0.0,0.0,0.0,0.0,0
9105529397,9105526815,0.8663005,0.0050146533,-0.028441064,-0.49868757,0.0,0.0,0.0,0.0,0
9105540290,9105537507,0.8663888,0.005022639,-0.02843969,-0.4985342,0.0,0.0,0.0,0.0,0
9105550341,9105547397,0.8664644,0.005027763,-0.028439116,-0.49840307,0.0,0.0,0.0,0.0,0
9105559931,9105557197,0.86641496,0.0050248397,-0.028439904,-0.49848872,0.0,0.0,0.0,0.0,0
9105569460,9105566921,0.8663661,0.005022799,-0.028440466,-0.4985739,0.0,0.0,0.0,0.0,0
9105579829,9105576925,0.86631286,0.0050205817,-0.028441072,-0.49866635,0.0,0.0,0.0,0.0,0
9105591567,9105587318,0.86625254,0.0050203158,-0.028441167,-0.4987711,0.0,0.0,0.0,0.0,0
9105599961,9105597447,0.8662094,0.0050201444,-0.028441325,-0.49884582,0.0,0.0,0.0,0.0,0
9105609613,9105607022,0.86616,0.0050180964,-0.028441997,-0.49893162,0.0,0.0,0.0,0.0,0
9105620330,9105617364,0.86610514,0.0050137513,-0.028443161,-0.49902678,0.0,0.0,0.0,0.0,0
9105630007,9105627214,0.86605567,0.0050102896,-0.02844593,-0.49911258,0.0,0.0,0.0,0.0,0
9105640671,9105637889,0.8660012,0.005005994,-0.0284472,-0.49920705,0.0,0.0,0.0,0.0,0
9105649948,9105647066,0.8659539,0.0050017713,-0.028446438,-0.49928918,0.0,0.0,0.0,0.0,0
9105661593,9105657585,0.8658945,0.0049977293,-0.02844527,-0.49939215,0.0,0.0,0.0,0.0,0
9105669987,9105667313,0.86585176,0.004997126,-0.028443724,-0.4994664,0.0,0.0,0.0,0.0,0
9105679739,9105676940,0.86580217,0.004996926,-0.028443806,-0.49955258,0.0,0.0,0.0,0.0,0
9105691233,9105687166,0.8658639,0.005003566,-0.028442824,-0.4994455,0.0,0.0,0.0,0.0,0
9105700886,9105696998,0.865972,0.005012323,-0.028441379,-0.49925813,0.0,0.0,0.0,0.0,0
9105710392,9105707843,0.8660782,0.005020927,-0.028439902,-0.49907362,0.0,0.0,0.0,0.0,0
9105719753,9105716868,0.8661828,0.0050275987,-0.02843892,-0.49889213,0.0,0.0,0.0,0.0,0
9105731270,9105727782,0.8663113,0.0050347704,-0.028437981,-0.49866894,0.0,0.0,0.0,0.0,0
9105740527,9105737823,0.8664144,0.005041354,-0.02843701,-0.49848977,0.0,0.0,0.0,0.0,0
9105749930,9105747448,0.866519,0.0050462363,-0.02843649,-0.49830782,0.0,0.0,0.0,0.0,0
9105760586,9105757699,0.86663747,0.0050512184,-0.028433885,-0.49810192,0.0,0.0,0.0,0.0,0
9105771061,9105767592,0.8667538,0.005055882,-0.028430505,-0.49789968,0.0,0.0,0.0,0.0,0
9105780566,9105778024,0.8668591,0.0050603347,-0.02842829,-0.49771625,0.0,0.0,0.0,0.0,0
9105790214,9105787686,0.8669659,0.0050648497,-0.02842605,-0.49753034,0.0,0.0,0.0,0.0,0
9105800856,9105798140,0.8670835,0.005070376,-0.0284256,-0.49732536,0.0,0.0,0.0,0.0,0
9105810060,9105807339,0.867185,0.005075589,-0.028426848,-0.49714828,0.0,0.0,0.0,0.0,0
9105819694,9105816998,0.8672911,0.005082447,-0.028426057,-0.49696314,0.0,0.0,0.0,0.0,0
9105830088,9105827191,0.86733156,0.0050875847,-0.028425312,-0.49689248,0.0,0.0,0.0,0.0,0
9105840937,9105836762,0.8672933,0.0050883493,-0.028425423,-0.49695927,0.0,0.0,0.0,0.0,0
9105850003,9105847307,0.86726135,0.005090729,-0.028425083,-0.497015,0.0,0.0,0.0,0.0,0
9105860426,9105857941,0.8672247,0.005092889,-0.028422572,-0.49707913,0.0,0.0,0.0,0.0,0
9105870922,9105867978,0.8671878,0.0050910423,-0.028421137,-0.4971434,0.0,0.0,0.0,0.0,0
9105880741,9105878007,0.86715347,0.0050879363,-0.028422127,-0.4972035,0.0,0.0,0.0,0.0,0
9105890139,9105887440,0.86712044,0.0050849603,-0.028423017,-0.49726084,0.0,0.0,0.0,0.0,0
9105900593,9105897688,0.86708397,0.0050816545,-0.028424013,-0.4973247,0.0,0.0,0.0,0.0,0
9105912100,9105908107,0.86704355,0.005078555,-0.028427074,-0.49739477,0.0,0.0,0.0,0.0,0
9105920536,9105918054,0.8670141,0.0050754594,-0.028426271,-0.49744618,0.0,0.0,0.0,0.0,0
9105929989,9105927309,0.86698115,0.00507201,-0.028425476,-0.49750373,0.0,0.0,0.0,0.0,0
9105941497,9105937656,0.86694115,0.0050678374,-0.028424641,-0.49757376,0.0,0.0,0.0,0.0,0
9105950973,9105948483,0.866908,0.005067058,-0.028423076,-0.49763134,0.0,0.0,0.0,0.0,0
9105960508,9105957811,0.8668748,0.0050672153,-0.028421191,-0.4976893,0.0,0.0,0.0,0.0,0
9105971011,9105968338,0.8669263,0.0050709546,-0.028420767,-0.49759954,0.0,0.0,0.0,0.0,0
9105981533,9105978223,0.8669839,0.0050761746,-0.028419979,-0.49749923,0.0,0.0,0.0,0.0,0
9105989894,9105987209,0.8670296,0.0050794147,-0.028419591,-0.49741957,0.0,0.0,0.0,0.0,0
9106000151,9105997565,0.86708564,0.005083409,-0.028419232,-0.4973219,0.0,0.0,0.0,0.0,0
9106010780,9106007783,0.86714363,0.005087543,-0.02841886,-0.4972208,0.0,0.0,0.0,0.0,0
9106021216,9106017902,0.86720043,0.0050895982,-0.028419018,-0.4971215,0.0,0.0,0.0,0.0,0
9106030615,9106028113,0.8672517,0.0050914492,-0.028419167,-0.49703228,0.0,0.0,0.0,0.0,0
9106041205,9106038473,0.86730915,0.0050935326,-0.028419327,-0.49693173,0.0,0.0,0.0,0.0,0
9106051689,9106048411,0.8673662,0.005095577,-0.028419372,-0.4968324,0.0,0.0,0.0,0.0,0
9106060077,9106057411,0.8674117,0.0050972113,-0.028419403,-0.49675295,0.0,0.0,0.0,0.0,0
9106070640,9106068140,0.8674689,0.0050992686,-0.028419444,-0.496653,0.0,0.0,0.0,0.0,0
9106081072,9106078355,0.86752534,0.0051012994,-0.028419483,-0.49655437,0.0,0.0,0.0,0.0,0
9106091588,9106087949,0.86758214,0.0051033553,-0.028419584,-0.49645507,0.0,0.0,0.0,0.0,0
9106100950,9106098480,0.86763257,0.005106986,-0.028419243,-0.4963667,0.0,0.0,0.0,0.0,0
9106110437,9106107918,0.8676748,0.005110131,-0.028418887,-0.49629286,0.0,0.0,0.0,0.0,0
9106121055,9106118054,0.86781085,0.0051167035,-0.028418113,-0.49605498,0.0,0.0,0.0,0.0,0
9106130520,9106127830,0.8679319,0.005123982,-0.028418783,-0.49584308,0.0,0.0,0.0,0.0,0
9106141053,9106138348,0.86806643,0.005134542,-0.028417055,-0.49560755,0.0,0.0,0.0,0.0,0
9106151434,9106148539,0.8681988,0.005144934,-0.02841535,-0.49537566,0.0,0.0,0.0,0.0,0
9106161898,9106158339,0.86833197,0.005155369,-0.02841351,-0.495142,0.0,0.0,0.0,0.0,0
9106170398,9106167879,0.86844015,0.005163833,-0.02841202,-0.49495253,0.0,0.0,0.0,0.0,0
9106180860,9106178123,0.868573,0.0051742676,-0.028410297,-0.49471936,0.0,0.0,0.0,0.0,0
9106192251,9106188214,0.8687174,0.005183431,-0.028409,-0.49446562,0.0,0.0,0.0,0.0,0
9106201707,9106198145,0.86883706,0.005189229,-0.028408462,-0.4942551,0.0,0.0,0.0,0.0,0
9106210507,9106207934,0.86894834,0.0051946114,-0.028407913,-0.49405944,0.0,0.0,0.0,0.0,0
9106220859,9106218164,0.8690791,0.0052028983,-0.028406616,-0.49382943,0.0,0.0,0.0,0.0,0
9106232280,9106228710,0.8692231,0.0052120406,-0.028405255,-0.493576,0.0,0.0,0.0,0.0,0
9106240760,9106238029,0.86932975,0.0052188295,-0.028404282,-0.4933879,0.0,0.0,0.0,0.0,0
9106251144,9106248640,0.86940867,0.005224133,-0.02840353,-0.4932491,0.0,0.0,0.0,0.0,0
9106261739,9106259049,0.86942637,0.0052279853,-0.028402993,-0.49321783,0.0,0.0,0.0,0.0,0
9106272204,9106268168,0.86944383,0.0052302894,-0.028404856,-0.4931869,0.0,0.0,0.0,0.0,0
9106280580,9106278057,0.86945784,0.005233327,-0.028404428,-0.4931622,0.0,0.0,0.0,0.0,0
9106291189,9106288200,0.86947554,0.005237168,-0.028403888,-0.49313098,0.0,0.0,0.0,0.0,0
9106302634,9106298785,0.8694947,0.0052399635,-0.028403532,-0.49309728,0.0,0.0,0.0,0.0,0
9106311005,9106308305,0.8695086,0.0052413656,-0.028403444,-0.49307263,0.0,0.0,0.0,0.0,0
9106321534,9106319022,0.8695262,0.0052431272,-0.028403332,-0.49304166,0.0,0.0,0.0,0.0,0
9106330914,9106327983,0.8695418,0.0052429214,-0.028403824,-0.49301404,0.0,0.0,0.0,0.0,0
9106342398,9106338382,0.86956096,0.0052439203,-0.028404146,-0.4929803,0.0,0.0,0.0,0.0,0
9106350771,9106348101,0.86957484,0.005246918,-0.028403625,-0.4929558,0.0,0.0,0.0,0.0,0
9106361201,9106358713,0.8695922,0.005250095,-0.02840098,-0.49292532,0.0,0.0,0.0,0.0,0
9106371757,9106368817,0.8696097,0.0052533317,-0.02839842,-0.49289447,0.0,0.0,0.0,0.0,0
9106381381,9106378682,0.8696256,0.0052568126,-0.028398046,-0.49286637,0.0,0.0,0.0,0.0,0
9106390779,9106388308,0.8696771,0.0052604554,-0.028397677,-0.49277547,0.0,0.0,0.0,0.0,0
9106401893,9106398877,0.8697025,0.005261098,-0.02839997,-0.4927305,0.0,0.0,0.0,0.0,0
9106413442,9106408733,0.8697288,0.0052633756,-0.028404184,-0.49268383,0.0,0.0,0.0,0.0,0
9106420947,9106418246,0.8697459,0.00526524,-0.028405335,-0.49265358,0.0,0.0,0.0,0.0,0
9106431487,9106428741,0.86976993,0.005267356,-0.028405143,-0.49261114,0.0,0.0,0.0,0.0,0
9106442917,9106439118,0.8697959,0.0052701887,-0.028406894,-0.49256516,0.0,0.0,0.0,0.0,0
9106452457,9106448764,0.8698175,0.0052732895,-0.028407343,-0.49252677,0.0,0.0,0.0,0.0,0
9106460964,9106458451,0.8698369,0.005276611,-0.028406749,-0.4924927,0.0,0.0,0.0,0.0,0
9106471751,9106468848,0.8698613,0.0052808165,-0.028405987,-0.49244943,0.0,0.0,0.0,0.0,0
9106482249,9106478958,0.8698852,0.005281277,-0.028404096,-0.49240735,0.0,0.0,0.0,0.0,0
9106490669,9106487966,0.8699044,0.0052813566,-0.028404478,-0.49237365,0.0,0.0,0.0,0.0,0
9106501168,9106498475,0.8699282,0.0052814563,-0.02840495,-0.49233156,0.0,0.0,0.0,0.0,0
9106511617,9106508722,0.86995184,0.0052815373,-0.028405298,-0.49228975,0.0,0.0,0.0,0.0,0
9106522097,9106518329,0.8699755,0.0052816304,-0.028405711,-0.49224785,0.0,0.0,0.0,0.0,0
9106531592,9106529081,0.87002873,0.0052835573,-0.028405793,-0.4921538,0.0,0.0,0.0,0.0,0
9106541501,9106538504,0.87016994,0.005292395,-0.028404327,-0.4919039,0.0,0.0,0.0,0.0,0
9106552607,9106549127,0.8703281,0.0053020376,-0.028401813,-0.49162415,0.0,0.0,0.0,0.0,0
9106561052,9106558355,0.8704481,0.005310737,-0.028398598,-0.4914116,0.0,0.0,0.0,0.0,0
9106571510,9106569047,0.8705966,0.005320055,-0.028397173,-0.49114856,0.0,0.0,0.0,0.0,0
9106582008,9106579306,0.87074536,0.0053293733,-0.028395623,-0.49088478,0.0,0.0,0.0,0.0,0
9106592511,9106588736,0.8708939,0.0053375927,-0.02839449,-0.490621,0.0,0.0,0.0,0.0,0
9106601277,9106598761,0.8710179,0.0053453576,-0.028393198,-0.4904012,0.0,0.0,0.0,0.0,0
9106611816,9106609140,0.87116647,0.0053567244,-0.028391201,-0.49013698,0.0,0.0,0.0,0.0,0
9106622304,9106619361,0.8713142,0.005368047,-0.028389335,-0.48987436,0.0,0.0,0.0,0.0,0
9106632181,9106629448,0.871453,0.005378694,-0.02838757,-0.48962724,0.0,0.0,0.0,0.0,0
9106641660,9106638906,0.87158614,0.005386558,-0.028384475,-0.48939028,0.0,0.0,0.0,0.0,0
9106652133,9106649372,0.8717331,0.0053932187,-0.028381491,-0.4891286,0.0,0.0,0.0,0.0,0
9106662610,9106658949,0.8718799,0.0054004537,-0.028380608,-0.488867,0.0,0.0,0.0,0.0,0
9106671246,9106668675,0.871939,0.0054028165,-0.028380463,-0.48876154,0.0,0.0,0.0,0.0,0
9106681674,9106679166,0.87195545,0.005402484,-0.028380893,-0.48873213,0.0,0.0,0.0,0.0,0
9106693094,9106689322,0.87197345,0.005402143,-0.028381493,-0.48869997,0.0,0.0,0.0,0.0,0
9106701473,9106698763,0.8719866,0.0054019107,-0.028382028,-0.4886764,0.0,0.0,0.0,0.0,0
9106711655,9106708884,0.87200266,0.0054016197,-0.02838262,-0.4886478,0.0,0.0,0.0,0.0,0
9106722027,9106719136,0.872019,0.005401295,-0.028383043,-0.48861867,0.0,0.0,0.0,0.0,0
9106732562,9106729487,0.87203556,0.0054017347,-0.028382104,-0.48858917,0.0,0.0,0.0,0.0,0
9106741132,9106738436,0.87204903,0.00540264,-0.028380364,-0.48856524,0.0,0.0,0.0,0.0,0
9106751651,9106749171,0.8720654,0.0054023108,-0.028380793,-0.48853573,0.0,0.0,0.0,0.0,0
9106762058,9106759374,0.8720818,0.0054039713,-0.028380677,-0.48850673,0.0,0.0,0.0,0.0,0
9106771866,9106769166,0.87209713,0.005404551,-0.028380897,-0.48847938,0.0,0.0,0.0,0.0,0
9106781672,9106779120,0.8721125,0.0054037548,-0.028379662,-0.48845205,0.0,0.0,0.0,0.0,0
9106792199,9106789187,0.87212896,0.0054028835,-0.028378222,-0.48842272,0.0,0.0,0.0,0.0,0
9106803655,9106799476,0.8721468,0.0054059024,-0.028377768,-0.48839092,0.0,0.0,0.0,0.0,0
9106811281,9106808561,0.87218785,0.0054091895,-0.02837866,-0.48831725,0.0,0.0,0.0,0.0,0
9106821680,9106819186,0.87227964,0.005413762,-0.028380029,-0.48815313,0.0,0.0,0.0,0.0,0
9106832389,9106829669,0.87237406,0.0054179477,-0.028379602,-0.4879844,0.0,0.0,0.0,0.0,0
9106841901,9106838259,0.87245774,0.00542489,-0.028380087,-0.48783463,0.0,0.0,0.0,0.0,0
9106851792,9106849307,0.8725448,0.005432517,-0.028378652,-0.48767915,0.0,0.0,0.0,0.0,0
9106862631,9106860057,0.8726399,0.005438795,-0.028377643,-0.48750877,0.0,0.0,0.0,0.0,0
9106872716,9106869740,0.87272835,0.00544463,-0.028376708,-0.48735043,0.0,0.0,0.0,0.0,0
9106883205,9106879142,0.8728202,0.005450692,-0.028375734,-0.4871859,0.0,0.0,0.0,0.0,0
9106892297,9106889514,0.8728997,0.005455941,-0.02837489,-0.4870434,0.0,0.0,0.0,0.0,0
9106902048,9106899373,0.8729849,0.005459725,-0.02837461,-0.48689067,0.0,0.0,0.0,0.0,0
9106913005,9106909393,0.8730805,0.005463974,-0.028374296,-0.48671922,0.0,0.0,0.0,0.0,0
9106921400,9106918717,0.8731536,0.00546883,-0.028373608,-0.486588,0.0,0.0,0.0,0.0,0
9106931925,9106929164,0.8732452,0.0054768925,-0.02837207,-0.4864237,0.0,0.0,0.0,0.0,0
9106943364,9106939553,0.8733446,0.005483463,-0.028371004,-0.48624524,0.0,0.0,0.0,0.0,0
9106952873,9106949068,0.87338454,0.005484629,-0.028371098,-0.48617318,0.0,0.0,0.0,0.0,0
9106962405,9106959846,0.87339526,0.0054859156,-0.028371133,-0.48615414,0.0,0.0,0.0,0.0,0
9106972873,9106969937,0.87340695,0.005487307,-0.02837106,-0.48613313,0.0,0.0,0.0,0.0,0
9106983293,9106979712,0.8734186,0.0054861316,-0.028369512,-0.4861122,0.0,0.0,0.0,0.0,0
9106991758,9106989223,0.87342805,0.0054872334,-0.028369343,-0.48609528,0.0,0.0,0.0,0.0,0
9107001939,9106999429,0.8734393,0.005490986,-0.028370336,-0.48607495,0.0,0.0,0.0,0.0,0
9107013158,9107010258,0.8734517,0.005495181,-0.028371697,-0.48605257,0.0,0.0,0.0,0.0,0
9107021954,9107018888,0.87346137,0.005498044,-0.028371299,-0.486035,0.0,0.0,0.0,0.0,0
9107032513,9107030015,0.87347305,0.005501435,-0.028370652,-0.48601398,0.0,0.0,0.0,0.0,0
9107043142,9107040169,0.87348485,0.0055028177,-0.028370567,-0.48599276,0.0,0.0,0.0,0.0,0
9107053778,9107049984,0.87349665,0.0055042235,-0.0283706,-0.48597157,0.0,0.0,0.0,0.0,0
9107062276,9107059567,0.87350607,0.0055037234,-0.028371079,-0.4859546,0.0,0.0,0.0,0.0,0
9107071678,9107069005,0.8735165,0.0055031716,-0.028371608,-0.48593587,0.0,0.0,0.0,0.0,0
9107082702,9107079903,0.87352866,0.005504604,-0.028371517,-0.48591396,0.0,0.0,0.0,0.0,0
9107093142,9107089527,0.8735791,0.005507128,-0.028371299,-0.48582357,0.0,0.0,0.0,0.0,0
9107102651,9107100072,0.87365824,0.0055123772,-0.028370436,-0.485681,0.0,0.0,0.0,0.0,0
9107112902,9107110197,0.87374353,0.005518054,-0.028369624,-0.48552752,0.0,0.0,0.0,0.0,0
9107123379,9107120083,0.8738307,0.005521273,-0.02836731,-0.48537076,0.0,0.0,0.0,0.0,0
9107131931,9107129177,0.87390167,0.0055243527,-0.028366994,-0.48524293,0.0,0.0,0.0,0.0,0
9107142516,9107139959,0.87398946,0.0055281646,-0.028366603,-0.48508477,0.0,0.0,0.0,0.0,0
9107152864,9107150128,0.8740752,0.0055318875,-0.02836622,-0.48493034,0.0,0.0,0.0,0.0,0
9107163561,9107159960,0.8741636,0.00553683,-0.028365582,-0.48477086,0.0,0.0,0.0,0.0,0
9107171695,9107169232,0.8742308,0.005541318,-0.028364938,-0.48464975,0.0,0.0,0.0,0.0,0
9107182215,9107179549,0.87431747,0.0055470914,-0.028363982,-0.48449317,0.0,0.0,0.0,0.0,0
9107193660,9107189681,0.87441164,0.005556106,-0.02836429,-0.48432308,0.0,0.0,0.0,0.0,0
9107203227,9107199211,0.8744903,0.0055628624,-0.02836187,-0.4841811,0.0,0.0,0.0,0.0,0
9107212842,9107210126,0.8745693,0.005568114,-0.028360998,-0.4840384,0.0,0.0,0.0,0.0,0
9107223242,9107220474,0.87465465,0.005571828,-0.02836073,-0.4838842,0.0,0.0,0.0,0.0,0
9107233708,9107229869,0.87469935,0.005573155,-0.028360933,-0.4838034,0.0,0.0,0.0,0.0,0
9107242117,9107239611,0.8747759,0.005576605,-0.028360626,-0.48366502,0.0,0.0,0.0,0.0,0
9107252611,9107249934,0.87487125,0.0055808877,-0.028360123,-0.48349246,0.0,0.0,0.0,0.0,0
9107263014,9107260132,0.87496567,0.0055851303,-0.028359624,-0.48332155,0.0,0.0,0.0,0.0,0
9107272510,9107270043,0.8750516,0.005589991,-0.028358884,-0.4831657,0.0,0.0,0.0,0.0,0
9107281965,9107279292,0.87513715,0.0055974387,-0.028357415,-0.48301077,0.0,0.0,0.0,0.0,0
9107292474,9107289571,0.87523216,0.005605127,-0.028353775,-0.4828387,0.0,0.0,0.0,0.0,0
9107304210,9107299976,0.87533814,0.005611844,-0.028351655,-0.48264667,0.0,0.0,0.0,0.0,0
9107312375,9107309646,0.87541175,0.005616699,-0.02835083,-0.4825132,0.0,0.0,0.0,0.0,0
9107322788,9107320097,0.8755055,0.0056209033,-0.028350338,-0.48234302,0.0,0.0,0.0,0.0,0
9107333225,9107330335,0.8755994,0.005625135,-0.028349962,-0.48217264,0.0,0.0,0.0,0.0,0
9107342915,9107339532,0.8756863,0.005629049,-0.028349549,-0.48201457,0.0,0.0,0.0,0.0,0
9107352596,9107349905,0.8757731,0.0056347903,-0.028348567,-0.48185685,0.0,0.0,0.0,0.0,0
9107363015,9107360125,0.8758664,0.0056409636,-0.02834751,-0.48168725,0.0,0.0,0.0,0.0,0
9107374541,9107370540,0.8759233,0.0056462265,-0.028346553,-0.4815839,0.0,0.0,0.0,0.0,0
9107381938,9107379250,0.87597615,0.005651248,-0.02834564,-0.48148772,0.0,0.0,0.0,0.0,0
9107392542,9107389856,0.8760519,0.005656446,-0.028345026,-0.48134983,0.0,0.0,0.0,0.0,0
9107403055,9107400132,0.87612695,0.005661567,-0.028344298,-0.48121327,0.0,0.0,0.0,0.0,0
9107413597,9107409984,0.87620205,0.0056675877,-0.028343188,-0.4810765,0.0,0.0,0.0,0.0,0
9107422968,9107420303,0.87626874,0.005670355,-0.028343046,-0.48095495,0.0,0.0,0.0,0.0,0
9107432368,9107429871,0.8763356,0.00567313,-0.028342905,-0.4808331,0.0,0.0,0.0,0.0,0
9107443867,9107439851,0.8764173,0.0056764986,-0.028342599,-0.48068425,0.0,0.0,0.0,0.0,0
9107453330,9107450863,0.8764844,0.00567927,-0.028342348,-0.48056185,0.0,0.0,0.0,0.0,0
9107463074,9107460378,0.8765533,0.0056821206,-0.028342083,-0.48043588,0.0,0.0,0.0,0.0,0
9107472955,9107470229,0.87662333,0.005685011,-0.028341822,-0.48030838,0.0,0.0,0.0,0.0,0
9107483545,9107480040,0.876698,0.0056881057,-0.028341535,-0.48017174,0.0,0.0,0.0,0.0,0
9107491983,9107489254,0.87675756,0.0056921747,-0.02834085,-0.48006305,0.0,0.0,0.0,0.0,0
9107502463,9107499905,0.8768314,0.0056972476,-0.028340118,-0.4799282,0.0,0.0,0.0,0.0,0
9107513015,9107510235,0.8768663,0.005698012,-0.028340423,-0.4798645,0.0,0.0,0.0,0.0,0
9107522716,9107520090,0.8769451,0.0057024085,-0.028339824,-0.47972047,0.0,0.0,0.0,0.0,0
9107533279,9107530719,0.87703073,0.005708191,-0.028338946,-0.47956383,0.0,0.0,0.0,0.0,0
9107542944,9107539989,0.87710905,0.0057116374,-0.02833867,-0.4794205,0.0,0.0,0.0,0.0,0
9107554601,9107550548,0.87720335,0.0057168845,-0.028337954,-0.47924793,0.0,0.0,0.0,0.0,0
9107563028,9107560539,0.87727135,0.0057214824,-0.028337253,-0.4791234,0.0,0.0,0.0,0.0,0
9107573537,9107570807,0.87735635,0.005727222,-0.02833638,-0.47896802,0.0,0.0,0.0,0.0,0
9107582892,9107580217,0.8774317,0.0057317787,-0.02833373,-0.4788299,0.0,0.0,0.0,0.0,0
9107593395,9107589809,0.8775163,0.0057356763,-0.0283301,-0.47867498,0.0,0.0,0.0,0.0,0
9107602814,9107600323,0.877592,0.005740802,-0.028329324,-0.47853616,0.0,0.0,0.0,0.0,0
9107613251,9107610348,0.87767583,0.005744488,-0.028329035,-0.47838244,0.0,0.0,0.0,0.0,0
9107624139,9107619931,0.87776303,0.0057483306,-0.02832873,-0.47822216,0.0,0.0,0.0,0.0,0
9107632203,9107629700,0.8778276,0.0057511586,-0.028328413,-0.47810364,0.0,0.0,0.0,0.0,0
9107643061,9107640355,0.8779144,0.005757052,-0.028327513,-0.47794423,0.0,0.0,0.0,0.0,0
9107653401,9107650727,0.8779548,0.0057621268,-0.028326597,-0.47787008,0.0,0.0,0.0,0.0,0
9107662914,9107659603,0.8780228,0.005766797,-0.028325854,-0.47774515,0.0,0.0,0.0,0.0,0
9107673444,9107670734,0.87809795,0.005771973,-0.028325088,-0.47760695,0.0,0.0,0.0,0.0,0
9107682792,9107680090,0.8781646,0.005776539,-0.028324302,-0.4774844,0.0,0.0,0.0,0.0,0
9107694166,9107690399,0.8782456,0.005782089,-0.028323347,-0.47733542,0.0,0.0,0.0,0.0,0
9107702735,9107699979,0.8783065,0.0057854713,-0.0283228,-0.47722328,0.0,0.0,0.0,0.0,0
9107713115,9107710436,0.87838024,0.0057905,-0.028321799,-0.47708753,0.0,0.0,0.0,0.0,0
9107723684,9107720936,0.8784552,0.0057936553,-0.028321613,-0.47694942,0.0,0.0,0.0,0.0,0
9107734119,9107730616,0.8785292,0.0057977964,-0.028321065,-0.4768132,0.0,0.0,0.0,0.0,0
9107743563,9107740866,0.87859607,0.0058018565,-0.028318493,-0.47669008,0.0,0.0,0.0,0.0,0
9107752962,9107750272,0.8786625,0.005805893,-0.028315935,-0.4765677,0.0,0.0,0.0,0.0,0
9107763356,9107760672,0.8787358,0.005810986,-0.02831531,-0.47643235,0.0,0.0,0.0,0.0,0
9107772828,9107770120,0.8788026,0.0058137947,-0.028315146,-0.47630915,0.0,0.0,0.0,0.0,0
9107783257,9107780743,0.87887603,0.0058168643,-0.02831485,-0.4761736,0.0,0.0,0.0,0.0,0
9107793716,9107790790,0.8789023,0.005817124,-0.028315134,-0.47612533,0.0,0.0,0.0,0.0,0
9107805534,9107801272,0.8788519,0.0058149234,-0.028315846,-0.47621837,0.0,0.0,0.0,0.0,0
9107812888,9107810206,0.87882054,0.0058135632,-0.028316326,-0.47627622,0.0,0.0,0.0,0.0,0
9107823322,9107820837,0.8787761,0.005811609,-0.02831689,-0.4763582,0.0,0.0,0.0,0.0,0
9107833720,9107830840,0.8787318,0.0058082375,-0.028319918,-0.47643974,0.0,0.0,0.0,0.0,0
9107843287,9107840518,0.8786911,0.005805835,-0.028321493,-0.47651473,0.0,0.0,0.0,0.0,0
9107853660,9107850957,0.87864697,0.005805899,-0.028321588,-0.47659603,0.0,0.0,0.0,0.0,0
9107864377,9107861254,0.8786015,0.005803922,-0.028322278,-0.4766799,0.0,0.0,0.0,0.0,0
9107875010,9107871249,0.87855643,0.005799918,-0.028323427,-0.47676292,0.0,0.0,0.0,0.0,0
9107883489,9107881012,0.8785205,0.005798339,-0.028323876,-0.4768291,0.0,0.0,0.0,0.0,0
9107894073,9107891342,0.87847567,0.0057963952,-0.028324554,-0.47691166,0.0,0.0,0.0,0.0,0
9107903370,9107900698,0.8784363,0.0057929195,-0.02832566,-0.47698405,0.0,0.0,0.0,0.0,0
9107914003,9107910721,0.87839144,0.0057889284,-0.028326804,-0.47706676,0.0,0.0,0.0,0.0,0
9107923477,9107920769,0.87835133,0.0057871747,-0.028327296,-0.47714037,0.0,0.0,0.0,0.0,0
9107933912,9107931419,0.87840277,0.0057909084,-0.028326688,-0.4770459,0.0,0.0,0.0,0.0,0
9107944421,9107940378,0.8784808,0.0057942374,-0.028326325,-0.47690198,0.0,0.0,0.0,0.0,0
9107953892,9107951154,0.8785512,0.0057999105,-0.02832523,-0.47677258,0.0,0.0,0.0,0.0,0
9107963244,9107960750,0.8786204,0.0058046635,-0.028324496,-0.47664475,0.0,0.0,0.0,0.0,0
9107973850,9107970905,0.878699,0.0058100475,-0.028323673,-0.4765001,0.0,0.0,0.0,0.0,0
9107984339,9107981020,0.87877643,0.0058143376,-0.02832315,-0.47635698,0.0,0.0,0.0,0.0,0
9107993689,9107991024,0.87884545,0.0058190753,-0.02832242,-0.4762296,0.0,0.0,0.0,0.0,0
9108003223,9108000674,0.87891585,0.0058238995,-0.028321678,-0.47609994,0.0,0.0,0.0,0.0,0
9108013604,9108010883,0.8789922,0.0058271736,-0.028321438,-0.47595862,0.0,0.0,0.0,0.0,0
9108023036,9108020348,0.8790616,0.005831939,-0.0283207,-0.4758305,0.0,0.0,0.0,0.0,0
9108033645,9108031090,0.87913954,0.0058372947,-0.02831987,-0.4756865,0.0,0.0,0.0,0.0,0
9108044319,9108041396,0.87921786,0.0058426773,-0.028319033,-0.47554174,0.0,0.0,0.0,0.0,0
9108054998,9108051220,0.8792961,0.005848068,-0.028318254,-0.47539705,0.0,0.0,0.0,0.0,0
9108063687,9108061179,0.8793597,0.005850768,-0.028317956,-0.4752794,0.0,0.0,0.0,0.0,0
9108074274,9108071568,0.87941504,0.005852748,-0.02831786,-0.47517672,0.0,0.0,0.0,0.0,0
9108084256,9108081491,0.87949955,0.005856532,-0.028317379,-0.4750206,0.0,0.0,0.0,0.0,0
9108093684,9108090952,0.879579,0.005860132,-0.028317085,-0.47487316,0.0,0.0,0.0,0.0,0
9108104189,9108101425,0.8796676,0.0058641294,-0.028316693,-0.47470912,0.0,0.0,0.0,0.0,0
9108114516,9108111642,0.87975454,0.0058680354,-0.02831619,-0.47454798,0.0,0.0,0.0,0.0,0
9108125047,9108121747,0.87984306,0.005873065,-0.028315434,-0.4743839,0.0,0.0,0.0,0.0,0
9108133389,9108130722,0.879913,0.0058778366,-0.028314747,-0.47425395,0.0,0.0,0.0,0.0,0
9108144154,9108141416,0.88000333,0.0058819167,-0.028314348,-0.47408652,0.0,0.0,0.0,0.0,0
9108156845,9108153900,0.8801095,0.005886695,-0.028313724,-0.4738892,0.0,0.0,0.0,0.0,0
9108164201,9108161485,0.88017094,0.005891253,-0.028314292,-0.473775,0.0,0.0,0.0,0.0,0
9108173678,9108171190,0.88025016,0.005896086,-0.028314488,-0.47362798,0.0,0.0,0.0,0.0,0
9108184410,9108181534,0.8803395,0.005902147,-0.028313356,-0.47346163,0.0,0.0,0.0,0.0,0
9108194814,9108191032,0.88042617,0.0059080175,-0.028312262,-0.47330052,0.0,0.0,0.0,0.0,0
9108203276,9108200786,0.8804965,0.005912034,-0.028311694,-0.47316962,0.0,0.0,0.0,0.0,0
9108213782,9108211298,0.88053465,0.0059170057,-0.028310616,-0.4730987,0.0,0.0,0.0,0.0,0
9108224252,9108221310,0.88057417,0.0059220744,-0.02830964,-0.47302514,0.0,0.0,0.0,0.0,0
9108234838,9108231364,0.880614,0.0059240786,-0.028309623,-0.4729507,0.0,0.0,0.0,0.0,0
9108244303,9108241780,0.8806497,0.005925036,-0.028309694,-0.47288424,0.0,0.0,0.0,0.0,0
9108253671,9108251154,0.880685,0.0059259837,-0.028309762,-0.47281852,0.0,0.0,0.0,0.0,0
9108264067,9108261347,0.8807241,0.005927035,-0.028309839,-0.47274566,0.0,0.0,0.0,0.0,0
9108273624,9108270896,0.88075995,0.005929827,-0.02830943,-0.47267878,0.0,0.0,0.0,0.0,0
9108284065,9108281524,0.88079923,0.005930903,-0.028309628,-0.4726058,0.0,0.0,0.0,0.0,0
9108294449,9108291535,0.88083804,0.005933918,-0.028309118,-0.47253323,0.0,0.0,0.0,0.0,0
9108306024,9108301652,0.8808814,0.0059366175,-0.028306378,-0.47245252,0.0,0.0,0.0,0.0,0
9108314122,9108311612,0.88091177,0.005940501,-0.028305536,-0.4723962,0.0,0.0,0.0,0.0,0
9108323686,9108321013,0.8809475,0.005943291,-0.028305182,-0.4723296,0.0,0.0,0.0,0.0,0
9108334182,9108331514,0.88098663,0.0059463745,-0.028304912,-0.47225657,0.0,0.0,0.0,0.0,0
9108344744,9108342227,0.88102597,0.0059514553,-0.028303927,-0.4721832,0.0,0.0,0.0,0.0,0
9108354185,9108351478,0.8810455,0.0059550623,-0.02830324,-0.47214645,0.0,0.0,0.0,0.0,0
9108364626,9108361723,0.8810841,0.005957446,-0.02830078,-0.47207463,0.0,0.0,0.0,0.0,0
9108376108,9108371925,0.88112646,0.005960818,-0.028300606,-0.47199556,0.0,0.0,0.0,0.0,0
9108383685,9108381187,0.88115436,0.0059619457,-0.02830205,-0.47194344,0.0,0.0,0.0,0.0,0
9108394233,9108391676,0.88119304,0.0059629474,-0.028302135,-0.47187096,0.0,0.0,0.0,0.0,0
9108404228,9108401429,0.88122994,0.005962196,-0.028302738,-0.47180226,0.0,0.0,0.0,0.0,0
9108414451,9108411112,0.8812674,0.005962629,-0.028303988,-0.4717321,0.0,0.0,0.0,0.0,0
9108423830,9108421152,0.8813017,0.0059628948,-0.028307732,-0.4716678,0.0,0.0,0.0,0.0,0
9108434369,9108431648,0.8813403,0.005960856,-0.028310688,-0.47159547,0.0,0.0,0.0,0.0,0
9108445750,9108442151,0.881382,0.005960015,-0.02831135,-0.4715176,0.0,0.0,0.0,0.0,0
9108454359,9108451535,0.8814134,0.005963195,-0.028310709,-0.47145888,0.0,0.0,0.0,0.0,0
9108464637,9108462169,0.8814508,0.0059680827,-0.028309615,-0.4713888,0.0,0.0,0.0,0.0,0
9108475120,9108472381,0.8814889,0.00597309,-0.028308623,-0.47131744,0.0,0.0,0.0,0.0,0
9108485674,9108481888,0.88152736,0.0059801224,-0.02830701,-0.4712458,0.0,0.0,0.0,0.0,0
9108494057,9108491585,0.88157934,0.005983816,-0.028306412,-0.47114828,0.0,0.0,0.0,0.0,0
9108504736,9108502160,0.8815917,0.0059852484,-0.02830622,-0.47112522,0.0,0.0,0.0,0.0,0
9108514997,9108512098,0.8816036,0.0059866006,-0.028305937,-0.47110313,0.0,0.0,0.0,0.0,0
9108524631,9108521867,0.8816147,0.0059860554,-0.028306259,-0.47108233,0.0,0.0,0.0,0.0,0
9108534234,9108531674,0.8816258,0.0059855413,-0.028306738,-0.47106156,0.0,0.0,0.0,0.0,0
9108544751,9108541986,0.8816379,0.005984981,-0.02830726,-0.47103888,0.0,0.0,0.0,0.0,0
9108556163,9108551762,0.8816509,0.0059861136,-0.028309362,-0.4710143,0.0,0.0,0.0,0.0,0
9108564748,9108561981,0.88166076,0.005987286,-0.028309299,-0.47099587,0.0,0.0,0.0,0.0,0
9108574161,9108571457,0.8816716,0.0059880046,-0.028307335,-0.4709757,0.0,0.0,0.0,0.0,0
9108584639,9108581919,0.8816837,0.0059882044,-0.028303184,-0.4709533,0.0,0.0,0.0,0.0,0
9108595162,9108592421,0.88169575,0.005988535,-0.02830253,-0.47093076,0.0,0.0,0.0,0.0,0
9108604605,9108601867,0.88170654,0.0059897993,-0.028302366,-0.47091055,0.0,0.0,0.0,0.0,0
9108614957,9108612074,0.8817184,0.0059905867,-0.02830022,-0.47088847,0.0,0.0,0.0,0.0,0
9108626461,9108622292,0.88173157,0.005991175,-0.028296905,-0.47086394,0.0,0.0,0.0,0.0,0
9108633911,9108631415,0.8817653,0.005995102,-0.028296042,-0.47080073,0.0,0.0,0.0,0.0,0
9108644533,9108642038,0.8817829,0.0059988615,-0.028295202,-0.4707678,0.0,0.0,0.0,0.0,0
9108654572,9108651553,0.88179946,0.0060010245,-0.028296681,-0.47073662,0.0,0.0,0.0,0.0,0
9108664938,9108661452,0.88181657,0.006002633,-0.028299479,-0.47070444,0.0,0.0,0.0,0.0,0
9108674404,9108671871,0.8818322,0.006004202,-0.028299361,-0.47067514,0.0,0.0,0.0,0.0,0
9108684876,9108681930,0.8818496,0.006003926,-0.02829971,-0.47064275,0.0,0.0,0.0,0.0,0
9108695266,9108691450,0.88186663,0.006003652,-0.028300047,-0.47061053,0.0,0.0,0.0,0.0,0
9108704779,9108702257,0.8818824,0.006003404,-0.028300362,-0.47058117,0.0,0.0,0.0,0.0,0
9108715254,9108712510,0.88189965,0.0060051163,-0.028300112,-0.47054887,0.0,0.0,0.0,0.0,0
9108724529,9108721662,0.8819149,0.00600663,-0.028299892,-0.47052032,0.0,0.0,0.0,0.0,0
9108736152,9108731943,0.88193387,0.006009831,-0.028299304,-0.47048452,0.0,0.0,0.0,0.0,0
9108744563,9108741873,0.8819476,0.006013278,-0.028300254,-0.4704587,0.0,0.0,0.0,0.0,0
9108755124,9108752593,0.8819648,0.0060175667,-0.028301321,-0.4704263,0.0,0.0,0.0,0.0,0
9108765456,9108762751,0.88198173,0.006021757,-0.028302366,-0.47039467,0.0,0.0,0.0,0.0,0
9108774942,9108772266,0.88197815,0.006023508,-0.028303899,-0.47040123,0.0,0.0,0.0,0.0,0
9108784372,9108781670,0.8819886,0.0060252342,-0.028305441,-0.4703815,0.0,0.0,0.0,0.0,0
9108794780,9108791893,0.88200015,0.006028604,-0.028304894,-0.47035983,0.0,0.0,0.0,0.0,0
9108806345,9108802307,0.882013,0.006028951,-0.028305158,-0.47033566,0.0,0.0,0.0,0.0,0
9108814847,9108812324,0.8820224,0.0060284445,-0.028305573,-0.47031784,0.0,0.0,0.0,0.0,0
9108825345,9108822632,0.8820341,0.0060297893,-0.028305383,-0.47029606,0.0,0.0,0.0,0.0,0
9108835736,9108832835,0.8820456,0.0060311435,-0.028305309,-0.47027445,0.0,0.0,0.0,0.0,0
9108845214,9108842530,0.8820561,0.006030586,-0.028305821,-0.47025472,0.0,0.0,0.0,0.0,0
9108854693,9108852161,0.8820666,0.0060300017,-0.02830618,-0.470235,0.0,0.0,0.0,0.0,0
9108865105,9108862191,0.8820781,0.006031334,-0.028305987,-0.4702134,0.0,0.0,0.0,0.0,0
9108876560,9108872583,0.88209075,0.006034985,-0.028305193,-0.47018975,0.0,0.0,0.0,0.0,0
9108884960,9108882273,0.8821,0.006037694,-0.02830475,-0.4701724,0.0,0.0,0.0,0.0,0
9108895400,9108892706,0.8821115,0.0060410243,-0.028304083,-0.47015086,0.0,0.0,0.0,0.0,0
9108905017,9108902286,0.88212204,0.0060440865,-0.02830347,-0.47013104,0.0,0.0,0.0,0.0,0
9108915488,9108912804,0.8821376,0.0060450663,-0.028301375,-0.47010195,0.0,0.0,0.0,0.0,0
9108924915,9108922438,0.8820546,0.0060406546,-0.028302513,-0.4702576,0.0,0.0,0.0,0.0,0
9108935386,9108932471,0.88196254,0.006035759,-0.028303774,-0.47043028,0.0,0.0,0.0,0.0,0
9108945802,9108942174,0.88187087,0.00603287,-0.028304433,-0.4706019,0.0,0.0,0.0,0.0,0
9108955274,9108952587,0.88178766,0.0060280673,-0.028307326,-0.4707577,0.0,0.0,0.0,0.0,0
9108964654,9108961983,0.88170534,0.006021888,-0.028308872,-0.47091186,0.0,0.0,0.0,0.0,0
9108975069,9108972172,0.881614,0.006015035,-0.028310584,-0.47108284,0.0,0.0,0.0,0.0,0
9108984731,9108981576,0.8815294,0.0060087163,-0.028312335,-0.47124127,0.0,0.0,0.0,0.0,0
9108995066,9108992572,0.88143885,0.006003916,-0.02831356,-0.4714106,0.0,0.0,0.0,0.0,0
9109005564,9109002825,0.8813468,0.0059990156,-0.028314682,-0.47158238,0.0,0.0,0.0,0.0,0
9109017034,9109013011,0.88124645,0.005994926,-0.028315615,-0.47176993,0.0,0.0,0.0,0.0,0
9109025380,9109022904,0.8811736,0.005992644,-0.028316135,-0.4719063,0.0,0.0,0.0,0.0,0
9109034868,9109032196,0.8810906,0.005990021,-0.028316611,-0.47206104,0.0,0.0,0.0,0.0,0
9109045690,9109042958,0.8809961,0.0059870305,-0.02831716,-0.4722374,0.0,0.0,0.0,0.0,0
9109056200,9109052572,0.88102365,0.0059893103,-0.028316889,-0.47218597,0.0,0.0,0.0,0.0,0
9109065682,9109063119,0.88108116,0.0059933253,-0.02831623,-0.47207862,0.0,0.0,0.0,0.0,0
9109075151,9109072403,0.8811387,0.0059955325,-0.028316107,-0.4719715,0.0,0.0,0.0,0.0,0
9109085446,9109082779,0.8812009,0.0059979297,-0.028315965,-0.47185504,0.0,0.0,0.0,0.0,0
9109094933,9109092256,0.88125825,0.006000138,-0.028315837,-0.4717479,0.0,0.0,0.0,0.0,0
9109105360,9109102869,0.88132125,0.0060025644,-0.028315695,-0.47163025,0.0,0.0,0.0,0.0,0
9109115909,9109112957,0.8813849,0.0060049957,-0.028315432,-0.47151133,0.0,0.0,0.0,0.0,0
9109126360,9109123024,0.88144785,0.0060074036,-0.028315172,-0.47139362,0.0,0.0,0.0,0.0,0
9109134680,9109132208,0.8814979,0.006009337,-0.028315058,-0.4713,0.0,0.0,0.0,0.0,0
9109145175,9109142474,0.881561,0.0060117976,-0.028315032,-0.471182,0.0,0.0,0.0,0.0,0
9109155796,9109153035,0.8816247,0.006016306,-0.028314406,-0.47106278,0.0,0.0,0.0,0.0,0
9109165211,9109162507,0.8816811,0.006021116,-0.028313547,-0.47095722,0.0,0.0,0.0,0.0,0
9109175641,9109172946,0.88174343,0.0060235024,-0.028313281,-0.47084025,0.0,0.0,0.0,0.0,0
9109186000,9109183123,0.88180536,0.006027862,-0.028312553,-0.47072428,0.0,0.0,0.0,0.0,0
9109196442,9109192654,0.88184744,0.0060310317,-0.028312078,-0.4706455,0.0,0.0,0.0,0.0,0
9109204872,9109202371,0.8818993,0.0060358997,-0.02831256,-0.47054824,0.0,0.0,0.0,0.0,0
9109215505,9109212843,0.8819647,0.006040454,-0.028311664,-0.47042567,0.0,0.0,0.0,0.0,0
9109226045,9109223367,0.8820295,0.006042966,-0.028311372,-0.47030422,0.0,0.0,0.0,0.0,0
9109236664,9109232431,0.8820946,0.006045496,-0.028311078,-0.470182,0.0,0.0,0.0,0.0,0
9109246089,9109243602,0.8821524,0.0060477406,-0.028310815,-0.4700736,0.0,0.0,0.0,0.0,0
9109255475,9109252569,0.88220984,0.0060499753,-0.028310554,-0.46996576,0.0,0.0,0.0,0.0,0
9109267010,9109263380,0.88228035,0.006052732,-0.0283103,-0.46983337,0.0,0.0,0.0,0.0,0
9109275405,9109272713,0.8823316,0.0060547646,-0.028310256,-0.4697371,0.0,0.0,0.0,0.0,0
9109285932,9109283442,0.8823957,0.006057311,-0.028310196,-0.46961647,0.0,0.0,0.0,0.0,0
9109296370,9109293433,0.88245934,0.006059814,-0.028310025,-0.46949705,0.0,0.0,0.0,0.0,0
9109306769,9109303187,0.8825226,0.006065353,-0.028308814,-0.46937823,0.0,0.0,0.0,0.0,0
9109315199,9109312681,0.8825736,0.006069381,-0.02830953,-0.46928194,0.0,0.0,0.0,0.0,0
9109325945,9109323432,0.88263875,0.006072478,-0.028311051,-0.46915928,0.0,0.0,0.0,0.0,0
9109336353,9109333647,0.882656,0.0060741403,-0.028310755,-0.46912688,0.0,0.0,0.0,0.0,0
9109345851,9109343334,0.88269436,0.0060777864,-0.028309964,-0.46905467,0.0,0.0,0.0,0.0,0
9109355283,9109352779,0.88273245,0.0060788793,-0.028310046,-0.46898296,0.0,0.0,0.0,0.0,0
9109365668,9109362763,0.88277435,0.0060820538,-0.028309546,-0.46890414,0.0,0.0,0.0,0.0,0
9109377200,9109373221,0.8828208,0.006087781,-0.028308403,-0.46881673,0.0,0.0,0.0,0.0,0
9109385638,9109383109,0.8828547,0.0060903495,-0.028307997,-0.4687528,0.0,0.0,0.0,0.0,0
9109396114,9109393579,0.8828968,0.006093509,-0.028307376,-0.4686735,0.0,0.0,0.0,0.0,0
9109416509,9109406674,0.88297707,0.0060995836,-0.028306417,-0.46852225,0.0,0.0,0.0,0.0,0
9109426023,9109412985,0.8830152,0.006100111,-0.028304715,-0.46845043,0.0,0.0,0.0,0.0,0
9109436548,9109423513,0.88306713,0.006118329,-0.028302636,-0.46835247,0.0,0.0,0.0,0.0,0
9109447227,9109433813,0.8831295,0.006142959,-0.028304936,-0.4682345,0.0,0.0,0.0,0.0,0
9109455627,9109443198,0.88317823,0.006145226,-0.02830705,-0.46814215,0.0,0.0,0.0,0.0,0
9109466198,9109452755,0.8832111,0.006118132,-0.028308101,-0.4680805,0.0,0.0,0.0,0.0,0
9109476776,9109463476,0.88323414,0.006092167,-0.028310603,-0.46803716,0.0,0.0,0.0,0.0,0
9109486191,9109473996,0.88327974,0.006094541,-0.02831604,-0.46795103,0.0,0.0,0.0,0.0,0
9109495720,9109482683,0.8833299,0.0061062425,-0.028327474,-0.4678552,0.0,0.0,0.0,0.0,0
9109506050,9109493189,0.8833866,0.00610479,-0.028338915,-0.46774748,0.0,0.0,0.0,0.0,0
9109517697,9109502999,0.8834427,0.006098249,-0.028346231,-0.46764126,0.0,0.0,0.0,0.0,0
9109526243,9109513834,0.8834801,0.0061159246,-0.02834974,-0.46757025,0.0,0.0,0.0,0.0,0
9109536102,9109523695,0.88351864,0.006132921,-0.028351588,-0.46749708,0.0,0.0,0.0,0.0,0
9109546609,9109533328,0.8835597,0.006147912,-0.028350612,-0.4674191,0.0,0.0,0.0,0.0,0
9109557032,9109543879,0.8836077,0.00616904,-0.028354276,-0.46732816,0.0,0.0,0.0,0.0,0
9109565766,9109553441,0.8836497,0.0061822175,-0.028357634,-0.46724832,0.0,0.0,0.0,0.0,0
9109575970,9109563276,0.8837034,0.006197281,-0.0283615,-0.4671463,0.0,0.0,0.0,0.0,0
9109586454,9109573209,0.88376325,0.006204696,-0.028364843,-0.46703255,0.0,0.0,0.0,0.0,0
9109595942,9109583487,0.88381743,0.0062073823,-0.028364155,-0.46693,0.0,0.0,0.0,0.0,0
9109606469,9109593233,0.88387966,0.0062178196,-0.028366685,-0.46681195,0.0,0.0,0.0,0.0,0
9109616944,9109603737,0.8839369,0.006233365,-0.028367624,-0.4667036,0.0,0.0,0.0,0.0,0
9109627349,9109614182,0.8839136,0.0062458497,-0.028369859,-0.4667474,0.0,0.0,0.0,0.0,0
9109635717,9109623570,0.8839005,0.006250275,-0.028374214,-0.46677178,0.0,0.0,0.0,0.0,0
9109646208,9109633054,0.88389146,0.006248421,-0.028374594,-0.46678895,0.0,0.0,0.0,0.0,0
9109656967,9109643734,0.88387966,0.0062234537,-0.028370885,-0.46681187,0.0,0.0,0.0,0.0,0
9109666767,9109654251,0.88387096,0.00618399,-0.028365757,-0.4668289,0.0,0.0,0.0,0.0,0
9109676170,9109664016,0.8838628,0.006173128,-0.028367056,-0.4668447,0.0,0.0,0.0,0.0,0
9109686571,9109673456,0.8838393,0.006167248,-0.028375031,-0.46688873,0.0,0.0,0.0,0.0,0
9109695975,9109683671,0.88380903,0.0061414833,-0.028388578,-0.46694526,0.0,0.0,0.0,0.0,0
9109706756,9109693266,0.88376707,0.0061083916,-0.028405355,-0.46702433,0.0,0.0,0.0,0.0,0
9109716245,9109704240,0.8837171,0.006093526,-0.028422698,-0.467118,0.0,0.0,0.0,0.0,0
9109726667,9109713536,0.8836572,0.0060795927,-0.028448353,-0.46722966,0.0,0.0,0.0,0.0,0
9109736146,9109723574,0.88360524,0.0060654697,-0.028467353,-0.46732724,0.0,0.0,0.0,0.0,0
9109746824,9109733456,0.88361806,0.006059886,-0.02847483,-0.46730265,0.0,0.0,0.0,0.0,0
9109757247,9109744124,0.8836423,0.006047885,-0.028480554,-0.46725634,0.0,0.0,0.0,0.0,0
9109767719,9109754347,0.88367283,0.006019774,-0.028487943,-0.4671988,0.0,0.0,0.0,0.0,0
9109776184,9109764257,0.88370657,0.0059770388,-0.028506117,-0.46713445,0.0,0.0,0.0,0.0,0
9109786715,9109773478,0.883793,0.00586595,-0.028548341,-0.46696946,0.0,0.0,0.0,0.0,0
9109797094,9109783980,0.88410604,0.0054137465,-0.028728683,-0.4663709,0.0,0.0,0.0,0.0,0
9109807567,9109794180,0.8846641,0.004467519,-0.029062087,-0.46530083,0.0,0.0,0.0,0.0,0
9109816036,9109803790,0.8850348,0.0033056205,-0.029425586,-0.4645822,0.0,0.0,0.0,0.0,0
9109826624,9109813508,0.88521147,0.0013411831,-0.030047482,-0.46421567,0.0,0.0,0.0,0.0,0
9109837154,9109824101,0.8852058,-0.0010084042,-0.03080133,-0.46417776,0.0,0.0,0.0,0.0,0
9109846659,9109834425,0.8851309,-0.0033254793,-0.031513818,-0.46426192,0.0,0.0,0.0,0.0,0
9109856096,9109844149,0.88498896,-0.005713355,-0.032242306,-0.46445927,0.0,0.0,0.0,0.0,0
9109866536,9109853366,0.884692,-0.008366363,-0.033048816,-0.46492782,0.0,0.0,0.0,0.0,0
9109877981,9109863777,0.8842039,-0.0110521605,-0.03383345,-0.4657432,0.0,0.0,0.0,0.0,0
9109886445,9109874024,0.8838301,-0.012666775,-0.03429353,-0.4663776,0.0,0.0,0.0,0.0,0
9109896986,9109883914,0.8834619,-0.014079201,-0.03468983,-0.46700475,0.0,0.0,0.0,0.0,0
9109906485,9109894274,0.8832163,-0.014844981,-0.03489484,-0.4674303,0.0,0.0,0.0,0.0,0
9109917409,9109903515,0.88296205,-0.015406268,-0.035033077,-0.46788177,0.0,0.0,0.0,0.0,0
9109927139,9109914890,0.8827022,-0.015895646,-0.035153452,-0.46834648,0.0,0.0,0.0,0.0,0
9109936597,9109924597,0.88234806,-0.0165265,-0.03530698,-0.46897998,0.0,0.0,0.0,0.0,0
9109948095,9109933669,0.8817852,-0.01753392,-0.035551213,-0.46998248,0.0,0.0,0.0,0.0,0
9109956517,9109944310,0.88133734,-0.018325008,-0.03574826,-0.47077674,0.0,0.0,0.0,0.0,0
9109967121,9109953834,0.8808198,-0.01931771,-0.036000796,-0.4716855,0.0,0.0,0.0,0.0,0
9109976590,9109964591,0.8804062,-0.020372288,-0.036273383,-0.4723919,0.0,0.0,0.0,0.0,0
9109987106,9109973714,0.87992805,-0.021856548,-0.036679998,-0.47318426,0.0,0.0,0.0,0.0,0
9109996772,9109984606,0.8794446,-0.023467042,-0.03712393,-0.47397077,0.0,0.0,0.0,0.0,0
9110007287,9109994144,0.87890905,-0.025374243,-0.037635036,-0.474825,0.0,0.0,0.0,0.0,0
9110017988,9110004336,0.8783913,-0.027289297,-0.038140126,-0.47563592,0.0,0.0,0.0,0.0,0
9110026408,9110014704,0.87800395,-0.028637467,-0.038493544,-0.47624275,0.0,0.0,0.0,0.0,0
9110036890,9110023704,0.87758,-0.030100184,-0.03886481,-0.47690338,0.0,0.0,0.0,0.0,0
9110047372,9110034418,0.8772231,-0.03138868,-0.039186914,-0.47745034,0.0,0.0,0.0,0.0,0
9110057839,9110044641,0.876918,-0.032524455,-0.03948007,-0.47791037,0.0,0.0,0.0,0.0,0
9110067289,9110053828,0.8766625,-0.03347099,-0.03972834,-0.478293,0.0,0.0,0.0,0.0,0
9110077796,9110064769,0.87638366,-0.03443517,-0.0399814,-0.47871438,0.0,0.0,0.0,0.0,0
9110086463,9110074239,0.8761615,-0.035169266,-0.04017937,-0.47905102,0.0,0.0,0.0,0.0,0
9110096904,9110083528,0.87586004,-0.03607076,-0.04041842,-0.47951493,0.0,0.0,0.0,0.0,0
9110107410,9110094410,0.8754915,-0.037051804,-0.04067249,-0.48009115,0.0,0.0,0.0,0.0,0
9110116835,9110104705,0.8750972,-0.038049348,-0.040922597,-0.4807104,0.0,0.0,0.0,0.0,0
9110128276,9110113846,0.8745509,-0.03939459,-0.041276697,-0.48156536,0.0,0.0,0.0,0.0,0
9110136661,9110124489,0.8741229,-0.040466845,-0.041540712,-0.48223025,0.0,0.0,0.0,0.0,0
9110146940,9110134195,0.873672,-0.0418065,-0.04184508,-0.4829065,0.0,0.0,0.0,0.0,0
9110157291,9110144207,0.87335956,-0.043101005,-0.04217505,-0.48332864,0.0,0.0,0.0,0.0,0
9110166950,9110154570,0.8731501,-0.04429771,-0.04250192,-0.48357022,0.0,0.0,0.0,0.0,0
9110177457,9110164169,0.8730949,-0.045887206,-0.042985473,-0.4834791,0.0,0.0,0.0,0.0,0
9110186850,9110174962,0.8731846,-0.04794084,-0.043645494,-0.48305827,0.0,0.0,0.0,0.0,0
9110198430,9110184158,0.8733476,-0.051093284,-0.044642925,-0.48234883,0.0,0.0,0.0,0.0,0
9110206797,9110194412,0.87335646,-0.05336774,-0.045343626,-0.48202103,0.0,0.0,0.0,0.0,0
9110217280,9110204320,0.87316346,-0.0559028,-0.046088304,-0.4820129,0.0,0.0,0.0,0.0,0
9110227695,9110214582,0.8729076,-0.05801777,-0.046753503,-0.48216233,0.0,0.0,0.0,0.0,0
9110237171,9110225013,0.872779,-0.059702247,-0.047421057,-0.4821242,0.0,0.0,0.0,0.0,0
9110246628,9110234695,0.8728032,-0.061245076,-0.048194278,-0.48181006,0.0,0.0,0.0,0.0,0
9110257213,9110243926,0.8729538,-0.06272594,-0.049156763,-0.48124933,0.0,0.0,0.0,0.0,0
9110268781,9110254295,0.87316644,-0.063941814,-0.050204292,-0.48059484,0.0,0.0,0.0,0.0,0
9110277155,9110264746,0.8733086,-0.06454699,-0.05088514,-0.4801839,0.0,0.0,0.0,0.0,0
9110287586,9110274668,0.87345445,-0.06512778,-0.051654723,-0.47975773,0.0,0.0,0.0,0.0,0
9110296947,9110284908,0.8735606,-0.0655389,-0.052388348,-0.47942892,0.0,0.0,0.0,0.0,0
9110307479,9110294078,0.87373763,-0.06580972,-0.053389564,-0.47895852,0.0,0.0,0.0,0.0,0
9110316924,9110304020,0.8739344,-0.06587586,-0.05451791,-0.47846305,0.0,0.0,0.0,0.0,0
9110327482,9110314441,0.8741765,-0.065828085,-0.056101825,-0.47784364,0.0,0.0,0.0,0.0,0
9110338984,9110324706,0.87440306,-0.06574538,-0.058255192,-0.4771826,0.0,0.0,0.0,0.0,0
9110347341,9110335163,0.8745258,-0.06567384,-0.060143996,-0.47673318,0.0,0.0,0.0,0.0,0
9110356772,9110344644,0.8746144,-0.06557734,-0.062637895,-0.47626248,0.0,0.0,0.0,0.0,0
9110367178,9110354263,0.87466955,-0.06547435,-0.06583095,-0.47574416,0.0,0.0,0.0,0.0,0
9110377671,9110364447,0.87469095,-0.065336436,-0.06946211,-0.4752073,0.0,0.0,0.0,0.0,0
9110387111,9110373860,0.87467766,-0.06518561,-0.07305219,-0.47471398,0.0,0.0,0.0,0.0,0
9110397646,9110384400,0.87461734,-0.06495477,-0.077396184,-0.4741679,0.0,0.0,0.0,0.0,0
9110407199,9110395100,0.87459147,-0.06455121,-0.08162734,-0.47356075,0.0,0.0,0.0,0.0,0
9110416936,9110404464,0.87469983,-0.063826844,-0.08622842,-0.47264272,0.0,0.0,0.0,0.0,0
9110427924,9110414368,0.87496316,-0.06263252,-0.09165122,-0.4712927,0.0,0.0,0.0,0.0,0
9110437227,9110425352,0.875239,-0.061389983,-0.09622344,-0.47003102,0.0,0.0,0.0,0.0,0
9110448941,9110434557,0.8755956,-0.05975925,-0.10162412,-0.46843755,0.0,0.0,0.0,0.0,0
9110457329,9110444948,0.8757844,-0.05869516,-0.10502289,-0.46746856,0.0,0.0,0.0,0.0,0
9110467879,9110454861,0.8759614,-0.05758699,-0.10854149,-0.46646994,0.0,0.0,0.0,0.0,0
9110477238,9110465118,0.8760843,-0.056865312,-0.11089365,-0.46577373,0.0,0.0,0.0,0.0,0
9110487733,9110474540,0.8761766,-0.056453116,-0.112642,-0.4652305,0.0,0.0,0.0,0.0,0
9110497167,9110485061,0.8761883,-0.056447774,-0.11355331,-0.46498752,0.0,0.0,0.0,0.0,0
9110507836,9110494695,0.87616014,-0.05663568,-0.11403868,-0.46489888,0.0,0.0,0.0,0.0,0
9110519523,9110504861,0.8761481,-0.056841217,-0.11410166,-0.46488112,0.0,0.0,0.0,0.0,0
9110527226,9110515246,0.8761404,-0.05702247,-0.11390789,-0.46492076,0.0,0.0,0.0,0.0,0
9110537949,9110524444,0.87607425,-0.0574472,-0.11345996,-0.4651028,0.0,0.0,0.0,0.0,0
9110547588,9110535448,0.87595487,-0.057909917,-0.11313233,-0.46535015,0.0,0.0,0.0,0.0,0
9110557613,9110544874,0.8758202,-0.058322914,-0.11309753,-0.46556035,0.0,0.0,0.0,0.0,0
9110568202,9110555100,0.87570196,-0.058592953,-0.11347027,-0.46565816,0.0,0.0,0.0,0.0,0
9110578607,9110565651,0.8755958,-0.058704868,-0.11417457,-0.4656714,0.0,0.0,0.0,0.0,0
9110589006,9110575502,0.8754888,-0.0586813,-0.11515121,-0.4656351,0.0,0.0,0.0,0.0,0
9110597698,9110584774,0.87539434,-0.05853711,-0.116162576,-0.46557975,0.0,0.0,0.0,0.0,0
9110607199,9110595157,0.87531865,-0.05830249,-0.11742839,-0.46543375,0.0,0.0,0.0,0.0,0
9110617577,9110604459,0.87523395,-0.058081742,-0.11894913,-0.46523455,0.0,0.0,0.0,0.0,0
9110628284,9110614862,0.8751406,-0.057865374,-0.120699525,-0.46498626,0.0,0.0,0.0,0.0,0
9110637703,9110624979,0.8750637,-0.057611734,-0.12243187,-0.4647095,0.0,0.0,0.0,0.0,0
9110648241,9110635225,0.87501144,-0.057253886,-0.12453427,-0.4642933,0.0,0.0,0.0,0.0,0
9110658723,9110645332,0.8749959,-0.056869484,-0.12663741,-0.46380073,0.0,0.0,0.0,0.0,0
9110667206,9110655467,0.8749906,-0.056588184,-0.1281632,-0.46342584,0.0,0.0,0.0,0.0,0
9110677666,9110664674,0.8749673,-0.056327913,-0.12961715,-0.46309704,0.0,0.0,0.0,0.0,0
9110688608,9110675149,0.8749112,-0.05621695,-0.13055739,-0.46295235,0.0,0.0,0.0,0.0,0
9110698437,9110685855,0.8748278,-0.05631528,-0.1309225,-0.46299478,0.0,0.0,0.0,0.0,0
9110707783,9110694621,0.87473184,-0.056575775,-0.13102163,-0.4631164,0.0,0.0,0.0,0.0,0
9110718327,9110705107,0.8746403,-0.05692465,-0.1311267,-0.46321675,0.0,0.0,0.0,0.0,0
9110727680,9110715572,0.8745695,-0.057169076,-0.13133883,-0.46326035,0.0,0.0,0.0,0.0,0
9110738188,9110724998,0.8745079,-0.057397686,-0.13172999,-0.46323717,0.0,0.0,0.0,0.0,0
9110747634,9110735511,0.87443525,-0.05765764,-0.1321629,-0.46321872,0.0,0.0,0.0,0.0,0
9110758080,9110745150,0.8743144,-0.058034793,-0.13267572,-0.4632532,0.0,0.0,0.0,0.0,0
9110769748,9110755179,0.8741527,-0.05848331,-0.13329153,-0.46332508,0.0,0.0,0.0,0.0,0
9110778151,9110765526,0.8740404,-0.058753874,-0.13378865,-0.4633595,0.0,0.0,0.0,0.0,0
9110787572,9110775662,0.8739208,-0.058956806,-0.13439694,-0.46338332,0.0,0.0,0.0,0.0,0
9110798072,9110784891,0.8737747,-0.059100572,-0.13512585,-0.46342838,0.0,0.0,0.0,0.0,0
9110808635,9110795395,0.8736159,-0.05917104,-0.13590924,-0.4634896,0.0,0.0,0.0,0.0,0
9110818003,9110805904,0.87347585,-0.059130684,-0.13662274,-0.46354905,0.0,0.0,0.0,0.0,0
9110828533,9110815337,0.87332594,-0.05895839,-0.13741167,-0.46362025,0.0,0.0,0.0,0.0,0
9110840066,9110825998,0.873166,-0.05869518,-0.13822737,-0.46371242,0.0,0.0,0.0,0.0,0
9110847603,9110835818,0.87306064,-0.058532964,-0.13871776,-0.46378493,0.0,0.0,0.0,0.0,0
9110858161,9110844926,0.87290657,-0.05833324,-0.13935868,-0.46390802,0.0,0.0,0.0,0.0,0
9110868719,9110855637,0.872764,-0.05813228,-0.14000677,-0.46400636,0.0,0.0,0.0,0.0,0
9110878074,9110865952,0.87266505,-0.057922058,-0.14059749,-0.46404016,0.0,0.0,0.0,0.0,0
9110888599,9110874979,0.8725914,-0.057690747,-0.14123371,-0.4640141,0.0,0.0,0.0,0.0,0
9110897907,9110885862,0.8725326,-0.057594456,-0.1416822,-0.46399993,0.0,0.0,0.0,0.0,0
9110909479,9110895026,0.8724607,-0.05766754,-0.14199491,-0.4640305,0.0,0.0,0.0,0.0,0
9110917872,9110905974,0.87241215,-0.057861116,-0.14205718,-0.46407846,0.0,0.0,0.0,0.0,0
9110928638,9110915370,0.87236446,-0.058249757,-0.14197358,-0.4641452,0.0,0.0,0.0,0.0,0
9110938418,9110925883,0.8723512,-0.058642276,-0.14176868,-0.4641832,0.0,0.0,0.0,0.0,0
9110948965,9110935445,0.872375,-0.059071153,-0.14142823,-0.46418816,0.0,0.0,0.0,0.0,0
9110958395,9110945663,0.8724158,-0.059466615,-0.14101952,-0.46418533,0.0,0.0,0.0,0.0,0
9110967747,9110955685,0.8724627,-0.059876245,-0.14050305,-0.46420115,0.0,0.0,0.0,0.0,0
9110978326,9110965072,0.8725136,-0.060377702,-0.13978997,-0.46425557,0.0,0.0,0.0,0.0,0
9110987726,9110975588,0.8725526,-0.06084045,-0.13908952,-0.46433252,0.0,0.0,0.0,0.0,0
9110998200,9110985056,0.87257904,-0.061308064,-0.13836652,-0.4644371,0.0,0.0,0.0,0.0,0
9111008779,9110995510,0.87259823,-0.061668117,-0.13778564,-0.46452606,0.0,0.0,0.0,0.0,0
9111019301,9111005849,0.87262315,-0.06190335,-0.13734837,-0.46457747,0.0,0.0,0.0,0.0,0
9111027848,9111015667,0.8726479,-0.062047582,-0.13702092,-0.46460855,0.0,0.0,0.0,0.0,0
9111038330,9111025311,0.8726787,-0.062257595,-0.13654457,-0.46466282,0.0,0.0,0.0,0.0,0
9111048774,9111035583,0.87269473,-0.06248091,-0.13600038,-0.46476227,0.0,0.0,0.0,0.0,0
9111058131,9111046021,0.8727173,-0.06265309,-0.13547826,-0.46484926,0.0,0.0,0.0,0.0,0
9111068713,9111055466,0.87277395,-0.06285214,-0.13483405,-0.46490338,0.0,0.0,0.0,0.0,0
9111079217,9111066171,0.87283623,-0.06310609,-0.13410144,-0.46496385,0.0,0.0,0.0,0.0,0
9111089762,9111076246,0.8729036,-0.06341966,-0.13325177,-0.46503916,0.0,0.0,0.0,0.0,0
9111098135,9111086170,0.8729735,-0.063713856,-0.13247783,-0.4650888,0.0,0.0,0.0,0.0,0
9111108991,9111095482,0.8730706,-0.06421562,-0.13134384,-0.4651591,0.0,0.0,0.0,0.0,0
9111118345,9111106368,0.8731503,-0.06475186,-0.13026255,-0.4652393,0.0,0.0,0.0,0.0,0
9111128931,9111115634,0.8732393,-0.06540361,-0.128942,-0.46534896,0.0,0.0,0.0,0.0,0
9111138409,9111126223,0.87332726,-0.06601836,-0.12764983,-0.46545318,0.0,0.0,0.0,0.0,0
9111148896,9111135898,0.87340504,-0.06675262,-0.12605564,-0.46563694,0.0,0.0,0.0,0.0,0
9111160353,9111145968,0.87349194,-0.06757308,-0.12416067,-0.4658647,0.0,0.0,0.0,0.0,0
9111167850,9111156358,0.87355655,-0.06809252,-0.12285738,-0.46601346,0.0,0.0,0.0,0.0,0
9111178366,9111165337,0.8736675,-0.06879053,-0.12097345,-0.46619588,0.0,0.0,0.0,0.0,0
9111188718,9111175832,0.8737624,-0.06948798,-0.11910423,-0.4663957,0.0,0.0,0.0,0.0,0
9111199373,9111185813,0.8738484,-0.0702226,-0.117274426,-0.4665881,0.0,0.0,0.0,0.0,0
9111208891,9111195881,0.8739328,-0.07084418,-0.115776494,-0.4667102,0.0,0.0,0.0,0.0,0
9111218265,9111206354,0.8740174,-0.071410574,-0.11439304,-0.46680662,0.0,0.0,0.0,0.0,0
9111228710,9111215562,0.87410104,-0.07203897,-0.112879954,-0.4669219,0.0,0.0,0.0,0.0,0
9111238088,9111225766,0.8741638,-0.072595835,-0.11150342,-0.4670488,0.0,0.0,0.0,0.0,0
9111248608,9111235422,0.87421983,-0.07316805,-0.109940134,-0.46722513,0.0,0.0,0.0,0.0,0
9111258958,9111246109,0.87427616,-0.07366222,-0.1083984,-0.4674024,0.0,0.0,0.0,0.0,0
9111269567,9111256291,0.8743423,-0.074152835,-0.10679977,-0.46756896,0.0,0.0,0.0,0.0,0
9111279199,9111266026,0.8743912,-0.07460983,-0.105339505,-0.4677361,0.0,0.0,0.0,0.0,0
9111288601,9111276599,0.8744614,-0.07500158,-0.10396741,-0.46784908,0.0,0.0,0.0,0.0,0
9111299012,9111285846,0.874575,-0.07532885,-0.102556385,-0.46789575,0.0,0.0,0.0,0.0,0
9111308464,9111296315,0.87469,-0.075584255,-0.1013164,-0.46790978,0.0,0.0,0.0,0.0,0
9111318884,9111305779,0.8748017,-0.0759317,-0.09989129,-0.46795106,0.0,0.0,0.0,0.0,0
9111329432,9111316189,0.8748749,-0.07637301,-0.09838024,-0.4680624,0.0,0.0,0.0,0.0,0
9111339973,9111326478,0.8749274,-0.076834224,-0.09686544,-0.46820486,0.0,0.0,0.0,0.0,0
9111348450,9111336446,0.8749808,-0.07716694,-0.095693484,-0.4682912,0.0,0.0,0.0,0.0,0
9111359064,9111345974,0.87506986,-0.07748574,-0.094332926,-0.4683482,0.0,0.0,0.0,0.0,0
9111369526,9111356490,0.87518245,-0.07766314,-0.09307151,-0.4683608,0.0,0.0,0.0,0.0,0
9111378889,9111366532,0.8752904,-0.07776864,-0.09188645,-0.46837547,0.0,0.0,0.0,0.0,0
9111389379,9111376176,0.87537855,-0.07797937,-0.09038163,-0.4684685,0.0,0.0,0.0,0.0,0
9111399715,9111386644,0.8754083,-0.07830813,-0.08871632,-0.46867648,0.0,0.0,0.0,0.0,0
9111410207,9111396649,0.8754052,-0.07866065,-0.08690891,-0.46896172,0.0,0.0,0.0,0.0,0
9111418640,9111406642,0.87541837,-0.07889808,-0.085393935,-0.46917546,0.0,0.0,0.0,0.0,0
9111429118,9111415950,0.87546414,-0.07913168,-0.08342888,-0.46940434,0.0,0.0,0.0,0.0,0
9111439610,9111426567,0.8755427,-0.07930605,-0.08140597,-0.4695833,0.0,0.0,0.0,0.0,0
9111449564,9111436686,0.87565744,-0.07944308,-0.079421476,-0.46968624,0.0,0.0,0.0,0.0,0
9111458967,9111445964,0.8757758,-0.079596005,-0.07740593,-0.4697761,0.0,0.0,0.0,0.0,0
9111469528,9111456463,0.8758836,-0.07984713,-0.074931815,-0.4699337,0.0,0.0,0.0,0.0,0
9111480042,9111466585,0.87595713,-0.08017321,-0.07228215,-0.470156,0.0,0.0,0.0,0.0,0
9111488350,9111476873,0.8760087,-0.08042233,-0.07009718,-0.47034827,0.0,0.0,0.0,0.0,0
9111498865,9111485859,0.87607765,-0.08068758,-0.06726846,-0.47058734,0.0,0.0,0.0,0.0,0
9111509337,9111496333,0.87616074,-0.08092115,-0.064426,-0.47079024,0.0,0.0,0.0,0.0,0
9111520078,9111506396,0.87626326,-0.081201,-0.0615226,-0.47093955,0.0,0.0,0.0,0.0,0
9111528602,9111516481,0.87634116,-0.081470355,-0.05924416,-0.47104034,0.0,0.0,0.0,0.0,0
9111539431,9111526031,0.8764919,-0.08152374,-0.05672208,-0.47106105,0.0,0.0,0.0,0.0,0
9111549308,9111536875,0.87694275,-0.08054345,-0.055586677,-0.4705255,0.0,0.0,0.0,0.0,0
9111558753,9111546558,0.8775108,-0.07908765,-0.055261448,-0.46975115,0.0,0.0,0.0,0.0,0
9111569329,9111556075,0.8779431,-0.07778939,-0.054827303,-0.46921086,0.0,0.0,0.0,0.0,0
9111579986,9111566599,0.8782304,-0.07673412,-0.054520696,-0.4688825,0.0,0.0,0.0,0.0,0
9111590430,9111576999,0.8784145,-0.07589644,-0.05428518,-0.4687014,0.0,0.0,0.0,0.0,0
9111598927,9111586787,0.8785462,-0.0753233,-0.054121334,-0.4685658,0.0,0.0,0.0,0.0,0
9111609476,9111596188,0.87867314,-0.074672334,-0.053917184,-0.46845546,0.0,0.0,0.0,0.0,0
9111620250,9111606727,0.8787684,-0.07400665,-0.053710084,-0.4684062,0.0,0.0,0.0,0.0,0
9111629956,9111617264,0.87885493,-0.07335304,-0.053507186,-0.46837002,0.0,0.0,0.0,0.0,0
9111639313,9111627172,0.8789563,-0.0726268,-0.053274237,-0.46831933,0.0,0.0,0.0,0.0,0
9111650002,9111636615,0.87910384,-0.07169681,-0.05298455,-0.46821865,0.0,0.0,0.0,0.0,0
9111660472,9111646888,0.8792992,-0.07067648,-0.05268686,-0.46804047,0.0,0.0,0.0,0.0,0
9111668912,9111657011,0.87950003,-0.06976176,-0.052434057,-0.4678288,0.0,0.0,0.0,0.0,0
9111679372,9111666203,0.87978685,-0.0685241,-0.052089173,-0.46751076,0.0,0.0,0.0,0.0,0
9111689744,9111676642,0.8800773,-0.067227766,-0.051726438,-0.4671923,0.0,0.0,0.0,0.0,0
9111700270,9111687035,0.8803778,-0.06589253,-0.051363844,-0.46685615,0.0,0.0,0.0,0.0,0
9111709980,9111697549,0.88068205,-0.06464771,-0.05102614,-0.46649352,0.0,0.0,0.0,0.0,0
9111719557,9111707248,0.88095546,-0.0633997,-0.050676256,-0.46618655,0.0,0.0,0.0,0.0,0
9111731036,9111716647,0.88114625,-0.061878216,-0.0502148,-0.46608028,0.0,0.0,0.0,0.0,0
9111739437,9111727255,0.8812223,-0.0606959,-0.04983618,-0.46613267,0.0,0.0,0.0,0.0,0
9111749930,9111736932,0.88128144,-0.059191644,-0.049354915,-0.4662654,0.0,0.0,0.0,0.0,0
9111759269,9111747220,0.8813409,-0.057957962,-0.048959564,-0.46634966,0.0,0.0,0.0,0.0,0
9111769767,9111756369,0.8814449,-0.05655133,-0.048515968,-0.46637225,0.0,0.0,0.0,0.0,0
9111779204,9111766179,0.88159823,-0.05524127,-0.04811336,-0.46628106,0.0,0.0,0.0,0.0,0
9111789666,9111776669,0.8818132,-0.05379216,-0.04767547,-0.4660889,0.0,0.0,0.0,0.0,0
9111800250,9111787139,0.88201064,-0.05237221,-0.04723678,-0.46592182,0.0,0.0,0.0,0.0,0
9111809766,9111797528,0.8821426,-0.051187508,-0.04686259,-0.46584147,0.0,0.0,0.0,0.0,0
9111819151,9111807041,0.88227755,-0.04993321,-0.046487905,-0.4657597,0.0,0.0,0.0,0.0,0
9111830467,9111816445,0.88251764,-0.048185416,-0.045984995,-0.46553853,0.0,0.0,0.0,0.0,0
9111841043,9111827599,0.8828138,-0.046452776,-0.045489885,-0.4652018,0.0,0.0,0.0,0.0,0
9111849411,9111837039,0.8831205,-0.04501903,-0.04508986,-0.4647994,0.0,0.0,0.0,0.0,0
9111859859,9111846925,0.88364816,-0.043044947,-0.044569053,-0.46403322,0.0,0.0,0.0,0.0,0
9111870262,9111857363,0.88437706,-0.0406479,-0.043957677,-0.46291783,0.0,0.0,0.0,0.0,0
9111880135,9111867364,0.885186,-0.03787603,-0.043212302,-0.4616752,0.0,0.0,0.0,0.0,0
9111890158,9111877330,0.885927,-0.034767464,-0.042327236,-0.46057892,0.0,0.0,0.0,0.0,0
9111900499,9111887565,0.886579,-0.031584106,-0.041388687,-0.45963824,0.0,0.0,0.0,0.0,0
9111910977,9111897400,0.8871947,-0.028593838,-0.04048937,-0.458725,0.0,0.0,0.0,0.0,0
9111919356,9111907410,0.88765025,-0.02642653,-0.039839417,-0.45803,0.0,0.0,0.0,0.0,0
9111930142,9111916886,0.88820755,-0.02385126,-0.039093547,-0.45715457,0.0,0.0,0.0,0.0,0
9111939512,9111927670,0.8886973,-0.021725347,-0.03848039,-0.45635992,0.0,0.0,0.0,0.0,0
9111950050,9111936634,0.88920474,-0.01947622,-0.037824605,-0.45552716,0.0,0.0,0.0,0.0,0
9111959439,9111947362,0.8896173,-0.017638266,-0.037290066,-0.45484006,0.0,0.0,0.0,0.0,0
9111970199,9111956748,0.89005774,-0.015729299,-0.036731876,-0.45409316,0.0,0.0,0.0,0.0,0
9111981665,9111967089,0.89048034,-0.01391814,-0.036202107,-0.4533657,0.0,0.0,0.0,0.0,0
9111989136,9111977691,0.8907468,-0.0128682135,-0.03589725,-0.4528973,0.0,0.0,0.0,0.0,0
9111999605,9111986626,0.89116323,-0.011586875,-0.03553135,-0.45214087,0.0,0.0,0.0,0.0,0
9112010242,9111997123,0.89164454,-0.010497858,-0.035235006,-0.45124102,0.0,0.0,0.0,0.0,0
9112020755,9112007348,0.8922149,-0.009589369,-0.03500658,-0.45015025,0.0,0.0,0.0,0.0,0
9112030157,9112017153,0.8928195,-0.008791055,-0.034830008,-0.44897994,0.0,0.0,0.0,0.0,0
9112039626,9112027478,0.8935484,-0.007843475,-0.03462583,-0.4475609,0.0,0.0,0.0,0.0,0
9112051259,9112037141,0.8945406,-0.006408366,-0.034273088,-0.44562468,0.0,0.0,0.0,0.0,0
9112059635,9112047713,0.89524007,-0.005164409,-0.033929247,-0.44426048,0.0,0.0,0.0,0.0,0
9112070098,9112056946,0.8959954,-0.0037096208,-0.033478513,-0.4427841,0.0,0.0,0.0,0.0,0
9112080530,9112067593,0.8963813,-0.0029234583,-0.03321457,-0.44202808,0.0,0.0,0.0,0.0,0
9112091028,9112077828,0.8964548,-0.0026600005,-0.033136267,-0.4418864,0.0,0.0,0.0,0.0,0
9112100429,9112087447,0.89649665,-0.002436292,-0.033059444,-0.44180867,0.0,0.0,0.0,0.0,0
9112109911,9112097960,0.8965482,-0.0021636407,-0.032968566,-0.44171232,0.0,0.0,0.0,0.0,0
9112120392,9112107241,0.89659965,-0.0018895711,-0.03289044,-0.44161505,0.0,0.0,0.0,0.0,0
9112129923,9112117669,0.8966511,-0.0016957724,-0.03284112,-0.44151485,0.0,0.0,0.0,0.0,0
9112140569,9112127181,0.8967247,-0.0014867997,-0.032785013,-0.4413703,0.0,0.0,0.0,0.0,0
9112150960,9112138053,0.89683217,-0.001231857,-0.032707635,-0.4411586,0.0,0.0,0.0,0.0,0
9112161459,9112148058,0.8969538,-0.0009116041,-0.032601018,-0.4409198,0.0,0.0,0.0,0.0,0
9112169903,9112157666,0.89701515,-0.00065283675,-0.032522853,-0.44080108,0.0,0.0,0.0,0.0,0
9112180367,9112167417,0.897022,-0.00039326694,-0.032455195,-0.4407925,0.0,0.0,0.0,0.0,0
9112190763,9112177666,0.8969888,-0.0001509975,-0.03237968,-0.44086584,0.0,0.0,0.0,0.0,0
9112200299,9112188072,0.8969187,0.00012116956,-0.03229051,-0.44101506,0.0,0.0,0.0,0.0,0
9112209788,9112197571,0.89678776,0.0003877824,-0.032200683,-0.44128758,0.0,0.0,0.0,0.0,0
9112220671,9112207073,0.8965475,0.0006300075,-0.032107953,-0.44178182,0.0,0.0,0.0,0.0,0
9112231303,9112217736,0.89624465,0.00087616994,-0.03200284,-0.44240326,0.0,0.0,0.0,0.0,0
9112239683,9112227468,0.8959428,0.001137566,-0.03187776,-0.44302264,0.0,0.0,0.0,0.0,0
9112250153,9112237007,0.895441,0.0015219367,-0.03166244,-0.44405034,0.0,0.0,0.0,0.0,0
9112260551,9112247489,0.89482397,0.0019529777,-0.03142634,-0.44530752,0.0,0.0,0.0,0.0,0
9112271041,9112257865,0.89405483,0.0025185528,-0.031131951,-0.44686738,0.0,0.0,0.0,0.0,0
9112280320,9112267260,0.89334196,0.0033048044,-0.030806836,-0.4483081,0.0,0.0,0.0,0.0,0
9112290730,9112277622,0.89284295,0.0044843475,-0.030438093,-0.44931614,0.0,0.0,0.0,0.0,0
9112302232,9112288045,0.89257675,0.005528528,-0.03012491,-0.44985408,0.0,0.0,0.0,0.0,0
9112309773,9112298063,0.89245474,0.0059860563,-0.029996026,-0.45009887,0.0,0.0,0.0,0.0,0
9112320213,9112307252,0.8924759,0.0066284654,-0.02983687,-0.45005837,0.0,0.0,0.0,0.0,0
9112330637,9112317695,0.8928417,0.0075179595,-0.029615056,-0.44933295,0.0,0.0,0.0,0.0,0
9112340145,9112327940,0.89359576,0.008805193,-0.029279627,-0.44783017,0.0,0.0,0.0,0.0,0
9112350577,9112336814,0.89472556,0.010544102,-0.028765995,-0.44556427,0.0,0.0,0.0,0.0,0
9112359948,9112348082,0.8954855,0.0119353365,-0.028278476,-0.44403112,0.0,0.0,0.0,0.0,0
9112370429,9112357444,0.89581096,0.013016683,-0.027883757,-0.44336873,0.0,0.0,0.0,0.0,0
9112379877,9112367685,0.89591664,0.01347353,-0.02773389,-0.44315064,0.0,0.0,0.0,0.0,0
9112390481,9112377402,0.896031,0.013750492,-0.027645962,-0.4429165,0.0,0.0,0.0,0.0,0
9112400972,9112387929,0.8961714,0.014042055,-0.02756086,-0.44262853,0.0,0.0,0.0,0.0,0
9112411497,9112398036,0.8963261,0.014357632,-0.027481068,-0.44230995,0.0,0.0,0.0,0.0,0
9112420871,9112407865,0.89650184,0.014549769,-0.02742903,-0.44195056,0.0,0.0,0.0,0.0,0
9112430265,9112418368,0.8966518,0.014693777,-0.027385643,-0.44164425,0.0,0.0,0.0,0.0,0
9112440745,9112427585,0.8968103,0.014913985,-0.027323559,-0.44131872,0.0,0.0,0.0,0.0,0
9112450151,9112437798,0.896916,0.015090429,-0.027267747,-0.44110143,0.0,0.0,0.0,0.0,0
9112460588,9112447456,0.89697134,0.0151497945,-0.027248817,-0.44098803,0.0,0.0,0.0,0.0,0
9112471352,9112458104,0.8969583,0.015103913,-0.027254537,-0.4410158,0.0,0.0,0.0,0.0,0
9112481958,9112468453,0.89690876,0.015070033,-0.027259082,-0.44111744,0.0,0.0,0.0,0.0,0
9112490651,9112478284,0.8968359,0.015073406,-0.027269525,-0.44126478,0.0,0.0,0.0,0.0,0
9112501122,9112487930,0.8967027,0.015090761,-0.027289053,-0.44153345,0.0,0.0,0.0,0.0,0
9112510571,9112498623,0.89656705,0.015139756,-0.027280692,-0.44180775,0.0,0.0,0.0,0.0,0
9112521398,9112507580,0.89637786,0.015278003,-0.02722295,-0.4421902,0.0,0.0,0.0,0.0,0
9112531089,9112518669,0.89615107,0.015502966,-0.027130997,-0.44264752,0.0,0.0,0.0,0.0,0
9112540734,9112528328,0.8958677,0.015837846,-0.027009945,-0.4432162,0.0,0.0,0.0,0.0,0
9112552329,9112537977,0.8955643,0.016306521,-0.026843071,-0.44382235,0.0,0.0,0.0,0.0,0
9112561295,9112548521,0.895357,0.016646406,-0.026723668,-0.4442348,0.0,0.0,0.0,0.0,0
9112571299,9112558590,0.8952169,0.01698239,-0.026603496,-0.4445116,0.0,0.0,0.0,0.0,0
9112580886,9112568505,0.89514077,0.017239675,-0.026503216,-0.44466102,0.0,0.0,0.0,0.0,0
9112590493,9112578144,0.89511824,0.01740654,-0.026440397,-0.44470358,0.0,0.0,0.0,0.0,0
9112600645,9112587194,0.89516217,0.01748246,-0.0264114,-0.4446139,0.0,0.0,0.0,0.0,0
9112611137,9112598073,0.8952507,0.017479615,-0.026393501,-0.4444369,0.0,0.0,0.0,0.0,0
9112621535,9112608391,0.8953331,0.017434992,-0.02640285,-0.44427204,0.0,0.0,0.0,0.0,0
9112631303,9112618608,0.89539284,0.01735953,-0.026434181,-0.4441528,0.0,0.0,0.0,0.0,0
9112640800,9112628624,0.89546883,0.017215695,-0.02649366,-0.44400164,0.0,0.0,0.0,0.0,0
9112651731,9112638055,0.89571863,0.016899742,-0.026621042,-0.4435018,0.0,0.0,0.0,0.0,0
9112662232,9112648799,0.89618134,0.016425176,-0.026786325,-0.4425741,0.0,0.0,0.0,0.0,0
9112670688,9112658243,0.89660436,0.015974613,-0.026942534,-0.44172347,0.0,0.0,0.0,0.0,0
9112681134,9112667970,0.89709955,0.015391316,-0.027153593,-0.44072467,0.0,0.0,0.0,0.0,0
9112691598,9112678434,0.89748156,0.014881379,-0.027328705,-0.43995306,0.0,0.0,0.0,0.0,0
9112701004,9112688673,0.8976114,0.014622752,-0.02739575,-0.4396926,0.0,0.0,0.0,0.0,0
9112711472,9112698513,0.8975309,0.014449805,-0.027440684,-0.4398598,0.0,0.0,0.0,0.0,0
9112720963,9112708977,0.8973844,0.014332501,-0.027476912,-0.44016004,0.0,0.0,0.0,0.0,0
9112732400,9112718238,0.89717066,0.014208121,-0.027523577,-0.44059658,0.0,0.0,0.0,0.0,0
9112741010,9112728634,0.8970061,0.014099835,-0.02756343,-0.4409327,0.0,0.0,0.0,0.0,0
9112750580,9112738475,0.896841,0.013941183,-0.027626688,-0.4412694,0.0,0.0,0.0,0.0,0
9112760996,9112748083,0.89670753,0.013682376,-0.027716974,-0.44154283,0.0,0.0,0.0,0.0,0
9112771519,9112758098,0.89660394,0.013342753,-0.027829146,-0.4417567,0.0,0.0,0.0,0.0,0
9112780950,9112768819,0.89652485,0.01304292,-0.02793469,-0.4419193,0.0,0.0,0.0,0.0,0
9112791410,9112778272,0.89644915,0.012989532,-0.027959395,-0.44207314,0.0,0.0,0.0,0.0,0
9112802875,9112788478,0.89637053,0.013353241,-0.02784784,-0.44222838,0.0,0.0,0.0,0.0,0
9112810357,9112798910,0.8963498,0.013701887,-0.027733924,-0.44226703,0.0,0.0,0.0,0.0,0
9112820882,9112807838,0.8963827,0.014220675,-0.02755424,-0.4421953,0.0,0.0,0.0,0.0,0
9112831957,9112818387,0.89647335,0.01488655,-0.027337227,-0.44200307,0.0,0.0,0.0,0.0,0
9112841398,9112829016,0.8965916,0.015507392,-0.027141508,-0.44175372,0.0,0.0,0.0,0.0,0
9112850840,9112838070,0.89677596,0.01587303,-0.027031045,-0.4413732,0.0,0.0,0.0,0.0,0
9112861238,9112848140,0.8972022,0.015813528,-0.027059669,-0.44050646,0.0,0.0,0.0,0.0,0
9112872771,9112858351,0.89785576,0.01547431,-0.027186941,-0.43917695,0.0,0.0,0.0,0.0,0
9112881111,9112869132,0.898334,0.015186298,-0.027265267,-0.43820313,0.0,0.0,0.0,0.0,0
9112891591,9112878441,0.8989093,0.014667601,-0.027118064,-0.43704888,0.0,0.0,0.0,0.0,0
9112901922,9112889068,0.89932996,0.013875668,-0.025821771,-0.43628713,0.0,0.0,0.0,0.0,0
9112912835,9112899247,0.8993208,0.012751942,-0.021662494,-0.43656665,0.0,0.0,0.0,0.0,0
9112921583,9112908592,0.89870536,0.011849734,-0.01536556,-0.43812352,0.0,0.0,0.0,0.0,0
9112931058,9112918935,0.8972665,0.011144259,-0.0054752743,-0.44131467,0.0,0.0,0.0,0.0,0
9112941450,9112928342,0.8948823,0.010465441,0.007614703,-0.4461145,0.0,0.0,0.0,0.0,0
9112952173,9112938922,0.89202386,0.009182586,0.021532418,-0.45138174,0.0,0.0,0.0,0.0,0
9112961590,9112949620,0.88978076,0.006915649,0.03218787,-0.4551992,0.0,0.0,0.0,0.0,0
9112971283,9112958876,0.8880803,0.0029357034,0.040418986,-0.45789865,0.0,0.0,0.0,0.0,0
9112981218,9112968591,0.8867938,-0.0026329267,0.046216547,-0.45984128,0.0,0.0,0.0,0.0,0
9112990637,9112977906,0.8859085,-0.0085322475,0.0498772,-0.46109194,0.0,0.0,0.0,0.0,0
9113001219,9112988137,0.8851524,-0.01515752,0.05269639,-0.46205908,0.0,0.0,0.0,0.0,0
9113011702,9112998720,0.8845898,-0.021438489,0.054902565,-0.46263054,0.0,0.0,0.0,0.0,0
9113021136,9113008974,0.8841857,-0.026633976,0.056885462,-0.4628934,0.0,0.0,0.0,0.0,0
9113031611,9113018451,0.8837745,-0.031621825,0.059306603,-0.463061,0.0,0.0,0.0,0.0,0
9113042127,9113029115,0.88342655,-0.03569578,0.061697893,-0.4631165,0.0,0.0,0.0,0.0,0
9113052630,9113038979,0.88322204,-0.039081056,0.06362501,-0.46297243,0.0,0.0,0.0,0.0,0
9113060947,9113049330,0.8832394,-0.041491393,0.06459543,-0.46259502,0.0,0.0,0.0,0.0,0
9113071496,9113058287,0.8835787,-0.04430702,0.06538999,-0.4615731,0.0,0.0,0.0,0.0,0
9113082339,9113068984,0.8841513,-0.04701081,0.06626329,-0.46008217,0.0,0.0,0.0,0.0,0
9113091466,9113079571,0.88470596,-0.04903445,0.06712063,-0.45867845,0.0,0.0,0.0,0.0,0
9113102656,9113088116,0.8855153,-0.050494183,0.06779262,-0.45685577,0.0,0.0,0.0,0.0,0
9113111016,9113097996,0.88621265,-0.050187055,0.06772237,-0.45554584,0.0,0.0,0.0,0.0,0
9113122539,9113108345,0.88717985,-0.047651943,0.06733467,-0.45399046,0.0,0.0,0.0,0.0,0
9113130947,9113119436,0.8877729,-0.044666313,0.067235716,-0.45314845,0.0,0.0,0.0,0.0,0
9113141446,9113128469,0.88828504,-0.040315825,0.06744728,-0.45252097,0.0,0.0,0.0,0.0,0
9113151772,9113138908,0.8886188,-0.035964917,0.06781378,-0.4521774,0.0,0.0,0.0,0.0,0
9113161279,9113149092,0.8888715,-0.032365963,0.068072066,-0.4519139,0.0,0.0,0.0,0.0,0
9113172028,9113158206,0.8892453,-0.029121108,0.06798253,-0.4514124,0.0,0.0,0.0,0.0,0
9113181404,9113169257,0.8897181,-0.026554598,0.06767476,-0.45068467,0.0,0.0,0.0,0.0,0
9113191850,9113178714,0.8903202,-0.02318367,0.06755101,-0.4496993,0.0,0.0,0.0,0.0,0
9113201270,9113189119,0.8908528,-0.019306261,0.06777513,-0.448793,0.0,0.0,0.0,0.0,0
9113211873,9113198590,0.8914568,-0.0141920075,0.06793137,-0.44775972,0.0,0.0,0.0,0.0,0
9113222235,9113209387,0.89203227,-0.008955692,0.0676146,-0.44679582,0.0,0.0,0.0,0.0,0
9113232784,9113219558,0.89250207,-0.003816432,0.0669059,-0.4460371,0.0,0.0,0.0,0.0,0
9113242233,9113229190,0.89276636,0.00041750024,0.06598654,-0.44566107,0.0,0.0,0.0,0.0,0
9113251854,9113239739,0.8928789,0.0042882655,0.0647245,-0.44560042,0.0,0.0,0.0,0.0,0
9113262184,9113249318,0.89288276,0.007840276,0.06311667,-0.44577497,0.0,0.0,0.0,0.0,0
9113271675,9113259506,0.89276755,0.010456984,0.061492153,-0.44617876,0.0,0.0,0.0,0.0,0
9113281248,9113269000,0.89254963,0.012566305,0.059706673,-0.4468026,0.0,0.0,0.0,0.0,0
9113292716,9113278753,0.8922253,0.014953782,0.057375796,-0.44768113,0.0,0.0,0.0,0.0,0
9113303223,9113289800,0.8920002,0.01756105,0.054931536,-0.4483413,0.0,0.0,0.0,0.0,0
9113311627,9113299604,0.8919784,0.020245375,0.052547123,-0.44855708,0.0,0.0,0.0,0.0,0
9113322034,9113309110,0.8921586,0.024251308,0.049069542,-0.4483938,0.0,0.0,0.0,0.0,0
9113332511,9113319547,0.89245045,0.028485036,0.04546939,-0.44794357,0.0,0.0,0.0,0.0,0
9113344111,9113329790,0.8927302,0.032797795,0.04193878,-0.44743523,0.0,0.0,0.0,0.0,0
9113351490,9113339192,0.8928589,0.03516641,0.039902937,-0.44718465,0.0,0.0,0.0,0.0,0
9113361928,9113348816,0.8930373,0.03811439,0.03672775,-0.44685858,0.0,0.0,0.0,0.0,0
9113372989,9113359240,0.8931881,0.04108341,0.032728273,-0.44660497,0.0,0.0,0.0,0.0,0
9113382498,9113369194,0.8931608,0.043642983,0.028953716,-0.44667757,0.0,0.0,0.0,0.0,0
9113391887,9113379724,0.892875,0.046100076,0.025239566,-0.44722703,0.0,0.0,0.0,0.0,0
9113402211,9113389364,0.8922821,0.048543233,0.021097654,-0.44836482,0.0,0.0,0.0,0.0,0
9113411709,9113399537,0.89156157,0.050465,0.016807798,-0.44976518,0.0,0.0,0.0,0.0,0
9113422329,9113408425,0.8906309,0.052227344,0.011304681,-0.45157626,0.0,0.0,0.0,0.0,0
9113431654,9113419582,0.88973194,0.05340398,0.0062853736,-0.45330533,0.0,0.0,0.0,0.0,0
9113442202,9113429170,0.88866836,0.054526344,0.0010502556,-0.45529598,0.0,0.0,0.0,0.0,0
9113451616,9113439259,0.8877272,0.055756014,-0.0031538804,-0.4569704,0.0,0.0,0.0,0.0,0
9113462079,9113448944,0.8867565,0.057642248,-0.0077092224,-0.45856395,0.0,0.0,0.0,0.0,0
9113472503,9113459572,0.8859043,0.05974937,-0.012305885,-0.45983937,0.0,0.0,0.0,0.0,0
9113483027,9113469800,0.88510287,0.06173165,-0.01676915,-0.46097815,0.0,0.0,0.0,0.0,0
9113492516,9113479452,0.88432926,0.06354715,-0.020615513,-0.46205902,0.0,0.0,0.0,0.0,0
9113501907,9113490010,0.8834513,0.06573056,-0.024525134,-0.46324065,0.0,0.0,0.0,0.0,0
9113512750,9113499241,0.8822531,0.06872269,-0.029529806,-0.46479517,0.0,0.0,0.0,0.0,0
9113522391,9113509880,0.8809625,0.07148216,-0.034347605,-0.4664929,0.0,0.0,0.0,0.0,0
9113532972,9113519606,0.8792895,0.07400148,-0.039399043,-0.4688514,0.0,0.0,0.0,0.0,0
9113542671,9113529432,0.8776565,0.07545048,-0.043445878,-0.47131592,0.0,0.0,0.0,0.0,0
9113553113,9113539680,0.87596256,0.07627866,-0.04738278,-0.4739473,0.0,0.0,0.0,0.0,0
9113561535,9113549814,0.874712,0.07668889,-0.050654877,-0.4758486,0.0,0.0,0.0,0.0,0
9113572101,9113559031,0.87337774,0.07702596,-0.05486406,-0.47777426,0.0,0.0,0.0,0.0,0
9113582580,9113569535,0.8724057,0.077282965,-0.058463555,-0.47908017,0.0,0.0,0.0,0.0,0
9113592222,9113579790,0.8718916,0.077633105,-0.06076172,-0.4796729,0.0,0.0,0.0,0.0,0
9113602765,9113589654,0.8716821,0.07823354,-0.062299207,-0.47975883,0.0,0.0,0.0,0.0,0
9113612684,9113600220,0.87164783,0.078927346,-0.06332817,-0.47957292,0.0,0.0,0.0,0.0,0
9113624190,9113609542,0.871591,0.0796198,-0.06469922,-0.47937885,0.0,0.0,0.0,0.0,0
9113632542,9113620342,0.871464,0.07983541,-0.06609721,-0.47938293,0.0,0.0,0.0,0.0,0
9113642012,9113630057,0.87122184,0.0795787,-0.06801582,-0.47959745,0.0,0.0,0.0,0.0,0
9113652446,9113639482,0.8709037,0.07863836,-0.070244156,-0.480009,0.0,0.0,0.0,0.0,0
9113663280,9113649750,0.8706356,0.076932274,-0.07234508,-0.48045942,0.0,0.0,0.0,0.0,0
9113672362,9113659634,0.870548,0.07485205,-0.073599085,-0.48075622,0.0,0.0,0.0,0.0,0
9113683232,9113669866,0.8706299,0.0716442,-0.074483365,-0.48096058,0.0,0.0,0.0,0.0,0
9113693670,9113680485,0.87078655,0.06803784,-0.075178325,-0.4810924,0.0,0.0,0.0,0.0,0
9113702040,9113690356,0.87089837,0.06483123,-0.07586259,-0.48122546,0.0,0.0,0.0,0.0,0
9113712535,9113699360,0.8709728,0.060575534,-0.07673947,-0.4815061,0.0,0.0,0.0,0.0,0
9113722967,9113710034,0.8709683,0.05640682,-0.07742807,-0.48191017,0.0,0.0,0.0,0.0,0
9113733493,9113720081,0.8709472,0.052388158,-0.07796213,-0.48231578,0.0,0.0,0.0,0.0,0
9113742926,9113729877,0.8710642,0.048820645,-0.07837313,-0.482412,0.0,0.0,0.0,0.0,0
9113752365,9113740418,0.871463,0.045053486,-0.07861872,-0.48201823,0.0,0.0,0.0,0.0,0
9113762996,9113749854,0.8721876,0.040396698,-0.07860742,-0.4811213,0.0,0.0,0.0,0.0,0
9113772323,9113760190,0.8728812,0.03606467,-0.078306384,-0.4802563,0.0,0.0,0.0,0.0,0
9113782801,9113769837,0.8735431,0.031352364,-0.07770003,-0.47948113,0.0,0.0,0.0,0.0,0
9113793227,9113780292,0.87397426,0.027305733,-0.077199556,-0.4790236,0.0,0.0,0.0,0.0,0
9113803696,9113790317,0.87412983,0.024166966,-0.07718677,-0.4789105,0.0,0.0,0.0,0.0,0
9113812175,9113800111,0.87402457,0.022293655,-0.077457234,-0.47914985,0.0,0.0,0.0,0.0,0
9113822662,9113809645,0.8736017,0.020536514,-0.07781641,-0.47994065,0.0,0.0,0.0,0.0,0
9113833052,9113820120,0.87298214,0.019058265,-0.0783567,-0.48103976,0.0,0.0,0.0,0.0,0
9113842522,9113830134,0.87237936,0.017508753,-0.07908917,-0.48207107,0.0,0.0,0.0,0.0,0
9113852755,9113839767,0.8718516,0.015193963,-0.079585865,-0.48302174,0.0,0.0,0.0,0.0,0
9113863166,9113850210,0.8715688,0.012241107,-0.079180054,-0.48368233,0.0,0.0,0.0,0.0,0
9113873717,9113860214,0.8716119,0.009107578,-0.07758192,-0.48393255,0.0,0.0,0.0,0.0,0
9113882125,9113870638,0.8719152,0.0068628336,-0.07532707,-0.4837796,0.0,0.0,0.0,0.0,0
9113892613,9113879649,0.87256545,0.0045150765,-0.071466945,-0.48322013,0.0,0.0,0.0,0.0,0
9113902949,9113890146,0.87332755,0.002547182,-0.06716029,-0.48247483,0.0,0.0,0.0,0.0,0
9113913574,9113900296,0.8740512,0.00076809176,-0.06277884,-0.48176,0.0,0.0,0.0,0.0,0
9113922933,9113909758,0.8745355,-0.00078211364,-0.05917562,-0.4813371,0.0,0.0,0.0,0.0,0
9113933548,9113920465,0.8748854,-0.002394336,-0.05532604,-0.4811538,0.0,0.0,0.0,0.0,0
9113943425,9113930797,0.8749574,-0.0032530145,-0.051845606,-0.48140547,0.0,0.0,0.0,0.0,0
9113953476,9113939813,0.8746908,-0.0033696394,-0.048318207,-0.48225525,0.0,0.0,0.0,0.0,0
9113963119,9113950760,0.87419397,-0.0030174507,-0.044819582,-0.48349476,0.0,0.0,0.0,0.0,0
9113972867,9113960573,0.8736015,-0.00250813,-0.041180693,-0.48489,0.0,0.0,0.0,0.0,0
9113983347,9113969927,0.8729253,-0.0020167797,-0.037122894,-0.48643532,0.0,0.0,0.0,0.0,0
9113992791,9113980474,0.8723235,-0.0017768135,-0.033189874,-0.48779824,0.0,0.0,0.0,0.0,0
9114003255,9113990078,0.8717779,-0.0019276422,-0.028553752,-0.48906466,0.0,0.0,0.0,0.0,0
9114012616,9114000718,0.87149745,-0.0025815398,-0.024270073,-0.48979235,0.0,0.0,0.0,0.0,0
9114022455,9114009931,0.87146276,-0.0038203788,-0.019603496,-0.49005488,0.0,0.0,0.0,0.0,0
9114032863,9114019919,0.87167114,-0.005487158,-0.014663011,-0.4898412,0.0,0.0,0.0,0.0,0
9114043316,9114030372,0.8720079,-0.007230275,-0.010097789,-0.48933423,0.0,0.0,0.0,0.0,0
9114053813,9114040616,0.8723045,-0.0089001665,-0.006026127,-0.48884502,0.0,0.0,0.0,0.0,0
9114062273,9114050497,0.8724253,-0.01015098,-0.00299237,-0.48863286,0.0,0.0,0.0,0.0,0
9114072859,9114059770,0.87238944,-0.01153199,0.00066345657,-0.48867497,0.0,0.0,0.0,0.0,0
9114083293,9114070101,0.8721943,-0.0124994675,0.0041969838,-0.48898187,0.0,0.0,0.0,0.0,0
9114093669,9114080595,0.8719308,-0.012840824,0.007648286,-0.48940104,0.0,0.0,0.0,0.0,0
9114103269,9114089871,0.87166995,-0.012656373,0.010897756,-0.48980892,0.0,0.0,0.0,0.0,0
9114113672,9114100711,0.87138736,-0.012149449,0.014508454,-0.49023044,0.0,0.0,0.0,0.0,0
9114124270,9114110557,0.87118596,-0.01147799,0.017840637,-0.49049488,0.0,0.0,0.0,0.0,0
9114132595,9114120714,0.87109965,-0.011021372,0.020100536,-0.4905711,0.0,0.0,0.0,0.0,0
9114143137,9114130126,0.8710017,-0.010763682,0.022998204,-0.4906233,0.0,0.0,0.0,0.0,0
9114153469,9114140619,0.8709126,-0.010833639,0.026109034,-0.49062434,0.0,0.0,0.0,0.0,0
9114164030,9114150799,0.870881,-0.011058221,0.029332185,-0.49049318,0.0,0.0,0.0,0.0,0
9114173550,9114161297,0.87092304,-0.011157561,0.032084525,-0.49024394,0.0,0.0,0.0,0.0,0
9114183932,9114170806,0.8710088,-0.010979534,0.035050895,-0.4898925,0.0,0.0,0.0,0.0,0
9114194494,9114181003,0.8710835,-0.010550805,0.03827749,-0.48952755,0.0,0.0,0.0,0.0,0
9114202907,9114190924,0.8711262,-0.010062845,0.040826008,-0.48925576,0.0,0.0,0.0,0.0,0
9114213443,9114200432,0.87113833,-0.009299791,0.04340938,-0.48902667,0.0,0.0,0.0,0.0,0
9114223865,9114210963,0.8710366,-0.008511161,0.045315925,-0.48904935,0.0,0.0,0.0,0.0,0
9114234373,9114220964,0.87077016,-0.007794812,0.0470416,-0.4893728,0.0,0.0,0.0,0.0,0
9114243803,9114230845,0.870442,-0.007186829,0.048682764,-0.4898053,0.0,0.0,0.0,0.0,0
9114253210,9114241111,0.8701088,-0.0064432235,0.050457917,-0.49022773,0.0,0.0,0.0,0.0,0
9114263667,9114250528,0.8697576,-0.005266875,0.052658346,-0.49063346,0.0,0.0,0.0,0.0,0
9114273241,9114260770,0.869435,-0.0038287556,0.0550062,-0.4909608,0.0,0.0,0.0,0.0,0
9114282893,9114270513,0.8690937,-0.0020870082,0.057566166,-0.49128208,0.0,0.0,0.0,0.0,0
9114293248,9114280364,0.86871034,-7.2158684e-05,0.060268294,-0.49164036,0.0,0.0,0.0,0.0,0
9114304740,9114290367,0.8682751,0.0020578317,0.06317468,-0.49203992,0.0,0.0,0.0,0.0,0
9114313115,9114300743,0.86796904,0.003413686,0.06518706,-0.49230966,0.0,0.0,0.0,0.0,0
9114323607,9114310445,0.86757153,0.0047707506,0.06753847,-0.4926819,0.0,0.0,0.0,0.0,0
9114334028,9114321110,0.8670671,0.005786988,0.06989395,-0.49323013,0.0,0.0,0.0,0.0,0
9114343497,9114331138,0.8664546,0.0065923417,0.07243833,-0.49392888,0.0,0.0,0.0,0.0,0
9114354037,9114341022,0.8656141,0.0075911274,0.076023765,-0.49484837,0.0,0.0,0.0,0.0,0
9114363792,9114351471,0.8647473,0.008783812,0.079953,-0.49572417,0.0,0.0,0.0,0.0,0
9114375352,9114360854,0.8636959,0.01051266,0.08526067,-0.49663812,0.0,0.0,0.0,0.0,0
9114382754,9114370970,0.86304027,0.0116652455,0.08917366,-0.49706495,0.0,0.0,0.0,0.0,0
9114393356,9114380264,0.86215955,0.013253737,0.095361605,-0.49740472,0.0,0.0,0.0,0.0,0
9114404317,9114390479,0.8614362,0.014811862,0.1019834,-0.4973005,0.0,0.0,0.0,0.0,0
9114413454,9114401284,0.86100537,0.016050646,0.10737632,-0.49687278,0.0,0.0,0.0,0.0,0
9114424196,9114410885,0.8607031,0.017560845,0.113005,-0.49609634,0.0,0.0,0.0,0.0,0
9114433710,9114421681,0.86063623,0.01907379,0.116940245,-0.4952439,0.0,0.0,0.0,0.0,0
9114445221,9114430787,0.86072946,0.021243071,0.120355695,-0.49417412,0.0,0.0,0.0,0.0,0
9114453685,9114441566,0.86079985,0.02307856,0.1222031,-0.4935154,0.0,0.0,0.0,0.0,0
9114463198,9114451179,0.8607917,0.02531588,0.12383384,-0.49301323,0.0,0.0,0.0,0.0,0
9114473713,9114460651,0.86076254,0.027938735,0.12483506,-0.49266967,0.0,0.0,0.0,0.0,0
9114484324,9114471028,0.86078894,0.03058927,0.12488094,-0.49245456,0.0,0.0,0.0,0.0,0
9114493783,9114480721,0.860801,0.032723255,0.12455145,-0.49237984,0.0,0.0,0.0,0.0,0
9114504234,9114491295,0.8607599,0.03476384,0.12416705,-0.49240887,0.0,0.0,0.0,0.0,0
9114515632,9114501286,0.86070794,0.03691465,0.123497084,-0.49251145,0.0,0.0,0.0,0.0,0
9114523242,9114511675,0.8607022,0.038421635,0.122716896,-0.49260134,0.0,0.0,0.0,0.0,0
9114534012,9114520659,0.860696,0.040570397,0.12126802,-0.49279872,0.0,0.0,0.0,0.0,0
9114544476,9114531402,0.860676,0.04256581,0.11974037,-0.49303886,0.0,0.0,0.0,0.0,0
9114555039,9114541749,0.8606933,0.044562947,0.118062355,-0.49323675,0.0,0.0,0.0,0.0,0
9114563459,9114551223,0.8607293,0.04627605,0.116566025,-0.4933723,0.0,0.0,0.0,0.0,0
9114573963,9114560946,0.86072326,0.04860751,0.11446866,-0.49364942,0.0,0.0,0.0,0.0,0
9114584453,9114571466,0.86064255,0.05103045,0.11203168,-0.49410456,0.0,0.0,0.0,0.0,0
9114593395,9114581742,0.8605316,0.053091433,0.10957764,-0.4946307,0.0,0.0,0.0,0.0,0
9114603921,9114590638,0.86039835,0.055442967,0.10632117,-0.49531475,0.0,0.0,0.0,0.0,0
9114614523,9114601379,0.8602996,0.05772782,0.102758355,-0.4959768,0.0,0.0,0.0,0.0,0
9114625684,9114611781,0.86022586,0.06006112,0.09865361,-0.4966605,0.0,0.0,0.0,0.0,0
9114634051,9114621470,0.86017543,0.061705913,0.09530133,-0.49720046,0.0,0.0,0.0,0.0,0
9114643533,9114631374,0.8601061,0.06343784,0.09127415,-0.49785772,0.0,0.0,0.0,0.0,0
9114654080,9114641040,0.85999036,0.065288655,0.08684336,-0.4986105,0.0,0.0,0.0,0.0,0
9114664530,9114651095,0.85984665,0.06713105,0.08277066,-0.49930564,0.0,0.0,0.0,0.0,0
9114673953,9114661823,0.85970885,0.068816096,0.07935302,-0.49986824,0.0,0.0,0.0,0.0,0
9114684377,9114671251,0.85957617,0.07061593,0.07583072,-0.50039166,0.0,0.0,0.0,0.0,0
9114695856,9114681658,0.8594572,0.07242316,0.07222258,-0.5008715,0.0,0.0,0.0,0.0,0
9114703651,9114691885,0.8593963,0.073547654,0.06972651,-0.5011655,0.0,0.0,0.0,0.0,0
9114714060,9114700917,0.85926795,0.07494927,0.06627894,-0.50164557,0.0,0.0,0.0,0.0,0
9114724548,9114711136,0.8590039,0.07625993,0.06305189,-0.50231606,0.0,0.0,0.0,0.0,0
9114735027,9114721844,0.85861343,0.077571206,0.060010035,-0.50315464,0.0,0.0,0.0,0.0,0
9114744219,9114731027,0.85814345,0.07876091,0.057437483,-0.5040708,0.0,0.0,0.0,0.0,0
9114754430,9114741670,0.85745233,0.079977706,0.055250525,-0.5052985,0.0,0.0,0.0,0.0,0
9114765871,9114751457,0.85662293,0.08120005,0.053946685,-0.50664943,0.0,0.0,0.0,0.0,0
9114774366,9114762114,0.85608226,0.08208645,0.053653747,-0.50745076,0.0,0.0,0.0,0.0,0
9114783769,9114771845,0.85558414,0.08293522,0.05399311,-0.50811654,0.0,0.0,0.0,0.0,0
9114794204,9114781293,0.8551882,0.083381854,0.055167224,-0.5085837,0.0,0.0,0.0,0.0,0
9114804773,9114791477,0.85503155,0.08315694,0.056912158,-0.5086916,0.0,0.0,0.0,0.0,0
9114814192,9114801450,0.8550848,0.082465276,0.058662076,-0.5085158,0.0,0.0,0.0,0.0,0
9114824658,9114811706,0.85523593,0.08137486,0.060772877,-0.5081893,0.0,0.0,0.0,0.0,0
9114834014,9114821951,0.8553387,0.08040898,0.06283361,-0.5079195,0.0,0.0,0.0,0.0,0
9114844645,9114831136,0.8553543,0.07956672,0.06538908,-0.5077032,0.0,0.0,0.0,0.0,0
9114853988,9114841883,0.8552781,0.078969836,0.06802569,-0.5075783,0.0,0.0,0.0,0.0,0
9114864442,9114851485,0.8551459,0.07819254,0.0716243,-0.50742644,0.0,0.0,0.0,0.0,0
9114874622,9114861732,0.85504526,0.07718655,0.0755498,-0.5071807,0.0,0.0,0.0,0.0,0
9114884053,9114871186,0.85497177,0.07604936,0.07918342,-0.50692195,0.0,0.0,0.0,0.0,0
9114894587,9114881501,0.85482955,0.07456671,0.08321732,-0.50673586,0.0,0.0,0.0,0.0,0
9114904961,9114891905,0.85461545,0.072798416,0.08754096,-0.50662565,0.0,0.0,0.0,0.0,0
9114914478,9114902070,0.8544217,0.07081515,0.09202975,-0.50643796,0.0,0.0,0.0,0.0,0
9114923853,9114911963,0.8543198,0.068470396,0.09712879,-0.50597984,0.0,0.0,0.0,0.0,0
9114935293,9114921369,0.8543871,0.0652428,0.10426077,-0.50487196,0.0,0.0,0.0,0.0,0
9114946119,9114932425,0.85472083,0.062091403,0.11143077,-0.5031701,0.0,0.0,0.0,0.0,0
9114954583,9114942152,0.85521793,0.059776995,0.11675809,-0.50139475,0.0,0.0,0.0,0.0,0
9114964800,9114952074,0.85600054,0.057408683,0.122195944,-0.49903452,0.0,0.0,0.0,0.0,0
9114974344,9114962248,0.8566846,0.055579,0.12632494,-0.49703574,0.0,0.0,0.0,0.0,0
9114984937,9114971404,0.8571958,0.05376467,0.13032274,-0.49531874,0.0,0.0,0.0,0.0,0
9114994394,9114982473,0.8574205,0.052286677,0.13356173,-0.4942242,0.0,0.0,0.0,0.0,0
9115004847,9114991683,0.85749316,0.050826985,0.13669074,-0.4933942,0.0,0.0,0.0,0.0,0
9115015573,9115002107,0.8574705,0.04951725,0.13918854,-0.49286807,0.0,0.0,0.0,0.0,0
9115023992,9115012291,0.857458,0.048731245,0.14032477,-0.49264598,0.0,0.0,0.0,0.0,0
9115034471,9115021280,0.8574413,0.048034787,0.14091267,-0.4925755,0.0,0.0,0.0,0.0,0
9115044941,9115031739,0.8573567,0.04735162,0.14140286,-0.4926484,0.0,0.0,0.0,0.0,0
9115054717,9115041998,0.85726374,0.04659678,0.14206615,-0.49269143,0.0,0.0,0.0,0.0,0
9115064085,9115051079,0.857238,0.04581593,0.1427692,-0.49260634,0.0,0.0,0.0,0.0,0
9115074626,9115061588,0.8572805,0.044861104,0.14365691,-0.4923619,0.0,0.0,0.0,0.0,0
9115084985,9115072097,0.85734445,0.043795798,0.14466183,-0.49205223,0.0,0.0,0.0,0.0,0
9115094445,9115082299,0.8574071,0.042728256,0.14547609,-0.49179673,0.0,0.0,0.0,0.0,0
9115104895,9115091744,0.8574709,0.041514795,0.14601628,-0.49162933,0.0,0.0,0.0,0.0,0
9115115605,9115102194,0.8574782,0.040311743,0.14623018,-0.49165326,0.0,0.0,0.0,0.0,0
9115124126,9115112318,0.85741735,0.03946733,0.14617607,-0.491844,0.0,0.0,0.0,0.0,0
9115134448,9115121185,0.8572711,0.03867503,0.14580388,-0.49227217,0.0,0.0,0.0,0.0,0
9115144976,9115131672,0.857028,0.038121507,0.14515921,-0.49292848,0.0,0.0,0.0,0.0,0
9115155288,9115142446,0.8567115,0.037817203,0.14424405,-0.49377006,0.0,0.0,0.0,0.0,0
9115164800,9115152409,0.8564,0.03773812,0.14295517,-0.49469045,0.0,0.0,0.0,0.0,0
9115174191,9115162085,0.8560982,0.037805565,0.14111368,-0.49573535,0.0,0.0,0.0,0.0,0
9115184635,9115171708,0.8557849,0.037932836,0.13853532,-0.4969921,0.0,0.0,0.0,0.0,0
9115196168,9115181733,0.8555134,0.037962284,0.13547961,-0.4982982,0.0,0.0,0.0,0.0,0
9115205067,9115192565,0.85542667,0.037843414,0.13320933,-0.4990674,0.0,0.0,0.0,0.0,0
9115215416,9115202356,0.8555045,0.03757527,0.1308366,-0.49958175,0.0,0.0,0.0,0.0,0
9115225320,9115212842,0.8556496,0.037274323,0.12897421,-0.49984008,0.0,0.0,0.0,0.0,0
9115234766,9115222385,0.8557764,0.03703485,0.12756719,-0.5000018,0.0,0.0,0.0,0.0,0
9115245261,9115232090,0.8559248,0.036930315,0.12597995,-0.50015795,0.0,0.0,0.0,0.0,0
9115255621,9115242759,0.85609084,0.036966886,0.12401389,-0.5003625,0.0,0.0,0.0,0.0,0
9115266092,9115252749,0.8561891,0.036987685,0.121754594,-0.50074756,0.0,0.0,0.0,0.0,0
9115274690,9115262827,0.85620016,0.036909476,0.11994174,-0.5011715,0.0,0.0,0.0,0.0,0
9115285063,9115271962,0.8562144,0.036769465,0.117951,-0.5016299,0.0,0.0,0.0,0.0,0
9115295466,9115282572,0.85626054,0.036793407,0.11614274,-0.50197124,0.0,0.0,0.0,0.0,0
9115306277,9115292560,0.85628897,0.037142955,0.114586696,-0.50225455,0.0,0.0,0.0,0.0,0
9115314653,9115302060,0.8563285,0.03734097,0.11406252,-0.5022917,0.0,0.0,0.0,0.0,0
9115325176,9115311960,0.85660607,0.036811747,0.11461941,-0.5017304,0.0,0.0,0.0,0.0,0
9115336767,9115322284,0.8572863,0.035201803,0.11605812,-0.5003515,0.0,0.0,0.0,0.0,0
9115345282,9115332736,0.85795885,0.03354922,0.11704264,-0.49908134,0.0,0.0,0.0,0.0,0
9115354679,9115342754,0.85870546,0.031500954,0.11759579,-0.49779913,0.0,0.0,0.0,0.0,0
9115365140,9115351961,0.8594058,0.029174399,0.11742418,-0.49677154,0.0,0.0,0.0,0.0,0
9115375580,9115362205,0.8599518,0.026977625,0.11637705,-0.49619713,0.0,0.0,0.0,0.0,0
9115385124,9115372493,0.86030453,0.02514849,0.11475016,-0.49606052,0.0,0.0,0.0,0.0,0
9115394738,9115382612,0.8605279,0.023455303,0.11263835,-0.49624008,0.0,0.0,0.0,0.0,0
9115405114,9115392024,0.8606558,0.021807723,0.10978663,-0.49673218,0.0,0.0,0.0,0.0,0
9115414649,9115402416,0.86067855,0.020517629,0.106576025,-0.49744657,0.0,0.0,0.0,0.0,0
9115425050,9115411945,0.8605988,0.019281797,0.10281236,-0.49842516,0.0,0.0,0.0,0.0,0
9115435552,9115422561,0.86050856,0.018024247,0.099226445,-0.49935398,0.0,0.0,0.0,0.0,0
9115447061,9115432660,0.8605812,0.016466714,0.095649965,-0.49997982,0.0,0.0,0.0,0.0,0
9115454483,9115442865,0.8607652,0.015320259,0.09350174,-0.50010586,0.0,0.0,0.0,0.0,0
9115464877,9115451951,0.86111295,0.013532453,0.09071613,-0.500072,0.0,0.0,0.0,0.0,0
9115476129,9115462392,0.8615273,0.0113723725,0.08802601,-0.4998928,0.0,0.0,0.0,0.0,0
9115485710,9115473126,0.8619474,0.0092485,0.086133614,-0.4995421,0.0,0.0,0.0,0.0,0
9115495215,9115483043,0.8624487,0.006802434,0.08477149,-0.49894875,0.0,0.0,0.0,0.0,0
9115505662,9115492498,0.8630587,0.0037275604,0.083757244,-0.49809685,0.0,0.0,0.0,0.0,0
9115517223,9115502731,0.86375237,-9.9984536e-05,0.082882844,-0.49705368,0.0,0.0,0.0,0.0,0
9115524797,9115513191,0.8641674,-0.0027884084,0.08227223,-0.4964256,0.0,0.0,0.0,0.0,0
9115535511,9115522018,0.86472994,-0.0065846685,0.08114738,-0.4955946,0.0,0.0,0.0,0.0,0
9115546110,9115532930,0.8653103,-0.010106659,0.07971296,-0.49475417,0.0,0.0,0.0,0.0,0
9115566073,9115543163,0.8663945,-0.01625282,0.07642028,-0.49321017,0.0,0.0,0.0,0.0,0
9115575480,9115552312,0.8668096,-0.018954648,0.07468065,-0.4926506,0.0,0.0,0.0,0.0,0
9115587115,9115562269,0.8671319,-0.021932641,0.07260787,-0.49226967,0.0,0.0,0.0,0.0,0
9115595492,9115572568,0.86729455,-0.023757532,0.0713206,-0.49208665,0.0,0.0,0.0,0.0,0
9115605937,9115583277,0.8675535,-0.025817098,0.06990928,-0.49172884,0.0,0.0,0.0,0.0,0
9115615303,9115592814,0.86788017,-0.027648678,0.06867934,-0.49122587,0.0,0.0,0.0,0.0,0
9115626779,9115603447,0.86832124,-0.029922592,0.06706987,-0.49053478,0.0,0.0,0.0,0.0,0
9115635285,9115612426,0.86862504,-0.031631958,0.06584872,-0.49005505,0.0,0.0,0.0,0.0,0
9115645476,9115623019,0.8689711,-0.033748828,0.06433149,-0.48950154,0.0,0.0,0.0,0.0,0
9115655627,9115632550,0.869414,-0.035924733,0.062489256,-0.4887985,0.0,0.0,0.0,0.0,0
9115665096,9115642891,0.86990434,-0.037920702,0.060417242,-0.48803502,0.0,0.0,0.0,0.0,0
9115675566,9115652892,0.8704128,-0.03992858,0.057959642,-0.48726565,0.0,0.0,0.0,0.0,0
9115686136,9115662410,0.8708364,-0.04160649,0.055371355,-0.4866694,0.0,0.0,0.0,0.0,0
9115696101,9115673048,0.8712331,-0.042884067,0.05272197,-0.4861424,0.0,0.0,0.0,0.0,0
9115705641,9115683468,0.8716682,-0.043913443,0.049997017,-0.48555794,0.0,0.0,0.0,0.0,0
9115716074,9115692441,0.8721366,-0.044811435,0.046975758,-0.4849362,0.0,0.0,0.0,0.0,0
9115726469,9115702913,0.87248284,-0.045445155,0.04409001,-0.48452505,0.0,0.0,0.0,0.0,0
9115736186,9115713545,0.87265474,-0.04583537,0.041616954,-0.48439738,0.0,0.0,0.0,0.0,0
9115745689,9115723776,0.87270063,-0.046071034,0.039426107,-0.48447573,0.0,0.0,0.0,0.0,0
9115756077,9115733458,0.8726727,-0.046155866,0.037161805,-0.48469687,0.0,0.0,0.0,0.0,0
9115767506,9115743167,0.8726213,-0.04608893,0.034765996,-0.4849735,0.0,0.0,0.0,0.0,0
9115774897,9115753157,0.87259275,-0.0460439,0.033353556,-0.4851284,0.0,0.0,0.0,0.0,0
9115785390,9115763352,0.87255263,-0.04615472,0.031637467,-0.48530483,0.0,0.0,0.0,0.0,0
9115795789,9115772239,0.87252146,-0.046505902,0.030126197,-0.48542365,0.0,0.0,0.0,0.0,0
9115806381,9115782682,0.87253207,-0.04713061,0.028646681,-0.48543364,0.0,0.0,0.0,0.0,0
9115816483,9115793090,0.872607,-0.047988392,0.027167555,-0.4853,0.0,0.0,0.0,0.0,0
9115825727,9115803655,0.87273383,-0.04900776,0.025607536,-0.4850548,0.0,0.0,0.0,0.0,0
9115837221,9115813612,0.8729234,-0.050525796,0.023432646,-0.48466787,0.0,0.0,0.0,0.0,0
9115845634,9115822831,0.8730562,-0.051683523,0.02175809,-0.4843846,0.0,0.0,0.0,0.0,0
9115855744,9115833630,0.87317574,-0.05292466,0.0198132,-0.48411834,0.0,0.0,0.0,0.0,0
9115866379,9115842896,0.87321085,-0.054078154,0.018272255,-0.48398829,0.0,0.0,0.0,0.0,0
9115876552,9115853201,0.8731456,-0.055225868,0.017453382,-0.48400652,0.0,0.0,0.0,0.0,0
9115886179,9115863463,0.87302244,-0.056382447,0.016976604,-0.48411217,0.0,0.0,0.0,0.0,0
9115895567,9115872940,0.87284344,-0.057408247,0.016485663,-0.48433128,0.0,0.0,0.0,0.0,0
9115906333,9115883684,0.8725236,-0.058221728,0.015815461,-0.48483267,0.0,0.0,0.0,0.0,0
9115915700,9115892890,0.8721938,-0.058452595,0.015062494,-0.48542202,0.0,0.0,0.0,0.0,0
9115926121,9115903331,0.87181985,-0.05820181,0.01383389,-0.4861599,0.0,0.0,0.0,0.0,0
9115936654,9115913213,0.8714535,-0.057615448,0.01229276,-0.48692724,0.0,0.0,0.0,0.0,0
9115947161,9115923626,0.87110597,-0.056888677,0.010800361,-0.4876695,0.0,0.0,0.0,0.0,0
9115955634,9115933942,0.87090755,-0.05630472,0.009698716,-0.48811448,0.0,0.0,0.0,0.0,0
9115966068,9115943361,0.87083185,-0.05570906,0.008515857,-0.4883398,0.0,0.0,0.0,0.0,0
9115976472,9115953129,0.8709188,-0.05525291,0.0076634306,-0.48825067,0.0,0.0,0.0,0.0,0
9115986060,9115963576,0.8711185,-0.054838147,0.0070835864,-0.48795012,0.0,0.0,0.0,0.0,0
9115996474,9115973772,0.8713685,-0.05428274,0.0064236275,-0.4875747,0.0,0.0,0.0,0.0,0
9116006187,9115983338,0.87150943,-0.05362919,0.0057914425,-0.48740295,0.0,0.0,0.0,0.0,0
9116017645,9115993776,0.8715328,-0.05269549,0.0051079406,-0.48747075,0.0,0.0,0.0,0.0,0
9116026082,9116003261,0.87149054,-0.051853213,0.004599058,-0.48764172,0.0,0.0,0.0,0.0,0
9116036586,9116013635,0.87142754,-0.05056885,0.003964365,-0.4878946,0.0,0.0,0.0,0.0,0
9116046406,9116023359,0.87141675,-0.0491182,0.0033388392,-0.48806688,0.0,0.0,0.0,0.0,0
9116057475,9116034106,0.87147397,-0.047267817,0.002458079,-0.48815247,0.0,0.0,0.0,0.0,0
9116068731,9116043393,0.8715472,-0.045305483,0.0013831296,-0.48821196,0.0,0.0,0.0,0.0,0
9116076151,9116054787,0.87154996,-0.04395766,0.00065351796,-0.4883318,0.0,0.0,0.0,0.0,0
9116087672,9116064424,0.871516,-0.041734446,-0.00042096028,-0.48858762,0.0,0.0,0.0,0.0,0
9116096106,9116073630,0.8715227,-0.040005226,-0.0012189815,-0.48871905,0.0,0.0,0.0,0.0,0
9116106659,9116084106,0.8715833,-0.0377146,-0.0022933926,-0.4887893,0.0,0.0,0.0,0.0,0
9116116110,9116093415,0.8716567,-0.03542146,-0.0032276541,-0.48882458,0.0,0.0,0.0,0.0,0
9116126630,9116104149,0.8717664,-0.03245812,-0.004142918,-0.48882788,0.0,0.0,0.0,0.0,0
9116136062,9116113353,0.87191087,-0.029464345,-0.0049676253,-0.4887521,0.0,0.0,0.0,0.0,0
9116146518,9116123530,0.87207705,-0.025893416,-0.0059761056,-0.48864654,0.0,0.0,0.0,0.0,0
9116157779,9116133330,0.87220347,-0.021962594,-0.0070785373,-0.48859867,0.0,0.0,0.0,0.0,0
9116166254,9116143619,0.87227404,-0.019132003,-0.007911506,-0.4885791,0.0,0.0,0.0,0.0,0
9116176769,9116153557,0.87236667,-0.015948186,-0.009000762,-0.48850903,0.0,0.0,0.0,0.0,0
9116186134,9116163551,0.87244475,-0.013372682,-0.009999551,-0.4884274,0.0,0.0,0.0,0.0,0
9116197670,9116174235,0.8724923,-0.010400774,-0.01108221,-0.48839146,0.0,0.0,0.0,0.0,0
9116206056,9116183441,0.8725183,-0.008307769,-0.01171608,-0.48837033,0.0,0.0,0.0,0.0,0
9116216593,9116193862,0.8725416,-0.005664585,-0.012509974,-0.4883468,0.0,0.0,0.0,0.0,0
9116227008,9116203579,0.87251335,-0.0030055265,-0.013468164,-0.48839536,0.0,0.0,0.0,0.0,0
9116236513,9116213873,0.87239957,-0.0005857561,-0.014448991,-0.48857933,0.0,0.0,0.0,0.0,0
9116246099,9116224106,0.8722156,0.0017140154,-0.015395573,-0.48887625,0.0,0.0,0.0,0.0,0
9116256450,9116233842,0.871993,0.003918463,-0.016278187,-0.4892318,0.0,0.0,0.0,0.0,0
9116268086,9116243392,0.8717568,0.006019752,-0.017102722,-0.48960346,0.0,0.0,0.0,0.0,0
9116276505,9116253572,0.87160486,0.0072793784,-0.017617121,-0.48983833,0.0,0.0,0.0,0.0,0
9116286022,9116263868,0.871464,0.00853404,-0.018169703,-0.49004847,0.0,0.0,0.0,0.0,0
9116296435,9116273820,0.8713529,0.009864567,-0.018801108,-0.49019724,0.0,0.0,0.0,0.0,0
9116306911,9116283502,0.8712566,0.011235503,-0.019476824,-0.49031255,0.0,0.0,0.0,0.0,0
9116316303,9116293490,0.87116265,0.0125537105,-0.020162383,-0.49041983,0.0,0.0,0.0,0.0,0
9116327463,9116304223,0.871039,0.014266632,-0.021145951,-0.49055108,0.0,0.0,0.0,0.0,0
9116337846,9116313614,0.87089705,0.015952889,-0.022160608,-0.49070638,0.0,0.0,0.0,0.0,0
9116346329,9116324453,0.8707734,0.017321251,-0.02290915,-0.4908452,0.0,0.0,0.0,0.0,0
9116356772,9116334349,0.87066525,0.0189763,-0.023692051,-0.49093875,0.0,0.0,0.0,0.0,0
9116367189,9116343591,0.8706451,0.020663641,-0.024543619,-0.4908643,0.0,0.0,0.0,0.0,0
9116376578,9116354017,0.8706509,0.022199022,-0.025413752,-0.49074265,0.0,0.0,0.0,0.0,0
9116387114,9116364223,0.870587,0.023863314,-0.026393097,-0.49072638,0.0,0.0,0.0,0.0,0
9116397458,9116373693,0.8704214,0.025384631,-0.027337855,-0.49089205,0.0,0.0,0.0,0.0,0
9116408066,9116384391,0.87016904,0.026825806,-0.028297493,-0.4912081,0.0,0.0,0.0,0.0,0
9116416641,9116394568,0.86993206,0.02789409,-0.029058602,-0.49152383,0.0,0.0,0.0,0.0,0
9116427118,9116404501,0.8696437,0.029124793,-0.029993935,-0.49190664,0.0,0.0,0.0,0.0,0
9116437596,9116413900,0.86938584,0.030336842,-0.030947862,-0.4922299,0.0,0.0,0.0,0.0,0
9116447480,9116424578,0.8691743,0.03150145,-0.031844564,-0.49247295,0.0,0.0,0.0,0.0,0
9116456657,9116434635,0.8690008,0.032622907,-0.03261596,-0.4926556,0.0,0.0,0.0,0.0,0
9116467169,9116443444,0.86882275,0.03389022,-0.033348486,-0.49283502,0.0,0.0,0.0,0.0,0
9116476613,9116454144,0.8687012,0.034939542,-0.033900563,-0.4929384,0.0,0.0,0.0,0.0,0
9116487118,9116464613,0.8686008,0.035939652,-0.034397904,-0.4930089,0.0,0.0,0.0,0.0,0
9116496893,9116473889,0.868536,0.03666386,-0.03465457,-0.4930519,0.0,0.0,0.0,0.0,0
9116507323,9116484619,0.86852527,0.037296854,-0.034798045,-0.4930132,0.0,0.0,0.0,0.0,0
9116517669,9116494102,0.8685853,0.03788995,-0.034985956,-0.49284884,0.0,0.0,0.0,0.0,0
9116526571,9116504595,0.8686466,0.038345695,-0.035147674,-0.49269402,0.0,0.0,0.0,0.0,0
9116537269,9116513863,0.8686938,0.03882551,-0.035326593,-0.4925604,0.0,0.0,0.0,0.0,0
9116547120,9116523731,0.8687345,0.039265838,-0.03559719,-0.49243432,0.0,0.0,0.0,0.0,0
9116556632,9116534724,0.86877126,0.03964366,-0.035968333,-0.4923122,0.0,0.0,0.0,0.0,0
9116567223,9116544359,0.8687756,0.0398897,-0.036449764,-0.49224913,0.0,0.0,0.0,0.0,0
9116577692,9116553913,0.86873037,0.040003024,-0.03698941,-0.49227956,0.0,0.0,0.0,0.0,0
9116588368,9116564473,0.8686385,0.040102985,-0.03751964,-0.49239337,0.0,0.0,0.0,0.0,0
9116597088,9116574728,0.86857027,0.040261254,-0.03786944,-0.49247396,0.0,0.0,0.0,0.0,0
9116606486,9116584700,0.86855865,0.040603064,-0.038227357,-0.49243885,0.0,0.0,0.0,0.0,0
9116616949,9116594343,0.86859447,0.041094813,-0.038740885,-0.4922946,0.0,0.0,0.0,0.0,0
9116627391,9116603793,0.8686147,0.041510105,-0.039425332,-0.49216974,0.0,0.0,0.0,0.0,0
9116636900,9116614010,0.8685488,0.041743457,-0.040113017,-0.49221075,0.0,0.0,0.0,0.0,0
9116647442,9116624703,0.8683978,0.041908406,-0.040822607,-0.4924048,0.0,0.0,0.0,0.0,0
9116658904,9116634221,0.86821467,0.04216343,-0.041548386,-0.49264514,0.0,0.0,0.0,0.0,0
9116666325,9116644529,0.86811215,0.042441405,-0.041980684,-0.4927653,0.0,0.0,0.0,0.0,0
9116677319,9116654931,0.86798495,0.042971943,-0.042524524,-0.4928969,0.0,0.0,0.0,0.0,0
9116687807,9116663819,0.86787516,0.043533918,-0.042993784,-0.49300018,0.0,0.0,0.0,0.0,0
9116698091,9116674779,0.8677933,0.044007022,-0.043323915,-0.4930732,0.0,0.0,0.0,0.0,0
9116707030,9116685097,0.8677823,0.04419932,-0.043354597,-0.49307275,0.0,0.0,0.0,0.0,0
9116717532,9116694098,0.86789465,0.044232626,-0.043133467,-0.49289143,0.0,0.0,0.0,0.0,0
9116727872,9116704536,0.86811715,0.044288836,-0.042830672,-0.4925207,0.0,0.0,0.0,0.0,0
9116737350,9116715012,0.868337,0.04447623,-0.042560324,-0.49213964,0.0,0.0,0.0,0.0,0
9116746910,9116724992,0.86853015,0.04483101,-0.04236944,-0.491783,0.0,0.0,0.0,0.0,0
9116757300,9116734884,0.86870396,0.045292746,-0.0422658,-0.4914424,0.0,0.0,0.0,0.0,0
9116768991,9116744409,0.86881185,0.045717705,-0.042136937,-0.4912234,0.0,0.0,0.0,0.0,0
9116777379,9116754597,0.868826,0.045865968,-0.04197482,-0.49119827,0.0,0.0,0.0,0.0,0
9116787857,9116764777,0.8688218,0.045817792,-0.041659564,-0.4912371,0.0,0.0,0.0,0.0,0
9116797310,9116774887,0.8688359,0.045615897,-0.041238416,-0.49126643,0.0,0.0,0.0,0.0,0
9116806800,9116785161,0.8688678,0.045310475,-0.04065901,-0.4912866,0.0,0.0,0.0,0.0,0
9116817298,9116794609,0.8688967,0.04490506,-0.03991903,-0.49133337,0.0,0.0,0.0,0.0,0
9116827801,9116804108,0.86892235,0.04446107,-0.03919676,-0.4913866,0.0,0.0,0.0,0.0,0
9116839261,9116814816,0.8689479,0.043857414,-0.038484357,-0.4914519,0.0,0.0,0.0,0.0,0
9116846896,9116824887,0.86893916,0.04329383,-0.038027424,-0.49155304,0.0,0.0,0.0,0.0,0
9116857391,9116834896,0.86887056,0.04221135,-0.03726224,-0.49182686,0.0,0.0,0.0,0.0,0
9116868042,9116844166,0.86875314,0.040740494,-0.03621437,-0.49223655,0.0,0.0,0.0,0.0,0
9116877462,9116854910,0.86864424,0.039052553,-0.035006173,-0.49265274,0.0,0.0,0.0,0.0,0
9116887915,9116865303,0.8685522,0.036754984,-0.033298627,-0.49310994,0.0,0.0,0.0,0.0,0
9116898245,9116874769,0.8684902,0.03436641,-0.031428643,-0.49351394,0.0,0.0,0.0,0.0,0
9116908776,9116885386,0.8684818,0.032266054,-0.029658033,-0.49377996,0.0,0.0,0.0,0.0,0
9116917136,9116895361,0.86853653,0.031014943,-0.028295014,-0.493844,0.0,0.0,0.0,0.0,0
9116927626,9116905257,0.8686289,0.029776894,-0.026282065,-0.4938688,0.0,0.0,0.0,0.0,0
9116937481,9116914441,0.8686887,0.028630212,-0.023958694,-0.49394968,0.0,0.0,0.0,0.0,0
9116948476,9116924934,0.86869454,0.027100312,-0.02100466,-0.49416003,0.0,0.0,0.0,0.0,0
9116958037,9116934541,0.8686263,0.02543934,-0.01828724,-0.49447623,0.0,0.0,0.0,0.0,0
9116967579,9116944787,0.86851317,0.02351709,-0.015568618,-0.49486306,0.0,0.0,0.0,0.0,0
9116978765,9116955530,0.86841124,0.021112937,-0.01257352,-0.49523547,0.0,0.0,0.0,0.0,0
9116987551,9116964654,0.8683766,0.019146338,-0.010398986,-0.49542657,0.0,0.0,0.0,0.0,0
9116997680,9116975471,0.86833763,0.01687209,-0.007981165,-0.49562222,0.0,0.0,0.0,0.0,0
9117008463,9116984835,0.868267,0.01460913,-0.0054852194,-0.49585167,0.0,0.0,0.0,0.0,0
9117018375,9116995160,0.8682162,0.012748558,-0.0033325148,-0.49601108,0.0,0.0,0.0,0.0,0
9117027793,9117005772,0.8682065,0.011176792,-0.001437506,-0.49607524,0.0,0.0,0.0,0.0,0
9117037394,9117015220,0.86822575,0.009756609,0.00040892357,-0.49607334,0.0,0.0,0.0,0.0,0
9117047948,9117025299,0.868258,0.008374691,0.0024581363,-0.49603617,0.0,0.0,0.0,0.0,0
9117057321,9117034912,0.8682647,0.0072581912,0.004327204,-0.49602926,0.0,0.0,0.0,0.0,0
9117067960,9117044983,0.8682386,0.006034524,0.0064427503,-0.49606836,0.0,0.0,0.0,0.0,0
9117078402,9117054650,0.86819524,0.0048363376,0.008533048,-0.49612588,0.0,0.0,0.0,0.0,0
9117088914,9117065225,0.868161,0.0036115972,0.010761159,-0.49615285,0.0,0.0,0.0,0.0,0
9117097316,9117075462,0.86817765,0.0026368652,0.012630797,-0.49608573,0.0,0.0,0.0,0.0,0
9117108223,9117085455,0.86825275,0.0014667135,0.015125993,-0.49588925,0.0,0.0,0.0,0.0,0
9117118684,9117094845,0.8683296,0.00041591245,0.017609704,-0.49567467,0.0,0.0,0.0,0.0,0
9117128117,9117105475,0.868376,-0.00065606297,0.019864049,-0.49550784,0.0,0.0,0.0,0.0,0
9117137551,9117115961,0.86836153,-0.0015649766,0.021965917,-0.49544245,0.0,0.0,0.0,0.0,0
9117148076,9117125623,0.868126,-0.0018151122,0.024129095,-0.49575388,0.0,0.0,0.0,0.0,0
9117159486,9117135048,0.8675681,-0.001317296,0.026547274,-0.49660772,0.0,0.0,0.0,0.0,0
9117168050,9117145095,0.86709416,-0.00066509447,0.028492445,-0.49732843,0.0,0.0,0.0,0.0,0
9117177379,9117155720,0.866677,0.00012012768,0.030654464,-0.49792698,0.0,0.0,0.0,0.0,0
9117187950,9117165485,0.86633426,0.0011036869,0.03312791,-0.49836376,0.0,0.0,0.0,0.0,0
9117198462,9117174903,0.8660619,0.002277779,0.03561433,-0.4986614,0.0,0.0,0.0,0.0,0
9117207928,9117185213,0.86580545,0.0035020432,0.037966844,-0.498926,0.0,0.0,0.0,0.0,0
9117218257,9117194857,0.86548406,0.0049042255,0.04080377,-0.4992479,0.0,0.0,0.0,0.0,0
9117229905,9117205205,0.8651671,0.0064418106,0.044101153,-0.4994994,0.0,0.0,0.0,0.0,0
9117237220,9117214988,0.86502784,0.007345424,0.046022076,-0.49955478,0.0,0.0,0.0,0.0,0
9117247711,9117225695,0.8648264,0.008497077,0.048661962,-0.4996351,0.0,0.0,0.0,0.0,0
9117258117,9117234755,0.86456245,0.009440439,0.05137602,-0.4998032,0.0,0.0,0.0,0.0,0
9117268666,9117245005,0.8642716,0.010227585,0.054191947,-0.49999344,0.0,0.0,0.0,0.0,0
9117278501,9117255198,0.86401415,0.010906292,0.05692085,-0.50012064,0.0,0.0,0.0,0.0,0
9117288175,9117265504,0.8637664,0.011588293,0.059861507,-0.50019,0.0,0.0,0.0,0.0,0
9117298618,9117275937,0.8635087,0.01243136,0.063205875,-0.5002033,0.0,0.0,0.0,0.0,0
9117308092,9117285666,0.86331993,0.013417165,0.066059634,-0.5001348,0.0,0.0,0.0,0.0,0
9117318500,9117295905,0.86317587,0.014772652,0.06879257,-0.49997687,0.0,0.0,0.0,0.0,0
9117329372,9117305562,0.8631021,0.016390905,0.07125834,-0.49970838,0.0,0.0,0.0,0.0,0
9117338358,9117315819,0.863111,0.017758708,0.073051445,-0.49938717,0.0,0.0,0.0,0.0,0
9117348464,9117326616,0.86315626,0.019175382,0.07484211,-0.4989914,0.0,0.0,0.0,0.0,0
9117358197,9117334852,0.863152,0.02030906,0.0763982,-0.49871784,0.0,0.0,0.0,0.0,0
9117368759,9117345686,0.86306584,0.021190241,0.07799959,-0.4985825,0.0,0.0,0.0,0.0,0
9117379093,9117355649,0.86294353,0.021717168,0.07946563,-0.49853984,0.0,0.0,0.0,0.0,0
9117388441,9117366028,0.86287504,0.022015799,0.08069583,-0.4984479,0.0,0.0,0.0,0.0,0
9117398851,9117376318,0.86291105,0.022314051,0.08206588,-0.49814844,0.0,0.0,0.0,0.0,0
9117409433,9117385762,0.8631123,0.022714706,0.08336449,-0.49756584,0.0,0.0,0.0,0.0,0
9117417898,9117396152,0.8633771,0.023084654,0.08424108,-0.4969412,0.0,0.0,0.0,0.0,0
9117428637,9117405927,0.8637046,0.023396082,0.08542289,-0.49615517,0.0,0.0,0.0,0.0,0
9117438971,9117415382,0.8639548,0.023499904,0.08671692,-0.49548984,0.0,0.0,0.0,0.0,0
9117449069,9117426092,0.8642012,0.023588067,0.08792869,-0.49484172,0.0,0.0,0.0,0.0,0
9117458484,9117436309,0.8644701,0.023751767,0.08898494,-0.4941751,0.0,0.0,0.0,0.0,0
9117468936,9117446290,0.86481774,0.0240606,0.09000049,-0.49336737,0.0,0.0,0.0,0.0,0
9117479705,9117455979,0.86522645,0.02455022,0.09067466,-0.49250242,0.0,0.0,0.0,0.0,0
9117488098,9117466199,0.8655166,0.024959654,0.09089393,-0.4919312,0.0,0.0,0.0,0.0,0
9117498648,9117476386,0.865788,0.025367178,0.090833046,-0.4914439,0.0,0.0,0.0,0.0,0
9117509106,9117485603,0.8659842,0.025689198,0.0903844,-0.49116403,0.0,0.0,0.0,0.0,0
9117519583,9117496127,0.866087,0.026017182,0.089606516,-0.49110806,0.0,0.0,0.0,0.0,0
9117528277,9117506169,0.8660719,0.026377058,0.08884141,-0.49125457,0.0,0.0,0.0,0.0,0
9117538521,9117515766,0.8660254,0.027031954,0.08765983,-0.4915131,0.0,0.0,0.0,0.0,0
9117549048,9117525647,0.8660189,0.02797935,0.085830696,-0.49179432,0.0,0.0,0.0,0.0,0
9117558499,9117535977,0.8659782,0.02886406,0.08376536,-0.49217084,0.0,0.0,0.0,0.0,0
9117569045,9117546296,0.8658473,0.02963704,0.08128283,-0.49277103,0.0,0.0,0.0,0.0,0
9117578355,9117555819,0.86574334,0.030154303,0.07885758,-0.49331605,0.0,0.0,0.0,0.0,0
9117589922,9117566313,0.86569494,0.030845497,0.075468846,-0.4938879,0.0,0.0,0.0,0.0,0
9117598387,9117575452,0.86566335,0.031557634,0.072886854,-0.4942861,0.0,0.0,0.0,0.0,0
9117608920,9117585960,0.86562127,0.032777388,0.06967339,-0.49474347,0.0,0.0,0.0,0.0,0
9117619451,9117595870,0.86561877,0.03423105,0.06631822,-0.49511027,0.0,0.0,0.0,0.0,0
9117628928,9117606146,0.86563325,0.035523638,0.06317684,-0.4954046,0.0,0.0,0.0,0.0,0
9117638420,9117616504,0.8655952,0.03663359,0.06013819,-0.49576837,0.0,0.0,0.0,0.0,0
9117648894,9117626177,0.86550367,0.037638012,0.056998383,-0.49622366,0.0,0.0,0.0,0.0,0
9117660381,9117635892,0.8654075,0.038556848,0.053693786,-0.49668923,0.0,0.0,0.0,0.0,0
9117668830,9117645961,0.8653578,0.039142385,0.051346857,-0.4969781,0.0,0.0,0.0,0.0,0
9117678230,9117656187,0.86534387,0.039732438,0.048719466,-0.49722013,0.0,0.0,0.0,0.0,0
9117688608,9117666309,0.8653755,0.040322136,0.04567358,-0.4974065,0.0,0.0,0.0,0.0,0
9117699241,9117675736,0.8654488,0.040836398,0.0423802,-0.4975287,0.0,0.0,0.0,0.0,0
9117708745,9117685704,0.86557084,0.04123755,0.03915113,-0.49754772,0.0,0.0,0.0,0.0,0
9117719054,9117696519,0.86573964,0.041671894,0.035234444,-0.4975107,0.0,0.0,0.0,0.0,0
9117730569,9117706190,0.86585814,0.042248942,0.030506767,-0.49756816,0.0,0.0,0.0,0.0,0
9117738955,9117716175,0.86581534,0.042817667,0.027164632,-0.4977877,0.0,0.0,0.0,0.0,0
9117748551,9117726600,0.8656077,0.043534864,0.024071336,-0.49824578,0.0,0.0,0.0,0.0,0
9117758963,9117736487,0.86537844,0.044237018,0.021523423,-0.49869835,0.0,0.0,0.0,0.0,0
9117769461,9117745813,0.865291,0.04493401,0.019190967,-0.49888295,0.0,0.0,0.0,0.0,0
9117778834,9117756057,0.86531794,0.045626193,0.0171265,-0.49884844,0.0,0.0,0.0,0.0,0
9117789448,9117765643,0.86535597,0.04646313,0.014916731,-0.4987763,0.0,0.0,0.0,0.0,0
9117799957,9117776155,0.8653318,0.047303777,0.012721971,-0.49879995,0.0,0.0,0.0,0.0,0
9117808573,9117786484,0.8652248,0.047944006,0.010803942,-0.49896985,0.0,0.0,0.0,0.0,0
9117819223,9117796601,0.8649946,0.04858895,0.008439516,-0.49935174,0.0,0.0,0.0,0.0,0
9117829743,9117805826,0.86474234,0.04910065,0.006287627,-0.49977028,0.0,0.0,0.0,0.0,0
9117840201,9117816716,0.86455315,0.049601234,0.004392983,-0.50006825,0.0,0.0,0.0,0.0,0
9117848610,9117826763,0.8645042,0.050130036,0.002980567,-0.50011057,0.0,0.0,0.0,0.0,0
9117859110,9117836375,0.86457413,0.05106904,0.001197306,-0.49990222,0.0,0.0,0.0,0.0,0
9117869662,9117846085,0.8647011,0.052230354,-0.0005898477,-0.49956346,0.0,0.0,0.0,0.0,0
9117879163,9117856539,0.8648031,0.053280603,-0.0021509505,-0.4992717,0.0,0.0,0.0,0.0,0
9117888588,9117866824,0.86489797,0.054159105,-0.0037682815,-0.49900326,0.0,0.0,0.0,0.0,0
9117899480,9117876577,0.8650024,0.05493342,-0.0058528627,-0.49871722,0.0,0.0,0.0,0.0,0
9117909957,9117886051,0.8650889,0.055521693,-0.008132348,-0.49847016,0.0,0.0,0.0,0.0,0
9117919459,9117896557,0.8651076,0.05596669,-0.010487426,-0.49834388,0.0,0.0,0.0,0.0,0
9117928944,9117906478,0.8650395,0.056294836,-0.013148136,-0.49836206,0.0,0.0,0.0,0.0,0
9117939284,9117916945,0.8648804,0.056486323,-0.016357914,-0.49852148,0.0,0.0,0.0,0.0,0
9117948794,9117926380,0.86469007,0.056496203,-0.019357514,-0.49874297,0.0,0.0,0.0,0.0,0
9117959518,9117936372,0.8644729,0.056385517,-0.022394834,-0.49900478,0.0,0.0,0.0,0.0,0
9117969923,9117946076,0.86430734,0.05634653,-0.024975905,-0.49917355,0.0,0.0,0.0,0.0,0
9117980444,9117956977,0.8642185,0.056550745,-0.027555462,-0.49916852,0.0,0.0,0.0,0.0,0
9117989140,9117966822,0.8642011,0.056865204,-0.02985374,-0.49903056,0.0,0.0,0.0,0.0,0
9117999658,9117976942,0.8642227,0.05713696,-0.03271208,-0.49878293,0.0,0.0,0.0,0.0,0
9118009097,9117986415,0.8642356,0.057088565,-0.03520657,-0.49859637,0.0,0.0,0.0,0.0,0
9118019523,9117997093,0.86419624,0.056741882,-0.03797476,-0.49850088,0.0,0.0,0.0,0.0,0
9118030482,9118006345,0.86406463,0.05619218,-0.041158024,-0.4985386,0.0,0.0,0.0,0.0,0
9118038924,9118017021,0.8638906,0.05565396,-0.043968983,-0.49866056,0.0,0.0,0.0,0.0,0
9118050760,9118026633,0.86354506,0.054743487,-0.04839778,-0.49894974,0.0,0.0,0.0,0.0,0
9118059219,9118036408,0.8632549,0.054036263,-0.05180275,-0.49918678,0.0,0.0,0.0,0.0,0
9118069743,9118047168,0.8628711,0.0532556,-0.056276638,-0.49945,0.0,0.0,0.0,0.0,0
9118079199,9118056474,0.8625072,0.052777085,-0.060481384,-0.4996378,0.0,0.0,0.0,0.0,0
9118089674,9118067225,0.86207217,0.05254019,-0.0651743,-0.49982357,0.0,0.0,0.0,0.0,0
9118099003,9118076446,0.8616701,0.052541323,-0.06918607,-0.4999774,0.0,0.0,0.0,0.0,0
9118109621,9118085838,0.861224,0.05264663,-0.073471144,-0.5001236,0.0,0.0,0.0,0.0,0
9118119966,9118096548,0.8607805,0.052793626,-0.07744806,-0.50027144,0.0,0.0,0.0,0.0,0
9118130043,9118107072,0.86030084,0.053024597,-0.08119738,-0.5004776,0.0,0.0,0.0,0.0,0
9118139278,9118117264,0.8598004,0.053342562,-0.08452806,-0.50075233,0.0,0.0,0.0,0.0,0
9118149893,9118127276,0.85918087,0.053867735,-0.08819588,-0.5011267,0.0,0.0,0.0,0.0,0
9118160426,9118136794,0.85854626,0.054604713,-0.091653675,-0.5015141,0.0,0.0,0.0,0.0,0
9118168888,9118147216,0.85799736,0.05536774,-0.094279595,-0.5018829,0.0,0.0,0.0,0.0,0
9118179088,9118156853,0.85730386,0.056382835,-0.097056635,-0.50242513,0.0,0.0,0.0,0.0,0
9118189638,9118166381,0.85662436,0.0573489,-0.09915882,-0.5030639,0.0,0.0,0.0,0.0,0
9118199056,9118176507,0.8561589,0.058003772,-0.10022937,-0.5035689,0.0,0.0,0.0,0.0,0
9118209625,9118186718,0.8558781,0.058461487,-0.100756556,-0.50388795,0.0,0.0,0.0,0.0,0
9118220147,9118196379,0.8558162,0.058697425,-0.10100089,-0.5039169,0.0,0.0,0.0,0.0,0
9118230698,9118206895,0.85587245,0.058776613,-0.10115621,-0.5037807,0.0,0.0,0.0,0.0,0
9118239035,9118217211,0.8559424,0.058715187,-0.101187624,-0.5036627,0.0,0.0,0.0,0.0,0
9118249592,9118227183,0.85602087,0.058533937,-0.10104181,-0.50357985,0.0,0.0,0.0,0.0,0
9118259868,9118236564,0.8560924,0.058405347,-0.100696586,-0.50354224,0.0,0.0,0.0,0.0,0
9118269368,9118246820,0.8561652,0.058440037,-0.10015549,-0.50352246,0.0,0.0,0.0,0.0,0
9118279356,9118256979,0.85626465,0.0585705,-0.0993054,-0.50350654,0.0,0.0,0.0,0.0,0
9118289695,9118266676,0.8564284,0.058632042,-0.09823178,-0.5034315,0.0,0.0,0.0,0.0,0
9118301308,9118276531,0.85669553,0.058504514,-0.096989244,-0.5032327,0.0,0.0,0.0,0.0,0
9118309799,9118286779,0.856965,0.058255207,-0.09603292,-0.50298625,0.0,0.0,0.0,0.0,0
9118319279,9118297508,0.8573433,0.057814926,-0.09480277,-0.50262547,0.0,0.0,0.0,0.0,0
9118329715,9118307314,0.85783887,0.057227142,-0.09320478,-0.50214595,0.0,0.0,0.0,0.0,0
9118340136,9118316540,0.8583832,0.056664187,-0.09130714,-0.50162786,0.0,0.0,0.0,0.0,0
9118349606,9118326938,0.8588999,0.05619494,-0.08916204,-0.5011819,0.0,0.0,0.0,0.0,0
9118359985,9118337234,0.85950357,0.05560033,-0.08615534,-0.5007389,0.0,0.0,0.0,0.0,0
9118371495,9118346867,0.86025256,0.054776493,-0.08209085,-0.50022626,0.0,0.0,0.0,0.0,0
9118379976,9118357083,0.86088175,0.05403599,-0.078947924,-0.49972987,0.0,0.0,0.0,0.0,0
9118389556,9118367710,0.8616303,0.05302394,-0.07597247,-0.49900886,0.0,0.0,0.0,0.0,0
9118399851,9118377432,0.8623527,0.051766112,-0.0735255,-0.49825907,0.0,0.0,0.0,0.0,0
9118410436,9118386986,0.86291814,0.05033876,-0.07119812,-0.49776408,0.0,0.0,0.0,0.0,0
9118419800,9118397172,0.8632802,0.048988495,-0.06885096,-0.4976014,0.0,0.0,0.0,0.0,0
9118430320,9118407320,0.86363906,0.04738678,-0.06566193,-0.4975646,0.0,0.0,0.0,0.0,0
9118439621,9118417327,0.86398035,0.045862928,-0.062339313,-0.49754238,0.0,0.0,0.0,0.0,0
9118450089,9118427591,0.8643406,0.04401687,-0.058051918,-0.49760216,0.0,0.0,0.0,0.0,0
9118459472,9118436942,0.86458975,0.042333614,-0.053704634,-0.49780345,0.0,0.0,0.0,0.0,0
9118470980,9118447625,0.8649137,0.040368583,-0.047972642,-0.49798924,0.0,0.0,0.0,0.0,0
9118479588,9118456808,0.8652701,0.0389702,-0.043720093,-0.497873,0.0,0.0,0.0,0.0,0
9118489711,9118467853,0.86582404,0.03727162,-0.038998425,-0.49743223,0.0,0.0,0.0,0.0,0
9118500185,9118476827,0.8664373,0.035368223,-0.034426164,-0.49684045,0.0,0.0,0.0,0.0,0
9118510675,9118487201,0.8669815,0.033279642,-0.029888138,-0.49632886,0.0,0.0,0.0,0.0,0
9118520448,9118497668,0.86736804,0.031103054,-0.025376176,-0.49604556,0.0,0.0,0.0,0.0,0
9118530027,9118507733,0.8676564,0.02876035,-0.020728441,-0.4958986,0.0,0.0,0.0,0.0,0
9118540567,9118517847,0.8679428,0.026144614,-0.01576303,-0.4957251,0.0,0.0,0.0,0.0,0
9118551364,9118527371,0.86823505,0.02368744,-0.0110887475,-0.49546322,0.0,0.0,0.0,0.0,0
9118560488,9118537622,0.86847603,0.021838685,-0.007367042,-0.495195,0.0,0.0,0.0,0.0,0
9118569943,9118547757,0.86870575,0.020040901,-0.0035254909,-0.49491033,0.0,0.0,0.0,0.0,0
9118580360,9118557772,0.86891824,0.018159132,0.00069134927,-0.49462208,0.0,0.0,0.0,0.0,0
9118590831,9118567437,0.8691275,0.016437642,0.004804816,-0.49429172,0.0,0.0,0.0,0.0,0
9118600239,9118577443,0.8693787,0.015053962,0.008388701,-0.493846,0.0,0.0,0.0,0.0,0
9118610695,9118587042,0.8697369,0.013617418,0.012321764,-0.49317402,0.0,0.0,0.0,0.0,0
9118622095,9118597735,0.87015873,0.012113663,0.016527502,-0.4923453,0.0,0.0,0.0,0.0,0
9118629634,9118607770,0.87042814,0.011108853,0.01914422,-0.49179786,0.0,0.0,0.0,0.0,0
9118640285,9118617942,0.8707498,0.009612955,0.02243517,-0.49112022,0.0,0.0,0.0,0.0,0
9118650727,9118627038,0.8709561,0.008165005,0.025210291,-0.49064577,0.0,0.0,0.0,0.0,0
9118661195,9118637745,0.8710437,0.0068655107,0.027733395,-0.4903741,0.0,0.0,0.0,0.0,0
9118670693,9118647826,0.87104493,0.0058160517,0.030079195,-0.49024707,0.0,0.0,0.0,0.0,0
9118679848,9118657608,0.87100106,0.0048623867,0.032560512,-0.4901768,0.0,0.0,0.0,0.0,0
9118691243,9118668169,0.8709276,0.0037275858,0.03598016,-0.49007836,0.0,0.0,0.0,0.0,0
9118700793,9118677325,0.870865,0.0027979212,0.03916004,-0.48995197,0.0,0.0,0.0,0.0,0
9118710177,9118688329,0.87079644,0.0019185408,0.04246172,-0.48980305,0.0,0.0,0.0,0.0,0
9118720644,9118698267,0.87073624,0.0009755624,0.046139497,-0.4895801,0.0,0.0,0.0,0.0,0
9118731286,9118707696,0.8707042,-1.0164611e-05,0.049871925,-0.489272,0.0,0.0,0.0,0.0,0
9118740733,9118717932,0.87070554,-0.0009842792,0.053259745,-0.4889113,0.0,0.0,0.0,0.0,0
9118750087,9118727773,0.87078273,-0.002073028,0.056650992,-0.48838905,0.0,0.0,0.0,0.0,0
9118760570,9118738200,0.8710082,-0.0034070418,0.060335148,-0.48753747,0.0,0.0,0.0,0.0,0
9118770007,9118747614,0.87131214,-0.0047029457,0.06357548,-0.48657075,0.0,0.0,0.0,0.0,0
9118780531,9118757659,0.8716508,-0.0062693716,0.06726297,-0.48544946,0.0,0.0,0.0,0.0,0
9118790877,9118767324,0.87192,-0.0078342445,0.070853084,-0.48443162,0.0,0.0,0.0,0.0,0
9118802181,9118777967,0.87212807,-0.009444973,0.07461883,-0.48346186,0.0,0.0,0.0,0.0,0
9118809783,9118788007,0.8721719,-0.010484315,0.077196084,-0.48295668,0.0,0.0,0.0,0.0,0
9118820476,9118798010,0.8720738,-0.011868522,0.08099175,-0.48247972,0.0,0.0,0.0,0.0,0
9118830842,9118807222,0.87190276,-0.013044342,0.08462438,-0.4821349,0.0,0.0,0.0,0.0,0
9118840305,9118817771,0.87175816,-0.01392005,0.08779374,-0.48180512,0.0,0.0,0.0,0.0,0
9118850752,9118828153,0.8716236,-0.014623643,0.0912762,-0.48138064,0.0,0.0,0.0,0.0,0
9118861103,9118837820,0.8715037,-0.015117828,0.09486242,-0.4808887,0.0,0.0,0.0,0.0,0
9118871578,9118848057,0.87140715,-0.015518661,0.09860066,-0.48029864,0.0,0.0,0.0,0.0,0
9118880155,9118858439,0.8713683,-0.01584793,0.10167624,-0.47971672,0.0,0.0,0.0,0.0,0
9118890674,9118868313,0.87134117,-0.016283244,0.105386496,-0.4789501,0.0,0.0,0.0,0.0,0
9118900569,9118877425,0.8713399,-0.016691126,0.10871276,-0.47819442,0.0,0.0,0.0,0.0,0
9118910057,9118888149,0.87135524,-0.017054498,0.11173278,-0.47745693,0.0,0.0,0.0,0.0,0
9118920552,9118897824,0.8713784,-0.01740934,0.11495758,-0.47663555,0.0,0.0,0.0,0.0,0
9118930991,9118907180,0.8714051,-0.017703142,0.118091725,-0.4758089,0.0,0.0,0.0,0.0,0
9118941638,9118918047,0.871442,-0.017932825,0.12120818,-0.47494826,0.0,0.0,0.0,0.0,0
9118950342,9118928481,0.87148213,-0.018071298,0.12367016,-0.47423404,0.0,0.0,0.0,0.0,0
9118960516,9118938082,0.87152594,-0.01816907,0.12639509,-0.473431,0.0,0.0,0.0,0.0,0
9118970954,9118947799,0.8715365,-0.018175699,0.12899488,-0.47270945,0.0,0.0,0.0,0.0,0
9118981518,9118957983,0.87148666,-0.018113865,0.13145666,-0.47212514,0.0,0.0,0.0,0.0,0
9118990540,9118968253,0.87140185,-0.01803965,0.13336751,-0.47174823,0.0,0.0,0.0,0.0,0
9119001030,9118977974,0.8712694,-0.017926443,0.1352701,-0.47145554,0.0,0.0,0.0,0.0,0
9119011455,9118988041,0.8711642,-0.017787796,0.13683265,-0.47120413,0.0,0.0,0.0,0.0,0
9119020947,9118998513,0.8711052,-0.0176501,0.13794558,-0.47099403,0.0,0.0,0.0,0.0,0
9119030423,9119008744,0.87108564,-0.017480664,0.1387561,-0.47079816,0.0,0.0,0.0,0.0,0
9119040911,9119018261,0.87107366,-0.017251195,0.13941097,-0.4706354,0.0,0.0,0.0,0.0,0
9119052384,9119027901,0.8710587,-0.016943308,0.13979258,-0.47056103,0.0,0.0,0.0,0.0,0
9119060832,9119038191,0.87103707,-0.01665449,0.13966581,-0.47064918,0.0,0.0,0.0,0.0,0
9119070980,9119048380,0.8709538,-0.016193148,0.13881782,-0.47106996,0.0,0.0,0.0,0.0,0
9119081333,9119058307,0.8708021,-0.015486617,0.13692376,-0.4719278,0.0,0.0,0.0,0.0,0
9119090878,9119068397,0.8706233,-0.014510228,0.13395283,-0.47313964,0.0,0.0,0.0,0.0,0
9119101311,9119078642,0.87038285,-0.013061388,0.12933703,-0.4749054,0.0,0.0,0.0,0.0,0
9119111778,9119088196,0.8701377,-0.0112635065,0.12360475,-0.47692296,0.0,0.0,0.0,0.0,0
9119122263,9119098824,0.8699765,-0.009217447,0.11708634,-0.47890174,0.0,0.0,0.0,0.0,0
9119130588,9119109069,0.8699524,-0.007467251,0.111464806,-0.4803151,0.0,0.0,0.0,0.0,0
9119141142,9119118759,0.8700013,-0.005148743,0.104180254,-0.48188984,0.0,0.0,0.0,0.0,0
9119151466,9119127912,0.8699787,-0.0029735502,0.09755183,-0.4833341,0.0,0.0,0.0,0.0,0
9119161143,9119138617,0.869889,-0.0011061302,0.091798574,-0.4846286,0.0,0.0,0.0,0.0,0
9119170536,9119148810,0.86990553,0.00067792437,0.08590697,-0.48567882,0.0,0.0,0.0,0.0,0
9119181049,9119157520,0.8700861,0.0028236152,0.078560665,-0.4865907,0.0,0.0,0.0,0.0,0
9119192464,9119167856,0.870275,0.0053058504,0.07032565,-0.48749107,0.0,0.0,0.0,0.0,0
9119200887,9119178332,0.8703189,0.007155594,0.06454928,-0.48818767,0.0,0.0,0.0,0.0,0
9119211406,9119188988,0.87028563,0.009390497,0.057645928,-0.48907232,0.0,0.0,0.0,0.0,0
9119221846,9119198232,0.8702032,0.011503108,0.050641943,-0.4899484,0.0,0.0,0.0,0.0,0
9119232260,9119208912,0.86998063,0.013387812,0.043946713,-0.49094114,0.0,0.0,0.0,0.0,0
9119240910,9119218943,0.86958736,0.014624145,0.039492518,-0.49198002,0.0,0.0,0.0,0.0,0
9119251163,9119228045,0.8689755,0.01578965,0.035400428,-0.49333468,0.0,0.0,0.0,0.0,0
9119261602,9119238321,0.8684129,0.016949773,0.031517297,-0.4945486,0.0,0.0,0.0,0.0,0
9119271045,9119248430,0.86799806,0.018141527,0.028000055,-0.49544552,0.0,0.0,0.0,0.0,0
9119281083,9119258674,0.8675843,0.019618643,0.024329657,-0.4963071,0.0,0.0,0.0,0.0,0
9119291572,9119268344,0.8670946,0.021369342,0.020514954,-0.49726203,0.0,0.0,0.0,0.0,0
9119300921,9119278537,0.866577,0.02304156,0.01711689,-0.49821717,0.0,0.0,0.0,0.0,0
9119311373,9119288824,0.86588967,0.02488071,0.013360177,-0.49943736,0.0,0.0,0.0,0.0,0
9119320811,9119297450,0.8651922,0.026280336,0.01011579,-0.50064903,0.0,0.0,0.0,0.0,0
9119331374,9119308878,0.86430675,0.027343942,0.0069823614,-0.50217265,0.0,0.0,0.0,0.0,0
9119340875,9119318095,0.86342067,0.027808277,0.0049110376,-0.5036937,0.0,0.0,0.0,0.0,0
9119351293,9119328670,0.86247104,0.027872503,0.0032121944,-0.50532806,0.0,0.0,0.0,0.0,0
9119361706,9119338149,0.8615587,0.02764992,0.0017336294,-0.50690144,0.0,0.0,0.0,0.0,0
9119372247,9119348791,0.86050147,0.027171245,0.000677398,-0.5087224,0.0,0.0,0.0,0.0,0
9119380626,9119358824,0.85946876,0.02663811,0.00022465455,-0.51049376,0.0,0.0,0.0,0.0,0
9119391257,9119369132,0.8579645,0.02586094,-0.00026422524,-0.51305753,0.0,0.0,0.0,0.0,0
9119401848,9119378145,0.8564196,0.025008924,-0.000712731,-0.51567376,0.0,0.0,0.0,0.0,0
9119412934,9119388774,0.85480964,0.023905959,-0.00063778984,-0.51839036,0.0,0.0,0.0,0.0,0
9119421647,9119399149,0.85350096,0.02281841,-0.00020745676,-0.52059144,0.0,0.0,0.0,0.0,0
9119431734,9119410160,0.85187274,0.02134283,0.00014980265,-0.52331376,0.0,0.0,0.0,0.0,0
9119443142,9119418861,0.849783,0.019427355,5.0328526e-05,-0.5267745,0.0,0.0,0.0,0.0,0
9119451509,9119428764,0.8480897,0.017820835,-0.0006528297,-0.52955264,0.0,0.0,0.0,0.0,0
9119461543,9119439335,0.8459914,0.015592447,-0.0022124061,-0.5329639,0.0,0.0,0.0,0.0,0
9119471935,9119449014,0.8437929,0.01291163,-0.0039290604,-0.5364994,0.0,0.0,0.0,0.0,0
9119482390,9119458835,0.84160936,0.009879901,-0.0053986176,-0.5399693,0.0,0.0,0.0,0.0,0
9119490755,9119469023,0.8398958,0.0073933657,-0.0065742484,-0.54265755,0.0,0.0,0.0,0.0,0
9119501543,9119478331,0.8378798,0.0043346556,-0.008228546,-0.5457757,0.0,0.0,0.0,0.0,0
9119512234,9119488294,0.8362384,0.001785181,-0.01008572,-0.54827034,0.0,0.0,0.0,0.0,0
9119521956,9119499006,0.8349572,9.045878e-05,-0.012225604,-0.5501791,0.0,0.0,0.0,0.0,0
9119531621,9119509429,0.83374375,-0.0012525093,-0.014738196,-0.55195355,0.0,0.0,0.0,0.0,0
9119542184,9119519427,0.8324199,-0.002513952,-0.017752098,-0.55385536,0.0,0.0,0.0,0.0,0
9119552591,9119528873,0.8310879,-0.0035587286,-0.021050643,-0.5557312,0.0,0.0,0.0,0.0,0
9119562049,9119539415,0.82982105,-0.0044198954,-0.024508996,-0.55747354,0.0,0.0,0.0,0.0,0
9119571391,9119548997,0.82855153,-0.0053550783,-0.02852892,-0.5591599,0.0,0.0,0.0,0.0,0
9119581966,9119559541,0.8272091,-0.00673213,-0.033518434,-0.5608532,0.0,0.0,0.0,0.0,0
9119591559,9119568903,0.82605076,-0.00829101,-0.037926737,-0.56225723,0.0,0.0,0.0,0.0,0
9119602054,9119579054,0.82480145,-0.010160459,-0.042393878,-0.5637394,0.0,0.0,0.0,0.0,0
9119612527,9119588809,0.8235898,-0.012006875,-0.04635727,-0.5651608,0.0,0.0,0.0,0.0,0
9119622997,9119599568,0.8225198,-0.01369386,-0.04952857,-0.5664104,0.0,0.0,0.0,0.0,0
9119631440,9119609613,0.821878,-0.0146963885,-0.05155702,-0.5671353,0.0,0.0,0.0,0.0,0
9119641999,9119619437,0.82133704,-0.015275829,-0.05375689,-0.56769925,0.0,0.0,0.0,0.0,0
9119652337,9119628934,0.8209562,-0.015216419,-0.05558824,-0.5680752,0.0,0.0,0.0,0.0,0
9119661758,9119639434,0.82071763,-0.014778171,-0.057254244,-0.56826586,0.0,0.0,0.0,0.0,0
9119672322,9119649423,0.82046705,-0.014192495,-0.059723236,-0.5683886,0.0,0.0,0.0,0.0,0
9119682803,9119659282,0.81996197,-0.013968586,-0.062638,-0.5688091,0.0,0.0,0.0,0.0,0
9119693238,9119669593,0.8190778,-0.01431746,-0.065394565,-0.5697631,0.0,0.0,0.0,0.0,0
9119701703,9119679880,0.81820786,-0.014921255,-0.06720025,-0.5707867,0.0,0.0,0.0,0.0,0
9119712324,9119689652,0.8171896,-0.015793618,-0.068622135,-0.57205135,0.0,0.0,0.0,0.0,0
9119721663,9119699026,0.8164959,-0.016382586,-0.069012985,-0.5729775,0.0,0.0,0.0,0.0,0
9119732361,9119709825,0.8159771,-0.016584447,-0.068797275,-0.5737362,0.0,0.0,0.0,0.0,0
9119741723,9119718996,0.81575656,-0.016364876,-0.06828816,-0.5741168,0.0,0.0,0.0,0.0,0
9119751750,9119728863,0.8156541,-0.016014019,-0.06737473,-0.5743801,0.0,0.0,0.0,0.0,0
9119762504,9119738964,0.81559616,-0.015827915,-0.06589667,-0.57463914,0.0,0.0,0.0,0.0,0
9119772225,9119749024,0.8156727,-0.015851492,-0.063736886,-0.5747734,0.0,0.0,0.0,0.0,0
9119781647,9119758878,0.81601036,-0.015868176,-0.060329076,-0.5746615,0.0,0.0,0.0,0.0,0
9119792163,9119769670,0.8167358,-0.015528543,-0.05505582,-0.5741692,0.0,0.0,0.0,0.0,0
9119801591,9119779114,0.81764543,-0.01456643,-0.049555685,-0.5734005,0.0,0.0,0.0,0.0,0
9119812193,9119789402,0.8187995,-0.012767769,-0.043326274,-0.5723,0.0,0.0,0.0,0.0,0
9119821509,9119798292,0.81973225,-0.010939648,-0.038274426,-0.5713621,0.0,0.0,0.0,0.0,0
9119831935,9119809595,0.8205203,-0.009116131,-0.032818213,-0.57060194,0.0,0.0,0.0,0.0,0
9119841937,9119818801,0.8209353,-0.007820213,-0.027104443,-0.570324,0.0,0.0,0.0,0.0,0
9119852141,9119829210,0.8211146,-0.0068422556,-0.020390227,-0.57035816,0.0,0.0,0.0,0.0,0
9119862567,9119839315,0.8212364,-0.0058551324,-0.012783897,-0.57041496,0.0,0.0,0.0,0.0,0
9119872916,9119849545,0.8214293,-0.0045634196,-0.0050915475,-0.5702693,0.0,0.0,0.0,0.0,0
9119881337,9119859823,0.821681,-0.0032277687,0.0006347062,-0.569938,0.0,0.0,0.0,0.0,0
9119891904,9119869097,0.82195884,-0.001421075,0.0072917566,-0.5694985,0.0,0.0,0.0,0.0,0
9119902251,9119878648,0.8219085,0.00021345218,0.014004056,-0.5694474,0.0,0.0,0.0,0.0,0
9119911725,9119889341,0.82155526,0.0014663732,0.02034582,-0.56976396,0.0,0.0,0.0,0.0,0
9119922195,9119899560,0.8210161,0.0025985988,0.027124664,-0.57025445,0.0,0.0,0.0,0.0,0
9119932659,9119909050,0.8204619,0.0033986724,0.033603694,-0.5707026,0.0,0.0,0.0,0.0,0
9119943319,9119919738,0.8198297,0.0038396965,0.0401718,-0.5711837,0.0,0.0,0.0,0.0,0
9119951766,9119929746,0.8191657,0.004090477,0.045373436,-0.57174474,0.0,0.0,0.0,0.0,0
9119962203,9119940046,0.8180408,0.0046188617,0.05151274,-0.57283014,0.0,0.0,0.0,0.0,0
9119972750,9119949083,0.8165633,0.0055273785,0.056965444,-0.5744117,0.0,0.0,0.0,0.0,0
9119982148,9119959720,0.8149988,0.0064601996,0.061059166,-0.5762006,0.0,0.0,0.0,0.0,0
9119992633,9119969832,0.8132342,0.0073522986,0.065232925,-0.5782221,0.0,0.0,0.0,0.0,0
9120001986,9119979662,0.8117383,0.008036692,0.069186606,-0.57985306,0.0,0.0,0.0,0.0,0
9120013678,9119989962,0.8101721,0.009001648,0.07466631,-0.58134764,0.0,0.0,0.0,0.0,0
9120022203,9119999122,0.80928123,0.009925336,0.07879742,-0.58202785,0.0,0.0,0.0,0.0,0
9120032362,9120010163,0.8084457,0.011234298,0.08359943,-0.5824951,0.0,0.0,0.0,0.0,0
9120042837,9120019476,0.8076896,0.012568036,0.08818932,-0.5828398,0.0,0.0,0.0,0.0,0
9120052301,9120029022,0.8069368,0.013599606,0.09171554,-0.5833149,0.0,0.0,0.0,0.0,0
9120062738,9120039922,0.8057945,0.014495253,0.09510636,-0.5843287,0.0,0.0,0.0,0.0,0
9120072547,9120048814,0.8044053,0.015192361,0.0982655,-0.58570075,0.0,0.0,0.0,0.0,0
9120083016,9120060047,0.80290836,0.016046543,0.101503804,-0.5871777,0.0,0.0,0.0,0.0,0
9120092479,9120070066,0.80179477,0.017151993,0.10425665,-0.588185,0.0,0.0,0.0,0.0,0
9120103005,9120080106,0.8008036,0.01886046,0.10740187,-0.58891666,0.0,0.0,0.0,0.0,0
9120112510,9120089796,0.8000342,0.02074763,0.11025884,-0.58937067,0.0,0.0,0.0,0.0,0
9120123926,9120100513,0.79915345,0.023225632,0.11358999,-0.5898405,0.0,0.0,0.0,0.0,0
9120132305,9120109584,0.7984799,0.025106266,0.11612372,-0.59018195,0.0,0.0,0.0,0.0,0
9120142818,9120119922,0.7975693,0.027490025,0.11953659,-0.5906255,0.0,0.0,0.0,0.0,0
9120153238,9120129812,0.7966595,0.029845888,0.123081535,-0.59101075,0.0,0.0,0.0,0.0,0
9120162263,9120140300,0.79591703,0.031928074,0.1261613,-0.591253,0.0,0.0,0.0,0.0,0
9120172811,9120150540,0.7951434,0.034539655,0.12973984,-0.5913726,0.0,0.0,0.0,0.0,0
9120183167,9120159771,0.79446435,0.03734884,0.13334516,-0.5913125,0.0,0.0,0.0,0.0,0
9120193829,9120170261,0.7938514,0.04040694,0.13700572,-0.59109783,0.0,0.0,0.0,0.0,0
9120202250,9120180253,0.7934378,0.04281789,0.13963628,-0.5908679,0.0,0.0,0.0,0.0,0
9120212799,9120190301,0.7929528,0.045753848,0.14253224,-0.59060746,0.0,0.0,0.0,0.0,0
9120223161,9120199726,0.7924392,0.048533652,0.14518687,-0.59042805,0.0,0.0,0.0,0.0,0
9120232580,9120210266,0.79199255,0.05091335,0.14745247,-0.59026563,0.0,0.0,0.0,0.0,0
9120243119,9120220445,0.7916068,0.0532919,0.14932871,-0.59010136,0.0,0.0,0.0,0.0,0
9120253518,9120230095,0.79117936,0.055181064,0.1505168,-0.59019905,0.0,0.0,0.0,0.0,0
9120263678,9120240600,0.79051644,0.056440406,0.15154186,-0.59070593,0.0,0.0,0.0,0.0,0
9120272755,9120250605,0.78986615,0.05709273,0.15263836,-0.5912305,0.0,0.0,0.0,0.0,0
9120282313,9120259882,0.78935736,0.057592843,0.15398917,-0.59151113,0.0,0.0,0.0,0.0,0
9120292649,9120270224,0.78916794,0.058210213,0.15511751,-0.59140867,0.0,0.0,0.0,0.0,0
9120303160,9120279766,0.7893021,0.05887797,0.15559724,-0.5910373,0.0,0.0,0.0,0.0,0
9120312579,9120289944,0.789523,0.059361473,0.15562987,-0.5906853,0.0,0.0,0.0,0.0,0
9120322988,9120300031,0.7897523,0.059719805,0.15530305,-0.5904286,0.0,0.0,0.0,0.0,0
9120334715,9120309880,0.78996557,0.0599719,0.15443322,-0.59034586,0.0,0.0,0.0,0.0,0
9120342182,9120320089,0.7901007,0.060038477,0.15342982,-0.59041995,0.0,0.0,0.0,0.0,0
9120352671,9120330555,0.7903196,0.060006347,0.15128809,-0.5906827,0.0,0.0,0.0,0.0,0
9120363294,9120339656,0.79052955,0.059934057,0.14849763,-0.5911172,0.0,0.0,0.0,0.0,0
9120373736,9120350198,0.7907812,0.059907373,0.14503396,-0.59164304,0.0,0.0,0.0,0.0,0
9120383175,9120360336,0.79114044,0.059898585,0.14117381,-0.5920971,0.0,0.0,0.0,0.0,0
9120392534,9120370243,0.7915484,0.059778698,0.13713798,-0.59251237,0.0,0.0,0.0,0.0,0
9120403202,9120380653,0.7919511,0.059438534,0.13269828,-0.5930191,0.0,0.0,0.0,0.0,0
9120412649,9120390059,0.7923225,0.058994852,0.12863933,-0.5934616,0.0,0.0,0.0,0.0,0
9120423215,9120400268,0.7928001,0.05841776,0.12385211,-0.59389883,0.0,0.0,0.0,0.0,0
9120433675,9120410137,0.79320025,0.05782105,0.11940577,-0.59433365,0.0,0.0,0.0,0.0,0
9120444239,9120420680,0.7934642,0.057218205,0.11550194,-0.59481096,0.0,0.0,0.0,0.0,0
9120452882,9120430731,0.7936342,0.056732453,0.11230628,-0.59524244,0.0,0.0,0.0,0.0,0
9120463285,9120440570,0.79392844,0.056036003,0.108044714,-0.59570456,0.0,0.0,0.0,0.0,0
9120472885,9120450149,0.7943958,0.055110678,0.10378502,-0.59592503,0.0,0.0,0.0,0.0,0
9120483368,9120460781,0.7952065,0.05380079,0.098665886,-0.59583324,0.0,0.0,0.0,0.0,0
9120493719,9120469969,0.7962263,0.05240352,0.092938066,-0.5955167,0.0,0.0,0.0,0.0,0
9120502616,9120480866,0.79713494,0.051225647,0.08757473,-0.5952163,0.0,0.0,0.0,0.0,0
9120514273,9120490124,0.7982478,0.049762793,0.08036683,-0.59486586,0.0,0.0,0.0,0.0,0
9120522937,9120499943,0.79902637,0.048696384,0.074955024,-0.5946152,0.0,0.0,0.0,0.0,0
9120533693,9120510922,0.79994166,0.047320426,0.06786387,-0.5943472,0.0,0.0,0.0,0.0,0
9120543029,9120520139,0.8006946,0.04603345,0.061546784,-0.5941221,0.0,0.0,0.0,0.0,0
9120553559,9120531072,0.8013398,0.044387728,0.05499844,-0.5940198,0.0,0.0,0.0,0.0,0
9120562926,9120540311,0.80176795,0.042775035,0.049878236,-0.59401226,0.0,0.0,0.0,0.0,0
9120573397,9120550053,0.80216765,0.040934745,0.04443353,-0.59403455,0.0,0.0,0.0,0.0,0
9120584870,9120560462,0.80250025,0.038947776,0.038849376,-0.5941103,0.0,0.0,0.0,0.0,0
9120593325,9120570514,0.8026039,0.037519563,0.03518553,-0.5942905,0.0,0.0,0.0,0.0,0
9120602727,9120580896,0.80260277,0.03588023,0.031311717,-0.59461004,0.0,0.0,0.0,0.0,0
9120613232,9120590809,0.80251694,0.033742696,0.026869712,-0.5950681,0.0,0.0,0.0,0.0,0
9120623787,9120600046,0.8024264,0.031130651,0.02210135,-0.59552854,0.0,0.0,0.0,0.0,0
9120632918,9120610318,0.80238944,0.02851564,0.017710736,-0.595856,0.0,0.0,0.0,0.0,0
9120643467,9120620703,0.80234116,0.025328245,0.012570326,-0.5961955,0.0,0.0,0.0,0.0,0
9120653899,9120630434,0.80223745,0.022346735,0.007479269,-0.5965399,0.0,0.0,0.0,0.0,0
9120666382,9120640914,0.80197895,0.019229569,0.0011238195,-0.59704167,0.0,0.0,0.0,0.0,0
9120673715,9120651166,0.8017227,0.017718123,-0.0028278483,-0.5974268,0.0,0.0,0.0,0.0,0
9120684122,9120661461,0.80126697,0.016118448,-0.008515465,-0.59802914,0.0,0.0,0.0,0.0,0
9120694499,9120670618,0.80067533,0.015047064,-0.014060261,-0.5987445,0.0,0.0,0.0,0.0,0
9120703221,9120681363,0.80015177,0.0144500695,-0.018610869,-0.5993347,0.0,0.0,0.0,0.0,0
9120713700,9120690921,0.79947907,0.0139394915,-0.024113335,-0.600048,0.0,0.0,0.0,0.0,0
9120724122,9120700479,0.79884225,0.0134676555,-0.029794604,-0.6006513,0.0,0.0,0.0,0.0,0
9120733658,9120711002,0.79833186,0.012880853,-0.035151098,-0.60105294,0.0,0.0,0.0,0.0,0
9120743070,9120721200,0.797888,0.012023911,-0.040433068,-0.6013279,0.0,0.0,0.0,0.0,0
9120753413,9120730902,0.797414,0.010814335,-0.045922574,-0.6015855,0.0,0.0,0.0,0.0,0
9120764922,9120740566,0.7968609,0.009269778,-0.051391542,-0.6019018,0.0,0.0,0.0,0.0,0
9120773354,9120750546,0.7964753,0.008040629,-0.055003412,-0.60211056,0.0,0.0,0.0,0.0,0
9120783959,9120761146,0.7960701,0.006409983,-0.059262563,-0.6022619,0.0,0.0,0.0,0.0,0
9120794424,9120770873,0.7956719,0.0048408094,-0.06309147,-0.6024137,0.0,0.0,0.0,0.0,0
9120803826,9120781213,0.79523045,0.0035431539,-0.06628624,-0.60266244,0.0,0.0,0.0,0.0,0
9120813273,9120791470,0.7946539,0.002195445,-0.06943633,-0.60307455,0.0,0.0,0.0,0.0,0
9120823744,9120801146,0.7938632,0.00054776564,-0.072729036,-0.60373133,0.0,0.0,0.0,0.0,0
9120835243,9120810791,0.79288715,-0.0014145471,-0.07612449,-0.6045933,0.0,0.0,0.0,0.0,0
9120843760,9120820656,0.79216915,-0.0029162264,-0.07850605,-0.6052242,0.0,0.0,0.0,0.0,0
9120853142,9120831444,0.7914189,-0.0044911085,-0.080893226,-0.60588145,0.0,0.0,0.0,0.0,0
9120864501,9120841055,0.7905963,-0.006134229,-0.08360521,-0.6065725,0.0,0.0,0.0,0.0,0
9120874169,9120850464,0.789951,-0.007204216,-0.0857599,-0.6071003,0.0,0.0,0.0,0.0,0
9120883549,9120861637,0.7893482,-0.007925689,-0.08740128,-0.6076412,0.0,0.0,0.0,0.0,0
9120894075,9120871030,0.78872746,-0.008412596,-0.08850756,-0.6082801,0.0,0.0,0.0,0.0,0
9120904541,9120881064,0.78824186,-0.008591893,-0.08904956,-0.60882765,0.0,0.0,0.0,0.0,0
9120913246,9120891585,0.7879267,-0.008581287,-0.08948449,-0.6091719,0.0,0.0,0.0,0.0,0
9120923770,9120901604,0.78747165,-0.008574724,-0.090246804,-0.60964775,0.0,0.0,0.0,0.0,0
9120934209,9120910572,0.7868412,-0.008732149,-0.090874225,-0.610366,0.0,0.0,0.0,0.0,0
9120944754,9120921290,0.7861344,-0.0091212485,-0.09091524,-0.6112641,0.0,0.0,0.0,0.0,0
9120954371,9120931307,0.7856231,-0.009600142,-0.09035315,-0.6119973,0.0,0.0,0.0,0.0,0
9120963627,9120941135,0.78545904,-0.009956439,-0.08936355,-0.61234725,0.0,0.0,0.0,0.0,0
9120974053,9120951753,0.7856382,-0.010019504,-0.08789828,-0.61232847,0.0,0.0,0.0,0.0,0
9120983519,9120961143,0.7859946,-0.00976363,-0.08636869,-0.6120929,0.0,0.0,0.0,0.0,0
9120994025,9120971358,0.78652114,-0.009340321,-0.08436163,-0.61170286,0.0,0.0,0.0,0.0,0
9121004502,9120981008,0.7871407,-0.008990188,-0.08189915,-0.6112457,0.0,0.0,0.0,0.0,0
9121014997,9120991514,0.7878566,-0.008734956,-0.07894857,-0.610715,0.0,0.0,0.0,0.0,0
9121023381,9121001578,0.78849584,-0.008533544,-0.076220945,-0.6102393,0.0,0.0,0.0,0.0,0
9121033896,9121011510,0.78936374,-0.008174269,-0.07217664,-0.6096136,0.0,0.0,0.0,0.0,0
9121044149,9121020897,0.79031867,-0.0076356516,-0.06735231,-0.608935,0.0,0.0,0.0,0.0,0
9121053725,9121031377,0.7913341,-0.006985947,-0.06188503,-0.60820377,0.0,0.0,0.0,0.0,0
9121064167,9121041332,0.79251647,-0.0062144017,-0.055600338,-0.6072789,0.0,0.0,0.0,0.0,0
9121074851,9121051036,0.79364496,-0.0055341376,-0.05017963,-0.6062831,0.0,0.0,0.0,0.0,0
9121085880,9121061674,0.7943861,-0.005250531,-0.045395173,-0.6056917,0.0,0.0,0.0,0.0,0
9121093246,9121071961,0.79450923,-0.005487264,-0.04167533,-0.6057955,0.0,0.0,0.0,0.0,0
9121103698,9121081870,0.79447865,-0.006283047,-0.035379026,-0.6062281,0.0,0.0,0.0,0.0,0
9121114118,9121090768,0.79460275,-0.0070543615,-0.028819092,-0.6064043,0.0,0.0,0.0,0.0,0
9121124733,9121101182,0.7948911,-0.007441179,-0.021912076,-0.6063106,0.0,0.0,0.0,0.0,0
9121134075,9121111175,0.7953177,-0.0073131565,-0.015516508,-0.60595006,0.0,0.0,0.0,0.0,0
9121144626,9121121084,0.7960215,-0.006694163,-0.008165962,-0.60517615,0.0,0.0,0.0,0.0,0
9121154910,9121131599,0.79686594,-0.0058611906,-0.0010417282,-0.6041269,0.0,0.0,0.0,0.0,0
9121163605,9121141878,0.7975448,-0.0052162,0.0047612777,-0.6032185,0.0,0.0,0.0,0.0,0
9121173865,9121151311,0.7980676,-0.0047694254,0.011267107,-0.6024437,0.0,0.0,0.0,0.0,0
9121184246,9121161083,0.79822,-0.0046909642,0.017690942,-0.6020879,0.0,0.0,0.0,0.0,0
9121194787,9121171328,0.79813445,-0.0048376704,0.024276078,-0.6019707,0.0,0.0,0.0,0.0,0
9121204399,9121181329,0.797978,-0.00495434,0.03027794,-0.6019052,0.0,0.0,0.0,0.0,0
9121213878,9121191528,0.7977954,-0.004869709,0.036005814,-0.6018325,0.0,0.0,0.0,0.0,0
9121224249,9121201811,0.79755676,-0.0045108967,0.041886058,-0.60177106,0.0,0.0,0.0,0.0,0
9121233763,9121211350,0.79724514,-0.0040464643,0.046657607,-0.6018362,0.0,0.0,0.0,0.0,0
9121244344,9121221556,0.79661363,-0.0036224152,0.051235896,-0.6023026,0.0,0.0,0.0,0.0,0
9121254875,9121231079,0.7956431,-0.0034448265,0.05556458,-0.60320204,0.0,0.0,0.0,0.0,0
9121265317,9121241842,0.79451203,-0.0034585185,0.060009144,-0.6042661,0.0,0.0,0.0,0.0,0
9121273767,9121251969,0.79362255,-0.0034368425,0.06388098,-0.6050378,0.0,0.0,0.0,0.0,0
9121284102,9121261821,0.792654,-0.0031495024,0.06904995,-0.6057407,0.0,0.0,0.0,0.0,0
9121294615,9121271271,0.7918638,-0.0025337704,0.07472498,-0.6061035,0.0,0.0,0.0,0.0,0
9121304072,9121281568,0.7912595,-0.0017652274,0.08038006,-0.60617185,0.0,0.0,0.0,0.0,0
9121314116,9121291676,0.79065406,-0.00085338525,0.08672435,-0.60608935,0.0,0.0,0.0,0.0,0
9121324431,9121301312,0.79012096,1.6252134e-05,0.092891455,-0.6058713,0.0,0.0,0.0,0.0,0
9121336042,9121311589,0.7895638,0.0008260136,0.09931219,-0.60557866,0.0,0.0,0.0,0.0,0
9121344290,9121321548,0.78912014,0.0013612838,0.10380856,-0.60540193,0.0,0.0,0.0,0.0,0
9121354770,9121332212,0.78849417,0.002251529,0.109601416,-0.6051938,0.0,0.0,0.0,0.0,0
9121365114,9121341552,0.7878887,0.0036405995,0.11537993,-0.6049015,0.0,0.0,0.0,0.0,0
9121374771,9121352241,0.78734565,0.005600341,0.1209856,-0.6044981,0.0,0.0,0.0,0.0,0
9121384134,9121362245,0.78680307,0.008084231,0.12616672,-0.6041172,0.0,0.0,0.0,0.0,0
9121394596,9121371633,0.7863419,0.01118907,0.13056043,-0.60373443,0.0,0.0,0.0,0.0,0
9121406055,9121381430,0.78563315,0.014690381,0.13403793,-0.6038201,0.0,0.0,0.0,0.0,0
9121414591,9121391887,0.78470576,0.017408635,0.13655326,-0.6043898,0.0,0.0,0.0,0.0,0
9121425015,9121402480,0.78314745,0.021047497,0.1398606,-0.60553783,0.0,0.0,0.0,0.0,0
9121434398,9121412099,0.7816406,0.024617676,0.14298937,-0.6066185,0.0,0.0,0.0,0.0,0
9121444273,9121422524,0.7801129,0.028484529,0.14662223,-0.607548,0.0,0.0,0.0,0.0,0
9121454677,9121431690,0.7787324,0.03238695,0.15066479,-0.60813415,0.0,0.0,0.0,0.0,0
9121464264,9121441160,0.777801,0.035633136,0.15435734,-0.6082186,0.0,0.0,0.0,0.0,0
9121474732,9121452147,0.77708143,0.03868828,0.15850604,-0.60788435,0.0,0.0,0.0,0.0,0
9121484142,9121461728,0.7766025,0.040970948,0.16202699,-0.60741854,0.0,0.0,0.0,0.0,0
9121494701,9121472024,0.7762375,0.04307964,0.16492338,-0.60695934,0.0,0.0,0.0,0.0,0
9121505313,9121481457,0.7758841,0.044955764,0.16698068,-0.6067129,0.0,0.0,0.0,0.0,0
9121516024,9121492145,0.77542925,0.046819355,0.16879575,-0.606651,0.0,0.0,0.0,0.0,0
9121526504,9121502324,0.77506465,0.048721116,0.17017098,-0.60658294,0.0,0.0,0.0,0.0,0
9121535085,9121512107,0.7749373,0.050345197,0.17105986,-0.6063631,0.0,0.0,0.0,0.0,0
9121544777,9121521837,0.7748746,0.05229407,0.17200322,-0.60601115,0.0,0.0,0.0,0.0,0
9121555203,9121532134,0.774933,0.054474123,0.17235588,-0.60564417,0.0,0.0,0.0,0.0,0
9121564738,9121542296,0.77507406,0.05641803,0.1717513,-0.6054575,0.0,0.0,0.0,0.0,0
9121575125,9121552645,0.77523303,0.058313347,0.17027281,-0.6054919,0.0,0.0,0.0,0.0,0
9121586574,9121562201,0.77550113,0.06000234,0.16769537,-0.6057029,0.0,0.0,0.0,0.0,0
9121594967,9121572200,0.77580464,0.060960177,0.16509028,-0.60593414,0.0,0.0,0.0,0.0,0
9121604462,9121582600,0.7762286,0.06182915,0.16149104,-0.6062731,0.0,0.0,0.0,0.0,0
9121614801,9121592492,0.7769075,0.06255993,0.15660429,-0.6066104,0.0,0.0,0.0,0.0,0
9121625268,9121601933,0.77797425,0.06296392,0.15038474,-0.60677516,0.0,0.0,0.0,0.0,0
9121634920,9121612121,0.7792056,0.06288218,0.14363317,-0.6068395,0.0,0.0,0.0,0.0,0
9121645371,9121622608,0.78056216,0.062266506,0.13542844,-0.60704607,0.0,0.0,0.0,0.0,0
9121655938,9121632409,0.78171825,0.061201647,0.12669574,-0.6075517,0.0,0.0,0.0,0.0,0
9121664299,9121642667,0.78224075,0.06013695,0.1200913,-0.60832644,0.0,0.0,0.0,0.0,0
9121674866,9121652816,0.78253335,0.05858432,0.11256637,-0.6095394,0.0,0.0,0.0,0.0,0
9121685203,9121661624,0.7825959,0.056970112,0.105724074,-0.610836,0.0,0.0,0.0,0.0,0
9121694664,9121672366,0.78252816,0.0555345,0.099637575,-0.61207676,0.0,0.0,0.0,0.0,0
9121705152,9121682536,0.7823881,0.0540246,0.09289028,-0.6134507,0.0,0.0,0.0,0.0,0
9121715648,9121691570,0.7822322,0.05255989,0.08589249,-0.61479497,0.0,0.0,0.0,0.0,0
9121726123,9121702452,0.78211915,0.05102973,0.07838844,-0.6160689,0.0,0.0,0.0,0.0,0
9121734687,9121712119,0.78214943,0.04952468,0.071545936,-0.6169853,0.0,0.0,0.0,0.0,0
9121745233,9121723065,0.782359,0.04719631,0.0622381,-0.6179104,0.0,0.0,0.0,0.0,0
9121755699,9121731978,0.7826119,0.044607468,0.052712522,-0.6186681,0.0,0.0,0.0,0.0,0
9121766209,9121742683,0.7827942,0.04212595,0.04326409,-0.6193439,0.0,0.0,0.0,0.0,0
9121774799,9121752781,0.7827909,0.0405,0.035832793,-0.61993074,0.0,0.0,0.0,0.0,0
9121785285,9121762651,0.78249836,0.03930664,0.026953815,-0.62082595,0.0,0.0,0.0,0.0,0
9121795869,9121772273,0.7819072,0.038888797,0.017493414,-0.6219347,0.0,0.0,0.0,0.0,0
9121805382,9121782812,0.78141624,0.03882477,0.008510362,-0.62274307,0.0,0.0,0.0,0.0,0
9121815846,9121793143,0.78055817,0.038488314,-0.00097509456,-0.6238964,0.0,0.0,0.0,0.0,0
9121825248,9121802874,0.7796323,0.03753326,-0.008148096,-0.62505877,0.0,0.0,0.0,0.0,0
9121835842,9121812220,0.7782464,0.035906024,-0.0145670455,-0.62676245,0.0,0.0,0.0,0.0,0
9121845283,9121822380,0.7769482,0.034411103,-0.019586807,-0.62831825,0.0,0.0,0.0,0.0,0
9121854705,9121832772,0.77580756,0.033146597,-0.02460984,-0.6296177,0.0,0.0,0.0,0.0,0
9121865145,9121842802,0.7746924,0.032001168,-0.030063203,-0.63081205,0.0,0.0,0.0,0.0,0
9121875710,9121852034,0.7736794,0.030896688,-0.03522724,-0.6318423,0.0,0.0,0.0,0.0,0
9121885365,9121862264,0.77286786,0.029582245,-0.03995113,-0.63261694,0.0,0.0,0.0,0.0,0
9121895771,9121873042,0.7719561,0.027593924,-0.045047875,-0.63347703,0.0,0.0,0.0,0.0,0
9121906304,9121882844,0.77084464,0.025138125,-0.049819533,-0.6345745,0.0,0.0,0.0,0.0,0
9121914686,9121892886,0.76988995,0.022954611,-0.05346258,-0.6355191,0.0,0.0,0.0,0.0,0
9121925121,9121902992,0.7687201,0.019925185,-0.058068704,-0.63663214,0.0,0.0,0.0,0.0,0
9121935585,9121912215,0.76752627,0.016556447,-0.06252344,-0.6377462,0.0,0.0,0.0,0.0,0
9121946078,9121922636,0.76629364,0.012974463,-0.06648276,-0.6389098,0.0,0.0,0.0,0.0,0
9121955500,9121932868,0.76515627,0.00981205,-0.06943089,-0.6400148,0.0,0.0,0.0,0.0,0
9121966034,9121942299,0.76409376,0.0065064924,-0.07227928,-0.6410102,0.0,0.0,0.0,0.0,0
9121976751,9121953017,0.7633027,0.0032632565,-0.0752219,-0.6416385,0.0,0.0,0.0,0.0,0
9121987201,9121963291,0.76269954,-5.274766e-05,-0.07856105,-0.64196396,0.0,0.0,0.0,0.0,0
9121995643,9121973241,0.76214224,-0.003021882,-0.081665546,-0.6422313,0.0,0.0,0.0,0.0,0
9122006164,9121982540,0.76118726,-0.007098241,-0.08550575,-0.6428316,0.0,0.0,0.0,0.0,0
9122016644,9121992365,0.760053,-0.011403568,-0.08882622,-0.6436609,0.0,0.0,0.0,0.0,0
9122024989,9122003448,0.7591823,-0.014833447,-0.09116315,-0.6442915,0.0,0.0,0.0,0.0,0
9122035505,9122012806,0.7582997,-0.018772168,-0.09371864,-0.6448613,0.0,0.0,0.0,0.0,0
9122046018,9122022512,0.7577319,-0.021936039,-0.0954819,-0.64517003,0.0,0.0,0.0,0.0,0
9122055587,9122033014,0.75758165,-0.024082188,-0.09649444,-0.64511937,0.0,0.0,0.0,0.0,0
9122066050,9122043273,0.75768745,-0.02591396,-0.0975789,-0.64476085,0.0,0.0,0.0,0.0,0
9122075447,9122053086,0.75770617,-0.02737687,-0.098792866,-0.6444936,0.0,0.0,0.0,0.0,0
9122086925,9122063542,0.75742054,-0.029184699,-0.10049749,-0.64448625,0.0,0.0,0.0,0.0,0
9122095359,9122072735,0.75697494,-0.030532073,-0.10154889,-0.6447826,0.0,0.0,0.0,0.0,0
9122105909,9122083155,0.75641555,-0.031920172,-0.10220232,-0.6452685,0.0,0.0,0.0,0.0,0
9122116225,9122092864,0.75606036,-0.032676008,-0.10217124,-0.6456517,0.0,0.0,0.0,0.0,0
9122125750,9122103358,0.75596154,-0.032510504,-0.10170419,-0.6458495,0.0,0.0,0.0,0.0,0
9122135299,9122113325,0.7561196,-0.031298716,-0.10086768,-0.6458555,0.0,0.0,0.0,0.0,0
9122145766,9122123069,0.7565445,-0.029174192,-0.0996965,-0.6456392,0.0,0.0,0.0,0.0,0
9122157306,9122132789,0.75713474,-0.026570806,-0.09787696,-0.64533794,0.0,0.0,0.0,0.0,0
9122165737,9122142842,0.75756675,-0.0247399,-0.09575837,-0.6452215,0.0,0.0,0.0,0.0,0
9122175244,9122153506,0.7580549,-0.023000432,-0.09258219,-0.64517623,0.0,0.0,0.0,0.0,0
9122185638,9122163053,0.7585359,-0.02156106,-0.088976756,-0.64516777,0.0,0.0,0.0,0.0,0
9122196128,9122172727,0.7587883,-0.020247934,-0.08510688,-0.6454357,0.0,0.0,0.0,0.0,0
9122205650,9122182924,0.75882256,-0.018700497,-0.08068443,-0.64600974,0.0,0.0,0.0,0.0,0
9122216147,9122192546,0.7589349,-0.016287845,-0.07451124,-0.6466843,0.0,0.0,0.0,0.0,0
9122226835,9122202919,0.7593037,-0.013140257,-0.06725707,-0.64711815,0.0,0.0,0.0,0.0,0
9122235266,9122213204,0.75986516,-0.010372229,-0.061615475,-0.64707094,0.0,0.0,0.0,0.0,0
9122245762,9122223537,0.76053965,-0.007051332,-0.05555706,-0.6468718,0.0,0.0,0.0,0.0,0
9122256126,9122232553,0.7608655,-0.0043096086,-0.049697094,-0.6469894,0.0,0.0,0.0,0.0,0
9122266373,9122243255,0.7607555,-0.002360303,-0.042916384,-0.6476139,0.0,0.0,0.0,0.0,0
9122275800,9122253445,0.76049984,-0.0011121985,-0.035816804,-0.6483485,0.0,0.0,0.0,0.0,0
9122286321,9122262755,0.76033336,0.000109439075,-0.027370539,-0.64895606,0.0,0.0,0.0,0.0,0
9122295618,9122273313,0.7604309,0.0013269858,-0.019475086,-0.6491255,0.0,0.0,0.0,0.0,0
9122305815,9122283794,0.76078737,0.0027604725,-0.010685249,-0.6489074,0.0,0.0,0.0,0.0,0
9122316171,9122292945,0.76117927,0.0039985077,-0.0021432212,-0.6485258,0.0,0.0,0.0,0.0,0
9122326504,9122303228,0.7612597,0.004720913,0.0062657716,-0.6483998,0.0,0.0,0.0,0.0,0
9122337065,9122313668,0.7608667,0.004886526,0.015258691,-0.64871037,0.0,0.0,0.0,0.0,0
9122345620,9122323243,0.7602135,0.004681704,0.022795755,-0.64925647,0.0,0.0,0.0,0.0,0
9122356103,9122333508,0.75910777,0.0044512074,0.032181606,-0.6501538,0.0,0.0,0.0,0.0,0
9122366610,9122343093,0.75776786,0.0047542476,0.041755065,-0.6511695,0.0,0.0,0.0,0.0,0
9122376044,9122353551,0.75678164,0.005708092,0.0500947,-0.6517205,0.0,0.0,0.0,0.0,0
9122385704,9122363852,0.7560991,0.0072942306,0.05735312,-0.6518985,0.0,0.0,0.0,0.0,0
9122396443,9122373334,0.7556541,0.009340317,0.064168945,-0.65175307,0.0,0.0,0.0,0.0,0
9122407951,9122383160,0.7549146,0.011355129,0.071717456,-0.65179116,0.0,0.0,0.0,0.0,0
9122415734,9122393546,0.7541656,0.012450571,0.07724811,-0.65200615,0.0,0.0,0.0,0.0,0
9122426207,9122403741,0.7529604,0.013635847,0.08470647,-0.65244895,0.0,0.0,0.0,0.0,0
9122436670,9122413257,0.7515418,0.0148177445,0.092065215,-0.6530617,0.0,0.0,0.0,0.0,0
9122447163,9122423719,0.7499961,0.016201045,0.09927774,-0.6537487,0.0,0.0,0.0,0.0,0
9122456578,9122433727,0.7486594,0.017569311,0.105243996,-0.6543121,0.0,0.0,0.0,0.0,0
9122466330,9122443108,0.7471899,0.019031286,0.11132573,-0.65494406,0.0,0.0,0.0,0.0,0
9122477980,9122453516,0.74508464,0.02082676,0.1192829,-0.65588623,0.0,0.0,0.0,0.0,0
9122485362,9122463381,0.7436301,0.022032434,0.124587126,-0.6565113,0.0,0.0,0.0,0.0,0
9122495856,9122473803,0.7416473,0.023895042,0.13192949,-0.657254,0.0,0.0,0.0,0.0,0
9122506313,9122482885,0.73971397,0.025929833,0.13872786,-0.6579556,0.0,0.0,0.0,0.0,0
9122517025,9122493381,0.7379299,0.028121632,0.1449187,-0.65853417,0.0,0.0,0.0,0.0,0
9122526545,9122503368,0.7362628,0.030088013,0.14986157,-0.6592066,0.0,0.0,0.0,0.0,0
9122536090,9122513628,0.73443234,0.03200667,0.15483081,-0.66000915,0.0,0.0,0.0,0.0,0
9122547346,9122524021,0.7322657,0.034174178,0.16065112,-0.66091627,0.0,0.0,0.0,0.0,0
9122556373,9122533152,0.73076874,0.035840247,0.16492474,-0.661432,0.0,0.0,0.0,0.0,0
9122566868,9122543529,0.7294239,0.037654888,0.16920325,-0.66173494,0.0,0.0,0.0,0.0,0
9122576291,9122553631,0.72856337,0.03907674,0.17231694,-0.66179705,0.0,0.0,0.0,0.0,0
9122586796,9122564303,0.72769004,0.04034107,0.17557135,-0.6618267,0.0,0.0,0.0,0.0,0
9122596276,9122573615,0.7267496,0.041270435,0.1788257,-0.6619314,0.0,0.0,0.0,0.0,0
9122606370,9122583736,0.72579736,0.042101495,0.18214412,-0.6620191,0.0,0.0,0.0,0.0,0
9122616886,9122593766,0.7250701,0.04280411,0.18507247,-0.6619588,0.0,0.0,0.0,0.0,0
9122628231,9122603607,0.7244516,0.043505825,0.18799405,-0.66176695,0.0,0.0,0.0,0.0,0
9122638965,9122613899,0.7239616,0.044197377,0.19051367,-0.66153675,0.0,0.0,0.0,0.0,0
9122647340,9122623132,0.7236177,0.044768058,0.19210243,-0.6614151,0.0,0.0,0.0,0.0,0
9122657845,9122634351,0.7231701,0.045531366,0.19402164,-0.6612923,0.0,0.0,0.0,0.0,0
9122666228,9122645750,0.7224888,0.04628004,0.19587563,-0.66143847,0.0,0.0,0.0,0.0,0
9122676750,9122653854,0.7215692,0.047315273,0.19816707,-0.6616866,0.0,0.0,0.0,0.0,0
9122687199,9122663733,0.7207992,0.048315924,0.19974074,-0.66198015,0.0,0.0,0.0,0.0,0
9122696588,9122674206,0.72016764,0.04915746,0.20082031,-0.6622789,0.0,0.0,0.0,0.0,0
9122706015,9122684422,0.7195292,0.04995128,0.20187715,-0.6625921,0.0,0.0,0.0,0.0,0
9122716482,9122694119,0.7189254,0.05067764,0.20265973,-0.6629534,0.0,0.0,0.0,0.0,0
9122728096,9122703544,0.71842915,0.05119894,0.20275734,-0.66342133,0.0,0.0,0.0,0.0,0
9122736917,9122713548,0.7181179,0.051421057,0.20234084,-0.66386807,0.0,0.0,0.0,0.0,0
9122746205,9122724493,0.71784776,0.05152508,0.20145056,-0.66442263,0.0,0.0,0.0,0.0,0
9122756712,9122734414,0.7176706,0.05148717,0.19980729,-0.66511285,0.0,0.0,0.0,0.0,0
9122767206,9122743713,0.7176601,0.051296953,0.19751602,-0.6658229,0.0,0.0,0.0,0.0,0
9122776602,9122753967,0.7178673,0.050996155,0.19490875,-0.66639066,0.0,0.0,0.0,0.0,0
9122787002,9122763652,0.7185193,0.050521728,0.1913419,-0.6667577,0.0,0.0,0.0,0.0,0
9122798472,9122774108,0.71950924,0.049957808,0.1868892,-0.66699564,0.0,0.0,0.0,0.0,0
9122805924,9122784308,0.7202729,0.049645185,0.18386948,-0.6670341,0.0,0.0,0.0,0.0,0
9122816575,9122794502,0.7214817,0.049349967,0.17919198,-0.6670225,0.0,0.0,0.0,0.0,0
9122826876,9122803413,0.7228301,0.04908369,0.174141,-0.6669201,0.0,0.0,0.0,0.0,0
9122837364,9122814020,0.7242968,0.048719652,0.16864964,-0.6667668,0.0,0.0,0.0,0.0,0
9122846823,9122824214,0.72569394,0.048205532,0.16327246,-0.66662335,0.0,0.0,0.0,0.0,0
9122857277,9122834100,0.72738314,0.04731619,0.15636192,-0.6665027,0.0,0.0,0.0,0.0,0
9122866690,9122844330,0.7290844,0.046284445,0.14910974,-0.6663783,0.0,0.0,0.0,0.0,0
9122876150,9122854756,0.7311592,0.044966135,0.1407165,-0.66602045,0.0,0.0,0.0,0.0,0
9122886597,9122863952,0.733866,0.043118503,0.13027522,-0.66528934,0.0,0.0,0.0,0.0,0
9122897173,9122873631,0.7366918,0.0410519,0.11932624,-0.6643502,0.0,0.0,0.0,0.0,0
9122908609,9122884089,0.7394434,0.038900293,0.108266085,-0.6633163,0.0,0.0,0.0,0.0,0
9122916938,9122894419,0.74108607,0.037517637,0.10133885,-0.66265714,0.0,0.0,0.0,0.0,0
9122927465,9122904203,0.7431803,0.035990406,0.09433658,-0.66142905,0.0,0.0,0.0,0.0,0
9122936896,9122914210,0.74440616,0.035002604,0.08910389,-0.6608288,0.0,0.0,0.0,0.0,0
9122946420,9122923640,0.7454512,0.034297768,0.08380599,-0.6603809,0.0,0.0,0.0,0.0,0
9122956865,9122934466,0.74646515,0.033733327,0.077571906,-0.6600262,0.0,0.0,0.0,0.0,0
9122967310,9122943902,0.74739367,0.033355143,0.07141062,-0.65968996,0.0,0.0,0.0,0.0,0
9122978119,9122954356,0.74829733,0.033282187,0.06565662,-0.6592667,0.0,0.0,0.0,0.0,0
9122986696,9122964390,0.74893135,0.033598367,0.06195998,-0.6588886,0.0,0.0,0.0,0.0,0
9122997088,9122973717,0.74956095,0.03452478,0.05865724,-0.65842676,0.0,0.0,0.0,0.0,0
9123007523,9122983971,0.75020415,0.035887405,0.055935428,-0.657858,0.0,0.0,0.0,0.0,0
9123017071,9122994597,0.7510011,0.037324205,0.053370528,-0.65708125,0.0,0.0,0.0,0.0,0
9123027457,9123004819,0.7521906,0.0388827,0.050092876,-0.65588737,0.0,0.0,0.0,0.0,0
9123037945,9123013937,0.7536546,0.04023739,0.046170823,-0.65441114,0.0,0.0,0.0,0.0,0
9123048382,9123024962,0.7552288,0.041256487,0.041630447,-0.6528356,0.0,0.0,0.0,0.0,0
9123056801,9123035024,0.7564346,0.041957196,0.03746663,-0.651646,0.0,0.0,0.0,0.0,0
9123067359,9123044883,0.7576948,0.042987883,0.032101754,-0.6504,0.0,0.0,0.0,0.0,0
9123077808,9123054286,0.7585555,0.044347618,0.027260035,-0.64952594,0.0,0.0,0.0,0.0,0
9123088265,9123064841,0.75920755,0.046064287,0.022846183,-0.64881444,0.0,0.0,0.0,0.0,0
9123097664,9123075065,0.7596777,0.047831025,0.018857073,-0.64826405,0.0,0.0,0.0,0.0,0
9123107038,9123084454,0.7600059,0.049681827,0.014687262,-0.64784807,0.0,0.0,0.0,0.0,0
9123117428,9123095179,0.76024973,0.051565293,0.009927533,-0.64750504,0.0,0.0,0.0,0.0,0
9123126849,9123104350,0.76047176,0.052906167,0.005785441,-0.6471863,0.0,0.0,0.0,0.0,0
9123137288,9123114524,0.76077616,0.05394646,0.0016817692,-0.6467663,0.0,0.0,0.0,0.0,0
9123147336,9123124379,0.7611282,0.054627497,-0.001979287,-0.6462939,0.0,0.0,0.0,0.0,0
9123157744,9123134803,0.76153296,0.055066276,-0.0057463343,-0.6457572,0.0,0.0,0.0,0.0,0
9123167221,9123144344,0.76190126,0.055200167,-0.009316731,-0.6452695,0.0,0.0,0.0,0.0,0
9123177664,9123154662,0.76224744,0.05504525,-0.013512049,-0.64479935,0.0,0.0,0.0,0.0,0
9123188077,9123164670,0.7624625,0.054654453,-0.017830526,-0.6444734,0.0,0.0,0.0,0.0,0
9123197594,9123174936,0.76250625,0.05417533,-0.021762066,-0.6443413,0.0,0.0,0.0,0.0,0
9123207031,9123185139,0.76242036,0.05369632,-0.025672192,-0.64433914,0.0,0.0,0.0,0.0,0
9123217405,9123194872,0.7621828,0.053285662,-0.030017424,-0.64446646,0.0,0.0,0.0,0.0,0
9123229155,9123204527,0.76189125,0.052941732,-0.034656357,-0.64460677,0.0,0.0,0.0,0.0,0
9123237518,9123214525,0.76171297,0.05264846,-0.037597176,-0.6446766,0.0,0.0,0.0,0.0,0
9123246898,9123225051,0.76159954,0.05217235,-0.0408756,-0.64464986,0.0,0.0,0.0,0.0,0
9123257465,9123234994,0.76147056,0.05147429,-0.044929907,-0.64458835,0.0,0.0,0.0,0.0,0
9123267968,9123244215,0.76121426,0.050667852,-0.0491447,-0.6446475,0.0,0.0,0.0,0.0,0
9123277365,9123254574,0.76086134,0.049898382,-0.05284323,-0.64483166,0.0,0.0,0.0,0.0,0
9123287784,9123265472,0.7603871,0.0490586,-0.05675908,-0.6451225,0.0,0.0,0.0,0.0,0
9123299291,9123274688,0.7597968,0.04822426,-0.06074893,-0.6455176,0.0,0.0,0.0,0.0,0
9123306720,9123284899,0.75939786,0.04782896,-0.063000016,-0.6458006,0.0,0.0,0.0,0.0,0
9123317382,9123295321,0.75892425,0.04749021,-0.065949544,-0.6460878,0.0,0.0,0.0,0.0,0
9123327750,9123304008,0.75863,0.04718455,-0.069036864,-0.64613324,0.0,0.0,0.0,0.0,0
9123338213,9123314865,0.7584167,0.046628453,-0.07238153,-0.64605796,0.0,0.0,0.0,0.0,0
9123347944,9123324856,0.7582601,0.045799993,-0.07502635,-0.64599925,0.0,0.0,0.0,0.0,0
9123357307,9123334457,0.75820607,0.044791218,-0.07677458,-0.645928,0.0,0.0,0.0,0.0,0
9123368815,9123345222,0.7583587,0.04344981,-0.07821149,-0.6456679,0.0,0.0,0.0,0.0,0
9123377197,9123354612,0.75859,0.042496763,-0.07885529,-0.64538133,0.0,0.0,0.0,0.0,0
9123387677,9123365302,0.75898063,0.041435346,-0.079113126,-0.6449594,0.0,0.0,0.0,0.0,0
9123398263,9123374729,0.75942004,0.04054741,-0.07902328,-0.64450943,0.0,0.0,0.0,0.0,0
9123408792,9123385207,0.7597791,0.039757594,-0.07890829,-0.6441494,0.0,0.0,0.0,0.0,0
9123417151,9123395332,0.7599407,0.039096043,-0.07884206,-0.6440074,0.0,0.0,0.0,0.0,0
9123427623,9123405180,0.760091,0.038150974,-0.07885813,-0.6438847,0.0,0.0,0.0,0.0,0
9123437984,9123414465,0.7602809,0.03693906,-0.07918772,-0.6436909,0.0,0.0,0.0,0.0,0
9123447486,9123425132,0.76035124,0.035469644,-0.079726696,-0.64362377,0.0,0.0,0.0,0.0,0
9123457891,9123435297,0.76017547,0.033667617,-0.08032947,-0.6438531,0.0,0.0,0.0,0.0,0
9123468356,9123444810,0.7599019,0.03195856,-0.080895826,-0.6441923,0.0,0.0,0.0,0.0,0
9123478947,9123454784,0.75974405,0.030477962,-0.08141878,-0.6443842,0.0,0.0,0.0,0.0,0
9123487519,9123465448,0.75976527,0.029475953,-0.081646085,-0.6443771,0.0,0.0,0.0,0.0,0
9123498001,9123475120,0.75996065,0.028449574,-0.08143573,-0.6442194,0.0,0.0,0.0,0.0,0
9123508671,9123484975,0.7603263,0.027619781,-0.080469005,-0.64394546,0.0,0.0,0.0,0.0,0
9123518128,9123495485,0.76085705,0.027129132,-0.07870183,-0.6435578,0.0,0.0,0.0,0.0,0
9123527694,9123505858,0.7617505,0.026867874,-0.076369904,-0.6427923,0.0,0.0,0.0,0.0,0
9123538268,9123515582,0.7630335,0.026611593,-0.074372545,-0.6415143,0.0,0.0,0.0,0.0,0
9123548941,9123525166,0.7640825,0.02598297,-0.0733495,-0.64040834,0.0,0.0,0.0,0.0,0
9123557603,9123535351,0.764398,0.024982387,-0.07266164,-0.64015,0.0,0.0,0.0,0.0,0
9123568192,9123545601,0.7642619,0.023177288,-0.070662595,-0.6406039,0.0,0.0,0.0,0.0,0
9123578459,9123555067,0.7639771,0.020858938,-0.0668184,-0.64143527,0.0,0.0,0.0,0.0,0
9123587985,9123565615,0.7639282,0.018139172,-0.06204029,-0.6420559,0.0,0.0,0.0,0.0,0
9123597349,9123575763,0.7642505,0.015182094,-0.056817017,-0.6422324,0.0,0.0,0.0,0.0,0
9123607970,9123585474,0.764861,0.011980489,-0.05014582,-0.642129,0.0,0.0,0.0,0.0,0
9123618488,9123594880,0.7654998,0.00898914,-0.043072823,-0.64193004,0.0,0.0,0.0,0.0,0
9123627942,9123605029,0.76611274,0.006257242,-0.03724967,-0.64159536,0.0,0.0,0.0,0.0,0
9123638420,9123614920,0.7668734,0.0031704986,-0.031681933,-0.6410081,0.0,0.0,0.0,0.0,0
9123647812,9123625228,0.7675961,0.0005991283,-0.02720242,-0.640356,0.0,0.0,0.0,0.0,0
9123658882,9123635881,0.7684768,-0.0017229146,-0.022206694,-0.63949,0.0,0.0,0.0,0.0,0
9123667501,9123645095,0.7689937,-0.0026209885,-0.017830081,-0.63900244,0.0,0.0,0.0,0.0,0
9123678083,9123655073,0.7694388,-0.0025336181,-0.011574777,-0.63861066,0.0,0.0,0.0,0.0,0
9123688612,9123664985,0.7700229,-0.0017081096,-0.0056938194,-0.6379885,0.0,0.0,0.0,0.0,0
9123699048,9123675603,0.77077705,-0.00074122386,-0.0014640196,-0.63710284,0.0,0.0,0.0,0.0,0
9123708414,9123685909,0.77128154,-6.030774e-05,0.0007228368,-0.6364938,0.0,0.0,0.0,0.0,0
9123718903,9123695545,0.77126646,0.00036282316,0.0020744684,-0.63650906,0.0,0.0,0.0,0.0,0
9123729447,9123705328,0.77057713,0.00049568375,0.003223076,-0.63733846,0.0,0.0,0.0,0.0,0
9123737973,9123716030,0.76967686,0.00066614075,0.0042539826,-0.63841915,0.0,0.0,0.0,0.0,0
9123748540,9123725624,0.76856905,0.0013038751,0.0052703097,-0.63974386,0.0,0.0,0.0,0.0,0
9123758808,9123735450,0.7678342,0.0023054795,0.0061912895,-0.6406146,0.0,0.0,0.0,0.0,0
9123768309,9123745986,0.7675802,0.00343611,0.007853107,-0.64089555,0.0,0.0,0.0,0.0,0
9123777763,9123755915,0.76773566,0.0045882664,0.010590637,-0.6406628,0.0,0.0,0.0,0.0,0
9123788148,9123765783,0.7682313,0.005686852,0.014126298,-0.63999116,0.0,0.0,0.0,0.0,0
9123799641,9123775257,0.76895773,0.0066327117,0.018255752,-0.6390045,0.0,0.0,0.0,0.0,0
9123808154,9123785239,0.769492,0.007126877,0.021472577,-0.63825566,0.0,0.0,0.0,0.0,0
9123818744,9123795687,0.77014494,0.007476114,0.024917021,-0.6373382,0.0,0.0,0.0,0.0,0
9123828763,9123805626,0.7706545,0.007627063,0.027113462,-0.6366306,0.0,0.0,0.0,0.0,0
9123838162,9123816178,0.7707373,0.007786222,0.029100921,-0.6364406,0.0,0.0,0.0,0.0,0
9123848716,9123826030,0.7702989,0.008178495,0.032440815,-0.6368049,0.0,0.0,0.0,0.0,0
9123859180,9123835484,0.7697086,0.00885919,0.03640979,-0.63729477,0.0,0.0,0.0,0.0,0
9123869657,9123846178,0.7693024,0.009812128,0.04029048,-0.6375376,0.0,0.0,0.0,0.0,0
9123878105,9123856235,0.7691625,0.010757504,0.043180574,-0.637502,0.0,0.0,0.0,0.0,0
9123888799,9123866189,0.76912177,0.0121188145,0.046190068,-0.6373157,0.0,0.0,0.0,0.0,0
9123899251,9123875625,0.7690852,0.013465044,0.04800739,-0.63719857,0.0,0.0,0.0,0.0,0
9123909160,9123886288,0.76890105,0.014454118,0.048605666,-0.6373538,0.0,0.0,0.0,0.0,0
9123918941,9123896517,0.76858634,0.014789424,0.0486392,-0.63772285,0.0,0.0,0.0,0.0,0
9123928677,9123905315,0.7682685,0.014351443,0.04858229,-0.6381202,0.0,0.0,0.0,0.0,0
9123940193,9123916428,0.768026,0.013369234,0.04878452,-0.63841796,0.0,0.0,0.0,0.0,0
9123948664,9123925727,0.76792043,0.012809305,0.049600348,-0.6384936,0.0,0.0,0.0,0.0,0
9123958011,9123936172,0.76799816,0.012594818,0.051108155,-0.6382854,0.0,0.0,0.0,0.0,0
9123968449,9123945926,0.7683681,0.012653754,0.052794237,-0.6377014,0.0,0.0,0.0,0.0,0
9123979949,9123955539,0.7688272,0.012762893,0.054529343,-0.63699967,0.0,0.0,0.0,0.0,0
9123988608,9123965561,0.76907897,0.012730125,0.05562956,-0.6366009,0.0,0.0,0.0,0.0,0
9123997996,9123975949,0.7692906,0.012498686,0.05616353,-0.636303,0.0,0.0,0.0,0.0,0
9124008538,9123986012,0.76941437,0.012002597,0.055837773,-0.63619155,0.0,0.0,0.0,0.0,0
9124018198,9123995306,0.76931095,0.011286763,0.054816972,-0.63641834,0.0,0.0,0.0,0.0,0
9124028816,9124005784,0.76895946,0.010248195,0.053009912,-0.63701355,0.0,0.0,0.0,0.0,0
9124039169,9124015712,0.76855195,0.00918318,0.050413497,-0.63773197,0.0,0.0,0.0,0.0,0
9124049676,9124026283,0.7682651,0.008273271,0.046737533,-0.6383698,0.0,0.0,0.0,0.0,0
9124058044,9124036457,0.76827437,0.0076865903,0.043086153,-0.6386228,0.0,0.0,0.0,0.0,0
9124068588,9124046181,0.7687406,0.0069143246,0.037799336,-0.6384054,0.0,0.0,0.0,0.0,0
9124079184,9124055564,0.76952595,0.0059846453,0.032002136,-0.6377852,0.0,0.0,0.0,0.0,0
9124088549,9124065851,0.7703547,0.005044477,0.02628506,-0.63705367,0.0,0.0,0.0,0.0,0
9124098995,9124076389,0.77125233,0.003951183,0.01924328,-0.63622636,0.0,0.0,0.0,0.0,0
9124109448,9124085821,0.77191883,0.0027710611,0.012441248,-0.6355933,0.0,0.0,0.0,0.0,0
9124119866,9124096486,0.7723252,0.0014194308,0.006831287,-0.635189,0.0,0.0,0.0,0.0,0
9124130253,9124106513,0.7725477,-7.69441e-05,0.0024323177,-0.634952,0.0,0.0,0.0,0.0,0
9124138684,9124116575,0.7726185,-0.001285166,-0.00061873946,-0.63486904,0.0,0.0,0.0,0.0,0
9124149127,9124125837,0.77258253,-0.0026560694,-0.0041838977,-0.63489515,0.0,0.0,0.0,0.0,0
9124158978,9124136208,0.7724314,-0.003870637,-0.0074756118,-0.6350425,0.0,0.0,0.0,0.0,0
9124168382,9124165866,0.77212656,-0.0048201513,-0.010326272,-0.6353666,0.0,0.0,0.0,0.0,0
9124178834,9124175923,0.7719068,-0.0052668178,-0.012804143,-0.63558495,0.0,0.0,0.0,0.0,0
9124190422,9124186585,0.77203935,-0.005614932,-0.015628247,-0.63535786,0.0,0.0,0.0,0.0,0
9124198769,9124196091,0.77229553,-0.005919453,-0.018107563,-0.6349778,0.0,0.0,0.0,0.0,0
9124209279,9124206767,0.772602,-0.0065364013,-0.021842455,-0.6344811,0.0,0.0,0.0,0.0,0
9124219629,9124216955,0.77272224,-0.0075086993,-0.025772063,-0.63417643,0.0,0.0,0.0,0.0,0
9124229136,9124225607,0.7727256,-0.00875838,-0.029186388,-0.6340083,0.0,0.0,0.0,0.0,0
9124238571,9124236070,0.7727056,-0.010210961,-0.03208944,-0.63387066,0.0,0.0,0.0,0.0,0
9124249430,9124246672,0.7727173,-0.011868781,-0.034778483,-0.6336857,0.0,0.0,0.0,0.0,0
9124258823,9124256141,0.772802,-0.013101995,-0.03664806,-0.63345283,0.0,0.0,0.0,0.0,0
9124268297,9124265810,0.77298725,-0.014089816,-0.038270887,-0.63310945,0.0,0.0,0.0,0.0,0
9124278920,9124276407,0.7732706,-0.015102064,-0.040061243,-0.6326292,0.0,0.0,0.0,0.0,0
9124289873,9124287149,0.7735368,-0.016332274,-0.042068932,-0.6321426,0.0,0.0,0.0,0.0,0
9124299669,9124296397,0.7736535,-0.017682077,-0.04398786,-0.63183266,0.0,0.0,0.0,0.0,0
9124309122,9124306424,0.7736278,-0.019062031,-0.045860864,-0.6316909,0.0,0.0,0.0,0.0,0
9124319565,9124317077,0.7734746,-0.020439394,-0.047882974,-0.6316855,0.0,0.0,0.0,0.0,0
9124329151,9124326127,0.77330494,-0.021464843,-0.049679168,-0.6317204,0.0,0.0,0.0,0.0,0
9124339347,9124336588,0.7730921,-0.022322848,-0.05152758,-0.6318033,0.0,0.0,0.0,0.0,0
9124349104,9124346552,0.772862,-0.022991508,-0.053143844,-0.6319267,0.0,0.0,0.0,0.0,0
9124359436,9124356544,0.77256507,-0.02360127,-0.05459781,-0.6321434,0.0,0.0,0.0,0.0,0
9124370899,9124366726,0.7722682,-0.024165772,-0.056008987,-0.63236135,0.0,0.0,0.0,0.0,0
9124378256,9124375595,0.772157,-0.024454307,-0.056828097,-0.63241297,0.0,0.0,0.0,0.0,0
9124388784,9124386270,0.7721363,-0.0248706,-0.05797373,-0.6323179,0.0,0.0,0.0,0.0,0
9124399873,9124396971,0.7721988,-0.025496375,-0.059318375,-0.63209194,0.0,0.0,0.0,0.0,0
9124410255,9124407414,0.7721922,-0.026386285,-0.06068496,-0.63193375,0.0,0.0,0.0,0.0,0
9124419321,9124416738,0.77204484,-0.027391434,-0.06177183,-0.6319658,0.0,0.0,0.0,0.0,0
9124429950,9124427256,0.77176774,-0.028610026,-0.06276055,-0.6321528,0.0,0.0,0.0,0.0,0
9124440494,9124437199,0.77153397,-0.029645715,-0.06346473,-0.63232005,0.0,0.0,0.0,0.0,0
9124448916,9124446208,0.7714377,-0.030226592,-0.063808925,-0.6323755,0.0,0.0,0.0,0.0,0
9124459535,9124456992,0.77142537,-0.03051985,-0.0639208,-0.63236505,0.0,0.0,0.0,0.0,0
9124469039,9124466090,0.77155626,-0.030374177,-0.06370279,-0.63223445,0.0,0.0,0.0,0.0,0
9124479598,9124476621,0.7718737,-0.029868757,-0.06295269,-0.63194597,0.0,0.0,0.0,0.0,0
9124488906,9124486427,0.7724043,-0.029238101,-0.061599474,-0.63146037,0.0,0.0,0.0,0.0,0
9124499567,9124496597,0.7733405,-0.028431447,-0.059088957,-0.6305907,0.0,0.0,0.0,0.0,0
9124511007,9124507030,0.7746536,-0.02749549,-0.055530533,-0.6293426,0.0,0.0,0.0,0.0,0
9124519522,9124517025,0.7757682,-0.026698751,-0.05251425,-0.628262,0.0,0.0,0.0,0.0,0
9124529209,9124526578,0.77708966,-0.025639972,-0.048903294,-0.626963,0.0,0.0,0.0,0.0,0
9124539749,9124537003,0.7785105,-0.024378687,-0.04486385,-0.6255513,0.0,0.0,0.0,0.0,0
9124550387,9124546859,0.7799039,-0.023094356,-0.04086837,-0.6241367,0.0,0.0,0.0,0.0,0
9124558803,9124556341,0.780942,-0.022073923,-0.037957735,-0.6230582,0.0,0.0,0.0,0.0,0
9124569307,9124566792,0.7820653,-0.020723423,-0.03446818,-0.6218974,0.0,0.0,0.0,0.0,0
9124579996,9124577246,0.7830701,-0.019260433,-0.030808458,-0.62087125,0.0,0.0,0.0,0.0,0
9124589473,9124586959,0.78394645,-0.01790033,-0.027598757,-0.61995625,0.0,0.0,0.0,0.0,0
9124599945,9124597414,0.78489906,-0.016321737,-0.024366852,-0.6189292,0.0,0.0,0.0,0.0,0
9124609352,9124606629,0.785617,-0.014883318,-0.021557376,-0.61815846,0.0,0.0,0.0,0.0,0
9124620296,9124616132,0.78622437,-0.013267436,-0.017834576,-0.61754125,0.0,0.0,0.0,0.0,0
9124629718,9124627224,0.7866142,-0.0120056635,-0.014319466,-0.61716205,0.0,0.0,0.0,0.0,0
9124639144,9124636436,0.7869855,-0.010893865,-0.010982717,-0.61677766,0.0,0.0,0.0,0.0,0
9124649637,9124646694,0.7872978,-0.009754705,-0.007267064,-0.6164529,0.0,0.0,0.0,0.0,0
9124659217,9124656695,0.7874426,-0.008680622,-0.003246228,-0.6163184,0.0,0.0,0.0,0.0,0
9124669931,9124667427,0.7875746,-0.0074828607,0.0018120373,-0.61617124,0.0,0.0,0.0,0.0,0
9124680369,9124677442,0.7876889,-0.0063389647,0.0065294127,-0.616006,0.0,0.0,0.0,0.0,0
9124699051,9124686531,0.7876793,-0.004157066,0.014446556,-0.61590207,0.0,0.0,0.0,0.0,0
9124709581,9124696388,0.7874832,-0.002760195,0.019105315,-0.61603373,0.0,0.0,0.0,0.0,0
9124720094,9124707076,0.78715473,-0.0011764693,0.024099695,-0.6162834,0.0,0.0,0.0,0.0,0
9124730527,9124717345,0.7868027,0.00044117248,0.028865894,-0.61652905,0.0,0.0,0.0,0.0,0
9124740040,9124726334,0.78644735,0.0018333888,0.03268827,-0.61678904,0.0,0.0,0.0,0.0,0
9124749769,9124737282,0.78586113,0.0031478873,0.03636096,-0.6173252,0.0,0.0,0.0,0.0,0
9124761416,9124746767,0.78496027,0.0046255384,0.040778607,-0.61818534,0.0,0.0,0.0,0.0,0
9124769861,9124757620,0.78422874,0.005674709,0.04391097,-0.6188901,0.0,0.0,0.0,0.0,0
9124779316,9124767361,0.78338146,0.006932865,0.047303084,-0.61969995,0.0,0.0,0.0,0.0,0
9124789692,9124776559,0.7823832,0.00853785,0.050745796,-0.6206678,0.0,0.0,0.0,0.0,0
9124800201,9124786994,0.7812746,0.010385615,0.05378234,-0.62177926,0.0,0.0,0.0,0.0,0
9124809663,9124796401,0.7801031,0.012203717,0.056528296,-0.62297267,0.0,0.0,0.0,0.0,0
9124820116,9124806944,0.77861243,0.014381653,0.059957504,-0.6244686,0.0,0.0,0.0,0.0,0
9124830685,9124817419,0.77716625,0.016737487,0.063387655,-0.625871,0.0,0.0,0.0,0.0,0
9124840351,9124827930,0.7761166,0.018959966,0.06607683,-0.6268313,0.0,0.0,0.0,0.0,0
9124849742,9124837594,0.7753334,0.021061594,0.068446904,-0.62747866,0.0,0.0,0.0,0.0,0
9124860140,9124847240,0.77462095,0.023170736,0.071112685,-0.62798756,0.0,0.0,0.0,0.0,0
9124870676,9124857418,0.77404153,0.024969827,0.07371488,-0.6283331,0.0,0.0,0.0,0.0,0
9124880097,9124867178,0.77360904,0.026310623,0.07589796,-0.62855095,0.0,0.0,0.0,0.0,0
9124889494,9124877584,0.7731393,0.027481763,0.07811512,-0.6288072,0.0,0.0,0.0,0.0,0
9124899845,9124886991,0.7727142,0.02860165,0.08065099,-0.6289596,0.0,0.0,0.0,0.0,0
9124910362,9124896968,0.7724868,0.029598312,0.08318884,-0.6288622,0.0,0.0,0.0,0.0,0
9124920208,9124907656,0.77251303,0.030494202,0.08539061,-0.62849206,0.0,0.0,0.0,0.0,0
9124930614,9124917636,0.77268666,0.031517085,0.08742273,-0.62794846,0.0,0.0,0.0,0.0,0
9124941000,9124927698,0.77280396,0.032691088,0.08936595,-0.62747025,0.0,0.0,0.0,0.0,0
9124949412,9124936976,0.7726928,0.033759322,0.09148725,-0.6272449,0.0,0.0,0.0,0.0,0
9124959933,9124946921,0.7724429,0.035251405,0.09475552,-0.6269855,0.0,0.0,0.0,0.0,0
9124970332,9124957404,0.77241004,0.03693363,0.09750646,-0.62650704,0.0,0.0,0.0,0.0,0
9124980856,9124967598,0.7725287,0.0387787,0.09957884,-0.6259229,0.0,0.0,0.0,0.0,0
9124990204,9124978115,0.77255166,0.040369403,0.101276584,-0.6255216,0.0,0.0,0.0,0.0,0
9125000835,9124987723,0.77249146,0.0420087,0.103014745,-0.62520415,0.0,0.0,0.0,0.0,0
9125011399,9124998082,0.772397,0.0434366,0.10413834,-0.6250371,0.0,0.0,0.0,0.0,0
9125019778,9125007908,0.77221507,0.04431469,0.1045877,-0.6251252,0.0,0.0,0.0,0.0,0
9125029692,9125017111,0.77178204,0.044960704,0.10489241,-0.62556267,0.0,0.0,0.0,0.0,0
9125040141,9125026891,0.77118266,0.045353368,0.10527837,-0.62620825,0.0,0.0,0.0,0.0,0
9125050665,9125037412,0.7705266,0.04569273,0.105735675,-0.6269138,0.0,0.0,0.0,0.0,0
9125060056,9125047558,0.77001923,0.046002943,0.10583929,-0.6274967,0.0,0.0,0.0,0.0,0
9125070496,9125057540,0.7695718,0.046135508,0.10543007,-0.6281045,0.0,0.0,0.0,0.0,0
9125082005,9125067598,0.7691807,0.0456962,0.10464797,-0.6287461,0.0,0.0,0.0,0.0,0
9125089894,9125078040,0.7689425,0.04492677,0.10406833,-0.629189,0.0,0.0,0.0,0.0,0
9125100350,9125087343,0.7686229,0.043568812,0.10327059,-0.6298063,0.0,0.0,0.0,0.0,0
9125110751,9125097827,0.76836216,0.04233988,0.10231358,-0.6303642,0.0,0.0,0.0,0.0,0
9125121224,9125108058,0.7682306,0.04148391,0.10111258,-0.63077503,0.0,0.0,0.0,0.0,0
9125130661,9125117755,0.7682174,0.041009553,0.0997723,-0.6310355,0.0,0.0,0.0,0.0,0
9125140121,9125128163,0.7682663,0.040635247,0.09799522,-0.6312786,0.0,0.0,0.0,0.0,0
9125150479,9125137531,0.768312,0.040140845,0.09553014,-0.63163245,0.0,0.0,0.0,0.0,0
9125159951,9125147575,0.7683429,0.039522637,0.09288302,-0.63202846,0.0,0.0,0.0,0.0,0
9125170436,9125157448,0.76852375,0.038581163,0.08934371,-0.63237685,0.0,0.0,0.0,0.0,0
9125180915,9125167904,0.7688669,0.037308007,0.08519255,-0.63260895,0.0,0.0,0.0,0.0,0
9125191074,9125178019,0.7693184,0.035782985,0.08096617,-0.6327032,0.0,0.0,0.0,0.0,0
9125200424,9125187432,0.7697499,0.034299694,0.07729449,-0.63271976,0.0,0.0,0.0,0.0,0
9125209910,9125197956,0.7701807,0.032887876,0.07410629,-0.6326518,0.0,0.0,0.0,0.0,0
9125221297,9125207416,0.7707839,0.03131514,0.07065238,-0.6323921,0.0,0.0,0.0,0.0,0
9125230768,9125218414,0.7714874,0.030026602,0.067590944,-0.6319312,0.0,0.0,0.0,0.0,0
9125240287,9125228301,0.77235305,0.028757863,0.06442569,-0.6312631,0.0,0.0,0.0,0.0,0
9125250813,9125237755,0.77330786,0.0274927,0.061319172,-0.6304593,0.0,0.0,0.0,0.0,0
9125261519,9125247847,0.77424824,0.026347924,0.05834205,-0.6296361,0.0,0.0,0.0,0.0,0
9125269891,9125258197,0.7750272,0.025470383,0.0555404,-0.628967,0.0,0.0,0.0,0.0,0
9125280420,9125267413,0.7760268,0.024259562,0.051280882,-0.62814355,0.0,0.0,0.0,0.0,0
9125290728,9125277873,0.77688164,0.022931272,0.04699583,-0.6274715,0.0,0.0,0.0,0.0,0
9125301262,9125288057,0.7776283,0.021499177,0.043049857,-0.6268801,0.0,0.0,0.0,0.0,0
9125310719,9125297492,0.77835876,0.02019194,0.03995935,-0.62622136,0.0,0.0,0.0,0.0,0
9125321160,9125308049,0.77931464,0.018694747,0.03662102,-0.6252825,0.0,0.0,0.0,0.0,0
9125331678,9125318274,0.78050673,0.017122583,0.03296358,-0.6240429,0.0,0.0,0.0,0.0,0
9125340936,9125328394,0.7815956,0.015716074,0.029500695,-0.6228894,0.0,0.0,0.0,0.0,0
9125350385,9125338421,0.78265697,0.014224345,0.025846679,-0.6217537,0.0,0.0,0.0,0.0,0
9125360858,9125347860,0.7837451,0.012414421,0.021739442,-0.6205779,0.0,0.0,0.0,0.0,0
9125371347,9125358145,0.7847857,0.01038078,0.017588912,-0.6194308,0.0,0.0,0.0,0.0,0
9125380742,9125368045,0.7857553,0.008340022,0.013771322,-0.6183279,0.0,0.0,0.0,0.0,0
9125391189,9125378043,0.7868361,0.005821842,0.009620343,-0.61705947,0.0,0.0,0.0,0.0,0
9125400501,9125388468,0.7876892,0.003395475,0.0065054595,-0.61602914,0.0,0.0,0.0,0.0,0
9125412107,9125397845,0.7886189,0.00032146624,0.0035643447,-0.6148719,0.0,0.0,0.0,0.0,0
9125420577,9125407851,0.7892996,-0.0017399709,0.0017490712,-0.61400336,0.0,0.0,0.0,0.0,0
9125430977,9125418047,0.7901958,-0.0037372818,-0.00046143951,-0.6128429,0.0,0.0,0.0,0.0,0
9125441644,9125428065,0.7911375,-0.005054666,-0.0027594,-0.6116112,0.0,0.0,0.0,0.0,0
9125450918,9125438246,0.7919945,-0.005647074,-0.0048559615,-0.6104829,0.0,0.0,0.0,0.0,0
9125460348,9125448244,0.7928391,-0.0058994843,-0.0070963944,-0.60936105,0.0,0.0,0.0,0.0,0
9125470756,9125457848,0.79373187,-0.0060215048,-0.009335732,-0.60816634,0.0,0.0,0.0,0.0,0
9125481224,9125468051,0.7944709,-0.0061696423,-0.011122944,-0.60716903,0.0,0.0,0.0,0.0,0
9125490667,9125478763,0.79499495,-0.0064050728,-0.012559096,-0.6064523,0.0,0.0,0.0,0.0,0
9125501144,9125488166,0.7953975,-0.0067061447,-0.014126603,-0.60588634,0.0,0.0,0.0,0.0,0
9125512208,9125498232,0.79566854,-0.006908682,-0.01543696,-0.6054961,0.0,0.0,0.0,0.0,0
9125520634,9125508529,0.7959009,-0.0068848347,-0.016084826,-0.60517424,0.0,0.0,0.0,0.0,0
9125531352,9125517903,0.7963626,-0.006532544,-0.01674921,-0.6045524,0.0,0.0,0.0,0.0,0
9125540860,9125528776,0.7968448,-0.005941521,-0.017372921,-0.60390514,0.0,0.0,0.0,0.0,0
9125551495,9125538075,0.7973226,-0.0051534255,-0.01800101,-0.603263,0.0,0.0,0.0,0.0,0
9125560878,9125548809,0.7976812,-0.0045603896,-0.018324824,-0.6027837,0.0,0.0,0.0,0.0,0
9125571302,9125558217,0.79811066,-0.004109112,-0.018628076,-0.6022089,0.0,0.0,0.0,0.0,0
9125582889,9125568410,0.79865867,-0.0037867366,-0.019242205,-0.60146457,0.0,0.0,0.0,0.0,0
9125590439,9125578908,0.79896903,-0.0036617392,-0.019702991,-0.60103834,0.0,0.0,0.0,0.0,0
9125600866,9125587879,0.7991634,-0.003566303,-0.020024583,-0.60076976,0.0,0.0,0.0,0.0,0
9125611399,9125598370,0.79911464,-0.0034437266,-0.019764472,-0.6008438,0.0,0.0,0.0,0.0,0
9125621922,9125608714,0.7989415,-0.0031714025,-0.018842667,-0.60110515,0.0,0.0,0.0,0.0,0
9125631367,9125618443,0.7987683,-0.0027361913,-0.01747843,-0.6013786,0.0,0.0,0.0,0.0,0
9125640823,9125628885,0.79862887,-0.002155123,-0.015702002,-0.60161513,0.0,0.0,0.0,0.0,0
9125651276,9125638102,0.7985456,-0.0015666076,-0.0135670295,-0.60177934,0.0,0.0,0.0,0.0,0
9125660754,9125648358,0.7984256,-0.0014079509,-0.0113988025,-0.60198385,0.0,0.0,0.0,0.0,0
9125671269,9125658247,0.79797804,-0.0018465809,-0.0081445165,-0.6026287,0.0,0.0,0.0,0.0,0
9125681811,9125668709,0.7971553,-0.0027205332,-0.0038982392,-0.6037556,0.0,0.0,0.0,0.0,0
9125692244,9125678868,0.7962695,-0.0036137023,0.00064685737,-0.60493094,0.0,0.0,0.0,0.0,0
9125700613,9125688451,0.7957088,-0.0041155545,0.0041714744,-0.60565114,0.0,0.0,0.0,0.0,0
9125711129,9125698154,0.79515314,-0.0044731987,0.008523148,-0.60633236,0.0,0.0,0.0,0.0,0
9125721573,9125708425,0.7946697,-0.0047633653,0.012775124,-0.6068889,0.0,0.0,0.0,0.0,0
9125730974,9125718630,0.7942538,-0.0052387924,0.01660944,-0.60733646,0.0,0.0,0.0,0.0,0
9125741594,9125728508,0.79360604,-0.006233636,0.02157541,-0.60801744,0.0,0.0,0.0,0.0,0
9125752100,9125739003,0.7926406,-0.007615166,0.027300833,-0.60903,0.0,0.0,0.0,0.0,0
9125762706,9125749145,0.79161364,-0.009244795,0.033446174,-0.6100359,0.0,0.0,0.0,0.0,0
9125771141,9125758719,0.79088956,-0.010565788,0.03830339,-0.61066765,0.0,0.0,0.0,0.0,0
9125781630,9125768622,0.7901602,-0.01201774,0.043777622,-0.61121684,0.0,0.0,0.0,0.0,0
9125792133,9125778901,0.7895835,-0.013321641,0.048172027,-0.61160445,0.0,0.0,0.0,0.0,0
9125801506,9125789136,0.78906554,-0.014530595,0.05134343,-0.6119872,0.0,0.0,0.0,0.0,0
9125811033,9125798803,0.78840774,-0.015696874,0.054383993,-0.6125432,0.0,0.0,0.0,0.0,0
9125821432,9125808520,0.7876274,-0.016619138,0.057753228,-0.61321396,0.0,0.0,0.0,0.0,0
9125832936,9125818536,0.78681105,-0.01716184,0.061622865,-0.6138701,0.0,0.0,0.0,0.0,0
9125841676,9125829362,0.7862611,-0.017333232,0.06459028,-0.6142648,0.0,0.0,0.0,0.0,0
9125851040,9125839084,0.7857714,-0.017484048,0.06747385,-0.61457694,0.0,0.0,0.0,0.0,0
9125861584,9125848527,0.78524005,-0.017797137,0.070347205,-0.61492497,0.0,0.0,0.0,0.0,0
9125872084,9125858850,0.784497,-0.018298425,0.07338578,-0.61550313,0.0,0.0,0.0,0.0,0
9125881436,9125868426,0.78362435,-0.018908605,0.07639908,-0.6162293,0.0,0.0,0.0,0.0,0
9125891875,9125878758,0.7825614,-0.019702205,0.0797192,-0.61713403,0.0,0.0,0.0,0.0,0
9125903315,9125888953,0.78137314,-0.020573245,0.08340517,-0.61812335,0.0,0.0,0.0,0.0,0
9125910720,9125899357,0.78066283,-0.021176301,0.085849375,-0.6186656,0.0,0.0,0.0,0.0,0
9125921188,9125908246,0.77988464,-0.022386894,0.088877976,-0.61917657,0.0,0.0,0.0,0.0,0
9125932094,9125918028,0.7791991,-0.024378816,0.09159592,-0.6195681,0.0,0.0,0.0,0.0,0
9125942552,9125929122,0.7784895,-0.02712453,0.09427819,-0.6199435,0.0,0.0,0.0,0.0,0
9125951946,9125938916,0.7778132,-0.030124744,0.09678644,-0.62026733,0.0,0.0,0.0,0.0,0
9125961328,9125949431,0.7771728,-0.03322414,0.09911589,-0.62054384,0.0,0.0,0.0,0.0,0
9125971814,9125958637,0.77655846,-0.036446944,0.10132402,-0.62077534,0.0,0.0,0.0,0.0,0
9125981238,9125969121,0.7761451,-0.038957417,0.10278046,-0.6209004,0.0,0.0,0.0,0.0,0
9125991731,9125978755,0.7758609,-0.04125881,0.103771724,-0.6209422,0.0,0.0,0.0,0.0,0
9126002056,9125989200,0.7757032,-0.043079134,0.10429925,-0.6209271,0.0,0.0,0.0,0.0,0
9126012327,9125999394,0.7756244,-0.04452289,0.104323395,-0.62091964,0.0,0.0,0.0,0.0,0
9126021887,9126008707,0.77550536,-0.04555306,0.10406035,-0.62103766,0.0,0.0,0.0,0.0,0
9126031238,9126019359,0.7752571,-0.046257734,0.103952035,-0.6213137,0.0,0.0,0.0,0.0,0
9126041831,9126028730,0.7747861,-0.046651013,0.10381714,-0.62189406,0.0,0.0,0.0,0.0,0
9126052194,9126038846,0.77434886,-0.046626706,0.10334241,-0.6225192,0.0,0.0,0.0,0.0,0
9126061728,9126049693,0.774074,-0.04619042,0.10265117,-0.6230077,0.0,0.0,0.0,0.0,0
9126072186,9126059218,0.7740349,-0.045241695,0.101551816,-0.62330604,0.0,0.0,0.0,0.0,0
9126083701,9126069444,0.77433467,-0.043805916,0.09988015,-0.62330633,0.0,0.0,0.0,0.0,0
9126090992,9126079461,0.7746991,-0.04283265,0.09871737,-0.6231065,0.0,0.0,0.0,0.0,0
9126101607,9126088531,0.7754181,-0.041631307,0.09716313,-0.6225375,0.0,0.0,0.0,0.0,0
9126112083,9126099075,0.77625144,-0.040737886,0.095645465,-0.6217927,0.0,0.0,0.0,0.0,0
9126122514,9126109316,0.7771818,-0.039860632,0.09354621,-0.6210062,0.0,0.0,0.0,0.0,0
9126132141,9126119784,0.7780868,-0.038643476,0.09081053,-0.6203556,0.0,0.0,0.0,0.0,0
9126142455,9126129617,0.77900153,-0.036619764,0.08746566,-0.6198107,0.0,0.0,0.0,0.0,0
9126152872,9126139449,0.7798705,-0.033916958,0.08385906,-0.6193701,0.0,0.0,0.0,0.0,0
9126162019,9126149771,0.78077596,-0.031199703,0.08011943,-0.61886704,0.0,0.0,0.0,0.0,0
9126171541,9126159338,0.78170234,-0.028174333,0.07580676,-0.6183858,0.0,0.0,0.0,0.0,0
9126182068,9126168995,0.7823337,-0.024821352,0.071769364,-0.6182129,0.0,0.0,0.0,0.0,0
9126192281,9126179126,0.7825896,-0.02188001,0.068993665,-0.61831605,0.0,0.0,0.0,0.0,0
9126201607,9126188684,0.7827819,-0.01962775,0.06683039,-0.61838585,0.0,0.0,0.0,0.0,0
9126212098,9126199104,0.78300637,-0.017502785,0.06453036,-0.61840963,0.0,0.0,0.0,0.0,0
9126222504,9126209569,0.78318614,-0.015680717,0.0627887,-0.6184103,0.0,0.0,0.0,0.0,0
9126231746,9126219770,0.78341013,-0.014340808,0.061803546,-0.6182583,0.0,0.0,0.0,0.0,0
9126242231,9126229067,0.7838013,-0.013228928,0.061054677,-0.61786157,0.0,0.0,0.0,0.0,0
9126252626,9126239703,0.7842027,-0.012557144,0.060539007,-0.6174168,0.0,0.0,0.0,0.0,0
9126263198,9126249731,0.78450054,-0.012245053,0.06019018,-0.6170787,0.0,0.0,0.0,0.0,0
9126271696,9126259539,0.7846846,-0.012009396,0.059802897,-0.61688685,0.0,0.0,0.0,0.0,0
9126282181,9126269000,0.78492844,-0.0112370495,0.05882943,-0.616685,0.0,0.0,0.0,0.0,0
9126292549,9126279485,0.7851252,-0.0098494375,0.057433046,-0.6165897,0.0,0.0,0.0,0.0,0
9126301980,9126289643,0.78537774,-0.0082683945,0.05601205,-0.6164221,0.0,0.0,0.0,0.0,0
9126312449,9126299295,0.7859017,-0.00648182,0.05426278,-0.61593175,0.0,0.0,0.0,0.0,0
9126322831,9126309752,0.7865547,-0.0048126704,0.052150365,-0.6152957,0.0,0.0,0.0,0.0,0
9126332501,9126319934,0.78715056,-0.0033117894,0.04973234,-0.61474353,0.0,0.0,0.0,0.0,0
9126341999,9126328915,0.78766996,-0.0016847451,0.04683052,-0.6143127,0.0,0.0,0.0,0.0,0
9126352587,9126339481,0.78829926,0.00064236566,0.04273678,-0.61380565,0.0,0.0,0.0,0.0,0
9126361955,9126350080,0.78898257,0.0033809072,0.038345248,-0.6132085,0.0,0.0,0.0,0.0,0
9126372457,9126359069,0.7897975,0.0071016266,0.033238135,-0.6124253,0.0,0.0,0.0,0.0,0
9126381984,9126369784,0.79052955,0.010632895,0.029188165,-0.61163557,0.0,0.0,0.0,0.0,0
9126392415,9126379491,0.7913352,0.014201446,0.02550389,-0.6106852,0.0,0.0,0.0,0.0,0
9126403911,9126389522,0.79218477,0.017480295,0.022008035,-0.6096338,0.0,0.0,0.0,0.0,0
9126412314,9126400101,0.79273343,0.0193714,0.01971584,-0.60894156,0.0,0.0,0.0,0.0,0
9126422770,9126409835,0.7932507,0.021447787,0.016898967,-0.60828274,0.0,0.0,0.0,0.0,0
9126433293,9126420062,0.793456,0.023700403,0.013839559,-0.60800856,0.0,0.0,0.0,0.0,0
9126441767,9126429952,0.7934932,0.02575247,0.011172028,-0.6079314,0.0,0.0,0.0,0.0,0
9126452318,9126438832,0.793388,0.028472243,0.007801069,-0.6079999,0.0,0.0,0.0,0.0,0
9126462740,9126449557,0.79320437,0.031238368,0.0045629125,-0.6081367,0.0,0.0,0.0,0.0,0
9126474260,9126459798,0.7930054,0.034404572,0.0010878115,-0.6082414,0.0,0.0,0.0,0.0,0
9126481662,9126470282,0.7929306,0.036431998,-0.0010000127,-0.60822105,0.0,0.0,0.0,0.0,0
9126492262,9126479174,0.79286134,0.039269783,-0.003790114,-0.6081237,0.0,0.0,0.0,0.0,0
9126502925,9126489689,0.79275423,0.042159367,-0.0067203147,-0.60804456,0.0,0.0,0.0,0.0,0
9126513716,9126500070,0.79256475,0.0451705,-0.010059871,-0.6080293,0.0,0.0,0.0,0.0,0
9126522284,9126509892,0.7923311,0.047538623,-0.013010139,-0.6080972,0.0,0.0,0.0,0.0,0
9126532175,9126519744,0.7919576,0.050173935,-0.016777726,-0.60827976,0.0,0.0,0.0,0.0,0
9126542814,9126529318,0.79150444,0.05284908,-0.021018652,-0.6085113,0.0,0.0,0.0,0.0,0
9126552326,9126539852,0.79113513,0.054984845,-0.024664657,-0.60866535,0.0,0.0,0.0,0.0,0
9126562814,9126549622,0.7908316,0.056965485,-0.028297324,-0.60871965,0.0,0.0,0.0,0.0,0
9126573354,9126560285,0.79069734,0.058594692,-0.031425808,-0.6085861,0.0,0.0,0.0,0.0,0
9126583835,9126570613,0.790689,0.060196646,-0.034360766,-0.60828173,0.0,0.0,0.0,0.0,0
9126592322,9126580065,0.7906236,0.06184667,-0.03699023,-0.608047,0.0,0.0,0.0,0.0,0
9126602755,9126589812,0.7903295,0.06440626,-0.040473774,-0.6079416,0.0,0.0,0.0,0.0,0
9126613318,9126600060,0.78987837,0.067199305,-0.043974523,-0.6079825,0.0,0.0,0.0,0.0,0
9126622751,9126610369,0.78944445,0.069442086,-0.046998665,-0.60806775,0.0,0.0,0.0,0.0,0
9126632167,9126620254,0.788996,0.07123071,-0.04971126,-0.60822725,0.0,0.0,0.0,0.0,0
9126642744,9126629462,0.78855675,0.07268772,-0.05206596,-0.60842746,0.0,0.0,0.0,0.0,0
9126654146,9126639788,0.7882717,0.07371865,-0.053991325,-0.60850483,0.0,0.0,0.0,0.0,0
9126662645,9126650344,0.7881598,0.07421767,-0.055366423,-0.6084656,0.0,0.0,0.0,0.0,0
9126673084,9126659877,0.78794646,0.074632496,-0.057204243,-0.60852116,0.0,0.0,0.0,0.0,0
9126683389,9126670553,0.7875751,0.07484824,-0.058971886,-0.6088066,0.0,0.0,0.0,0.0,0
9126694102,9126680292,0.78708684,0.07491482,-0.060423728,-0.6092874,0.0,0.0,0.0,0.0,0
9126702349,9126690279,0.7866943,0.07507046,-0.06125271,-0.6096924,0.0,0.0,0.0,0.0,0
9126712898,9126699802,0.78627604,0.07559372,-0.062193982,-0.6100717,0.0,0.0,0.0,0.0,0
9126724302,9126710134,0.78598714,0.07642458,-0.0630506,-0.61025244,0.0,0.0,0.0,0.0,0
9126732731,9126720519,0.7858714,0.07719338,-0.063747734,-0.6102324,0.0,0.0,0.0,0.0,0
9126743291,9126730030,0.7857577,0.07823637,-0.06493178,-0.6101212,0.0,0.0,0.0,0.0,0
9126752608,9126740531,0.78561884,0.07903982,-0.066044554,-0.610077,0.0,0.0,0.0,0.0,0
9126763122,9126749720,0.7854637,0.07978682,-0.06717885,-0.6100556,0.0,0.0,0.0,0.0,0
9126772526,9126759521,0.78536797,0.080418535,-0.06807448,-0.6099966,0.0,0.0,0.0,0.0,0
9126783308,9126769855,0.78529876,0.08124329,-0.069055185,-0.60986614,0.0,0.0,0.0,0.0,0
9126792647,9126780591,0.78525853,0.08209595,-0.06995239,-0.60970163,0.0,0.0,0.0,0.0,0
9126802150,9126789960,0.78521633,0.08296888,-0.0708148,-0.6095383,0.0,0.0,0.0,0.0,0
9126812660,9126799455,0.78516936,0.08380702,-0.07164459,-0.609387,0.0,0.0,0.0,0.0,0
9126823119,9126809971,0.785142,0.08449947,-0.07249643,-0.60922587,0.0,0.0,0.0,0.0,0
9126834597,9126820184,0.78507596,0.08509174,-0.073505886,-0.6091076,0.0,0.0,0.0,0.0,0
9126843087,9126830407,0.7849466,0.08538394,-0.07416648,-0.6091534,0.0,0.0,0.0,0.0,0
9126852530,9126840555,0.7847556,0.08557262,-0.07470107,-0.6093077,0.0,0.0,0.0,0.0,0
9126863141,9126849831,0.7845921,0.085760966,-0.07512974,-0.609439,0.0,0.0,0.0,0.0,0
9126872567,9126860151,0.78450394,0.08598103,-0.07543844,-0.6094833,0.0,0.0,0.0,0.0,0
9126883195,9126869866,0.7844698,0.08616038,-0.075686865,-0.609471,0.0,0.0,0.0,0.0,0
9126893584,9126880678,0.7844568,0.08602064,-0.075734936,-0.60950154,0.0,0.0,0.0,0.0,0
9126904130,9126890675,0.7844209,0.08546663,-0.07552403,-0.609652,0.0,0.0,0.0,0.0,0
9126912507,9126900600,0.7843901,0.08485617,-0.07512412,-0.60982615,0.0,0.0,0.0,0.0,0
9126922982,9126910031,0.78442204,0.08404268,-0.07429581,-0.60999936,0.0,0.0,0.0,0.0,0
9126933388,9126920291,0.7845826,0.08308356,-0.073047854,-0.6100748,0.0,0.0,0.0,0.0,0
9126942905,9126930488,0.78489125,0.08189292,-0.07144982,-0.6100281,0.0,0.0,0.0,0.0,0
9126953105,9126940411,0.7854583,0.08007446,-0.06936501,-0.6097802,0.0,0.0,0.0,0.0,0
9126963482,9126950552,0.7862829,0.07737885,-0.066999,-0.6093298,0.0,0.0,0.0,0.0,0
9126974958,9126960580,0.78732806,0.073211975,-0.06412029,-0.6088047,0.0,0.0,0.0,0.0,0
9126982411,9126970992,0.7879594,0.069842376,-0.062075086,-0.60859567,0.0,0.0,0.0,0.0,0
9126992916,9126979906,0.78871006,0.06453336,-0.058914077,-0.6085237,0.0,0.0,0.0,0.0,0
9127003282,9126990419,0.78937453,0.05908164,-0.055429928,-0.6085431,0.0,0.0,0.0,0.0,0
9127013887,9127000595,0.7900721,0.053558726,-0.051456686,-0.6084979,0.0,0.0,0.0,0.0,0
9127023276,9127010306,0.79065955,0.048872378,-0.047729976,-0.60843307,0.0,0.0,0.0,0.0,0
9127033139,9127020817,0.7911924,0.04428224,-0.04377209,-0.60838944,0.0,0.0,0.0,0.0,0
9127044581,9127030385,0.79164284,0.03945336,-0.039473936,-0.60842985,0.0,0.0,0.0,0.0,0
9127053066,9127040393,0.79191285,0.036165044,-0.036701586,-0.6084565,0.0,0.0,0.0,0.0,0
9127062969,9127050579,0.7921856,0.032477524,-0.033502135,-0.60849386,0.0,0.0,0.0,0.0,0
9127073691,9127060473,0.79238397,0.028582452,-0.029605672,-0.608633,0.0,0.0,0.0,0.0,0
9127084178,9127070811,0.7924668,0.02474485,-0.025543075,-0.6088773,0.0,0.0,0.0,0.0,0
9127093608,9127080698,0.792358,0.021033138,-0.021880427,-0.609301,0.0,0.0,0.0,0.0,0
9127102968,9127090900,0.7920093,0.017362019,-0.018427493,-0.6099838,0.0,0.0,0.0,0.0,0
9127113917,9127100507,0.7912843,0.01386489,-0.014738958,-0.61111355,0.0,0.0,0.0,0.0,0
9127123132,9127111226,0.7904488,0.011754271,-0.0116827665,-0.6123039,0.0,0.0,0.0,0.0,0
9127133572,9127120384,0.7894942,0.0100563755,-0.007988931,-0.61362374,0.0,0.0,0.0,0.0,0
9127143973,9127131040,0.7887428,0.0087868115,-0.004162369,-0.61464655,0.0,0.0,0.0,0.0,0
9127162792,9127141249,0.78786963,0.0069812885,0.0026141228,-0.615797,0.0,0.0,0.0,0.0,0
9127173280,9127150324,0.78770703,0.0061481264,0.006177936,-0.61598855,0.0,0.0,0.0,0.0,0
9127183706,9127160281,0.78783965,0.005190343,0.009581704,-0.6157841,0.0,0.0,0.0,0.0,0
9127193126,9127170802,0.78813833,0.0037849357,0.012699922,-0.61535555,0.0,0.0,0.0,0.0,0
9127203734,9127180815,0.7885576,0.0012440404,0.01663271,-0.61473477,0.0,0.0,0.0,0.0,0
9127214149,9127190460,0.78906864,-0.0021613785,0.021036915,-0.613941,0.0,0.0,0.0,0.0,0
9127225305,9127201233,0.78984296,-0.0063563962,0.025988897,-0.61272526,0.0,0.0,0.0,0.0,0
9127232788,9127211049,0.79045564,-0.009201977,0.02931131,-0.61174834,0.0,0.0,0.0,0.0,0
9127243277,9127221344,0.7912061,-0.012989862,0.033911526,-0.6104705,0.0,0.0,0.0,0.0,0
9127253659,9127230283,0.79170877,-0.01649087,0.038262878,-0.6094762,0.0,0.0,0.0,0.0,0
9127264155,9127240730,0.7919726,-0.01976089,0.042462893,-0.6087577,0.0,0.0,0.0,0.0,0
9127273657,9127250959,0.79206955,-0.022507545,0.04621986,-0.60826224,0.0,0.0,0.0,0.0,0
9127284093,9127261468,0.79210865,-0.025317956,0.05030427,-0.6077766,0.0,0.0,0.0,0.0,0
9127295475,9127270920,0.79207635,-0.028135711,0.054641828,-0.60732013,0.0,0.0,0.0,0.0,0
9127302867,9127281122,0.79196745,-0.029884053,0.05742775,-0.60712165,0.0,0.0,0.0,0.0,0
9127313346,9127291510,0.7917262,-0.032392662,0.061390694,-0.6069198,0.0,0.0,0.0,0.0,0
9127323691,9127300403,0.7914743,-0.034914438,0.0653562,-0.60669446,0.0,0.0,0.0,0.0,0
9127334314,9127310853,0.79126996,-0.037532493,0.06947737,-0.60634655,0.0,0.0,0.0,0.0,0
9127343848,9127320830,0.7912087,-0.03990899,0.073043585,-0.6058554,0.0,0.0,0.0,0.0,0
9127354282,9127331014,0.7912287,-0.042495243,0.07672158,-0.6051983,0.0,0.0,0.0,0.0,0
9127363742,9127341339,0.7911943,-0.044776406,0.079933755,-0.6046629,0.0,0.0,0.0,0.0,0
9127373369,9127350618,0.7910732,-0.047034077,0.08311355,-0.6042212,0.0,0.0,0.0,0.0,0
9127383869,9127360840,0.7908617,-0.04940513,0.086456046,-0.6038396,0.0,0.0,0.0,0.0,0
9127394209,9127370871,0.7905499,-0.05165931,0.08962456,-0.6035973,0.0,0.0,0.0,0.0,0
9127404732,9127381350,0.7901441,-0.05394504,0.09276648,-0.603454,0.0,0.0,0.0,0.0,0
9127414113,9127391533,0.7897376,-0.05600238,0.095482916,-0.60337514,0.0,0.0,0.0,0.0,0
9127423521,9127401216,0.7893382,-0.058117095,0.09813324,-0.6032724,0.0,0.0,0.0,0.0,0
9127434002,9127411631,0.78897274,-0.060506947,0.101004,-0.6030417,0.0,0.0,0.0,0.0,0
9127443471,9127421044,0.7887349,-0.06260354,0.10348104,-0.6027187,0.0,0.0,0.0,0.0,0
9127454105,9127431094,0.78858423,-0.064858034,0.10619306,-0.6022056,0.0,0.0,0.0,0.0,0
9127464428,9127440764,0.7885081,-0.067071736,0.10886018,-0.601586,0.0,0.0,0.0,0.0,0
9127475122,9127451372,0.7884124,-0.069605045,0.111681804,-0.6009062,0.0,0.0,0.0,0.0,0
9127483531,9127461562,0.78826034,-0.071816936,0.11389604,-0.60042965,0.0,0.0,0.0,0.0,0
9127493985,9127471513,0.78790945,-0.07463315,0.11667558,-0.6000129,0.0,0.0,0.0,0.0,0
9127504458,9127481009,0.78741044,-0.0773219,0.11951083,-0.5997695,0.0,0.0,0.0,0.0,0
9127514025,9127491287,0.78691626,-0.07952323,0.12199638,-0.5996296,0.0,0.0,0.0,0.0,0
9127523958,9127501724,0.7864347,-0.081417695,0.12431656,-0.5995307,0.0,0.0,0.0,0.0,0
9127534559,9127511455,0.7859684,-0.082928546,0.12647286,-0.59948415,0.0,0.0,0.0,0.0,0
9127545169,9127521177,0.78556204,-0.083929606,0.12827036,-0.5994954,0.0,0.0,0.0,0.0,0
9127553625,9127531629,0.7852875,-0.08447688,0.12947233,-0.5995199,0.0,0.0,0.0,0.0,0
9127564043,9127541864,0.78499186,-0.08506124,0.13084537,-0.5995263,0.0,0.0,0.0,0.0,0
9127574468,9127550894,0.78473073,-0.08562297,0.13205856,-0.5995222,0.0,0.0,0.0,0.0,0
9127583941,9127561508,0.78460443,-0.08608867,0.13283415,-0.5994495,0.0,0.0,0.0,0.0,0
9127594466,9127571553,0.78456956,-0.08651691,0.13338192,-0.5993119,0.0,0.0,0.0,0.0,0
9127603788,9127580434,0.78461015,-0.08677883,0.1336147,-0.5991689,0.0,0.0,0.0,0.0,0
9127615611,9127591931,0.7847161,-0.08687163,0.13339034,-0.5990667,0.0,0.0,0.0,0.0,0
9127623937,9127601309,0.7847384,-0.08680666,0.13273,-0.5991935,0.0,0.0,0.0,0.0,0
9127634505,9127632002,0.784446,-0.08787355,0.13180375,-0.59962535,0.0,0.0,0.0,0.0,0
9127644329,9127641421,0.78416616,-0.091356024,0.13238093,-0.59934366,0.0,0.0,0.0,0.0,0
9127654872,9127651602,0.7839728,-0.096204996,0.13389589,-0.59850085,0.0,0.0,0.0,0.0,0
9127664312,9127661830,0.7838935,-0.10095808,0.13574086,-0.5974052,0.0,0.0,0.0,0.0,0
9127674857,9127672141,0.78387606,-0.10608354,0.1378821,-0.5960479,0.0,0.0,0.0,0.0,0
9127684280,9127681553,0.7838612,-0.10994504,0.13947622,-0.594996,0.0,0.0,0.0,0.0,0
9127704112,9127691370,0.7838877,-0.11592039,0.14167576,-0.5933049,0.0,0.0,0.0,0.0,0
9127714740,9127701570,0.78390485,-0.11787429,0.14216919,-0.59277874,0.0,0.0,0.0,0.0,0
9127725203,9127712039,0.7838279,-0.11873191,0.14210142,-0.59272575,0.0,0.0,0.0,0.0,0
9127733712,9127721944,0.7836963,-0.11901398,0.14182256,-0.59290993,0.0,0.0,0.0,0.0,0
9127744321,9127731149,0.7834204,-0.11932997,0.14133987,-0.59332603,0.0,0.0,0.0,0.0,0
9127754955,9127741798,0.78300375,-0.11993068,0.14081924,-0.59387857,0.0,0.0,0.0,0.0,0
9127764418,9127752067,0.78259313,-0.120920084,0.14056987,-0.5942782,0.0,0.0,0.0,0.0,0
9127774922,9127761944,0.78229237,-0.122489944,0.1407184,-0.59431744,0.0,0.0,0.0,0.0,0
9127785331,9127772410,0.78231096,-0.12431234,0.14106075,-0.5938333,0.0,0.0,0.0,0.0,0
9127795957,9127782427,0.7826298,-0.12628616,0.14124213,-0.59295285,0.0,0.0,0.0,0.0,0
9127804380,9127792313,0.78296137,-0.12784487,0.14117566,-0.59219646,0.0,0.0,0.0,0.0,0
9127814781,9127801846,0.78330255,-0.12964566,0.14076741,-0.59145045,0.0,0.0,0.0,0.0,0
9127825195,9127812288,0.78352493,-0.13123088,0.13972014,-0.5910545,0.0,0.0,0.0,0.0,0
9127834667,9127822506,0.7836057,-0.13243802,0.13818353,-0.5910395,0.0,0.0,0.0,0.0,0
9127844114,9127831365,0.78365564,-0.13340141,0.13642976,-0.59116393,0.0,0.0,0.0,0.0,0
9127854570,9127841565,0.783787,-0.1341825,0.13461651,-0.5912287,0.0,0.0,0.0,0.0,0
9127865995,9127851623,0.7839871,-0.1346203,0.13292176,-0.5912474,0.0,0.0,0.0,0.0,0
9127874576,9127862430,0.784178,-0.13456614,0.13179725,-0.5912582,0.0,0.0,0.0,0.0,0
9127885190,9127871858,0.7844938,-0.1340541,0.13056265,-0.59122956,0.0,0.0,0.0,0.0,0
9127894548,9127882676,0.7848783,-0.13327734,0.1296249,-0.59110117,0.0,0.0,0.0,0.0,0
9127906027,9127891658,0.7855626,-0.132004,0.12840322,-0.59074455,0.0,0.0,0.0,0.0,0
9127914479,9127902062,0.78620696,-0.13102183,0.12717207,-0.59037215,0.0,0.0,0.0,0.0,0
9127924876,9127911953,0.7869633,-0.13008776,0.12522167,-0.58998775,0.0,0.0,0.0,0.0,0
9127935362,9127922196,0.7875126,-0.12949802,0.12310997,-0.58982885,0.0,0.0,0.0,0.0,0
9127944042,9127932423,0.787815,-0.12917067,0.12134279,-0.589863,0.0,0.0,0.0,0.0,0
9127954435,9127941253,0.78809017,-0.12877811,0.11905988,-0.5900464,0.0,0.0,0.0,0.0,0
9127964945,9127951877,0.78832656,-0.1283779,0.11664821,-0.5902996,0.0,0.0,0.0,0.0,0
9127976432,9127962004,0.78859824,-0.12809403,0.11433506,-0.59045076,0.0,0.0,0.0,0.0,0
9127984868,9127972241,0.78886026,-0.1280002,0.11306542,-0.59036565,0.0,0.0,0.0,0.0,0
9127995300,9127982359,0.7893349,-0.12792963,0.111729115,-0.59000105,0.0,0.0,0.0,0.0,0
9128004778,9127992607,0.78972054,-0.12791565,0.110350005,-0.5897475,0.0,0.0,0.0,0.0,0
9128015297,9128002012,0.7899274,-0.12810382,0.10866426,-0.5897424,0.0,0.0,0.0,0.0,0
9128024675,9128012575,0.78988194,-0.12852369,0.10738187,-0.589947,0.0,0.0,0.0,0.0,0
9128035137,9128022193,0.78969824,-0.12920183,0.106408946,-0.5902209,0.0,0.0,0.0,0.0,0
9128046759,9128031999,0.7896098,-0.13021567,0.10587465,-0.5902125,0.0,0.0,0.0,0.0,0
9128054159,9128042519,0.7897621,-0.13107781,0.10586629,-0.5898193,0.0,0.0,0.0,0.0,0
9128064602,9128051637,0.79029876,-0.1325174,0.10619554,-0.5887186,0.0,0.0,0.0,0.0,0
9128075121,9128062104,0.790991,-0.13393618,0.106775306,-0.58736134,0.0,0.0,0.0,0.0,0
9128085598,9128072351,0.7916373,-0.13492543,0.107477,-0.5861351,0.0,0.0,0.0,0.0,0
9128094959,9128082863,0.7921731,-0.13516814,0.10798591,-0.585261,0.0,0.0,0.0,0.0,0
9128105472,9128092481,0.7927464,-0.13478021,0.10830797,-0.58451426,0.0,0.0,0.0,0.0,0
9128115982,9128102555,0.7931588,-0.13410054,0.10843873,-0.5840866,0.0,0.0,0.0,0.0,0
9128124312,9128112655,0.7932683,-0.13355815,0.108435586,-0.58406276,0.0,0.0,0.0,0.0,0
9128134946,9128121832,0.7931141,-0.13292617,0.10831597,-0.58443844,0.0,0.0,0.0,0.0,0
9128145388,9128132221,0.7928965,-0.13238549,0.108139366,-0.5848891,0.0,0.0,0.0,0.0,0
9128154813,9128142676,0.79275423,-0.13200752,0.10803939,-0.5851856,0.0,0.0,0.0,0.0,0
9128165323,9128151555,0.7926816,-0.13177313,0.10805277,-0.5853345,0.0,0.0,0.0,0.0,0
9128175079,9128162641,0.7926992,-0.13173737,0.10820128,-0.5852912,0.0,0.0,0.0,0.0,0
9128185122,9128172386,0.7928152,-0.13183188,0.10854679,-0.5850488,0.0,0.0,0.0,0.0,0
9128194637,9128182380,0.79302806,-0.13194697,0.10885999,-0.584676,0.0,0.0,0.0,0.0,0
9128205057,9128191933,0.79329574,-0.13203022,0.10888977,-0.5842884,0.0,0.0,0.0,0.0,0
9128215794,9128202564,0.7934134,-0.1321613,0.10869343,-0.58413565,0.0,0.0,0.0,0.0,0
9128226515,9128213078,0.79332465,-0.13234055,0.10852125,-0.5842474,0.0,0.0,0.0,0.0,0
9128234938,9128222347,0.7932284,-0.13230492,0.108438246,-0.5844018,0.0,0.0,0.0,0.0,0
9128245576,9128232465,0.7932253,-0.13182369,0.10841217,-0.5845194,0.0,0.0,0.0,0.0,0
9128255993,9128242838,0.7934021,-0.130978,0.10854626,-0.58444464,0.0,0.0,0.0,0.0,0
9128265374,9128253063,0.7936558,-0.12993671,0.108752005,-0.5842945,0.0,0.0,0.0,0.0,0
9128274898,9128262706,0.7939603,-0.12855594,0.10886398,-0.5841653,0.0,0.0,0.0,0.0,0
9128285272,9128272394,0.79439497,-0.12666917,0.108801715,-0.5839981,0.0,0.0,0.0,0.0,0
9128296854,9128282381,0.7949764,-0.12422742,0.108535096,-0.58378094,0.0,0.0,0.0,0.0,0
9128305432,9128292850,0.7954069,-0.12223453,0.108087175,-0.5836984,0.0,0.0,0.0,0.0,0
9128314866,9128302913,0.79587156,-0.11957066,0.107151866,-0.5837893,0.0,0.0,0.0,0.0,0
9128325286,9128312369,0.79646975,-0.11572496,0.10568723,-0.5840154,0.0,0.0,0.0,0.0,0
9128335779,9128322383,0.7971509,-0.11087659,0.10406735,-0.58431745,0.0,0.0,0.0,0.0,0
9128345330,9128333116,0.7977575,-0.10576697,0.10258459,-0.5846989,0.0,0.0,0.0,0.0,0
9128355773,9128342625,0.7984281,-0.09964106,0.10068971,-0.5851886,0.0,0.0,0.0,0.0,0
9128367296,9128352880,0.799172,-0.092560425,0.09794709,-0.58580136,0.0,0.0,0.0,0.0,0
9128374734,9128363105,0.7995689,-0.08796291,0.095835194,-0.58631706,0.0,0.0,0.0,0.0,0
9128385373,9128372232,0.7999415,-0.08151902,0.0926078,-0.5872581,0.0,0.0,0.0,0.0,0
9128395794,9128382845,0.8001973,-0.07542266,0.08925454,-0.5882427,0.0,0.0,0.0,0.0,0
9128406314,9128393077,0.80040234,-0.069526486,0.08563528,-0.5892274,0.0,0.0,0.0,0.0,0
9128415676,9128402477,0.800542,-0.06453777,0.082243904,-0.59008765,0.0,0.0,0.0,0.0,0
9128426143,9128413002,0.8008036,-0.059362363,0.07827317,-0.5908156,0.0,0.0,0.0,0.0,0
9128436771,9128422826,0.801207,-0.054617416,0.07414235,-0.5912591,0.0,0.0,0.0,0.0,0
9128445122,9128433410,0.8015721,-0.05132027,0.07090287,-0.59145683,0.0,0.0,0.0,0.0,0
9128455568,9128442433,0.8019821,-0.047771446,0.066967614,-0.59165704,0.0,0.0,0.0,0.0,0
9128465960,9128452883,0.8022781,-0.044785425,0.06325712,-0.5918975,0.0,0.0,0.0,0.0,0
9128476901,9128463080,0.80249137,-0.04212343,0.059630577,-0.5921803,0.0,0.0,0.0,0.0,0
9128485300,9128472911,0.8026195,-0.040371858,0.057077743,-0.5923803,0.0,0.0,0.0,0.0,0
9128496071,9128482822,0.80274975,-0.03827202,0.054102656,-0.59262216,0.0,0.0,0.0,0.0,0
9128505409,9128493544,0.80283993,-0.036309533,0.05165651,-0.59284174,0.0,0.0,0.0,0.0,0
9128514948,9128502536,0.8028942,-0.033988804,0.049052183,-0.5931271,0.0,0.0,0.0,0.0,0
9128525611,9128512432,0.8028851,-0.031120615,0.045975145,-0.593543,0.0,0.0,0.0,0.0,0
9128536242,9128523021,0.80278844,-0.028176766,0.04283408,-0.59405553,0.0,0.0,0.0,0.0,0
9128546584,9128533455,0.80266654,-0.025351813,0.03970666,-0.5945647,0.0,0.0,0.0,0.0,0
9128555223,9128542108,0.8025394,-0.023137825,0.037015766,-0.59499997,0.0,0.0,0.0,0.0,0
9128565745,9128552627,0.8022985,-0.020761034,0.033785816,-0.5956045,0.0,0.0,0.0,0.0,0
9128576188,9128563217,0.8020335,-0.018816153,0.030844295,-0.59618527,0.0,0.0,0.0,0.0,0
9128585666,9128573247,0.8018238,-0.017352823,0.028454976,-0.59663033,0.0,0.0,0.0,0.0,0
9128595267,9128582934,0.8016486,-0.015970604,0.026269035,-0.5970045,0.0,0.0,0.0,0.0,0
9128605665,9128592548,0.80151796,-0.014458232,0.024066012,-0.5973113,0.0,0.0,0.0,0.0,0
9128617160,9128602754,0.80141896,-0.012827892,0.021694578,-0.59757215,0.0,0.0,0.0,0.0,0
9128625588,9128613580,0.80131084,-0.011714094,0.01994788,-0.5978008,0.0,0.0,0.0,0.0,0
9128636118,9128623080,0.8010777,-0.01041389,0.017695617,-0.5982081,0.0,0.0,0.0,0.0,0
9128645731,9128633560,0.80080926,-0.009288876,0.01566695,-0.5986424,0.0,0.0,0.0,0.0,0
9128656221,9128642812,0.80055815,-0.008078274,0.013606802,-0.59904623,0.0,0.0,0.0,0.0,0
9128665642,9128652614,0.80043054,-0.006834669,0.0117305145,-0.59927183,0.0,0.0,0.0,0.0,0
9128676116,9128663109,0.8003567,-0.005140885,0.009429102,-0.5994279,0.0,0.0,0.0,0.0,0
9128687569,9128673174,0.800293,-0.003100738,0.0067613805,-0.599563,0.0,0.0,0.0,0.0,0
9128695180,9128683768,0.800216,-0.0017710241,0.004932452,-0.599689,0.0,0.0,0.0,0.0,0
9128705530,9128692654,0.8000482,0.0001161054,0.0019898687,-0.5999325,0.0,0.0,0.0,0.0,0
9128715907,9128702393,0.79977363,0.0023853306,-0.0016609068,-0.60029477,0.0,0.0,0.0,0.0,0
9128726480,9128713009,0.7994147,0.0052421936,-0.005708158,-0.60072964,0.0,0.0,0.0,0.0,0
9128736058,9128722498,0.79909074,0.008308092,-0.0093048,-0.60108113,0.0,0.0,0.0,0.0,0
9128746463,9128733293,0.798778,0.01200871,-0.013027002,-0.6013649,0.0,0.0,0.0,0.0,0
9128755792,9128743933,0.7985273,0.015342574,-0.016207732,-0.6015448,0.0,0.0,0.0,0.0,0
9128765333,9128753119,0.79830307,0.018442135,-0.019292828,-0.6016643,0.0,0.0,0.0,0.0,0
9128775810,9128762647,0.7980954,0.02131096,-0.022498807,-0.6017336,0.0,0.0,0.0,0.0,0
9128786233,9128773119,0.79789454,0.02365814,-0.025551153,-0.6017905,0.0,0.0,0.0,0.0,0
9128796749,9128783527,0.7976738,0.025770644,-0.02857726,-0.6018603,0.0,0.0,0.0,0.0,0
9128806317,9128793440,0.797484,0.027680723,-0.031305518,-0.6018912,0.0,0.0,0.0,0.0,0
9128815710,9128803750,0.7973918,0.029633038,-0.033872712,-0.60178137,0.0,0.0,0.0,0.0,0
9128826098,9128813025,0.79735017,0.03190466,-0.036462635,-0.60156906,0.0,0.0,0.0,0.0,0
9128835538,9128823209,0.7973015,0.034006614,-0.03855386,-0.601388,0.0,0.0,0.0,0.0,0
9128846369,9128832861,0.7971826,0.036294445,-0.040813364,-0.60126275,0.0,0.0,0.0,0.0,0
9128855718,9128843839,0.796964,0.03827172,-0.04291166,-0.6012839,0.0,0.0,0.0,0.0,0
9128867311,9128852847,0.79648924,0.041016903,-0.04572537,-0.60152453,0.0,0.0,0.0,0.0,0
9128875764,9128863735,0.7960373,0.043309245,-0.04772642,-0.6018066,0.0,0.0,0.0,0.0,0
9128886266,9128873267,0.7954482,0.046466026,-0.050038207,-0.6021623,0.0,0.0,0.0,0.0,0
9128896991,9128883756,0.7949006,0.049821004,-0.052275002,-0.602427,0.0,0.0,0.0,0.0,0
9128906476,9128894263,0.79452795,0.052659914,-0.05412562,-0.6025137,0.0,0.0,0.0,0.0,0
9128915867,9128903754,0.7942885,0.055195007,-0.0557492,-0.6024543,0.0,0.0,0.0,0.0,0
9128926264,9128913374,0.79409623,0.057828497,-0.057443164,-0.60230166,0.0,0.0,0.0,0.0,0
9128937830,9128923366,0.79385006,0.060853608,-0.059465054,-0.60213184,0.0,0.0,0.0,0.0,0
9128946244,9128934209,0.7936217,0.063206345,-0.06100215,-0.6020368,0.0,0.0,0.0,0.0,0
9128956606,9128943737,0.79332346,0.06635082,-0.06291969,-0.6018941,0.0,0.0,0.0,0.0,0
9128966046,9128953320,0.7930924,0.069468565,-0.06473925,-0.6016538,0.0,0.0,0.0,0.0,0
9128976720,9128963387,0.7928256,0.07328744,-0.06684779,-0.60132194,0.0,0.0,0.0,0.0,0
9128986138,9128973184,0.7925769,0.07696138,-0.06873417,-0.600978,0.0,0.0,0.0,0.0,0
9128996756,9128983645,0.7922167,0.081329115,-0.07102797,-0.60061073,0.0,0.0,0.0,0.0,0
9129007472,9128993814,0.7917313,0.08569366,-0.073588245,-0.6003356,0.0,0.0,0.0,0.0,0
9129015855,9129004170,0.79128236,0.088957,-0.07556838,-0.6002068,0.0,0.0,0.0,0.0,0
9129026368,9129013392,0.7907405,0.09282897,-0.07778622,-0.6000514,0.0,0.0,0.0,0.0,0
9129036731,9129023840,0.7903037,0.09638099,-0.079725794,-0.5998121,0.0,0.0,0.0,0.0,0
9129047249,9129033822,0.78995734,0.09966302,-0.0814396,-0.5995017,0.0,0.0,0.0,0.0,0
9129056723,9129043746,0.7897123,0.10238583,-0.0827943,-0.5991801,0.0,0.0,0.0,0.0,0
9129066046,9129054188,0.78950757,0.10499442,-0.08402173,-0.5988274,0.0,0.0,0.0,0.0,0
9129076552,9129063577,0.78927803,0.10797423,-0.08521806,-0.59843105,0.0,0.0,0.0,0.0,0
9129086080,9129073838,0.7890447,0.110676825,-0.08610545,-0.5981179,0.0,0.0,0.0,0.0,0
9129096510,9129083566,0.78869283,0.11363014,-0.08709156,-0.59788543,0.0,0.0,0.0,0.0,0
9129106930,9129094014,0.7881577,0.11666536,-0.08830222,-0.5978289,0.0,0.0,0.0,0.0,0
9129117432,9129103999,0.78743577,0.11974504,-0.089710034,-0.59796166,0.0,0.0,0.0,0.0,0
9129125749,9129113919,0.78682876,0.12204537,-0.09088644,-0.59811795,0.0,0.0,0.0,0.0,0
9129136212,9129123282,0.7861372,0.12459752,-0.09239751,-0.5982695,0.0,0.0,0.0,0.0,0
9129146721,9129133700,0.7855671,0.12680826,-0.09392903,-0.5983154,0.0,0.0,0.0,0.0,0
9129156176,9129143815,0.7851248,0.12867025,-0.09532289,-0.5982781,0.0,0.0,0.0,0.0,0
9129166816,9129153455,0.78466475,0.13083555,-0.09676379,-0.5981806,0.0,0.0,0.0,0.0,0
9129177150,9129164041,0.784311,0.13303973,-0.09792711,-0.59796923,0.0,0.0,0.0,0.0,0
9129187620,9129174272,0.7841442,0.13519044,-0.09896592,-0.5975342,0.0,0.0,0.0,0.0,0
9129196111,9129184363,0.7840989,0.1368241,-0.099862136,-0.5970726,0.0,0.0,0.0,0.0,0
9129206522,9129193391,0.78391075,0.13885108,-0.10120398,-0.59662557,0.0,0.0,0.0,0.0,0
9129217130,9129204031,0.7834593,0.14097378,-0.10279483,-0.59644884,0.0,0.0,0.0,0.0,0
9129227476,9129214329,0.7828427,0.14307187,-0.10439863,-0.5964802,0.0,0.0,0.0,0.0,0
9129237810,9129224760,0.78215694,0.1452435,-0.105974786,-0.5965771,0.0,0.0,0.0,0.0,0
9129246316,9129233611,0.78160775,0.14715698,-0.10719475,-0.5966102,0.0,0.0,0.0,0.0,0
9129258029,9129243196,0.78093946,0.1499192,-0.10871531,-0.5965222,0.0,0.0,0.0,0.0,0
9129266615,9129253839,0.78051114,0.15196237,-0.10982075,-0.5963634,0.0,0.0,0.0,0.0,0
9129277163,9129264091,0.77997184,0.15441027,-0.11126071,-0.59617317,0.0,0.0,0.0,0.0,0
9129286556,9129274468,0.77948964,0.15643397,-0.11252959,-0.59603804,0.0,0.0,0.0,0.0,0
9129297074,9129283676,0.77901334,0.15848021,-0.11385579,-0.59586835,0.0,0.0,0.0,0.0,0
9129306471,9129293471,0.7786557,0.16024406,-0.11497906,-0.5956484,0.0,0.0,0.0,0.0,0
9129316935,9129303759,0.7783281,0.16235733,-0.116223656,-0.5952625,0.0,0.0,0.0,0.0,0
9129327345,9129314204,0.7780753,0.1646771,-0.11760518,-0.59468424,0.0,0.0,0.0,0.0,0
9129336908,9129324605,0.7778338,0.16697714,-0.11910946,-0.59405917,0.0,0.0,0.0,0.0,0
9129346383,9129334170,0.7774949,0.16933498,-0.12075853,-0.59350204,0.0,0.0,0.0,0.0,0
9129356823,9129343838,0.777034,0.1717904,-0.12263938,-0.5930142,0.0,0.0,0.0,0.0,0
9129368281,9129354089,0.7765375,0.17412968,-0.12463507,-0.59256595,0.0,0.0,0.0,0.0,0
9129376756,9129364279,0.77625245,0.17557484,-0.12599508,-0.5922254,0.0,0.0,0.0,0.0,0
9129387209,9129374236,0.776041,0.17700014,-0.12752949,-0.59174955,0.0,0.0,0.0,0.0,0
9129397596,9129384463,0.77591306,0.17808469,-0.12889309,-0.5912964,0.0,0.0,0.0,0.0,0
9129407073,9129394678,0.7757848,0.17888573,-0.12998687,-0.59098345,0.0,0.0,0.0,0.0,0
9129416976,9129404354,0.7755964,0.17954725,-0.13104595,-0.5907962,0.0,0.0,0.0,0.0,0
9129427379,9129414347,0.77543366,0.17992358,-0.13200586,-0.59068143,0.0,0.0,0.0,0.0,0
9129437941,9129424444,0.7753998,0.17984334,-0.13267684,-0.59059995,0.0,0.0,0.0,0.0,0
9129446520,9129434654,0.7754784,0.17936166,-0.13290395,-0.59059215,0.0,0.0,0.0,0.0,0
9129456958,9129443970,0.7756824,0.17837869,-0.13277704,-0.5906506,0.0,0.0,0.0,0.0,0
9129467329,9129454233,0.77593553,0.17735979,-0.13237967,-0.59071416,0.0,0.0,0.0,0.0,0
9129476958,9129464436,0.7761055,0.17667139,-0.13197319,-0.59078795,0.0,0.0,0.0,0.0,0
9129487366,9129474422,0.7761477,0.1761916,-0.13168651,-0.5909399,0.0,0.0,0.0,0.0,0
9129497804,9129484667,0.7760296,0.1758434,-0.1315587,-0.5912271,0.0,0.0,0.0,0.0,0
9129508442,9129494895,0.7757401,0.17560704,-0.13161227,-0.59166527,0.0,0.0,0.0,0.0,0
9129517016,9129504838,0.77547747,0.175496,-0.1317853,-0.5920038,0.0,0.0,0.0,0.0,0
9129527603,9129514423,0.7753179,0.17536817,-0.13189365,-0.59222656,0.0,0.0,0.0,0.0,0
9129537257,9129524885,0.7754032,0.17527,-0.13175595,-0.5921746,0.0,0.0,0.0,0.0,0
9129548157,9129534286,0.7756555,0.17515267,-0.13149051,-0.5919378,0.0,0.0,0.0,0.0,0
9129557628,9129544358,0.77598,0.17491691,-0.13116762,-0.5916538,0.0,0.0,0.0,0.0,0
9129567135,9129554909,0.7763792,0.17438498,-0.13060388,-0.59141165,0.0,0.0,0.0,0.0,0
9129578820,9129564604,0.7769142,0.17321517,-0.12951733,-0.5912919,0.0,0.0,0.0,0.0,0
9129587321,9129575029,0.7773334,0.17191698,-0.12838776,-0.5913662,0.0,0.0,0.0,0.0,0
9129596906,9129584787,0.7778905,0.16981368,-0.1266501,-0.5916159,0.0,0.0,0.0,0.0,0
9129607338,9129594396,0.77865505,0.16656166,-0.12424505,-0.5920444,0.0,0.0,0.0,0.0,0
9129617849,9129604624,0.7795687,0.16219462,-0.12140606,-0.5926434,0.0,0.0,0.0,0.0,0
9129627224,9129614740,0.7804174,0.15734932,-0.11878974,-0.59336245,0.0,0.0,0.0,0.0,0
9129637756,9129624720,0.7813867,0.15099007,-0.116160564,-0.5942589,0.0,0.0,0.0,0.0,0
9129647134,9129635223,0.7821591,0.14520176,-0.1138104,-0.59513944,0.0,0.0,0.0,0.0,0
9129657523,9129644408,0.7826659,0.13934721,-0.11091544,-0.5964179,0.0,0.0,0.0,0.0,0
9129667146,9129654210,0.78287566,0.13443734,-0.10830456,-0.5977478,0.0,0.0,0.0,0.0,0
9129677393,9129664602,0.7830098,0.12945251,-0.105700955,-0.5991368,0.0,0.0,0.0,0.0,0
9129688260,9129674631,0.7831901,0.124092564,-0.10304681,-0.6004962,0.0,0.0,0.0,0.0,0
9129696814,9129684734,0.7833405,0.11968425,-0.10107551,-0.601529,0.0,0.0,0.0,0.0,0
9129707260,9129694265,0.78347313,0.114046544,-0.09867336,-0.6028489,0.0,0.0,0.0,0.0,0
9129717681,9129704727,0.78359354,0.108237766,-0.09610565,-0.60417664,0.0,0.0,0.0,0.0,0
9129727146,9129714947,0.78377163,0.102909856,-0.09358611,-0.6052713,0.0,0.0,0.0,0.0,0
9129737625,9129724638,0.78403646,0.09712337,-0.09073362,-0.6063178,0.0,0.0,0.0,0.0,0
9129748115,9129735094,0.7843227,0.09173705,-0.088151745,-0.60716677,0.0,0.0,0.0,0.0,0
9129758707,9129745173,0.7846292,0.087010175,-0.08605654,-0.60776675,0.0,0.0,0.0,0.0,0
9129767073,9129755185,0.78487486,0.083837815,-0.084689446,-0.6080874,0.0,0.0,0.0,0.0,0
9129777586,9129764580,0.7851598,0.08032457,-0.08303091,-0.60842246,0.0,0.0,0.0,0.0,0
9129788068,9129775086,0.78538656,0.077087134,-0.08146226,-0.6087606,0.0,0.0,0.0,0.0,0
9129797460,9129785315,0.78557885,0.074363574,-0.080404066,-0.608992,0.0,0.0,0.0,0.0,0
9129808035,9129794374,0.7857805,0.071536,-0.07952542,-0.6091858,0.0,0.0,0.0,0.0,0
9129817324,9129805450,0.7859452,0.069314435,-0.07871036,-0.60933596,0.0,0.0,0.0,0.0,0
9129828923,9129814451,0.7862366,0.06677278,-0.07748969,-0.6094003,0.0,0.0,0.0,0.0,0
9129837246,9129825383,0.7865361,0.0649297,-0.07649463,-0.6093388,0.0,0.0,0.0,0.0,0
9129847310,9129834579,0.7869333,0.06257943,-0.07531899,-0.60921824,0.0,0.0,0.0,0.0,0
9129857652,9129844732,0.7872574,0.060111202,-0.07442167,-0.6091584,0.0,0.0,0.0,0.0,0
9129868163,9129854746,0.78745645,0.057466343,-0.07410763,-0.6091946,0.0,0.0,0.0,0.0,0
9129878520,9129864164,0.7875721,0.0545901,-0.07433334,-0.6092821,0.0,0.0,0.0,0.0,0
9129886940,9129874531,0.7876926,0.052064806,-0.074595205,-0.60931545,0.0,0.0,0.0,0.0,0
9129898436,9129884470,0.7880077,0.048438136,-0.07478681,-0.60918367,0.0,0.0,0.0,0.0,0
9129907850,9129895503,0.78838193,0.045290574,-0.07498582,-0.60891694,0.0,0.0,0.0,0.0,0
9129917319,9129905358,0.78875947,0.041874874,-0.07549971,-0.60860896,0.0,0.0,0.0,0.0,0
9129927915,9129914609,0.78912026,0.037813067,-0.07637597,-0.60829765,0.0,0.0,0.0,0.0,0
9129939260,9129925128,0.78945243,0.033339586,-0.07729127,-0.6080126,0.0,0.0,0.0,0.0,0
9129948554,9129935292,0.78959495,0.029730495,-0.07800231,-0.60792387,0.0,0.0,0.0,0.0,0
9129957687,9129945961,0.7896477,0.026365276,-0.07896843,-0.607886,0.0,0.0,0.0,0.0,0
9129968158,9129955208,0.7897029,0.022750655,-0.0804599,-0.6077648,0.0,0.0,0.0,0.0,0
9129977587,9129965423,0.789811,0.019682664,-0.08173325,-0.6075614,0.0,0.0,0.0,0.0,0
9129988093,9129975082,0.7900311,0.016450522,-0.08273374,-0.607236,0.0,0.0,0.0,0.0,0
9129998450,9129985531,0.7903649,0.0134593705,-0.08336511,-0.60678864,0.0,0.0,0.0,0.0,0
9130009163,9129995545,0.79078656,0.010628497,-0.08371523,-0.606247,0.0,0.0,0.0,0.0,0
9130017676,9130005603,0.7910902,0.008648802,-0.083864585,-0.60586166,0.0,0.0,0.0,0.0,0
9130028118,9130015141,0.7913501,0.006619934,-0.08416501,-0.6055059,0.0,0.0,0.0,0.0,0
9130038452,9130025390,0.791454,0.005081324,-0.08450791,-0.60533726,0.0,0.0,0.0,0.0,0
9130047963,9130035768,0.7913899,0.004143584,-0.08463635,-0.6054103,0.0,0.0,0.0,0.0,0
9130058397,9130045450,0.7912149,0.0036369013,-0.0846696,-0.6056376,0.0,0.0,0.0,0.0,0
9130068863,9130055863,0.7909821,0.0034807096,-0.0848835,-0.6059125,0.0,0.0,0.0,0.0,0
9130079548,9130065934,0.790744,0.003370526,-0.085368924,-0.60615563,0.0,0.0,0.0,0.0,0
9130087973,9130075917,0.7906041,0.003059298,-0.08579862,-0.60627913,0.0,0.0,0.0,0.0,0
9130098562,9130085468,0.7905927,0.0022106308,-0.08609897,-0.6062552,0.0,0.0,0.0,0.0,0
9130107959,9130095845,0.7906994,0.0011640897,-0.08612963,-0.60611445,0.0,0.0,0.0,0.0,0
9130117408,9130105243,0.79082686,3.4091157e-05,-0.086146906,-0.60594696,0.0,0.0,0.0,0.0,0
9130127923,9130114533,0.79089385,-0.0011192044,-0.08637648,-0.6058258,0.0,0.0,0.0,0.0,0
9130138392,9130125392,0.7907604,-0.0020563945,-0.08678174,-0.6059395,0.0,0.0,0.0,0.0,0
9130149895,9130135463,0.79037184,-0.002809208,-0.08724102,-0.6063775,0.0,0.0,0.0,0.0,0
9130157361,9130145932,0.79007494,-0.003099236,-0.08756585,-0.60671604,0.0,0.0,0.0,0.0,0
9130167798,9130154859,0.78971547,-0.003335908,-0.08821511,-0.60708845,0.0,0.0,0.0,0.0,0
9130178317,9130165304,0.7894515,-0.0036853824,-0.08888882,-0.6073314,0.0,0.0,0.0,0.0,0
9130188883,9130175336,0.78931886,-0.0043622446,-0.089320056,-0.6074362,0.0,0.0,0.0,0.0,0
9130198180,9130185524,0.7893042,-0.0052716653,-0.08945861,-0.6074276,0.0,0.0,0.0,0.0,0
9130208730,9130195717,0.78937024,-0.0064480044,-0.08934899,-0.6073466,0.0,0.0,0.0,0.0,0
9130218080,9130206205,0.7895456,-0.0073423316,-0.08906271,-0.60715055,0.0,0.0,0.0,0.0,0
9130227930,9130215390,0.7898319,-0.007979675,-0.08872034,-0.60682017,0.0,0.0,0.0,0.0,0
9130238654,9130225384,0.7901327,-0.008352582,-0.08851077,-0.606454,0.0,0.0,0.0,0.0,0
9130249074,9130236143,0.7902702,-0.00857742,-0.08854819,-0.6062661,0.0,0.0,0.0,0.0,0
9130259556,9130246139,0.79017204,-0.008850281,-0.08870356,-0.6063675,0.0,0.0,0.0,0.0,0
9130268126,9130255951,0.7899434,-0.009102476,-0.08880278,-0.6066471,0.0,0.0,0.0,0.0,0
9130278541,9130265574,0.789626,-0.009318919,-0.08880675,-0.6070563,0.0,0.0,0.0,0.0,0
9130289010,9130276044,0.7894063,-0.009402533,-0.0886646,-0.60736144,0.0,0.0,0.0,0.0,0
9130298413,9130286280,0.78933465,-0.009459362,-0.08857974,-0.60746604,0.0,0.0,0.0,0.0,0
9130307955,9130295907,0.7893011,-0.009695925,-0.08864351,-0.6074967,0.0,0.0,0.0,0.0,0
9130318429,9130305228,0.78923124,-0.010269185,-0.08871416,-0.6075676,0.0,0.0,0.0,0.0,0
9130330028,9130315500,0.7891462,-0.011128885,-0.08861901,-0.60767686,0.0,0.0,0.0,0.0,0
9130338436,9130326221,0.7891366,-0.011743955,-0.08843132,-0.60770506,0.0,0.0,0.0,0.0,0
9130348330,9130335928,0.78922,-0.012358396,-0.088401705,-0.6075889,0.0,0.0,0.0,0.0,0
9130358753,9130345543,0.78935164,-0.013064977,-0.08864669,-0.6073672,0.0,0.0,0.0,0.0,0
9130369252,9130355836,0.78945047,-0.014171513,-0.08864103,-0.60721487,0.0,0.0,0.0,0.0,0
9130378637,9130365439,0.78957534,-0.015599759,-0.08823019,-0.60707736,0.0,0.0,0.0,0.0,0
9130389060,9130376143,0.78981864,-0.017446931,-0.08753082,-0.6068117,0.0,0.0,0.0,0.0,0
9130399517,9130386137,0.7902158,-0.01921954,-0.086604424,-0.6063739,0.0,0.0,0.0,0.0,0
9130408035,9130396257,0.7906841,-0.020390777,-0.08565764,-0.6058593,0.0,0.0,0.0,0.0,0
9130418483,9130405483,0.79143816,-0.021329654,-0.084258065,-0.6050383,0.0,0.0,0.0,0.0,0
9130428944,9130415937,0.79233694,-0.021738378,-0.082562774,-0.6040804,0.0,0.0,0.0,0.0,0
9130439503,9130426149,0.79332167,-0.021726958,-0.08053942,-0.6030606,0.0,0.0,0.0,0.0,0
9130447982,9130435999,0.79413986,-0.02149792,-0.07855013,-0.60225385,0.0,0.0,0.0,0.0,0
9130458454,9130445471,0.7952366,-0.02100233,-0.075317994,-0.6012362,0.0,0.0,0.0,0.0,0
9130468894,9130455922,0.79655737,-0.02023568,-0.070847556,-0.60005635,0.0,0.0,0.0,0.0,0
9130478383,9130466168,0.7981676,-0.019069903,-0.0651289,-0.5986009,0.0,0.0,0.0,0.0,0
9130488849,9130475866,0.8006353,-0.016900951,-0.056851547,-0.5962093,0.0,0.0,0.0,0.0,0
9130499317,9130486309,0.8038986,-0.0136651,-0.04738734,-0.59271806,0.0,0.0,0.0,0.0,0
9130510100,9130495917,0.8079039,-0.00957703,-0.038572382,-0.58797264,0.0,0.0,0.0,0.0,0
9130518991,9130506032,0.81104463,-0.0062199277,-0.033131875,-0.58401227,0.0,0.0,0.0,0.0,0
9130528681,9130516393,0.8135483,-0.003371098,-0.028366903,-0.5807952,0.0,0.0,0.0,0.0,0
9130539222,9130526063,0.8151356,-0.0013033804,-0.023905134,-0.57877535,0.0,0.0,0.0,0.0,0
9130549178,9130536302,0.81590235,6.019471e-05,-0.020244312,-0.57783514,0.0,0.0,0.0,0.0,0
9130558663,9130546554,0.8162267,0.0012554596,-0.016910154,-0.57748294,0.0,0.0,0.0,0.0,0
9130569089,9130556117,0.81636286,0.002938383,-0.013167481,-0.5773818,0.0,0.0,0.0,0.0,0
9130580636,9130566168,0.81643784,0.0056221844,-0.008866601,-0.5773379,0.0,0.0,0.0,0.0,0
9130588053,9130576449,0.8164675,0.007865664,-0.0061736708,-0.5773049,0.0,0.0,0.0,0.0,0
9130598495,9130585527,0.816416,0.011438177,-0.0028753,-0.57734376,0.0,0.0,0.0,0.0,0
9130609237,9130596001,0.81612873,0.01514934,0.0003630153,-0.5776714,0.0,0.0,0.0,0.0,0
9130619700,9130606320,0.81561935,0.01859222,0.003810421,-0.5782775,0.0,0.0,0.0,0.0,0
9130629194,9130617021,0.8151116,0.021584578,0.0069579342,-0.57885987,0.0,0.0,0.0,0.0,0
9130639539,9130626463,0.8146645,0.024755854,0.0101585,-0.57931495,0.0,0.0,0.0,0.0,0
9130650079,9130636668,0.814391,0.027866706,0.013315408,-0.5794941,0.0,0.0,0.0,0.0,0
9130658573,9130646615,0.81423485,0.030236667,0.015858341,-0.5795307,0.0,0.0,0.0,0.0,0
9130669232,9130655895,0.81409866,0.03297346,0.018966371,-0.57947946,0.0,0.0,0.0,0.0,0
9130679796,9130666718,0.81394696,0.035457958,0.022171658,-0.57943213,0.0,0.0,0.0,0.0,0
9130688323,9130676441,0.81378967,0.037303764,0.025117623,-0.57941693,0.0,0.0,0.0,0.0,0
9130698553,9130685763,0.81362337,0.039376877,0.028933708,-0.5793353,0.0,0.0,0.0,0.0,0
9130709306,9130696031,0.8134957,0.04142154,0.032857344,-0.5791628,0.0,0.0,0.0,0.0,0
9130719538,9130706826,0.81337327,0.04306781,0.036313877,-0.5790081,0.0,0.0,0.0,0.0,0
9130729126,9130716628,0.81319624,0.044124432,0.039382342,-0.57897663,0.0,0.0,0.0,0.0,0
9130739486,9130726514,0.8129259,0.04469556,0.042690117,-0.5790782,0.0,0.0,0.0,0.0,0
9130748903,9130737011,0.8127002,0.044852197,0.045551527,-0.57916474,0.0,0.0,0.0,0.0,0
9130760400,9130746225,0.8125113,0.04490583,0.04873404,-0.5791665,0.0,0.0,0.0,0.0,0
9130768924,9130756431,0.8124056,0.045031052,0.051043395,-0.5791063,0.0,0.0,0.0,0.0,0
9130779563,9130766352,0.8122659,0.045420114,0.053807277,-0.57902163,0.0,0.0,0.0,0.0,0
9130788950,9130776814,0.81220853,0.045883354,0.05581601,-0.5788754,0.0,0.0,0.0,0.0,0
9130799479,9130786063,0.812218,0.046263188,0.057819918,-0.57863504,0.0,0.0,0.0,0.0,0
9130808935,9130796968,0.81222594,0.046370953,0.059956748,-0.5783978,0.0,0.0,0.0,0.0,0
9130819295,9130806440,0.8122207,0.046391346,0.06276983,-0.578105,0.0,0.0,0.0,0.0,0
9130830845,9130816416,0.8122979,0.046523876,0.06615068,-0.57760864,0.0,0.0,0.0,0.0,0
9130839252,9130826681,0.8124729,0.046713714,0.068641864,-0.5770563,0.0,0.0,0.0,0.0,0
9130848739,9130836549,0.81277347,0.04688233,0.071400926,-0.57628405,0.0,0.0,0.0,0.0,0
9130859281,9130846211,0.8131166,0.04690781,0.07416104,-0.5754488,0.0,0.0,0.0,0.0,0
9130869681,9130856519,0.81333464,0.04685642,0.076457866,-0.5748439,0.0,0.0,0.0,0.0,0
9130879193,9130867201,0.81331474,0.046891153,0.078413405,-0.5746056,0.0,0.0,0.0,0.0,0
9130889686,9130876638,0.81306434,0.047148857,0.080531895,-0.57464594,0.0,0.0,0.0,0.0,0
9130901076,9130886516,0.8126187,0.04770715,0.082906395,-0.57489264,0.0,0.0,0.0,0.0,0
9130909553,9130897107,0.8121573,0.048316702,0.0852065,-0.57515734,0.0,0.0,0.0,0.0,0
9130918916,9130907010,0.8115989,0.04918076,0.08845205,-0.5753822,0.0,0.0,0.0,0.0,0
9130929431,9130916211,0.811252,0.050273586,0.092106976,-0.5752036,0.0,0.0,0.0,0.0,0
9130939971,9130926650,0.8112621,0.05136626,0.09518577,-0.57459116,0.0,0.0,0.0,0.0,0
9130949650,9130936377,0.8114558,0.052266728,0.09746829,-0.5738533,0.0,0.0,0.0,0.0,0
9130960057,9130947123,0.8116376,0.053067185,0.09941331,-0.5731889,0.0,0.0,0.0,0.0,0
9130970540,9130957326,0.81165373,0.05374432,0.10088005,-0.5728464,0.0,0.0,0.0,0.0,0
9130979303,9130967238,0.8115301,0.05426682,0.101758614,-0.57281697,0.0,0.0,0.0,0.0,0
9130989767,9130976812,0.8113136,0.054816477,0.10243579,-0.5729505,0.0,0.0,0.0,0.0,0
9131000204,9130987250,0.8111086,0.05528428,0.10281996,-0.5731271,0.0,0.0,0.0,0.0,0
9131010710,9130997273,0.8109123,0.055684462,0.10302002,-0.5733301,0.0,0.0,0.0,0.0,0
9131019636,9131006929,0.8107213,0.05596077,0.103236765,-0.57353425,0.0,0.0,0.0,0.0,0
9131029286,9131016952,0.81056154,0.056288823,0.103556626,-0.57367045,0.0,0.0,0.0,0.0,0
9131039608,9131026505,0.8105557,0.056831483,0.10356672,-0.57362324,0.0,0.0,0.0,0.0,0
9131049234,9131036719,0.81061137,0.057477504,0.1030931,-0.5735655,0.0,0.0,0.0,0.0,0
9131059618,9131046717,0.81061214,0.058003444,0.1022749,-0.573658,0.0,0.0,0.0,0.0,0
9131070007,9131057132,0.8106113,0.058091473,0.10133545,-0.57381696,0.0,0.0,0.0,0.0,0
9131080512,9131067118,0.810698,0.05782348,0.100288145,-0.5739056,0.0,0.0,0.0,0.0,0
9131088881,9131077040,0.81080323,0.057543654,0.09922481,-0.57396984,0.0,0.0,0.0,0.0,0
9131099396,9131086421,0.81094164,0.05724891,0.09747584,-0.57410353,0.0,0.0,0.0,0.0,0
9131109984,9131096901,0.8110828,0.056979172,0.09534891,-0.5742881,0.0,0.0,0.0,0.0,0
9131119384,9131107061,0.81119996,0.056734618,0.09307968,-0.57451886,0.0,0.0,0.0,0.0,0
9131129990,9131116911,0.81130916,0.05643326,0.09003144,-0.57488,0.0,0.0,0.0,0.0,0
9131140467,9131127506,0.8113959,0.056050893,0.08682604,-0.57528806,0.0,0.0,0.0,0.0,0
9131150936,9131137561,0.81148696,0.05552458,0.08354642,-0.5756962,0.0,0.0,0.0,0.0,0
9131159401,9131147477,0.81161755,0.054949656,0.0805534,-0.57599366,0.0,0.0,0.0,0.0,0
9131169825,9131156882,0.81188965,0.053936288,0.076219685,-0.5762957,0.0,0.0,0.0,0.0,0
9131180233,9131167319,0.8122388,0.052469537,0.07135041,-0.57656246,0.0,0.0,0.0,0.0,0
9131189751,9131177513,0.8126184,0.050731815,0.06654286,-0.5767579,0.0,0.0,0.0,0.0,0
9131199777,9131187225,0.8130661,0.048609823,0.061337225,-0.57688683,0.0,0.0,0.0,0.0,0
9131210316,9131197027,0.81352323,0.04619578,0.05611186,-0.5769726,0.0,0.0,0.0,0.0,0
9131221751,9131207590,0.8139115,0.043584667,0.051092748,-0.57709444,0.0,0.0,0.0,0.0,0
9131229558,9131217577,0.81408745,0.041992202,0.048034083,-0.577227,0.0,0.0,0.0,0.0,0
9131240047,9131226732,0.814257,0.040223714,0.043993857,-0.57743573,0.0,0.0,0.0,0.0,0
9131250557,9131237444,0.8143503,0.038739644,0.039872523,-0.5777051,0.0,0.0,0.0,0.0,0
9131260056,9131247671,0.8143899,0.037506554,0.03630726,-0.5779656,0.0,0.0,0.0,0.0,0
9131269441,9131256524,0.81446964,0.036329247,0.033210486,-0.5781147,0.0,0.0,0.0,0.0,0
9131280295,9131266942,0.8146395,0.03501673,0.030198323,-0.5781214,0.0,0.0,0.0,0.0,0
9131290671,9131277571,0.8148592,0.033876173,0.027747037,-0.5780026,0.0,0.0,0.0,0.0,0
9131299131,9131287771,0.81506515,0.033140514,0.026013067,-0.5778356,0.0,0.0,0.0,0.0,0
9131309673,9131296624,0.81536025,0.032490697,0.024069844,-0.57754016,0.0,0.0,0.0,0.0,0
9131319989,9131307119,0.8156988,0.03205438,0.022328015,-0.5771565,0.0,0.0,0.0,0.0,0
9131330474,9131317055,0.8160793,0.03167733,0.020840988,-0.57669467,0.0,0.0,0.0,0.0,0
9131340278,9131327210,0.81652474,0.031266037,0.019713394,-0.57612604,0.0,0.0,0.0,0.0,0
9131349615,9131337547,0.816917,0.030752784,0.018726228,-0.5756303,0.0,0.0,0.0,0.0,0
9131360408,9131346874,0.8172447,0.02997111,0.017432118,-0.5752468,0.0,0.0,0.0,0.0,0
9131370430,9131357651,0.81745803,0.029030718,0.01585648,-0.5750375,0.0,0.0,0.0,0.0,0
9131379870,9131367717,0.8176193,0.027863637,0.014119832,-0.5749113,0.0,0.0,0.0,0.0,0
9131390371,9131377395,0.8178006,0.026193006,0.012337922,-0.574773,0.0,0.0,0.0,0.0,0
9131401712,9131387361,0.81801593,0.024158824,0.010981985,-0.5745832,0.0,0.0,0.0,0.0,0
9131410601,9131407866,0.81820977,0.022670154,0.010336605,-0.5743796,0.0,0.0,0.0,0.0,0
9131420097,9131417593,0.8183811,0.021375893,0.009536908,-0.574199,0.0,0.0,0.0,0.0,0
9131430486,9131427584,0.81851864,0.020270167,0.008475486,-0.57405984,0.0,0.0,0.0,0.0,0
9131440043,9131437293,0.81865585,0.019513138,0.0071701435,-0.57390815,0.0,0.0,0.0,0.0,0
9131449649,9131447103,0.81876016,0.018851146,0.0056642266,-0.5737982,0.0,0.0,0.0,0.0,0
9131460092,9131456963,0.8187558,0.018020293,0.004312436,-0.57384276,0.0,0.0,0.0,0.0,0
9131471539,9131467962,0.818693,0.017032215,0.003284336,-0.5739694,0.0,0.0,0.0,0.0,0
9131480035,9131477286,0.818773,0.016427953,0.0025516143,-0.5738768,0.0,0.0,0.0,0.0,0
9131490427,9131487694,0.81903726,0.01602851,0.0015076684,-0.5735145,0.0,0.0,0.0,0.0,0
9131500817,9131498116,0.81937516,0.0160876,0.0005393028,-0.5730318,0.0,0.0,0.0,0.0,0
9131511616,9131507552,0.81975985,0.016710913,-0.00034448208,-0.57246363,0.0,0.0,0.0,0.0,0
9131520246,9131517464,0.82018805,0.01762252,-0.0012808343,-0.5718212,0.0,0.0,0.0,0.0,0
9131530897,9131527906,0.8208478,0.019036002,-0.0028087709,-0.57082266,0.0,0.0,0.0,0.0,0
9131541633,9131538204,0.8215035,0.020436317,-0.0043380624,-0.56982076,0.0,0.0,0.0,0.0,0
9131549747,9131547046,0.8219366,0.021344038,-0.0054200166,-0.5691533,0.0,0.0,0.0,0.0,0
9131560173,9131557467,0.8223294,0.02235077,-0.0068760645,-0.56853104,0.0,0.0,0.0,0.0,0
9131570634,9131567920,0.8224376,0.023259621,-0.008331856,-0.56831855,0.0,0.0,0.0,0.0,0
9131581114,9131577820,0.8222382,0.02403599,-0.009728787,-0.56855243,0.0,0.0,0.0,0.0,0
9131590467,9131587992,0.8218158,0.024554124,-0.011004295,-0.5691176,0.0,0.0,0.0,0.0,0
9131599907,9131597399,0.8211526,0.024895536,-0.012192559,-0.570035,0.0,0.0,0.0,0.0,0
9131610478,9131607755,0.8202383,0.025095858,-0.013191186,-0.57131904,0.0,0.0,0.0,0.0,0
9131619970,9131617249,0.81939095,0.025060125,-0.0139741525,-0.5725167,0.0,0.0,0.0,0.0,0
9131630452,9131627910,0.81841767,0.024745584,-0.0150890555,-0.5738924,0.0,0.0,0.0,0.0,0
9131640860,9131638155,0.81725484,0.024102477,-0.01642045,-0.5755381,0.0,0.0,0.0,0.0,0
9131651339,9131648068,0.8159043,0.023010096,-0.017552745,-0.5774623,0.0,0.0,0.0,0.0,0
9131659711,9131657049,0.8148307,0.021836298,-0.018054724,-0.5790062,0.0,0.0,0.0,0.0,0
9131670189,9131667698,0.81366664,0.020195507,-0.018114513,-0.58069843,0.0,0.0,0.0,0.0,0
9131680672,9131677754,0.81270283,0.018576981,-0.017436983,-0.5821211,0.0,0.0,0.0,0.0,0
9131690815,9131688030,0.81199175,0.017275227,-0.015836097,-0.5831982,0.0,0.0,0.0,0.0,0
9131700459,9131697940,0.81171554,0.016598148,-0.013568536,-0.58365935,0.0,0.0,0.0,0.0,0
9131710930,9131708038,0.8121192,0.016615441,-0.010249414,-0.58316505,0.0,0.0,0.0,0.0,0
9131722426,9131718407,0.8134222,0.017349904,-0.0056565097,-0.5813874,0.0,0.0,0.0,0.0,0
9131730702,9131728014,0.81486255,0.01821978,-0.0020713746,-0.57936424,0.0,0.0,0.0,0.0,0
9131740205,9131737677,0.8168343,0.019231634,0.0018926872,-0.57654876,0.0,0.0,0.0,0.0,0
9131750602,9131747706,0.81899524,0.020062868,0.0052047344,-0.5734259,0.0,0.0,0.0,0.0,0
9131761079,9131757621,0.8207908,0.020532792,0.0070606936,-0.57081616,0.0,0.0,0.0,0.0,0
9131770478,9131768009,0.8216963,0.020613277,0.007822448,-0.5694989,0.0,0.0,0.0,0.0,0
9131781140,9131778397,0.82183295,0.020424638,0.008198353,-0.5693033,0.0,0.0,0.0,0.0,0
9131792562,9131788395,0.82130307,0.020186631,0.008400583,-0.57007295,0.0,0.0,0.0,0.0,0
9131799980,9131797483,0.82076776,0.020083137,0.008417513,-0.57084674,0.0,0.0,0.0,0.0,0
9131810459,9131807941,0.8198872,0.020013673,0.008114099,-0.5721176,0.0,0.0,0.0,0.0,0
9131820856,9131818126,0.8188339,0.01999968,0.007571216,-0.5736321,0.0,0.0,0.0,0.0,0
9131831348,9131828038,0.8176509,0.019990914,0.0068874056,-0.5753259,0.0,0.0,0.0,0.0,0
9131840861,9131838134,0.81669444,0.019880505,0.006272964,-0.5766938,0.0,0.0,0.0,0.0,0
9131850682,9131847953,0.81604993,0.01963276,0.0060462616,-0.5776163,0.0,0.0,0.0,0.0,0
9131861546,9131858794,0.8159585,0.019398674,0.0064301584,-0.5777492,0.0,0.0,0.0,0.0,0
9131870648,9131868129,0.81646216,0.019336578,0.0071242657,-0.5770312,0.0,0.0,0.0,0.0,0
9131881117,9131878624,0.8174607,0.01937264,0.008016502,-0.57560253,0.0,0.0,0.0,0.0,0
9131891578,9131888827,0.81859565,0.01942926,0.008620815,-0.57397693,0.0,0.0,0.0,0.0,0
9131902006,9131898215,0.8196098,0.019409584,0.008828884,-0.57252514,0.0,0.0,0.0,0.0,0
9131910422,9131907912,0.8201075,0.019340804,0.008771343,-0.5718153,0.0,0.0,0.0,0.0,0
9131920881,9131918405,0.8202198,0.019329352,0.008201319,-0.57166314,0.0,0.0,0.0,0.0,0
9131931274,9131928391,0.81992435,0.019439677,0.007061185,-0.57209826,0.0,0.0,0.0,0.0,0
9131941338,9131938588,0.8193447,0.019533413,0.005718978,-0.5729399,0.0,0.0,0.0,0.0,0
9131950496,9131947969,0.8186876,0.019502608,0.0044295853,-0.5738908,0.0,0.0,0.0,0.0,0
9131960893,9131958004,0.81791437,0.019307936,0.0029270414,-0.5750085,0.0,0.0,0.0,0.0,0
9131972385,9131968593,0.8169696,0.018862491,0.0014371814,-0.57637036,0.0,0.0,0.0,0.0,0
9131980811,9131978303,0.8162241,0.018425263,0.00050213083,-0.57744133,0.0,0.0,0.0,0.0,0
9131991342,9131988849,0.8153926,0.01782032,-0.00042348937,-0.57863384,0.0,0.0,0.0,0.0,0
9132000738,9131997835,0.8148295,0.01721369,-0.0007292808,-0.5794445,0.0,0.0,0.0,0.0,0
9132011952,9132009440,0.8145347,0.01659437,-0.00048874656,-0.5798772,0.0,0.0,0.0,0.0,0
9132020535,9132018049,0.81472933,0.016477972,-7.951163e-05,-0.5796073,0.0,0.0,0.0,0.0,0
9132031263,9132028288,0.8154454,0.016937524,0.00059992797,-0.5785859,0.0,0.0,0.0,0.0,0
9132042805,9132038782,0.8165164,0.017871322,0.0010547874,-0.5770446,0.0,0.0,0.0,0.0,0
9132051192,9132048688,0.81729156,0.01859473,0.0009755262,-0.57592344,0.0,0.0,0.0,0.0,0
9132060645,9132058145,0.8179491,0.019154944,0.00059773534,-0.57497144,0.0,0.0,0.0,0.0,0
9132070993,9132068328,0.8183426,0.019368278,-0.00015760747,-0.5744042,0.0,0.0,0.0,0.0,0
9132081595,9132077587,0.8182821,0.019265529,-0.0015295013,-0.57449186,0.0,0.0,0.0,0.0,0
9132090996,9132088526,0.8177328,0.01891805,-0.0032060004,-0.57527816,0.0,0.0,0.0,0.0,0
9132101555,9132098821,0.8166143,0.018269872,-0.0051134,-0.57687193,0.0,0.0,0.0,0.0,0
9132110863,9132107986,0.8152861,0.017650483,-0.0065871067,-0.57875174,0.0,0.0,0.0,0.0,0
9132120531,9132117840,0.81366193,0.017144326,-0.008075402,-0.58102953,0.0,0.0,0.0,0.0,0
9132131042,9132128527,0.81180483,0.016848272,-0.009677202,-0.5836055,0.0,0.0,0.0,0.0,0
9132141607,9132138794,0.81014293,0.016745437,-0.010981081,-0.58589023,0.0,0.0,0.0,0.0,0
9132151993,9132148483,0.8089895,0.016593903,-0.011533491,-0.58747566,0.0,0.0,0.0,0.0,0
9132161372,9132158911,0.80854595,0.016403496,-0.0112608345,-0.58809656,0.0,0.0,0.0,0.0,0
9132170801,9132168326,0.8089307,0.016376121,-0.009932675,-0.587592,0.0,0.0,0.0,0.0,0
9132181300,9132178586,0.8104332,0.01672795,-0.0074664573,-0.58554465,0.0,0.0,0.0,0.0,0
9132190838,9132188157,0.8125267,0.017345676,-0.0053154286,-0.58264166,0.0,0.0,0.0,0.0,0
9132201553,9132198990,0.8151208,0.018071806,-0.0035979878,-0.578998,0.0,0.0,0.0,0.0,0
9132211956,9132209030,0.81727827,0.018495789,-0.0025464117,-0.57594067,0.0,0.0,0.0,0.0,0
9132222462,9132218901,0.8186284,0.018441565,-0.001948727,-0.574024,0.0,0.0,0.0,0.0,0
9132230804,9132228324,0.81884956,0.018053247,-0.0018293883,-0.57372135,0.0,0.0,0.0,0.0,0
9132241274,9132238764,0.81812394,0.01729248,-0.0022251427,-0.57477766,0.0,0.0,0.0,0.0,0
9132251699,9132249007,0.8167022,0.016395392,-0.0029873739,-0.5768188,0.0,0.0,0.0,0.0,0
9132261145,9132258462,0.8150669,0.015628744,-0.0036544374,-0.57914454,0.0,0.0,0.0,0.0,0
9132271640,9132269172,0.81321084,0.015084033,-0.004313429,-0.58175766,0.0,0.0,0.0,0.0,0
9132282058,9132279156,0.8117044,0.01499176,-0.005113628,-0.58385366,0.0,0.0,0.0,0.0,0
9132292670,9132289146,0.8106528,0.015199621,-0.005924953,-0.5852999,0.0,0.0,0.0,0.0,0
9132301110,9132298433,0.8101089,0.015246292,-0.006138626,-0.5860491,0.0,0.0,0.0,0.0,0
9132311657,9132309106,0.80980885,0.014871812,-0.005590422,-0.5864787,0.0,0.0,0.0,0.0,0
9132322003,9132319333,0.8101047,0.014315831,-0.0043459237,-0.5860942,0.0,0.0,0.0,0.0,0
9132332613,9132328430,0.81107193,0.013924861,-0.0025888623,-0.58477503,0.0,0.0,0.0,0.0,0
9132341092,9132338571,0.8123009,0.013835281,-0.0010973832,-0.58307356,0.0,0.0,0.0,0.0,0
9132351516,9132348632,0.81410265,0.013932535,0.00048588446,-0.5805537,0.0,0.0,0.0,0.0,0
9132362664,9132359354,0.8158175,0.014159147,0.0016499847,-0.5781338,0.0,0.0,0.0,0.0,0
9132371031,9132368554,0.8165681,0.014214151,0.0019441091,-0.57707083,0.0,0.0,0.0,0.0,0
9132381803,9132379285,0.8165465,0.013769759,0.0013505198,-0.5771139,0.0,0.0,0.0,0.0,0
9132392218,9132389488,0.81554997,0.012773783,-0.00014145488,-0.57854563,0.0,0.0,0.0,0.0,0
9132402701,9132399143,0.81385463,0.011384427,-0.0021052433,-0.58095324,0.0,0.0,0.0,0.0,0
9132411285,9132408779,0.8122023,0.01027665,-0.0035852315,-0.5832745,0.0,0.0,0.0,0.0,0
9132421768,9132419242,0.81027913,0.009287568,-0.0049685217,-0.5859495,0.0,0.0,0.0,0.0,0
9132432204,9132429473,0.8089081,0.008497334,-0.005927651,-0.5878437,0.0,0.0,0.0,0.0,0
9132441692,9132439135,0.80830085,0.007837294,-0.0062532034,-0.58868444,0.0,0.0,0.0,0.0,0
9132452113,9132449400,0.80817014,0.007438914,-0.005760121,-0.58887404,0.0,0.0,0.0,0.0,0
9132463077,9132460134,0.8085101,0.0075279605,-0.0044981535,-0.58841705,0.0,0.0,0.0,0.0,0
9132473553,9132469311,0.8093714,0.007946369,-0.002834348,-0.58723646,0.0,0.0,0.0,0.0,0
9132481890,9132479220,0.8104522,0.008361826,-0.0014017333,-0.5857435,0.0,0.0,0.0,0.0,0
9132491316,9132488642,0.81202185,0.008816451,-0.00024803862,-0.58356047,0.0,0.0,0.0,0.0,0
9132501798,9132499103,0.8137962,0.00912565,0.00024175532,-0.5810786,0.0,0.0,0.0,0.0,0
9132511429,9132508889,0.8148896,0.009042184,0.00022662072,-0.57954556,0.0,0.0,0.0,0.0,0
9132522099,9132519564,0.8150692,0.008450106,-0.00043126094,-0.5793019,0.0,0.0,0.0,0.0,0
9132532800,9132529807,0.8142036,0.0074084112,-0.00215562,-0.58052814,0.0,0.0,0.0,0.0,0
9132543063,9132539181,0.81258476,0.006102934,-0.0042525986,-0.58279556,0.0,0.0,0.0,0.0,0
9132551354,9132548630,0.81093466,0.005014545,-0.005736073,-0.58508724,0.0,0.0,0.0,0.0,0
9132561938,9132559358,0.8088315,0.003994163,-0.007373351,-0.5879807,0.0,0.0,0.0,0.0,0
9132572361,9132569607,0.8071209,0.0035224534,-0.00864785,-0.5903124,0.0,0.0,0.0,0.0,0
9132581798,9132579113,0.80612874,0.0032700617,-0.009114515,-0.5916611,0.0,0.0,0.0,0.0,0
9132592262,9132589761,0.80570865,0.0027813425,-0.008474616,-0.59224504,0.0,0.0,0.0,0.0,0
9132602696,9132599986,0.8060151,0.0020337305,-0.0067336005,-0.59185314,0.0,0.0,0.0,0.0,0
9132613220,9132609725,0.80700153,0.0010394147,-0.004245758,-0.5905332,0.0,0.0,0.0,0.0,0
9132621673,9132618952,0.8081739,-6.577792e-05,-0.0018934932,-0.58894086,0.0,0.0,0.0,0.0,0
9132632360,9132629803,0.8098683,-0.0019776735,0.0012569012,-0.58660704,0.0,0.0,0.0,0.0,0
9132642756,9132639788,0.8114968,-0.004383698,0.004402143,-0.58432394,0.0,0.0,0.0,0.0,0
9132652122,9132648630,0.81286275,-0.0070013404,0.0071987105,-0.5823689,0.0,0.0,0.0,0.0,0
9132661578,9132659077,0.81409335,-0.009846539,0.009443411,-0.58057374,0.0,0.0,0.0,0.0,0
9132672114,9132669579,0.81506974,-0.012835964,0.010927242,-0.5791177,0.0,0.0,0.0,0.0,0
9132682509,9132679771,0.81540316,-0.01538509,0.011747764,-0.5785699,0.0,0.0,0.0,0.0,0
9132691995,9132689464,0.8151638,-0.017329343,0.0121842725,-0.57884306,0.0,0.0,0.0,0.0,0
9132702504,9132699900,0.8144722,-0.0189824,0.01207118,-0.57976633,0.0,0.0,0.0,0.0,0
9132711948,9132709180,0.8135282,-0.020064559,0.011383314,-0.58106774,0.0,0.0,0.0,0.0,0
9132723497,9132719518,0.812086,-0.021270478,0.010463988,-0.5830561,0.0,0.0,0.0,0.0,0
9132731924,9132729398,0.8110412,-0.022353917,0.01006052,-0.58447534,0.0,0.0,0.0,0.0,0
9132742428,9132739859,0.80997616,-0.024108278,0.009746983,-0.58588594,0.0,0.0,0.0,0.0,0
9132752825,9132750102,0.80918753,-0.026167072,0.0095069045,-0.58689064,0.0,0.0,0.0,0.0,0
9132762319,9132759803,0.8086451,-0.028168354,0.00942333,-0.5875465,0.0,0.0,0.0,0.0,0
9132771698,9132769027,0.8083266,-0.03004062,0.009473769,-0.58789104,0.0,0.0,0.0,0.0,0
9132782185,9132779472,0.80829996,-0.03181172,0.009553703,-0.5878333,0.0,0.0,0.0,0.0,0
9132793701,9132789841,0.8086575,-0.033272937,0.009736805,-0.58725727,0.0,0.0,0.0,0.0,0
9132802182,9132799674,0.8092234,-0.033938963,0.010078728,-0.58643335,0.0,0.0,0.0,0.0,0
9132812646,9132810137,0.8103556,-0.034261823,0.010707252,-0.5848379,0.0,0.0,0.0,0.0,0
9132822995,9132820122,0.8119615,-0.03423132,0.0114439875,-0.58259416,0.0,0.0,0.0,0.0,0
9132832540,9132830051,0.8138826,-0.034088198,0.012146083,-0.57990146,0.0,0.0,0.0,0.0,0
9132852352,9132839367,0.818313,-0.033983037,0.013508411,-0.5736082,0.0,0.0,0.0,0.0,0
9132863839,9132849455,0.8207139,-0.03425683,0.0139583135,-0.5701407,0.0,0.0,0.0,0.0,0
9132872297,9132860257,0.8220426,-0.034804184,0.013835932,-0.56819296,0.0,0.0,0.0,0.0,0
9132882944,9132869781,0.82283384,-0.035852052,0.013122519,-0.5669982,0.0,0.0,0.0,0.0,0
9132892269,9132880360,0.8227026,-0.036819343,0.012006551,-0.5671513,0.0,0.0,0.0,0.0,0
9132902754,9132889347,0.82193065,-0.037718765,0.010248392,-0.56824493,0.0,0.0,0.0,0.0,0
9132912135,9132899439,0.82095796,-0.03827762,0.00858713,-0.56963956,0.0,0.0,0.0,0.0,0
9132922670,9132909642,0.81973195,-0.038591493,0.0070705474,-0.571402,0.0,0.0,0.0,0.0,0
9132933933,9132919754,0.8184415,-0.038591906,0.0059109083,-0.5732619,0.0,0.0,0.0,0.0,0
9132942442,9132930351,0.8175471,-0.038432997,0.005470219,-0.5745518,0.0,0.0,0.0,0.0,0
9132952880,9132939696,0.8166588,-0.038171336,0.0055635395,-0.57583034,0.0,0.0,0.0,0.0,0
9132962249,9132950391,0.81625015,-0.037915662,0.006065194,-0.5764211,0.0,0.0,0.0,0.0,0
9132972445,9132959368,0.81631464,-0.037593383,0.0070749423,-0.5763393,0.0,0.0,0.0,0.0,0
9132983116,9132969126,0.81682986,-0.03719137,0.0088342605,-0.5756109,0.0,0.0,0.0,0.0,0
9132992134,9132980597,0.8176369,-0.0366909,0.01059507,-0.57446617,0.0,0.0,0.0,0.0,0
9133002893,9132989608,0.8191237,-0.035698917,0.012369404,-0.57237136,0.0,0.0,0.0,0.0,0
9133012357,9133000011,0.8207915,-0.034538213,0.013635956,-0.5700198,0.0,0.0,0.0,0.0,0
9133022774,9133009857,0.8225851,-0.033386856,0.014985295,-0.5674633,0.0,0.0,0.0,0.0,0
9133033112,9133020257,0.8236778,-0.032796554,0.016054748,-0.56588125,0.0,0.0,0.0,0.0,0
9133043150,9133030244,0.8237608,-0.032746088,0.016386572,-0.5657537,0.0,0.0,0.0,0.0,0
9133052685,9133039512,0.8230908,-0.03296699,0.01595095,-0.5667277,0.0,0.0,0.0,0.0,0
9133062108,9133050133,0.8220324,-0.03332935,0.015154592,-0.56826246,0.0,0.0,0.0,0.0,0
9133072508,9133059405,0.8207106,-0.03372965,0.0142964255,-0.57016844,0.0,0.0,0.0,0.0,0
9133082983,9133069809,0.8194071,-0.033939317,0.013592865,-0.57204497,0.0,0.0,0.0,0.0,0
9133092461,9133080318,0.8183405,-0.033951886,0.013234055,-0.57357746,0.0,0.0,0.0,0.0,0
9133102823,9133089942,0.8173757,-0.033897977,0.013376577,-0.57495123,0.0,0.0,0.0,0.0,0
9133114334,9133099937,0.8166132,-0.034003403,0.014030306,-0.576012,0.0,0.0,0.0,0.0,0
9133122699,9133110526,0.8163116,-0.034241233,0.014541157,-0.57641274,0.0,0.0,0.0,0.0,0
9133132518,9133120023,0.81623155,-0.034619402,0.015135761,-0.576488,0.0,0.0,0.0,0.0,0
9133143228,9133130026,0.8163576,-0.034996253,0.01589956,-0.5762663,0.0,0.0,0.0,0.0,0
9133153657,9133140281,0.816642,-0.035094526,0.016668446,-0.5758354,0.0,0.0,0.0,0.0,0
9133163404,9133150958,0.8170405,-0.034840826,0.01736579,-0.5752645,0.0,0.0,0.0,0.0,0
9133173538,9133160628,0.81750983,-0.03442562,0.018195719,-0.5745968,0.0,0.0,0.0,0.0,0
9133184044,9133170615,0.8179862,-0.034231402,0.018952643,-0.5739057,0.0,0.0,0.0,0.0,0
9133192472,9133180491,0.8182743,-0.034500603,0.01911907,-0.57347316,0.0,0.0,0.0,0.0,0
9133202904,9133189773,0.81819725,-0.03545496,0.018899918,-0.57353216,0.0,0.0,0.0,0.0,0
9133213388,9133200418,0.8174904,-0.036851574,0.01847176,-0.5744652,0.0,0.0,0.0,0.0,0
9133222995,9133210643,0.81639206,-0.038218018,0.017954279,-0.5759524,0.0,0.0,0.0,0.0,0
9133232380,9133219472,0.81512994,-0.03942551,0.017530266,-0.57766896,0.0,0.0,0.0,0.0,0
9133243192,9133229880,0.81375206,-0.040618267,0.017322669,-0.5795324,0.0,0.0,0.0,0.0,0
9133252754,9133240635,0.8127149,-0.041536335,0.017537607,-0.5809147,0.0,0.0,0.0,0.0,0
9133262231,9133250032,0.811875,-0.042197727,0.018133,-0.582022,0.0,0.0,0.0,0.0,0
9133272750,9133259755,0.81121284,-0.042513385,0.019482214,-0.58287805,0.0,0.0,0.0,0.0,0
9133283183,9133270238,0.8110797,-0.042243022,0.021916239,-0.58299655,0.0,0.0,0.0,0.0,0
9133294685,9133280457,0.8119382,-0.041118905,0.02574112,-0.58172405,0.0,0.0,0.0,0.0,0
9133303188,9133290314,0.8134137,-0.0397826,0.02881519,-0.5796077,0.0,0.0,0.0,0.0,0
9133313239,9133300631,0.81581205,-0.037888642,0.031793565,-0.57619834,0.0,0.0,0.0,0.0,0
9133323644,9133310702,0.81828547,-0.036038883,0.034482535,-0.57264394,0.0,0.0,0.0,0.0,0
9133333080,9133320736,0.82014537,-0.034517135,0.037071474,-0.5699086,0.0,0.0,0.0,0.0,0
9133342673,9133330609,0.8215694,-0.032966927,0.040299192,-0.56772614,0.0,0.0,0.0,0.0,0
9133353087,9133340106,0.8225876,-0.031233586,0.04395108,-0.56607646,0.0,0.0,0.0,0.0,0
9133364518,9133350168,0.82316726,-0.029663833,0.04817084,-0.5649737,0.0,0.0,0.0,0.0,0
9133372932,9133360747,0.82335377,-0.02881063,0.051217586,-0.5644779,0.0,0.0,0.0,0.0,0
9133383388,9133370463,0.8234255,-0.027830267,0.055137396,-0.5640531,0.0,0.0,0.0,0.0,0
9133393972,9133380691,0.8234556,-0.026573593,0.058922455,-0.56368685,0.0,0.0,0.0,0.0,0
9133403463,9133391041,0.8234691,-0.025235167,0.060838483,-0.563525,0.0,0.0,0.0,0.0,0
9133412878,9133400930,0.82311684,-0.024131047,0.0610319,-0.5640668,0.0,0.0,0.0,0.0,0
9133423299,9133410187,0.8220101,-0.02360321,0.060769245,-0.56572914,0.0,0.0,0.0,0.0,0
9133434793,9133420401,0.82044476,-0.02385722,0.060704127,-0.56799316,0.0,0.0,0.0,0.0,0
9133443251,9133431008,0.8194961,-0.024533154,0.060825936,-0.56931937,0.0,0.0,0.0,0.0,0
9133453938,9133440718,0.8187429,-0.025693838,0.061454717,-0.5702835,0.0,0.0,0.0,0.0,0
9133463349,9133451421,0.81843406,-0.026578356,0.062519066,-0.5705706,0.0,0.0,0.0,0.0,0
9133474363,9133460464,0.8184084,-0.027036045,0.06421587,-0.5703973,0.0,0.0,0.0,0.0,0
9133483854,9133470709,0.81865126,-0.02671029,0.06597447,-0.5698632,0.0,0.0,0.0,0.0,0
9133493680,9133481113,0.8193062,-0.025659487,0.06761147,-0.56877726,0.0,0.0,0.0,0.0,0
9133505170,9133491162,0.82052374,-0.02397151,0.06860187,-0.56697434,0.0,0.0,0.0,0.0,0
9133512674,9133501206,0.82131916,-0.022925844,0.06876472,-0.56584513,0.0,0.0,0.0,0.0,0
9133523324,9133510165,0.82203174,-0.021849293,0.06879757,-0.5648482,0.0,0.0,0.0,0.0,0
9133533947,9133520751,0.8224093,-0.021111818,0.06902668,-0.5642983,0.0,0.0,0.0,0.0,0
9133544633,9133530978,0.8228675,-0.020346962,0.069726996,-0.5635719,0.0,0.0,0.0,0.0,0
9133553079,9133540842,0.82338196,-0.019580519,0.07049402,-0.5627516,0.0,0.0,0.0,0.0,0
9133563802,9133550559,0.8240642,-0.018415106,0.07095943,-0.5617329,0.0,0.0,0.0,0.0,0
9133573174,9133561304,0.82445765,-0.017350188,0.07054428,-0.5612416,0.0,0.0,0.0,0.0,0
9133583648,9133570489,0.8243033,-0.016252268,0.06970544,-0.5616058,0.0,0.0,0.0,0.0,0
9133593122,9133580984,0.8234644,-0.015377285,0.069107436,-0.5629335,0.0,0.0,0.0,0.0,0
9133603535,9133590421,0.82188857,-0.014484777,0.0685377,-0.5653247,0.0,0.0,0.0,0.0,0
9133615072,9133600854,0.8197892,-0.0135169495,0.067937344,-0.5684607,0.0,0.0,0.0,0.0,0
9133623488,9133611094,0.81836766,-0.01280765,0.0676417,-0.57055664,0.0,0.0,0.0,0.0,0
9133633984,9133620819,0.81714845,-0.011953856,0.06757848,-0.57232744,0.0,0.0,0.0,0.0,0
9133643530,9133631483,0.8166661,-0.011338058,0.067750484,-0.5730076,0.0,0.0,0.0,0.0,0
9133654040,9133640765,0.81660146,-0.011078786,0.06827656,-0.5730425,0.0,0.0,0.0,0.0,0
9133663623,9133651275,0.8167347,-0.011236815,0.06923586,-0.5727343,0.0,0.0,0.0,0.0,0
9133673897,9133661091,0.8172014,-0.0115483,0.07056954,-0.571899,0.0,0.0,0.0,0.0,0
9133685355,9133670990,0.8184118,-0.011728345,0.07182462,-0.57000506,0.0,0.0,0.0,0.0,0
9133693773,9133681393,0.8197936,-0.0115316985,0.072495304,-0.5679348,0.0,0.0,0.0,0.0,0
9133703219,9133691292,0.8216274,-0.0108076995,0.07333664,-0.56518435,0.0,0.0,0.0,0.0,0
9133713654,9133700504,0.82366526,-0.009606331,0.07455297,-0.5620722,0.0,0.0,0.0,0.0,0
9133724232,9133710745,0.8254351,-0.008330613,0.075627014,-0.5593462,0.0,0.0,0.0,0.0,0
9133733890,9133721690,0.8264912,-0.007247729,0.07581456,-0.55777425,0.0,0.0,0.0,0.0,0
9133744303,9133731127,0.8268378,-0.005985719,0.074793056,-0.55741334,0.0,0.0,0.0,0.0,0
9133754767,9133741381,0.8266199,-0.0043031042,0.07282557,-0.55801195,0.0,0.0,0.0,0.0,0
9133763200,9133751670,0.8263286,-0.0024189067,0.071117304,-0.55867475,0.0,0.0,0.0,0.0,0
9133773723,9133760701,0.8261675,0.0007822805,0.069577776,-0.5591116,0.0,0.0,0.0,0.0,0
9133784117,9133771234,0.8263688,0.0047324807,0.06881627,-0.55888873,0.0,0.0,0.0,0.0,0
9133793591,9133781406,0.8269668,0.008618119,0.06839688,-0.55800855,0.0,0.0,0.0,0.0,0
9133804115,9133790289,0.82810944,0.012519478,0.06756842,-0.5563386,0.0,0.0,0.0,0.0,0
9133814761,9133801532,0.8295319,0.015510594,0.066040695,-0.55432385,0.0,0.0,0.0,0.0,0
9133823272,9133811263,0.8306234,0.017178856,0.064218454,-0.5528524,0.0,0.0,0.0,0.0,0
9133833717,9133820534,0.8317436,0.018661777,0.061291043,-0.5514506,0.0,0.0,0.0,0.0,0
9133844206,9133831024,0.8326127,0.019662313,0.05795285,-0.5504644,0.0,0.0,0.0,0.0,0
9133854641,9133841665,0.8332236,0.02010116,0.054623477,-0.5498644,0.0,0.0,0.0,0.0,0
9133865124,9133851925,0.8335107,0.018686835,0.051102795,-0.5498175,0.0,0.0,0.0,0.0,0
9133873478,9133861333,0.8333761,0.016202763,0.048398875,-0.55034465,0.0,0.0,0.0,0.0,0
9133884094,9133870991,0.8330049,0.014106363,0.04578308,-0.5511877,0.0,0.0,0.0,0.0,0
9133894466,9133881543,0.8327493,0.014000969,0.04282994,-0.55181354,0.0,0.0,0.0,0.0,0
9133903944,9133891739,0.8326369,0.015003031,0.038183384,-0.5522977,0.0,0.0,0.0,0.0,0
9133914387,9133901426,0.83243734,0.016399825,0.030897358,-0.55301404,0.0,0.0,0.0,0.0,0
9133924767,9133911862,0.83188987,0.017403796,0.02299631,-0.55419093,0.0,0.0,0.0,0.0,0
9133935284,9133921856,0.83080137,0.017847905,0.015822899,-0.5560576,0.0,0.0,0.0,0.0,0
9133943718,9133931718,0.8295734,0.017889773,0.011545195,-0.55799174,0.0,0.0,0.0,0.0,0
9133954200,9133941232,0.82808065,0.017768238,0.008282799,-0.5602662,0.0,0.0,0.0,0.0,0
9133964629,9133951678,0.8271814,0.01791707,0.0067465114,-0.5616088,0.0,0.0,0.0,0.0,0
9133974193,9133961721,0.8271209,0.018715654,0.0071719605,-0.5616665,0.0,0.0,0.0,0.0,0
9133983720,9133971662,0.8277868,0.02028145,0.009330338,-0.5605985,0.0,0.0,0.0,0.0,0
9133994168,9133980965,0.8290667,0.022811266,0.012674193,-0.5585404,0.0,0.0,0.0,0.0,0
9134005663,9133991252,0.83054763,0.026376273,0.01671397,-0.55607164,0.0,0.0,0.0,0.0,0
9134014074,9134002061,0.83123094,0.02922965,0.01990303,-0.55480146,0.0,0.0,0.0,0.0,0
9134024552,9134011563,0.83135605,0.032343995,0.024687555,-0.5542487,0.0,0.0,0.0,0.0,0
9134033931,9134021885,0.8308451,0.033835422,0.029246153,-0.55470365,0.0,0.0,0.0,0.0,0
9134044514,9134031060,0.8296196,0.033753496,0.034244265,-0.5562548,0.0,0.0,0.0,0.0,0
9134053976,9134041030,0.8280436,0.03305036,0.038997717,-0.55832833,0.0,0.0,0.0,0.0,0
9134064428,9134051265,0.8260911,0.0325814,0.044681117,-0.56081676,0.0,0.0,0.0,0.0,0
9134076089,9134061535,0.82421964,0.03265018,0.051263176,-0.5629991,0.0,0.0,0.0,0.0,0
9134084455,9134072004,0.82336384,0.032753244,0.05597545,-0.563796,0.0,0.0,0.0,0.0,0
9134094870,9134081684,0.82283145,0.032323845,0.06174545,-0.5639957,0.0,0.0,0.0,0.0,0
9134104273,9134091281,0.8225682,0.031155497,0.0665607,-0.5638979,0.0,0.0,0.0,0.0,0
9134114720,9134102043,0.8223712,0.029404996,0.07104249,-0.5637322,0.0,0.0,0.0,0.0,0
9134124213,9134111659,0.8223068,0.028342126,0.07425802,-0.56346613,0.0,0.0,0.0,0.0,0
9134134649,9134121694,0.8224214,0.028440917,0.07696719,-0.5629301,0.0,0.0,0.0,0.0,0
9134144183,9134132153,0.82277673,0.02951068,0.078350216,-0.5621645,0.0,0.0,0.0,0.0,0
9134154705,9134141446,0.823431,0.031074215,0.0780992,-0.56115615,0.0,0.0,0.0,0.0,0
9134164886,9134152174,0.82398117,0.03221789,0.076315306,-0.5605292,0.0,0.0,0.0,0.0,0
9134174177,9134162319,0.8241675,0.032382138,0.073655024,-0.5606017,0.0,0.0,0.0,0.0,0
9134185778,9134171299,0.82400274,0.031239241,0.06869724,-0.5615374,0.0,0.0,0.0,0.0,0
9134194173,9134181988,0.82364714,0.029693428,0.06380088,-0.5627195,0.0,0.0,0.0,0.0,0
9134204746,9134191701,0.8228693,0.027446363,0.057157654,-0.5646822,0.0,0.0,0.0,0.0,0
9134215184,9134202206,0.8219465,0.025491815,0.05145202,-0.5666629,0.0,0.0,0.0,0.0,0
9134224607,9134212446,0.82133996,0.02396878,0.047413066,-0.5679596,0.0,0.0,0.0,0.0,0
9134234091,9134222130,0.82114816,0.022221942,0.044401877,-0.56855124,0.0,0.0,0.0,0.0,0
9134244936,9134231560,0.8213787,0.01981017,0.042124566,-0.5684807,0.0,0.0,0.0,0.0,0
9134255494,9134241952,0.8219967,0.017305238,0.040905874,-0.5677576,0.0,0.0,0.0,0.0,0
9134264123,9134252383,0.8228092,0.0151341725,0.04035627,-0.5666809,0.0,0.0,0.0,0.0,0
9134274674,9134261566,0.82410693,0.011911981,0.039403163,-0.5649365,0.0,0.0,0.0,0.0,0
9134285063,9134272157,0.82548183,0.007600278,0.03754408,-0.56312746,0.0,0.0,0.0,0.0,0
9134294546,9134282366,0.82646,0.0028606746,0.035458256,-0.56187063,0.0,0.0,0.0,0.0,0
9134305061,9134291863,0.82714146,-0.002478756,0.03380701,-0.56097054,0.0,0.0,0.0,0.0,0
9134314738,9134302539,0.82747114,-0.0071910806,0.033235632,-0.5604776,0.0,0.0,0.0,0.0,0
9134326200,9134312052,0.82777846,-0.012413269,0.03381207,-0.5598978,0.0,0.0,0.0,0.0,0
9134334756,9134322634,0.82792836,-0.015820537,0.03545445,-0.5594885,0.0,0.0,0.0,0.0,0
9134344255,9134332239,0.82799804,-0.01878346,0.03832172,-0.5591045,0.0,0.0,0.0,0.0,0
9134354766,9134341729,0.82811564,-0.021092644,0.042339455,-0.55855805,0.0,0.0,0.0,0.0,0
9134364255,9134352089,0.8281835,-0.022492185,0.04713056,-0.5580188,0.0,0.0,0.0,0.0,0
9134374721,9134361338,0.8280602,-0.023365894,0.053743437,-0.55756783,0.0,0.0,0.0,0.0,0
9134385132,9134372188,0.82767797,-0.023483902,0.061765846,-0.55729955,0.0,0.0,0.0,0.0,0
9134394515,9134382637,0.8271064,-0.02286541,0.07073497,-0.5571075,0.0,0.0,0.0,0.0,0
9134405940,9134391634,0.8265008,-0.021197014,0.083174504,-0.5563535,0.0,0.0,0.0,0.0,0
9134415647,9134401963,0.82641953,-0.019442724,0.09329226,-0.5549318,0.0,0.0,0.0,0.0,0
9134425240,9134411425,0.8269884,-0.017961634,0.10075039,-0.5528264,0.0,0.0,0.0,0.0,0
9134436371,9134423579,0.8280188,-0.016987897,0.10534656,-0.550453,0.0,0.0,0.0,0.0,0
9134444891,9134431965,0.8285174,-0.01725365,0.10626371,-0.5495175,0.0,0.0,0.0,0.0,0
9134455132,9134442340,0.8283333,-0.018882765,0.105216905,-0.5499425,0.0,0.0,0.0,0.0,0
9134464644,9134452563,0.8274651,-0.021232452,0.102790974,-0.5516202,0.0,0.0,0.0,0.0,0
9134475759,9134461736,0.8259352,-0.024327423,0.09902992,-0.5544657,0.0,0.0,0.0,0.0,0
9134485169,9134473276,0.824552,-0.026905635,0.095022775,-0.55710036,0.0,0.0,0.0,0.0,0
9134495609,9134482695,0.8232027,-0.029513681,0.08960056,-0.5598554,0.0,0.0,0.0,0.0,0
9134506267,9134492721,0.8221085,-0.03153882,0.08343724,-0.56229985,0.0,0.0,0.0,0.0,0
9134514991,9134502680,0.82149976,-0.032464616,0.07827653,-0.5638768,0.0,0.0,0.0,0.0,0
9134524521,9134512156,0.8210919,-0.032892536,0.07305434,-0.5651453,0.0,0.0,0.0,0.0,0
9134535212,9134521978,0.8207036,-0.033141352,0.06850231,-0.56626374,0.0,0.0,0.0,0.0,0
9134545035,9134532463,0.82040846,-0.033424735,0.06600584,-0.5669709,0.0,0.0,0.0,0.0,0
9134554531,9134542293,0.82042193,-0.033855654,0.06492711,-0.5670503,0.0,0.0,0.0,0.0,0
9134565163,9134551792,0.82101685,-0.034403786,0.06451545,-0.56620276,0.0,0.0,0.0,0.0,0
9134576724,9134562247,0.82194316,-0.034658015,0.06430584,-0.56486547,0.0,0.0,0.0,0.0,0
9134585231,9134572720,0.8226648,-0.034371708,0.063922115,-0.5638751,0.0,0.0,0.0,0.0,0
9134594658,9134582716,0.82332927,-0.033517186,0.06304708,-0.56305456,0.0,0.0,0.0,0.0,0
9134605038,9134592143,0.8238209,-0.032090988,0.061626498,-0.56257594,0.0,0.0,0.0,0.0,0
9134615516,9134602144,0.82407266,-0.030317431,0.059771873,-0.5625054,0.0,0.0,0.0,0.0,0
9134624947,9134611942,0.82409376,-0.028563565,0.057793494,-0.56277305,0.0,0.0,0.0,0.0,0
9134635509,9134622264,0.8239103,-0.026535144,0.055481985,-0.56337345,0.0,0.0,0.0,0.0,0
9134646997,9134632582,0.8235669,-0.024471818,0.052994657,-0.5642076,0.0,0.0,0.0,0.0,0
9134654509,9134642823,0.82336295,-0.023445847,0.05096117,-0.56473595,0.0,0.0,0.0,0.0,0
9134664951,9134651959,0.8230925,-0.0227551,0.047104325,-0.5654929,0.0,0.0,0.0,0.0,0
9134675535,9134662433,0.822553,-0.022800473,0.042829014,-0.5666148,0.0,0.0,0.0,0.0,0
9134686007,9134672801,0.82165515,-0.023385257,0.03910628,-0.5681609,0.0,0.0,0.0,0.0,0
9134695461,9134682544,0.82065815,-0.024300735,0.03630461,-0.56974703,0.0,0.0,0.0,0.0,0
9134704873,9134692960,0.81964725,-0.025438353,0.033956528,-0.5712953,0.0,0.0,0.0,0.0,0
9134715278,9134702346,0.8186209,-0.026674345,0.03210514,-0.57281554,0.0,0.0,0.0,0.0,0
9134724789,9134712581,0.8177765,-0.027610203,0.0312941,-0.5740209,0.0,0.0,0.0,0.0,0
9134735264,9134722062,0.8170073,-0.028487088,0.0312183,-0.57507664,0.0,0.0,0.0,0.0,0
9134745706,9134732718,0.8163747,-0.029419186,0.03181717,-0.5758946,0.0,0.0,0.0,0.0,0
9134756490,9134742776,0.8157266,-0.030631475,0.03330128,-0.57666534,0.0,0.0,0.0,0.0,0
9134764875,9134752886,0.8151606,-0.031847548,0.03521982,-0.57728547,0.0,0.0,0.0,0.0,0
9134775390,9134762338,0.81439275,-0.033719726,0.038479786,-0.5780543,0.0,0.0,0.0,0.0,0
9134785736,9134772866,0.81364536,-0.035893273,0.04231877,-0.57870716,0.0,0.0,0.0,0.0,0
9134795223,9134782862,0.8132003,-0.03700877,0.04458121,-0.57909256,0.0,0.0,0.0,0.0,0
9134805701,9134792710,0.8130258,-0.034808744,0.044172764,-0.5795052,0.0,0.0,0.0,0.0,0
9134816114,9134803211,0.8121916,-0.029921314,0.04455521,-0.5809169,0.0,0.0,0.0,0.0,0
9134826637,9134813200,0.810612,-0.024723826,0.0476967,-0.5831139,0.0,0.0,0.0,0.0,0
9134834975,9134823137,0.8095901,-0.02128429,0.050231557,-0.584455,0.0,0.0,0.0,0.0,0
9134845378,9134832506,0.8090403,-0.01827365,0.0519924,-0.5851639,0.0,0.0,0.0,0.0,0
9134855989,9134842843,0.8086703,-0.015859408,0.05310972,-0.58564514,0.0,0.0,0.0,0.0,0
9134865655,9134853284,0.8081158,-0.0134466505,0.054729793,-0.5863215,0.0,0.0,0.0,0.0,0
9134875159,9134863148,0.807111,-0.010456055,0.057197228,-0.5875295,0.0,0.0,0.0,0.0,0
9134885546,9134872622,0.80585766,-0.006562063,0.06007411,-0.58901745,0.0,0.0,0.0,0.0,0
9134895900,9134882841,0.8047612,-0.0024792494,0.06215876,-0.5903302,0.0,0.0,0.0,0.0,0
9134905366,9134892598,0.80413365,0.00095568283,0.062776424,-0.5911237,0.0,0.0,0.0,0.0,0
9134915805,9134902654,0.804003,0.004117125,0.062071938,-0.5913623,0.0,0.0,0.0,0.0,0
9134925625,9134913320,0.80423045,0.0065532695,0.06066026,-0.5911774,0.0,0.0,0.0,0.0,0
9134935315,9134922653,0.80459845,0.008586907,0.059115153,-0.59080714,0.0,0.0,0.0,0.0,0
9134945679,9134932222,0.80503565,0.010549666,0.057601087,-0.59032905,0.0,0.0,0.0,0.0,0
9134956057,9134943150,0.8055274,0.012596458,0.05614914,-0.5897578,0.0,0.0,0.0,0.0,0
9134965380,9134953305,0.8061845,0.014716525,0.054472078,-0.5889676,0.0,0.0,0.0,0.0,0
9134974900,9134962695,0.80742764,0.016397996,0.051335916,-0.58750015,0.0,0.0,0.0,0.0,0
9134985340,9134972404,0.80939895,0.017240837,0.04618629,-0.5851863,0.0,0.0,0.0,0.0,0
9134995695,9134982847,0.8116369,0.017823115,0.040804934,-0.5824628,0.0,0.0,0.0,0.0,0
9135007499,9134993026,0.8139469,0.018479675,0.03523451,-0.57957524,0.0,0.0,0.0,0.0,0
9135015952,9135003248,0.8153853,0.018841997,0.031774025,-0.57773894,0.0,0.0,0.0,0.0,0
9135025323,9135013443,0.8167489,0.0190876,0.028627342,-0.5759664,0.0,0.0,0.0,0.0,0
9135035773,9135022645,0.81807464,0.019160995,0.02580949,-0.57421297,0.0,0.0,0.0,0.0,0
9135045315,9135033068,0.8191719,0.018935887,0.023662854,-0.5727468,0.0,0.0,0.0,0.0,0
9135055741,9135042609,0.8202515,0.018283911,0.021696728,-0.57129884,0.0,0.0,0.0,0.0,0
9135066192,9135053255,0.82116896,0.017428413,0.0201902,-0.5700616,0.0,0.0,0.0,0.0,0
9135076720,9135063280,0.82188344,0.016752155,0.019075627,-0.5690899,0.0,0.0,0.0,0.0,0
9135085108,9135073210,0.8223256,0.016529417,0.018135184,-0.5684879,0.0,0.0,0.0,0.0,0
9135095650,9135082629,0.8228713,0.01646866,0.01630236,-0.5677551,0.0,0.0,0.0,0.0,0
9135106006,9135093165,0.8234896,0.016356748,0.013774513,-0.5669283,0.0,0.0,0.0,0.0,0
9135116588,9135103137,0.82417154,0.016170863,0.010896567,-0.56600446,0.0,0.0,0.0,0.0,0
9135125946,9135113869,0.8245758,0.016115343,0.008425162,-0.56545913,0.0,0.0,0.0,0.0,0
9135136815,9135123483,0.82501125,0.016305897,0.0059602642,-0.5648495,0.0,0.0,0.0,0.0,0
9135147451,9135133868,0.8253421,0.01683582,0.0043316493,-0.5643652,0.0,0.0,0.0,0.0,0
9135155908,9135143650,0.82548225,0.017514547,0.0036639294,-0.5641443,0.0,0.0,0.0,0.0,0
9135166055,9135153186,0.82561654,0.018427668,0.003222142,-0.5639215,0.0,0.0,0.0,0.0,0
9135176645,9135163323,0.8258335,0.019300975,0.0028823207,-0.5635762,0.0,0.0,0.0,0.0,0
9135186062,9135173677,0.82604915,0.020138877,0.0027982164,-0.56323135,0.0,0.0,0.0,0.0,0
9135196228,9135182762,0.826224,0.021270273,0.0030757233,-0.5629315,0.0,0.0,0.0,0.0,0
9135205675,9135193458,0.82638127,0.022369483,0.0033445563,-0.5626566,0.0,0.0,0.0,0.0,0
9135217745,9135202984,0.826868,0.023203595,0.0025673,-0.5619113,0.0,0.0,0.0,0.0,0
9135226115,9135213770,0.8274779,0.023281796,0.0010601637,-0.56101453,0.0,0.0,0.0,0.0,0
9135235545,9135223450,0.82833606,0.023021327,-0.0010559501,-0.55975735,0.0,0.0,0.0,0.0,0
9135246181,9135233075,0.8295342,0.022104107,-0.003864798,-0.5580049,0.0,0.0,0.0,0.0,0
9135256734,9135243274,0.83102304,0.020399492,-0.007227886,-0.55581677,0.0,0.0,0.0,0.0,0
9135265693,9135253401,0.83237207,0.018555945,-0.010428674,-0.5538084,0.0,0.0,0.0,0.0,0
9135276176,9135263178,0.834097,0.016220223,-0.014484058,-0.55118906,0.0,0.0,0.0,0.0,0
9135286596,9135273433,0.8358655,0.013845153,-0.018326037,-0.5484537,0.0,0.0,0.0,0.0,0
9135298059,9135283890,0.8371936,0.011729822,-0.020508569,-0.5463962,0.0,0.0,0.0,0.0,0
9135307599,9135292990,0.8378856,0.010248849,-0.020812199,-0.5453528,0.0,0.0,0.0,0.0,0
9135316023,9135303634,0.8384215,0.00900351,-0.021071637,-0.5445405,0.0,0.0,0.0,0.0,0
9135326641,9135314386,0.8389214,0.0080102645,-0.021317817,-0.543776,0.0,0.0,0.0,0.0,0
9135335730,9135322645,0.83915055,0.007952558,-0.021347608,-0.5434219,0.0,0.0,0.0,0.0,0
9135346454,9135333263,0.839246,0.00869258,-0.021171447,-0.5432703,0.0,0.0,0.0,0.0,0
9135356833,9135343696,0.8392788,0.009804198,-0.020905964,-0.54321086,0.0,0.0,0.0,0.0,0
9135366340,9135354123,0.8393705,0.010967087,-0.020658158,-0.5430562,0.0,0.0,0.0,0.0,0
9135375711,9135363602,0.8396031,0.012073626,-0.020432508,-0.5426815,0.0,0.0,0.0,0.0,0
9135387148,9135373234,0.8400603,0.012943095,-0.020259427,-0.54196006,0.0,0.0,0.0,0.0,0
9135397720,9135384241,0.8406779,0.013116924,-0.020252235,-0.5409978,0.0,0.0,0.0,0.0,0
9135406142,9135393911,0.8412256,0.0129926065,-0.020318523,-0.5401461,0.0,0.0,0.0,0.0,0
9135416666,9135403429,0.8421795,0.012941845,-0.020387614,-0.5386563,0.0,0.0,0.0,0.0,0
9135427216,9135413955,0.84330845,0.013134098,-0.020411374,-0.5368815,0.0,0.0,0.0,0.0,0
9135436963,9135424425,0.8443821,0.013371968,-0.020400565,-0.5351858,0.0,0.0,0.0,0.0,0
9135446410,9135434218,0.84530824,0.013317616,-0.020406239,-0.5337231,0.0,0.0,0.0,0.0,0
9135456876,9135443878,0.8461857,0.012644723,-0.020518683,-0.53234273,0.0,0.0,0.0,0.0,0
9135468367,9135454142,0.8470506,0.011371736,-0.020782523,-0.5309842,0.0,0.0,0.0,0.0,0
9135475771,9135464159,0.8475009,0.010607825,-0.020950869,-0.5302743,0.0,0.0,0.0,0.0,0
9135486202,9135473275,0.8479177,0.010079202,-0.021040095,-0.5296143,0.0,0.0,0.0,0.0,0
9135496636,9135483712,0.84808695,0.010112301,-0.020988202,-0.5293447,0.0,0.0,0.0,0.0,0
9135506215,9135493736,0.84801537,0.010615003,-0.020827735,-0.5294558,0.0,0.0,0.0,0.0,0
9135516988,9135502910,0.8476401,0.012000826,-0.02040958,-0.5300431,0.0,0.0,0.0,0.0,0
9135526533,9135514388,0.8470227,0.014220798,-0.01980461,-0.5309972,0.0,0.0,0.0,0.0,0
9135537171,9135523943,0.8461702,0.017700227,-0.018982751,-0.5322803,0.0,0.0,0.0,0.0,0
9135546727,9135534495,0.8456183,0.021455897,-0.0181871,-0.53304654,0.0,0.0,0.0,0.0,0
9135556207,9135544223,0.8455256,0.024593635,-0.017373363,-0.5330852,0.0,0.0,0.0,0.0,0
9135566798,9135553484,0.84600186,0.026068604,-0.016798798,-0.53227735,0.0,0.0,0.0,0.0,0
9135578142,9135564013,0.8466324,0.026259445,-0.016626837,-0.5312699,0.0,0.0,0.0,0.0,0
9135586648,9135573984,0.8471317,0.026424116,-0.016488772,-0.53046954,0.0,0.0,0.0,0.0,0
9135596263,9135584134,0.84769315,0.026689267,-0.016302776,-0.52956426,0.0,0.0,0.0,0.0,0
9135606581,9135593711,0.8482846,0.026778392,-0.016225241,-0.52861404,0.0,0.0,0.0,0.0,0
9135617128,9135603656,0.84889174,0.026606046,-0.01631734,-0.5276446,0.0,0.0,0.0,0.0,0
9135626475,9135614421,0.84944993,0.026345106,-0.01649662,-0.52675307,0.0,0.0,0.0,0.0,0
9135636908,9135624006,0.8500903,0.026348334,-0.016492868,-0.52571887,0.0,0.0,0.0,0.0,0
9135647606,9135634017,0.8507988,0.026426299,-0.016424885,-0.52456963,0.0,0.0,0.0,0.0,0
9135656296,9135643440,0.8514179,0.026331471,-0.01646779,-0.5235676,0.0,0.0,0.0,0.0,0
9135666908,9135653825,0.85213697,0.026394362,-0.016404767,-0.5223953,0.0,0.0,0.0,0.0,0
9135677429,9135664346,0.85279006,0.026379744,-0.016386647,-0.52132994,0.0,0.0,0.0,0.0,0
9135686942,9135674472,0.8531888,0.026226042,-0.016468948,-0.5206822,0.0,0.0,0.0,0.0,0
9135696296,9135684413,0.8536026,0.02597523,-0.016614448,-0.52001154,0.0,0.0,0.0,0.0,0
9135706760,9135693813,0.85461926,0.024996256,-0.017076679,-0.518372,0.0,0.0,0.0,0.0,0
9135718376,9135703870,0.85711056,0.022602612,-0.0179779,-0.51432216,0.0,0.0,0.0,0.0,0
9135726702,9135714747,0.8602858,0.020363532,-0.018670768,-0.50906295,0.0,0.0,0.0,0.0,0
9135737181,9135724239,0.86486,0.01775686,-0.019454066,-0.5013218,0.0,0.0,0.0,0.0,0
9135747630,9135734692,0.86859894,0.015733045,-0.020010343,-0.49486166,0.0,0.0,0.0,0.0,0
9135757092,9135744727,0.8706245,0.014586852,-0.020265201,-0.49131426,0.0,0.0,0.0,0.0,0
9135766818,9135753809,0.8715762,0.014179023,-0.020353165,-0.4896321,0.0,0.0,0.0,0.0,0
9135777160,9135764232,0.8721037,0.01422667,-0.02035453,-0.48869067,0.0,0.0,0.0,0.0,0
9135788713,9135774276,0.8726478,0.014295187,-0.020328423,-0.48771736,0.0,0.0,0.0,0.0,0
9135797076,9135784702,0.87304646,0.014325072,-0.020313349,-0.48700318,0.0,0.0,0.0,0.0,0
9135806565,9135794611,0.8734931,0.01434885,-0.020310685,-0.48620123,0.0,0.0,0.0,0.0,0
9135816998,9135804079,0.8739803,0.014371682,-0.020303313,-0.4853243,0.0,0.0,0.0,0.0,0
9135827518,9135814078,0.87425107,0.014386317,-0.020294603,-0.4848364,0.0,0.0,0.0,0.0,0
9135836864,9135824388,0.8744866,0.014401626,-0.020290961,-0.4844111,0.0,0.0,0.0,0.0,0
9135847744,9135834200,0.87480456,0.014433883,-0.020287046,-0.48383585,0.0,0.0,0.0,0.0,0
9135857138,9135845015,0.8750742,0.0144593045,-0.02028137,-0.48334748,0.0,0.0,0.0,0.0,0
9135866707,9135854414,0.87534845,0.014472913,-0.020276975,-0.48285046,0.0,0.0,0.0,0.0,0
9135876837,9135863957,0.8756355,0.014498325,-0.02027433,-0.4823289,0.0,0.0,0.0,0.0,0
9135887316,9135874263,0.87592983,0.0145331,-0.020263733,-0.48179367,0.0,0.0,0.0,0.0,0
9135897814,9135884448,0.8762242,0.014561049,-0.020244349,-0.48125792,0.0,0.0,0.0,0.0,0
9135907257,9135894532,0.8764861,0.014575693,-0.020236714,-0.4807807,0.0,0.0,0.0,0.0,0
9135916665,9135904529,0.87674856,0.014577724,-0.02024237,-0.4803017,0.0,0.0,0.0,0.0,0
9135927184,9135913959,0.8770413,0.0145957135,-0.020247376,-0.4797663,0.0,0.0,0.0,0.0,0
9135936907,9135924447,0.87728006,0.014651867,-0.020228218,-0.47932866,0.0,0.0,0.0,0.0,0
9135947277,9135934101,0.8774642,0.014836756,-0.02018425,-0.47898763,0.0,0.0,0.0,0.0,0
9135957682,9135944758,0.8776338,0.01500221,-0.020162478,-0.47867242,0.0,0.0,0.0,0.0,0
9135968265,9135954799,0.877777,0.015012154,-0.020160858,-0.47840968,0.0,0.0,0.0,0.0,0
9135976560,9135964903,0.87788695,0.015007586,-0.020168353,-0.47820777,0.0,0.0,0.0,0.0,0
9135987112,9135974095,0.8781364,0.014969184,-0.020184524,-0.47775006,0.0,0.0,0.0,0.0,0
9135997448,9135984591,0.8784531,0.014886121,-0.020187037,-0.4771699,0.0,0.0,0.0,0.0,0
9136008647,9135994569,0.87888896,0.014757324,-0.020198215,-0.47636998,0.0,0.0,0.0,0.0,0
9136017242,9136006121,0.8793905,0.0144989705,-0.020294128,-0.4754474,0.0,0.0,0.0,0.0,0
9136027672,9136014485,0.8803995,0.013814773,-0.020566216,-0.47358528,0.0,0.0,0.0,0.0,0
9136039300,9136024964,0.8820457,0.012928885,-0.020965857,-0.47051963,0.0,0.0,0.0,0.0,0
9136046748,9136035105,0.8834069,0.012527541,-0.02120166,-0.46795923,0.0,0.0,0.0,0.0,0
9136057284,9136044248,0.8856673,0.012091858,-0.021493897,-0.46366492,0.0,0.0,0.0,0.0,0
9136067685,9136054772,0.88794196,0.011405459,-0.021830434,-0.45929554,0.0,0.0,0.0,0.0,0
9136077324,9136064983,0.88963795,0.010450333,-0.022136698,-0.45601013,0.0,0.0,0.0,0.0,0
9136087826,9136073751,0.89061445,0.009483329,-0.022367481,-0.45410967,0.0,0.0,0.0,0.0,0
9136097324,9136085117,0.8908023,0.009064291,-0.022488434,-0.45374373,0.0,0.0,0.0,0.0,0
9136108157,9136094606,0.8902764,0.00884101,-0.022455065,-0.4547808,0.0,0.0,0.0,0.0,0
9136117637,9136105407,0.8890394,0.00842881,-0.022408685,-0.4572044,0.0,0.0,0.0,0.0,0
9136127013,9136114921,0.8872358,0.007876039,-0.022416929,-0.4607038,0.0,0.0,0.0,0.0,0
9136137431,9136124538,0.88520944,0.007678155,-0.022365425,-0.46459144,0.0,0.0,0.0,0.0,0
9136148117,9136134536,0.88375306,0.008185031,-0.02221767,-0.46735412,0.0,0.0,0.0,0.0,0
9136157613,9136144109,0.88324046,0.00907103,-0.02202061,-0.46831524,0.0,0.0,0.0,0.0,0
9136167006,9136155084,0.883332,0.010059448,-0.021781964,-0.46813333,0.0,0.0,0.0,0.0,0
9136177409,9136164489,0.8838912,0.01118648,-0.021504797,-0.46706405,0.0,0.0,0.0,0.0,0
9136188592,9136174508,0.8851711,0.012851322,-0.021132538,-0.4646077,0.0,0.0,0.0,0.0,0
9136197387,9136186006,0.8867145,0.014508792,-0.020729916,-0.4616246,0.0,0.0,0.0,0.0,0
9136207954,9136194905,0.8888185,0.016506972,-0.020212175,-0.45751595,0.0,0.0,0.0,0.0,0
9136219375,9136205035,0.8909726,0.018275635,-0.01970368,-0.45326108,0.0,0.0,0.0,0.0,0
9136226923,9136215206,0.8920241,0.018934557,-0.019473014,-0.45117095,0.0,0.0,0.0,0.0,0
9136237452,9136224459,0.89268774,0.018974658,-0.019407729,-0.44985765,0.0,0.0,0.0,0.0,0
9136247816,9136234728,0.8927328,0.018456751,-0.019557964,-0.44978327,0.0,0.0,0.0,0.0,0
9136258271,9136244911,0.8921872,0.017256936,-0.019855147,-0.45089912,0.0,0.0,0.0,0.0,0
9136267670,9136255772,0.8908107,0.015455193,-0.020279957,-0.45365873,0.0,0.0,0.0,0.0,0
9136278412,9136265194,0.8886243,0.013224197,-0.020833593,-0.45797175,0.0,0.0,0.0,0.0,0
9136288929,9136275475,0.8866245,0.01157021,-0.021266084,-0.4618559,0.0,0.0,0.0,0.0,0
9136297291,9136285394,0.885601,0.010897238,-0.021469912,-0.46382248,0.0,0.0,0.0,0.0,0
9136307768,9136294614,0.8852474,0.010805472,-0.021544069,-0.46449557,0.0,0.0,0.0,0.0,0
9136318163,9136305279,0.88546443,0.011016288,-0.021493847,-0.4640791,0.0,0.0,0.0,0.0,0
9136328710,9136315474,0.88587934,0.011294925,-0.021414947,-0.46328372,0.0,0.0,0.0,0.0,0
9136338046,9136324677,0.88645273,0.011704291,-0.02133215,-0.4621791,0.0,0.0,0.0,0.0,0
9136347585,9136335377,0.88732195,0.01226146,-0.021210387,-0.46049944,0.0,0.0,0.0,0.0,0
9136359718,9136344695,0.88856924,0.013024767,-0.021007286,-0.4580762,0.0,0.0,0.0,0.0,0
9136367198,9136355513,0.8892193,0.013550838,-0.020854332,-0.45680466,0.0,0.0,0.0,0.0,0
9136377700,9136364659,0.88986063,0.014261997,-0.02064264,-0.45554212,0.0,0.0,0.0,0.0,0
9136388142,9136375147,0.8903008,0.014655052,-0.020509925,-0.45467472,0.0,0.0,0.0,0.0,0
9136398690,9136385223,0.8905327,0.01468439,-0.020499736,-0.45421997,0.0,0.0,0.0,0.0,0
9136408227,9136395219,0.89059347,0.014475404,-0.02057127,-0.45410427,0.0,0.0,0.0,0.0,0
9136417614,9136405506,0.89052105,0.013941102,-0.020719416,-0.45425603,0.0,0.0,0.0,0.0,0
9136428130,9136415106,0.89009106,0.012845437,-0.02099687,-0.45511755,0.0,0.0,0.0,0.0,0
9136437752,9136425348,0.8895854,0.011595286,-0.021353085,-0.45612222,0.0,0.0,0.0,0.0,0
9136447510,9136434952,0.889378,0.010536335,-0.021717142,-0.45653495,0.0,0.0,0.0,0.0,0
9136457938,9136444981,0.88957053,0.009979391,-0.021961773,-0.45616052,0.0,0.0,0.0,0.0,0
9136469563,9136455023,0.89004934,0.009734071,-0.022063132,-0.45522594,0.0,0.0,0.0,0.0,0
9136477924,9136465528,0.8904854,0.009641246,-0.022116778,-0.4543717,0.0,0.0,0.0,0.0,0
9136488440,9136475441,0.89121854,0.009695284,-0.022162482,-0.45292854,0.0,0.0,0.0,0.0,0
9136498831,9136485940,0.89213216,0.009935665,-0.022145828,-0.45112208,0.0,0.0,0.0,0.0,0
9136508572,9136495922,0.893019,0.010320999,-0.022060994,-0.44935948,0.0,0.0,0.0,0.0,0
9136517939,9136505850,0.8937512,0.010803027,-0.021922044,-0.44789675,0.0,0.0,0.0,0.0,0
9136528593,9136515264,0.8943158,0.011262788,-0.021769583,-0.44676456,0.0,0.0,0.0,0.0,0
9136539305,9136525810,0.8945123,0.011572072,-0.021670857,-0.44636786,0.0,0.0,0.0,0.0,0
9136548135,9136535734,0.8944507,0.011837444,-0.021592228,-0.4464882,0.0,0.0,0.0,0.0,0
9136557618,9136545607,0.8942597,0.012144567,-0.021484135,-0.4468674,0.0,0.0,0.0,0.0,0
9136568089,9136554896,0.893803,0.012223592,-0.021389598,-0.44778264,0.0,0.0,0.0,0.0,0
9136578526,9136565328,0.8930041,0.012020797,-0.021397986,-0.44937873,0.0,0.0,0.0,0.0,0
9136587984,9136575827,0.89221543,0.01179834,-0.021463156,-0.45094544,0.0,0.0,0.0,0.0,0
9136598456,9136585459,0.8916768,0.011662648,-0.021522122,-0.45201024,0.0,0.0,0.0,0.0,0
9136610076,9136595525,0.8916344,0.011707137,-0.02152893,-0.45209238,0.0,0.0,0.0,0.0,0
9136617427,9136606075,0.8918474,0.011787749,-0.02148801,-0.45167187,0.0,0.0,0.0,0.0,0
9136627904,9136614750,0.8923955,0.011963934,-0.021438245,-0.45058587,0.0,0.0,0.0,0.0,0
9136638242,9136625376,0.89327425,0.01221939,-0.021410126,-0.4488357,0.0,0.0,0.0,0.0,0
9136647726,9136635561,0.8943607,0.012502152,-0.021383593,-0.44666025,0.0,0.0,0.0,0.0,0
9136658164,9136644844,0.8956748,0.012795936,-0.021350622,-0.44401252,0.0,0.0,0.0,0.0,0
9136668719,9136655669,0.8969154,0.012959734,-0.021357084,-0.44149613,0.0,0.0,0.0,0.0,0
9136679166,9136666154,0.8979079,0.013004379,-0.021342175,-0.43947318,0.0,0.0,0.0,0.0,0
9136688598,9136676363,0.89847344,0.0130331,-0.021283481,-0.4383179,0.0,0.0,0.0,0.0,0
9136698148,9136685883,0.8986634,0.0130715305,-0.021255167,-0.43792868,0.0,0.0,0.0,0.0,0
9136708716,9136695438,0.8986288,0.01319477,-0.021226728,-0.43799743,0.0,0.0,0.0,0.0,0
9136719102,9136705947,0.8983359,0.013152255,-0.021196058,-0.43860054,0.0,0.0,0.0,0.0,0
9136728550,9136715802,0.897625,0.012679344,-0.021289567,-0.44006285,0.0,0.0,0.0,0.0,0
9136737997,9136726042,0.8965964,0.011879559,-0.021499995,-0.44216686,0.0,0.0,0.0,0.0,0
9136748596,9136735311,0.8955835,0.011041229,-0.021740736,-0.44422477,0.0,0.0,0.0,0.0,0
9136758052,9136745665,0.89512634,0.010640336,-0.021888608,-0.44514787,0.0,0.0,0.0,0.0,0
9136768592,9136755356,0.8951345,0.010571454,-0.021939816,-0.44513032,0.0,0.0,0.0,0.0,0
9136779188,9136766076,0.8954147,0.010671673,-0.021904264,-0.4445658,0.0,0.0,0.0,0.0,0
9136789626,9136776171,0.8958176,0.010814314,-0.021848978,-0.44375297,0.0,0.0,0.0,0.0,0
9136797955,9136786099,0.89630705,0.010975696,-0.02182156,-0.44276065,0.0,0.0,0.0,0.0,0
9136808553,9136795477,0.8971887,0.011249384,-0.021799484,-0.4409656,0.0,0.0,0.0,0.0,0
9136818902,9136806033,0.8982213,0.011581159,-0.021766627,-0.43885136,0.0,0.0,0.0,0.0,0
9136828358,9136816005,0.8992424,0.01186164,-0.021715986,-0.4367503,0.0,0.0,0.0,0.0,0
9136838824,9136825862,0.90027124,0.0121234,-0.021660445,-0.4346214,0.0,0.0,0.0,0.0,0
9136849267,9136836362,0.9010827,0.012305927,-0.021598645,-0.43293408,0.0,0.0,0.0,0.0,0
9136859860,9136846160,0.9015404,0.012308198,-0.021558184,-0.4319823,0.0,0.0,0.0,0.0,0
9136868465,9136856350,0.9016391,0.0122093,-0.021589411,-0.43177754,0.0,0.0,0.0,0.0,0
9136879141,9136865782,0.9012815,0.011745706,-0.02167938,-0.4325319,0.0,0.0,0.0,0.0,0
9136888451,9136876555,0.90009135,0.010755857,-0.021869209,-0.43501917,0.0,0.0,0.0,0.0,0
9136898920,9136885766,0.89789,0.009255887,-0.022226153,-0.43956134,0.0,0.0,0.0,0.0,0
9136908433,9136895458,0.8957281,0.007886039,-0.02256338,-0.44395927,0.0,0.0,0.0,0.0,0
9136918954,9136905957,0.8937414,0.006688882,-0.022878503,-0.4479489,0.0,0.0,0.0,0.0,0
9136930507,9136916086,0.8925902,0.0060556014,-0.023093414,-0.4502365,0.0,0.0,0.0,0.0,0
9136938901,9136926522,0.89259726,0.005905434,-0.023158249,-0.4502209,0.0,0.0,0.0,0.0,0
9136948676,9136936427,0.8931906,0.005776968,-0.023214024,-0.44904155,0.0,0.0,0.0,0.0,0
9136959263,9136946095,0.8943708,0.005619394,-0.023370514,-0.4466803,0.0,0.0,0.0,0.0,0
9136969694,9136956519,0.89620906,0.0056029554,-0.023564676,-0.4429704,0.0,0.0,0.0,0.0,0
9136979215,9136966209,0.8982902,0.005750492,-0.023684472,-0.43872625,0.0,0.0,0.0,0.0,0
9136988628,9136976652,0.9002643,0.0059533427,-0.023736,-0.43465537,0.0,0.0,0.0,0.0,0
9136998996,9136986102,0.9020958,0.0062094475,-0.023743058,-0.43083763,0.0,0.0,0.0,0.0,0
9137008548,9136996104,0.9034908,0.006391117,-0.023738597,-0.42790183,0.0,0.0,0.0,0.0,0
9137018949,9137005814,0.9046498,0.0064519667,-0.02372938,-0.42544565,0.0,0.0,0.0,0.0,0
9137029631,9137016446,0.9053148,0.006411427,-0.02370219,-0.42403093,0.0,0.0,0.0,0.0,0
9137040255,9137026568,0.90545154,0.0064034723,-0.023699231,-0.42373925,0.0,0.0,0.0,0.0,0
9137048675,9137036436,0.9051862,0.006363814,-0.023665853,-0.42430818,0.0,0.0,0.0,0.0,0
9137059121,9137046159,0.9040623,0.00590542,-0.023640787,-0.42670572,0.0,0.0,0.0,0.0,0
9137069495,9137056591,0.90222675,0.0052427636,-0.023697995,-0.43057856,0.0,0.0,0.0,0.0,0
9137079063,9137066771,0.90058976,0.004893192,-0.023761695,-0.4339925,0.0,0.0,0.0,0.0,0
9137088531,9137076515,0.89954966,0.0049055945,-0.023775978,-0.4361434,0.0,0.0,0.0,0.0,0
9137098952,9137085988,0.89918345,0.00521735,-0.023726813,-0.43689713,0.0,0.0,0.0,0.0,0
9137110502,9137096064,0.8993355,0.0055406643,-0.023636483,-0.43658498,0.0,0.0,0.0,0.0,0
9137118904,9137106677,0.8997169,0.0057525737,-0.023580363,-0.4357986,0.0,0.0,0.0,0.0,0
9137129416,9137116209,0.90058464,0.0060105617,-0.023579137,-0.43399903,0.0,0.0,0.0,0.0,0
9137139789,9137126880,0.9017839,0.0061919377,-0.023625301,-0.43149668,0.0,0.0,0.0,0.0,0
9137149445,9137137078,0.9030009,0.006336673,-0.0236499,-0.42894056,0.0,0.0,0.0,0.0,0
9137158948,9137146739,0.90411514,0.006590884,-0.023624202,-0.4265845,0.0,0.0,0.0,0.0,0
9137169384,9137156460,0.9051148,0.007126502,-0.023477342,-0.42445895,0.0,0.0,0.0,0.0,0
9137180871,9137166454,0.9057962,0.007876319,-0.02317604,-0.42300606,0.0,0.0,0.0,0.0,0
9137189236,9137176859,0.9059081,0.008417774,-0.02297176,-0.42276713,0.0,0.0,0.0,0.0,0
9137198888,9137186765,0.9055698,0.008984688,-0.022737829,-0.42349213,0.0,0.0,0.0,0.0,0
9137209455,9137196360,0.90425384,0.009142185,-0.022481918,-0.42630526,0.0,0.0,0.0,0.0,0
9137218797,9137206702,0.9019278,0.008606898,-0.022417566,-0.43121868,0.0,0.0,0.0,0.0,0
9137229369,9137215726,0.89837945,0.0074599255,-0.022538358,-0.43857825,0.0,0.0,0.0,0.0,0
9137239660,9137226799,0.8947119,0.0061540147,-0.0227039,-0.44602385,0.0,0.0,0.0,0.0,0
9137249075,9137237153,0.8917979,0.005230287,-0.022775933,-0.4518303,0.0,0.0,0.0,0.0,0
9137258485,9137246330,0.88971215,0.0048332796,-0.022771543,-0.45592818,0.0,0.0,0.0,0.0,0
9137268954,9137255973,0.88886917,0.004914856,-0.022779219,-0.45756805,0.0,0.0,0.0,0.0,0
9137280043,9137266435,0.88934326,0.0048887427,-0.022893092,-0.45664063,0.0,0.0,0.0,0.0,0
9137290531,9137277251,0.8905723,0.0045350096,-0.02310796,-0.45423165,0.0,0.0,0.0,0.0,0
9137298985,9137286753,0.8920765,0.0044482043,-0.023303475,-0.45126137,0.0,0.0,0.0,0.0,0
9137309491,9137296488,0.8944256,0.0047465544,-0.023450188,-0.44657636,0.0,0.0,0.0,0.0,0
9137319847,9137306973,0.8969879,0.005482432,-0.023450173,-0.44139865,0.0,0.0,0.0,0.0,0
9137329350,9137316967,0.8993779,0.0065319454,-0.02328545,-0.43650275,0.0,0.0,0.0,0.0,0
9137339188,9137326621,0.9015095,0.0075827576,-0.02303153,-0.43207952,0.0,0.0,0.0,0.0,0
9137349708,9137336640,0.90316355,0.00867259,-0.022677504,-0.4286095,0.0,0.0,0.0,0.0,0
9137361182,9137346810,0.904257,0.009717106,-0.022222288,-0.4262994,0.0,0.0,0.0,0.0,0
9137368751,9137357016,0.90448743,0.010104327,-0.0220155,-0.42581183,0.0,0.0,0.0,0.0,0
9137379168,9137365996,0.9043509,0.010464488,-0.021849753,-0.42610154,0.0,0.0,0.0,0.0,0
9137389613,9137376635,0.90391856,0.010970468,-0.021611925,-0.4270174,0.0,0.0,0.0,0.0,0
9137400111,9137386870,0.90300566,0.011212883,-0.02136298,-0.42895088,0.0,0.0,0.0,0.0,0
9137409624,9137397595,0.9017792,0.011104565,-0.021276766,-0.43153018,0.0,0.0,0.0,0.0,0
9137419980,9137407102,0.90045977,0.010747528,-0.02130134,-0.4342846,0.0,0.0,0.0,0.0,0
9137430457,9137417275,0.8994826,0.010248783,-0.02141649,-0.436311,0.0,0.0,0.0,0.0,0
9137438823,9137427360,0.89902836,0.009882996,-0.021541176,-0.4372486,0.0,0.0,0.0,0.0,0
9137449648,9137436143,0.8988621,0.009688205,-0.021690253,-0.43758708,0.0,0.0,0.0,0.0,0
9137460052,9137447057,0.8990713,0.009721387,-0.021753479,-0.43715334,0.0,0.0,0.0,0.0,0
9137470532,9137457119,0.8995477,0.009835461,-0.021741148,-0.43617046,0.0,0.0,0.0,0.0,0
9137479997,9137466535,0.90024567,0.010001749,-0.021748802,-0.43472382,0.0,0.0,0.0,0.0,0
9137489364,9137477480,0.90120816,0.010096254,-0.021807471,-0.43271977,0.0,0.0,0.0,0.0,0
9137500928,9137486472,0.9025354,0.010015746,-0.021915916,-0.42994106,0.0,0.0,0.0,0.0,0
9137509436,9137497419,0.90342224,0.009834057,-0.022010112,-0.42807373,0.0,0.0,0.0,0.0,0
9137520144,9137506709,0.9043255,0.009486129,-0.022157041,-0.42616263,0.0,0.0,0.0,0.0,0
9137529812,9137517324,0.90488356,0.009020477,-0.02231653,-0.42497802,0.0,0.0,0.0,0.0,0
9137541093,9137526939,0.90530425,0.008269472,-0.02258092,-0.42408264,0.0,0.0,0.0,0.0,0
9137550385,9137537015,0.9055589,0.0074645793,-0.022881644,-0.42353737,0.0,0.0,0.0,0.0,0
9137559672,9137547814,0.9057623,0.006427354,-0.023262395,-0.42309842,0.0,0.0,0.0,0.0,0
9137570117,9137556982,0.9056592,0.0048154388,-0.023750339,-0.42331338,0.0,0.0,0.0,0.0,0
9137579616,9137567417,0.9051047,0.0035260036,-0.024139192,-0.42448843,0.0,0.0,0.0,0.0,0
9137590030,9137576872,0.90431154,0.0030555604,-0.024289275,-0.42617053,0.0,0.0,0.0,0.0,0
9137600423,9137587526,0.9037983,0.0036809372,-0.02413063,-0.42726213,0.0,0.0,0.0,0.0,0
9137610910,9137597743,0.9036828,0.004745213,-0.023793763,-0.42751455,0.0,0.0,0.0,0.0,0
9137620230,9137607132,0.90378934,0.0055763167,-0.02349893,-0.42729583,0.0,0.0,0.0,0.0,0
9137630021,9137617657,0.9041006,0.0062681227,-0.02328265,-0.4266389,0.0,0.0,0.0,0.0,0
9137640449,9137627325,0.9046645,0.006858643,-0.023111524,-0.42544207,0.0,0.0,0.0,0.0,0
9137650081,9137637549,0.90530825,0.0073232506,-0.022972329,-0.42407024,0.0,0.0,0.0,0.0,0
9137659478,9137647598,0.9059032,0.0077165077,-0.022853294,-0.42279726,0.0,0.0,0.0,0.0,0
9137669924,9137657012,0.9064486,0.008144358,-0.02270819,-0.42162666,0.0,0.0,0.0,0.0,0
9137681407,9137667030,0.9068436,0.008751021,-0.022478271,-0.42077667,0.0,0.0,0.0,0.0,0
9137689793,9137677638,0.9069407,0.009341214,-0.022247063,-0.42056656,0.0,0.0,0.0,0.0,0
9137700364,9137687304,0.9068436,0.010147487,-0.02191837,-0.42077458,0.0,0.0,0.0,0.0,0
9137710077,9137697599,0.90666497,0.010613716,-0.021716751,-0.42115828,0.0,0.0,0.0,0.0,0
9137720873,9137707374,0.9064865,0.010155892,-0.021799857,-0.42154944,0.0,0.0,0.0,0.0,0
9137730261,9137718364,0.9061793,0.008292904,-0.022265652,-0.42222577,0.0,0.0,0.0,0.0,0
9137739725,9137727772,0.90564746,0.005037365,-0.02314407,-0.42336953,0.0,0.0,0.0,0.0,0
9137751251,9137737006,0.9051788,0.00047035454,-0.02467542,-0.424314,0.0,0.0,0.0,0.0,0
9137759631,9137747746,0.90511745,-0.002691164,-0.025935646,-0.42436126,0.0,0.0,0.0,0.0,0
9137770237,9137756961,0.9052661,-0.0058424687,-0.026991682,-0.4239464,0.0,0.0,0.0,0.0,0
9137780730,9137767748,0.9054839,-0.0075303954,-0.026586466,-0.42348015,0.0,0.0,0.0,0.0,0
9137790203,9137777964,0.9055339,-0.0080071185,-0.02461959,-0.42348346,0.0,0.0,0.0,0.0,0
9137799642,9137786592,0.9054285,-0.007923723,-0.021928538,-0.42385805,0.0,0.0,0.0,0.0,0
9137810160,9137797141,0.90525484,-0.007286525,-0.019514292,-0.424358,0.0,0.0,0.0,0.0,0
9137820525,9137807644,0.90521246,-0.0059297415,-0.018904915,-0.4244973,0.0,0.0,0.0,0.0,0
9137829954,9137817830,0.9053664,-0.0039887205,-0.020545552,-0.42411515,0.0,0.0,0.0,0.0,0
9137840413,9137827280,0.90570605,-0.0012169933,-0.023939729,-0.4232282,0.0,0.0,0.0,0.0,0
9137850832,9137837726,0.90572304,0.0019464676,-0.02511761,-0.42312053,0.0,0.0,0.0,0.0,0
9137861326,9137848126,0.9054587,0.004517454,-0.024101308,-0.42372558,0.0,0.0,0.0,0.0,0
9137870140,9137857733,0.90542585,0.0054088244,-0.023709692,-0.42380744,0.0,0.0,0.0,0.0,0
9137879943,9137867608,0.9055463,0.0051706946,-0.023759011,-0.42355007,0.0,0.0,0.0,0.0,0
9137890308,9137877416,0.9057775,0.004324916,-0.02403176,-0.42304963,0.0,0.0,0.0,0.0,0
9137899746,9137887382,0.90608096,0.0032924484,-0.024390576,-0.42238796,0.0,0.0,0.0,0.0,0
9137910242,9137897064,0.9064511,0.0020926518,-0.024792558,-0.42157733,0.0,0.0,0.0,0.0,0
9137920589,9137907542,0.9067644,0.0011477037,-0.025109729,-0.4208877,0.0,0.0,0.0,0.0,0
9137931234,9137917722,0.90705734,0.0005560272,-0.025306413,-0.42024568,0.0,0.0,0.0,0.0,0
9137939692,9137927920,0.9071954,0.00038448162,-0.025370523,-0.4199438,0.0,0.0,0.0,0.0,0
9137950255,9137937014,0.90729177,0.00046537037,-0.025363438,-0.41973567,0.0,0.0,0.0,0.0,0
9137960443,9137947773,0.9073192,0.00071766257,-0.025294762,-0.41968024,0.0,0.0,0.0,0.0,0
9137970879,9137957653,0.9073303,0.0010536289,-0.02519402,-0.41966152,0.0,0.0,0.0,0.0,0
9137980311,9137968374,0.9073769,0.0013808947,-0.025089435,-0.4195662,0.0,0.0,0.0,0.0,0
9137990725,9137977618,0.90751606,0.0016950003,-0.024988143,-0.41926992,0.0,0.0,0.0,0.0,0
9138002194,9137987841,0.9077896,0.0018768825,-0.024929354,-0.41868016,0.0,0.0,0.0,0.0,0
9138009720,9137998226,0.90805906,0.0018923584,-0.024946127,-0.41809425,0.0,0.0,0.0,0.0,0
9138020165,9138007221,0.9085728,0.001830006,-0.025019692,-0.41697267,0.0,0.0,0.0,0.0,0
9138030718,9138017644,0.90915364,0.0017280517,-0.02509645,-0.41570047,0.0,0.0,0.0,0.0,0
9138041263,9138027960,0.90966976,0.0016026434,-0.025157852,-0.41456652,0.0,0.0,0.0,0.0,0
9138050704,9138037750,0.9100318,0.0014362235,-0.025219126,-0.41376817,0.0,0.0,0.0,0.0,0
9138061079,9138048218,0.91035175,0.0011115061,-0.025342384,-0.41305727,0.0,0.0,0.0,0.0,0
9138071537,9138058180,0.91065174,0.00071286457,-0.025499985,-0.41238678,0.0,0.0,0.0,0.0,0
9138079949,9138068242,0.91082615,0.0004516849,-0.025601618,-0.41199514,0.0,0.0,0.0,0.0,0
9138090394,9138077439,0.9109543,8.08316e-05,-0.02573367,-0.41170397,0.0,0.0,0.0,0.0,0
9138101046,9138087867,0.9109718,-0.0009688013,-0.025888497,-0.41165426,0.0,0.0,0.0,0.0,0
9138110927,9138098317,0.91074836,-0.0027716586,-0.025690272,-0.41215262,0.0,0.0,0.0,0.0,0
9138120336,9138107847,0.91036737,-0.0048989966,-0.024559403,-0.41304255,0.0,0.0,0.0,0.0,0
9138130915,9138117846,0.9099306,-0.0073437663,-0.021969546,-0.41411322,0.0,0.0,0.0,0.0,0
9138140384,9138128420,0.90943295,-0.009805084,-0.018927978,-0.41530403,0.0,0.0,0.0,0.0,0
9138150804,9138137646,0.90869087,-0.012420342,-0.013990342,-0.41705048,0.0,0.0,0.0,0.0,0
9138160273,9138148106,0.90788585,-0.013726529,-0.0072070397,-0.41893074,0.0,0.0,0.0,0.0,0
9138171658,9138157748,0.90682524,-0.014002729,0.0024811672,-0.42126688,0.0,0.0,0.0,0.0,0
9138182162,9138168574,0.9058393,-0.013417296,0.010941732,-0.42326748,0.0,0.0,0.0,0.0,0
9138190576,9138178206,0.90514886,-0.012452313,0.0161759,-0.42460442,0.0,0.0,0.0,0.0,0
9138201014,9138188099,0.90461105,-0.0108585255,0.019981015,-0.42563105,0.0,0.0,0.0,0.0,0
9138210595,9138198522,0.90460443,-0.009242523,0.020649677,-0.42565128,0.0,0.0,0.0,0.0,0
9138221033,9138207847,0.9050069,-0.0074918815,0.01859556,-0.4249243,0.0,0.0,0.0,0.0,0
9138230445,9138218337,0.9055551,-0.0059374967,0.014632009,-0.4239348,0.0,0.0,0.0,0.0,0
9138240920,9138227933,0.906316,-0.0043411786,0.008473462,-0.4224933,0.0,0.0,0.0,0.0,0
9138252391,9138238005,0.90727544,-0.00308414,0.0003731787,-0.42052555,0.0,0.0,0.0,0.0,0
9138260825,9138248594,0.9080746,-0.0028113734,-0.005924436,-0.41875714,0.0,0.0,0.0,0.0,0
9138271260,9138258124,0.90900373,-0.003089633,-0.0126086995,-0.41658577,0.0,0.0,0.0,0.0,0
9138280784,9138268768,0.9095956,-0.003460174,-0.016722878,-0.41514364,0.0,0.0,0.0,0.0,0
9138291216,9138277796,0.9100219,-0.004001643,-0.019080529,-0.41410145,0.0,0.0,0.0,0.0,0
9138300661,9138287594,0.9102793,-0.0048055276,-0.019863952,-0.41348994,0.0,0.0,0.0,0.0,0
9138311273,9138298163,0.91051155,-0.006113477,-0.020239562,-0.41294277,0.0,0.0,0.0,0.0,0
9138322803,9138308594,0.91081834,-0.007991788,-0.021163281,-0.41218722,0.0,0.0,0.0,0.0,0
9138330216,9138318608,0.9111101,-0.009432993,-0.022613972,-0.41143405,0.0,0.0,0.0,0.0,0
9138340704,9138327729,0.9117144,-0.011524411,-0.026383022,-0.40981475,0.0,0.0,0.0,0.0,0
9138351510,9138338163,0.9122324,-0.013149005,-0.029610394,-0.40838984,0.0,0.0,0.0,0.0,0
9138360968,9138348823,0.9124461,-0.01386058,-0.030417524,-0.4078293,0.0,0.0,0.0,0.0,0
9138371533,9138357394,0.91265893,-0.014150998,-0.030546328,-0.40733334,0.0,0.0,0.0,0.0,0
9138381147,9138368779,0.91284424,-0.01414519,-0.03055667,-0.40691727,0.0,0.0,0.0,0.0,0
9138391600,9138378634,0.91304374,-0.014058371,-0.030542396,-0.40647352,0.0,0.0,0.0,0.0,0
9138401079,9138388881,0.91322607,-0.013999193,-0.030524807,-0.40606698,0.0,0.0,0.0,0.0,0
9138410611,9138398408,0.9134043,-0.013965976,-0.030524435,-0.4056671,0.0,0.0,0.0,0.0,0
9138420987,9138408105,0.9135948,-0.013959255,-0.030540887,-0.4052369,0.0,0.0,0.0,0.0,0
9138432457,9138418084,0.91379535,-0.013966488,-0.030566527,-0.40478227,0.0,0.0,0.0,0.0,0
9138440908,9138428494,0.9139274,-0.013974093,-0.03059525,-0.40448177,0.0,0.0,0.0,0.0,0
9138451423,9138438426,0.9140912,-0.013991299,-0.030625291,-0.4041086,0.0,0.0,0.0,0.0,0
9138462027,9138448706,0.9142748,-0.01401564,-0.030645838,-0.4036904,0.0,0.0,0.0,0.0,0
9138471482,9138459098,0.91444755,-0.014036932,-0.030666225,-0.40329665,0.0,0.0,0.0,0.0,0
9138480917,9138469008,0.9146223,-0.014077449,-0.030700602,-0.40289608,0.0,0.0,0.0,0.0,0
9138491383,9138478441,0.9148321,-0.01420332,-0.03077009,-0.40240973,0.0,0.0,0.0,0.0,0
9138503047,9138488440,0.91511023,-0.014617176,-0.030966993,-0.40174702,0.0,0.0,0.0,0.0,0
9138510593,9138498704,0.91535777,-0.015215433,-0.031243227,-0.40113926,0.0,0.0,0.0,0.0,0
9138521238,9138508028,0.9157213,-0.0166154,-0.031824082,-0.40020686,0.0,0.0,0.0,0.0,0
9138531843,9138518673,0.9159813,-0.018290645,-0.032513265,-0.3994829,0.0,0.0,0.0,0.0,0
9138541698,9138528910,0.9161726,-0.019756706,-0.03316378,-0.39892063,0.0,0.0,0.0,0.0,0
9138551242,9138539004,0.9163995,-0.020848043,-0.033694167,-0.39829904,0.0,0.0,0.0,0.0,0
9138561683,9138548676,0.91669,-0.021517847,-0.034069244,-0.3975624,0.0,0.0,0.0,0.0,0
9138572320,9138558520,0.91695696,-0.02174339,-0.03421551,-0.3969211,0.0,0.0,0.0,0.0,0
9138580790,9138568970,0.9171216,-0.02168724,-0.03421726,-0.39654368,0.0,0.0,0.0,0.0,0
9138591230,9138578253,0.917316,-0.021460183,-0.034181084,-0.39610922,0.0,0.0,0.0,0.0,0
9138601670,9138588701,0.91754526,-0.021182448,-0.03413486,-0.39559674,0.0,0.0,0.0,0.0,0
9138612199,9138598949,0.9177936,-0.020909581,-0.034088355,-0.39503884,0.0,0.0,0.0,0.0,0
9138621653,9138608683,0.9180079,-0.020678582,-0.034047745,-0.39455622,0.0,0.0,0.0,0.0,0
9138631328,9138619127,0.91818494,-0.02043856,-0.033988282,-0.3941617,0.0,0.0,0.0,0.0,0
9138642818,9138628608,0.9183771,-0.020127887,-0.033892017,-0.3937382,0.0,0.0,0.0,0.0,0
9138651211,9138639218,0.91848516,-0.01991327,-0.033827472,-0.39350232,0.0,0.0,0.0,0.0,0
9138661654,9138648511,0.9185677,-0.019799525,-0.03381423,-0.3933165,0.0,0.0,0.0,0.0,0
9138672138,9138659168,0.91853684,-0.020155776,-0.03394852,-0.39335915,0.0,0.0,0.0,0.0,0
9138682752,9138669418,0.9182149,-0.021653963,-0.034396537,-0.39399153,0.0,0.0,0.0,0.0,0
9138691337,9138678941,0.9178297,-0.024158292,-0.03522742,-0.39466968,0.0,0.0,0.0,0.0,0
9138700976,9138688848,0.91759306,-0.028437387,-0.036800947,-0.39479113,0.0,0.0,0.0,0.0,0
9138711579,9138698478,0.91772336,-0.0341216,-0.039037265,-0.39382175,0.0,0.0,0.0,0.0,0
9138721148,9138708793,0.9181867,-0.03900129,-0.04111681,-0.3920735,0.0,0.0,0.0,0.0,0
9138731599,9138718464,0.9190776,-0.043098975,-0.04302818,-0.38934234,0.0,0.0,0.0,0.0,0
9138742151,9138729111,0.9202767,-0.045822375,-0.04457858,-0.3860104,0.0,0.0,0.0,0.0,0
9138752719,9138739250,0.9213337,-0.047156483,-0.04566113,-0.3831914,0.0,0.0,0.0,0.0,0
9138761092,9138749104,0.9218598,-0.04726086,-0.04590202,-0.38188204,0.0,0.0,0.0,0.0,0
9138771535,9138758587,0.92254436,-0.046215937,-0.04563032,-0.38038644,0.0,0.0,0.0,0.0,0
9138781926,9138769046,0.92350924,-0.044013012,-0.04498972,-0.37837738,0.0,0.0,0.0,0.0,0
9138791546,9138779242,0.92459524,-0.041083306,-0.044036612,-0.37616047,0.0,0.0,0.0,0.0,0
9138801256,9138788964,0.92570865,-0.03753266,-0.04276834,-0.37393272,0.0,0.0,0.0,0.0,0
9138812600,9138798730,0.9268544,-0.033965837,-0.041464143,-0.3715752,0.0,0.0,0.0,0.0,0
9138823125,9138809693,0.9276031,-0.031896293,-0.040701978,-0.36997092,0.0,0.0,0.0,0.0,0
9138831480,9138819508,0.92787445,-0.03094586,-0.040314127,-0.36941332,0.0,0.0,0.0,0.0,0
9138842035,9138828783,0.92790127,-0.030299261,-0.040015895,-0.3694319,0.0,0.0,0.0,0.0,0
9138852423,9138839509,0.92781883,-0.030011142,-0.039860524,-0.3696791,0.0,0.0,0.0,0.0,0
9138861830,9138849657,0.92767185,-0.030147247,-0.03987726,-0.37003514,0.0,0.0,0.0,0.0,0
9138871275,9138858340,0.92733747,-0.030761275,-0.04006068,-0.3708021,0.0,0.0,0.0,0.0,0
9138881637,9138868767,0.92677814,-0.032102667,-0.040494785,-0.37203753,0.0,0.0,0.0,0.0,0
9138893218,9138878664,0.9260725,-0.034477983,-0.04132528,-0.37348807,0.0,0.0,0.0,0.0,0
9138901619,9138889640,0.92553765,-0.036578286,-0.04207692,-0.3745285,0.0,0.0,0.0,0.0,0
9138912118,9138899116,0.92489284,-0.038984884,-0.042937182,-0.37577876,0.0,0.0,0.0,0.0,0
9138922552,9138909403,0.9244551,-0.040680803,-0.043578003,-0.37660173,0.0,0.0,0.0,0.0,0
9138933075,9138919834,0.9243383,-0.041382268,-0.04392732,-0.37677127,0.0,0.0,0.0,0.0,0
9138941589,9138929248,0.9245154,-0.0411832,-0.043926828,-0.3763583,0.0,0.0,0.0,0.0,0
9138951926,9138938991,0.9249444,-0.04028712,-0.04364161,-0.37543327,0.0,0.0,0.0,0.0,0
9138962520,9138949424,0.92561436,-0.038791515,-0.04316942,-0.37399176,0.0,0.0,0.0,0.0,0
9138972220,9138959764,0.92640746,-0.036938913,-0.04257543,-0.37227982,0.0,0.0,0.0,0.0,0
9138981667,9138969708,0.92719275,-0.03513279,-0.041992918,-0.37056157,0.0,0.0,0.0,0.0,0
9138992290,9138979198,0.92788476,-0.033620644,-0.041507494,-0.3690213,0.0,0.0,0.0,0.0,0
9139002863,9138989413,0.9283295,-0.03260346,-0.041177113,-0.36802948,0.0,0.0,0.0,0.0,0
9139012279,9138999327,0.92851937,-0.032159008,-0.041028086,-0.36760628,0.0,0.0,0.0,0.0,0
9139021739,9139009768,0.92853326,-0.03207119,-0.04099385,-0.3675827,0.0,0.0,0.0,0.0,0
9139032176,9139019248,0.92838746,-0.03232593,-0.041073333,-0.36791956,0.0,0.0,0.0,0.0,0
9139041652,9139029244,0.9280446,-0.032896206,-0.041236497,-0.36871487,0.0,0.0,0.0,0.0,0
9139052276,9139038911,0.92753273,-0.033938106,-0.04156192,-0.36987007,0.0,0.0,0.0,0.0,0
9139062743,9139049543,0.9270576,-0.03535365,-0.042070393,-0.37086993,0.0,0.0,0.0,0.0,0
9139073267,9139059822,0.9266955,-0.036977675,-0.042694997,-0.37154424,0.0,0.0,0.0,0.0,0
9139081657,9139069722,0.9264317,-0.038180817,-0.043154072,-0.37202716,0.0,0.0,0.0,0.0,0
9139092117,9139079147,0.9261419,-0.039339267,-0.04358695,-0.3725771,0.0,0.0,0.0,0.0,0
9139102489,9139089388,0.92596203,-0.040032774,-0.043860916,-0.37291825,0.0,0.0,0.0,0.0,0
9139112170,9139099562,0.92594534,-0.040208224,-0.04396073,-0.37292877,0.0,0.0,0.0,0.0,0
9139121588,9139109656,0.9260788,-0.040012393,-0.04392802,-0.37262243,0.0,0.0,0.0,0.0,0
9139132216,9139119082,0.92638326,-0.03951114,-0.04378507,-0.37193522,0.0,0.0,0.0,0.0,0
9139143828,9139129249,0.92688864,-0.038707715,-0.04354539,-0.37078714,0.0,0.0,0.0,0.0,0
9139152200,9139140017,0.9273338,-0.038097598,-0.043369632,-0.3697562,0.0,0.0,0.0,0.0,0
9139162707,9139149510,0.9279,-0.037480682,-0.04320851,-0.36841542,0.0,0.0,0.0,0.0,0
9139172732,9139160196,0.928412,-0.037023533,-0.043105002,-0.36718157,0.0,0.0,0.0,0.0,0
9139182157,9139169767,0.92884356,-0.036690343,-0.043034926,-0.36613035,0.0,0.0,0.0,0.0,0
9139191837,9139178665,0.92916876,-0.036452346,-0.042993896,-0.3653331,0.0,0.0,0.0,0.0,0
9139202309,9139189329,0.9293892,-0.03632527,-0.042982377,-0.36478576,0.0,0.0,0.0,0.0,0
9139213856,9139199768,0.9294614,-0.036437646,-0.04303185,-0.36458474,0.0,0.0,0.0,0.0,0
9139221792,9139210039,0.9294331,-0.036742933,-0.04316421,-0.36461082,0.0,0.0,0.0,0.0,0
9139232239,9139219300,0.92921287,-0.037473682,-0.04346459,-0.36506182,0.0,0.0,0.0,0.0,0
9139242790,9139229733,0.9287326,-0.038564842,-0.043847483,-0.3661229,0.0,0.0,0.0,0.0,0
9139253225,9139240068,0.92801094,-0.040123466,-0.044346225,-0.36772165,0.0,0.0,0.0,0.0,0
9139262661,9139249727,0.92714626,-0.042140536,-0.045009255,-0.36959177,0.0,0.0,0.0,0.0,0
9139272033,9139260137,0.9260636,-0.044973146,-0.0459339,-0.3718517,0.0,0.0,0.0,0.0,0
9139282673,9139269504,0.9246252,-0.049002912,-0.04740002,-0.37472683,0.0,0.0,0.0,0.0,0
9139292677,9139279967,0.92336595,-0.05268436,-0.049398623,-0.3770671,0.0,0.0,0.0,0.0,0
9139302171,9139289950,0.9226293,-0.055248793,-0.052036624,-0.37814683,0.0,0.0,0.0,0.0,0
9139312580,9139299653,0.922544,-0.056565784,-0.055670135,-0.3776424,0.0,0.0,0.0,0.0,0
9139324095,9139309681,0.92324424,-0.05646189,-0.05990579,-0.37529114,0.0,0.0,0.0,0.0,0
9139332489,9139320079,0.92415696,-0.05567208,-0.06243795,-0.3727413,0.0,0.0,0.0,0.0,0
9139341980,9139330004,0.9252802,-0.05457521,-0.06391048,-0.3698563,0.0,0.0,0.0,0.0,0
9139352465,9139339464,0.9262254,-0.053782843,-0.06359548,-0.367654,0.0,0.0,0.0,0.0,0
9139362943,9139349552,0.9267882,-0.05402013,-0.061174605,-0.3666104,0.0,0.0,0.0,0.0,0
9139372376,9139360454,0.92711514,-0.055528477,-0.056833204,-0.36625683,0.0,0.0,0.0,0.0,0
9139383005,9139369672,0.9277309,-0.0557563,-0.05241857,-0.36532032,0.0,0.0,0.0,0.0,0
9139394475,9139380297,0.928933,-0.05258817,-0.050338577,-0.36302054,0.0,0.0,0.0,0.0,0
9139401850,9139390273,0.9297204,-0.050257232,-0.049636133,-0.36142826,0.0,0.0,0.0,0.0,0
9139412354,9139399350,0.93045133,-0.048074912,-0.048831612,-0.35995078,0.0,0.0,0.0,0.0,0
9139423013,9139409819,0.930802,-0.046934962,-0.04836999,-0.3592566,0.0,0.0,0.0,0.0,0
9139432905,9139419991,0.93085986,-0.04673939,-0.048301246,-0.3591411,0.0,0.0,0.0,0.0,0
9139442695,9139429289,0.9307548,-0.047204234,-0.048488807,-0.35932735,0.0,0.0,0.0,0.0,0
9139452479,9139440092,0.93045163,-0.04815725,-0.048830472,-0.3599394,0.0,0.0,0.0,0.0,0
9139463929,9139449571,0.92984784,-0.049875077,-0.049418896,-0.36118323,0.0,0.0,0.0,0.0,0
9139472266,9139460430,0.9293996,-0.051515263,-0.050011385,-0.36202422,0.0,0.0,0.0,0.0,0
9139482541,9139469664,0.9289603,-0.05366987,-0.050840203,-0.36272267,0.0,0.0,0.0,0.0,0
9139493332,9139479992,0.9287345,-0.055645145,-0.05165652,-0.3628879,0.0,0.0,0.0,0.0,0
9139502883,9139490430,0.9286777,-0.05682189,-0.052200723,-0.362773,0.0,0.0,0.0,0.0,0
9139512406,9139499306,0.92880213,-0.057183407,-0.052460738,-0.3623597,0.0,0.0,0.0,0.0,0
9139523156,9139509836,0.9291299,-0.05676741,-0.0523949,-0.3615937,0.0,0.0,0.0,0.0,0
9139532633,9139520340,0.92957026,-0.05592266,-0.052123964,-0.36063138,0.0,0.0,0.0,0.0,0
9139542569,9139529915,0.930185,-0.05462075,-0.051699527,-0.35930437,0.0,0.0,0.0,0.0,0
9139553209,9139539828,0.9309217,-0.0529404,-0.051108763,-0.3577292,0.0,0.0,0.0,0.0,0
9139562679,9139550443,0.9314973,-0.051459104,-0.05053443,-0.35652635,0.0,0.0,0.0,0.0,0
9139574158,9139559942,0.9320323,-0.04987273,-0.049884945,-0.35544357,0.0,0.0,0.0,0.0,0
9139582689,9139570186,0.93232495,-0.048836228,-0.049426496,-0.35488358,0.0,0.0,0.0,0.0,0
9139593095,9139580136,0.93253624,-0.04774757,-0.048891023,-0.35455048,0.0,0.0,0.0,0.0,0
9139603527,9139590381,0.9326398,-0.04688252,-0.04843311,-0.35445657,0.0,0.0,0.0,0.0,0
9139612983,9139600574,0.9326306,-0.04631689,-0.048104554,-0.3545997,0.0,0.0,0.0,0.0,0
9139622477,9139610291,0.93260866,-0.045933224,-0.04786064,-0.35474023,0.0,0.0,0.0,0.0,0
9139632861,9139619929,0.9326194,-0.045698375,-0.04767378,-0.3547676,0.0,0.0,0.0,0.0,0
9139644452,9139629938,0.9326598,-0.045641407,-0.047540966,-0.35468653,0.0,0.0,0.0,0.0,0
9139652990,9139640632,0.93269706,-0.04569443,-0.047386408,-0.35460213,0.0,0.0,0.0,0.0,0
9139663655,9139650470,0.9326906,-0.045755204,-0.046691228,-0.3547035,0.0,0.0,0.0,0.0,0
9139672894,9139661127,0.93258595,-0.04570862,-0.045371972,-0.35515568,0.0,0.0,0.0,0.0,0
9139683385,9139670169,0.932345,-0.04548844,-0.04324211,-0.35608116,0.0,0.0,0.0,0.0,0
9139692785,9139680882,0.9320734,-0.045195896,-0.041297626,-0.35705906,0.0,0.0,0.0,0.0,0
9139703180,9139690267,0.9318274,-0.044963684,-0.039806623,-0.35789868,0.0,0.0,0.0,0.0,0
9139714683,9139700261,0.93173003,-0.044951078,-0.039457086,-0.35819238,0.0,0.0,0.0,0.0,0
9139723117,9139710910,0.9318152,-0.045069043,-0.04033032,-0.35785857,0.0,0.0,0.0,0.0,0
9139733808,9139720609,0.93211925,-0.04521499,-0.042768214,-0.3567634,0.0,0.0,0.0,0.0,0
9139743505,9139731064,0.93256056,-0.04522247,-0.04578081,-0.35523227,0.0,0.0,0.0,0.0,0
9139753951,9139740560,0.93291277,-0.04526743,-0.04743559,-0.35408264,0.0,0.0,0.0,0.0,0
9139763392,9139750397,0.93318975,-0.045455597,-0.04750691,-0.35331813,0.0,0.0,0.0,0.0,0
9139773844,9139760875,0.93372583,-0.04586042,-0.04786747,-0.35179773,0.0,0.0,0.0,0.0,0
9139784274,9139770908,0.9344485,-0.0464849,-0.048354205,-0.34972432,0.0,0.0,0.0,0.0,0
9139792654,9139780964,0.93516296,-0.04705452,-0.048840795,-0.34766474,0.0,0.0,0.0,0.0,0
9139803177,9139789982,0.936152,-0.047586396,-0.049513765,-0.34482372,0.0,0.0,0.0,0.0,0
9139813609,9139800648,0.93708634,-0.047713716,-0.05000017,-0.3421881,0.0,0.0,0.0,0.0,0
9139823722,9139810658,0.93786335,-0.047539413,-0.050218116,-0.34004506,0.0,0.0,0.0,0.0,0
9139833602,9139820076,0.9384876,-0.047484845,-0.05034813,-0.33830664,0.0,0.0,0.0,0.0,0
9139843179,9139830883,0.9389438,-0.04768905,-0.05030329,-0.337016,0.0,0.0,0.0,0.0,0
9139853580,9139840625,0.9392237,-0.048151672,-0.04953601,-0.33628353,0.0,0.0,0.0,0.0,0
9139862978,9139850843,0.93921465,-0.048818346,-0.047766898,-0.33646837,0.0,0.0,0.0,0.0,0
9139873467,9139860310,0.93887466,-0.04977893,-0.04456643,-0.3377134,0.0,0.0,0.0,0.0,0
9139883983,9139870987,0.9382697,-0.05079577,-0.040585063,-0.33973902,0.0,0.0,0.0,0.0,0
9139894665,9139881084,0.9375271,-0.05167742,-0.036416687,-0.34212014,0.0,0.0,0.0,0.0,0
9139903259,9139890862,0.9369542,-0.052022625,-0.033400454,-0.34394032,0.0,0.0,0.0,0.0,0
9139913380,9139900687,0.9364038,-0.05186154,-0.030782448,-0.34570315,0.0,0.0,0.0,0.0,0
9139923828,9139910859,0.93607575,-0.051194716,-0.029712576,-0.346783,0.0,0.0,0.0,0.0,0
9139933111,9139920923,0.9360055,-0.050307695,-0.03058178,-0.34702682,0.0,0.0,0.0,0.0,0
9139943634,9139930625,0.9361348,-0.048985828,-0.033429503,-0.34660423,0.0,0.0,0.0,0.0,0
9139954140,9139941126,0.93642426,-0.047310162,-0.037537094,-0.34563327,0.0,0.0,0.0,0.0,0
9139964597,9139951141,0.93684226,-0.04536154,-0.0422816,-0.3442112,0.0,0.0,0.0,0.0,0
9139972959,9139961297,0.93720156,-0.043727964,-0.04557763,-0.3430216,0.0,0.0,0.0,0.0,0
9139983426,9139970494,0.9374274,-0.042050008,-0.046880994,-0.34243807,0.0,0.0,0.0,0.0,0
9139993944,9139980919,0.937477,-0.04111558,-0.046334684,-0.3424905,0.0,0.0,0.0,0.0,0
9140003354,9139991258,0.93754053,-0.040831413,-0.046174865,-0.34237203,0.0,0.0,0.0,0.0,0
9140013523,9140000687,0.93761474,-0.040654004,-0.046129182,-0.34219572,0.0,0.0,0.0,0.0,0
9140023418,9140010965,0.93767875,-0.040379778,-0.04605931,-0.3420623,0.0,0.0,0.0,0.0,0
9140034964,9140020500,0.937745,-0.040060412,-0.045986112,-0.34192798,0.0,0.0,0.0,0.0,0
9140043664,9140031393,0.93777037,-0.03996856,-0.04597958,-0.34187,0.0,0.0,0.0,0.0,0
9140053327,9140040965,0.9377542,-0.039995406,-0.046034556,-0.34190384,0.0,0.0,0.0,0.0,0
9140063800,9140050641,0.9376915,-0.040092867,-0.046126384,-0.34205207,0.0,0.0,0.0,0.0,0
9140073992,9140061110,0.9375215,-0.04053584,-0.046325147,-0.34243864,0.0,0.0,0.0,0.0,0
9140083293,9140070610,0.9370789,-0.041649345,-0.046745453,-0.34345782,0.0,0.0,0.0,0.0,0
9140093775,9140080824,0.93622583,-0.04373146,-0.04750909,-0.34541535,0.0,0.0,0.0,0.0,0
9140103509,9140091108,0.9353409,-0.046135403,-0.048404325,-0.34737018,0.0,0.0,0.0,0.0,0
9140112953,9140100830,0.934573,-0.048605017,-0.049353946,-0.3489628,0.0,0.0,0.0,0.0,0
9140123631,9140110472,0.9339022,-0.051165175,-0.05037163,-0.35024512,0.0,0.0,0.0,0.0,0
9140134036,9140121139,0.9335207,-0.05308699,-0.05117904,-0.35085848,0.0,0.0,0.0,0.0,0
9140144886,9140131142,0.93342596,-0.054367613,-0.051783036,-0.35082558,0.0,0.0,0.0,0.0,0
9140153316,9140141082,0.93350005,-0.054853115,-0.052062944,-0.35051158,0.0,0.0,0.0,0.0,0
9140163949,9140150802,0.9336552,-0.054914307,-0.05213746,-0.3500773,0.0,0.0,0.0,0.0,0
9140174347,9140161408,0.93391824,-0.054442048,-0.051969144,-0.34947386,0.0,0.0,0.0,0.0,0
9140184475,9140171413,0.934321,-0.053404678,-0.051618606,-0.34860823,0.0,0.0,0.0,0.0,0
9140193703,9140181951,0.9348397,-0.051949255,-0.05111979,-0.34750926,0.0,0.0,0.0,0.0,0
9140204663,9140191167,0.93558395,-0.04974919,-0.050301183,-0.34594464,0.0,0.0,0.0,0.0,0
9140214727,9140201692,0.93620825,-0.047627028,-0.049425706,-0.34467807,0.0,0.0,0.0,0.0,0
9140223538,9140210835,0.9366225,-0.045971807,-0.048711065,-0.34387815,0.0,0.0,0.0,0.0,0
9140234111,9140220821,0.93697685,-0.04442038,-0.048017383,-0.3432139,0.0,0.0,0.0,0.0,0
9140244941,9140231585,0.93713564,-0.04352426,-0.0475662,-0.3429579,0.0,0.0,0.0,0.0,0
9140254402,9140242163,0.9370777,-0.043446258,-0.047453053,-0.34314147,0.0,0.0,0.0,0.0,0
9140264149,9140251562,0.9368714,-0.043830056,-0.047519725,-0.3436463,0.0,0.0,0.0,0.0,0
9140274677,9140261532,0.9364789,-0.04457144,-0.04763986,-0.34460273,0.0,0.0,0.0,0.0,0
9140285242,9140271703,0.93592155,-0.045642167,-0.047775954,-0.3459553,0.0,0.0,0.0,0.0,0
9140293751,9140281749,0.9354753,-0.046642892,-0.047848962,-0.34701702,0.0,0.0,0.0,0.0,0
9140303562,9140291026,0.93509275,-0.04780616,-0.047460474,-0.34794205,0.0,0.0,0.0,0.0,0
9140314032,9140301038,0.9348025,-0.04884381,-0.04590078,-0.3487861,0.0,0.0,0.0,0.0,0
9140324532,9140311300,0.9345217,-0.049461167,-0.042943876,-0.34982672,0.0,0.0,0.0,0.0,0
9140333962,9140320957,0.9341546,-0.0496512,-0.039129607,-0.35122466,0.0,0.0,0.0,0.0,0
9140344444,9140331480,0.9337187,-0.049610548,-0.0340249,-0.35291725,0.0,0.0,0.0,0.0,0
9140355865,9140341738,0.93330914,-0.04936539,-0.028293129,-0.35453713,0.0,0.0,0.0,0.0,0
9140363272,9140351900,0.93317676,-0.048966058,-0.02504841,-0.35518438,0.0,0.0,0.0,0.0,0
9140373750,9140360785,0.9332951,-0.047817968,-0.021722581,-0.3552492,0.0,0.0,0.0,0.0,0
9140384381,9140371248,0.9337729,-0.046140198,-0.020167248,-0.3543057,0.0,0.0,0.0,0.0,0
9140394847,9140381648,0.9345271,-0.04449328,-0.020631837,-0.35249677,0.0,0.0,0.0,0.0,0
9140404274,9140391560,0.9353622,-0.043215476,-0.02241256,-0.350325,0.0,0.0,0.0,0.0,0
9140414668,9140401742,0.9363259,-0.04223257,-0.025207873,-0.34767064,0.0,0.0,0.0,0.0,0
9140424086,9140411963,0.93709993,-0.041824117,-0.027838893,-0.34542644,0.0,0.0,0.0,0.0,0
9140433548,9140421147,0.937666,-0.041701797,-0.029811006,-0.34373674,0.0,0.0,0.0,0.0,0
9140444022,9140431012,0.9380032,-0.041707303,-0.030708475,-0.34273538,0.0,0.0,0.0,0.0,0
9140454409,9140441472,0.9380628,-0.041821685,-0.030192059,-0.34260425,0.0,0.0,0.0,0.0,0
9140465964,9140451648,0.93784726,-0.0419679,-0.028218647,-0.34334382,0.0,0.0,0.0,0.0,0
9140474417,9140461566,0.9375373,-0.04199628,-0.026186407,-0.3443465,0.0,0.0,0.0,0.0,0
9140483853,9140471690,0.93714756,-0.04196768,-0.023987327,-0.3455686,0.0,0.0,0.0,0.0,0
9140494869,9140481323,0.93671453,-0.041937687,-0.022058427,-0.34687284,0.0,0.0,0.0,0.0,0
9140504317,9140492175,0.9363806,-0.041890733,-0.021048937,-0.34784126,0.0,0.0,0.0,0.0,0
9140513662,9140501533,0.936076,-0.041740015,-0.020592531,-0.3487055,0.0,0.0,0.0,0.0,0
9140525307,9140511181,0.9357312,-0.04134248,-0.020630458,-0.34967452,0.0,0.0,0.0,0.0,0
9140536289,9140522120,0.9354513,-0.040691737,-0.021254983,-0.35046154,0.0,0.0,0.0,0.0,0
9140543817,9140532060,0.9352908,-0.04007765,-0.022000985,-0.35091436,0.0,0.0,0.0,0.0,0
9140554376,9140541290,0.9351131,-0.03918694,-0.023296624,-0.35140476,0.0,0.0,0.0,0.0,0
9140564745,9140551759,0.9349822,-0.038457002,-0.024592625,-0.35174513,0.0,0.0,0.0,0.0,0
9140574364,9140561976,0.93486184,-0.037943244,-0.025503667,-0.35205594,0.0,0.0,0.0,0.0,0
9140583808,9140571207,0.93471277,-0.037552938,-0.025860595,-0.3524669,0.0,0.0,0.0,0.0,0
9140594653,9140581303,0.93455523,-0.03722793,-0.025587464,-0.352939,0.0,0.0,0.0,0.0,0
9140606167,9140591749,0.93440914,-0.037043784,-0.02457274,-0.35341716,0.0,0.0,0.0,0.0,0
9140614584,9140602379,0.93440527,-0.037004143,-0.023287347,-0.35351825,0.0,0.0,0.0,0.0,0
9140624076,9140612101,0.93447775,-0.03710741,-0.021255627,-0.3534439,0.0,0.0,0.0,0.0,0
9140634598,9140621324,0.9346668,-0.03736973,-0.018402541,-0.35307634,0.0,0.0,0.0,0.0,0
9140644067,9140631850,0.9349358,-0.03762333,-0.015183746,-0.35248956,0.0,0.0,0.0,0.0,0
9140654476,9140641114,0.93532085,-0.037992593,-0.010688833,-0.3515924,0.0,0.0,0.0,0.0,0
9140664946,9140651946,0.93577975,-0.03854981,-0.004954702,-0.35043657,0.0,0.0,0.0,0.0,0
9140674346,9140662445,0.936202,-0.03899076,0.0014613908,-0.34929013,0.0,0.0,0.0,0.0,0
9140683769,9140671420,0.9365442,-0.039108235,0.00918715,-0.34824008,0.0,0.0,0.0,0.0,0
9140694701,9140681303,0.93678284,-0.038715143,0.019211883,-0.34723178,0.0,0.0,0.0,0.0,0
9140705202,9140692234,0.9368811,-0.03790772,0.029155336,-0.3463622,0.0,0.0,0.0,0.0,0
9140715744,9140702506,0.9368728,-0.0368636,0.03886439,-0.3455434,0.0,0.0,0.0,0.0,0
9140726154,9140712135,0.93676144,-0.03540087,0.047670607,-0.3448946,0.0,0.0,0.0,0.0,0
9140734572,9140721534,0.9365777,-0.0337826,0.053533718,-0.34469584,0.0,0.0,0.0,0.0,0
9140745133,9140732088,0.93649095,-0.031696726,0.058349162,-0.34434792,0.0,0.0,0.0,0.0,0
9140754520,9140742586,0.93658656,-0.030293552,0.059826035,-0.34396046,0.0,0.0,0.0,0.0,0
9140764939,9140751976,0.9369186,-0.029232768,0.05814292,-0.34343612,0.0,0.0,0.0,0.0,0
9140775367,9140762420,0.9375244,-0.028008075,0.05287093,-0.3427366,0.0,0.0,0.0,0.0,0
9140785896,9140772449,0.93835145,-0.026199663,0.044352036,-0.34182316,0.0,0.0,0.0,0.0,0
9140794253,9140782292,0.93909794,-0.02426812,0.03546989,-0.3409518,0.0,0.0,0.0,0.0,0
9140804877,9140791782,0.94005376,-0.021632094,0.022106536,-0.33962074,0.0,0.0,0.0,0.0,0
9140815311,9140802323,0.94094115,-0.019041073,0.007494402,-0.33795118,0.0,0.0,0.0,0.0,0
9140824790,9140812614,0.9417328,-0.016632002,-0.0063589932,-0.33589008,0.0,0.0,0.0,0.0,0
9140834252,9140822072,0.94230443,-0.01433387,-0.0199653,-0.33385378,0.0,0.0,0.0,0.0,0
9140844779,9140831769,0.9418809,-0.012230196,-0.028643966,-0.33450016,0.0,0.0,0.0,0.0,0
9140856194,9140841841,0.941192,-0.010695229,-0.02819518,-0.33652398,0.0,0.0,0.0,0.0,0
9140864657,9140852602,0.9407154,-0.010292878,-0.026511967,-0.33800265,0.0,0.0,0.0,0.0,0
9140875140,9140862151,0.94118196,-0.010237525,-0.026895998,-0.33667246,0.0,0.0,0.0,0.0,0
9140885670,9140872599,0.94193983,-0.010215642,-0.028874027,-0.33438203,0.0,0.0,0.0,0.0,0
9140895516,9140882897,0.9426321,-0.010027972,-0.03016251,-0.33231688,0.0,0.0,0.0,0.0,0
9140904924,9140892011,0.9431977,-0.009707398,-0.03017994,-0.33071607,0.0,0.0,0.0,0.0,0
9140915413,9140902243,0.94385695,-0.009300312,-0.030155933,-0.32884368,0.0,0.0,0.0,0.0,0
9140926835,9140912684,0.9447128,-0.009667338,-0.030498745,-0.32633427,0.0,0.0,0.0,0.0,0
9140935200,9140922657,0.9455117,-0.010964758,-0.031249776,-0.32389933,0.0,0.0,0.0,0.0,0
9140944648,9140932285,0.9465608,-0.013130619,-0.03250772,-0.32061422,0.0,0.0,0.0,0.0,0
9140955051,9140941564,0.9476698,-0.0155801065,-0.033932872,-0.3170612,0.0,0.0,0.0,0.0,0
9140965554,9140952352,0.9485033,-0.01785171,-0.035184454,-0.3143005,0.0,0.0,0.0,0.0,0
9140975049,9140962259,0.948833,-0.019629287,-0.036127802,-0.31309035,0.0,0.0,0.0,0.0,0
9140984528,9140972337,0.94875497,-0.020854715,-0.036804505,-0.31316856,0.0,0.0,0.0,0.0,0
9140994922,9140982038,0.94840866,-0.021453718,-0.037152078,-0.31413472,0.0,0.0,0.0,0.0,0
9141004501,9140992037,0.94803935,-0.02119796,-0.037033904,-0.31527856,0.0,0.0,0.0,0.0,0
9141014916,9141001965,0.9475298,-0.020062849,-0.036369752,-0.31695765,0.0,0.0,0.0,0.0,0
9141025334,9141012379,0.94681513,-0.018269928,-0.035278294,-0.31931642,0.0,0.0,0.0,0.0,0
9141035815,9141022624,0.94599164,-0.015898533,-0.03390418,-0.322021,0.0,0.0,0.0,0.0,0
9141045238,9141032540,0.9452544,-0.013205485,-0.032417305,-0.32445148,0.0,0.0,0.0,0.0,0
9141054941,9141042754,0.94464487,-0.009753961,-0.030626817,-0.32651645,0.0,0.0,0.0,0.0,0
9141065349,9141052411,0.9443185,-0.0049730907,-0.028283006,-0.32777733,0.0,0.0,0.0,0.0,0
9141074890,9141062653,0.94418263,0.0006628953,-0.025570828,-0.32842794,0.0,0.0,0.0,0.0,0
9141085401,9141072205,0.94396544,0.007598543,-0.022181083,-0.3292104,0.0,0.0,0.0,0.0,0
9141095767,9141082917,0.9437702,0.0140079195,-0.019055773,-0.32975537,0.0,0.0,0.0,0.0,0
9141106259,9141092886,0.9436293,0.019199029,-0.016552268,-0.33003208,0.0,0.0,0.0,0.0,0
9141114672,9141102977,0.94355476,0.021893673,-0.0152464295,-0.33014053,0.0,0.0,0.0,0.0,0
9141125167,9141111977,0.9436307,0.023179697,-0.014618954,-0.32986397,0.0,0.0,0.0,0.0,0
9141135647,9141122659,0.9439058,0.022931643,-0.014754796,-0.32908738,0.0,0.0,0.0,0.0,0
9141145172,9141132705,0.9444481,0.021802599,-0.015327111,-0.32757822,0.0,0.0,0.0,0.0,0
9141155683,9141142677,0.94543356,0.019707391,-0.0163963,-0.32480496,0.0,0.0,0.0,0.0,0
9141166041,9141152961,0.94664454,0.017163198,-0.017709946,-0.3213347,0.0,0.0,0.0,0.0,0
9141176510,9141163138,0.9478346,0.014503038,-0.019092612,-0.31785947,0.0,0.0,0.0,0.0,0
9141184974,9141173052,0.94860196,0.012388877,-0.020188298,-0.3155843,0.0,0.0,0.0,0.0,0
9141195271,9141182467,0.94925493,0.010210145,-0.021316828,-0.31361824,0.0,0.0,0.0,0.0,0
9141205707,9141192736,0.94971097,0.008948782,-0.02199689,-0.31222627,0.0,0.0,0.0,0.0,0
9141215163,9141202805,0.94997793,0.00870056,-0.02216678,-0.3114081,0.0,0.0,0.0,0.0,0
9141225716,9141211866,0.95016825,0.008963257,-0.022105549,-0.31082374,0.0,0.0,0.0,0.0,0
9141235123,9141223004,0.9503823,0.00957107,-0.021893606,-0.3101654,0.0,0.0,0.0,0.0,0
9141245640,9141232391,0.95082206,0.011038427,-0.021285076,-0.3088084,0.0,0.0,0.0,0.0,0
9141255033,9141242681,0.95139265,0.013114354,-0.020335987,-0.3070286,0.0,0.0,0.0,0.0,0
9141265547,9141252564,0.9521835,0.015908595,-0.019050334,-0.30451718,0.0,0.0,0.0,0.0,0
9141276272,9141263016,0.95296335,0.018560613,-0.017740233,-0.30199614,0.0,0.0,0.0,0.0,0
9141286104,9141273550,0.95349866,0.020409063,-0.016813893,-0.3002352,0.0,0.0,0.0,0.0,0
9141295533,9141283027,0.9539481,0.021861339,-0.016109582,-0.29873997,0.0,0.0,0.0,0.0,0
9141306111,9141293059,0.9545041,0.023425372,-0.015371674,-0.29687876,0.0,0.0,0.0,0.0,0
9141315494,9141303396,0.95501757,0.024733864,-0.014761889,-0.29514724,0.0,0.0,0.0,0.0,0
9141325043,9141312809,0.9555188,0.025556237,-0.014361807,-0.2934697,0.0,0.0,0.0,0.0,0
9141335349,9141322514,0.95601803,0.025771078,-0.014253279,-0.29182583,0.0,0.0,0.0,0.0,0
9141346164,9141332824,0.9564542,0.02569119,-0.014278709,-0.29039872,0.0,0.0,0.0,0.0,0
9141356660,9141343474,0.95661354,0.025587857,-0.014299889,-0.2898816,0.0,0.0,0.0,0.0,0
9141365039,9141353149,0.9564097,0.025749478,-0.014207808,-0.29054365,0.0,0.0,0.0,0.0,0
9141375469,9141362553,0.9556869,0.026488857,-0.013756987,-0.2928678,0.0,0.0,0.0,0.0,0
9141385923,9141372975,0.9545311,0.027090041,-0.013305153,-0.29658,0.0,0.0,0.0,0.0,0
9141395770,9141383232,0.95316523,0.027061574,-0.013183031,-0.30094853,0.0,0.0,0.0,0.0,0
9141405162,9141393064,0.9517966,0.026828093,-0.013244208,-0.30526704,0.0,0.0,0.0,0.0,0
9141415650,9141402687,0.9504137,0.026652444,-0.013289022,-0.3095591,0.0,0.0,0.0,0.0,0
9141427143,9141412777,0.94924474,0.026947608,-0.013141681,-0.31310633,0.0,0.0,0.0,0.0,0
9141435540,9141423546,0.94879246,0.027442615,-0.012947098,-0.31443962,0.0,0.0,0.0,0.0,0
9141446087,9141433063,0.9487355,0.027833413,-0.012655563,-0.3145891,0.0,0.0,0.0,0.0,0
9141456579,9141443579,0.9489717,0.027900172,-0.012544105,-0.3138742,0.0,0.0,0.0,0.0,0
9141465933,9141453621,0.94949293,0.027677972,-0.012808429,-0.31230283,0.0,0.0,0.0,0.0,0
9141475658,9141462670,0.95045334,0.027345762,-0.013189488,-0.3093814,0.0,0.0,0.0,0.0,0
9141486151,9141472933,0.9517583,0.027150413,-0.013401955,-0.30535156,0.0,0.0,0.0,0.0,0
9141497764,9141483277,0.953267,0.02700013,-0.01354495,-0.30061534,0.0,0.0,0.0,0.0,0
9141505276,9141493565,0.9541737,0.026872227,-0.013629806,-0.29773265,0.0,0.0,0.0,0.0,0
9141515873,9141502713,0.95522016,0.026736688,-0.013686767,-0.29436782,0.0,0.0,0.0,0.0,0
9141526496,9141513348,0.95586294,0.026703758,-0.0136455735,-0.29227883,0.0,0.0,0.0,0.0,0
9141537067,9141523724,0.9560426,0.026731906,-0.013578448,-0.291691,0.0,0.0,0.0,0.0,0
9141545723,9141533265,0.9559013,0.026879942,-0.013487515,-0.29214415,0.0,0.0,0.0,0.0,0
9141556251,9141543209,0.9554273,0.027250048,-0.013220381,-0.29366904,0.0,0.0,0.0,0.0,0
9141565795,9141553746,0.95461243,0.027200738,-0.013104455,-0.2963169,0.0,0.0,0.0,0.0,0
9141575335,9141563060,0.95321935,0.026320117,-0.01339029,-0.3008335,0.0,0.0,0.0,0.0,0
9141585789,9141572818,0.9511961,0.024870768,-0.013937348,-0.30726773,0.0,0.0,0.0,0.0,0
9141596261,9141583270,0.9491776,0.024036333,-0.014226268,-0.31349924,0.0,0.0,0.0,0.0,0
9141606827,9141593478,0.94737375,0.024492709,-0.013929201,-0.3188871,0.0,0.0,0.0,0.0,0
9141615199,9141602402,0.9461819,0.02551314,-0.013438999,-0.3223482,0.0,0.0,0.0,0.0,0
9141625660,9141612700,0.94509554,0.026708541,-0.012938244,-0.32544407,0.0,0.0,0.0,0.0,0
9141636102,9141623149,0.94448316,0.027252963,-0.01279266,-0.32717773,0.0,0.0,0.0,0.0,0
9141646784,9141633352,0.94425756,0.027350917,-0.012846319,-0.32781804,0.0,0.0,0.0,0.0,0
9141656199,9141644274,0.9442865,0.027369358,-0.012874317,-0.3277319,0.0,0.0,0.0,0.0,0
9141666661,9141653510,0.9444062,0.02739024,-0.012864617,-0.32738528,0.0,0.0,0.0,0.0,0
9141677115,9141663708,0.94453126,0.027401274,-0.012840027,-0.32702455,0.0,0.0,0.0,0.0,0
9141685450,9141673814,0.94464374,0.02741411,-0.012832719,-0.3266986,0.0,0.0,0.0,0.0,0
9141695928,9141682982,0.9449276,0.027329238,-0.012909018,-0.32588083,0.0,0.0,0.0,0.0,0
9141706317,9141693406,0.94561285,0.026936004,-0.013174418,-0.32390925,0.0,0.0,0.0,0.0,0
9141716891,9141703612,0.9467561,0.026326174,-0.013540148,-0.3205877,0.0,0.0,0.0,0.0,0
9141726161,9141714122,0.94789535,0.025977334,-0.013750348,-0.31722343,0.0,0.0,0.0,0.0,0
9141736780,9141723688,0.949076,0.026052825,-0.013758304,-0.31366643,0.0,0.0,0.0,0.0,0
9141747272,9141734017,0.9499171,0.02644651,-0.01354321,-0.31108642,0.0,0.0,0.0,0.0,0
9141755511,9141744158,0.95021117,0.026753396,-0.013367862,-0.31016836,0.0,0.0,0.0,0.0,0
9141766001,9141753034,0.9502011,0.027045207,-0.013222348,-0.31017998,0.0,0.0,0.0,0.0,0
9141776441,9141763504,0.94996244,0.027321612,-0.013068351,-0.31089234,0.0,0.0,0.0,0.0,0
9141786205,9141773726,0.94950527,0.027262947,-0.013001302,-0.31229377,0.0,0.0,0.0,0.0,0
9141795686,9141782732,0.94854945,0.026243681,-0.01331433,-0.31525874,0.0,0.0,0.0,0.0,0
9141806208,9141793193,0.9467736,0.02376592,-0.014287284,-0.32070366,0.0,0.0,0.0,0.0,0
9141816880,9141803713,0.9446085,0.020685663,-0.015601993,-0.32717505,0.0,0.0,0.0,0.0,0
9141827173,9141813857,0.9426854,0.018047389,-0.016786465,-0.3327714,0.0,0.0,0.0,0.0,0
9141836503,9141823827,0.94138813,0.015929515,-0.017758869,-0.3364807,0.0,0.0,0.0,0.0,0
9141846983,9141833634,0.94055074,0.013395625,-0.018960182,-0.33885908,0.0,0.0,0.0,0.0,0
9141857518,9141844318,0.94036525,0.011215484,-0.020043252,-0.33939034,0.0,0.0,0.0,0.0,0
9141865878,9141853903,0.94061786,0.010329548,-0.020498306,-0.3386905,0.0,0.0,0.0,0.0,0
9141876348,9141863381,0.94127786,0.0097636795,-0.020840906,-0.33684775,0.0,0.0,0.0,0.0,0
9141886744,9141873832,0.9422162,0.009452276,-0.021133775,-0.33420458,0.0,0.0,0.0,0.0,0
9141896246,9141883833,0.94326997,0.009617259,-0.021191675,-0.33121005,0.0,0.0,0.0,0.0,0
9141906732,9141893529,0.944462,0.01032094,-0.020971678,-0.32778826,0.0,0.0,0.0,0.0,0
9141916466,9141904256,0.94540393,0.011229511,-0.020600418,-0.32505512,0.0,0.0,0.0,0.0,0
9141927909,9141913730,0.94617796,0.012359637,-0.020084374,-0.32278657,0.0,0.0,0.0,0.0,0
9141936275,9141924115,0.9464917,0.013080531,-0.019742845,-0.32185805,0.0,0.0,0.0,0.0,0
9141946799,9141933807,0.9466432,0.01362014,-0.019470364,-0.32140657,0.0,0.0,0.0,0.0,0
9141957171,9141944297,0.94665194,0.013678672,-0.019445814,-0.32137972,0.0,0.0,0.0,0.0,0
9141966682,9141954464,0.9466106,0.013205633,-0.01966292,-0.321508,0.0,0.0,0.0,0.0,0
9141976095,9141964145,0.9462893,0.011440346,-0.020383608,-0.32247502,0.0,0.0,0.0,0.0,0
9141986699,9141973559,0.9454058,0.0071300045,-0.022377016,-0.32504833,0.0,0.0,0.0,0.0,0
9141998105,9141983760,0.9444456,0.00010438239,-0.02554606,-0.32767344,0.0,0.0,0.0,0.0,0
9142006582,9141994533,0.9440359,-0.005467984,-0.02818333,-0.32859117,0.0,0.0,0.0,0.0,0
9142017176,9142003884,0.9440502,-0.011124652,-0.030945906,-0.32815847,0.0,0.0,0.0,0.0,0
9142027424,9142014393,0.9443946,-0.0149798095,-0.032941956,-0.3268169,0.0,0.0,0.0,0.0,0
9142036943,9142024516,0.94499993,-0.017420206,-0.034378164,-0.32479215,0.0,0.0,0.0,0.0,0
9142046466,9142033466,0.94563055,-0.018822411,-0.03540371,-0.32276183,0.0,0.0,0.0,0.0,0
9142056915,9142043711,0.9461242,-0.019142339,-0.035824552,-0.32124618,0.0,0.0,0.0,0.0,0
9142068762,9142054202,0.9466468,-0.018035192,-0.035427365,-0.3198117,0.0,0.0,0.0,0.0,0
9142076639,9142064890,0.9472657,-0.016360909,-0.034772076,-0.3181368,0.0,0.0,0.0,0.0,0
9142086751,9142074140,0.94854,-0.013150964,-0.033505023,-0.31460533,0.0,0.0,0.0,0.0,0
9142097183,9142084232,0.9500632,-0.009306673,-0.031862665,-0.31028724,0.0,0.0,0.0,0.0,0
9142107767,9142094494,0.95142585,-0.0058979155,-0.030410197,-0.30631572,0.0,0.0,0.0,0.0,0
9142116164,9142104159,0.9523506,-0.004024785,-0.029596938,-0.3035395,0.0,0.0,0.0,0.0,0
9142126673,9142113662,0.9531984,-0.0030519778,-0.02908771,-0.3009276,0.0,0.0,0.0,0.0,0
9142137085,9142124160,0.95362014,-0.0032215377,-0.029127354,-0.29958302,0.0,0.0,0.0,0.0,0
9142146578,9142134376,0.9538935,-0.0038832999,-0.029497493,-0.29866707,0.0,0.0,0.0,0.0,0
9142157413,9142144095,0.9540665,-0.005038625,-0.03012438,-0.298034,0.0,0.0,0.0,0.0,0
9142167293,9142154905,0.9539759,-0.0065761213,-0.030903015,-0.29821417,0.0,0.0,0.0,0.0,0
9142178481,9142164370,0.95356935,-0.008472723,-0.031915706,-0.29935786,0.0,0.0,0.0,0.0,0
9142186914,9142174307,0.95323294,-0.009432441,-0.03242553,-0.30034402,0.0,0.0,0.0,0.0,0
9142197318,9142184412,0.9529623,-0.009656989,-0.032541256,-0.3011823,0.0,0.0,0.0,0.0,0
9142206836,9142194625,0.9528277,-0.009186348,-0.032313388,-0.301647,0.0,0.0,0.0,0.0,0
9142217329,9142203931,0.95270455,-0.0082861865,-0.03184477,-0.3021115,0.0,0.0,0.0,0.0,0
9142227197,9142214813,0.95264214,-0.0069235153,-0.0311539,-0.3024145,0.0,0.0,0.0,0.0,0
9142237897,9142224658,0.95275277,-0.0043719765,-0.02986849,-0.302243,0.0,0.0,0.0,0.0,0
9142248357,9142234951,0.95301,-0.00069534936,-0.02798287,-0.30164284,0.0,0.0,0.0,0.0,0
9142256748,9142244752,0.953189,0.0030746341,-0.026009293,-0.3012387,0.0,0.0,0.0,0.0,0
9142267208,9142254228,0.9534171,0.0086075645,-0.023139866,-0.30064285,0.0,0.0,0.0,0.0,0
9142277339,9142264464,0.9537059,0.013197107,-0.02076608,-0.29973277,0.0,0.0,0.0,0.0,0
9142287848,9142274379,0.95379233,0.015231728,-0.019688835,-0.29943368,0.0,0.0,0.0,0.0,0
9142297336,9142285373,0.9537803,0.015051464,-0.01976354,-0.29947633,0.0,0.0,0.0,0.0,0
9142307794,9142294658,0.95380676,0.013647857,-0.020441746,-0.2994135,0.0,0.0,0.0,0.0,0
9142318408,9142304859,0.9536334,0.010392848,-0.022001373,-0.29998526,0.0,0.0,0.0,0.0,0
9142326969,9142315040,0.9533381,0.006159511,-0.024181683,-0.30087185,0.0,0.0,0.0,0.0,0
9142337398,9142324251,0.95291615,-0.00069324597,-0.027765434,-0.30195925,0.0,0.0,0.0,0.0,0
9142347949,9142334901,0.95243907,-0.008432827,-0.03162872,-0.3029661,0.0,0.0,0.0,0.0,0
9142358426,9142345189,0.95212173,-0.015166348,-0.03500502,-0.30332977,0.0,0.0,0.0,0.0,0
9142366816,9142354592,0.9521238,-0.018998573,-0.037062153,-0.30286247,0.0,0.0,0.0,0.0,0
9142377714,9142364122,0.95238006,-0.021854034,-0.038746748,-0.3016512,0.0,0.0,0.0,0.0,0
9142387137,9142375029,0.95262647,-0.022811085,-0.039406586,-0.3007152,0.0,0.0,0.0,0.0,0
9142396581,9142384223,0.9528135,-0.022600248,-0.039320722,-0.30014947,0.0,0.0,0.0,0.0,0
9142407234,9142394108,0.9531055,-0.020733386,-0.038472485,-0.2994663,0.0,0.0,0.0,0.0,0
9142417595,9142404695,0.9536022,-0.017803399,-0.03711751,-0.29824218,0.0,0.0,0.0,0.0,0
9142427464,9142414884,0.9541377,-0.01446973,-0.03550901,-0.29690245,0.0,0.0,0.0,0.0,0
9142437439,9142423951,0.9547448,-0.010361978,-0.033504732,-0.29535154,0.0,0.0,0.0,0.0,0
9142447041,9142434931,0.9555013,-0.005825042,-0.031262334,-0.2932679,0.0,0.0,0.0,0.0,0
9142457390,9142444514,0.9562797,-0.0010377711,-0.02881325,-0.29102916,0.0,0.0,0.0,0.0,0
9142466888,9142454715,0.9568502,0.0024962106,-0.026971597,-0.28931683,0.0,0.0,0.0,0.0,0
9142477337,9142464175,0.9574288,0.005107363,-0.025615884,-0.28748536,0.0,0.0,0.0,0.0,0
9142487968,9142474839,0.9578422,0.0063326745,-0.024930362,-0.28614125,0.0,0.0,0.0,0.0,0
9142498524,9142484991,0.9580363,0.0064133415,-0.024849877,-0.2854957,0.0,0.0,0.0,0.0,0
9142507045,9142494967,0.9580872,0.0059830258,-0.025070786,-0.2853149,0.0,0.0,0.0,0.0,0
9142517709,9142504513,0.9579289,0.0045952997,-0.025732359,-0.28581288,0.0,0.0,0.0,0.0,0
9142528324,9142515128,0.9571941,0.0015541748,-0.027146338,-0.28816673,0.0,0.0,0.0,0.0,0
9142538546,9142525362,0.9559188,-0.0027729233,-0.02925354,-0.29215732,0.0,0.0,0.0,0.0,0
9142547676,9142535820,0.9545383,-0.007569489,-0.03149296,-0.2963233,0.0,0.0,0.0,0.0,0
9142558302,9142545173,0.95282,-0.013640406,-0.034170605,-0.3012979,0.0,0.0,0.0,0.0,0
9142568747,9142555282,0.95122015,-0.018762346,-0.03650272,-0.30577093,0.0,0.0,0.0,0.0,0
9142577088,9142565205,0.950341,-0.021396289,-0.037762463,-0.30816895,0.0,0.0,0.0,0.0,0
9142587617,9142574528,0.9499154,-0.022689696,-0.038456537,-0.3093012,0.0,0.0,0.0,0.0,0
9142597994,9142585084,0.94998825,-0.022373775,-0.038456805,-0.30910015,0.0,0.0,0.0,0.0,0
9142608700,9142595293,0.950214,-0.021166133,-0.038069934,-0.30853876,0.0,0.0,0.0,0.0,0
9142617909,9142604540,0.9504062,-0.019822229,-0.037511457,-0.30810416,0.0,0.0,0.0,0.0,0
9142627282,9142615244,0.9506721,-0.017972995,-0.036640663,-0.3075012,0.0,0.0,0.0,0.0,0
9142638763,9142624417,0.9511412,-0.014868746,-0.035117377,-0.30639213,0.0,0.0,0.0,0.0,0
9142647335,9142635497,0.9516374,-0.011899187,-0.033690426,-0.3051387,0.0,0.0,0.0,0.0,0
9142657912,9142644833,0.9524732,-0.007689877,-0.031689547,-0.3028721,0.0,0.0,0.0,0.0,0
9142668302,9142655381,0.95362014,-0.002959702,-0.029448545,-0.29955408,0.0,0.0,0.0,0.0,0
9142678745,9142665577,0.955076,0.002054228,-0.027080834,-0.2951139,0.0,0.0,0.0,0.0,0
9142687384,9142675165,0.9563092,0.005594508,-0.025373645,-0.2912004,0.0,0.0,0.0,0.0,0
9142700961,9142684900,0.9577346,0.008657666,-0.02382997,-0.28653413,0.0,0.0,0.0,0.0,0
9142709301,9142697843,0.9581927,0.008801239,-0.023717867,-0.2850033,0.0,0.0,0.0,0.0,0
9142717700,9142705090,0.95849013,0.007988113,-0.024142386,-0.2839894,0.0,0.0,0.0,0.0,0
9142728163,9142715023,0.95886934,0.0067067277,-0.0248621,-0.28267717,0.0,0.0,0.0,0.0,0
9142737656,9142725656,0.9589958,0.005368599,-0.025558895,-0.28221434,0.0,0.0,0.0,0.0,0
9142748836,9142734900,0.9585079,0.0029598188,-0.02670668,-0.28379682,0.0,0.0,0.0,0.0,0
9142757200,9142745211,0.9577498,0.00071862765,-0.02777881,-0.2862572,0.0,0.0,0.0,0.0,0
9142767638,9142754719,0.95673233,-0.0019198599,-0.029007295,-0.2895138,0.0,0.0,0.0,0.0,0
9142778072,9142765149,0.95573443,-0.0040456234,-0.029984418,-0.292671,0.0,0.0,0.0,0.0,0
9142787537,9142775181,0.95486385,-0.0053746807,-0.030585647,-0.295416,0.0,0.0,0.0,0.0,0
9142798028,9142785042,0.95411265,-0.0062370067,-0.030974163,-0.2977765,0.0,0.0,0.0,0.0,0
9142808714,9142795532,0.9537087,-0.006534328,-0.031170543,-0.29904103,0.0,0.0,0.0,0.0,0
9142819159,9142805528,0.953645,-0.0063657826,-0.031196402,-0.2992448,0.0,0.0,0.0,0.0,0
9142827766,9142815531,0.9537394,-0.0061018304,-0.031082477,-0.298961,0.0,0.0,0.0,0.0,0
9142838166,9142825222,0.9540059,-0.0055738804,-0.03084986,-0.2981442,0.0,0.0,0.0,0.0,0
9142848658,9142835476,0.95428425,-0.004710973,-0.03049057,-0.29730412,0.0,0.0,0.0,0.0,0
9142858106,9142845708,0.95470387,-0.003551277,-0.02999115,-0.29602075,0.0,0.0,0.0,0.0,0
9142867484,9142855411,0.9551983,-0.0020672362,-0.029310014,-0.2945046,0.0,0.0,0.0,0.0,0
9142877978,9142864811,0.95575017,-7.846547e-05,-0.028360661,-0.29280934,0.0,0.0,0.0,0.0,0
9142889467,9142875273,0.9562571,0.0019031415,-0.027397523,-0.29123586,0.0,0.0,0.0,0.0,0
9142897872,9142885876,0.956488,0.0026153622,-0.027045958,-0.2905036,0.0,0.0,0.0,0.0,0
9142908741,9142895382,0.9566582,0.0024355184,-0.027144589,-0.28993532,0.0,0.0,0.0,0.0,0
9142918733,9142905987,0.9568628,0.0014538023,-0.027682433,-0.2892148,0.0,0.0,0.0,0.0,0
9142928189,9142916016,0.9572103,-4.7453454e-05,-0.028550213,-0.28798175,0.0,0.0,0.0,0.0,0
9142937618,9142924570,0.95754325,-0.002560102,-0.02994682,-0.28671888,0.0,0.0,0.0,0.0,0
9142948140,9142935103,0.9576292,-0.007245367,-0.032456245,-0.28607747,0.0,0.0,0.0,0.0,0
9142958566,9142945605,0.9574283,-0.012905826,-0.03550146,-0.28618926,0.0,0.0,0.0,0.0,0
9142968063,9142955827,0.9571491,-0.017614972,-0.03802449,-0.28654742,0.0,0.0,0.0,0.0,0
9142978462,9142965489,0.9568785,-0.021526793,-0.040059548,-0.2869066,0.0,0.0,0.0,0.0,0
9142988889,9142975951,0.9564615,-0.023653505,-0.041129135,-0.28797653,0.0,0.0,0.0,0.0,0
9142999503,9142985951,0.9559955,-0.023696115,-0.04117178,-0.28950998,0.0,0.0,0.0,0.0,0
9143007973,9142995671,0.9557787,-0.022337765,-0.040472098,-0.29043108,0.0,0.0,0.0,0.0,0
9143018425,9143005443,0.95580435,-0.019407816,-0.03891386,-0.29076996,0.0,0.0,0.0,0.0,0
9143028800,9143015893,0.95619047,-0.015300961,-0.03679397,-0.29002073,0.0,0.0,0.0,0.0,0
9143038201,9143026080,0.9568471,-0.010544976,-0.034388464,-0.28835732,0.0,0.0,0.0,0.0,0
9143047645,9143035730,0.95775163,-0.0051950505,-0.03168476,-0.28579885,0.0,0.0,0.0,0.0,0
9143059100,9143044960,0.95904046,0.0013258128,-0.028370995,-0.28184167,0.0,0.0,0.0,0.0,0
9143069616,9143056167,0.9601255,0.0061850976,-0.025837881,-0.27830428,0.0,0.0,0.0,0.0,0
9143078206,9143066002,0.9607282,0.008404678,-0.024636721,-0.27626744,0.0,0.0,0.0,0.0,0
9143087855,9143075682,0.9610923,0.009179225,-0.024176436,-0.2750146,0.0,0.0,0.0,0.0,0
9143098255,9143085357,0.96127325,0.00913034,-0.024164058,-0.27438366,0.0,0.0,0.0,0.0,0
9143108803,9143095359,0.9613574,0.008807347,-0.024324276,-0.2740855,0.0,0.0,0.0,0.0,0
9143118176,9143106068,0.96133214,0.008287143,-0.024600659,-0.2741654,0.0,0.0,0.0,0.0,0
9143128649,9143115693,0.9610842,0.0068628243,-0.025311997,-0.27500796,0.0,0.0,0.0,0.0,0
9143140233,9143125709,0.9605675,0.0042310264,-0.026665345,-0.2767332,0.0,0.0,0.0,0.0,0
9143148601,9143136348,0.9602521,0.0020946972,-0.02784138,-0.27773413,0.0,0.0,0.0,0.0,0
9143158002,9143145883,0.9601142,-0.0002693377,-0.02918079,-0.27808145,0.0,0.0,0.0,0.0,0
9143168631,9143155519,0.96016884,-0.002097669,-0.03023771,-0.27777168,0.0,0.0,0.0,0.0,0
9143179086,9143165668,0.9603739,-0.0025606148,-0.030524986,-0.27702644,0.0,0.0,0.0,0.0,0
9143188424,9143175428,0.9605864,-0.0024001398,-0.030467726,-0.27629656,0.0,0.0,0.0,0.0,0
9143198868,9143185952,0.96083665,-0.0019301074,-0.030288603,-0.2754486,0.0,0.0,0.0,0.0,0
9143208318,9143195967,0.96109545,-0.0012306029,-0.029971922,-0.27458277,0.0,0.0,0.0,0.0,0
9143217789,9143205584,0.9613314,-0.00031553785,-0.029514462,-0.2738078,0.0,0.0,0.0,0.0,0
9143228125,9143215106,0.9614944,0.0009637265,-0.02885172,-0.27330416,0.0,0.0,0.0,0.0,0
9143238363,9143225593,0.9615434,0.0027498351,-0.02787567,-0.27322108,0.0,0.0,0.0,0.0,0
9143248598,9143235645,0.9615018,0.005411718,-0.026384845,-0.27347577,0.0,0.0,0.0,0.0,0
9143258885,9143245234,0.9613961,0.008955621,-0.024390405,-0.27393848,0.0,0.0,0.0,0.0,0
9143268255,9143256385,0.9612103,0.012390247,-0.022444276,-0.27462223,0.0,0.0,0.0,0.0,0
9143278749,9143265538,0.9608331,0.015925262,-0.020420281,-0.27591515,0.0,0.0,0.0,0.0,0
9143289359,9143276227,0.9602104,0.018957997,-0.018674485,-0.2780072,0.0,0.0,0.0,0.0,0
9143298773,9143286870,0.9594628,0.020758925,-0.01757079,-0.2805199,0.0,0.0,0.0,0.0,0
9143309198,9143296301,0.958436,0.021445535,-0.017021358,-0.2839908,0.0,0.0,0.0,0.0,0
9143319658,9143306506,0.9571689,0.021008028,-0.017140277,-0.28825784,0.0,0.0,0.0,0.0,0
9143328264,9143316200,0.95600665,0.019938057,-0.017629273,-0.29213536,0.0,0.0,0.0,0.0,0
9143338618,9143325691,0.954579,0.018006042,-0.018533148,-0.2968353,0.0,0.0,0.0,0.0,0
9143349077,9143335898,0.95322615,0.015714832,-0.019600604,-0.30121213,0.0,0.0,0.0,0.0,0
9143358547,9143346342,0.9522658,0.013796788,-0.020497888,-0.3042688,0.0,0.0,0.0,0.0,0
9143368979,9143355821,0.9518297,0.012402279,-0.021218747,-0.30564064,0.0,0.0,0.0,0.0,0
9143379338,9143366457,0.9520814,0.011866142,-0.021630796,-0.30484822,0.0,0.0,0.0,0.0,0
9143389942,9143376444,0.95257133,0.01192294,-0.021766203,-0.30330154,0.0,0.0,0.0,0.0,0
9143398262,9143386389,0.9529305,0.012293437,-0.021628171,-0.30216652,0.0,0.0,0.0,0.0,0
9143408770,9143395777,0.9536517,0.013120672,-0.021322712,-0.29986972,0.0,0.0,0.0,0.0,0
9143419518,9143406229,0.9547188,0.014211642,-0.020922983,-0.29643247,0.0,0.0,0.0,0.0,0
9143429144,9143416788,0.9558863,0.015336173,-0.02049415,-0.29261965,0.0,0.0,0.0,0.0,0
9143438433,9143426546,0.9570479,0.016522998,-0.019986473,-0.2887678,0.0,0.0,0.0,0.0,0
9143448910,9143435934,0.95830643,0.018152101,-0.019219922,-0.28451726,0.0,0.0,0.0,0.0,0
9143460357,9143445973,0.9596903,0.020642202,-0.01801894,-0.27972102,0.0,0.0,0.0,0.0,0
9143468797,9143456768,0.9606102,0.022760525,-0.016934076,-0.2764478,0.0,0.0,0.0,0.0,0
9143479292,9143466278,0.96144307,0.025479775,-0.0155071365,-0.27338192,0.0,0.0,0.0,0.0,0
9143489673,9143476523,0.96193415,0.028050132,-0.014114096,-0.27147114,0.0,0.0,0.0,0.0,0
9143500394,9143486947,0.9621241,0.029473914,-0.013257191,-0.27068937,0.0,0.0,0.0,0.0,0
9143508867,9143496550,0.9621646,0.029514937,-0.013229616,-0.2705428,0.0,0.0,0.0,0.0,0
9143519588,9143506157,0.9622002,0.02929261,-0.013443071,-0.27042934,0.0,0.0,0.0,0.0,0
9143529253,9143517063,0.96210796,0.028945632,-0.0136226155,-0.2707859,0.0,0.0,0.0,0.0,0
9143538901,9143526448,0.9615556,0.027860409,-0.014069535,-0.27283108,0.0,0.0,0.0,0.0,0
9143549456,9143536162,0.96040493,0.025833562,-0.014972697,-0.27700356,0.0,0.0,0.0,0.0,0
9143559829,9143546942,0.9590692,0.023547914,-0.01602064,-0.28173617,0.0,0.0,0.0,0.0,0
9143570321,9143557090,0.9577748,0.02121886,-0.017118715,-0.2862238,0.0,0.0,0.0,0.0,0
9143578683,9143566485,0.95693797,0.019531561,-0.017931947,-0.2890792,0.0,0.0,0.0,0.0,0
9143589277,9143576181,0.9563695,0.018131647,-0.018690258,-0.29099688,0.0,0.0,0.0,0.0,0
9143599717,9143586563,0.95638335,0.01794344,-0.018965362,-0.29094556,0.0,0.0,0.0,0.0,0
9143609172,9143596814,0.95674455,0.01855692,-0.01869806,-0.28973454,0.0,0.0,0.0,0.0,0
9143618630,9143606472,0.95738214,0.019751364,-0.018156376,-0.2875755,0.0,0.0,0.0,0.0,0
9143629659,9143616130,0.95854986,0.021838382,-0.017227752,-0.2835639,0.0,0.0,0.0,0.0,0
9143640299,9143626687,0.9600728,0.02453456,-0.015978504,-0.2782141,0.0,0.0,0.0,0.0,0
9143648747,9143636809,0.96139765,0.0270153,-0.014756882,-0.27343532,0.0,0.0,0.0,0.0,0
9143659200,9143646234,0.9625513,0.029417126,-0.013142333,-0.26917848,0.0,0.0,0.0,0.0,0
9143669593,9143656663,0.96302927,0.030501021,-0.011959655,-0.2673975,0.0,0.0,0.0,0.0,0
9143679319,9143666679,0.9632481,0.03082227,-0.011557766,-0.26658887,0.0,0.0,0.0,0.0,0
9143688677,9143676715,0.963453,0.030860376,-0.011524149,-0.26584408,0.0,0.0,0.0,0.0,0
9143700088,9143686159,0.96366805,0.030765695,-0.011604759,-0.2650713,0.0,0.0,0.0,0.0,0
9143710571,9143696997,0.96383417,0.030588707,-0.01176053,-0.26448017,0.0,0.0,0.0,0.0,0
9143718958,9143707007,0.96394265,0.030348212,-0.012015201,-0.26410076,0.0,0.0,0.0,0.0,0
9143729613,9143716497,0.9640479,0.029884618,-0.012566174,-0.26374376,0.0,0.0,0.0,0.0,0
9143739940,9143726811,0.96407396,0.029307265,-0.013162561,-0.26368412,0.0,0.0,0.0,0.0,0
9143749375,9143737186,0.96374154,0.028177196,-0.013779031,-0.2649879,0.0,0.0,0.0,0.0,0
9143758763,9143746268,0.9628707,0.026259968,-0.014689445,-0.268281,0.0,0.0,0.0,0.0,0
9143769256,9143756297,0.9616795,0.023957506,-0.015811287,-0.27266958,0.0,0.0,0.0,0.0,0
9143780770,9143766549,0.9606265,0.02205591,-0.016828896,-0.27645457,0.0,0.0,0.0,0.0,0
9143789097,9143777124,0.9603369,0.021507224,-0.017225526,-0.27747747,0.0,0.0,0.0,0.0,0
9143799503,9143786410,0.960555,0.021692641,-0.017225597,-0.27670696,0.0,0.0,0.0,0.0,0
9143810025,9143797029,0.9611669,0.022602592,-0.016805641,-0.27452683,0.0,0.0,0.0,0.0,0
9143820509,9143807330,0.9621057,0.024379289,-0.016012223,-0.27111238,0.0,0.0,0.0,0.0,0
9143828920,9143816931,0.963144,0.026196066,-0.015159677,-0.2672781,0.0,0.0,0.0,0.0,0
9143839518,9143826421,0.9643824,0.028415548,-0.014012873,-0.2626078,0.0,0.0,0.0,0.0,0
9143849909,9143836943,0.96514326,0.029932607,-0.01278579,-0.25969055,0.0,0.0,0.0,0.0,0
9143859294,9143846999,0.96548265,0.030684013,-0.011897419,-0.2583803,0.0,0.0,0.0,0.0,0
9143869884,9143856635,0.9657276,0.031102056,-0.011473728,-0.2574318,0.0,0.0,0.0,0.0,0
9143880235,9143867160,0.9659075,0.03129642,-0.011336766,-0.25673863,0.0,0.0,0.0,0.0,0
9143890712,9143877301,0.9660568,0.031424515,-0.011261791,-0.25616375,0.0,0.0,0.0,0.0,0
9143899028,9143886921,0.96614695,0.03144409,-0.011270481,-0.25582102,0.0,0.0,0.0,0.0,0
9143909569,9143896363,0.96621895,0.03129624,-0.011389392,-0.25556162,0.0,0.0,0.0,0.0,0
9143919932,9143906809,0.96626085,0.0310525,-0.01158172,-0.2554244,0.0,0.0,0.0,0.0,0
9143929378,9143916993,0.9662784,0.030754108,-0.011861557,-0.2553816,0.0,0.0,0.0,0.0,0
9143939928,9143926663,0.9659766,0.029660838,-0.012849956,-0.25660178,0.0,0.0,0.0,0.0,0
9143950316,9143937382,0.9649086,0.027087044,-0.014444139,-0.26078543,0.0,0.0,0.0,0.0,0
9143960963,9143947400,0.9631847,0.023090417,-0.016485412,-0.26733923,0.0,0.0,0.0,0.0,0
9143969400,9143957379,0.9621626,0.018806087,-0.01879457,-0.27117568,0.0,0.0,0.0,0.0,0
9143979916,9143966697,0.9615816,0.012917251,-0.022116978,-0.27332205,0.0,0.0,0.0,0.0,0
9143990266,9143977357,0.9614751,0.008246966,-0.024799058,-0.27364722,0.0,0.0,0.0,0.0,0
9143999728,9143987383,0.9616485,0.0052637598,-0.026519336,-0.2729491,0.0,0.0,0.0,0.0,0
9144010109,9143997050,0.9620169,0.003033489,-0.027832847,-0.27155066,0.0,0.0,0.0,0.0,0
9144020391,9144007412,0.96247613,0.0016574932,-0.028681988,-0.26984146,0.0,0.0,0.0,0.0,0
9144030834,9144017459,0.9630117,0.0012510669,-0.029033173,-0.2678879,0.0,0.0,0.0,0.0,0
9144039285,9144027552,0.9635715,0.0018123479,-0.028861156,-0.26588297,0.0,0.0,0.0,0.0,0
9144049765,9144036785,0.96453345,0.0036156308,-0.028087111,-0.26243708,0.0,0.0,0.0,0.0,0
9144060157,9144047247,0.9657908,0.006439597,-0.026752705,-0.2578584,0.0,0.0,0.0,0.0,0
9144070675,9144057430,0.96717364,0.0099039115,-0.02497969,-0.252692,0.0,0.0,0.0,0.0,0
9144080157,9144067179,0.9682738,0.013270457,-0.023158107,-0.24846227,0.0,0.0,0.0,0.0,0
9144089926,9144077434,0.9692478,0.016731273,-0.021229088,-0.24459764,0.0,0.0,0.0,0.0,0
9144101340,9144087371,0.970123,0.019897077,-0.019350795,-0.24102107,0.0,0.0,0.0,0.0,0
9144109817,9144097759,0.97045916,0.021153534,-0.018534781,-0.23962072,0.0,0.0,0.0,0.0,0
9144120357,9144107306,0.9705171,0.02167151,-0.0181471,-0.23936938,0.0,0.0,0.0,0.0,0
9144129740,9144117822,0.97027427,0.02154199,-0.018102875,-0.24036646,0.0,0.0,0.0,0.0,0
9144140366,9144127026,0.96943945,0.020297965,-0.018589193,-0.24378216,0.0,0.0,0.0,0.0,0
9144149834,9144136376,0.9680064,0.017851697,-0.019784525,-0.2495065,0.0,0.0,0.0,0.0,0
9144160205,9144147315,0.9658606,0.014134171,-0.02165301,-0.2577687,0.0,0.0,0.0,0.0,0
9144170746,9144157714,0.9635284,0.0098854685,-0.023759333,-0.26636598,0.0,0.0,0.0,0.0,0
9144180126,9144167817,0.9619077,0.0058482448,-0.025770584,-0.2720943,0.0,0.0,0.0,0.0,0
9144189695,9144177416,0.96123403,0.0016465568,-0.028017025,-0.274302,0.0,0.0,0.0,0.0,0
9144200075,9144187171,0.961654,-0.0026050769,-0.030551612,-0.27254608,0.0,0.0,0.0,0.0,0
9144211539,9144197150,0.962822,-0.006300819,-0.03317016,-0.26801845,0.0,0.0,0.0,0.0,0
9144219984,9144207766,0.9636217,-0.008055116,-0.03450495,-0.26491088,0.0,0.0,0.0,0.0,0
9144230463,9144217484,0.9642931,-0.009027016,-0.035251237,-0.26232567,0.0,0.0,0.0,0.0,0
9144240898,9144227945,0.96496403,-0.008656316,-0.03523914,-0.2598611,0.0,0.0,0.0,0.0,0
9144250414,9144238182,0.9656725,-0.0069770818,-0.034508884,-0.25736597,0.0,0.0,0.0,0.0,0
9144259779,9144247894,0.9665754,-0.0041922447,-0.033158537,-0.25419492,0.0,0.0,0.0,0.0,0
9144270531,9144257309,0.96771854,-0.00014831584,-0.03108576,-0.25010896,0.0,0.0,0.0,0.0,0
9144281405,9144267407,0.9688577,0.004409283,-0.0286126,-0.24592033,0.0,0.0,0.0,0.0,0
9144289860,9144277937,0.96957964,0.0075757443,-0.026795788,-0.24318707,0.0,0.0,0.0,0.0,0
9144300263,9144287350,0.97005004,0.009844718,-0.025412504,-0.2413718,0.0,0.0,0.0,0.0,0
9144310860,9144297576,0.9700917,0.010455085,-0.024968656,-0.24122468,0.0,0.0,0.0,0.0,0
9144320311,9144307889,0.96985096,0.010253339,-0.025016308,-0.24219465,0.0,0.0,0.0,0.0,0
9144329729,9144317188,0.96917576,0.009212186,-0.02543983,-0.24488048,0.0,0.0,0.0,0.0,0
9144340215,9144327230,0.96774954,0.0069409474,-0.026489975,-0.2504218,0.0,0.0,0.0,0.0,0
9144351729,9144337280,0.9658051,0.0037409787,-0.028043289,-0.2577209,0.0,0.0,0.0,0.0,0
9144360279,9144348164,0.9644776,0.0010322863,-0.029378857,-0.26252395,0.0,0.0,0.0,0.0,0
9144370745,9144357748,0.9634172,-0.002568162,-0.031201886,-0.26617125,0.0,0.0,0.0,0.0,0
9144380135,9144368252,0.9632332,-0.00596647,-0.033117134,-0.2665513,0.0,0.0,0.0,0.0,0
9144390716,9144377232,0.9635881,-0.009776019,-0.035561778,-0.2648352,0.0,0.0,0.0,0.0,0
9144400125,9144386926,0.96402436,-0.012387501,-0.037371486,-0.262882,0.0,0.0,0.0,0.0,0
9144410706,9144397450,0.9644709,-0.013791534,-0.038407136,-0.26101837,0.0,0.0,0.0,0.0,0
9144420103,9144408219,0.96488816,-0.013612522,-0.038420174,-0.25947934,0.0,0.0,0.0,0.0,0
9144430370,9144417406,0.9655462,-0.012130801,-0.03783289,-0.2571809,0.0,0.0,0.0,0.0,0
9144441060,9144427583,0.9665164,-0.009676229,-0.03676075,-0.25377396,0.0,0.0,0.0,0.0,0
9144450204,9144438496,0.9674376,-0.0071093333,-0.035524037,-0.25050327,0.0,0.0,0.0,0.0,0
9144461250,9144447318,0.96843123,-0.0039113723,-0.033834152,-0.24694344,0.0,0.0,0.0,0.0,0
9144470682,9144457914,0.9691207,-0.0015631173,-0.032519158,-0.24442859,0.0,0.0,0.0,0.0,0
9144480514,9144468167,0.96965575,-0.00017391877,-0.031693064,-0.24241136,0.0,0.0,0.0,0.0,0
9144490905,9144478025,0.9699986,-9.713437e-05,-0.03156296,-0.24105307,0.0,0.0,0.0,0.0,0
9144500385,9144488019,0.97013515,-0.0007687128,-0.03187967,-0.24045977,0.0,0.0,0.0,0.0,0
9144510089,9144497668,0.9699475,-0.0019385621,-0.032505628,-0.24112573,0.0,0.0,0.0,0.0,0
9144520722,9144507535,0.9690938,-0.004386726,-0.033726063,-0.24433719,0.0,0.0,0.0,0.0,0
9144532125,9144517755,0.9674697,-0.008029684,-0.035478566,-0.2503583,0.0,0.0,0.0,0.0,0
9144541063,9144528036,0.9660834,-0.01095348,-0.036855754,-0.2553519,0.0,0.0,0.0,0.0,0
9144550761,9144538507,0.96486425,-0.014067319,-0.03833312,-0.25955692,0.0,0.0,0.0,0.0,0
9144561172,9144548193,0.96419245,-0.01729997,-0.040012214,-0.26159647,0.0,0.0,0.0,0.0,0
9144570763,9144558277,0.9642197,-0.01992401,-0.04165436,-0.2610527,0.0,0.0,0.0,0.0,0
9144580328,9144568245,0.96458715,-0.02175622,-0.043009855,-0.25932327,0.0,0.0,0.0,0.0,0
9144590794,9144577572,0.964977,-0.022623532,-0.04376327,-0.25766692,0.0,0.0,0.0,0.0,0
9144602376,9144587888,0.9653215,-0.022507733,-0.04380634,-0.2563767,0.0,0.0,0.0,0.0,0
9144610931,9144598565,0.9655957,-0.021494152,-0.043330062,-0.25551048,0.0,0.0,0.0,0.0,0
9144620386,9144608405,0.96591437,-0.019430619,-0.04225124,-0.25465032,0.0,0.0,0.0,0.0,0
9144630785,9144617871,0.9662161,-0.016601708,-0.0406525,-0.253965,0.0,0.0,0.0,0.0,0
9144641283,9144628088,0.9664391,-0.013178549,-0.038674988,-0.25362575,0.0,0.0,0.0,0.0,0
9144650708,9144638005,0.9665246,-0.009681128,-0.03660456,-0.25376526,0.0,0.0,0.0,0.0,0
9144661182,9144648239,0.96650475,-0.00583811,-0.03429184,-0.2542808,0.0,0.0,0.0,0.0,0
9144672743,9144658466,0.96634465,-0.0025159535,-0.032237243,-0.25521094,0.0,0.0,0.0,0.0,0
9144680998,9144668531,0.96620077,-0.001401625,-0.031504277,-0.25585467,0.0,0.0,0.0,0.0,0
9144690707,9144678311,0.96614003,-0.0013851505,-0.031423792,-0.2560941,0.0,0.0,0.0,0.0,0
9144701258,9144688154,0.96618336,-0.0019099896,-0.031644747,-0.25589967,0.0,0.0,0.0,0.0,0
9144711764,9144698550,0.96622384,-0.0027056225,-0.032053575,-0.25568902,0.0,0.0,0.0,0.0,0
9144721072,9144708254,0.966177,-0.0042210678,-0.032808717,-0.2557497,0.0,0.0,0.0,0.0,0
9144730471,9144718608,0.96600443,-0.0066408147,-0.033701017,-0.25623357,0.0,0.0,0.0,0.0,0
9144740999,9144727801,0.96570164,-0.009463004,-0.034175195,-0.25722143,0.0,0.0,0.0,0.0,0
9144750458,9144738273,0.9654118,-0.011385015,-0.034195695,-0.2582268,0.0,0.0,0.0,0.0,0
9144760888,9144747743,0.9652113,-0.012445777,-0.03477289,-0.25884968,0.0,0.0,0.0,0.0,0
9144771348,9144758405,0.96518785,-0.012287214,-0.03640141,-0.25872082,0.0,0.0,0.0,0.0,0
9144782085,9144768423,0.9652062,-0.011404768,-0.037317332,-0.2585621,0.0,0.0,0.0,0.0,0
9144790471,9144778497,0.96528804,-0.010514577,-0.036859304,-0.25835964,0.0,0.0,0.0,0.0,0
9144800918,9144787996,0.9656501,-0.008590769,-0.035871312,-0.25721473,0.0,0.0,0.0,0.0,0
9144811380,9144798434,0.9664626,-0.005739285,-0.034475572,-0.25441787,0.0,0.0,0.0,0.0,0
9144820872,9144808453,0.96743906,-0.002480383,-0.032840747,-0.25095215,0.0,0.0,0.0,0.0,0
9144831298,9144818151,0.96864617,0.0013507174,-0.030842112,-0.24651897,0.0,0.0,0.0,0.0,0
9144841734,9144828605,0.9697162,0.0048769033,-0.028904418,-0.24246956,0.0,0.0,0.0,0.0,0
9144852190,9144838799,0.9705747,0.008110624,-0.027068885,-0.23913683,0.0,0.0,0.0,0.0,0
9144860627,9144848876,0.9711312,0.010112616,-0.025925621,-0.23691747,0.0,0.0,0.0,0.0,0
9144871159,9144857893,0.9716297,0.01119032,-0.02529699,-0.23488422,0.0,0.0,0.0,0.0,0
9144881648,9144868633,0.9719343,0.011116566,-0.0253177,-0.23362172,0.0,0.0,0.0,0.0,0
9144892124,9144878894,0.97214264,0.010483996,-0.025686912,-0.23274206,0.0,0.0,0.0,0.0,0
9144901442,9144888078,0.9722396,0.009420114,-0.026316887,-0.23231164,0.0,0.0,0.0,0.0,0
9144910885,9144898771,0.97215784,0.0076394803,-0.027355595,-0.2325993,0.0,0.0,0.0,0.0,0
9144922381,9144908199,0.97190773,0.00457999,-0.029148774,-0.23350535,0.0,0.0,0.0,0.0,0
9144930758,9144918882,0.9717443,0.001954038,-0.03072051,-0.23402035,0.0,0.0,0.0,0.0,0
9144941272,9144928294,0.9715589,-0.0010079122,-0.03253247,-0.23455043,0.0,0.0,0.0,0.0,0
9144951847,9144938784,0.9716091,-0.0028678004,-0.033709373,-0.23416065,0.0,0.0,0.0,0.0,0
9144961285,9144949129,0.9717749,-0.0033920668,-0.03405742,-0.2334143,0.0,0.0,0.0,0.0,0
9144970724,9144957711,0.97195554,-0.003088419,-0.033897568,-0.23268822,0.0,0.0,0.0,0.0,0
9144981247,9144968241,0.97216773,-0.002154537,-0.033377316,-0.23188618,0.0,0.0,0.0,0.0,0
9144991833,9144978758,0.97242707,-0.00060379255,-0.032499693,-0.23093091,0.0,0.0,0.0,0.0,0
9145001211,9144989048,0.97267777,0.0013426503,-0.03135909,-0.23002794,0.0,0.0,0.0,0.0,0
9145011681,9144998530,0.97293705,0.004087542,-0.0297157,-0.22911529,0.0,0.0,0.0,0.0,0
9145022036,9145009176,0.97315353,0.00727788,-0.02778961,-0.22835715,0.0,0.0,0.0,0.0,0
9145032578,9145019164,0.9733284,0.011057573,-0.025490513,-0.22772728,0.0,0.0,0.0,0.0,0
9145041005,9145028327,0.97342646,0.014628479,-0.023289816,-0.22734256,0.0,0.0,0.0,0.0,0
9145051450,9145038506,0.97341216,0.019292107,-0.020375948,-0.2273356,0.0,0.0,0.0,0.0,0
9145061888,9145048956,0.9732105,0.022908678,-0.018117554,-0.22805348,0.0,0.0,0.0,0.0,0
9145071297,9145059164,0.97298896,0.024284333,-0.01726738,-0.22892095,0.0,0.0,0.0,0.0,0
9145081089,9145068631,0.9727485,0.024218913,-0.017241834,-0.22994864,0.0,0.0,0.0,0.0,0
9145091541,9145078560,0.9721989,0.023131177,-0.017696036,-0.2323383,0.0,0.0,0.0,0.0,0
9145102883,9145088542,0.9710211,0.021193363,-0.018574633,-0.23732635,0.0,0.0,0.0,0.0,0
9145111305,9145099125,0.96982026,0.019641541,-0.01929686,-0.2422613,0.0,0.0,0.0,0.0,0
9145121885,9145108822,0.9680125,0.017810913,-0.020091258,-0.2494613,0.0,0.0,0.0,0.0,0
9145131235,9145119357,0.96628237,0.016672578,-0.020492049,-0.25612614,0.0,0.0,0.0,0.0,0
9145141798,9145128521,0.9645239,0.016405087,-0.02049681,-0.26268703,0.0,0.0,0.0,0.0,0
9145151121,9145139236,0.96341753,0.016901365,-0.020251952,-0.26670375,0.0,0.0,0.0,0.0,0
9145161601,9145148621,0.9628271,0.017897977,-0.019820835,-0.2687951,0.0,0.0,0.0,0.0,0
9145173077,9145158670,0.962882,0.019269418,-0.019257432,-0.26854435,0.0,0.0,0.0,0.0,0
9145181618,9145169309,0.9633218,0.020395456,-0.018760435,-0.2669141,0.0,0.0,0.0,0.0,0
9145192048,9145178889,0.9642365,0.022073792,-0.017962534,-0.2635112,0.0,0.0,0.0,0.0,0
9145201557,9145189493,0.96535534,0.024086663,-0.016961977,-0.25927055,0.0,0.0,0.0,0.0,0
9145212045,9145198590,0.96672404,0.026981207,-0.015417313,-0.2539271,0.0,0.0,0.0,0.0,0
9145221398,9145208891,0.96762276,0.029449843,-0.013810055,-0.25029626,0.0,0.0,0.0,0.0,0
9145231837,9145218914,0.96807796,0.030980911,-0.012572567,-0.24840942,0.0,0.0,0.0,0.0,0
9145243318,9145229134,0.96826476,0.031364687,-0.012126836,-0.24765454,0.0,0.0,0.0,0.0,0
9145251704,9145239345,0.9683671,0.031515375,-0.012003227,-0.24724042,0.0,0.0,0.0,0.0,0
9145262148,9145249241,0.9684566,0.03168227,-0.011875585,-0.2468747,0.0,0.0,0.0,0.0,0
9145272576,9145259660,0.9685243,0.03175638,-0.011825601,-0.24660179,0.0,0.0,0.0,0.0,0
9145282366,9145269676,0.9685768,0.03164974,-0.0119032385,-0.24640568,0.0,0.0,0.0,0.0,0
9145291843,9145279201,0.96864694,0.0312505,-0.012250701,-0.2461634,0.0,0.0,0.0,0.0,0
9145301210,9145289116,0.9686358,0.030725354,-0.012750333,-0.24624808,0.0,0.0,0.0,0.0,0
9145311661,9145298740,0.9681763,0.030284341,-0.013076386,-0.24808595,0.0,0.0,0.0,0.0,0
9145321110,9145308732,0.96741235,0.029434424,-0.013513346,-0.25112644,0.0,0.0,0.0,0.0,0
9145331546,9145318619,0.96679676,0.027359167,-0.01469452,-0.2536523,0.0,0.0,0.0,0.0,0
9145342007,9145329057,0.9667427,0.02447997,-0.016389817,-0.2540486,0.0,0.0,0.0,0.0,0
9145353395,9145339264,0.96714145,0.02110926,-0.018377159,-0.25269404,0.0,0.0,0.0,0.0,0
9145361841,9145349430,0.96760935,0.018672701,-0.019843336,-0.25097743,0.0,0.0,0.0,0.0,0
9145371360,9145359345,0.96830076,0.016113166,-0.0214231,-0.24834485,0.0,0.0,0.0,0.0,0
9145381787,9145368641,0.96910924,0.01357801,-0.02302216,-0.2451797,0.0,0.0,0.0,0.0,0
9145392351,9145378862,0.9698937,0.011573274,-0.024334336,-0.24203318,0.0,0.0,0.0,0.0,0
9145401687,9145389579,0.9704673,0.0106016975,-0.025012981,-0.23969795,0.0,0.0,0.0,0.0,0
9145412615,9145399203,0.97090214,0.010342196,-0.025207289,-0.23792185,0.0,0.0,0.0,0.0,0
9145423136,9145409463,0.97106165,0.0106821535,-0.025013125,-0.23727515,0.0,0.0,0.0,0.0,0
9145431466,9145419780,0.97108805,0.0111740045,-0.024757005,-0.23717149,0.0,0.0,0.0,0.0,0
9145442002,9145428768,0.9711102,0.0116089815,-0.024502762,-0.23708619,0.0,0.0,0.0,0.0,0
9145452954,9145439453,0.97111297,0.011857749,-0.024356175,-0.23707746,0.0,0.0,0.0,0.0,0
9145461903,9145450007,0.9711096,0.011990417,-0.024286862,-0.23709208,0.0,0.0,0.0,0.0,0
9145472393,9145459021,0.9711126,0.0120944055,-0.024233459,-0.23707962,0.0,0.0,0.0,0.0,0
9145481802,9145469676,0.9711025,0.012274395,-0.024123793,-0.23712327,0.0,0.0,0.0,0.0,0
9145493277,9145479110,0.9710384,0.012741728,-0.023818107,-0.23739143,0.0,0.0,0.0,0.0,0
9145501667,9145490004,0.97090185,0.013427455,-0.023339935,-0.237959,0.0,0.0,0.0,0.0,0
9145512498,9145499203,0.97046953,0.015262243,-0.022101399,-0.23972377,0.0,0.0,0.0,0.0,0
9145522035,9145509897,0.9699127,0.017765377,-0.020481253,-0.24193864,0.0,0.0,0.0,0.0,0
9145532785,9145519074,0.9691488,0.020881107,-0.018508416,-0.244892,0.0,0.0,0.0,0.0,0
9145542395,9145528700,0.96848446,0.02329778,-0.017031666,-0.24739663,0.0,0.0,0.0,0.0,0
9145551654,9145539613,0.9680283,0.024877438,-0.01611467,-0.24908383,0.0,0.0,0.0,0.0,0
9145562193,9145548981,0.967688,0.025410881,-0.015825186,-0.25036764,0.0,0.0,0.0,0.0,0
9145571560,9145559436,0.96748286,0.024645874,-0.016273603,-0.25120646,0.0,0.0,0.0,0.0,0
9145582068,9145569091,0.9673527,0.023188492,-0.017130118,-0.25178918,0.0,0.0,0.0,0.0,0
9145592468,9145579381,0.96733564,0.0217471,-0.017996341,-0.25192234,0.0,0.0,0.0,0.0,0
9145602942,9145589574,0.96740496,0.01985162,-0.019089915,-0.25173223,0.0,0.0,0.0,0.0,0
9145612348,9145599457,0.9675451,0.016772972,-0.02088625,-0.2512748,0.0,0.0,0.0,0.0,0
9145621893,9145609840,0.9677894,0.011868167,-0.02380243,-0.25035253,0.0,0.0,0.0,0.0,0
9145632258,9145619337,0.9681249,0.005660435,-0.027506756,-0.24888828,0.0,0.0,0.0,0.0,0
9145641859,9145629332,0.96854097,0.000863195,-0.030444358,-0.24698341,0.0,0.0,0.0,0.0,0
9145652245,9145639115,0.96931076,-0.0024076733,-0.03258263,-0.24365807,0.0,0.0,0.0,0.0,0
9145663397,9145649739,0.97040665,-0.004862824,-0.034293722,-0.23897977,0.0,0.0,0.0,0.0,0
9145672954,9145660140,0.97125125,-0.0065387837,-0.035476137,-0.23530793,0.0,0.0,0.0,0.0,0
9145682259,9145669336,0.9716368,-0.0072349384,-0.035964794,-0.23361559,0.0,0.0,0.0,0.0,0
9145692785,9145679756,0.9716737,-0.007082389,-0.035944838,-0.23346919,0.0,0.0,0.0,0.0,0
9145702157,9145690072,0.97167027,-0.006777547,-0.035834163,-0.23350993,0.0,0.0,0.0,0.0,0
9145712825,9145699442,0.97166836,-0.006187644,-0.035488058,-0.23358692,0.0,0.0,0.0,0.0,0
9145722244,9145710310,0.9715224,-0.004916696,-0.034632638,-0.23435166,0.0,0.0,0.0,0.0,0
9145732628,9145719722,0.9710604,-0.0016268715,-0.03237618,-0.23662409,0.0,0.0,0.0,0.0,0
9145743540,9145729731,0.9703887,0.0046003303,-0.02833545,-0.23983663,0.0,0.0,0.0,0.0,0
9145751956,9145740262,0.9697751,0.010636758,-0.024544923,-0.24253014,0.0,0.0,0.0,0.0,0
9145762457,9145749256,0.96860456,0.018086927,-0.019850781,-0.24715178,0.0,0.0,0.0,0.0,0
9145772832,9145759894,0.9673597,0.024021307,-0.016209798,-0.2517447,0.0,0.0,0.0,0.0,0
9145783258,9145769920,0.96643615,0.027842406,-0.0140084205,-0.25500968,0.0,0.0,0.0,0.0,0
9145793025,9145779771,0.96599114,0.02944327,-0.013106246,-0.25655892,0.0,0.0,0.0,0.0,0
9145802392,9145790297,0.96599156,0.02922807,-0.013060404,-0.25658444,0.0,0.0,0.0,0.0,0
9145814002,9145799873,0.96628624,0.02719366,-0.01239415,-0.25573003,0.0,0.0,0.0,0.0,0
9145822437,9145810397,0.9664607,0.024867935,-0.009578102,-0.25542855,0.0,0.0,0.0,0.0,0
9145832856,9145819902,0.9664891,0.021381436,-0.0021718643,-0.25580677,0.0,0.0,0.0,0.0,0
9145843294,9145830360,0.966249,0.017447721,0.0085479785,-0.25687638,0.0,0.0,0.0,0.0,0
9145853778,9145840561,0.96584,0.013168425,0.019989716,-0.2580314,0.0,0.0,0.0,0.0,0
9145864219,9145850004,0.96563375,0.009526167,0.027959917,-0.25822243,0.0,0.0,0.0,0.0,0
9145872741,9145859603,0.9656645,0.007978972,0.031110153,-0.25779942,0.0,0.0,0.0,0.0,0
9145883041,9145869931,0.965751,0.007959708,0.031998523,-0.25736687,0.0,0.0,0.0,0.0,0
9145892528,9145880560,0.96581984,0.009516115,0.030059159,-0.25729,0.0,0.0,0.0,0.0,0
9145903030,9145889843,0.9659505,0.012847145,0.024715662,-0.25722313,0.0,0.0,0.0,0.0,0
9145913362,9145900521,0.96627903,0.016981708,0.016285548,-0.25641987,0.0,0.0,0.0,0.0,0
9145923851,9145910675,0.9665657,0.022046046,0.005966612,-0.25539994,0.0,0.0,0.0,0.0,0
9145932295,9145920280,0.96678674,0.026772376,-0.0024572702,-0.2541664,0.0,0.0,0.0,0.0,0
9145942771,9145929813,0.96685857,0.031016532,-0.008777194,-0.25326967,0.0,0.0,0.0,0.0,0
9145952744,9145940251,0.9669153,0.032140695,-0.009581309,-0.25288376,0.0,0.0,0.0,0.0,0
9145963287,9145949808,0.96706504,0.03190155,-0.009296226,-0.25235146,0.0,0.0,0.0,0.0,0
9145972857,9145960735,0.96722686,0.031616006,-0.009377661,-0.2517635,0.0,0.0,0.0,0.0,0
9145983229,9145970311,0.9674161,0.031167304,-0.009582206,-0.25108364,0.0,0.0,0.0,0.0,0
9145994694,9145980299,0.96770006,0.030109996,-0.009453543,-0.25012153,0.0,0.0,0.0,0.0,0
9146002658,9145990733,0.9680035,0.028115056,-0.00841734,-0.24921452,0.0,0.0,0.0,0.0,0
9146012774,9146000086,0.9684427,0.024239948,-0.00548805,-0.24799427,0.0,0.0,0.0,0.0,0
9146023664,9146010194,0.96878034,0.020024922,-0.0007625261,-0.24710971,0.0,0.0,0.0,0.0,0
9146033212,9146020758,0.9688094,0.016235784,0.004106159,-0.24724062,0.0,0.0,0.0,0.0,0
9146042741,9146029715,0.96855533,0.011867303,0.008500798,-0.24836956,0.0,0.0,0.0,0.0,0
9146053030,9146040232,0.96820635,0.007502635,0.012879967,-0.24970855,0.0,0.0,0.0,0.0,0
9146064755,9146050050,0.96776855,0.004847829,0.017949404,-0.25115412,0.0,0.0,0.0,0.0,0
9146073131,9146060732,0.9675491,0.004505702,0.020332534,-0.25182375,0.0,0.0,0.0,0.0,0
9146082653,9146070442,0.9675573,0.005212149,0.020290779,-0.2517815,0.0,0.0,0.0,0.0,0
9146093106,9146080092,0.9679196,0.0065931515,0.017112423,-0.25059006,0.0,0.0,0.0,0.0,0
9146102575,9146090376,0.968371,0.008238286,0.012590127,-0.24906074,0.0,0.0,0.0,0.0,0
9146113029,9146099658,0.9687993,0.010507313,0.007127713,-0.24752128,0.0,0.0,0.0,0.0,0
9146123420,9146110525,0.9690521,0.013129102,0.0020932397,-0.24649824,0.0,0.0,0.0,0.0,0
9146132884,9146120917,0.9690985,0.015794192,-0.0018553396,-0.24616082,0.0,0.0,0.0,0.0,0
9146142542,9146130199,0.9690104,0.018732548,-0.0053582233,-0.24625045,0.0,0.0,0.0,0.0,0
9146152951,9146140003,0.9688713,0.021871822,-0.0088397,-0.24643835,0.0,0.0,0.0,0.0,0
9146163662,9146150457,0.96880585,0.024458032,-0.012174418,-0.24631073,0.0,0.0,0.0,0.0,0
9146173948,9146160728,0.9687188,0.025831087,-0.013362396,-0.24645081,0.0,0.0,0.0,0.0,0
9146183317,9146170419,0.9686536,0.026184756,-0.013067666,-0.24668545,0.0,0.0,0.0,0.0,0
9146192792,9146180851,0.96873975,0.02601736,-0.0131804,-0.24635862,0.0,0.0,0.0,0.0,0
9146203271,9146190273,0.96886384,0.025406793,-0.013517488,-0.24591604,0.0,0.0,0.0,0.0,0
9146212746,9146200516,0.96911275,0.024548199,-0.01396912,-0.2449953,0.0,0.0,0.0,0.0,0
9146223320,9146210012,0.969369,0.023137467,-0.014640654,-0.244078,0.0,0.0,0.0,0.0,0
9146233734,9146220808,0.96957475,0.021503836,-0.015435688,-0.24336012,0.0,0.0,0.0,0.0,0
9146244269,9146230797,0.9697342,0.020223882,-0.016131165,-0.24278869,0.0,0.0,0.0,0.0,0
9146252614,9146240952,0.9697915,0.01996694,-0.01633463,-0.24256773,0.0,0.0,0.0,0.0,0
9146263167,9146250132,0.9697355,0.020858308,-0.015964558,-0.24274112,0.0,0.0,0.0,0.0,0
9146273555,9146260644,0.96965325,0.022787035,-0.014954791,-0.24296054,0.0,0.0,0.0,0.0,0
9146282976,9146270832,0.96968096,0.025140822,-0.013655981,-0.24269399,0.0,0.0,0.0,0.0,0
9146293512,9146280297,0.9698409,0.028012974,-0.01212148,-0.24182037,0.0,0.0,0.0,0.0,0
9146303919,9146290971,0.97014105,0.03017346,-0.010891895,-0.2404107,0.0,0.0,0.0,0.0,0
9146314762,9146300977,0.97056705,0.031160112,-0.010076262,-0.23859428,0.0,0.0,0.0,0.0,0
9146323241,9146311191,0.97090906,0.03150252,-0.009691744,-0.23716973,0.0,0.0,0.0,0.0,0
9146333656,9146320711,0.9712548,0.0318475,-0.009404311,-0.23571464,0.0,0.0,0.0,0.0,0
9146344122,9146331155,0.971442,0.03216607,-0.009180531,-0.23490772,0.0,0.0,0.0,0.0,0
9146353597,9146341172,0.9716,0.03243516,-0.00898551,-0.23422353,0.0,0.0,0.0,0.0,0
9146363041,9146350285,0.97175765,0.03259432,-0.008844664,-0.23355177,0.0,0.0,0.0,0.0,0
9146373566,9146360334,0.9719313,0.032696705,-0.008746758,-0.23281759,0.0,0.0,0.0,0.0,0
9146385031,9146370624,0.9721305,0.032756783,-0.008672047,-0.23197885,0.0,0.0,0.0,0.0,0
9146393615,9146381228,0.97243863,0.03225068,-0.008983607,-0.23074298,0.0,0.0,0.0,0.0,0
9146403219,9146391070,0.9732195,0.031017588,-0.010179855,-0.22754793,0.0,0.0,0.0,0.0,0
9146413671,9146400479,0.9746291,0.029457817,-0.01179722,-0.22156556,0.0,0.0,0.0,0.0,0
9146424190,9146410740,0.9762777,0.02757782,-0.013177425,-0.21435453,0.0,0.0,0.0,0.0,0
9146433601,9146420879,0.97761345,0.025738792,-0.014380552,-0.20833336,0.0,0.0,0.0,0.0,0
9146444099,9146431078,0.97885025,0.023782684,-0.015652677,-0.20258689,0.0,0.0,0.0,0.0,0
9146453374,9146441548,0.9797126,0.02226214,-0.016607739,-0.19847378,0.0,0.0,0.0,0.0,0
9146462889,9146450709,0.9803808,0.021041837,-0.017373692,-0.19521515,0.0,0.0,0.0,0.0,0
9146473707,9146460408,0.98081553,0.020435385,-0.017712284,-0.19305368,0.0,0.0,0.0,0.0,0
9146484109,9146471137,0.9808615,0.020648966,-0.01758858,-0.19280829,0.0,0.0,0.0,0.0,0
9146494543,9146481173,0.980966,0.02132002,-0.017199129,-0.19223785,0.0,0.0,0.0,0.0,0
9146503955,9146491042,0.98101294,0.02248116,-0.016383415,-0.1919368,0.0,0.0,0.0,0.0,0
9146513664,9146501450,0.98081285,0.025134658,-0.014513038,-0.19277914,0.0,0.0,0.0,0.0,0
9146524288,9146511090,0.9803555,0.029134287,-0.0115452865,-0.19473374,0.0,0.0,0.0,0.0,0
9146533939,9146521507,0.9801112,0.031075224,-0.00998407,-0.1957468,0.0,0.0,0.0,0.0,0
9146543375,9146531178,0.9801727,0.031220924,-0.009795245,-0.19542475,0.0,0.0,0.0,0.0,0
9146553712,9146540864,0.9802645,0.03137657,-0.009644393,-0.19494642,0.0,0.0,0.0,0.0,0
9146565337,9146550850,0.98037446,0.031626057,-0.009393229,-0.19436437,0.0,0.0,0.0,0.0,0
9146573788,9146561556,0.9804622,0.031744428,-0.009281353,-0.19390719,0.0,0.0,0.0,0.0,0
9146583202,9146571288,0.9805546,0.031664874,-0.009336124,-0.19345035,0.0,0.0,0.0,0.0,0
9146593669,9146580498,0.98057854,0.031282064,-0.009575172,-0.19337942,0.0,0.0,0.0,0.0,0
9146604143,9146590919,0.98046005,0.030895712,-0.009825826,-0.19402854,0.0,0.0,0.0,0.0,0
9146613626,9146601390,0.98025227,0.030558519,-0.01009535,-0.1951147,0.0,0.0,0.0,0.0,0
9146624065,9146610905,0.9798975,0.030056715,-0.0105280895,-0.19694348,0.0,0.0,0.0,0.0,0
9146635478,9146621100,0.97977483,0.029073805,-0.011294324,-0.19765721,0.0,0.0,0.0,0.0,0
9146644127,9146631707,0.9798676,0.027778413,-0.0121348,-0.19733396,0.0,0.0,0.0,0.0,0
9146653475,9146641345,0.9801151,0.026070768,-0.013199947,-0.19626637,0.0,0.0,0.0,0.0,0
9146663937,9146650986,0.980596,0.023985855,-0.014558782,-0.19402127,0.0,0.0,0.0,0.0,0
9146674499,9146661202,0.9812949,0.021659704,-0.016147997,-0.19060594,0.0,0.0,0.0,0.0,0
9146684260,9146671613,0.9820265,0.0195399,-0.017612968,-0.18690076,0.0,0.0,0.0,0.0,0
9146693896,9146681547,0.98262894,0.018275188,-0.018481921,-0.18375205,0.0,0.0,0.0,0.0,0
9146704434,9146691407,0.9829349,0.018318536,-0.018477803,-0.18210427,0.0,0.0,0.0,0.0,0
9146713856,9146701674,0.98285806,0.019529331,-0.01766906,-0.18247323,0.0,0.0,0.0,0.0,0
9146724339,9146711356,0.982425,0.022378705,-0.015517647,-0.18466103,0.0,0.0,0.0,0.0,0
9146733940,9146721624,0.9818242,0.026796391,-0.012261529,-0.18749145,0.0,0.0,0.0,0.0,0
9146745408,9146731211,0.9812248,0.031157056,-0.009040376,-0.19011961,0.0,0.0,0.0,0.0,0
9146753897,9146741436,0.98114175,0.032104507,-0.008265314,-0.19042593,0.0,0.0,0.0,0.0,0
9146764330,9146751371,0.9811648,0.032123506,-0.0082688285,-0.19030318,0.0,0.0,0.0,0.0,0
9146774758,9146761823,0.98119545,0.03196979,-0.008378115,-0.19016634,0.0,0.0,0.0,0.0,0
9146784306,9146771868,0.98121697,0.0319444,-0.008383395,-0.19005935,0.0,0.0,0.0,0.0,0
9146793691,9146781616,0.9812408,0.031962067,-0.008331683,-0.18993571,0.0,0.0,0.0,0.0,0
9146804184,9146791017,0.9812583,0.031942654,-0.008301391,-0.18984994,0.0,0.0,0.0,0.0,0
9146815777,9146801233,0.9812454,0.031866744,-0.00826677,-0.18993078,0.0,0.0,0.0,0.0,0
9146824216,9146811794,0.98117137,0.031771645,-0.008219989,-0.19033048,0.0,0.0,0.0,0.0,0
9146833718,9146821710,0.98092806,0.031431653,-0.008396177,-0.19162929,0.0,0.0,0.0,0.0,0
9146844215,9146831042,0.9804308,0.030567782,-0.008971613,-0.19426928,0.0,0.0,0.0,0.0,0
9146854674,9146841480,0.9800507,0.028591858,-0.010201374,-0.19641589,0.0,0.0,0.0,0.0,0
9146864108,9146851967,0.9803531,0.02526539,-0.012399827,-0.19523257,0.0,0.0,0.0,0.0,0
9146874570,9146861406,0.9815018,0.021069124,-0.015414008,-0.18966463,0.0,0.0,0.0,0.0,0
9146886044,9146871867,0.9829575,0.018084567,-0.018059067,-0.18204784,0.0,0.0,0.0,0.0,0
9146893544,9146882059,0.9836983,0.01699222,-0.019050019,-0.17800581,0.0,0.0,0.0,0.0,0
9146904150,9146890995,0.9845797,0.015511082,-0.020252714,-0.17306685,0.0,0.0,0.0,0.0,0
9146914468,9146901537,0.9854458,0.014256019,-0.021347996,-0.16804074,0.0,0.0,0.0,0.0,0
9146924949,9146911566,0.9861812,0.0137955425,-0.021746818,-0.16365609,0.0,0.0,0.0,0.0,0
9146934405,9146921179,0.9865413,0.014356687,-0.021300375,-0.16148236,0.0,0.0,0.0,0.0,0
9146944929,9146931704,0.9865838,0.015919555,-0.020130822,-0.16122559,0.0,0.0,0.0,0.0,0
9146955734,9146942005,0.9863261,0.018376622,-0.018292792,-0.16275261,0.0,0.0,0.0,0.0,0
9146964166,9146952175,0.9860022,0.021107549,-0.016281918,-0.16458775,0.0,0.0,0.0,0.0,0
9146974690,9146961469,0.9856438,0.025390204,-0.013265926,-0.16639003,0.0,0.0,0.0,0.0,0
9146984324,9146972162,0.98544514,0.028891759,-0.010833997,-0.16716984,0.0,0.0,0.0,0.0,0
9146994783,9146981576,0.98539335,0.0304998,-0.009584285,-0.16726592,0.0,0.0,0.0,0.0,0
9147004294,9146991899,0.9854439,0.03053464,-0.009487398,-0.1669673,0.0,0.0,0.0,0.0,0
9147014788,9147001736,0.98552024,0.03033384,-0.009710781,-0.16653986,0.0,0.0,0.0,0.0,0
9147025289,9147012251,0.9855937,0.030018896,-0.010079505,-0.16613959,0.0,0.0,0.0,0.0,0
9147033781,9147022373,0.98565215,0.029645171,-0.0104286745,-0.16583818,0.0,0.0,0.0,0.0,0
9147044554,9147031113,0.985809,0.028246775,-0.011411293,-0.1650829,0.0,0.0,0.0,0.0,0
9147054902,9147042068,0.98607916,0.025929146,-0.012972018,-0.16372949,0.0,0.0,0.0,0.0,0
9147065692,9147052033,0.986419,0.023703726,-0.014491999,-0.16188177,0.0,0.0,0.0,0.0,0
9147074062,9147062055,0.9867029,0.022511877,-0.015324761,-0.16023709,0.0,0.0,0.0,0.0,0
9147084509,9147071572,0.98708576,0.021346813,-0.016147958,-0.15794097,0.0,0.0,0.0,0.0,0
9147094896,9147081817,0.9875046,0.020246426,-0.016936878,-0.15536425,0.0,0.0,0.0,0.0,0
9147104396,9147092200,0.9879057,0.01926012,-0.017640242,-0.15284078,0.0,0.0,0.0,0.0,0
9147115175,9147101663,0.9883503,0.018301599,-0.018300293,-0.14997971,0.0,0.0,0.0,0.0,0
9147124591,9147112045,0.9887093,0.017822627,-0.01836492,-0.1476455,0.0,0.0,0.0,0.0,0
9147136080,9147121690,0.989092,0.017681872,-0.01700028,-0.14524272,0.0,0.0,0.0,0.0,0
9147144548,9147132293,0.9893355,0.017635582,-0.014667841,-0.14383708,0.0,0.0,0.0,0.0,0
9147154573,9147142061,0.98956865,0.01776402,-0.010513989,-0.14257583,0.0,0.0,0.0,0.0,0
9147165149,9147151996,0.9897117,0.018695712,-0.005254123,-0.14175218,0.0,0.0,0.0,0.0,0
9147174645,9147162450,0.9896741,0.020811843,-0.0011738493,-0.14181219,0.0,0.0,0.0,0.0,0
9147185146,9147171939,0.989501,0.024378663,-0.00090021297,-0.14245252,0.0,0.0,0.0,0.0,0
9147194476,9147182631,0.98947275,0.028215775,-0.0056504714,-0.14182983,0.0,0.0,0.0,0.0,0
9147206033,9147191774,0.98953456,0.031552356,-0.009877423,-0.14045747,0.0,0.0,0.0,0.0,0
9147214761,9147202515,0.9895846,0.032301925,-0.009538482,-0.13995694,0.0,0.0,0.0,0.0,0
9147224179,9147212276,0.98962563,0.03260852,-0.009082157,-0.13962546,0.0,0.0,0.0,0.0,0
9147234778,9147221675,0.98967415,0.032812905,-0.0089094415,-0.13924408,0.0,0.0,0.0,0.0,0
9147245189,9147231841,0.989717,0.03301307,-0.008780884,-0.13890034,0.0,0.0,0.0,0.0,0
9147254671,9147241381,0.9897487,0.033326834,-0.008557532,-0.138613,0.0,0.0,0.0,0.0,0
9147265084,9147251932,0.98977727,0.03385234,-0.008168423,-0.13830498,0.0,0.0,0.0,0.0,0
9147275486,9147262358,0.9898031,0.03441606,-0.0077528623,-0.13800514,0.0,0.0,0.0,0.0,0
9147284910,9147272769,0.98982286,0.034939915,-0.0073450203,-0.13775292,0.0,0.0,0.0,0.0,0
9147294361,9147282445,0.9898428,0.035329737,-0.007029939,-0.13752764,0.0,0.0,0.0,0.0,0
9147304817,9147291847,0.989871,0.035340905,-0.0070012226,-0.1373229,0.0,0.0,0.0,0.0,0
9147316878,9147301882,0.98985994,0.03529818,-0.007039431,-0.13741082,0.0,0.0,0.0,0.0,0
9147324116,9147312759,0.9897724,0.035537265,-0.0068924837,-0.1379866,0.0,0.0,0.0,0.0,0
9147334603,9147321417,0.9894716,0.03633283,-0.006282582,-0.13995115,0.0,0.0,0.0,0.0,0
9147345074,9147332101,0.98898166,0.037519988,-0.005369232,-0.14310357,0.0,0.0,0.0,0.0,0
9147354583,9147342144,0.9884183,0.038091525,-0.004919225,-0.14681323,0.0,0.0,0.0,0.0,0
9147365049,9147351839,0.9878403,0.037597336,-0.0052036443,-0.15076816,0.0,0.0,0.0,0.0,0
9147375439,9147362535,0.9874471,0.036843598,-0.005681982,-0.1534883,0.0,0.0,0.0,0.0,0
9147385919,9147372544,0.9872853,0.036080275,-0.006191843,-0.15468562,0.0,0.0,0.0,0.0,0
9147394375,9147382657,0.9872956,0.03513989,-0.006846561,-0.15480834,0.0,0.0,0.0,0.0,0
9147404969,9147391873,0.98736507,0.033955522,-0.007679092,-0.15459059,0.0,0.0,0.0,0.0,0
9147415523,9147402400,0.9874255,0.033431657,-0.008066945,-0.15429887,0.0,0.0,0.0,0.0,0
9147424978,9147412590,0.9874591,0.033410277,-0.008125858,-0.15408534,0.0,0.0,0.0,0.0,0
9147435500,9147422299,0.98748314,0.0334011,-0.00819656,-0.15392967,0.0,0.0,0.0,0.0,0
9147445643,9147432997,0.9874987,0.03339089,-0.008267492,-0.15382819,0.0,0.0,0.0,0.0,0
9147457082,9147442676,0.98750377,0.03349638,-0.008282511,-0.15377185,0.0,0.0,0.0,0.0,0
9147464460,9147453074,0.9874725,0.033289105,-0.008583343,-0.15400107,0.0,0.0,0.0,0.0,0
9147474951,9147461972,0.9871081,0.03206609,-0.009807327,-0.1565033,0.0,0.0,0.0,0.0,0
9147485536,9147472446,0.986668,0.031278297,-0.010763196,-0.15934867,0.0,0.0,0.0,0.0,0
9147495865,9147482532,0.98645407,0.031351514,-0.010837931,-0.16064858,0.0,0.0,0.0,0.0,0
9147505557,9147492092,0.9863331,0.03137039,-0.010853147,-0.16138522,0.0,0.0,0.0,0.0,0
9147515132,9147502977,0.9862491,0.031577434,-0.011286146,-0.16182832,0.0,0.0,0.0,0.0,0
9147526826,9147512134,0.98620856,0.032250576,-0.012413377,-0.16185942,0.0,0.0,0.0,0.0,0
9147535573,9147522993,0.98616725,0.032990977,-0.013632963,-0.16186424,0.0,0.0,0.0,0.0,0
9147545300,9147532957,0.9860504,0.03359379,-0.015162251,-0.16231473,0.0,0.0,0.0,0.0,0
9147555939,9147542578,0.98589224,0.03295181,-0.016893042,-0.1632342,0.0,0.0,0.0,0.0,0
9147566560,9147552998,0.9858099,0.030838309,-0.018638337,-0.16395266,0.0,0.0,0.0,0.0,0
9147575142,9147562877,0.98595506,0.029086536,-0.019644476,-0.16328149,0.0,0.0,0.0,0.0,0
9147585646,9147572609,0.986466,0.027208263,-0.01969926,-0.16048835,0.0,0.0,0.0,0.0,0
9147596107,9147583077,0.98700804,0.024359087,-0.018180966,-0.15776965,0.0,0.0,0.0,0.0,0
9147605457,9147593321,0.987282,0.02271631,-0.016567511,-0.15647355,0.0,0.0,0.0,0.0,0
9147614909,9147602765,0.9873434,0.02344999,-0.01564724,-0.15607171,0.0,0.0,0.0,0.0,0
9147625375,9147612426,0.9873028,0.025161633,-0.01450576,-0.15617184,0.0,0.0,0.0,0.0,0
9147636858,9147622660,0.9872031,0.027248563,-0.012967697,-0.15658705,0.0,0.0,0.0,0.0,0
9147645396,9147632856,0.98711354,0.02898766,-0.0116765695,-0.15694046,0.0,0.0,0.0,0.0,0
9147656117,9147642917,0.9870259,0.031071909,-0.00981917,-0.15721987,0.0,0.0,0.0,0.0,0
9147665442,9147653557,0.9870254,0.03202214,-0.008768206,-0.15709427,0.0,0.0,0.0,0.0,0
9147674934,9147662749,0.98710054,0.03203598,-0.008636984,-0.15662596,0.0,0.0,0.0,0.0,0
9147685361,9147672230,0.9872364,0.031404488,-0.008578573,-0.15589927,0.0,0.0,0.0,0.0,0
9147695751,9147682871,0.98735136,0.029843291,-0.006979972,-0.15555772,0.0,0.0,0.0,0.0,0
9147707253,9147692863,0.98738796,0.027006347,-0.0031187334,-0.15596755,0.0,0.0,0.0,0.0,0
9147715649,9147703245,0.98734695,0.024128875,0.0003609691,-0.15672769,0.0,0.0,0.0,0.0,0
9147725088,9147713176,0.9872028,0.020311518,0.0047038966,-0.15810157,0.0,0.0,0.0,0.0,0
9147735809,9147722620,0.9870022,0.016280904,0.0095508285,-0.15959474,0.0,0.0,0.0,0.0,0
9147745428,9147733098,0.9869348,0.0136638675,0.012179,-0.16007733,0.0,0.0,0.0,0.0,0
9147755939,9147742726,0.9870802,0.0120212715,0.0116859265,-0.15934707,0.0,0.0,0.0,0.0,0
9147766259,9147753405,0.98749673,0.011545894,0.0075002084,-0.15703693,0.0,0.0,0.0,0.0,0
9147776812,9147763359,0.98808116,0.012066425,-0.00029190478,-0.1534596,0.0,0.0,0.0,0.0,0
9147785138,9147773272,0.988553,0.013356803,-0.008785528,-0.15002494,0.0,0.0,0.0,0.0,0
9147795585,9147782467,0.9888952,0.015803045,-0.017180732,-0.1467699,0.0,0.0,0.0,0.0,0
9147806039,9147793099,0.98884887,0.018042786,-0.018824013,-0.14662237,0.0,0.0,0.0,0.0,0
9147816653,9147803312,0.9885824,0.020321984,-0.016938174,-0.14834125,0.0,0.0,0.0,0.0,0
9147826035,9147813021,0.98836565,0.023106532,-0.0148857245,-0.14959238,0.0,0.0,0.0,0.0,0
9147835378,9147823511,0.98824555,0.0259981,-0.01291813,-0.15009278,0.0,0.0,0.0,0.0,0
9147846998,9147832887,0.9882624,0.028814811,-0.011020574,-0.1496181,0.0,0.0,0.0,0.0,0
9147855437,9147843515,0.98837537,0.030083029,-0.010069134,-0.14868662,0.0,0.0,0.0,0.0,0
9147865873,9147852936,0.98856133,0.030735143,-0.009443407,-0.14735176,0.0,0.0,0.0,0.0,0
9147876367,9147863381,0.98877156,0.030795643,-0.009358523,-0.1459278,0.0,0.0,0.0,0.0,0
9147886860,9147873438,0.98907876,0.030508302,-0.009691796,-0.14387001,0.0,0.0,0.0,0.0,0
9147896254,9147883250,0.98938936,0.029501846,-0.010480865,-0.14187539,0.0,0.0,0.0,0.0,0
9147906173,9147893740,0.9897658,0.027376104,-0.011952703,-0.13953964,0.0,0.0,0.0,0.0,0
9147916945,9147903632,0.9900905,0.024308907,-0.014062316,-0.13759361,0.0,0.0,0.0,0.0,0
9147926866,9147914114,0.99012107,0.021379014,-0.015995882,-0.13764939,0.0,0.0,0.0,0.0,0
9147935681,9147924359,0.98989457,0.019456612,-0.016797617,-0.13945624,0.0,0.0,0.0,0.0,0
9147946186,9147933179,0.9894635,0.018579725,-0.01564891,-0.14272973,0.0,0.0,0.0,0.0,0
9147957675,9147943279,0.98895717,0.018565876,-0.012926115,-0.14646511,0.0,0.0,0.0,0.0,0
9147966104,9147953518,0.9886311,0.01864793,-0.010701388,-0.14881685,0.0,0.0,0.0,0.0,0
9147975550,9147963424,0.9883361,0.01851961,-0.007620174,-0.15096632,0.0,0.0,0.0,0.0,0
9147986094,9147973074,0.9880351,0.01804053,-0.0028338283,-0.15314484,0.0,0.0,0.0,0.0,0
9147995685,9147983183,0.9877323,0.017342553,0.002660178,-0.1551679,0.0,0.0,0.0,0.0,0
9148006152,9147992980,0.9873851,0.016395248,0.008821201,-0.15723923,0.0,0.0,0.0,0.0,0
9148016634,9148003644,0.98711604,0.015388183,0.0137446355,-0.1586703,0.0,0.0,0.0,0.0,0
9148027145,9148013709,0.9870755,0.014448199,0.016241523,-0.15877494,0.0,0.0,0.0,0.0,0
9148035505,9148023649,0.9871861,0.013940534,0.016540105,-0.15810092,0.0,0.0,0.0,0.0,0
9148045706,9148032841,0.9874165,0.013575142,0.01591359,-0.15675151,0.0,0.0,0.0,0.0,0
9148056099,9148043171,0.9877515,0.013403794,0.014090228,-0.15481864,0.0,0.0,0.0,0.0,0
9148066602,9148053379,0.9882194,0.0135381175,0.01046737,-0.15208443,0.0,0.0,0.0,0.0,0
9148076314,9148063009,0.98879766,0.014199105,0.004813879,-0.14850742,0.0,0.0,0.0,0.0,0
9148086709,9148073761,0.9895392,0.015637096,-0.0040748324,-0.1433561,0.0,0.0,0.0,0.0,0
9148097199,9148083997,0.99026525,0.017895592,-0.013975745,-0.13732836,0.0,0.0,0.0,0.0,0
9148105624,9148093896,0.99059284,0.01917254,-0.01780224,-0.13431817,0.0,0.0,0.0,0.0,0
9148116260,9148102911,0.9907385,0.01926233,-0.01779315,-0.13322794,0.0,0.0,0.0,0.0,0
9148126085,9148113747,0.9908073,0.018535335,-0.018150276,-0.13277005,0.0,0.0,0.0,0.0,0
9148136551,9148123207,0.99083287,0.016637461,-0.019449305,-0.13264678,0.0,0.0,0.0,0.0,0
9148146033,9148133491,0.9908515,0.01427854,-0.021100296,-0.13252987,0.0,0.0,0.0,0.0,0
9148156614,9148143342,0.99091125,0.011782247,-0.02292426,-0.13202497,0.0,0.0,0.0,0.0,0
9148166097,9148153898,0.9909428,0.010042595,-0.024237167,-0.1316974,0.0,0.0,0.0,0.0,0
9148175550,9148163388,0.9909242,0.008782151,-0.025159158,-0.13175453,0.0,0.0,0.0,0.0,0
9148186029,9148172865,0.9907769,0.007885134,-0.025726318,-0.13280472,0.0,0.0,0.0,0.0,0
9148196449,9148183539,0.99046856,0.007995978,-0.025421483,-0.1351366,0.0,0.0,0.0,0.0,0
9148206951,9148193747,0.9899891,0.0099488655,-0.023759307,-0.13877395,0.0,0.0,0.0,0.0,0
9148216580,9148203659,0.98946226,0.013118599,-0.021342184,-0.14260747,0.0,0.0,0.0,0.0,0
9148225924,9148214026,0.9889688,0.016370704,-0.018859437,-0.14600423,0.0,0.0,0.0,0.0,0
9148236385,9148223449,0.98856586,0.019350689,-0.016535155,-0.14862598,0.0,0.0,0.0,0.0,0
9148246050,9148233447,0.988388,0.021416264,-0.014937621,-0.1496907,0.0,0.0,0.0,0.0,0
9148256559,9148243330,0.9883759,0.022956746,-0.013745863,-0.14965692,0.0,0.0,0.0,0.0,0
9148266991,9148254054,0.9885212,0.0238387,-0.013043981,-0.14861816,0.0,0.0,0.0,0.0,0
9148277513,9148264075,0.9888097,0.024033591,-0.0127047505,-0.14668415,0.0,0.0,0.0,0.0,0
9148285875,9148273980,0.98912024,0.023484742,-0.012200498,-0.14470944,0.0,0.0,0.0,0.0,0
9148296381,9148283375,0.9895078,0.02174999,-0.010168366,-0.14247055,0.0,0.0,0.0,0.0,0
9148307129,9148293838,0.9898115,0.019148953,-0.006511731,-0.14094085,0.0,0.0,0.0,0.0,0
9148316598,9148304404,0.9900159,0.016720803,-0.0025421013,-0.13993733,0.0,0.0,0.0,0.0,0
9148326077,9148313864,0.9901882,0.014775837,0.00088823296,-0.13895431,0.0,0.0,0.0,0.0,0
9148337333,9148323360,0.99042386,0.013489979,0.0026091137,-0.13737492,0.0,0.0,0.0,0.0,0
9148347799,9148334451,0.99069464,0.0134696895,0.0011233311,-0.13543019,0.0,0.0,0.0,0.0,0
9148356735,9148344198,0.9909314,0.014896779,-0.0033251515,-0.13349916,0.0,0.0,0.0,0.0,0
9148366183,9148354210,0.99113894,0.018241055,-0.01080612,-0.1311259,0.0,0.0,0.0,0.0,0
9148377110,9148363489,0.9910555,0.02224694,-0.015236736,-0.13069806,0.0,0.0,0.0,0.0,0
9148387490,9148374432,0.99076355,0.024908965,-0.013588407,-0.13259901,0.0,0.0,0.0,0.0,0
9148396867,9148383975,0.99055105,0.027314203,-0.011564592,-0.13389903,0.0,0.0,0.0,0.0,0
9148406455,9148394360,0.99046785,0.029817123,-0.009702955,-0.13412823,0.0,0.0,0.0,0.0,0
9148418115,9148403912,0.99051356,0.03168844,-0.008040755,-0.13347012,0.0,0.0,0.0,0.0,0
9148426467,9148414501,0.99062365,0.03226973,-0.0073101795,-0.13255206,0.0,0.0,0.0,0.0,0
9148436907,9148423767,0.9907714,0.032805704,-0.006810261,-0.1313375,0.0,0.0,0.0,0.0,0
9148447315,9148434193,0.9908574,0.03299686,-0.0066479207,-0.13064757,0.0,0.0,0.0,0.0,0
9148457834,9148444411,0.99091786,0.03278405,-0.0067957705,-0.1302335,0.0,0.0,0.0,0.0,0
9148466147,9148454038,0.99096113,0.032522887,-0.006993848,-0.12995887,0.0,0.0,0.0,0.0,0
9148476651,9148463480,0.9910047,0.03233512,-0.007156586,-0.12966502,0.0,0.0,0.0,0.0,0
9148487045,9148473970,0.991038,0.03227234,-0.007221828,-0.1294217,0.0,0.0,0.0,0.0,0
9148496615,9148484354,0.99105966,0.032265153,-0.007243704,-0.12925668,0.0,0.0,0.0,0.0,0
9148506583,9148493894,0.9910748,0.03227518,-0.0072516897,-0.12913756,0.0,0.0,0.0,0.0,0
9148517137,9148503979,0.99108714,0.032245405,-0.0072837374,-0.1290487,0.0,0.0,0.0,0.0,0
9148528141,9148514126,0.99109596,0.03217108,-0.007356127,-0.12899533,0.0,0.0,0.0,0.0,0
9148536893,9148524517,0.99110013,0.03210767,-0.0074293274,-0.12897505,0.0,0.0,0.0,0.0,0
9148547072,9148534342,0.99110556,0.031993624,-0.0075556757,-0.1289537,0.0,0.0,0.0,0.0,0
9148556805,9148544302,0.99111456,0.031838197,-0.007734225,-0.12891257,0.0,0.0,0.0,0.0,0
9148567287,9148554024,0.99112886,0.031622134,-0.00803923,-0.12883745,0.0,0.0,0.0,0.0,0
9148576750,9148564589,0.99114275,0.031464905,-0.008274359,-0.12875378,0.0,0.0,0.0,0.0,0
9148587276,9148574011,0.99118996,0.031442307,-0.008315294,-0.12839329,0.0,0.0,0.0,0.0,0
9148598729,9148584351,0.9912424,0.031500556,-0.00824544,-0.12797762,0.0,0.0,0.0,0.0,0
9148606131,9148594556,0.9912712,0.031586446,-0.008115644,-0.12774192,0.0,0.0,0.0,0.0,0
9148616658,9148603643,0.99131423,0.03167768,-0.007963113,-0.12739396,0.0,0.0,0.0,0.0,0
9148627071,9148614150,0.9913608,0.031668022,-0.007951767,-0.12703472,0.0,0.0,0.0,0.0,0
9148637579,9148624358,0.9914067,0.031658564,-0.007954152,-0.12667777,0.0,0.0,0.0,0.0,0
9148646936,9148633948,0.99144614,0.031658933,-0.007949258,-0.12636922,0.0,0.0,0.0,0.0,0
9148657359,9148644263,0.9914892,0.0316577,-0.007957956,-0.12603119,0.0,0.0,0.0,0.0,0
9148668315,9148654459,0.99153596,0.031664528,-0.007960966,-0.12566009,0.0,0.0,0.0,0.0,0
9148676763,9148664807,0.9915735,0.031655695,-0.007958823,-0.12536629,0.0,0.0,0.0,0.0,0
9148687257,9148674040,0.99161845,0.031649206,-0.007961522,-0.12501125,0.0,0.0,0.0,0.0,0
9148697595,9148684496,0.9916625,0.03165068,-0.007957942,-0.12466184,0.0,0.0,0.0,0.0,0
9148708077,9148694661,0.9917063,0.031651568,-0.007949719,-0.12431291,0.0,0.0,0.0,0.0,0
9148717449,9148704427,0.991745,0.031659476,-0.00794717,-0.12400134,0.0,0.0,0.0,0.0,0
9148726942,9148714761,0.99178123,0.031660024,-0.007948988,-0.12371134,0.0,0.0,0.0,0.0,0
9148737366,9148724247,0.9917864,0.03164736,-0.00796839,-0.12367172,0.0,0.0,0.0,0.0,0
9148746576,9148734673,0.99179083,0.031640507,-0.007987918,-0.12363671,0.0,0.0,0.0,0.0,0
9148756909,9148744082,0.9917965,0.031633675,-0.00800287,-0.12359228,0.0,0.0,0.0,0.0,0
9148767359,9148754150,0.9918021,0.03163067,-0.008014793,-0.12354729,0.0,0.0,0.0,0.0,0
9148777875,9148764230,0.9918073,0.03164199,-0.008028541,-0.12350198,0.0,0.0,0.0,0.0,0
9148787265,9148774575,0.99181116,0.031659406,-0.008035028,-0.123465806,0.0,0.0,0.0,0.0,0
9148797779,9148784587,0.9918162,0.03167478,-0.008045589,-0.123420306,0.0,0.0,0.0,0.0,0
9148807260,9148794910,0.9918217,0.031677403,-0.008055817,-0.12337488,0.0,0.0,0.0,0.0,0
9148816849,9148804125,0.99182725,0.03166093,-0.008064358,-0.12333376,0.0,0.0,0.0,0.0,0
9148827187,9148814045,0.9918319,0.031647947,-0.008070866,-0.12329943,0.0,0.0,0.0,0.0,0
9148837747,9148824466,0.99183613,0.031654138,-0.008068902,-0.12326393,0.0,0.0,0.0,0.0,0
9148849284,9148834637,0.9918407,0.031660885,-0.008066761,-0.12322518,0.0,0.0,0.0,0.0,0
9148856709,9148844881,0.9918429,0.03166357,-0.008066474,-0.12320759,0.0,0.0,0.0,0.0,0
9148867194,9148853806,0.991877,0.031673644,-0.008064336,-0.122930534,0.0,0.0,0.0,0.0,0
9148877573,9148864241,0.9919201,0.031680737,-0.008058682,-0.12258057,0.0,0.0,0.0,0.0,0
9148888085,9148874650,0.99196315,0.03168287,-0.008046249,-0.12223148,0.0,0.0,0.0,0.0,0
9148897531,9148884784,0.9920028,0.031687006,-0.00803831,-0.121909045,0.0,0.0,0.0,0.0,0
9148907916,9148894824,0.9920457,0.031687457,-0.00803251,-0.1215601,0.0,0.0,0.0,0.0,0
9148918644,9148904809,0.99208975,0.031687994,-0.008026538,-0.121199995,0.0,0.0,0.0,0.0,0
9148927298,9148915272,0.99212575,0.031688448,-0.008021869,-0.1209055,0.0,0.0,0.0,0.0,0
9148937700,9148924571,0.9921677,0.031680945,-0.008022157,-0.12056225,0.0,0.0,0.0,0.0,0
9148948157,9148934813,0.99220914,0.031676807,-0.008018331,-0.12022254,0.0,0.0,0.0,0.0,0
9148958670,9148945034,0.9922506,0.031690598,-0.008012427,-0.11987592,0.0,0.0,0.0,0.0,0
9148968056,9148954851,0.9922876,0.031701677,-0.008016162,-0.119566895,0.0,0.0,0.0,0.0,0
9148977411,9148965108,0.9923246,0.03169988,-0.008018312,-0.1192592,0.0,0.0,0.0,0.0,0
9148988905,9148974314,0.9923714,0.03169592,-0.008015478,-0.11887026,0.0,0.0,0.0,0.0,0
9148997279,9148985330,0.99240446,0.0316938,-0.008007412,-0.11859509,0.0,0.0,0.0,0.0,0
9149007971,9148994416,0.99242854,0.031697173,-0.008002384,-0.1183928,0.0,0.0,0.0,0.0,0
9149018324,9149005026,0.99245787,0.031708464,-0.008003446,-0.118143946,0.0,0.0,0.0,0.0,0
9149027629,9149015217,0.9924843,0.031715043,-0.008001408,-0.11792045,0.0,0.0,0.0,0.0,0
9149037379,9149024133,0.9925102,0.031717703,-0.008002367,-0.11770065,0.0,0.0,0.0,0.0,0
9149047919,9149034691,0.9925382,0.031719465,-0.008006924,-0.117463455,0.0,0.0,0.0,0.0,0
9149058255,9149045163,0.9925675,0.031721912,-0.008004771,-0.11721577,0.0,0.0,0.0,0.0,0
9149067695,9149055366,0.99259335,0.031731773,-0.008000288,-0.11699419,0.0,0.0,0.0,0.0,0
9149078270,9149065013,0.9926208,0.031746075,-0.007998986,-0.11675648,0.0,0.0,0.0,0.0,0
9149088829,9149075570,0.99264944,0.031739146,-0.008007824,-0.11651467,0.0,0.0,0.0,0.0,0
9149099227,9149085859,0.9926768,0.031735126,-0.008018128,-0.11628179,0.0,0.0,0.0,0.0,0
9149107589,9149095013,0.99269813,0.03173782,-0.008015332,-0.11609829,0.0,0.0,0.0,0.0,0
9149118080,9149104925,0.99272645,0.031732652,-0.0080096815,-0.11585818,0.0,0.0,0.0,0.0,0
9149128554,9149115184,0.9927543,0.031735457,-0.008010775,-0.11561905,0.0,0.0,0.0,0.0,0
9149139063,9149125610,0.99278116,0.031745788,-0.008012608,-0.11538432,0.0,0.0,0.0,0.0,0
9149147561,9149135945,0.99280757,0.03175492,-0.008006935,-0.11515505,0.0,0.0,0.0,0.0,0
9149158014,9149144669,0.99282074,0.03176479,-0.008005247,-0.11503872,0.0,0.0,0.0,0.0,0
9149169709,9149154904,0.99283564,0.031766787,-0.008010423,-0.114908956,0.0,0.0,0.0,0.0,0
9149177192,9149165696,0.9928458,0.03176286,-0.008013234,-0.11482244,0.0,0.0,0.0,0.0,0
9149187707,9149174476,0.9928607,0.031750683,-0.008025378,-0.1146961,0.0,0.0,0.0,0.0,0
9149198132,9149185031,0.9928754,0.031738635,-0.008037394,-0.11457102,0.0,0.0,0.0,0.0,0
9149208703,9149195045,0.99288994,0.03174118,-0.008041647,-0.11444411,0.0,0.0,0.0,0.0,0
9149218067,9149204644,0.9929016,0.031747796,-0.0080417,-0.11434075,0.0,0.0,0.0,0.0,0
9149228549,9149215175,0.99291533,0.031753678,-0.0080432445,-0.114220016,0.0,0.0,0.0,0.0,0
9149239036,9149225601,0.99292946,0.031762693,-0.008048952,-0.114094324,0.0,0.0,0.0,0.0,0
9149247464,9149235534,0.9929402,0.031756464,-0.008058752,-0.114001796,0.0,0.0,0.0,0.0,0
9149258253,9149244552,0.99295413,0.03174391,-0.008065477,-0.11388344,0.0,0.0,0.0,0.0,0
9149268710,9149255541,0.9929681,0.03173683,-0.008066896,-0.11376375,0.0,0.0,0.0,0.0,0
9149278179,9149265741,0.99298006,0.03173222,-0.008070242,-0.11366003,0.0,0.0,0.0,0.0,0
9149287701,9149274592,0.9930097,0.031739183,-0.0080658775,-0.11339961,0.0,0.0,0.0,0.0,0
9149298204,9149284809,0.9930249,0.031734213,-0.008069024,-0.11326755,0.0,0.0,0.0,0.0,0
9149308670,9149295321,0.9930421,0.031718794,-0.008067821,-0.11312086,0.0,0.0,0.0,0.0,0
9149318103,9149305729,0.9930561,0.03171794,-0.008067922,-0.11299788,0.0,0.0,0.0,0.0,0
9149328667,9149315432,0.99306947,0.03173481,-0.008073222,-0.11287564,0.0,0.0,0.0,0.0,0
9149338162,9149325745,0.993083,0.031730752,-0.008084021,-0.112756945,0.0,0.0,0.0,0.0,0
9149348789,9149335225,0.9930997,0.031710852,-0.008093929,-0.11261403,0.0,0.0,0.0,0.0,0
9149358144,9149345474,0.993114,0.031707693,-0.008101652,-0.11248816,0.0,0.0,0.0,0.0,0
9149368708,9149355474,0.99312884,0.03170593,-0.008115402,-0.112356484,0.0,0.0,0.0,0.0,0
9149379178,9149365739,0.993143,0.03170586,-0.008127541,-0.11223126,0.0,0.0,0.0,0.0,0
9149388528,9149376172,0.99315596,0.03170993,-0.008129209,-0.11211462,0.0,0.0,0.0,0.0,0
9149397956,9149385817,0.9931701,0.03171627,-0.008123578,-0.111987844,0.0,0.0,0.0,0.0,0
9149408417,9149395268,0.9931864,0.031719256,-0.008120678,-0.11184234,0.0,0.0,0.0,0.0,0
9149419946,9149405284,0.9932024,0.031728014,-0.008112683,-0.1116988,0.0,0.0,0.0,0.0,0
9149428453,9149415695,0.9932184,0.03174124,-0.008105665,-0.11155275,0.0,0.0,0.0,0.0,0
9149441711,9149425517,0.99323523,0.0317504,-0.008109246,-0.111400016,0.0,0.0,0.0,0.0,0
9149449378,9149438247,0.9932447,0.031750455,-0.008110597,-0.11131553,0.0,0.0,0.0,0.0,0
9149458936,9149446267,0.99325657,0.031750098,-0.008104244,-0.111210145,0.0,0.0,0.0,0.0,0
9149468487,9149456038,0.99326783,0.031750944,-0.008099232,-0.11110955,0.0,0.0,0.0,0.0,0
9149478989,9149465568,0.9932803,0.031750247,-0.008095025,-0.11099894,0.0,0.0,0.0,0.0,0
9149489547,9149476043,0.99329466,0.031743325,-0.008093445,-0.11087271,0.0,0.0,0.0,0.0,0
9149497890,9149485974,0.9933057,0.031742424,-0.008093927,-0.11077321,0.0,0.0,0.0,0.0,0
9149508871,9149494980,0.9933193,0.031737987,-0.008090033,-0.11065296,0.0,0.0,0.0,0.0,0
9149519399,9149505909,0.9933325,0.0317281,-0.008090821,-0.11053789,0.0,0.0,0.0,0.0,0
9149529142,9149516386,0.9933451,0.031734005,-0.008094338,-0.110421985,0.0,0.0,0.0,0.0,0
9149538500,9149525376,0.99335706,0.031745736,-0.008096264,-0.11031076,0.0,0.0,0.0,0.0,0
9149549331,9149535786,0.9933702,0.03174466,-0.008096531,-0.11019271,0.0,0.0,0.0,0.0,0
9149560247,9149546223,0.9933827,0.031748503,-0.00809256,-0.110079035,0.0,0.0,0.0,0.0,0
9149567665,9149556251,0.9933911,0.031754483,-0.008087156,-0.110001765,0.0,0.0,0.0,0.0,0
9149578131,9149564993,0.99340934,0.031750496,-0.00808183,-0.109838806,0.0,0.0,0.0,0.0,0
9149588614,9149575449,0.9934035,0.0317513,-0.008091382,-0.109890476,0.0,0.0,0.0,0.0,0
9149599209,9149585658,0.99339724,0.03174408,-0.008107315,-0.10994807,0.0,0.0,0.0,0.0,0
9149608777,9149595689,0.9933919,0.03172926,-0.008118784,-0.10999999,0.0,0.0,0.0,0.0,0
9149619114,9149605945,0.9933868,0.03172769,-0.0081287855,-0.11004561,0.0,0.0,0.0,0.0,0
9149628447,9149615976,0.99338174,0.031739507,-0.008141109,-0.11008679,0.0,0.0,0.0,0.0,0
9149637898,9149625561,0.99337554,0.03175515,-0.008149131,-0.11013751,0.0,0.0,0.0,0.0,0
9149649388,9149635230,0.9933687,0.03175939,-0.008149279,-0.11019894,0.0,0.0,0.0,0.0,0
9149658741,9149646495,0.9933634,0.031751562,-0.008146849,-0.11024901,0.0,0.0,0.0,0.0,0
9149669437,9149655681,0.99335766,0.03174985,-0.00814504,-0.11030098,0.0,0.0,0.0,0.0,0
9149677993,9149665613,0.9933533,0.03175361,-0.008150237,-0.1103385,0.0,0.0,0.0,0.0,0
9149688754,9149675094,0.99334735,0.031754415,-0.008159912,-0.11039101,0.0,0.0,0.0,0.0,0
9149698613,9149685975,0.993341,0.031769466,-0.008163347,-0.110443525,0.0,0.0,0.0,0.0,0
9149709387,9149695491,0.99333405,0.031784855,-0.008174432,-0.11050104,0.0,0.0,0.0,0.0,0
9149718745,9149706447,0.99335563,0.031785585,-0.008172659,-0.11030677,0.0,0.0,0.0,0.0,0
9149729239,9149715874,0.9933926,0.031788204,-0.008160154,-0.1099739,0.0,0.0,0.0,0.0,0
9149739726,9149726098,0.9934298,0.031787895,-0.008160608,-0.1096371,0.0,0.0,0.0,0.0,0
9149749235,9149736415,0.9934625,0.031797085,-0.008165202,-0.1093366,0.0,0.0,0.0,0.0,0
9149758586,9149746510,0.9934946,0.031816352,-0.008153272,-0.10904072,0.0,0.0,0.0,0.0,0
9149769172,9149755914,0.9935303,0.031834926,-0.008135573,-0.108711064,0.0,0.0,0.0,0.0,0
9149778627,9149766268,0.9935615,0.031852562,-0.008121058,-0.10842141,0.0,0.0,0.0,0.0,0
9149789161,9149775928,0.9935969,0.031863276,-0.008105573,-0.1080938,0.0,0.0,0.0,0.0,0
9149799458,9149786439,0.9936323,0.031865165,-0.008091161,-0.107768945,0.0,0.0,0.0,0.0,0
9149809998,9149796348,0.9936676,0.031873554,-0.008071086,-0.10744171,0.0,0.0,0.0,0.0,0
9149818386,9149806518,0.9936955,0.031879317,-0.008059085,-0.10718178,0.0,0.0,0.0,0.0,0
9149828914,9149815479,0.99373144,0.031879276,-0.008043423,-0.10685082,0.0,0.0,0.0,0.0,0
9149839324,9149826145,0.993766,0.031880558,-0.008029406,-0.10652894,0.0,0.0,0.0,0.0,0
9149849868,9149836204,0.9938009,0.03187765,-0.008026488,-0.106203586,0.0,0.0,0.0,0.0,0
9149859218,9149846033,0.99382865,0.031878166,-0.008029334,-0.105943196,0.0,0.0,0.0,0.0,0
9149869655,9149856516,0.99385417,0.03188102,-0.008029301,-0.105702855,0.0,0.0,0.0,0.0,0
9149880415,9149866531,0.99388194,0.0318684,-0.008035424,-0.10544524,0.0,0.0,0.0,0.0,0
9149888792,9149876634,0.99390376,0.031861283,-0.0080435295,-0.1052409,0.0,0.0,0.0,0.0,0
9149899248,9149885890,0.99393046,0.031868827,-0.00804958,-0.1049857,0.0,0.0,0.0,0.0,0
9149909875,9149896125,0.99395746,0.031877123,-0.008048375,-0.10472636,0.0,0.0,0.0,0.0,0
9149920366,9149906755,0.99398345,0.03187937,-0.008039589,-0.10448064,0.0,0.0,0.0,0.0,0
9149928915,9149916559,0.9940036,0.031879134,-0.008036125,-0.10428903,0.0,0.0,0.0,0.0,0
9149939530,9149926165,0.9940284,0.03188137,-0.008029927,-0.10405111,0.0,0.0,0.0,0.0,0
9149948930,9149936840,0.9940507,0.03188948,-0.008027884,-0.10383595,0.0,0.0,0.0,0.0,0
9149958498,9149945846,0.99407315,0.0319007,-0.008027892,-0.10361728,0.0,0.0,0.0,0.0,0
9149968971,9149955556,0.994097,0.03191489,-0.008025169,-0.103383176,0.0,0.0,0.0,0.0,0
9149979463,9149966242,0.99412143,0.031920865,-0.008009159,-0.10314866,0.0,0.0,0.0,0.0,0
9149990872,9149976301,0.99414957,0.03192284,-0.00798877,-0.10287712,0.0,0.0,0.0,0.0,0
9149999332,9149986513,0.99416596,0.031929146,-0.00798873,-0.10271662,0.0,0.0,0.0,0.0,0
9150009144,9149996405,0.9941862,0.031936083,-0.007994113,-0.10251892,0.0,0.0,0.0,0.0,0
9150019159,9150006376,0.9942074,0.031934995,-0.007997492,-0.10231253,0.0,0.0,0.0,0.0,0
9150029735,9150016239,0.99423045,0.03193294,-0.0079952795,-0.10208938,0.0,0.0,0.0,0.0,0
9150039128,9150026773,0.9942512,0.03193608,-0.007989389,-0.10188675,0.0,0.0,0.0,0.0,0
9150049462,9150036210,0.9942742,0.031927798,-0.007992464,-0.10166444,0.0,0.0,0.0,0.0,0
9150060868,9150046308,0.9942979,0.03193327,-0.007999397,-0.10143019,0.0,0.0,0.0,0.0,0
9150069306,9150056896,0.9943152,0.03194549,-0.007998863,-0.10125688,0.0,0.0,0.0,0.0,0
9150079856,9150066600,0.9943377,0.031942423,-0.008003787,-0.10103552,0.0,0.0,0.0,0.0,0
9150089190,9150077098,0.9943578,0.03194898,-0.008012458,-0.100835405,0.0,0.0,0.0,0.0,0
9150099757,9150086318,0.99438035,0.031958174,-0.008014343,-0.1006088,0.0,0.0,0.0,0.0,0
9150109413,9150095962,0.9944001,0.031965926,-0.008016406,-0.10041126,0.0,0.0,0.0,0.0,0
9150119854,9150106642,0.99442136,0.03197195,-0.008020532,-0.100198,0.0,0.0,0.0,0.0,0
9150130629,9150116756,0.9944435,0.031975437,-0.008013267,-0.09997787,0.0,0.0,0.0,0.0,0
9150139055,9150127079,0.9944637,0.031989247,-0.0079977065,-0.09977397,0.0,0.0,0.0,0.0,0
9150149624,9150136152,0.99448603,0.032002162,-0.0079824,-0.09954831,0.0,0.0,0.0,0.0,0
9150160097,9150146515,0.9945088,0.032001566,-0.00797847,-0.099320196,0.0,0.0,0.0,0.0,0
9150169538,9150156940,0.9945304,0.031997457,-0.007978156,-0.09910564,0.0,0.0,0.0,0.0,0
9150179967,9150165898,0.9945545,0.031996623,-0.007974695,-0.09886375,0.0,0.0,0.0,0.0,0
9150189301,9150177027,0.9945759,0.03199877,-0.007975122,-0.098647565,0.0,0.0,0.0,0.0,0
9150199833,9150186211,0.99459994,0.031995792,-0.007988326,-0.09840412,0.0,0.0,0.0,0.0,0
9150209362,9150196934,0.99462086,0.031992305,-0.007995837,-0.0981933,0.0,0.0,0.0,0.0,0
9150219953,9150206467,0.9946432,0.031988647,-0.007987666,-0.097969055,0.0,0.0,0.0,0.0,0
9150230396,9150217239,0.994666,0.03197576,-0.007976701,-0.09774307,0.0,0.0,0.0,0.0,0
9150241057,9150227442,0.99468917,0.03195636,-0.007969348,-0.09751283,0.0,0.0,0.0,0.0,0
9150249664,9150237046,0.9947075,0.03195175,-0.0079674795,-0.09732749,0.0,0.0,0.0,0.0,0
9150259965,9150246829,0.994729,0.031957798,-0.007971397,-0.09710582,0.0,0.0,0.0,0.0,0
9150270418,9150257260,0.9947508,0.03196186,-0.007972975,-0.09688098,0.0,0.0,0.0,0.0,0
9150279927,9150267465,0.99477625,0.03195527,-0.007981105,-0.09662008,0.0,0.0,0.0,0.0,0
9150289325,9150277179,0.9947966,0.031958103,-0.007980237,-0.096410185,0.0,0.0,0.0,0.0,0
9150300115,9150286619,0.9948201,0.03196944,-0.00797271,-0.096163906,0.0,0.0,0.0,0.0,0
9150310646,9150297127,0.9948435,0.031976473,-0.007968794,-0.09591869,0.0,0.0,0.0,0.0,0
9150319986,9150307310,0.9948644,0.03197968,-0.00796177,-0.09570134,0.0,0.0,0.0,0.0,0
9150329734,9150317053,0.9948862,0.031979226,-0.007957441,-0.09547485,0.0,0.0,0.0,0.0,0
9150340228,9150326905,0.99490905,0.031985085,-0.007947423,-0.09523602,0.0,0.0,0.0,0.0,0
9150349407,9150337285,0.9949288,0.03199376,-0.007941535,-0.09502744,0.0,0.0,0.0,0.0,0
9150359831,9150346493,0.99495065,0.032013185,-0.007940124,-0.094790705,0.0,0.0,0.0,0.0,0
9150370347,9150357134,0.99497205,0.03204015,-0.007939243,-0.09455706,0.0,0.0,0.0,0.0,0
9150381117,9150367013,0.9949947,0.032058697,-0.007932405,-0.094312705,0.0,0.0,0.0,0.0,0
9150389475,9150377776,0.99501294,0.03206248,-0.007927381,-0.094119154,0.0,0.0,0.0,0.0,0
9150401943,9150386764,0.99503976,0.03205862,-0.007927409,-0.093837105,0.0,0.0,0.0,0.0,0
9150410390,9150397271,0.9950582,0.032054927,-0.007926271,-0.09364215,0.0,0.0,0.0,0.0,0
9150419780,9150407652,0.99508065,0.032054465,-0.0079216845,-0.09340404,0.0,0.0,0.0,0.0,0
9150430319,9150416514,0.99510556,0.03205812,-0.0079129925,-0.09313786,0.0,0.0,0.0,0.0,0
9150439649,9150427566,0.99512756,0.03206147,-0.007905336,-0.092902526,0.0,0.0,0.0,0.0,0
9150451263,9150436751,0.99515474,0.032065544,-0.007895791,-0.0926098,0.0,0.0,0.0,0.0,0
9150459661,9150447640,0.99517435,0.032068435,-0.007888884,-0.092398375,0.0,0.0,0.0,0.0,0
9150470171,9150456983,0.99519885,0.03207205,-0.007880247,-0.092134014,0.0,0.0,0.0,0.0,0
9150480639,9150467683,0.99522305,0.03207557,-0.007871633,-0.09187091,0.0,0.0,0.0,0.0,0
9150491141,9150477723,0.9952473,0.0320793,-0.00786305,-0.09160726,0.0,0.0,0.0,0.0,0
9150499516,9150487312,0.9952666,0.03208227,-0.007856212,-0.09139721,0.0,0.0,0.0,0.0,0
9150509965,9150497015,0.9952906,0.03208597,-0.007847687,-0.091135405,0.0,0.0,0.0,0.0,0
9150520540,9150507471,0.9953148,0.03208957,-0.007839031,-0.09087058,0.0,0.0,0.0,0.0,0
9150530372,9150517628,0.99533707,0.032092977,-0.007831009,-0.0906247,0.0,0.0,0.0,0.0,0
9150539830,9150527574,0.9953585,0.032096177,-0.00782329,-0.090388626,0.0,0.0,0.0,0.0,0
9150550877,9150537296,0.99538356,0.032099918,-0.007814265,-0.09011262,0.0,0.0,0.0,0.0,0
9150561433,9150547958,0.9954045,0.03210316,-0.0078066215,-0.089879915,0.0,0.0,0.0,0.0,0
9150569923,9150557453,0.9954033,0.03210426,-0.0078069335,-0.08989258,0.0,0.0,0.0,0.0,0
9150580378,9150567417,0.99540186,0.03210575,-0.0078073493,-0.08990816,0.0,0.0,0.0,0.0,0
9150590784,9150577853,0.9954004,0.032107096,-0.0078077307,-0.08992364,0.0,0.0,0.0,0.0,0
9150600309,9150587902,0.99539906,0.032108564,-0.007811393,-0.08993769,0.0,0.0,0.0,0.0,0
9150609785,9150597608,0.9953977,0.032111093,-0.007813203,-0.0899517,0.0,0.0,0.0,0.0,0
9150620304,9150607275,0.99539626,0.032110978,-0.0078149475,-0.08996723,0.0,0.0,0.0,0.0,0
9150631959,9150617386,0.9953948,0.032109667,-0.007817632,-0.08998439,0.0,0.0,0.0,0.0,0
9150639299,9150627705,0.99539363,0.032115653,-0.007818343,-0.0899952,0.0,0.0,0.0,0.0,0
9150649847,9150636618,0.9953914,0.032122813,-0.007820572,-0.090015754,0.0,0.0,0.0,0.0,0
9150660176,9150646946,0.9953894,0.032129683,-0.007822716,-0.09003584,0.0,0.0,0.0,0.0,0
9150670753,9150657270,0.99538827,0.03213398,-0.007828684,-0.09004621,0.0,0.0,0.0,0.0,0
9150680203,9150668259,0.99538773,0.032122217,-0.007848329,-0.0900559,0.0,0.0,0.0,0.0,0
9150690635,9150677495,0.9953866,0.032110214,-0.007859737,-0.09007158,0.0,0.0,0.0,0.0,0
9150702049,9150687725,0.9954142,0.032108404,-0.007843602,-0.08976725,0.0,0.0,0.0,0.0,0
9150709479,9150698093,0.995445,0.032107007,-0.007832508,-0.089426935,0.0,0.0,0.0,0.0,0
9150720096,9150706776,0.9954883,0.032096434,-0.007830438,-0.088946655,0.0,0.0,0.0,0.0,0
9150730454,9150717527,0.9955306,0.03208291,-0.007824541,-0.08847837,0.0,0.0,0.0,0.0,0
9150740956,9150727743,0.9955723,0.032080423,-0.007815763,-0.0880091,0.0,0.0,0.0,0.0,0
9150749895,9150737474,0.99560726,0.032089245,-0.0078105237,-0.08760993,0.0,0.0,0.0,0.0,0
9150760336,9150747171,0.99564755,0.032099254,-0.007791201,-0.08714848,0.0,0.0,0.0,0.0,0
9150771774,9150757428,0.99569166,0.03210406,-0.0077679073,-0.08664369,0.0,0.0,0.0,0.0,0
9150780247,9150768012,0.9957245,0.03210578,-0.0077577187,-0.08626625,0.0,0.0,0.0,0.0,0
9150790703,9150777534,0.9957643,0.032110013,-0.0077364254,-0.085805655,0.0,0.0,0.0,0.0,0
9150800960,9150788016,0.99580353,0.032114107,-0.007715731,-0.08534944,0.0,0.0,0.0,0.0,0
9150811398,9150798194,0.99584335,0.032125503,-0.0077019655,-0.084880635,0.0,0.0,0.0,0.0,0
9150819770,9150807796,0.9958749,0.03213271,-0.007687153,-0.084509045,0.0,0.0,0.0,0.0,0
9150830259,9150817300,0.99591386,0.032134682,-0.007667859,-0.084048964,0.0,0.0,0.0,0.0,0
9150840738,9150827759,0.9959313,0.0321457,-0.007653931,-0.08383888,0.0,0.0,0.0,0.0,0
9150850139,9150837795,0.9959527,0.03215768,-0.0076414957,-0.08357974,0.0,0.0,0.0,0.0,0
9150860817,9150847457,0.99597704,0.03217012,-0.0076340237,-0.08328582,0.0,0.0,0.0,0.0,0
9150871320,9150858104,0.9960016,0.03217361,-0.007624614,-0.08299187,0.0,0.0,0.0,0.0,0
9150881737,9150868338,0.99602556,0.03216781,-0.007616521,-0.082705975,0.0,0.0,0.0,0.0,0
9150890118,9150877942,0.99604464,0.032169774,-0.0076076766,-0.08247604,0.0,0.0,0.0,0.0,0
9150900826,9150887637,0.9960694,0.032172237,-0.0075965584,-0.0821774,0.0,0.0,0.0,0.0,0
9150911301,9150897879,0.9960934,0.032171942,-0.007590551,-0.081885576,0.0,0.0,0.0,0.0,0
9150920786,9150908578,0.9961145,0.03218034,-0.0075837253,-0.08162603,0.0,0.0,0.0,0.0,0
9150931273,9150918083,0.99613726,0.032191373,-0.0075812596,-0.08134439,0.0,0.0,0.0,0.0,0
9150940865,9150928379,0.9961581,0.0321963,-0.007577222,-0.08108701,0.0,0.0,0.0,0.0,0
9150952418,9150937728,0.99618316,0.032200385,-0.0075665913,-0.08077723,0.0,0.0,0.0,0.0,0
9150960780,9150948155,0.99620116,0.032206036,-0.0075620264,-0.0805533,0.0,0.0,0.0,0.0,0
9150970227,9150958071,0.9962216,0.032205913,-0.0075563486,-0.080300845,0.0,0.0,0.0,0.0,0
9150980770,9150967525,0.9962389,0.03220518,-0.0075525492,-0.0800873,0.0,0.0,0.0,0.0,0
9150991254,9150977802,0.9962628,0.032219585,-0.007554892,-0.07978364,0.0,0.0,0.0,0.0,0
9151000716,9150988510,0.9962839,0.03223137,-0.0075482517,-0.079514205,0.0,0.0,0.0,0.0,0
9151011207,9150997803,0.9963076,0.032239564,-0.0075274315,-0.07921529,0.0,0.0,0.0,0.0,0
9151021710,9151008262,0.9963317,0.0322477,-0.0075067803,-0.0789112,0.0,0.0,0.0,0.0,0
9151030018,9151018542,0.9963508,0.032254912,-0.007500441,-0.07866708,0.0,0.0,0.0,0.0,0
9151040552,9151027351,0.9963744,0.03226148,-0.0075081205,-0.0783633,0.0,0.0,0.0,0.0,0
9151050954,9151037859,0.996397,0.03226631,-0.007510146,-0.07807361,0.0,0.0,0.0,0.0,0
9151060384,9151048052,0.9964179,0.03225885,-0.0075038546,-0.07781115,0.0,0.0,0.0,0.0,0
9151071011,9151057288,0.99644184,0.03224253,-0.0074970885,-0.07751058,0.0,0.0,0.0,0.0,0
9151081553,9151068314,0.9964654,0.03223131,-0.007492943,-0.07721295,0.0,0.0,0.0,0.0,0
9151090833,9151078371,0.996486,0.032228984,-0.007491336,-0.07694664,0.0,0.0,0.0,0.0,0
9151100301,9151087754,0.9965072,0.032235786,-0.0074793748,-0.07667026,0.0,0.0,0.0,0.0,0
9151110838,9151097422,0.99653,0.032250624,-0.007466467,-0.076368034,0.0,0.0,0.0,0.0,0
9151121330,9151108163,0.996557,0.03225869,-0.00745136,-0.07601369,0.0,0.0,0.0,0.0,0
9151131836,9151118257,0.9965735,0.03225435,-0.007436983,-0.07580072,0.0,0.0,0.0,0.0,0
9151141310,9151128261,0.99658763,0.032255523,-0.0074315364,-0.07561364,0.0,0.0,0.0,0.0,0
9151152137,9151138611,0.9966031,0.03226541,-0.0074317683,-0.075405575,0.0,0.0,0.0,0.0,0
9151161244,9151148742,0.9966163,0.032266147,-0.007432668,-0.07523067,0.0,0.0,0.0,0.0,0
9151170768,9151158151,0.9966304,0.03225894,-0.007428392,-0.07504793,0.0,0.0,0.0,0.0,0
9151181246,9151167890,0.99664617,0.03224697,-0.007427163,-0.07484218,0.0,0.0,0.0,0.0,0
9151191697,9151178583,0.9966622,0.032238353,-0.007429972,-0.07463225,0.0,0.0,0.0,0.0,0
9151202120,9151188773,0.99667764,0.0322365,-0.0074201394,-0.07442762,0.0,0.0,0.0,0.0,0
9151210553,9151198531,0.99669015,0.03224444,-0.007404302,-0.07425782,0.0,0.0,0.0,0.0,0
9151221103,9151207872,0.9967062,0.03224987,-0.0073952973,-0.07404077,0.0,0.0,0.0,0.0,0
9151231551,9151218359,0.9967218,0.032246884,-0.007400039,-0.07383163,0.0,0.0,0.0,0.0,0
9151241934,9151228416,0.996737,0.03225329,-0.007396806,-0.0736238,0.0,0.0,0.0,0.0,0
9151251190,9151239164,0.99675,0.032265868,-0.0073878733,-0.0734429,0.0,0.0,0.0,0.0,0
9151261687,9151248273,0.9967687,0.03228268,-0.0073739644,-0.07318311,0.0,0.0,0.0,0.0,0
9151272306,9151258621,0.99677455,0.03229093,-0.007365841,-0.07309917,0.0,0.0,0.0,0.0,0
9151280789,9151268996,0.9967795,0.032294326,-0.007362052,-0.07303227,0.0,0.0,0.0,0.0,0
9151291140,9151277822,0.9967854,0.03229618,-0.007359393,-0.07295087,0.0,0.0,0.0,0.0,0
9151301596,9151288435,0.9967919,0.03229029,-0.007363545,-0.072863914,0.0,0.0,0.0,0.0,0
9151312131,9151298662,0.9967976,0.0322882,-0.007363995,-0.072786555,0.0,0.0,0.0,0.0,0
9151321667,9151307857,0.9968021,0.032297034,-0.0073551494,-0.072720855,0.0,0.0,0.0,0.0,0
9151332079,9151318923,0.99680734,0.03230839,-0.0073508634,-0.07264412,0.0,0.0,0.0,0.0,0
9151342656,9151328937,0.996813,0.03231058,-0.0073546534,-0.072566435,0.0,0.0,0.0,0.0,0
9151351125,9151338967,0.9968173,0.03230785,-0.007356033,-0.0725085,0.0,0.0,0.0,0.0,0
9151361618,9151348392,0.99682254,0.032305814,-0.007359311,-0.07243671,0.0,0.0,0.0,0.0,0
9151371996,9151358884,0.99682736,0.032316927,-0.007357748,-0.07236544,0.0,0.0,0.0,0.0,0
9151382497,9151369076,0.9968323,0.03232625,-0.007352326,-0.07229344,0.0,0.0,0.0,0.0,0
9151390956,9151378692,0.9968375,0.032323193,-0.0073540467,-0.07222338,0.0,0.0,0.0,0.0,0
9151401568,9151388260,0.9968535,0.03232039,-0.0073523154,-0.072004445,0.0,0.0,0.0,0.0,0
9151412066,9151398213,0.9968842,0.03232282,-0.007346984,-0.07157659,0.0,0.0,0.0,0.0,0
9151421406,9151409080,0.9969109,0.032332096,-0.0073418557,-0.07120079,0.0,0.0,0.0,0.0,0
9151431934,9151418528,0.9969407,0.03234778,-0.007324867,-0.07077721,0.0,0.0,0.0,0.0,0
9151442404,9151429028,0.9969704,0.032350704,-0.0073121795,-0.07035654,0.0,0.0,0.0,0.0,0
9151452875,9151439435,0.9970005,0.032347184,-0.007298453,-0.06993124,0.0,0.0,0.0,0.0,0
9151461199,9151448855,0.99702454,0.03234632,-0.0072826506,-0.06958922,0.0,0.0,0.0,0.0,0
9151471675,9151458531,0.99705404,0.032354277,-0.0072683436,-0.069164164,0.0,0.0,0.0,0.0,0
9151482078,9151468979,0.9970821,0.032368306,-0.007252828,-0.06875272,0.0,0.0,0.0,0.0,0
9151490979,9151479164,0.9971059,0.032381084,-0.0072444994,-0.06840122,0.0,0.0,0.0,0.0,0
9151501535,9151488088,0.9971344,0.032395545,-0.007242024,-0.06797974,0.0,0.0,0.0,0.0,0
9151512155,9151498773,0.9971629,0.032407295,-0.007228324,-0.06755584,0.0,0.0,0.0,0.0,0
9151523000,9151508898,0.99719167,0.032424722,-0.007209578,-0.06712291,0.0,0.0,0.0,0.0,0
9151531579,9151519136,0.99721384,0.032445125,-0.0071943966,-0.06678493,0.0,0.0,0.0,0.0,0
9151541334,9151528836,0.99722415,0.032449614,-0.007186804,-0.06662962,0.0,0.0,0.0,0.0,0
9151551777,9151538617,0.99723625,0.03243798,-0.0071863146,-0.06645464,0.0,0.0,0.0,0.0,0
9151561270,9151548876,0.9972476,0.0324289,-0.007190766,-0.06628683,0.0,0.0,0.0,0.0,0
9151572077,9151558387,0.9972602,0.03243062,-0.0071952143,-0.06609572,0.0,0.0,0.0,0.0,0
9151582551,9151569128,0.99727154,0.032440186,-0.007192477,-0.06592058,0.0,0.0,0.0,0.0,0
9151592132,9151579400,0.9972817,0.032442417,-0.007186674,-0.065765314,0.0,0.0,0.0,0.0,0
9151601389,9151588584,0.99729156,0.032444276,-0.0071874755,-0.06561565,0.0,0.0,0.0,0.0,0
9151611947,9151598711,0.9973029,0.03244961,-0.007192393,-0.06544007,0.0,0.0,0.0,0.0,0
9151622061,9151609035,0.997314,0.03245885,-0.0071870266,-0.06526673,0.0,0.0,0.0,0.0,0
9151632542,9151619120,0.9973255,0.032468878,-0.007174248,-0.06508699,0.0,0.0,0.0,0.0,0
9151642119,9151628942,0.99733573,0.03247454,-0.007165518,-0.06492771,0.0,0.0,0.0,0.0,0
9151653557,9151639619,0.99734795,0.03247709,-0.007158785,-0.0647378,0.0,0.0,0.0,0.0,0
9151663358,9151648958,0.9973585,0.032477938,-0.0071543343,-0.0645752,0.0,0.0,0.0,0.0,0
9151671700,9151659430,0.9973674,0.03248087,-0.007150672,-0.06443699,0.0,0.0,0.0,0.0,0
9151682143,9151669188,0.9973863,0.032485265,-0.007142113,-0.06414297,0.0,0.0,0.0,0.0,0
9151691618,9151679643,0.99739224,0.032486785,-0.0071385824,-0.06404946,0.0,0.0,0.0,0.0,0
9151703058,9151688906,0.9973995,0.03249038,-0.007132843,-0.06393675,0.0,0.0,0.0,0.0,0
9151711484,9151699091,0.9974047,0.03249194,-0.007129758,-0.06385377,0.0,0.0,0.0,0.0,0
9151721953,9151709014,0.9974113,0.032492325,-0.0071273013,-0.06375066,0.0,0.0,0.0,0.0,0
9151732374,9151719457,0.99741787,0.032493442,-0.0071242093,-0.06364817,0.0,0.0,0.0,0.0,0
9151741949,9151729471,0.9974238,0.032495216,-0.0071207113,-0.06355414,0.0,0.0,0.0,0.0,0
9151751303,9151739218,0.99742967,0.032496944,-0.0071172966,-0.06346235,0.0,0.0,0.0,0.0,0
9151761802,9151748834,0.9974362,0.03249732,-0.0071148453,-0.06335936,0.0,0.0,0.0,0.0,0
9151773271,9151758886,0.9974434,0.032498468,-0.007111355,-0.063246995,0.0,0.0,0.0,0.0,0
9151781732,9151769289,0.9974485,0.03250002,-0.007108272,-0.063164204,0.0,0.0,0.0,0.0,0
9151792335,9151779056,0.99745506,0.032500394,-0.007105804,-0.06306048,0.0,0.0,0.0,0.0,0
9151802740,9151789796,0.9974615,0.03249995,-0.0071040993,-0.06295879,0.0,0.0,0.0,0.0,0
9151812269,9151799841,0.99746734,0.032501705,-0.0071006324,-0.06286584,0.0,0.0,0.0,0.0,0
9151821668,9151809759,0.9974802,0.032504115,-0.0070934943,-0.0626608,0.0,0.0,0.0,0.0,0
9151832305,9151819164,0.9974787,0.032505017,-0.0070937965,-0.0626859,0.0,0.0,0.0,0.0,0
9151843812,9151829126,0.9974769,0.032506052,-0.0070941364,-0.062713005,0.0,0.0,0.0,0.0,0
9151852597,9151839817,0.99747556,0.03250679,-0.0070943856,-0.06273367,0.0,0.0,0.0,0.0,0
9151862050,9151850099,0.9974742,0.03250618,-0.0070958924,-0.06275584,0.0,0.0,0.0,0.0,0
9151872479,9151859353,0.99747264,0.032505505,-0.0070975525,-0.062780276,0.0,0.0,0.0,0.0,0
9151882013,9151869582,0.9974712,0.032506306,-0.0070978184,-0.06280264,0.0,0.0,0.0,0.0,0
9151892449,9151879119,0.99746966,0.03250563,-0.007099477,-0.06282704,0.0,0.0,0.0,0.0,0
9151903892,9151889756,0.99746805,0.032503195,-0.0071027926,-0.06285371,0.0,0.0,0.0,0.0,0
9151913279,9151900057,0.9974667,0.032502,-0.0071048643,-0.062875606,0.0,0.0,0.0,0.0,0
9151921683,9151909807,0.99746543,0.0325026,-0.007105067,-0.06289526,0.0,0.0,0.0,0.0,0
9151932173,9151919024,0.9974639,0.032503348,-0.0071053198,-0.062919766,0.0,0.0,0.0,0.0,0
9151942661,9151929447,0.99746233,0.032504093,-0.0071055726,-0.06294423,0.0,0.0,0.0,0.0,0
9151952870,9151939917,0.9974608,0.032504886,-0.0071058334,-0.062968016,0.0,0.0,0.0,0.0,0
9151962163,9151948960,0.99747294,0.03250593,-0.0071003516,-0.0627755,0.0,0.0,0.0,0.0,0
9151972123,9151959489,0.99748695,0.03250717,-0.0070939013,-0.06255159,0.0,0.0,0.0,0.0,0
9151982501,9151969536,0.99750155,0.03251001,-0.007085823,-0.062318545,0.0,0.0,0.0,0.0,0
9151991966,9151979745,0.9975148,0.032512467,-0.0070784367,-0.06210622,0.0,0.0,0.0,0.0,0
9152002754,9151989239,0.9975298,0.03251526,-0.007070026,-0.061864458,0.0,0.0,0.0,0.0,0
9152012167,9152000024,0.99754286,0.03251642,-0.0070639565,-0.06165364,0.0,0.0,0.0,0.0,0
9152023640,9152009454,0.99755865,0.032519534,-0.0070550567,-0.06139701,0.0,0.0,0.0,0.0,0
9152032095,9152019480,0.9975701,0.032522805,-0.007049733,-0.06120805,0.0,0.0,0.0,0.0,0
9152042615,9152029374,0.9975845,0.032526877,-0.007043114,-0.06097314,0.0,0.0,0.0,0.0,0
9152052893,9152039825,0.99759847,0.032529645,-0.0070351623,-0.06074405,0.0,0.0,0.0,0.0,0
9152062520,9152050023,0.9976114,0.03253223,-0.007027711,-0.060529396,0.0,0.0,0.0,0.0,0
9152072999,9152059738,0.9976255,0.032535043,-0.0070196115,-0.06029607,0.0,0.0,0.0,0.0,0
9152082525,9152070435,0.99763834,0.032535456,-0.007014155,-0.060084168,0.0,0.0,0.0,0.0,0
9152093935,9152079530,0.9976536,0.03253682,-0.007006853,-0.059830576,0.0,0.0,0.0,0.0,0
9152102355,9152090157,0.9976651,0.032539107,-0.007000184,-0.059638306,0.0,0.0,0.0,0.0,0
9152112864,9152099848,0.9976726,0.032539606,-0.0069969296,-0.059511244,0.0,0.0,0.0,0.0,0
9152122272,9152110373,0.9976794,0.032539956,-0.0069926637,-0.059397686,0.0,0.0,0.0,0.0,0
9152132862,9152119584,0.9976869,0.032543268,-0.0069895335,-0.059269916,0.0,0.0,0.0,0.0,0
9152142308,9152130143,0.9976937,0.032543715,-0.006986617,-0.059156038,0.0,0.0,0.0,0.0,0
9152153661,9152139564,0.9977019,0.032542426,-0.0069845757,-0.059019256,0.0,0.0,0.0,0.0,0
9152164331,9152149861,0.9977095,0.03254122,-0.0069826576,-0.05889088,0.0,0.0,0.0,0.0,0
9152171715,9152160285,0.99771476,0.032541476,-0.0069803577,-0.058802146,0.0,0.0,0.0,0.0,0
9152182192,9152169218,0.99772215,0.03254353,-0.006975745,-0.058676396,0.0,0.0,0.0,0.0,0
9152192644,9152179728,0.9977295,0.032545574,-0.0069711483,-0.058551084,0.0,0.0,0.0,0.0,0
9152203148,9152189944,0.9977368,0.032547623,-0.0069665345,-0.0584253,0.0,0.0,0.0,0.0,0
9152212539,9152199825,0.99774337,0.032549452,-0.0069624125,-0.05831291,0.0,0.0,0.0,0.0,0
9152222946,9152210059,0.9977506,0.032551337,-0.006957822,-0.0581885,0.0,0.0,0.0,0.0,0
9152234471,9152220459,0.99775857,0.0325535,-0.0069527603,-0.05805088,0.0,0.0,0.0,0.0,0
9152241950,9152230480,0.99777013,0.032555725,-0.0069458447,-0.057850007,0.0,0.0,0.0,0.0,0
9152252517,9152239380,0.9977771,0.03255617,-0.006942797,-0.057729397,0.0,0.0,0.0,0.0,0
9152262931,9152250013,0.9977841,0.03255661,-0.0069397963,-0.057610657,0.0,0.0,0.0,0.0,0
9152273451,9152260176,0.997791,0.032557048,-0.006936768,-0.057490896,0.0,0.0,0.0,0.0,0
9152282812,9152270069,0.9977971,0.032558825,-0.0069328356,-0.057384383,0.0,0.0,0.0,0.0,0
9152292252,9152280308,0.9978032,0.032560613,-0.0069288765,-0.057277143,0.0,0.0,0.0,0.0,0
9152302657,9152289538,0.99781,0.032560907,-0.00692586,-0.057158947,0.0,0.0,0.0,0.0,0
9152312132,9152299741,0.9978161,0.032563176,-0.0069238977,-0.057051435,0.0,0.0,0.0,0.0,0
9152322645,9152309419,0.9978229,0.032565158,-0.0069194944,-0.056932326,0.0,0.0,0.0,0.0,0
9152333198,9152319930,0.9978297,0.032567143,-0.006915079,-0.056812886,0.0,0.0,0.0,0.0,0
9152343736,9152330247,0.9978364,0.032569047,-0.006910658,-0.0566937,0.0,0.0,0.0,0.0,0
9152353183,9152340258,0.9978423,0.032571796,-0.0069080526,-0.056586932,0.0,0.0,0.0,0.0,0
9152362678,9152350489,0.99784833,0.032574683,-0.006905463,-0.05647972,0.0,0.0,0.0,0.0,0
9152373230,9152359909,0.997855,0.03257665,-0.0069010593,-0.056360725,0.0,0.0,0.0,0.0,0
9152382888,9152370343,0.99786633,0.03257831,-0.0068947338,-0.05616036,0.0,0.0,0.0,0.0,0
9152392304,9152380208,0.9978779,0.03257924,-0.0068887747,-0.055954654,0.0,0.0,0.0,0.0,0
9152403734,9152389812,0.99789184,0.03258205,-0.006880037,-0.055705238,0.0,0.0,0.0,0.0,0
9152414324,9152399955,0.9979046,0.03258471,-0.0068719634,-0.055474423,0.0,0.0,0.0,0.0,0
9152422838,9152410699,0.9979149,0.03258679,-0.006865468,-0.05528901,0.0,0.0,0.0,0.0,0
9152433242,9152420119,0.9979274,0.032589465,-0.006857565,-0.055062655,0.0,0.0,0.0,0.0,0
9152443655,9152430544,0.9979398,0.03259336,-0.0068511693,-0.05483631,0.0,0.0,0.0,0.0,0
9152453144,9152440952,0.9979511,0.032596372,-0.0068446905,-0.054630224,0.0,0.0,0.0,0.0,0
9152462737,9152449661,0.99796236,0.032598816,-0.0068374192,-0.05442212,0.0,0.0,0.0,0.0,0
9152473201,9152460229,0.9979747,0.032601483,-0.006829494,-0.054195296,0.0,0.0,0.0,0.0,0
9152484738,9152470291,0.9979882,0.032603487,-0.0068216007,-0.053945478,0.0,0.0,0.0,0.0,0
9152493091,9152480707,0.9979979,0.032604374,-0.006816393,-0.053764746,0.0,0.0,0.0,0.0,0
9152502705,9152490412,0.99800915,0.03260669,-0.006809107,-0.053557012,0.0,0.0,0.0,0.0,0
9152513248,9152499953,0.99802125,0.03260908,-0.006801094,-0.053329382,0.0,0.0,0.0,0.0,0
9152523997,9152510278,0.9980232,0.032609515,-0.006800158,-0.05329278,0.0,0.0,0.0,0.0,0
9152533567,9152520347,0.99802905,0.03260974,-0.0067973523,-0.053183272,0.0,0.0,0.0,0.0,0
9152543010,9152530773,0.9980348,0.032611348,-0.0067933337,-0.053075336,0.0,0.0,0.0,0.0,0
9152553580,9152540498,0.99804115,0.032613285,-0.0067888685,-0.052954666,0.0,0.0,0.0,0.0,0
9152563339,9152550792,0.99804705,0.03261363,-0.0067860456,-0.05284331,0.0,0.0,0.0,0.0,0
9152572874,9152560656,0.99805284,0.03261397,-0.00678329,-0.052734625,0.0,0.0,0.0,0.0,0
9152583720,9152570127,0.99805933,0.032615952,-0.0067787175,-0.05261118,0.0,0.0,0.0,0.0,0
9152593384,9152580995,0.9980651,0.03261678,-0.0067752777,-0.052501235,0.0,0.0,0.0,0.0,0
9152603015,9152590055,0.9980709,0.032616995,-0.006772476,-0.05239176,0.0,0.0,0.0,0.0,0
9152613539,9152600348,0.99807715,0.03261723,-0.006769417,-0.05227226,0.0,0.0,0.0,0.0,0
9152623923,9152610999,0.9980833,0.03261826,-0.006765754,-0.05215451,0.0,0.0,0.0,0.0,0
9152633353,9152620963,0.99808884,0.032619976,-0.006761792,-0.05204772,0.0,0.0,0.0,0.0,0
9152643000,9152630686,0.99809456,0.03262031,-0.0067590247,-0.051938493,0.0,0.0,0.0,0.0,0
9152654582,9152640479,0.9981014,0.03261886,-0.006757209,-0.051807474,0.0,0.0,0.0,0.0,0
9152665153,9152650734,0.9981103,0.032619443,-0.006752477,-0.051636897,0.0,0.0,0.0,0.0,0
9152672842,9152660920,0.99811745,0.03261996,-0.0067485757,-0.051498815,0.0,0.0,0.0,0.0,0
9152683276,9152670066,0.9981269,0.032622326,-0.0067419275,-0.05131167,0.0,0.0,0.0,0.0,0
9152693688,9152680541,0.9981366,0.03262469,-0.006735301,-0.05112511,0.0,0.0,0.0,0.0,0
9152703062,9152690960,0.99814516,0.032625433,-0.0067305877,-0.05095726,0.0,0.0,0.0,0.0,0
9152713571,9152700392,0.99815476,0.032626264,-0.006725308,-0.050769262,0.0,0.0,0.0,0.0,0
9152723959,9152711074,0.99816406,0.032628607,-0.00671871,-0.050583668,0.0,0.0,0.0,0.0,0
9152734472,9152721051,0.9981735,0.03263236,-0.006713585,-0.05039601,0.0,0.0,0.0,0.0,0
9152742957,9152731169,0.9981811,0.032634135,-0.0067105796,-0.050244626,0.0,0.0,0.0,0.0,0
9152753783,9152740272,0.99819076,0.03263623,-0.006709776,-0.050051566,0.0,0.0,0.0,0.0,0
9152763181,9152751254,0.9981991,0.032637417,-0.0067083705,-0.04988411,0.0,0.0,0.0,0.0,0
9152773664,9152760458,0.99820846,0.032636683,-0.006704507,-0.049697593,0.0,0.0,0.0,0.0,0
9152783044,9152770761,0.99821675,0.03263741,-0.006699802,-0.049530927,0.0,0.0,0.0,0.0,0
9152793596,9152780566,0.99822605,0.032638226,-0.006694514,-0.04934363,0.0,0.0,0.0,0.0,0
9152805034,9152790673,0.99823946,0.03263942,-0.0066865105,-0.049072184,0.0,0.0,0.0,0.0,0
9152813447,9152801233,0.9982429,0.03263933,-0.0066848197,-0.049001608,0.0,0.0,0.0,0.0,0
9152823870,9152810752,0.99824715,0.032640874,-0.006681368,-0.04891431,0.0,0.0,0.0,0.0,0
9152834323,9152821373,0.9982514,0.03264256,-0.006677937,-0.048826855,0.0,0.0,0.0,0.0,0
9152844903,9152831587,0.9982558,0.032644123,-0.0066744424,-0.048738427,0.0,0.0,0.0,0.0,0
9152853336,9152840930,0.99825907,0.03264547,-0.0066716797,-0.048668,0.0,0.0,0.0,0.0,0
9152863852,9152850849,0.99826336,0.03264576,-0.006666693,-0.048580296,0.0,0.0,0.0,0.0,0
9152874419,9152861161,0.99826765,0.032647256,-0.0066617224,-0.04849227,0.0,0.0,0.0,0.0,0
9152883769,9152871616,0.99827135,0.032649983,-0.0066574058,-0.04841448,0.0,0.0,0.0,0.0,0
9152893588,9152881102,0.99827534,0.032652713,-0.0066556246,-0.048332755,0.0,0.0,0.0,0.0,0
9152905010,9152890872,0.9982797,0.032657374,-0.0066552213,-0.048237726,0.0,0.0,0.0,0.0,0
9152914473,9152901210,0.9982835,0.03266012,-0.0066535287,-0.04815911,0.0,0.0,0.0,0.0,0
9152923177,9152911195,0.9982869,0.032662388,-0.006654378,-0.048086792,0.0,0.0,0.0,0.0,0
9152933663,9152920421,0.9982909,0.032664977,-0.0066553606,-0.04799971,0.0,0.0,0.0,0.0,0
9152944105,9152931135,0.99829954,0.03266695,-0.0066517536,-0.04781872,0.0,0.0,0.0,0.0,0
9152953583,9152941168,0.9983043,0.03266785,-0.0066486793,-0.047720954,0.0,0.0,0.0,0.0,0
9152964085,9152951068,0.9983094,0.032668088,-0.006645952,-0.047612704,0.0,0.0,0.0,0.0,0
9152974512,9152961328,0.9983145,0.03266833,-0.0066432464,-0.04750533,0.0,0.0,0.0,0.0,0
9152984950,9152971539,0.99831957,0.032669894,-0.006639106,-0.04739802,0.0,0.0,0.0,0.0,0
9152993322,9152981456,0.9983236,0.032672416,-0.0066346824,-0.047312077,0.0,0.0,0.0,0.0,0
9153004042,9152990646,0.9983287,0.03267705,-0.006630591,-0.047202095,0.0,0.0,0.0,0.0,0
9153014516,9153001253,0.9983338,0.03267942,-0.006627226,-0.04709468,0.0,0.0,0.0,0.0,0
9153023801,9153011538,0.9983383,0.032680854,-0.00662357,-0.046999574,0.0,0.0,0.0,0.0,0
9153033682,9153020708,0.99834305,0.032680932,-0.0066210013,-0.046898395,0.0,0.0,0.0,0.0,0
9153044231,9153030993,0.99834806,0.032679603,-0.0066196998,-0.046790447,0.0,0.0,0.0,0.0,0
9153055652,9153041278,0.9983536,0.032678172,-0.006618291,-0.046673685,0.0,0.0,0.0,0.0,0
9153063054,9153051681,0.9983571,0.03267813,-0.0066184364,-0.04659807,0.0,0.0,0.0,0.0,0
9153073756,9153060576,0.9983622,0.032679636,-0.006617216,-0.046488903,0.0,0.0,0.0,0.0,0
9153084136,9153071055,0.99837357,0.032680776,-0.006610005,-0.046244524,0.0,0.0,0.0,0.0,0
9153094753,9153081236,0.99838924,0.03268177,-0.006600376,-0.04590446,0.0,0.0,0.0,0.0,0
9153104284,9153091278,0.99840325,0.032684747,-0.006589837,-0.04559952,0.0,0.0,0.0,0.0,0
9153113666,9153101706,0.9984169,0.032687545,-0.006579448,-0.045299623,0.0,0.0,0.0,0.0,0
9153124198,9153110961,0.99843204,0.032689206,-0.0065692198,-0.044963285,0.0,0.0,0.0,0.0,0
9153133619,9153121221,0.9984456,0.03269213,-0.0065588285,-0.044662733,0.0,0.0,0.0,0.0,0
9153144133,9153130902,0.9984604,0.032695383,-0.0065472433,-0.044327684,0.0,0.0,0.0,0.0,0
9153155566,9153141609,0.99847656,0.03269876,-0.006534629,-0.043963693,0.0,0.0,0.0,0.0,0
9153164985,9153151925,0.9984896,0.03270141,-0.006524224,-0.043664154,0.0,0.0,0.0,0.0,0
9153174622,9153161388,0.99850297,0.032704245,-0.0065136133,-0.043358,0.0,0.0,0.0,0.0,0
9153184028,9153172082,0.9985158,0.032706995,-0.006503291,-0.043060195,0.0,0.0,0.0,0.0,0
9153194380,9153181280,0.99853,0.032708593,-0.0064932895,-0.042731028,0.0,0.0,0.0,0.0,0
9153203823,9153191456,0.9985427,0.032711476,-0.006482942,-0.042431906,0.0,0.0,0.0,0.0,0
9153214377,9153201148,0.99855673,0.032716084,-0.006472925,-0.042097848,0.0,0.0,0.0,0.0,0
9153224879,9153211848,0.9985669,0.032718416,-0.006467272,-0.041855045,0.0,0.0,0.0,0.0,0
9153235300,9153221937,0.9985756,0.032718282,-0.0064634336,-0.041647833,0.0,0.0,0.0,0.0,0
9153243707,9153231707,0.99858254,0.032719973,-0.006459796,-0.04148085,0.0,0.0,0.0,0.0,0
9153254181,9153241019,0.9985911,0.032722212,-0.006452336,-0.04127306,0.0,0.0,0.0,0.0,0
9153264765,9153251654,0.99859977,0.032724608,-0.006444833,-0.041063346,0.0,0.0,0.0,0.0,0
9153274752,9153261821,0.9986079,0.0327268,-0.0064377473,-0.040865645,0.0,0.0,0.0,0.0,0
9153284102,9153272212,0.9986153,0.032728657,-0.0064310846,-0.04068071,0.0,0.0,0.0,0.0,0
9153294510,9153281609,0.99862367,0.032730862,-0.006423701,-0.040475048,0.0,0.0,0.0,0.0,0
9153305972,9153291415,0.99863285,0.03273182,-0.006413923,-0.04024888,0.0,0.0,0.0,0.0,0
9153314439,9153302208,0.9986395,0.032733392,-0.006410275,-0.04008185,0.0,0.0,0.0,0.0,0
9153323946,9153311910,0.998647,0.03273641,-0.006407558,-0.039894465,0.0,0.0,0.0,0.0,0
9153334398,9153321221,0.99865514,0.032738477,-0.006403086,-0.039688658,0.0,0.0,0.0,0.0,0
9153345130,9153331634,0.99866354,0.032739364,-0.0063984753,-0.039477564,0.0,0.0,0.0,0.0,0
9153354537,9153341600,0.99867076,0.032742586,-0.006393188,-0.039292745,0.0,0.0,0.0,0.0,0
9153364895,9153352014,0.9986791,0.032744817,-0.0063855383,-0.03907945,0.0,0.0,0.0,0.0,0
9153374447,9153362011,0.9986881,0.03274583,-0.006378626,-0.03884708,0.0,0.0,0.0,0.0,0
9153383926,9153371655,0.99869704,0.03274822,-0.006370492,-0.03861666,0.0,0.0,0.0,0.0,0
9153394380,9153381193,0.9987068,0.032750845,-0.006361532,-0.038362853,0.0,0.0,0.0,0.0,0
9153405800,9153391638,0.9987173,0.032753706,-0.006351752,-0.038085848,0.0,0.0,0.0,0.0,0
9153415250,9153402208,0.99872607,0.032757435,-0.006342392,-0.037856914,0.0,0.0,0.0,0.0,0
9153424839,9153411949,0.99873483,0.0327597,-0.0063341777,-0.03762482,0.0,0.0,0.0,0.0,0
9153434391,9153422056,0.9987434,0.03276182,-0.0063259783,-0.037393816,0.0,0.0,0.0,0.0,0
9153444962,9153431635,0.99875295,0.03276524,-0.0063161487,-0.037138417,0.0,0.0,0.0,0.0,0
9153456384,9153442250,0.998763,0.032769706,-0.006304873,-0.036862765,0.0,0.0,0.0,0.0,0
9153464779,9153451296,0.9987705,0.032771666,-0.0062977136,-0.036660388,0.0,0.0,0.0,0.0,0
9153474755,9153461273,0.9987792,0.032773852,-0.0062891883,-0.036420092,0.0,0.0,0.0,0.0,0
9153486105,9153472170,0.9987892,0.032773886,-0.006281876,-0.036146853,0.0,0.0,0.0,0.0,0
9153494699,9153482123,0.9987967,0.032773502,-0.0062769083,-0.03594015,0.0,0.0,0.0,0.0,0
9153504099,9153492148,0.998805,0.0327731,-0.0062713935,-0.03571169,0.0,0.0,0.0,0.0,0
9153514883,9153501331,0.9988125,0.032773755,-0.0062651886,-0.035498835,0.0,0.0,0.0,0.0,0
9153524475,9153512069,0.9988193,0.0327758,-0.0062583922,-0.035309732,0.0,0.0,0.0,0.0,0
9153535191,9153521692,0.99882656,0.032779675,-0.0062493654,-0.035098754,0.0,0.0,0.0,0.0,0
9153544753,9153532619,0.9988331,0.03278313,-0.0062413192,-0.034910657,0.0,0.0,0.0,0.0,0
9153556395,9153541611,0.998841,0.032785647,-0.006233112,-0.03468183,0.0,0.0,0.0,0.0,0
9153564868,9153552550,0.99884677,0.032787368,-0.006227125,-0.03451545,0.0,0.0,0.0,0.0,0
9153574502,9153562323,0.9988533,0.032790482,-0.006221692,-0.03432642,0.0,0.0,0.0,0.0,0
9153585166,9153572019,0.9988603,0.032793913,-0.00621568,-0.03411736,0.0,0.0,0.0,0.0,0
9153595870,9153582238,0.9988674,0.032796986,-0.006208983,-0.03390775,0.0,0.0,0.0,0.0,0
9153604320,9153591639,0.99887294,0.032799955,-0.006206668,-0.033742353,0.0,0.0,0.0,0.0,0
9153614744,9153601593,0.99887973,0.03280346,-0.0062037734,-0.033538476,0.0,0.0,0.0,0.0,0
9153625162,9153611851,0.9988864,0.032808464,-0.0061994656,-0.033334944,0.0,0.0,0.0,0.0,0
9153634679,9153622463,0.9988925,0.032810085,-0.0061940877,-0.03314924,0.0,0.0,0.0,0.0,0
9153645198,9153632011,0.9988972,0.032810103,-0.006190278,-0.03301128,0.0,0.0,0.0,0.0,0
9153655657,9153642483,0.9989091,0.032813177,-0.0061776023,-0.032645956,0.0,0.0,0.0,0.0,0
9153666155,9153651834,0.9989209,0.03281639,-0.006164915,-0.03227961,0.0,0.0,0.0,0.0,0
9153674540,9153662350,0.99893034,0.032818954,-0.0061547942,-0.03198737,0.0,0.0,0.0,0.0,0
9153685096,9153672056,0.9989421,0.032822173,-0.0061420617,-0.03161972,0.0,0.0,0.0,0.0,0
9153695616,9153682577,0.99895364,0.03282523,-0.0061293617,-0.03125374,0.0,0.0,0.0,0.0,0
9153704127,9153692911,0.99896276,0.032827694,-0.0061190943,-0.030957893,0.0,0.0,0.0,0.0,0
9153714608,9153701610,0.9989739,0.032830723,-0.006106462,-0.030593915,0.0,0.0,0.0,0.0,0
9153724982,9153712114,0.9989849,0.032835104,-0.0060954643,-0.030233951,0.0,0.0,0.0,0.0,0
9153736661,9153722091,0.99899685,0.032839168,-0.006082184,-0.029829232,0.0,0.0,0.0,0.0,0
9153745108,9153732265,0.99900556,0.032842606,-0.006073224,-0.02953678,0.0,0.0,0.0,0.0,0
9153754574,9153742620,0.99901515,0.032846577,-0.0060632117,-0.029209277,0.0,0.0,0.0,0.0,0
9153765231,9153751875,0.99902576,0.032849748,-0.006050439,-0.028840978,0.0,0.0,0.0,0.0,0
9153774679,9153762490,0.99903524,0.032850355,-0.006041066,-0.028514696,0.0,0.0,0.0,0.0,0
9153785114,9153771969,0.99904174,0.03284963,-0.006035846,-0.028289093,0.0,0.0,0.0,0.0,0
9153795542,9153782624,0.9990437,0.03284796,-0.006035789,-0.028220665,0.0,0.0,0.0,0.0,0
9153806530,9153792429,0.9990458,0.032846987,-0.0060348986,-0.028148664,0.0,0.0,0.0,0.0,0
9153814904,9153802738,0.99904734,0.03284675,-0.0060336874,-0.028093882,0.0,0.0,0.0,0.0,0
9153825343,9153812237,0.9990491,0.032848075,-0.0060307775,-0.028025696,0.0,0.0,0.0,0.0,0
9153835778,9153822851,0.9990511,0.03285013,-0.006027119,-0.027957644,0.0,0.0,0.0,0.0,0
9153845599,9153832890,0.99905276,0.032851126,-0.006024348,-0.02789365,0.0,0.0,0.0,0.0,0
9153855202,9153842808,0.99905455,0.032853596,-0.0060203546,-0.027831154,0.0,0.0,0.0,0.0,0
9153865554,9153852444,0.99905634,0.03285639,-0.006016075,-0.027763842,0.0,0.0,0.0,0.0,0
9153875197,9153862644,0.99905795,0.03285748,-0.006013389,-0.027701147,0.0,0.0,0.0,0.0,0
9153884824,9153872431,0.99905974,0.03286,-0.00601212,-0.027638596,0.0,0.0,0.0,0.0,0
9153895214,9153882106,0.99906147,0.03286411,-0.006012242,-0.027571067,0.0,0.0,0.0,0.0,0
9153906680,9153892507,0.99906343,0.032866936,-0.006010695,-0.027496664,0.0,0.0,0.0,0.0,0
9153916083,9153902869,0.999065,0.032868046,-0.0060080867,-0.027435742,0.0,0.0,0.0,0.0,0
9153925571,9153912507,0.999069,0.032869738,-0.0060026846,-0.027289692,0.0,0.0,0.0,0.0,0
9153935202,9153922860,0.99907464,0.032870274,-0.005996692,-0.02708664,0.0,0.0,0.0,0.0,0
9153946671,9153932235,0.99908113,0.03287005,-0.005990288,-0.026844988,0.0,0.0,0.0,0.0,0
9153955079,9153943065,0.99908584,0.032871723,-0.0059839184,-0.02666814,0.0,0.0,0.0,0.0,0
9153965523,9153952380,0.9990917,0.0328738,-0.0059760115,-0.026448604,0.0,0.0,0.0,0.0,0
9153975854,9153962992,0.9990973,0.03287584,-0.005968198,-0.026231684,0.0,0.0,0.0,0.0,0
9153986075,9153973172,0.999103,0.03287773,-0.0059604566,-0.026017342,0.0,0.0,0.0,0.0,0
9153995476,9153982036,0.999108,0.032879498,-0.0059559913,-0.025820283,0.0,0.0,0.0,0.0,0
9154004953,9153992752,0.9991131,0.032881405,-0.0059515173,-0.02562173,0.0,0.0,0.0,0.0,0
9154015481,9154002247,0.9991187,0.0328834,-0.0059435638,-0.025401551,0.0,0.0,0.0,0.0,0
9154025068,9154012739,0.9991237,0.03288657,-0.005937713,-0.025201201,0.0,0.0,0.0,0.0,0
9154035516,9154022348,0.99912906,0.032891568,-0.0059328666,-0.024983037,0.0,0.0,0.0,0.0,0
9154046057,9154033017,0.99913436,0.032895178,-0.0059264633,-0.024763139,0.0,0.0,0.0,0.0,0
9154056497,9154043101,0.9991397,0.03289734,-0.0059186295,-0.024545632,0.0,0.0,0.0,0.0,0
9154064869,9154053005,0.9991442,0.03289791,-0.005913264,-0.024364173,0.0,0.0,0.0,0.0,0
9154075930,9154062401,0.9991507,0.032898806,-0.005905355,-0.024099562,0.0,0.0,0.0,0.0,0
9154086259,9154073401,0.9991566,0.032901853,-0.0058973324,-0.023852745,0.0,0.0,0.0,0.0,0
9154095004,9154083370,0.99916136,0.03290492,-0.005893597,-0.023643931,0.0,0.0,0.0,0.0,0
9154105644,9154092315,0.9991673,0.03290707,-0.0058874968,-0.023390017,0.0,0.0,0.0,0.0,0
9154116083,9154102906,0.9991731,0.032909255,-0.0058785956,-0.023141297,0.0,0.0,0.0,0.0,0
9154125402,9154113131,0.9991782,0.03291259,-0.005872012,-0.02291943,0.0,0.0,0.0,0.0,0
9154134939,9154122515,0.9991833,0.032915995,-0.00586528,-0.022692619,0.0,0.0,0.0,0.0,0
9154145451,9154132251,0.9991889,0.032919597,-0.0058578374,-0.022442821,0.0,0.0,0.0,0.0,0
9154156912,9154142933,0.9991948,0.03292359,-0.0058497423,-0.022170741,0.0,0.0,0.0,0.0,0
9154166376,9154153107,0.9991998,0.03292419,-0.0058429968,-0.021946326,0.0,0.0,0.0,0.0,0
9154175784,9154162155,0.99920475,0.032923322,-0.005837559,-0.02172333,0.0,0.0,0.0,0.0,0
9154186396,9154173112,0.99921036,0.032920897,-0.005829918,-0.021472204,0.0,0.0,0.0,0.0,0
9154196884,9154183439,0.99921566,0.032920152,-0.005822421,-0.021224229,0.0,0.0,0.0,0.0,0
9154205339,9154193407,0.99921995,0.032920808,-0.0058163954,-0.021023275,0.0,0.0,0.0,0.0,0
9154215857,9154202658,0.99922293,0.032919478,-0.0058139777,-0.020883553,0.0,0.0,0.0,0.0,0
9154226309,9154213365,0.9992258,0.032920934,-0.005811604,-0.020744858,0.0,0.0,0.0,0.0,0
9154235730,9154223375,0.99922836,0.032922886,-0.005807487,-0.02062004,0.0,0.0,0.0,0.0,0
9154246232,9154232258,0.9992312,0.032923058,-0.005803634,-0.02048099,0.0,0.0,0.0,0.0,0
9154255615,9154243747,0.9992338,0.032923087,-0.0058001718,-0.020356888,0.0,0.0,0.0,0.0,0
9154266144,9154253136,0.9992366,0.032924484,-0.005794823,-0.020217843,0.0,0.0,0.0,0.0,0
9154275291,9154263422,0.999239,0.0329257,-0.00579018,-0.020097125,0.0,0.0,0.0,0.0,0
9154285831,9154272589,0.9992418,0.032925595,-0.0057862806,-0.019958137,0.0,0.0,0.0,0.0,0
9154296335,9154283297,0.9992445,0.032925487,-0.005782397,-0.019819744,0.0,0.0,0.0,0.0,0
9154306757,9154293364,0.9992472,0.03292694,-0.005777132,-0.01968266,0.0,0.0,0.0,0.0,0
9154316272,9154303170,0.99924976,0.03292845,-0.0057723653,-0.019557731,0.0,0.0,0.0,0.0,0
9154325657,9154313734,0.99925214,0.032929935,-0.0057676593,-0.0194344,0.0,0.0,0.0,0.0,0
9154336066,9154323118,0.99925476,0.032931507,-0.0057624383,-0.019297881,0.0,0.0,0.0,0.0,0
9154345643,9154333136,0.9992571,0.032931514,-0.00575898,-0.019173384,0.0,0.0,0.0,0.0,0
9154356255,9154343098,0.99925923,0.03293128,-0.005759152,-0.01906677,0.0,0.0,0.0,0.0,0
9154366344,9154353710,0.9992611,0.032931052,-0.0057593114,-0.018965514,0.0,0.0,0.0,0.0,0
9154376450,9154363380,0.9992631,0.032931115,-0.005758084,-0.018864233,0.0,0.0,0.0,0.0,0
9154386050,9154373524,0.9992647,0.032933764,-0.005755616,-0.018768182,0.0,0.0,0.0,0.0,0
9154396396,9154383359,0.9992666,0.03293507,-0.00575146,-0.01866481,0.0,0.0,0.0,0.0,0
9154407758,9154393637,0.99926865,0.03293885,-0.00574618,-0.018551419,0.0,0.0,0.0,0.0,0
9154416434,9154403958,0.99927014,0.03294241,-0.0057451962,-0.018464822,0.0,0.0,0.0,0.0,0
9154426371,9154413698,0.999272,0.032945137,-0.0057426523,-0.018365774,0.0,0.0,0.0,0.0,0
9154437065,9154423638,0.99927384,0.03294806,-0.0057399157,-0.018259294,0.0,0.0,0.0,0.0,0
9154446515,9154434037,0.9992755,0.03294922,-0.0057374625,-0.01816526,0.0,0.0,0.0,0.0,0
9154456196,9154443713,0.9992773,0.032949038,-0.0057349172,-0.018068999,0.0,0.0,0.0,0.0,0
9154465958,9154453441,0.999279,0.032950375,-0.0057310304,-0.01797208,0.0,0.0,0.0,0.0,0
9154476566,9154463457,0.999281,0.032948717,-0.0057267365,-0.01786686,0.0,0.0,0.0,0.0,0
9154487190,9154473841,0.9992871,0.032948494,-0.005715922,-0.017519338,0.0,0.0,0.0,0.0,0
9154496626,9154483342,0.9992926,0.032950915,-0.005704936,-0.017206963,0.0,0.0,0.0,0.0,0
9154505946,9154493875,0.9992978,0.032953423,-0.0056940974,-0.016898222,0.0,0.0,0.0,0.0,0
9154517772,9154503069,0.99930423,0.032958046,-0.005682027,-0.016507216,0.0,0.0,0.0,0.0,0
9154526558,9154514047,0.999309,0.032960396,-0.005671833,-0.016216954,0.0,0.0,0.0,0.0,0
9154536047,9154523935,0.99931407,0.032962803,-0.0056608133,-0.015903745,0.0,0.0,0.0,0.0,0
9154546505,9154533492,0.99931943,0.032965444,-0.0056486824,-0.015558981,0.0,0.0,0.0,0.0,0
9154557026,9154543381,0.9993248,0.032968238,-0.005636511,-0.015212437,0.0,0.0,0.0,0.0,0
9154566420,9154553726,0.9993294,0.032970596,-0.0056256354,-0.014903365,0.0,0.0,0.0,0.0,0
9154575778,9154563701,0.999334,0.032972943,-0.0056148116,-0.014595767,0.0,0.0,0.0,0.0,0
9154586368,9154573101,0.99933887,0.032976504,-0.005603405,-0.014248038,0.0,0.0,0.0,0.0,0
9154595877,9154583384,0.9993432,0.032980297,-0.0055937963,-0.013936054,0.0,0.0,0.0,0.0,0
9154606488,9154593166,0.9993479,0.03298307,-0.0055815717,-0.0135882115,0.0,0.0,0.0,0.0,0
9154616941,9154603922,0.9993526,0.03298431,-0.005570993,-0.013245953,0.0,0.0,0.0,0.0,0
9154626266,9154613995,0.9993548,0.032985363,-0.0055654603,-0.013080576,0.0,0.0,0.0,0.0,0
9154635737,9154623385,0.99935776,0.03298614,-0.0055585797,-0.012851848,0.0,0.0,0.0,0.0,0
9154646242,9154633267,0.9993611,0.03298551,-0.005552411,-0.012598279,0.0,0.0,0.0,0.0,0
9154657660,9154643556,0.99936444,0.032986935,-0.005543318,-0.012323077,0.0,0.0,0.0,0.0,0
9154666109,9154653878,0.99936694,0.032987528,-0.0055371774,-0.0121196285,0.0,0.0,0.0,0.0,0
9154676600,9154663432,0.99937004,0.03298664,-0.005530985,-0.01186712,0.0,0.0,0.0,0.0,0
9154687111,9154674127,0.9993731,0.032987107,-0.005523308,-0.011614528,0.0,0.0,0.0,0.0,0
9154697901,9154684152,0.999376,0.032987792,-0.005515473,-0.0113555025,0.0,0.0,0.0,0.0,0
9154706383,9154694124,0.9993784,0.03298959,-0.0055081514,-0.011152107,0.0,0.0,0.0,0.0,0
9154716891,9154703647,0.99938107,0.032991666,-0.0054990677,-0.010900393,0.0,0.0,0.0,0.0,0
9154727245,9154714303,0.9993838,0.032992307,-0.005491571,-0.010652501,0.0,0.0,0.0,0.0,0
9154736758,9154724295,0.9993862,0.032994308,-0.0054833824,-0.010425099,0.0,0.0,0.0,0.0,0
9154746170,9154733211,0.99938846,0.032997575,-0.0054766196,-0.010200263,0.0,0.0,0.0,0.0,0
9154756656,9154743476,0.9993908,0.03300264,-0.0054705716,-0.009949954,0.0,0.0,0.0,0.0,0
9154768141,9154753753,0.99939215,0.033004954,-0.00546592,-0.009809755,0.0,0.0,0.0,0.0,0
9154776805,9154764338,0.9993937,0.03300638,-0.0054600234,-0.009650654,0.0,0.0,0.0,0.0,0
9154786162,9154774033,0.99939525,0.033007916,-0.0054536588,-0.009478935,0.0,0.0,0.0,0.0,0
9154796763,9154783426,0.9993971,0.033009794,-0.005446478,-0.0092845885,0.0,0.0,0.0,0.0,0
9154806461,9154793798,0.9993987,0.033012867,-0.0054385643,-0.009107016,0.0,0.0,0.0,0.0,0
9154817143,9154803267,0.99940044,0.03301475,-0.0054313466,-0.008911591,0.0,0.0,0.0,0.0,0
9154826463,9154814439,0.999402,0.03301507,-0.005426352,-0.0087411795,0.0,0.0,0.0,0.0,0
9154836899,9154823798,0.9994035,0.033017486,-0.0054230024,-0.008550515,0.0,0.0,0.0,0.0,0
9154847262,9154833998,0.999405,0.033020686,-0.0054203793,-0.008361335,0.0,0.0,0.0,0.0,0
9154856939,9154844683,0.99940646,0.033023704,-0.005415215,-0.008184936,0.0,0.0,0.0,0.0,0
9154867008,9154854426,0.9994078,0.03302545,-0.0054084235,-0.008001616,0.0,0.0,0.0,0.0,0
9154876304,9154864004,0.99940926,0.033027068,-0.0054021594,-0.007832505,0.0,0.0,0.0,0.0,0
9154886824,9154873390,0.9994106,0.033028748,-0.0053950553,-0.0076413024,0.0,0.0,0.0,0.0,0
9154897272,9154884144,0.9994121,0.03302894,-0.0053894618,-0.00745157,0.0,0.0,0.0,0.0,0
9154908305,9154894771,0.9994134,0.033028986,-0.005387883,-0.0072882175,0.0,0.0,0.0,0.0,0
9154916855,9154904733,0.9994138,0.03302982,-0.0053875833,-0.007226153,0.0,0.0,0.0,0.0,0
9154927220,9154914111,0.99941427,0.03303243,-0.0053858,-0.007151037,0.0,0.0,0.0,0.0,0
9154937658,9154924513,0.99941474,0.03303505,-0.005384004,-0.0070754644,0.0,0.0,0.0,0.0,0
9154948430,9154934759,0.9994152,0.033036854,-0.0053813583,-0.006997563,0.0,0.0,0.0,0.0,0
9154956832,9154944437,0.9994156,0.033038843,-0.0053798957,-0.006936823,0.0,0.0,0.0,0.0,0
9154966774,9154954322,0.999416,0.033041194,-0.0053781657,-0.006865018,0.0,0.0,0.0,0.0,0
9154977093,9154964224,0.9994165,0.03304235,-0.005374939,-0.0067906007,0.0,0.0,0.0,0.0,0
9154987675,9154974220,0.99941695,0.033043392,-0.0053716125,-0.006714347,0.0,0.0,0.0,0.0,0
9154997124,9154985007,0.99941736,0.03304429,-0.0053712903,-0.0066462453,0.0,0.0,0.0,0.0,0
9155007679,9154994624,0.9994178,0.033046883,-0.0053724423,-0.0065701976,0.0,0.0,0.0,0.0,0
9155018153,9155004751,0.9994182,0.033048533,-0.005374317,-0.006494769,0.0,0.0,0.0,0.0,0
9155026668,9155014689,0.9994186,0.033048138,-0.0053752,-0.006433523,0.0,0.0,0.0,0.0,0
9155036545,9155024128,0.99941915,0.03304632,-0.0053748316,-0.0063625732,0.0,0.0,0.0,0.0,0
9155047299,9155033991,0.9994209,0.033047102,-0.0053661363,-0.006079228,0.0,0.0,0.0,0.0,0
9155056771,9155044195,0.9994226,0.03304798,-0.0053573293,-0.0057949442,0.0,0.0,0.0,0.0,0
9155067083,9155053845,0.9994244,0.033050388,-0.0053463145,-0.005485924,0.0,0.0,0.0,0.0,0
9155077453,9155064282,0.9994259,0.03305423,-0.0053367047,-0.0051753223,0.0,0.0,0.0,0.0,0
9155088926,9155074522,0.9994276,0.033058316,-0.005326058,-0.004832114,0.0,0.0,0.0,0.0,0
9155096309,9155084958,0.9994286,0.033062056,-0.0053202654,-0.004611416,0.0,0.0,0.0,0.0,0
9155106794,9155093839,0.9994299,0.0330643,-0.005312006,-0.004298221,0.0,0.0,0.0,0.0,0
9155117434,9155104295,0.99943125,0.033065107,-0.0053021377,-0.0039807856,0.0,0.0,0.0,0.0,0
9155126774,9155114719,0.9994323,0.03306718,-0.005292187,-0.0037024277,0.0,0.0,0.0,0.0,0
9155136299,9155124095,0.99943334,0.033069234,-0.005282042,-0.0034188805,0.0,0.0,0.0,0.0,0
9155146825,9155133809,0.9994343,0.03307163,-0.00527086,-0.0031057994,0.0,0.0,0.0,0.0,0
9155158490,9155144144,0.99943525,0.03307428,-0.0052584815,-0.0027592038,0.0,0.0,0.0,0.0,0
9155166970,9155154700,0.99943596,0.03307438,-0.005251244,-0.0025074377,0.0,0.0,0.0,0.0,0
9155177427,9155164270,0.99943674,0.033075143,-0.0052416157,-0.0021975436,0.0,0.0,0.0,0.0,0
9155187911,9155174719,0.99943715,0.03307672,-0.0052346583,-0.0020127033,0.0,0.0,0.0,0.0,0
9155198484,9155184971,0.9994374,0.033078894,-0.0052283723,-0.0018263629,0.0,0.0,0.0,0.0,0
9155206912,9155194678,0.9994376,0.033082366,-0.0052251257,-0.001677885,0.0,0.0,0.0,0.0,0
9155217434,9155204418,0.99943787,0.03308377,-0.0052210726,-0.0014926847,0.0,0.0,0.0,0.0,0
9155227770,9155214755,0.99943817,0.033083856,-0.0052156704,-0.0013109508,0.0,0.0,0.0,0.0,0
9155237253,9155225108,0.99943835,0.033085387,-0.00520941,-0.0011444389,0.0,0.0,0.0,0.0,0
9155247746,9155234786,0.9994385,0.03308708,-0.0052024913,-0.0009604024,0.0,0.0,0.0,0.0,0
9155258514,9155245269,0.9994387,0.03308894,-0.005195419,-0.00077177386,0.0,0.0,0.0,0.0,0
9155269098,9155255428,0.9994387,0.033090558,-0.005188441,-0.00058646145,0.0,0.0,0.0,0.0,0
9155277547,9155265109,0.9994389,0.033091914,-0.0051828884,-0.00043872773,0.0,0.0,0.0,0.0,0
9155287122,9155274826,0.9994388,0.03309344,-0.005176601,-0.0002714631,0.0,0.0,0.0,0.0,0
9155297443,9155284580,0.9994389,0.03309495,-0.0051698103,-9.130154e-05,0.0,0.0,0.0,0.0,0
9155307971,9155294563,0.9994389,0.033096563,-0.005162902,9.2267e-05,0.0,0.0,0.0,0.0,0
9155317406,9155304173,0.99943876,0.033096734,-0.0051580514,0.000256639,0.0,0.0,0.0,0.0,0
9155327928,9155314699,0.9994389,0.03309677,-0.0051536853,0.00040842744,0.0,0.0,0.0,0.0,0
9155339343,9155324988,0.9994387,0.033097588,-0.0051551647,0.00043316674,0.0,0.0,0.0,0.0,0
9155347007,9155335180,0.9994387,0.03309799,-0.0051561277,0.00044976172,0.0,0.0,0.0,0.0,0
9155359950,9155344276,0.99943876,0.03309884,-0.0051577827,0.00047776732,0.0,0.0,0.0,0.0,0
9155367562,9155356802,0.99943864,0.033099342,-0.0051566213,0.00049415353,0.0,0.0,0.0,0.0,0
9155378205,9155364471,0.9994386,0.03310148,-0.005156446,0.0005170853,0.0,0.0,0.0,0.0,0
9155387593,9155374373,0.99943846,0.03310457,-0.0051576146,0.00053734425,0.0,0.0,0.0,0.0,0
9155397002,9155384913,0.9994384,0.033106487,-0.0051574917,0.0005576147,0.0,0.0,0.0,0.0,0
9155408521,9155394510,0.99943835,0.03310804,-0.0051564695,0.0005823969,0.0,0.0,0.0,0.0,0
9155417961,9155404671,0.9994383,0.03310864,-0.005157669,0.00060275913,0.0,0.0,0.0,0.0,0
9155427362,9155415472,0.9994383,0.033108056,-0.005157568,0.0006229872,0.0,0.0,0.0,0.0,0
9155437770,9155424881,0.9994383,0.03310873,-0.005155974,0.0006453003,0.0,0.0,0.0,0.0,0
9155448294,9155434870,0.99943817,0.03311157,-0.0051566004,0.00066790526,0.0,0.0,0.0,0.0,0
9155457803,9155445003,0.9994381,0.033113625,-0.005156493,0.000688305,0.0,0.0,0.0,0.0,0
9155467301,9155455258,0.999438,0.033113763,-0.0051516737,0.0008510167,0.0,0.0,0.0,0.0,0
9155477659,9155464563,0.99943775,0.033114515,-0.005142528,0.0011458327,0.0,0.0,0.0,0.0,0
9155488177,9155474961,0.9994373,0.033116747,-0.005131772,0.001444834,0.0,0.0,0.0,0.0,0
9155497561,9155485437,0.999437,0.033115987,-0.0051221712,0.0017113608,0.0,0.0,0.0,0.0,0
9155508273,9155494861,0.99943644,0.033115115,-0.0051112273,0.0020152184,0.0,0.0,0.0,0.0,0
9155519283,9155505043,0.99943584,0.033115033,-0.0051024356,0.0023272587,0.0,0.0,0.0,0.0,0
9155528250,9155515201,0.99943525,0.033115678,-0.0050945627,0.0025811899,0.0,0.0,0.0,0.0,0
9155537934,9155525479,0.99943453,0.033117726,-0.005084704,0.0028551212,0.0,0.0,0.0,0.0,0
9155548460,9155535455,0.99943364,0.033119947,-0.005074002,0.0031524925,0.0,0.0,0.0,0.0,0
9155557850,9155545469,0.9994327,0.033121917,-0.0050644623,0.0034175448,0.0,0.0,0.0,0.0,0
9155567266,9155555148,0.9994317,0.03312389,-0.0050549097,0.0036829694,0.0,0.0,0.0,0.0,0
9155578738,9155564762,0.9994304,0.033126287,-0.005043277,0.0040061767,0.0,0.0,0.0,0.0,0
9155589239,9155575851,0.9994292,0.033128418,-0.0050326334,0.0043016914,0.0,0.0,0.0,0.0,0
9155597689,9155585677,0.99942815,0.033131238,-0.005025245,0.0045392765,0.0,0.0,0.0,0.0,0
9155608231,9155595028,0.99942803,0.033133302,-0.0050255624,0.004547972,0.0,0.0,0.0,0.0,0
9155618567,9155605481,0.9994275,0.033133768,-0.0050213514,0.0046705934,0.0,0.0,0.0,0.0,0
9155629244,9155615907,0.99942684,0.033131853,-0.0050192643,0.004797155,0.0,0.0,0.0,0.0,0
9155637628,9155625346,0.9994265,0.033131633,-0.0050188117,0.004896528,0.0,0.0,0.0,0.0,0
9155648089,9155635089,0.99942577,0.033131484,-0.005018272,0.0050203577,0.0,0.0,0.0,0.0,0
9155659488,9155645369,0.9994251,0.033131327,-0.0050144843,0.0051550576,0.0,0.0,0.0,0.0,0
9155667938,9155655720,0.9994247,0.03313233,-0.0050104777,0.00525476,0.0,0.0,0.0,0.0,0
9155678431,9155664831,0.9994239,0.033133503,-0.0050054993,0.005378437,0.0,0.0,0.0,0.0,0
9155687764,9155675895,0.9994233,0.03313455,-0.0050010765,0.005488339,0.0,0.0,0.0,0.0,0
9155699351,9155685081,0.9994225,0.033137616,-0.0049972264,0.005624702,0.0,0.0,0.0,0.0,0
9155707785,9155695390,0.9994219,0.033138555,-0.004995596,0.0057238997,0.0,0.0,0.0,0.0,0
9155717976,9155705311,0.9994213,0.033136852,-0.0049936464,0.0058436804,0.0,0.0,0.0,0.0,0
9155728395,9155715431,0.9994206,0.033136822,-0.004990226,0.0059659625,0.0,0.0,0.0,0.0,0
9155737864,9155725690,0.9994199,0.033138067,-0.0049857744,0.006076915,0.0,0.0,0.0,0.0,0
9155748384,9155735167,0.9994194,0.03313895,-0.004982701,0.00614288,0.0,0.0,0.0,0.0,0
9155758747,9155745646,0.9994185,0.0331403,-0.004976487,0.0063040373,0.0,0.0,0.0,0.0,0
9155769208,9155755859,0.9994174,0.033139523,-0.0049724644,0.006466666,0.0,0.0,0.0,0.0,0
9155778617,9155765651,0.99941653,0.03313932,-0.0049681384,0.0066127293,0.0,0.0,0.0,0.0,0
9155788080,9155776128,0.9994156,0.033140425,-0.00496246,0.0067594238,0.0,0.0,0.0,0.0,0
9155798614,9155785341,0.9994145,0.03314039,-0.00495766,0.006922625,0.0,0.0,0.0,0.0,0
9155808087,9155795464,0.9994135,0.03314043,-0.004953358,0.0070692454,0.0,0.0,0.0,0.0,0
9155818565,9155805324,0.99941236,0.033140335,-0.004948582,0.00723125,0.0,0.0,0.0,0.0,0
9155829083,9155815843,0.9994111,0.033143166,-0.0049437666,0.00739373,0.0,0.0,0.0,0.0,0
9155839380,9155826096,0.9994099,0.033143856,-0.0049397517,0.00755264,0.0,0.0,0.0,0.0,0
9155847859,9155835897,0.9994089,0.033145063,-0.0049347156,0.007683268,0.0,0.0,0.0,0.0,0
9155858342,9155845177,0.99940753,0.03314655,-0.004928492,0.0078446865,0.0,0.0,0.0,0.0,0
9155868763,9155855616,0.9994063,0.033148028,-0.004922313,0.008004969,0.0,0.0,0.0,0.0,0
9155878139,9155865816,0.9994051,0.033149946,-0.004917404,0.008149078,0.0,0.0,0.0,0.0,0
9155888633,9155874658,0.99940383,0.03314824,-0.004911057,0.008313923,0.0,0.0,0.0,0.0,0
9155898958,9155885855,0.9994022,0.03314692,-0.0049063647,0.008517242,0.0,0.0,0.0,0.0,0
9155909474,9155896056,0.99940044,0.033145577,-0.004901586,0.008724197,0.0,0.0,0.0,0.0,0
9155917843,9155905275,0.999399,0.03314578,-0.0048966208,0.008888681,0.0,0.0,0.0,0.0,0
9155928379,9155915154,0.99939716,0.03314736,-0.0048888666,0.009095435,0.0,0.0,0.0,0.0,0
9155938722,9155925825,0.99939525,0.0331497,-0.004881988,0.009298266,0.0,0.0,0.0,0.0,0
9155949205,9155935822,0.9993933,0.03315273,-0.0048757377,0.009503637,0.0,0.0,0.0,0.0,0
9155958622,9155945705,0.9993915,0.033154126,-0.0048688226,0.009687928,0.0,0.0,0.0,0.0,0
9155968236,9155956115,0.99938965,0.03315555,-0.004861773,0.009875818,0.0,0.0,0.0,0.0,0
9155979209,9155965660,0.99938744,0.033155724,-0.004855295,0.010090226,0.0,0.0,0.0,0.0,0
9155988923,9155976257,0.99938554,0.033156056,-0.004849596,0.010279769,0.0,0.0,0.0,0.0,0
9155998336,9155986383,0.9993837,0.033156253,-0.004844058,0.010463296,0.0,0.0,0.0,0.0,0
9156008888,9155995822,0.9993815,0.033159256,-0.004834848,0.010668678,0.0,0.0,0.0,0.0,0
9156019467,9156006107,0.9993792,0.033161484,-0.0048280405,0.010874498,0.0,0.0,0.0,0.0,0
9156028280,9156015856,0.99937695,0.03316306,-0.0048230356,0.011077842,0.0,0.0,0.0,0.0,0
9156038835,9156025533,0.9993757,0.03316429,-0.0048184525,0.01118944,0.0,0.0,0.0,0.0,0
9156049450,9156036108,0.9993745,0.033163242,-0.0048160246,0.011301631,0.0,0.0,0.0,0.0,0
9156058826,9156046449,0.99937344,0.033161618,-0.0048146,0.011400661,0.0,0.0,0.0,0.0,0
9156068273,9156056138,0.9993723,0.03316117,-0.004811807,0.011500287,0.0,0.0,0.0,0.0,0
9156078812,9156065753,0.99937105,0.03316067,-0.0048086946,0.011611296,0.0,0.0,0.0,0.0,0
9156090323,9156075929,0.9993697,0.0331595,-0.004806116,0.011732418,0.0,0.0,0.0,0.0,0
9156098680,9156086305,0.99936867,0.033160374,-0.004802482,0.011820242,0.0,0.0,0.0,0.0,0
9156108151,9156096014,0.9993675,0.033161357,-0.004798371,0.011919623,0.0,0.0,0.0,0.0,0
9156118497,9156105643,0.99936604,0.033162426,-0.004793882,0.012028127,0.0,0.0,0.0,0.0,0
9156129107,9156115824,0.9993647,0.033164397,-0.0047900905,0.012139278,0.0,0.0,0.0,0.0,0
9156138840,9156125433,0.9993635,0.033166766,-0.004787222,0.0122411605,0.0,0.0,0.0,0.0,0
9156149357,9156136140,0.999362,0.03316798,-0.0047826883,0.012351133,0.0,0.0,0.0,0.0,0
9156159852,9156146482,0.9993606,0.033169877,-0.0047788424,0.012460763,0.0,0.0,0.0,0.0,0
9156168289,9156155675,0.99935967,0.033173013,-0.0047781267,0.012530828,0.0,0.0,0.0,0.0,0
9156178723,9156165786,0.9993575,0.03317438,-0.0047745467,0.012699763,0.0,0.0,0.0,0.0,0
9156189205,9156176242,0.99935544,0.03317297,-0.0047710165,0.012869304,0.0,0.0,0.0,0.0,0
9156198676,9156186508,0.9993535,0.033171635,-0.004767817,0.0130223725,0.0,0.0,0.0,0.0,0
9156209146,9156195173,0.9993514,0.033170063,-0.004761339,0.013191256,0.0,0.0,0.0,0.0,0
9156218727,9156206631,0.9993494,0.033168748,-0.004755435,0.013345658,0.0,0.0,0.0,0.0,0
9156229151,9156215771,0.9993472,0.033168707,-0.0047488855,0.013513479,0.0,0.0,0.0,0.0,0
9156238556,9156226198,0.9993452,0.033168595,-0.0047417525,0.013664679,0.0,0.0,0.0,0.0,0
9156249073,9156235857,0.99934286,0.0331701,-0.004735257,0.01383363,0.0,0.0,0.0,0.0,0
9156259390,9156246328,0.9993405,0.033173613,-0.0047266847,0.013999111,0.0,0.0,0.0,0.0,0
9156269836,9156256498,0.999338,0.033176377,-0.004718747,0.014166537,0.0,0.0,0.0,0.0,0
9156279331,9156266333,0.9993358,0.03317772,-0.004712909,0.014318587,0.0,0.0,0.0,0.0,0
9156288681,9156276549,0.9993337,0.033177745,-0.004708498,0.014468209,0.0,0.0,0.0,0.0,0
9156299066,9156286150,0.99933124,0.03317924,-0.004703566,0.014634279,0.0,0.0,0.0,0.0,0
9156309025,9156296162,0.9993292,0.03318162,-0.004699826,0.014762187,0.0,0.0,0.0,0.0,0
9156319343,9156306254,0.9993266,0.033182975,-0.0046931384,0.014937137,0.0,0.0,0.0,0.0,0
9156329823,9156316678,0.99932396,0.033182975,-0.004687856,0.015114657,0.0,0.0,0.0,0.0,0
9156340375,9156326863,0.9993214,0.03318291,-0.004682532,0.015293224,0.0,0.0,0.0,0.0,0
9156348749,9156336558,0.9993192,0.0331817,-0.004679502,0.015434806,0.0,0.0,0.0,0.0,0
9156359210,9156346036,0.9993165,0.033181638,-0.00467423,0.01561152,0.0,0.0,0.0,0.0,0
9156369581,9156356670,0.9993137,0.033183772,-0.0046682297,0.015786456,0.0,0.0,0.0,0.0,0
9156379068,9156366673,0.99931115,0.033186346,-0.0046634153,0.015946321,0.0,0.0,0.0,0.0,0
9156388682,9156376354,0.9993085,0.0331876,-0.004657217,0.016108146,0.0,0.0,0.0,0.0,0
9156399167,9156386108,0.99930567,0.033188965,-0.0046504634,0.01628448,0.0,0.0,0.0,0.0,0
9156410658,9156396201,0.9993024,0.03319045,-0.0046430696,0.016477529,0.0,0.0,0.0,0.0,0
9156419328,9156405943,0.9993001,0.0331905,-0.00463875,0.016623069,0.0,0.0,0.0,0.0,0
9156428762,9156416859,0.9992975,0.033190425,-0.0046340344,0.016781308,0.0,0.0,0.0,0.0,0
9156439232,9156426054,0.9992945,0.03319178,-0.004627315,0.01695668,0.0,0.0,0.0,0.0,0
9156449740,9156436503,0.9992931,0.033192772,-0.004623687,0.01703917,0.0,0.0,0.0,0.0,0
9156459149,9156446147,0.99929047,0.033191238,-0.0046176612,0.01719737,0.0,0.0,0.0,0.0,0
9156469709,9156456642,0.9992873,0.033191137,-0.0046123774,0.017374711,0.0,0.0,0.0,0.0,0
9156480553,9156466804,0.9992842,0.03319334,-0.004606129,0.017556606,0.0,0.0,0.0,0.0,0
9156488999,9156477056,0.9992817,0.03319443,-0.004600709,0.01769814,0.0,0.0,0.0,0.0,0
9156499435,9156486286,0.99927855,0.033194337,-0.0045955055,0.017872928,0.0,0.0,0.0,0.0,0
9156510145,9156496909,0.9992753,0.033195056,-0.0045894156,0.018052053,0.0,0.0,0.0,0.0,0
9156520923,9156507364,0.99927205,0.03319644,-0.004582518,0.018232107,0.0,0.0,0.0,0.0,0
9156529612,9156516672,0.99926937,0.033197556,-0.0045769634,0.018377107,0.0,0.0,0.0,0.0,0
9156539280,9156526979,0.9992664,0.033198923,-0.0045708055,0.018538287,0.0,0.0,0.0,0.0,0
9156549989,9156536562,0.99926305,0.03320043,-0.004563991,0.01871667,0.0,0.0,0.0,0.0,0
9156559011,9156547314,0.99926025,0.033201702,-0.004558255,0.018866826,0.0,0.0,0.0,0.0,0
9156569571,9156556308,0.9992569,0.033203043,-0.0045515327,0.019042365,0.0,0.0,0.0,0.0,0
9156579959,9156566997,0.99925363,0.033203535,-0.0045456267,0.019214924,0.0,0.0,0.0,0.0,0
9156590485,9156577051,0.999252,0.033203017,-0.00454342,0.019299984,0.0,0.0,0.0,0.0,0
9156598903,9156586924,0.9992503,0.03320396,-0.0045398204,0.019387398,0.0,0.0,0.0,0.0,0
9156609468,9156596444,0.99924815,0.03320514,-0.004535307,0.019497003,0.0,0.0,0.0,0.0,0
9156619834,9156606951,0.99924594,0.03320629,-0.004530884,0.019604431,0.0,0.0,0.0,0.0,0
9156629391,9156616951,0.999244,0.033207353,-0.0045268117,0.019703366,0.0,0.0,0.0,0.0,0
9156640073,9156626664,0.99924177,0.033208396,-0.004522247,0.019813854,0.0,0.0,0.0,0.0,0
9156649704,9156637445,0.9992398,0.033208653,-0.0045188484,0.019913394,0.0,0.0,0.0,0.0,0
9156661302,9156646801,0.99923754,0.0332082,-0.0045155594,0.02003319,0.0,0.0,0.0,0.0,0
9156668747,9156656222,0.99923587,0.03320902,-0.004512398,0.020109946,0.0,0.0,0.0,0.0,0
9156679231,9156666033,0.9992338,0.033210043,-0.004507934,0.020217959,0.0,0.0,0.0,0.0,0
9156689612,9156676671,0.9992315,0.03321091,-0.0045035016,0.020324796,0.0,0.0,0.0,0.0,0
9156700087,9156686891,0.9992294,0.033212777,-0.0044998107,0.020432515,0.0,0.0,0.0,0.0,0
9156709499,9156697370,0.99922734,0.03321385,-0.00449847,0.020529263,0.0,0.0,0.0,0.0,0
9156719982,9156706785,0.99922514,0.033213563,-0.004495538,0.020636905,0.0,0.0,0.0,0.0,0
9156731647,9156717043,0.99922276,0.033214822,-0.0044907653,0.020751718,0.0,0.0,0.0,0.0,0
9156738996,9156727459,0.9992215,0.03321556,-0.0044881706,0.020811684,0.0,0.0,0.0,0.0,0
9156749625,9156736335,0.99921966,0.03321662,-0.0044844225,0.02089832,0.0,0.0,0.0,0.0,0
9156759987,9156747050,0.99921787,0.033217654,-0.004480773,0.0209827,0.0,0.0,0.0,0.0,0
9156769969,9156757040,0.9992162,0.033217277,-0.0044786925,0.021063948,0.0,0.0,0.0,0.0,0
9156779545,9156766421,0.9992146,0.03321692,-0.0044766976,0.021141827,0.0,0.0,0.0,0.0,0
9156790161,9156776808,0.9992126,0.033217974,-0.004472966,0.021228012,0.0,0.0,0.0,0.0,0
9156799833,9156787452,0.9992111,0.033217613,-0.0044709574,0.021306498,0.0,0.0,0.0,0.0,0
9156809458,9156796886,0.9992094,0.033217527,-0.0044703037,0.021384574,0.0,0.0,0.0,0.0,0
9156819908,9156806702,0.9992075,0.03322005,-0.0044680675,0.021469206,0.0,0.0,0.0,0.0,0
9156830281,9156817363,0.99920565,0.033221077,-0.004464428,0.021553079,0.0,0.0,0.0,0.0,0
9156840817,9156827559,0.99920386,0.03322047,-0.004462216,0.021638248,0.0,0.0,0.0,0.0,0
9156850140,9156837158,0.9992022,0.03322127,-0.004458935,0.021713488,0.0,0.0,0.0,0.0,0
9156859486,9156847653,0.9992005,0.03322207,-0.0044556498,0.021788836,0.0,0.0,0.0,0.0,0
9156869946,9156856815,0.9991968,0.0332242,-0.0044499906,0.021956109,0.0,0.0,0.0,0.0,0
9156879632,9156867059,0.9991961,0.033226304,-0.0044495827,0.021984508,0.0,0.0,0.0,0.0,0
9156890117,9156876886,0.9991955,0.033226956,-0.004447688,0.022015193,0.0,0.0,0.0,0.0,0
9156900266,9156887575,0.99919486,0.033226196,-0.0044473093,0.02204492,0.0,0.0,0.0,0.0,0
9156911657,9156897253,0.999194,0.033226058,-0.004446042,0.022078212,0.0,0.0,0.0,0.0,0
9156920104,9156906393,0.9991936,0.033225432,-0.0044457284,0.022102892,0.0,0.0,0.0,0.0,0
9156929632,9156917403,0.9991931,0.03322354,-0.0044467594,0.022130769,0.0,0.0,0.0,0.0,0
9156940047,9156927088,0.9991924,0.03322277,-0.004446369,0.022161143,0.0,0.0,0.0,0.0,0
9156950551,9156937098,0.9991917,0.033223502,-0.004444481,0.022191675,0.0,0.0,0.0,0.0,0
9156959574,9156947840,0.9991911,0.033224188,-0.004442868,0.022217885,0.0,0.0,0.0,0.0,0
9156970059,9156956896,0.99919045,0.03322341,-0.0044424804,0.022248367,0.0,0.0,0.0,0.0,0
9156981767,9156967159,0.9991896,0.033222515,-0.0044453084,0.022282477,0.0,0.0,0.0,0.0,0
9156990135,9156977960,0.99918914,0.03322086,-0.0044462103,0.022306798,0.0,0.0,0.0,0.0,0
9156999659,9156987667,0.99918866,0.033220164,-0.0044458504,0.022334395,0.0,0.0,0.0,0.0,0
9157010049,9156996916,0.99918705,0.033222463,-0.0044441014,0.02240318,0.0,0.0,0.0,0.0,0
9157020594,9157007334,0.9991868,0.033222355,-0.00444504,0.022413885,0.0,0.0,0.0,0.0,0
9157030023,9157017016,0.9991866,0.03322287,-0.0044439193,0.022423381,0.0,0.0,0.0,0.0,0
9157040455,9157027346,0.99918634,0.033222146,-0.004444195,0.022433933,0.0,0.0,0.0,0.0,0
9157051989,9157037559,0.99918616,0.0332197,-0.004442917,0.022445539,0.0,0.0,0.0,0.0,0
9157059316,9157047783,0.99918604,0.033218194,-0.0044441638,0.022452965,0.0,0.0,0.0,0.0,0
9157070009,9157056856,0.9991858,0.033217378,-0.004447417,0.022463825,0.0,0.0,0.0,0.0,0
9157080496,9157067512,0.99918556,0.033216514,-0.004447664,0.022474365,0.0,0.0,0.0,0.0,0
9157091049,9157077782,0.99918544,0.033215716,-0.0044508683,0.022485059,0.0,0.0,0.0,0.0,0
9157100485,9157087583,0.99918526,0.033215076,-0.0044511035,0.022494515,0.0,0.0,0.0,0.0,0
9157109905,9157098016,0.9991851,0.033214316,-0.00445132,0.022503946,0.0,0.0,0.0,0.0,0
9157120371,9157107415,0.99918497,0.033210617,-0.0044516376,0.022514429,0.0,0.0,0.0,0.0,0
9157129928,9157117666,0.99918467,0.033209976,-0.0044518737,0.022523955,0.0,0.0,0.0,0.0,0
9157140390,9157127197,0.9991844,0.03321071,-0.004450631,0.022534315,0.0,0.0,0.0,0.0,0
9157150944,9157137675,0.9991824,0.03321315,-0.004448226,0.022622366,0.0,0.0,0.0,0.0,0
9157161796,9157148195,0.9991778,0.033216964,-0.0044429176,0.022820551,0.0,0.0,0.0,0.0,0
9157170176,9157156891,0.99917424,0.033219375,-0.004438263,0.022973398,0.0,0.0,0.0,0.0,0
9157180748,9157167703,0.9991697,0.03322241,-0.0044323937,0.023166075,0.0,0.0,0.0,0.0,0
9157191113,9157177983,0.99916524,0.03322326,-0.0044259024,0.023354778,0.0,0.0,0.0,0.0,0
9157200578,9157188395,0.99916124,0.03322333,-0.0044207238,0.023526892,0.0,0.0,0.0,0.0,0
9157210714,9157197869,0.9991569,0.033224795,-0.0044137235,0.023711069,0.0,0.0,0.0,0.0,0
9157221094,9157207960,0.9991524,0.03322615,-0.0044065467,0.02389947,0.0,0.0,0.0,0.0,0
9157231743,9157218161,0.9991478,0.033227473,-0.004399186,0.024092516,0.0,0.0,0.0,0.0,0
9157240114,9157228066,0.99914414,0.03322753,-0.0043946276,0.024244182,0.0,0.0,0.0,0.0,0
9157250696,9157237579,0.9991395,0.033227462,-0.0043888516,0.024435703,0.0,0.0,0.0,0.0,0
9157261103,9157248212,0.9991347,0.033230286,-0.0043831007,0.024623884,0.0,0.0,0.0,0.0,0
9157270571,9157258406,0.9991304,0.03323359,-0.004378532,0.02479489,0.0,0.0,0.0,0.0,0
9157281007,9157268090,0.9991257,0.033234935,-0.004371351,0.024983162,0.0,0.0,0.0,0.0,0
9157290396,9157278513,0.99912095,0.03323755,-0.0043655755,0.025170492,0.0,0.0,0.0,0.0,0
9157301889,9157287284,0.9991119,0.033240512,-0.0043533896,0.025528362,0.0,0.0,0.0,0.0,0
9157310321,9157298319,0.99910504,0.033242177,-0.004343933,0.025790686,0.0,0.0,0.0,0.0,0
9157320885,9157307814,0.9990966,0.03324426,-0.004332102,0.026118891,0.0,0.0,0.0,0.0,0
9157331294,9157318145,0.99908805,0.03324395,-0.004322688,0.026442142,0.0,0.0,0.0,0.0,0
9157341514,9157328591,0.9990797,0.03324291,-0.004314161,0.026759187,0.0,0.0,0.0,0.0,0
9157350205,9157337677,0.99907255,0.03324214,-0.004306935,0.027028518,0.0,0.0,0.0,0.0,0
9157360737,9157347522,0.9990637,0.033241335,-0.0042982055,0.027354639,0.0,0.0,0.0,0.0,0
9157371058,9157358217,0.99905497,0.03324237,-0.0042875023,0.027673777,0.0,0.0,0.0,0.0,0
9157380553,9157368186,0.99904674,0.033244103,-0.0042768987,0.027967002,0.0,0.0,0.0,0.0,0
9157391051,9157377868,0.9990377,0.033244725,-0.004266717,0.028290955,0.0,0.0,0.0,0.0,0
9157400537,9157388339,0.9990294,0.033245284,-0.0042575262,0.028583366,0.0,0.0,0.0,0.0,0
9157412108,9157397811,0.9990191,0.033247452,-0.004244642,0.028939737,0.0,0.0,0.0,0.0,0
9157420492,9157407203,0.99901164,0.03324776,-0.0042341724,0.029197607,0.0,0.0,0.0,0.0,0
9157431002,9157417825,0.9990083,0.033248898,-0.004229469,0.029311338,0.0,0.0,0.0,0.0,0
9157441459,9157428286,0.9990063,0.03325133,-0.0042277984,0.029376948,0.0,0.0,0.0,0.0,0
9157450892,9157438508,0.99900454,0.033251457,-0.0042256257,0.029436074,0.0,0.0,0.0,0.0,0
9157460284,9157448196,0.9990029,0.033249624,-0.004225545,0.029494965,0.0,0.0,0.0,0.0,0
9157470731,9157457809,0.99900097,0.033249006,-0.0042239474,0.029560357,0.0,0.0,0.0,0.0,0
9157482402,9157467832,0.9989988,0.033249974,-0.0042204903,0.02963324,0.0,0.0,0.0,0.0,0
9157490737,9157478548,0.9989973,0.03325061,-0.0042180186,0.02968524,0.0,0.0,0.0,0.0,0
9157501221,9157488046,0.9989953,0.033251412,-0.0042149127,0.0297506,0.0,0.0,0.0,0.0,0
9157511613,9157498716,0.99899334,0.03325014,-0.0042126672,0.02981535,0.0,0.0,0.0,0.0,0
9157521350,9157508931,0.9989917,0.03324829,-0.004209887,0.02987593,0.0,0.0,0.0,0.0,0
9157531071,9157518576,0.9989898,0.033247717,-0.004208419,0.029936371,0.0,0.0,0.0,0.0,0
9157541684,9157528458,0.99898785,0.033248395,-0.0042052716,0.03000225,0.0,0.0,0.0,0.0,0
9157552142,9157538434,0.998986,0.033249274,-0.0042021987,0.030067096,0.0,0.0,0.0,0.0,0
9157560534,9157548798,0.9989843,0.03325111,-0.004200866,0.03011911,0.0,0.0,0.0,0.0,0
9157571208,9157557859,0.9989812,0.033253606,-0.0041979295,0.030222576,0.0,0.0,0.0,0.0,0
9157581665,9157568462,0.9989789,0.033254582,-0.004194531,0.030297386,0.0,0.0,0.0,0.0,0
9157591065,9157578724,0.99897677,0.033254053,-0.0041928226,0.030364593,0.0,0.0,0.0,0.0,0
9157600506,9157587990,0.99897474,0.03325365,-0.0041911257,0.030432018,0.0,0.0,0.0,0.0,0
9157611037,9157598032,0.9989725,0.033253204,-0.0041892338,0.030507168,0.0,0.0,0.0,0.0,0
9157622560,9157608149,0.99897,0.03325406,-0.0041854745,0.030589243,0.0,0.0,0.0,0.0,0
9157630994,9157618952,0.9989681,0.033254735,-0.004182732,0.030649256,0.0,0.0,0.0,0.0,0
9157641576,9157628280,0.99896586,0.033254147,-0.0041808225,0.03072454,0.0,0.0,0.0,0.0,0
9157652031,9157638980,0.9989636,0.033254206,-0.004178181,0.030798575,0.0,0.0,0.0,0.0,0
9157662503,9157649241,0.99896127,0.033255186,-0.004174789,0.03087309,0.0,0.0,0.0,0.0,0
9157670875,9157657575,0.9989595,0.033253513,-0.0041721496,0.03093243,0.0,0.0,0.0,0.0,0
9157681505,9157668201,0.9989573,0.03324973,-0.004167348,0.031007655,0.0,0.0,0.0,0.0,0
9157690869,9157678997,0.99895525,0.033249725,-0.004163663,0.031073846,0.0,0.0,0.0,0.0,0
9157701347,9157687992,0.9989529,0.03325057,-0.0041602864,0.031147843,0.0,0.0,0.0,0.0,0
9157710825,9157698880,0.9989508,0.033251338,-0.0041572037,0.03121569,0.0,0.0,0.0,0.0,0
9157721229,9157708152,0.9989493,0.0332522,-0.0041547725,0.03126205,0.0,0.0,0.0,0.0,0
9157732883,9157718545,0.99894774,0.033253167,-0.004152054,0.031313922,0.0,0.0,0.0,0.0,0
9157741501,9157728648,0.9989464,0.033253875,-0.004150045,0.03135224,0.0,0.0,0.0,0.0,0
9157750808,9157738940,0.9989452,0.033253256,-0.0041492092,0.031393643,0.0,0.0,0.0,0.0,0
9157761219,9157748134,0.99894375,0.033252433,-0.0041482565,0.03143991,0.0,0.0,0.0,0.0,0
9157771704,9157758536,0.9989423,0.033250984,-0.004148126,0.031486478,0.0,0.0,0.0,0.0,0
9157781134,9157769032,0.99894106,0.033249088,-0.0041486416,0.03152834,0.0,0.0,0.0,0.0,0
9157791671,9157778439,0.99893963,0.033248536,-0.004147712,0.031575006,0.0,0.0,0.0,0.0,0
9157802136,9157788768,0.99893814,0.03324941,-0.0041452744,0.031621244,0.0,0.0,0.0,0.0,0
9157810580,9157798851,0.99893695,0.033250004,-0.0041432986,0.0316585,0.0,0.0,0.0,0.0,0
9157821171,9157808096,0.99893546,0.033250745,-0.0041408218,0.03170522,0.0,0.0,0.0,0.0,0
9157831497,9157818598,0.998934,0.03325308,-0.004139826,0.031750757,0.0,0.0,0.0,0.0,0
9157842025,9157828577,0.9989325,0.03325448,-0.004138062,0.03179712,0.0,0.0,0.0,0.0,0
9157851385,9157839323,0.99893004,0.033254012,-0.004136008,0.031875048,0.0,0.0,0.0,0.0,0
9157861905,9157848907,0.9989264,0.03325522,-0.0041344073,0.03198477,0.0,0.0,0.0,0.0,0
9157872523,9157859004,0.9989229,0.033257738,-0.0041312356,0.03209536,0.0,0.0,0.0,0.0,0
9157880892,9157869434,0.9989199,0.033259824,-0.004128751,0.03218244,0.0,0.0,0.0,0.0,0
9157891384,9157878223,0.9989164,0.033260938,-0.0041242153,0.0322915,0.0,0.0,0.0,0.0,0
9157901850,9157888854,0.9989128,0.03326331,-0.004118168,0.032400113,0.0,0.0,0.0,0.0,0
9157912336,9157899104,0.9989093,0.033264417,-0.0041136495,0.032508872,0.0,0.0,0.0,0.0,0
9157921739,9157908145,0.99890614,0.033265408,-0.004109603,0.032606296,0.0,0.0,0.0,0.0,0
9157931136,9157919259,0.9989029,0.033266395,-0.004105562,0.0327036,0.0,0.0,0.0,0.0,0
9157941646,9157928420,0.99889934,0.033267498,-0.004101048,0.032812294,0.0,0.0,0.0,0.0,0
9157951114,9157938666,0.9988961,0.03326849,-0.0040969863,0.03291013,0.0,0.0,0.0,0.0,0
9157961585,9157948399,0.9988925,0.03326816,-0.0040940163,0.033018272,0.0,0.0,0.0,0.0,0
9157971951,9157959062,0.9988891,0.033267844,-0.00409108,0.03312522,0.0,0.0,0.0,0.0,0
9157982533,9157969045,0.99888545,0.033268876,-0.004086542,0.03323422,0.0,0.0,0.0,0.0,0
9157992109,9157978963,0.9988837,0.03326954,-0.0040841093,0.03328245,0.0,0.0,0.0,0.0,0
9158002283,9157989505,0.99888486,0.03327003,-0.0040843925,0.033248097,0.0,0.0,0.0,0.0,0
9158011853,9157999556,0.998886,0.033268467,-0.004086831,0.033215903,0.0,0.0,0.0,0.0,0
9158021086,9158009157,0.99888706,0.033267666,-0.0040884237,0.03318484,0.0,0.0,0.0,0.0,0
9158031552,9158018364,0.99888825,0.03326676,-0.0040902267,0.033149656,0.0,0.0,0.0,0.0,0
9158041979,9158029041,0.99888945,0.03326586,-0.0040920204,0.03311464,0.0,0.0,0.0,0.0,0
9158053602,9158039028,0.9988907,0.03326643,-0.0040923324,0.033075575,0.0,0.0,0.0,0.0,0
9158060953,9158049190,0.99889153,0.03326669,-0.0040925196,0.033050902,0.0,0.0,0.0,0.0,0
9158071549,9158058265,0.99889266,0.033267066,-0.0040927897,0.033015363,0.0,0.0,0.0,0.0,0
9158082157,9158069014,0.998894,0.03326538,-0.0040953597,0.032979913,0.0,0.0,0.0,0.0,0
9158091681,9158079469,0.998895,0.03326302,-0.0040983353,0.032948136,0.0,0.0,0.0,0.0,0
9158102090,9158089182,0.9988962,0.033261854,-0.00410008,0.032913372,0.0,0.0,0.0,0.0,0
9158112572,9158099405,0.99889725,0.03326373,-0.0041017523,0.032878403,0.0,0.0,0.0,0.0,0
9158123044,9158109470,0.9988983,0.033266384,-0.0041040396,0.03284349,0.0,0.0,0.0,0.0,0
9158131540,9158119574,0.99889505,0.033267327,-0.004099983,0.032943457,0.0,0.0,0.0,0.0,0
9158142065,9158128811,0.9988991,0.033267476,-0.0041032126,0.032819446,0.0,0.0,0.0,0.0,0
9158152415,9158139302,0.9989031,0.03326762,-0.0041063866,0.032697618,0.0,0.0,0.0,0.0,0
9158163366,9158149726,0.9989073,0.033266906,-0.0041104974,0.03256892,0.0,0.0,0.0,0.0,0
9158171598,9158158830,0.9989104,0.033266973,-0.0041153077,0.03247232,0.0,0.0,0.0,0.0,0
9158181991,9158169022,0.9989143,0.033268463,-0.0041198726,0.03235038,0.0,0.0,0.0,0.0,0
9158193514,9158179098,0.99891865,0.033268616,-0.004123385,0.03221533,0.0,0.0,0.0,0.0,0
9158201942,9158189704,0.9989218,0.03326799,-0.0041290326,0.032116782,0.0,0.0,0.0,0.0,0
9158211442,9158199233,0.9989253,0.033268187,-0.0041345824,0.03200573,0.0,0.0,0.0,0.0,0
9158221810,9158208716,0.99892914,0.033269666,-0.004139112,0.031884607,0.0,0.0,0.0,0.0,0
9158233291,9158218915,0.99893343,0.03326966,-0.004142568,0.0317506,0.0,0.0,0.0,0.0,0
9158242003,9158229317,0.99893665,0.033269655,-0.0041451887,0.031649027,0.0,0.0,0.0,0.0,0
9158252570,9158239222,0.9989405,0.03326979,-0.0041483813,0.031525925,0.0,0.0,0.0,0.0,0
9158261913,9158250057,0.9989439,0.03326978,-0.004151188,0.031417213,0.0,0.0,0.0,0.0,0
9158271469,9158259029,0.9989415,0.033270683,-0.0041477988,0.031494442,0.0,0.0,0.0,0.0,0
9158281994,9158268764,0.9989415,0.0332699,-0.004148388,0.031495582,0.0,0.0,0.0,0.0,0
9158292439,9158279323,0.9989414,0.03326757,-0.004150462,0.031496763,0.0,0.0,0.0,0.0,0
9158302921,9158289545,0.9989414,0.033266522,-0.004151006,0.03149788,0.0,0.0,0.0,0.0,0
9158311351,9158299435,0.9989414,0.03326568,-0.0041514435,0.031498775,0.0,0.0,0.0,0.0,0
9158321799,9158308863,0.9989414,0.033264775,-0.0041520027,0.031499878,0.0,0.0,0.0,0.0,0
9158332401,9158319295,0.9989414,0.033263996,-0.004152588,0.03150099,0.0,0.0,0.0,0.0,0
9158341966,9158329472,0.99894136,0.033264592,-0.004151731,0.03150194,0.0,0.0,0.0,0.0,0
9158352401,9158339229,0.99894136,0.033266738,-0.0041522128,0.03150302,0.0,0.0,0.0,0.0,0
9158362827,9158349886,0.99894124,0.033268873,-0.0041526924,0.031504106,0.0,0.0,0.0,0.0,0
9158373308,9158359930,0.9989412,0.033269517,-0.0041517518,0.031505164,0.0,0.0,0.0,0.0,0
9158381729,9158370036,0.9989411,0.033270035,-0.0041509974,0.031506017,0.0,0.0,0.0,0.0,0
9158392501,9158379059,0.99894106,0.033270694,-0.004150034,0.03150711,0.0,0.0,0.0,0.0,0
9158402936,9158390008,0.998941,0.03327133,-0.0041491026,0.031508166,0.0,0.0,0.0,0.0,0
9158414355,9158400041,0.99893695,0.03327101,-0.0041454826,0.031637147,0.0,0.0,0.0,0.0,0
9158421691,9158409908,0.99893874,0.03327013,-0.0041477783,0.031580854,0.0,0.0,0.0,0.0,0
9158432263,9158419231,0.9989413,0.0332703,-0.0041495543,0.031499792,0.0,0.0,0.0,0.0,0
9158443732,9158429294,0.9989441,0.03326843,-0.0041538463,0.031412035,0.0,0.0,0.0,0.0,0
9158452111,9158440140,0.9989462,0.033266403,-0.0041576866,0.031348012,0.0,0.0,0.0,0.0,0
9158462658,9158449424,0.99894875,0.033263855,-0.0041625146,0.031267483,0.0,0.0,0.0,0.0,0
9158473092,9158460132,0.99895126,0.033263456,-0.0041650212,0.031187823,0.0,0.0,0.0,0.0,0
9158483532,9158470336,0.9989537,0.03326377,-0.004166769,0.031108141,0.0,0.0,0.0,0.0,0
9158492144,9158479699,0.9989557,0.033264026,-0.004168209,0.031042501,0.0,0.0,0.0,0.0,0
9158502698,9158489522,0.99895823,0.03326291,-0.0041715,0.030962203,0.0,0.0,0.0,0.0,0
9158512408,9158499895,0.99896055,0.033261884,-0.0041745254,0.030888356,0.0,0.0,0.0,0.0,0
9158522230,9158509376,0.9989628,0.033262253,-0.004178914,0.030813787,0.0,0.0,0.0,0.0,0
9158532895,9158519671,0.99896526,0.03326395,-0.0041821115,0.03073284,0.0,0.0,0.0,0.0,0
9158542450,9158530316,0.99896747,0.033264108,-0.0041836784,0.03066036,0.0,0.0,0.0,0.0,0
9158553980,9158539670,0.99896663,0.03326462,-0.0041817734,0.03068644,0.0,0.0,0.0,0.0,0
9158562390,9158549740,0.9989588,0.033266082,-0.0041725873,0.03094005,0.0,0.0,0.0,0.0,0
9158572896,9158559864,0.998949,0.03326791,-0.004161101,0.03125718,0.0,0.0,0.0,0.0,0
9158582339,9158570177,0.99893993,0.033269543,-0.004150795,0.031541698,0.0,0.0,0.0,0.0,0
9158592951,9158579608,0.9989298,0.033272337,-0.004141425,0.031861145,0.0,0.0,0.0,0.0,0
9158602359,9158590436,0.9989208,0.03327153,-0.0041339104,0.032144215,0.0,0.0,0.0,0.0,0
9158612867,9158599844,0.9989105,0.033273414,-0.004125407,0.032459956,0.0,0.0,0.0,0.0,0
9158624316,9158609918,0.9988993,0.033276066,-0.004113655,0.032803573,0.0,0.0,0.0,0.0,0
9158632887,9158620324,0.9988908,0.03327753,-0.004104334,0.033060536,0.0,0.0,0.0,0.0,0
9158642406,9158630415,0.9988813,0.033279147,-0.0040940014,0.033345364,0.0,0.0,0.0,0.0,0
9158652780,9158639868,0.9988709,0.033281047,-0.004082747,0.033656046,0.0,0.0,0.0,0.0,0
9158663568,9158650063,0.9988598,0.03328653,-0.004067211,0.03397864,0.0,0.0,0.0,0.0,0
9158672854,9158660760,0.9988501,0.03329633,-0.004054976,0.034256075,0.0,0.0,0.0,0.0,0
9158683231,9158670274,0.99883896,0.033304162,-0.0040523564,0.0345706,0.0,0.0,0.0,0.0,0
9158694692,9158680292,0.9988354,0.033311985,-0.004063024,0.034665626,0.0,0.0,0.0,0.0,0
9158702122,9158690507,0.9988312,0.033317916,-0.004060665,0.034780383,0.0,0.0,0.0,0.0,0
9158712638,9158699624,0.9988255,0.0333317,-0.0040480406,0.03493268,0.0,0.0,0.0,0.0,0
9158723198,9158709693,0.99881977,0.033338457,-0.0040430888,0.035090376,0.0,0.0,0.0,0.0,0
9158733704,9158720233,0.998814,0.033342563,-0.004033863,0.035252187,0.0,0.0,0.0,0.0,0
9158743057,9158730008,0.9988088,0.033351064,-0.004020341,0.035391815,0.0,0.0,0.0,0.0,0
9158753565,9158740352,0.9988031,0.033362225,-0.004013664,0.035543095,0.0,0.0,0.0,0.0,0
9158764350,9158750596,0.99879706,0.033383984,-0.004004765,0.035693213,0.0,0.0,0.0,0.0,0
9158772776,9158760551,0.9987925,0.033390343,-0.0039936914,0.0358146,0.0,0.0,0.0,0.0,0
9158783269,9158770065,0.9987874,0.033376772,-0.003988108,0.035970397,0.0,0.0,0.0,0.0,0
9158792664,9158780536,0.9987823,0.03338073,-0.003979297,0.03610987,0.0,0.0,0.0,0.0,0
9158804316,9158789772,0.9987755,0.033404022,-0.00396514,0.03627727,0.0,0.0,0.0,0.0,0
9158812741,9158800119,0.9987709,0.033415426,-0.003963174,0.03639401,0.0,0.0,0.0,0.0,0
9158823213,9158810026,0.99876535,0.033423625,-0.0039594453,0.036538932,0.0,0.0,0.0,0.0,0
9158833602,9158820681,0.9987647,0.033420175,-0.0039540757,0.036560215,0.0,0.0,0.0,0.0,0
9158843916,9158830891,0.9987685,0.033420157,-0.0039563943,0.036455996,0.0,0.0,0.0,0.0,0
9158852529,9158841132,0.9987718,0.03341728,-0.003961408,0.036368947,0.0,0.0,0.0,0.0,0
9158863006,9158850046,0.9987755,0.03341336,-0.003960429,0.036268484,0.0,0.0,0.0,0.0,0
9158874696,9158860120,0.9987795,0.033421334,-0.0039627524,0.036150705,0.0,0.0,0.0,0.0,0
9158883109,9158870482,0.9987824,0.03343014,-0.0039670886,0.036061898,0.0,0.0,0.0,0.0,0
9158893537,9158880581,0.9987857,0.03343959,-0.0039743157,0.03596216,0.0,0.0,0.0,0.0,0
9158902907,9158890613,0.9987887,0.033444826,-0.003984128,0.035872582,0.0,0.0,0.0,0.0,0
9158913402,9158900018,0.99879235,0.033444934,-0.003993666,0.035767257,0.0,0.0,0.0,0.0,0
9158922804,9158910887,0.99879557,0.033443686,-0.004003732,0.035677396,0.0,0.0,0.0,0.0,0
9158933271,9158920305,0.998799,0.033450782,-0.004008666,0.035572793,0.0,0.0,0.0,0.0,0
9158944767,9158930142,0.99880296,0.033458956,-0.0040036645,0.03545826,0.0,0.0,0.0,0.0,0
9158953124,9158940959,0.9988057,0.033458646,-0.0039998605,0.035379138,0.0,0.0,0.0,0.0,0
9158963603,9158950059,0.9988092,0.03346187,-0.003998574,0.03527994,0.0,0.0,0.0,0.0,0
9158974035,9158960935,0.99880475,0.033476185,-0.003993883,0.035390753,0.0,0.0,0.0,0.0,0
9158983524,9158970942,0.9988029,0.033488173,-0.003992228,0.03543445,0.0,0.0,0.0,0.0,0
9158992894,9158980012,0.9988007,0.033498216,-0.0039929026,0.03548656,0.0,0.0,0.0,0.0,0
9159003527,9158990227,0.99879855,0.033498865,-0.0039977347,0.0355455,0.0,0.0,0.0,0.0,0
9159015158,9159000589,0.9987969,0.03349097,-0.004003584,0.035598572,0.0,0.0,0.0,0.0,0
9159022510,9159010892,0.99879587,0.033485394,-0.0040079164,0.03563209,0.0,0.0,0.0,0.0,0
9159032913,9159019775,0.99879396,0.033485938,-0.0040124254,0.0356845,0.0,0.0,0.0,0.0,0
9159043398,9159030227,0.99879193,0.033489972,-0.0040132133,0.0357374,0.0,0.0,0.0,0.0,0
9159053843,9159040269,0.99879014,0.033498116,-0.004003487,0.035780277,0.0,0.0,0.0,0.0,0
9159063226,9159050542,0.9987886,0.03351013,-0.0039839977,0.035814505,0.0,0.0,0.0,0.0,0
9159073748,9159060529,0.99878675,0.033515174,-0.0039686398,0.035862826,0.0,0.0,0.0,0.0,0
9159083135,9159070853,0.99878514,0.03351238,-0.003969663,0.035910074,0.0,0.0,0.0,0.0,0
9159092851,9159080431,0.9987835,0.033506893,-0.003977504,0.03595871,0.0,0.0,0.0,0.0,0
9159103220,9159089895,0.9987816,0.03350765,-0.003989199,0.036010437,0.0,0.0,0.0,0.0,0
9159113677,9159100520,0.9987762,0.033504926,-0.003994206,0.036160078,0.0,0.0,0.0,0.0,0
9159125095,9159110741,0.998774,0.033503946,-0.003997373,0.036224637,0.0,0.0,0.0,0.0,0
9159133581,9159120735,0.9987722,0.0335045,-0.004000872,0.03627261,0.0,0.0,0.0,0.0,0
9159144136,9159130870,0.99877006,0.033508718,-0.004001269,0.036327206,0.0,0.0,0.0,0.0,0
9159153399,9159140591,0.9987681,0.033515368,-0.0039982903,0.036375213,0.0,0.0,0.0,0.0,0
9159163937,9159150331,0.998766,0.033518396,-0.003990638,0.036429882,0.0,0.0,0.0,0.0,0
9159173540,9159161226,0.9987639,0.03352707,-0.0039828387,0.036479663,0.0,0.0,0.0,0.0,0
9159183929,9159170570,0.9987614,0.03352586,-0.0039818063,0.03654865,0.0,0.0,0.0,0.0,0
9159194445,9159181013,0.9987592,0.033522457,-0.003977037,0.036613364,0.0,0.0,0.0,0.0,0
9159202866,9159190941,0.9987575,0.033526577,-0.0039669,0.036657117,0.0,0.0,0.0,0.0,0
9159213296,9159199963,0.99875534,0.033526547,-0.0039568446,0.03671617,0.0,0.0,0.0,0.0,0
9159223695,9159210594,0.99875313,0.033528943,-0.0039560962,0.036774814,0.0,0.0,0.0,0.0,0
9159234170,9159220803,0.99875045,0.033538286,-0.003961796,0.03683871,0.0,0.0,0.0,0.0,0
9159243650,9159230211,0.9987478,0.03354849,-0.0039624255,0.03690121,0.0,0.0,0.0,0.0,0
9159254187,9159240744,0.99873906,0.033552818,-0.003950329,0.03713256,0.0,0.0,0.0,0.0,0
9159264464,9159251235,0.9987309,0.03355305,-0.0039427644,0.03735291,0.0,0.0,0.0,0.0,0
9159273871,9159260631,0.9987235,0.033554528,-0.0039344267,0.037550025,0.0,0.0,0.0,0.0,0
9159283269,9159270951,0.9987162,0.033552885,-0.0039294693,0.037746623,0.0,0.0,0.0,0.0,0
9159293687,9159280565,0.99870795,0.03355274,-0.003929646,0.037964046,0.0,0.0,0.0,0.0,0
9159303166,9159290791,0.99870026,0.033563394,-0.003924603,0.03815715,0.0,0.0,0.0,0.0,0
9159313663,9159300271,0.9986916,0.03357831,-0.0039080135,0.03837119,0.0,0.0,0.0,0.0,0
9159324084,9159310949,0.99868315,0.03357685,-0.0038976008,0.03859355,0.0,0.0,0.0,0.0,0
9159334555,9159321146,0.9986745,0.033565767,-0.0038965952,0.03882671,0.0,0.0,0.0,0.0,0
9159344214,9159331633,0.99866647,0.033562116,-0.003893901,0.03903676,0.0,0.0,0.0,0.0,0
9159353676,9159341468,0.9986588,0.03356325,-0.003892707,0.039233,0.0,0.0,0.0,0.0,0
9159364100,9159350936,0.9986502,0.03356309,-0.0038929058,0.03944903,0.0,0.0,0.0,0.0,0
9159374524,9159360940,0.99864125,0.033576265,-0.0038831218,0.039665096,0.0,0.0,0.0,0.0,0
9159383939,9159371046,0.99863297,0.033599723,-0.0038711333,0.039855633,0.0,0.0,0.0,0.0,0
9159394434,9159381231,0.9986265,0.03360746,-0.0038644094,0.040009335,0.0,0.0,0.0,0.0,0
9159403753,9159390899,0.9986199,0.033607967,-0.0038580599,0.04017383,0.0,0.0,0.0,0.0,0
9159413315,9159400685,0.998613,0.033612043,-0.0038547292,0.04034234,0.0,0.0,0.0,0.0,0
9159423827,9159410430,0.9986053,0.033618577,-0.0038488347,0.04052748,0.0,0.0,0.0,0.0,0
9159434751,9159421131,0.9985974,0.033629,-0.0038386,0.04071483,0.0,0.0,0.0,0.0,0
9159444604,9159431633,0.99859035,0.033635106,-0.0038329293,0.040883146,0.0,0.0,0.0,0.0,0
9159454335,9159441832,0.9985835,0.03363338,-0.0038357333,0.041049503,0.0,0.0,0.0,0.0,0
9159463830,9159451525,0.99857706,0.03363173,-0.0038382977,0.04120668,0.0,0.0,0.0,0.0,0
9159474263,9159461132,0.99856985,0.033631884,-0.0038316036,0.04138474,0.0,0.0,0.0,0.0,0
9159484049,9159471137,0.9985627,0.033637024,-0.0038225849,0.041551575,0.0,0.0,0.0,0.0,0
9159494409,9159481270,0.99855506,0.033647377,-0.0038107112,0.041728258,0.0,0.0,0.0,0.0,0
9159504874,9159491694,0.9985473,0.03365449,-0.003802513,0.04190636,0.0,0.0,0.0,0.0,0
9159515535,9159501600,0.9985401,0.033655986,-0.0037984352,0.042077173,0.0,0.0,0.0,0.0,0
9159524138,9159511858,0.99853444,0.03364774,-0.0037956855,0.04221885,0.0,0.0,0.0,0.0,0
9159534683,9159521333,0.998532,0.033632293,-0.0038017656,0.042290706,0.0,0.0,0.0,0.0,0
9159544242,9159531972,0.9985392,0.033629037,-0.003809494,0.042119127,0.0,0.0,0.0,0.0,0
9159554758,9159541085,0.9985467,0.03364246,-0.00380855,0.041930716,0.0,0.0,0.0,0.0,0
9159564158,9159551214,0.9985533,0.033652816,-0.0038052483,0.04176704,0.0,0.0,0.0,0.0,0
9159574582,9159561448,0.99856055,0.033665814,-0.0038028248,0.041580655,0.0,0.0,0.0,0.0,0
9159586068,9159571681,0.9985693,0.03366631,-0.0038070034,0.041369945,0.0,0.0,0.0,0.0,0
9159593583,9159581895,0.9985752,0.03365603,-0.0038160088,0.04123569,0.0,0.0,0.0,0.0,0
9159604151,9159590817,0.9985828,0.033645343,-0.0038324955,0.041057196,0.0,0.0,0.0,0.0,0
9159614461,9159601137,0.9985898,0.03364684,-0.003843052,0.040883295,0.0,0.0,0.0,0.0,0
9159624947,9159611559,0.9985973,0.033657525,-0.0038449133,0.04069154,0.0,0.0,0.0,0.0,0
9159634397,9159621475,0.9986042,0.03366155,-0.003854003,0.04051868,0.0,0.0,0.0,0.0,0
9159645932,9159631685,0.99861246,0.03365973,-0.0038774966,0.040313173,0.0,0.0,0.0,0.0,0
9159655537,9159641237,0.99861944,0.03366101,-0.0038867828,0.04013785,0.0,0.0,0.0,0.0,0
9159663961,9159652169,0.9986255,0.03366297,-0.0038878748,0.03998438,0.0,0.0,0.0,0.0,0
9159674464,9159661437,0.9986224,0.033663012,-0.0038842675,0.04006278,0.0,0.0,0.0,0.0,0
9159685042,9159671924,0.9986039,0.03366453,-0.003867834,0.040521514,0.0,0.0,0.0,0.0,0
9159695431,9159682074,0.9985855,0.03366594,-0.0038517003,0.04097169,0.0,0.0,0.0,0.0,0
9159703775,9159691832,0.99857074,0.033667125,-0.0038387633,0.041332837,0.0,0.0,0.0,0.0,0
9159714272,9159701318,0.99855185,0.033668604,-0.0038225055,0.04178668,0.0,0.0,0.0,0.0,0
9159724787,9159711584,0.9985328,0.033668596,-0.0038077617,0.04224087,0.0,0.0,0.0,0.0,0
9159734179,9159722036,0.99851555,0.03367003,-0.0037932557,0.0426461,0.0,0.0,0.0,0.0,0
9159744784,9159731493,0.99849594,0.033670083,-0.0037784274,0.043103237,0.0,0.0,0.0,0.0,0
9159755152,9159742251,0.99847674,0.033668615,-0.003765437,0.04354986,0.0,0.0,0.0,0.0,0
9159765738,9159752240,0.99845684,0.033667874,-0.0037513645,0.0440051,0.0,0.0,0.0,0.0,0
9159774132,9159762223,0.9984408,0.03366892,-0.003738419,0.044365875,0.0,0.0,0.0,0.0,0
9159784634,9159771455,0.99842066,0.033671606,-0.003720708,0.044816684,0.0,0.0,0.0,0.0,0
9159794985,9159782114,0.9984006,0.033673797,-0.0037040086,0.04526051,0.0,0.0,0.0,0.0,0
9159804993,9159792311,0.99838114,0.033676732,-0.0036900055,0.0456889,0.0,0.0,0.0,0.0,0
9159814457,9159801170,0.99837536,0.033678338,-0.0036861692,0.045814663,0.0,0.0,0.0,0.0,0
9159824866,9159811908,0.9983622,0.03367775,-0.0036771214,0.046100114,0.0,0.0,0.0,0.0,0
9159836296,9159821929,0.9983478,0.03367703,-0.0036655397,0.046413172,0.0,0.0,0.0,0.0,0
9159843705,9159832331,0.99833846,0.033676613,-0.0036570525,0.04661578,0.0,0.0,0.0,0.0,0
9159854384,9159841032,0.9983247,0.03367757,-0.003646257,0.04690763,0.0,0.0,0.0,0.0,0
9159864659,9159851598,0.9983115,0.03367849,-0.0036358794,0.04718822,0.0,0.0,0.0,0.0,0
9159875183,9159861968,0.99829787,0.033679426,-0.0036252646,0.047475215,0.0,0.0,0.0,0.0,0
9159884635,9159871871,0.99828565,0.033679005,-0.0036171298,0.047732785,0.0,0.0,0.0,0.0,0
9159896152,9159882151,0.99827063,0.033680167,-0.0036087623,0.04804634,0.0,0.0,0.0,0.0,0
9159905729,9159892139,0.9982581,0.033680998,-0.0036004498,0.04830678,0.0,0.0,0.0,0.0,0
9159914034,9159902587,0.9982471,0.03368062,-0.003593319,0.04853242,0.0,0.0,0.0,0.0,0
9159924511,9159911370,0.99823326,0.033681672,-0.0035857284,0.04881681,0.0,0.0,0.0,0.0,0
9159935134,9159922023,0.9982192,0.033682734,-0.0035780373,0.049104866,0.0,0.0,0.0,0.0,0
9159945930,9159932165,0.9982047,0.03368353,-0.0035671864,0.049397245,0.0,0.0,0.0,0.0,0
9159955242,9159942277,0.99819905,0.033683863,-0.0035624225,0.04951368,0.0,0.0,0.0,0.0,0
9159964680,9159952722,0.9981962,0.03368384,-0.003559677,0.049569633,0.0,0.0,0.0,0.0,0
9159975149,9159961982,0.9981931,0.03368527,-0.0035551032,0.049631584,0.0,0.0,0.0,0.0,0
9159984603,9159972409,0.9981903,0.033685252,-0.0035523628,0.049687542,0.0,0.0,0.0,0.0,0
9159995057,9159981925,0.99818724,0.033683706,-0.0035508561,0.04974942,0.0,0.0,0.0,0.0,0
9160005418,9159992358,0.99818426,0.033682313,-0.0035493802,0.049810667,0.0,0.0,0.0,0.0,0
9160016029,9160002541,0.9981812,0.03368103,-0.00354789,0.04987315,0.0,0.0,0.0,0.0,0
9160024651,9160012377,0.99817866,0.033681136,-0.0035454002,0.049924113,0.0,0.0,0.0,0.0,0
9160034432,9160021946,0.9981758,0.033679955,-0.0035440272,0.04998176,0.0,0.0,0.0,0.0,0
9160044945,9160031705,0.9981729,0.033677295,-0.0035441013,0.050043706,0.0,0.0,0.0,0.0,0
9160055413,9160042027,0.99816984,0.033676583,-0.0035417702,0.050105225,0.0,0.0,0.0,0.0,0
9160064896,9160052699,0.998167,0.033675198,-0.003540412,0.05016091,0.0,0.0,0.0,0.0,0
9160075530,9160062410,0.9981639,0.033675183,-0.0035373431,0.05022324,0.0,0.0,0.0,0.0,0
9160086124,9160072638,0.9981607,0.033676792,-0.0035342905,0.05028525,0.0,0.0,0.0,0.0,0
9160094508,9160082600,0.9981557,0.033679515,-0.0035324588,0.05038349,0.0,0.0,0.0,0.0,0
9160105152,9160092017,0.9981466,0.0336816,-0.003526939,0.05056081,0.0,0.0,0.0,0.0,0
9160115518,9160102636,0.9981379,0.03368143,-0.0035209598,0.05073334,0.0,0.0,0.0,0.0,0
9160124972,9160112831,0.99813,0.03367926,-0.0035149464,0.050890498,0.0,0.0,0.0,0.0,0
9160135481,9160121400,0.9981212,0.033676855,-0.0035082705,0.051065013,0.0,0.0,0.0,0.0,0
9160145978,9160132964,0.9981124,0.033674605,-0.0035045554,0.051239174,0.0,0.0,0.0,0.0,0
9160156516,9160142156,0.99810344,0.033674523,-0.0035013421,0.05141391,0.0,0.0,0.0,0.0,0
9160164923,9160152938,0.9980963,0.033674844,-0.0034958802,0.051553037,0.0,0.0,0.0,0.0,0
9160175420,9160162248,0.99808735,0.033675242,-0.0034890664,0.051726617,0.0,0.0,0.0,0.0,0
9160184893,9160172714,0.9980791,0.033675723,-0.0034829373,0.05188304,0.0,0.0,0.0,0.0,0
9160196460,9160182119,0.9980692,0.03367616,-0.0034754456,0.05207394,0.0,0.0,0.0,0.0,0
9160204873,9160192273,0.998062,0.033676475,-0.0034700048,0.0522126,0.0,0.0,0.0,0.0,0
9160215350,9160202193,0.9980529,0.033676863,-0.0034632352,0.052385118,0.0,0.0,0.0,0.0,0
9160225754,9160212857,0.998044,0.033677254,-0.0034565218,0.052556265,0.0,0.0,0.0,0.0,0
9160235293,9160223041,0.998038,0.033678185,-0.003452499,0.052668355,0.0,0.0,0.0,0.0,0
9160244801,9160232602,0.9980256,0.03368032,-0.003445003,0.05290285,0.0,0.0,0.0,0.0,0
9160255197,9160242063,0.998012,0.033680994,-0.003435423,0.05315897,0.0,0.0,0.0,0.0,0
9160266701,9160252272,0.9979969,0.033681665,-0.0034248268,0.053442106,0.0,0.0,0.0,0.0,0
9160275138,9160262684,0.99798584,0.033681203,-0.0034183275,0.05364952,0.0,0.0,0.0,0.0,0
9160285113,9160272585,0.9979727,0.033679336,-0.0034121233,0.053894587,0.0,0.0,0.0,0.0,0
9160295508,9160282551,0.9979589,0.033677258,-0.0034056434,0.054149754,0.0,0.0,0.0,0.0,0
9160305122,9160292782,0.99794614,0.033676673,-0.003398245,0.05438545,0.0,0.0,0.0,0.0,0
9160315598,9160302433,0.9979322,0.03367597,-0.0033901837,0.05464202,0.0,0.0,0.0,0.0,0
9160326035,9160313103,0.99791825,0.03367527,-0.0033821624,0.054897312,0.0,0.0,0.0,0.0,0
9160336530,9160323333,0.9979042,0.033675224,-0.003373279,0.05515374,0.0,0.0,0.0,0.0,0
9160345874,9160333022,0.9978915,0.0336757,-0.003364724,0.05538174,0.0,0.0,0.0,0.0,0
9160355339,9160343134,0.9978788,0.033676315,-0.003356081,0.055612437,0.0,0.0,0.0,0.0,0
9160365705,9160352794,0.9978646,0.033677116,-0.0033466292,0.055865012,0.0,0.0,0.0,0.0,0
9160376220,9160363021,0.9978606,0.03367411,-0.0033418534,0.05594027,0.0,0.0,0.0,0.0,0
9160385674,9160372216,0.99784905,0.033672113,-0.0033342356,0.05614555,0.0,0.0,0.0,0.0,0
9160396223,9160382971,0.9978362,0.033672843,-0.003325581,0.056374315,0.0,0.0,0.0,0.0,0
9160406862,9160392400,0.9978232,0.033672657,-0.003317722,0.056604862,0.0,0.0,0.0,0.0,0
9160415263,9160403382,0.99781287,0.033672128,-0.0033120867,0.056786753,0.0,0.0,0.0,0.0,0
9160425705,9160412599,0.99780005,0.03367147,-0.0033050892,0.057012614,0.0,0.0,0.0,0.0,0
9160436208,9160423212,0.9977871,0.033670865,-0.0032995304,0.057239573,0.0,0.0,0.0,0.0,0
9160446822,9160433057,0.99777377,0.033674702,-0.0032936542,0.057468694,0.0,0.0,0.0,0.0,0
9160455268,9160442843,0.99776334,0.033676516,-0.003287868,0.057650797,0.0,0.0,0.0,0.0,0
9160465702,9160452537,0.9977502,0.03367722,-0.00327935,0.05787548,0.0,0.0,0.0,0.0,0
9160476304,9160463201,0.997737,0.033677794,-0.0032706917,0.05810359,0.0,0.0,0.0,0.0,0
9160485678,9160473518,0.99772525,0.033678297,-0.0032630444,0.05830508,0.0,0.0,0.0,0.0,0
9160495255,9160483210,0.99771327,0.033678684,-0.00325523,0.058510713,0.0,0.0,0.0,0.0,0
9160505861,9160492683,0.9976999,0.03367925,-0.0032465968,0.058738217,0.0,0.0,0.0,0.0,0
9160516584,9160502908,0.9976985,0.03367845,-0.0032440578,0.05876296,0.0,0.0,0.0,0.0,0
9160526277,9160512978,0.9976974,0.03367705,-0.003241279,0.058782052,0.0,0.0,0.0,0.0,0
9160535703,9160523681,0.99769634,0.033677083,-0.0032398237,0.058800638,0.0,0.0,0.0,0.0,0
9160546522,9160533012,0.99769515,0.033675622,-0.0032397532,0.058822006,0.0,0.0,0.0,0.0,0
9160555967,9160543673,0.99769413,0.033672776,-0.0032384316,0.058840606,0.0,0.0,0.0,0.0,0
9160565322,9160553219,0.9976932,0.033668853,-0.0032385215,0.058859054,0.0,0.0,0.0,0.0,0
9160575764,9160562844,0.997692,0.033667535,-0.003238463,0.058879595,0.0,0.0,0.0,0.0,0
9160586681,9160572873,0.99769074,0.03366752,-0.003236775,0.058900982,0.0,0.0,0.0,0.0,0
9160595002,9160582664,0.9976897,0.033668675,-0.0032365795,0.0589173,0.0,0.0,0.0,0.0,0
9160605517,9160592528,0.9976885,0.033670273,-0.0032363466,0.0589379,0.0,0.0,0.0,0.0,0
9160616181,9160602986,0.9976872,0.033670325,-0.0032347064,0.05895873,0.0,0.0,0.0,0.0,0
9160625902,9160613460,0.997686,0.033673145,-0.003234413,0.058977734,0.0,0.0,0.0,0.0,0
9160635367,9160623207,0.99768484,0.0336757,-0.003232792,0.058996174,0.0,0.0,0.0,0.0,0
9160647266,9160632866,0.99768347,0.033675432,-0.0032309403,0.059019376,0.0,0.0,0.0,0.0,0
9160655152,9160643230,0.9976789,0.033676527,-0.0032264772,0.05909617,0.0,0.0,0.0,0.0,0
9160665979,9160652439,0.9976847,0.033676185,-0.0032288495,0.058997985,0.0,0.0,0.0,0.0,0
9160675451,9160663259,0.99768984,0.03367464,-0.0032323294,0.058912236,0.0,0.0,0.0,0.0,0
9160685841,9160672716,0.99769545,0.0336731,-0.0032390514,0.058818355,0.0,0.0,0.0,0.0,0
9160696475,9160682939,0.997701,0.03367223,-0.0032465516,0.05872238,0.0,0.0,0.0,0.0,0
9160705888,9160693176,0.9977062,0.03366934,-0.0032513663,0.058637466,0.0,0.0,0.0,0.0,0
9160716253,9160703171,0.9977116,0.033667676,-0.0032580222,0.058544055,0.0,0.0,0.0,0.0,0
9160725663,9160713741,0.99771667,0.03366746,-0.0032612944,0.058459252,0.0,0.0,0.0,0.0,0
9160735175,9160722755,0.9977217,0.03366717,-0.003263333,0.058373563,0.0,0.0,0.0,0.0,0
9160745987,9160732672,0.9977272,0.03366842,-0.0032670724,0.058276303,0.0,0.0,0.0,0.0,0
9160755678,9160743473,0.9977324,0.033669416,-0.0032704084,0.058189217,0.0,0.0,0.0,0.0,0
9160767238,9160752996,0.99773824,0.03367298,-0.0032717993,0.058085337,0.0,0.0,0.0,0.0,0
9160775638,9160763381,0.99774253,0.033675037,-0.0032734533,0.058009975,0.0,0.0,0.0,0.0,0
9160786095,9160773149,0.9977479,0.033676233,-0.0032770622,0.057916325,0.0,0.0,0.0,0.0,0
9160796652,9160783584,0.997734,0.033676986,-0.0032680517,0.058155403,0.0,0.0,0.0,0.0,0
9160806073,9160793654,0.9977283,0.03367604,-0.0032652891,0.058253866,0.0,0.0,0.0,0.0,0
9160815486,9160803378,0.9977226,0.033673733,-0.003263911,0.058352232,0.0,0.0,0.0,0.0,0
9160825944,9160813017,0.9977164,0.03367118,-0.0032623808,0.05846139,0.0,0.0,0.0,0.0,0
9160837457,9160823048,0.9977094,0.033668518,-0.0032607154,0.058581397,0.0,0.0,0.0,0.0,0
9160845908,9160833662,0.99770427,0.033667684,-0.003258239,0.058669355,0.0,0.0,0.0,0.0,0
9160856294,9160843397,0.99769795,0.033668026,-0.003253657,0.058777295,0.0,0.0,0.0,0.0,0
9160866937,9160853796,0.99769145,0.033668235,-0.0032489568,0.058887757,0.0,0.0,0.0,0.0,0
9160876368,9160863958,0.9976857,0.033668354,-0.0032447919,0.05898553,0.0,0.0,0.0,0.0,0
9160885890,9160873651,0.9976798,0.033668667,-0.0032406056,0.059084207,0.0,0.0,0.0,0.0,0
9160897511,9160883162,0.99767274,0.033669047,-0.0032355043,0.05920447,0.0,0.0,0.0,0.0,0
9160908044,9160893688,0.99766624,0.03367007,-0.0032316106,0.059313387,0.0,0.0,0.0,0.0,0
9160915361,9160903820,0.99766165,0.033672456,-0.003230331,0.059389,0.0,0.0,0.0,0.0,0
9160925914,9160912894,0.9976551,0.033674195,-0.0032270825,0.059497945,0.0,0.0,0.0,0.0,0
9160936326,9160923400,0.9976518,0.03367285,-0.003225802,0.05955361,0.0,0.0,0.0,0.0,0
9160947159,9160933609,0.9976371,0.033672813,-0.0032188108,0.059800718,0.0,0.0,0.0,0.0,0
9160956592,9160943278,0.9976242,0.033672277,-0.0032147304,0.060015745,0.0,0.0,0.0,0.0,0
9160966040,9160954071,0.9976112,0.03367159,-0.0032080037,0.060230836,0.0,0.0,0.0,0.0,0
9160977625,9160963145,0.99759537,0.033669755,-0.003200705,0.06049441,0.0,0.0,0.0,0.0,0
9160986031,9160974023,0.9975838,0.03366915,-0.0031947326,0.060685348,0.0,0.0,0.0,0.0,0
9160996532,9160983345,0.9975693,0.03366991,-0.00318573,0.060923655,0.0,0.0,0.0,0.0,0
9161006925,9160993822,0.99755496,0.033670664,-0.0031768312,0.061159234,0.0,0.0,0.0,0.0,0
9161017394,9161004018,0.99754035,0.03367065,-0.0031686572,0.061396264,0.0,0.0,0.0,0.0,0
9161026340,9161013603,0.99752796,0.03367,-0.0031623312,0.061598685,0.0,0.0,0.0,0.0,0
9161036507,9161023825,0.9975138,0.033670597,-0.0031536405,0.061828416,0.0,0.0,0.0,0.0,0
9161046853,9161033748,0.9974993,0.033671062,-0.0031447948,0.06206197,0.0,0.0,0.0,0.0,0
9161056305,9161043963,0.99748594,0.03367148,-0.0031367207,0.062275153,0.0,0.0,0.0,0.0,0
9161066849,9161053612,0.9974711,0.03367209,-0.0031277377,0.06251267,0.0,0.0,0.0,0.0,0
9161076490,9161064087,0.99746704,0.03367152,-0.0031253868,0.06257807,0.0,0.0,0.0,0.0,0
9161087985,9161073574,0.99747854,0.033669446,-0.0031322313,0.06239533,0.0,0.0,0.0,0.0,0
9161096369,9161083779,0.9974869,0.033667933,-0.0031372183,0.062262155,0.0,0.0,0.0,0.0,0
9161106809,9161093667,0.9974973,0.033664685,-0.0031449765,0.062096518,0.0,0.0,0.0,0.0,0
9161117415,9161104122,0.9975078,0.033662748,-0.0031542052,0.061928492,0.0,0.0,0.0,0.0,0
9161126796,9161114631,0.997517,0.033660937,-0.0031597447,0.061779883,0.0,0.0,0.0,0.0,0
9161136245,9161124120,0.99752635,0.033660486,-0.0031639256,0.06163031,0.0,0.0,0.0,0.0,0
9161148224,9161133533,0.99753803,0.03365991,-0.0031692213,0.061440855,0.0,0.0,0.0,0.0,0
9161157865,9161144412,0.9975474,0.033659447,-0.0031734784,0.06128859,0.0,0.0,0.0,0.0,0
9161166236,9161154539,0.9975555,0.033659045,-0.0031771734,0.06115645,0.0,0.0,0.0,0.0,0
9161176759,9161163736,0.9975657,0.033658538,-0.0031818147,0.060990505,0.0,0.0,0.0,0.0,0
9161187185,9161174020,0.9975755,0.0336603,-0.0031884336,0.060826343,0.0,0.0,0.0,0.0,0
9161196648,9161184437,0.99758464,0.033661235,-0.0031938397,0.060677487,0.0,0.0,0.0,0.0,0
9161206196,9161194123,0.99759376,0.033660788,-0.0032006924,0.06052747,0.0,0.0,0.0,0.0,0
9161216635,9161203690,0.99758583,0.033662762,-0.003199693,0.060655538,0.0,0.0,0.0,0.0,0
9161228097,9161213720,0.99757,0.03366394,-0.0031914501,0.060915675,0.0,0.0,0.0,0.0,0
9161236562,9161224500,0.9975583,0.033662338,-0.003186711,0.061107647,0.0,0.0,0.0,0.0,0
9161246337,9161234076,0.9975448,0.033660494,-0.0031812428,0.06132913,0.0,0.0,0.0,0.0,0
9161256891,9161243593,0.99753016,0.03365989,-0.0031737753,0.061567917,0.0,0.0,0.0,0.0,0
9161266328,9161253890,0.99751705,0.03365941,-0.0031671082,0.061781287,0.0,0.0,0.0,0.0,0
9161276816,9161263402,0.99750227,0.03366017,-0.0031581377,0.062018093,0.0,0.0,0.0,0.0,0
9161287291,9161274066,0.9974876,0.033659432,-0.0031507371,0.06225435,0.0,0.0,0.0,0.0,0
9161296676,9161284758,0.99747455,0.03365621,-0.0031442824,0.06246588,0.0,0.0,0.0,0.0,0
9161306131,9161293765,0.9974613,0.033654314,-0.0031390195,0.06267881,0.0,0.0,0.0,0.0,0
9161316666,9161303654,0.9974464,0.033652335,-0.0031331782,0.062915765,0.0,0.0,0.0,0.0,0
9161327112,9161313950,0.99743164,0.03365175,-0.0031258347,0.06315046,0.0,0.0,0.0,0.0,0
9161337613,9161324180,0.99741673,0.0336524,-0.0031168857,0.063386045,0.0,0.0,0.0,0.0,0
9161347210,9161334292,0.9974031,0.03365186,-0.0031101573,0.06360115,0.0,0.0,0.0,0.0,0
9161356672,9161344675,0.9974008,0.03365216,-0.0031107734,0.063635066,0.0,0.0,0.0,0.0,0
9161367191,9161353966,0.9973752,0.033654198,-0.003096943,0.0640365,0.0,0.0,0.0,0.0,0
9161376614,9161364208,0.997352,0.03365523,-0.0030839196,0.06439578,0.0,0.0,0.0,0.0,0
9161387128,9161373933,0.997326,0.033656515,-0.0030694127,0.06479629,0.0,0.0,0.0,0.0,0
9161398463,9161384597,0.99729806,0.033656266,-0.0030554705,0.06522756,0.0,0.0,0.0,0.0,0
9161408115,9161394704,0.997274,0.033655453,-0.0030442216,0.06559441,0.0,0.0,0.0,0.0,0
9161416470,9161404466,0.9972531,0.033656467,-0.0030327288,0.06591159,0.0,0.0,0.0,0.0,0
9161427050,9161413966,0.9972265,0.033657737,-0.0030181904,0.066312805,0.0,0.0,0.0,0.0,0
9161437387,9161424329,0.9972004,0.03365884,-0.003003985,0.06670457,0.0,0.0,0.0,0.0,0
9161446941,9161434516,0.9971762,0.03365958,-0.0029908572,0.06706604,0.0,0.0,0.0,0.0,0
9161457511,9161444216,0.9971491,0.03366225,-0.0029777419,0.06746572,0.0,0.0,0.0,0.0,0
9161466885,9161454985,0.9971251,0.033664607,-0.0029661213,0.06781981,0.0,0.0,0.0,0.0,0
9161478388,9161463773,0.99709547,0.033665877,-0.0029503806,0.0682539,0.0,0.0,0.0,0.0,0
9161486892,9161474780,0.99707335,0.033668,-0.0029398596,0.06857443,0.0,0.0,0.0,0.0,0
9161496894,9161484410,0.9970706,0.033669375,-0.0029388112,0.06861563,0.0,0.0,0.0,0.0,0
9161507320,9161494149,0.9970544,0.033669963,-0.002929934,0.06884925,0.0,0.0,0.0,0.0,0
9161517944,9161504610,0.9970381,0.033669326,-0.002922501,0.0690871,0.0,0.0,0.0,0.0,0
9161527375,9161513944,0.99702346,0.03366857,-0.0029132657,0.06929798,0.0,0.0,0.0,0.0,0
9161537247,9161524840,0.99700826,0.03366631,-0.0029023257,0.06951845,0.0,0.0,0.0,0.0,0
9161548901,9161534485,0.99699014,0.033664204,-0.002890104,0.06977845,0.0,0.0,0.0,0.0,0
9161557310,9161545026,0.99697703,0.03366457,-0.002882986,0.06996589,0.0,0.0,0.0,0.0,0
9161566776,9161554586,0.99696225,0.033663876,-0.002876406,0.070176765,0.0,0.0,0.0,0.0,0
9161577101,9161564021,0.99694616,0.033661917,-0.0028707976,0.07040656,0.0,0.0,0.0,0.0,0
9161588641,9161574435,0.99692804,0.033662193,-0.0028668016,0.07066322,0.0,0.0,0.0,0.0,0
9161597051,9161584625,0.9969147,0.033662822,-0.0028620546,0.07084998,0.0,0.0,0.0,0.0,0
9161607586,9161594543,0.99689806,0.03366498,-0.002854536,0.07108366,0.0,0.0,0.0,0.0,0
9161618057,9161605075,0.9968814,0.03366809,-0.0028478103,0.07131567,0.0,0.0,0.0,0.0,0
9161627498,9161615320,0.9968664,0.033667386,-0.0028412705,0.071524724,0.0,0.0,0.0,0.0,0
9161637453,9161624809,0.9968633,0.033666026,-0.0028402766,0.07157004,0.0,0.0,0.0,0.0,0
9161648455,9161634889,0.99687624,0.033663858,-0.00284697,0.07138936,0.0,0.0,0.0,0.0,0
9161657080,9161644667,0.9968864,0.03366292,-0.002851547,0.071247965,0.0,0.0,0.0,0.0,0
9161666777,9161653774,0.9968978,0.03365982,-0.0028561936,0.07108912,0.0,0.0,0.0,0.0,0
9161677192,9161664219,0.9969101,0.033656493,-0.00286118,0.07091865,0.0,0.0,0.0,0.0,0
9161687642,9161674692,0.99692214,0.03365601,-0.002865964,0.07074776,0.0,0.0,0.0,0.0,0
9161697094,9161684948,0.9969332,0.03365429,-0.002871698,0.070593424,0.0,0.0,0.0,0.0,0
9161707683,9161694419,0.99694544,0.03365099,-0.0028796974,0.07042075,0.0,0.0,0.0,0.0,0
9161718364,9161705184,0.9969578,0.033648912,-0.0028861456,0.070246644,0.0,0.0,0.0,0.0,0
9161728937,9161715238,0.99696994,0.033650856,-0.002893073,0.07007448,0.0,0.0,0.0,0.0,0
9161737299,9161725132,0.9969793,0.033653002,-0.0028990486,0.06993847,0.0,0.0,0.0,0.0,0
9161747789,9161734641,0.99699116,0.033654332,-0.0029081083,0.06976809,0.0,0.0,0.0,0.0,0
9161758245,9161745320,0.997003,0.033653874,-0.002914353,0.06959833,0.0,0.0,0.0,0.0,0
9161768212,9161755345,0.9970143,0.033653475,-0.0029188585,0.06943666,0.0,0.0,0.0,0.0,0
9161777624,9161764615,0.9970061,0.033653766,-0.0029139793,0.06955437,0.0,0.0,0.0,0.0,0
9161788308,9161774899,0.9969909,0.033655915,-0.0029070193,0.06977128,0.0,0.0,0.0,0.0,0
9161798803,9161785350,0.996976,0.03365609,-0.0029025953,0.06998424,0.0,0.0,0.0,0.0,0
9161807238,9161795310,0.996964,0.03365696,-0.0029007394,0.070155255,0.0,0.0,0.0,0.0,0
9161817755,9161804520,0.99694896,0.033657845,-0.0028954812,0.07036821,0.0,0.0,0.0,0.0,0
9161828233,9161815268,0.9969339,0.03365853,-0.0028873142,0.07058003,0.0,0.0,0.0,0.0,0
9161838716,9161825283,0.99691904,0.033655472,-0.0028801365,0.07079182,0.0,0.0,0.0,0.0,0
9161848109,9161835129,0.9969056,0.03365475,-0.0028742284,0.070981346,0.0,0.0,0.0,0.0,0
9161857479,9161845413,0.99689215,0.033655245,-0.002866937,0.07117019,0.0,0.0,0.0,0.0,0
9161868031,9161854993,0.99687696,0.03365817,-0.0028608346,0.07138212,0.0,0.0,0.0,0.0,0
9161877878,9161865246,0.9968626,0.03366174,-0.0028557337,0.07158086,0.0,0.0,0.0,0.0,0
9161887363,9161875146,0.99684876,0.033663757,-0.002849607,0.071771465,0.0,0.0,0.0,0.0,0
9161898485,9161884837,0.9968328,0.033664323,-0.0028409748,0.07199477,0.0,0.0,0.0,0.0,0
9161909167,9161894906,0.99681723,0.033664715,-0.0028326833,0.07220899,0.0,0.0,0.0,0.0,0
9161917633,9161905196,0.9968131,0.033664707,-0.0028299282,0.07226583,0.0,0.0,0.0,0.0,0
9161928121,9161914929,0.99681383,0.03366461,-0.0028292274,0.07225629,0.0,0.0,0.0,0.0,0
9161937536,9161925594,0.9968144,0.033664647,-0.0028286087,0.07224773,0.0,0.0,0.0,0.0,0
9161948085,9161934612,0.99681515,0.033664692,-0.002827917,0.07223815,0.0,0.0,0.0,0.0,0
9161957543,9161945514,0.9968158,0.033663504,-0.0028287186,0.07222962,0.0,0.0,0.0,0.0,0
9161968225,9161954994,0.99681646,0.03366375,-0.0028310071,0.07222003,0.0,0.0,0.0,0.0,0
9161979576,9161965250,0.9968172,0.033663854,-0.0028349946,0.0722099,0.0,0.0,0.0,0.0,0
9161987962,9161975335,0.99681777,0.033661608,-0.0028369413,0.07220241,0.0,0.0,0.0,0.0,0
9161997398,9161985255,0.9968184,0.03366043,-0.0028377252,0.07219392,0.0,0.0,0.0,0.0,0
9162008215,9161994926,0.9968191,0.03366209,-0.0028384016,0.072184175,0.0,0.0,0.0,0.0,0
