timestamp,gyro_rad[0],gyro_rad[1],gyro_rad[2],gyro_integral_dt,accelerometer_timestamp_relative,accelerometer_m_s2[0],accelerometer_m_s2[1],accelerometer_m_s2[2],accelerometer_integral_dt,accelerometer_clipping,gyro_clipping,accel_calibration_count,gyro_calibration_count
9100589994,0.0,0.0,0.0,9906,0,-0.44746655,-0.359077,-9.8359375,16776,0,0,0,1
9100599807,0.0,0.0,0.0,9813,0,-0.44746652,-0.35907707,-9.855467,7503,0,0,0,1
9100609428,0.0,0.0,0.0,9621,0,-0.44746655,-0.359077,-9.855469,8203,0,0,0,1
9100619832,0.0,0.0,0.0,10404,0,-0.43927482,-0.35088536,-9.854311,16168,0,0,0,1
9100629611,0.0,0.0,0.0,9779,0,-0.43365592,-0.3452664,-9.833985,6781,0,0,0,1
9100639257,0.0,0.0,0.0,9646,0,-0.44746658,-0.3590771,-9.8359375,8309,0,0,0,1
9100649647,0.0,0.0,0.0,10390,0,-0.43365592,-0.37288773,-9.853516,6720,0,0,0,1
9100659031,0.0,0.0,0.0,9384,0,-0.4135053,-0.365417,-9.824475,16549,0,0,0,1
9100669534,0.0,0.0,0.0,10503,0,-0.43365586,-0.37288767,-9.814451,7413,0,0,0,1
9100679692,0.0,0.0,0.0,10158,0,-0.43365586,-0.37288767,-9.814453,7072,0,0,0,1
9100690097,0.0,0.0,0.0,10405,0,-0.4474666,-0.3590771,-9.825498,16718,0,0,0,1
9100699129,0.0,0.0,0.0,9032,0,-0.43365586,-0.37288773,-9.853516,7788,0,0,0,1
9100709565,0.0,0.0,0.0,10436,0,-0.43365592,-0.37288773,-9.853516,7408,0,0,0,1
9100720029,0.0,0.0,0.0,10464,0,-0.44746658,-0.35907707,-9.855469,7386,0,0,0,1
9100729665,0.0,0.0,0.0,9636,0,-0.44746658,-0.35907707,-9.825081,17237,0,0,0,1
9100739972,0.0,0.0,0.0,10307,0,-0.44746658,-0.35907707,-9.835938,6562,0,0,0,1
9100749566,0.0,0.0,0.0,9594,0,-0.44746658,-0.35907707,-9.855469,7540,0,0,0,1
9100759898,0.0,0.0,0.0,10332,0,-0.44746658,-0.35907707,-9.8359375,7595,0,0,0,1
9100769775,0.0,0.0,0.0,9877,0,-0.42714736,-0.3793963,-9.822738,16585,0,0,0,1
9100779420,0.0,0.0,0.0,9645,0,-0.43365592,-0.37288767,-9.833984,7733,0,0,0,1
9100789535,0.0,0.0,0.0,10115,0,-0.43365592,-0.3452664,-9.833984,6917,0,0,0,1
9100799937,0.0,0.0,0.0,10402,0,-0.4271196,-0.33873004,-9.811456,16880,0,0,0,1
9100809778,0.0,0.0,0.0,9841,0,-0.44746664,-0.35907713,-9.814455,7561,0,0,0,1
9100820357,0.0,0.0,0.0,10579,0,-0.44746658,-0.35907707,-9.855469,8418,0,0,0,1
9100829632,0.0,0.0,0.0,9275,0,-0.43365592,-0.37288773,-9.853514,7560,0,0,0,1
9100840162,0.0,0.0,0.0,10530,0,-0.44157594,-0.3649676,-9.854635,15631,0,0,0,1
9100849852,0.0,0.0,0.0,9690,0,-0.43365586,-0.37288773,-9.833984,7441,0,0,0,1
9100859680,0.0,0.0,0.0,9828,0,-0.43365592,-0.37288773,-9.833982,6933,0,0,0,1
9100870166,0.0,0.0,0.0,10486,0,-0.44746664,-0.35907707,-9.835939,17703,0,0,0,1
9100879093,0.0,0.0,0.0,8927,0,-0.43365592,-0.37288767,-9.833984,6710,0,0,0,1
9100889784,0.0,0.0,0.0,10691,0,-0.43365586,-0.37288767,-9.833984,7605,0,0,0,1
9100899820,0.0,0.0,0.0,10036,0,-0.43365592,-0.37288773,-9.853516,7444,0,0,0,1
9100910561,0.0,0.0,0.0,10741,0,-0.4198452,-0.38669842,-9.851562,16580,0,0,0,1
9100920163,0.0,0.0,0.0,9602,0,-0.43365586,-0.37288773,-9.833984,7385,0,0,0,1
9100930209,0.0,0.0,0.0,10046,0,-0.44746658,-0.35907707,-9.8359375,7078,0,0,0,1
9100940514,0.0,0.0,0.0,10305,0,-0.44746664,-0.35907713,-9.8359375,16719,0,0,0,1
9100949511,0.0,0.0,0.0,8997,0,-0.44746652,-0.35907707,-9.8359375,7851,0,0,0,1
9100960023,0.0,0.0,0.0,10512,0,-0.44746658,-0.35907704,-9.816406,7169,0,0,0,1
9100970229,0.0,0.0,0.0,10206,0,-0.4336559,-0.37288767,-9.833982,7592,0,0,0,1
9100979139,0.0,0.0,0.0,8910,0,-0.44104892,-0.3654947,-9.844105,16226,0,0,0,1
9100990627,0.0,0.0,0.0,11488,0,-0.44746658,-0.35907707,-9.8359375,7786,0,0,0,1
9101000019,0.0,0.0,0.0,9392,0,-0.44746664,-0.35907707,-9.855471,7081,0,0,0,1
9101010510,0.0,0.0,0.0,10491,0,-0.43365592,-0.37288773,-9.853514,7650,0,0,0,1
9101020410,0.0,0.0,0.0,9900,0,-0.4406272,-0.36591646,-9.825111,16130,0,0,0,1
9101029732,0.0,0.0,0.0,9322,0,-0.44746664,-0.35907713,-9.816408,8252,0,0,0,1
9101040116,0.0,0.0,0.0,10384,0,-0.41984522,-0.35907707,-9.835939,7040,0,0,0,1
9101050280,0.0,0.0,0.0,10164,0,-0.43409753,-0.35907704,-9.845389,16041,0,0,0,1
9101060430,0.0,0.0,0.0,10150,0,-0.43365586,-0.37288767,-9.833982,7800,0,0,0,1
9101069972,0.0,0.0,0.0,9542,0,-0.41984516,-0.38669837,-9.8515625,8450,0,0,0,1
9101080197,0.0,0.0,0.0,10225,0,-0.43365592,-0.37288773,-9.833984,7363,0,0,0,1
9101089873,0.0,0.0,0.0,9676,0,-0.4474666,-0.3590771,-9.846414,15728,0,0,0,1
9101100598,0.0,0.0,0.0,10725,0,-0.44746658,-0.35907707,-9.855469,8409,0,0,0,1
9101110671,0.0,0.0,0.0,10073,0,-0.43365598,-0.37288773,-9.853518,6693,0,0,0,1
9101120562,0.0,0.0,0.0,9891,0,-0.40603453,-0.35875517,-9.833984,16089,0,0,0,1
9101130357,0.0,0.0,0.0,9795,0,-0.43365598,-0.34526637,-9.871094,8980,0,0,0,1
9101139905,0.0,0.0,0.0,9548,0,-0.4474666,-0.35907704,-9.853516,7535,0,0,0,1
9101150088,0.0,0.0,0.0,10183,0,-0.45989624,-0.37150675,-9.8359375,6669,0,0,0,1
9101160914,0.0,0.0,0.0,10826,0,-0.4531832,-0.36479372,-9.855469,16542,0,0,0,1
9101170222,0.0,0.0,0.0,9308,0,-0.44746655,-0.359077,-9.835936,7409,0,0,0,1
9101180698,0.0,0.0,0.0,10476,0,-0.44746658,-0.35907707,-9.8359375,7248,0,0,0,1
9101190808,0.0,0.0,0.0,10110,0,-0.41286996,-0.3660523,-9.854481,17384,0,0,0,1
9101199879,0.0,0.0,0.0,9071,0,-0.41984522,-0.38669837,-9.8515625,6856,0,0,0,1
9101210345,0.0,0.0,0.0,10466,0,-0.43365592,-0.37288767,-9.833982,7427,0,0,0,1
9101220350,0.0,0.0,0.0,10005,0,-0.44746658,-0.35907707,-9.816408,7363,0,0,0,1
9101230451,0.0,0.0,0.0,10101,0,-0.43365592,-0.3728878,-9.833985,16364,0,0,0,1
9101240646,0.0,0.0,0.0,10195,0,-0.44746658,-0.35907707,-9.8359375,7569,0,0,0,1
9101250891,0.0,0.0,0.0,10245,0,-0.44746658,-0.35907713,-9.85547,7460,0,0,0,1
9101260240,0.0,0.0,0.0,9349,0,-0.4336558,-0.37288764,-9.853514,7643,0,0,0,1
9101270070,0.0,0.0,0.0,9830,0,-0.42702502,-0.37951857,-9.852578,16327,0,0,0,1
9101280601,0.0,0.0,0.0,10531,0,-0.44746658,-0.35907707,-9.855469,7513,0,0,0,1
9101290576,0.0,0.0,0.0,9975,0,-0.44746658,-0.35907707,-9.855469,7586,0,0,0,1
9101300461,0.0,0.0,0.0,9885,0,-0.44746655,-0.35907704,-9.855469,16248,0,0,0,1
9101310681,0.0,0.0,0.0,10220,0,-0.44746658,-0.35907707,-9.855469,8480,0,0,0,1
9101320284,0.0,0.0,0.0,9603,0,-0.43365592,-0.37288767,-9.853516,8198,0,0,0,1
9101330267,0.0,0.0,0.0,9983,0,-0.4336559,-0.37288773,-9.833984,6339,0,0,0,1
9101340447,0.0,0.0,0.0,10180,0,-0.44746658,-0.35907707,-9.8359375,15748,0,0,0,1
9101350959,0.0,0.0,0.0,10512,0,-0.44746664,-0.35907713,-9.816408,8701,0,0,0,1
9101361174,0.0,0.0,0.0,10215,0,-0.44746652,-0.35907707,-9.835936,6644,0,0,0,1
9101371125,0.0,0.0,0.0,9951,0,-0.42647126,-0.38007233,-9.842339,16393,0,0,0,1
9101380467,0.0,0.0,0.0,9342,0,-0.43365592,-0.37288773,-9.833984,7518,0,0,0,1
9101390969,0.0,0.0,0.0,10502,0,-0.44746658,-0.35907707,-9.855471,8491,0,0,0,1
9101401356,0.0,0.0,0.0,10387,0,-0.44746658,-0.35907707,-9.8359375,7594,0,0,0,1
9101411073,0.0,0.0,0.0,9717,0,-0.42599246,-0.3805512,-9.824207,15585,0,0,0,1
9101420280,0.0,0.0,0.0,9207,0,-0.41984522,-0.38669842,-9.8515625,7392,0,0,0,1
9101430493,0.0,0.0,0.0,10213,0,-0.41984516,-0.38669837,-9.851561,8303,0,0,0,1
9101441501,0.0,0.0,0.0,11008,0,-0.42640194,-0.36563376,-9.844282,16501,0,0,0,1
9101450006,0.0,0.0,0.0,8505,0,-0.41984522,-0.35907707,-9.816406,6940,0,0,0,1
9101460652,0.0,0.0,0.0,10646,0,-0.43365592,-0.34526634,-9.833984,7197,0,0,0,1
9101470890,0.0,0.0,0.0,10238,0,-0.4060346,-0.3452664,-9.853516,7565,0,0,0,1
9101481018,0.0,0.0,0.0,10128,0,-0.4204749,-0.37288776,-9.853515,16429,0,0,0,1
9101490872,0.0,0.0,0.0,9854,0,-0.44746658,-0.35907707,-9.8359375,7602,0,0,0,1
9101501105,0.0,0.0,0.0,10233,0,-0.44746652,-0.359077,-9.8359375,7295,0,0,0,1
9101511319,0.0,0.0,0.0,10214,0,-0.44746658,-0.35907707,-9.85547,16638,0,0,0,1
9101520546,0.0,0.0,0.0,9227,0,-0.44746664,-0.35907713,-9.855469,7561,0,0,0,1
9101531167,0.0,0.0,0.0,10621,0,-0.44746658,-0.35907707,-9.855471,7474,0,0,0,1
9101541397,0.0,0.0,0.0,10230,0,-0.44746658,-0.35907707,-9.8359375,7591,0,0,0,1
9101551085,0.0,0.0,0.0,9688,0,-0.42628336,-0.3802603,-9.843369,16509,0,0,0,1
9101560793,0.0,0.0,0.0,9708,0,-0.41984528,-0.38669848,-9.8515625,7656,0,0,0,1
9101571501,0.0,0.0,0.0,10708,0,-0.43365586,-0.37288767,-9.853514,8407,0,0,0,1
9101580733,0.0,0.0,0.0,9232,0,-0.43365586,-0.37288773,-9.833984,7720,0,0,0,1
9101591442,0.0,0.0,0.0,10709,0,-0.4415955,-0.36494806,-9.835107,15556,0,0,0,1
9101600868,0.0,0.0,0.0,9426,0,-0.44746652,-0.359077,-9.816404,7398,0,0,0,1
9101611251,0.0,0.0,0.0,10383,0,-0.44746658,-0.35907707,-9.8359375,7111,0,0,0,1
9101621197,0.0,0.0,0.0,9946,0,-0.43365592,-0.37288773,-9.843598,15984,0,0,0,1
9101630609,0.0,0.0,0.0,9412,0,-0.44746658,-0.35907707,-9.8359375,8687,0,0,0,1
9101641065,0.0,0.0,0.0,10456,0,-0.44746664,-0.3590771,-9.8359375,7369,0,0,0,1
9101651275,0.0,0.0,0.0,10210,0,-0.43365592,-0.3728878,-9.814455,7419,0,0,0,1
9101660924,0.0,0.0,0.0,9649,0,-0.42725563,-0.379288,-9.833078,15750,0,0,0,1
9101671404,0.0,0.0,0.0,10480,0,-0.43365586,-0.37288767,-9.833982,8407,0,0,0,1
9101681337,0.0,0.0,0.0,9933,0,-0.43365592,-0.37288773,-9.853516,6778,0,0,0,1
9101691951,0.0,0.0,0.0,10614,0,-0.43365586,-0.37288767,-9.84421,16877,0,0,0,1
9101700767,0.0,0.0,0.0,8816,0,-0.43365592,-0.37288773,-9.814453,7758,0,0,0,1
9101711429,0.0,0.0,0.0,10662,0,-0.43365592,-0.3728878,-9.833984,7420,0,0,0,1
9101721638,0.0,0.0,0.0,10209,0,-0.44746658,-0.359077,-9.8359375,7389,0,0,0,1
9101730942,0.0,0.0,0.0,9304,0,-0.43365586,-0.37288773,-9.84466,16576,0,0,0,1
9101740876,0.0,0.0,0.0,9934,0,-0.43365592,-0.3452664,-9.833984,7283,0,0,0,1
9101751134,0.0,0.0,0.0,10258,0,-0.4198452,-0.35907707,-9.832031,8444,0,0,0,1
9101761796,0.0,0.0,0.0,10662,0,-0.44180855,-0.3647352,-9.823609,15358,0,0,0,1
9101771056,0.0,0.0,0.0,9260,0,-0.43365592,-0.37288773,-9.833984,7847,0,0,0,1
9101781685,0.0,0.0,0.0,10629,0,-0.43365592,-0.37288767,-9.853516,7361,0,0,0,1
9101791700,0.0,0.0,0.0,10015,0,-0.44746658,-0.35907707,-9.85547,7392,0,0,0,1
9101801296,0.0,0.0,0.0,9596,0,-0.41216236,-0.36675996,-9.83485,17194,0,0,0,1
9101811064,0.0,0.0,0.0,9768,0,-0.41984528,-0.38669842,-9.8515625,6780,0,0,0,1
9101821583,0.0,0.0,0.0,10519,0,-0.41984522,-0.38669842,-9.851561,8260,0,0,0,1
9101831787,0.0,0.0,0.0,10204,0,-0.41984516,-0.38669837,-9.8515625,7437,0,0,0,1
9101841235,0.0,0.0,0.0,9448,0,-0.4276033,-0.3789403,-9.841688,15742,0,0,0,1
9101851869,0.0,0.0,0.0,10634,0,-0.44746658,-0.35907707,-9.8359375,7176,0,0,0,1
9101861933,0.0,0.0,0.0,10064,0,-0.44746652,-0.359077,-9.855469,7608,0,0,0,1
9101871535,0.0,0.0,0.0,9602,0,-0.43365598,-0.37288773,-9.853516,16332,0,0,0,1
9101881267,0.0,0.0,0.0,9732,0,-0.44746658,-0.35907707,-9.8359375,7469,0,0,0,1
9101891710,0.0,0.0,0.0,10443,0,-0.44746658,-0.35907707,-9.8359375,8629,0,0,0,1
9101902055,0.0,0.0,0.0,10345,0,-0.44746658,-0.35907713,-9.8359375,7387,0,0,0,1
9101911705,0.0,0.0,0.0,9650,0,-0.43365592,-0.3728878,-9.825208,15679,0,0,0,1
9101920949,0.0,0.0,0.0,9244,0,-0.43365586,-0.37288773,-9.833984,8401,0,0,0,1
9101931176,0.0,0.0,0.0,10227,0,-0.4198452,-0.38669837,-9.832031,7086,0,0,0,1
9101942148,0.0,0.0,0.0,10972,0,-0.44079292,-0.36575073,-9.834993,16663,0,0,0,1
9101951642,0.0,0.0,0.0,9494,0,-0.44746652,-0.359077,-9.855467,6774,0,0,0,1
9101962160,0.0,0.0,0.0,10518,0,-0.44746658,-0.35907707,-9.855467,8194,0,0,0,1
9101971342,0.0,0.0,0.0,9182,0,-0.44746652,-0.35907707,-9.855469,7626,0,0,0,1
9101981249,0.0,0.0,0.0,9907,0,-0.43365598,-0.3728878,-9.853517,15557,0,0,0,1
9101991549,0.0,0.0,0.0,10300,0,-0.44746658,-0.35907707,-9.855469,7661,0,0,0,1
9102001792,0.0,0.0,0.0,10243,0,-0.43365586,-0.37288773,-9.853516,7295,0,0,0,1
9102012176,0.0,0.0,0.0,10384,0,-0.42714936,-0.37939432,-9.833065,16641,0,0,0,1
9102021057,0.0,0.0,0.0,8881,0,-0.44746658,-0.359077,-9.855467,7470,0,0,0,1
9102031539,0.0,0.0,0.0,10482,0,-0.45989627,-0.37150675,-9.8359375,8403,0,0,0,1
9102041581,0.0,0.0,0.0,10042,0,-0.45989612,-0.3715067,-9.816406,6572,0,0,0,1
9102051645,0.0,0.0,0.0,10064,0,-0.44746652,-0.35907707,-9.826901,16910,0,0,0,1
9102061640,0.0,0.0,0.0,9995,0,-0.44746664,-0.35907713,-9.855471,7872,0,0,0,1
9102072378,0.0,0.0,0.0,10738,0,-0.43365592,-0.3728878,-9.853516,8213,0,0,0,1
9102081381,0.0,0.0,0.0,9003,0,-0.43365592,-0.37288767,-9.853516,6158,0,0,0,1
9102091244,0.0,0.0,0.0,9863,0,-0.43365592,-0.37288773,-9.853515,16045,0,0,0,1
9102101703,0.0,0.0,0.0,10459,0,-0.44608557,-0.3853174,-9.833984,8387,0,0,0,1
9102111725,0.0,0.0,0.0,10022,0,-0.43227488,-0.39912808,-9.832033,6773,0,0,0,1
9102121902,0.0,0.0,0.0,10177,0,-0.42727354,-0.37927008,-9.852612,16900,0,0,0,1
9102131957,0.0,0.0,0.0,10055,0,-0.44746652,-0.359077,-9.855467,7601,0,0,0,1
9102141585,0.0,0.0,0.0,9628,0,-0.44746655,-0.359077,-9.855469,8416,0,0,0,1
9102151644,0.0,0.0,0.0,10059,0,-0.44746658,-0.35907707,-9.8359375,6385,0,0,0,1
9102162639,0.0,0.0,0.0,10995,0,-0.44746655,-0.35907707,-9.8359375,16894,0,0,0,1
9102172074,0.0,0.0,0.0,9435,0,-0.43365586,-0.3452664,-9.814451,7406,0,0,0,1
9102182156,0.0,0.0,0.0,10082,0,-0.41984516,-0.35907707,-9.8125,6894,0,0,0,1
9102192560,0.0,0.0,0.0,10404,0,-0.44065055,-0.365893,-9.844865,17932,0,0,0,1
9102201430,0.0,0.0,0.0,8870,0,-0.44746664,-0.35907707,-9.8359375,6604,0,0,0,1
9102211894,0.0,0.0,0.0,10464,0,-0.43365586,-0.37288767,-9.833982,7626,0,0,0,1
9102222272,0.0,0.0,0.0,10378,0,-0.43365592,-0.37288773,-9.853518,7146,0,0,0,1
9102231448,0.0,0.0,0.0,9176,0,-0.43982872,-0.3667149,-9.854388,16733,0,0,0,1
9102242035,0.0,0.0,0.0,10587,0,-0.41984522,-0.38669842,-9.8515625,7492,0,0,0,1
9102251650,0.0,0.0,0.0,9615,0,-0.41984522,-0.38669848,-9.832033,7369,0,0,0,1
9102261840,0.0,0.0,0.0,10190,0,-0.4275818,-0.37896183,-9.844067,16980,0,0,0,1
9102271548,0.0,0.0,0.0,9708,0,-0.44746658,-0.3590771,-9.855469,6452,0,0,0,1
9102281984,0.0,0.0,0.0,10436,0,-0.44746664,-0.35907707,-9.85547,8716,0,0,0,1
9102292031,0.0,0.0,0.0,10047,0,-0.41984522,-0.3590771,-9.855469,6628,0,0,0,1
9102302122,0.0,0.0,0.0,10091,0,-0.42727995,-0.3665118,-9.824371,16826,0,0,0,1
9102311847,0.0,0.0,0.0,9725,0,-0.43365583,-0.37288767,-9.833984,6909,0,0,0,1
9102322253,0.0,0.0,0.0,10406,0,-0.4598962,-0.3715067,-9.855469,8801,0,0,0,1
9102332630,0.0,0.0,0.0,10377,0,-0.4598962,-0.3715067,-9.8359375,6553,0,0,0,1
9102342159,0.0,0.0,0.0,9529,0,-0.44746658,-0.3590771,-9.846505,16685,0,0,0,1
9102351760,0.0,0.0,0.0,9601,0,-0.43365586,-0.34526634,-9.833982,7372,0,0,0,1
9102362166,0.0,0.0,0.0,10406,0,-0.41984516,-0.33145565,-9.832031,7072,0,0,0,1
9102372298,0.0,0.0,0.0,10132,0,-0.42672122,-0.33833164,-9.833004,16215,0,0,0,1
9102382547,0.0,0.0,0.0,10249,0,-0.43365592,-0.3452664,-9.853516,7689,0,0,0,1
9102391967,0.0,0.0,0.0,9420,0,-0.41984528,-0.35907707,-9.851564,8321,0,0,0,1
9102402362,0.0,0.0,0.0,10395,0,-0.43365598,-0.37288773,-9.853518,7453,0,0,0,1
9102412167,0.0,0.0,0.0,9805,0,-0.44746658,-0.35907704,-9.835937,15682,0,0,0,1
9102422631,0.0,0.0,0.0,10464,0,-0.43365592,-0.37288773,-9.833984,8394,0,0,0,1
9102432554,0.0,0.0,0.0,9923,0,-0.41984525,-0.38669842,-9.832031,6758,0,0,0,1
9102442857,0.0,0.0,0.0,10303,0,-0.44033298,-0.3662106,-9.854459,16853,0,0,0,1
9102452069,0.0,0.0,0.0,9212,0,-0.43365592,-0.37288773,-9.853516,6868,0,0,0,1
9102462292,0.0,0.0,0.0,10223,0,-0.43365586,-0.37288773,-9.833984,8196,0,0,0,1
9102472710,0.0,0.0,0.0,10418,0,-0.4460855,-0.38531736,-9.814453,7575,0,0,0,1
9102482246,0.0,0.0,0.0,9536,0,-0.4468185,-0.3713901,-9.825856,15638,0,0,0,1
9102492412,0.0,0.0,0.0,10166,0,-0.44746658,-0.35907707,-9.855469,8404,0,0,0,1
9102502729,0.0,0.0,0.0,10317,0,-0.43365592,-0.37288773,-9.853516,6667,0,0,0,1
9102512864,0.0,0.0,0.0,10135,0,-0.4135998,-0.36532244,-9.854585,17600,0,0,0,1
9102521943,0.0,0.0,0.0,9079,0,-0.43365586,-0.37288773,-9.853514,6979,0,0,0,1
9102532761,0.0,0.0,0.0,10818,0,-0.43365586,-0.3728877,-9.853514,7310,0,0,0,1
9102542936,0.0,0.0,0.0,10175,0,-0.44746658,-0.35907707,-9.8359375,7677,0,0,0,1
9102552408,0.0,0.0,0.0,9472,0,-0.4262899,-0.3802538,-9.84336,16548,0,0,0,1
9102562469,0.0,0.0,0.0,10061,0,-0.41984522,-0.38669842,-9.8515625,7824,0,0,0,1
9102572951,0.0,0.0,0.0,10482,0,-0.41984522,-0.38669842,-9.832031,8207,0,0,0,1
9102582338,0.0,0.0,0.0,9387,0,-0.40603453,-0.37288773,-9.814453,7266,0,0,0,1
9102592117,0.0,0.0,0.0,9779,0,-0.43327534,-0.35907707,-9.825904,15098,0,0,0,1
9102602385,0.0,0.0,0.0,10268,0,-0.43365598,-0.37288773,-9.853516,8483,0,0,0,1
9102613224,0.0,0.0,0.0,10839,0,-0.43365592,-0.37288773,-9.853516,7396,0,0,0,1
9102621771,0.0,0.0,0.0,8547,0,-0.44746658,-0.35907704,-9.855468,15257,0,0,0,1
9102633204,0.0,0.0,0.0,11433,0,-0.44746652,-0.35907707,-9.855469,7943,0,0,0,1
9102642427,0.0,0.0,0.0,9223,0,-0.44746658,-0.35907707,-9.8359375,7324,0,0,0,1
9102652611,0.0,0.0,0.0,10184,0,-0.44746658,-0.35907707,-9.816406,8489,0,0,0,1
9102662891,0.0,0.0,0.0,10280,0,-0.44746658,-0.35907707,-9.846694,15868,0,0,0,1
9102672410,0.0,0.0,0.0,9519,0,-0.44746658,-0.35907707,-9.855469,7742,0,0,0,1
9102682529,0.0,0.0,0.0,10119,0,-0.44746658,-0.35907707,-9.8359375,7099,0,0,0,1
9102692980,0.0,0.0,0.0,10451,0,-0.42693916,-0.3796046,-9.842534,16774,0,0,0,1
9102701898,0.0,0.0,0.0,8918,0,-0.41984522,-0.38669842,-9.8515625,7469,0,0,0,1
9102712528,0.0,0.0,0.0,10630,0,-0.43365592,-0.37288773,-9.853516,7611,0,0,0,1
9102722519,0.0,0.0,0.0,9991,0,-0.43365592,-0.37288773,-9.833984,7368,0,0,0,1
9102733218,0.0,0.0,0.0,10699,0,-0.42733103,-0.3792126,-9.824145,16560,0,0,0,1
9102742772,0.0,0.0,0.0,9554,0,-0.43365586,-0.37288767,-9.853514,7165,0,0,0,1
9102753179,0.0,0.0,0.0,10407,0,-0.43365592,-0.37288773,-9.853516,7429,0,0,0,1
9102763111,0.0,0.0,0.0,9932,0,-0.44746655,-0.35907707,-9.855469,17590,0,0,0,1
9102772547,0.0,0.0,0.0,9436,0,-0.4598962,-0.3715067,-9.8359375,6592,0,0,0,1
9102783001,0.0,0.0,0.0,10454,0,-0.4598962,-0.3715067,-9.816406,7539,0,0,0,1
9102793004,0.0,0.0,0.0,10003,0,-0.44746658,-0.35907707,-9.8359375,7581,0,0,0,1
9102802896,0.0,0.0,0.0,9892,0,-0.4474666,-0.35907704,-9.855468,16357,0,0,0,1
9102813186,0.0,0.0,0.0,10290,0,-0.44746664,-0.35907707,-9.855469,7690,0,0,0,1
9102822993,0.0,0.0,0.0,9807,0,-0.43365592,-0.3728877,-9.853516,7082,0,0,0,1
9102833246,0.0,0.0,0.0,10253,0,-0.42725825,-0.37928537,-9.842127,16920,0,0,0,1
9102842988,0.0,0.0,0.0,9742,0,-0.43365598,-0.37288773,-9.833984,7799,0,0,0,1
9102852487,0.0,0.0,0.0,9499,0,-0.41984516,-0.38669837,-9.851562,7316,0,0,0,1
9102862898,0.0,0.0,0.0,10411,0,-0.41984522,-0.38669842,-9.8515625,7043,0,0,0,1
9102873093,0.0,0.0,0.0,10195,0,-0.41984516,-0.38669837,-9.851561,16969,0,0,0,1
9102883264,0.0,0.0,0.0,10171,0,-0.41984522,-0.38669842,-9.832031,7551,0,0,0,1
9102892478,0.0,0.0,0.0,9214,0,-0.43227482,-0.39912802,-9.8125,8413,0,0,0,1
9102902894,0.0,0.0,0.0,10416,0,-0.43227482,-0.3715067,-9.832031,6350,0,0,0,1
9102912533,0.0,0.0,0.0,9639,0,-0.44080436,-0.3524149,-9.834997,15935,0,0,0,1
9102923198,0.0,0.0,0.0,10665,0,-0.44746658,-0.35907707,-9.855469,8432,0,0,0,1
9102933232,0.0,0.0,0.0,10034,0,-0.44746658,-0.35907707,-9.855471,6799,0,0,0,1
9102943468,0.0,0.0,0.0,10236,0,-0.44746658,-0.35907707,-9.846004,16819,0,0,0,1
9102953512,0.0,0.0,0.0,10044,0,-0.44746652,-0.359077,-9.835937,6882,0,0,0,1
9102963102,0.0,0.0,0.0,9590,0,-0.4474666,-0.35907707,-9.855471,9235,0,0,0,1
9102973078,0.0,0.0,0.0,9976,0,-0.44746658,-0.35907707,-9.8359375,6535,0,0,0,1
9102983885,0.0,0.0,0.0,10807,0,-0.45233706,-0.3790658,-9.815337,16529,0,0,0,1
9102993570,0.0,0.0,0.0,9685,0,-0.41984522,-0.38669842,-9.832031,7346,0,0,0,1
9103003568,0.0,0.0,0.0,9998,0,-0.43227482,-0.39912802,-9.8515625,7099,0,0,0,1
9103013671,0.0,0.0,0.0,10103,0,-0.43301758,-0.3850158,-9.833082,16716,0,0,0,1
9103023519,0.0,0.0,0.0,9848,0,-0.43365592,-0.37288773,-9.833982,7650,0,0,0,1
9103033628,0.0,0.0,0.0,10109,0,-0.41984522,-0.38669845,-9.832033,6980,0,0,0,1
9103042816,0.0,0.0,0.0,9188,0,-0.43365592,-0.37288773,-9.853516,8170,0,0,0,1
9103053094,0.0,0.0,0.0,10278,0,-0.44746664,-0.35907707,-9.8359375,15779,0,0,0,1
9103062909,0.0,0.0,0.0,9815,0,-0.44746652,-0.359077,-9.855469,8385,0,0,0,1
9103073346,0.0,0.0,0.0,10437,0,-0.4474666,-0.35907713,-9.835938,8205,0,0,0,1
9103083945,0.0,0.0,0.0,10599,0,-0.44746658,-0.35907707,-9.827837,14671,0,0,0,1
9103093513,0.0,0.0,0.0,9568,0,-0.44746652,-0.35907707,-9.8359375,8517,0,0,0,1
9103103878,0.0,0.0,0.0,10365,0,-0.43365592,-0.37288773,-9.833984,7243,0,0,0,1
9103113217,0.0,0.0,0.0,9339,0,-0.41984516,-0.38669837,-9.832031,7445,0,0,0,1
9103123417,0.0,0.0,0.0,10200,0,-0.4414566,-0.3650871,-9.846119,17377,0,0,0,1
9103133399,0.0,0.0,0.0,9982,0,-0.43365592,-0.37288773,-9.853517,6570,0,0,0,1
9103143626,0.0,0.0,0.0,10227,0,-0.41984522,-0.38669842,-9.8515625,8471,0,0,0,1
9103154145,0.0,0.0,0.0,10519,0,-0.43365595,-0.3728878,-9.853518,7665,0,0,0,1
9103163581,0.0,0.0,0.0,9436,0,-0.44746652,-0.359077,-9.843982,15527,0,0,0,1
9103173217,0.0,0.0,0.0,9636,0,-0.44746652,-0.359077,-9.8359375,7398,0,0,0,1
9103183358,0.0,0.0,0.0,10141,0,-0.44746658,-0.35907707,-9.855469,7065,0,0,0,1
9103193506,0.0,0.0,0.0,10148,0,-0.42706147,-0.37948212,-9.852581,16855,0,0,0,1
9103203560,0.0,0.0,0.0,10054,0,-0.43365592,-0.37288767,-9.833982,7449,0,0,0,1
9103213207,0.0,0.0,0.0,9647,0,-0.43365598,-0.34526646,-9.833984,8434,0,0,0,1
9103223208,0.0,0.0,0.0,10001,0,-0.43365598,-0.34526646,-9.853518,6366,0,0,0,1
9103233907,0.0,0.0,0.0,10699,0,-0.44746664,-0.3590771,-9.8359375,16755,0,0,0,1
9103243540,0.0,0.0,0.0,9633,0,-0.43365586,-0.37288773,-9.853516,7406,0,0,0,1
9103253346,0.0,0.0,0.0,9806,0,-0.40603453,-0.37288773,-9.833986,7063,0,0,0,1
9103264140,0.0,0.0,0.0,10794,0,-0.4260412,-0.3928944,-9.832913,17467,0,0,0,1
9103274178,0.0,0.0,0.0,10038,0,-0.41984522,-0.38669842,-9.832033,6018,0,0,0,1
9103283442,0.0,0.0,0.0,9264,0,-0.41984522,-0.38669837,-9.851561,9349,0,0,0,1
9103293679,0.0,0.0,0.0,10237,0,-0.41984522,-0.38669842,-9.832032,6384,0,0,0,1
9103303285,0.0,0.0,0.0,9606,0,-0.44108242,-0.36546114,-9.835034,16772,0,0,0,1
9103314089,0.0,0.0,0.0,10804,0,-0.44746664,-0.35907707,-9.8359375,7381,0,0,0,1
9103324092,0.0,0.0,0.0,10003,0,-0.44746652,-0.359077,-9.855469,6977,0,0,0,1
9103334046,0.0,0.0,0.0,9954,0,-0.44746658,-0.35907704,-9.855468,16721,0,0,0,1
9103343285,0.0,0.0,0.0,9239,0,-0.44746652,-0.359077,-9.855467,7869,0,0,0,1
9103353939,0.0,0.0,0.0,10654,0,-0.43365592,-0.37288773,-9.833984,7177,0,0,0,1
9103364095,0.0,0.0,0.0,10156,0,-0.43365592,-0.37288767,-9.814453,7467,0,0,0,1
9103373893,0.0,0.0,0.0,9798,0,-0.42610943,-0.38043424,-9.843591,17340,0,0,0,1
9103383418,0.0,0.0,0.0,9525,0,-0.43365586,-0.37288767,-9.833982,6882,0,0,0,1
9103393843,0.0,0.0,0.0,10425,0,-0.4474666,-0.35907713,-9.835938,8205,0,0,0,1
9103404338,0.0,0.0,0.0,10495,0,-0.43365586,-0.37288773,-9.853516,6668,0,0,0,1
9103413970,0.0,0.0,0.0,9632,0,-0.41984528,-0.38669845,-9.84241,15915,0,0,0,1
9103423577,0.0,0.0,0.0,9607,0,-0.43227482,-0.39912802,-9.832033,8383,0,0,0,1
9103433528,0.0,0.0,0.0,9951,0,-0.44608545,-0.38531736,-9.853514,6888,0,0,0,1
9103443857,0.0,0.0,0.0,10329,0,-0.4272703,-0.3792733,-9.824049,16221,0,0,0,1
9103453352,0.0,0.0,0.0,9495,0,-0.4198452,-0.38669842,-9.832031,8713,0,0,0,1
9103463689,0.0,0.0,0.0,10337,0,-0.43365592,-0.37288767,-9.853516,7361,0,0,0,1
9103474163,0.0,0.0,0.0,10474,0,-0.44746652,-0.35907707,-9.855467,7303,0,0,0,1
9103483631,0.0,0.0,0.0,9468,0,-0.4598962,-0.37150666,-9.835937,15801,0,0,0,1
9103494116,0.0,0.0,0.0,10485,0,-0.44746652,-0.35907707,-9.855467,8436,0,0,0,1
9103504552,0.0,0.0,0.0,10436,0,-0.44746664,-0.35907713,-9.855469,6599,0,0,0,1
9103514296,0.0,0.0,0.0,9744,0,-0.4474666,-0.35907707,-9.844634,17493,0,0,0,1
9103523434,0.0,0.0,0.0,9138,0,-0.44746658,-0.35907707,-9.8359375,7018,0,0,0,1
9103534205,0.0,0.0,0.0,10771,0,-0.44746655,-0.35907707,-9.855469,7625,0,0,0,1
9103544342,0.0,0.0,0.0,10137,0,-0.43365586,-0.37288767,-9.833984,7403,0,0,0,1
9103553462,0.0,0.0,0.0,9120,0,-0.41984522,-0.38669837,-9.8422165,15841,0,0,0,1
9103564771,0.0,0.0,0.0,11309,0,-0.41984522,-0.38669842,-9.8515625,8441,0,0,0,1
9103574337,0.0,0.0,0.0,9566,0,-0.41984522,-0.38669837,-9.8515625,6818,0,0,0,1
9103583648,0.0,0.0,0.0,9311,0,-0.42660445,-0.37993926,-9.852519,16254,0,0,0,1
9103593603,0.0,0.0,0.0,9955,0,-0.44746664,-0.35907707,-9.855469,7856,0,0,0,1
9103604450,0.0,0.0,0.0,10847,0,-0.43365586,-0.37288767,-9.853514,8392,0,0,0,1
9103614553,0.0,0.0,0.0,10103,0,-0.43365592,-0.37288773,-9.833984,6767,0,0,0,1
9103624315,0.0,0.0,0.0,9762,0,-0.44746658,-0.3590771,-9.827579,17276,0,0,0,1
9103633631,0.0,0.0,0.0,9316,0,-0.4474665,-0.35907707,-9.855468,6764,0,0,0,1
9103644429,0.0,0.0,0.0,10798,0,-0.44746658,-0.35907713,-9.855469,8255,0,0,0,1
9103654642,0.0,0.0,0.0,10213,0,-0.4474666,-0.35907707,-9.855469,6414,0,0,0,1
9103664143,0.0,0.0,0.0,9501,0,-0.44746655,-0.35907707,-9.855469,16862,0,0,0,1
9103674404,0.0,0.0,0.0,10261,0,-0.44746658,-0.35907707,-9.8359375,7416,0,0,0,1
9103684516,0.0,0.0,0.0,10112,0,-0.43365592,-0.37288773,-9.833984,7164,0,0,0,1
9103694432,0.0,0.0,0.0,9916,0,-0.43365592,-0.3728878,-9.844449,16027,0,0,0,1
9103703813,0.0,0.0,0.0,9381,0,-0.43365598,-0.3728878,-9.833986,8019,0,0,0,1
9103714456,0.0,0.0,0.0,10643,0,-0.43365592,-0.37288773,-9.833984,8224,0,0,0,1
9103724432,0.0,0.0,0.0,9976,0,-0.4060346,-0.37288773,-9.833984,7570,0,0,0,1
9103734108,0.0,0.0,0.0,9676,0,-0.43483937,-0.3590771,-9.855469,15533,0,0,0,1
9103744516,0.0,0.0,0.0,10408,0,-0.44746658,-0.35907707,-9.855469,7613,0,0,0,1
9103754530,0.0,0.0,0.0,10014,0,-0.44746652,-0.359077,-9.855467,7459,0,0,0,1
9103764814,0.0,0.0,0.0,10284,0,-0.43365592,-0.37288773,-9.833985,16661,0,0,0,1
9103773648,0.0,0.0,0.0,8834,0,-0.44746652,-0.35907707,-9.855469,7827,0,0,0,1
9103784400,0.0,0.0,0.0,10752,0,-0.44746658,-0.35907707,-9.835938,7420,0,0,0,1
9103794645,0.0,0.0,0.0,10245,0,-0.45989627,-0.37150675,-9.816406,8306,0,0,0,1
9103805189,0.0,0.0,0.0,10544,0,-0.45274937,-0.36435986,-9.847167,15797,0,0,0,1
9103814867,0.0,0.0,0.0,9678,0,-0.43365586,-0.37288773,-9.853514,7441,0,0,0,1
9103824879,0.0,0.0,0.0,10012,0,-0.41984516,-0.38669842,-9.8515625,6774,0,0,0,1
9103834960,0.0,0.0,0.0,10081,0,-0.41984522,-0.3866984,-9.8515625,16070,0,0,0,1
9103843981,0.0,0.0,0.0,9021,0,-0.41984516,-0.38669842,-9.8515625,8509,0,0,0,1
9103854642,0.0,0.0,0.0,10661,0,-0.41984522,-0.38669842,-9.873047,7379,0,0,0,1
9103865027,0.0,0.0,0.0,10385,0,-0.43365598,-0.37288773,-9.855471,7397,0,0,0,1
9103874665,0.0,0.0,0.0,9638,0,-0.44746655,-0.35907704,-9.827004,16381,0,0,0,1
9103885211,0.0,0.0,0.0,10546,0,-0.44746652,-0.35907707,-9.855469,7843,0,0,0,1
9103894424,0.0,0.0,0.0,9213,0,-0.44746658,-0.35907707,-9.8359375,6862,0,0,0,1
9103904619,0.0,0.0,0.0,10195,0,-0.44746658,-0.35907707,-9.8359375,7812,0,0,0,1
9103914566,0.0,0.0,0.0,9947,0,-0.44746658,-0.35907704,-9.826726,16514,0,0,0,1
9103924771,0.0,0.0,0.0,10205,0,-0.43365592,-0.37288773,-9.814453,7583,0,0,0,1
9103935215,0.0,0.0,0.0,10444,0,-0.41984528,-0.38669848,-9.832031,7096,0,0,0,1
9103943913,0.0,0.0,0.0,8698,0,-0.40603453,-0.37288773,-9.833984,8877,0,0,0,1
9103954529,0.0,0.0,0.0,10616,0,-0.4254918,-0.39234504,-9.813459,15574,0,0,0,1
9103964970,0.0,0.0,0.0,10441,0,-0.43365592,-0.37288767,-9.833984,8223,0,0,0,1
9103975006,0.0,0.0,0.0,10036,0,-0.44746652,-0.359077,-9.855467,7605,0,0,0,1
9103984855,0.0,0.0,0.0,9849,0,-0.44422036,-0.37150675,-9.835939,15557,0,0,0,1
9103995290,0.0,0.0,0.0,10435,0,-0.40603453,-0.37288773,-9.853518,7146,0,0,0,1
9104005299,0.0,0.0,0.0,10009,0,-0.43365586,-0.37288773,-9.853514,7569,0,0,0,1
9104014913,0.0,0.0,0.0,9614,0,-0.42645454,-0.35246778,-9.842314,16328,0,0,0,1
9104024596,0.0,0.0,0.0,9683,0,-0.43365595,-0.3728878,-9.833984,7665,0,0,0,1
9104034963,0.0,0.0,0.0,10367,0,-0.43365592,-0.34526637,-9.853516,8180,0,0,0,1
9104045351,0.0,0.0,0.0,10388,0,-0.43365592,-0.3452664,-9.833986,7499,0,0,0,1
9104054793,0.0,0.0,0.0,9442,0,-0.44746658,-0.35907704,-9.827117,15730,0,0,0,1
9104065266,0.0,0.0,0.0,10473,0,-0.44746664,-0.3590771,-9.855469,8430,0,0,0,1
9104075267,0.0,0.0,0.0,10001,0,-0.44746658,-0.35907707,-9.855469,6571,0,0,0,1
9104085364,0.0,0.0,0.0,10097,0,-0.4336559,-0.3728877,-9.853515,16281,0,0,0,1
9104094552,0.0,0.0,0.0,9188,0,-0.45989615,-0.3715067,-9.855468,8486,0,0,0,1
9104105221,0.0,0.0,0.0,10669,0,-0.4598962,-0.37150666,-9.835936,7409,0,0,0,1
9104115761,0.0,0.0,0.0,10540,0,-0.43365598,-0.37288773,-9.814453,7373,0,0,0,1
9104124689,0.0,0.0,0.0,8928,0,-0.41984525,-0.38669842,-9.842677,16227,0,0,0,1
9104135252,0.0,0.0,0.0,10563,0,-0.41984522,-0.38669842,-9.8515625,7651,0,0,0,1
9104144474,0.0,0.0,0.0,9222,0,-0.41984513,-0.38669837,-9.8515625,6884,0,0,0,1
9104155438,0.0,0.0,0.0,10964,0,-0.44080445,-0.36573923,-9.854526,16584,0,0,0,1
9104164710,0.0,0.0,0.0,9272,0,-0.44746652,-0.35907707,-9.8359375,7978,0,0,0,1
9104175174,0.0,0.0,0.0,10464,0,-0.4598962,-0.3715067,-9.816406,7462,0,0,0,1
9104185285,0.0,0.0,0.0,10111,0,-0.47232586,-0.38393635,-9.8359375,7172,0,0,0,1
9104195011,0.0,0.0,0.0,9726,0,-0.43303055,-0.37226236,-9.842829,17332,0,0,0,1
9104204693,0.0,0.0,0.0,9682,0,-0.43365592,-0.3452664,-9.833982,6972,0,0,0,1
9104215352,0.0,0.0,0.0,10659,0,-0.41984522,-0.35907707,-9.855469,8297,0,0,0,1
9104225350,0.0,0.0,0.0,9998,0,-0.39222386,-0.35907707,-9.8359375,7602,0,0,0,1
9104235032,0.0,0.0,0.0,9682,0,-0.41390684,-0.38076007,-9.8328705,15531,0,0,0,1
9104245737,0.0,0.0,0.0,10705,0,-0.41984522,-0.38669842,-9.8125,7454,0,0,0,1
9104255728,0.0,0.0,0.0,9991,0,-0.43365598,-0.37288773,-9.833984,7189,0,0,0,1
9104265311,0.0,0.0,0.0,9583,0,-0.44017547,-0.36636811,-9.854437,16434,0,0,0,1
9104274846,0.0,0.0,0.0,9535,0,-0.43365598,-0.3728878,-9.833986,7691,0,0,0,1
9104285461,0.0,0.0,0.0,10615,0,-0.44746652,-0.359077,-9.835936,8218,0,0,0,1
9104295496,0.0,0.0,0.0,10035,0,-0.43365592,-0.37288767,-9.853514,7409,0,0,0,1
9104305176,0.0,0.0,0.0,9680,0,-0.44122303,-0.36532062,-9.8350525,15756,0,0,0,1
9104315809,0.0,0.0,0.0,10633,0,-0.43365595,-0.3728878,-9.853518,7371,0,0,0,1
9104325847,0.0,0.0,0.0,10038,0,-0.43365592,-0.3728878,-9.833985,7369,0,0,0,1
9104335725,0.0,0.0,0.0,9878,0,-0.42629516,-0.38024843,-9.843351,17226,0,0,0,1
9104344960,0.0,0.0,0.0,9235,0,-0.43365592,-0.3728878,-9.833986,6796,0,0,0,1
9104355626,0.0,0.0,0.0,10666,0,-0.43365598,-0.3728878,-9.814453,8410,0,0,0,1
9104365731,0.0,0.0,0.0,10105,0,-0.43365586,-0.37288767,-9.814451,7372,0,0,0,1
9104375037,0.0,0.0,0.0,9306,0,-0.44002533,-0.36651823,-9.845408,15670,0,0,0,1
9104384897,0.0,0.0,0.0,9860,0,-0.43365586,-0.37288767,-9.833982,8473,0,0,0,1
9104395466,0.0,0.0,0.0,10569,0,-0.44746658,-0.35907707,-9.816406,8227,0,0,0,1
9104405900,0.0,0.0,0.0,10434,0,-0.44746658,-0.359077,-9.835937,15353,0,0,0,1
9104414764,0.0,0.0,0.0,8864,0,-0.43365592,-0.3728877,-9.833984,7102,0,0,0,1
9104425058,0.0,0.0,0.0,10294,0,-0.43227482,-0.39912802,-9.832031,8428,0,0,0,1
9104435372,0.0,0.0,0.0,10314,0,-0.45851505,-0.39774692,-9.814451,7707,0,0,0,1
9104445055,0.0,0.0,0.0,9683,0,-0.43989694,-0.37912878,-9.824178,15397,0,0,0,1
9104455133,0.0,0.0,0.0,10078,0,-0.44746658,-0.359077,-9.855469,7806,0,0,0,1
9104465378,0.0,0.0,0.0,10245,0,-0.44746658,-0.35907707,-9.855469,8227,0,0,0,1
9104475794,0.0,0.0,0.0,10416,0,-0.44608545,-0.3853173,-9.853514,6698,0,0,0,1
9104485338,0.0,0.0,0.0,9544,0,-0.44682536,-0.37126118,-9.8350315,16525,0,0,0,1
9104495770,0.0,0.0,0.0,10432,0,-0.44746655,-0.359077,-9.835936,7409,0,0,0,1
9104506184,0.0,0.0,0.0,10414,0,-0.44746664,-0.35907707,-9.835939,7346,0,0,0,1
9104515646,0.0,0.0,0.0,9462,0,-0.44010684,-0.36643678,-9.854426,16337,0,0,0,1
9104525518,0.0,0.0,0.0,9872,0,-0.41984522,-0.38669842,-9.8515625,7813,0,0,0,1
9104536108,0.0,0.0,0.0,10590,0,-0.43365592,-0.3728878,-9.833985,8332,0,0,0,1
9104545740,0.0,0.0,0.0,9632,0,-0.44746658,-0.35907707,-9.816406,8665,0,0,0,1
9104555366,0.0,0.0,0.0,9626,0,-0.4392187,-0.36732498,-9.846436,14129,0,0,0,1
9104566081,0.0,0.0,0.0,10715,0,-0.43365598,-0.3728878,-9.853516,8387,0,0,0,1
9104575878,0.0,0.0,0.0,9797,0,-0.44746658,-0.35907707,-9.855469,6658,0,0,0,1
9104586040,0.0,0.0,0.0,10162,0,-0.4474666,-0.3590771,-9.85547,17542,0,0,0,1
9104595730,0.0,0.0,0.0,9690,0,-0.4460855,-0.38531736,-9.853516,6758,0,0,0,1
9104605409,0.0,0.0,0.0,9679,0,-0.4460855,-0.38531736,-9.833984,8227,0,0,0,1
9104615479,0.0,0.0,0.0,10070,0,-0.4474666,-0.35907707,-9.8359375,6595,0,0,0,1
9104625007,0.0,0.0,0.0,9528,0,-0.44746652,-0.35907704,-9.8359375,16962,0,0,0,1
9104635699,0.0,0.0,0.0,10692,0,-0.44746658,-0.35907707,-9.8359375,7721,0,0,0,1
9104646420,0.0,0.0,0.0,10721,0,-0.44746652,-0.359077,-9.816406,6828,0,0,0,1
9104656335,0.0,0.0,0.0,9915,0,-0.4474666,-0.35907707,-9.816405,15785,0,0,0,1
9104665566,0.0,0.0,0.0,9231,0,-0.44746658,-0.35907707,-9.835938,8383,0,0,0,1
9104676039,0.0,0.0,0.0,10473,0,-0.44746652,-0.35907707,-9.855467,7538,0,0,0,1
9104686017,0.0,0.0,0.0,9978,0,-0.44746658,-0.35907707,-9.855469,7254,0,0,0,1
9104695008,0.0,0.0,0.0,8991,0,-0.42077267,-0.37288776,-9.853515,16320,0,0,0,1
9104705984,0.0,0.0,0.0,10976,0,-0.40603453,-0.37288773,-9.833984,7918,0,0,0,1
9104716348,0.0,0.0,0.0,10364,0,-0.41984522,-0.38669837,-9.812498,6925,0,0,0,1
9104726363,0.0,0.0,0.0,10015,0,-0.41984528,-0.38669842,-9.832031,7790,0,0,0,1
9104736057,0.0,0.0,0.0,9694,0,-0.44022372,-0.36631995,-9.834912,16898,0,0,0,1
9104745820,0.0,0.0,0.0,9763,0,-0.41984528,-0.35907707,-9.855469,7879,0,0,0,1
9104756074,0.0,0.0,0.0,10254,0,-0.41984528,-0.35907707,-9.8359375,7474,0,0,0,1
9104765880,0.0,0.0,0.0,9806,0,-0.44746658,-0.35907707,-9.8359375,15263,0,0,0,1
9104776384,0.0,0.0,0.0,10504,0,-0.43365598,-0.37288773,-9.814455,7679,0,0,0,1
9104785857,0.0,0.0,0.0,9473,0,-0.43365592,-0.3728878,-9.833984,8138,0,0,0,1
9104796012,0.0,0.0,0.0,10155,0,-0.44746658,-0.35907707,-9.8359375,7633,0,0,0,1
9104805758,0.0,0.0,0.0,9746,0,-0.44746655,-0.35907707,-9.826873,15757,0,0,0,1
9104816621,0.0,0.0,0.0,10863,0,-0.44746652,-0.359077,-9.855468,8450,0,0,0,1
9104826633,0.0,0.0,0.0,10012,0,-0.44746658,-0.35907707,-9.85547,6413,0,0,0,1
9104836479,0.0,0.0,0.0,9846,0,-0.44035703,-0.36618662,-9.854463,16500,0,0,0,1
9104846052,0.0,0.0,0.0,9573,0,-0.43365592,-0.37288773,-9.853515,7748,0,0,0,1
9104856754,0.0,0.0,0.0,10702,0,-0.44746658,-0.35907707,-9.855471,8221,0,0,0,1
9104865757,0.0,0.0,0.0,9003,0,-0.44608563,-0.38531741,-9.853516,7880,0,0,0,1
9104876758,0.0,0.0,0.0,11001,0,-0.42507824,-0.39193138,-9.832033,15622,0,0,0,1
9104886172,0.0,0.0,0.0,9414,0,-0.41984525,-0.38669842,-9.832031,7429,0,0,0,1
9104896167,0.0,0.0,0.0,9995,0,-0.43365592,-0.37288773,-9.833984,7242,0,0,0,1
9104906579,0.0,0.0,0.0,10412,0,-0.4474666,-0.35907713,-9.855469,17120,0,0,0,1
9104916321,0.0,0.0,0.0,9742,0,-0.44746652,-0.35907707,-9.855469,6809,0,0,0,1
9104926782,0.0,0.0,0.0,10461,0,-0.44746658,-0.35907704,-9.855469,8184,0,0,0,1
9104935873,0.0,0.0,0.0,9091,0,-0.44746658,-0.359077,-9.855469,7806,0,0,0,1
9104946441,0.0,0.0,0.0,10568,0,-0.44746658,-0.35907704,-9.8359375,16925,0,0,0,1
9104956247,0.0,0.0,0.0,9806,0,-0.44746658,-0.35907707,-9.8359375,6724,0,0,0,1
9104966253,0.0,0.0,0.0,10006,0,-0.44746658,-0.35907713,-9.8359375,6701,0,0,0,1
9104976495,0.0,0.0,0.0,10242,0,-0.44746658,-0.35907707,-9.855469,8238,0,0,0,1
9104986222,0.0,0.0,0.0,9727,0,-0.4273419,-0.37920174,-9.833091,16488,0,0,0,1
9104996616,0.0,0.0,0.0,10394,0,-0.43227482,-0.39912802,-9.832031,7371,0,0,0,1
9105007070,0.0,0.0,0.0,10454,0,-0.43227476,-0.39912796,-9.832029,7186,0,0,0,1
9105016401,0.0,0.0,0.0,9331,0,-0.42717728,-0.37936643,-9.842229,16491,0,0,0,1
9105026121,0.0,0.0,0.0,9720,0,-0.44746658,-0.35907707,-9.816406,7700,0,0,0,1
9105036631,0.0,0.0,0.0,10510,0,-0.44746652,-0.35907704,-9.8359375,8412,0,0,0,1
9105047012,0.0,0.0,0.0,10381,0,-0.44746658,-0.35907707,-9.855471,7536,0,0,0,1
9105055727,0.0,0.0,0.0,8715,0,-0.44746658,-0.35907707,-9.8359375,14827,0,0,0,1
9105066369,0.0,0.0,0.0,10642,0,-0.4474666,-0.35907707,-9.855469,8406,0,0,0,1
9105076373,0.0,0.0,0.0,10004,0,-0.44746658,-0.35907707,-9.85547,6863,0,0,0,1
9105086767,0.0,0.0,0.0,10394,0,-0.4401467,-0.36639696,-9.854434,16807,0,0,0,1
9105096670,0.0,0.0,0.0,9903,0,-0.43365592,-0.37288773,-9.833984,7479,0,0,0,1
9105105931,0.0,0.0,0.0,9261,0,-0.44746658,-0.35907707,-9.835937,8401,0,0,0,1
9105116338,0.0,0.0,0.0,10407,0,-0.44746658,-0.35907707,-9.85547,6413,0,0,0,1
9105126468,0.0,0.0,0.0,10130,0,-0.45367602,-0.36528647,-9.8359375,16206,0,0,0,1
9105136414,0.0,0.0,0.0,9946,0,-0.45989627,-0.37150675,-9.855469,7736,0,0,0,1
9105147079,0.0,0.0,0.0,10665,0,-0.44746658,-0.35907707,-9.855471,7397,0,0,0,1
9105156942,0.0,0.0,0.0,9863,0,-0.43982175,-0.36672193,-9.854387,17592,0,0,0,1
9105166255,0.0,0.0,0.0,9313,0,-0.41984528,-0.38669848,-9.832033,7027,0,0,0,1
9105176424,0.0,0.0,0.0,10169,0,-0.43365592,-0.37288773,-9.8515625,7832,0,0,0,1
9105187095,0.0,0.0,0.0,10671,0,-0.44746652,-0.35907698,-9.853514,6880,0,0,0,1
9105195899,0.0,0.0,0.0,8804,0,-0.44746652,-0.359077,-9.816404,8698,0,0,0,1
9105206580,0.0,0.0,0.0,10681,0,-0.4474666,-0.35907707,-9.816408,15040,0,0,0,1
9105216451,0.0,0.0,0.0,9871,0,-0.44746658,-0.35907707,-9.8359375,8239,0,0,0,1
9105226718,0.0,0.0,0.0,10267,0,-0.44001472,-0.3665289,-9.824346,15149,0,0,0,1
9105236558,0.0,0.0,0.0,9840,0,-0.43365592,-0.37288767,-9.814453,8153,0,0,0,1
9105246602,0.0,0.0,0.0,10044,0,-0.43365592,-0.37288773,-9.833984,7839,0,0,0,1
9105256992,0.0,0.0,0.0,10390,0,-0.41984522,-0.38669842,-9.8515625,7728,0,0,0,1
9105266617,0.0,0.0,0.0,9625,0,-0.42737368,-0.37917,-9.852628,16413,0,0,0,1
9105277131,0.0,0.0,0.0,10514,0,-0.44746664,-0.35907713,-9.855469,6852,0,0,0,1
9105286416,0.0,0.0,0.0,9285,0,-0.43365595,-0.3728878,-9.853517,8236,0,0,0,1
9105296625,0.0,0.0,0.0,10209,0,-0.43365592,-0.37288767,-9.833984,7653,0,0,0,1
9105306489,0.0,0.0,0.0,9864,0,-0.43997842,-0.36656514,-9.834877,15546,0,0,0,1
9105316925,0.0,0.0,0.0,10436,0,-0.41984528,-0.38669848,-9.812502,8403,0,0,0,1
9105326964,0.0,0.0,0.0,10039,0,-0.4460855,-0.38531736,-9.814453,6790,0,0,0,1
9105337286,0.0,0.0,0.0,10322,0,-0.4598962,-0.37150666,-9.816407,15856,0,0,0,1
9105346310,0.0,0.0,0.0,9024,0,-0.4460855,-0.38531736,-9.833984,7936,0,0,0,1
9105357002,0.0,0.0,0.0,10692,0,-0.43365592,-0.37288773,-9.853518,8216,0,0,0,1
9105366842,0.0,0.0,0.0,9840,0,-0.44746652,-0.35907707,-9.855469,7943,0,0,0,1
9105376435,0.0,0.0,0.0,9593,0,-0.44007015,-0.3664735,-9.854422,15003,0,0,0,1
9105387120,0.0,0.0,0.0,10685,0,-0.43365598,-0.3728878,-9.853516,8422,0,0,0,1
9105397164,0.0,0.0,0.0,10044,0,-0.44746658,-0.3590771,-9.835939,6883,0,0,0,1
9105407389,0.0,0.0,0.0,10225,0,-0.43365586,-0.37288767,-9.833983,17760,0,0,0,1
9105416286,0.0,0.0,0.0,8897,0,-0.43365583,-0.37288764,-9.833982,6572,0,0,0,1
9105426796,0.0,0.0,0.0,10510,0,-0.44608557,-0.38531741,-9.853518,7606,0,0,0,1
9105436687,0.0,0.0,0.0,9891,0,-0.44608545,-0.3853173,-9.853514,7246,0,0,0,1
9105447591,0.0,0.0,0.0,10904,0,-0.44036776,-0.3661759,-9.825442,16595,0,0,0,1
9105457030,0.0,0.0,0.0,9439,0,-0.4336559,-0.37288773,-9.833984,7482,0,0,0,1
9105467240,0.0,0.0,0.0,10210,0,-0.44608557,-0.3604582,-9.853517,7240,0,0,0,1
9105477485,0.0,0.0,0.0,10245,0,-0.4453346,-0.361209,-9.843545,17303,0,0,0,1
9105486576,0.0,0.0,0.0,9091,0,-0.4198452,-0.38669837,-9.8125,6815,0,0,0,1
9105497011,0.0,0.0,0.0,10435,0,-0.43365592,-0.37288773,-9.833984,8408,0,0,0,1
9105507285,0.0,0.0,0.0,10274,0,-0.4474666,-0.35907704,-9.873046,6588,0,0,0,1
9105517100,0.0,0.0,0.0,9815,0,-0.44746652,-0.359077,-9.863422,17104,0,0,0,1
9105526815,0.0,0.0,0.0,9715,0,-0.43365586,-0.37288773,-9.875,7031,0,0,0,1
9105537507,0.0,0.0,0.0,10692,0,-0.41984522,-0.38669842,-9.853516,8672,0,0,0,1
9105547397,0.0,0.0,0.0,9890,0,-0.43365592,-0.37288767,-9.833984,6184,0,0,0,1
9105557197,0.0,0.0,0.0,9800,0,-0.44018254,-0.36636117,-9.854441,16829,0,0,0,1
9105566921,0.0,0.0,0.0,9724,0,-0.43365592,-0.37288773,-9.853516,7243,0,0,0,1
9105576925,0.0,0.0,0.0,10004,0,-0.43365592,-0.37288773,-9.853516,7355,0,0,0,1
9105587318,0.0,0.0,0.0,10393,0,-0.4198452,-0.38669842,-9.8515625,16749,0,0,0,1
9105597447,0.0,0.0,0.0,10129,0,-0.41984516,-0.38669842,-9.832031,7513,0,0,0,1
9105607022,0.0,0.0,0.0,9575,0,-0.43365595,-0.37288773,-9.833984,8448,0,0,0,1
9105617364,0.0,0.0,0.0,10342,0,-0.44746658,-0.35907704,-9.855469,6668,0,0,0,1
9105627214,0.0,0.0,0.0,9850,0,-0.45989624,-0.3715067,-9.8450775,15957,0,0,0,1
9105637889,0.0,0.0,0.0,10675,0,-0.44746658,-0.35907713,-9.8359375,7514,0,0,0,1
9105647066,0.0,0.0,0.0,9177,0,-0.43365586,-0.3452664,-9.853516,7585,0,0,0,1
9105657585,0.0,0.0,0.0,10519,0,-0.42601532,-0.3529069,-9.835065,17273,0,0,0,1
9105667313,0.0,0.0,0.0,9728,0,-0.40603453,-0.37288773,-9.853516,6789,0,0,0,1
9105676940,0.0,0.0,0.0,9627,0,-0.41984522,-0.38669842,-9.851563,8372,0,0,0,1
9105687166,0.0,0.0,0.0,10226,0,-0.4198452,-0.3866984,-9.83203,6468,0,0,0,1
9105696998,0.0,0.0,0.0,9832,0,-0.41984522,-0.38669842,-9.842539,16904,0,0,0,1
9105707843,0.0,0.0,0.0,10845,0,-0.41984522,-0.38669842,-9.851564,7598,0,0,0,1
9105716868,0.0,0.0,0.0,9025,0,-0.43365592,-0.37288773,-9.853516,6896,0,0,0,1
9105727782,0.0,0.0,0.0,10914,0,-0.44010395,-0.36643973,-9.854427,16670,0,0,0,1
9105737823,0.0,0.0,0.0,10041,0,-0.43365586,-0.37288773,-9.853514,7827,0,0,0,1
9105747448,0.0,0.0,0.0,9625,0,-0.44746658,-0.359077,-9.855469,7989,0,0,0,1
9105757699,0.0,0.0,0.0,10251,0,-0.43365592,-0.3452664,-9.853517,6596,0,0,0,1
9105767592,0.0,0.0,0.0,9893,0,-0.42750174,-0.33911222,-9.841816,17318,0,0,0,1
9105778024,0.0,0.0,0.0,10432,0,-0.43365586,-0.3452664,-9.833984,6851,0,0,0,1
9105787686,0.0,0.0,0.0,9662,0,-0.43365592,-0.3452664,-9.833984,7099,0,0,0,1
9105798140,0.0,0.0,0.0,10454,0,-0.44746664,-0.35907713,-9.835939,8247,0,0,0,1
9105807339,0.0,0.0,0.0,9199,0,-0.45989624,-0.3715067,-9.825736,15916,0,0,0,1
9105816998,0.0,0.0,0.0,9659,0,-0.43365592,-0.37288773,-9.814455,7933,0,0,0,1
9105827191,0.0,0.0,0.0,10193,0,-0.41984516,-0.3866984,-9.832029,7084,0,0,0,1
9105836762,0.0,0.0,0.0,9571,0,-0.41984522,-0.3866984,-9.821499,16740,0,0,0,1
9105847307,0.0,0.0,0.0,10545,0,-0.4060346,-0.40050912,-9.814453,7487,0,0,0,1
9105857941,0.0,0.0,0.0,10634,0,-0.3922238,-0.38669842,-9.8359375,8214,0,0,0,1
9105867978,0.0,0.0,0.0,10037,0,-0.41984528,-0.35907713,-9.835939,7561,0,0,0,1
9105878007,0.0,0.0,0.0,10029,0,-0.44746658,-0.35907707,-9.84703,15957,0,0,0,1
9105887440,0.0,0.0,0.0,9433,0,-0.44746655,-0.35907707,-9.855469,7382,0,0,0,1
9105897688,0.0,0.0,0.0,10248,0,-0.44746655,-0.35907707,-9.855467,6856,0,0,0,1
9105908107,0.0,0.0,0.0,10419,0,-0.4598962,-0.3715067,-9.855469,17066,0,0,0,1
9105918054,0.0,0.0,0.0,9947,0,-0.43365586,-0.34526634,-9.853516,7295,0,0,0,1
9105927309,0.0,0.0,0.0,9255,0,-0.43365598,-0.34526646,-9.833985,8465,0,0,0,1
9105937656,0.0,0.0,0.0,10347,0,-0.43365592,-0.3452664,-9.814453,6557,0,0,0,1
9105948483,0.0,0.0,0.0,10827,0,-0.41326803,-0.3656542,-9.842263,16454,0,0,0,1
9105957811,0.0,0.0,0.0,9328,0,-0.40603453,-0.37288773,-9.853516,7667,0,0,0,1
9105968338,0.0,0.0,0.0,10527,0,-0.43365592,-0.3728878,-9.853517,8158,0,0,0,1
9105978223,0.0,0.0,0.0,9885,0,-0.4258703,-0.38067335,-9.852414,15516,0,0,0,1
9105987209,0.0,0.0,0.0,8986,0,-0.43365586,-0.37288767,-9.853516,7783,0,0,0,1
9105997565,0.0,0.0,0.0,10356,0,-0.4336559,-0.37288773,-9.833984,6873,0,0,0,1
9106007783,0.0,0.0,0.0,10218,0,-0.43365598,-0.3728878,-9.833984,7833,0,0,0,1
9106017902,0.0,0.0,0.0,10119,0,-0.4474666,-0.35907707,-9.835938,16379,0,0,0,1
9106028113,0.0,0.0,0.0,10211,0,-0.44746652,-0.359077,-9.8359375,7601,0,0,0,1
9106038473,0.0,0.0,0.0,10360,0,-0.44746658,-0.35907707,-9.835936,8300,0,0,0,1
9106048411,0.0,0.0,0.0,9938,0,-0.44746658,-0.3590771,-9.855468,15427,0,0,0,1
9106057411,0.0,0.0,0.0,9000,0,-0.44746658,-0.359077,-9.855469,7806,0,0,0,1
9106068140,0.0,0.0,0.0,10729,0,-0.44746658,-0.35907707,-9.855469,7490,0,0,0,1
9106078355,0.0,0.0,0.0,10215,0,-0.44746658,-0.35907707,-9.855469,7367,0,0,0,1
9106087949,0.0,0.0,0.0,9594,0,-0.44746658,-0.35907707,-9.845198,16475,0,0,0,1
9106098480,0.0,0.0,0.0,10531,0,-0.43365592,-0.37288773,-9.833984,7509,0,0,0,1
9106107918,0.0,0.0,0.0,9438,0,-0.43365592,-0.37288773,-9.853516,8131,0,0,0,1
9106118054,0.0,0.0,0.0,10136,0,-0.44746658,-0.35907707,-9.855469,7475,0,0,0,1
9106127830,0.0,0.0,0.0,9776,0,-0.4524015,-0.37900132,-9.854409,15958,0,0,0,1
9106138348,0.0,0.0,0.0,10518,0,-0.41984522,-0.38669842,-9.832031,7420,0,0,0,1
9106148539,0.0,0.0,0.0,10191,0,-0.41984522,-0.38669842,-9.832031,7607,0,0,0,1
9106158339,0.0,0.0,0.0,9800,0,-0.41984522,-0.3866984,-9.851561,16087,0,0,0,1
9106167879,0.0,0.0,0.0,9540,0,-0.41984522,-0.38669842,-9.851561,7722,0,0,0,1
9106178123,0.0,0.0,0.0,10244,0,-0.41984522,-0.38669837,-9.832031,8226,0,0,0,1
9106188214,0.0,0.0,0.0,10091,0,-0.43365592,-0.37288773,-9.833986,7566,0,0,0,1
9106198145,0.0,0.0,0.0,9931,0,-0.44746658,-0.35907707,-9.826028,16398,0,0,0,1
9106207934,0.0,0.0,0.0,9789,0,-0.44746658,-0.35907707,-9.835939,7570,0,0,0,1
9106218164,0.0,0.0,0.0,10230,0,-0.43365595,-0.37288773,-9.853516,6748,0,0,0,1
9106228710,0.0,0.0,0.0,10546,0,-0.43365592,-0.37288773,-9.842898,17066,0,0,0,1
9106238029,0.0,0.0,0.0,9319,0,-0.43365592,-0.3728878,-9.833984,6772,0,0,0,1
9106248640,0.0,0.0,0.0,10611,0,-0.43365592,-0.37288773,-9.853516,8217,0,0,0,1
9106259049,0.0,0.0,0.0,10409,0,-0.41984525,-0.38669842,-9.832031,7532,0,0,0,1
9106268168,0.0,0.0,0.0,9119,0,-0.4460855,-0.38531736,-9.824798,16284,0,0,0,1
9106278057,0.0,0.0,0.0,9889,0,-0.41984522,-0.38669837,-9.832029,7627,0,0,0,1
9106288200,0.0,0.0,0.0,10143,0,-0.41984522,-0.38669842,-9.832031,8381,0,0,0,1
9106298785,0.0,0.0,0.0,10585,0,-0.42813843,-0.3784052,-9.852736,15449,0,0,0,1
9106308305,0.0,0.0,0.0,9520,0,-0.43365598,-0.3728878,-9.853516,7822,0,0,0,1
9106319022,0.0,0.0,0.0,10717,0,-0.43365592,-0.37288773,-9.853516,7424,0,0,0,1
9106327983,0.0,0.0,0.0,8961,0,-0.44746658,-0.35907707,-9.8359375,7188,0,0,0,1
9106338382,0.0,0.0,0.0,10399,0,-0.43967363,-0.36686996,-9.8263235,17341,0,0,0,1
9106348101,0.0,0.0,0.0,9719,0,-0.41984516,-0.38669842,-9.8515625,6629,0,0,0,1
9106358713,0.0,0.0,0.0,10612,0,-0.40603453,-0.37288773,-9.853516,8371,0,0,0,1
9106368817,0.0,0.0,0.0,10104,0,-0.40603453,-0.3728878,-9.833986,7559,0,0,0,1
9106378682,0.0,0.0,0.0,9865,0,-0.4198452,-0.38669845,-9.8125,15852,0,0,0,1
9106388308,0.0,0.0,0.0,9626,0,-0.43365586,-0.37288773,-9.833984,7385,0,0,0,1
9106398877,0.0,0.0,0.0,10569,0,-0.45989627,-0.37150675,-9.855469,6869,0,0,0,1
9106408733,0.0,0.0,0.0,9856,0,-0.4658301,-0.3904321,-9.835019,17247,0,0,0,1
9106418246,0.0,0.0,0.0,9513,0,-0.44608545,-0.3853173,-9.853514,7707,0,0,0,1
9106428741,0.0,0.0,0.0,10495,0,-0.43365595,-0.37288773,-9.853516,7554,0,0,0,1
9106439118,0.0,0.0,0.0,10377,0,-0.44608545,-0.38531733,-9.853514,7647,0,0,0,1
9106448764,0.0,0.0,0.0,9646,0,-0.43234944,-0.38604033,-9.832962,16104,0,0,0,1
9106458451,0.0,0.0,0.0,9687,0,-0.41984528,-0.38669848,-9.851564,7776,0,0,0,1
9106468848,0.0,0.0,0.0,10397,0,-0.4198452,-0.3866984,-9.8515625,6380,0,0,0,1
9106478958,0.0,0.0,0.0,10110,0,-0.42722222,-0.3517,-9.852605,16791,0,0,0,1
9106487966,0.0,0.0,0.0,9008,0,-0.44746658,-0.359077,-9.8359375,7806,0,0,0,1
9106498475,0.0,0.0,0.0,10509,0,-0.44746652,-0.35907707,-9.8359375,7441,0,0,0,1
9106508722,0.0,0.0,0.0,10247,0,-0.44746664,-0.35907707,-9.855469,7407,0,0,0,1
9106518329,0.0,0.0,0.0,9607,0,-0.44746655,-0.3590771,-9.844827,16618,0,0,0,1
9106529081,0.0,0.0,0.0,10752,0,-0.44746652,-0.359077,-9.835937,7390,0,0,0,1
9106538504,0.0,0.0,0.0,9423,0,-0.43365598,-0.3728878,-9.853517,6936,0,0,0,1
9106549127,0.0,0.0,0.0,10623,0,-0.42717525,-0.3664071,-9.834901,15900,0,0,0,1
9106558355,0.0,0.0,0.0,9228,0,-0.40603453,-0.37288773,-9.833984,8707,0,0,0,1
9106569047,0.0,0.0,0.0,10692,0,-0.43365592,-0.37288773,-9.833984,7202,0,0,0,1
9106579306,0.0,0.0,0.0,10259,0,-0.43365598,-0.37288773,-9.853518,7488,0,0,0,1
9106588736,0.0,0.0,0.0,9430,0,-0.4413362,-0.36520752,-9.835072,17394,0,0,0,1
9106598761,0.0,0.0,0.0,10025,0,-0.43365592,-0.37288773,-9.853516,6989,0,0,0,1
9106609140,0.0,0.0,0.0,10379,0,-0.41984522,-0.38669842,-9.832031,8408,0,0,0,1
9106619361,0.0,0.0,0.0,10221,0,-0.41984522,-0.38669845,-9.8125,6134,0,0,0,1
9106629448,0.0,0.0,0.0,10087,0,-0.4198452,-0.3866984,-9.812499,17303,0,0,0,1
9106638906,0.0,0.0,0.0,9458,0,-0.41984522,-0.3590771,-9.832033,7369,0,0,0,1
9106649372,0.0,0.0,0.0,10466,0,-0.43365598,-0.3452664,-9.853516,6806,0,0,0,1
9106658949,0.0,0.0,0.0,9577,0,-0.44746658,-0.35907707,-9.835937,16142,0,0,0,1
9106668675,0.0,0.0,0.0,9726,0,-0.44746664,-0.35907713,-9.855469,7864,0,0,0,1
9106679166,0.0,0.0,0.0,10491,0,-0.44746652,-0.359077,-9.855469,8226,0,0,0,1
9106689322,0.0,0.0,0.0,10156,0,-0.4474666,-0.35907707,-9.8359375,7428,0,0,0,1
9106698763,0.0,0.0,0.0,9441,0,-0.44746652,-0.359077,-9.816406,8234,0,0,0,1
9106708884,0.0,0.0,0.0,10121,0,-0.44746655,-0.35907704,-9.825822,16107,0,0,0,1
9106719136,0.0,0.0,0.0,10252,0,-0.44746658,-0.359077,-9.855469,6164,0,0,0,1
9106729487,0.0,0.0,0.0,10351,0,-0.43275076,-0.35907707,-9.855468,16876,0,0,0,1
9106738436,0.0,0.0,0.0,8949,0,-0.41984522,-0.35907707,-9.855469,7803,0,0,0,1
9106749171,0.0,0.0,0.0,10735,0,-0.44746658,-0.35907713,-9.855469,7554,0,0,0,1
9106759374,0.0,0.0,0.0,10203,0,-0.43365598,-0.3728878,-9.853518,7493,0,0,0,1
9106769166,0.0,0.0,0.0,9792,0,-0.44099015,-0.36555338,-9.844178,15535,0,0,0,1
9106779120,0.0,0.0,0.0,9954,0,-0.43365592,-0.34526643,-9.814453,8631,0,0,0,1
9106789187,0.0,0.0,0.0,10067,0,-0.43365592,-0.3452664,-9.833984,6449,0,0,0,1
9106799476,0.0,0.0,0.0,10289,0,-0.42613712,-0.38040647,-9.852451,17652,0,0,0,1
9106808561,0.0,0.0,0.0,9085,0,-0.4460855,-0.38531736,-9.853515,6961,0,0,0,1
9106819186,0.0,0.0,0.0,10625,0,-0.45989618,-0.37150663,-9.855467,7385,0,0,0,1
9106829669,0.0,0.0,0.0,10483,0,-0.44746658,-0.35907707,-9.855469,7359,0,0,0,1
9106838259,0.0,0.0,0.0,8590,0,-0.43882066,-0.39258224,-9.852489,16440,0,0,0,1
9106849307,0.0,0.0,0.0,11048,0,-0.41984522,-0.38669842,-9.8515625,8015,0,0,0,1
9106860057,0.0,0.0,0.0,10750,0,-0.43365592,-0.37288773,-9.853516,6589,0,0,0,1
9106869740,0.0,0.0,0.0,9683,0,-0.43365586,-0.37288773,-9.853514,8315,0,0,0,1
9106879142,0.0,0.0,0.0,9402,0,-0.43365592,-0.37288773,-9.853516,17336,0,0,0,1
9106889514,0.0,0.0,0.0,10372,0,-0.43365595,-0.3728878,-9.853518,5882,0,0,0,1
9106899373,0.0,0.0,0.0,9859,0,-0.44746664,-0.35907713,-9.8359375,7984,0,0,0,1
9106909393,0.0,0.0,0.0,10020,0,-0.44746658,-0.35907707,-9.8359375,16073,0,0,0,1
9106918717,0.0,0.0,0.0,9324,0,-0.43365592,-0.37288773,-9.833984,7754,0,0,0,1
9106929164,0.0,0.0,0.0,10447,0,-0.41984522,-0.38669842,-9.8515625,8201,0,0,0,1
9106939553,0.0,0.0,0.0,10389,0,-0.43365592,-0.37288773,-9.853518,7635,0,0,0,1
9106949068,0.0,0.0,0.0,9515,0,-0.44746658,-0.3590771,-9.855469,16434,0,0,0,1
9106959846,0.0,0.0,0.0,10778,0,-0.43365586,-0.37288773,-9.833984,7385,0,0,0,1
9106969937,0.0,0.0,0.0,10091,0,-0.4336559,-0.37288773,-9.8515625,6522,0,0,0,1
9106979712,0.0,0.0,0.0,9775,0,-0.43365595,-0.34526634,-9.862038,16444,0,0,0,1
9106989223,0.0,0.0,0.0,9511,0,-0.43365598,-0.37288773,-9.875,7679,0,0,0,1
9106999429,0.0,0.0,0.0,10206,0,-0.4322748,-0.39912796,-9.873047,8690,0,0,0,1
9107010258,0.0,0.0,0.0,10829,0,-0.43227482,-0.39912808,-9.832031,6749,0,0,0,1
9107018888,0.0,0.0,0.0,8630,0,-0.41984522,-0.38669842,-9.822723,15872,0,0,0,1
9107030015,0.0,0.0,0.0,11127,0,-0.41984516,-0.38669837,-9.8515625,8419,0,0,0,1
9107040169,0.0,0.0,0.0,10154,0,-0.43365586,-0.37288773,-9.853514,6665,0,0,0,1
9107049984,0.0,0.0,0.0,9815,0,-0.43365592,-0.37288773,-9.833985,17323,0,0,0,1
9107059567,0.0,0.0,0.0,9583,0,-0.44746658,-0.35907707,-9.8359375,6812,0,0,0,1
9107069005,0.0,0.0,0.0,9438,0,-0.44746658,-0.35907707,-9.835936,8256,0,0,0,1
9107079903,0.0,0.0,0.0,10898,0,-0.43365592,-0.37288773,-9.853515,7176,0,0,0,1
9107089527,0.0,0.0,0.0,9624,0,-0.44125995,-0.36528367,-9.854591,16455,0,0,0,1
9107100072,0.0,0.0,0.0,10545,0,-0.43365586,-0.37288773,-9.853516,7402,0,0,0,1
9107110197,0.0,0.0,0.0,10125,0,-0.43365592,-0.37288773,-9.833984,6935,0,0,0,1
9107120083,0.0,0.0,0.0,9886,0,-0.43365592,-0.34526637,-9.844353,16547,0,0,0,1
9107129177,0.0,0.0,0.0,9094,0,-0.44746664,-0.35907713,-9.855469,7833,0,0,0,1
9107139959,0.0,0.0,0.0,10782,0,-0.44746658,-0.35907713,-9.855471,7508,0,0,0,1
9107150128,0.0,0.0,0.0,10169,0,-0.44746658,-0.35907707,-9.855471,7814,0,0,0,1
9107159960,0.0,0.0,0.0,9832,0,-0.44011086,-0.36643276,-9.844027,15854,0,0,0,1
9107169232,0.0,0.0,0.0,9272,0,-0.43365592,-0.37288767,-9.833984,8535,0,0,0,1
9107179549,0.0,0.0,0.0,10317,0,-0.4336559,-0.37288767,-9.853514,7461,0,0,0,1
9107189681,0.0,0.0,0.0,10132,0,-0.43227482,-0.39912802,-9.8515625,7581,0,0,0,1
9107199211,0.0,0.0,0.0,9530,0,-0.4120217,-0.3788749,-9.853518,16432,0,0,0,1
9107210126,0.0,0.0,0.0,10915,0,-0.43365598,-0.37288776,-9.853516,7594,0,0,0,1
9107220474,0.0,0.0,0.0,10348,0,-0.44746652,-0.35907707,-9.8359375,7104,0,0,0,1
9107229869,0.0,0.0,0.0,9395,0,-0.44746658,-0.35907713,-9.835938,15665,0,0,0,1
9107239611,0.0,0.0,0.0,9742,0,-0.44746658,-0.35907707,-9.835936,7672,0,0,0,1
9107249934,0.0,0.0,0.0,10323,0,-0.44746658,-0.35907713,-9.855469,8286,0,0,0,1
9107260132,0.0,0.0,0.0,10198,0,-0.44746664,-0.35907707,-9.855469,7431,0,0,0,1
9107270043,0.0,0.0,0.0,9911,0,-0.43987972,-0.36666396,-9.854395,15775,0,0,0,1
9107279292,0.0,0.0,0.0,9249,0,-0.41984522,-0.38669842,-9.851561,7425,0,0,0,1
9107289571,0.0,0.0,0.0,10279,0,-0.40603453,-0.37288773,-9.853516,8319,0,0,0,1
9107299976,0.0,0.0,0.0,10405,0,-0.42791304,-0.36714485,-9.854327,16793,0,0,0,1
9107309646,0.0,0.0,0.0,9670,0,-0.43365586,-0.37288773,-9.853516,6056,0,0,0,1
9107320097,0.0,0.0,0.0,10451,0,-0.44746658,-0.35907707,-9.855469,8418,0,0,0,1
9107330335,0.0,0.0,0.0,10238,0,-0.44746658,-0.35907707,-9.8359375,7569,0,0,0,1
9107339532,0.0,0.0,0.0,9197,0,-0.44746655,-0.35907704,-9.8465395,15560,0,0,0,1
9107349905,0.0,0.0,0.0,10373,0,-0.43365586,-0.37288767,-9.853516,7838,0,0,0,1
9107360125,0.0,0.0,0.0,10220,0,-0.43365592,-0.3728877,-9.853516,7120,0,0,0,1
9107370540,0.0,0.0,0.0,10415,0,-0.42633396,-0.38020968,-9.85248,16840,0,0,0,1
9107379250,0.0,0.0,0.0,8710,0,-0.41984522,-0.38669842,-9.832031,7462,0,0,0,1
9107389856,0.0,0.0,0.0,10606,0,-0.43365586,-0.37288773,-9.814451,8574,0,0,0,1
9107400132,0.0,0.0,0.0,10276,0,-0.43365592,-0.37288773,-9.833984,6372,0,0,0,1
9107409984,0.0,0.0,0.0,9852,0,-0.42734692,-0.37919676,-9.852623,17300,0,0,0,1
9107420303,0.0,0.0,0.0,10319,0,-0.44746658,-0.35907707,-9.8359375,6795,0,0,0,1
9107429871,0.0,0.0,0.0,9568,0,-0.44746658,-0.35907707,-9.8359375,7248,0,0,0,1
9107439851,0.0,0.0,0.0,9980,0,-0.44746664,-0.35907707,-9.855469,7755,0,0,0,1
9107450863,0.0,0.0,0.0,11012,0,-0.44746655,-0.35907704,-9.855469,17186,0,0,0,1
9107460378,0.0,0.0,0.0,9515,0,-0.44746664,-0.35907713,-9.855469,7453,0,0,0,1
9107470229,0.0,0.0,0.0,9851,0,-0.44746652,-0.359077,-9.855467,6882,0,0,0,1
9107480040,0.0,0.0,0.0,9811,0,-0.44746655,-0.3590771,-9.855469,15762,0,0,0,1
9107489254,0.0,0.0,0.0,9214,0,-0.43365586,-0.37288773,-9.853515,8698,0,0,0,1
9107499905,0.0,0.0,0.0,10651,0,-0.43365592,-0.37288773,-9.833984,7370,0,0,0,1
9107510235,0.0,0.0,0.0,10330,0,-0.44746646,-0.359077,-9.835936,7217,0,0,0,1
9107520090,0.0,0.0,0.0,9855,0,-0.44045314,-0.36609045,-9.844557,15974,0,0,0,1
9107530719,0.0,0.0,0.0,10629,0,-0.43365586,-0.37288773,-9.833984,8563,0,0,0,1
9107539989,0.0,0.0,0.0,9270,0,-0.44746652,-0.35907704,-9.8359375,6718,0,0,0,1
9107550548,0.0,0.0,0.0,10559,0,-0.4405748,-0.36596885,-9.8447075,17302,0,0,0,1
9107560539,0.0,0.0,0.0,9991,0,-0.43365592,-0.37288773,-9.833984,6918,0,0,0,1
9107570807,0.0,0.0,0.0,10268,0,-0.43365598,-0.37288773,-9.833984,8204,0,0,0,1
9107580217,0.0,0.0,0.0,9410,0,-0.4198452,-0.359077,-9.851561,7578,0,0,0,1
9107589809,0.0,0.0,0.0,9592,0,-0.41984516,-0.34608918,-9.8515625,15593,0,0,0,1
9107600323,0.0,0.0,0.0,10514,0,-0.43365592,-0.37288773,-9.833984,7396,0,0,0,1
9107610348,0.0,0.0,0.0,10025,0,-0.44746658,-0.35907707,-9.835936,7268,0,0,0,1
9107619931,0.0,0.0,0.0,9583,0,-0.4474666,-0.3590771,-9.8359375,17506,0,0,0,1
9107629700,0.0,0.0,0.0,9769,0,-0.44746652,-0.359077,-9.855467,6638,0,0,0,1
9107640355,0.0,0.0,0.0,10655,0,-0.43365592,-0.37288767,-9.833984,8466,0,0,0,1
9107650727,0.0,0.0,0.0,10372,0,-0.41984528,-0.38669848,-9.832032,6692,0,0,0,1
9107659603,0.0,0.0,0.0,8876,0,-0.43365592,-0.37288773,-9.8431835,16163,0,0,0,1
9107670734,0.0,0.0,0.0,11131,0,-0.43365592,-0.37288767,-9.833982,7834,0,0,0,1
9107680090,0.0,0.0,0.0,9356,0,-0.43365598,-0.37288773,-9.853516,7079,0,0,0,1
9107690399,0.0,0.0,0.0,10309,0,-0.43365592,-0.37288773,-9.853516,7964,0,0,0,1
9107699979,0.0,0.0,0.0,9580,0,-0.4402985,-0.36624518,-9.865605,16240,0,0,0,1
9107710436,0.0,0.0,0.0,10457,0,-0.43365592,-0.37288773,-9.875,8424,0,0,0,1
9107720936,0.0,0.0,0.0,10500,0,-0.44746658,-0.35907707,-9.8359375,6578,0,0,0,1
9107730616,0.0,0.0,0.0,9680,0,-0.44023684,-0.36630678,-9.8451395,16157,0,0,0,1
9107740866,0.0,0.0,0.0,10250,0,-0.41984516,-0.35907707,-9.8515625,7712,0,0,0,1
9107750272,0.0,0.0,0.0,9406,0,-0.41984528,-0.35907713,-9.851563,7276,0,0,0,1
9107760672,0.0,0.0,0.0,10400,0,-0.43365592,-0.37288773,-9.8125,8502,0,0,0,1
9107770120,0.0,0.0,0.0,9448,0,-0.4474666,-0.3590771,-9.836205,15521,0,0,0,1
9107780743,0.0,0.0,0.0,10623,0,-0.44746658,-0.35907707,-9.855467,8384,0,0,0,1
9107790790,0.0,0.0,0.0,10047,0,-0.4474666,-0.35907707,-9.855469,6808,0,0,0,1
9107801272,0.0,0.0,0.0,10482,0,-0.4336559,-0.37288773,-9.843019,16940,0,0,0,1
9107810206,0.0,0.0,0.0,8934,0,-0.43365592,-0.3728878,-9.833984,7753,0,0,0,1
9107820837,0.0,0.0,0.0,10631,0,-0.43365592,-0.37288773,-9.853516,7581,0,0,0,1
9107830840,0.0,0.0,0.0,10003,0,-0.4598962,-0.3715067,-9.835936,7375,0,0,0,1
9107840518,0.0,0.0,0.0,9678,0,-0.44598484,-0.37223879,-9.845256,15539,0,0,0,1
9107850957,0.0,0.0,0.0,10439,0,-0.41984516,-0.38669837,-9.832029,8407,0,0,0,1
9107861254,0.0,0.0,0.0,10297,0,-0.4336559,-0.37288773,-9.833984,6873,0,0,0,1
9107871249,0.0,0.0,0.0,9995,0,-0.44746655,-0.35907707,-9.855469,17179,0,0,0,1
9107881012,0.0,0.0,0.0,9763,0,-0.43365592,-0.37288773,-9.853516,6795,0,0,0,1
9107891342,0.0,0.0,0.0,10330,0,-0.43365586,-0.37288767,-9.833982,8225,0,0,0,1
9107900698,0.0,0.0,0.0,9356,0,-0.44746652,-0.359077,-9.8359375,7667,0,0,0,1
9107910721,0.0,0.0,0.0,10023,0,-0.44746658,-0.35907707,-9.855469,15675,0,0,0,1
9107920769,0.0,0.0,0.0,10048,0,-0.43365592,-0.37288773,-9.853517,7415,0,0,0,1
9107931419,0.0,0.0,0.0,10650,0,-0.43365592,-0.3728878,-9.853516,8310,0,0,0,1
9107940378,0.0,0.0,0.0,8959,0,-0.44746658,-0.35907707,-9.855469,7007,0,0,0,1
9107951154,0.0,0.0,0.0,10776,0,-0.4269357,-0.37960795,-9.852565,16897,0,0,0,1
9107960750,0.0,0.0,0.0,9596,0,-0.43365592,-0.37288773,-9.833984,7380,0,0,0,1
9107970905,0.0,0.0,0.0,10155,0,-0.43365595,-0.37288773,-9.833985,6948,0,0,0,1
9107981020,0.0,0.0,0.0,10115,0,-0.44077405,-0.36576957,-9.8349905,16028,0,0,0,1
9107991024,0.0,0.0,0.0,10004,0,-0.43365598,-0.37288773,-9.833984,8701,0,0,0,1
9108000674,0.0,0.0,0.0,9650,0,-0.43365598,-0.37288773,-9.833986,8201,0,0,0,1
9108010883,0.0,0.0,0.0,10209,0,-0.44746658,-0.359077,-9.8359375,6391,0,0,0,1
9108020348,0.0,0.0,0.0,9465,0,-0.43365592,-0.37288773,-9.833985,15757,0,0,0,1
9108031090,0.0,0.0,0.0,10742,0,-0.43365592,-0.37288773,-9.833984,8393,0,0,0,1
9108041396,0.0,0.0,0.0,10306,0,-0.43365598,-0.3728878,-9.833986,6872,0,0,0,1
9108051220,0.0,0.0,0.0,9824,0,-0.4336559,-0.37288776,-9.824461,16382,0,0,0,1
9108061179,0.0,0.0,0.0,9959,0,-0.44746658,-0.359077,-9.855469,7806,0,0,0,1
9108071568,0.0,0.0,0.0,10389,0,-0.44746658,-0.3590771,-9.855469,8587,0,0,0,1
9108081491,0.0,0.0,0.0,9923,0,-0.44746655,-0.35907707,-9.855469,7447,0,0,0,1
9108090952,0.0,0.0,0.0,9461,0,-0.44746655,-0.35907704,-9.825033,15104,0,0,0,1
9108101425,0.0,0.0,0.0,10473,0,-0.44746664,-0.35907713,-9.8359375,8448,0,0,0,1
9108111642,0.0,0.0,0.0,10217,0,-0.44746664,-0.35907713,-9.855469,6558,0,0,0,1
9108121747,0.0,0.0,0.0,10105,0,-0.4402904,-0.36625326,-9.844305,16291,0,0,0,1
9108130722,0.0,0.0,0.0,8975,0,-0.43365592,-0.37288767,-9.814453,8485,0,0,0,1
9108141416,0.0,0.0,0.0,10694,0,-0.44746652,-0.35907707,-9.8359375,7379,0,0,0,1
9108153900,0.0,0.0,0.0,12484,0,-0.44746658,-0.35907713,-9.855469,7638,0,0,0,1
9108161485,0.0,0.0,0.0,7585,0,-0.4460855,-0.38531736,-9.833984,8049,0,0,0,1
9108171190,0.0,0.0,0.0,9705,0,-0.44670513,-0.3735446,-9.843623,15988,0,0,0,1
9108181534,0.0,0.0,0.0,10344,0,-0.43365586,-0.37288773,-9.853516,7698,0,0,0,1
9108191032,0.0,0.0,0.0,9498,0,-0.43365598,-0.3728878,-9.853518,6883,0,0,0,1
9108200786,0.0,0.0,0.0,9754,0,-0.44028884,-0.36625478,-9.834922,16226,0,0,0,1
9108211298,0.0,0.0,0.0,10512,0,-0.4198452,-0.38669842,-9.8515625,8442,0,0,0,1
9108221310,0.0,0.0,0.0,10012,0,-0.41984522,-0.38669842,-9.832031,6574,0,0,0,1
9108231364,0.0,0.0,0.0,10054,0,-0.4412869,-0.36525676,-9.826324,17186,0,0,0,1
9108241780,0.0,0.0,0.0,10416,0,-0.44746658,-0.3590771,-9.855469,6748,0,0,0,1
9108251154,0.0,0.0,0.0,9374,0,-0.44746664,-0.35907713,-9.855471,7271,0,0,0,1
9108261347,0.0,0.0,0.0,10193,0,-0.44746658,-0.35907707,-9.855469,8478,0,0,0,1
9108270896,0.0,0.0,0.0,9549,0,-0.4336559,-0.37288773,-9.842931,15556,0,0,0,1
9108281524,0.0,0.0,0.0,10628,0,-0.44746652,-0.359077,-9.835936,8446,0,0,0,1
9108291535,0.0,0.0,0.0,10011,0,-0.43365592,-0.3728878,-9.853516,6772,0,0,0,1
9108301652,0.0,0.0,0.0,10117,0,-0.41984525,-0.35907704,-9.851563,16891,0,0,0,1
9108311612,0.0,0.0,0.0,9960,0,-0.41984522,-0.38669842,-9.8515625,8231,0,0,0,1
9108321013,0.0,0.0,0.0,9401,0,-0.43365586,-0.37288767,-9.833982,7609,0,0,0,1
9108331514,0.0,0.0,0.0,10501,0,-0.43365598,-0.37288776,-9.814455,7452,0,0,0,1
9108342227,0.0,0.0,0.0,10713,0,-0.4198452,-0.38669842,-9.83203,15783,0,0,0,1
9108351478,0.0,0.0,0.0,9251,0,-0.41984522,-0.38669842,-9.832031,7424,0,0,0,1
9108361723,0.0,0.0,0.0,10245,0,-0.41984525,-0.3590771,-9.851564,6887,0,0,0,1
9108371925,0.0,0.0,0.0,10202,0,-0.4346816,-0.37391344,-9.822091,17713,0,0,0,1
9108381187,0.0,0.0,0.0,9262,0,-0.45989627,-0.37150675,-9.835939,6785,0,0,0,1
9108391676,0.0,0.0,0.0,10489,0,-0.44746652,-0.359077,-9.855467,7524,0,0,0,1
9108401429,0.0,0.0,0.0,9753,0,-0.45989615,-0.34664744,-9.855467,7543,0,0,0,1
9108411112,0.0,0.0,0.0,9683,0,-0.45989618,-0.35977745,-9.855469,15813,0,0,0,1
9108421152,0.0,0.0,0.0,10040,0,-0.48475546,-0.37150672,-9.855471,8410,0,0,0,1
9108431648,0.0,0.0,0.0,10496,0,-0.48475543,-0.34664744,-9.855469,8224,0,0,0,1
9108442151,0.0,0.0,0.0,10503,0,-0.45989627,-0.34664744,-9.85547,6300,0,0,0,1
9108451535,0.0,0.0,0.0,9384,0,-0.4276057,-0.37893796,-9.852659,15755,0,0,0,1
9108462169,0.0,0.0,0.0,10634,0,-0.41984516,-0.38669837,-9.851561,8512,0,0,0,1
9108472381,0.0,0.0,0.0,10212,0,-0.41984522,-0.38669842,-9.832031,7169,0,0,0,1
9108481888,0.0,0.0,0.0,9507,0,-0.40603453,-0.40050912,-9.833984,17423,0,0,0,1
9108491585,0.0,0.0,0.0,9697,0,-0.43365586,-0.37288773,-9.833982,6665,0,0,0,1
9108502160,0.0,0.0,0.0,10575,0,-0.43365586,-0.37288767,-9.853514,8423,0,0,0,1
9108512098,0.0,0.0,0.0,9938,0,-0.43365592,-0.37288767,-9.871092,7427,0,0,0,1
9108521867,0.0,0.0,0.0,9769,0,-0.44746658,-0.35907704,-9.864167,15561,0,0,0,1
9108531674,0.0,0.0,0.0,9807,0,-0.44746658,-0.35907707,-9.835936,7580,0,0,0,1
9108541986,0.0,0.0,0.0,10312,0,-0.44746658,-0.35907707,-9.8359375,7047,0,0,0,1
9108551762,0.0,0.0,0.0,9776,0,-0.4524956,-0.37890723,-9.843956,16956,0,0,0,1
9108561981,0.0,0.0,0.0,10219,0,-0.43365592,-0.37288773,-9.833984,7516,0,0,0,1
9108571457,0.0,0.0,0.0,9476,0,-0.41984528,-0.35907707,-9.855469,8515,0,0,0,1
9108581919,0.0,0.0,0.0,10462,0,-0.40603447,-0.3452664,-9.853514,7441,0,0,0,1
9108592421,0.0,0.0,0.0,10502,0,-0.43365592,-0.36115828,-9.833984,15780,0,0,0,1
9108601867,0.0,0.0,0.0,9446,0,-0.43365598,-0.3728878,-9.853518,7182,0,0,0,1
9108612074,0.0,0.0,0.0,10207,0,-0.41984525,-0.35907707,-9.855471,7002,0,0,0,1
9108622292,0.0,0.0,0.0,10218,0,-0.41378188,-0.35301372,-9.85242,17780,0,0,0,1
9108631415,0.0,0.0,0.0,9123,0,-0.41984516,-0.38669837,-9.851561,6584,0,0,0,1
9108642038,0.0,0.0,0.0,10623,0,-0.41984522,-0.38669842,-9.8515625,7661,0,0,0,1
9108651553,0.0,0.0,0.0,9515,0,-0.44608557,-0.38531741,-9.853516,7691,0,0,0,1
9108661452,0.0,0.0,0.0,9899,0,-0.45823723,-0.38467777,-9.824401,15919,0,0,0,1
9108671871,0.0,0.0,0.0,10419,0,-0.43365592,-0.3728878,-9.833986,7387,0,0,0,1
9108681930,0.0,0.0,0.0,10059,0,-0.44746658,-0.35907707,-9.855469,8358,0,0,0,1
9108691450,0.0,0.0,0.0,9520,0,-0.44746652,-0.359077,-9.855467,6766,0,0,0,1
9108702257,0.0,0.0,0.0,10807,0,-0.44746652,-0.35907707,-9.85547,17104,0,0,0,1
9108712510,0.0,0.0,0.0,10253,0,-0.43365592,-0.3728878,-9.853517,7422,0,0,0,1
9108721662,0.0,0.0,0.0,9152,0,-0.43365592,-0.37288773,-9.853516,7535,0,0,0,1
9108731943,0.0,0.0,0.0,10281,0,-0.4255748,-0.38096884,-9.840945,17273,0,0,0,1
9108741873,0.0,0.0,0.0,9930,0,-0.43227482,-0.39912796,-9.8125,6549,0,0,0,1
9108752593,0.0,0.0,0.0,10720,0,-0.43227482,-0.39912808,-9.832032,8465,0,0,0,1
9108762751,0.0,0.0,0.0,10158,0,-0.43227482,-0.39912802,-9.832031,6113,0,0,0,1
9108772266,0.0,0.0,0.0,9515,0,-0.43960872,-0.39179423,-9.82391,17050,0,0,0,1
9108781670,0.0,0.0,0.0,9404,0,-0.4460855,-0.38531736,-9.833982,7388,0,0,0,1
9108791893,0.0,0.0,0.0,10223,0,-0.4198452,-0.38669837,-9.812499,6861,0,0,0,1
9108802307,0.0,0.0,0.0,10414,0,-0.44095653,-0.3655871,-9.835015,16787,0,0,0,1
9108812324,0.0,0.0,0.0,10017,0,-0.44746652,-0.35907707,-9.8359375,7584,0,0,0,1
9108822632,0.0,0.0,0.0,10308,0,-0.43365592,-0.37288767,-9.853516,8517,0,0,0,1
9108832835,0.0,0.0,0.0,10203,0,-0.43365586,-0.37288767,-9.833982,7587,0,0,0,1
9108842530,0.0,0.0,0.0,9695,0,-0.44746652,-0.359077,-9.827777,15539,0,0,0,1
9108852161,0.0,0.0,0.0,9631,0,-0.44746652,-0.359077,-9.855469,7399,0,0,0,1
9108862191,0.0,0.0,0.0,10030,0,-0.43365592,-0.37288773,-9.853518,7057,0,0,0,1
9108872583,0.0,0.0,0.0,10392,0,-0.41984522,-0.38669845,-9.841349,16628,0,0,0,1
9108882273,0.0,0.0,0.0,9690,0,-0.41984516,-0.38669842,-9.812498,7649,0,0,0,1
9108892706,0.0,0.0,0.0,10433,0,-0.41984525,-0.38669842,-9.832032,8182,0,0,0,1
9108902286,0.0,0.0,0.0,9580,0,-0.41984522,-0.38669842,-9.832031,7661,0,0,0,1
9108912804,0.0,0.0,0.0,10518,0,-0.41984522,-0.359077,-9.83203,15664,0,0,0,1
9108922438,0.0,0.0,0.0,9634,0,-0.43365586,-0.37288773,-9.833984,7440,0,0,0,1
9108932471,0.0,0.0,0.0,10033,0,-0.43365586,-0.37288773,-9.833984,7275,0,0,0,1
9108942174,0.0,0.0,0.0,9703,0,-0.41984522,-0.38669837,-9.832029,7806,0,0,0,1
9108952587,0.0,0.0,0.0,10413,0,-0.452582,-0.37882078,-9.854433,17094,0,0,0,1
9108961983,0.0,0.0,0.0,9396,0,-0.44746655,-0.35907707,-9.855469,7382,0,0,0,1
9108972172,0.0,0.0,0.0,10189,0,-0.44746658,-0.35907707,-9.855468,6738,0,0,0,1
9108981576,0.0,0.0,0.0,9404,0,-0.4474666,-0.3590771,-9.825929,15987,0,0,0,1
9108992572,0.0,0.0,0.0,10996,0,-0.43365595,-0.37288773,-9.833984,8862,0,0,0,1
9109002825,0.0,0.0,0.0,10253,0,-0.43365586,-0.37288767,-9.853515,7320,0,0,0,1
9109013011,0.0,0.0,0.0,10186,0,-0.42577648,-0.38076717,-9.841257,16262,0,0,0,1
9109022904,0.0,0.0,0.0,9893,0,-0.41984525,-0.38669848,-9.832031,6769,0,0,0,1
9109032196,0.0,0.0,0.0,9292,0,-0.41984528,-0.38669848,-9.851564,8465,0,0,0,1
9109042958,0.0,0.0,0.0,10762,0,-0.41984522,-0.38669842,-9.8515625,7813,0,0,0,1
9109052572,0.0,0.0,0.0,9614,0,-0.4336559,-0.37288767,-9.833982,15197,0,0,0,1
9109063119,0.0,0.0,0.0,10547,0,-0.4336559,-0.37288767,-9.833984,7461,0,0,0,1
9109072403,0.0,0.0,0.0,9284,0,-0.44746658,-0.35907707,-9.8359375,7586,0,0,0,1
9109082779,0.0,0.0,0.0,10376,0,-0.44746658,-0.35907713,-9.8359375,8313,0,0,0,1
9109092256,0.0,0.0,0.0,9477,0,-0.44746658,-0.3590771,-9.835938,15717,0,0,0,1
9109102869,0.0,0.0,0.0,10613,0,-0.44746652,-0.359077,-9.8359375,8385,0,0,0,1
9109112957,0.0,0.0,0.0,10088,0,-0.44746658,-0.35907707,-9.855469,6780,0,0,0,1
9109123024,0.0,0.0,0.0,10067,0,-0.44746658,-0.35907707,-9.855468,15912,0,0,0,1
9109132208,0.0,0.0,0.0,9184,0,-0.44746658,-0.35907707,-9.8359375,8680,0,0,0,1
9109142474,0.0,0.0,0.0,10266,0,-0.44746652,-0.359077,-9.816406,7390,0,0,0,1
9109153035,0.0,0.0,0.0,10561,0,-0.43365598,-0.37288773,-9.814453,7397,0,0,0,1
9109162507,0.0,0.0,0.0,9472,0,-0.4272491,-0.37929454,-9.824017,15680,0,0,0,1
9109172946,0.0,0.0,0.0,10439,0,-0.44746658,-0.35907707,-9.855469,8451,0,0,0,1
9109183123,0.0,0.0,0.0,10177,0,-0.43365592,-0.37288773,-9.833984,6738,0,0,0,1
9109192654,0.0,0.0,0.0,9531,0,-0.43365586,-0.37288767,-9.833982,7783,0,0,0,1
9109202371,0.0,0.0,0.0,9717,0,-0.4390346,-0.39236823,-9.852519,16510,0,0,0,1
9109212843,0.0,0.0,0.0,10472,0,-0.43365598,-0.37288773,-9.853518,7856,0,0,0,1
9109223367,0.0,0.0,0.0,10524,0,-0.44746664,-0.35907713,-9.855469,7280,0,0,0,1
9109232431,0.0,0.0,0.0,9064,0,-0.44746658,-0.35907707,-9.85547,16779,0,0,0,1
9109243602,0.0,0.0,0.0,11171,0,-0.44746658,-0.35907707,-9.855469,7497,0,0,0,1
9109252569,0.0,0.0,0.0,8967,0,-0.44746658,-0.35907707,-9.855469,6768,0,0,0,1
9109263380,0.0,0.0,0.0,10811,0,-0.44746652,-0.35907704,-9.845135,16749,0,0,0,1
9109272713,0.0,0.0,0.0,9333,0,-0.44746658,-0.359077,-9.816404,7830,0,0,0,1
9109283442,0.0,0.0,0.0,10729,0,-0.44746652,-0.359077,-9.816404,7398,0,0,0,1
9109293433,0.0,0.0,0.0,9991,0,-0.44746652,-0.359077,-9.8359375,7239,0,0,0,1
9109303187,0.0,0.0,0.0,9754,0,-0.42595,-0.38059366,-9.852426,17354,0,0,0,1
9109312681,0.0,0.0,0.0,9494,0,-0.4460855,-0.38531733,-9.853514,6762,0,0,0,1
9109323432,0.0,0.0,0.0,10751,0,-0.4598962,-0.3715067,-9.855469,8227,0,0,0,1
9109333647,0.0,0.0,0.0,10215,0,-0.43365586,-0.37288773,-9.853514,7680,0,0,0,1
9109343334,0.0,0.0,0.0,9687,0,-0.4278021,-0.37874156,-9.852689,15774,0,0,0,1
9109352779,0.0,0.0,0.0,9445,0,-0.44746658,-0.35907707,-9.8359375,7373,0,0,0,1
9109362763,0.0,0.0,0.0,9984,0,-0.43365592,-0.3728877,-9.833984,7082,0,0,0,1
9109373221,0.0,0.0,0.0,10458,0,-0.41984525,-0.38669842,-9.82178,16627,0,0,0,1
9109383109,0.0,0.0,0.0,9888,0,-0.43365598,-0.37288773,-9.833984,7679,0,0,0,1
9109393579,0.0,0.0,0.0,10470,0,-0.43365598,-0.37288773,-9.853518,8189,0,0,0,1
9109406674,0.0,0.0,0.0,13095,0,-0.43365592,-0.37288773,-9.833983,18189,0,0,0,1
9109412985,0.0,0.0,0.0,6311,0,-0.43365592,-0.3452664,-9.833983,6399,0,0,0,1
9109423513,0.002762136,0.0013810676,0.00390625,10528,0,-0.41984522,-0.35907707,-9.8515625,5808,0,0,0,1
9109433813,0.004143209,0.0013810626,0.0078124986,10300,0,-0.42635474,-0.36558658,-9.872126,16067,0,0,0,1
9109443198,0.00069054833,-0.0006905576,0.0078124967,9385,0,-0.41984522,-0.35907713,-9.8359375,7849,0,0,0,1
9109452755,-0.0041431887,-0.0027621628,0.0029296838,9557,0,-0.43365592,-0.34526646,-9.833984,7517,0,0,0,1
9109463476,-0.0041431948,-0.0027621486,-0.0009765624,10721,0,-0.44608545,-0.35769594,-9.871094,8218,0,0,0,1
9109473996,-1.2049499e-09,-0.0013810679,5.0267976e-09,10520,0,-0.42618236,-0.39303556,-9.835325,14683,0,0,0,1
9109482683,0.0027621337,-0.001381068,0.0019531278,8687,0,-0.43365592,-0.37288767,-9.833984,8645,0,0,0,1
9109493189,1.2091756e-09,-0.002762142,0.0029296826,10506,0,-0.41984525,-0.38669842,-9.832031,8146,0,0,0,1
9109502999,-0.00069052866,-0.0020716037,-1.7862996e-09,9810,0,-0.43365598,-0.35812977,-9.814454,14666,0,0,0,1
9109513834,0.0034526729,0.000690533,-0.0019531199,10835,0,-0.4322748,-0.3715067,-9.832031,9183,0,0,0,1
9109523695,0.0020716002,0.00069054274,-0.0039062488,9861,0,-0.4322749,-0.39912808,-9.873047,6938,0,0,0,1
9109533328,0.0020716016,0.00069053425,-0.00390625,9633,0,-0.41984522,-0.35907698,-9.8359375,8927,0,0,0,1
9109543879,0.0034526717,0.0006905248,-0.0009765635,10551,0,-0.427598,-0.36682978,-9.8254175,13950,0,0,0,1
9109553441,0.0027621358,-2.3716877e-09,-1.847784e-09,9562,0,-0.41984525,-0.3590771,-9.8359375,9568,0,0,0,1
9109563276,0.002762136,-4.4194906e-09,0.0019531249,9835,0,-0.41984522,-0.35907707,-9.855469,6080,0,0,0,1
9109573209,0.0013810684,-6.8737034e-09,0.0039062505,9933,0,-0.4474666,-0.35907707,-9.835938,15741,0,0,0,1
9109583487,2.414736e-10,-4.707017e-09,0.00390625,10278,0,-0.43365592,-0.37288776,-9.853516,8600,0,0,0,1
9109593233,0.0013810679,4.560275e-09,0.00097656244,9746,0,-0.43365592,-0.37288773,-9.833984,7777,0,0,0,1
9109603737,0.002071601,0.00069053675,-0.0009765618,10504,0,-0.43365586,-0.3728877,-9.833982,7383,0,0,0,1
9109614182,0.002071602,0.0006905321,-8.5373875e-11,10445,0,-0.42612684,-0.39298,-9.851562,15434,0,0,0,1
9109623570,0.0013810698,-5.4637908e-09,0.0029296863,9388,0,-0.4460855,-0.38531741,-9.833986,8515,0,0,0,1
9109633054,3.6221037e-10,-6.693003e-09,0.005859374,9484,0,-0.43365586,-0.37288767,-9.833984,7676,0,0,0,1
9109643734,-0.004143197,-0.0013810876,0.0048828125,10680,0,-0.43365586,-0.37288773,-9.871092,8191,0,0,0,1
9109654251,-0.006905335,-0.0027621447,0.0058593764,10517,0,-0.42706951,-0.35185272,-9.852465,14634,0,0,0,1
9109664016,-0.0013810747,-0.0013810397,0.00585938,9765,0,-0.41984528,-0.3590771,-9.832031,9170,0,0,0,1
9109673456,0.0006905439,-0.0020715988,2.9877938e-09,9440,0,-0.41984528,-0.3314557,-9.8515625,7360,0,0,0,1
9109683671,-0.0027621295,-0.005524269,-0.0039062575,10215,0,-0.412452,-0.33884883,-9.852607,14806,0,0,0,1
9109693266,-0.0034526591,-0.006214809,-0.0068359394,9595,0,-0.40603453,-0.3452664,-9.833984,8181,0,0,0,1
9109704240,-0.000690498,-0.004833768,-0.012695303,10974,0,-0.43365592,-0.3452664,-9.814452,8331,0,0,0,1
9109713536,-1.9821157e-10,-0.0055242805,-0.014648435,9296,0,-0.44746658,-0.35907707,-9.8359375,15144,0,0,0,1
9109723574,-0.0006905309,-0.004833728,-0.013671877,10038,0,-0.44746658,-0.35907707,-9.816406,7359,0,0,0,1
9109733456,-0.000690515,-0.0020715997,-0.010742189,9882,0,-0.44746664,-0.3590771,-9.835939,8216,0,0,0,1
9109744124,-0.0020716107,-0.0020715867,-0.005859377,10668,0,-0.45989627,-0.37150675,-9.855471,8499,0,0,0,1
9109754347,-0.0048337504,-0.0034526496,-0.0029296898,10223,0,-0.4723259,-0.38393635,-9.835939,14538,0,0,0,1
9109764257,-0.0075958986,-0.007595845,0.0019531336,9910,0,-0.498566,-0.38531733,-9.833984,9155,0,0,0,1
9109773478,-0.015191848,-0.015191642,0.020507809,9221,0,-0.5248064,-0.38669842,-9.853518,7848,0,0,0,1
9109783980,-0.058005206,-0.06352868,0.11718757,10502,0,-0.7568258,-0.34526634,-10.03125,7397,0,0,0,1
9109794180,-0.12360417,-0.13327454,0.22070302,10200,0,-0.6417546,-0.2710686,-9.990552,14709,0,0,0,1
9109803790,-0.19264269,-0.19820003,0.18456933,9610,0,-0.6062895,-0.034526084,-10.029297,8879,0,0,0,1
9109813508,-0.26720813,-0.272789,0.07421842,9718,0,-0.6339108,-0.06214743,-10.009766,7791,0,0,0,1
9109824101,-0.32729468,-0.33147448,0.0068353703,10593,0,-0.65604436,-0.21517532,-9.897148,14765,0,0,0,1
9109834425,-0.3618319,-0.35908547,-0.019533372,10324,0,-0.5814302,-0.19749208,-9.8359375,8831,0,0,0,1
9109844149,-0.37564257,-0.37289625,-0.045898404,9724,0,-0.5662384,-0.10219842,-9.835939,7891,0,0,0,1
9109853366,-0.37908697,-0.3749761,-0.09960978,9217,0,-0.5800491,-0.06076638,-9.816406,7571,0,0,0,1
9109863777,-0.3583675,-0.3432143,-0.15918298,10411,0,-0.5516155,-0.20164034,-9.739561,14778,0,0,0,1
9109874024,-0.29623026,-0.27967483,-0.15918092,10247,0,-0.45851505,-0.2927858,-9.666016,8938,0,0,0,1
9109883914,-0.20922868,-0.1981867,-0.1259764,9890,0,-0.4170831,-0.22373241,-9.6640625,7457,0,0,0,1
9109894274,-0.12912454,-0.11946764,-0.10839891,10360,0,-0.45851517,-0.18230036,-9.683594,8468,0,0,0,1
9109903515,-0.083550915,-0.07250956,-0.10156302,9241,0,-0.6603338,-0.076494984,-9.794075,14221,0,0,0,1
9109914890,-0.08010085,-0.069054596,-0.11621095,11375,0,-0.77063644,0.046956904,-9.875,9191,0,0,0,1
9109924597,-0.10565125,-0.09046038,-0.15917975,9707,0,-0.824498,0.1284399,-9.892578,7722,0,0,0,1
9109933669,-0.14086929,-0.11877113,-0.20410173,9072,0,-0.8458959,0.07821092,-9.872191,14331,0,0,0,1
9109944310,-0.15398948,-0.13051054,-0.2197265,10641,0,-0.7568258,-0.074577056,-9.814453,8707,0,0,0,1
9109953834,-0.15330069,-0.12981786,-0.20019533,9524,0,-0.82587904,-0.11600908,-9.853514,7649,0,0,0,1
9109964591,-0.17471133,-0.15260148,-0.17480412,10757,0,-0.982187,0.105550386,-9.903948,15880,0,0,0,1
9109973714,-0.21752523,-0.1981767,-0.17578,9123,0,-1.0012748,0.14225061,-9.912109,6768,0,0,0,1
9109984606,-0.25757223,-0.23546879,-0.18847643,10892,0,-0.9998937,0.088388965,-9.873047,8947,0,0,0,1
9109994144,-0.28174144,-0.25549316,-0.18750046,9538,0,-0.9584616,0.07457827,-9.853516,7400,0,0,0,1
9110004336,-0.2796686,-0.25342345,-0.17480473,10192,0,-0.85063857,0.0323668,-9.791867,15380,0,0,0,1
9110014704,-0.25066498,-0.22718439,-0.15136717,10368,0,-0.8383088,0.0069059366,-9.773438,8031,0,0,0,1
9110023704,-0.21958978,-0.19611123,-0.13086002,9000,0,-0.86593014,0.034527294,-9.792969,8514,0,0,0,1
9110034418,-0.19403967,-0.17194322,-0.11718772,10714,0,-0.8935515,0.08700787,-9.812498,7461,0,0,0,1
9110044641,-0.16987225,-0.15329786,-0.098632336,10223,0,-0.9200812,0.12827705,-9.78386,14896,0,0,0,1
9110053828,-0.15537019,-0.14155956,-0.090820126,9187,0,-0.97365344,0.19749331,-9.775391,9052,0,0,0,1
9110064769,-0.14293987,-0.13051166,-0.08984372,10941,0,-0.94741315,0.19611226,-9.792967,7408,0,0,0,1
9110074239,-0.13189155,-0.12084397,-0.086914,9470,0,-1.0012748,0.19473119,-9.812499,13340,0,0,0,1
9110083528,-0.13327186,-0.12084467,-0.0996095,9289,0,-1.086927,0.3080047,-9.8125,9295,0,0,0,1
9110094410,-0.14570111,-0.12913127,-0.12304718,10882,0,-1.1241899,0.31764618,-9.8125,8032,0,0,0,1
9110104705,-0.16641754,-0.1443225,-0.14746134,10295,0,-1.17545,0.3440473,-9.841403,15802,0,0,0,1
9110113846,-0.1843725,-0.1636572,-0.16796824,9141,0,-1.1628598,0.3314569,-9.8515625,7368,0,0,0,1
9110124489,-0.20439819,-0.17401336,-0.17773542,10643,0,-1.1904811,0.25135496,-9.738281,9786,0,0,0,1
9110134195,-0.20992737,-0.17538907,-0.14648497,9706,0,-1.1241899,0.20992291,-9.796873,6648,0,0,0,1
9110144207,-0.1954292,-0.17607826,-0.08984157,10012,0,-1.110379,0.2237336,-9.871094,8517,0,0,0,1
9110154570,-0.19059475,-0.18091245,-0.04199069,10363,0,-1.0511024,0.11272329,-9.834619,13939,0,0,0,1
9110164169,-0.2299619,-0.23683907,0.035159312,9599,0,-0.7568258,-0.26240227,-10.048828,8834,0,0,0,1
9110174962,-0.31489775,-0.34110945,0.12597965,10793,0,-1.0689472,-0.060766365,-10.048826,8632,0,0,0,1
9110184158,-0.3770347,-0.41155505,0.16211028,9196,0,-1.5909699,0.67226624,-9.771901,14088,0,0,0,1
9110194412,-0.37632626,-0.40397674,0.11230272,10254,0,-1.718049,0.9667482,-9.626953,8615,0,0,0,1
9110204320,-0.3431706,-0.3528873,0.026362196,9908,0,-1.6365662,0.9128865,-9.5859375,7697,0,0,0,1
9110214582,-0.29346818,-0.31143916,-0.0068331948,10262,0,-1.2364525,0.5025572,-9.78241,15575,0,0,0,1
9110225013,-0.24376936,-0.30037227,0.034190156,10431,0,-1.2443428,0.33283797,-9.814453,7179,0,0,0,1
9110234695,-0.200962,-0.3072727,0.09864544,9682,0,-1.3106339,0.42675054,-9.812499,8624,0,0,0,1
9110243926,-0.14571378,-0.30175206,0.14161436,9231,0,-1.3658768,0.5620952,-9.777344,7401,0,0,0,1
9110254295,-0.08356017,-0.26722902,0.1494246,10369,0,-1.406748,0.6040877,-9.686337,15206,0,0,0,1
9110264746,-0.03522003,-0.21751313,0.13379663,10451,0,-1.5012214,0.64495933,-9.685547,9552,0,0,0,1
9110274668,-0.013120347,-0.18713269,0.11621417,9922,0,-1.5564642,0.7250613,-9.740234,6799,0,0,0,1
9110284908,0.009669397,-0.18506104,0.10254255,10240,0,-1.5082998,0.6649691,-9.824989,15785,0,0,0,1
9110294078,0.056624413,-0.19748864,0.10547606,9170,0,-1.4874107,0.6560079,-9.912109,6994,0,0,0,1
9110304020,0.1153192,-0.2216572,0.118171856,9942,0,-1.5702747,0.7112505,-9.931641,8547,0,0,0,1
9110314441,0.16573216,-0.262398,0.118169405,10421,0,-1.6779981,0.7664933,-9.931641,8246,0,0,0,1
9110324706,0.20578772,-0.32454544,0.10839859,10265,0,-1.745195,0.7660633,-9.970031,14551,0,0,0,1
9110335163,0.24307856,-0.39221707,0.092771836,10457,0,-1.7332408,0.68362916,-9.990234,9259,0,0,0,1
9110344644,0.28243932,-0.4578173,0.07617139,9481,0,-1.7608619,0.71125054,-9.972654,7425,0,0,0,1
9110354263,0.32248703,-0.53239733,0.0673806,9619,0,-1.8409641,0.7112506,-9.9921875,7576,0,0,0,1
9110364447,0.36322656,-0.59938,0.06250002,10184,0,-1.8418233,0.5604411,-9.949014,14753,0,0,0,1
9110373860,0.40051517,-0.65600383,0.057618633,9413,0,-1.961117,0.50823355,-9.910156,8978,0,0,0,1
9110384400,0.44125813,-0.70917374,0.048832312,10540,0,-1.9072554,0.48199326,-9.890625,7630,0,0,0,1
9110395100,0.508223,-0.747162,0.06740974,10700,0,-1.8395829,0.41432095,-9.871094,8594,0,0,0,1
9110404464,0.6000343,-0.7699677,0.128957,9364,0,-1.9212954,0.35202295,-9.8216305,14182,0,0,0,1
9110414368,0.6863566,-0.7747974,0.18657294,9904,0,-2.0163598,0.23754421,-9.705078,8203,0,0,0,1
9110425352,0.7305637,-0.7471658,0.2129344,10984,0,-2.1116533,0.114629194,-9.587891,8452,0,0,0,1
9110434557,0.70917106,-0.68569976,0.20608103,9205,0,-2.2683365,0.0113773,-9.377145,14289,0,0,0,1
9110444948,0.6283905,-0.597996,0.17090355,10391,0,-2.3270993,-0.12843874,-9.244141,8907,0,0,0,1
9110454861,0.5151413,-0.49165726,0.13476479,9913,0,-2.354721,-0.23616204,-9.183594,7617,0,0,0,1
9110465118,0.38393262,-0.37151232,0.11230249,10257,0,-2.4198644,-0.33196485,-9.125915,15823,0,0,0,1
9110474540,0.23408794,-0.25619414,0.08690428,9422,0,-2.5024955,-0.33145574,-9.2265625,6843,0,0,0,1
9110485061,0.09667613,-0.16987409,0.050769456,10521,0,-2.4762554,-0.24997269,-9.324219,8964,0,0,0,1
9110494695,0.014501685,-0.09874795,0.02636097,9634,0,-2.3823428,-0.18368143,-9.3984375,7390,0,0,0,1
9110504861,-0.02347919,-0.027622094,0.020505626,10166,0,-2.3874996,-0.15669413,-9.443103,15390,0,0,0,1
9110515246,-0.06352985,0.023477321,0.013669928,10385,0,-2.5314975,-0.1422494,-9.529295,8547,0,0,0,1
9110524444,-0.10841438,0.036596637,-0.006835737,9198,0,-2.5038762,-0.0345261,-9.667969,7854,0,0,0,1
9110535448,-0.11670093,0.013118484,-0.027341558,11004,0,-2.450015,0.0745783,-9.798828,7695,0,0,0,1
9110544874,-0.07457887,-0.03590861,-0.025385879,9426,0,-2.4085827,0.12964787,-9.871094,14919,0,0,0,1
9110555100,-0.008287866,-0.08838881,-0.010737249,10226,0,-2.4776366,0.12982096,-9.8125,8057,0,0,0,1
9110565651,0.049717464,-0.13120192,-0.0029250274,10551,0,-2.5314982,0.12843992,-9.7734375,8439,0,0,0,1
9110575502,0.097365536,-0.16641869,-0.005855435,9851,0,-2.503877,0.1560613,-9.775392,6653,0,0,0,1
9110584774,0.1429405,-0.19265911,-0.0068318276,9272,0,-2.5176876,0.08977004,-9.720703,16612,0,0,0,1
9110595157,0.17125157,-0.21406622,-0.0019512984,10383,0,-2.5715492,0.008287014,-9.6640625,6643,0,0,0,1
9110604459,0.17884716,-0.24099724,0.0039036395,9302,0,-2.5991707,0.008286956,-9.685547,8913,0,0,0,1
9110614862,0.19403924,-0.27276155,0.008787466,10403,0,-2.6129806,0.0073690247,-9.735935,14594,0,0,0,1
9110624979,0.225803,-0.30314547,0.01660393,10117,0,-2.6267917,-0.04695563,-9.722656,8810,0,0,0,1
9110635225,0.25480282,-0.32386336,0.03418312,10246,0,-2.6530316,-0.10081731,-9.644529,7423,0,0,0,1
9110645332,0.26032668,-0.32248285,0.050783042,10107,0,-2.6920009,-0.25956464,-9.503824,15142,0,0,0,1
9110655467,0.23270848,-0.28795382,0.050781287,10135,0,-2.7345147,-0.37012556,-9.35742,8536,0,0,0,1
9110664674,0.17608741,-0.22304164,0.03417865,9207,0,-2.7345145,-0.42536834,-9.285154,7793,0,0,0,1
9110675149,0.09598631,-0.14293931,0.009762724,10475,0,-2.734515,-0.45298973,-9.265625,8425,0,0,0,1
9110685855,0.012431954,-0.074576415,-0.013676576,10706,0,-2.8087432,-0.37724262,-9.372638,14372,0,0,0,1
9110694621,-0.043502644,-0.046264987,-0.02344091,8766,0,-2.760755,-0.26378334,-9.548828,8987,0,0,0,1
9110705107,-0.051099893,-0.05109911,-0.01464854,10486,0,-2.7345152,-0.20992172,-9.648439,6992,0,0,0,1
9110715572,-0.022788523,-0.06698146,0.0009785331,10465,0,-2.7483258,-0.19611105,-9.685547,9042,0,0,0,1
9110724998,0.0006899255,-0.087697566,0.011720526,9426,0,-2.795588,-0.17646973,-9.642103,15003,0,0,0,1
9110735511,-0.0013808158,-0.10772332,0.010742029,10513,0,-2.8298087,-0.16987073,-9.589844,7661,0,0,0,1
9110745150,-0.015190602,-0.1215341,-1.2931865e-06,9639,0,-2.856049,-0.17125177,-9.589844,7956,0,0,0,1
9110755179,-0.016572146,-0.13120154,-0.0068359612,10029,0,-2.8282416,-0.15670443,-9.587891,14788,0,0,0,1
9110765526,0.00069028465,-0.13741633,-0.004880842,10347,0,-2.8035688,-0.16848972,-9.589844,8972,0,0,0,1
9110775662,0.024859222,-0.13672583,-0.004879958,10136,0,-2.8298092,-0.16987076,-9.589846,7561,0,0,0,1
9110784891,0.04281389,-0.13810672,-0.011716717,9229,0,-2.8422384,-0.15744108,-9.587891,8411,0,0,0,1
9110795395,0.058695994,-0.14017835,-0.017576518,10504,0,-2.8372533,-0.17731546,-9.557831,13967,0,0,0,1
9110805904,0.07941199,-0.13327318,-0.021481492,10509,0,-2.856049,-0.19611102,-9.548828,9249,0,0,0,1
9110815337,0.09874696,-0.11946254,-0.024410859,9433,0,-2.8698602,-0.23478097,-9.511721,7433,0,0,0,1
9110825998,0.10565222,-0.10565159,-0.027342044,10661,0,-2.893477,-0.25839815,-9.506057,23712,0,0,0,1
9110835818,0.09805623,-0.0966744,-0.029296758,9820,0,-2.9099112,-0.24997273,-9.509766,7690,0,0,0,1
9110844926,0.089079216,-0.091840565,-0.0322269,9108,0,-2.9099102,-0.24997267,-9.548828,7628,0,0,0,1
9110855637,0.08907877,-0.09322215,-0.031250104,10711,0,-2.9112916,-0.2762131,-9.568359,7271,0,0,0,1
9110865952,0.09805487,-0.09253273,-0.01953046,10315,0,-2.9251027,-0.317645,-9.5078125,7541,0,0,0,1
9110874979,0.095292844,-0.087008215,-0.0078122653,9027,0,-2.9651532,-0.35769603,-9.431643,8232,0,0,0,1
9110885862,0.062838405,-0.07526828,-0.003907541,10883,0,-3.0052044,-0.39774707,-9.394531,8403,0,0,0,1
9110895026,0.013120223,-0.053170938,-0.003908389,9164,0,-3.0190144,-0.39677292,-9.394529,14675,0,0,0,1
9110905974,-0.034526717,-0.034526575,-0.0019548724,10948,0,-3.005204,-0.37012565,-9.4140625,8930,0,0,0,1
9110915370,-0.07112516,-0.020025235,0.0039046435,9396,0,-2.9913936,-0.35631508,-9.4140625,7784,0,0,0,1
9110925883,-0.08976965,4.8589936e-07,0.013670473,10513,0,-3.0052042,-0.37012562,-9.42389,14863,0,0,0,1
9110935445,-0.09943712,0.019335676,0.02441255,9562,0,-2.9789639,-0.34388536,-9.431641,7454,0,0,0,1
9110945663,-0.11117625,0.037979525,0.029295588,10218,0,-2.9789639,-0.3190261,-9.431641,9286,0,0,0,1
9110955685,-0.12567772,0.0580044,0.028318897,10022,0,-3.0052042,-0.29278576,-9.431641,6875,0,0,0,1
9110965072,-0.14363165,0.0759579,0.024413059,9387,0,-2.990862,-0.250822,-9.450986,15166,0,0,0,1
9110975588,-0.153299,0.085625485,0.019530753,10516,0,-2.9499617,-0.18230039,-9.548828,8723,0,0,0,1
9110985056,-0.14017878,0.07941071,0.012695176,9468,0,-2.9237208,-0.12843871,-9.605469,7543,0,0,0,1
9110995510,-0.10772319,0.063529335,0.011718485,10454,0,-2.8836703,-0.11600913,-9.626953,8395,0,0,0,1
9111005849,-0.07457742,0.05110003,0.013671214,10339,0,-2.877455,-0.13741566,-9.578057,14500,0,0,0,1
9111015667,-0.063529134,0.05248071,0.013671305,9818,0,-2.9499617,-0.20992179,-9.4921875,8281,0,0,0,1
9111025311,-0.075958885,0.062147867,0.012695353,9644,0,-2.9361508,-0.1961111,-9.470703,7781,0,0,0,1
9111035583,-0.0856267,0.07181496,0.004882715,10272,0,-2.901898,-0.17512092,-9.528522,15897,0,0,0,1
9111046021,-0.08424512,0.08148309,0.0058585918,10438,0,-2.9085298,-0.19611105,-9.529297,7100,0,0,0,1
9111055466,-0.08838763,0.09115125,0.01660116,9445,0,-2.9361503,-0.1961111,-9.4921875,8438,0,0,0,1
9111066171,-0.106342226,0.10219893,0.01855522,10705,0,-2.9361513,-0.19611113,-9.472656,8398,0,0,0,1
9111076246,-0.12705837,0.116009444,0.019531846,10075,0,-2.914876,-0.21738534,-9.469646,14446,0,0,0,1
9111086170,-0.14708334,0.1318924,0.026367461,9924,0,-2.8947186,-0.20992169,-9.470703,9366,0,0,0,1
9111095482,-0.17746703,0.14294033,0.030275427,9312,0,-2.8947186,-0.18230034,-9.490235,6804,0,0,0,1
9111106368,-0.20716037,0.15191676,0.030275518,10886,0,-2.8694534,-0.12941386,-9.501169,16044,0,0,0,1
9111115634,-0.22373348,0.16434644,0.029296843,9266,0,-2.8560488,-0.116009116,-9.472656,6920,0,0,0,1
9111126223,-0.24030596,0.18230091,0.031249026,10589,0,-2.856049,-0.0883878,-9.451172,8754,0,0,0,1
9111135898,-0.26309454,0.20508735,0.028319174,9675,0,-2.8284276,-0.03314508,-9.449219,7438,0,0,0,1
9111145968,-0.2789765,0.22649434,0.026365304,10070,0,-2.7869234,-0.0062543442,-9.520096,15152,0,0,0,1
9111156358,-0.281046,0.24376053,0.035152636,10390,0,-2.7621365,0.005524806,-9.5078125,9489,0,0,0,1
9111165337,-0.27966538,0.25618958,0.041012343,8979,0,-2.775947,0.046956893,-9.546875,6792,0,0,0,1
9111175832,-0.2824293,0.256187,0.036133375,10495,0,-2.7009044,0.13590252,-9.6453705,14879,0,0,0,1
9111185813,-0.27690354,0.23823439,0.03613604,9981,0,-2.6544137,0.16849083,-9.685548,7899,0,0,0,1
9111195881,-0.25618613,0.21613933,0.042969767,10068,0,-2.6406026,0.18230152,-9.685547,8428,0,0,0,1
9111206354,-0.23823342,0.20370859,0.044921316,10473,0,-2.6267917,0.19611222,-9.626953,7803,0,0,0,1
9111215562,-0.23547247,0.1995638,0.04199259,9208,0,-2.6261919,0.22433358,-9.586955,14893,0,0,0,1
9111225766,-0.23616363,0.20301591,0.036132324,10204,0,-2.571549,0.27897632,-9.587891,7712,0,0,0,1
9111235422,-0.23063995,0.21130198,0.028317723,9656,0,-2.5715487,0.27897632,-9.607422,8749,0,0,0,1
9111246109,-0.22028084,0.21889913,0.026364043,10687,0,-2.5853596,0.2651657,-9.609375,8411,0,0,0,1
9111256291,-0.21889879,0.22304308,0.029295819,10182,0,-2.5491753,0.28643414,-9.58789,14372,0,0,0,1
9111266026,-0.22235267,0.22235113,0.025391437,9735,0,-2.4762554,0.31902725,-9.628906,8498,0,0,0,1
9111276599,-0.20715955,0.21682847,0.028318591,10573,0,-2.4223938,0.3452676,-9.685549,7499,0,0,0,1
9111285846,-0.17815515,0.2085443,0.04101162,9247,0,-2.4369273,0.33073393,-9.66602,15780,0,0,0,1
9111296315,-0.16572694,0.20578043,0.04784996,10469,0,-2.4500155,0.31764615,-9.609375,7319,0,0,0,1
9111305779,-0.18230183,0.20992106,0.04394771,9464,0,-2.4362044,0.35907823,-9.587889,8438,0,0,0,1
9111316189,-0.20509076,0.21337233,0.0312533,10410,0,-2.408583,0.38669953,-9.607422,8412,0,0,0,1
9111326478,-0.20992355,0.21130206,0.024415353,10289,0,-2.3488336,0.40619484,-9.685831,14477,0,0,0,1
9111336446,-0.19542009,0.20508976,0.029295389,9968,0,-2.3008597,0.46680138,-9.707031,8446,0,0,0,1
9111345974,-0.1684889,0.1961134,0.036129702,9528,0,-2.30086,0.49442294,-9.705078,7668,0,0,0,1
9111356490,-0.1381059,0.1961133,0.041987482,10516,0,-2.3212814,0.4740014,-9.617419,15848,0,0,0,1
9111366532,-0.13465476,0.21337509,0.04198952,10042,0,-2.354721,0.44056123,-9.568359,7152,0,0,0,1
9111376176,-0.16780259,0.2354696,0.030276889,9644,0,-2.3409104,0.45437193,-9.548828,8431,0,0,0,1
9111386644,-0.20716451,0.25549382,0.009770399,10468,0,-2.2870483,0.5082334,-9.570311,8423,0,0,0,1
9111396649,-0.22235516,0.27344885,-0.0039060777,10005,0,-2.251969,0.54331344,-9.61887,14369,0,0,0,1
9111406642,-0.21958862,0.29140615,0.0009726357,9993,0,-2.2179956,0.5496656,-9.625,9181,0,0,0,1
9111415950,-0.21475275,0.31005222,0.014643889,9308,0,-2.177945,0.5620953,-9.625002,6779,0,0,0,1
9111426567,-0.20853885,0.32455283,0.02538675,10617,0,-2.151704,0.5883354,-9.615885,15761,0,0,0,1
9111436686,-0.21061066,0.33905375,0.034177642,10119,0,-2.1254644,0.5620953,-9.585939,7604,0,0,0,1
9111445964,-0.2292566,0.3632212,0.039063577,9278,0,-2.0978427,0.5620952,-9.566406,8334,0,0,0,1
9111456463,-0.2617154,0.3915304,0.03125414,10499,0,-2.06884,0.6159568,-9.566404,7587,0,0,0,1
9111466585,-0.2914097,0.41569826,0.020512499,10122,0,-2.0023146,0.7101039,-9.616848,15161,0,0,0,1
9111476873,-0.3010742,0.43641657,0.01757647,10288,0,-1.9749278,0.7098695,-9.625,8508,0,0,0,1
9111485859,-0.29831055,0.45160952,0.01854978,8986,0,-1.9473062,0.7374908,-9.624998,7791,0,0,0,1
9111496333,-0.29554635,0.4585161,0.0253882,10474,0,-1.921066,0.73887193,-9.666016,8401,0,0,0,1
9111506396,-0.29968733,0.45161188,0.0361363,10063,0,-1.8462527,0.8022259,-9.734085,14324,0,0,0,1
9111516481,-0.3059051,0.44125172,0.039067503,10085,0,-1.8257722,0.8590249,-9.722656,9449,0,0,0,1
9111526031,-0.22027472,0.40258715,0.050759472,9550,0,-1.7456706,1.184957,-10.259766,6924,0,0,0,1
9111536875,0.08359038,0.2838387,0.14738443,10844,0,-1.4467449,1.1220888,-10.131398,16083,0,0,0,1
9111546558,0.2562103,0.20372713,0.19233248,9683,0,-1.9486873,0.8189737,-9.587891,6765,0,0,0,1
9111556075,0.19196054,0.18230511,0.12402957,9517,0,-1.6641874,0.99575037,-9.890625,8454,0,0,0,1
9111566599,0.15467677,0.14087254,0.07617096,10524,0,-1.6641874,0.83278453,-9.792967,8447,0,0,0,1
9111576999,0.12567683,0.11186708,0.057616837,10400,0,-1.6247336,0.764515,-9.774738,14386,0,0,0,1
9111586787,0.10634267,0.09529314,0.053711005,9788,0,-1.662806,0.7789228,-9.744141,8485,0,0,0,1
9111596188,0.09598346,0.090460606,0.041016012,9401,0,-1.6503766,0.8189738,-9.7421875,7756,0,0,0,1
9111606727,0.09529271,0.09115149,0.027343852,10539,0,-1.6503766,0.8189738,-9.722654,8214,0,0,0,1
9111617264,0.10288919,0.10012777,0.02539077,10537,0,-1.6699629,0.7860796,-9.705076,14527,0,0,0,1
9111627172,0.11739077,0.11600967,0.029297033,9908,0,-1.622755,0.76649314,-9.705076,9263,0,0,0,1
9111636615,0.13258308,0.12843883,0.03808569,9443,0,-1.6103257,0.7540636,-9.707031,7200,0,0,0,1
9111646888,0.15053776,0.1394867,0.054686844,10273,0,-1.5684733,0.71221125,-9.704072,14848,0,0,0,1
9111657011,0.16987287,0.1519161,0.07226491,10123,0,-1.5550832,0.698821,-9.703125,9180,0,0,0,1
9111666203,0.18575425,0.166418,0.08398442,9192,0,-1.5550832,0.698821,-9.722656,7797,0,0,0,1
9111676642,0.19542056,0.17470571,0.08398432,10439,0,-1.4680669,0.6767183,-9.767582,14786,0,0,0,1
9111687035,0.19818352,0.17470495,0.08593708,10393,0,-1.4086899,0.6021462,-9.7578125,7293,0,0,0,1
9111697549,0.20163712,0.17677547,0.09472641,10514,0,-1.4073088,0.6283865,-9.757813,9254,0,0,0,1
9111707248,0.20439564,0.18230344,0.082031794,9699,0,-1.392117,0.69605863,-9.759764,7417,0,0,0,1
9111716647,0.20439234,0.19197406,0.047853157,9399,0,-1.3995185,0.71627873,-9.744143,14724,0,0,0,1
9111727255,0.21060693,0.20923765,0.012697143,10608,0,-1.3658767,0.64219713,-9.746094,9330,0,0,0,1
9111736932,0.20784804,0.21061559,-0.0019523571,9677,0,-1.2181025,0.3590783,-9.896484,6735,0,0,0,1
9111747220,0.19473171,0.19887266,0.0048830733,10288,0,-1.4427098,0.49068582,-9.773009,15824,0,0,0,1
9111756369,0.19818573,0.19956188,0.019530773,9149,0,-1.392117,0.42536944,-9.761719,7138,0,0,0,1
9111766179,0.2092356,0.20370384,0.044920817,9810,0,-1.350685,0.46680155,-9.761719,9207,0,0,0,1
9111776669,0.21130657,0.20163283,0.06347587,10490,0,-1.3368744,0.48061222,-9.777344,7571,0,0,0,1
9111787139,0.20508757,0.19818416,0.056641087,10470,0,-1.3762844,0.544982,-9.795924,15614,0,0,0,1
9111797528,0.19058484,0.18782766,0.039063152,10389,0,-1.4473598,0.615957,-9.740234,7696,0,0,0,1
9111807041,0.20163569,0.19473095,0.03906184,9513,0,-1.2843938,0.37288895,-9.685547,8057,0,0,0,1
9111816445,0.23409389,0.21889651,0.062498856,9404,0,-1.1366194,0.27759525,-9.759766,7589,0,0,0,1
9111827599,0.25135824,0.23201543,0.08886663,11154,0,-1.1490493,0.31764627,-9.792969,14236,0,0,0,1
9111837039,0.2644794,0.24237233,0.115233965,9440,0,-1.2173592,0.28093594,-9.781155,10260,0,0,0,1
9111846925,0.29555747,0.26101306,0.1708964,9886,0,-1.1780516,0.18368262,-9.759766,6602,0,0,0,1
9111857363,0.36737478,0.3148729,0.25585705,10438,0,-1.190481,0.19611222,-9.666014,8384,0,0,0,1
9111867364,0.44884086,0.39222857,0.2959008,10001,0,-1.2180152,0.41037622,-9.664186,14486,0,0,0,1
9111877330,0.48611128,0.4405845,0.25684187,9966,0,-1.1089981,0.35769725,-9.796877,8677,0,0,0,1
9111887565,0.47369063,0.4405754,0.21387175,10235,0,-0.9598427,0.15606129,-9.892578,7912,0,0,0,1
9111897400,0.43710974,0.41086495,0.20410332,9835,0,-0.8795692,0.061412755,-9.893491,14351,0,0,0,1
9111907410,0.39706013,0.37081385,0.19335854,10010,0,-0.7982578,0.04695691,-9.910155,8684,0,0,0,1
9111916886,0.36736798,0.33697736,0.18847454,9476,0,-0.7292044,-0.07457706,-9.873047,7657,0,0,0,1
9111927670,0.35148603,0.32109395,0.19531211,10784,0,-0.7823745,-0.02475715,-9.892163,15925,0,0,0,1
9111936634,0.33007437,0.30383554,0.18164136,8964,0,-0.78444713,-0.046955697,-9.890625,6983,0,0,0,1
9111947362,0.3017637,0.2782847,0.16796887,10728,0,-0.7568258,-0.12705764,-9.892578,8751,0,0,0,1
9111956748,0.27414355,0.25342417,0.15917985,9386,0,-0.7706365,-0.11324698,-9.873049,7393,0,0,0,1
9111967089,0.24444966,0.22649437,0.14550792,10341,0,-0.79048604,-0.11895978,-9.871998,15294,0,0,0,1
9111977691,0.21752276,0.20094056,0.15234363,10602,0,-0.7568258,-0.20992173,-9.873047,9586,0,0,0,1
9111986626,0.19128527,0.1746974,0.17382775,8935,0,-0.7706363,-0.22373238,-9.892578,6786,0,0,0,1
9111997123,0.16159292,0.1436229,0.204101,10497,0,-0.7288619,-0.32001948,-9.904055,14838,0,0,0,1
9112007348,0.14018838,0.11807141,0.24706942,10225,0,-0.68777245,-0.3314557,-9.855469,8403,0,0,0,1
9112017153,0.14225595,0.11186145,0.29296786,9805,0,-0.6753429,-0.31902614,-9.800781,8429,0,0,0,1
9112027478,0.16849078,0.13120122,0.34863266,10325,0,-0.67672384,-0.34526637,-9.761719,7379,0,0,0,1
9112037141,0.20784289,0.17056854,0.38379028,9663,0,-0.7914729,-0.14765319,-9.793905,14766,0,0,0,1
9112047713,0.24236418,0.2092441,0.37402517,10572,0,-0.6352918,-0.196111,-9.833982,8911,0,0,0,1
9112056946,0.22648863,0.20164107,0.32519662,9233,0,-0.5137578,0.0082870275,-10.029299,7847,0,0,0,1
9112067593,0.12360487,0.11117642,0.17480488,10647,0,-0.47166264,0.007472393,-9.997956,14773,0,0,0,1
9112077828,0.039359294,0.03659937,0.045898568,10235,0,-0.6214812,-0.29002365,-9.8125,7619,0,0,0,1
9112087447,0.036597937,0.036598578,0.034179773,9619,0,-0.6214812,-0.2624023,-9.814453,9616,0,0,0,1
9112097960,0.04419412,0.042813197,0.038085897,10513,0,-0.58004916,-0.276213,-9.833986,6769,0,0,0,1
9112107241,0.040741645,0.036598254,0.0361327,9281,0,-0.57385075,-0.31003267,-9.854592,15871,0,0,0,1
9112117669,0.03314597,0.027621057,0.039062437,10428,0,-0.580049,-0.276213,-9.835936,6897,0,0,0,1
9112127181,0.03176473,0.02762111,0.04589847,9512,0,-0.5938598,-0.29002365,-9.814453,8657,0,0,0,1
9112138053,0.03866975,0.03590784,0.05273443,10872,0,-0.5938598,-0.29002365,-9.814455,7434,0,0,0,1
9112148058,0.047646586,0.04488497,0.057617214,10005,0,-0.5314998,-0.2694641,-9.84401,15185,0,0,0,1
9112157666,0.048336744,0.042813905,0.038085826,9608,0,-0.5123768,-0.26378334,-9.873047,8912,0,0,0,1
9112167417,0.038669188,0.033146467,0.00878902,9751,0,-0.5538087,-0.30521542,-9.871094,7471,0,0,0,1
9112177666,0.035216764,0.032455623,-0.008788992,10249,0,-0.5209357,-0.28560787,-9.843121,15810,0,0,0,1
9112188072,0.04212208,0.03936097,-0.028320296,10406,0,-0.45851508,-0.29278573,-9.833984,6942,0,0,0,1
9112197571,0.04074047,0.03798048,-0.057617195,9499,0,-0.41708302,-0.27897513,-9.8515625,8655,0,0,0,1
9112207073,0.030382032,0.030385168,-0.09472651,9502,0,-0.40327248,-0.2651645,-9.851564,7410,0,0,0,1
9112217736,0.029692402,0.03245586,-0.124023356,10663,0,-0.3615194,-0.27929607,-9.803659,15629,0,0,0,1
9112227468,0.03797986,0.0462658,-0.15917957,9732,0,-0.2679277,-0.317645,-9.83789,9116,0,0,0,1
9112237007,0.042812914,0.06076806,-0.21386692,9539,0,-0.28173846,-0.24859157,-9.873047,7288,0,0,0,1
9112247489,0.04833627,0.06905423,-0.26562497,10482,0,-0.32317048,-0.23478092,-9.8125,7401,0,0,0,1
9112257865,0.06629296,0.08838614,-0.3115237,10376,0,-0.26930892,-0.18211155,-9.785087,14869,0,0,0,1
9112267260,0.11394883,0.13326123,-0.3291026,9395,0,-0.4999472,-0.22373238,-9.603516,9048,0,0,0,1
9112277622,0.15953343,0.16777848,-0.2216814,10362,0,-0.8258792,-0.602145,-9.759766,6762,0,0,0,1
9112288045,0.13121122,0.13395353,-0.10937556,10423,0,-0.78206927,-0.5456501,-9.979065,15486,0,0,0,1
9112298063,0.08631633,0.08907937,-0.07617176,10018,0,-0.7416341,-0.60352606,-9.814453,9602,0,0,0,1
9112307252,0.089084916,0.08907287,0.004882607,9189,0,-0.7830662,-0.72506005,-9.781252,6854,0,0,0,1
9112317695,0.12706809,0.12152418,0.15039027,10443,0,-0.64168334,-0.8527836,-9.695959,14982,0,0,0,1
9112327940,0.20855226,0.19471973,0.34472606,10245,0,-0.595241,-0.86040485,-9.701172,7656,0,0,0,1
9112336814,0.26655132,0.24996738,0.47363305,8874,0,-0.5676195,-0.31902602,-9.912109,9279,0,0,0,1
9112348082,0.24443075,0.23894066,0.3535176,11268,0,-0.6891534,0.42675054,-9.910154,6882,0,0,0,1
9112357444,0.15810913,0.15953535,0.13281363,9362,0,-0.26454008,-0.26675034,-10.037464,15556,0,0,0,1
9112367685,0.070433,0.07043598,0.046874918,10241,0,-0.28173846,-0.6297664,-9.9140625,7516,0,0,0,1
9112377402,0.03867112,0.038668685,0.045898438,9717,0,-0.34941077,-0.56209403,-9.8359375,8245,0,0,0,1
9112387929,0.042122863,0.040741257,0.057617143,10527,0,-0.3770321,-0.56209403,-9.8359375,8432,0,0,0,1
9112398036,0.04557588,0.041431524,0.07617179,10107,0,-0.32218403,-0.6445636,-9.882465,14364,0,0,0,1
9112407865,0.031075427,0.02969131,0.0947266,9829,0,-0.3093598,-0.6297663,-9.873045,8501,0,0,0,1
9112418368,0.024859842,0.024858484,0.104492225,10503,0,-0.33560014,-0.54828334,-9.833984,7688,0,0,0,1
9112427585,0.035216454,0.032456115,0.10058587,9217,0,-0.34941083,-0.48199213,-9.832031,8314,0,0,0,1
9112437798,0.031764396,0.029002624,0.0830078,10213,0,-0.2964366,-0.4413566,-9.873731,14768,0,0,0,1
9112447456,0.011049263,0.009666723,0.056640625,9658,0,-0.30935985,-0.4668004,-9.933596,8251,0,0,0,1
9112458104,-0.0048333667,-0.0034531353,0.02734376,10648,0,-0.33560008,-0.44056004,-9.816406,8377,0,0,0,1
9112468453,-0.0034526212,-0.0034527038,0.011718754,10349,0,-0.3004008,-0.448138,-9.815783,14735,0,0,0,1
9112478284,0.0027621777,-0.0027621223,-0.004882796,9831,0,-0.26930884,-0.47922996,-9.853516,9168,0,0,0,1
9112487930,0.004143246,-0.0027620955,-0.02441406,9646,0,-0.2969302,-0.5344727,-9.832031,7121,0,0,0,1
9112498623,0.007596038,0.004833698,-0.032226533,10693,0,-0.2831195,-0.54828334,-9.794922,8245,0,0,0,1
9112507580,0.017263677,0.018644236,-0.046874944,8957,0,-0.25712252,-0.53561825,-9.776402,14333,0,0,0,1
9112518669,0.032455247,0.03383599,-0.07421877,11089,0,-0.2154472,-0.50823236,-9.794924,9150,0,0,0,1
9112528328,0.049718674,0.049718086,-0.10156255,9659,0,-0.2568792,-0.52204305,-9.833984,7373,0,0,0,1
9112537977,0.057314657,0.058695164,-0.11132806,9649,0,-0.32510102,-0.548197,-9.852586,14986,0,0,0,1
9112548521,0.0538621,0.056623474,-0.09765618,10544,0,-0.4046535,-0.56209403,-9.873048,9242,0,0,0,1
9112558590,0.047647662,0.05040822,-0.07031247,10069,0,-0.37703213,-0.56209403,-9.873047,7762,0,0,0,1
9112568505,0.036598958,0.042122137,-0.04296861,9915,0,-0.36460254,-0.602145,-9.875,8017,0,0,0,1
9112578144,0.023478517,0.027621057,-0.017578105,9639,0,-0.37176305,-0.6093055,-9.86386,13933,0,0,0,1
9112587194,0.009667931,0.012429233,0.012695331,9050,0,-0.33836222,-0.6035262,-9.851564,8395,0,0,0,1
9112598073,-0.0020713268,0.0020713522,0.031250034,10879,0,-0.2430685,-0.5634751,-9.851561,8566,0,0,0,1
9112608391,-0.0062145726,-0.006214929,0.029296897,10318,0,-0.24306853,-0.5240204,-9.83482,14339,0,0,0,1
9112618608,-0.011738859,-0.013120327,0.021484382,10217,0,-0.26930887,-0.58971536,-9.873048,8863,0,0,0,1
9112628624,-0.022787541,-0.022787737,0.030273411,10016,0,-0.3770321,-0.61733675,-9.8515625,8048,0,0,0,1
9112638055,-0.04074236,-0.039359614,0.09765622,9431,0,-0.5538088,-0.5759047,-9.883724,14829,0,0,0,1
9112648799,-0.064911306,-0.06352788,0.19433594,10744,0,-0.30935982,-0.57728577,-9.833984,7555,0,0,0,1
9112658243,-0.076648585,-0.07664968,0.22265635,9444,0,-0.22787681,-0.57590467,-9.833982,8950,0,0,0,1
9112667970,-0.07941001,-0.08079362,0.21191414,9727,0,-0.3093598,-0.5469023,-9.8515625,7279,0,0,0,1
9112678434,-0.06974333,-0.07112554,0.17773438,10464,0,-0.20163651,-0.5192809,-9.779299,8619,0,0,0,1
9112688673,-0.04143022,-0.041433953,0.0742187,10239,0,-0.031002047,-0.48768622,-9.760125,14129,0,0,0,1
9112698513,-0.024857238,-0.024861211,-0.01171875,9840,0,-0.21544719,-0.4529897,-9.814455,8875,0,0,0,1
9112708977,-0.020024722,-0.020026244,-0.046875,10464,0,-0.27707902,-0.528361,-9.813582,14754,0,0,0,1
9112718238,-0.017263096,-0.02002585,-0.061523385,9261,0,-0.25549817,-0.520662,-9.814453,7629,0,0,0,1
9112728634,-0.019335022,-0.02209701,-0.06347657,10396,0,-0.2817385,-0.49442172,-9.853516,8695,0,0,0,1
9112738475,-0.0248597,-0.027620902,-0.05468751,9841,0,-0.35079184,-0.50823236,-9.892578,7716,0,0,0,1
9112748083,-0.038670857,-0.03866886,-0.03417977,9608,0,-0.32455158,-0.56209415,-9.853516,8492,0,0,0,1
9112758098,-0.04902858,-0.047646135,-0.020507853,10015,0,-0.37006631,-0.5110167,-9.853516,14164,0,0,0,1
9112768819,-0.046266045,-0.047646604,-0.013671765,10721,0,-0.39084274,-0.44056007,-9.800779,8969,0,0,0,1
9112778272,-0.0062144813,-0.0075962,-0.009765575,9453,0,-0.4184641,-0.44056,-9.761719,7249,0,0,0,1
9112788478,0.049028344,0.04764642,-0.009765566,10206,0,-0.46696058,-0.4482104,-9.782078,15203,0,0,0,1
9112798910,0.0690543,0.070433564,0.007812639,10432,0,-0.43089375,-0.5607129,-9.833982,9597,0,0,0,1
9112807838,0.07388872,0.07526665,0.034179684,8928,0,-0.34941077,-0.5068513,-9.794922,6802,0,0,0,1
9112818387,0.09046027,0.090459675,0.046874903,10549,0,-0.3901424,-0.5485885,-9.803307,14741,0,0,0,1
9112829016,0.09805707,0.09805458,0.06640625,10629,0,-0.39084285,-0.6560067,-9.9296875,7852,0,0,0,1
9112838070,0.05801147,0.06214119,0.118164405,9054,0,-0.49856612,-0.71124935,-9.990233,8436,0,0,0,1
9112848140,-0.0075856308,-0.000700713,0.21679719,10070,0,-0.48475543,-0.7250601,-9.972654,8462,0,0,0,1
9112858351,-0.040734738,-0.037984952,0.2900393,10211,0,-0.31220603,-0.67585826,-9.8767185,14468,0,0,0,1
9112869132,-0.049027674,-0.039362367,0.2939451,10781,0,-0.32317054,-0.56071305,-9.912111,9061,0,0,0,1
9112878441,-0.09806354,-0.008299978,0.28027037,9309,0,-0.4598962,-0.6421958,-10.20117,7796,0,0,0,1
9112889068,-0.2500112,0.16845125,0.2011575,10627,0,-0.5938599,-0.8866449,-10.716797,7732,0,0,0,1
9112899247,-0.51800966,0.5965248,-0.019585982,10179,0,-0.70205915,-1.199241,-11.332095,14512,0,0,0,1
9112908592,-0.8184357,1.1993207,-0.34190953,9345,0,-0.6477215,-1.1835744,-11.3125,9979,0,0,0,1
9112918935,-1.0539176,1.800755,-0.6876632,10343,0,-0.51237684,-0.91288507,-10.986327,6605,0,0,0,1
9112928342,-1.227299,2.1964252,-0.9805588,9407,0,-0.22787687,-0.1698707,-10.623046,7738,0,0,0,1
9112938922,-1.3487717,2.2131588,-1.0798845,10580,0,0.13672513,0.49304187,-10.089846,15472,0,0,0,1
9112949620,-1.4136153,1.7963264,-0.92320526,10698,0,0.7996378,0.8604059,-9.378906,8638,0,0,0,1
9112958876,-1.4557924,1.1300646,-0.67194426,9256,0,1.2471037,1.4984591,-9.050779,7507,0,0,0,1
9112968591,-1.4785988,0.5174181,-0.4973392,9715,0,1.3583881,1.9690048,-9.0410795,14776,0,0,0,1
9112977906,-1.4322879,0.107832104,-0.3911307,9315,0,1.437691,1.495697,-8.992186,7734,0,0,0,1
9112988137,-1.3327881,-0.107648194,-0.29664376,10231,0,1.2885358,1.2111971,-9.1640625,8811,0,0,0,1
9112998720,-1.2457491,-0.17808214,-0.2108494,10583,0,0.9911943,0.92762554,-9.461772,14930,0,0,0,1
9113008974,-1.1663136,-0.13183486,-0.14554612,10254,0,0.7595869,0.900457,-9.472658,7333,0,0,0,1
9113018451,-1.0530554,-0.02828994,-0.10946541,9477,0,0.79963773,1.0758523,-9.320312,8227,0,0,0,1
9113029115,-0.8949268,0.042829506,-0.07329775,10664,0,0.9225527,1.1159035,-9.1875,8419,0,0,0,1
9113038979,-0.7374899,0.019365875,-0.021471646,9864,0,1.068152,1.3759284,-9.1484375,14651,0,0,0,1
9113049330,-0.61940956,-0.0752247,0.05376645,10351,0,1.15181,1.4556462,-9.244141,8964,0,0,0,1
9113058287,-0.5469079,-0.13389657,0.17288764,8957,0,1.0979484,1.4818861,-9.453123,7831,0,0,0,1
9113068984,-0.5234369,-0.11320589,0.26757205,10697,0,1.0302761,1.6048014,-9.666016,7377,0,0,0,1
9113079571,-0.49098527,-0.06557342,0.3095514,10587,0,0.99022514,1.5781679,-9.965554,15310,0,0,0,1
9113088116,-0.30177143,-0.043436337,0.34570456,8545,0,1.0040357,1.5509399,-10.623047,9246,0,0,0,1
9113097996,0.05937701,-0.009574398,0.36523828,9880,0,0.89631236,1.3354933,-10.947266,9645,0,0,0,1
9113108345,0.41013992,0.11473485,0.34961823,10349,0,0.60662854,1.0232005,-10.916561,12600,0,0,0,1
9113119436,0.6228033,0.2887284,0.29007956,11091,0,0.46403813,0.9556997,-10.466795,8188,0,0,0,1
9113128469,0.7049824,0.40541214,0.20902961,9033,0,0.49027854,0.98194003,-10.064455,7598,0,0,0,1
9113138908,0.70846426,0.43645063,0.14747636,10439,0,0.8581226,0.9946981,-9.6429825,14959,0,0,0,1
9113149092,0.6421955,0.37565646,0.12401114,10184,0,1.3161571,0.99575055,-9.531248,7866,0,0,0,1
9113158206,0.5400205,0.24304177,0.15230405,9114,0,1.3147761,1.104855,-9.800781,8137,0,0,0,1
9113169257,0.5048,0.17191325,0.21482106,11051,0,1.2471037,1.0095613,-10.162109,7956,0,0,0,1
9113178714,0.5669187,0.2561799,0.25881836,9457,0,1.0754323,0.6880117,-10.423412,15187,0,0,0,1
9113189119,0.69257885,0.40259996,0.2744541,10405,0,0.9363634,0.5883355,-10.222658,7665,0,0,0,1
9113198590,0.82794225,0.45232552,0.28513885,9471,0,0.82725906,0.5620952,-9.896484,8559,0,0,0,1
9113209387,0.90875196,0.3963904,0.2763017,10797,0,0.65840715,0.37983534,-9.512649,14917,0,0,0,1
9113219558,0.91150594,0.3176886,0.22454399,10171,0,0.6380528,0.26240346,-9.300781,8345,0,0,0,1
9113229190,0.87490183,0.2313822,0.1464275,9632,0,0.6656743,0.26240346,-9.183594,7957,0,0,0,1
9113239739,0.8279485,0.1319365,0.07513416,10549,0,0.66429317,0.23616314,-9.087891,7678,0,0,0,1
9113249318,0.7492287,0.03663645,0.015564725,9579,0,0.71605814,0.1961122,-9.144545,15869,0,0,0,1
9113259506,0.6463392,-0.0552072,-0.045950405,10188,0,0.9501742,0.2237336,-9.433594,6996,0,0,0,1
9113269000,0.5669279,-0.136001,-0.10258717,9494,0,1.2194824,0.30521667,-9.777346,8654,0,0,0,1
9113278753,0.56623703,-0.18090801,-0.1289265,9753,0,1.4901714,0.49580395,-10.162109,7471,0,0,0,1
9113289800,0.66635764,-0.20373464,-0.09276925,11047,0,1.8283372,0.67354286,-10.475782,15234,0,0,0,1
9113299604,0.83759785,-0.23278148,1.4256466e-05,9804,0,1.8699653,0.76511234,-10.509766,8483,0,0,0,1
9113309110,0.99365926,-0.2617812,0.100595675,9506,0,1.679378,0.6297677,-10.333986,7665,0,0,0,1
9113319547,1.0281924,-0.25623226,0.16016766,10437,0,1.3541533,0.2493002,-10.068575,15608,0,0,0,1
9113329790,0.9335974,-0.2113096,0.15236275,10243,0,1.1393805,0.034527298,-9.94922,7946,0,0,0,1
9113339192,0.8182875,-0.2050795,0.12205442,9402,0,1.0717084,-0.088387735,-9.970703,9084,0,0,0,1
9113348816,0.7720259,-0.28726217,0.11517419,9624,0,0.908742,-0.30659646,-10.029297,6118,0,0,0,1
9113359240,0.7941277,-0.3949737,0.0995477,10424,0,0.48598462,-0.64148486,-9.969362,15447,0,0,0,1
9113369194,0.82590675,-0.45294103,0.032197367,9954,0,0.13672511,-0.9405066,-9.777344,9693,0,0,0,1
9113379724,0.8162546,-0.4598169,-0.08301624,10530,0,0.08286349,-1.0219896,-9.64453,5943,0,0,0,1
9113389364,0.7831099,-0.4984791,-0.20023645,9640,0,0.17815717,-1.0095601,-9.527345,9242,0,0,0,1
9113399537,0.77548045,-0.62626404,-0.27840385,10173,0,0.3171727,-0.84090257,-9.384719,14121,0,0,0,1
9113408425,0.7754565,-0.785107,-0.32432324,8888,0,0.53032947,-0.765111,-9.435547,8780,0,0,0,1
9113419582,0.72437096,-0.8624458,-0.35749614,11157,0,0.6781037,-0.8327832,-9.607422,7647,0,0,0,1
9113429170,0.6525839,-0.80996263,-0.37209263,9588,0,0.809898,-0.87796247,-9.853101,15753,0,0,0,1
9113439259,0.65464973,-0.6988285,-0.35736263,10089,0,0.76096785,-0.7250601,-9.9140625,7959,0,0,0,1
9113448944,0.73057646,-0.6298172,-0.30753466,9685,0,0.63943386,-0.84659415,-9.761719,7747,0,0,0,1
9113459572,0.7664653,-0.61185884,-0.24508844,10628,0,0.36601755,-1.2403389,-9.528471,14939,0,0,0,1
9113469800,0.7250509,-0.58834445,-0.21778004,10228,0,0.055242106,-1.4004021,-9.433592,7712,0,0,0,1
9113479452,0.712647,-0.54965186,-0.23533398,9652,0,-0.12015351,-1.4404533,-9.431641,8471,0,0,0,1
9113490010,0.79482216,-0.53377914,-0.26850933,10558,0,-0.16158555,-1.6172299,-9.355469,7652,0,0,0,1
9113499241,0.9122063,-0.5752119,-0.31247395,9231,0,-0.27301678,-1.7604978,-9.028987,15907,0,0,0,1
9113509880,0.9667658,-0.63939404,-0.3886929,10639,0,-0.3245516,-1.835439,-8.685549,7199,0,0,0,1
9113519606,0.8715032,-0.6614125,-0.48933083,9726,0,-0.21544716,-1.8616791,-8.5859375,8730,0,0,0,1
9113529432,0.658812,-0.6448267,-0.556743,9826,0,-0.14639375,-1.7125236,-8.625,11549,0,0,0,1
9113539680,0.5013234,-0.6462717,-0.5498887,10248,0,0.23239255,-1.3748939,-8.885172,10887,0,0,0,1
9113549814,0.46397927,-0.6974494,-0.4853941,10134,0,0.53032947,-1.2263876,-9.146484,9204,0,0,0,1
9113559031,0.44463378,-0.723711,-0.3847873,9217,0,0.5841911,-1.3078704,-9.357422,7612,0,0,0,1
9113569535,0.37837332,-0.62150365,-0.25976762,10504,0,0.48889744,-1.4832664,-9.548828,7396,0,0,0,1
9113579790,0.2955259,-0.4102013,-0.12985793,10255,0,0.3324938,-1.733882,-9.664486,14846,0,0,0,1
9113589654,0.24167116,-0.2127056,-0.022429965,9864,0,0.09667413,-1.8754896,-9.646482,8369,0,0,0,1
9113600220,0.22303486,-0.11671056,0.031265788,10566,0,-0.11877244,-1.9555917,-9.4921875,8533,0,0,0,1
9113609542,0.21890034,-0.14846452,0.02929019,9322,0,-0.36620995,-2.0112782,-9.220383,14528,0,0,0,1
9113620342,0.2023324,-0.2672322,0.0009544253,10800,0,-0.4861364,-2.104747,-9.046875,9576,0,0,0,1
9113630057,0.14294931,-0.3832398,-0.03519169,9715,0,-0.55380875,-2.0923173,-8.994141,6765,0,0,0,1
9113639482,0.042817988,-0.46679538,-0.05863452,9425,0,-0.5524276,-2.0660772,-8.958982,8203,0,0,0,1
9113649750,-0.095298365,-0.49855942,-0.049856402,10268,0,-0.51310223,-2.119912,-9.021903,14430,0,0,0,1
9113659634,-0.27415642,-0.46609977,-0.012774269,9884,0,-0.5413792,-2.1323683,-9.1640625,8745,0,0,0,1
9113669866,-0.44195744,-0.42535764,0.029223256,10232,0,-0.6214812,-2.024645,-9.263674,7426,0,0,0,1
9113680485,-0.54138654,-0.44469744,0.052705597,10619,0,-0.7398987,-1.8754898,-9.400095,15147,0,0,0,1
9113690356,-0.5931662,-0.5075445,0.05372068,9871,0,-0.8120685,-1.8893002,-9.566404,8775,0,0,0,1
9113699360,-0.63113815,-0.535866,0.033201087,9004,0,-0.7982579,-1.8478682,-9.664064,7811,0,0,0,1
9113710034,-0.6366609,-0.5041043,0.0029124322,10674,0,-0.7568258,-1.6987132,-9.740234,7376,0,0,0,1
9113720081,-0.6145731,-0.4640414,-0.0019658892,10047,0,-0.62928915,-1.3694986,-9.806314,15252,0,0,0,1
9113729877,-0.61114675,-0.44398117,0.060537927,9796,0,-0.6201001,-1.2388171,-9.779295,9376,0,0,0,1
9113740418,-0.6615767,-0.42116782,0.18161103,10541,0,-0.7830662,-1.2912979,-9.70508,6783,0,0,0,1
9113749854,-0.75548613,-0.39908347,0.28510875,9436,0,-1.0490757,-1.4484696,-9.737763,15666,0,0,0,1
9113760190,-0.8348705,-0.36529636,0.30854875,10336,0,-1.2719638,-1.6199918,-9.968748,7184,0,0,0,1
9113769837,-0.83761793,-0.3087031,0.2616772,9647,0,-1.3796874,-1.6724725,-10.181639,8628,0,0,0,1
9113780292,-0.72435766,-0.27141127,0.17969054,10455,0,-1.4735998,-1.6310406,-10.314451,7400,0,0,0,1
9113790317,-0.5296172,-0.27278963,0.08598443,10025,0,-1.5967056,-1.5911801,-10.313222,15392,0,0,0,1
9113800111,-0.3666497,-0.2631292,-0.021451507,9794,0,-1.5288427,-1.6061811,-10.203123,8296,0,0,0,1
9113809645,-0.27411622,-0.22446024,-0.13866359,9534,0,-1.4197384,-1.3893538,-10.011719,7704,0,0,0,1
9113820120,-0.20991054,-0.23894821,-0.2138526,10475,0,-1.2270702,-0.97950584,-9.744298,15809,0,0,0,1
9113830134,-0.21960197,-0.30935833,-0.21873914,10014,0,-0.9998938,-0.7789217,-9.667969,7290,0,0,0,1
9113839767,-0.35356802,-0.32037434,-0.16995443,9633,0,-0.8645491,-0.723679,-9.7421875,8238,0,0,0,1
9113850210,-0.53448105,-0.22230402,-0.087964974,10443,0,-0.7167748,-0.71124935,-9.912109,7778,0,0,0,1
9113860214,-0.6622271,-0.036542185,0.011607668,10004,0,-0.5814302,-0.73887074,-10.121094,14296,0,0,0,1
9113870638,-0.7195418,0.20307036,0.109241016,10424,0,-0.66705257,-0.81692624,-10.292028,9914,0,0,0,1
9113879649,-0.7361169,0.42955938,0.18736142,9011,0,-0.9598428,-0.7388707,-10.201172,7705,0,0,0,1
9113890146,-0.72368443,0.5538315,0.22648987,10497,0,-1.1752894,-0.73887074,-10.048828,7382,0,0,0,1
9113900296,-0.6857116,0.57106864,0.2099317,10150,0,-1.2705832,-0.92716295,-9.911976,14929,0,0,0,1
9113909758,-0.66293097,0.52615917,0.15528852,9462,0,-1.3921168,-1.0634215,-9.951172,9074,0,0,0,1
9113920465,-0.624268,0.50129664,0.0869111,10707,0,-1.5136511,-1.1849556,-10.029297,7400,0,0,0,1
9113930797,-0.5075931,0.54063773,-0.01960531,10332,0,-1.3282799,-1.2149857,-9.986293,14873,0,0,0,1
9113939813,-0.37847924,0.60622305,-0.16512778,9016,0,-1.1904812,-1.0219896,-9.818359,9059,0,0,0,1
9113950760,-0.30732816,0.6704694,-0.27153498,10947,0,-1.0813768,-0.83278334,-9.70703,7097,0,0,0,1
9113960573,-0.28865853,0.70018625,-0.30861336,9813,0,-0.8507384,-0.65738773,-9.587891,8888,0,0,0,1
9113969927,-0.3072907,0.7147046,-0.3203052,9354,0,-0.56643754,-0.39766,-9.378522,14761,0,0,0,1
9113980474,-0.36735323,0.74303114,-0.3134498,10547,0,-0.40465346,-0.10081737,-9.1875,8353,0,0,0,1
9113990078,-0.45778725,0.7492716,-0.25970846,9604,0,-0.24168742,0.089769974,-9.089844,7801,0,0,0,1
9114000718,-0.5648032,0.7195951,-0.16008112,10640,0,-0.078721434,0.19749328,-9.089844,8204,0,0,0,1
9114009931,-0.67665195,0.6947516,-0.042884838,9213,0,-0.019177366,0.22941598,-9.264517,15246,0,0,0,1
9114019919,-0.7367439,0.66504157,0.06352411,9988,0,-0.08010254,0.19611225,-9.449221,7202,0,0,0,1
9114030372,-0.7132843,0.5959691,0.12405286,10453,0,-0.17539625,0.1284399,-9.546875,8393,0,0,0,1
9114040616,-0.6566939,0.5227354,0.1162271,10244,0,-0.34101745,-0.022335634,-9.70737,14639,0,0,0,1
9114050497,-0.611142,0.48542085,0.06445376,9881,0,-0.41846424,-0.059385303,-9.890627,8251,0,0,0,1
9114059770,-0.5676459,0.47919852,-0.003920447,9273,0,-0.35079187,0.033146255,-10.068359,8541,0,0,0,1
9114070101,-0.49375376,0.5033729,-0.06351447,10331,0,-0.22787684,0.18092051,-10.2421875,7469,0,0,0,1
9114080595,-0.38256475,0.5496478,-0.08991154,10494,0,-0.0662919,0.29002488,-10.3359375,7312,0,0,0,1
9114089871,-0.29554623,0.6090425,-0.0947882,9276,0,0.09529304,0.4267506,-10.259764,16653,0,0,0,1
9114100711,-0.24858506,0.6504816,-0.08596901,10840,0,0.255262,0.63920003,-9.980063,14322,0,0,0,1
9114110557,-0.1912611,0.6083636,-0.051781986,9846,0,0.27206978,0.6560079,-9.740234,7848,0,0,0,1
9114120714,-0.16571458,0.52619123,-0.017577942,10157,0,0.24582951,0.6021463,-9.683596,8983,0,0,0,1
9114130126,-0.22303979,0.50202,-0.010713226,9412,0,0.29969114,0.5759059,-9.703125,7803,0,0,0,1
9114140619,-0.3024507,0.51514035,-0.0029006635,10493,0,0.44228625,0.64954776,-9.826801,14622,0,0,0,1
9114150799,-0.33144447,0.50685894,0.023452807,10180,0,0.54414016,0.7374907,-9.990234,7667,0,0,0,1
9114161297,-0.29898748,0.4895981,0.05467845,10498,0,0.55656993,0.69743997,-10.048829,9072,0,0,0,1
9114170806,-0.25065693,0.5116928,0.073215745,9509,0,0.5289484,0.58971643,-10.068357,7255,0,0,0,1
9114181003,-0.23064105,0.57176363,0.0751753,10197,0,0.46131986,0.5496217,-10.086962,14871,0,0,0,1
9114190924,-0.19749598,0.58557403,0.07029374,9921,0,0.4626571,0.5759059,-10.03125,9044,0,0,0,1
9114200432,-0.11532512,0.50063825,0.047825683,9508,0,0.46265703,0.5759059,-9.951172,7752,0,0,0,1
9114210963,-0.04766417,0.3956736,-0.005876601,10531,0,0.57062995,0.5490615,-9.971546,14886,0,0,0,1
9114220964,-0.040073562,0.35493168,-0.07031341,10001,0,0.74577606,0.5634763,-10.011719,7482,0,0,0,1
9114230845,-0.053871535,0.36874476,-0.10644166,9881,0,0.8272592,0.617338,-10.031252,8847,0,0,0,1
9114241111,-0.04211913,0.40810454,-0.106450595,10266,0,0.89493144,0.6573889,-10.068357,7645,0,0,0,1
9114250528,-0.0062029487,0.47853732,-0.09083536,9417,0,0.9375468,0.6423948,-10.105469,15137,0,0,0,1
9114260770,0.024870558,0.5759032,-0.07911368,10242,0,0.9916061,0.6435783,-10.066406,7256,0,0,0,1
9114270513,0.05870117,0.6401228,-0.07618712,9743,0,1.0592785,0.68362916,-9.990234,8977,0,0,0,1
9114280364,0.0876967,0.6470287,-0.07911627,9851,0,1.0979486,0.66981864,-9.853518,7641,0,0,0,1
9114290367,0.07940839,0.6249339,-0.08202839,10003,0,1.1038637,0.63628185,-9.681417,14993,0,0,0,1
9114300743,0.049716376,0.58005035,-0.08006559,10376,0,1.153191,0.5620952,-9.548826,8694,0,0,0,1
9114310445,0.008276399,0.520666,-0.09177861,9702,0,1.1683829,0.49442288,-9.5859375,7658,0,0,0,1
9114321110,-0.046977073,0.4958078,-0.13669564,10665,0,1.1407615,0.4668015,-9.683594,8230,0,0,0,1
9114331138,-0.10774011,0.55933756,-0.19235866,10028,0,1.2315184,0.46737343,-9.850196,14287,0,0,0,1
9114341022,-0.15743825,0.6919195,-0.23045737,9884,0,1.4376911,0.5759059,-9.96875,8870,0,0,0,1
9114351471,-0.16847101,0.82587934,-0.24122196,10449,0,1.6550516,0.72426665,-9.864509,14753,0,0,0,1
9114360854,-0.17742302,0.94948995,-0.21583197,9383,0,1.7498121,0.83278453,-9.6484375,7919,0,0,0,1
9114370970,-0.23680437,1.0751765,-0.17868418,10116,0,1.8851571,0.9681293,-9.548829,8902,0,0,0,1
9114380264,-0.30653626,1.1614989,-0.12593047,9294,0,2.0343125,1.0095613,-9.451172,7483,0,0,0,1
9114390479,-0.34864062,1.1884332,-0.04098403,10215,0,2.1006038,1.0233718,-9.392578,11868,0,0,0,1
9114401284,-0.3527819,1.1566684,0.040052775,10805,0,2.1384897,1.1165006,-9.40646,11190,0,0,0,1
9114410885,-0.28511834,1.0448009,0.10543388,9601,0,2.25114,1.1186657,-9.470705,7980,0,0,0,1
9114421681,-0.15116328,0.870788,0.16399029,10796,0,2.2911909,1.0233718,-9.548826,8846,0,0,0,1
9114430787,0.010407793,0.699539,0.19520925,9106,0,2.1722176,0.8519175,-9.577649,13879,0,0,0,1
9114441566,0.13811347,0.5952593,0.17864233,10779,0,2.0605528,0.7126316,-9.490233,9232,0,0,0,1
9114451179,0.22302775,0.53380203,0.13275948,9613,0,2.0881743,0.71263164,-9.378905,7065,0,0,0,1
9114460651,0.32938468,0.41640863,0.103449196,9472,0,2.1006033,0.75268245,-9.265623,8446,0,0,0,1
9114471028,0.42192525,0.25896084,0.09172551,10377,0,2.0800073,0.67177296,-9.113432,14620,0,0,0,1
9114480721,0.41984576,0.16711903,0.06442007,9693,0,2.114415,0.52066314,-9.126954,8581,0,0,0,1
9114491295,0.3735764,0.13328125,0.033197884,10574,0,2.2097082,0.53585494,-9.2265625,7479,0,0,0,1
9114501286,0.3860091,0.086319365,0.026350254,9991,0,2.353144,0.58256435,-9.344449,15040,0,0,0,1
9114511675,0.44539616,0.01864446,0.030247396,10389,0,2.3837223,0.5220442,-9.34375,8795,0,0,0,1
9114520659,0.48130336,-0.035212528,0.020486433,8984,0,2.3712928,0.48199326,-9.341797,7496,0,0,0,1
9114531402,0.47923133,-0.06490635,0.0097548375,10743,0,2.4536498,0.4673937,-9.442708,15177,0,0,0,1
9114541749,0.4861355,-0.088392906,0.020498106,10347,0,2.4389653,0.3314569,-9.5703125,7695,0,0,0,1
9114551223,0.52756745,-0.10496535,0.03222274,9474,0,2.331242,0.22373362,-9.609375,9645,0,0,0,1
9114560946,0.5828125,-0.12290673,0.015622056,9723,0,2.2359483,0.1284399,-9.550782,6808,0,0,0,1
9114571466,0.63598555,-0.17054646,-0.015642254,10520,0,2.208327,0.10081856,-9.433673,15681,0,0,0,1
9114581742,0.68156016,-0.24512492,-0.043003574,10276,0,2.2207565,0.060767576,-9.375,6927,0,0,0,1
9114590638,0.7057249,-0.31349817,-0.051792692,8896,0,2.2345674,0.04695687,-9.359373,8466,0,0,0,1
9114601379,0.71884173,-0.36805975,-0.042994313,10741,0,2.2083273,0.020716585,-9.341797,8380,0,0,0,1
9114611781,0.73886675,-0.4295172,-0.036165833,10402,0,2.153631,-0.03397956,-9.2614565,14481,0,0,0,1
9114621470,0.7519908,-0.49925396,-0.040078923,9689,0,2.1130333,-0.04695567,-9.244141,9035,0,0,0,1
9114631374,0.7533747,-0.5544929,-0.049837753,9904,0,2.0591717,-0.100817345,-9.302734,7489,0,0,0,1
9114641040,0.73472995,-0.55242395,-0.053718265,9666,0,1.9928802,-0.22235134,-9.396484,8365,0,0,0,1
9114651095,0.70572716,-0.4999465,-0.051739734,10055,0,2.0223925,-0.2783508,-9.432524,14274,0,0,0,1
9114661823,0.6829365,-0.45230392,-0.042950187,10728,0,2.0867927,-0.29140472,-9.412107,8961,0,0,0,1
9114671251,0.6456451,-0.41501778,-0.029289251,9428,0,2.045361,-0.35769594,-9.376953,7427,0,0,0,1
9114681658,0.59316576,-0.38739377,-0.018557848,10407,0,1.9285278,-0.47452882,-9.376953,14798,0,0,0,1
9114691885,0.5731403,-0.4087999,-0.01075999,10227,0,1.802293,-0.65600663,-9.396484,9804,0,0,0,1
9114700917,0.56624424,-0.43502682,-0.030288719,9032,0,1.6531377,-0.86040473,-9.511719,6836,0,0,0,1
9114711136,0.5289658,-0.40325028,-0.079100296,10219,0,1.5177932,-0.9957495,-9.607422,11736,0,0,0,1
9114721844,0.51446456,-0.37355852,-0.122061975,10708,0,1.43749,-1.1219091,-9.613395,10865,0,0,0,1
9114731027,0.51446635,-0.35284042,-0.17088898,9183,0,1.4238803,-1.1973853,-9.568359,9064,0,0,0,1
9114741670,0.43713796,-0.25477192,-0.23435731,10643,0,1.5177932,-1.1835749,-9.529298,7397,0,0,0,1
9114751457,0.320444,-0.09940579,-0.25191927,9787,0,1.7246319,-0.96214545,-9.471482,14609,0,0,0,1
9114762114,0.23549616,0.032462865,-0.21481618,10657,0,1.9100167,-0.7913513,-9.302734,9487,0,0,0,1
9114771845,0.13674723,0.13949874,-0.17673258,9731,0,1.9914992,-0.73748964,-9.166014,6825,0,0,0,1
9114781293,-0.025532823,0.22306085,-0.13278486,9448,0,2.066559,-0.6343574,-9.037472,15496,0,0,0,1
9114791477,-0.19609688,0.2527546,-0.066376865,10184,0,2.0191207,-0.6297664,-9.107422,7388,0,0,0,1
9114801450,-0.31556168,0.24101312,-0.005831763,9973,0,1.9113973,-0.73748964,-9.244141,9140,0,0,0,1
9114811706,-0.38945642,0.24169339,0.017592782,10256,0,1.7898636,-0.8341645,-9.437502,7845,0,0,0,1
9114821951,-0.40741777,0.27620974,0.0068281954,10245,0,1.7608609,-0.88802594,-9.607422,8199,0,0,0,1
9114831136,-0.38463357,0.3349006,-0.01760387,9185,0,1.7946957,-0.8790504,-9.662111,13937,0,0,0,1
9114841883,-0.39844367,0.42190868,-0.043967333,10747,0,1.8161033,-0.8327832,-9.527342,8132,0,0,0,1
9114851485,-0.47785085,0.5178987,-0.05762137,9602,0,1.8575357,-0.73887074,-9.4296875,8290,0,0,0,1
9114861732,-0.56070733,0.5634832,-0.047834583,10247,0,1.9545407,-0.557373,-9.329498,14977,0,0,0,1
9114871186,-0.5966199,0.5400013,-0.04294016,9454,0,2.0467417,-0.41155764,-9.246092,8074,0,0,0,1
9114881501,-0.6263259,0.51581794,-0.06833531,10315,0,2.0467422,-0.35907707,-9.205078,8506,0,0,0,1
9114891905,-0.70504624,0.5406775,-0.09665808,10404,0,2.2543027,-0.09903606,-9.233601,15603,0,0,0,1
9114902070,-0.8217303,0.59110814,-0.09470259,10165,0,2.6696038,0.23616326,-9.416014,6731,0,0,0,1
9114911963,-0.9715542,0.67193013,-0.053692047,9893,0,2.9264822,0.38531858,-9.587891,8821,0,0,0,1
9114921369,-1.117924,0.7783049,0.029292906,9406,0,3.0493972,0.5082336,-9.703125,7382,0,0,0,1
9114932425,-1.1890272,0.84117484,0.15037909,11056,0,3.017144,0.5970218,-9.76526,15885,0,0,0,1
9114942152,-1.1448016,0.80807096,0.2783225,9727,0,2.8601904,0.5620952,-9.7734375,9036,0,0,0,1
9114952074,-0.9880775,0.6871864,0.35352525,9922,0,2.6433635,0.40051025,-9.720705,6761,0,0,0,1
9114962248,-0.82102036,0.56143534,0.3320391,10174,0,2.3851037,0.14225054,-9.6484375,8685,0,0,0,1
9114971404,-0.72094244,0.49162307,0.23828223,9156,0,2.2222269,-0.02062693,-9.587926,13992,0,0,0,1
9114982473,-0.64636785,0.448808,0.14257377,11069,0,2.2221382,0.0345273,-9.509768,8763,0,0,0,1
9114991683,-0.5621158,0.39081195,0.07324195,9210,0,2.3022394,0.16987197,-9.431641,7378,0,0,0,1
9115002107,-0.45507085,0.28931868,0.024425792,10424,0,2.5358965,0.33330166,-9.357927,15001,0,0,0,1
9115012291,-0.30245596,0.1436262,0.0039255177,10184,0,2.7248464,0.39912924,-9.265625,8816,0,0,0,1
9115021280,-0.17332588,0.03245076,-0.014635628,8989,0,2.737276,0.4115589,-9.167969,7823,0,0,0,1
9115031739,-0.15675205,0.017259495,-0.04296717,10459,0,2.7648973,0.46680158,-9.087893,7397,0,0,0,1
9115041998,-0.19680138,0.039361667,-0.04492427,10259,0,2.8947022,0.569603,-9.04788,15200,0,0,0,1
9115051079,-0.21889819,0.04350908,-0.017578064,9081,0,2.9679146,0.58971655,-9.03125,8681,0,0,0,1
9115061588,-0.24513859,0.053175665,0.0078117815,10509,0,2.8878121,0.5620951,-9.011719,7800,0,0,0,1
9115072097,-0.28242806,0.06560236,0.016600654,10509,0,2.7680678,0.5098187,-9.018411,14724,0,0,0,1
9115082299,-0.29002416,0.038668584,0.011725868,10202,0,2.6834145,0.46818253,-9.0703125,8711,0,0,0,1
9115091744,-0.26033127,-0.022791658,-0.0058451826,9445,0,2.6295524,0.41432092,-9.128906,7939,0,0,0,1
9115102194,-0.21889888,-0.07251305,-0.039051563,10450,0,2.6157417,0.3452675,-9.246093,7409,0,0,0,1
9115112318,-0.16434585,-0.10358881,-0.07518594,10124,0,2.6157422,0.34526756,-9.343752,14665,0,0,0,1
9115121185,-0.089768544,-0.13121037,-0.105458416,8867,0,2.577399,0.41123214,-9.391048,8674,0,0,0,1
9115131672,-0.015880335,-0.14985394,-0.14061661,10487,0,2.5756912,0.46818256,-9.390623,8803,0,0,0,1
9115142446,0.058696408,-0.17471467,-0.1718649,10774,0,2.6171236,0.5620952,-9.392578,7656,0,0,0,1
9115152409,0.14845818,-0.235485,-0.18944228,9963,0,2.6289062,0.6955264,-9.314583,14300,0,0,0,1
9115162085,0.24167532,-0.3273259,-0.20409468,9676,0,2.6682234,0.8065443,-9.164064,8833,0,0,0,1
9115171708,0.30451357,-0.4122576,-0.21191408,9623,0,2.6972256,0.8604059,-9.0859375,7414,0,0,0,1
9115181733,0.3052028,-0.45575684,-0.19434638,10025,0,2.7260282,0.9140682,-9.049841,15089,0,0,0,1
9115192565,0.26031008,-0.45783064,-0.1396661,10832,0,2.751087,0.9142676,-9.089844,8789,0,0,0,1
9115202356,0.2023012,-0.42744976,-0.06935281,9791,0,2.723465,0.86178696,-9.185547,7439,0,0,0,1
9115212842,0.14431043,-0.35977203,-0.026376281,10486,0,2.6437287,0.74115944,-9.3458185,16174,0,0,0,1
9115222385,0.11048346,-0.28588176,-0.0146497805,9543,0,2.5881207,0.6711996,-9.451174,6860,0,0,0,1
9115232090,0.13810493,-0.27345255,-0.0058520283,9705,0,2.5080194,0.6435784,-9.451174,8252,0,0,0,1
9115242759,0.20025459,-0.32455125,-0.0058513703,10669,0,2.358864,0.60214627,-9.410156,8383,0,0,0,1
9115252749,0.22788584,-0.37012023,-0.04003924,9990,0,2.320658,0.5620952,-9.422921,14576,0,0,0,1
9115262827,0.20924155,-0.37495315,-0.072272316,10078,0,2.4665866,0.62976754,-9.529299,8972,0,0,0,1
9115271962,0.18299098,-0.34871933,-0.06543337,9135,0,2.5604994,0.69882095,-9.5859375,7811,0,0,0,1
9115282572,0.1905829,-0.30383885,-0.040030826,10610,0,2.628172,0.7664933,-9.587891,7489,0,0,0,1
9115292560,0.21268328,-0.2264984,-0.025371682,9988,0,2.7241833,0.8201844,-9.1697645,14915,0,0,0,1
9115302060,0.1146253,-0.09667838,0.0068404214,9500,0,2.6295533,0.9280783,-8.61133,9135,0,0,0,1
9115311960,-0.1408769,0.026230216,0.10253068,9900,0,2.5881207,0.9971316,-8.498049,7360,0,0,0,1
9115322284,-0.38324648,0.05868871,0.22168118,10324,0,2.534259,0.94326997,-8.613281,8438,0,0,0,1
9115332736,-0.487502,-0.0041437936,0.28029945,10452,0,2.1924605,0.55753016,-9.001049,15471,0,0,0,1
9115342754,-0.4757499,-0.11809007,0.25297815,10018,0,1.8837761,0.23754424,-9.357422,6846,0,0,0,1
9115351961,-0.4018559,-0.2486061,0.17877008,9207,0,1.7760527,0.12982097,-9.529296,8442,0,0,0,1
9115362205,-0.28860968,-0.37842238,0.096741304,10244,0,1.7061667,0.074578255,-9.695149,14615,0,0,0,1
9115372493,-0.17605318,-0.47993058,0.020569166,10288,0,1.7208097,0.12982099,-9.792969,8959,0,0,0,1
9115382612,-0.09112313,-0.5496731,-0.042923298,10119,0,1.7760525,0.20992294,-9.8125,7851,0,0,0,1
9115392024,0.0027837087,-0.6283934,-0.09565358,9412,0,1.8299146,0.34388658,-9.794922,8360,0,0,0,1
9115402416,0.11602684,-0.7140205,-0.1434991,10392,0,1.9135619,0.5961014,-9.72065,14383,0,0,0,1
9115411945,0.17886753,-0.74370915,-0.18062826,9529,0,2.0205019,0.8327846,-9.566404,7843,0,0,0,1
9115422561,0.15882206,-0.71262944,-0.17188248,10616,0,2.1006038,0.9681293,-9.490234,8382,0,0,0,1
9115432660,0.097325884,-0.68017656,-0.10159674,10099,0,2.1691082,1.1211603,-9.451172,14648,0,0,0,1
9115442865,0.0358636,-0.6670569,-0.022495085,10205,0,2.1958976,1.1462872,-9.451174,9103,0,0,0,1
9115451951,-0.020047832,-0.6484115,0.017546926,9086,0,2.1282253,1.1310952,-9.410156,7457,0,0,0,1
9115462392,-0.0877088,-0.6152663,0.039028738,10441,0,1.8489348,1.028709,-9.299693,15267,0,0,0,1
9115473126,-0.18784668,-0.5690006,0.07611472,10734,0,1.5316037,0.8604059,-9.244141,7392,0,0,0,1
9115483043,-0.3093841,-0.5096155,0.11711567,9917,0,1.3700187,0.7789228,-9.263672,8857,0,0,0,1
9115492498,-0.42538664,-0.46680394,0.14935426,9455,0,1.3023465,0.6836292,-9.337889,7406,0,0,0,1
9115502731,-0.51306975,-0.46611807,0.15719408,10233,0,1.275375,0.6582844,-9.592608,15010,0,0,0,1
9115513191,-0.54827136,-0.49857923,0.13671893,10460,0,1.3009657,0.7374909,-9.853517,9630,0,0,0,1
9115522018,-0.52203405,-0.5399996,0.12600777,8827,0,1.3009653,0.79273355,-9.990233,6666,0,0,0,1
9115532930,-0.4543724,-0.57037103,0.13578072,10912,0,1.2051582,0.8465953,-10.019076,16236,0,0,0,1
9115543163,-0.38255325,-0.59523094,0.13676625,10233,0,1.0178462,0.8880272,-9.890623,16195,0,0,0,1
9115552312,-0.3245311,-0.60767484,0.10061942,9149,0,0.908742,0.96951014,-9.851561,6991,0,0,0,1
9115562269,-0.272738,-0.56417626,0.04395852,9957,0,0.96260357,1.0509932,-9.833982,6724,0,0,0,1
9115572568,-0.22856045,-0.48544815,0.024416918,10299,0,1.0440867,1.1324763,-9.8359375,8784,0,0,0,1
9115583277,-0.21269852,-0.43502992,0.055660777,10709,0,1.0316571,1.1449059,-9.8359375,8282,0,0,0,1
9115592814,-0.21615487,-0.4288132,0.100583404,9537,0,0.9501741,1.1435249,-9.759766,6776,0,0,0,1
9115603447,-0.21268795,-0.44746327,0.11523874,10633,0,0.89493155,1.1435249,-9.666018,8209,0,0,0,1
9115612426,-0.21267548,-0.45575634,0.09472812,8979,0,0.9226919,1.1852349,-9.67588,15001,0,0,0,1
9115623019,-0.2168245,-0.4723264,0.088868394,10593,0,0.93636346,1.3203015,-9.705078,9671,0,0,0,1
9115632550,-0.19611876,-0.53722805,0.11818509,9531,0,0.89493155,1.4142141,-9.759766,6695,0,0,0,1
9115642891,-0.15537545,-0.60006607,0.14455839,10341,0,0.81344837,1.3879737,-9.794922,8776,0,0,0,1
9115652892,-0.10840587,-0.6069753,0.13088454,10001,0,0.70557237,1.307719,-9.923402,13829,0,0,0,1
9115662410,-0.040035404,-0.59109277,0.09671281,9518,0,0.6905334,1.3203015,-10.029299,8445,0,0,0,1
9115673048,0.033838484,-0.5973063,0.09280824,10638,0,0.61043143,1.3203015,-10.027344,8414,0,0,0,1
9115683468,0.085616045,-0.6118096,0.114284776,10420,0,0.471582,1.192416,-10.009767,14908,0,0,0,1
9115692441,0.1249856,-0.59592676,0.113303296,8973,0,0.33974212,1.0496123,-9.988281,8266,0,0,0,1
9115702913,0.15676583,-0.5475868,0.07130769,10472,0,0.25964016,0.96951026,-9.949219,7948,0,0,0,1
9115713545,0.1712755,-0.48336512,0.014664112,10632,0,0.1986873,0.9355039,-9.942671,15789,0,0,0,1
9115723776,0.17748615,-0.42467135,-0.031238474,10231,0,0.20439744,1.0219908,-9.953125,7062,0,0,0,1
9115733458,0.195432,-0.38600478,-0.05858143,9682,0,0.2182081,1.0358014,-9.894531,8514,0,0,0,1
9115743167,0.21268725,-0.3590776,-0.06346697,9709,0,0.25964016,1.0496122,-9.814453,7623,0,0,0,1
9115753157,0.19542044,-0.3280041,-0.055663757,9990,0,0.27345085,1.0358015,-9.702073,14581,0,0,0,1
9115763352,0.14155845,-0.29761904,-0.046884794,10195,0,0.2996912,1.1172845,-9.609375,9982,0,0,0,1
9115772239,0.08424224,-0.2900235,-0.03419329,8887,0,0.3121208,1.1573354,-9.589844,6780,0,0,0,1
9115782682,0.035212215,-0.30590662,-0.012706857,10443,0,0.28463757,1.1848185,-9.608409,14586,0,0,0,1
9115793090,-0.0027703568,-0.3438864,0.016590267,10408,0,0.2182081,1.2263887,-9.607422,7785,0,0,0,1
9115803655,-0.02555669,-0.40810582,0.04296208,10565,0,0.1381062,1.2263889,-9.646484,8997,0,0,0,1
9115813612,-0.044887118,-0.46472973,0.055658355,9957,0,0.042812493,1.186338,-9.718748,7496,0,0,0,1
9115822831,-0.047645442,-0.48682657,0.054687236,9219,0,-0.053263284,1.0741053,-9.785709,14957,0,0,0,1
9115833630,-0.033141337,-0.4585144,0.040043425,10799,0,-0.12015351,0.83278453,-9.792969,9087,0,0,0,1
9115842896,-0.056616485,-0.35907927,0.013659204,9266,0,-0.22787681,0.7250613,-9.740236,7774,0,0,0,1
9115853201,-0.12636156,-0.24790353,-0.012719516,10305,0,-0.32317048,0.76511234,-9.740236,7387,0,0,0,1
9115863463,-0.16848582,-0.19887535,-0.031264294,10262,0,-0.3931705,0.83511215,-9.870472,15731,0,0,0,1
9115872940,-0.14638837,-0.19197297,-0.05859099,9477,0,-0.4032724,0.9004568,-10.03125,8074,0,0,0,1
9115883684,-0.07664078,-0.17471416,-0.10936643,10744,0,-0.37703216,1.0095613,-10.128906,6963,0,0,0,1
9115892890,0.032464013,-0.15538387,-0.15428112,9206,0,-0.31050605,1.1732366,-10.11517,15366,0,0,0,1
9115903331,0.15536994,-0.1747192,-0.17186084,10441,0,-0.21544725,1.2263892,-10.009767,8647,0,0,0,1
9115913213,0.23892295,-0.19474202,-0.17967756,9882,0,-0.14639382,1.2401996,-9.953125,7724,0,0,0,1
9115923626,0.26102358,-0.17678112,-0.1738211,10413,0,-0.05110012,1.3354931,-9.892578,7555,0,0,0,1
9115933942,0.25135043,-0.16021194,-0.1318337,10316,0,0.023644738,1.3819479,-9.769869,15118,0,0,0,1
9115943361,0.21405724,-0.14640434,-0.060549043,9419,0,0.0027615353,1.2788694,-9.759766,8695,0,0,0,1
9115953129,0.16019756,-0.10635163,0.01074271,9768,0,-0.10634284,1.1973865,-9.8125,7666,0,0,0,1
9115963576,0.13672066,-0.069060735,0.065432504,10447,0,-0.279454,1.0662931,-9.921568,15844,0,0,0,1
9115973772,0.15260686,-0.061458018,0.077150285,10196,0,-0.45713404,0.81897384,-9.972656,6890,0,0,0,1
9115983338,0.17677788,-0.046949405,0.03613594,9566,0,-0.55242777,0.7513015,-9.970703,8668,0,0,0,1
9115993776,0.19611289,-0.022089094,-0.016597351,10438,0,-0.4984804,0.7789525,-9.942364,14944,0,0,0,1
9116003261,0.22994865,-0.006209793,-0.04882478,9485,0,-0.37841326,0.8479763,-9.933594,7947,0,0,0,1
9116013635,0.2713807,0.01450104,-0.056636684,10374,0,-0.30935985,0.9418889,-9.953125,8526,0,0,0,1
9116023359,0.3210993,0.032449,-0.041012052,9724,0,-0.2817384,0.9943695,-9.9140625,7646,0,0,0,1
9116034106,0.37012663,0.023469415,-0.013675521,10747,0,-0.33579996,0.9035505,-9.814352,15902,0,0,0,1
9116043393,0.3970568,0.0034510419,-0.009772855,9287,0,-0.3784132,0.79273355,-9.77539,7300,0,0,0,1
9116054787,0.4115581,0.005531964,-0.035155673,11394,0,-0.32317048,0.7374909,-9.816406,8689,0,0,0,1
9116064424,0.42675057,0.024864066,-0.04882068,9637,0,-0.26792777,0.73749095,-9.835938,11900,0,0,0,1
9116073630,0.4509193,0.033830203,-0.034177117,9206,0,-0.26792777,0.7651122,-9.816406,9285,0,0,0,1
9116084106,0.4785405,0.032447614,-0.014649659,10476,0,-0.27030465,0.6890507,-9.888041,10223,0,0,0,1
9116093415,0.51928216,0.06214468,-0.007801279,9309,0,-0.25549817,0.5897166,-9.990235,6771,0,0,0,1
9116104149,0.57521564,0.12083957,0.0009974823,10734,0,-0.2541171,0.5082336,-10.048828,8217,0,0,0,1
9116113353,0.63736486,0.15536067,0.01954227,9204,0,-0.28251523,0.40226278,-10.002215,14718,0,0,0,1
9116123530,0.68777204,0.16434641,0.022459285,10177,0,-0.32317048,0.30659768,-9.873047,8559,0,0,0,1
9116133330,0.7029613,0.16988078,0.0068370095,9800,0,-0.32317048,0.27897632,-9.759766,8440,0,0,0,1
9116143619,0.67810357,0.1546834,-5.3050735e-06,10289,0,-0.30935985,0.26516563,-9.626955,8252,0,0,0,1
9116153557,0.6283869,0.11462407,0.007795776,9938,0,-0.28713855,0.18168075,-9.561912,15506,0,0,0,1
9116163551,0.5821206,0.0821717,0.010729659,9994,0,-0.28173846,0.07457826,-9.626953,6251,0,0,0,1
9116174235,0.53792536,0.0877012,0.0029353623,10684,0,-0.28810042,-0.037333462,-9.729216,16025,0,0,0,1
9116183441,0.5047801,0.11255789,0.0009910322,9206,0,-0.3217894,-0.15606005,-9.794922,7451,0,0,0,1
9116193862,0.50685203,0.114628285,0.001953724,10421,0,-0.33421904,-0.19611102,-9.8125,9754,0,0,0,1
9116203579,0.5310189,0.09046773,-0.015638072,9717,0,-0.34941077,-0.23616204,-9.794923,6585,0,0,0,1
9116213873,0.5399947,0.069068395,-0.050791137,10294,0,-0.2894733,-0.29676306,-9.732124,16482,0,0,0,1
9116224106,0.5103026,0.06147149,-0.07812679,10233,0,-0.2403064,-0.317645,-9.644531,6310,0,0,0,1
9116233842,0.4509181,0.05870275,-0.085935615,9736,0,-0.24030639,-0.317645,-9.587891,8840,0,0,0,1
9116243392,0.38186502,0.051792722,-0.08007738,9550,0,-0.21406609,-0.29140472,-9.548826,7555,0,0,0,1
9116253572,0.31971675,0.037980366,-0.070314154,10180,0,-0.17941755,-0.2715688,-9.599782,14845,0,0,0,1
9116263868,0.28588074,0.024857543,-0.05664311,10296,0,-0.1201535,-0.30521542,-9.720703,8893,0,0,0,1
9116273820,0.2810473,0.017259283,-0.039064277,9952,0,-0.14777486,-0.357696,-9.816406,7697,0,0,0,1
9116283502,0.2907148,0.0144993095,-0.03222736,9682,0,-0.18782583,-0.37012565,-9.873047,8457,0,0,0,1
9116293490,0.31557387,0.0089767575,-0.034181293,9988,0,-0.18782584,-0.41272238,-9.920747,13992,0,0,0,1
9116304223,0.35286242,-0.0048342813,-0.036136743,10733,0,-0.17401516,-0.439179,-9.892577,8957,0,0,0,1
9116313614,0.37841234,-0.013809036,-0.043948054,9391,0,-0.1325831,-0.45298967,-9.855469,7200,0,0,0,1
9116324453,0.3673646,0.0013826011,-0.0478472,10839,0,-0.1259631,-0.487231,-9.814453,15223,0,0,0,1
9116334349,0.35010162,0.022781555,-0.027336642,9896,0,-0.1463938,-0.49442172,-9.855469,9161,0,0,0,1
9116343591,0.3618403,0.016562123,0.008787028,9242,0,-0.20025544,-0.6035261,-9.855469,6808,0,0,0,1
9116354017,0.37426966,0.0013776142,0.02147996,10426,0,-0.29554912,-0.6988198,-9.853516,8204,0,0,0,1
9116364223,0.36322096,-0.0041348413,-0.0048846183,10206,0,-0.35758176,-0.79793346,-9.80386,14889,0,0,0,1
9116373693,0.34250492,-0.013798221,-0.044924956,9470,0,-0.33698118,-0.81759167,-9.794922,8240,0,0,0,1
9116384391,0.3224793,-0.025540587,-0.07617529,10698,0,-0.2831195,-0.8189727,-9.7734375,8413,0,0,0,1
9116394568,0.30245355,-0.035901904,-0.09180033,10177,0,-0.2057219,-0.7841351,-9.835578,14766,0,0,0,1
9116404501,0.29140458,-0.04557464,-0.09082317,9933,0,-0.118772425,-0.7651109,-9.8125,8792,0,0,0,1
9116413900,0.29002348,-0.0497214,-0.078126065,9399,0,-0.13258311,-0.80654305,-9.794924,8035,0,0,0,1
9116424578,0.2934766,-0.04626909,-0.06445222,10678,0,-0.14777488,-0.84659404,-9.814453,7394,0,0,0,1
9116434635,0.29416794,-0.03038608,-0.05468333,10057,0,-0.12835243,-0.89363784,-9.783079,14994,0,0,0,1
9116443444,0.27759555,-0.0069060214,-0.04882278,8809,0,-0.121534586,-0.90045565,-9.759764,9817,0,0,0,1
9116454144,0.25066411,0.0034518463,-0.040037103,10700,0,-0.12153459,-0.9004557,-9.746094,6609,0,0,0,1
9116464613,0.21199407,0.0075948513,-0.02929584,10469,0,-0.12153458,-0.9280771,-9.724609,8422,0,0,0,1
9116473889,0.15468004,0.023478355,-0.022457628,9276,0,-0.10613828,-0.9403022,-9.715101,13875,0,0,0,1
9116484619,0.1194629,0.03245337,-0.0029279806,10730,0,-0.080102526,-0.9418878,-9.724609,9373,0,0,0,1
9116494102,0.11739156,0.023475135,0.025389718,9483,0,-0.10634284,-0.9957496,-9.683594,7333,0,0,0,1
9116504595,0.10634238,0.019334365,0.029296689,10493,0,-0.1888053,-1.0315232,-9.700376,23068,0,0,0,1
9116513863,0.093222,0.015882941,0.018554585,9268,0,-0.22925788,-1.0634215,-9.6875,8629,0,0,0,1
9116523731,0.10288981,-0.0020715373,0.01952983,9868,0,-0.26930884,-1.1034725,-9.6484375,7671,0,0,0,1
9116534724,0.10496155,-0.026240343,0.020505764,10993,0,-0.3093598,-1.1435237,-9.626955,7940,0,0,0,1
9116544359,0.08217439,-0.05455128,0.006832659,9635,0,-0.3093598,-1.1711448,-9.666016,6575,0,0,0,1
9116553913,0.066982746,-0.07941026,-0.011721064,9554,0,-0.26792777,-1.1573343,-9.740234,8255,0,0,0,1
9116564473,0.06353023,-0.08010097,-0.02929714,10560,0,-0.20025548,-1.1172836,-9.832033,8496,0,0,0,1
9116574728,0.07181598,-0.0566241,-0.027341858,10255,0,-0.11262825,-1.0146056,-9.923816,14592,0,0,0,1
9116584700,0.101507716,-0.032457467,2.9117418e-06,9972,0,-0.17401516,-1.0358005,-9.875002,9212,0,0,0,1
9116594343,0.12981972,-0.037290808,0.023437843,9643,0,-0.2969302,-1.1034727,-9.761719,6907,0,0,0,1
9116603793,0.13189273,-0.07112466,0.020504333,9450,0,-0.4046535,-1.1835743,-9.667969,8439,0,0,0,1
9116614010,0.1104877,-0.099433884,-0.011722902,10217,0,-0.4227734,-1.2595655,-9.719303,14639,0,0,0,1
9116624703,0.09115308,-0.10357696,-0.042970788,10693,0,-0.32317054,-1.2125773,-9.873047,8554,0,0,0,1
9116634221,0.10012852,-0.09184081,-0.049802914,9518,0,-0.2679278,-1.1573343,-9.970703,7479,0,0,0,1
9116644529,0.12222481,-0.068364434,-0.041012164,10308,0,-0.23391835,-1.1509464,-10.029297,15099,0,0,0,1
9116654931,0.13327353,-0.042123776,-0.03319973,10402,0,-0.22925793,-1.1186644,-9.970703,9576,0,0,0,1
9116663819,0.13810703,-0.029003013,-0.029295193,8888,0,-0.2016365,-1.1186641,-9.910154,6764,0,0,0,1
9116674779,0.11324772,-0.015191906,-0.022460066,10960,0,-0.14634296,-1.0771308,-9.825089,15210,0,0,0,1
9116685097,0.044194452,0.011048039,-0.0039044959,10318,0,-0.11877247,-1.0081793,-9.794924,7696,0,0,0,1
9116694098,-0.011738596,0.037977993,0.037110936,9001,0,-0.11877244,-1.0358005,-9.851561,9419,0,0,0,1
9116704536,-0.016572172,0.05800508,0.07910153,10438,0,-0.16020449,-1.1048537,-9.910156,7406,0,0,0,1
9116715012,0.007595181,0.073888905,0.08691262,10476,0,-0.28437853,-1.1896186,-9.924139,14256,0,0,0,1
9116724992,0.044193354,0.07734262,0.07812266,9980,0,-0.36322147,-1.2802494,-9.855471,8847,0,0,0,1
9116734884,0.06491007,0.06767409,0.06640455,9892,0,-0.41708308,-1.3617324,-9.779297,8037,0,0,0,1
9116744409,0.049026586,0.060077254,0.03515673,9525,0,-0.43089378,-1.3755431,-9.724609,7677,0,0,0,1
9116754597,0.008975551,0.053171292,0.001954769,10188,0,-0.37467062,-1.31932,-9.696836,14666,0,0,0,1
9116764777,-0.039361,0.04764686,-0.010740044,10180,0,-0.2969302,-1.2664387,-9.779297,9133,0,0,0,1
9116774887,-0.082863875,0.056624282,-0.0078110336,10110,0,-0.29693013,-1.2664387,-9.796873,7513,0,0,0,1
9116785161,-0.1173905,0.07457811,-0.004882407,10274,0,-0.2768038,-1.2330879,-9.812291,15815,0,0,0,1
9116794609,-0.13741653,0.08355421,-0.009765236,9448,0,-0.22787681,-1.1973853,-9.853516,6763,0,0,0,1
9116804108,-0.14225009,0.07733973,-0.010741184,9499,0,-0.2403064,-1.1849558,-9.800783,8034,0,0,0,1
9116814816,-0.15467976,0.05662389,-0.010739081,10708,0,-0.28173846,-1.1987664,-9.705078,8436,0,0,0,1
9116824887,-0.19058836,0.031762887,-0.025385367,10071,0,-0.31656674,-1.233856,-9.675478,14508,0,0,0,1
9116834896,-0.25549847,0.023475325,-0.05175474,10009,0,-0.2831195,-1.252628,-9.685547,9277,0,0,0,1
9116844166,-0.3411239,0.03176285,-0.0771485,9270,0,-0.26792777,-1.1849556,-9.666016,7579,0,0,0,1
9116854910,-0.4398697,0.042125877,-0.08691434,10744,0,-0.23569031,-1.0425328,-9.7048645,15365,0,0,0,1
9116865303,-0.54275805,0.06077653,-0.083011225,10393,0,-0.10634282,-0.8852638,-9.78125,7084,0,0,0,1
9116874769,-0.57866555,0.078728504,-0.07227213,9466,0,0.0013804715,-0.77754074,-9.912109,8437,0,0,0,1
9116885386,-0.5109929,0.08839742,-0.04395389,10617,0,0.041431434,-0.765111,-10.027344,8382,0,0,0,1
9116895361,-0.42191204,0.13190311,-0.0117453495,9975,0,-0.041679945,-0.86124706,-10.048748,14319,0,0,0,1
9116905257,-0.39705533,0.21613963,-0.003938483,9896,0,-0.14915594,-0.9004557,-9.892578,9165,0,0,0,1
9116914441,-0.43849158,0.294853,-0.019549597,9184,0,-0.1892069,-0.88802624,-9.757814,7807,0,0,0,1
9116924934,-0.51100034,0.33006778,-0.044917278,10493,0,-0.22925785,-0.847975,-9.646484,7406,0,0,0,1
9116934541,-0.58558226,0.32177785,-0.07614659,9607,0,-0.18805249,-0.73747855,-9.597824,14921,0,0,0,1
9116944787,-0.6325351,0.29416257,-0.09274833,10246,0,-0.12153454,-0.6021449,-9.628905,8841,0,0,0,1
9116955530,-0.6387431,0.25067326,-0.07614676,10743,0,-0.052481167,-0.5330916,-9.646484,7667,0,0,0,1
9116964654,-0.63390714,0.20717493,-0.04978084,9124,0,-0.018229738,-0.45924744,-9.712765,14756,0,0,0,1
9116975471,-0.62631416,0.18989891,-0.0449147,10817,0,0.06905281,-0.41155764,-9.833985,8635,0,0,0,1
9116984835,-0.5938601,0.19058274,-0.05078714,9364,0,0.1505358,-0.35769597,-9.894531,7860,0,0,0,1
9116995160,-0.5413771,0.18782812,-0.040045545,10325,0,0.17677605,-0.30383432,-9.9140625,8194,0,0,0,1
9117005772,-0.4895854,0.18161818,-0.01953668,10612,0,0.16434646,-0.26378328,-9.902812,15613,0,0,0,1
9117015220,-0.44884402,0.18507044,-0.0009845615,9448,0,0.19058676,-0.2624023,-9.892578,7133,0,0,0,1
9117025299,-0.4212247,0.20578152,0.0058480687,10079,0,0.17815715,-0.22235131,-9.890625,7591,0,0,0,1
9117034912,-0.40603554,0.22787316,-0.0029400918,9613,0,0.13810618,-0.18230036,-9.890625,8355,0,0,0,1
9117044983,-0.3977495,0.23063484,-0.013674247,10071,0,0.17040166,-0.12238348,-9.81767,14806,0,0,0,1
9117054650,-0.39843902,0.23270832,-0.018555207,9667,0,0.21820813,-0.07457706,-9.746092,8435,0,0,0,1
9117065225,-0.41293794,0.25135642,-0.012698536,10575,0,0.24582945,-0.019334342,-9.761717,8450,0,0,0,1
9117075462,-0.42260134,0.26931688,0.010737838,10237,0,0.31375596,0.033787053,-9.786765,14319,0,0,0,1
9117085455,-0.41500592,0.2893419,0.0331942,9993,0,0.31212074,0.019335566,-9.853516,8451,0,0,0,1
9117094845,-0.41362923,0.31005147,0.03807849,9390,0,0.39360368,-0.03452608,-9.892576,7745,0,0,0,1
9117105475,-0.43918133,0.3024506,0.030282145,10630,0,0.2996911,-0.04833676,-10.009766,8478,0,0,0,1
9117115961,-0.39568242,0.29623073,0.00585018,10486,0,0.103345014,-0.1613712,-10.100602,14492,0,0,0,1
9117125623,-0.25137556,0.3383343,-0.0752472,9662,0,0.19196782,-0.12843868,-10.011718,8834,0,0,0,1
9117135048,-0.13605826,0.41498348,-0.17680474,9425,0,0.32731247,0.0069059585,-9.951172,7366,0,0,0,1
9117145095,-0.090459295,0.47024494,-0.19826293,10047,0,0.5736011,0.21223427,-9.816149,15137,0,0,0,1
9117155720,-0.07939107,0.48406592,-0.15234911,10625,0,0.67948496,0.35907832,-9.724611,9510,0,0,0,1
9117165485,-0.068339035,0.49649608,-0.10059152,9765,0,0.70710605,0.33145687,-9.705078,6815,0,0,0,1
9117174903,-0.04072696,0.51997143,-0.06934836,9418,0,0.7057251,0.27759525,-9.6875,8233,0,0,0,1
9117185213,-0.022095019,0.55795044,-0.06934472,10310,0,0.77530855,0.27993187,-9.597582,14510,0,0,0,1
9117194857,-0.034528334,0.6090515,-0.07909653,9644,0,0.8686911,0.38808066,-9.5703125,8759,0,0,0,1
9117205205,-0.048327114,0.6201009,-0.05956381,10348,0,0.9101231,0.4819933,-9.568359,7412,0,0,0,1
9117214988,-0.04417965,0.57728744,-0.028320702,9783,0,0.8963125,0.4681826,-9.548828,13445,0,0,0,1
9117225695,-0.05869702,0.5462126,-0.030265456,10707,0,0.86988217,0.38927165,-9.566675,11163,0,0,0,1
9117234755,-0.10013893,0.5434502,-0.05369056,9060,0,0.9225528,0.38669956,-9.609375,6779,0,0,0,1
9117245005,-0.13396706,0.5372362,-0.061509047,10250,0,1.0316571,0.38531852,-9.646484,8378,0,0,0,1
9117255198,-0.1553655,0.54897666,-0.05272585,10193,0,1.1409152,0.37111434,-9.735739,14378,0,0,0,1
9117265504,-0.17884162,0.59593314,-0.042963944,10306,0,1.2194824,0.4405612,-9.814452,9172,0,0,0,1
9117275937,-0.17607877,0.63322127,-0.03125709,10433,0,1.3410163,0.5620952,-9.871094,7149,0,0,0,1
9117285666,-0.11668818,0.62217283,-0.008820018,9729,0,1.4778152,0.64365155,-9.902317,15062,0,0,0,1
9117295905,-0.033823166,0.580741,0.017540287,10239,0,1.5329846,0.67119956,-9.814453,7830,0,0,0,1
9117305562,0.031087738,0.5379277,0.043914415,9657,0,1.5316038,0.5897166,-9.722656,8844,0,0,0,1
9117315819,0.06009107,0.4951131,0.07420515,10257,0,1.4774396,0.48307198,-9.578827,14570,0,0,0,1
9117326616,0.05939233,0.44608438,0.08202903,10797,0,1.4086889,0.38669968,-9.433596,8128,0,0,0,1
9117334852,0.037281744,0.39360422,0.054693595,8236,0,1.4086887,0.35907823,-9.378905,8245,0,0,0,1
9117345686,-0.0076046367,0.34595683,0.015635928,10834,0,1.4901719,0.41293988,-9.378908,8007,0,0,0,1
9117355649,-0.050415587,0.29485723,-0.007798756,9963,0,1.639327,0.50685245,-9.414061,8590,0,0,0,1
9117366028,-0.071812935,0.2541171,0.003913216,10379,0,1.8585236,0.6292991,-9.52175,13942,0,0,0,1
9117376318,-0.07940194,0.24928541,0.04687699,10290,0,1.939019,0.7236802,-9.609375,9210,0,0,0,1
9117385762,-0.060753383,0.24307297,0.10937145,9444,0,1.8851571,0.6698185,-9.548828,7651,0,0,0,1
9117396152,-0.038658973,0.21821284,0.15527043,10390,0,1.7159685,0.50062966,-9.4478445,15024,0,0,0,1
9117405927,-0.07250688,0.21751346,0.15039705,9775,0,1.6130868,0.39774817,-9.470703,8586,0,0,0,1
9117415382,-0.118086815,0.2257975,0.1250076,9455,0,1.6407079,0.42536944,-9.568357,6828,0,0,0,1
9117426092,-0.1146276,0.21544693,0.12500036,10710,0,1.6821399,0.4668015,-9.6484375,8411,0,0,0,1
9117436309,-0.09390862,0.20992643,0.14257473,10217,0,1.7159052,0.44700497,-9.706808,14781,0,0,0,1
9117446290,-0.060761984,0.19611712,0.16112801,9981,0,1.7069992,0.38669956,-9.707031,8536,0,0,0,1
9117455979,-0.0006826242,0.1526167,0.17382053,9689,0,1.6531374,0.3328379,-9.626953,7783,0,0,0,1
9117466199,0.041437514,0.0939185,0.151362,10220,0,1.591912,0.22926342,-9.496101,14850,0,0,0,1
9117476386,0.059390545,0.029006388,0.10448846,10187,0,1.6130867,0.20992291,-9.509766,9173,0,0,0,1
9117485603,0.08632218,-0.043499228,0.064448796,9217,0,1.6683295,0.20992288,-9.587891,7722,0,0,0,1
9117496127,0.12360972,-0.09736053,0.020505475,10524,0,1.7091208,0.2645769,-9.685621,14814,0,0,0,1
9117506169,0.16158919,-0.11186074,-0.026365532,10042,0,1.776053,0.37288904,-9.703125,7544,0,0,0,1
9117515766,0.22994834,-0.13741617,-0.038083013,9597,0,1.7760527,0.4005103,-9.644531,8657,0,0,0,1
9117525647,0.33145306,-0.21268915,-0.029299596,9881,0,1.6945697,0.31902722,-9.566404,7873,0,0,0,1
9117535977,0.3832487,-0.28518537,-0.052745134,10330,0,1.5854654,0.23754425,-9.527342,9300,0,0,0,1
9117546296,0.36806217,-0.33489507,-0.09279361,10319,0,1.6100496,0.20992288,-9.578516,14179,0,0,0,1
9117555819,0.3632167,-0.39774624,-0.09572445,9523,0,1.6821401,0.22373354,-9.759764,7851,0,0,0,1
9117566313,0.4011883,-0.44954783,-0.070315495,10494,0,1.6268973,0.22373359,-9.912109,7576,0,0,0,1
9117575452,0.45436624,-0.44609302,-0.05661858,9139,0,1.5716544,0.19611225,-9.981404,14854,0,0,0,1
9117585960,0.50961167,-0.41570756,-0.045869216,10508,0,1.5716547,0.19611228,-9.912109,8917,0,0,0,1
9117595870,0.5593238,-0.41709498,-0.022443516,9910,0,1.5177928,0.114629254,-9.851561,7684,0,0,0,1
9117606146,0.5676155,-0.44056493,-0.013679928,10276,0,1.4376913,0.006905921,-9.759766,8221,0,0,0,1
9117616504,0.52274233,-0.43985915,-0.035172906,10358,0,1.3709145,-0.10040691,-9.609958,14246,0,0,0,1
9117626177,0.46749866,-0.4260498,-0.052749176,9673,0,1.356208,-0.12981975,-9.550781,9035,0,0,0,1
9117635892,0.4288208,-0.42191574,-0.04981646,9715,0,1.3700187,-0.11600912,-9.550781,7445,0,0,0,1
9117645961,0.40050593,-0.41570428,-0.038093496,10069,0,1.3552847,-0.116009116,-9.578778,14881,0,0,0,1
9117656187,0.3901449,-0.42468432,-0.01953793,10226,0,1.3023465,-0.12843874,-9.568359,8905,0,0,0,1
9117666309,0.3922161,-0.4543776,-0.0009857371,10122,0,1.2484848,-0.18230036,-9.546873,7496,0,0,0,1
9117675736,0.39221722,-0.49028423,0.0146365035,9427,0,1.1794317,-0.25135377,-9.548828,8430,0,0,0,1
9117685704,0.40947792,-0.54760075,0.03905143,9968,0,1.1117591,-0.3190261,-9.5703125,14363,0,0,0,1
9117696519,0.44746068,-0.6159608,0.055658016,10815,0,1.0178465,-0.41293877,-9.6484375,8813,0,0,0,1
9117706190,0.49167225,-0.66152227,0.038092017,9671,0,0.96398497,-0.52204305,-9.705078,7457,0,0,0,1
9117716175,0.51033205,-0.62353027,-0.0156000815,9985,0,0.87222314,-0.70693976,-9.69281,14954,0,0,0,1
9117726600,0.45095137,-0.48541927,-0.075167544,10425,0,0.8010189,-0.6573878,-9.666016,9599,0,0,0,1
9117736487,0.36461207,-0.36045116,-0.08006561,9887,0,0.8686911,-0.5344727,-9.6875,6576,0,0,0,1
9117745813,0.3397284,-0.32180414,-0.023433305,9326,0,0.8949314,-0.48061103,-9.759764,8493,0,0,0,1
9117756057,0.34732687,-0.3073004,0.024419747,10244,0,0.75470805,-0.606028,-9.902502,14204,0,0,0,1
9117765643,0.34181246,-0.27828676,0.029303988,9586,0,0.58281004,-0.7374897,-9.931641,8947,0,0,0,1
9117776155,0.34458125,-0.27827924,0.0078130765,10512,0,0.51513773,-0.80516195,-9.894529,7403,0,0,0,1
9117786484,0.35080102,-0.30934736,-0.031257905,10329,0,0.498109,-0.7843468,-9.86567,15182,0,0,0,1
9117796601,0.33008468,-0.32592025,-0.06836993,10117,0,0.5980018,-0.69743884,-9.9140625,8471,0,0,0,1
9117805826,0.29417127,-0.31073523,-0.07910724,9225,0,0.7057252,-0.642196,-9.972658,7868,0,0,0,1
9117816716,0.27137652,-0.2727648,-0.055660956,10890,0,0.8142115,-0.54744387,-10.068467,15001,0,0,0,1
9117826763,0.28310812,-0.23341385,-0.003893683,10047,0,0.82725894,-0.5482832,-10.068357,7740,0,0,0,1
9117836375,0.32730225,-0.20717354,0.05177263,9612,0,0.7747786,-0.6836281,-10.027344,9654,0,0,0,1
9117846085,0.35976282,-0.18299705,0.07813668,9710,0,0.66705513,-0.8189727,-9.910157,6840,0,0,0,1
9117856539,0.35355324,-0.17125168,0.074221216,10454,0,0.5091027,-0.935145,-9.71271,15786,0,0,0,1
9117866824,0.3293871,-0.19956468,0.07030015,10285,0,0.39498484,-1.0358003,-9.609377,6649,0,0,0,1
9117876577,0.3100524,-0.2548093,0.07419982,9753,0,0.3397421,-1.091043,-9.587891,9059,0,0,0,1
9117886051,0.31005394,-0.31419224,0.07127406,9474,0,0.25825912,-1.1449046,-9.607424,7387,0,0,0,1
9117896557,0.32386902,-0.37633526,0.050769433,10506,0,0.190091,-1.2130725,-9.606411,14988,0,0,0,1
9117906478,0.33699402,-0.4474566,0.019515358,9921,0,0.17677608,-1.1987662,-9.626953,8235,0,0,0,1
9117916945,0.34044454,-0.5185835,-0.007831092,10467,0,0.21820816,-1.1849558,-9.628906,7675,0,0,0,1
9117926380,0.31558135,-0.5475884,-0.024433974,9435,0,0.2653254,-1.2190757,-9.693585,15841,0,0,0,1
9117936372,0.26516792,-0.50546867,-0.029308172,9992,0,0.31488287,-1.1987664,-9.800781,7329,0,0,0,1
9117946076,0.24306343,-0.4378012,-0.014642838,9704,0,0.3135018,-1.1449046,-9.875,8239,0,0,0,1
9117956977,0.28103524,-0.4081129,0.020527054,10901,0,0.29969114,-1.131094,-9.873047,8397,0,0,0,1
9117966822,0.3273006,-0.41985247,0.054701608,9845,0,0.13783796,-1.2358323,-9.746823,14679,0,0,0,1
9117976942,0.3141874,-0.43849465,0.07323262,10120,0,-0.06767294,-1.3879727,-9.666016,9168,0,0,0,1
9117986415,0.25273868,-0.45575464,0.06735547,9473,0,-0.17401516,-1.4418341,-9.687499,6794,0,0,0,1
9117997093,0.20578921,-0.48751476,0.04392204,10678,0,-0.22649577,-1.4418346,-9.740235,8704,0,0,0,1
9118006345,0.20372097,-0.55035096,0.018542236,9252,0,-0.2423482,-1.3628016,-9.821,14262,0,0,0,1
9118017021,0.22581625,-0.6415019,-0.0058643683,10676,0,-0.2154472,-1.2374363,-9.912109,8740,0,0,0,1
9118026633,0.24584077,-0.7291999,-0.02539687,9612,0,-0.18920693,-1.1835747,-9.9921875,11386,0,0,0,1
9118036408,0.26378676,-0.7872077,-0.03222756,9775,0,-0.19223715,-1.1711451,-10.080506,11317,0,0,0,1
9118047168,0.30314052,-0.8169038,-0.02732496,10760,0,-0.2541171,-1.1987664,-10.087892,9177,0,0,0,1
9118056474,0.36252502,-0.8265724,-0.020467015,9306,0,-0.33698118,-1.3064897,-10.046875,7782,0,0,0,1
9118067225,0.41086927,-0.8030912,-0.022423426,10751,0,-0.48579586,-1.5215082,-9.89392,14860,0,0,0,1
9118076446,0.42951605,-0.7471565,-0.026333252,9221,0,-0.6629131,-1.6849022,-9.740232,7244,0,0,0,1
9118085838,0.41984466,-0.6905344,-0.024400992,9392,0,-0.77063656,-1.7401452,-9.685547,8968,0,0,0,1
9118096548,0.40741783,-0.65324354,-0.028314842,10710,0,-0.8383087,-1.8078173,-9.626953,7791,0,0,0,1
9118107072,0.40949756,-0.6249269,-0.045887,10524,0,-0.89217055,-1.8616792,-9.625,8391,0,0,0,1
9118117264,0.4170977,-0.59523153,-0.0712743,10192,0,-0.98248273,-1.9134582,-9.676117,14075,0,0,0,1
9118127276,0.4267613,-0.5551837,-0.08884816,10012,0,-1.0551364,-1.9970236,-9.724609,9050,0,0,0,1
9118136794,0.44540393,-0.50615823,-0.10153647,9518,0,-1.0938064,-1.983213,-9.722658,7980,0,0,0,1
9118147216,0.4599081,-0.4585081,-0.12302428,10422,0,-1.053057,-2.0974016,-9.611144,14132,0,0,0,1
9118156853,0.43367463,-0.38668448,-0.15232557,9637,0,-1.0413259,-2.2014215,-9.451172,8485,0,0,0,1
9118166381,0.34597647,-0.27136365,-0.16795585,9528,0,-0.98608303,-2.1738005,-9.376953,7720,0,0,0,1
9118176507,0.22374523,-0.14500172,-0.14647603,10126,0,-0.9184108,-2.106128,-9.341797,8491,0,0,0,1
9118186718,0.12084704,-0.05593196,-0.08593328,10211,0,-0.87974083,-1.9179964,-9.330884,14484,0,0,0,1
9118196379,0.062837765,-0.02279041,-0.017577484,9661,0,-0.94603217,-1.8630598,-9.363279,8237,0,0,0,1
9118206895,0.029001763,-0.017955432,0.022460558,10516,0,-1.0137045,-1.9583539,-9.416017,8379,0,0,0,1
9118217211,-0.008286622,-0.012430521,0.02929643,10316,0,-1.0813262,-2.0259757,-9.560047,14653,0,0,0,1
9118227183,-0.043503977,0.006213835,0.017577616,9972,0,-1.067566,-2.0370746,-9.720705,8476,0,0,0,1
9118236564,-0.05593385,0.04350306,0.0068346597,9381,0,-1.0413257,-2.0356934,-9.814453,7472,0,0,0,1
9118246820,-0.051790606,0.098746024,-0.0009791096,10256,0,-0.98206365,-2.0040526,-9.789238,15763,0,0,0,1
9118256979,-0.06283885,0.15675104,-0.004884434,10159,0,-0.9598428,-1.90173,-9.703125,7283,0,0,0,1
9118266676,-0.091838956,0.18299238,0.009768095,9697,0,-0.91841084,-1.8078173,-9.666018,8251,0,0,0,1
9118276531,-0.12221982,0.17470719,0.041020755,9855,0,-0.89217055,-1.7815772,-9.6484375,8585,0,0,0,1
9118286779,-0.15881798,0.16849229,0.07324808,10248,0,-0.8529416,-1.8078172,-9.674038,14363,0,0,0,1
9118297508,-0.20439534,0.1836826,0.098637335,10729,0,-0.8645491,-1.8091984,-9.781249,9605,0,0,0,1
9118307314,-0.24513906,0.21613726,0.11914141,9806,0,-0.8521195,-1.8492491,-9.855469,6866,0,0,0,1
9118316540,-0.27207416,0.26930717,0.12694727,9226,0,-0.8244982,-1.9293512,-9.894531,8220,0,0,0,1
9118326938,-0.31213087,0.35078564,0.11913189,10398,0,-0.82214695,-2.0118043,-9.840647,14565,0,0,0,1
9118337234,-0.38947457,0.45159855,0.109371305,10296,0,-0.783066,-1.9431615,-9.7578125,8342,0,0,0,1
9118346867,-0.4744041,0.5489682,0.11425825,9633,0,-0.7982577,-1.7125236,-9.744139,8651,0,0,0,1
9118357083,-0.5137443,0.56762785,0.14747122,10216,0,-0.79766995,-1.446528,-9.682207,14248,0,0,0,1
9118367710,-0.48610088,0.45024997,0.18949118,10627,0,-0.8383089,-1.537128,-9.568359,9318,0,0,0,1
9118377432,-0.44468105,0.3093653,0.1875442,9722,0,-0.93498373,-1.6586622,-9.609376,6773,0,0,0,1
9118386986,-0.45368806,0.26169026,0.12990226,9554,0,-0.94741315,-1.7539554,-9.628904,8318,0,0,0,1
9118397172,-0.5047978,0.29759082,0.06347429,10186,0,-0.781557,-1.7932656,-9.636212,14798,0,0,0,1
9118407320,-0.571084,0.37632364,0.03123308,10148,0,-0.6629132,-1.6849022,-9.6640625,9046,0,0,0,1
9118417327,-0.64427155,0.45782015,0.027327754,10007,0,-0.5938598,-1.5633683,-9.683594,7763,0,0,0,1
9118427591,-0.71747404,0.53377056,0.0077997125,10264,0,-0.5123768,-1.457026,-9.738283,8186,0,0,0,1
9118436942,-0.7754863,0.6207681,-0.027370574,9351,0,-0.39289057,-1.2970358,-9.793879,14194,0,0,0,1
9118447625,-0.7927281,0.6891574,-0.020540683,10683,0,-0.2969302,-1.131094,-9.759766,8928,0,0,0,1
9118456808,-0.7726683,0.69541204,0.042952165,9183,0,-0.2845006,-1.0358003,-9.705078,7378,0,0,0,1
9118467853,-0.7540256,0.64776117,0.110369906,11045,0,-0.32317042,-1.0219896,-9.628906,14196,0,0,0,1
9118476827,-0.75127715,0.58559334,0.13969001,8974,0,-0.36211774,-1.1048338,-9.518108,9232,0,0,0,1
9118487201,-0.7803091,0.5620812,0.12111973,10374,0,-0.37841326,-1.1573346,-9.511721,7762,0,0,0,1
9118497668,-0.8493821,0.5869151,0.074235626,10467,0,-0.32431114,-1.0372139,-9.587295,15788,0,0,0,1
9118507733,-0.90737957,0.6034983,0.041033134,10065,0,-0.21406612,-0.805162,-9.720703,7062,0,0,0,1
9118517847,-0.89907414,0.5745245,0.041033592,10114,0,-0.1201535,-0.7112494,-9.796875,8753,0,0,0,1
9118527371,-0.82587,0.5289627,0.05566324,9524,0,-0.052481167,-0.6435771,-9.833984,7804,0,0,0,1
9118537622,-0.7582018,0.5110039,0.064436555,10251,0,-0.024231397,-0.58770597,-9.884277,15164,0,0,0,1
9118547757,-0.73403853,0.51997274,0.063460276,10135,0,0.04281251,-0.49304062,-9.912109,8679,0,0,0,1
9118557772,-0.7147072,0.52549136,0.0536991,10015,0,0.1505358,-0.35769597,-9.931641,7069,0,0,0,1
9118567437,-0.673958,0.5192875,0.060532793,9665,0,0.28588045,-0.24997267,-9.951174,8638,0,0,0,1
9118577443,-0.6311327,0.51516,0.09666411,10006,0,0.38932216,-0.1162431,-9.939582,14212,0,0,0,1
9118587042,-0.6097258,0.51723117,0.13377887,9599,0,0.419844,-0.033145007,-9.933594,8973,0,0,0,1
9118597735,-0.59454185,0.5116958,0.15136367,10693,0,0.39360374,-0.03452608,-9.89258,7170,0,0,0,1
9118607770,-0.57728183,0.47508913,0.1504022,10035,0,0.320181,-0.05420387,-9.833984,15183,0,0,0,1
9118617942,-0.55173564,0.4025746,0.12990773,10172,0,0.31350183,-0.0069047236,-9.8515625,9567,0,0,0,1
9118627038,-0.50616735,0.32937053,0.08888591,9096,0,0.33974212,-0.008285791,-9.873047,6767,0,0,0,1
9118637745,-0.4571425,0.30105928,0.04492054,10707,0,0.36598238,-0.034526076,-9.9140625,8400,0,0,0,1
9118647826,-0.43849784,0.32384923,0.015610742,10081,0,0.45591858,0.0029295848,-9.931641,14330,0,0,0,1
9118657608,-0.4495422,0.37081116,0.0009623221,9782,0,0.55518866,0.102199644,-9.912109,9560,0,0,0,1
9118668169,-0.46956313,0.4253689,0.0009626805,10561,0,0.622861,0.16987197,-9.912109,6569,0,0,0,1
9118677325,-0.49510995,0.48268643,0.008775003,9156,0,0.7813078,0.3807993,-9.870165,23509,0,0,0,1
9118688329,-0.5054697,0.5165208,0.012686408,11004,0,0.93636346,0.50823355,-9.757814,8383,0,0,0,1
9118698267,-0.49787083,0.51859516,0.02147988,9938,0,1.0192275,0.6159569,-9.685547,7663,0,0,0,1
9118707696,-0.50201154,0.5144542,0.03711293,9429,0,1.0868999,0.68362933,-9.646484,6792,0,0,0,1
9118717932,-0.5282502,0.5172172,0.057626773,10236,0,1.1407615,0.7651122,-9.607422,8073,0,0,0,1
9118727773,-0.5572442,0.5103198,0.09474253,9841,0,1.1808125,0.8051632,-9.568359,8170,0,0,0,1
9118738200,-0.5703553,0.479255,0.15041038,10427,0,1.2070525,0.7513015,-9.548826,7672,0,0,0,1
9118747614,-0.5855507,0.45577323,0.1963071,9414,0,1.1656207,0.6573889,-9.550781,9220,0,0,0,1
9118757659,-0.6145738,0.45989385,0.20215696,10045,0,1.0645634,0.6372516,-9.621596,13901,0,0,0,1
9118767324,-0.6159633,0.45436054,0.18164408,9665,0,1.0330381,0.6297675,-9.685547,8245,0,0,0,1
9118777967,-0.5876528,0.44124126,0.15331653,10643,0,1.0178466,0.58971655,-9.703125,8398,0,0,0,1
9118788007,-0.58144975,0.45987302,0.10838635,10040,0,1.0495975,0.6210822,-9.720431,14721,0,0,0,1
9118798010,-0.57730913,0.495779,0.05759819,10003,0,1.1670017,0.8465951,-9.777342,9686,0,0,0,1
9118807222,-0.5420796,0.50338924,0.033184983,9212,0,1.2885361,0.9681292,-9.759766,6348,0,0,0,1
9118817771,-0.4909667,0.49511692,0.04002282,10549,0,1.3976402,1.0219907,-9.742187,8753,0,0,0,1
9118828153,-0.44607848,0.5151471,0.056612507,10382,0,1.4862571,1.0829864,-9.704182,14336,0,0,0,1
9118837820,-0.4246734,0.5558869,0.07224042,9667,0,1.5606065,1.1573355,-9.607422,8023,0,0,0,1
9118848057,-0.41983742,0.5828176,0.09178556,10237,0,1.5882273,1.1849568,-9.509766,8438,0,0,0,1
9118858439,-0.4219077,0.58488846,0.10937536,10382,0,1.6645157,1.261245,-9.439805,14753,0,0,0,1
9118868313,-0.4212194,0.5703847,0.119145624,9874,0,1.7498126,1.3465419,-9.433594,8776,0,0,0,1
9118877425,-0.4060274,0.5413828,0.12695609,9112,0,1.8022931,1.3741632,-9.431641,7889,0,0,0,1
9118888149,-0.38462302,0.51307005,0.13085936,10724,0,1.8285335,1.3755442,-9.410158,7436,0,0,0,1
9118897824,-0.36736146,0.49856824,0.13280962,9675,0,1.8571784,1.3617334,-9.423648,15920,0,0,0,1
9118907180,-0.35147995,0.49235326,0.13573769,9356,0,1.8837758,1.375544,-9.45117,7347,0,0,0,1
9118918047,-0.3335253,0.48544863,0.14062004,10867,0,1.9252081,1.389355,-9.449217,7631,0,0,0,1
9118928481,-0.31488007,0.47232875,0.14452706,10434,0,2.029785,1.4008383,-9.450558,23835,0,0,0,1
9118938082,-0.28933322,0.4523016,0.13964346,9601,0,2.0743637,1.4004033,-9.433594,8091,0,0,0,1
9118947799,-0.25343022,0.43020236,0.121085905,9717,0,2.0743637,1.428025,-9.414064,7822,0,0,0,1
9118957983,-0.22305048,0.4108649,0.09276686,10184,0,2.0881743,1.4694569,-9.359373,6850,0,0,0,1
9118968253,-0.19542839,0.37771896,0.06444982,10270,0,2.1296067,1.4832678,-9.322268,7795,0,0,0,1
9118977974,-0.16089725,0.32662147,0.04687241,9721,0,2.1696568,1.4956969,-9.302734,8264,0,0,0,1
9118988041,-0.12567645,0.27345213,0.041989822,10067,0,2.2083273,1.5095077,-9.285156,7826,0,0,0,1
9118998513,-0.09252933,0.21682893,0.042967133,10472,0,2.2156978,1.516878,-9.256516,16413,0,0,0,1
9119008744,-0.057312187,0.16503903,0.043942854,10231,0,2.168276,1.4694567,-9.263671,6580,0,0,0,1
9119018261,-0.027621133,0.1298211,0.036130365,9517,0,2.1296062,1.4556464,-9.302734,9034,0,0,0,1
9119027901,0.010357688,0.08493641,0.020504886,9640,0,2.101985,1.4280248,-9.324217,7383,0,0,0,1
9119038191,0.072505236,0.010359285,-0.00977049,10290,0,2.0395212,1.3931825,-9.370388,14855,0,0,0,1
9119048380,0.16503619,-0.09598135,-0.06836681,10189,0,2.0743637,1.4004033,-9.4921875,8880,0,0,0,1
9119058307,0.3100472,-0.24513741,-0.1435638,9927,0,2.1144147,1.4155952,-9.587893,7679,0,0,0,1
9119068397,0.50339204,-0.43434954,-0.21875939,10090,0,2.1144142,1.4432163,-9.624998,8225,0,0,0,1
9119078642,0.7043352,-0.6270116,-0.2900473,10245,0,2.1362445,1.5034245,-9.647481,14441,0,0,0,1
9119088196,0.86936295,-0.78101367,-0.3251997,9554,0,2.1958976,1.5219373,-9.628904,8431,0,0,0,1
9119098824,0.98258907,-0.8915222,-0.30567023,10628,0,2.2097082,1.5909908,-9.609375,8421,0,0,0,1
9119109069,1.058528,-0.9757866,-0.25782594,10245,0,2.188518,1.5951072,-9.547485,14194,0,0,0,1
9119118759,1.0820293,-0.99371964,-0.2177702,9690,0,2.086793,1.3354933,-9.511719,9360,0,0,0,1
9119127912,1.0192347,-0.9170259,-0.20896797,9153,0,1.9652593,1.2940614,-9.511719,6779,0,0,0,1
9119138617,0.9446574,-0.8521108,-0.20410337,10705,0,1.9398184,1.387756,-9.538399,15822,0,0,0,1
9119148810,0.96739,-0.9122407,-0.15530686,10193,0,1.8022928,1.3493037,-9.6640625,8036,0,0,0,1
9119157520,1.0550736,-1.0234333,-0.093773544,8710,0,1.6117059,1.1587166,-9.738283,8232,0,0,0,1
9119167856,1.0958642,-1.0475547,-0.078113385,10336,0,1.3948783,0.88664615,-9.775391,7811,0,0,0,1
9119178332,1.0627521,-0.9798488,-0.095669284,10476,0,1.1926906,0.6411579,-9.832448,14477,0,0,0,1
9119188988,1.0220041,-0.9335876,-0.107413925,10656,0,1.0578974,0.5496656,-9.8125,9080,0,0,0,1
9119198232,1.0157762,-0.96743286,-0.11234066,9244,0,0.9211716,0.30521658,-9.775391,7854,0,0,0,1
9119208912,0.94675165,-0.9370203,-0.1484653,10680,0,0.74577594,-0.08838776,-9.777344,7406,0,0,0,1
9119218943,0.7582927,-0.7512134,-0.22265702,10031,0,0.6855054,-0.17341709,-9.759765,24248,0,0,0,1
9119228045,0.59944123,-0.57999295,-0.26366314,9102,0,0.7457761,-0.0055236705,-9.833984,6146,0,0,0,1
9119238321,0.56623274,-0.5344814,-0.23143923,10276,0,0.6504824,-0.10081735,-9.8515625,8668,0,0,0,1
9119248430,0.5903875,-0.5200001,-0.18357573,10109,0,0.58281004,-0.19611104,-9.8515625,7001,0,0,0,1
9119258674,0.6194068,-0.48683915,-0.16696306,10244,0,0.51513773,-0.26378337,-9.892578,7995,0,0,0,1
9119268344,0.65118223,-0.46472657,-0.18063922,9670,0,0.51513785,-0.37150672,-9.853516,8635,0,0,0,1
9119278537,0.67259324,-0.454358,-0.21190067,10193,0,0.541378,-0.4529897,-9.777342,7441,0,0,0,1
9119288824,0.66292745,-0.44882464,-0.24804747,10287,0,0.41306627,-0.57062155,-9.595308,14984,0,0,0,1
9119297450,0.59663296,-0.4488158,-0.27834588,8626,0,0.31350178,-0.7913512,-9.376952,8260,0,0,0,1
9119308878,0.46751153,-0.41496742,-0.31936315,11428,0,0.24582946,-0.8590235,-9.361328,8633,0,0,0,1
9119318095,0.3018051,-0.3320777,-0.36135677,9217,0,0.21820815,-0.8037809,-9.359375,8411,0,0,0,1
9119328670,0.17264724,-0.27894074,-0.35744253,10575,0,0.13363208,-0.8233482,-9.31266,13826,0,0,0,1
9119338149,0.09943747,-0.26790592,-0.34571946,9479,0,0.0013804734,-1.0482299,-9.416016,8234,0,0,0,1
9119348791,0.015906427,-0.22025335,-0.3984514,10642,0,-0.08010252,-1.1020913,-9.5859375,8427,0,0,0,1
9119358824,-0.057967007,-0.16431966,-0.49122465,10033,0,0.033329513,-0.96103805,-9.711458,14584,0,0,0,1
9119369132,-0.07733089,-0.16572358,-0.56054944,10308,0,0.23063777,-0.76373,-9.796875,8984,0,0,0,1
9119378145,-0.09598304,-0.16779178,-0.5761744,9013,0,0.23063776,-0.8742154,-9.761719,7821,0,0,0,1
9119388774,-0.18019964,-0.0987098,-0.5752109,10629,0,-0.006140961,-0.893531,-9.608502,14967,0,0,0,1
9119399149,-0.26720968,-0.048986502,-0.5937655,10375,0,-0.17401512,-0.84797525,-9.433594,7811,0,0,0,1
9119410160,-0.28797433,-0.094601944,-0.63475597,11011,0,-0.24168745,-0.7803029,-9.39258,8368,0,0,0,1
9119418861,-0.27419293,-0.19406949,-0.7157929,8701,0,-0.24168745,-0.5897154,-9.355469,8628,0,0,0,1
9119428764,-0.2300202,-0.35151783,-0.78218895,9903,0,-0.123939045,-0.3178117,-9.27362,13856,0,0,0,1
9119439335,-0.20173177,-0.50825477,-0.8007433,10571,0,0.01657224,-0.14086834,-9.337891,9497,0,0,0,1
9119449014,-0.250704,-0.56689423,-0.8037225,9679,0,0.15053582,-0.059385344,-9.451172,6751,0,0,0,1
9119458835,-0.32593745,-0.56342334,-0.7871444,9821,0,0.29101768,0.22264361,-9.679663,15135,0,0,0,1
9119469023,-0.33630806,-0.5752021,-0.7646501,10188,0,0.46265703,0.3576972,-9.9921875,17380,0,0,0,1
9119478331,-0.29973114,-0.580051,-0.69041044,9308,0,0.36736342,0.372889,-10.203125,6173,0,0,0,1
9119488294,-0.20099387,-0.56142676,-0.56050676,9963,0,0.17815712,0.42675066,-10.201172,8988,0,0,0,1
9119499006,-0.04630798,-0.5669862,-0.47551286,10712,0,0.07043384,0.23616327,-10.144531,6515,0,0,0,1
9119509429,0.055218004,-0.5925201,-0.4481898,10423,0,-0.09253219,0.15606132,-10.144533,8976,0,0,0,1
9119519427,0.11461807,-0.61183643,-0.44235325,9998,0,-0.21544722,0.08838898,-10.144532,7990,0,0,0,1
9119528873,0.18021984,-0.64291084,-0.4462586,9446,0,-0.3107409,0.020716645,-10.048826,7553,0,0,0,1
9119539415,0.25271973,-0.711273,-0.46286365,10542,0,-0.4871362,0.15926304,-9.820027,14400,0,0,0,1
9119548997,0.30930963,-0.8286644,-0.4599516,9582,0,-0.55242777,0.10219959,-9.527344,8675,0,0,0,1
9119559541,0.30446234,-0.9301572,-0.4209268,10544,0,-0.6629132,-0.03314505,-9.46875,7677,0,0,0,1
9119568903,0.23612958,-0.9460151,-0.38775548,9362,0,-0.7510229,-0.16360238,-9.568994,15583,0,0,0,1
9119579054,0.17332494,-0.9094166,-0.3740631,10151,0,-0.7568259,-0.154679,-9.740236,7818,0,0,0,1
9119588809,0.12361798,-0.83208,-0.3584254,9755,0,-0.7292044,-0.18230034,-9.9140625,8114,0,0,0,1
9119599568,0.065611616,-0.6925931,-0.3144784,10759,0,-0.68221766,-0.17680664,-10.211319,14902,0,0,0,1
9119609613,0.06697306,-0.54069334,-0.23143558,10045,0,-0.72920454,-0.26516438,-10.375001,7868,0,0,0,1
9119619437,0.1394781,-0.41295767,-0.1552335,9824,0,-0.838309,-0.29140472,-10.394533,8670,0,0,0,1
9119628934,0.20647196,-0.29072776,-0.11617436,9497,0,-0.9336026,-0.27621296,-10.314453,7462,0,0,0,1
9119639434,0.27413872,-0.2382462,-0.08103057,10500,0,-1.1722608,-0.341931,-9.909875,15847,0,0,0,1
9119649423,0.34871152,-0.31282046,-0.06738519,9989,0,-1.5564641,-0.6283853,-9.396484,7099,0,0,0,1
9119659282,0.3363023,-0.42465708,-0.13870765,9859,0,-1.6655684,-0.79273236,-9.337889,8454,0,0,0,1
9119669593,0.22445956,-0.4702082,-0.25688758,10311,0,-1.5965149,-0.7789216,-9.492186,7417,0,0,0,1
9119679880,0.1036113,-0.43776026,-0.3164488,10287,0,-1.378584,-0.6680357,-9.790886,15271,0,0,0,1
9119689652,2.5200941e-05,-0.32452413,-0.30178663,9772,0,-1.1904811,-0.480611,-10.123047,9380,0,0,0,1
9119699026,-0.06833414,-0.15397227,-0.2519712,9374,0,-1.0537554,-0.31902608,-10.296873,6849,0,0,0,1
9119709825,-0.060745265,2.319485e-06,-0.18067136,10799,0,-1.0394409,-0.2226572,-10.307068,15929,0,0,0,1
9119718996,-0.028293816,0.1111747,-0.10742795,9171,0,-1.2305323,-0.33007464,-10.029299,7180,0,0,0,1
9119728863,-0.049708933,0.18782784,-0.06933577,9867,0,-1.2995856,-0.3438853,-9.875,8541,0,0,0,1
9119738964,-0.13050584,0.24238253,-0.056630354,10101,0,-1.2319131,-0.30383438,-9.853516,7821,0,0,0,1
9119749024,-0.2589372,0.35701632,-0.019517602,10060,0,-1.0827578,-0.317645,-9.892578,8792,0,0,0,1
9119758878,-0.41429326,0.58697337,0.058590386,9854,0,-1.0182014,-0.31335735,-10.144642,15023,0,0,0,1
9119769670,-0.51441616,0.85836047,0.15132323,10792,0,-1.0413258,-0.2789751,-10.353516,7612,0,0,0,1
9119779114,-0.4909383,1.0765824,0.23034975,9444,0,-1.0827578,-0.2651644,-10.3515625,7955,0,0,0,1
9119789402,-0.38391745,1.1656569,0.27233592,10288,0,-1.158692,-0.27345705,-10.122031,14654,0,0,0,1
9119798292,-0.2934863,1.1262758,0.25382894,8890,0,-1.244343,-0.4543708,-9.777344,8991,0,0,0,1
9119809595,-0.31355247,1.0716892,0.18166928,11303,0,-1.230532,-0.63114744,-9.626955,7847,0,0,0,1
9119818801,-0.44688237,1.0972056,0.0802052,9206,0,-1.0551364,-0.64357716,-9.648438,7306,0,0,0,1
9119829210,-0.5973841,1.1897538,0.0010716757,10409,0,-0.54660463,-0.36547962,-9.912882,14946,0,0,0,1
9119839315,-0.6753543,1.3009598,-0.010719137,10105,0,-0.14777489,-0.0069047073,-10.140625,8034,0,0,0,1
9119849545,-0.63663214,1.358991,0.025315396,10230,0,-0.053862285,0.27759528,-10.162111,8565,0,0,0,1
9119859823,-0.51576644,1.2989256,0.07801772,10278,0,-0.1670326,-0.03396969,-9.722856,23633,0,0,0,1
9119869097,-0.44331965,1.2346792,0.07709625,9274,0,-0.24168743,-0.23616199,-9.396484,6680,0,0,0,1
9119878648,-0.48208776,1.2498305,-0.021452574,9551,0,-0.05248116,-0.046955723,-9.363281,8513,0,0,0,1
9119889341,-0.542172,1.2546616,-0.12494198,10693,0,0.11048484,0.19611219,-9.34375,7449,0,0,0,1
9119899560,-0.5566222,1.191844,-0.16499239,10219,0,0.23201884,0.20992288,-9.263672,8351,0,0,0,1
9119909050,-0.5793664,1.1110739,-0.16204785,9490,0,0.27206978,0.11462921,-9.263672,7215,0,0,0,1
9119919738,-0.633238,1.0682565,-0.17669079,10688,0,0.31350183,0.15606126,-9.455078,8389,0,0,0,1
9119929746,-0.6512321,1.0557957,-0.23630391,10008,0,0.44591418,0.15044941,-9.793493,15287,0,0,0,1
9119940046,-0.5794436,1.0364269,-0.3291542,10300,0,0.57038045,0.3052166,-9.94922,8534,0,0,0,1
9119949083,-0.4316995,0.96181905,-0.4356412,9037,0,0.77339745,0.5082335,-9.910156,7789,0,0,0,1
9119959720,-0.3073803,0.83893454,-0.5078625,10637,0,1.1858845,0.86556584,-9.823271,14785,0,0,0,1
9119969832,-0.2817813,0.7554305,-0.51562107,10112,0,1.5854654,1.1573355,-9.853516,7396,0,0,0,1
9119979662,-0.3321003,0.7782674,-0.4579811,9830,0,1.7484314,1.3203013,-9.931639,8226,0,0,0,1
9119989962,-0.37624335,0.8611409,-0.35351,10300,0,1.8299143,1.4017845,-9.951173,8390,0,0,0,1
9119999122,-0.36242944,0.91775197,-0.24026276,9160,0,1.6758348,1.3177544,-9.800747,14726,0,0,0,1
9120010163,-0.32587287,0.9267124,-0.15823114,11041,0,1.3700187,1.0772336,-9.5859375,8931,0,0,0,1
9120019476,-0.2941487,0.8728396,-0.12696397,9313,0,1.194623,0.9018378,-9.396482,7861,0,0,0,1
9120029022,-0.24794084,0.7505967,-0.16699556,9546,0,1.0730891,0.7250613,-9.283203,11528,0,0,0,1
9120039922,-0.22243388,0.65183794,-0.2822223,10900,0,1.106021,0.64334863,-9.413739,10746,0,0,0,1
9120048814,-0.22863796,0.62905574,-0.39256978,8892,0,1.4915528,0.92807823,-9.568359,8579,0,0,0,1
9120060047,-0.1919732,0.61594534,-0.39454603,11233,0,1.8312953,1.1849566,-9.699219,7796,0,0,0,1
9120070066,-0.120788224,0.6221613,-0.30277646,10019,0,1.9921639,1.2528316,-9.792969,14888,0,0,0,1
9120080106,-0.06691621,0.6870773,-0.2080423,10040,0,1.9376377,1.186338,-9.740234,8844,0,0,0,1
9120089796,-0.017222883,0.732651,-0.15139829,9690,0,1.8975866,1.1186657,-9.6875,7830,0,0,0,1
9120100513,0.020038035,0.74093866,-0.13185807,10717,0,1.8975865,1.0634227,-9.667969,7614,0,0,0,1
9120109584,0.018644905,0.7671834,-0.13574076,9071,0,1.9990792,1.0033486,-9.647469,14873,0,0,0,1
9120119922,-0.0041416003,0.80516493,-0.13963464,10338,0,2.1006038,1.0233719,-9.587891,8874,0,0,0,1
9120129812,-0.02416225,0.8307149,-0.13475177,9890,0,2.140655,1.0358016,-9.568361,7660,0,0,0,1
9120140300,-0.020010175,0.8362365,-0.11328412,10488,0,2.271515,1.0564494,-9.529297,16295,0,0,0,1
9120150540,0.0048630782,0.85142654,-0.075213686,10240,0,2.3726742,1.0496123,-9.548829,6602,0,0,0,1
9120159771,0.027653154,0.8935494,-0.035172585,9231,0,2.4251547,1.049612,-9.509766,7589,0,0,0,1
9120170261,0.054576658,0.9052885,-1.8209696e-05,10490,0,2.3975334,1.0496122,-9.376953,8909,0,0,0,1
9120180253,0.08771557,0.85418946,0.022432318,9992,0,2.3870318,0.99414414,-9.091219,14385,0,0,0,1
9120190301,0.12015354,0.78306615,0.02145614,10048,0,2.4541574,0.94050795,-8.917969,8363,0,0,0,1
9120199726,0.12911841,0.74232614,0.0029197407,9425,0,2.5342586,0.94050777,-8.900391,7778,0,0,0,1
9120210266,0.12360454,0.69813,0.0009753369,10540,0,2.6157422,0.9418888,-8.84375,8223,0,0,0,1
9120220445,0.15261233,0.56416553,0.0077801975,10179,0,2.6158445,0.8193726,-8.657595,14721,0,0,0,1
9120230095,0.16570394,0.408803,-0.044948254,9650,0,2.6972246,0.75268245,-8.552732,8435,0,0,0,1
9120240600,0.10354535,0.3176606,-0.14061671,10505,0,2.9140534,0.85902476,-8.59375,8390,0,0,0,1
9120250605,0.004818976,0.2838251,-0.17868654,10005,0,3.3141325,1.0801439,-8.946552,14447,0,0,0,1
9120259882,-0.057300538,0.2879617,-0.123032145,9277,0,3.6197782,1.2664398,-9.244139,9492,0,0,0,1
9120270224,-0.024839628,0.24030754,-0.014653534,10342,0,3.6045864,1.1987674,-9.205077,6787,0,0,0,1
9120279766,0.040757652,0.14156042,0.06932448,9542,0,3.400188,0.9695102,-9.10742,8225,0,0,0,1
9120289944,0.06491633,0.062148865,0.08495563,10178,0,3.147904,0.71722543,-9.029569,14643,0,0,0,1
9120300031,0.08148706,-0.011046061,0.06151853,10087,0,3.007966,0.60490835,-9.031252,8538,0,0,0,1
9120309880,0.11739534,-0.093908615,0.030268084,9849,0,2.967914,0.58971643,-9.048828,8380,0,0,0,1
9120320089,0.17401914,-0.20577545,0.006829501,10209,0,2.93569,0.5823514,-9.011718,14570,0,0,0,1
9120330555,0.24169035,-0.3314536,-0.0087958565,10466,0,2.8726208,0.5745248,-9.087891,9300,0,0,0,1
9120339656,0.3114357,-0.4301991,-0.028321011,9101,0,2.85881,0.6435782,-9.126953,6770,0,0,0,1
9120350198,0.40465024,-0.53861874,-0.027338998,10542,0,2.8864315,0.75130147,-9.085939,8476,0,0,0,1
9120360336,0.49854773,-0.662926,0.00390643,10138,0,2.822367,0.83958447,-9.009462,14343,0,0,0,1
9120370243,0.5047733,-0.7133269,0.016583735,9907,0,2.7372766,0.820355,-8.994143,8701,0,0,0,1
9120380653,0.45575756,-0.712628,0.007783842,10410,0,2.7234654,0.8065442,-9.0078125,7462,0,0,0,1
9120390059,0.4481556,-0.7519924,0.009745293,9406,0,2.6543639,0.8182289,-9.070532,15769,0,0,0,1
9120400268,0.46334696,-0.79756767,0.012688179,10209,0,2.5756912,0.6836292,-9.166016,7309,0,0,0,1
9120410137,0.42537582,-0.7540593,0.0019444306,9869,0,2.4817786,0.5897166,-9.205078,8436,0,0,0,1
9120420680,0.36323708,-0.66428447,-0.024421263,10543,0,2.4541574,0.64219725,-9.246094,8432,0,0,0,1
9120430731,0.37013298,-0.665671,-0.036129285,10051,0,2.515681,0.80339146,-9.2265625,14261,0,0,0,1
9120440570,0.40049478,-0.7457846,-0.013679839,9839,0,2.6019316,0.90045685,-9.265623,8505,0,0,0,1
9120450149,0.3880444,-0.8383267,0.04293068,9579,0,2.6157422,0.91426754,-9.357422,7979,0,0,0,1
9120460781,0.38526538,-0.9446766,0.12691824,10632,0,2.5159411,0.8566044,-9.543881,15662,0,0,0,1
9120469969,0.43568498,-1.0586051,0.19238605,9188,0,2.291191,0.61733794,-9.683594,7115,0,0,0,1
9120480866,0.4958003,-1.1338539,0.20998447,10897,0,2.0605524,0.46680158,-9.722654,8760,0,0,0,1
9120490124,0.5227455,-1.1455867,0.20119421,9258,0,1.8837761,0.31764627,-9.724609,11486,0,0,0,1
9120499943,0.53378636,-1.1524984,0.19824907,9819,0,1.7049297,0.2193076,-9.658467,10943,0,0,0,1
9120510922,0.5662531,-1.2125697,0.19238706,10979,0,1.559225,0.10081853,-9.607421,9198,0,0,0,1
9120520139,0.5724923,-1.2533027,0.16307159,9217,0,1.4653124,-0.12843871,-9.587891,7788,0,0,0,1
9120531072,0.47788867,-1.183565,0.11322072,10933,0,1.3147172,-0.27666217,-9.685307,14947,0,0,0,1
9120540311,0.36809358,-1.0820582,0.06730853,9239,0,1.2208633,-0.23754309,-9.761719,7277,0,0,0,1
9120550053,0.32939407,-1.0433949,0.05368959,9742,0,1.1255698,-0.36045814,-9.794922,8549,0,0,0,1
9120560462,0.29348928,-0.98538893,0.036117833,10409,0,0.9501741,-0.4557518,-9.833984,7392,0,0,0,1
9120570514,0.2389594,-0.8921604,-0.007835468,10052,0,0.7344982,-0.47343537,-9.734434,15077,0,0,0,1
9120580896,0.20787722,-0.8638509,-0.042986378,10382,0,0.6118125,-0.4129387,-9.470703,9490,0,0,0,1
9120590809,0.17817408,-0.91564256,-0.06741438,9913,0,0.50408924,-0.2775941,-9.337891,6797,0,0,0,1
9120600046,0.14362475,-1.015083,-0.06644707,9237,0,0.43641692,-0.20992172,-9.302734,8223,0,0,0,1
9120610318,0.11529844,-1.1069269,-0.04593079,10272,0,0.32333034,-0.20918953,-9.486689,14899,0,0,0,1
9120620703,0.09666623,-1.1352378,-0.03810648,10385,0,0.19058676,-0.2624023,-9.761718,8899,0,0,0,1
9120630434,0.12361001,-1.116594,-0.041964244,9731,0,0.08286346,-0.29002365,-9.9140625,7435,0,0,0,1
9120640914,0.20717818,-1.1076173,-0.06144696,10480,0,-0.041479785,-0.30992046,-10.016055,14945,0,0,0,1
9120651166,0.3128423,-1.1041638,-0.0926707,10252,0,-0.14777488,-0.35769597,-10.109375,8394,0,0,0,1
9120661461,0.40607283,-1.0551332,-0.12978187,10295,0,-0.20163652,-0.41155764,-10.109375,9533,0,0,0,1
9120670618,0.47305363,-0.9771017,-0.16202165,9157,0,-0.24306853,-0.42536822,-10.031248,10282,0,0,0,1
9120681363,0.5158515,-0.9177176,-0.18256393,10745,0,-0.26835367,-0.37039164,-9.945639,10647,0,0,0,1
9120690921,0.55450547,-0.90115076,-0.18746063,9558,0,-0.25549817,-0.24997267,-9.853516,8681,0,0,0,1
9120700479,0.5862435,-0.93016344,-0.16600572,9558,0,-0.27068985,-0.20992169,-9.759766,7827,0,0,0,1
9120711002,0.5820866,-0.97574127,-0.12893069,10523,0,-0.35079175,-0.20992169,-9.646482,8392,0,0,0,1
9120721200,0.5337517,-1.0061189,-0.096736655,10198,0,-0.58900756,-0.31443766,-9.511056,14291,0,0,0,1
9120730902,0.45367154,-0.9867722,-0.08404418,9702,0,-0.7568258,-0.480611,-9.472656,8834,0,0,0,1
9120740566,0.35908446,-0.92116475,-0.08696555,9664,0,-0.7568258,-0.53585374,-9.548828,7274,0,0,0,1
9120750546,0.28380564,-0.8624748,-0.076210804,9980,0,-0.7500832,-0.6253489,-9.6634445,15231,0,0,0,1
9120761146,0.23752552,-0.8286445,-0.047876827,10600,0,-0.8244982,-0.7913513,-9.9296875,9478,0,0,0,1
9120770873,0.20094731,-0.76580083,-0.04688866,9727,0,-0.9874643,-0.8189727,-10.105469,6799,0,0,0,1
9120781213,0.18439287,-0.7091729,-0.076172985,10340,0,-1.1552536,-0.9855378,-10.071024,15700,0,0,0,1
9120791470,0.1664446,-0.70502734,-0.11817444,10257,0,-1.2982042,-1.049611,-10.029297,7163,0,0,0,1
9120801146,0.11811508,-0.6967361,-0.17287956,9676,0,-1.2982044,-0.9943683,-10.04883,8634,0,0,0,1
9120810791,0.07252296,-0.6856913,-0.2002199,9645,0,-1.2705832,-0.9943684,-10.048828,7391,0,0,0,1
9120820656,0.04626627,-0.6691234,-0.19630261,9865,0,-1.2823492,-0.94259536,-10.156262,15125,0,0,0,1
9120831444,0.030385159,-0.61871636,-0.18457718,10788,0,-1.3244447,-0.9405066,-10.294921,9492,0,0,0,1
9120841055,0.048334587,-0.5634793,-0.16307451,9611,0,-1.4335492,-1.0219896,-10.2578125,6780,0,0,0,1
9120850464,0.08286736,-0.49442732,-0.1503724,9409,0,-1.5827045,-1.091043,-10.197266,8277,0,0,0,1
9120861637,0.07735591,-0.3770305,-0.15624455,11173,0,-1.637947,-1.1186641,-10.160154,14477,0,0,0,1
9120871030,0.042144634,-0.22994253,-0.15820493,9393,0,-1.5833632,-1.0368984,-10.1093445,9245,0,0,0,1
9120881064,0.026941473,-0.10841274,-0.1337878,10034,0,-1.595134,-0.9405067,-10.087893,7876,0,0,0,1
9120891585,0.054552913,-0.07803407,-0.104489006,10521,0,-1.7494196,-1.0029024,-9.848833,14352,0,0,0,1
9120901604,0.07733778,-0.1132488,-0.122070454,10019,0,-1.8271537,-1.1172833,-9.646486,7879,0,0,0,1
9120910572,0.03384083,-0.11807333,-0.17676225,8968,0,-1.7194301,-1.089662,-9.683594,8517,0,0,0,1
9120921290,-0.0649006,-0.0648964,-0.20606205,10718,0,-1.3809868,-0.7512186,-9.943807,14856,0,0,0,1
9120931307,-0.15397672,0.013138532,-0.17188472,10017,0,-1.0813768,-0.47922996,-10.220703,7825,0,0,0,1
9120941135,-0.18919197,0.10635871,-0.0830194,9828,0,-1.0275152,-0.4253683,-10.275391,8530,0,0,0,1
9120951753,-0.17261808,0.20579346,0.016584734,10618,0,-1.0827578,-0.45298973,-10.220703,7642,0,0,0,1
9120961143,-0.14292963,0.28796324,0.08298989,9390,0,-1.2692459,-0.5586265,-10.033512,15642,0,0,0,1
9120971358,-0.1581294,0.3556276,0.115230255,10215,0,-1.3783062,-0.6435771,-9.833983,7310,0,0,0,1
9120981008,-0.22235131,0.41846037,0.13770634,9650,0,-1.3658767,-0.6560067,-9.7421875,8438,0,0,0,1
9120991514,-0.292095,0.4812987,0.16114512,10506,0,-1.3258259,-0.64081496,-9.726564,8434,0,0,0,1
9121001578,-0.34595904,0.55035293,0.18066914,10064,0,-1.2137429,-0.62913793,-9.74377,14513,0,0,0,1
9121011510,-0.40190184,0.656002,0.19140147,9932,0,-1.1214278,-0.60214496,-9.796873,8257,0,0,0,1
9121020897,-0.47855413,0.8155153,0.21190271,9387,0,-1.0537554,-0.642196,-9.740234,7671,0,0,0,1
9121031377,-0.5731555,0.9957444,0.2392508,10480,0,-1.05346,-0.48388973,-9.6749,15842,0,0,0,1
9121041332,-0.59937525,1.0579048,0.2636637,9955,0,-1.1752894,-0.3853174,-9.435547,7273,0,0,0,1
9121051036,-0.5075096,0.89978486,0.26171687,9704,0,-1.2843938,-0.6573878,-9.2265625,8239,0,0,0,1
9121061674,-0.48894012,0.7360699,0.15630367,10638,0,-1.2982044,-0.8866451,-9.166016,8393,0,0,0,1
9121071961,-0.6685495,0.7677769,-0.009662142,10287,0,-0.9144919,-0.60949755,-9.399885,15150,0,0,0,1
9121081870,-0.85009223,0.85829556,-0.07903375,9909,0,-0.4170831,-0.11600909,-9.761719,9181,0,0,0,1
9121090768,-0.87831753,0.90325856,-0.024425391,8898,0,-0.25411716,-0.060766373,-9.931641,6777,0,0,0,1
9121101182,-0.84101534,0.9847529,0.055586126,10414,0,-0.22787681,0.020716645,-10.046875,7405,0,0,0,1
9121111175,-0.79958874,1.0993791,0.11999822,9993,0,-0.0731185,0.20306717,-10.096691,15156,0,0,0,1
9121121084,-0.74226165,1.1732737,0.19618753,9909,0,0.05662316,0.24997395,-10.109375,8786,0,0,0,1
9121131599,-0.7015284,1.1960478,0.25580606,10515,0,-0.024859848,0.251355,-10.048828,7488,0,0,0,1
9121141878,-0.6877666,1.1545734,0.25196424,10279,0,-0.18017136,0.058323313,-9.772312,22841,0,0,0,1
9121151311,-0.69750035,1.0661347,0.17096017,9433,0,-0.14639384,0.04695692,-9.759766,8453,0,0,0,1
9121161083,-0.7355038,0.999136,0.05866241,9772,0,-0.009668088,0.12843992,-9.890625,8430,0,0,0,1
9121171328,-0.7755237,0.9839686,-0.008747268,10245,0,0.0980552,0.23616323,-10.027344,6747,0,0,0,1
9121181329,-0.7713419,0.9867607,-0.027348949,10001,0,0.19196782,0.35769722,-10.140625,7786,0,0,0,1
9121191528,-0.7119423,0.979865,-0.02934117,10199,0,0.29969114,0.49304187,-10.214844,9091,0,0,0,1
9121201811,-0.6263198,0.95224065,-0.03521075,10283,0,0.36736342,0.53309286,-10.162109,6794,0,0,0,1
9121211350,-0.52621406,0.8686725,-0.06546646,9539,0,0.32731253,0.4654205,-9.970705,8670,0,0,0,1
9121221556,-0.4551272,0.753333,-0.15136799,10206,0,0.2867859,0.4672781,-9.652342,15070,0,0,0,1
9121231079,-0.45997298,0.6918737,-0.25973862,9523,0,0.47508666,0.5883354,-9.548826,7838,0,0,0,1
9121241842,-0.50135446,0.69190574,-0.3085709,10763,0,0.7195357,0.8051631,-9.625,8386,0,0,0,1
9121251969,-0.5316857,0.7416501,-0.29004243,10127,0,1.1196673,1.0552199,-9.754163,14390,0,0,0,1
9121261821,-0.54132396,0.8328095,-0.23831601,9852,0,1.4100697,1.2802505,-9.779297,8651,0,0,0,1
9121271271,-0.547522,0.9315654,-0.16214892,9450,0,1.4515017,1.186338,-9.644531,7509,0,0,0,1
9121281568,-0.58482593,1.0530931,-0.10647026,10297,0,1.3562082,1.2364995,-9.530527,15665,0,0,0,1
9121291676,-0.6124737,1.1193713,-0.08008633,10108,0,1.3700187,1.2650588,-9.376953,7588,0,0,0,1
9121301312,-0.5862397,1.059983,-0.050775252,9636,0,1.3147764,1.184957,-9.3203125,8030,0,0,0,1
9121311589,-0.5593286,0.9736562,-0.041974384,10277,0,1.3009652,1.0634229,-9.376951,8051,0,0,0,1
9121321548,-0.5593461,0.9584537,-0.057609815,9959,0,1.354827,0.9819399,-9.529297,13924,0,0,0,1
9121332212,-0.53654957,0.9936737,-0.065464064,10664,0,1.6354735,1.0418701,-9.950221,10857,0,0,0,1
9121341552,-0.46815822,1.0620482,-0.04306162,9340,0,1.8299143,1.0509932,-10.1796875,6570,0,0,0,1
9121352241,-0.3873565,1.1815137,-0.00792272,10689,0,1.9042956,1.1634986,-10.295477,15631,0,0,0,1
9121362245,-0.25822455,1.2139692,0.025243616,10004,0,1.843725,1.2526293,-10.042971,7113,0,0,0,1
9121371633,-0.052455246,1.0440965,0.046703387,9388,0,1.6268973,0.9556997,-9.816406,8453,0,0,0,1
9121381430,0.10215571,0.8769814,-0.0137913115,9797,0,1.4515021,0.6449594,-9.779297,8515,0,0,0,1
9121391887,0.15042958,0.8908007,-0.16311935,10457,0,1.5191741,0.6021462,-9.814453,8207,0,0,0,1
9121402480,0.19396316,0.9633033,-0.27541482,10593,0,2.0732338,1.0276984,-9.685282,15355,0,0,0,1
9121412099,0.23409165,1.024055,-0.2920158,9619,0,2.4127252,1.3631146,-9.394531,6709,0,0,0,1
9121422524,0.21065901,1.0875894,-0.253875,10425,0,2.641983,1.6199934,-9.146486,8581,0,0,0,1
9121431690,0.1575145,1.0868983,-0.17670766,9166,0,3.0977254,2.0064023,-8.818765,14619,0,0,0,1
9121441160,0.09122938,1.0288919,-0.07221751,9470,0,3.224793,2.0923185,-8.724609,9057,0,0,0,1
9121452147,-0.009604033,0.98746336,0.008868003,10987,0,3.1709309,2.0660782,-8.783203,6949,0,0,0,1
9121461728,-0.06625872,0.8921697,0.04399741,9581,0,3.1156888,2.0660782,-8.861326,8265,0,0,0,1
9121472024,-0.015182393,0.6850117,0.046849616,10296,0,2.9692903,1.8519044,-9.003812,14879,0,0,0,1
9121481457,0.048323855,0.5358565,0.013636511,9433,0,2.8339505,1.5909905,-9.222656,8427,0,0,0,1
9121492145,0.081467375,0.4971862,-0.024429468,10688,0,2.9278636,1.6324229,-9.322266,8400,0,0,0,1
9121502324,0.1360439,0.44124842,-0.001981323,10179,0,3.0065298,1.6288066,-9.361328,14440,0,0,0,1
9121512107,0.17127393,0.40740827,0.055646982,9783,0,2.8726208,1.4694569,-9.341797,8557,0,0,0,1
9121521837,0.19059862,0.41017333,0.08983773,9730,0,2.872621,1.3893552,-9.283205,10146,0,0,0,1
9121532134,0.27622715,0.31764868,0.11030879,10297,0,2.8271654,1.1777384,-9.081895,12568,0,0,0,1
9121542296,0.3880937,0.15607265,0.104423374,10162,0,2.7773266,0.9957505,-8.861326,8047,0,0,0,1
9121552645,0.4585236,0.0027796004,0.07025278,10349,0,2.85881,0.9418888,-8.7265625,8784,0,0,0,1
9121562201,0.50893426,-0.17469546,0.0536406,9556,0,2.940293,0.8880272,-8.6484375,7607,0,0,0,1
9121572200,0.5593402,-0.35355082,0.052668847,9999,0,2.9689405,0.70863116,-8.697488,14689,0,0,0,1
9121582600,0.60836715,-0.49372876,0.050730295,10400,0,3.061827,0.63114864,-8.724609,9782,0,0,0,1
9121592492,0.6877654,-0.6725941,0.08392397,9892,0,3.0880675,0.62976754,-8.6640625,6578,0,0,0,1
9121601933,0.7782092,-0.9094669,0.15421264,9441,0,3.0217762,0.61595684,-8.626953,8401,0,0,0,1
9121612121,0.827948,-1.1331855,0.19521096,10188,0,2.7399035,0.54272914,-8.6278305,14195,0,0,0,1
9121622608,0.8521741,-1.325804,0.17078611,10487,0,2.4389653,0.25135487,-8.644531,8947,0,0,0,1
9121632409,0.8432448,-1.4383283,0.09658533,9801,0,2.2773805,0.034527246,-8.724609,6900,0,0,0,1
9121642667,0.7610841,-1.4072453,-0.0039815228,10258,0,2.0633435,-0.13895884,-8.908991,15544,0,0,0,1
9121652816,0.64368254,-1.3036712,-0.090894274,10149,0,1.951448,-0.23616207,-9.072266,8756,0,0,0,1
9121661624,0.57458246,-1.2332622,-0.13870978,8808,0,1.8975865,-0.18230036,-9.203125,7819,0,0,0,1
9121672366,0.56280917,-1.1980658,-0.1611287,10742,0,1.8575357,-0.14224944,-9.318359,7392,0,0,0,1
9121682536,0.5779804,-1.1884099,-0.16306487,10170,0,1.8091333,-0.053419422,-9.442464,14991,0,0,0,1
9121691570,0.61801153,-1.2215658,-0.15134323,9034,0,1.8174847,0.16849086,-9.449219,8773,0,0,0,1
9121702452,0.6725458,-1.3092709,-0.124990754,10882,0,1.7898636,0.41155884,-9.470705,7600,0,0,0,1
9121712119,0.7270497,-1.4757099,-0.07132593,9667,0,1.6531377,0.54828453,-9.472658,13381,0,0,0,1
9121723065,0.7519079,-1.6580094,-0.009843008,10946,0,1.335931,0.38268742,-9.677754,10518,0,0,0,1
9121731978,0.74088323,-1.7311952,0.029229807,8913,0,1.1393805,0.3052166,-9.990234,7666,0,0,0,1
9121742683,0.74161637,-1.6987206,0.04201078,10705,0,1.0247253,0.095008545,-10.268882,14875,0,0,0,1
9121752781,0.7775682,-1.5882132,0.02161174,10098,0,0.9626039,0.12844001,-10.583986,8263,0,0,0,1
9121762651,0.88049793,-1.4659679,-0.0300561,9870,0,0.9101231,0.2637846,-10.5859375,8158,0,0,0,1
9121772273,1.0586431,-1.4480219,-0.07496765,9622,0,0.80239964,0.15606126,-10.353514,7734,0,0,0,1
9121782812,1.1767279,-1.4818492,-0.12684491,10539,0,0.3465431,-0.11981149,-9.956165,15966,0,0,0,1
9121793143,1.0807868,-1.4521046,-0.20224284,10331,0,0.029001847,-0.7775406,-9.626953,6684,0,0,0,1
9121802874,0.79840237,-1.320161,-0.30003518,9731,0,-0.026240876,-0.8051619,-9.722656,9017,0,0,0,1
9121812220,0.5263352,-1.1489179,-0.3995946,9346,0,0.12291444,-0.683628,-9.951172,11538,0,0,0,1
9121822380,0.4316279,-1.046124,-0.4131285,10160,0,0.3400837,-0.4574155,-10.224331,10904,0,0,0,1
9121832772,0.4708974,-1.0165033,-0.3485872,10392,0,0.29969114,-0.47922993,-10.218751,8906,0,0,0,1
9121842802,0.49438828,-0.9667772,-0.2929279,10030,0,0.21820816,-0.56071305,-10.066406,7566,0,0,0,1
9121852034,0.46056804,-0.90529865,-0.25195515,9232,0,0.055242125,-0.5883343,-9.873047,8231,0,0,0,1
9121862264,0.40875757,-0.9391323,-0.20610285,10230,0,-0.263173,-0.79902613,-9.54176,14168,0,0,0,1
9121873042,0.32108808,-1.006092,-0.20810145,10778,0,-0.49994713,-0.9805576,-9.431641,9047,0,0,0,1
9121882844,0.20858695,-1.0067629,-0.25889102,9802,0,-0.5413792,-1.0219896,-9.470703,7444,0,0,0,1
9121892886,0.14226346,-1.0150677,-0.27739972,10042,0,-0.5876673,-1.0564183,-9.389061,14967,0,0,0,1
9121902992,0.10424525,-1.059963,-0.2598033,10106,0,-0.7830661,-1.1310937,-9.361326,8772,0,0,0,1
9121912215,0.035209227,-1.0765277,-0.25494596,9223,0,-0.8645491,-1.1849556,-9.396484,7768,0,0,0,1
9121922636,-0.055216957,-1.0316397,-0.2754644,10421,0,-0.8514399,-1.1027986,-9.609343,14790,0,0,0,1
9121932868,-0.12495098,-0.93013304,-0.28815335,10232,0,-0.74301517,-0.90045553,-9.759764,7626,0,0,0,1
9121942299,-0.1422635,-0.8369181,-0.24221115,9431,0,-0.74301505,-0.79273224,-9.740232,8992,0,0,0,1
9121953017,-0.11468485,-0.8217306,-0.15232733,10718,0,-0.9336026,-0.765111,-9.667969,7381,0,0,0,1
9121963291,-0.08016121,-0.8990731,-0.08590429,10274,0,-1.3457245,-0.95909095,-9.353602,14932,0,0,0,1
9121973241,-0.07458233,-1.0137045,-0.09080826,9950,0,-1.6103257,-1.1186644,-9.205078,8962,0,0,0,1
9121982540,-0.13529578,-1.0620406,-0.15336846,9299,0,-1.5827043,-1.0634217,-9.357422,9182,0,0,0,1
9121992365,-0.22990455,-1.0295799,-0.2012532,9825,0,-1.3296828,-0.7664219,-9.7136,13278,0,0,0,1
9122003448,-0.27207446,-0.9791676,-0.1865685,11083,0,-1.1504302,-0.5482834,-9.988279,7744,0,0,0,1
9122012806,-0.2576018,-0.87627614,-0.13087216,9358,0,-1.0689471,-0.439179,-10.21875,9660,0,0,0,1
9122022512,-0.23549642,-0.66359186,-0.06350421,9706,0,-1.1089981,-0.34388527,-10.371096,6783,0,0,0,1
9122033014,-0.19269788,-0.46195194,0.028304873,10502,0,-1.3258258,-0.42536825,-10.277344,8254,0,0,0,1
9122043273,-0.120873444,-0.3818518,0.097671755,10259,0,-1.8167701,-0.74850136,-9.928187,14458,0,0,0,1
9122053086,-0.06352105,-0.38669658,0.074237935,9813,0,-2.3146703,-0.9004555,-9.666014,8880,0,0,0,1
9122063542,-0.053141497,-0.42192012,-0.012690229,10456,0,-2.3947716,-1.0358003,-9.58789,7398,0,0,0,1
9122072735,-0.09388041,-0.3977512,-0.09962549,9193,0,-2.2185607,-0.95490164,-9.856652,14803,0,0,0,1
9122083155,-0.13256353,-0.27345076,-0.1308801,10420,0,-1.9901195,-0.7637299,-10.277344,9063,0,0,0,1
9122092864,-0.122902624,-0.10081554,-0.10060349,9709,0,-1.854775,-0.6560067,-10.603518,7478,0,0,0,1
9122103358,-0.044872154,0.094600886,-0.059583373,10494,0,-1.6261222,-0.41405252,-10.787249,15840,0,0,0,1
9122113325,0.086330585,0.29070973,-0.015643539,9967,0,-1.6655684,-0.35907698,-10.447266,6882,0,0,0,1
9122123069,0.17264712,0.43365067,0.033192545,9744,0,-1.8147241,-0.5082324,-10.064455,8728,0,0,0,1
9122132789,0.14432572,0.5365415,0.052758798,9720,0,-1.8561559,-0.7651112,-9.796876,7404,0,0,0,1
9122142842,0.007584203,0.67050433,0.039137624,10053,0,-1.895482,-0.79104054,-9.607446,15079,0,0,0,1
9122153506,-0.15123245,0.75474846,0.034269493,10664,0,-1.9486873,-0.6974386,-9.511719,9609,0,0,0,1
9122163053,-0.23892687,0.71677095,0.02936086,9547,0,-1.9348767,-0.8189727,-9.587891,6866,0,0,0,1
9122172727,-0.29558668,0.72918975,-0.037079383,9674,0,-1.8533938,-0.92807716,-9.798828,8228,0,0,0,1
9122182924,-0.37017122,0.91286767,-0.12304672,10197,0,-1.4454185,-0.94679767,-10.071625,14404,0,0,0,1
9122192546,-0.42397046,1.1808144,-0.13676114,9622,0,-0.99989384,-0.6435771,-10.234375,8762,0,0,0,1
9122202919,-0.4321857,1.407332,-0.069404975,10373,0,-0.8907894,-0.31902608,-10.292968,7391,0,0,0,1
9122213204,-0.35895333,1.440487,0.031148681,10285,0,-0.9754697,-0.18549776,-9.975352,15242,0,0,0,1
9122223537,-0.262352,1.2954559,0.069261305,10333,0,-1.1214278,-0.52204305,-9.457031,8684,0,0,0,1
9122232553,-0.33500078,1.209101,-0.017477645,9016,0,-1.0813768,-0.72506005,-9.3046875,7812,0,0,0,1
9122243255,-0.5746407,1.2512183,-0.14627716,10702,0,-0.7703494,-0.521756,-9.361414,14819,0,0,0,1
9122253445,-0.7762083,1.3078722,-0.19609295,10190,0,-0.3908428,-0.16987076,-9.511717,8349,0,0,0,1
9122262755,-0.8624236,1.3610831,-0.15618904,9310,0,-0.16020446,-0.01933435,-9.646484,8556,0,0,0,1
9122273313,-0.898973,1.4543263,-0.07033608,10558,0,-0.10634284,0.006905937,-9.683594,6802,0,0,0,1
9122283794,-0.90379626,1.4978365,0.01559692,10481,0,-0.41360968,-0.114903495,-9.434262,15317,0,0,0,1
9122292945,-0.8962786,1.423901,0.041064154,9151,0,-0.784447,-0.5358537,-9.033203,7854,0,0,0,1
9122303228,-0.9619973,1.3485566,-0.037963115,10283,0,-0.86454904,-0.6711985,-8.996093,8431,0,0,0,1
9122313668,-1.0946456,1.3360814,-0.16682859,10440,0,-0.7153937,-0.7126305,-9.029299,7739,0,0,0,1
9122323243,-1.1892289,1.328496,-0.27722642,9575,0,-0.48613644,-0.5634752,-9.203125,14473,0,0,0,1
9122333508,-1.1946996,1.3409479,-0.3515683,10265,0,0.2823291,-0.10178191,-9.898819,9828,0,0,0,1
9122343093,-1.1317661,1.4259275,-0.3575806,9585,0,0.76096773,0.35769728,-10.298829,7106,0,0,0,1
9122353551,-0.98251367,1.4743285,-0.2677915,10458,0,1.1131397,0.84521425,-10.564452,8249,0,0,0,1
9122363852,-0.7228171,1.3514484,-0.11155634,10301,0,1.2265369,0.87879795,-10.283425,15143,0,0,0,1
9122373334,-0.54129535,1.215374,-0.028446453,9482,0,0.8686912,0.54828453,-9.800781,7921,0,0,0,1
9122383160,-0.59046894,1.2339573,-0.09371078,9826,0,0.8010188,0.5082336,-9.589844,7573,0,0,0,1
9122393546,-0.7065079,1.2739989,-0.18740202,10386,0,1.0602874,0.6454805,-9.451423,15120,0,0,0,1
9122403741,-0.7437716,1.2422426,-0.24310338,10195,0,1.1946234,0.81897396,-9.490234,9286,0,0,0,1
9122413257,-0.7265034,1.2332543,-0.29981712,9516,0,1.3161571,0.99575055,-9.626953,7741,0,0,0,1
9122423719,-0.6719148,1.2353371,-0.32622626,10462,0,1.5130336,1.2063733,-9.625887,14777,0,0,0,1
9122433727,-0.5848806,1.1745838,-0.30865178,10008,0,1.4929339,1.1172845,-9.511719,17220,0,0,0,1
9122443108,-0.5634983,1.1683674,-0.33009595,9381,0,1.6420894,1.1587167,-9.5703125,6628,0,0,0,1
9122453516,-0.6235934,1.2643514,-0.40233108,10408,0,1.9390186,1.4031658,-9.626954,6937,0,0,0,1
9122463381,-0.65049565,1.3354836,-0.43653223,9865,0,2.1006036,1.619993,-9.685547,7881,0,0,0,1
9122473803,-0.606946,1.3237563,-0.40238512,10422,0,2.2773802,1.713906,-9.724611,8724,0,0,0,1
9122482885,-0.5261379,1.2678233,-0.34283668,9082,0,2.3588634,1.8230102,-9.7421875,7654,0,0,0,1
9122493381,-0.42189547,1.1745899,-0.29596126,10496,0,2.2153735,1.734763,-9.517744,14790,0,0,0,1
9122503368,-0.34598508,1.0917126,-0.30180523,9987,0,2.1144147,1.6061826,-9.355471,8554,0,0,0,1
9122513628,-0.34807438,1.0882679,-0.350583,10260,0,2.357482,1.7139059,-9.300781,8103,0,0,0,1
9122524021,-0.35218087,1.068947,-0.35350594,10393,0,2.6820335,1.930734,-9.28125,7565,0,0,0,1
9122533152,-0.31139502,0.98539984,-0.28712153,9131,0,2.9423335,2.136349,-9.261323,15225,0,0,0,1
9122543529,-0.251312,0.86455715,-0.19532885,10377,0,2.9264824,2.227663,-9.093748,8857,0,0,0,1
9122553631,-0.19400771,0.71470964,-0.118174285,10102,0,2.8311887,2.0522676,-8.921875,7763,0,0,0,1
9122564303,-0.21614103,0.6456523,-0.11325662,10672,0,2.7110362,1.876872,-8.880859,7464,0,0,0,1
9122573615,-0.28728634,0.6670542,-0.1591429,9312,0,2.9559429,1.9593788,-8.949367,14938,0,0,0,1
9122583736,-0.2900279,0.6214818,-0.15526178,10121,0,3.14331,2.066078,-8.917969,8791,0,0,0,1
9122593766,-0.25548396,0.5220516,-0.10448592,10030,0,3.1170697,1.956974,-8.919924,7784,0,0,0,1
9122603607,-0.24167533,0.48337984,-0.07031023,9841,0,3.0564382,1.896342,-8.9609375,15293,0,0,0,1
9122613899,-0.21198797,0.45230192,-0.050786816,10292,0,3.0507789,1.8078184,-8.939453,7582,0,0,0,1
9122623132,-0.15260433,0.38877106,-0.034191143,9233,0,2.9831061,1.7125248,-8.957031,10143,0,0,0,1
9122634351,-0.1381086,0.38669795,-0.040043127,11219,0,2.9554849,1.57718,-8.978515,7151,0,0,0,1
9122645750,-0.17195104,0.46334562,-0.07031013,11399,0,3.0632021,1.6201738,-8.993052,13467,0,0,0,1
9122653854,-0.14708981,0.4688685,-0.08497275,8104,0,3.2261744,1.7953888,-8.90039,9798,0,0,0,1
9122663733,-0.061459213,0.3639078,-0.071305715,9879,0,3.2123637,1.7539568,-8.783203,6564,0,0,0,1
9122674206,-0.021409612,0.30176112,-0.06934477,10473,0,3.2046578,1.7462515,-8.64142,15827,0,0,0,1
9122684422,-0.02278991,0.28933367,-0.07519469,10216,0,3.2662246,1.8078182,-8.537109,6912,0,0,0,1
9122694119,0.005521289,0.21268278,-0.067388274,9697,0,3.2386038,1.8078187,-8.476563,8634,0,0,0,1
9122703544,0.057998806,0.080099046,-0.060556494,9425,0,3.1585014,1.7277162,-8.439451,7405,0,0,0,1
9122713548,0.10633654,-0.029004358,-0.068367384,10004,0,3.1512847,1.706534,-8.526881,15097,0,0,0,1
9122724493,0.15536496,-0.12222686,-0.07324928,10945,0,3.266225,1.8078183,-8.666016,9613,0,0,0,1
9122734414,0.2161286,-0.23547739,-0.06446243,9921,0,3.3338974,1.8478695,-8.746094,6778,0,0,0,1
9122743713,0.27689388,-0.35148865,-0.04395425,9299,0,3.3891406,1.8754911,-8.824219,7466,0,0,0,1
9122753967,0.33282125,-0.46543145,0.00096729904,10254,0,3.4696887,2.0249677,-8.901199,15446,0,0,0,1
9122763652,0.39495757,-0.58559275,0.07127955,9685,0,3.4153805,2.0122166,-8.972656,8746,0,0,0,1
9122774108,0.4391558,-0.66154796,0.13085596,10456,0,3.2662249,1.8906826,-9.066406,7386,0,0,0,1
9122784308,0.4723095,-0.67673105,0.16114603,10200,0,3.197839,1.8890448,-9.137403,15085,0,0,0,1
9122794502,0.5344579,-0.7126366,0.19631028,10194,0,3.2109823,1.8630612,-9.048828,9516,0,0,0,1
9122803413,0.5993674,-0.78998166,0.24414471,8911,0,3.1032584,1.8354394,-8.972654,6756,0,0,0,1
9122814020,0.6270005,-0.8521256,0.27049628,10607,0,2.9264822,1.7940078,-8.9375,8591,0,0,0,1
9122824214,0.6546349,-0.94741607,0.28903037,10194,0,2.8395195,1.723639,-8.910296,14176,0,0,0,1
9122834100,0.73406,-1.1317815,0.31734407,9886,0,2.874002,1.9293525,-9.013672,9252,0,0,0,1
9122844330,0.8390011,-1.3361889,0.37204444,10230,0,2.9817247,2.0646973,-9.046873,6886,0,0,0,1
9122854756,0.93560636,-1.562735,0.49408856,10426,0,3.0127282,2.1509428,-9.027343,15825,0,0,0,1
9122863952,1.0032496,-1.7864977,0.635652,9196,0,2.738657,1.8492506,-9.0859375,7133,0,0,0,1
9122873631,1.0025837,-1.8645036,0.71575916,9679,0,2.4141064,1.3893552,-9.144531,8360,0,0,0,1
9122884089,0.91559684,-1.7429476,0.7030922,10458,0,1.9942616,0.9418889,-9.183592,8431,0,0,0,1
9122894419,0.76508456,-1.4929603,0.6200879,10330,0,1.3960569,0.1651879,-9.196678,14659,0,0,0,1
9122904203,0.6056129,-1.1911663,0.48339206,9784,0,0.9225528,-0.046955727,-9.47461,9084,0,0,0,1
9122914210,0.5386898,-0.9680729,0.31742775,10007,0,0.9902251,0.100818545,-9.685547,9034,0,0,0,1
9122923640,0.60566986,-0.9287048,0.21589196,9430,0,1.1808125,0.26378453,-9.798828,5680,0,0,0,1
9122934466,0.695394,-0.96602863,0.18852419,10826,0,1.3318318,0.41480398,-9.945153,16256,0,0,0,1
9122943902,0.71608377,-0.9356663,0.18265422,9436,0,1.4501208,0.50823367,-10.089844,7150,0,0,0,1
9122954356,0.68360394,-0.8134592,0.19242766,10454,0,1.5440334,0.49442297,-10.146484,8400,0,0,0,1
9122964390,0.6145408,-0.6035377,0.19148226,10034,0,1.4966605,0.43407235,-10.189924,14594,0,0,0,1
9122973717,0.5475635,-0.36667624,0.1758691,9327,0,1.5978949,0.5482846,-10.142578,9266,0,0,0,1
9122983971,0.5379016,-0.2285764,0.19536848,10254,0,1.6669481,0.72506124,-10.048826,7398,0,0,0,1
9122994597,0.5772699,-0.21547374,0.26856834,10626,0,1.6669486,0.860406,-9.9296875,7977,0,0,0,1
9123004819,0.633218,-0.28522617,0.36423278,10222,0,1.501396,0.82988137,-9.691682,14965,0,0,0,1
9123013937,0.66983414,-0.39639574,0.43940198,9118,0,1.234674,0.5607141,-9.626951,8048,0,0,0,1
9123024962,0.6954006,-0.52550524,0.4735748,11025,0,0.99022526,0.26378456,-9.718752,8368,0,0,0,1
9123035024,0.74306774,-0.62835383,0.4560119,10062,0,0.6571076,-0.26648256,-9.898291,14628,0,0,0,1
9123044883,0.78103286,-0.6276347,0.38185635,9859,0,0.46265715,-0.6698173,-10.029297,8951,0,0,0,1
9123054286,0.77617705,-0.517838,0.28229442,9403,0,0.39498472,-0.79273236,-10.029295,7789,0,0,0,1
9123064841,0.7775441,-0.41428146,0.21881346,10555,0,0.45497102,-0.9079612,-9.913258,14877,0,0,0,1
9123075065,0.8203598,-0.38943353,0.19046219,10224,0,0.51651883,-0.8590237,-9.781252,7309,0,0,0,1
9123084454,0.86663646,-0.41221467,0.15234311,9389,0,0.62562317,-0.7499191,-9.609374,9081,0,0,0,1
9123095179,0.8645638,-0.45849428,0.1220382,10725,0,0.7609678,-0.6698172,-9.435547,7602,0,0,0,1
9123104350,0.7803058,-0.48200187,0.12201756,9171,0,0.80088687,-0.7319026,-9.3477955,22283,0,0,0,1
9123114524,0.6539293,-0.46474868,0.1347293,10174,0,0.6946766,-0.8465942,-9.355471,8941,0,0,0,1
9123124379,0.56761223,-0.4599142,0.15035926,9855,0,0.57176155,-0.91426647,-9.390626,7381,0,0,0,1
9123134803,0.524114,-0.48821878,0.16305625,10424,0,0.50270796,-1.008179,-9.392576,7627,0,0,0,1
9123144344,0.49926308,-0.54621714,0.16597863,9541,0,0.4212251,-1.1172833,-9.392578,7505,0,0,0,1
9123154662,0.4868418,-0.6207866,0.15328525,10318,0,0.29969114,-1.213958,-9.449219,8978,0,0,0,1
9123164670,0.46958745,-0.67118734,0.120086804,10008,0,0.21958917,-1.29406,-9.548828,7786,0,0,0,1
9123174936,0.4509454,-0.68706554,0.075178586,10266,0,0.12432213,-1.2670801,-9.6567545,15610,0,0,0,1
9123185139,0.45577922,-0.69327843,0.030273812,10203,0,0.1229144,-1.1725259,-9.707029,6644,0,0,0,1
9123194872,0.4820133,-0.68913853,-0.004865811,9733,0,0.1242955,-1.091043,-9.707033,9139,0,0,0,1
9123204527,0.4702652,-0.64287907,-0.025379168,9655,0,0.13672513,-0.9957494,-9.707031,7430,0,0,0,1
9123214525,0.40672222,-0.5835026,-0.018565139,9998,0,0.045115195,-0.9897372,-9.72461,14765,0,0,0,1
9123225051,0.37770718,-0.59594065,0.011700378,10526,0,-0.13258314,-1.1297129,-9.740234,8871,0,0,0,1
9123234994,0.3970526,-0.66498727,0.021471536,9943,0,-0.30797875,-1.252628,-9.832031,7359,0,0,0,1
9123244215,0.4019076,-0.70709693,-0.007823762,9221,0,-0.41846418,-1.3879725,-9.912109,8919,0,0,0,1
9123254574,0.38326657,-0.70502377,-0.044931438,10359,0,-0.46669012,-1.4761552,-9.96078,14007,0,0,0,1
9123265472,0.36185506,-0.6794768,-0.06836401,10898,0,-0.45851523,-1.5357469,-9.988281,9068,0,0,0,1
9123274688,0.33768636,-0.62768745,-0.08788858,9216,0,-0.4447045,-1.5219362,-10.066406,7396,0,0,0,1
9123284899,0.31351495,-0.5399924,-0.101551466,10211,0,-0.34818456,-1.3973083,-10.094663,14767,0,0,0,1
9123295321,0.31487823,-0.47095075,-0.07712943,10422,0,-0.33698118,-1.2816302,-9.914062,9807,0,0,0,1
9123304008,0.34662282,-0.49582127,-0.019525109,8687,0,-0.36322144,-1.3078706,-9.722657,6751,0,0,0,1
9123314865,0.3383485,-0.5565788,0.014630159,10857,0,-0.44559303,-1.4028417,-9.608385,15011,0,0,0,1
9123324856,0.22787632,-0.5275691,0.013625072,9991,0,-0.4198453,-1.414213,-9.683596,7493,0,0,0,1
9123334457,0.08354787,-0.42744452,0.026322752,9601,0,-0.3922239,-1.414213,-9.744141,9055,0,0,0,1
9123345222,-0.010372842,-0.34181887,0.06442672,10765,0,-0.41846418,-1.4680748,-9.761719,6628,0,0,0,1
9123354612,-0.06837745,-0.26033434,0.096661136,9390,0,-0.5398641,-1.5219021,-9.844658,15675,0,0,0,1
9123365302,-0.118782595,-0.16020685,0.11228906,10690,0,-0.70158315,-1.618611,-9.853515,8909,0,0,0,1
9123374729,-0.13742433,-0.084937125,0.11620031,9427,0,-0.7968768,-1.7139047,-9.78125,7772,0,0,0,1
9123385207,-0.12843905,-0.07043618,0.09277246,10478,0,-0.858433,-1.7206571,-9.715991,14598,0,0,0,1
9123395332,-0.12912597,-0.084940664,0.048829716,10125,0,-0.8106876,-1.537128,-9.666016,7848,0,0,0,1
9123405180,-0.13465205,-0.113939576,0.03711213,9848,0,-0.8507385,-1.5246985,-9.550781,9615,0,0,0,1
9123414465,-0.13810655,-0.190585,0.05957846,9285,0,-0.9736535,-1.619992,-9.417969,6858,0,0,0,1
9123425132,-0.16503012,-0.27828896,0.036138203,10667,0,-1.0556684,-1.6467643,-9.460333,15786,0,0,0,1
9123435297,-0.19125913,-0.31420428,-0.035157487,10165,0,-0.89078957,-1.5095067,-9.722658,6895,0,0,0,1
9123444810,-0.17884037,-0.3017683,-0.06347527,9513,0,-0.7278234,-1.3465407,-9.873047,8652,0,0,0,1
9123454784,-0.14708982,-0.2644714,-0.030271135,9974,0,-0.6076704,-1.3064897,-9.912109,11648,0,0,0,1
9123465448,-0.13811602,-0.19610578,0.019524863,10664,0,-0.61246246,-1.2310892,-9.95795,10742,0,0,0,1
9123475120,-0.16711742,-0.09805178,0.056623537,9672,0,-0.5938597,-1.1849554,-10.009764,8772,0,0,0,1
9123484975,-0.22581239,0.03521744,0.078102425,9855,0,-0.5123768,-1.1034727,-10.107422,7780,0,0,0,1
9123495485,-0.30384538,0.21683045,0.12008579,10510,0,-0.38487634,-0.8159837,-10.201172,15895,0,0,0,1
9123505858,-0.3355944,0.3480523,0.2196977,10373,0,-0.6076705,-0.76511097,-9.96875,6719,0,0,0,1
9123515582,-0.26926693,0.28868464,0.31933326,9724,0,-1.2153404,-1.3479217,-9.449219,16502,0,0,0,1
9123525166,-0.21610053,0.10565543,0.27346507,9584,0,-1.5274615,-1.847868,-9.126953,8121,0,0,0,1
9123535351,-0.29139546,-0.009715267,0.09182314,10185,0,-1.2843938,-1.9279702,-9.109375,7849,0,0,0,1
9123545601,-0.51997703,0.07106493,-0.079123385,10250,0,-1.0275153,-1.7263346,-9.089844,7980,0,0,0,1
9123555067,-0.8389898,0.27412882,-0.15729728,9466,0,-0.7430151,-1.3064897,-9.089844,7002,0,0,0,1
9123565615,-1.0854938,0.389526,-0.105491675,10548,0,-0.45457208,-0.8973839,-9.232016,15899,0,0,0,1
9123575763,-1.199411,0.4427584,0.015613371,10148,0,-0.41846415,-0.81897265,-9.417967,7103,0,0,0,1
9123585474,-1.2629632,0.57390124,0.082898624,9711,0,-0.4585151,-0.5883343,-9.589842,8482,0,0,0,1
9123594880,-1.2885362,0.664306,0.09659923,9406,0,-0.41708308,-0.276213,-9.705078,8389,0,0,0,1
9123605029,-1.2222208,0.5718007,0.12994187,10149,0,-0.2913699,-0.17491464,-9.857304,14404,0,0,0,1
9123614920,-1.1234621,0.4371653,0.17489621,9891,0,-0.29693022,-0.20854063,-10.142578,9285,0,0,0,1
9123625228,-1.0240397,0.38329774,0.21485789,10308,0,-0.33698124,-0.27621293,-10.314455,6841,0,0,0,1
9123635881,-0.8983886,0.42885682,0.22843426,10653,0,-0.4576768,-0.507394,-10.554355,15828,0,0,0,1
9123645095,-0.80799377,0.65045065,0.16482791,9214,0,-0.44470447,-0.33145565,-10.738281,7370,0,0,0,1
9123655073,-0.7375536,0.9197638,0.10624316,9978,0,-0.26792783,0.00828708,-10.644531,8792,0,0,0,1
9123664985,-0.58484995,0.96057504,0.15317869,9912,0,-0.21406615,0.2251147,-10.392578,7812,0,0,0,1
9123675603,-0.36936066,0.74790484,0.21379909,10618,0,-0.36322147,0.15606129,-10.103514,7978,0,0,0,1
9123685909,-0.19264273,0.4675067,0.15817782,10306,0,-0.75702506,-0.36983344,-9.720074,15384,0,0,0,1
9123695545,-0.11674302,0.2685993,-0.0156225655,9636,0,-0.87974083,-0.7112493,-9.587891,8578,0,0,0,1
9123705328,-0.13262676,0.20023619,-0.21678701,9783,0,-0.7443962,-0.6560067,-9.738281,10264,0,0,0,1
9123716030,-0.12431424,0.21405046,-0.34277627,10702,0,-0.024024324,-0.065936014,-10.061631,11430,0,0,0,1
9123725624,-0.020023888,0.21748666,-0.33986405,9594,0,0.5027081,0.48061225,-10.144531,8778,0,0,0,1
9123735450,0.049745418,0.24995603,-0.23536423,9826,0,0.77339727,0.72644234,-10.107422,7708,0,0,0,1
9123745986,-0.028251892,0.4067336,-0.08982137,10536,0,0.85011256,0.66523737,-9.907409,15927,0,0,0,1
9123755915,-0.17326072,0.59042144,0.04692227,9929,0,0.66705513,0.58971655,-9.701172,6482,0,0,0,1
9123765783,-0.26787803,0.6518755,0.15238118,9868,0,0.5040892,0.42675057,-9.587891,9051,0,0,0,1
9123775257,-0.3321206,0.6553197,0.20218219,9474,0,0.34112313,0.29140586,-9.609373,7405,0,0,0,1
9123785239,-0.39360443,0.6559975,0.20218013,9982,0,0.27124542,0.3060409,-9.724872,15095,0,0,0,1
9123795687,-0.36872947,0.5469055,0.19728784,10448,0,0.15053579,0.1560613,-9.814453,8619,0,0,0,1
9123805626,-0.26791474,0.3659878,0.15821323,9939,0,-0.0386705,-0.19611104,-9.833984,7655,0,0,0,1
9123816178,-0.2582989,0.36043075,0.02636552,10552,0,-0.12767851,-0.501236,-9.902948,16293,0,0,0,1
9123826030,-0.35084283,0.5441047,-0.1230592,9852,0,0.21820812,-0.18230033,-10.0078125,6408,0,0,0,1
9123835484,-0.37979782,0.67119086,-0.16115636,9454,0,0.5717615,0.19611228,-10.048828,8432,0,0,0,1
9123846178,-0.3258986,0.68640167,-0.101595454,10694,0,0.8148294,0.46680158,-10.087891,8408,0,0,0,1
9123856235,-0.2582177,0.66845137,-0.030309554,10057,0,0.88062406,0.5878389,-9.973394,15030,0,0,0,1
9123866189,-0.16018432,0.5980082,0.00777286,9954,0,0.72091687,0.50823355,-9.740234,8672,0,0,0,1
9123875625,-0.022790458,0.43848896,-4.693838e-05,9436,0,0.55795085,0.37288898,-9.396486,6777,0,0,0,1
9123886288,0.076632425,0.22856584,-0.048858635,10663,0,0.51436466,0.23687851,-8.922419,16034,0,0,0,1
9123896517,0.054533005,0.05179487,-0.10547631,10229,0,0.8134484,0.38531846,-8.880859,7211,0,0,0,1
9123905315,-0.05180116,-0.06835298,-0.112305574,8798,0,1.0565164,0.5759058,-9.185547,8788,0,0,0,1
9123916428,-0.14501534,-0.086998336,-0.079105526,11113,0,1.2208632,0.62976754,-9.623047,7427,0,0,0,1
9123925727,-0.21612966,0.055943444,-0.04201709,9299,0,1.3709246,0.76744795,-10.020543,14921,0,0,0,1
9123936172,-0.23546366,0.21062638,0.035131205,10445,0,1.313395,0.8327844,-9.914061,9310,0,0,0,1
9123945926,-0.19885868,0.24999262,0.12400869,9754,0,1.0979482,0.6974398,-9.816406,6824,0,0,0,1
9123955539,-0.1829879,0.2423812,0.13769332,9613,0,0.9101232,0.56209517,-9.7421875,8213,0,0,0,1
9123965561,-0.1740167,0.19472599,0.09961464,10022,0,0.68126607,0.43231487,-9.605978,14766,0,0,0,1
9123975949,-0.119456835,0.06698179,0.06836908,10388,0,0.38117412,0.22373356,-9.453124,9999,0,0,0,1
9123986012,-0.043496877,-0.09322245,0.021496534,10063,0,0.25964016,0.046956893,-9.431641,6552,0,0,0,1
9123995306,0.013129235,-0.24237938,-0.060537014,9294,0,0.3135018,-0.0069047506,-9.490234,8860,0,0,0,1
9124005784,0.06629991,-0.3742711,-0.13963982,10478,0,0.49858806,0.16272835,-9.689236,13958,0,0,0,1
9124015712,0.16779177,-0.5103154,-0.16599035,9928,0,0.7609677,0.4129399,-9.832031,8043,0,0,0,1
9124026283,0.32313702,-0.6477468,-0.13276604,10571,0,0.9501741,0.6573889,-9.912109,8755,0,0,0,1
9124036457,0.4612126,-0.7665339,-0.044876955,10174,0,1.1193702,0.9135714,-9.810618,14181,0,0,0,1
9124046181,0.53784007,-0.87219656,0.08106309,9724,0,0.99022514,0.99575055,-9.6875,8448,0,0,0,1
9124055564,0.5703179,-0.96126366,0.17869498,9383,0,0.81482947,0.92807823,-9.6875,7689,0,0,0,1
9124065851,0.6262916,-1.0724139,0.22948453,10287,0,0.56114894,0.68817157,-9.658242,15852,0,0,0,1
9124076389,0.6919327,-1.1711338,0.2314525,10538,0,0.23201883,0.2099229,-9.568359,7179,0,0,0,1
9124085821,0.6450073,-1.1435016,0.1786793,9432,0,0.05662319,-0.10081735,-9.490234,8427,0,0,0,1
9124096486,0.47443154,-0.9909086,0.116134904,10665,0,-0.07872145,-0.29140472,-9.46875,8409,0,0,0,1
9124106513,0.30662072,-0.8286387,0.07023307,10027,0,-0.3084169,-0.34076947,-9.550504,14397,0,0,0,1
9124116575,0.22996578,-0.7312711,0.036104623,10062,0,-0.4460855,-0.36045814,-9.666016,9158,0,0,0,1
9124125837,0.22306083,-0.68569416,0.0039107474,9262,0,-0.44608542,-0.36045808,-9.761717,9941,0,0,0,1
9124136208,0.22720262,-0.6663596,-0.028314847,10371,0,-0.41846415,-0.33283678,-9.814453,4964,0,0,0,1
9124165866,0.22848974,-0.59451896,-0.078341335,29658,0,-0.27299678,-0.036487654,-10.089945,31984,0,0,0,1
9124175923,0.24236417,-0.42468786,-0.041972272,10057,0,-0.011049176,0.31764627,-10.214844,8413,0,0,0,1
9124186585,0.27273062,-0.41641042,0.04395776,10662,0,-0.16274184,0.3510429,-10.008144,15207,0,0,0,1
9124196091,0.32867327,-0.5013413,0.10937506,9506,0,-0.45989627,0.16987196,-9.738282,6810,0,0,0,1
9124206767,0.3653063,-0.6166411,0.09959382,10676,0,-0.65048355,0.0069059245,-9.605468,8202,0,0,0,1
9124216955,0.33839467,-0.69880754,0.052692834,10188,0,-0.74439627,-0.14224942,-9.509766,7613,0,0,0,1
9124225607,0.25344354,-0.71607935,0.02435865,8652,0,-0.7554683,-0.1809429,-9.573047,16105,0,0,0,1
9124236070,0.15468077,-0.6684379,0.020465486,10463,0,-0.6891536,-0.14224942,-9.777346,7795,0,0,0,1
9124246672,0.08147508,-0.57590806,0.031219779,10602,0,-0.67672384,-0.12981978,-9.910156,7557,0,0,0,1
9124256141,0.05384689,-0.47370875,0.054680772,9469,0,-0.67672396,-0.12981977,-10.009766,7232,0,0,0,1
9124265810,0.06075198,-0.39636752,0.08594334,9669,0,-0.7316347,-0.18355113,-9.999684,15995,0,0,0,1
9124276407,0.07111623,-0.3777225,0.10937919,10597,0,-0.8935515,-0.23616202,-9.8515625,8463,0,0,0,1
9124287149,0.0621528,-0.41984537,0.10741622,10742,0,-1.0413258,-0.30383438,-9.759766,6682,0,0,0,1
9124296397,0.036615275,-0.47025418,0.07518286,9248,0,-1.1760811,-0.34497166,-9.771899,15977,0,0,0,1
9124306424,0.023494225,-0.4847544,0.033197932,10027,0,-1.2443428,-0.4267494,-9.890625,8695,0,0,0,1
9124317077,0.03730322,-0.4612756,-0.003900226,10653,0,-1.2567724,-0.46680033,-9.970703,8215,0,0,0,1
9124326127,0.06630178,-0.42122492,-0.029283702,9050,0,-1.2843938,-0.46680033,-10.009764,7771,0,0,0,1
9124336588,0.09322665,-0.38324636,-0.041005198,10461,0,-1.3120149,-0.4830777,-9.976769,15184,0,0,0,1
9124346552,0.0966818,-0.34112254,-0.057612643,9964,0,-1.270583,-0.48061106,-9.968752,7535,0,0,0,1
9124356544,0.08149055,-0.29278412,-0.07617232,9992,0,-1.2029105,-0.357696,-10.009766,7065,0,0,0,1
9124366726,0.07803107,-0.25480726,-0.06933422,10182,0,-1.1430628,-0.20037867,-10.020921,16769,0,0,0,1
9124375595,0.08216835,-0.2244259,-0.037106484,8869,0,-1.1089981,-0.12843874,-9.951174,7455,0,0,0,1
9124386270,0.080785654,-0.21890174,0.0048828996,10675,0,-1.1752894,-0.14224939,-9.832031,7595,0,0,0,1
9124396971,0.07042892,-0.2568808,0.03417492,10701,0,-1.2968233,-0.23616204,-9.699218,7406,0,0,0,1
9124407414,0.033840347,-0.30590692,0.022449454,10443,0,-1.5192533,-0.41591632,-9.548135,16638,0,0,0,1
9124416738,-0.02346617,-0.32040757,-0.02150008,9324,0,-1.5688938,-0.45298967,-9.609377,7448,0,0,0,1
9124427256,-0.06421132,-0.28657144,-0.052745145,10518,0,-1.4874108,-0.39912805,-9.7421875,8188,0,0,0,1
9124437199,-0.0690527,-0.2292566,-0.044926323,9943,0,-1.3408304,-0.28016928,-10.013872,15676,0,0,0,1
9124446208,-0.05317332,-0.15398817,-0.018555982,9009,0,-1.2567723,-0.19611105,-10.199219,7849,0,0,0,1
9124456992,-0.024860334,-0.055242255,0.002929017,10784,0,-1.2167214,-0.12843868,-10.275391,7451,0,0,0,1
9124466090,0.0013795774,0.051100124,0.02734268,9098,0,-1.2042916,-0.060766358,-10.29492,7313,0,0,0,1
9124476621,-0.0048345723,0.1664185,0.067383185,10531,0,-1.1288415,0.027856568,-10.266195,15607,0,0,0,1
9124486427,-0.06421843,0.30728438,0.13282058,9806,0,-1.068947,0.046956927,-10.20117,8620,0,0,0,1
9124496597,-0.15950772,0.4591993,0.2207191,10170,0,-1.0689472,0.10219966,-10.181641,8449,0,0,0,1
9124507030,-0.24029888,0.5869494,0.2998189,10433,0,-1.1061502,0.13475879,-10.239612,14430,0,0,0,1
9124517025,-0.27413973,0.6718908,0.34765586,9995,0,-1.1628598,0.14086954,-10.275391,7673,0,0,0,1
9124526578,-0.27276602,0.7216123,0.36424577,9553,0,-1.1504302,0.12843995,-10.275391,8297,0,0,0,1
9124537003,-0.27070013,0.7513006,0.36034393,10425,0,-1.1103795,0.11601037,-10.296875,7044,0,0,0,1
9124546859,-0.26102385,0.74163455,0.35253504,9856,0,-1.0895538,0.07900919,-10.295047,17148,0,0,0,1
9124556341,-0.22649461,0.69882613,0.332996,9482,0,-1.1766706,-0.033145007,-10.203125,6910,0,0,0,1
9124566792,-0.2016605,0.6877695,0.28319147,10451,0,-1.1766706,-0.08838774,-10.167969,8177,0,0,0,1
9124577246,-0.20373742,0.711933,0.24316111,10454,0,-1.0137045,-0.116009116,-10.146484,7593,0,0,0,1
9124586959,-0.18713677,0.71332455,0.24022391,9713,0,-0.8764047,-0.015424326,-10.05168,15831,0,0,0,1
9124597414,-0.14017227,0.67604166,0.23825987,10455,0,-0.8521194,-0.08700669,-9.912109,7423,0,0,0,1
9124606629,-0.12845875,0.6642916,0.20116644,9215,0,-0.8383088,-0.23616202,-9.873047,7368,0,0,0,1
9124616132,-0.19062972,0.7222825,0.13576825,9503,0,-0.7359266,-0.26782107,-9.783865,16677,0,0,0,1
9124627224,-0.24999991,0.7568127,0.095731944,11092,0,-0.64910245,-0.07457709,-9.705078,6753,0,0,0,1
9124636436,-0.25342366,0.7077964,0.09278724,9212,0,-0.60767037,-0.14363045,-9.646482,9244,0,0,0,1
9124646694,-0.27139446,0.696742,0.06446509,10258,0,-0.5538088,-0.2527348,-9.646484,6395,0,0,0,1
9124656695,-0.34806177,0.80376685,0.019552143,10001,0,-0.4456612,-0.27632102,-9.742323,15882,0,0,0,1
9124667427,-0.40949318,0.88595176,0.011736163,10732,0,-0.37703213,-0.07319598,-9.792969,8595,0,0,0,1
9124677442,-0.38876945,0.851429,0.012691619,10015,0,-0.26930884,-0.07319598,-9.794922,6666,0,0,0,1
9124686531,-0.3459786,0.8168922,-0.017597275,9089,0,-0.21544723,-0.20992175,-9.8359375,16695,0,0,0,1
9124696388,-0.3459906,0.86936784,-0.072279304,9857,0,-0.18782584,-0.2927858,-9.833984,8838,0,0,0,1
9124707076,-0.35633752,0.9446405,-0.10938891,10688,0,-0.14639382,-0.22373238,-9.8125,7327,0,0,0,1
9124717345,-0.32386512,0.9218588,-0.112324685,10269,0,-0.063298695,-0.057773232,-9.687398,13953,0,0,0,1
9124726334,-0.2700142,0.8251806,-0.120132804,8989,0,0.016572218,-0.06076639,-9.626953,9257,0,0,0,1
9124737282,-0.25622222,0.77407753,-0.16796686,10948,0,0.07043385,-0.00690474,-9.666016,7391,0,0,0,1
9124746767,-0.26865622,0.7657918,-0.22069232,9485,0,0.2413837,0.06723649,-9.751726,14778,0,0,0,1
9124757620,-0.2617259,0.7492244,-0.23828183,10853,0,0.35355273,0.11601029,-9.890623,9283,0,0,0,1
9124767361,-0.23133567,0.7423156,-0.24611266,9741,0,0.37979305,0.19749331,-10.009768,6860,0,0,0,1
9124776559,-0.16298069,0.7278054,-0.26566342,9198,0,0.43365473,0.22373362,-10.048828,8200,0,0,0,1
9124786994,-0.07529341,0.68705964,-0.29594222,10435,0,0.5502818,0.229935,-10.097595,14802,0,0,0,1
9124796401,-0.044911724,0.7091669,-0.3506055,9407,0,0.71953577,0.42675063,-10.181641,8975,0,0,0,1
9124806944,-0.05870239,0.7865201,-0.40136218,10543,0,0.9777955,0.7126317,-10.183594,7794,0,0,0,1
9124817419,-0.027602023,0.79548544,-0.37795153,10475,0,1.227899,0.9746859,-10.019443,14568,0,0,0,1
9124827930,0.038018733,0.72987485,-0.29008296,10511,0,1.273344,1.0358016,-9.796873,8769,0,0,0,1
9124837594,0.05597028,0.68154997,-0.21290365,9664,0,1.2471037,1.0095613,-9.683592,8117,0,0,0,1
9124847240,0.015212962,0.6615365,-0.16794725,9646,0,1.2484851,0.9833211,-9.566408,7456,0,0,0,1
9124857418,-0.026918996,0.6069846,-0.13181415,10178,0,1.2267795,0.8919026,-9.457585,14574,0,0,0,1
9124867178,-0.054547615,0.54897803,-0.11033598,9760,0,1.1794314,0.8314035,-9.410156,8300,0,0,0,1
9124877584,-0.08838946,0.53171414,-0.109359086,10406,0,1.2747252,0.8465952,-9.396484,8679,0,0,0,1
9124886991,-0.12704702,0.52204925,-0.08298921,9407,0,1.437691,0.8742165,-9.376951,8392,0,0,0,1
9124896968,-0.15050925,0.49719295,-0.012683188,9977,0,1.4977003,0.8636565,-9.442669,13821,0,0,0,1
9124907656,-0.14291058,0.46473846,0.060547832,10688,0,1.4777421,0.7513015,-9.587891,9056,0,0,0,1
9124917636,-0.10148923,0.43021014,0.102526344,9980,0,1.4639312,0.6573888,-9.705078,7398,0,0,0,1
9124927698,-0.069749735,0.43710938,0.0878787,10062,0,1.4915528,0.5220443,-9.7421875,7167,0,0,0,1
9124936976,-0.12501869,0.5558721,0.02442741,9278,0,1.6683295,0.5082336,-9.759766,16551,0,0,0,1
9124946921,-0.17195295,0.66360044,0.005869197,9945,0,1.8713462,0.6283864,-9.775391,6671,0,0,0,1
9124957404,-0.0890432,0.6166565,0.07027367,10483,0,1.8575357,0.6145758,-9.681641,8684,0,0,0,1
9124967598,0.00762158,0.5324105,0.10835294,10194,0,1.5994475,0.29166177,-9.413248,14723,0,0,0,1
9124978115,0.01794167,0.5068531,0.07616706,10517,0,1.4501207,0.074578255,-9.222656,9249,0,0,0,1
9124987723,0.019323336,0.45989627,0.042967424,9608,0,1.4639316,0.06076757,-9.125001,7410,0,0,0,1
9124998082,0.062832706,0.3487216,0.01658384,10359,0,1.423592,-0.036875796,-8.987961,14835,0,0,0,1
9125007908,0.08768159,0.22857031,-0.04298274,9826,0,1.4777418,-0.0883878,-8.822266,9000,0,0,0,1
9125017111,0.06489215,0.14225653,-0.123048805,9203,0,1.6117055,-0.006904804,-8.783203,7814,0,0,0,1
9125026891,0.02208906,0.11601628,-0.17382476,9780,0,1.7484312,0.102199554,-8.8203125,7731,0,0,0,1
9125037412,0.008976563,0.11670219,-0.17870969,10521,0,1.8799391,0.2894127,-8.829972,14501,0,0,0,1
9125047558,0.052474666,0.06490322,-0.15723142,10146,0,1.9252081,0.43918017,-8.666015,8349,0,0,0,1
9125057540,0.084922746,-0.04074672,-0.13672525,9982,0,1.8699653,0.46680146,-8.515623,7601,0,0,0,1
9125067598,0.04141931,-0.15053193,-0.12989207,10058,0,1.8285338,0.4529909,-8.478517,9228,0,0,0,1
9125078040,-0.044892676,-0.23270026,-0.13770907,10442,0,1.8801138,0.47695017,-8.7629795,14505,0,0,0,1
9125087343,-0.089082174,-0.27828032,-0.14844468,9303,0,1.9790697,0.5759059,-9.220703,7917,0,0,0,1
9125097827,-0.052486148,-0.29002705,-0.12889755,10484,0,2.0881746,0.62976754,-9.4921875,7613,0,0,0,1
9125108058,0.027610477,-0.27898258,-0.08103492,10231,0,2.0167458,0.629721,-9.626953,15198,0,0,0,1
9125117755,0.105641894,-0.27967262,-0.040020537,9697,0,1.8174847,0.54966563,-9.490235,9367,0,0,0,1
9125128163,0.178152,-0.33560336,-0.02244936,10408,0,1.6545188,0.4944229,-9.337891,6778,0,0,0,1
9125137531,0.23133029,-0.4232966,-0.033201236,9368,0,1.6063316,0.5158685,-9.302736,15584,0,0,0,1
9125147575,0.26240444,-0.5123749,-0.044927742,10044,0,1.6945697,0.6974399,-9.283203,7296,0,0,0,1
9125157448,0.29898533,-0.63460785,-0.018565895,9873,0,1.6545188,0.7927336,-9.281248,8454,0,0,0,1
9125167904,0.3210769,-0.76581156,0.018533882,10456,0,1.557844,0.7789229,-9.322268,8398,0,0,0,1
9125178019,0.30244195,-0.83417094,0.038054306,10115,0,1.5316039,0.8051632,-9.519846,14497,0,0,0,1
9125187432,0.25686884,-0.80792946,0.050755825,9413,0,1.5164118,0.7651121,-9.740232,8287,0,0,0,1
9125197956,0.20024292,-0.70987374,0.06346038,10524,0,1.5177928,0.8189738,-9.892578,8304,0,0,0,1
9125207416,0.17398924,-0.6477285,0.09862736,9460,0,1.5467955,0.9004568,-9.953125,8234,0,0,0,1
9125218414,0.19607802,-0.6767312,0.16895257,10998,0,1.4527417,0.8340245,-9.981785,14293,0,0,0,1
9125228301,0.20367374,-0.6857092,0.22558895,9887,0,1.2484848,0.6021462,-10.068359,8819,0,0,0,1
9125237755,0.1739945,-0.6104393,0.23632388,9454,0,1.1407617,0.49442297,-10.087891,7393,0,0,0,1
9125247847,0.17331569,-0.5655474,0.23633388,10092,0,1.0009052,0.49442282,-9.957997,15123,0,0,0,1
9125258197,0.2465292,-0.64839923,0.25295237,10350,0,0.7885891,0.44056126,-9.759766,8807,0,0,0,1
9125267413,0.31766954,-0.7678591,0.25685027,9216,0,0.63805276,0.37288898,-9.703127,7784,0,0,0,1
9125277873,0.3107669,-0.8037748,0.22361992,10460,0,0.6228609,0.2775952,-9.6640625,7406,0,0,0,1
9125288057,0.2486028,-0.75268626,0.19430618,10184,0,0.77594966,0.21077365,-9.617623,15763,0,0,0,1
9125297492,0.1878045,-0.68364173,0.20896006,9435,0,0.82725906,0.31902722,-9.550781,8226,0,0,0,1
9125308049,0.16984338,-0.6794958,0.25975648,10557,0,0.75958675,0.35907817,-9.472654,7408,0,0,0,1
9125318274,0.19125819,-0.7285162,0.31152886,10225,0,0.55956817,0.19870873,-9.358697,14808,0,0,0,1
9125328394,0.21751769,-0.7699414,0.3300876,10120,0,0.35355282,0.08838892,-9.244141,8796,0,0,0,1
9125338421,0.22374813,-0.79687226,0.3183584,10027,0,0.28588054,0.04833795,-9.183594,7914,0,0,0,1
9125347860,0.20718189,-0.824498,0.29685873,9439,0,0.24582952,0.008286973,-9.185547,7909,0,0,0,1
9125358145,0.17817122,-0.8576485,0.28806168,10285,0,0.23129913,-0.033864785,-9.217306,14430,0,0,0,1
9125368045,0.1539858,-0.9025368,0.30759248,9900,0,0.12429554,-0.060766414,-9.318359,9374,0,0,0,1
9125378043,0.10495866,-0.9184238,0.3163677,9998,0,0.07043387,-0.08700669,-9.509766,6771,0,0,0,1
9125388468,-0.0034493508,-0.8459301,0.2870327,10425,0,0.100618206,-0.121547535,-9.870589,15292,0,0,0,1
9125397845,-0.10842224,-0.72577745,0.25773498,9377,0,0.13672513,-0.048336755,-10.242189,7675,0,0,0,1
9125407851,-0.12155606,-0.6380554,0.2656101,10006,0,0.06905275,0.019335598,-10.451172,9485,0,0,0,1
9125418047,-0.042840227,-0.57174236,0.28909764,10196,0,-0.012430262,0.020716669,-10.582031,7157,0,0,0,1
9125428065,0.06833783,-0.49094197,0.2998557,10018,0,-0.1450421,-0.014626728,-10.558111,15828,0,0,0,1
9125438246,0.17468895,-0.43293834,0.30375776,10181,0,-0.29554912,-0.07457702,-10.390625,7087,0,0,0,1
9125448244,0.24513462,-0.40394327,0.29690516,9998,0,-0.43227488,-0.21130277,-10.201174,8709,0,0,0,1
9125457848,0.23892143,-0.34802425,0.2656343,9604,0,-0.56761956,-0.34664747,-10.048828,8387,0,0,0,1
9125468051,0.1795375,-0.2789792,0.21777008,10203,0,-0.67699975,-0.4129387,-9.966407,13970,0,0,0,1
9125478763,0.14087746,-0.26378384,0.16991496,10712,0,-0.6491026,-0.3452664,-10.007814,8949,0,0,0,1
9125488166,0.13328646,-0.26723093,0.11523212,9403,0,-0.55380887,-0.24997264,-10.181641,7392,0,0,0,1
9125498232,0.115323536,-0.20922862,0.06933822,10066,0,-0.3818775,-0.063433394,-10.345441,15019,0,0,0,1
9125508529,0.10219222,-0.11877346,0.07813143,10297,0,-0.33698118,0.10219966,-10.333984,8931,0,0,0,1
9125517903,0.13326387,-0.057316612,0.12793823,9374,0,-0.40465346,0.11462927,-10.234374,6913,0,0,0,1
9125528776,0.18367785,-0.026237806,0.15234925,10873,0,-0.47157198,0.047710806,-10.098262,15938,0,0,0,1
9125538075,0.19403699,-0.0006858627,0.13281696,9299,0,-0.5123768,0.0069059506,-10.009766,7088,0,0,0,1
9125548809,0.14777167,0.02485783,0.11035539,10734,0,-0.49856612,0.04833799,-9.990234,8960,0,0,0,1
9125558217,0.11048718,0.009662366,0.121092565,9408,0,-0.49994725,0.07457828,-9.951174,7199,0,0,0,1
9125568410,0.11049059,-0.04281506,0.14355013,10193,0,-0.71063024,-0.16418329,-9.953448,15167,0,0,0,1
9125578908,0.09529735,-0.066291116,0.12206754,10498,0,-0.8783598,-0.49442166,-10.068359,9594,0,0,0,1
9125587879,0.044885017,-0.028311012,0.046875235,8971,0,-0.8645493,-0.56071293,-10.201173,6826,0,0,0,1
9125598370,-0.01864587,0.061457988,-0.033201456,10491,0,-0.81068754,-0.5344726,-10.296873,7576,0,0,0,1
9125608714,-0.07043347,0.17539641,-0.07617093,10344,0,-0.63208765,-0.43975258,-10.326531,15149,0,0,0,1
9125618443,-0.10426473,0.28795424,-0.08593918,9729,0,-0.47094476,-0.30521536,-10.333984,8748,0,0,0,1
9125628885,-0.13050249,0.37634367,-0.07617319,10442,0,-0.48613662,-0.23754305,-10.218752,7604,0,0,0,1
9125638102,-0.16157597,0.40051433,-0.05370346,9217,0,-0.6173571,-0.38502824,-9.858987,15077,0,0,0,1
9125648358,-0.2589549,0.3956781,-0.06832878,10256,0,-0.75544477,-0.58971536,-9.683594,8593,0,0,0,1
9125658247,-0.4495675,0.4536701,-0.16694053,9889,0,-0.7153938,-0.5220431,-9.740234,7748,0,0,0,1
9125668709,-0.6215108,0.5468839,-0.28219673,10462,0,-0.3972295,-0.1346806,-9.972488,14878,0,0,0,1
9125678868,-0.6622202,0.591787,-0.3017626,10159,0,-0.13258314,0.088388965,-10.144531,7622,0,0,0,1
9125688451,-0.6041828,0.6000954,-0.23733829,9583,0,-0.09253216,0.12843993,-10.126952,9581,0,0,0,1
9125698154,-0.5544705,0.62080497,-0.18655719,9703,0,-0.093913235,0.15468022,-10.009766,6789,0,0,0,1
9125708425,-0.5392945,0.6194181,-0.16113974,10271,0,-0.111783706,0.07068523,-9.734544,15784,0,0,0,1
9125718630,-0.5807345,0.5959433,-0.14645147,10205,0,-0.20025542,-0.087006696,-9.509767,6959,0,0,0,1
9125728508,-0.72024715,0.64011747,-0.19721667,9878,0,-0.17263407,0.020716619,-9.529297,8631,0,0,0,1
9125739003,-0.8721706,0.716065,-0.2704727,10495,0,-0.011049138,0.15744238,-9.568361,8410,0,0,0,1
9125749145,-0.9460301,0.7402648,-0.27731583,10142,0,0.24707262,0.40574294,-9.670146,14736,0,0,0,1
9125758719,-0.9432455,0.72785646,-0.23436667,9574,0,0.43503585,0.71125066,-9.796875,8310,0,0,0,1
9125768622,-0.84933686,0.6615558,-0.17871548,9903,0,0.5717616,0.82035494,-9.851564,7642,0,0,0,1
9125778901,-0.70572436,0.51514655,-0.13669446,10279,0,0.5717615,0.6850103,-9.777344,8195,0,0,0,1
9125789136,-0.6194283,0.38737354,-0.14644518,10235,0,0.41045567,0.53599447,-9.753923,14568,0,0,0,1
9125798803,-0.58489966,0.36664551,-0.19140667,9667,0,0.47508687,0.56347644,-9.8125,8635,0,0,0,1
9125808520,-0.53654146,0.41499704,-0.2051151,9717,0,0.5841911,0.6449592,-9.832029,7459,0,0,0,1
9125818536,-0.48473603,0.48475555,-0.18364139,10016,0,0.6256232,0.8086387,-9.795384,15122,0,0,0,1
9125829362,-0.4453759,0.5227408,-0.15237497,10826,0,0.65186346,0.90045685,-9.667969,9505,0,0,0,1
9125839084,-0.4039544,0.47716546,-0.12207149,9722,0,0.6118124,0.83278453,-9.509766,6738,0,0,0,1
9125848527,-0.38532522,0.40741292,-0.123031214,9443,0,0.51651865,0.68501014,-9.374999,8473,0,0,0,1
9125858850,-0.434363,0.41776064,-0.17967486,10323,0,0.40741447,0.6190493,-9.322267,14467,0,0,0,1
9125868426,-0.49651256,0.4495228,-0.24510667,9576,0,0.57038045,0.8189739,-9.339844,8747,0,0,0,1
9125878758,-0.5041034,0.4281221,-0.27147308,10332,0,0.7609679,1.0095613,-9.394533,7431,0,0,0,1
9125888953,-0.50478023,0.43296367,-0.27441585,10195,0,0.9031794,1.2911526,-9.401454,14953,0,0,0,1
9125899357,-0.52065104,0.43643364,-0.24511276,10404,0,0.95017415,1.4970782,-9.183594,9573,0,0,0,1
9125908246,-0.52826005,0.32803082,-0.18842469,8889,0,0.85488045,1.4294058,-8.916016,6776,0,0,0,1
9125918028,-0.5869691,0.18369827,-0.16789794,9782,0,0.7043441,1.3617336,-8.785156,11932,0,0,0,1
9125929122,-0.72162324,0.09599287,-0.1884144,11094,0,0.79039365,1.4284462,-9.081857,10856,0,0,0,1
9125938916,-0.8231272,0.040060192,-0.20112547,9794,0,0.96260375,1.592372,-9.533204,9575,0,0,0,1
9125949431,-0.8189801,-0.004137316,-0.19137663,10515,0,1.0164654,1.6738547,-9.839842,6784,0,0,0,1
9125958637,-0.7381863,-0.036592912,-0.16501543,9206,0,1.0379146,1.7519524,-10.101761,15820,0,0,0,1
9125969121,-0.60560423,-0.07664501,-0.12790325,10484,0,1.0440867,1.86168,-10.144531,6914,0,0,0,1
9125978755,-0.4585217,-0.116004445,-0.086883366,9634,0,1.0440868,1.9169228,-10.0859375,8625,0,0,0,1
9125989200,-0.33767498,-0.13327068,-0.05759956,10445,0,1.0440868,1.9721657,-10.007813,8398,0,0,0,1
9125999394,-0.22166456,-0.16503942,-0.043922514,10194,0,0.9455924,1.96726,-9.908786,14342,0,0,0,1
9126008707,-0.13257967,-0.16573535,-0.0644405,9313,0,0.77477854,1.9155418,-9.833984,8378,0,0,0,1
9126019359,-0.09320967,-0.090468846,-0.1318386,10652,0,0.7885891,2.092318,-9.814453,8462,0,0,0,1
9126028730,-0.025539875,-0.042134847,-0.18456891,9371,0,0.9377446,2.2690954,-9.740236,8193,0,0,0,1
9126038846,0.08286336,-0.04697192,-0.18456665,10116,0,1.0598508,2.5185819,-9.705078,14106,0,0,0,1
9126049693,0.18575314,-0.0407601,-0.14745645,10847,0,1.191861,2.6613183,-9.6484375,9067,0,0,0,1
9126059218,0.29692647,-0.044221126,-0.07519182,9525,0,1.2609143,2.7828522,-9.529298,7395,0,0,0,1
9126069444,0.39843357,-0.07115085,0.008786247,10226,0,1.1636518,2.7933128,-9.31534,14877,0,0,0,1
9126079461,0.4253648,-0.08841236,0.08007388,10017,0,1.0855188,2.635078,-9.126953,9802,0,0,0,1
9126088531,0.3721942,-0.09877073,0.13866425,9070,0,1.0578974,2.4997334,-9.109375,6559,0,0,0,1
9126099075,0.32248035,-0.13328817,0.17381468,10544,0,0.990225,2.3768177,-9.205076,7649,0,0,0,1
9126109316,0.3853301,-0.22234595,0.18650553,10241,0,0.91609436,2.1649704,-9.598664,15041,0,0,0,1
9126119784,0.54967797,-0.29690146,0.18067063,10468,0,0.8286401,1.8893017,-10.064453,8952,0,0,0,1
9126129617,0.70848924,-0.27065396,0.15923333,9833,0,0.81482947,1.7677674,-10.234373,7589,0,0,0,1
9126139449,0.83346826,-0.22717112,0.1621623,9832,0,0.7509803,1.6514378,-10.187185,14841,0,0,0,1
9126149771,0.9660575,-0.27967262,0.19725436,10322,0,0.65186346,1.389355,-10.068359,8560,0,0,0,1
9126159338,1.0496211,-0.32038465,0.18650962,9567,0,0.5165188,1.0634229,-10.0078125,8200,0,0,0,1
9126168995,0.9660632,-0.20226121,0.09382739,9657,0,0.39498478,0.88664615,-9.857422,7560,0,0,0,1
9126179126,0.78721136,-0.062098525,0.012775119,10131,0,0.4856096,1.0048922,-9.515006,14537,0,0,0,1
9126188684,0.66774666,-0.058691476,0.004878794,9558,0,0.5579508,1.0496122,-9.324219,8645,0,0,0,1
9126199104,0.5904065,-0.08769968,0.007793417,10420,0,0.57038033,0.98193985,-9.322266,8188,0,0,0,1
9126209569,0.48337382,-0.041430254,0.0029452231,10465,0,0.6284176,0.9478842,-9.341795,14510,0,0,0,1
9126219770,0.35976687,0.01448772,0.034198776,10201,0,0.65186346,0.92807823,-9.339844,8921,0,0,0,1
9126229067,0.25135472,0.020699127,0.07910479,9297,0,0.5841911,0.80516315,-9.359375,7369,0,0,0,1
9126239703,0.15606168,0.0055176644,0.08300637,10636,0,0.49027848,0.6560078,-9.435547,7748,0,0,0,1
9126249731,0.08148395,-0.0096682375,0.04882638,10028,0,0.4775477,0.6572874,-9.726275,15011,0,0,0,1
9126259539,0.09736642,-0.03245285,0.025389196,9808,0,0.5855722,0.7789228,-10.068358,8659,0,0,0,1
9126269000,0.22925764,-0.05109685,0.026369184,9461,0,0.6394338,0.8327847,-10.166016,7776,0,0,0,1
9126279485,0.37703103,-0.045573764,0.035163175,10485,0,0.705725,0.9266971,-10.10742,8326,0,0,0,1
9126289643,0.45298874,-0.031770922,0.06153098,10158,0,0.77339745,1.0755155,-9.919715,14229,0,0,0,1
9126299295,0.47784933,-0.053878717,0.10936716,9652,0,0.7057251,1.0371826,-9.667969,8848,0,0,0,1
9126309752,0.50409424,-0.12292663,0.14548238,10457,0,0.5980019,0.90183794,-9.607424,7397,0,0,0,1
9126319934,0.5524382,-0.20162551,0.13571273,10182,0,0.5237578,0.82759404,-9.775638,15913,0,0,0,1
9126328915,0.6491143,-0.27066582,0.10935911,8981,0,0.6256231,0.9018378,-10.103516,7782,0,0,0,1
9126339481,0.82588214,-0.34249604,0.121094614,10566,0,0.77339745,0.9142678,-10.314455,7660,0,0,0,1
9126350080,1.0392476,-0.3846303,0.15628365,10599,0,0.7701192,0.7493735,-10.272709,16162,0,0,0,1
9126359069,1.1538682,-0.3335309,0.17684355,8989,0,0.5455212,0.44056132,-9.8984375,6792,0,0,0,1
9126369784,1.1034544,-0.21684615,0.19051789,10715,0,0.46265712,0.27759525,-9.628906,8784,0,0,0,1
9126379491,0.9681123,-0.13814524,0.20610599,9707,0,0.4074145,0.11462923,-9.453127,7453,0,0,0,1
9126389522,0.81413776,-0.12639111,0.2031169,10031,0,0.2035504,-0.1587429,-9.431917,15095,0,0,0,1
9126400101,0.6794924,-0.14777587,0.17184617,10579,0,0.056623187,-0.34664744,-9.662109,9491,0,0,0,1
9126409835,0.63392127,-0.17537095,0.119118094,9734,0,0.056623187,-0.4543708,-9.853516,6789,0,0,0,1
9126420062,0.68571043,-0.19262336,0.059568748,10227,0,0.124295525,-0.4944218,-9.968752,8205,0,0,0,1
9126429952,0.7616665,-0.19815373,0.015634183,9890,0,0.15053578,-0.520662,-9.990232,14590,0,0,0,1
9126438832,0.7927375,-0.18780644,-0.013660356,8880,0,0.17531459,-0.575985,-9.935659,9790,0,0,0,1
9126449557,0.79687923,-0.16709723,-0.034167018,10725,0,0.2596402,-0.5469024,-9.855469,7137,0,0,0,1
9126459798,0.8010194,-0.14225428,-0.028302047,10241,0,0.2924456,-0.60962415,-9.729093,14514,0,0,0,1
9126470282,0.7761577,-0.11050217,-0.0029110454,10484,0,0.21820815,-0.6435771,-9.683594,9320,0,0,0,1
9126479174,0.74370384,-0.08770633,0.009777893,8892,0,0.2043975,-0.68500924,-9.664063,6796,0,0,0,1
9126489689,0.7644216,-0.10288563,0.0029226078,10515,0,0.21820815,-0.69881976,-9.6640625,8441,0,0,0,1
9126500070,0.82035595,-0.14914408,-0.013697881,10381,0,0.2195892,-0.75390387,-9.625015,14312,0,0,0,1
9126509892,0.8597172,-0.20921493,-0.03812356,9822,0,0.21820815,-0.8037809,-9.527344,9714,0,0,0,1
9126519744,0.8887196,-0.28102902,-0.06547533,9852,0,0.20439748,-0.9004557,-9.429688,7030,0,0,0,1
9126529318,0.88595474,-0.32799637,-0.075230286,9574,0,0.17815718,-1.0095603,-9.375,8452,0,0,0,1
9126539852,0.82449335,-0.33698654,-0.06154594,10534,0,0.19892626,-1.0971332,-9.377606,14004,0,0,0,1
9126549622,0.72298187,-0.32111263,-0.034198288,9770,0,0.20439744,-1.171145,-9.546875,8656,0,0,0,1
9126560285,0.60696995,-0.28106764,0.005852567,10663,0,0.1236339,-1.3333335,-9.96176,14882,0,0,0,1
9126570613,0.58072937,-0.25206557,0.043954354,10328,0,-0.011049189,-1.5771787,-10.255857,7707,0,0,0,1
9126580065,0.68293875,-0.24651481,0.040063936,9452,0,-0.14639382,-1.6600428,-10.234373,8714,0,0,0,1
9126589812,0.7934334,-0.22577225,-0.013639343,9747,0,-0.20025548,-1.7139046,-10.083984,7705,0,0,0,1
9126600060,0.8224339,-0.2022997,-0.055643674,10248,0,-0.20025548,-1.7139049,-9.837893,8221,0,0,0,1
9126610369,0.76649374,-0.21957888,-0.06740465,10309,0,-0.17372605,-1.7523723,-9.50535,14595,0,0,0,1
9126620254,0.6497946,-0.22993138,-0.082060136,9885,0,-0.091151044,-1.8478684,-9.3203125,8622,0,0,0,1
9126629462,0.48821023,-0.19126698,-0.08204121,9208,0,-0.051100083,-1.8354387,-9.300781,7424,0,0,0,1
9126639788,0.34733516,-0.16089907,-0.04590776,10326,0,-0.06011663,-1.8720762,-9.341599,15148,0,0,0,1
9126650344,0.28656602,-0.18299933,-0.011733798,10556,0,-0.20025544,-2.0122154,-9.433594,9470,0,0,0,1
9126659877,0.2720732,-0.22925195,-0.032240592,9533,0,-0.29554912,-2.1323683,-9.451172,6767,0,0,0,1
9126670553,0.23548117,-0.24927041,-0.08497196,10676,0,-0.36460248,-2.2262807,-9.470703,8234,0,0,0,1
9126680292,0.16919273,-0.21474221,-0.12696065,9739,0,-0.36460254,-2.2014217,-9.548828,14707,0,0,0,1
9126690279,0.15468879,-0.1505329,-0.14159529,9987,0,-0.1126468,-1.844077,-9.808839,9062,0,0,0,1
9126699802,0.19197167,-0.093920514,-0.11424586,9523,0,-0.024859862,-1.7539558,-9.873049,7118,0,0,0,1
9126710134,0.21268615,-0.03867847,-0.07030255,10332,0,-0.027464634,-1.7237293,-9.897812,14798,0,0,0,1
9126720519,0.25066352,-0.021416359,-0.029292466,10385,0,-0.16158557,-1.7525746,-9.740234,8593,0,0,0,1
9126730030,0.29692835,-0.055248123,-0.009772129,9511,0,-0.24306856,-1.8616787,-9.626953,7683,0,0,0,1
9126740531,0.2845003,-0.08286122,-0.021491442,10501,0,-0.28245327,-1.9553363,-9.577782,15834,0,0,0,1
9126749720,0.24583034,-0.08424345,-0.025393797,9189,0,-0.26792777,-2.0246449,-9.699217,7183,0,0,0,1
9126759521,0.22442317,-0.068364464,-0.014646846,9801,0,-0.2554981,-2.0646958,-9.833984,9168,0,0,0,1
9126769855,0.23409058,-0.04903017,-0.0029256209,10334,0,-0.25549814,-2.092317,-9.875,7604,0,0,0,1
9126780591,0.2624025,-0.037290875,0.0068394807,10736,0,-0.28904653,-2.1760092,-9.782602,14398,0,0,0,1
9126789960,0.2561881,-0.028311472,0.0048846947,9369,0,-0.29693025,-2.213851,-9.6875,8089,0,0,0,1
9126799455,0.22235206,-0.024858376,-7.261399e-08,9495,0,-0.31074095,-2.2276623,-9.6484375,8135,0,0,0,1
9126809971,0.20301688,-0.0441952,0.005855578,10516,0,-0.35079187,-2.2953343,-9.626953,8479,0,0,0,1
9126820184,0.18644464,-0.07319511,-0.002935505,10213,0,-0.37703207,-2.390728,-9.647467,14590,0,0,0,1
9126830407,0.1470859,-0.083548926,-0.03809005,10223,0,-0.32317048,-2.3781984,-9.6484375,9125,0,0,0,1
9126840555,0.099438876,-0.07181117,-0.060548805,10148,0,-0.24168748,-2.3243365,-9.707031,7475,0,0,0,1
9126849831,0.07734041,-0.048337065,-0.050780628,9276,0,-0.21544725,-2.2704744,-9.744139,8431,0,0,0,1
9126860151,0.076649316,-0.025551073,-0.028318983,10320,0,-0.24316244,-2.2705686,-9.641028,14084,0,0,0,1
9126869866,0.05386156,-0.015192221,-0.012695135,9715,0,-0.3231705,-2.2953348,-9.490236,8247,0,0,0,1
9126880678,-0.017953917,-0.02209622,-0.015626185,10812,0,-0.37841314,-2.3229554,-9.492186,8566,0,0,0,1
9126890675,-0.10979469,-0.03383517,-0.034181323,9997,0,-0.36361405,-2.3209786,-9.669514,14573,0,0,0,1
9126900600,-0.17401381,-0.017953122,-0.0459017,9925,0,-0.28311956,-2.2276618,-9.855471,8088,0,0,0,1
9126910031,-0.21889779,0.025553007,-0.035163164,9431,0,-0.20163654,-2.1461787,-9.875,7681,0,0,0,1
9126920291,-0.29071295,0.07389349,-0.009772477,10260,0,-0.12015356,-2.0370746,-9.833986,8449,0,0,0,1
9126930488,-0.40050703,0.11187664,0.027341278,10197,0,-0.025345827,-1.9146454,-9.755577,14879,0,0,0,1
9126940411,-0.5303243,0.110503,0.087903485,9923,0,0.0013804771,-1.8879192,-9.605469,8041,0,0,0,1
9126950552,-0.6912146,0.057331726,0.15433493,10141,0,-0.11877244,-1.9555917,-9.490234,8765,0,0,0,1
9126960580,-0.8866336,-0.024868753,0.18169813,10028,0,-0.39884585,-2.053623,-9.445165,14407,0,0,0,1
9126970992,-1.058577,-0.0974124,0.15337054,10412,0,-0.52480644,-2.0384557,-9.644531,9594,0,0,0,1
9126979906,-1.1745896,-0.12781446,0.09865099,8914,0,-0.47232592,-2.0108342,-9.818361,6814,0,0,0,1
9126990419,-1.2491759,-0.10015338,0.07516422,10513,0,-0.43158573,-1.862533,-10.026215,14816,0,0,0,1
9127000595,-1.2864693,-0.033836514,0.07707269,10176,0,-0.3908429,-1.6862833,-10.197266,7884,0,0,0,1
9127010306,-1.280254,0.029000701,0.07512702,9711,0,-0.43227488,-1.6448511,-10.238281,8769,0,0,0,1
9127020817,-1.2319158,0.07732655,0.05951918,10511,0,-0.47370693,-1.5233173,-10.236328,7400,0,0,0,1
9127030385,-1.1276445,0.08905271,0.030253785,9568,0,-0.5073456,-1.1851709,-10.070294,15024,0,0,0,1
9127040393,-1.0130129,0.054550562,0.025413595,10008,0,-0.5413792,-1.0496111,-9.890625,9556,0,0,0,1
9127050579,-0.9867736,0.0669774,0.01951962,10186,0,-0.5275685,-1.0634218,-9.833984,6953,0,0,0,1
9127060473,-1.0226837,0.14015408,-0.008848259,9894,0,-0.48613656,-1.0496111,-9.781252,7604,0,0,0,1
9127070811,-1.0585917,0.17467983,-0.039087385,10338,0,-0.5066477,-1.0425009,-9.6975565,15003,0,0,0,1
9127080698,-1.1055543,0.14289047,-0.095667005,9887,0,-0.6076705,-1.0358003,-9.839844,9270,0,0,0,1
9127090900,-1.0800064,0.1117969,-0.1698965,10202,0,-0.6201001,-0.96812797,-10.050781,6881,0,0,0,1
9127100507,-0.9239375,0.14491339,-0.25297493,9607,0,-0.4585153,-0.7789218,-10.183594,8302,0,0,0,1
9127111226,-0.7678628,0.24022074,-0.32528386,10719,0,-0.16068567,-0.34432608,-10.181585,14945,0,0,0,1
9127120384,-0.68152606,0.34869325,-0.32724127,9158,0,0.25964016,0.15468019,-10.029297,8242,0,0,0,1
9127131040,-0.62973183,0.4184852,-0.2607922,10656,0,0.4488316,0.4667134,-9.7881775,14786,0,0,0,1
9127141249,-0.57724464,0.44198418,-0.16311851,10209,0,0.35355282,0.60214615,-9.437498,17157,0,0,0,1
9127150324,-0.52891093,0.4336999,-0.058607798,9075,0,0.28449944,0.5883355,-9.1875,6269,0,0,0,1
9127160281,-0.53444415,0.39778525,0.03517248,9957,0,0.3121208,0.56071407,-9.08789,8950,0,0,0,1
9127170802,-0.6325066,0.3342433,0.097716846,10521,0,0.35355282,0.54690343,-9.068359,7422,0,0,0,1
9127180815,-0.82379496,0.2851893,0.12508331,10013,0,0.4087955,0.62976754,-9.1875,7276,0,0,0,1
9127190460,-1.0275035,0.25964367,0.16022238,9645,0,0.45022756,0.67119956,-9.416016,8234,0,0,0,1
9127201233,-1.1372908,0.23413815,0.23441909,10773,0,0.3687446,0.53447396,-9.644531,8465,0,0,0,1
9127211049,-1.1531816,0.2362101,0.28418103,9816,0,0.010658079,0.26255187,-9.849351,15123,0,0,0,1
9127221344,-1.1214362,0.25548187,0.25974134,10295,0,-0.1463938,0.10219966,-9.949221,9215,0,0,0,1
9127230283,-1.0606753,0.25682732,0.19236825,8939,0,-0.16020447,0.088388965,-9.990234,6818,0,0,0,1
9127240730,-0.99645436,0.26028574,0.12303193,10447,0,-0.106342845,0.16987194,-10.048826,7383,0,0,0,1
9127250959,-0.9515684,0.27893987,0.076145604,10229,0,0.10044563,0.40428185,-10.107424,15040,0,0,0,1
9127261468,-0.9135809,0.29484862,0.061501604,10509,0,0.2582591,0.5620952,-10.048828,8955,0,0,0,1
9127270920,-0.8666244,0.30589736,0.04685411,9452,0,0.28588042,0.64219713,-9.933594,7409,0,0,0,1
9127281122,-0.8396978,0.31348008,0.01268371,10202,0,0.3757014,0.8966697,-9.722882,14979,0,0,0,1
9127291510,-0.8410763,0.31072426,-0.009763214,10388,0,0.52894855,1.1587166,-9.609376,9584,0,0,0,1
9127300403,-0.85418993,0.31281343,-0.007810407,8893,0,0.59662074,1.2540104,-9.550782,6773,0,0,0,1
9127310853,-0.8652336,0.31558892,0.015625888,10450,0,0.6242421,1.3341122,-9.470703,8394,0,0,0,1
9127320830,-0.8555591,0.2879859,0.059588537,9977,0,0.6071032,1.3577039,-9.44091,15440,0,0,0,1
9127331014,-0.83070415,0.2562088,0.086930774,10184,0,0.5027081,1.3203015,-9.490234,8192,0,0,0,1
9127341339,-0.805856,0.24651071,0.070313975,10325,0,0.47508663,1.3203012,-9.529297,6756,0,0,0,1
9127350618,-0.784452,0.24305028,0.042966668,9279,0,0.46127605,1.334112,-9.546875,13575,0,0,0,1
9127360840,-0.7547578,0.23822099,0.019528663,10222,0,0.41181934,1.4253719,-9.499262,9565,0,0,0,1
9127370871,-0.7257575,0.23130862,-0.0126967,10031,0,0.46265706,1.5509396,-9.470701,8223,0,0,0,1
9127381350,-0.71263635,0.22095475,-0.039058704,10479,0,0.5565698,1.7000952,-9.490234,8767,0,0,0,1
9127391533,-0.70227534,0.20094016,-0.04686448,10183,0,0.73116803,1.9176958,-9.431374,14336,0,0,0,1
9127401216,-0.69882077,0.17954044,-0.043933094,9683,0,0.8424509,2.1213212,-9.433594,8262,0,0,0,1
9127411631,-0.6939851,0.16228414,-0.028311227,10415,0,0.8700721,2.229044,-9.396484,7682,0,0,0,1
9127421044,-0.67050445,0.14848304,0.0029347495,9413,0,0.8286401,2.2704759,-9.339844,8304,0,0,0,1
9127431094,-0.64840704,0.1457222,0.04003799,10050,0,0.82043344,2.3571007,-9.264124,14811,0,0,0,1
9127440764,-0.6573849,0.14640774,0.06738357,9670,0,0.7595868,2.416869,-9.146484,8241,0,0,0,1
9127451372,-0.7022721,0.12912741,0.067397304,10608,0,0.7195358,2.4044404,-9.187502,8488,0,0,0,1
9127461562,-0.7457781,0.10079836,0.040061656,10190,0,0.70082885,2.3706658,-9.379086,15062,0,0,0,1
9127471513,-0.7589009,0.10286003,-0.0058595105,9951,0,0.73334634,2.390629,-9.529297,7823,0,0,0,1
9127481009,-0.7443987,0.1311768,-0.044940867,9496,0,0.75958675,2.4168694,-9.607422,7680,0,0,0,1
9127491287,-0.6884633,0.14707369,-0.05860886,10278,0,0.84065324,2.511179,-9.694108,15787,0,0,0,1
9127501724,-0.59247756,0.15191379,-0.05665552,10437,0,0.9087422,2.6212676,-9.7421875,7319,0,0,0,1
9127511455,-0.47853905,0.16227186,-0.052754726,9731,0,0.91012317,2.6751292,-9.722656,8266,0,0,0,1
9127521177,-0.3597674,0.1664155,-0.047868766,9722,0,0.8963125,2.6889398,-9.5859375,8667,0,0,0,1
9127531629,-0.27759382,0.15744112,-0.039070934,10452,0,0.88946706,2.7386174,-9.334096,14323,0,0,0,1
9127541864,-0.25066286,0.14984709,-0.030275268,10235,0,0.910123,2.7828517,-9.242186,8880,0,0,0,1
9127550894,-0.22925599,0.122917846,-0.014645396,9030,0,0.95017403,2.8229032,-9.224609,7840,0,0,0,1
9127561508,-0.18091859,0.07043747,0.005863973,10614,0,0.9501743,2.8229032,-9.224609,7185,0,0,0,1
9127571553,-0.13327177,0.03107709,0.023440842,10045,0,0.9156989,2.7608066,-9.245146,15199,0,0,0,1
9127580434,-0.081482135,0.002764456,0.035158064,8881,0,0.8424508,2.7151802,-9.246094,8758,0,0,0,1
9127591931,0.004834859,-0.04073967,0.028322758,11497,0,0.77477825,2.6751285,-9.205076,7643,0,0,0,1
9127601309,0.10910825,-0.110482365,-0.022457205,9378,0,0.72157675,2.67717,-8.85173,14937,0,0,0,1
9127632002,-0.048334163,-0.24684516,-0.13057321,30693,0,0.93592787,3.0072267,-7.9365735,24091,0,0,0,1
9127641421,-0.6401482,-0.3334686,-0.06257645,9419,0,1.1393805,3.3932843,-7.9375,7588,0,0,0,1
9127651602,-0.90807426,-0.34314048,0.020442558,10181,0,1.0556993,3.2974784,-8.594635,16532,0,0,0,1
9127661830,-1.0572287,-0.3196649,0.0917354,10228,0,0.82725906,3.081163,-9.298828,7772,0,0,0,1
9127672141,-1.0482429,-0.28860995,0.12790418,10311,0,0.66429317,2.9734397,-9.796876,8220,0,0,0,1
9127681553,-0.88802814,-0.24444373,0.11425778,9412,0,0.5289484,2.9734395,-10.257811,7640,0,0,0,1
9127691370,-0.6283829,-0.20577899,0.08107755,9817,0,0.3673634,2.9720588,-10.582033,15710,0,0,0,1
9127701570,-0.35631052,-0.1546872,0.031269547,10200,0,0.28588033,2.9181972,-10.544923,6270,0,0,0,1
9127712039,-0.13602898,-0.09323426,-0.028309962,10469,0,0.27274594,3.081942,-9.981226,15533,0,0,0,1
9127721944,-0.01656873,-0.06906146,-0.07128222,9905,0,0.28726155,3.2427483,-9.4140625,8274,0,0,0,1
9127731149,0.010359786,-0.07941354,-0.11327956,9205,0,0.3411233,3.351853,-9.11133,8701,0,0,0,1
9127741798,-0.0200257,-0.11255406,-0.15722868,10649,0,0.4488466,3.6225412,-8.880859,7398,0,0,0,1
9127752067,-0.11739503,-0.14223637,-0.1562592,10269,0,0.76829344,4.049712,-8.812782,14950,0,0,0,1
9127761944,-0.24031597,-0.15051252,-0.08204538,9877,0,1.0054169,4.2868357,-8.953123,8435,0,0,0,1
9127772410,-0.31144628,-0.17191574,0.031245427,10466,0,0.9501742,4.259215,-9.068359,8393,0,0,0,1
9127782427,-0.3197288,-0.22163828,0.11719977,10017,0,0.6664228,3.9584632,-9.179989,14433,0,0,0,1
9127792313,-0.29761994,-0.2589431,0.13575622,9886,0,0.35355285,3.5548694,-9.300781,9249,0,0,0,1
9127801846,-0.24167554,-0.28588438,0.096698225,9533,0,0.23201886,3.4333353,-9.359375,6821,0,0,0,1
9127812288,-0.1318703,-0.3459635,0.02152083,10442,0,0.21767077,3.3399603,-9.311866,15780,0,0,0,1
9127822506,-0.014477762,-0.40534976,-0.05269225,10218,0,0.28726158,3.3256125,-9.322266,7309,0,0,0,1
9127831365,0.05594182,-0.4094901,-0.07810067,8859,0,0.34112325,3.2993722,-9.300781,8247,0,0,0,1
9127841565,0.08424118,-0.3604613,-0.05565351,10200,0,0.38117418,3.2593207,-9.28125,8377,0,0,0,1
9127851623,0.11117039,-0.28243184,-0.02537681,10058,0,0.40879554,3.2316992,-9.310118,14520,0,0,0,1
9127862430,0.16227157,-0.20509186,-0.0019338448,10807,0,0.42122516,3.244129,-9.322266,9091,0,0,0,1
9127871858,0.21267895,-0.13673022,0.028339593,9428,0,0.4612762,3.28418,-9.3203125,7829,0,0,0,1
9127882676,0.25203887,-0.078036815,0.07227964,10818,0,0.5358267,3.4401102,-9.272649,14999,0,0,0,1
9127891658,0.30521107,-0.062157247,0.127937,8982,0,0.40879554,3.3919034,-8.996094,7200,0,0,0,1
9127902062,0.3611535,-0.12222653,0.16014507,10404,0,0.24582958,3.2841797,-8.783202,9999,0,0,0,1
9127911953,0.36945194,-0.2147448,0.12790157,9891,0,0.1505359,3.1888864,-8.685547,6574,0,0,0,1
9127922196,0.33147418,-0.26652873,0.057594646,10243,0,0.1873456,3.1061783,-8.782989,14658,0,0,0,1
9127932423,0.3066106,-0.2844855,0.0019423534,10227,0,0.24582955,3.2013154,-8.941406,7810,0,0,0,1
9127941253,0.32732165,-0.30520678,-0.03320355,8830,0,0.27206987,3.202697,-8.921875,8215,0,0,0,1
9127951877,0.34112716,-0.31902304,-0.04980495,10624,0,0.2858805,3.2165077,-8.900391,8432,0,0,0,1
9127962004,0.2858761,-0.29417145,-0.02832844,10127,0,0.30842054,3.278604,-9.000767,14669,0,0,0,1
9127972241,0.20162322,-0.23755531,0.028313035,10237,0,0.2596402,3.3532336,-9.205078,9094,0,0,0,1
9127982359,0.16571851,-0.20716862,0.07226356,10118,0,0.06905283,3.2979906,-9.28125,7490,0,0,0,1
9127992607,0.17609172,-0.23408724,0.04980271,10248,0,-0.14639375,3.1350245,-9.222656,8431,0,0,0,1
9128002012,0.1609105,-0.26722628,-0.02344555,9405,0,-0.2554981,2.9734397,-9.153574,14108,0,0,0,1
9128012575,0.09323581,-0.25479767,-0.08790325,10563,0,-0.09115103,3.1902673,-9.242188,9071,0,0,0,1
9128022193,0.012436585,-0.20991479,-0.10353008,9618,0,0.09667423,3.4333358,-9.242189,7419,0,0,0,1
9128031999,-0.07734717,-0.17400771,-0.042006932,9806,0,0.20672975,3.6547112,-9.224306,14970,0,0,0,1
9128042519,-0.18024617,-0.15812105,0.0800625,10520,0,0.21958931,3.7164538,-9.357422,9628,0,0,0,1
9128051637,-0.25965846,-0.1505224,0.20408936,9118,0,0.124295525,3.5686793,-9.511717,6698,0,0,0,1
9128062104,-0.28865543,-0.11738296,0.26659173,10467,0,0.015191192,3.4070945,-9.703123,7585,0,0,0,1
9128072351,-0.24308354,-0.04556736,0.25584596,10247,0,-0.08061587,3.2271895,-10.032555,15055,0,0,0,1
9128082863,-0.11947643,0.024189398,0.22557631,10512,0,-0.20025545,3.0811627,-10.101561,8969,0,0,0,1
9128092481,0.010348375,0.06976641,0.19530499,9618,0,-0.3494107,2.9320078,-9.857422,7584,0,0,0,1
9128102555,0.07664352,0.08632757,0.1386683,10074,0,-0.52717334,2.7261312,-9.405348,14848,0,0,0,1
9128112655,0.09597801,0.08080082,0.043943554,10100,0,-0.41846415,2.757993,-9.125,8571,0,0,0,1
9128121832,0.10495596,0.063536406,-0.04199419,9177,0,-0.16020444,2.96101,-9.066406,7788,0,0,0,1
9128132221,0.104959264,0.042815145,-0.067384474,10389,0,0.16484582,3.2169054,-9.0321045,14910,0,0,0,1
9128142676,0.08079274,0.032454386,-0.04394536,10455,0,0.28726155,3.2979908,-8.902344,7567,0,0,0,1
9128151555,0.037980072,0.024167787,-0.007811874,8879,0,0.28726155,3.2979908,-8.802734,8834,0,0,0,1
9128162641,-0.010357348,0.017262528,0.031250667,11086,0,0.31350183,3.2717505,-8.841797,7608,0,0,0,1
9128172386,-0.057313845,0.025548825,0.07617255,9745,0,0.29876631,3.2313807,-9.013981,15070,0,0,0,1
9128182380,-0.064218454,0.01864571,0.11328172,9994,0,0.056623187,3.067352,-9.105469,8726,0,0,0,1
9128191933,-0.025546182,-0.020022105,0.10839992,9553,0,-0.1602045,2.8505247,-9.0859375,7594,0,0,0,1
9128202564,-0.008973606,-0.047646627,0.048828952,10631,0,-0.24030644,2.7428012,-9.144531,7362,0,0,0,1
9128213078,-0.015879782,-0.043504443,-0.014648764,10514,0,-0.0035738647,2.9394207,-9.360733,15286,0,0,0,1
9128222347,0.014502066,-0.011739628,-0.026366472,9269,0,0.27206975,3.1778378,-9.529297,9184,0,0,0,1
9128232465,0.073197395,0.042811524,0.008790205,10118,0,0.31212068,3.2178888,-9.509766,7272,0,0,0,1
9128242838,0.11393932,0.1056491,0.055666473,10373,0,0.31212065,3.2178888,-9.412351,15926,0,0,0,1
9128253063,0.15191841,0.15053488,0.0898447,10225,0,0.32593137,3.2316995,-9.410156,6702,0,0,0,1
9128262706,0.21959051,0.16987425,0.10741569,9643,0,0.33974206,3.24551,-9.451172,9025,0,0,0,1
9128272394,0.30107427,0.18230473,0.12596764,9688,0,0.35355276,3.2316992,-9.451171,7207,0,0,0,1
9128282381,0.36667526,0.18851866,0.14159341,9987,0,0.29005814,3.0985608,-9.432657,15250,0,0,0,1
9128292850,0.4350354,0.17402765,0.12498484,10469,0,0.10910381,2.959629,-9.531248,8684,0,0,0,1
9128302913,0.57037723,0.1629934,0.09177211,10063,0,0.10910379,2.879527,-9.720703,7607,0,0,0,1
9128312369,0.76027477,0.19957986,0.08983528,9456,0,0.14915477,2.7842336,-9.890623,8473,0,0,0,1
9128322383,0.92669266,0.28588468,0.10354114,10014,0,0.19893822,2.669123,-9.991597,14182,0,0,0,1
9128333116,1.0496029,0.3729027,0.09867073,10733,0,0.23201877,2.7566123,-10.048826,9017,0,0,0,1
9128342625,1.1656171,0.39362103,0.091777585,9509,0,0.2458295,2.7428017,-9.990234,7400,0,0,0,1
9128352880,1.2767953,0.34183854,0.07413617,10255,0,0.09579257,2.4729078,-9.722381,14904,0,0,0,1
9128363105,1.3368627,0.28179708,0.023354335,10225,0,0.0027616117,2.229044,-9.511719,9776,0,0,0,1
9128372232,1.3416935,0.24244758,-0.038132004,9127,0,0.09667419,2.1599908,-9.416018,6788,0,0,0,1
9128382845,1.3327222,0.19200657,-0.07524518,10613,0,0.19058682,2.1461802,-9.322265,7489,0,0,0,1
9128393077,1.3237463,0.12638791,-0.091872744,10232,0,0.33432207,2.2212636,-9.245615,15015,0,0,0,1
9128402477,1.3030324,0.05869483,-0.08991797,9400,0,0.51651883,2.2566655,-9.185547,9052,0,0,0,1
9128413002,1.2622924,-0.019369949,-0.052812234,10525,0,0.57176155,2.2566655,-9.126953,7438,0,0,0,1
9128422826,1.1946194,-0.09534569,-0.0030150127,9824,0,0.5303295,2.1599908,-9.089844,13500,0,0,0,1
9128433410,1.1034708,-0.1547061,0.024348795,10584,0,0.3682276,1.7772827,-9.032538,10141,0,0,0,1
9128442433,0.9985136,-0.20025232,0.019472497,9023,0,0.28726155,1.5909908,-9.087891,7807,0,0,0,1
9128452883,0.8894118,-0.22924055,-0.004921085,10450,0,0.28586832,1.4556813,-9.281183,14767,0,0,0,1
9128463080,0.7865219,-0.23960048,-0.023466127,10197,0,0.30107218,1.3341122,-9.5078125,8017,0,0,0,1
9128472911,0.6960592,-0.23615822,-0.027359916,9831,0,0.27345082,1.1987674,-9.6640625,9617,0,0,0,1
9128482822,0.6387447,-0.20646784,-0.028314522,9911,0,0.20577851,1.0509932,-9.837891,6549,0,0,0,1
9128493544,0.64426947,-0.16365565,-0.030249957,10722,0,0.10597595,0.8991432,-9.972654,14782,0,0,0,1
9128502536,0.7098713,-0.14086337,-0.04294608,8992,0,0.069052815,0.77892303,-9.912111,8034,0,0,0,1
9128512432,0.77132887,-0.13464467,-0.06444339,9896,0,0.08148241,0.7664933,-9.851564,8030,0,0,0,1
9128523021,0.7941154,-0.13671823,-0.078123845,10589,0,0.09391203,0.7789229,-9.777343,8474,0,0,0,1
9128533455,0.79687583,-0.15191355,-0.083994746,10434,0,0.07449501,0.71635693,-9.606736,15396,0,0,0,1
9128542108,0.78099364,-0.18574096,-0.10061155,8653,0,0.06905282,0.6159569,-9.375,8312,0,0,0,1
9128552627,0.7264429,-0.21404834,-0.12404675,10519,0,0.06905282,0.5330927,-9.28125,7885,0,0,0,1
9128563217,0.6332191,-0.22164999,-0.12599894,10590,0,0.09621773,0.5059279,-9.387904,15077,0,0,0,1
9128573247,0.54690045,-0.2140652,-0.10938768,10030,0,0.13534406,0.4668016,-9.646484,6895,0,0,0,1
9128582934,0.5006363,-0.18851958,-0.091793515,9687,0,0.15053578,0.4267506,-9.779297,8633,0,0,0,1
9128592548,0.48337233,-0.16159275,-0.06932771,9614,0,0.11048482,0.35907826,-9.8125,7615,0,0,0,1
9128602754,0.4695615,-0.1546849,-0.05371009,10206,0,-0.04194494,0.24895643,-9.794924,15121,0,0,0,1
9128613580,0.45575348,-0.16710351,-0.06641306,10826,0,-0.08010253,0.2237336,-9.873046,9457,0,0,0,1
9128623080,0.45161244,-0.1891936,-0.09668943,9500,0,-0.012430226,0.2637846,-9.933594,6760,0,0,0,1
9128633560,0.43987235,-0.19403286,-0.11426134,10480,0,0.06905278,0.31764632,-9.990234,8410,0,0,0,1
9128642812,0.42122507,-0.17401868,-0.09862831,9252,0,0.1104848,0.3590783,-10.106113,14498,0,0,0,1
9128652614,0.450915,-0.15814623,-0.062490895,9802,0,0.042812478,0.31902733,-10.183594,8740,0,0,0,1
9128663109,0.5227309,-0.15400246,-0.036122054,10495,0,-0.06629188,0.2651657,-10.109375,7193,0,0,0,1
9128673174,0.5627842,-0.15261237,-0.029290888,10065,0,-0.22938494,0.10207263,-9.983512,15330,0,0,0,1
9128683768,0.564857,-0.16710697,-0.03418631,10594,0,-0.3231705,-0.019334314,-10.125,9451,0,0,0,1
9128692654,0.6297678,-0.22924998,-0.052755844,8886,0,-0.29554918,-0.07457702,-10.3359375,6971,0,0,0,1
9128702393,0.7692574,-0.2941588,-0.08301447,9739,0,-0.29554918,-0.12981972,-10.470703,11902,0,0,0,1
9128713009,0.8901032,-0.2851871,-0.10152812,10616,0,-0.15610257,-0.15507758,-10.487053,10785,0,0,0,1
9128722498,0.96329945,-0.214768,-0.094652705,9489,0,-0.11877246,-0.14086828,-10.240233,9275,0,0,0,1
9128733293,0.99989545,-0.14364794,-0.076111555,10795,0,-0.11877245,-0.16848966,-9.951172,6782,0,0,0,1
9128743933,0.9826299,-0.11395096,-0.060522467,10640,0,-0.15424192,-0.25869226,-9.583119,15176,0,0,0,1
9128753119,0.9087406,-0.12430489,-0.045914993,9186,0,-0.17539619,-0.3853174,-9.322266,7875,0,0,0,1
9128762647,0.80585057,-0.15675779,-0.031282425,9528,0,-0.22925785,-0.49442178,-9.322266,8395,0,0,0,1
9128773119,0.7119391,-0.19404024,-0.027379354,10472,0,-0.2554981,-0.6035261,-9.435545,8442,0,0,0,1
9128783527,0.6663653,-0.21613427,-0.030294938,10408,0,-0.24243842,-0.72672576,-9.62146,14367,0,0,0,1
9128793440,0.6608398,-0.21337882,-0.023436995,9913,0,-0.25549817,-0.8189726,-9.724607,8291,0,0,0,1
9128803750,0.6587658,-0.18369478,1.5792373e-05,10310,0,-0.29554915,-0.9418878,-9.744141,8679,0,0,0,1
9128813025,0.6456462,-0.1305214,0.018582663,9275,0,-0.36460257,-1.0910431,-9.759766,6986,0,0,0,1
9128823209,0.61595607,-0.07871886,0.013694682,10184,0,-0.51969373,-1.2850246,-9.770336,15231,0,0,0,1
9128832861,0.5814308,-0.07180572,-0.005858113,9652,0,-0.5938598,-1.4004021,-9.9140625,8253,0,0,0,1
9128843839,0.6007665,-0.09942008,-0.04200403,10978,0,-0.5800493,-1.469456,-10.070314,8465,0,0,0,1
9128852847,0.6649889,-0.1014825,-0.09374534,9008,0,-0.57910466,-1.4408898,-10.180755,14528,0,0,0,1
9128863735,0.7160899,-0.055917338,-0.13278589,10888,0,-0.43227485,-1.3216815,-10.1640625,9322,0,0,0,1
9128873267,0.74716526,0.004145168,-0.14156097,9532,0,-0.36460257,-1.1711448,-10.0703125,6817,0,0,0,1
9128883756,0.755448,0.037277456,-0.12400384,10489,0,-0.29658553,-1.115384,-9.856728,15911,0,0,0,1
9128894263,0.71815723,0.044173073,-0.08593177,10507,0,-0.25411707,-1.171145,-9.814453,6989,0,0,0,1
9128903754,0.6456511,0.047626518,-0.04491694,9491,0,-0.2817385,-1.2263879,-9.912109,8825,0,0,0,1
9128913374,0.60698014,0.046256162,-0.023436781,9620,0,-0.3507918,-1.3203003,-10.027342,7405,0,0,0,1
9128923366,0.6332193,0.03798075,-0.027348787,9992,0,-0.41297236,-1.476892,-10.153331,15041,0,0,0,1
9128934209,0.6718893,0.046272613,-0.04198908,10843,0,-0.43089384,-1.5633683,-10.1953125,8818,0,0,0,1
9128943737,0.71263194,0.07043173,-0.04002613,9528,0,-0.36322156,-1.6310406,-10.179689,7309,0,0,0,1
9128953320,0.7651135,0.09251829,-0.019521723,9583,0,-0.3646026,-1.7125237,-10.146484,12667,0,0,0,1
9128963387,0.81276023,0.122213036,-0.0019385462,10067,0,-0.41661263,-1.9283355,-10.06972,10326,0,0,0,1
9128973184,0.86592984,0.15882139,1.9458312e-05,9797,0,-0.48613656,-2.107509,-9.931641,8596,0,0,0,1
9128983645,0.91840833,0.15883248,-0.013678727,10461,0,-0.5137579,-2.2152321,-9.779297,7468,0,0,0,1
9128993814,0.93843174,0.113957435,-0.038124703,10169,0,-0.46814415,-2.324776,-9.528264,15516,0,0,0,1
9129004170,0.9059775,0.091170944,-0.062515035,10356,0,-0.33698115,-2.4168682,-9.34375,8482,0,0,0,1
9129013392,0.8431426,0.10427401,-0.062484846,9222,0,-0.24306849,-2.4306788,-9.302734,7825,0,0,0,1
9129023840,0.77409095,0.112545155,-0.039051637,10448,0,-0.1615855,-2.4845405,-9.283203,7371,0,0,0,1
9129033822,0.69536984,0.1166891,-0.018544218,9982,0,-0.16260535,-2.608134,-9.324709,15183,0,0,0,1
9129043746,0.62907803,0.12083602,-0.00389745,9924,0,-0.17401516,-2.8229027,-9.361328,9417,0,0,0,1
9129054188,0.601456,0.13188751,0.0048912917,10442,0,-0.21544716,-2.9720576,-9.3203125,6773,0,0,0,1
9129063577,0.58419085,0.1671122,-0.00095617556,9389,0,-0.34454924,-3.1011593,-9.2256,15807,0,0,0,1
9129073838,0.5586398,0.19957192,-0.017559974,10261,0,-0.40465352,-3.1888852,-9.207029,7097,0,0,0,1
9129083566,0.56070876,0.19336252,-0.044925213,9728,0,-0.41708317,-3.201315,-9.2265625,8518,0,0,0,1
9129094014,0.6021374,0.16160385,-0.08986471,10448,0,-0.39084283,-3.175075,-9.2265625,8383,0,0,0,1
9129103999,0.6297584,0.12707758,-0.13088138,9985,0,-0.24328788,-3.0848367,-9.106027,14211,0,0,0,1
9129113919,0.61457014,0.0897762,-0.14064296,9920,0,-0.06491071,-2.987249,-8.958983,8454,0,0,0,1
9129123282,0.56761557,0.04695087,-0.11915892,9363,0,0.0027615265,-2.9471984,-8.941406,8679,0,0,0,1
9129133700,0.51720774,0.0089656245,-0.08302282,10418,0,0.022782337,-2.9533982,-9.069293,14735,0,0,0,1
9129143815,0.49787408,-0.0062243785,-0.05860045,10115,0,0.015191168,-3.03973,-9.185549,7426,0,0,0,1
9129153455,0.49442357,0.022093974,-0.050769415,9640,0,0.029001856,-3.081162,-9.226564,8190,0,0,0,1
9129164041,0.4833762,0.07318889,-0.030252969,10586,0,0.08286353,-3.0825434,-9.244141,8453,0,0,0,1
9129174272,0.4523037,0.09596298,0.021496078,10231,0,-0.02607746,-3.2319822,-9.232671,14505,0,0,0,1
9129184363,0.43503958,0.080088064,0.056635894,10091,0,-0.24030635,-3.5134363,-9.265625,9189,0,0,0,1
9129193391,0.46541974,0.042824924,0.0283046,9028,0,-0.36460242,-3.6625912,-9.244141,7796,0,0,0,1
9129204031,0.50063586,0.0048577553,-0.0381004,10640,0,-0.41984525,-3.7178345,-9.244141,7378,0,0,0,1
9129214329,0.513066,-0.011717366,-0.08789805,10298,0,-0.28209656,-3.704635,-9.2726345,14931,0,0,0,1
9129224760,0.52480656,-0.004136763,-0.10448876,10431,0,-0.13396415,-3.650162,-9.359375,9056,0,0,0,1
9129233611,0.5393099,0.028308356,-0.09959455,8851,0,-0.066291854,-3.6349702,-9.359375,11635,0,0,0,1
9129243196,0.54138213,0.06904277,-0.07322604,9585,0,-0.029273354,-3.597952,-9.301304,10683,0,0,0,1
9129253839,0.54345214,0.07801967,-0.04882439,10643,0,-0.02485976,-3.6487806,-9.224609,9438,0,0,0,1
9129264091,0.54344946,0.05869492,-0.04786091,10252,0,-0.03867039,-3.690213,-9.164064,6937,0,0,0,1
9129274468,0.5158279,0.039362922,-0.05078887,10377,0,-0.011049118,-3.6902134,-9.105471,7841,0,0,0,1
9129283676,0.47163463,0.029689671,-0.039065342,9208,0,0.022822956,-3.7518663,-9.204446,14705,0,0,0,1
9129293471,0.45299083,0.034520186,-0.019529102,9795,0,0.082863525,-3.8393683,-9.359375,9180,0,0,0,1
9129303759,0.47646955,0.057995092,0.0058673685,10288,0,0.09667423,-3.8531795,-9.414064,7570,0,0,0,1
9129314204,0.5261886,0.07041995,0.041994758,10445,0,0.021287309,-3.9405441,-9.326981,14486,0,0,0,1
9129324605,0.5821216,0.058689825,0.058584917,10401,0,-0.12015336,-4.097627,-9.107422,7900,0,0,0,1
9129334170,0.61526585,0.0379909,0.039050326,9565,0,-0.13258298,-4.137679,-8.878906,8990,0,0,0,1
9129343838,0.6007648,0.005535319,0.015609484,9668,0,-0.10496169,-4.137679,-8.685547,7474,0,0,0,1
9129354089,0.5427601,-0.02623865,0.010727036,10251,0,-0.018142695,-4.144833,-8.50222,14811,0,0,0,1
9129364279,0.47025344,-0.043512452,0.028310651,10190,0,0.055242136,-4.217781,-8.419923,9094,0,0,0,1
9129374236,0.39636576,-0.056636475,0.055656064,9957,0,0.0013805181,-4.3268843,-8.421873,7316,0,0,0,1
9129384463,0.3231698,-0.064917125,0.066400066,10227,0,-0.15273884,-4.492468,-8.441406,15968,0,0,0,1
9129394678,0.2706905,-0.06767018,0.047847874,10215,0,-0.17539616,-4.5561423,-8.441406,6717,0,0,0,1
9129404354,0.23202156,-0.08285957,0.021478627,9676,0,-0.13534527,-4.5437126,-8.419922,8842,0,0,0,1
9129414347,0.16434768,-0.09943715,0.016593926,9993,0,-0.08010249,-4.5437126,-8.417969,7434,0,0,0,1
9129424444,0.05800398,-0.1063453,0.02831055,10097,0,0.009973763,-4.564531,-8.506554,14921,0,0,0,1
9129434654,-0.06560109,-0.10565483,0.032215532,10210,0,0.016572291,-4.6127663,-8.761719,8456,0,0,0,1
9129443970,-0.17332432,-0.08908195,0.030262835,9316,0,-0.052481145,-4.626578,-9.052734,8572,0,0,0,1
9129454233,-0.21061347,-0.050410375,0.026359411,10263,0,-0.16158554,-4.6251955,-9.298828,8223,0,0,0,1
9129464436,-0.17056191,-0.01312276,0.0068309577,10203,0,-0.27872607,-4.602711,-9.442961,13970,0,0,0,1
9129474422,-0.11048514,-0.009671375,-0.022460764,9986,0,-0.4060346,-4.5437126,-9.398438,8270,0,0,0,1
9129484667,-0.06974396,-0.026934909,-0.058591835,10245,0,-0.40465352,-4.4622297,-9.363281,8447,0,0,0,1
9129494895,-0.025550265,-0.053175416,-0.09374742,10228,0,-0.19540077,-4.185738,-9.33227,14570,0,0,0,1
9129504838,0.0117375925,-0.07112795,-0.092771366,9943,0,0.029001849,-4.000953,-9.341797,9057,0,0,0,1
9129514423,0.0013804388,-0.045574866,-0.048828486,9585,0,0.10910371,-3.973332,-9.361328,6885,0,0,0,1
9129524885,-0.026930667,0.0048347865,0.00097558927,10462,0,0.12917306,-4.008311,-9.333208,16593,0,0,0,1
9129534286,-0.04488457,0.031074904,0.039061964,9401,0,0.029001867,-4.16392,-9.146484,6601,0,0,0,1
9129544358,-0.084244706,0.037288524,0.06445388,10072,0,-0.07872148,-4.299264,-8.953125,8915,0,0,0,1
9129554909,-0.16987157,0.041427467,0.065432094,10551,0,-0.14639387,-4.422179,-8.802734,7638,0,0,0,1
9129564604,-0.28795317,0.037969653,0.045903273,9695,0,-0.18143617,-4.565522,-8.653651,14743,0,0,0,1
9129575029,-0.42606002,0.032444067,0.020513363,10425,0,-0.18782584,-4.596193,-8.457031,9112,0,0,0,1
9129584787,-0.59662163,0.02485039,0.0048904717,9758,0,-0.16158548,-4.569953,-8.265625,6803,0,0,0,1
9129594396,-0.8086151,-0.0075962343,0.005879455,9609,0,-0.21477354,-4.4642844,-8.068332,15470,0,0,0,1
9129604624,-1.0254426,-0.069744304,0.0068749185,10228,0,-0.31074074,-4.420799,-8.169922,7730,0,0,0,1
9129614740,-1.2001469,-0.1850692,0.0010670312,10116,0,-0.17539613,-4.420798,-8.378906,8971,0,0,0,1
9129624720,-1.2988964,-0.33213106,0.016735025,9980,0,-0.43227482,-4.219162,-8.6875,7781,0,0,0,1
9129635223,-1.3196038,-0.3473631,-0.0058486266,10503,0,-0.66153204,-4.2053523,-9.052734,8251,0,0,0,1
9129644408,-1.266411,-0.25422278,-0.097747706,9185,0,-0.4999471,-4.231591,-9.298828,7600,0,0,0,1
9129654210,-1.1662965,-0.213444,-0.16115277,9802,0,-0.4184641,-3.8517978,-9.279297,15864,0,0,0,1
9129664602,-1.1027821,-0.2147681,-0.16502662,10392,0,-0.29554912,-3.5134363,-9.087891,7132,0,0,0,1
9129674631,-1.0965755,-0.2347582,-0.1396281,10029,0,-0.29018712,-3.1605546,-8.943273,15194,0,0,0,1
9129684734,-1.1124588,-0.28103027,-0.12300754,10103,0,-0.32317042,-2.944437,-8.917969,7705,0,0,0,1
9129694265,-1.1476687,-0.31350702,-0.13181381,9531,0,-0.32317045,-2.7842324,-9.013672,8757,0,0,0,1
9129704727,-1.1946229,-0.31073713,-0.13380319,10462,0,-0.28311953,-2.6613173,-9.146484,7435,0,0,0,1
9129714947,-1.2229394,-0.28377974,-0.108434096,10220,0,-0.22925787,-2.431539,-9.37803,14739,0,0,0,1
9129724638,-1.2077487,-0.25753906,-0.07814859,9691,0,-0.21544722,-2.187611,-9.699219,8246,0,0,0,1
9129735094,-1.1131468,-0.24856772,-0.046864025,10456,0,-0.17401516,-2.1461787,-9.912109,8449,0,0,0,1
9129745173,-0.94742006,-0.23613343,-0.009741739,10079,0,-0.29529324,-2.1673827,-10.028253,14623,0,0,0,1
9129755185,-0.80033326,-0.20230901,0.013674162,10012,0,-0.4723258,-2.229043,-10.009766,9087,0,0,0,1
9129764580,-0.72368026,-0.15467809,0.014629596,9395,0,-0.5399983,-2.2690945,-9.970703,6785,0,0,0,1
9129775086,-0.6732697,-0.13742124,0.0048791696,10506,0,-0.5551654,-2.1751783,-9.893571,15659,0,0,0,1
9129785315,-0.59593153,-0.17331965,0.011749246,10229,0,-0.5538087,-2.0370746,-9.931641,7507,0,0,0,1
9129794374,-0.5227354,-0.19265324,0.021505028,9059,0,-0.51237684,-1.9707834,-10.029295,8227,0,0,0,1
9129805450,-0.48406538,-0.15122513,0.024403354,11076,0,-0.44470444,-1.9583534,-10.029295,8415,0,0,0,1
9129814451,-0.4744009,-0.09597484,0.044898566,9001,0,-0.48714176,-1.9455483,-9.917273,14728,0,0,0,1
9129825383,-0.49649712,-0.07111429,0.077138044,10932,0,-0.58004916,-1.9583536,-9.832031,8880,0,0,0,1
9129834579,-0.51237595,-0.08700222,0.090826504,9196,0,-0.6877725,-1.9307326,-9.814455,7799,0,0,0,1
9129844732,-0.48475006,-0.14225383,0.07619543,10153,0,-0.7015831,-1.9169217,-9.720703,7876,0,0,0,1
9129854746,-0.43364593,-0.24997847,0.05571441,10014,0,-0.7254931,-1.7116942,-9.467052,14444,0,0,0,1
9129864164,-0.40947983,-0.3652938,0.048874892,9418,0,-0.7153938,-1.5495576,-9.363281,9165,0,0,0,1
9129874531,-0.43434894,-0.4081011,0.06543632,10367,0,-0.6477214,-1.5896082,-9.378904,11328,0,0,0,1
9129884470,-0.47579306,-0.40118685,0.10740468,9939,0,-0.6655607,-1.5905473,-9.506238,11207,0,0,0,1
9129895503,-0.49995962,-0.42673406,0.15332235,11033,0,-0.7568259,-1.618611,-9.587891,7532,0,0,0,1
9129905358,-0.5027028,-0.5096078,0.16800578,9855,0,-0.8521195,-1.6862833,-9.626953,9045,0,0,0,1
9129914609,-0.5068398,-0.5828132,0.16311444,9251,0,-0.9184107,-1.8078171,-9.685547,7400,0,0,0,1
9129925128,-0.5282478,-0.5945605,0.14257309,10519,0,-1.028814,-1.8051374,-9.733653,14864,0,0,0,1
9129935292,-0.522714,-0.5849005,0.1015609,10164,0,-1.041326,-1.6048006,-9.705078,8867,0,0,0,1
9129945961,-0.45297742,-0.61043555,0.08012397,10669,0,-1.0012748,-1.4017833,-9.646484,7489,0,0,0,1
9129955208,-0.36874878,-0.64080524,0.09087826,9247,0,-0.986083,-1.2781894,-9.598896,15546,0,0,0,1
9129965423,-0.34389904,-0.60489994,0.11230674,10215,0,-0.9874642,-1.1973853,-9.667969,7098,0,0,0,1
9129975082,-0.3625505,-0.519967,0.13570772,9659,0,-0.9750346,-1.1573343,-9.761717,8439,0,0,0,1
9129985531,-0.37360016,-0.44124356,0.16598803,10449,0,-1.0012748,-1.1835747,-9.853516,8418,0,0,0,1
9129995545,-0.37083456,-0.3625246,0.18259268,10014,0,-1.2049983,-1.3020823,-9.965565,14944,0,0,0,1
9130005603,-0.34112823,-0.2983116,0.16502817,10058,0,-1.3796874,-1.3465406,-10.03125,8003,0,0,0,1
9130015141,-0.27068403,-0.27068985,0.12891594,9538,0,-1.4611704,-1.4280236,-10.048828,7677,0,0,0,1
9130025390,-0.19817664,-0.22442743,0.07617752,10249,0,-1.5426532,-1.5095063,-10.068357,8194,0,0,0,1
9130035768,-0.1456957,-0.13604303,0.009760724,10378,0,-1.5371823,-1.4629068,-10.070741,14879,0,0,0,1
9130045450,-0.07802591,-0.062843435,-0.033204388,9682,0,-1.4335492,-1.2650576,-9.951172,8237,0,0,0,1
9130055863,-0.0013797686,-0.0511028,-0.05273124,10413,0,-1.3796874,-1.0758516,-9.79883,8395,0,0,0,1
9130065934,0.037978075,-0.087699614,-0.061521653,10071,0,-1.2833533,-0.89941543,-9.497343,14626,0,0,0,1
9130075917,0.0041392986,-0.12843834,-0.037113175,9983,0,-1.245724,-0.886645,-9.396484,9181,0,0,0,1
9130085468,-0.08977549,-0.14224729,0.015614916,9551,0,-1.2719642,-0.9405067,-9.4921875,6832,0,0,0,1
9130095845,-0.16918552,-0.13741432,0.056631297,10377,0,-1.3396368,-1.0358007,-9.626953,8209,0,0,0,1
9130105243,-0.18644504,-0.14086848,0.06542814,9398,0,-1.571514,-1.1902493,-9.793095,14721,0,0,0,1
9130114533,-0.1512239,-0.15813333,0.04590485,9290,0,-1.7843403,-1.3755429,-9.890624,8346,0,0,0,1
9130125392,-0.10288181,-0.163662,-0.015618438,10859,0,-1.8119615,-1.3755431,-9.951172,8628,0,0,0,1
9130135463,-0.06628026,-0.14225724,-0.087887205,10071,0,-1.716668,-1.2802494,-10.011719,8246,0,0,0,1
9130145932,-0.015877912,-0.120848455,-0.111323304,10469,0,-1.5081817,-0.9974399,-9.976213,15426,0,0,0,1
9130154859,0.03728586,-0.13120632,-0.09276769,8927,0,-1.4197382,-0.81759167,-9.779295,6793,0,0,0,1
9130165304,0.025545511,-0.14570276,-0.059571866,10445,0,-1.3934982,-0.7913514,-9.625,8441,0,0,0,1
9130175336,-0.049033172,-0.14431867,-0.017587557,10032,0,-1.4001238,-0.7979772,-9.581102,14465,0,0,0,1
9130185524,-0.13189647,-0.14293781,0.019521195,10188,0,-1.4197387,-0.8175917,-9.759766,8465,0,0,0,1
9130195717,-0.18368526,-0.11877007,0.042959757,10193,0,-1.4335492,-0.8590237,-9.9296875,8493,0,0,0,1
9130206205,-0.18368673,-0.06490593,0.0703041,10488,0,-1.5333467,-0.96021086,-10.085926,15622,0,0,0,1
9130215390,-0.14018299,-0.015875226,0.097650856,9185,0,-1.7194302,-1.0896621,-10.144531,6701,0,0,0,1
9130225384,-0.076650366,-0.0006862102,0.09374914,9994,0,-1.8547748,-1.1973853,-10.027344,8052,0,0,0,1
9130236143,-0.03314404,-0.020715555,0.047852866,10759,0,-1.976309,-1.2912979,-9.871094,8610,0,0,0,1
9130246139,-0.03176207,-0.048339397,-0.02246009,9996,0,-1.9172666,-1.2750162,-9.805627,14587,0,0,0,1
9130255951,-0.041429874,-0.053862955,-0.07910181,9812,0,-1.7332411,-1.0758513,-9.871094,8461,0,0,0,1
9130265574,-0.039358146,-0.029693648,-0.09570385,9623,0,-1.5702751,-0.91288525,-9.931643,7790,0,0,0,1
9130276044,-0.03176237,0.0069055627,-0.070313476,10470,0,-1.4487408,-0.7913513,-9.951172,8428,0,0,0,1
9130286280,-0.019334773,0.00552473,-0.026367223,10236,0,-1.4858632,-0.75076663,-9.727294,14311,0,0,0,1
9130295907,-0.030384395,-0.038669318,-0.0058585946,9627,0,-1.5965149,-0.8341644,-9.548826,8644,0,0,0,1
9130305228,-0.07872095,-0.07595861,-0.009766217,9321,0,-1.5965152,-0.8617858,-9.626953,7462,0,0,0,1
9130315500,-0.12705822,-0.07733949,-0.010744953,10272,0,-1.5564972,-0.82176775,-9.757966,15169,0,0,0,1
9130326221,-0.14086987,-0.053859606,0.006832475,10721,0,-1.513651,-0.7789217,-9.7421875,8623,0,0,0,1
9130335928,-0.0973668,-0.06835842,0.04004298,9707,0,-1.555083,-0.76511097,-9.568359,7759,0,0,0,1
9130345543,-0.07388657,-0.11393603,0.05664551,9615,0,-1.6641872,-0.7913511,-9.355467,8225,0,0,0,1
9130355836,-0.16365555,-0.122228995,0.049796984,10293,0,-1.6621168,-0.77640617,-9.311491,14608,0,0,0,1
9130365439,-0.2886444,-0.11463275,0.05857959,9603,0,-1.5150319,-0.66981727,-9.529297,8942,0,0,0,1
9130376143,-0.35355684,-0.10909928,0.093742765,10704,0,-1.4473596,-0.6297662,-9.798826,7409,0,0,0,1
9130386137,-0.36391932,-0.065587744,0.1376806,9994,0,-1.4124299,-0.6078404,-10.139787,14998,0,0,0,1
9130396257,-0.33630127,0.010375082,0.18357226,10120,0,-1.4059277,-0.56071293,-10.355469,8562,0,0,0,1
9130405483,-0.28658617,0.10705263,0.22653468,9226,0,-1.4473598,-0.62976635,-10.412107,7810,0,0,0,1
9130415937,-0.23963203,0.21753304,0.25680777,10454,0,-1.5631233,-0.70391667,-10.295167,14995,0,0,0,1
9130426149,-0.21339467,0.31558228,0.26852924,10212,0,-1.596515,-0.80654305,-10.089844,7677,0,0,0,1
9130435999,-0.2251372,0.41569853,0.2675631,9850,0,-1.555083,-0.82035375,-9.990234,9357,0,0,0,1
9130445471,-0.28107408,0.557251,0.28026646,9472,0,-1.4335493,-0.77892184,-10.0078125,6953,0,0,0,1
9130455922,-0.37498552,0.774079,0.33104795,10451,0,-1.0229527,-0.48769155,-10.2303,15598,0,0,0,1
9130466168,-0.49029997,1.1048571,0.4413761,10246,0,-0.4157021,-0.006904669,-10.699219,7172,0,0,0,1
9130475866,-0.5800324,1.5316488,0.6288124,9698,0,-0.07872154,0.41294003,-10.984377,8646,0,0,0,1
9130486309,-0.53708136,1.8397222,0.8796857,10443,0,-0.09391329,0.77892286,-11.039061,7400,0,0,0,1
9130495917,-0.2909944,1.7749655,1.1051055,9608,0,-0.392224,0.6711998,-10.6953125,14507,0,0,0,1
9130506032,-0.07361972,1.4634326,1.0993731,10115,0,-1.3353922,-0.49017745,-9.864898,9976,0,0,0,1
9130516393,-0.087789305,1.1773294,0.81058186,10361,0,-1.7470517,-0.98193884,-9.529297,7415,0,0,0,1
9130526063,-0.18042125,0.9493932,0.46495506,9670,0,-1.7318596,-1.1849557,-9.4296875,8521,0,0,0,1
9130536302,-0.21625762,0.78232676,0.22563776,10239,0,-1.4214306,-1.1344687,-9.644655,13912,0,0,0,1
9130546554,-0.2120802,0.73263097,0.08203772,10252,0,-0.9612238,-0.8728342,-10.031248,8675,0,0,0,1
9130556117,-0.16094244,0.7809846,0.0107015055,9563,0,-0.7029642,-0.72506,-10.2421875,7732,0,0,0,1
9130566168,-0.058018472,0.88111955,-0.009842441,10051,0,-0.42101407,-0.5764748,-10.303988,15333,0,0,0,1
9130576449,0.071121186,0.9453397,-0.015723366,10281,0,-0.26930887,-0.37150663,-10.162109,9411,0,0,0,1
9130585527,0.18918611,0.9142668,-0.040136546,9078,0,-0.20163648,-0.4391789,-9.968748,6572,0,0,0,1
9130596001,0.21194467,0.89286983,-0.11037035,10474,0,-0.059986264,-0.44747588,-9.817914,15021,0,0,0,1
9130606320,0.15945825,0.913595,-0.18354897,10319,0,0.2706887,-0.18230036,-9.744141,7616,0,0,0,1
9130617021,0.13809453,0.89908034,-0.19627419,10701,0,0.46127605,-0.046955697,-9.722655,9238,0,0,0,1
9130626463,0.14849664,0.8528014,-0.14649834,9442,0,0.57038045,-0.07319601,-9.685547,7177,0,0,0,1
9130636668,0.13883623,0.826563,-0.0839809,10205,0,0.5620414,-0.15205349,-9.564217,15894,0,0,0,1
9130646615,0.10913139,0.8106842,-0.04392627,9947,0,0.53032947,-0.276213,-9.470705,7042,0,0,0,1
9130655895,0.08011377,0.77477837,-0.024397777,9280,0,0.48889744,-0.34526643,-9.410156,8758,0,0,0,1
9130666718,0.0296894,0.77132773,-0.030243404,10823,0,0.44884655,-0.4405601,-9.376953,7394,0,0,0,1
9130676441,-0.04972733,0.8189759,-0.044865303,9723,0,0.48889738,-0.48061103,-9.361328,14643,0,0,0,1
9130685763,-0.10357329,0.8452159,-0.03609807,9322,0,0.6844421,-0.439179,-9.391325,9684,0,0,0,1
9130696031,-0.115309,0.81828433,-0.019521317,10268,0,0.74715716,-0.4405601,-9.375,7130,0,0,0,1
9130706826,-0.13258587,0.7416335,-0.022441234,10795,0,0.75810987,-0.49027774,-9.294047,15029,0,0,0,1
9130716628,-0.19406204,0.65255225,-0.052682698,9802,0,0.8686911,-0.5344727,-9.2421875,7492,0,0,0,1
9130726514,-0.27968788,0.58626145,-0.08783443,9886,0,0.9626037,-0.4681814,-9.302734,9057,0,0,0,1
9130737011,-0.32317457,0.51514167,-0.086876616,10497,0,1.0993296,-0.38669842,-9.435549,7448,0,0,0,1
9130746225,-0.31142426,0.45644888,-0.062488645,9214,0,1.2357041,-0.3048602,-9.714149,14776,0,0,0,1
9130756431,-0.28794646,0.4578271,-0.04493039,10206,0,1.3562081,-0.20992175,-9.855469,8901,0,0,0,1
9130766352,-0.23891798,0.4654221,-0.028341219,9921,0,1.3838294,-0.074577086,-9.78125,7655,0,0,0,1
9130776814,-0.16641027,0.4067278,-0.0029459568,10462,0,1.3562081,-0.046955742,-9.589844,8445,0,0,0,1
9130786063,-0.16434029,0.35493723,0.016608374,9249,0,1.2701384,-0.14795898,-9.433594,14157,0,0,0,1
9130796968,-0.24514076,0.38324496,0.013690432,10905,0,1.3838295,-0.09943628,-9.548828,9073,0,0,0,1
9130806440,-0.3121228,0.4447026,0.011728435,9472,0,1.5467956,-0.019334342,-9.701172,7393,0,0,0,1
9130816416,-0.32177824,0.49028668,0.04296096,9976,0,1.6282785,0.10227739,-9.824171,15450,0,0,0,1
9130826681,-0.31279078,0.5117004,0.096670344,10265,0,1.5606064,0.10219964,-9.8125,8275,0,0,0,1
9130836549,-0.3196999,0.49926534,0.13379546,9868,0,1.4929339,0.0069059217,-9.759768,7670,0,0,0,1
9130846211,-0.31418726,0.43710774,0.13087349,9662,0,1.3852103,-0.12843874,-9.705076,8218,0,0,0,1
9130856519,-0.27898437,0.36597514,0.08496658,10308,0,1.2250189,-0.3169603,-9.752176,14264,0,0,0,1
9130867201,-0.24171044,0.35215628,0.006827561,10682,0,1.2471037,-0.37150663,-9.873047,8954,0,0,0,1
9130876638,-0.19475213,0.36873075,-0.061541695,9437,0,1.3962591,-0.24997267,-9.931641,7418,0,0,0,1
9130886516,-0.1539999,0.4025728,-0.10450915,9878,0,1.7368298,-0.021749463,-9.989458,15031,0,0,0,1
9130897107,-0.18092096,0.5261847,-0.13965514,10591,0,2.1130333,0.25135496,-9.951171,9579,0,0,0,1
9130907010,-0.23337598,0.6698266,-0.12499852,9903,0,2.3174307,0.4806122,-9.800779,6572,0,0,0,1
9130916211,-0.22298639,0.68433696,-0.026375648,9201,0,2.3450527,0.61595696,-9.607422,8399,0,0,0,1
9130926650,-0.17464742,0.59594923,0.08690386,10439,0,2.0920563,0.4310129,-9.33237,14585,0,0,0,1
9130936377,-0.14083421,0.49857607,0.13964573,9727,0,1.776053,0.046956897,-9.20508,8545,0,0,0,1
9130947123,-0.11186479,0.4032726,0.11718672,10746,0,1.6558999,-0.12843874,-9.205078,7772,0,0,0,1
9130957326,-0.07252105,0.31419036,0.049799424,10203,0,1.6360823,-0.24354231,-9.264105,14802,0,0,0,1
9130967238,-0.026253922,0.24168497,-0.012703186,9912,0,1.7898632,-0.1823004,-9.283203,8780,0,0,0,1
9130976812,0.00896998,0.17332298,-0.043950852,9574,0,1.9127784,-0.0870067,-9.28125,8131,0,0,0,1
9130987250,0.03176201,0.11600894,-0.04785512,10438,0,2.0605283,0.033121873,-9.310541,14781,0,0,0,1
9130997273,0.044192307,0.07595827,-0.049807053,10023,0,2.235948,0.15606128,-9.374998,7523,0,0,0,1
9131006929,0.02969219,0.07388814,-0.06054603,9656,0,2.3851032,0.25273603,-9.4296875,9751,0,0,0,1
9131016952,0.023480156,0.09115033,-0.041014835,10023,0,2.4265358,0.3190273,-9.451172,6862,0,0,0,1
9131026505,0.08355784,0.06145438,0.014643282,9553,0,2.3050015,0.24997394,-9.3984375,7830,0,0,0,1
9131036719,0.160896,-0.0006908058,0.032218635,10214,0,2.0844784,0.09952247,-9.201268,14668,0,0,0,1
9131046717,0.17194486,-0.06973962,0.0029202225,9998,0,2.1006038,0.1008185,-8.937498,8419,0,0,0,1
9131057132,0.11946356,-0.13879493,-0.014661397,10415,0,2.1406548,0.14086945,-8.919922,7465,0,0,0,1
9131067118,0.073885515,-0.19265923,-0.0068470296,9986,0,2.1408052,0.113398425,-9.159789,15373,0,0,0,1
9131077040,0.09045841,-0.24514012,0.00097597187,9922,0,2.0743637,0.046956904,-9.339842,8466,0,0,0,1
9131086421,0.14363152,-0.30245367,-0.0009700995,9381,0,2.0205019,-0.034526095,-9.376953,8505,0,0,0,1
9131096901,0.1864448,-0.35493413,-0.003902053,10480,0,1.932778,-0.13607809,-9.393553,14795,0,0,0,1
9131107061,0.2320216,-0.42122462,-0.011715457,10160,0,1.8589166,-0.22373246,-9.392578,7250,0,0,0,1
9131116911,0.28243214,-0.49925408,-0.024411462,9850,0,1.8174847,-0.2651645,-9.394531,8662,0,0,0,1
9131127506,0.29209867,-0.53930515,-0.0332085,10595,0,1.7898636,-0.26516446,-9.39258,8247,0,0,0,1
9131137561,0.27966538,-0.56830907,-0.033216577,10055,0,1.776053,-0.2088398,-9.327459,14296,0,0,0,1
9131147477,0.2969193,-0.6546306,-0.016613627,9916,0,1.6821401,-0.18230042,-9.185547,9382,0,0,0,1
9131156882,0.31901112,-0.78859645,0.008768078,9405,0,1.5467954,-0.18230036,-9.146484,6784,0,0,0,1
9131167319,0.30935103,-0.9253192,0.023397263,10437,0,1.5246053,-0.08349679,-9.2578,15796,0,0,0,1
9131177513,0.28379917,-1.0364962,0.03901194,10194,0,1.5716544,-0.07457711,-9.488279,7281,0,0,0,1
9131187225,0.25064507,-1.0931219,0.06245708,9712,0,1.4915527,-0.07457709,-9.625,8255,0,0,0,1
9131197027,0.1940355,-1.0724026,0.06636029,9802,0,1.3713998,-0.11462804,-9.7578125,7844,0,0,0,1
9131207590,0.1298358,-0.97779584,0.04292742,10563,0,1.2262765,-0.21772246,-9.954724,15293,0,0,0,1
9131217577,0.11602593,-0.8728329,0.0195313,9987,0,1.1393805,-0.26378337,-10.03125,9567,0,0,0,1
9131226732,0.167114,-0.8203526,0.011760874,9155,0,1.0454679,-0.24997267,-9.990233,6561,0,0,0,1
9131237444,0.22235966,-0.79963624,-0.0009394099,10712,0,0.95017403,-0.18230031,-9.95117,8513,0,0,0,1
9131247671,0.22235689,-0.7609671,-0.007804886,10227,0,0.9651585,-0.18288717,-9.901931,14333,0,0,0,1
9131256524,0.17676263,-0.68363255,0.014633482,8853,0,1.0040357,-0.15606008,-9.912109,8848,0,0,0,1
9131266942,0.12358886,-0.59317327,0.045883376,10418,0,0.98884404,-0.08838773,-9.951172,7777,0,0,0,1
9131277571,0.09320584,-0.51307076,0.07128197,10629,0,0.94845414,-0.07353501,-9.953649,14669,0,0,0,1
9131287771,0.09320924,-0.4357284,0.08887354,10200,0,0.90874195,-0.11324695,-9.873047,7810,0,0,0,1
9131296624,0.10978324,-0.37219802,0.10743301,8853,0,0.86731005,-0.12705764,-9.832031,8228,0,0,0,1
9131307119,0.12290537,-0.32455167,0.12891369,10495,0,0.8410698,-0.12843871,-9.792969,8393,0,0,0,1
9131317055,0.10149851,-0.27276492,0.14355415,9936,0,0.8010187,-0.14363046,-9.775391,13982,0,0,0,1
9131327210,0.057307508,-0.23409708,0.15331355,10155,0,0.6742057,-0.34139878,-9.653798,9601,0,0,0,1
9131337547,0.02348041,-0.23202321,0.14061838,10337,0,0.5441402,-0.45298967,-9.568361,7091,0,0,0,1
9131346874,0.0117518,-0.27414265,0.10253585,9327,0,0.43641695,-0.4806111,-9.435548,8616,0,0,0,1
9131357651,0.02072966,-0.35907665,0.07031362,10777,0,0.34610194,-0.47316012,-9.262643,14543,0,0,0,1
9131367717,0.004843713,-0.43710867,0.0546809,10066,0,0.29969126,-0.39912814,-9.222658,9061,0,0,0,1
9131377395,-0.06974275,-0.4550653,0.053683493,9678,0,0.2858805,-0.4129387,-9.357422,7432,0,0,0,1
9131387361,-0.16089903,-0.3984417,0.05953366,9966,0,0.36216855,-0.43154323,-9.711303,14755,0,0,0,1
9131407866,-0.19214137,-0.31022644,0.07219853,20505,0,0.45369953,-0.24897356,-10.117652,16544,0,0,0,1
9131417593,-0.1256742,-0.29416588,0.063489705,9727,0,0.47508675,-0.14363043,-10.355469,7492,0,0,0,1
9131427584,-0.056620974,-0.29002205,0.05079728,9991,0,0.47646773,-0.16987069,-10.353514,7785,0,0,0,1
9131437293,0.027620407,-0.31211743,0.0586151,9709,0,0.28957698,-0.14957972,-10.235082,15517,0,0,0,1
9131447103,0.06698515,-0.33076364,0.04883762,9810,0,0.12429549,-0.19611101,-10.203125,8621,0,0,0,1
9131456963,0.02003484,-0.30038196,0.00975457,9860,0,0.17815712,-0.14224936,-10.296875,8254,0,0,0,1
9131467962,-0.031760644,-0.24721128,-0.007824421,10999,0,0.345404,0.08880188,-10.471906,15374,0,0,0,1
9131477286,-0.0082950825,-0.22373204,0.031254623,9324,0,0.32731244,0.24997395,-10.564453,6776,0,0,0,1
9131487694,0.060065895,-0.20784868,0.08985552,10408,0,0.25964013,0.20992295,-10.638672,8202,0,0,0,1
9131498116,0.12290592,-0.14500846,0.11329584,10422,0,0.23201871,0.15468028,-10.716795,7374,0,0,0,1
9131507552,0.19610234,-0.0676666,0.12697059,9436,0,0.27458632,0.19724785,-10.695111,16699,0,0,0,1
9131517464,0.30383086,-0.055240113,0.17969511,9912,0,0.23339984,0.12843996,-10.46875,7631,0,0,0,1
9131527906,0.38393822,-0.07872077,0.22656025,10442,0,0.11048481,-0.10219841,-10.222658,7691,0,0,0,1
9131538204,0.37081617,-0.07527014,0.22460958,10298,0,-0.12034966,-0.5424938,-9.816223,15427,0,0,0,1
9131547046,0.321791,-0.07734057,0.19726177,8842,0,-0.35079184,-0.9695092,-9.529299,7761,0,0,0,1
9131557467,0.29831764,-0.10357057,0.14257054,10421,0,-0.4847554,-1.2664385,-9.416016,8384,0,0,0,1
9131567920,0.2782952,-0.11529684,0.04687013,10453,0,-0.5261875,-1.495696,-9.34375,6557,0,0,0,1
9131577820,0.24998398,-0.122891106,-0.056645334,9900,0,-0.519027,-1.5559175,-9.190403,17003,0,0,0,1
9131587992,0.22443138,-0.15396895,-0.14844653,10172,0,-0.41846415,-1.5233173,-9.144531,6762,0,0,0,1
9131597399,0.18231142,-0.1629438,-0.23731193,9407,0,-0.3369811,-1.4970769,-9.183592,9418,0,0,0,1
9131607755,0.12016562,-0.13532455,-0.296879,10356,0,-0.22787678,-1.4432154,-9.224609,6353,0,0,0,1
9131617249,0.07388688,-0.14292714,-0.31152964,9494,0,-0.20165263,-1.2351887,-9.214317,15725,0,0,0,1
9131627910,0.05937026,-0.21129918,-0.32227126,10661,0,-0.2679277,-1.1849554,-9.166016,8380,0,0,0,1
9131638155,0.03313457,-0.2831087,-0.3730556,10245,0,-0.33698106,-1.1435237,-9.146483,6617,0,0,0,1
9131648068,-0.052473016,-0.305187,-0.43361506,9913,0,-0.18371254,-0.8551588,-9.314257,16333,0,0,0,1
9131657049,-0.15881167,-0.27479443,-0.4345984,8981,0,0.09667419,-0.49442175,-9.607422,8471,0,0,0,1
9131667698,-0.24305741,-0.20712616,-0.37893167,10649,0,0.24582948,-0.23754305,-9.857422,7379,0,0,0,1
9131677754,-0.3155466,-0.09180334,-0.31742102,10056,0,0.40879548,0.06076762,-10.183594,7396,0,0,0,1
9131688030,-0.3721565,0.08358803,-0.24809757,10276,0,0.8680155,0.6039815,-10.675836,15744,0,0,0,1
9131697940,-0.3887152,0.2976675,-0.11041856,9910,0,1.2332929,1.1310955,-10.949219,7764,0,0,0,1
9131708038,-0.3672879,0.5193526,0.117111124,10098,0,1.2471036,1.3051099,-10.88867,7446,0,0,0,1
9131718407,-0.33343434,0.7134046,0.3749253,10369,0,0.9773141,1.1584784,-10.556703,17577,0,0,0,1
9131728014,-0.31547916,0.82939905,0.5897993,9607,0,0.5317105,0.69744,-10.183596,7166,0,0,0,1
9131737677,-0.30512804,0.8162469,0.71288705,9663,0,0.12429552,0.23754433,-9.953127,7675,0,0,0,1
9131747706,-0.24572039,0.63532746,0.7216852,10029,0,-0.33698118,-0.276213,-9.740235,6615,0,0,0,1
9131757621,-0.15873647,0.37705708,0.5908272,9915,0,-1.0205419,-1.2078973,-9.500725,16568,0,0,0,1
9131768009,-0.1187583,0.18228614,0.32911468,10388,0,-1.3783062,-1.9169215,-9.3984375,7390,0,0,0,1
9131778397,-0.10497552,0.07040827,0.036142144,10388,0,-1.230532,-1.9569728,-9.509766,7278,0,0,0,1
9131788395,-0.07735101,0.024841286,-0.17089598,9998,0,-0.7082629,-1.526395,-9.727751,17456,0,0,0,1
9131797483,-0.037294425,-0.0013924808,-0.25976476,9088,0,-0.32317042,-1.0496111,-9.779295,6784,0,0,0,1
9131807941,0.013801195,-0.049729608,-0.29980323,10458,0,-0.08010254,-0.91426635,-9.761721,8391,0,0,0,1
9131818126,0.055235486,-0.087017365,-0.35839704,10185,0,0.13672517,-0.66981745,-9.814455,6785,0,0,0,1
9131828038,0.08285762,-0.11739735,-0.39648375,9912,0,0.5843843,-0.12310416,-9.813689,16786,0,0,0,1
9131838134,0.07456714,-0.1367259,-0.35351768,10096,0,0.9916062,0.40051028,-9.835939,6749,0,0,0,1
9131847953,0.008286951,-0.08837615,-0.23340304,9819,0,1.2622957,0.69882107,-9.953127,7362,0,0,0,1
9131858794,-0.053166524,0.010368411,-0.03613659,10841,0,1.4376913,0.8742166,-10.009768,8030,0,0,0,1
9131868129,-0.08285905,0.10082952,0.18456624,9335,0,1.219149,0.72559,-9.867812,16549,0,0,0,1
9131878624,-0.08562059,0.13811538,0.32421654,10495,0,0.76096785,0.38531855,-9.738283,7373,0,0,0,1
9131888827,-0.058680106,0.10428176,0.37109306,10203,0,0.36736348,0.046956904,-9.625,7231,0,0,0,1
9131898215,-0.041417483,0.048341047,0.33593872,9388,0,-0.32626188,-0.64807314,-9.429653,16478,0,0,0,1
9131907912,-0.027614025,0.0013803801,0.203126,9697,0,-0.5938597,-1.0772321,-9.4296875,7680,0,0,0,1
9131918405,0.0400628,-0.07180811,0.038087487,10493,0,-0.5386171,-1.1573343,-9.527344,8240,0,0,0,1
9131928391,0.1256883,-0.1519099,-0.09667713,9986,0,-0.48475546,-1.1310941,-9.605471,7381,0,0,0,1
9131938588,0.15606971,-0.1974846,-0.19726658,10197,0,-0.30240896,-0.96256524,-9.598626,15566,0,0,0,1
9131947969,0.14915818,-0.2292496,-0.24609913,9381,0,-0.10634282,-0.7526815,-9.54883,7606,0,0,0,1
9131958004,0.12912676,-0.25342104,-0.25488922,10035,0,-0.106342815,-0.7250602,-9.488281,7508,0,0,0,1
9131968593,0.084250465,-0.25548503,-0.2822363,10589,0,0.008521699,-0.52467144,-9.611112,17320,0,0,0,1
9131978303,0.048344612,-0.24581952,-0.30371833,9710,0,0.2458295,-0.20992172,-9.798828,6762,0,0,0,1
9131988849,0.017263012,-0.22027399,-0.27051303,10546,0,0.5441401,0.033146247,-10.029297,8205,0,0,0,1
9131997835,-0.053855907,-0.14361511,-0.2060673,8986,0,0.86731,0.30383557,-10.31836,7697,0,0,0,1
9132009440,-0.094600946,-0.04901697,-0.09082851,11605,0,1.1984164,0.73454154,-10.60657,15617,0,0,0,1
9132018049,-0.05869506,0.046278156,0.07909455,8609,0,1.0993295,0.7513015,-10.658203,7994,0,0,0,1
9132028288,0.009667088,0.14364143,0.23339207,10239,0,0.85626143,0.535855,-10.505859,8414,0,0,0,1
9132038782,0.09184849,0.16091003,0.32225573,10494,0,0.27556866,0.17101008,-10.0878315,15659,0,0,0,1
9132048688,0.14779212,0.09807149,0.32322925,9906,0,-0.24168749,-0.29140472,-9.701172,6790,0,0,0,1
9132058145,0.13328713,0.022792786,0.24901538,9457,0,-0.55242765,-0.602145,-9.511719,8206,0,0,0,1
9132068328,0.102215625,-0.071810044,0.13866249,10183,0,-0.81068736,-0.94050664,-9.357422,7000,0,0,0,1
9132077587,0.110509455,-0.19747862,-0.012705726,9259,0,-1.0179409,-1.3701555,-9.388736,16968,0,0,0,1
9132088526,0.12086997,-0.31279644,-0.1943442,10939,0,-1.0150852,-1.5509384,-9.509765,6638,0,0,0,1
9132098821,0.08428542,-0.34938553,-0.3584129,10295,0,-0.95984286,-1.6061814,-9.56836,9247,0,0,0,1
9132107986,0.05459735,-0.3252232,-0.48438218,9165,0,-0.7968768,-1.4432154,-9.628906,5922,0,0,0,1
9132117840,0.08358002,-0.31281906,-0.5683517,9854,0,-0.35714644,-0.9482422,-9.780457,16319,0,0,0,1
9132128527,0.1332879,-0.29487944,-0.59373605,10687,0,0.2195892,-0.37150666,-9.910156,8487,0,0,0,1
9132138794,0.13881148,-0.23410203,-0.525382,10267,0,0.65186346,0.08838896,-9.990234,6782,0,0,0,1
9132148483,0.06285155,-0.13601947,-0.37012076,9689,0,1.3310486,0.822817,-10.222523,15976,0,0,0,1
9132158911,-0.066958345,0.020053584,-0.15918605,10428,0,1.9528294,1.4169763,-10.527344,8656,0,0,0,1
9132168326,-0.1705281,0.22721703,0.13377883,9415,0,2.0205016,1.592372,-10.5859375,8231,0,0,0,1
9132178586,-0.18709125,0.39572006,0.47654298,10260,0,1.8036741,1.5108889,-10.472656,6607,0,0,0,1
9132188157,-0.13872541,0.43993223,0.7421642,9571,0,0.83046615,0.81463456,-10.059286,15563,0,0,0,1
9132198990,-0.08071709,0.36533657,0.8310425,10833,0,-0.4322748,-0.29140475,-9.533203,8521,0,0,0,1
9132209030,-0.073149785,0.25273272,0.7168026,10040,0,-1.2042918,-1.1159022,-9.246094,6727,0,0,0,1
9132218901,-0.1159992,0.13944553,0.4453286,9871,0,-1.9579314,-2.091985,-8.958014,16099,0,0,0,1
9132228324,-0.13672137,0.016531395,0.09083442,9423,0,-2.0163598,-2.3920093,-9.171875,8708,0,0,0,1
9132238764,-0.11048059,-0.111900255,-0.24119748,10440,0,-1.6641874,-2.1199386,-9.4765625,7379,0,0,0,1
9132249007,-0.082859635,-0.19752063,-0.47166875,10243,0,-1.2443428,-1.7801962,-9.666016,7426,0,0,0,1
9132258462,-0.062821336,-0.20648645,-0.59569913,9455,0,-0.43421647,-1.0953631,-9.937325,15543,0,0,0,1
9132269172,-0.008271081,-0.1768027,-0.6044848,10710,0,0.3949848,-0.30383438,-10.125,8465,0,0,0,1
9132279156,0.08492974,-0.15403847,-0.48924318,9984,0,0.6932954,0.074578285,-10.105469,6765,0,0,0,1
9132289146,0.13533701,-0.12294672,-0.33104604,9990,0,0.925092,0.33399615,-9.924843,16842,0,0,0,1
9132298433,0.0587008,-0.060068414,-0.2148445,9287,0,1.1794314,0.64357823,-9.8359375,7902,0,0,0,1
9132309106,-0.09390559,0.015211757,-0.096683346,10673,0,1.3824484,0.9018378,-9.931639,7413,0,0,0,1
9132319333,-0.20300667,0.10636694,0.08690795,10227,0,1.4501207,0.9971317,-10.068359,7185,0,0,0,1
9132328430,-0.23269811,0.2078853,0.29978982,9097,0,1.1943525,0.8685881,-10.116168,16775,0,0,0,1
9132338571,-0.21128808,0.26796445,0.48338446,10141,0,0.67810374,0.46818262,-9.970703,7313,0,0,0,1
9132348632,-0.16432393,0.26658303,0.58299744,10061,0,0.041431442,-0.14363046,-9.7578125,8448,0,0,0,1
9132359354,-0.1111691,0.224441,0.5214783,10722,0,-1.0303807,-1.0925874,-9.380837,14988,0,0,0,1
9132368554,-0.0683535,0.109793015,0.30176067,9200,0,-1.7719107,-1.8492491,-8.957029,7782,0,0,0,1
9132379285,-0.042102315,-0.09323264,-0.015616572,10731,0,-1.9210658,-1.9984047,-8.974609,7390,0,0,0,1
9132389488,-0.022073187,-0.30937165,-0.33885744,10203,0,-1.6779981,-1.8354387,-9.224609,7801,0,0,0,1
9132399143,-0.016551582,-0.44056642,-0.5634726,9655,0,-1.0536537,-1.2479105,-9.676234,17083,0,0,0,1
9132408779,-0.011699053,-0.43158722,-0.66503745,9636,0,-0.21406615,-0.47922993,-10.123047,7052,0,0,0,1
9132419242,0.00901266,-0.34182504,-0.6298765,10463,0,0.6256231,0.11462927,-10.375,7705,0,0,0,1
9132429473,0.002060499,-0.26447213,-0.45019683,10231,0,1.1808125,0.6421974,-10.373047,7805,0,0,0,1
9132439135,-0.049731012,-0.1629465,-0.22169113,9662,0,1.2174575,0.9556996,-10.305891,15750,0,0,0,1
9132449400,-0.095976464,0.007611052,-0.04884102,10265,0,1.2208635,0.92807835,-10.4296875,7415,0,0,0,1
9132460134,-0.099429056,0.17264566,0.09764275,10734,0,1.2609144,1.0233719,-10.488281,7168,0,0,0,1
9132469311,-0.098729335,0.28520602,0.27147427,9177,0,1.109844,1.06271,-10.333102,16992,0,0,0,1
9132479220,-0.100098945,0.3266351,0.44140348,9909,0,0.7471571,0.9681293,-10.181641,7671,0,0,0,1
9132488642,-0.053801417,0.25690606,0.57030565,9422,0,0.19196779,0.52342534,-9.933594,8242,0,0,0,1
9132499103,-0.012370118,0.12983944,0.58300483,10461,0,-0.6352918,-0.27621296,-9.552734,6612,0,0,0,1
9132508889,-0.044163756,0.027603125,0.39258283,9786,0,-1.6571854,-1.5312804,-9.136332,15597,0,0,0,1
9132519564,-0.057274286,-0.120859645,0.059575945,10675,0,-1.9763087,-1.943162,-9.128906,8650,0,0,0,1
9132529807,-0.005476678,-0.339757,-0.27537388,10243,0,-1.7456706,-1.8202472,-9.376953,6699,0,0,0,1
9132539181,0.00626198,-0.4605901,-0.5361289,9374,0,-1.1282095,-1.3933735,-9.76548,17337,0,0,0,1
9132548630,-0.014443616,-0.4412418,-0.67383546,9449,0,-0.3784132,-0.64357704,-10.105469,7094,0,0,0,1
9132559358,0.025583923,-0.37360004,-0.66893214,10728,0,0.21820809,-0.046955675,-10.277344,7639,0,0,0,1
9132569607,0.080123335,-0.27072465,-0.54880756,10249,0,0.7333465,0.4405613,-10.353516,7452,0,0,0,1
9132579113,0.033852555,-0.13740818,-0.34961095,9506,0,1.0963262,0.88373286,-10.186372,15602,0,0,0,1
9132589761,-0.12220605,0.014538628,-0.1328254,10648,0,1.3023465,1.1697652,-10.009766,8420,0,0,0,1
9132599986,-0.28448054,0.15610333,0.083971135,10225,0,1.3285867,1.2788697,-9.890625,6868,0,0,0,1
9132609725,-0.40601164,0.24863628,0.3017516,9739,0,1.002881,1.1057854,-9.631318,16731,0,0,0,1
9132618952,-0.5206388,0.28452498,0.46290198,9227,0,0.502708,0.7789228,-9.431639,7827,0,0,0,1
9132629803,-0.6249097,0.26308522,0.53518766,10851,0,0.12291448,0.4819933,-9.410158,7397,0,0,0,1
9132639788,-0.7264212,0.2209217,0.53520423,9985,0,-0.17401515,0.20992291,-9.509768,7554,0,0,0,1
9132648630,-0.8065246,0.16567415,0.504931,8842,0,-0.5077829,-0.05610728,-9.775499,16357,0,0,0,1
9132659077,-0.7781938,0.04762832,0.4561215,10447,0,-0.7968769,-0.3853174,-9.968752,7582,0,0,0,1
9132669579,-0.6462927,-0.08427948,0.32820892,10502,0,-0.98608315,-0.7374898,-10.029299,8252,0,0,0,1
9132679771,-0.51579905,-0.13473487,0.119178794,10192,0,-1.1214278,-0.9004557,-10.0703125,6499,0,0,0,1
9132689464,-0.41015416,-0.13818295,-0.07908795,9693,0,-1.13104,-0.7619185,-10.107422,16478,0,0,0,1
9132699900,-0.26238927,-0.1754526,-0.2226274,10436,0,-0.9874642,-0.49580276,-10.009766,7573,0,0,0,1
9132709180,-0.11807299,-0.22862251,-0.3446924,9280,0,-0.7830661,-0.31902614,-9.871094,7422,0,0,0,1
9132719518,-0.086303584,-0.23548827,-0.4296812,10338,0,-0.32076964,0.064849496,-9.670822,16447,0,0,0,1
9132729398,-0.15191321,-0.21956491,-0.42188945,9880,0,0.0013804995,0.57590604,-9.455078,7670,0,0,0,1
9132739859,-0.23135169,-0.24095811,-0.33692572,10461,0,0.15053582,0.75268257,-9.359375,8386,0,0,0,1
9132750102,-0.28729033,-0.2720356,-0.24609922,10243,0,0.28588045,0.86040586,-9.416016,7474,0,0,0,1
9132759803,-0.32111353,-0.2672123,-0.17579027,9701,0,0.32919183,1.0726317,-9.709663,15564,0,0,0,1
9132769027,-0.31627768,-0.23614226,-0.09473359,9224,0,0.44884646,1.2664399,-9.953125,7377,0,0,0,1
9132779472,-0.2658723,-0.20092319,0.01171934,10445,0,0.50270796,1.4280246,-10.070311,7270,0,0,0,1
9132789841,-0.20579949,-0.14360425,0.12499725,10369,0,0.5929023,1.517819,-10.271042,16605,0,0,0,1
9132799674,-0.1540137,-0.054525077,0.24608435,9833,0,0.7595867,1.6048014,-10.373047,7566,0,0,0,1
9132810137,-0.09600719,0.028341308,0.38671088,10463,0,0.7733973,1.7263355,-10.277344,8428,0,0,0,1
9132820122,-0.051804192,0.08220189,0.54784596,9985,0,0.6781037,1.738765,-10.083984,7402,0,0,0,1
9132830051,-0.04212096,0.102900885,0.70898294,9929,0,0.24841432,1.2442912,-9.716831,15564,0,0,0,1
9132839367,-0.06420913,0.09735525,0.7939474,9316,0,-0.5275685,0.61595684,-9.416015,11460,0,0,0,1
9132849455,-0.09664091,0.037266634,0.750982,10088,0,-1.4457293,-0.23068787,-9.206396,11211,0,0,0,1
9132860257,-0.11732138,-0.08151072,0.5712994,10802,0,-1.921066,-0.8604048,-9.259766,9281,0,0,0,1
9132869781,-0.11661884,-0.19683363,0.27052006,9524,0,-1.9086365,-0.928077,-9.582031,6765,0,0,0,1
9132880360,-0.0648421,-0.2845181,-0.044905677,10579,0,-1.6517578,-0.75130033,-9.912109,8269,0,0,0,1
9132889347,0.024910444,-0.34528273,-0.2587631,8987,0,-1.202299,-0.34279653,-10.136717,14884,0,0,0,1
9132899439,0.084274754,-0.33560896,-0.3661954,10092,0,-0.81068754,0.006905943,-10.1796875,8351,0,0,0,1
9132909642,0.09947466,-0.25135607,-0.4081929,10203,0,-0.55242777,0.23754431,-10.214844,8400,0,0,0,1
9132919754,0.10706369,-0.15675457,-0.39940444,10112,0,-0.2541171,0.5082336,-10.236326,8268,0,0,0,1
9132930351,0.09117753,-0.06214595,-0.36327484,10597,0,0.21450302,1.0926958,-10.257812,15160,0,0,0,1
9132939696,0.042840023,0.034536246,-0.28905734,9345,0,0.5980017,1.5785612,-10.142578,7804,0,0,0,1
9132950391,0.0020906343,0.10151275,-0.14159822,10695,0,0.7731975,1.7801971,-9.961161,14839,0,0,0,1
9132959368,-0.040716264,0.17471014,0.035160266,8977,0,0.78582716,1.7663865,-9.970704,7435,0,0,0,1
9132969126,-0.10287267,0.2851935,0.18652825,9758,0,0.7595867,1.8754908,-10.089842,9271,0,0,0,1
9132980597,-0.10631862,0.35218394,0.33202648,11471,0,0.704344,1.9307333,-10.183594,7275,0,0,0,1
9132989608,-0.019968908,0.35014495,0.49801806,9011,0,0.14219527,1.3548406,-9.974766,15576,0,0,0,1
9133000011,0.046299435,0.35288954,0.6298653,10403,0,-0.9460322,0.3052166,-9.396484,6964,0,0,0,1
9133009857,0.015188593,0.34939387,0.6132906,9846,0,-1.6379473,-0.43917906,-8.994141,8635,0,0,0,1
9133020257,-0.053193036,0.2616808,0.38283098,10400,0,-1.9486872,-0.83278334,-8.8828125,7340,0,0,0,1
9133030244,-0.059408873,0.092513435,0.034188908,9987,0,-1.6816921,-0.7698133,-9.285064,15369,0,0,0,1
9133039512,-0.009684777,-0.0718282,-0.25097227,9268,0,-1.1089983,-0.37150675,-9.7578125,8546,0,0,0,1
9133050133,0.015183785,-0.1560666,-0.40234172,10621,0,-0.71677494,-0.03176398,-9.910156,7849,0,0,0,1
9133059405,0.017960375,-0.157442,-0.45312464,9272,0,-0.4184642,0.23892538,-9.951172,8410,0,0,0,1
9133069809,0.03661074,-0.118087955,-0.44238,10404,0,-0.110950164,0.5188181,-9.8610935,14161,0,0,0,1
9133080318,0.03868895,-0.056625947,-0.39843532,10509,0,0.19196784,0.73887193,-9.794922,8960,0,0,0,1
9133089942,-0.006188338,0.02970616,-0.3251946,9624,0,0.34112313,0.88802713,-9.794921,7372,0,0,0,1
9133099937,-0.06972935,0.07666635,-0.22656122,9995,0,0.5205377,1.32808,-9.842377,15071,0,0,0,1
9133110526,-0.10426749,0.05732702,-0.12011384,10589,0,0.5427591,1.3879738,-9.833984,9488,0,0,0,1
9133120023,-0.12083983,0.04489545,-0.022458946,9497,0,0.36736345,1.3203015,-9.796875,6792,0,0,0,1
9133130026,-0.12843643,0.066298105,0.0478498,10003,0,0.24582946,1.2788692,-9.814451,8412,0,0,0,1
9133140281,-0.09114892,0.10082508,0.10058019,10255,0,0.11298102,1.1736423,-9.831266,14473,0,0,0,1
9133150958,-0.03452626,0.14087728,0.14549983,10677,0,-0.09253213,0.9681292,-9.742188,9045,0,0,0,1
9133160628,-0.024861583,0.17815956,0.1650367,9670,0,-0.26930878,0.8189739,-9.667969,7440,0,0,0,1
9133170615,-0.05592876,0.14431746,0.16504425,9987,0,-0.6334554,0.5376914,-9.447379,14741,0,0,0,1
9133180491,-0.09182809,0.014494365,0.12403381,9876,0,-1.1752896,-0.08700673,-9.222656,8766,0,0,0,1
9133189773,-0.14845373,-0.111192755,-0.021474203,9282,0,-1.3644959,-0.3314558,-9.283203,7822,0,0,0,1
9133200418,-0.19471397,-0.18646728,-0.22948755,10645,0,-1.2567723,-0.30383435,-9.474611,7436,0,0,0,1
9133210643,-0.18918641,-0.22100015,-0.39257124,10225,0,-0.85104,0.02161675,-9.782747,15024,0,0,0,1
9133219472,-0.1684696,-0.19751063,-0.4609374,8829,0,-0.4308938,0.4944229,-9.992187,8668,0,0,0,1
9133229880,-0.16295175,-0.14362952,-0.43359962,10408,0,-0.024859846,0.79273355,-10.105469,7823,0,0,0,1
9133240635,-0.17744875,-0.071109585,-0.36329326,10755,0,0.42726612,1.3495847,-10.356944,14805,0,0,0,1
9133250032,-0.18986733,0.03385188,-0.29005656,9397,0,0.9225527,1.9307336,-10.582029,8284,0,0,0,1
9133259755,-0.20021863,0.1823174,-0.19533429,9723,0,1.314776,2.3505783,-10.794922,7801,0,0,0,1
9133270238,-0.23057534,0.41021165,-0.012727759,10483,0,1.6931887,2.648889,-10.927734,8400,0,0,0,1
9133280457,-0.22776237,0.640878,0.29780418,10219,0,1.735568,2.8446064,-10.749387,14456,0,0,0,1
9133290314,-0.13655967,0.7196255,0.6386069,9857,0,1.0717081,2.4583015,-10.2578125,9281,0,0,0,1
9133300631,-0.023313299,0.651948,0.8573626,10317,0,0.4212251,1.6724741,-9.777346,7460,0,0,0,1
9133310702,-0.0137628475,0.5952476,0.86815983,10071,0,-0.4046535,0.8189739,-9.357422,9273,0,0,0,1
9133320736,-0.08088346,0.63040715,0.73733777,10034,0,-1.2876681,-0.23718932,-8.868216,13317,0,0,0,1
9133330609,-0.12511803,0.70914054,0.5800962,9873,0,-1.3244445,-0.9405067,-8.626953,8665,0,0,0,1
9133340106,-0.16793126,0.77819395,0.41115075,9497,0,-1.149049,-0.7651111,-8.765626,7376,0,0,0,1
9133350168,-0.22175719,0.77128774,0.25198728,10062,0,-0.53255886,-0.19568649,-9.134452,15157,0,0,0,1
9133360747,-0.26245555,0.71260375,0.15140451,10579,0,0.084244564,0.22235252,-9.494141,8794,0,0,0,1
9133370463,-0.28453216,0.72366536,0.10255044,9716,0,0.3535528,0.43918025,-9.722656,7483,0,0,0,1
9133380691,-0.21821687,0.7250631,0.08882809,10228,0,0.38814184,0.71669406,-9.702299,15807,0,0,0,1
9133391041,-0.006220747,0.5006462,0.051668573,10350,0,0.17815718,0.58971655,-9.222656,7014,0,0,0,1
9133400930,0.16290246,0.18645078,-0.12800105,9889,0,0.09667419,0.4281316,-9.107422,8630,0,0,0,1
9133410187,0.11871722,0.042852283,-0.38477814,9257,0,0.40879554,0.62976754,-9.109375,7478,0,0,0,1
9133420401,-0.00485505,-0.017217057,-0.48925924,10214,0,1.1349723,1.3296957,-9.217216,15273,0,0,0,1
9133431008,-0.11810163,-0.062791035,-0.39941558,10607,0,1.5454142,1.7940078,-9.492186,9310,0,0,0,1
9133440718,-0.22027823,-0.0324028,-0.24414948,9710,0,1.6545186,1.9307334,-9.738281,6745,0,0,0,1
9133451421,-0.26445904,0.06563591,-0.09572175,10703,0,1.68214,1.9971293,-10.1021185,15940,0,0,0,1
9133460464,-0.24581121,0.20442478,0.024380254,9043,0,1.6945698,2.1862311,-10.470703,7167,0,0,0,1
9133470709,-0.16087998,0.33631185,0.13375157,10245,0,1.6669486,2.2414737,-10.546877,8607,0,0,0,1
9133481113,-0.008248724,0.36740118,0.27729568,10404,0,1.5191741,2.201423,-10.449219,7521,0,0,0,1
9133491162,0.13885668,0.2824646,0.39936787,10049,0,1.0366557,1.8267984,-10.112631,14886,0,0,0,1
9133501206,0.19338095,0.17817771,0.38474062,10044,0,0.55656976,1.4017844,-9.892578,9497,0,0,0,1
9133510165,0.15605885,0.117401995,0.24120668,8959,0,0.31350175,1.294061,-9.814453,6848,0,0,0,1
9133520751,0.087687284,0.12360579,0.13379578,10586,0,0.056623153,1.2802505,-9.792971,8488,0,0,0,1
9133530978,0.03521287,0.19403104,0.16993308,10227,0,0.20658354,1.0625597,-9.946002,14479,0,0,0,1
9133540842,0.0303866,0.25411364,0.24121352,9864,0,0.20439744,0.8341656,-10.048826,9651,0,0,0,1
9133550559,0.10704304,0.2023416,0.24119364,9717,0,-0.09253214,0.48199332,-9.9140625,6757,0,0,0,1
9133561304,0.20924062,0.07529661,0.14352693,10745,0,-0.43089372,-0.019334357,-9.78125,8288,0,0,0,1
9133570489,0.23477417,0.022139892,-0.06739452,9185,0,-0.65508604,-0.5626575,-9.696349,14297,0,0,0,1
9133580984,0.209919,0.042860918,-0.32616773,10495,0,-0.30935982,-0.46680036,-9.6640625,9077,0,0,0,1
9133590421,0.20853472,0.048377436,-0.5419912,9437,0,0.2734508,-0.04695571,-9.685547,7398,0,0,0,1
9133600854,0.22441389,0.03522779,-0.6474637,10433,0,1.297964,0.7568301,-9.655033,14806,0,0,0,1
9133611094,0.21614487,0.046260368,-0.5957007,10240,0,2.0080721,1.3617336,-9.46875,9133,0,0,0,1
9133620819,0.17334771,0.078016825,-0.4042893,9725,0,2.142036,1.5509398,-9.277345,7254,0,0,0,1
9133631483,0.10981322,0.089067064,-0.17186944,10664,0,1.9841512,1.6313858,-8.991315,16021,0,0,0,1
9133640765,0.001393614,0.089770645,-0.0146397855,9282,0,1.9100164,1.7000954,-8.994141,6749,0,0,0,1
9133651275,-0.1263621,0.11946374,0.061532352,10510,0,2.0453608,1.8078185,-9.224609,8930,0,0,0,1
9133661091,-0.18574299,0.14571221,0.17676115,9816,0,2.1682763,2.038457,-9.472656,7414,0,0,0,1
9133670990,-0.1505083,0.1229517,0.38476485,9899,0,2.0206633,2.0274837,-9.678177,15039,0,0,0,1
9133681393,-0.07179392,0.1202032,0.58885944,10403,0,1.4238803,1.5647507,-9.6484375,9576,0,0,0,1
9133691292,-0.011768878,0.20236431,0.7050666,9899,0,0.84245086,1.0081801,-9.474611,6770,0,0,0,1
9133700504,0.00753973,0.3045369,0.7246052,9212,0,0.20439744,0.4253695,-9.28125,8196,0,0,0,1
9133710745,0.026908718,0.30453676,0.6298783,10241,0,-0.40937415,-0.13315946,-9.125185,14406,0,0,0,1
9133721690,0.1160215,0.17406759,0.40524727,10945,0,-0.58143014,-0.24997272,-9.224609,8776,0,0,0,1
9133731127,0.2845203,-0.0040505487,0.11811848,9437,0,-0.2693088,-0.020715423,-9.455076,7632,0,0,0,1
9133741381,0.47233617,-0.11456464,-0.0898679,10254,0,0.46729764,0.3883777,-9.717573,15018,0,0,0,1
9133751670,0.6035337,-0.077332936,-0.13180809,10289,0,1.0054171,0.76511234,-9.914064,8581,0,0,0,1
9133760701,0.6712123,0.09661856,-0.03799143,9031,0,1.3299677,0.8189739,-9.953123,7823,0,0,0,1
9133771234,0.7105761,0.29201776,0.11435364,10533,0,1.6006571,0.9819399,-9.855469,7388,0,0,0,1
9133781406,0.7237158,0.36587834,0.28422236,10172,0,1.6924866,1.1579909,-9.463883,15241,0,0,0,1
9133790289,0.68439084,0.26575202,0.43745083,8883,0,1.3838295,0.9004568,-9.072268,8360,0,0,0,1
9133801532,0.59808135,0.062086422,0.50382,11243,0,1.11314,0.5772868,-8.91992,7802,0,0,0,1
9133811263,0.533877,-0.1429468,0.46082628,9731,0,0.84106976,0.3328379,-8.861328,13415,0,0,0,1
9133820534,0.51728195,-0.30725366,0.3680909,9271,0,0.6566304,0.037030704,-8.906879,9354,0,0,0,1
9133831024,0.48688227,-0.42188594,0.27045476,10490,0,0.7043442,-0.04695576,-9.052736,8953,0,0,0,1
9133841665,0.40608242,-0.48197228,0.17767894,10641,0,0.7595868,0.008286975,-9.298827,7375,0,0,0,1
9133851925,0.13613448,-0.7146925,0.031050758,10260,0,1.3451736,-0.10279318,-10.041287,15034,0,0,0,1
9133861333,-0.13247164,-0.86729753,-0.14373663,9408,0,0.13672504,0.71125066,-11.1171875,8674,0,0,0,1
9133870991,-0.048278477,-0.6270192,-0.19039744,9658,0,1.2885355,0.07319729,-11.330078,7666,0,0,0,1
9133881543,0.30382517,-0.4848064,-0.12775755,10552,0,1.3700186,0.372889,-11.234376,8426,0,0,0,1
9133891739,0.72294605,-0.69680786,-0.08288587,10196,0,0.7437923,0.27314496,-10.56873,14403,0,0,0,1
9133901426,0.99298483,-1.001274,-0.11428516,9687,0,0.13810617,-0.18230034,-10.064453,8641,0,0,0,1
9133911862,1.0006597,-1.1510317,-0.22570004,10436,0,0.21211533,-0.50070524,-9.806582,14774,0,0,0,1
9133921856,0.83296144,-1.0881052,-0.39073843,9994,0,0.48889744,-0.31764498,-9.951172,8541,0,0,0,1
9133931718,0.58784574,-0.8498726,-0.5274008,9862,0,0.94879305,0.03452731,-10.259766,7990,0,0,0,1
9133941232,0.34952495,-0.55509496,-0.50881314,9514,0,1.5592253,0.4267507,-10.623047,7455,0,0,0,1
9133951678,0.19408126,-0.23132245,-0.30564275,10446,0,1.9731481,0.61158127,-10.928935,15829,0,0,0,1
9133961721,0.08843653,0.16708879,-0.01850866,10043,0,1.6268972,0.35907823,-10.738279,7120,0,0,0,1
9133971662,0.01868885,0.54757404,0.25687385,9941,0,1.1255698,0.04833801,-10.388672,8445,0,0,0,1
9133980965,0.030417312,0.8051621,0.45214716,9303,0,0.47508672,-0.38669842,-10.0234375,7486,0,0,0,1
9133991252,0.09387681,0.95433944,0.47847947,10287,0,-0.46276194,-1.0311353,-9.414795,15393,0,0,0,1
9134002061,0.103408515,1.0454855,0.31445262,10809,0,-1.0012747,-1.5647495,-8.748047,9276,0,0,0,1
9134011563,-0.014057138,1.0910337,0.066521116,9502,0,-0.90460014,-1.7139049,-8.439453,6799,0,0,0,1
9134021885,-0.26675895,0.9833042,-0.18630381,10322,0,-0.16020446,-1.8340579,-8.341797,8244,0,0,0,1
9134031060,-0.5326389,0.7920292,-0.43039528,9175,0,-0.10123453,-0.8507653,-8.899123,14601,0,0,0,1
9134041030,-0.6575166,0.74574196,-0.61709285,9970,0,0.9501743,-0.37288776,-9.396485,8608,0,0,0,1
9134051265,-0.6408018,0.84103113,-0.67389035,10235,0,1.3700187,0.20992291,-9.6484375,8478,0,0,0,1
9134061535,-0.58060545,0.9287974,-0.55770814,10270,0,1.6821401,0.54966563,-9.607422,8193,0,0,0,1
9134072004,-0.5812541,0.93371034,-0.33984545,10469,0,1.7846872,0.62459135,-9.424319,15422,0,0,0,1
9134081684,-0.6703848,0.8625936,-0.16200067,9680,0,1.639327,0.69744,-9.546875,8208,0,0,0,1
9134091281,-0.7643946,0.7009412,-0.09359717,9597,0,1.679378,0.79273355,-9.8359375,6382,0,0,0,1
9134102043,-0.74577796,0.5151506,-0.07118586,10762,0,1.8148177,0.8047481,-10.298032,15394,0,0,0,1
9134111659,-0.56553084,0.43436566,-0.02444323,9616,0,1.8575357,0.8604061,-10.677734,8813,0,0,0,1
9134121694,-0.28101897,0.4399013,0.056539148,10035,0,1.8299141,0.83278453,-10.716797,7783,0,0,0,1
9134132153,0.0131634995,0.36671293,0.16494809,10459,0,1.5385501,0.5939011,-10.274699,15831,0,0,0,1
9134141446,0.25002813,0.13537794,0.23234354,9293,0,1.0454679,0.10081854,-9.6015625,6559,0,0,0,1
9134152174,0.3598134,-0.14981478,0.17376135,10728,0,0.7471572,-0.19749215,-9.2578125,9093,0,0,0,1
9134162319,0.33911806,-0.43567866,0.013577106,10145,0,0.5980019,-0.3190261,-9.068361,7807,0,0,0,1
9134171299,0.32323492,-0.8009723,-0.15147784,8980,0,0.6842382,-0.135145,-9.123942,14365,0,0,0,1
9134181988,0.37292826,-1.1614512,-0.2861903,10689,0,0.9777955,0.08838893,-9.417969,8660,0,0,0,1
9134191701,0.38885164,-1.2753849,-0.39259964,9713,0,1.3299681,0.30521667,-9.607424,7696,0,0,0,1
9134202206,0.34326166,-1.1207169,-0.40917814,10505,0,1.6821404,0.52204424,-9.644533,8212,0,0,0,1
9134212446,0.24924636,-0.90391016,-0.29299575,10240,0,1.850956,0.7277208,-9.466022,14594,0,0,0,1
9134222130,0.07931935,-0.74784195,-0.12314476,9684,0,1.7622421,0.8452141,-9.394531,8639,0,0,0,1
9134231560,-0.114018634,-0.6152565,0.03211834,9430,0,1.7069993,0.8452141,-9.509764,7383,0,0,0,1
9134241952,-0.2528079,-0.47507817,0.17472501,10392,0,1.5458262,0.8735284,-9.648505,15074,0,0,0,1
9134252383,-0.3425705,-0.40187535,0.30756423,10431,0,1.2208635,0.82035494,-9.587891,9005,0,0,0,1
9134261566,-0.41087428,-0.5047695,0.40528014,9183,0,1.0178465,0.5620952,-9.433594,7940,0,0,0,1
9134272157,-0.49779293,-0.76444936,0.4014152,10591,0,0.48343706,0.25728452,-9.51096,14948,0,0,0,1
9134282366,-0.5951164,-0.9171092,0.2978529,10209,0,-0.023478761,-0.020715412,-9.8203125,7301,0,0,0,1
9134291863,-0.67526156,-0.82044286,0.16297449,9497,0,-0.051100127,0.006905962,-10.048828,8256,0,0,0,1
9134302539,-0.7505795,-0.63741744,0.0789549,10676,0,0.096674114,-0.0055236453,-10.1796875,8436,0,0,0,1
9134312052,-0.8238216,-0.42192206,0.07793964,9513,0,0.0831034,-0.047072582,-10.30349,14589,0,0,0,1
9134322634,-0.8845912,-0.122230805,0.074002735,10582,0,0.015191108,0.20854189,-10.3359375,9281,0,0,0,1
9134332239,-0.8652559,0.1553615,0.061309047,9605,0,0.096674114,0.23754428,-10.144531,6862,0,0,0,1
9134341729,-0.8065511,0.39224988,0.095531866,9490,0,0.042812478,0.15606128,-10.050781,8435,0,0,0,1
9134352089,-0.82244277,0.6760408,0.11017555,10360,0,0.08947537,0.34086704,-10.108319,14554,0,0,0,1
9134361338,-0.8556178,0.952219,0.07599521,9249,0,0.56899947,0.5220444,-10.126955,8360,0,0,0,1
9134372188,-0.8873881,1.2629546,0.030091971,10850,0,0.8410697,0.73887193,-10.107422,8600,0,0,0,1
9134382637,-0.9578092,1.6510452,0.0056286124,10449,0,1.4184632,1.2387841,-9.984822,14294,0,0,0,1
9134391634,-0.974213,1.9466915,0.097433776,8997,0,2.1420357,1.5233185,-9.761719,7695,0,0,0,1
9134401963,-0.8691172,1.9080844,0.277219,10329,0,1.8713464,1.9044933,-9.496094,10814,0,0,0,1
9134411425,-0.6266221,1.440635,0.4423347,9462,0,1.3437785,1.8906825,-9.074219,6643,0,0,0,1
9134423579,-0.3470826,0.75762105,0.45802793,12154,0,0.55397487,1.035676,-8.720734,14690,0,0,0,1
9134431965,-0.18771674,0.13119195,0.22080109,8386,0,-0.20163643,0.37288886,-8.609375,8327,0,0,0,1
9134442340,-0.13944972,-0.33564052,-0.14838067,10375,0,-0.33698112,0.15468016,-8.667969,7477,0,0,0,1
9134452563,-0.1145726,-0.63395256,-0.4735897,10223,0,-0.024859786,0.3038355,-8.957031,8669,0,0,0,1
9134461736,-0.04692385,-0.8134952,-0.66791475,9173,0,0.86840737,0.98296356,-9.492371,13901,0,0,0,1
9134473276,0.073840775,-0.96612054,-0.7186694,11540,0,1.5868465,1.672474,-9.781251,9102,0,0,0,1
9134482695,0.2201386,-1.1028874,-0.6678425,9419,0,1.7498124,1.9707847,-9.933594,7682,0,0,0,1
9134492721,0.38244584,-1.1450082,-0.56627333,10026,0,1.836548,2.1551254,-9.990871,14499,0,0,0,1
9134502680,0.52815485,-1.0835611,-0.4275755,9959,0,1.74705,2.0785077,-9.818359,8528,0,0,0,1
9134512156,0.5737666,-0.9509371,-0.30068222,9476,0,1.5992763,2.010836,-9.644533,7739,0,0,0,1
9134521978,0.46818364,-0.72782856,-0.23240021,9822,0,1.4376911,1.9845951,-9.546875,8431,0,0,0,1
9134532463,0.26033816,-0.45643216,-0.15724643,10485,0,1.3700186,1.9318571,-9.592124,14463,0,0,0,1
9134542293,0.068330966,-0.25205272,-0.006866023,9830,0,1.3161569,1.9984058,-9.742186,8388,0,0,0,1
9134551792,-0.033179063,-0.13949655,0.15818846,9499,0,1.11314,1.9307333,-9.953125,8466,0,0,0,1
9134562247,-0.018663209,-0.07112077,0.25097635,10455,0,0.7702161,1.5760161,-10.203256,14336,0,0,0,1
9134572720,0.096668825,-0.04554995,0.25684267,10473,0,0.40879548,1.1987674,-10.220703,9542,0,0,0,1
9134582716,0.24238153,-0.053133346,0.19629417,9996,0,0.25964013,0.94188887,-10.128906,6767,0,0,0,1
9134592143,0.37082276,-0.065561384,0.10547189,9427,0,0.16296539,0.8203548,-10.070311,8295,0,0,0,1
9134602144,0.472332,-0.09111561,0.01464619,10001,0,0.18570568,0.78461367,-9.8816805,14379,0,0,0,1
9134611942,0.5400044,-0.12426221,-0.06934388,9798,0,0.30107215,0.7374908,-9.666016,8749,0,0,0,1
9134622264,0.5641729,-0.13048129,-0.13964877,10322,0,0.38117415,0.7651121,-9.587891,7402,0,0,0,1
9134632582,0.54621595,-0.14015536,-0.18262394,10318,0,0.4373366,0.88403153,-9.35594,15188,0,0,0,1
9134642823,0.5351428,-0.27552038,-0.18463527,10241,0,0.27345088,0.7374908,-8.996094,9520,0,0,0,1
9134651959,0.52615273,-0.5137491,-0.19932972,9136,0,0.070433915,0.47923112,-8.955078,6797,0,0,0,1
9134662433,0.44748205,-0.64491004,-0.29109907,10474,0,-0.052481137,0.27621415,-9.027344,8420,0,0,0,1
9134672801,0.31011704,-0.62209344,-0.40045914,10368,0,0.02158119,0.2701746,-9.203534,14941,0,0,0,1
9134682544,0.18027501,-0.5751552,-0.4551355,9743,0,0.23339987,0.45437193,-9.4375,8865,0,0,0,1
9134692960,0.08771096,-0.5296065,-0.44730216,10416,0,0.3535528,0.4944229,-9.609375,6770,0,0,0,1
9134702346,0.010381383,-0.41498432,-0.40139407,9386,0,0.465567,0.59221953,-9.716511,15768,0,0,0,1
9134712581,-0.061422486,-0.24373642,-0.34377196,10235,0,0.4902786,0.68362933,-9.625002,7333,0,0,0,1
9134722062,-0.12633984,-0.10148596,-0.27736464,9481,0,0.44746542,0.7513015,-9.470703,8231,0,0,0,1
9134732718,-0.21059583,-0.0034286394,-0.22169621,10656,0,0.37979308,0.73887193,-9.28125,8414,0,0,0,1
9134742776,-0.33903158,0.10153671,-0.20607468,10058,0,0.32593143,0.85152495,-9.115393,14422,0,0,0,1
9134752886,-0.4950946,0.2120184,-0.21486185,10110,0,0.3936038,0.9957505,-9.068359,8377,0,0,0,1
9134762338,-0.64079875,0.30662265,-0.21681026,9452,0,0.42122516,1.1587166,-9.148436,7851,0,0,0,1
9134772866,-0.76233363,0.3715379,-0.19726896,10528,0,0.3019327,1.3210185,-9.318155,15839,0,0,0,1
9134782862,-0.46679908,0.2610138,-0.13283488,9996,0,1.0040355,1.3603525,-13.26367,7093,0,0,0,1
9134792710,0.38946283,0.18636727,-0.08707125,9848,0,0.23201847,1.3479232,-14.222656,8453,0,0,0,1
9134803211,0.72782224,0.6229037,-0.2938576,10501,0,-0.6891535,1.0233718,-11.314452,8416,0,0,0,1
9134813200,0.46819615,1.0939976,-0.48979285,9989,0,0.111973934,1.1137426,-10.215995,14407,0,0,0,1
9134823137,0.33910254,0.99507326,-0.39054582,9937,0,0.5841912,1.5647508,-9.455078,9204,0,0,0,1
9134832506,0.29004556,0.62559164,-0.21978985,9369,0,0.6781036,1.3631144,-9.455076,6762,0,0,0,1
9134842843,0.260324,0.4522944,-0.17385286,10337,0,0.50219506,1.2261487,-9.904327,15476,0,0,0,1
9134853284,0.22577403,0.58905995,-0.30464333,10441,0,0.50270796,0.9943694,-10.009766,7703,0,0,0,1
9134863148,0.2320001,0.8203836,-0.46187177,9864,0,0.62424207,1.0358015,-9.683594,8465,0,0,0,1
9134872622,0.3169529,0.920461,-0.5215225,9474,0,0.7858269,1.1449059,-9.339842,7409,0,0,0,1
9134882841,0.43986937,0.8168367,-0.46398246,10219,0,0.9073609,1.2664399,-9.167969,9236,0,0,0,1
9134892598,0.54137003,0.5509541,-0.32536548,9757,0,1.070327,1.1310953,-9.226564,13809,0,0,0,1
9134902654,0.58901554,0.25887144,-0.17495465,10056,0,1.1656207,0.82035506,-9.455078,8239,0,0,0,1
9134913320,0.58073246,0.069696926,-0.07724006,10666,0,1.0807225,0.4931416,-9.752965,15842,0,0,0,1
9134922653,0.5337803,-0.00070749066,-0.03811941,9333,0,0.9916063,0.3452676,-9.89258,7311,0,0,0,1
9134932222,0.48682633,-0.0034557404,-0.027344946,9569,0,0.93636346,0.40051028,-9.820311,8628,0,0,0,1
9134943150,0.49649432,0.015875248,-0.009758122,10928,0,0.85488045,0.58971655,-9.587891,8142,0,0,0,1
9134953305,0.59731257,-0.021441884,0.06638789,10155,0,1.0937561,0.9154977,-9.167952,14396,0,0,0,1
9134962695,0.68640506,-0.3329222,0.24398476,9390,0,1.3299677,1.0371826,-9.126955,8046,0,0,0,1
9134972404,0.70160025,-0.7030696,0.44707066,9709,0,0.720917,0.53585505,-9.490236,8178,0,0,0,1
9134982847,0.68153834,-0.7755219,0.5263146,10443,0,0.63943374,0.1284399,-9.931641,8412,0,0,0,1
9134993026,0.62009007,-0.7015893,0.49023667,10179,0,0.6722086,-0.1531613,-10.099231,14556,0,0,0,1
9135003248,0.5261915,-0.61596,0.42284068,10222,0,0.63943374,-0.3052154,-10.201171,9164,0,0,0,1
9135013443,0.41639745,-0.515833,0.3437372,10195,0,0.6131935,-0.33145568,-10.201173,7267,0,0,0,1
9135022645,0.31212613,-0.43089983,0.27635148,9202,0,0.5980017,-0.29140472,-10.144531,8843,0,0,0,1
9135033068,0.21338303,-0.39568564,0.22946796,10423,0,0.6613368,-0.24359244,-10.158558,14545,0,0,0,1
9135042609,0.10980766,-0.38049635,0.18356094,9541,0,0.5966208,-0.20992176,-10.146486,7610,0,0,0,1
9135053255,0.029703226,-0.32939124,0.124980204,10646,0,0.51513773,-0.15606005,-10.046873,8454,0,0,0,1
9135063280,0.021417785,-0.24790077,0.055663776,10025,0,0.5316515,0.09338696,-9.721127,14586,0,0,0,1
9135073210,0.09599358,-0.21889487,0.0039221947,9930,0,0.65186346,0.3038355,-9.396484,8107,0,0,0,1
9135082629,0.20025598,-0.29830992,-0.0009640131,9419,0,0.6919143,0.2914059,-9.359375,8710,0,0,0,1
9135093165,0.26999366,-0.41915756,0.020505106,10536,0,0.63805276,0.23754424,-9.511719,7413,0,0,0,1
9135103137,0.28864083,-0.47094584,0.029291406,9972,0,0.4947626,0.16154146,-9.767845,14941,0,0,0,1
9135113869,0.28450072,-0.43917876,0.02539658,10732,0,0.17815714,-0.46818143,-9.894531,9059,0,0,0,1
9135123483,0.2769066,-0.3473358,0.013692222,9614,0,-0.078721486,-0.6974387,-10.011719,7407,0,0,0,1
9135133868,0.25274545,-0.1919594,-0.0282926,10385,0,-0.02910665,-0.456261,-10.108354,14743,0,0,0,1
9135143650,0.22443618,-0.039347988,-0.08200259,9782,0,0.110484816,-0.23754303,-9.98828,9364,0,0,0,1
9135153186,0.20164092,0.029006453,-0.09569137,9536,0,0.13810618,-0.2099217,-9.912109,6827,0,0,0,1
9135163323,0.17539701,0.040049206,-0.072263256,10137,0,0.11049464,-0.26515457,-9.911133,15465,0,0,0,1
9135173677,0.15951641,0.0863167,-0.0654223,10354,0,0.070433855,-0.3052154,-9.910156,7442,0,0,0,1
9135182762,0.15606375,0.1684933,-0.08592593,9085,0,0.19334891,-0.317645,-9.873045,8249,0,0,0,1
9135193458,0.16503763,0.17194264,-0.08789136,10696,0,0.3963659,-0.2499727,-9.740234,8520,0,0,0,1
9135202984,0.19334589,-0.038684472,-0.003941586,9526,0,0.6350867,-0.11749781,-9.387241,14489,0,0,0,1
9135213770,0.21889497,-0.28797027,0.11031404,10786,0,0.28588042,-0.33283672,-9.779295,9333,0,0,0,1
9135223450,0.20646474,-0.40397608,0.17380206,9680,0,0.35355282,-0.3452664,-9.814454,6752,0,0,0,1
9135233075,0.1505302,-0.5344937,0.2489834,9625,0,0.32593143,-0.4529897,-9.832031,8197,0,0,0,1
9135243274,0.08492649,-0.70644164,0.350537,10199,0,0.22335006,-0.46049812,-9.8443985,14752,0,0,0,1
9135253401,0.05247463,-0.8162253,0.41501158,10127,0,0.056623194,-0.47922996,-9.894531,9161,0,0,0,1
9135263178,0.057307374,-0.8845743,0.45996118,9777,0,0.01657222,-0.41155767,-9.839844,7656,0,0,0,1
9135273433,0.030374091,-0.8631774,0.46189553,10255,0,0.05662318,-0.26378337,-9.746094,7974,0,0,0,1
9135283890,-0.10772327,-0.5110447,0.27334473,10457,0,-0.569494,-0.9353874,-10.623047,14979,0,0,0,1
9135292990,-0.22510578,-0.22653916,0.10246009,9100,0,-0.10634284,-0.37150672,-9.798828,10188,0,0,0,1
9135303634,-0.2106086,-0.21476011,0.07226612,10644,0,-0.25993758,-0.12848616,-9.658445,13915,0,0,0,1
9135314386,-0.12221739,-0.14294635,0.010745608,10752,0,-0.2693089,0.16987197,-9.531252,6568,0,0,0,1
9135322645,9.3108365e-06,-0.019342752,-0.07128695,8259,0,-0.13396418,0.14225058,-9.587891,8723,0,0,0,1
9135333263,0.09806206,0.09114568,-0.13378777,10618,0,0.029001823,-0.15606008,-9.705079,7502,0,0,0,1
9135343696,0.14639822,0.14915158,-0.15624885,10433,0,-0.05063457,-0.43971765,-9.786895,15978,0,0,0,1
9135354123,0.16780569,0.17055601,-0.13281256,10427,0,-0.21544719,-0.6711984,-9.814453,6891,0,0,0,1
9135363602,0.1622831,0.16503017,-0.07714843,9479,0,-0.2955492,-0.75130045,-9.910158,8643,0,0,0,1
9135373234,0.102893315,0.10564804,-0.020507682,9632,0,-0.29554915,-0.75130045,-10.046875,7420,0,0,0,1
9135384241,0.020029936,0.018640053,0.04882797,11007,0,-0.31304756,-0.7230876,-9.995119,15178,0,0,0,1
9135393911,-0.020712534,-0.023481688,0.14160146,9670,0,-0.43227485,-0.6698173,-9.814453,9450,0,0,0,1
9135403429,-0.003456121,-0.008973388,0.23730476,9518,0,-0.40603453,-0.6159557,-9.761719,6781,0,0,0,1
9135413955,0.033138547,0.026247343,0.3037111,10526,0,-0.48577413,-0.5351363,-9.796439,15858,0,0,0,1
9135424425,0.041429035,0.038671724,0.31640646,10470,0,-0.4861365,-0.480611,-9.95117,6929,0,0,0,1
9135434218,-0.0055150627,-1.13929955e-05,0.27246118,9793,0,-0.36322147,-0.35769597,-10.03125,9027,0,0,0,1
9135443878,-0.091822736,-0.08219298,0.22168006,9660,0,-0.29554915,-0.23754302,-10.0703125,7406,0,0,0,1
9135454142,-0.15604609,-0.1533121,0.1933604,10264,0,-0.28098157,-0.12981978,-9.898557,15034,0,0,0,1
9135464159,-0.14362554,-0.14639793,0.14257886,10017,0,-0.2541171,-0.08838774,-9.6640625,9598,0,0,0,1
9135473275,-0.066981204,-0.07112523,0.06445347,9116,0,-0.118772425,0.10219962,-9.607422,6831,0,0,0,1
9135483712,0.010359141,0.004832954,-0.02539031,10437,0,-0.011049146,0.18289074,-9.69741,14964,0,0,0,1
9135493736,0.08079361,0.0738864,-0.11621061,10024,0,0.05662319,0.1974933,-9.589844,7866,0,0,0,1
9135502910,0.19128229,0.18713117,-0.22265543,9174,0,0.19196787,0.46818265,-9.509766,8387,0,0,0,1
9135514388,0.3376801,0.3376632,-0.3388661,11478,0,0.1505358,0.3190273,-9.527346,7762,0,0,0,1
9135523943,0.46544158,0.46401668,-0.39843795,9555,0,-0.019948244,-0.5457962,-9.648113,15028,0,0,0,1
9135534495,0.55800366,0.54684746,-0.3281285,10552,0,-0.03867051,-1.2788682,-9.724609,7812,0,0,0,1
9135544223,0.4675608,0.4909085,-0.15037455,9728,0,-0.7153938,-2.3367662,-10.640625,8108,0,0,0,1
9135553484,0.17748758,0.23407716,-0.020489728,9261,0,-1.0675662,-2.0122151,-10.697266,8215,0,0,0,1
9135564013,0.010362052,0.043500938,0.018558778,10529,0,-0.26366487,-0.7065644,-9.844099,14890,0,0,0,1
9135573984,0.016573247,0.046956297,0.031249795,9971,0,-0.18782583,-0.560713,-9.832033,9084,0,0,0,1
9135584134,0.02624004,0.056624036,0.03124976,10150,0,0.029001836,-0.6145747,-9.851564,7466,0,0,0,1
9135593711,0.0062157437,0.015881814,0.028320365,9577,0,0.056623198,-0.64219594,-9.833984,8457,0,0,0,1
9135603656,-0.019333687,-0.038670484,0.030273484,9945,0,0.08732734,-0.66207963,-9.854683,13963,0,0,0,1
9135614421,-0.025549432,-0.06283862,0.03906269,10765,0,-0.18782583,-0.53585374,-9.833984,9288,0,0,0,1
9135624006,0.0027594592,0.004144329,0.044921935,9585,0,-0.37841326,-0.4806111,-9.794924,7393,0,0,0,1
9135634017,0.0013808891,0.01104845,0.06445314,10011,0,0.17489752,-0.82839966,-9.864972,14953,0,0,0,1
9135643440,-0.009665803,-0.016573435,0.083984435,9423,0,-0.32317054,-0.42813048,-9.832031,8728,0,0,0,1
9135653825,0.004831767,0.015883138,0.07128901,10385,0,-0.16020444,-0.56347513,-9.833982,6972,0,0,0,1
9135664346,-0.004832908,-0.0020721157,0.050781306,10521,0,-0.037316013,-0.6442542,-9.845252,16049,0,0,0,1
9135674472,-0.018643046,-0.03245575,0.04199229,10126,0,-0.08010252,-0.6159557,-9.832029,7098,0,0,0,1
9135684413,-0.031073455,-0.055933528,0.051757835,9941,0,-0.040051565,-0.683628,-9.853518,8638,0,0,0,1
9135693813,-0.119464464,-0.16503766,0.1982409,9400,0,-0.37841323,-0.91426635,-10.162108,7386,0,0,0,1
9135703870,-0.30732033,-0.33351436,0.65428823,10057,0,0.041084256,-2.5190787,-10.195975,15132,0,0,0,1
9135714747,-0.39442214,-0.3900536,1.2206936,10877,0,-0.18644476,-1.6724727,-9.740234,9511,0,0,0,1
9135724239,-0.33848783,-0.3423687,1.4287134,9492,0,-0.56623834,-0.18230037,-9.722656,6807,0,0,0,1
9135734692,-0.24585989,-0.25959924,1.193362,10453,0,-0.30412245,0.88922304,-9.621948,15799,0,0,0,1
9135744727,-0.14845566,-0.16089906,0.69921964,10035,0,0.13672513,1.0095613,-9.60547,7113,0,0,0,1
9135753809,-0.051786043,-0.060078006,0.23144576,9082,0,0.015191153,0.1284399,-9.625,8439,0,0,0,1
9135764232,0.007593647,0.0020745373,0.04101589,10423,0,-0.24306853,-0.40050903,-9.833984,8536,0,0,0,1
9135774276,0.006214582,0.007595925,0.025390664,10044,0,-0.2640122,-0.46057788,-9.854461,14380,0,0,0,1
9135784702,0.0027622294,0.0041431133,0.028320314,10426,0,-0.24306852,-0.4529897,-9.855469,9310,0,0,0,1
9135794611,0.0020716814,0.00069052004,0.026367184,9909,0,-0.2568792,-0.46680042,-9.8359375,6788,0,0,0,1
9135804079,0.0013810538,0.0013810532,0.02539063,9468,0,-0.2706899,-0.45298976,-9.8359375,8403,0,0,0,1
9135814078,0.0006905227,0.0020715853,0.02636719,9999,0,-0.23568171,-0.46037647,-9.855469,14615,0,0,0,1
9135824388,0.0013810811,0.0013810827,0.02441406,10310,0,-0.22925788,-0.46680036,-9.8359375,8959,0,0,0,1
9135834200,0.0034526521,0.0020716488,0.020507814,9812,0,-0.22925787,-0.46680036,-9.816404,7815,0,0,0,1
9135845015,0.002762122,0.0027621286,0.018554691,10815,0,-0.2568792,-0.4668004,-9.824873,14468,0,0,0,1
9135854414,0.00069056964,0.0006904981,0.018554688,9399,0,-0.22925785,-0.46680036,-9.855469,8902,0,0,0,1
9135863957,0.002762126,0.0013810971,0.017578125,9543,0,-0.22925784,-0.46680036,-9.835936,7344,0,0,0,1
9135874263,0.0034526403,0.00345268,0.016601566,10306,0,-0.2292579,-0.46680042,-9.8359375,7202,0,0,0,1
9135884448,0.001381059,0.004143173,0.016601568,10185,0,-0.22237897,-0.47367924,-9.845741,15682,0,0,0,1
9135894532,3.6417287e-08,0.0013810487,0.015625002,10084,0,-0.22925787,-0.49442172,-9.8359375,8040,0,0,0,1
9135904529,-0.00069048646,-0.002071612,0.016601562,9997,0,-0.24306855,-0.480611,-9.8359375,8688,0,0,0,1
9135913959,0.0020715836,-0.00069049676,0.016601568,9430,0,-0.22925787,-0.46680045,-9.816406,8433,0,0,0,1
9135924447,0.009667383,0.0069054603,0.002929704,10488,0,-0.21433839,-0.3205897,-9.784242,13963,0,0,0,1
9135934101,0.027621144,0.022097375,-0.025390605,9654,0,-0.22925785,-0.35907698,-9.8359375,8164,0,0,0,1
9135944758,0.020715801,0.016573088,-0.03125,10657,0,-0.24306858,-0.64357704,-9.968752,8441,0,0,0,1
9135954799,0.00069018296,-0.00069013867,-0.022460964,10041,0,-0.23028229,-0.43815458,-9.863606,14614,0,0,0,1
9135964903,-0.0020716542,-0.0034526158,-0.023437502,10104,0,-0.25687915,-0.49442172,-9.853514,8957,0,0,0,1
9135974095,-0.008977067,-0.007595711,-0.008789075,9192,0,-0.2693089,-0.5897155,-9.853516,7809,0,0,0,1
9135984591,-0.016572988,-0.008286156,0.020507773,10496,0,-0.29760817,-0.53565335,-9.833027,14616,0,0,0,1
9135994569,-0.022097286,-0.011048136,0.055664062,9978,0,-0.35217297,-0.56209415,-9.873047,7702,0,0,0,1
9136006121,-0.04626509,-0.042122174,0.13867223,11552,0,-0.48751763,-0.6698173,-9.970703,9445,0,0,0,1
9136014485,-0.09667393,-0.09805528,0.30273488,8364,0,-0.5137578,-0.8590236,-9.970701,7500,0,0,0,1
9136024964,-0.11325589,-0.12152443,0.49707085,10479,0,-0.3578953,-1.2262226,-9.775848,15430,0,0,0,1
9136035105,-0.07322892,-0.091115266,0.6777356,10141,0,-0.40603453,-1.1573343,-9.7578125,8597,0,0,0,1
9136044248,-0.04490868,-0.06833787,0.82031316,9143,0,-0.47232583,-0.76511097,-9.871094,6843,0,0,0,1
9136054772,-0.07386784,-0.1015257,0.84863245,10524,0,-0.34941083,-0.26378334,-9.970705,7443,0,0,0,1
9136064983,-0.12148582,-0.1450591,0.67187357,10211,0,0.16757166,0.45675066,-9.892057,15059,0,0,0,1
9136073751,-0.120114975,-0.13399987,0.31347558,8768,0,0.43641686,0.62976754,-9.701172,8610,0,0,0,1
9136085117,-0.059368387,-0.07321089,-0.0078118867,11366,0,0.11048486,0.08838896,-9.666018,7938,0,0,0,1
9136094606,-0.024150297,-0.028326806,-0.26855475,9489,0,0.14109495,0.6567468,-9.890612,15958,0,0,0,1
9136105407,-0.06835957,-0.050406404,-0.62695366,10801,0,0.04281249,0.8604059,-9.949219,7633,0,0,0,1
9136114921,-0.108414404,-0.07526387,-0.924805,9514,0,-0.22787681,0.23616323,-9.7578125,8050,0,0,0,1
9136124538,-0.058657803,-0.02420534,-0.92773587,9617,0,-0.4170831,-0.5220431,-9.626953,7387,0,0,0,1
9136134536,0.03665691,0.061398894,-0.6689475,9998,0,-0.59622633,-1.427979,-9.675308,14969,0,0,0,1
9136144109,0.11330288,0.1283859,-0.3173847,9573,0,-0.8797409,-1.6310406,-9.740234,8890,0,0,0,1
9136155084,0.14504541,0.15050392,-0.046876255,10975,0,-0.7706364,-1.1159023,-9.873047,7854,0,0,0,1
9136164489,0.15677708,0.15120155,0.14062348,9405,0,-0.36460254,-0.90045583,-9.8515625,8220,0,0,0,1
9136174508,0.21823394,0.20299171,0.40136626,10019,0,-0.20356849,-1.2808002,-9.661515,14098,0,0,0,1
9136186006,0.28935668,0.26859328,0.6660155,11498,0,-0.25411707,-0.8728343,-9.800781,9105,0,0,0,1
9136194905,0.2962617,0.27687836,0.7744145,8899,0,-0.22787683,-0.54828334,-9.912109,8255,0,0,0,1
9136205035,0.24929798,0.2368345,0.736329,10130,0,-0.22925788,-0.08838772,-10.029297,14051,0,0,0,1
9136215206,0.14986084,0.14430454,0.5234379,10171,0,-0.17539623,0.39912924,-10.181641,8874,0,0,0,1
9136224459,0.017279863,0.014485045,0.18749975,9253,0,-0.052481197,0.25135496,-10.121094,7639,0,0,0,1
9136234728,-0.07111441,-0.07665896,-0.043945536,10269,0,-0.024859836,-0.20992169,-9.951172,7579,0,0,0,1
9136244911,-0.16226222,-0.16090624,-0.2949227,10183,0,-0.2981061,0.5257455,-10.106567,14968,0,0,0,1
9136255772,-0.28723243,-0.26933438,-0.7119162,10861,0,-0.3646025,0.6159569,-10.025391,8962,0,0,0,1
9136265194,-0.3286534,-0.30249333,-0.9667982,9422,0,-0.31074086,-0.14224938,-9.7578125,7367,0,0,0,1
9136275475,-0.26513413,-0.23757195,-0.8896501,10281,0,-0.24794362,-0.9558037,-9.645871,14680,0,0,0,1
9136285394,-0.15328056,-0.13259853,-0.58496195,9919,0,-0.16158557,-1.5647496,-9.566407,9166,0,0,0,1
9136294614,-0.036588404,-0.02555779,-0.20312579,9220,0,-0.2831195,-1.5509386,-9.644529,7827,0,0,0,1
9136305279,0.020029528,0.029690687,0.030272996,10665,0,-0.41708308,-0.92807704,-9.816406,7400,0,0,0,1
9136315474,0.035909586,0.04004998,0.109374754,10195,0,-0.3360806,-0.6160028,-9.802506,14876,0,0,0,1
9136324677,0.06145906,0.058694832,0.20507781,9203,0,-0.2416875,-0.88526386,-9.792969,9063,0,0,0,1
9136335377,0.08700952,0.081480935,0.3339843,10700,0,-0.22925785,-0.8175916,-9.814453,7385,0,0,0,1
9136344695,0.10288944,0.094603844,0.38574207,9318,0,-0.26772156,-0.29310897,-9.8134165,14829,0,0,0,1
9136355513,0.116001606,0.10497054,0.3173827,10818,0,-0.18644474,-0.10081732,-9.832029,9453,0,0,0,1
9136364659,0.109095335,0.099446654,0.20507821,9146,0,-0.17401516,-0.16848966,-9.912109,6823,0,0,0,1
9136375147,0.06007467,0.055935003,0.09179697,10488,0,-0.18782583,-0.20992166,-9.990232,8438,0,0,0,1
9136385223,0.004833763,0.002071785,0.003906123,10076,0,-0.22147831,-0.3566321,-9.947783,14291,0,0,0,1
9136395219,-0.03314557,-0.035907745,-0.031250082,9996,0,-0.20163651,-0.43917894,-9.951171,9476,0,0,0,1
9136405506,-0.08148235,-0.08148344,-0.092773624,10287,0,-0.32317042,-0.07457703,-10.009766,6766,0,0,0,1
9136415106,-0.15536514,-0.14570686,-0.23730536,9600,0,-0.3662686,0.05951805,-9.958876,15624,0,0,0,1
9136425348,-0.20440127,-0.19196506,-0.2851562,10242,0,-0.22925791,-0.5220431,-9.78125,7356,0,0,0,1
9136434952,-0.17472243,-0.16916366,-0.14550692,9604,0,-0.28311953,-1.0095599,-9.646482,8462,0,0,0,1
9136444981,-0.090473995,-0.087683335,0.028320327,10029,0,-0.44470453,-1.1711452,-9.626955,7687,0,0,0,1
9136455023,-0.033844728,-0.031065239,0.12695299,10042,0,-0.41016835,-0.63245946,-9.799925,15062,0,0,0,1
9136465528,-0.017956536,-0.017950824,0.1757813,10505,0,-0.36322147,-0.65600675,-9.796875,9104,0,0,0,1
9136475441,0.006901152,0.0013861059,0.25390634,9913,0,-0.3356001,-0.8189727,-9.759764,7507,0,0,0,1
9136485940,0.0393549,0.028318217,0.33496106,10499,0,-0.2638871,-0.60049736,-9.784845,15831,0,0,0,1
9136495922,0.06835557,0.054560155,0.34960958,9982,0,-0.18782583,-0.317645,-9.794924,6653,0,0,0,1
9136505850,0.08837997,0.07458669,0.292969,9928,0,-0.16020449,-0.07457705,-9.855469,9141,0,0,0,1
9136515264,0.07595365,0.063535325,0.16699214,9414,0,-0.16020449,0.11601034,-9.914064,7387,0,0,0,1
9136525810,0.04833295,0.03867548,0.012695208,10546,0,-0.16052145,-0.10951227,-9.880564,14872,0,0,0,1
9136535734,0.04488107,0.037983898,-0.09472648,9924,0,-0.1988744,-0.3314557,-9.835938,9013,0,0,0,1
9136545607,0.048335873,0.04281506,-0.15429682,9873,0,-0.17263412,-0.22235133,-9.892578,7241,0,0,0,1
9136554896,0.01311282,0.014509893,-0.2597655,9289,0,-0.18644477,0.1974933,-9.96875,8262,0,0,0,1
9136565328,-0.033846155,-0.026919879,-0.40527332,10432,0,-0.34729338,-0.07988976,-9.889797,14634,0,0,0,1
9136575827,-0.04972292,-0.041427247,-0.4335937,10499,0,-0.37841314,-0.75130033,-9.853516,8544,0,0,0,1
9136585459,-0.037288256,-0.026238786,-0.2910158,9632,0,-0.40465343,-1.1034727,-9.796875,7423,0,0,0,1
9136595525,-0.008283758,0.0041427477,-0.08007842,10066,0,-0.5005678,-1.0651375,-9.767679,15130,0,0,0,1
9136606075,0.008978603,0.021406386,0.063476376,10550,0,-0.35079184,-0.67119837,-9.833984,9595,0,0,0,1
9136614750,0.017955495,0.027621029,0.16699204,8675,0,-0.36460254,-0.84797525,-9.794922,6810,0,0,0,1
9136625376,0.033838194,0.03521723,0.31347635,10626,0,-0.41846412,-0.95431733,-9.79492,8396,0,0,0,1
9136635561,0.047649506,0.04074129,0.44726527,10185,0,-0.3235915,-0.8192134,-9.845662,14365,0,0,0,1
9136644844,0.050412435,0.036597144,0.50097626,9283,0,-0.106342815,-0.56209403,-9.875,8345,0,0,0,1
9136655669,0.037294272,0.02071193,0.47460914,10825,0,-0.22925788,-0.25135374,-9.875,8591,0,0,0,1
9136666154,0.022098206,0.013807503,0.37500003,10485,0,-0.30212918,0.1465055,-9.862941,14318,0,0,0,1
9136676363,0.013809915,0.009668161,0.19824222,10209,0,0.07043385,0.18368265,-9.871094,8845,0,0,0,1
9136685883,0.011047982,0.004144871,0.016601518,9520,0,-0.0911511,-0.060766406,-9.832033,8046,0,0,0,1
9136695438,0.018643983,0.0103590395,-0.08886716,9555,0,-0.20025545,-0.30521542,-9.8125,7510,0,0,0,1
9136705947,-0.0013831469,-0.005521146,-0.20312507,10509,0,-0.1965594,0.18935561,-9.977567,14683,0,0,0,1
9136715802,-0.0759693,-0.07042143,-0.41601598,9855,0,-0.3494108,0.16987197,-10.029299,8266,0,0,0,1
9136726042,-0.1408792,-0.1256643,-0.56543,10240,0,-0.3770321,-0.39912796,-9.890625,8675,0,0,0,1
9136735311,-0.13880181,-0.120836794,-0.5019535,9269,0,-0.35079187,-0.83416444,-9.798828,8246,0,0,0,1
9136745665,-0.082865044,-0.07181427,-0.288086,10354,0,-0.33064735,-1.1407424,-9.714035,14077,0,0,0,1
9136755356,-0.02071556,-0.01519148,-0.06835957,9691,0,-0.39084283,-0.92669594,-9.7421875,8243,0,0,0,1
9136766076,0.008977258,0.015882552,0.045898277,10720,0,-0.38946176,-0.602145,-9.79492,8416,0,0,0,1
9136776171,0.015192216,0.023477966,0.100585915,10095,0,-0.35663223,-0.62662154,-9.833984,14525,0,0,0,1
9136786099,0.02417022,0.0269304,0.19238268,9928,0,-0.3646025,-0.845213,-9.8125,8274,0,0,0,1
9136795477,0.04005261,0.033145797,0.3095701,9378,0,-0.37841314,-0.77892154,-9.832029,7707,0,0,0,1
9136806033,0.05455237,0.04074258,0.3867187,10556,0,-0.30935982,-0.62976635,-9.832031,8389,0,0,0,1
9136816005,0.05386164,0.041431498,0.39257815,9972,0,-0.28173843,-0.34414655,-9.853516,14763,0,0,0,1
9136825862,0.04695669,0.03590737,0.35058594,9857,0,-0.2554981,-0.24997267,-9.832031,8242,0,0,0,1
9136836362,0.03659816,0.026931405,0.25781247,10500,0,-0.1753962,-0.0069047203,-9.890625,8447,0,0,0,1
9136846160,0.0069070687,0.0027604979,0.099609286,9798,0,-0.06653303,0.081961185,-9.911768,14575,0,0,0,1
9136856350,-0.013808988,-0.022097949,-0.045898534,10190,0,-0.1477749,-0.11462805,-9.853517,9018,0,0,0,1
9136865782,-0.053859264,-0.060767844,-0.25390655,9432,0,-0.24168749,0.7112504,-10.042969,7035,0,0,0,1
9136876555,-0.15743765,-0.14362869,-0.68652487,10773,0,-0.33573243,1.0171711,-10.048755,15959,0,0,0,1
9136885766,-0.24167413,-0.20578316,-1.08301,9211,0,-0.47232574,-0.14363047,-9.853516,7032,0,0,0,1
9136895458,-0.2568707,-0.20992303,-1.1552751,9692,0,-0.4999472,-0.79273236,-9.814453,8529,0,0,0,1
9136905957,-0.2140646,-0.17124934,-0.94824296,10499,0,-0.40465352,-1.2664387,-9.70117,8486,0,0,0,1
9136916086,-0.12222314,-0.09460159,-0.5332038,10129,0,-0.23991194,-1.7868956,-9.670868,14204,0,0,0,1
9136926522,-0.046962354,-0.028990354,-0.087891385,10436,0,-0.53999823,-1.2388173,-9.816406,9471,0,0,0,1
9136936427,-0.02555591,-0.015872326,0.19628908,9905,0,-0.56761956,-0.7775407,-9.873048,6770,0,0,0,1
9136946095,-0.023478562,-0.03175941,0.42578164,9668,0,-0.48613653,-1.129713,-9.855469,8367,0,0,0,1
9136956519,0.004823879,-0.024153627,0.7109381,10424,0,-0.4038212,-1.3162223,-9.761434,14653,0,0,0,1
9136966209,0.049003396,0.009003357,0.9062511,9690,0,-0.6201001,-0.56209403,-9.78125,9386,0,0,0,1
9136976652,0.06489843,0.024871912,0.8779302,10443,0,-0.539998,0.006905946,-9.853514,6824,0,0,0,1
9136986102,0.064903945,0.029010544,0.7333986,9450,0,-0.29981074,0.06361819,-9.855595,15817,0,0,0,1
9136996104,0.05317087,0.024168763,0.5986328,10002,0,-0.30935988,0.15744236,-9.912111,6895,0,0,0,1
9137005814,0.02969809,0.0075910995,0.44140598,9710,0,-0.13396418,0.33283788,-9.875,8644,0,0,0,1
9137016446,0.011742125,-0.004834673,0.21289042,10632,0,0.042812504,0.58971643,-9.873045,8416,0,0,0,1
9137026568,0.0069069806,-0.008284912,-0.018554747,10122,0,-0.04361952,0.19608732,-9.820906,14304,0,0,0,1
9137036436,0.0034541762,-0.0048324456,-0.22851558,9868,0,-0.2154472,0.7374907,-9.933594,8649,0,0,0,1
9137046159,-0.062154073,-0.044180803,-0.58496135,9723,0,-0.33698112,1.2926801,-10.03125,7791,0,0,0,1
9137056591,-0.12292062,-0.08008926,-0.9062503,10432,0,-0.3572409,0.01977529,-9.805566,15753,0,0,0,1
9137066771,-0.09734788,-0.054568194,-0.868165,10180,0,-0.5275686,-1.2263877,-9.744141,6995,0,0,0,1
9137076515,-0.03381549,-0.0076178634,-0.56836027,9744,0,-0.5399982,-1.537128,-9.746094,8621,0,0,0,1
9137085988,0.020041842,0.03243964,-0.22656326,9473,0,-0.48475552,-1.4818852,-9.78125,7416,0,0,0,1
9137096064,0.031081818,0.04211686,0.009765496,10076,0,-0.5811717,-0.87578535,-9.833085,15143,0,0,0,1
9137106677,0.032460336,0.040737662,0.15722649,10613,0,-0.6201002,-0.75268143,-9.833984,9472,0,0,0,1
9137116209,0.03867717,0.03314154,0.3291011,9532,0,-0.72920454,-0.8341644,-9.873049,6566,0,0,0,1
9137126880,0.035915498,0.019329429,0.48437467,10671,0,-0.6339108,-0.683628,-9.853516,8687,0,0,0,1
9137137078,0.036600113,0.01726196,0.53613263,10198,0,-0.42759815,-0.39546433,-9.813513,14315,0,0,0,1
9137146739,0.05730624,0.03384676,0.49804714,9661,0,-0.3093598,-0.16848963,-9.7578125,8831,0,0,0,1
9137156460,0.093894705,0.071834765,0.39843822,9721,0,-0.21406613,0.006905955,-9.759766,7395,0,0,0,1
9137166454,0.11253881,0.09738438,0.22656336,9994,0,0.058776755,0.33499154,-9.854138,15146,0,0,0,1
9137176859,0.10563569,0.08909791,0.00976541,10405,0,0.11048482,0.1436317,-9.892578,9476,0,0,0,1
9137186765,0.093894936,0.08150394,-0.21972634,9906,0,0.027620759,0.27897632,-9.890627,6785,0,0,0,1
9137196360,0.030348064,0.04285737,-0.6416003,9595,0,-0.26930887,1.4432166,-10.029297,8294,0,0,0,1
9137206702,-0.09674411,-0.052400835,-1.2373027,10342,0,-0.7139886,1.392046,-10.0839615,14549,0,0,0,1
9137215726,-0.2051594,-0.13595332,-1.6435525,9024,0,-0.7692554,0.1284399,-9.929689,8363,0,0,0,1
9137226799,-0.24862002,-0.16430421,-1.7148436,11073,0,-0.6477214,-0.5096135,-9.8125,7777,0,0,0,1
9137237153,-0.21473223,-0.13051957,-1.519534,10354,0,-0.18813892,-1.1195406,-9.693333,15085,0,0,0,1
9137246330,-0.13185519,-0.06424591,-1.0751983,9177,0,0.110484764,-2.0246449,-9.687498,8012,0,0,0,1
9137255973,-0.04141763,-0.008295946,-0.4326183,9643,0,-0.02347881,-2.6475058,-9.759764,8152,0,0,0,1
9137266435,-0.026246753,-0.016560154,0.106445685,10462,0,-0.53861713,-1.9169214,-9.96875,8382,0,0,0,1
9137277251,-0.0538624,-0.059380982,0.43554747,10816,0,-0.49163416,-1.2358719,-9.854092,15225,0,0,0,1
9137286753,-0.011069589,-0.042783123,0.70800936,9502,0,-0.29554912,-1.5357468,-9.724609,8192,0,0,0,1
9137296488,0.06003898,0.011780691,0.91308796,9735,0,-0.32317048,-1.2125771,-9.7578125,7652,0,0,0,1
9137306973,0.13184701,0.07393512,1.018557,10485,0,-0.21544722,-0.9142664,-9.740234,8429,0,0,0,1
9137316967,0.19881582,0.14092566,1.0429722,9994,0,-0.26003516,-0.3858323,-9.770961,14333,0,0,0,1
9137326621,0.20298399,0.1602304,0.90429974,9654,0,-0.7292045,0.60214627,-9.931641,8630,0,0,0,1
9137336640,0.18434039,0.15816142,0.64258015,10019,0,-0.26930887,0.49304178,-9.833984,7405,0,0,0,1
9137346810,0.1594815,0.14711441,0.3564469,10170,0,0.03858509,0.87103814,-9.964092,15094,0,0,0,1
9137357016,0.08906151,0.0849536,0.06640663,10206,0,0.082863465,0.62976754,-9.970703,9315,0,0,0,1
9137365996,0.053848956,0.049731858,-0.1367189,8980,0,-0.07872148,0.034527294,-9.759766,7317,0,0,0,1
9137376635,0.07112194,0.07251014,-0.2812497,10639,0,-0.1463938,0.04695691,-9.78125,7607,0,0,0,1
9137386870,0.03657902,0.050431106,-0.4951164,10235,0,-0.24282032,0.8057296,-9.991036,15020,0,0,0,1
9137397595,-0.032488447,-0.008941766,-0.6865223,10725,0,-0.25687924,-0.03314501,-9.912109,9015,0,0,0,1
9137407102,-0.07529291,-0.049001258,-0.6748038,9507,0,-0.2706899,-0.58833444,-9.912111,7371,0,0,0,1
9137417275,-0.0939311,-0.071795925,-0.51367134,10173,0,-0.324847,-0.81985503,-9.869514,14823,0,0,0,1
9137427360,-0.084255554,-0.070424266,-0.3330073,10085,0,-0.4046535,-0.968128,-9.738281,8761,0,0,0,1
9137436143,-0.04488698,-0.040739857,-0.15429664,8783,0,-0.49994713,-1.3865917,-9.722656,7780,0,0,0,1
9137447057,-0.0069060097,-0.004142199,0.0068358677,10914,0,-0.56761956,-1.1835747,-9.779298,8185,0,0,0,1
9137457119,0.011738535,0.014502045,0.12207026,10062,0,-0.40938464,-0.7213171,-9.806291,14422,0,0,0,1
9137466535,0.022098342,0.01795364,0.2529296,9416,0,-0.35217288,-0.9957493,-9.855467,9062,0,0,0,1
9137477480,0.018648956,0.0048306743,0.38867173,10945,0,-0.39084285,-0.8465941,-9.933594,7435,0,0,0,1
9137486472,0.0006981643,-0.015889669,0.44726527,8992,0,-0.32044896,-0.38758078,-9.893059,14878,0,0,0,1
9137497419,-0.016566586,-0.03315142,0.41210917,10947,0,-0.25549817,-0.006904724,-9.853515,8706,0,0,0,1
9137506709,-0.033136666,-0.049726054,0.3222654,9290,0,-0.22925788,0.129821,-9.873045,7850,0,0,0,1
9137517324,-0.061448034,-0.071134835,0.2148432,10615,0,-0.167179,0.09564009,-9.912109,14877,0,0,0,1
9137526939,-0.09459174,-0.10013882,0.12109324,9615,0,-0.21544722,-0.10219841,-9.894531,7655,0,0,0,1
9137537015,-0.12705156,-0.132589,0.0771483,10076,0,-0.2969302,-0.23616199,-9.9140625,9681,0,0,0,1
9137547814,-0.16227049,-0.1691856,0.053710923,10799,0,-0.33698112,-0.060766373,-9.931641,7001,0,0,0,1
9137556982,-0.21887447,-0.21754244,-0.093751565,9168,0,-0.37043276,0.8837821,-9.861617,15260,0,0,0,1
9137567417,-0.21471722,-0.20098354,-0.32031456,10435,0,-0.06629184,-0.08838776,-9.509766,6877,0,0,0,1
9137576872,-0.08764687,-0.07255766,-0.40722832,9455,0,-0.29693016,-0.6698173,-9.490234,8816,0,0,0,1
9137587526,0.06702276,0.07660795,-0.2871108,10654,0,-0.49994713,-1.3064897,-9.568359,7415,0,0,0,1
9137597743,0.13951759,0.14636429,-0.11132891,10217,0,-0.5850538,-0.92620677,-9.856401,15198,0,0,0,1
9137607132,0.12776054,0.13326176,-0.006836033,9389,0,-0.4184642,-0.54828334,-9.912109,8716,0,0,0,1
9137617657,0.10151841,0.10149898,0.089843325,10525,0,-0.40465358,-0.69743884,-9.894533,7477,0,0,0,1
9137627325,0.08494671,0.08078176,0.1953121,9668,0,-0.39159098,-0.6087631,-9.87199,15805,0,0,0,1
9137637549,0.07803545,0.069739275,0.24707,10224,0,-0.33698112,-0.33145562,-9.912109,6909,0,0,0,1
9137647598,0.06974506,0.060075745,0.2314452,10049,0,-0.29554912,-0.23754305,-9.874998,9031,0,0,0,1
9137657012,0.069050625,0.060769923,0.17871103,9414,0,-0.29554912,-0.10219841,-9.796875,7412,0,0,0,1
9137667030,0.08631009,0.07941843,0.093750186,10018,0,-0.24137436,0.006189675,-9.78646,15053,0,0,0,1
9137677638,0.10909512,0.104970835,-0.015624669,10608,0,-0.18644479,-0.048336767,-9.8125,9501,0,0,0,1
9137687304,0.11392899,0.11532871,-0.115233816,9666,0,-0.21406613,-0.1284387,-9.8515625,6718,0,0,0,1
9137697599,0.06628322,0.07182391,-0.1582027,10295,0,-0.2151431,-0.35888195,-10.107575,16849,0,0,0,1
9137707374,-0.060092583,-0.051773485,-0.14746018,9775,0,-0.41846427,0.3190273,-10.333986,6066,0,0,0,1
9137718364,-0.2824505,-0.2603081,-0.21874918,10990,0,-0.44608554,1.7277166,-10.353516,9066,0,0,0,1
9137727772,-0.51377624,-0.4723044,-0.31738314,9408,0,0.015191147,1.6199933,-10.238283,7495,0,0,0,1
9137737006,-0.62154555,-0.597939,-0.22655176,9234,0,0.48113993,-0.8057599,-9.893787,14716,0,0,0,1
9137747746,-0.60567695,-0.5903262,-0.052730702,10740,0,-0.6201001,-2.6198852,-9.7578125,8890,0,0,0,1
9137756961,-0.48410764,-0.40391463,0.045861613,9215,0,-1.9072554,-1.6586621,-9.566406,7812,0,0,0,1
9137767748,-0.33561647,-0.042802785,0.059482135,10787,0,-1.71943,-0.71124923,-9.85742,7523,0,0,0,1
9137777964,-0.27070674,0.33834207,-0.016714014,10216,0,-0.7890637,-0.2034031,-10.002376,14899,0,0,0,1
9137786592,-0.2258271,0.51857036,-0.10357003,8628,0,-0.24306853,0.08838895,-9.511719,8706,0,0,0,1
9137797141,-0.08218255,0.45643035,-0.11527781,10549,0,0.055242155,0.22373357,-9.072266,7801,0,0,0,1
9137807644,0.18575566,0.21749577,-0.04989493,10503,0,0.2734509,0.22373354,-8.724609,8424,0,0,0,1
9137817830,0.52135795,-0.14021048,0.057495095,10186,0,0.35359704,0.38460878,-8.511719,14019,0,0,0,1
9137827280,0.7616588,-0.35012785,0.14544342,9450,0,-1.0813769,0.087007925,-10.562499,8946,0,0,0,1
9137837726,0.6456487,0.051875737,-0.019322215,10446,0,-0.68141764,-0.75880194,-10.773234,14775,0,0,0,1
9137848126,0.36598194,0.38264397,-0.16777024,10400,0,-0.57866824,0.18368271,-10.357422,7599,0,0,0,1
9137857733,0.14570725,0.16503498,-0.058589708,9607,0,-0.4170832,-0.19611102,-10.375002,8647,0,0,0,1
9137867608,-0.03866803,-0.029003454,0.024415785,9875,0,-0.4308938,-0.23754305,-10.083984,7708,0,0,0,1
9137877416,-0.1236051,-0.11531923,0.076172605,9808,0,-0.4308938,-0.23754303,-9.970703,8966,0,0,0,1
9137887382,-0.16365859,-0.15951072,0.12695384,9966,0,-0.4301205,-0.25135374,-9.910844,13860,0,0,0,1
9137897064,-0.17125422,-0.16434547,0.14453089,9682,0,-0.41708314,-0.19611105,-9.779297,8232,0,0,0,1
9137907542,-0.136036,-0.13189098,0.12207049,10478,0,-0.40327242,-0.154679,-9.746092,8408,0,0,0,1
9137917722,-0.082863934,-0.081483044,0.0742189,10180,0,-0.3704479,-0.121854514,-9.713229,14570,0,0,0,1
9137927920,-0.029001687,-0.033146087,0.019531576,10198,0,-0.35079184,-0.102198415,-9.724609,8199,0,0,0,1
9137937014,0.01312086,0.00483326,-0.028320063,9094,0,-0.36322147,-0.11462801,-9.78125,8680,0,0,0,1
9137947773,0.037289258,0.030383298,-0.060546707,10759,0,-0.3894617,-0.16848966,-9.814453,7481,0,0,0,1
9137957653,0.04695674,0.04281288,-0.06933578,9880,0,-0.43737045,-0.23049484,-9.813457,14788,0,0,0,1
9137968374,0.050409947,0.049027033,-0.05175769,10721,0,-0.4999472,-0.25135374,-9.833984,8948,0,0,0,1
9137977618,0.043505136,0.043502152,-0.011718695,9244,0,-0.5137579,-0.29278582,-9.871096,7431,0,0,0,1
9137987841,0.02209861,0.023476643,0.039062545,10223,0,-0.49922648,-0.32029042,-9.910155,14793,0,0,0,1
9137998226,0.0020735841,-0.0006923098,0.09765621,10385,0,-0.49856618,-0.44056004,-9.873047,9769,0,0,0,1
9138007221,-0.0075946194,-0.015883228,0.16308591,8995,0,-0.4723258,-0.4668004,-9.853516,6863,0,0,0,1
9138017644,-0.009667221,-0.020716114,0.1923828,10423,0,-0.39084274,-0.27759397,-9.853516,7402,0,0,0,1
9138027960,-0.011047794,-0.022097565,0.16406249,10316,0,-0.30228922,-0.05303487,-9.842982,15087,0,0,0,1
9138037750,-0.02140472,-0.028313829,0.11425765,9790,0,-0.32317045,-0.01933433,-9.910154,8957,0,0,0,1
9138048218,-0.043500904,-0.04903056,0.08007796,10468,0,-0.36460257,-0.060766377,-9.892578,7516,0,0,0,1
9138058180,-0.05524092,-0.060768656,0.057617128,9962,0,-0.37111443,-0.10949716,-9.813339,14937,0,0,0,1
9138068242,-0.046264343,-0.050410293,0.019531228,10062,0,-0.35079193,-0.12981977,-9.833986,8554,0,0,0,1
9138077439,-0.054550484,-0.055934865,-0.018554827,9197,0,-0.33698127,-0.11600908,-9.990236,7795,0,0,0,1
9138087867,-0.15122566,-0.10841447,-0.0664082,10428,0,-0.52705616,0.8100807,-10.31698,14957,0,0,0,1
9138098317,-0.33973256,-0.11739477,-0.17970404,10450,0,-0.4447046,0.6159569,-10.509766,7960,0,0,0,1
9138107847,-0.52270216,0.03107696,-0.26666415,9530,0,-0.58004916,-0.33145565,-10.453125,8712,0,0,0,1
9138117846,-0.66079575,0.24516718,-0.2705932,9999,0,-0.09253225,-1.6586618,-10.451172,7751,0,0,0,1
9138128420,-0.78511834,0.3721995,-0.3184039,10574,0,-0.6775929,-2.0088332,-10.39959,15721,0,0,0,1
9138137646,-0.8638051,0.6759866,-0.41717646,9226,0,-1.5965152,-0.12981975,-10.431641,6700,0,0,0,1
9138148106,-0.85682285,1.2076898,-0.49547377,10460,0,-1.1752894,0.26378462,-10.066406,9055,0,0,0,1
9138157748,-0.7573987,1.5363775,-0.5189048,9642,0,-0.55242765,0.5082336,-9.531248,7385,0,0,0,1
9138168574,-0.57035434,1.5108285,-0.48849657,10826,0,0.16434652,0.6836292,-9.111328,14154,0,0,0,1
9138178206,-0.31696847,1.2325326,-0.40840515,9632,0,0.85312796,0.86965007,-8.530541,10670,0,0,0,1
9138188099,-0.03037502,0.79544026,-0.2550551,9893,0,1.004036,0.926697,-8.439453,6582,0,0,0,1
9138198522,0.24791737,0.2727072,-0.063645974,10423,0,1.064872,0.9868711,-8.524825,15764,0,0,0,1
9138207847,0.48683584,-0.22723247,0.09260914,9325,0,0.8686911,1.0344205,-8.783203,6722,0,0,0,1
9138218337,0.67052215,-0.63462114,0.18151885,10490,0,0.73334646,0.9543185,-9.011718,8966,0,0,0,1
9138227933,0.7858521,-0.9446586,0.22644469,9596,0,0.53032947,0.80654424,-9.277346,7346,0,0,0,1
9138238005,0.7968844,-1.1891277,0.2742687,10072,0,0.13167284,0.27209964,-9.870475,15027,0,0,0,1
9138248594,0.67945224,-1.3203703,0.33768556,10589,0,-0.44470453,-0.33145565,-10.546875,9594,0,0,0,1
9138258124,0.48954618,-1.1857046,0.33970314,9530,0,-0.78306615,-0.5344726,-10.775391,6772,0,0,0,1
9138268768,0.29139426,-0.8176092,0.2460502,10644,0,-0.8804627,-0.56209147,-10.806222,15617,0,0,0,1
9138277796,0.09045903,-0.44679075,0.13569228,9028,0,-0.7443962,-0.277594,-10.582031,6997,0,0,0,1
9138287594,-0.084243536,-0.21822149,0.061480265,9798,0,-0.56761956,0.034527328,-10.316404,8748,0,0,0,1
9138298163,-0.19058558,-0.16711624,0.037086915,10569,0,-0.37703213,0.19749331,-10.009765,7458,0,0,0,1
9138308594,-0.21890059,-0.28518555,0.072281286,10431,0,-0.18011498,0.5113968,-9.6350975,15318,0,0,0,1
9138318608,-0.17678222,-0.5247874,0.15532948,10014,0,-0.052481137,0.6297675,-9.261719,9492,0,0,0,1
9138327729,-0.05318184,-0.82791734,0.26963004,9121,0,-0.051100064,0.4129398,-9.052734,6819,0,0,0,1
9138338163,-0.024859913,-0.6684331,0.21876135,10434,0,-1.3382556,-1.0896618,-10.966797,7371,0,0,0,1
9138348823,-0.08355625,-0.20924614,0.07124503,10660,0,-1.0712676,-0.834421,-10.104471,15363,0,0,0,1
9138357394,-0.049031135,-0.04074229,0.031243911,8571,0,-0.8521195,-0.35769597,-9.796875,8657,0,0,0,1
9138368779,-6.2091624e-07,-0.0013802828,0.022460986,11385,0,-0.6629132,-0.0055236723,-9.779297,7760,0,0,0,1
9138378634,0.012429381,0.00966774,0.020507831,9855,0,-0.6828557,0.01441902,-9.845573,14787,0,0,0,1
9138388881,0.0089769615,0.008976871,0.021484392,10247,0,-0.6877724,0.04695691,-9.855469,8871,0,0,0,1
9138398408,0.0048338254,0.0034526077,0.019531237,9527,0,-0.68915343,0.020716626,-9.855471,7844,0,0,0,1
9138408105,0.0006906181,-0.0020716635,0.018554674,9697,0,-0.67672384,0.008287011,-9.855469,7606,0,0,0,1
9138418084,-0.0006904852,-0.004833757,0.014648434,9979,0,-0.64910257,0.03590837,-9.8359375,14811,0,0,0,1
9138428494,-0.0013810067,-0.0069053527,0.005859373,10410,0,-0.6629132,-0.0055236695,-9.833984,8882,0,0,0,1
9138438426,-0.0034526729,-0.0062148166,0.005859362,9932,0,-0.67672384,-0.019334354,-9.814453,7512,0,0,0,1
9138448706,-0.0048337886,-0.00483372,0.014648428,10280,0,-0.6905344,-0.0055236686,-9.835937,8407,0,0,0,1
9138459098,-0.0041432134,-0.0055242437,0.019531256,10392,0,-0.6767237,0.00828701,-9.863795,14323,0,0,0,1
9138469008,-0.006905276,-0.009667515,0.021484373,9910,0,-0.69053453,-0.0055236663,-9.890625,9057,0,0,0,1
9138478441,-0.018644245,-0.021406736,0.02636716,9433,0,-0.69053453,-0.0055236663,-9.890626,7420,0,0,0,1
9138488440,-0.051789667,-0.05869573,0.049804673,9999,0,-0.7170361,0.035790503,-9.963062,14763,0,0,0,1
9138498704,-0.11117551,-0.12913013,0.10058607,10264,0,-0.77063644,0.20992295,-9.970703,8893,0,0,0,1
9138508028,-0.1836775,-0.20440263,0.11816321,9324,0,-0.7568258,0.6297676,-9.9140625,7663,0,0,0,1
9138518673,-0.23131898,-0.24653044,0.080076575,10645,0,-0.66816,0.3431817,-9.822025,16224,0,0,0,1
9138528910,-0.22372895,-0.24030948,0.0595707,10237,0,-0.7153938,-0.088387765,-9.759766,6275,0,0,0,1
9138539004,-0.17333065,-0.19265248,0.08007938,10094,0,-0.7830661,-0.3190261,-9.707032,8643,0,0,0,1
9138548676,-0.09806321,-0.11600265,0.09375102,9672,0,-0.8231172,-0.38669848,-9.667971,7726,0,0,0,1
9138558520,-0.031077594,-0.04211921,0.07226605,9844,0,-0.78225267,-0.05463113,-9.733949,15095,0,0,0,1
9138568970,0.011046984,0.004144826,0.038086213,10450,0,-0.7430151,0.102199614,-9.79492,8675,0,0,0,1
9138578253,0.03452603,0.023478994,0.031250097,9283,0,-0.77063644,0.046956904,-9.814453,7863,0,0,0,1
9138588701,0.042813256,0.029002208,0.046874993,10448,0,-0.77063644,0.019335553,-9.835938,7414,0,0,0,1
9138598949,0.0428133,0.02900213,0.0546875,10248,0,-0.79886305,0.0619781,-9.833983,15037,0,0,0,1
9138608683,0.041431986,0.027621469,0.049804673,9734,0,-0.7982577,0.12982096,-9.853516,8822,0,0,0,1
9138619127,0.040741198,0.031074263,0.041992325,10444,0,-0.78444713,0.11601029,-9.832029,7386,0,0,0,1
9138628608,0.04281264,0.03728921,0.03320329,9481,0,-0.79825777,0.116535366,-9.843183,14940,0,0,0,1
9138639218,0.040741075,0.035217747,0.016601553,10610,0,-0.8120685,0.14363167,-9.873047,9101,0,0,0,1
9138648511,0.01795352,0.012430088,-0.0058594868,9293,0,-0.8383088,0.14225058,-9.931639,7769,0,0,0,1
9138659168,-0.049028628,-0.046264816,-0.052734546,10657,0,-0.9658705,0.46160373,-10.047791,14794,0,0,0,1
9138669418,-0.20854259,-0.17815544,-0.17089924,10250,0,-1.3120153,1.4832677,-10.257814,7598,0,0,0,1
9138678941,-0.4474943,-0.4101487,-0.20702627,9523,0,-0.6615321,1.3189205,-10.259766,9765,0,0,0,1
9138688848,-0.6906255,-0.67386854,-0.05857919,9907,0,0.36736342,0.1823016,-10.279297,6791,0,0,0,1
9138698478,-0.81358397,-0.8354098,0.16994561,9630,0,0.17677607,0.20992295,-10.121094,7588,0,0,0,1
9138708793,-0.7397075,-0.8098479,0.3818688,10315,0,-0.88610226,0.7408963,-9.483509,14782,0,0,0,1
9138718464,-0.54639095,-0.6551365,0.565466,9671,0,-1.0813766,0.4681826,-9.417969,8649,0,0,0,1
9138729111,-0.335054,-0.48391217,0.692419,10647,0,-1.3258257,-0.20992172,-9.4921875,8401,0,0,0,1
9138739250,-0.15199892,-0.28303558,0.5947454,10139,0,-2.086018,-1.198086,-9.481513,14502,0,0,0,1
9138749104,0.0054690875,-0.062098924,0.36133742,9854,0,-1.6766169,-0.317645,-9.511719,8307,0,0,0,1
9138758587,0.17879911,0.115370885,0.29395494,9483,0,-1.0537554,0.33283794,-9.53125,7686,0,0,0,1
9138769046,0.36595765,0.26519385,0.39746508,10459,0,-1.0813768,0.36045933,-9.511719,8409,0,0,0,1
9138779242,0.5157952,0.4053747,0.46192417,10196,0,-1.1540835,0.51452065,-9.5707655,14535,0,0,0,1
9138788964,0.5979617,0.49998358,0.45118505,9722,0,-0.6339109,0.15606128,-9.837891,8441,0,0,0,1
9138798730,0.51099867,0.4308874,0.39746273,9766,0,-0.48475546,0.08977002,-10.085936,7827,0,0,0,1
9138809693,0.32800886,0.2782784,0.27148512,10963,0,-1.0727708,0.5939965,-10.0774975,15054,0,0,0,1
9138819508,0.18780369,0.1740357,0.08496533,9815,0,-1.1766704,0.7513016,-9.933594,9367,0,0,0,1
9138828783,0.09182505,0.10152448,-0.062497474,9275,0,-1.0689471,0.5082336,-9.912109,6753,0,0,0,1
9138839509,0.035211068,0.05179619,-0.11035065,10726,0,-1.0264589,0.41249418,-9.958713,16062,0,0,0,1
9138849657,-0.029009625,-0.006898043,-0.14062388,10148,0,-1.1891001,0.5759059,-9.951172,6895,0,0,0,1
9138858340,-0.116017394,-0.07595062,-0.23242068,8683,0,-1.1904812,0.49442294,-9.931641,8443,0,0,0,1
9138868767,-0.22995986,-0.17331147,-0.3115215,10427,0,-0.7706365,0.1574424,-10.083984,8418,0,0,0,1
9138878664,-0.34943956,-0.28723168,-0.3212843,9897,0,-0.67396176,0.1436317,-10.083984,8947,0,0,0,1
9138889640,-0.40881312,-0.3452492,-0.31445047,10976,0,-1.1132009,0.6830918,-9.784048,13725,0,0,0,1
9138899116,-0.37565213,-0.31764382,-0.28417954,9476,0,-1.0813766,0.6035272,-9.666014,8686,0,0,0,1
9138909403,-0.27069262,-0.23201627,-0.194335,10287,0,-1.0551362,0.22373359,-9.60742,7427,0,0,0,1
9138919834,-0.113948606,-0.10840369,-0.038083445,10431,0,-1.1974331,-0.21667096,-9.547844,14710,0,0,0,1
9138929248,0.037279956,0.020724837,0.10156397,9414,0,-1.3396368,-0.14363049,-9.648439,9871,0,0,0,1
9138938991,0.14500621,0.11325363,0.18847755,9743,0,-1.1228088,0.15606126,-9.685547,6782,0,0,0,1
9138949424,0.23961362,0.18299447,0.2861323,10433,0,-1.0675662,0.18368264,-9.6640625,8284,0,0,0,1
9138959764,0.32523853,0.24790569,0.3691405,10340,0,-0.978593,0.22744851,-9.802047,15442,0,0,0,1
9138969708,0.32731548,0.24582858,0.37695214,9944,0,-0.8244982,0.2914059,-9.9296875,7877,0,0,0,1
9138979198,0.2499756,0.18506117,0.29492113,9490,0,-0.9874641,0.5620953,-9.876951,7409,0,0,0,1
9138989413,0.16710712,0.12429877,0.18359387,10215,0,-0.9016557,0.448618,-9.967548,14825,0,0,0,1
9138999327,0.084243275,0.06491224,0.07812531,9914,0,-1.0799956,0.54966563,-9.931641,8261,0,0,0,1
9139009768,0.01657115,0.015193701,-0.012695143,10441,0,-1.0537554,0.46818262,-9.914064,7725,0,0,0,1
9139019248,-0.039361894,-0.028310198,-0.086913936,9480,0,-1.1107942,0.5789411,-9.913041,15652,0,0,0,1
9139029244,-0.10634278,-0.07181432,-0.19628921,9996,0,-1.0661848,0.48061222,-9.873047,7481,0,0,0,1
9139038911,-0.1774721,-0.12774345,-0.2675774,9667,0,-0.86454904,0.19611225,-9.953125,8235,0,0,0,1
9139049543,-0.23341686,-0.1891899,-0.23730166,10632,0,-0.87974083,0.12843992,-9.951172,8565,0,0,0,1
9139059822,-0.25482205,-0.22026531,-0.18652059,10279,0,-1.064433,0.3575529,-9.773761,14278,0,0,0,1
9139069722,-0.23616298,-0.20301633,-0.16992211,9900,0,-1.1228087,0.42675063,-9.7265625,8677,0,0,0,1
9139079147,-0.18643957,-0.1546841,-0.15722768,9425,0,-1.110379,0.35907826,-9.7265625,7527,0,0,0,1
9139089388,-0.11531727,-0.09598656,-0.1132812,10241,0,-1.0689471,0.29002488,-9.685547,8395,0,0,0,1
9139099562,-0.036597706,-0.031074813,-0.043945245,10174,0,-1.0763818,0.12033498,-9.686046,14679,0,0,0,1
9139109656,0.029002557,0.023477951,0.028320348,10094,0,-1.1504304,0.100818545,-9.744141,8449,0,0,0,1
9139119082,0.07526867,0.060075868,0.09667966,9426,0,-1.1366193,0.1422506,-9.746094,8401,0,0,0,1
9139129249,0.11532049,0.08769657,0.16894506,10167,0,-1.0951874,0.15606129,-9.759766,8238,0,0,0,1
9139140017,0.12706168,0.08976622,0.21874934,10768,0,-1.0876769,0.27705488,-9.851039,15634,0,0,0,1
9139149510,0.10703766,0.0683579,0.22753823,9493,0,-1.0689472,0.3452676,-9.875,6758,0,0,0,1
9139160196,0.087010056,0.04971573,0.21679635,10686,0,-1.0682676,0.399393,-9.835938,16152,0,0,0,1
9139169767,0.07043576,0.03728759,0.19140604,9571,0,-1.066185,0.48061225,-9.8359375,6720,0,0,0,1
9139178665,0.051099855,0.024859224,0.13867176,8898,0,-1.0938064,0.5082336,-9.814451,8850,0,0,0,1
9139189329,0.026240531,0.011048425,0.07421869,10664,0,-1.0951874,0.48199332,-9.8515625,7889,0,0,0,1
9139199768,-0.013809394,-0.016574183,0.019531,10439,0,-0.98973286,0.41614586,-9.912954,14477,0,0,0,1
9139210039,-0.059384555,-0.05938722,-0.024414204,10271,0,-1.0137045,0.48061225,-9.875,9159,0,0,0,1
9139219300,-0.10979145,-0.10151175,-0.10937543,9261,0,-1.1089981,0.6836292,-9.853516,7173,0,0,0,1
9139229733,-0.17400818,-0.13811162,-0.23047067,10433,0,-1.107617,0.6573888,-9.871094,7569,0,0,0,1
9139240068,-0.2582573,-0.19196825,-0.3408223,10335,0,-1.088349,0.6233177,-9.940534,15258,0,0,0,1
9139249727,-0.36254042,-0.27965668,-0.43554458,9659,0,-1.1076171,0.87283546,-9.972656,8687,0,0,0,1
9139260137,-0.50480074,-0.39565217,-0.5253888,10410,0,-1.1752896,1.2388186,-9.990236,7466,0,0,0,1
9139269504,-0.61806697,-0.5282342,-0.58787143,9367,0,-1.0217357,1.469457,-10.120836,15787,0,0,0,1
9139279967,-0.54905796,-0.6442645,-0.51456404,10463,0,-0.756826,1.4142144,-10.183595,7455,0,0,0,1
9139289950,-0.29365176,-0.72574806,-0.26837218,9983,0,-0.6753429,1.3603525,-10.1640625,8781,0,0,0,1
9139299653,0.0426033,-0.7595806,0.066617504,9703,0,-0.74301517,0.9695103,-10.0703125,7397,0,0,0,1
9139309681,0.32020232,-0.6974358,0.3956804,10028,0,-0.9946227,0.30525485,-9.504103,14871,0,0,0,1
9139320079,0.42932233,-0.5054928,0.61241955,10398,0,-1.5012214,-0.4405601,-8.818359,9098,0,0,0,1
9139330004,0.3485499,-0.206522,0.6377713,9925,0,-1.9887383,-1.0358005,-8.5703125,7267,0,0,0,1
9139339464,0.115170896,0.12490828,0.4824776,9460,0,-2.5853596,-1.5219367,-8.572266,8430,0,0,0,1
9139349552,-0.22594135,0.43285313,0.28326476,10088,0,-2.5548816,-1.1925116,-8.453579,14271,0,0,0,1
9139360454,-0.6215865,0.7346161,0.18953992,10902,0,-1.7442894,-0.4405601,-8.3984375,8998,0,0,0,1
9139369672,-0.32449615,0.7500195,0.27518386,9218,0,-0.90460014,2.2138526,-12.306642,7380,0,0,0,1
9139380297,0.4151636,0.5256983,0.45763776,10625,0,-1.1390767,1.3209914,-11.1807,14945,0,0,0,1
9139390273,0.5538678,0.39227524,0.46961293,9976,0,-1.2719641,0.6836293,-10.0703125,9804,0,0,0,1
9139399350,0.3563056,0.283116,0.3086079,9077,0,-1.2167215,0.73887193,-10.031251,6759,0,0,0,1
9139409819,0.18229567,0.15606397,0.14551082,10469,0,-1.3651844,0.752121,-10.010742,14803,0,0,0,1
9139419991,0.035908386,0.027621096,0.030272942,10172,0,-1.312015,0.6159569,-9.96875,7630,0,0,0,1
9139429289,-0.07388621,-0.068363674,-0.035156593,9298,0,-1.2830126,0.6698185,-9.910158,8507,0,0,0,1
9139440092,-0.15951018,-0.13051383,-0.12695411,10803,0,-1.3368742,0.77892303,-9.89258,7735,0,0,0,1
9139449571,-0.2520413,-0.19818656,-0.22363397,9479,0,-1.2833358,0.7936029,-9.903172,14960,0,0,0,1
9139460430,-0.32663506,-0.26998574,-0.22460671,10859,0,-1.2167214,0.79135245,-9.814454,9069,0,0,0,1
9139469664,-0.34114772,-0.29966718,-0.15136196,9234,0,-1.2305323,0.69743985,-9.7421875,7353,0,0,0,1
9139479992,-0.29487044,-0.27136725,-0.08300458,10328,0,-1.270583,0.6573889,-9.667969,8518,0,0,0,1
9139490430,-0.19888292,-0.19472156,-0.020504847,10438,0,-1.2927526,0.35999507,-9.576892,14181,0,0,0,1
9139499306,-0.06284837,-0.075258456,0.049807057,8876,0,-1.5164132,0.06076756,-9.5703125,8902,0,0,0,1
9139509836,0.0635215,0.040058423,0.11035322,10530,0,-1.4887916,0.22373357,-9.6484375,7767,0,0,0,1
9139520340,0.1505317,0.11187138,0.17382906,10504,0,-1.260873,0.4484034,-9.704382,14691,0,0,0,1
9139529915,0.22096963,0.16296797,0.2402342,9575,0,-1.0827576,0.3314569,-9.744139,7773,0,0,0,1
9139539828,0.2672315,0.20923565,0.26855683,9913,0,-1.2581534,0.47923118,-9.7578125,8417,0,0,0,1
9139550443,0.26170138,0.22167072,0.22070684,10615,0,-1.3658769,0.66981864,-9.794924,7807,0,0,0,1
9139559942,0.2257945,0.2009551,0.14843975,9499,0,-1.2425716,0.65699893,-9.835938,15049,0,0,0,1
9139570186,0.19265065,0.18576108,0.08496349,10244,0,-1.229151,0.64357823,-9.816406,8890,0,0,0,1
9139580136,0.1608837,0.17333375,0.011721743,9950,0,-1.3120148,0.7789229,-9.814451,7663,0,0,0,1
9139590381,0.12359855,0.14570907,-0.039060827,10245,0,-1.3258259,0.82035506,-9.812502,8243,0,0,0,1
9139600574,0.08493242,0.10979793,-0.055663038,10193,0,-1.2234712,0.6525263,-9.824561,14351,0,0,0,1
9139610291,0.053860176,0.07872233,-0.055663403,9717,0,-1.2029107,0.5897166,-9.855469,8838,0,0,0,1
9139619929,0.025549348,0.051790778,-0.04296812,9638,0,-1.2042916,0.5634763,-9.855469,7383,0,0,0,1
9139629938,-0.002762166,0.02624085,-0.022460284,10009,0,-1.1904812,0.5077481,-9.853516,15078,0,0,0,1
9139640632,-0.029002149,0.03176507,-0.014647871,10694,0,-1.2581537,0.454372,-9.933594,8654,0,0,0,1
9139650470,-0.064910024,0.121533535,-0.049805976,9838,0,-1.2843938,0.4005103,-10.050781,7813,0,0,0,1
9139661127,-0.10358134,0.2748301,-0.12500429,10657,0,-1.1769192,0.4527421,-9.992586,16091,0,0,0,1
9139670169,-0.11808668,0.39843252,-0.20313281,9042,0,-0.9985127,0.6035274,-9.779299,6596,0,0,0,1
9139680882,-0.101516955,0.41224313,-0.23828742,10713,0,-0.863168,0.71125054,-9.609375,8739,0,0,0,1
9139690267,-0.06699374,0.28518686,-0.19726679,9385,0,-0.7692554,0.8604059,-9.490234,7378,0,0,0,1
9139700261,-0.01658499,0.055240422,-0.092772625,9994,0,-0.7167748,1.0100671,-9.376606,15068,0,0,0,1
9139710910,0.055918634,-0.2078546,0.031250276,10649,0,-0.78306615,0.90183794,-9.302734,9510,0,0,0,1
9139720609,0.14637753,-0.44056413,0.15137231,9699,0,-0.9598428,0.61733794,-9.322266,6801,0,0,0,1
9139731064,0.2216395,-0.57936174,0.2607525,10455,0,-1.5889808,-0.054779388,-10.181293,16144,0,0,0,1
9139740560,0.11735265,-0.3052304,0.21289088,9496,0,-1.8257723,-0.19611095,-10.796875,6931,0,0,0,1
9139750397,-0.019370634,-0.034545936,0.17186712,9837,0,-1.0813768,0.6035273,-9.628906,8707,0,0,0,1
9139760875,-0.037283458,-0.09529444,0.2851567,10478,0,-1.3934982,0.2637846,-9.953125,7388,0,0,0,1
9139770908,-0.060766168,-0.1367279,0.39941347,10033,0,-1.3592204,0.2965529,-9.863669,15044,0,0,0,1
9139780964,-0.064220294,-0.16917688,0.50000125,10056,0,-1.2305323,0.18092051,-9.777346,8565,0,0,0,1
9139789982,-0.024865523,-0.17123327,0.55078703,9018,0,-1.149049,0.1546802,-9.683594,7798,0,0,0,1
9139800648,0.035887867,-0.11184205,0.5146551,10666,0,-1.1352384,0.30383557,-9.699219,7395,0,0,0,1
9139810658,0.07110157,-0.04210378,0.42969325,10010,0,-1.1490488,0.42536944,-9.740232,14949,0,0,0,1
9139820076,0.0448839,-0.032460056,0.35449183,9418,0,-1.1641622,0.75104696,-9.922985,8982,0,0,0,1
9139830883,-0.02209976,-0.015207474,0.27148327,10807,0,-1.149049,0.80654424,-9.951172,8060,0,0,0,1
9139840625,-0.12294203,0.102171876,0.14648066,9742,0,-1.1462393,0.71166,-10.280184,15402,0,0,0,1
9139850843,-0.2679655,0.30380043,-0.026375242,10218,0,-1.0689473,0.37288898,-10.390627,6916,0,0,0,1
9139860310,-0.39848337,0.51578766,-0.21974112,9467,0,-0.9998938,0.3590783,-10.201172,8628,0,0,0,1
9139870987,-0.46407494,0.655972,-0.36818135,10677,0,-0.944651,0.5220443,-9.931641,8440,0,0,0,1
9139881084,-0.4405854,0.69188154,-0.43069258,10097,0,-0.96471924,0.9332234,-9.535482,14666,0,0,0,1
9139890862,-0.32732108,0.6463042,-0.41606465,9778,0,-0.85073835,1.2125784,-9.167969,8259,0,0,0,1
9139900687,-0.15261333,0.5047428,-0.33501512,9825,0,-0.6629131,1.2401996,-8.994139,7645,0,0,0,1
9139910859,0.051768646,0.2354319,-0.20805864,10172,0,-0.41824248,1.2384216,-8.879468,15544,0,0,0,1
9139920923,0.25408223,-0.11467035,-0.070368275,10064,0,-0.45989612,1.252629,-8.919922,7427,0,0,0,1
9139930625,0.43707818,-0.42747656,0.047802437,9702,0,-0.6228622,1.1449058,-9.070311,8136,0,0,0,1
9139941126,0.5855479,-0.62979466,0.14255786,10501,0,-0.8521195,0.96812916,-9.277343,8405,0,0,0,1
9139951141,0.6794519,-0.7278536,0.22558735,10015,0,-1.1457076,0.7397976,-9.611239,14475,0,0,0,1
9139961297,0.6532122,-0.6132096,0.24418959,10156,0,-2.4223938,-0.57452357,-11.673828,9156,0,0,0,1
9139970494,0.3928913,-0.12633838,0.09388403,9197,0,-2.0163598,-0.60214484,-11.63867,7843,0,0,0,1
9139980919,0.12773895,0.15262072,-0.01166042,10425,0,-0.84047365,0.31796664,-9.944771,14859,0,0,0,1
9139991258,0.045578875,0.051096447,0.02343713,10339,0,-1.0813766,0.41293994,-9.835936,7318,0,0,0,1
9140000687,0.03245612,0.020024875,0.03222592,9429,0,-1.1352382,0.4944228,-9.742186,8218,0,0,0,1
9140010965,0.04902749,0.031074671,0.023437519,10278,0,-1.081377,0.46818262,-9.740234,8557,0,0,0,1
9140020500,0.047646634,0.0296933,0.014648414,9535,0,-1.0741131,0.41877007,-9.834998,14547,0,0,0,1
9140031393,0.018644443,0.006214875,0.003906045,10893,0,-0.9998938,0.41432104,-9.853518,9108,0,0,0,1
9140040965,-0.0020716505,-0.0145009225,-0.017578362,9572,0,-0.9998938,0.4695637,-9.814455,7837,0,0,0,1
9140050641,-0.013810548,-0.023478022,-0.04003918,9676,0,-1.0413258,0.455753,-9.814453,7658,0,0,0,1
9140061110,-0.07043486,-0.064908914,-0.08984436,10469,0,-1.1179602,0.62232184,-9.9660015,14761,0,0,0,1
9140070610,-0.20094442,-0.16089341,-0.24023587,9500,0,-1.2029107,0.8327844,-9.990234,8388,0,0,0,1
9140080824,-0.34319457,-0.26447308,-0.40136886,10214,0,-1.1766704,0.6711996,-9.951172,8052,0,0,0,1
9140091108,-0.4253866,-0.33419833,-0.4287091,10284,0,-1.1628596,0.5496656,-9.894531,8427,0,0,0,1
9140100830,-0.4405905,-0.36042747,-0.35839322,9722,0,-1.2845469,0.66014093,-9.761272,14602,0,0,0,1
9140110472,-0.39915308,-0.338336,-0.2529255,9642,0,-1.3120148,0.5634762,-9.646482,7640,0,0,0,1
9140121139,-0.30523837,-0.2706658,-0.12011336,10667,0,-1.3382552,0.3190272,-9.587889,8396,0,0,0,1
9140131142,-0.18922964,-0.1878013,0.0136773065,10003,0,-1.3242229,0.21056539,-9.645887,14597,0,0,0,1
9140141082,-0.0863293,-0.105638824,0.08789378,9940,0,-1.3382554,0.23616318,-9.644531,8618,0,0,0,1
9140150802,-0.004150249,-0.019328348,0.096680716,9720,0,-1.3921168,0.3728889,-9.646484,7243,0,0,0,1
9140161408,0.07733348,0.05939233,0.1074229,10606,0,-1.3270531,0.50847733,-9.64753,16400,0,0,0,1
9140171413,0.17401074,0.13120677,0.16406234,10005,0,-1.271964,0.4405613,-9.666016,6890,0,0,0,1
9140181951,0.27137893,0.20370892,0.24609362,10538,0,-1.2719641,0.46542045,-9.666016,8688,0,0,0,1
9140191167,0.3431891,0.272765,0.29394895,9216,0,-1.3396366,0.5607142,-9.685547,8173,0,0,0,1
9140201692,0.35353854,0.3024665,0.25488847,10525,0,-1.2469968,0.6640376,-9.818064,14374,0,0,0,1
9140210835,0.30589235,0.27415523,0.1777382,9143,0,-1.0537554,0.4681826,-9.910156,8744,0,0,0,1
9140220821,0.23546672,0.21890406,0.11621278,9986,0,-1.0675659,0.45437187,-9.931641,8132,0,0,0,1
9140231585,0.1291228,0.13189834,0.031252325,10764,0,-1.0537552,0.5759059,-10.03125,7492,0,0,0,1
9140242163,0.0034447869,0.025556866,-0.06054432,10578,0,-0.96785146,0.5430522,-10.011566,15083,0,0,0,1
9140251562,-0.07734492,-0.041427504,-0.12890461,9399,0,-0.9322214,0.5344739,-9.912109,8157,0,0,0,1
9140261532,-0.13051099,-0.06836245,-0.2109376,9970,0,-0.9860831,0.88664633,-9.873047,7690,0,0,0,1
9140271703,-0.18713371,-0.08769624,-0.28808704,10171,0,-1.1364242,1.155741,-9.833982,14965,0,0,0,1
9140281749,-0.22856754,-0.087685965,-0.27734682,10046,0,-1.3382554,0.7526826,-9.951172,9234,0,0,0,1
9140291026,-0.26722085,0.0034756744,-0.20412181,9277,0,-1.5412724,0.38669962,-10.125,7821,0,0,0,1
9140301038,-0.31346774,0.2223671,-0.1660607,10012,0,-1.5951338,-0.020715382,-10.216797,7385,0,0,0,1
9140311300,-0.33901763,0.5020159,-0.18854493,10262,0,-1.645159,-0.35186547,-10.132687,14679,0,0,0,1
9140320957,-0.3452471,0.75819284,-0.23835278,9657,0,-1.4887915,0.08838898,-10.029296,8795,0,0,0,1
9140331480,-0.35146374,0.9273818,-0.26176187,10523,0,-1.2443427,0.5482846,-9.9140625,7408,0,0,0,1
9140341738,-0.32313517,0.961227,-0.22854899,10258,0,-0.8597122,0.7941293,-9.505892,15087,0,0,0,1
9140351900,-0.20917106,0.86110055,-0.13092525,10162,0,-0.66153204,0.99575055,-9.091797,9488,0,0,0,1
9140360785,-0.011648136,0.6663707,0.023328036,8885,0,-0.53999805,1.0371826,-8.917969,6760,0,0,0,1
9140371248,0.2003482,0.36875036,0.20204644,10463,0,-0.21406604,0.7388718,-8.935545,8435,0,0,0,1
9140381648,0.34330875,0.008974996,0.3573131,10400,0,-0.32970157,0.8922574,-9.281764,14547,0,0,0,1
9140391560,0.4054333,-0.27829733,0.46280465,9912,0,-0.45851514,0.7651123,-9.628906,9204,0,0,0,1
9140401742,0.38606706,-0.4578461,0.50677127,10182,0,-0.53999823,0.73887205,-9.8984375,6748,0,0,0,1
9140411963,0.29489443,-0.50895065,0.46967432,10221,0,-0.7586428,0.6838093,-10.165326,15293,0,0,0,1
9140421147,0.1809239,-0.39085817,0.3515427,9184,0,-0.94603217,0.5234254,-10.296873,7967,0,0,0,1
9140431012,0.062826335,-0.16504698,0.18944904,9865,0,-0.97227246,0.4419424,-10.355469,8021,0,0,0,1
9140441472,-0.058711737,0.08630649,0.021480879,10460,0,-0.9322216,0.37427005,-10.375,8413,0,0,0,1
9140451648,-0.15055205,0.31625518,-0.12891106,10176,0,-0.8486408,0.41588816,-10.1356,14773,0,0,0,1
9140461566,-0.18093011,0.45298162,-0.22266552,9918,0,-0.6491025,0.5745248,-9.798828,8984,0,0,0,1
9140471690,-0.16228725,0.4426249,-0.2490288,10124,0,-0.5137578,0.7098696,-9.628908,7493,0,0,0,1
9140481323,-0.120170146,0.3328307,-0.23339911,9633,0,-0.4585151,0.8175927,-9.550779,8427,0,0,0,1
9140492175,-0.06768936,0.20577171,-0.20800953,10852,0,-0.4394014,0.82610047,-9.528291,14457,0,0,0,1
9140501533,-0.00554052,0.10495038,-0.19336478,9358,0,-0.45851514,0.8452142,-9.527344,8206,0,0,0,1
9140511181,0.064898394,0.0193244,-0.17969288,9648,0,-0.44470444,0.8314035,-9.488281,8377,0,0,0,1
9140522120,0.14845322,-0.062851615,-0.16113842,10939,0,-0.50772923,0.7435195,-9.502379,15372,0,0,0,1
9140532060,0.21888903,-0.12499963,-0.14160599,9940,0,-0.6201001,0.6560078,-9.681642,8858,0,0,0,1
9140541290,0.24029815,-0.16711651,-0.11523983,9230,0,-0.6877723,0.5883354,-9.8515625,6665,0,0,0,1
9140551759,0.21544169,-0.18092291,-0.08691983,10469,0,-0.7692555,0.5068526,-9.96875,7879,0,0,0,1
9140561976,0.1602067,-0.13534121,-0.083007984,10217,0,-0.8455687,0.3780925,-10.078704,14724,0,0,0,1
9140571207,0.09530286,-0.03590064,-0.10155643,9231,0,-0.9059813,0.29278702,-10.128906,8161,0,0,0,1
9140581303,0.02901142,0.075964615,-0.11132175,10096,0,-0.97365355,0.30521667,-10.126953,8459,0,0,0,1
9140591749,-0.040730726,0.18437886,-0.101555385,10446,0,-0.99989384,0.33145696,-10.125,8579,0,0,0,1
9140602379,-0.10909008,0.2983177,-0.07518836,10630,0,-1.0113645,0.28768498,-10.138223,15456,0,0,0,1
9140612101,-0.18159078,0.39982873,-0.026357803,9722,0,-0.9336026,0.20992295,-10.167969,6781,0,0,0,1
9140621324,-0.24925983,0.49512377,0.038093884,9223,0,-0.89217067,0.06076761,-10.166018,8216,0,0,0,1
9140631850,-0.30174217,0.62218213,0.10351132,10526,0,-0.934872,-0.059497,-10.239054,14676,0,0,0,1
9140641114,-0.38115734,0.7885983,0.16308528,9264,0,-0.98608315,-0.03314501,-10.392578,8404,0,0,0,1
9140651946,-0.49718148,0.99160594,0.20997189,10832,0,-0.8769789,-0.11462802,-10.414063,8577,0,0,0,1
9140662445,-0.5814597,1.2470976,0.2304296,10499,0,-0.6744787,-0.16788784,-10.259709,14320,0,0,0,1
9140671420,-0.6084456,1.5267519,0.2039888,8975,0,-0.3494108,0.11462925,-10.0234375,8738,0,0,0,1
9140681303,-0.584276,1.7428911,0.15905389,9883,0,-0.08010255,0.19611228,-9.740236,7323,0,0,0,1
9140692234,-0.5200171,1.8292218,0.13560863,10931,0,0.122914456,0.58971655,-9.53125,8312,0,0,0,1
9140702506,-0.44679344,1.7905573,0.1219668,10272,0,0.593858,1.1987673,-9.26946,14567,0,0,0,1
9140712135,-0.31077418,1.6710949,0.09163418,9629,0,1.1407615,1.389355,-8.822266,8896,0,0,0,1
9140721534,-0.102904,1.4231995,0.067166,9399,0,1.3713999,1.7277163,-8.630859,9919,0,0,0,1
9140732088,0.08774246,0.9688307,0.085761726,10554,0,1.6713126,2.4285238,-8.529289,13446,0,0,0,1
9140742586,0.21481821,0.36668167,0.10531406,10498,0,2.0467422,3.0273013,-8.480469,6897,0,0,0,1
9140751976,0.339112,-0.26860696,0.10921573,9390,0,2.128225,2.647508,-8.289064,8635,0,0,0,1
9140762420,0.5642126,-0.87627566,0.13660477,10444,0,1.9928806,2.1061292,-8.1171875,8399,0,0,0,1
9140772449,0.8735644,-1.4107399,0.16891868,10029,0,1.6627848,1.6561494,-8.230638,14190,0,0,0,1
9140782292,1.1573644,-1.8478488,0.1963044,9843,0,0.9902252,1.3741632,-8.63086,8472,0,0,0,1
9140791782,1.335504,-2.2041845,0.22649406,9490,0,0.44746554,1.2926801,-8.953127,7724,0,0,0,1
9140802323,1.4203677,-2.4645658,0.2879588,10541,0,-0.19542041,0.7590761,-9.433087,16386,0,0,0,1
9140812614,1.4560761,-2.5737767,0.4208398,10291,0,-0.7153938,-0.088387735,-9.955078,6493,0,0,0,1
9140822072,1.4166373,-2.5441267,0.56928587,9458,0,-0.9046001,-0.54828334,-10.375,8626,0,0,0,1
9140831769,0.9480523,-1.4272931,0.34503335,9697,0,-4.0064793,-3.0259192,-15.17969,8499,0,0,0,1
9140841841,0.2327815,0.1637992,-0.10116871,10072,0,-3.7896519,-3.0797808,-14.662109,8177,0,0,0,1
9140852602,-0.03726505,0.40329012,-0.07706453,10761,0,-0.40523553,0.04692488,-9.374907,15370,0,0,0,1
9140862151,0.04013,-0.067667365,0.2314331,9549,0,-0.43227482,0.006905917,-9.3359375,6789,0,0,0,1
9140872599,0.13884008,-0.35423172,0.4179649,10448,0,-0.4737068,-0.11462805,-9.449219,8249,0,0,0,1
9140882897,0.12287219,-0.22649947,0.4062605,10298,0,-1.0358403,-0.6369346,-10.438635,15004,0,0,0,1
9140892011,0.07381725,0.01863575,0.32618818,9114,0,-0.58143014,-0.06214747,-9.6640625,8629,0,0,0,1
9140902243,0.07802719,0.032455117,0.3437507,10232,0,-0.7443962,-0.19749206,-9.992186,7423,0,0,0,1
9140912684,-0.024135036,-0.07392303,0.43261296,10441,0,-0.82569736,0.19190602,-10.222141,15091,0,0,0,1
9140922657,-0.20571601,-0.26799232,0.58788294,9973,0,-0.78306603,0.54828465,-10.064453,9473,0,0,0,1
9140932285,-0.31898922,-0.40054405,0.71093494,9628,0,-0.6753428,0.30521664,-9.873047,8115,0,0,0,1
9140941564,-0.33351612,-0.41502193,0.70019436,9279,0,-0.5538088,0.10081857,-9.835937,6088,0,0,0,1
9140952352,-0.3176146,-0.375684,0.5371043,10788,0,-0.23525423,-0.014282137,-9.806338,15488,0,0,0,1
9140962259,-0.28167087,-0.31632808,0.2539014,9907,0,-0.35079184,0.22373359,-9.587891,8963,0,0,0,1
9140972337,-0.19950938,-0.22309154,-0.031250227,10078,0,-0.4598962,0.3052166,-9.605469,7890,0,0,0,1
9140982038,-0.09318542,-0.10154119,-0.20996134,9701,0,-0.6214813,0.38669968,-9.607424,8279,0,0,0,1
9140992037,0.02764978,0.03864514,-0.2666022,9999,0,-0.61097866,-0.0012170341,-9.5611105,13900,0,0,0,1
9141001965,0.14780466,0.18641922,-0.34179735,9928,0,-0.4985661,-0.05938533,-9.6484375,8238,0,0,0,1
9141012379,0.24031791,0.30658826,-0.48339796,10414,0,-0.538617,0.14363165,-9.6875,8419,0,0,0,1
9141022624,0.31904167,0.39635122,-0.56836164,10245,0,-0.7402957,-0.03042566,-9.657485,14599,0,0,0,1
9141032540,0.41090855,0.48540276,-0.5752021,9916,0,-0.7015831,-0.23754308,-9.626953,8280,0,0,0,1
9141042754,0.52350354,0.5785849,-0.48927134,10214,0,-0.5386171,-0.53585374,-9.646484,8521,0,0,0,1
9141052411,0.6906807,0.71938723,-0.31056643,9657,0,-0.30935982,-0.9556985,-9.568359,8170,0,0,0,1
9141062653,0.90055627,0.9224537,-0.22559465,10242,0,-0.4855329,-1.1054573,-9.408814,14223,0,0,0,1
9141072205,1.0302685,1.0482371,-0.2666072,9552,0,-0.87974083,-0.006904751,-9.837893,8228,0,0,0,1
9141082917,0.9750498,0.97777724,-0.22950386,10712,0,-0.6615321,0.29140595,-10.142578,8463,0,0,0,1
9141092886,0.7782511,0.7768307,-0.16015936,9969,0,-0.50225186,-0.17800075,-10.36187,14565,0,0,0,1
9141102977,0.5103003,0.50754654,-0.11132933,10091,0,-0.56761956,0.0069059934,-10.564453,8970,0,0,0,1
9141111977,0.20095588,0.1967913,-0.018555999,9000,0,-0.41708308,-0.033144966,-10.488279,7773,0,0,0,1
9141122659,-0.03658534,-0.03246828,0.09082081,10682,0,-0.48389894,-0.5749754,-10.190517,14816,0,0,0,1
9141132705,-0.18505687,-0.17540161,0.27539098,10046,0,-0.67396194,-0.6435771,-10.160156,7610,0,0,0,1
9141142677,-0.30729324,-0.3031355,0.5146503,9972,0,-0.55380887,-0.54828334,-10.068359,8095,0,0,0,1
9141152961,-0.37565678,-0.3797833,0.6699242,10284,0,-0.43227485,-0.4267494,-9.912109,8417,0,0,0,1
9141163138,-0.39151996,-0.4053507,0.6757843,10177,0,0.058332417,-0.54467756,-9.8424835,14772,0,0,0,1
9141173052,-0.38527557,-0.40193003,0.54687595,9914,0,0.11048486,-0.42536834,-9.7578125,8767,0,0,0,1
9141182467,-0.32245475,-0.33631352,0.38378903,9415,0,-0.2416875,-0.12843876,-9.568359,7792,0,0,0,1
9141192736,-0.17885931,-0.19264664,0.26172033,10269,0,-0.47094476,-0.03452611,-9.451172,7261,0,0,0,1
9141202805,-0.03661356,-0.050392516,0.16113447,10069,0,-0.2532838,-0.31879252,-9.629729,15077,0,0,0,1
9141211866,0.04073391,0.02693921,0.09375091,9061,0,-0.32455155,-0.5068513,-9.761719,8734,0,0,0,1
9141223004,0.10219534,0.08701074,0.122070886,11138,0,-0.47370696,-0.71124935,-9.703125,7579,0,0,0,1
9141232391,0.22303875,0.20509095,0.24121238,9387,0,-0.5818365,-0.8021683,-9.579872,14936,0,0,0,1
9141242681,0.35009655,0.32938766,0.36132944,10290,0,-0.07872147,-0.9957493,-9.71875,8835,0,0,0,1
9141252564,0.43089682,0.40602994,0.45800796,9883,0,-0.39084285,-0.683628,-9.699219,7727,0,0,0,1
9141263016,0.41017818,0.39221996,0.44531453,10452,0,-0.27332714,-0.025450809,-10.083528,14944,0,0,0,1
9141273550,0.3059024,0.29900292,0.32715076,10534,0,-0.17263411,-0.41293868,-9.951172,8107,0,0,0,1
9141283027,0.24859856,0.24306144,0.29003906,9477,0,-0.28173846,-0.62976635,-9.873047,7720,0,0,0,1
9141293059,0.23962477,0.23131989,0.32519475,10032,0,-0.28311953,-0.683628,-9.833984,8688,0,0,0,1
9141303396,0.22857523,0.2175103,0.34960875,10337,0,-0.24306856,-0.6159558,-9.851564,8204,0,0,0,1
9141312809,0.14641361,0.13946636,0.33300784,9413,0,-0.13599275,-0.33936706,-10.060669,14052,0,0,0,1
9141322514,0.0393833,0.039335933,0.30273458,9705,0,-0.080102555,-0.3728877,-9.970703,8269,0,0,0,1
9141332824,-0.008276836,-0.006915248,0.24707033,10310,0,0.0952931,-0.41293868,-9.853516,8393,0,0,0,1
9141343474,-0.013116333,-0.020027734,0.075195365,10650,0,0.4555772,-0.353104,-9.785607,14657,0,0,0,1
9141353149,0.029004948,0.013810365,-0.19433558,9675,0,0.46127608,-0.5607128,-9.648436,8253,0,0,0,1
9141362553,0.10980435,0.095978715,-0.4990224,9404,0,0.5027081,-0.439179,-9.681641,8695,0,0,0,1
9141372975,0.09250598,0.084275894,-0.77734345,10422,0,0.31350172,0.020716634,-10.04492,7372,0,0,0,1
9141383232,-0.003532182,-0.013040217,-0.9648445,10257,0,0.16514266,0.10209149,-9.971157,14786,0,0,0,1
9141393064,-0.04561078,-0.056589104,-1.0009772,9832,0,-0.17401516,-0.46680036,-9.833984,8418,0,0,0,1
9141402687,-0.037972514,-0.042124733,-0.89355487,9623,0,-0.2693089,-0.805162,-9.7578125,8522,0,0,0,1
9141412777,0.026282206,0.026200652,-0.68554676,10090,0,-0.43089384,-1.129713,-9.646486,8437,0,0,0,1
9141423546,0.07531175,0.0890433,-0.35253876,10769,0,-1.0266252,-1.6194886,-9.805903,15189,0,0,0,1
9141433063,0.04628838,0.083543204,-0.047849618,9517,0,-0.55380875,-0.92669576,-9.970701,6756,0,0,0,1
9141443579,0.0034612862,0.032450877,0.11132909,10516,0,-0.35233298,-0.70876235,-9.853516,15694,0,0,0,1
9141453621,-0.03382241,-0.046270072,0.32421955,10042,0,-0.7278234,-0.96812797,-9.85547,7311,0,0,0,1
9141462670,-0.049033105,-0.066978015,0.6044922,9049,0,-0.6339109,-1.1172836,-9.761719,8434,0,0,0,1
9141472933,-0.026960379,-0.02139006,0.77929616,10263,0,-0.37841326,-0.9418878,-9.761721,8429,0,0,0,1
9141483277,-0.015892344,-0.007587413,0.8291014,10344,0,-0.07727372,-0.708927,-9.8359375,14605,0,0,0,1
9141493565,-0.020711202,-0.013814863,0.77929693,10288,0,0.12567659,-0.520662,-9.816406,9372,0,0,0,1
9141502713,-0.013812687,-0.008284296,0.640625,9148,0,0.3273125,-0.3715067,-9.794921,6798,0,0,0,1
9141513348,0.0006870972,0.002075997,0.3876953,10635,0,0.59800184,-0.236162,-9.792969,7542,0,0,0,1
9141523724,0.007594862,0.003455217,0.092773415,10376,0,0.5006748,-0.29164803,-9.802638,15196,0,0,0,1
9141533265,0.025547964,0.017266287,-0.13378902,9541,0,0.29831007,-0.5883343,-9.7578125,9745,0,0,0,1
9141543209,0.051100414,0.051100794,-0.32910126,9944,0,0.27206978,-0.5620941,-9.837891,6823,0,0,0,1
9141553746,0.0013527594,-0.009642176,-0.6054693,10537,0,0.46059754,0.47293395,-10.092795,16188,0,0,0,1
9141563060,-0.14163494,-0.1580557,-1.0185559,9314,0,0.65186346,0.494423,-10.121094,6376,0,0,0,1
9141572818,-0.2285837,-0.22715063,-1.326175,9758,0,0.09667412,-0.03590715,-9.796875,8242,0,0,0,1
9141583270,-0.1428471,-0.13888776,-1.3164068,10452,0,-0.17401515,-0.5496644,-9.455078,8448,0,0,0,1
9141593478,0.046456292,0.04607115,-1.1376956,10208,0,-0.030634297,-1.0386387,-9.482776,14760,0,0,0,1
9141602402,0.17966776,0.17111546,-0.9335941,8924,0,-0.58004916,-0.98055756,-9.820311,8930,0,0,0,1
9141612700,0.17127569,0.15879509,-0.68261766,10298,0,-0.8645489,-1.1297129,-10.029295,7778,0,0,0,1
9141623149,0.0724883,0.06423692,-0.40625042,10449,0,-0.9598426,-1.3879724,-10.0859375,7576,0,0,0,1
9141633352,0.004133634,0.0013909576,-0.17968765,10203,0,-0.65286756,-1.379308,-9.862309,14721,0,0,0,1
9141644274,-0.0013813197,-0.0013807376,-0.033203125,10922,0,-0.33560014,-0.92669606,-9.833984,9127,0,0,0,1
9141653510,0.002071685,0.003452628,0.017578123,9236,0,-0.13396418,-0.64219594,-9.853516,7340,0,0,0,1
9141663708,-1.8961376e-08,0.005524237,0.02050782,10198,0,-0.12884137,-0.6094517,-9.823651,14775,0,0,0,1
9141673814,-0.0006904742,0.004833724,0.030273441,10106,0,-0.20163651,-0.7374897,-9.814453,8966,0,0,0,1
9141682982,-0.017262615,-0.01035839,0.113281325,9168,0,-0.40465352,-0.9405066,-9.894529,7780,0,0,0,1
9141693406,-0.066289365,-0.05386277,0.35156268,10424,0,-0.5734128,-1.2173123,-9.923499,14557,0,0,0,1
9141703612,-0.093226574,-0.08078506,0.62402374,10206,0,-0.3093598,-1.0081787,-9.7578125,7785,0,0,0,1
9141714122,-0.056648746,-0.046928797,0.7265623,10510,0,-0.09253213,-0.7112494,-9.705079,8945,0,0,0,1
9141723688,0.015843106,0.018687464,0.66503876,9566,0,0.029001847,-0.61733675,-9.666016,7409,0,0,0,1
9141734017,0.07178749,0.06632329,0.47558573,10329,0,0.3379271,-0.018894581,-9.799036,14861,0,0,0,1
9141744158,0.07042114,0.05940285,0.19238247,10141,0,0.34112316,0.020716637,-9.912109,8818,0,0,0,1
9141753034,0.04763868,0.036608662,-0.04394552,8876,0,0.1381062,-0.40050915,-9.853516,7661,0,0,0,1
9141763504,0.040737573,0.03384139,-0.18554679,10470,0,0.11048482,-0.563475,-9.833984,7413,0,0,0,1
9141773726,0.00067893974,-0.008964849,-0.3427738,10222,0,0.26024455,0.2957415,-10.02737,15385,0,0,0,1
9141782732,-0.15472072,-0.15877719,-0.6933607,9006,0,0.2734508,1.0358015,-10.3515625,8526,0,0,0,1
9141793193,-0.37362945,-0.35694325,-1.1347687,10461,0,-0.18782587,0.43918023,-10.259766,7813,0,0,0,1
9141803713,-0.47650027,-0.45018953,-1.3291035,10520,0,-0.43087092,-0.5567455,-9.827243,14972,0,0,0,1
9141813857,-0.43573627,-0.41085675,-1.1894535,10144,0,-0.4060346,-1.2926787,-9.644531,8540,0,0,0,1
9141823827,-0.3985126,-0.37349764,-0.8671883,9970,0,0.069052726,-2.010834,-9.916015,8760,0,0,0,1
9141833634,-0.41583177,-0.3948504,-0.4970686,9807,0,0.029001769,-2.0232635,-9.955077,10282,0,0,0,1
9141844318,-0.3343045,-0.32031843,-0.13671778,10684,0,-1.0579517,-0.9367813,-9.418234,11514,0,0,0,1
9141853903,-0.1637174,-0.15668769,0.14648433,9585,0,-1.0551364,-0.4806111,-9.642579,8453,0,0,0,1
9141863381,-0.08220622,-0.0862817,0.34179786,9478,0,-0.64772147,-0.6974387,-9.814453,7689,0,0,0,1
9141873832,-0.044902336,-0.06281778,0.5078136,10451,0,-0.45262864,-1.0582649,-9.695835,15577,0,0,0,1
9141883833,0.038630314,0.011090418,0.6347673,10001,0,-0.3908428,-0.7112494,-9.6640625,8157,0,0,0,1
9141893529,0.12287218,0.09257542,0.6552754,9696,0,-0.25411707,-0.3314557,-9.724607,7649,0,0,0,1
9141904256,0.16569668,0.13813925,0.556642,10727,0,-0.13258308,-0.0469557,-9.779295,8455,0,0,0,1
9141913730,0.1739867,0.15056656,0.3808602,9474,0,-0.0649108,0.19904758,-9.866578,14333,0,0,0,1
9141924115,0.14775775,0.13259998,0.19628973,10385,0,-0.13258314,0.060767606,-9.96875,8591,0,0,0,1
9141933807,0.08699983,0.08010985,0.0537112,9692,0,-0.17401522,-0.060766373,-10.009766,7648,0,0,0,1
9141944297,0.010355843,0.006217315,-0.029297113,10490,0,-0.24829172,-0.279866,-10.028446,15822,0,0,0,1
9141954464,-0.07250833,-0.07526579,-0.060547158,10167,0,-0.3770322,0.03452733,-10.203125,6879,0,0,0,1
9141964145,-0.27621183,-0.2665468,-0.24218877,9681,0,-0.5399983,1.4155953,-10.658203,8672,0,0,0,1
9141973559,-0.657397,-0.6283759,-0.53125143,9414,0,-0.09391332,1.836821,-10.7734375,7402,0,0,0,1
9141983760,-0.9882897,-0.95625263,-0.5331969,10201,0,0.70985645,0.10442631,-10.212461,15223,0,0,0,1
9141994533,-1.0374331,-1.0162125,-0.2578019,10773,0,-0.7153938,0.23754425,-9.396484,9475,0,0,0,1
9142003884,-0.8371224,-0.83120644,0.0029401088,9351,0,-1.149049,0.074578255,-9.246094,6760,0,0,0,1
9142014393,-0.58502513,-0.6082166,0.2226741,10509,0,-0.95846164,-0.33145562,-9.396482,8260,0,0,0,1
9142024516,-0.39718208,-0.4494104,0.39943278,10123,0,-0.9289786,-1.0637939,-9.55799,14582,0,0,0,1
9142033466,-0.23207554,-0.28720522,0.40332848,8950,0,-1.4211195,-1.6862831,-9.453125,8629,0,0,0,1
9142043711,-0.05182097,-0.082144186,0.25976872,10245,0,-1.4874108,-1.2388175,-9.433594,8422,0,0,0,1
9142054202,0.15118386,0.12917249,0.20605959,10491,0,-1.0675663,-0.3853174,-9.417971,8244,0,0,0,1
9142064890,0.34733132,0.28658223,0.3925768,10688,0,-0.49243957,-0.6446018,-9.442032,15439,0,0,0,1
9142074140,0.53034824,0.4350155,0.6669914,9250,0,-0.6214812,-0.6435771,-9.472656,6789,0,0,0,1
9142084232,0.6235408,0.5310221,0.7802813,10092,0,-0.7822356,-0.090261735,-9.969015,14981,0,0,0,1
9142094494,0.5455319,0.46126744,0.70019364,10262,0,-0.6477214,-0.15606001,-10.105469,7846,0,0,0,1
9142104159,0.38881704,0.3265693,0.6132803,9665,0,-0.7968769,0.26378465,-10.14258,9673,0,0,0,1
9142113662,0.17750646,0.15670002,0.44336182,9503,0,-0.93222135,0.9128864,-10.333982,6774,0,0,0,1
9142124160,-0.012395536,-0.01798969,0.22363186,10498,0,-0.47969246,0.45389834,-10.070007,15893,0,0,0,1
9142134376,-0.10217878,-0.116027966,0.15820277,10216,0,-0.55242777,0.10219963,-9.949219,6892,0,0,0,1
9142144095,-0.15466899,-0.1726432,0.12792943,9719,0,-0.6339108,0.42675057,-10.0078125,8652,0,0,0,1
9142154905,-0.23889513,-0.24723946,-0.028322749,10810,0,-0.41441628,0.5167493,-9.97098,15294,0,0,0,1
9142164370,-0.28100988,-0.27970216,-0.2001977,9465,0,-0.36322144,-0.30521542,-9.587889,7827,0,0,0,1
9142174307,-0.20230514,-0.18577254,-0.22949561,9937,0,-0.5399982,-0.6974387,-9.490235,8727,0,0,0,1
9142184412,-0.053844336,-0.034542467,-0.15527591,10105,0,-0.6352918,-0.70986843,-9.550781,7242,0,0,0,1
9142194625,0.069756426,0.07525491,-0.09179825,10213,0,-0.6491025,-0.37288773,-9.681641,8400,0,0,0,1
9142203931,0.13120657,0.13533944,-0.08496131,9306,0,-0.5775468,-0.16679594,-9.759595,14289,0,0,0,1
9142214813,0.21545462,0.21820068,-0.06054729,10882,0,-0.6891535,-0.22235131,-9.587891,8943,0,0,0,1
9142224658,0.38051084,0.37631416,0.030271675,9845,0,-0.72920436,-0.18230039,-9.416016,7408,0,0,0,1
9142234951,0.5655663,0.5600039,0.10644552,10293,0,-0.71460915,-0.04181162,-9.504192,14858,0,0,0,1
9142244752,0.7167443,0.7181849,0.07422282,9801,0,-0.4060345,-0.15467902,-9.494139,9376,0,0,0,1
9142254228,0.8403742,0.83900464,0.07714668,9476,0,-0.2706899,-0.4529897,-9.707031,6758,0,0,0,1
9142264464,0.72439295,0.7188232,0.100583054,10236,0,-0.35372263,-0.3054073,-10.69959,16265,0,0,0,1
9142274379,0.30449292,0.3087008,-0.00976163,9915,0,-0.24168754,-0.53447264,-10.658203,6836,0,0,0,1
9142285373,-0.035922177,-0.02622599,-0.055661507,10994,0,-0.40465352,-0.56209403,-10.125,9050,0,0,0,1
9142294658,-0.20647925,-0.20093575,-0.027342103,9285,0,-0.5399982,0.19473125,-10.2421875,7429,0,0,0,1
9142304859,-0.4764562,-0.4668134,-0.14160106,10201,0,-0.381493,0.85705084,-10.574189,14807,0,0,0,1
9142315040,-0.7975671,-0.80585545,-0.24315412,10181,0,0.5717615,-0.4253683,-10.468749,8769,0,0,0,1
9142324251,-1.0641669,-1.0682008,-0.24316874,9211,0,0.17815717,-0.79135144,-10.199221,7969,0,0,0,1
9142334901,-1.1836196,-1.1393275,-0.20511799,10650,0,-0.68915355,-0.16987078,-9.703125,7550,0,0,0,1
9142345189,-1.0241883,-0.9935484,-0.05370269,10288,0,-1.1233544,0.33154586,-9.272014,14910,0,0,0,1
9142354592,-0.7155518,-0.7345665,0.14651997,9403,0,-1.2181022,0.088388875,-9.166014,8675,0,0,0,1
9142364122,-0.41442022,-0.45289004,0.26368728,9530,0,-0.9073622,-0.81897265,-9.316405,7322,0,0,0,1
9142375029,-0.16784625,-0.19399554,0.24219099,10907,0,-0.99341494,-1.1713883,-9.420295,14991,0,0,0,1
9142384223,0.045540836,0.030417489,0.15722996,9194,0,-0.9046,0.18368262,-9.355467,7745,0,0,0,1
9142394108,0.29068735,0.2589796,0.16113508,9885,0,-0.98608303,-0.03314506,-9.28125,8559,0,0,0,1
9142404695,0.45713037,0.4115612,0.24121203,10587,0,-0.5538088,-0.5759047,-9.816405,8466,0,0,0,1
9142414884,0.5475836,0.50616914,0.26953653,10189,0,-0.53435874,-0.4302046,-9.755166,14442,0,0,0,1
9142423951,0.6677281,0.6221896,0.2890648,9067,0,-0.45989627,-0.42674947,-9.69922,8406,0,0,0,1
9142434931,0.7679042,0.72226423,0.40039408,10980,0,-0.49994716,-0.4944217,-9.621094,8506,0,0,0,1
9142444514,0.7533619,0.72851694,0.38770926,9583,0,-0.7830661,-0.23616199,-9.853516,8377,0,0,0,1
9142454715,0.61250436,0.5904063,0.3154285,10201,0,-0.5936333,0.13367376,-10.202068,13856,0,0,0,1
9142464175,0.41920158,0.39700976,0.306637,9460,0,-0.58004904,0.26516563,-10.3125,8229,0,0,0,1
9142474839,0.1995832,0.19125739,0.20800857,10664,0,-0.44608557,0.37427002,-10.351564,8410,0,0,0,1
9142484991,0.01865418,0.017253283,0.07617177,10152,0,-0.34269753,0.12846808,-10.137339,14583,0,0,0,1
9142494967,-0.07940634,-0.079416454,-0.0039063427,9976,0,-0.43089378,-0.074577056,-9.951172,8292,0,0,0,1
9142504513,-0.20024614,-0.19335815,-0.14160201,9546,0,-0.5814301,0.6698184,-10.2578125,7780,0,0,0,1
9142515128,-0.45641422,-0.42470628,-0.49804938,10615,0,-0.5413793,1.3064908,-10.490233,8353,0,0,0,1
9142525362,-0.691879,-0.6532883,-0.8623009,10234,0,-0.24474555,1.0397018,-10.206577,14646,0,0,0,1
9142535820,-0.8756255,-0.79682285,-1.0009941,10458,0,0.122914426,0.7250612,-9.990234,8938,0,0,0,1
9142545173,-0.9605786,-0.8361498,-0.98440397,9353,0,0.013810096,0.67119956,-9.761719,7728,0,0,0,1
9142555282,-0.83551896,-0.7237075,-0.8935574,10109,0,-0.50576836,-0.0019304992,-9.3946495,14717,0,0,0,1
9142565205,-0.55723375,-0.4771856,-0.6337929,9923,0,-0.7305854,-0.83278334,-9.222656,8977,0,0,0,1
9142574528,-0.22926094,-0.19887106,-0.25488162,9323,0,-0.7968769,-0.95431745,-9.337893,7488,0,0,0,1
9142585084,0.031077186,0.022783043,0.008789805,10556,0,-1.0177377,-1.0662866,-9.573101,15149,0,0,0,1
9142595293,0.16918117,0.14846404,0.07519598,10209,0,-1.3658768,-1.0620408,-9.816408,7484,0,0,0,1
9142604540,0.2313228,0.21476218,0.06054857,9247,0,-1.2843938,-0.3314557,-9.6640625,9063,0,0,0,1
9142615244,0.31488472,0.302452,0.092775226,10704,0,-1.0137044,-0.14086835,-9.666016,7257,0,0,0,1
9142624417,0.43159115,0.41638407,0.15527396,9173,0,-0.6731877,-0.19395587,-9.617274,15025,0,0,0,1
9142635497,0.55658764,0.53031296,0.25195095,11080,0,-0.7968767,-0.38531733,-9.681641,8661,0,0,0,1
9142644833,0.6443141,0.60831356,0.38280967,9336,0,-0.9460321,-0.48199213,-9.71875,7916,0,0,0,1
9142655381,0.7382512,0.6883905,0.582027,10548,0,-0.6214812,-0.80654293,-9.568359,7391,0,0,0,1
9142665577,0.79283196,0.731864,0.7822218,10196,0,-0.92688656,-0.5146396,-9.874413,14962,0,0,0,1
9142675165,0.6851135,0.62965655,0.83984184,9588,0,-0.64910257,-0.23754306,-10.3359375,9692,0,0,0,1
9142684900,0.38748562,0.3555209,0.6650388,9735,0,-0.40465355,0.14225066,-10.679686,6129,0,0,0,1
9142697843,0.046346083,0.040655036,0.35449165,12943,0,-0.43227497,0.44056135,-10.544924,16278,0,0,0,1
9142705090,-0.14218388,-0.14645903,0.2294911,7247,0,-0.5413792,0.22373362,-10.181641,7893,0,0,0,1
9142715023,-0.18505697,-0.19887868,0.24218827,9933,0,-0.39084285,0.020716634,-9.9296875,8046,0,0,0,1
9142725656,-0.21265386,-0.22238158,0.084959984,10633,0,-0.3093598,0.4806123,-9.949221,7381,0,0,0,1
9142734900,-0.3375862,-0.32532468,-0.3066458,9244,0,-0.33731037,1.0467153,-10.112652,15104,0,0,0,1
9142745211,-0.44740745,-0.40885141,-0.6191464,10311,0,-0.2831195,0.26378456,-9.759766,8327,0,0,0,1
9142754719,-0.43017563,-0.38188833,-0.6552777,9508,0,-0.24168746,0.059386503,-9.705076,7712,0,0,0,1
9142765149,-0.35351947,-0.30524904,-0.63574505,10430,0,-0.37677738,-0.09081125,-9.658361,15559,0,0,0,1
9142775181,-0.25821304,-0.20858608,-0.610356,10032,0,-0.4985661,-0.49304068,-9.687498,7481,0,0,0,1
9142785042,-0.16363461,-0.11948153,-0.47558868,9861,0,-0.6891535,-0.7361086,-9.726561,8234,0,0,0,1
9142795532,-0.07249979,-0.047652643,-0.25390697,10490,0,-0.8507386,-1.1435237,-9.6875,8426,0,0,0,1
9142805528,0.008981885,0.0131150605,-0.048828583,9996,0,-1.0333031,-1.12199,-9.757125,14618,0,0,0,1
9142815531,0.046268307,0.046263445,0.059570156,10003,0,-0.74301517,-0.35907707,-9.814453,9178,0,0,0,1
9142825222,0.08079415,0.07250478,0.13671842,9691,0,-0.5676194,-0.3715067,-9.740232,6774,0,0,0,1
9142835476,0.13948923,0.11462843,0.23925714,10254,0,-0.5538088,-0.41293877,-9.724611,8403,0,0,0,1
9142845708,0.20992129,0.17401543,0.35253924,10232,0,-0.49779645,-0.38819933,-9.724609,14749,0,0,0,1
9142855411,0.27275023,0.23410097,0.40234515,9703,0,-0.5261875,-0.1422494,-9.724609,8437,0,0,0,1
9142864811,0.32108033,0.28658834,0.39746335,9400,0,-0.49856612,-0.19472995,-9.740234,8404,0,0,0,1
9142875273,0.2955414,0.2693143,0.34179828,10462,0,-0.77063644,0.022097722,-9.970703,8196,0,0,0,1
9142885876,0.14986107,0.1360187,0.23730455,10603,0,-0.7113025,0.026241906,-10.203577,15391,0,0,0,1
9142895382,-0.01723895,-0.020051353,0.16796818,9506,0,-0.74301517,-0.03314501,-10.121094,6767,0,0,0,1
9142905987,-0.14637637,-0.15193404,0.21386695,10605,0,-0.77731127,-0.026470277,-10.066406,16553,0,0,0,1
9142916016,-0.24582507,-0.26931053,0.34179872,10029,0,-0.2541171,-0.4668004,-10.162109,6695,0,0,0,1
9142924570,-0.4204875,-0.4495841,0.35839617,8554,0,0.24721053,-0.5344726,-10.486328,8679,0,0,0,1
9142935103,-0.70285356,-0.7224084,0.23241314,10533,0,-0.011049168,0.10219967,-10.425781,7775,0,0,0,1
9142945605,-0.8589198,-0.8701769,0.11522661,10502,0,-0.6822494,0.31283635,-9.763501,14758,0,0,0,1
9142955827,-0.7844111,-0.78724456,0.057611685,10222,0,-1.0288962,0.38531843,-9.412109,7707,0,0,0,1
9142965489,-0.59725213,-0.58770436,-0.045906298,9662,0,-0.9336026,0.72368014,-9.28125,8951,0,0,0,1
9142975951,-0.32998142,-0.3122162,-0.22266231,10462,0,-0.7968768,0.74992037,-9.089844,7424,0,0,0,1
9142985951,-0.026156599,-0.0056088087,-0.31152895,10000,0,-0.90218484,-0.0728334,-9.257779,15053,0,0,0,1
9142995671,0.24382971,0.2699302,-0.24219233,9720,0,-1.6103258,0.022097632,-9.265625,8726,0,0,0,1
9143005443,0.4309621,0.45016113,-0.08887253,9772,0,-0.91979194,-0.5330916,-9.875,7675,0,0,0,1
9143015893,0.6250215,0.6165598,0.11912788,10450,0,-0.60767066,-0.765111,-9.779298,8275,0,0,0,1
9143026080,0.82320416,0.78712237,0.31541613,10187,0,-0.95897865,-0.32458618,-9.503627,14270,0,0,0,1
9143035730,0.92471915,0.87204945,0.4902259,9650,0,-0.5399982,-0.5344727,-9.685547,8829,0,0,0,1
9143044960,0.9364567,0.8824045,0.6279291,9230,0,-0.62148106,-0.45298964,-9.855468,7389,0,0,0,1
9143056167,0.76586664,0.72430027,0.61035347,11207,0,-0.36218846,-0.19413601,-10.435366,15159,0,0,0,1
9143066002,0.43370867,0.41288126,0.42675975,9835,0,-0.24306862,0.060767643,-10.566408,8704,0,0,0,1
9143075682,0.13951144,0.13669953,0.21093889,9680,0,-0.35079187,0.11601032,-10.279297,7563,0,0,0,1
9143085357,-0.0027542708,-8.493318e-06,0.07128937,9675,0,-0.41846412,0.020716641,-10.048828,8792,0,0,0,1
9143095359,-0.049715675,-0.048340224,0.0058594826,10002,0,-0.33574513,-0.21336123,-9.9414215,13933,0,0,0,1
9143106068,-0.08700537,-0.08700924,-0.037109274,10709,0,-0.47232577,-0.06076637,-9.988281,8978,0,0,0,1
9143115693,-0.21267852,-0.20440373,-0.16406314,9625,0,-0.60767037,0.48061225,-10.199217,7423,0,0,0,1
9143125709,-0.37357637,-0.35424584,-0.29980552,10016,0,-0.4345777,0.026398258,-10.0130205,15050,0,0,0,1
9143136348,-0.43645418,-0.42257035,-0.23339571,10639,0,-0.06629188,-1.1159023,-9.873047,9475,0,0,0,1
9143145883,-0.42267072,-0.4170181,-0.059567273,9535,0,-0.3784133,-1.0219897,-9.738283,6876,0,0,0,1
9143155519,-0.2776329,-0.2747938,0.076172166,9636,0,-1.0689472,-0.35907704,-9.296875,8184,0,0,0,1
9143165668,-0.06701277,-0.0710934,0.16015732,10149,0,-0.8146719,-0.23218699,-9.541657,14308,0,0,0,1
9143175428,0.029679853,0.020039286,0.17285222,9760,0,-0.4723258,-0.38669837,-9.796875,8950,0,0,0,1
9143185952,0.07526285,0.058701664,0.17773455,10524,0,-0.56761956,-0.48199207,-9.724609,7372,0,0,0,1
9143195967,0.12774247,0.105658576,0.19726603,10015,0,-0.5321251,-0.24065767,-9.760377,15085,0,0,0,1
9143205584,0.1657199,0.14363968,0.17480537,9617,0,-0.3908428,-0.087006666,-9.759766,8781,0,0,0,1
9143215106,0.20783624,0.18853113,0.10351674,9522,0,-0.3784132,-0.07457706,-9.705078,7550,0,0,0,1
9143225593,0.2872415,0.27761585,0.014651249,10487,0,-0.4598962,-0.020715427,-9.609375,8715,0,0,0,1
9143235645,0.4274201,0.42608044,-0.06152017,10052,0,-0.6878311,0.1823601,-9.4921875,14150,0,0,0,1
9143245234,0.5627692,0.5628013,-0.1259759,9589,0,-0.6076704,0.20992291,-9.701172,9070,0,0,0,1
9143256385,0.59175646,0.594581,-0.20214722,11151,0,-0.29554912,-0.046955697,-9.912109,7068,0,0,0,1
9143265538,0.53716606,0.54421055,-0.31054446,9153,0,-0.07872149,-0.29140475,-9.970705,7265,0,0,0,1
9143276227,0.44806993,0.4523849,-0.4667975,10689,0,0.25964013,-0.5745235,-10.046873,16226,0,0,0,1
9143286870,0.30440575,0.30464295,-0.61132926,10643,0,0.3411231,0.048337996,-10.21875,9049,0,0,0,1
9143296301,0.11241752,0.114078365,-0.7451168,9431,0,0.0027615055,0.7374909,-10.273437,7211,0,0,0,1
9143306506,-0.07262499,-0.06547873,-0.8984367,10205,0,-0.42206448,0.032635342,-10.177531,14359,0,0,0,1
9143316200,-0.21416223,-0.19877127,-0.99121064,9694,0,-0.62148106,-0.40050903,-10.089842,8698,0,0,0,1
9143325691,-0.3177209,-0.29408565,-0.9980471,9491,0,-0.60767037,-0.49442166,-10.029295,7503,0,0,0,1
9143335898,-0.37156367,-0.34244266,-0.91992223,10207,0,-0.4861365,-0.5330916,-9.890625,8817,0,0,0,1
9143346342,-0.34669095,-0.3189798,-0.7099611,10444,0,-0.253667,-0.7407695,-9.6704855,14348,0,0,0,1
9143355821,-0.24104881,-0.2243683,-0.31054613,9479,0,-0.078721456,-1.4818853,-9.548828,8231,0,0,0,1
9143366457,-0.10224623,-0.10353161,0.12304848,10636,0,-0.43227485,-1.780196,-9.568359,8384,0,0,0,1
9143376444,0.0013571503,-0.0041190083,0.26562554,9987,0,-0.96528864,-1.353785,-9.686357,14565,0,0,0,1
9143386389,0.06834776,0.064234436,0.26562527,9945,0,-0.39084288,-0.8742155,-9.744141,9030,0,0,0,1
9143395777,0.12429313,0.11187082,0.4062497,9388,0,-0.4447044,-1.0634215,-9.781248,7779,0,0,0,1
9143406229,0.16711667,0.14638637,0.61621064,10452,0,-0.50617796,-1.0432734,-9.777299,14768,0,0,0,1
9143416788,0.20164195,0.1726291,0.7734369,10559,0,-0.49856603,-0.71124923,-9.759766,7500,0,0,0,1
9143426546,0.22372164,0.19750129,0.8095714,9758,0,-0.41846412,-0.41293865,-9.792967,8427,0,0,0,1
9143435934,0.2658217,0.24379008,0.78808755,9388,0,-0.17401513,-0.43917894,-9.701172,8447,0,0,0,1
9143445973,0.36523798,0.3377287,0.80566466,10039,0,-0.03728942,-0.54828334,-9.589844,8223,0,0,0,1
9143456768,0.43013912,0.4026465,0.7353532,10795,0,-0.14464124,0.10667653,-9.807422,15343,0,0,0,1
9143466278,0.44462162,0.41854993,0.53711027,9510,0,-0.24168742,0.30521655,-9.814451,7783,0,0,0,1
9143476523,0.42115706,0.40334168,0.31054932,10245,0,-0.26792777,0.2237336,-9.931641,7418,0,0,0,1
9143486947,0.2154176,0.2209971,0.08594279,10424,0,0.19261433,-0.49344355,-10.414161,14692,0,0,0,1
9143496550,0.006900805,0.0055288104,-0.02148467,9603,0,-0.052481174,-0.64357704,-9.833984,8951,0,0,0,1
9143506157,-0.029003477,-0.052479893,-0.033203285,9607,0,-0.0939132,-0.602145,-9.851561,7722,0,0,0,1
9143517063,-0.0476431,-0.06560249,-0.13085985,10906,0,0.11922116,-0.01635321,-9.981104,14617,0,0,0,1
9143526448,-0.16917278,-0.17056233,-0.47558862,9385,0,0.0966741,0.64357823,-10.240234,7683,0,0,0,1
9143536162,-0.31557065,-0.29899746,-0.8593775,9714,0,-0.052481197,0.033146262,-9.9921875,8951,0,0,0,1
9143546942,-0.37012756,-0.34664375,-0.99121207,10780,0,-0.14639384,-0.33145565,-9.892578,7554,0,0,0,1
9143557090,-0.37429267,-0.3507667,-0.9287109,10148,0,-0.2563844,-0.48021662,-9.824991,14862,0,0,0,1
9143566485,-0.34253776,-0.3217544,-0.74121064,9395,0,-0.20025544,-0.6560067,-9.681643,8766,0,0,0,1
9143576181,-0.2354993,-0.22439663,-0.40917882,9696,0,-0.21406612,-1.3465407,-9.472656,7682,0,0,0,1
9143586563,-0.05663591,-0.05108581,-0.026367737,10382,0,-0.79073286,-2.2163904,-9.4416895,15782,0,0,0,1
9143596814,0.09597652,0.098755196,0.22558534,10251,0,-0.37841326,-1.1297129,-9.666016,6891,0,0,0,1
9143606472,0.19749235,0.19059011,0.4306631,9658,0,-0.17539623,-1.2250066,-9.626953,8831,0,0,0,1
9143616130,0.3052256,0.28587425,0.70800644,9658,0,-0.20163652,-1.2788683,-9.607422,7406,0,0,0,1
9143626687,0.4191553,0.39291215,0.97851557,10557,0,-0.19382313,-0.989241,-9.637499,15401,0,0,0,1
9143636809,0.499917,0.4737333,1.093752,10122,0,-0.33698118,-0.19611105,-9.839844,8238,0,0,0,1
9143646234,0.3886657,0.45094916,0.7783553,9425,0,-0.45851523,0.737491,-10.525391,7493,0,0,0,1
9143656663,0.162209,0.28243595,0.29983342,10429,0,-0.038670547,0.45299098,-10.484377,8209,0,0,0,1
9143666679,0.04488727,0.09598007,0.112307206,10016,0,0.0906665,-0.4882796,-9.852668,15023,0,0,0,1
9143676715,0.0048394725,0.0089743165,0.0820312,10036,0,-0.052481167,-0.69881976,-9.816406,8273,0,0,0,1
9143686159,-0.013118423,-0.018645559,0.058593776,9444,0,-0.066291854,-0.6850091,-9.816406,8399,0,0,0,1
9143696997,-0.024857905,-0.040051747,0.03613286,10838,0,-0.015384249,-0.6457446,-9.824637,14234,0,0,0,1
9143707007,-0.038667865,-0.07872181,0.014648805,10010,0,0.07043387,-0.60352594,-9.853516,9377,0,0,0,1
9143716497,-0.055931177,-0.12774973,-0.0078120567,9490,0,0.029001834,-0.58971536,-9.8515625,6763,0,0,0,1
9143726811,-0.06628565,-0.14639564,-0.064453356,10314,0,-0.048948262,-0.055827048,-10.01979,15814,0,0,0,1
9143737186,-0.16914721,-0.20924287,-0.35938436,10375,0,0.20439738,0.8866461,-10.333983,7347,0,0,0,1
9143746268,-0.33279398,-0.3259455,-0.7998172,9082,0,0.04281249,0.12843995,-10.005857,8227,0,0,0,1
9143756297,-0.3735591,-0.3556389,-0.9531276,10029,0,-0.09391323,-0.602145,-9.759766,8417,0,0,0,1
9143766549,-0.29416654,-0.2789758,-0.7509769,10252,0,-0.3606008,-1.363149,-9.563021,14687,0,0,0,1
9143777124,-0.13742003,-0.12774308,-0.32812563,10575,0,-0.71539384,-2.0936987,-9.453125,8854,0,0,0,1
9143786410,0.013116968,0.018649843,0.07617109,9286,0,-0.6339108,-1.5233173,-9.625,7789,0,0,0,1
9143797029,0.13465127,0.1332774,0.3486322,10619,0,-0.28311953,-1.089662,-9.56836,7362,0,0,0,1
9143807330,0.27275753,0.2561959,0.6406235,10301,0,-0.25549817,-1.3737626,-9.609117,14975,0,0,0,1
9143816931,0.36253744,0.33904544,0.87988245,9601,0,-0.35079184,-0.8314023,-9.800781,9652,0,0,0,1
9143826421,0.35906237,0.34803623,0.8466832,9490,0,-0.34941077,-0.23616199,-9.912109,6781,0,0,0,1
9143836943,0.23885533,0.3176577,0.5205322,10522,0,-0.037069727,0.19419642,-10.210335,15726,0,0,0,1
9143846999,0.1125191,0.22442642,0.23146097,10056,0,0.20439741,-0.33145562,-9.89453,7090,0,0,0,1
9143856635,0.060082104,0.09874556,0.13183396,9636,0,0.015191147,-0.44056,-9.855467,8624,0,0,0,1
9143867160,0.029005378,0.03728771,0.08691357,10525,0,-0.100845106,-0.67807716,-9.815426,14807,0,0,0,1
9143877301,0.019335419,0.0207159,0.062499896,10141,0,-0.06629185,-0.6850091,-9.814453,7573,0,0,0,1
9143886921,0.0041438933,-0.0013814259,0.03515615,9620,0,-0.052481167,-0.69881976,-9.816406,8683,0,0,0,1
9143896363,-0.02209623,-0.030384121,0.0019529992,9442,0,-0.06629183,-0.685009,-9.816406,7463,0,0,0,1
9143906809,-0.03659773,-0.050409388,-0.020507812,10446,0,-0.052481167,-0.6711984,-9.816406,8371,0,0,0,1
9143916993,-0.044884507,-0.07941178,-0.03710882,10184,0,0.08728324,-0.58391464,-9.862663,14702,0,0,0,1
9143926663,-0.13188086,-0.24514598,-0.2792964,9670,0,-0.0662919,0.4529909,-10.292968,8432,0,0,0,1
9143937382,-0.36522162,-0.4523104,-0.87404746,10719,0,-0.1878259,1.4418358,-10.619141,8483,0,0,0,1
9143947400,-0.6456135,-0.62208825,-1.2910734,10018,0,0.68533975,-1.2318482,-10.4389105,15402,0,0,0,1
9143957379,-0.8856398,-0.8489631,-1.040041,9979,0,0.7747785,-2.7690406,-10.201172,8355,0,0,0,1
9143966697,-0.9340445,-0.91243994,-0.4911983,9318,0,-0.90460014,-1.3879727,-9.4921875,6771,0,0,0,1
9143977357,-0.7383882,-0.7269222,-0.09862895,10660,0,-1.3396364,-0.7651111,-9.2421875,8224,0,0,0,1
9143987383,-0.503531,-0.5018852,0.13574626,10026,0,-1.313219,-0.21160519,-9.371345,14715,0,0,0,1
9143997050,-0.337054,-0.34519225,0.26855856,9667,0,-1.0689471,-0.16848971,-9.529297,8435,0,0,0,1
9144007412,-0.20306367,-0.2209226,0.33984733,10362,0,-0.85211957,-0.1422494,-9.546877,8251,0,0,0,1
9144017459,-0.056673445,-0.081432015,0.3857456,10047,0,-0.5585807,-0.66789865,-9.537877,14695,0,0,0,1
9144027552,0.11526074,0.078090645,0.48730883,10093,0,-0.47232583,-0.9004558,-9.4921875,8770,0,0,0,1
9144036785,0.2982567,0.23898208,0.6689489,9233,0,-0.45989615,-0.77754056,-9.511717,7773,0,0,0,1
9144047247,0.4722823,0.3991688,0.88379383,10462,0,-0.45863655,-0.57596976,-9.540787,14819,0,0,0,1
9144057430,0.57998633,0.5165689,0.96485466,10183,0,-0.8921704,0.1160103,-9.78125,7602,0,0,0,1
9144067179,0.6137908,0.5711545,0.85255104,9749,0,-0.7692554,-0.0069047287,-9.781251,8797,0,0,0,1
9144077434,0.6041609,0.57526547,0.7373111,10255,0,-0.56623846,-0.23754302,-9.916016,7620,0,0,0,1
9144087371,0.47646856,0.45851114,0.58789307,9937,0,0.08157047,0.06970725,-10.299059,15003,0,0,0,1
9144097759,0.26378146,0.2527386,0.31738237,10388,0,0.38117415,0.44194233,-10.277344,8883,0,0,0,1
9144107306,0.08975269,0.084263116,0.029296475,9547,0,0.29969114,0.089770034,-10.103516,7861,0,0,0,1
9144117822,-0.013135661,-0.014484627,-0.23632829,10516,0,0.28536606,0.45651352,-10.164089,14829,0,0,0,1
9144127026,-0.17818472,-0.17122322,-0.6738284,9204,0,0.19058669,1.3617338,-10.488283,7604,0,0,0,1
9144136376,-0.42817318,-0.40045995,-1.2558609,9350,0,-0.3507919,0.9556997,-10.261719,9610,0,0,0,1
9144147315,-0.61184055,-0.552377,-1.6445378,10939,0,-0.94603217,0.4129399,-10.068357,6904,0,0,0,1
9144157714,-0.70236623,-0.6206646,-1.6630933,10399,0,-0.6278933,-0.27409512,-9.972215,15943,0,0,0,1
9144167817,-0.7419438,-0.66949004,-1.2177647,10103,0,-0.02485982,-0.42536837,-9.873047,6381,0,0,0,1
9144177416,-0.7352096,-0.70109266,-0.42185134,9599,0,-0.21406612,-0.6698173,-9.779297,9021,0,0,0,1
9144187171,-0.6571673,-0.68937385,0.4219119,9755,0,-0.5538089,-0.95431745,-9.687502,7410,0,0,0,1
9144197150,-0.5057803,-0.5935441,0.91507274,9979,0,-1.3849719,-2.0575168,-9.496594,15052,0,0,0,1
9144207766,-0.3170749,-0.39693907,0.8545025,10616,0,-1.4459786,-1.6586621,-9.470705,8913,0,0,0,1
9144217484,-0.13058008,-0.18430477,0.59375584,9718,0,-0.7430151,-0.65738773,-9.509766,7460,0,0,0,1
9144227945,0.075185776,0.018732594,0.49219677,10461,0,-0.57024264,-0.5239616,-9.387129,15636,0,0,0,1
9144238182,0.31340823,0.24178301,0.58399516,10237,0,-0.7443962,-0.520662,-9.451172,6960,0,0,0,1
9144247894,0.5212883,0.43716943,0.74122036,9712,0,-0.8383088,-0.39912802,-9.548828,8838,0,0,0,1
9144257309,0.65457654,0.5718049,0.82911116,9415,0,-0.7844472,-0.34526637,-9.6484375,7414,0,0,0,1
9144267407,0.72638917,0.6546713,0.83204156,10098,0,-0.49624792,-0.057067145,-9.838202,15681,0,0,0,1
9144277937,0.6511352,0.59872615,0.6914134,10530,0,-6.407499e-07,0.33145696,-10.386719,8582,0,0,0,1
9144287350,0.38253874,0.35633105,0.37890887,9413,0,0.20439738,0.45299098,-10.564453,6754,0,0,0,1
9144297576,0.107709035,0.099452496,0.054687236,10226,0,0.11048479,0.41155893,-10.337893,8208,0,0,0,1
9144307889,-0.027635407,-0.02898703,-0.18164094,10313,0,-0.11343811,0.415446,-10.0860615,14937,0,0,0,1
9144317188,-0.17126259,-0.1532849,-0.5537116,9299,0,-0.24168748,1.3879735,-10.333984,8295,0,0,0,1
9144327230,-0.36944813,-0.31693453,-1.0400409,10042,0,-0.39084277,0.91564864,-10.140625,8439,0,0,0,1
9144337280,-0.49238047,-0.41358623,-1.2451198,10050,0,-0.6352918,0.074578285,-9.98828,8222,0,0,0,1
9144348164,-0.55875427,-0.47150385,-1.0957022,10884,0,-0.7934185,-0.19127175,-9.9556675,15456,0,0,0,1
9144357748,-0.5892645,-0.52524644,-0.6620951,9584,0,-0.41708308,-0.1408683,-9.873047,6829,0,0,0,1
9144368252,-0.60589284,-0.5970155,-0.050754424,10504,0,-0.08722956,-0.8873873,-9.935049,15876,0,0,0,1
9144377232,-0.58580333,-0.6267734,0.38772157,8980,0,-1.1214278,-1.4694557,-9.587891,7203,0,0,0,1
9144386926,-0.44478503,-0.4984836,0.48145512,9694,0,-1.6503768,-1.457026,-9.337891,8993,0,0,0,1
9144397450,-0.20239945,-0.24092631,0.41406757,10524,0,-1.6241364,-0.69881976,-9.244141,7862,0,0,0,1
9144408219,0.04411037,0.0069896383,0.38477376,10769,0,-0.8234141,-0.45836315,-9.435165,14437,0,0,0,1
9144417406,0.2506038,0.18305804,0.503912,9187,0,-0.74301517,-0.9529361,-9.570311,7869,0,0,0,1
9144427583,0.40808153,0.3142173,0.6933625,10177,0,-0.9322214,-0.6283853,-9.628907,8355,0,0,0,1
9144438496,0.50129336,0.40882313,0.7734455,10913,0,-0.95984274,-0.22235136,-9.705079,8790,0,0,0,1
9144447318,0.5150843,0.44336894,0.69337,8822,0,-0.73157805,0.16987197,-9.872632,14182,0,0,0,1
9144457914,0.43916655,0.3908497,0.57129395,10596,0,-0.4184642,0.1560613,-10.181641,8156,0,0,0,1
9144468167,0.26036867,0.2312871,0.446289,10253,0,-0.45851523,0.494423,-10.392578,8691,0,0,0,1
9144478025,0.035956644,0.026187707,0.2978503,9858,0,-0.41846424,0.7526827,-10.279297,8516,0,0,0,1
9144488019,-0.10147881,-0.1070624,0.1621084,9994,0,-0.13978538,0.5539007,-9.98811,13620,0,0,0,1
9144497668,-0.19055195,-0.19338408,-0.10449283,9649,0,-0.1477749,0.61457586,-10.140625,8628,0,0,0,1
9144507535,-0.38525096,-0.34532937,-0.61817116,9867,0,-0.26930892,1.2526295,-10.333986,7519,0,0,0,1
9144517755,-0.56134003,-0.46201524,-1.0527474,10220,0,-0.5119302,0.8299142,-9.896043,15274,0,0,0,1
9144528036,-0.5876215,-0.4633541,-1.1142675,10281,0,-0.74301517,0.4005103,-9.8125,8516,0,0,0,1
9144538507,-0.5704813,-0.4625464,-0.8603451,10471,0,-0.5399982,0.2775952,-9.833984,7772,0,0,0,1
9144548193,-0.53399205,-0.47970647,-0.374,9686,0,-0.41846415,-0.08700668,-9.8359375,8862,0,0,0,1
9144558277,-0.45180935,-0.472125,0.14846608,10084,0,-0.9963125,-0.86982656,-9.708576,13963,0,0,0,1
9144568245,-0.3094747,-0.36034387,0.40431088,9968,0,-1.716668,-1.4432154,-9.509766,8428,0,0,0,1
9144577572,-0.13263236,-0.16844349,0.35547236,9327,0,-1.7580998,-1.1587154,-9.490234,7470,0,0,0,1
9144587888,0.02758876,-0.0027282566,0.25488672,10316,0,-1.0293704,-0.14078854,-9.529297,15266,0,0,0,1
9144598565,0.19883814,0.16024199,0.23047301,10677,0,-0.6491024,-0.48061097,-9.589842,9531,0,0,0,1
9144608405,0.3569689,0.32389736,0.20508453,9840,0,-0.59385985,-0.6711984,-9.513672,6840,0,0,0,1
9144617871,0.4543388,0.428164,0.14844218,9466,0,-0.55380887,0.073197186,-9.646484,8268,0,0,0,1
9144628088,0.540652,0.52277094,0.07422351,10217,0,-0.4897322,0.15770358,-9.700114,14435,0,0,0,1
9144638005,0.61038077,0.6118647,-0.028310345,9917,0,-0.7029642,0.24997391,-9.779298,8770,0,0,0,1
9144648239,0.60140675,0.61393315,-0.12401785,10234,0,-0.7568258,0.41155893,-9.9296875,7420,0,0,0,1
9144658466,0.46536893,0.48894957,-0.19628197,10227,0,-0.6815047,0.2990549,-10.309433,15853,0,0,0,1
9144668531,0.2154083,0.24310702,-0.18944645,10065,0,-0.85073864,0.209923,-10.392578,8782,0,0,0,1
9144678311,-0.0013929087,0.020729655,-0.07421473,9780,0,-0.85073835,-0.005523644,-10.103516,6332,0,0,0,1
9144688154,-0.084248945,-0.06766721,0.017579624,9843,0,-0.52832097,-0.06453169,-9.901637,15554,0,0,0,1
9144698550,-0.13051045,-0.12360584,0.023438798,10396,0,-0.14639382,-0.33145574,-10.181641,7763,0,0,0,1
9144708254,-0.27068147,-0.24721964,-0.026368223,9704,0,-0.30935982,0.10219966,-10.3359375,9331,0,0,0,1
9144718608,-0.44054493,-0.31627977,-0.11232353,10354,0,-0.66153216,0.5897165,-10.183592,6764,0,0,0,1
9144727801,-0.48955727,-0.22444998,-0.19438422,9193,0,-0.69943166,0.58941114,-9.701012,15740,0,0,0,1
9144738273,-0.3894402,-0.111890554,-0.21877496,10472,0,-0.5109957,0.4944229,-9.201174,7178,0,0,0,1
9144747743,-0.16989051,-0.1657392,-0.12788993,9470,0,-0.3494107,0.1698719,-8.8203125,8438,0,0,0,1
9144758405,0.102167785,-0.2941762,0.011771523,10662,0,-0.6076704,-0.3038344,-8.837891,8429,0,0,0,1
9144768423,0.18436939,-0.11255662,0.016639514,10018,0,-1.2762251,-0.92630726,-10.08288,14364,0,0,0,1
9144778497,0.17262764,0.16296253,0.03812724,10074,0,-0.864549,-0.23754308,-9.548828,8567,0,0,0,1
9144787996,0.30662006,0.28033274,0.23339711,9499,0,-0.8521194,-0.46818137,-9.585936,7685,0,0,0,1
9144798434,0.46268204,0.39910692,0.44140047,10438,0,-0.73058563,-0.42674947,-9.646486,8178,0,0,0,1
9144808453,0.58421457,0.5040633,0.62304693,10019,0,-0.3988286,-0.5545064,-9.664947,14714,0,0,0,1
9144818151,0.63185495,0.5572347,0.7275449,9698,0,-0.5399982,-0.26378337,-9.9140625,8467,0,0,0,1
9144828605,0.584865,0.5337905,0.6582123,10454,0,-0.7029642,0.08977002,-9.972656,8409,0,0,0,1
9144838799,0.5296023,0.4951463,0.5302794,10194,0,-0.5084433,-0.0771294,-9.984785,14366,0,0,0,1
9144848876,0.40811104,0.38185927,0.42187518,10077,0,-0.51237684,-0.1008173,-10.431641,9168,0,0,0,1
9144857893,0.18026106,0.16776618,0.2841794,9017,0,-0.49994722,-0.033144977,-10.353514,7788,0,0,0,1
9144868633,-0.006195615,-0.0062353183,0.1416015,10740,0,-0.4585606,-0.04811422,-10.068544,14901,0,0,0,1
9144878894,-0.0973537,-0.09461511,0.070312485,10261,0,-0.5814302,-0.11462803,-10.03125,7512,0,0,0,1
9144888078,-0.18436134,-0.18162185,-0.0039060444,9184,0,-0.7043452,0.11601032,-10.128906,9066,0,0,0,1
9144898771,-0.31624377,-0.30661815,-0.1562507,10693,0,-0.43227488,-0.020715384,-10.146484,7188,0,0,0,1
9144908199,-0.4585074,-0.4391862,-0.2500015,9428,0,-0.15559098,-0.5034796,-10.064657,14876,0,0,0,1
9144918882,-0.5365738,-0.5171805,-0.21093632,10683,0,-0.43227488,-0.5068513,-9.761719,8877,0,0,0,1
9144928294,-0.47375703,-0.46398765,-0.07909803,9412,0,-0.7443962,-0.3853174,-9.494141,7794,0,0,0,1
9144938784,-0.2893802,-0.29066786,0.07812772,10490,0,-0.97365355,-0.20854071,-9.36133,7376,0,0,0,1
9144949129,-0.0870418,-0.09387781,0.16113445,10345,0,-0.7816492,-0.16919807,-9.463586,15094,0,0,0,1
9144957711,0.054533344,0.04628484,0.15332127,8582,0,-0.53999823,-0.34388536,-9.666018,8654,0,0,0,1
9144968241,0.15052615,0.13811746,0.14843789,10530,0,-0.6477214,-0.29140466,-9.705078,7802,0,0,0,1
9144978758,0.2492736,0.23133849,0.17285194,10517,0,-0.6877724,-0.25135377,-9.667969,8290,0,0,0,1
9144989048,0.35353917,0.33423272,0.17968883,10290,0,-0.6289338,-0.1253829,-9.659562,15175,0,0,0,1
9144998530,0.44261134,0.4246995,0.15527533,9482,0,-0.44332337,-0.16987075,-9.685547,7853,0,0,0,1
9145009176,0.5171888,0.5006585,0.12011871,10646,0,-0.34941083,-0.23616204,-9.703127,7565,0,0,0,1
9145019164,0.59935886,0.5855977,0.08496341,9988,0,-0.29554904,-0.317645,-9.666016,7400,0,0,0,1
9145028327,0.70500726,0.69677657,0.043949276,9163,0,-0.17263408,-0.4129387,-9.667969,16920,0,0,0,1
9145038506,0.7457211,0.7416895,-0.057614703,10179,0,-0.22649574,-0.16848966,-9.953125,6275,0,0,0,1
9145048956,0.5758109,0.5690948,-0.19433828,10450,0,-0.043654922,-0.38372985,-10.561974,16607,0,0,0,1
9145059164,0.2409208,0.23416682,-0.23242389,10208,0,-0.18782583,-0.50823224,-10.431641,6911,0,0,0,1
9145068631,-0.0048825075,-0.0075462544,-0.23730528,9467,0,-0.10496177,0.06076761,-10.068359,8602,0,0,0,1
9145078560,-0.16092056,-0.15534192,-0.50195354,9929,0,0.17815715,0.8604059,-10.201172,7688,0,0,0,1
9145088542,-0.2851812,-0.26724282,-0.9365246,9982,0,0.31067812,0.6076493,-9.94608,15075,0,0,0,1
9145099125,-0.3175977,-0.2942158,-1.2470711,10583,0,0.11048481,0.33145684,-9.874998,8566,0,0,0,1
9145108822,-0.30376,-0.2735229,-1.4482443,9697,0,0.124295525,0.34526765,-9.759766,7648,0,0,0,1
9145119357,-0.22982973,-0.1858573,-1.5185599,10535,0,0.045142934,-0.03687459,-9.530868,15886,0,0,0,1
9145128521,-0.08546494,-0.041585915,-1.3281306,9164,0,-0.37841317,-1.1573343,-9.5703125,6962,0,0,0,1
9145139236,0.04360227,0.06825813,-0.92773753,10715,0,-0.79687667,-1.9293507,-9.705078,8547,0,0,0,1
9145148621,0.115400866,0.131814,-0.45117378,9385,0,-0.9045999,-2.3630066,-9.685546,7402,0,0,0,1
9145158670,0.16164675,0.17395721,0.003905277,10049,0,-1.0799956,-2.5660233,-9.761719,9227,0,0,0,1
9145169309,0.20030531,0.20020802,0.35058385,10639,0,-0.7477693,-1.7948124,-9.757205,15385,0,0,0,1
9145178889,0.26036516,0.2492523,0.62695116,9580,0,-0.30935985,-1.2788684,-9.646486,6837,0,0,0,1
9145189493,0.3535571,0.33559716,0.8623041,10604,0,-0.20460719,-0.9340673,-9.6001425,15569,0,0,0,1
9145198590,0.4702002,0.44959134,0.9746104,9097,0,-0.02624088,-0.3438853,-9.646485,7495,0,0,0,1
9145208891,0.45840833,0.4944902,0.7597858,10301,0,-0.4723259,0.91426766,-10.701172,8170,0,0,0,1
9145218914,0.22642796,0.31214258,0.32131577,10023,0,-0.28173846,0.5883355,-10.775389,8620,0,0,0,1
9145229134,0.047646135,0.09183642,0.09180182,10220,0,-0.0016910936,-0.5589407,-9.854364,14479,0,0,0,1
9145239345,0.029004063,0.03866975,0.059569616,10211,0,-0.106342815,-0.5897153,-9.855467,9089,0,0,0,1
9145249241,0.024168178,0.029693438,0.030273374,9896,0,0.0013804752,-0.69743884,-9.855471,7775,0,0,0,1
9145259660,0.0103580635,0.010358014,0.012695264,10419,0,0.0013804754,-0.7110575,-9.854506,14538,0,0,0,1
9145269676,-0.022096733,-0.030383755,0.00195305,10016,0,0.3397421,-0.9004557,-9.853514,7686,0,0,0,1
9145279201,-0.06836311,-0.10427042,0.01660175,9525,0,0.50270796,-0.9004555,-9.912107,8880,0,0,0,1
9145289116,-0.0876915,-0.14708774,-0.052733645,9915,0,0.5579508,-0.9004556,-9.873047,7944,0,0,0,1
9145298740,-0.077987194,-0.11810667,-0.3974618,9624,0,1.0178463,-1.1172836,-9.814455,8422,0,0,0,1
9145308732,-0.15811932,-0.16641186,-0.6972701,9992,0,0.30443394,-0.81264603,-10.15551,13865,0,0,0,1
9145318619,-0.33018753,-0.31890428,-0.5263709,9887,0,-1.0551367,-0.5883343,-10.1796875,8050,0,0,0,1
9145329057,-0.45591605,-0.43624634,-0.09765735,10438,0,-1.229151,-0.8452129,-10.0859375,8384,0,0,0,1
9145339264,-0.48971662,-0.47288242,0.23144698,10207,0,-0.6834805,-0.9225228,-9.840585,14748,0,0,0,1
9145349430,-0.4613614,-0.45704335,0.43457502,10166,0,-0.93222153,-0.30521542,-9.779299,9092,0,0,0,1
9145359345,-0.41783217,-0.4287564,0.5605526,9915,0,-1.0399448,0.12843992,-9.722656,7467,0,0,0,1
9145368641,-0.37154397,-0.39356306,0.6181683,9296,0,-0.9184108,0.24997394,-9.738281,8440,0,0,0,1
9145378862,-0.29143643,-0.3217536,0.6074256,10221,0,-0.42090547,-0.14935064,-9.595211,14030,0,0,0,1
9145389579,-0.15610263,-0.18777996,0.5078163,10717,0,-0.17401513,-0.30383435,-9.488281,8960,0,0,0,1
9145399203,-0.02696295,-0.04899495,0.32422107,9624,0,-0.026240878,-0.12843873,-9.5859375,7444,0,0,0,1
9145409463,0.062821396,0.049046688,0.113282666,10260,0,-0.24106771,0.0075256857,-9.695648,14995,0,0,0,1
9145419780,0.09666676,0.08701605,0.010742807,10317,0,-0.39222386,-0.49442172,-9.873047,8965,0,0,0,1
9145428768,0.068362415,0.064220116,0.0019533483,8988,0,-0.32317048,-0.34526634,-10.005859,7805,0,0,0,1
9145439453,0.0379787,0.035217937,-0.012695333,10685,0,-0.36322147,-0.3052154,-9.96875,7399,0,0,0,1
9145450007,0.02416838,0.021406876,-0.01757816,10554,0,-0.40465346,-0.35753015,-9.864597,14992,0,0,0,1
9145459021,0.016572809,0.013810675,-0.011718769,9014,0,-0.39222386,-0.3314557,-9.855469,8092,0,0,0,1
9145469676,0.031074034,0.029692993,-0.024414018,10655,0,-0.3369811,-0.33145565,-9.759764,8407,0,0,0,1
9145479110,0.06490986,0.0635295,-0.064453065,9434,0,-0.09876246,-0.34362036,-9.749289,14692,0,0,0,1
9145490004,0.13050888,0.13051313,-0.1728514,10894,0,0.3535528,-0.20992178,-9.529297,8878,0,0,0,1
9145499203,0.26930916,0.2789763,-0.361327,9199,0,0.43503582,-0.26378334,-9.472656,7797,0,0,0,1
9145509897,0.41847417,0.43502653,-0.5136715,10694,0,0.14420696,-0.4060878,-9.696144,15115,0,0,0,1
9145519074,0.4667853,0.48200625,-0.6093762,9177,0,-0.28311953,-0.3052154,-9.990234,7351,0,0,0,1
9145528700,0.40670165,0.41226736,-0.58301055,9626,0,-0.55380887,-0.41293865,-10.107422,9090,0,0,0,1
9145539613,0.27343947,0.27069813,-0.41894746,10913,0,-0.55380887,-0.71124935,-10.201172,6986,0,0,0,1
9145548981,0.06969798,0.0656458,-0.28808677,9368,0,0.0014760236,-1.1919087,-10.352639,16234,0,0,0,1
9145559436,-0.14160134,-0.13737276,-0.21386741,10455,0,-0.35079196,-0.8341645,-10.025391,6554,0,0,0,1
9145569091,-0.22928096,-0.21680216,-0.13964915,9655,0,-0.95984286,-0.5482834,-9.792969,8561,0,0,0,1
9145579381,-0.22789219,-0.21957338,-0.049803935,10290,0,-0.89217055,-0.560713,-9.8515625,8381,0,0,0,1
9145589574,-0.30523238,-0.29691273,0.019531798,10193,0,-0.07672359,-0.90847284,-10.263463,14589,0,0,0,1
9145599457,-0.5489894,-0.5434348,0.09472899,9883,0,0.25964013,-1.171145,-10.658203,8069,0,0,0,1
9145609840,-0.8445458,-0.85140413,0.19922571,10383,0,-0.08010256,-0.7513003,-10.392578,8688,0,0,0,1
9145619337,-0.96403736,-0.98050517,0.29981104,9497,0,-0.7430152,0.20992292,-9.875,8204,0,0,0,1
9145629332,-0.79424846,-0.81331575,0.42187938,9995,0,-1.5649346,0.30256772,-9.142847,14229,0,0,0,1
9145639115,-0.48292655,-0.51972574,0.62892306,9783,0,-1.9887382,0.2624034,-9.28125,8048,0,0,0,1
9145649739,-0.31849286,-0.38998365,0.8418154,10624,0,-1.1628597,0.27621415,-9.798828,8413,0,0,0,1
9145660140,-0.25413585,-0.3369493,0.7832103,10401,0,0.06629338,-0.018260945,-9.588311,15285,0,0,0,1
9145669336,-0.10427287,-0.15674008,0.37207446,9196,0,0.27206978,0.11462921,-9.470701,7997,0,0,0,1
9145679756,0.027616499,0.005534333,0.02734663,10420,0,-0.47232574,-0.060766384,-9.740232,7709,0,0,0,1
9145690072,0.054551158,0.04074309,-0.011718037,10316,0,-0.85073847,-0.16848971,-9.873047,8496,0,0,0,1
9145699442,0.09322221,0.08355463,-0.020507159,9370,0,-0.444799,0.04831963,-9.606472,14312,0,0,0,1
9145710310,0.21405734,0.22236162,-0.17968528,10868,0,0.13672516,-0.020715438,-9.472656,8781,0,0,0,1
9145719722,0.49096078,0.5379389,-0.47851017,9412,0,0.81482947,-0.34526646,-9.03125,7407,0,0,0,1
9145729731,0.90467423,0.9708156,-0.6865312,10009,0,0.0629975,-0.3538695,-9.182544,15037,0,0,0,1
9145740262,1.1539222,1.2201265,-0.8134902,10531,0,-1.0813768,-0.15606008,-9.7421875,8945,0,0,0,1
9145749256,1.1397438,1.201145,-1.1064501,8994,0,-0.93222153,-0.0069047296,-10.103518,7776,0,0,0,1
9145759894,0.9202643,0.9441463,-1.1113499,10638,0,-0.8106875,-0.29140475,-10.6015625,7363,0,0,0,1
9145769920,0.59172946,0.578006,-0.7500237,10026,0,-0.5863218,-0.7713836,-10.594121,14984,0,0,0,1
9145779771,0.26444915,0.25759465,-0.3867191,9851,0,-0.58004916,-0.79273236,-10.548828,8751,0,0,0,1
9145790297,-0.051801402,0.0007188494,-0.0546764,10526,0,-0.44470453,-0.9004555,-10.527344,7617,0,0,0,1
9145799873,-0.3680534,0.022810137,0.10742109,9576,0,-0.89981556,-1.3248312,-11.170403,15011,0,0,0,1
9145810397,-0.7043874,0.50403625,0.023302326,10524,0,-1.149049,-1.3865912,-11.580076,8903,0,0,0,1
9145819902,-1.0110415,1.1972603,-0.17021444,9505,0,-0.9860832,-1.2512469,-11.441406,7804,0,0,0,1
9145830360,-1.2603029,1.7918355,-0.33715355,10458,0,-0.3242863,-0.8459829,-10.600915,14764,0,0,0,1
9145840561,-1.3444625,1.8941432,-0.35154295,10201,0,1.2471039,0.95431834,-8.0546875,7703,0,0,0,1
9145850004,-1.064615,1.2942384,-0.12281121,9443,0,1.7884824,1.7663865,-7.119141,9555,0,0,0,1
9145859603,-0.54332745,0.6208942,0.06155676,9599,0,1.7069995,1.3341122,-7.8476562,9091,0,0,0,1
9145869931,-0.04969363,0.16575457,0.06635892,10328,0,1.9976056,1.0494117,-7.8066273,12566,0,0,0,1
9145880560,0.42262676,-0.31071544,0.015577973,10629,0,1.9252086,1.1186656,-7.7304697,7696,0,0,0,1
9145889843,0.8762928,-0.8210407,0.021418119,9283,0,1.7622422,1.0910442,-7.767577,8748,0,0,0,1
9145900521,1.1897105,-1.3694184,0.16096011,10678,0,1.5854656,0.7513014,-7.8828125,8276,0,0,0,1
9145910675,1.4356439,-1.6538078,0.1748028,10154,0,0.4089173,-0.27973568,-9.426826,14313,0,0,0,1
9145920280,1.5904337,-1.645402,0.07835133,9605,0,0.1381062,-0.6159557,-9.933594,8490,0,0,0,1
9145929813,1.0917817,-0.96600115,0.009973747,9533,0,-3.0991173,-3.284178,-13.917967,7663,0,0,0,1
9145940251,0.25898328,-0.10423219,-0.041883912,10438,0,-2.8546681,-3.0949728,-13.458984,8220,0,0,0,1
9145949808,-0.0552396,0.034533333,-0.02050504,9557,0,0.049540736,-0.5256856,-9.662824,14651,0,0,0,1
9145960735,-0.0538621,-0.035906672,0.004885874,10927,0,0.0013804752,-0.6698172,-9.855469,9050,0,0,0,1
9145970311,-0.0731968,-0.063528724,0.01464916,9576,0,-0.024859816,-0.6159557,-9.894529,7521,0,0,0,1
9145980299,-0.18437491,-0.0269299,0.052726608,9988,0,-0.41280678,-1.2523082,-10.809513,14813,0,0,0,1
9145990733,-0.55036366,0.12636109,0.11422612,10434,0,-0.72920465,-1.6186109,-11.468749,9827,0,0,0,1
9146000086,-0.88667065,0.37699717,0.11222177,9353,0,-0.41708314,-0.60214496,-10.4140625,5721,0,0,0,1
9146010194,-0.96749336,0.6483301,0.0047191135,10108,0,-0.14639384,-0.62976646,-10.316408,9293,0,0,0,1
9146020758,-1.029008,0.76770633,-0.20025899,10564,0,0.9697117,-0.8684199,-10.063145,14343,0,0,0,1
9146029715,-1.1105422,0.64754415,-0.41096872,8957,0,0.70572513,-0.20854068,-9.681641,8475,0,0,0,1
9146040232,-1.0088773,0.6304232,-0.41507375,10517,0,-0.78444713,0.68501025,-9.148439,7433,0,0,0,1
9146050050,-0.6496957,0.72295946,-0.3010614,9818,0,0.4449036,1.0114021,-8.362777,15664,0,0,0,1
9146060732,-0.21683058,0.5302635,-0.22573957,10682,0,1.0717084,1.129714,-8.113281,9072,0,0,0,1
9146070442,0.14776118,0.028965024,-0.040114433,9710,0,0.9902252,1.0233719,-8.28711,6761,0,0,0,1
9146080092,0.40602165,-0.52208,0.19328737,9650,0,1.0164654,0.6988209,-8.630859,8420,0,0,0,1
9146090376,0.5772999,-0.8438342,0.28024018,10284,0,0.6455121,0.20605586,-9.2982435,14453,0,0,0,1
9146099658,0.67814946,-0.90455467,0.23832405,9282,0,0.33974206,-0.11600909,-9.738281,8203,0,0,0,1
9146110525,0.72650105,-0.8147643,0.1299636,10867,0,0.24444842,-0.26378337,-9.871094,7777,0,0,0,1
9146120917,0.75000316,-0.671107,-0.0057476503,10392,0,0.10284964,-0.35111254,-9.891617,15184,0,0,0,1
9146130199,0.7665519,-0.5551243,-0.106360435,9282,0,-0.023478769,-0.42674935,-9.953125,7852,0,0,0,1
9146140003,0.7451014,-0.5020014,-0.13181368,9804,0,-0.13258314,-0.61595565,-10.162109,8460,0,0,0,1
9146150457,0.6159353,-0.48477483,-0.076214395,10454,0,-0.28173852,-0.76511097,-10.410156,8445,0,0,0,1
9146160728,0.3142422,-0.16498193,-0.14253403,10271,0,-0.75969964,-1.4252887,-11.130837,15050,0,0,0,1
9146170419,0.057347573,0.07254556,-0.17282397,9691,0,-0.18782581,-0.480611,-9.8515625,7681,0,0,0,1
9146180851,-0.031771876,-0.033139065,-0.045898113,10432,0,-0.2955491,-0.69881976,-10.1015625,7673,0,0,0,1
9146190273,-0.09736945,-0.093217745,0.015624765,9422,0,-0.10634284,-0.5620941,-9.96875,9219,0,0,0,1
9146200516,-0.14846545,-0.14432086,0.03320329,10243,0,0.030725855,-0.3197519,-9.959455,13929,0,0,0,1
9146210012,-0.20301284,-0.20440204,0.013672767,9496,0,0.4212251,0.7526826,-9.972656,8254,0,0,0,1
9146220808,-0.2375374,-0.24583627,-0.022459868,10796,0,0.6256231,1.0371826,-9.859373,8397,0,0,0,1
9146230797,-0.18850763,-0.20647776,-0.055661634,9989,0,0.46170145,0.36143473,-9.574706,14707,0,0,0,1
9146240952,-0.049010925,-0.075284615,-0.11913723,10155,0,0.082863525,-0.34526637,-9.392578,8321,0,0,0,1
9146250132,0.12846358,0.10493932,-0.21483992,9180,0,-0.44608548,-1.1172833,-9.449219,8515,0,0,0,1
9146260644,0.29074135,0.27411687,-0.23046517,10512,0,-0.4447044,-1.334111,-9.529298,7366,0,0,0,1
9146270832,0.40262735,0.3845797,-0.13183467,10188,0,-0.34430605,-1.1104168,-9.715326,14930,0,0,0,1
9146280297,0.4412917,0.4191114,-0.019532075,9465,0,-0.60767055,-1.334111,-9.875002,8039,0,0,0,1
9146290971,0.3280399,0.3417766,0.09376053,10674,0,-0.85211957,-1.5509386,-10.394531,8411,0,0,0,1
9146300977,0.13537927,0.19745497,0.16798522,10006,0,-0.45493802,-0.9124347,-10.147598,14591,0,0,0,1
9146311191,0.058018018,0.11047394,0.17383105,10214,0,-0.1892069,-0.58971536,-9.9140625,9428,0,0,0,1
9146320711,0.05248057,0.07457964,0.117186256,9520,0,-0.37841314,-0.5883343,-9.894529,6766,0,0,0,1
9146331155,0.048334897,0.056626324,0.0468745,10444,0,-0.1681547,-0.6881075,-9.855528,15603,0,0,0,1
9146341172,0.04350317,0.05179043,0.033203162,10017,0,-0.080102526,-0.7513004,-9.794924,7309,0,0,0,1
9146350285,0.024169104,0.03521672,0.032226797,9113,0,-0.067672916,-0.73887086,-9.794922,8433,0,0,0,1
9146360334,0.013810924,0.022096885,0.029296918,10049,0,-0.13396418,-0.6974386,-9.833982,8500,0,0,0,1
9146370624,0.0055246227,0.013810381,0.03710943,10290,0,-0.078902796,-0.7416922,-9.800868,14509,0,0,0,1
9146381228,-0.09943168,-0.09391668,0.18750072,10604,0,-0.0939132,-0.7374897,-9.724609,9114,0,0,0,1
9146391070,-0.20647228,-0.27550617,0.58203834,9842,0,-0.5662386,-1.4280236,-10.087891,7856,0,0,0,1
9146400479,-0.24867047,-0.33001724,1.043945,9409,0,-0.5938598,-2.295334,-10.199219,7439,0,0,0,1
9146410740,-0.29148683,-0.29554352,1.2499824,10261,0,-0.3922974,-0.9510861,-9.949219,15125,0,0,0,1
9146420879,-0.31416503,-0.30180869,1.1660115,10139,0,-0.22925785,-0.30383426,-9.837889,8721,0,0,0,1
9146431078,-0.29896897,-0.29074475,0.99707127,10199,0,-0.16020447,-0.18230037,-9.7265625,6744,0,0,0,1
9146441548,-0.26031488,-0.25482246,0.8076178,10470,0,0.044181928,0.05467636,-9.752594,16837,0,0,0,1
9146450709,-0.20231564,-0.20509455,0.6015641,9161,0,0.19058679,0.060767584,-9.585938,6326,0,0,0,1
9146460408,-0.07941533,-0.09597335,0.30664307,9699,0,0.584191,0.29140592,-9.435545,8218,0,0,0,1
9146471137,0.04418775,0.02072804,0.016603662,10729,0,0.23339987,-0.034526102,-9.607424,8429,0,0,0,1
9146481173,0.10702997,0.09184567,-0.07714679,10036,0,-0.2560767,-0.52638865,-9.724945,14626,0,0,0,1
9146491042,0.2044012,0.19749072,-0.12499803,9869,0,0.35493395,-0.47923,-9.376955,8465,0,0,0,1
9146501450,0.4584998,0.44610056,-0.37304637,10408,0,0.8562616,-0.35907704,-9.107422,7501,0,0,0,1
9146511090,0.6221459,0.65950376,-0.6161893,9640,0,0.3673635,-0.602145,-9.71875,9330,0,0,0,1
9146521507,0.32384336,0.38466287,-0.3915809,10417,0,-0.43492332,-0.90081775,-10.590636,13840,0,0,0,1
9146531178,0.024151595,0.03799641,-0.08984114,9671,0,-0.107723884,-0.50823236,-9.798826,8726,0,0,0,1
9146540864,0.025550026,0.031073432,-0.0644533,9686,0,-0.25687924,-0.52204305,-9.912107,7458,0,0,0,1
9146550850,0.03452757,0.04419355,-0.056640577,9986,0,-0.08461871,-0.5688624,-9.862061,15015,0,0,0,1
9146561556,0.0220964,0.022097396,-0.04687518,10706,0,0.07043388,-0.6283853,-9.833982,9670,0,0,0,1
9146571288,-0.017956253,-0.030381639,-0.055664297,9732,0,0.3687446,-0.79135144,-9.7578125,6770,0,0,0,1
9146580498,-0.059386194,-0.08148233,-0.13867216,9210,0,0.57038045,-0.42674938,-9.835937,8425,0,0,0,1
9146590919,-0.056615606,-0.08701397,-0.2792965,10421,0,0.50582093,-0.24771161,-9.881661,14162,0,0,0,1
9146601390,-0.058690477,-0.10013218,-0.38671827,10471,0,0.57038045,-0.5344727,-9.853515,8754,0,0,0,1
9146610905,-0.08286838,-0.11738348,-0.40429807,9515,0,0.055242106,-0.7789217,-9.890627,7433,0,0,0,1
9146621100,-0.15885027,-0.16016981,-0.2568402,10195,0,-1.000493,-1.3847337,-10.060002,15294,0,0,0,1
9146631707,-0.26313955,-0.2423267,-0.049807787,10607,0,-0.76925546,-0.95431733,-9.931641,9280,0,0,0,1
9146641345,-0.31215715,-0.28584212,0.10839805,9638,0,-0.66015106,-0.52204305,-9.931641,6854,0,0,0,1
9146650986,-0.33633456,-0.31552473,0.31347847,9641,0,-0.7830661,-0.45437074,-9.951172,8312,0,0,0,1
9146661202,-0.37086126,-0.36247882,0.5361367,10216,0,-0.58267283,-0.56860286,-9.908946,14753,0,0,0,1
9146671613,-0.36187443,-0.36318105,0.6494171,10411,0,-0.32317054,-0.40050918,-9.585939,8155,0,0,0,1
9146681547,-0.21341713,-0.22437575,0.53515947,9934,0,0.070433885,-0.16987076,-9.298828,7498,0,0,0,1
9146691407,0.020688763,-0.013769772,0.17969377,9860,0,0.5177421,0.16971414,-9.380986,15495,0,0,0,1
9146701674,0.22646974,0.18924358,-0.22558016,10267,0,0.5980017,0.087007836,-9.378906,7734,0,0,0,1
9146711356,0.47024775,0.4564646,-0.5800658,9682,0,1.1531911,0.53447384,-9.167969,8952,0,0,0,1
9146721624,0.7934751,0.7781825,-0.84862965,10268,0,1.3023465,0.73887205,-9.185547,7404,0,0,0,1
9146731211,0.63602316,0.6705008,-0.6689136,9587,0,-1.4988835,-1.8889815,-11.27554,15006,0,0,0,1
9146741436,0.16918199,0.21753694,-0.21482386,10225,0,-0.40327242,-1.3479216,-9.837891,8889,0,0,0,1
9146751371,-1.0678899e-05,-0.0068980134,-0.050782245,9935,0,0.09667416,-0.8203536,-9.798826,7717,0,0,0,1
9146761823,-0.022788577,-0.032454133,-0.07226577,10452,0,-0.01325929,-0.53143424,-9.900908,15587,0,0,0,1
9146771868,-0.0055225305,-0.006906518,-0.07714847,10045,0,-0.09391323,-0.65738773,-9.853516,6951,0,0,0,1
9146781616,0.0027626434,0.0013805553,-0.07324217,9748,0,0.1767761,-0.5745236,-9.853516,8591,0,0,0,1
9146791017,-0.002762645,-0.0069049853,-0.08300783,9401,0,0.2458295,-0.5330916,-9.833984,7698,0,0,0,1
9146801233,-0.008286788,-0.015191445,-0.11328124,10216,0,0.52914876,-0.34565437,-9.862809,14982,0,0,0,1
9146811794,-0.011047627,-0.016573116,-0.19531253,10561,0,0.6256232,0.03452731,-9.871094,8844,0,0,0,1
9146821710,-0.044202257,-0.078716904,-0.37499988,9916,0,0.6131936,0.34526765,-9.949219,7659,0,0,0,1
9146831042,-0.11326386,-0.1795258,-0.6054695,9332,0,0.82864,0.8065442,-9.990234,8233,0,0,0,1
9146841480,-0.31635278,-0.33687606,-0.5048973,10438,0,0.64902526,-0.12025134,-10.51636,14191,0,0,0,1
9146851967,-0.61695874,-0.5900863,0.17966916,10487,0,-0.26792783,-1.5108876,-10.277344,9053,0,0,0,1
9146861406,-0.6833262,-0.6756238,0.95801973,9439,0,-1.3382555,-1.2526282,-9.607422,7401,0,0,0,1
9146871867,-0.45121387,-0.46717712,1.2177846,10461,0,-3.20475,-2.4470541,-9.256622,15019,0,0,0,1
9146882059,-0.24940524,-0.26572993,0.9931671,10192,0,-1.7442893,-1.6310407,-9.876953,9584,0,0,0,1
9146890995,-0.23062605,-0.2513616,0.88476676,8936,0,-0.58004916,-0.84521294,-9.933594,6805,0,0,0,1
9146901537,-0.1968332,-0.22990994,0.97558844,10542,0,-0.49994725,-0.8728343,-9.644531,7479,0,0,0,1
9146911566,-0.05119494,-0.08552554,0.83594203,10029,0,0.12767784,0.011880492,-9.430695,15082,0,0,0,1
9146921179,0.13178901,0.101619735,0.44824725,9613,0,0.51513773,0.71125054,-9.472656,8962,0,0,0,1
9146931704,0.27060223,0.24868667,0.026371442,10525,0,0.5565698,0.29140592,-9.646482,7389,0,0,0,1
9146942005,0.39421698,0.3888549,-0.3164,10301,0,0.33995402,-0.081186235,-9.525765,15225,0,0,0,1
9146952175,0.5579423,0.55934423,-0.4824187,10170,0,0.015191164,-0.22235134,-9.488281,8781,0,0,0,1
9146961469,0.702363,0.68560284,-0.4013758,9294,0,-0.05248117,-0.50823236,-9.720703,7801,0,0,0,1
9146972162,0.62155855,0.6227869,-0.2177647,10693,0,-0.7466052,-1.0782396,-10.614829,14989,0,0,0,1
9146981576,0.25690132,0.29277062,-0.06150387,9414,0,-0.5538089,-0.92669606,-10.255859,7280,0,0,0,1
9146991899,0.003460725,0.022781348,0.03027724,10323,0,-0.16158555,-0.64219594,-9.853516,8976,0,0,0,1
9147001736,-0.032452874,-0.04626678,0.05175831,9837,0,-0.16020447,-0.7236788,-9.912109,7778,0,0,0,1
9147012251,-0.04902641,-0.07803114,0.04785178,10515,0,-0.12667727,-0.70472556,-9.875,15691,0,0,0,1
9147022373,-0.07941027,-0.0987478,0.04394413,10122,0,0.070433855,-0.95431733,-10.105469,6794,0,0,0,1
9147031113,-0.23409037,-0.22580707,0.092769064,8740,0,0.08286346,-1.0772321,-10.333984,8172,0,0,0,1
9147042068,-0.3929209,-0.36528608,0.19335704,10955,0,-0.2955491,-0.67119837,-10.029295,8369,0,0,0,1
9147052033,-0.35358632,-0.33142027,0.27441502,9965,0,-0.59973556,-0.25652638,-9.607421,14435,0,0,0,1
9147062055,-0.2431041,-0.23059914,0.32226643,10022,0,-0.48613653,-0.3452664,-9.740234,8520,0,0,0,1
9147071572,-0.18991923,-0.18020575,0.36816406,9517,0,-0.4322749,-0.39912802,-9.832033,7863,0,0,0,1
9147081817,-0.18093033,-0.17262222,0.4257814,10245,0,-0.38946176,-0.46680033,-9.892578,8201,0,0,0,1
9147092200,-0.17747377,-0.169174,0.46191403,10383,0,-0.3104683,-0.46790886,-9.8261595,14692,0,0,0,1
9147101663,-0.15192917,-0.13947783,0.46093673,9463,0,-0.30935985,-0.4419412,-9.740234,8429,0,0,0,1
9147112045,-0.09533364,-0.017937891,0.42284328,10382,0,-0.4861365,-0.5082324,-9.779297,12111,0,0,0,1
9147121690,-0.06638543,0.24307169,0.33982268,9645,0,-0.6474809,-0.9874343,-10.214353,10732,0,0,0,1
9147132293,-0.10506338,0.5524118,0.24901453,10603,0,-0.56761956,-1.2664387,-10.220705,8600,0,0,0,1
9147142061,-0.108516194,0.82932264,0.16403857,9768,0,-0.41984528,-1.171145,-9.896486,7696,0,0,0,1
9147151996,0.027522536,1.0068069,0.052626938,9935,0,-0.026240867,-0.58971554,-9.457031,8488,0,0,0,1
9147162450,0.31889337,0.9101403,-0.11254977,10454,0,1.4088935,0.47140494,-8.4328165,14349,0,0,0,1
9147171939,0.6655556,0.14361262,-0.16845666,9489,0,2.2497592,1.6061823,-7.6152325,8264,0,0,0,1
9147182631,0.9597331,-0.8909584,0.07950011,10692,0,1.5316036,1.2664397,-7.773437,8438,0,0,0,1
9147191774,0.67592794,-0.6388577,0.18944333,9143,0,-2.265027,-1.7812316,-12.535681,14451,0,0,0,1
9147202515,0.1594789,0.09046033,0.04406954,10741,0,0.36736348,-0.602145,-9.472656,9128,0,0,0,1
9147212276,0.046952263,0.10081994,-0.00096596667,9761,0,0.001380479,-0.83278334,-9.794922,7152,0,0,0,1
9147221675,0.031764824,0.034526557,0.002928401,9399,0,-0.04005156,-0.73887074,-9.814451,8179,0,0,0,1
9147231841,0.03383602,0.026930971,-0.0029299327,10166,0,-0.059756797,-0.6915442,-9.853517,14658,0,0,0,1
9147241381,0.060076363,0.054552305,-0.009765431,9540,0,-0.14777486,-0.6035261,-9.894531,9380,0,0,0,1
9147251932,0.089769535,0.08562612,-0.012695117,10551,0,-0.093913205,-0.65738773,-9.9140625,7584,0,0,0,1
9147262358,0.09322198,0.089078985,-0.014648424,10426,0,0.041431446,-0.82035387,-9.79883,8209,0,0,0,1
9147272769,0.09667448,0.096675105,-0.019530904,10411,0,0.0079934755,-0.7555964,-9.824864,14102,0,0,0,1
9147282445,0.0669809,0.06836378,-0.024413943,9676,0,0.23201881,-0.9556984,-9.724609,8039,0,0,0,1
9147291847,-0.0020733147,-0.0020699238,-0.03027344,9402,0,0.16434652,-0.86040485,-9.746094,8390,0,0,0,1
9147301882,-0.008286672,-0.016572747,-0.08398436,10035,0,0.14571646,-0.80130494,-9.868501,14795,0,0,0,1
9147312759,0.0552482,0.034521304,-0.22167918,10877,0,0.19058676,-0.91426635,-9.9140625,8908,0,0,0,1
9147321417,0.12982997,0.11324254,-0.4199203,8658,0,0.28588045,-0.90183675,-9.953127,7899,0,0,0,1
9147332101,0.18229902,0.16987735,-0.6533193,10684,0,0.43569678,-1.5699384,-9.738321,15005,0,0,0,1
9147342144,0.088993706,0.06982704,-0.8310568,10043,0,0.39360377,-1.5233173,-9.494141,7170,0,0,0,1
9147351839,-0.07952592,-0.0972503,-0.8007839,9695,0,-0.1201535,-0.49304062,-9.781248,8435,0,0,0,1
9147362535,-0.11259435,-0.12633115,-0.5654305,10696,0,-0.47094476,0.07595937,-9.953125,8460,0,0,0,1
9147372544,-0.11949604,-0.12633425,-0.2666023,10009,0,-0.18176284,-0.26166603,-9.798233,14403,0,0,0,1
9147382657,-0.19269472,-0.18986014,-0.061524827,10113,0,-0.07872148,-0.5620941,-9.837891,8461,0,0,0,1
9147391873,-0.18990804,-0.1857422,0.009765394,9216,0,-0.29554915,-0.3728877,-9.970703,8508,0,0,0,1
9147402400,-0.08010425,-0.08286168,0.02050847,10527,0,-0.33698118,-0.35907698,-9.990232,7621,0,0,0,1
9147412590,-0.0020719336,-0.013119634,0.00781327,10190,0,-0.1020313,-0.64912766,-9.854789,14579,0,0,0,1
9147422299,-0.0013808804,-0.015191769,-0.0078124884,9709,0,-0.053862236,-0.75268143,-9.816406,8442,0,0,0,1
9147432997,0.0006906573,-0.014501238,-0.017578103,10698,0,-0.13534525,-0.6435772,-9.873047,8418,0,0,0,1
9147442676,0.017954206,-0.0027623975,-0.028320082,9679,0,-0.024006197,-0.6990494,-9.83454,14477,0,0,0,1
9147453074,-0.038671587,-0.08562354,-0.12207163,10398,0,-0.5399982,-0.42674932,-9.623047,9783,0,0,0,1
9147461972,-0.1829868,-0.28242463,-0.466801,8898,0,-0.06629193,-0.03314498,-10.123047,6576,0,0,0,1
9147472446,-0.12150281,-0.23066822,-0.5302677,10474,0,0.4740318,-0.6720415,-9.900226,14996,0,0,0,1
9147482532,0.009017148,-0.021437107,-0.24901934,10086,0,-0.038670488,-0.92807704,-9.7578125,7700,0,0,0,1
9147492092,0.0041432637,-0.012429348,-0.14843751,9560,0,0.15191683,-0.62976635,-10.083982,8943,0,0,0,1
9147502977,0.05661304,-0.09806223,-0.08593727,10885,0,0.5565697,-0.68362796,-10.238279,7480,0,0,0,1
9147512134,0.14775972,-0.18231267,0.0039100097,9157,0,0.4331942,-0.5294004,-10.177378,14972,0,0,0,1
9147522993,0.2161366,-0.24790199,0.008791146,10859,0,-0.118772455,-0.4944217,-10.03125,8981,0,0,0,1
9147532957,0.17403533,-0.29691216,-0.08205032,9964,0,0.029001832,-0.61733687,-9.79883,6980,0,0,0,1
9147542578,-0.07041925,-0.34938252,-0.15827101,9621,0,-0.038670495,-0.82035375,-9.666016,8510,0,0,0,1
9147552998,-0.33768862,-0.3901153,-0.11433038,10420,0,-0.37975758,-0.5460138,-9.625238,14614,0,0,0,1
9147562877,-0.35847625,-0.28510228,0.17964971,9879,0,-0.56761944,-0.4543708,-9.111328,9529,0,0,0,1
9147572609,-0.35022566,-0.03372461,0.5536387,9732,0,-1.0137044,-0.87559664,-8.728517,6937,0,0,0,1
9147583077,-0.59674585,0.24433437,0.53995335,10468,0,-1.6885372,-1.5675576,-9.487634,16001,0,0,0,1
9147593321,-0.39921734,0.28995314,0.22454357,10244,0,-0.41846427,-0.08976874,-11.251954,6529,0,0,0,1
9147602765,0.13323337,0.2120208,0.0038010287,9444,0,-0.10634282,0.059386525,-9.683594,9029,0,0,0,1
9147612426,0.29069644,0.26172432,-0.105489805,9661,0,-0.2140661,-0.31902608,-9.683592,7446,0,0,0,1
9147622660,0.31418547,0.31420422,-0.16210204,10234,0,-0.16362238,-0.562094,-9.787046,14795,0,0,0,1
9147632856,0.3542462,0.3570042,-0.1757805,10196,0,-0.24306856,-0.5082323,-9.761719,8873,0,0,0,1
9147642917,0.32318464,0.39636233,-0.1464631,10061,0,-0.13396421,-0.888026,-10.314453,7813,0,0,0,1
9147653557,0.15468934,0.24306537,-0.06053241,10640,0,0.27345076,-1.2125766,-10.312498,8357,0,0,0,1
9147662749,-0.0048281667,0.021404,0.020511793,9192,0,0.14751595,-0.8032431,-9.801954,14148,0,0,0,1
9147672230,-0.13050981,-0.0034544878,0.06347872,9481,0,-0.33698124,-1.171145,-10.505859,8041,0,0,0,1
9147682871,-0.34527966,0.25409743,-0.01662867,10641,0,-0.675343,-1.700094,-11.238281,8405,0,0,0,1
9147692863,-0.6021733,0.5772459,-0.16117379,9992,0,0.072561316,-1.1766227,-10.715562,14742,0,0,0,1
9147703245,-0.81832916,0.6939511,-0.2899936,10382,0,0.4350358,-1.211196,-10.470703,9784,0,0,0,1
9147713176,-0.94125164,0.7712708,-0.4120902,9931,0,0.027620744,-0.48061103,-10.048828,6794,0,0,0,1
9147722620,-0.87005895,0.7664875,-0.38773683,9444,0,0.0828635,0.19611225,-9.244141,8243,0,0,0,1
9147733098,-0.6221406,0.44960636,-0.17669024,10478,0,0.6192298,0.8160317,-8.318737,14390,0,0,0,1
9147742726,-0.29551238,-0.1407432,0.14765346,9628,0,0.8686912,1.0095613,-8.074219,8139,0,0,0,1
9147753405,0.03180688,-0.8105704,0.47480515,10679,0,0.9377447,0.8880273,-8.189453,8418,0,0,0,1
9147763359,0.32256022,-1.4355044,0.72870755,9954,0,0.755053,0.61242557,-8.454181,14768,0,0,0,1
9147773272,0.61814344,-1.9575303,0.89669657,9913,0,0.5441402,0.5220442,-8.591797,8761,0,0,0,1
9147782467,0.70919657,-1.5086387,0.68006396,9195,0,-1.6379474,-1.740145,-13.283201,7801,0,0,0,1
9147793099,0.47102317,-0.2469892,0.04337884,10632,0,-1.4543486,-0.7163919,-11.489893,14759,0,0,0,1
9147803312,0.3791588,0.41378033,-0.32591623,10213,0,-0.5676194,0.14225057,-9.546875,7616,0,0,0,1
9147813021,0.5124239,0.5233719,-0.2773552,9709,0,-0.6739617,-0.75130033,-9.718748,8748,0,0,0,1
9147823511,0.52694124,0.5129987,-0.1211042,10490,0,-0.5662383,-1.5633683,-10.0078125,7631,0,0,0,1
9147832887,0.40886956,0.40043446,0.06933705,9376,0,-0.312674,-1.7014793,-10.1045265,14973,0,0,0,1
9147843515,0.25623924,0.27408847,0.21094489,10628,0,-0.12015354,-1.0648026,-10.220703,8710,0,0,0,1
9147852936,0.10568518,0.14566568,0.25000742,9421,0,-0.14777485,-0.71124935,-10.162109,7839,0,0,0,1
9147863381,0.0076211654,0.028291013,0.2695327,10445,0,-0.2016365,-0.7651109,-9.912109,7374,0,0,0,1
9147873438,-0.04831519,-0.05939948,0.33398512,10057,0,-0.24206947,-0.8740473,-10.012561,15041,0,0,0,1
9147883250,-0.18503171,-0.18371758,0.402342,9812,0,-0.20163654,-0.60214496,-10.314453,8691,0,0,0,1
9147893740,-0.37560648,-0.3425593,0.45702672,10490,0,-0.09391324,-0.4115576,-10.222656,7651,0,0,0,1
9147903632,-0.49986672,-0.46412283,0.35254174,9892,0,0.13398205,-0.23204118,-9.994633,16644,0,0,0,1
9147914114,-0.52534866,-0.48146334,-0.020510474,10482,0,0.40879548,-0.18230036,-9.642578,6298,0,0,0,1
9147924359,-0.40033394,-0.25016287,-0.42876455,10245,0,-0.2831195,0.15606125,-9.4921875,9035,0,0,0,1
9147933179,-0.19797644,0.18283999,-0.6553783,8820,0,-0.4723258,-0.060766403,-9.6484375,8157,0,0,0,1
9147943279,-0.08342886,0.45362064,-0.6895079,10100,0,-0.22736111,-0.612283,-9.804161,13953,0,0,0,1
9147953518,-0.07657776,0.51721245,-0.59863985,10239,0,-0.44470447,-1.0358003,-10.142578,9323,0,0,0,1
9147963424,-0.14214276,0.6394746,-0.4970493,9906,0,-0.6214812,-1.1573343,-10.412109,7470,0,0,0,1
9147973074,-0.24087887,0.8832374,-0.46384373,9650,0,-0.56761956,-1.0233707,-10.511717,8230,0,0,0,1
9147983183,-0.32310164,1.1035,-0.48338267,10109,0,-0.14463681,-0.5615823,-10.153482,14263,0,0,0,1
9147992980,-0.35559383,1.1221379,-0.45798263,9797,0,0.31212074,-0.1684897,-9.603516,8101,0,0,0,1
9148003644,-0.3272774,0.88529336,-0.32222274,10664,0,0.5565698,0.020716589,-9.3359375,8400,0,0,0,1
9148013709,-0.23748714,0.42817456,-0.08392198,10065,0,0.7765904,0.32281798,-8.984874,14712,0,0,0,1
9148023649,-0.12839338,0.049751032,0.11820028,9940,0,0.46127605,-0.019334361,-9.4921875,8988,0,0,0,1
9148032841,-0.049005356,-0.13463472,0.22755541,9192,0,0.54275906,0.062148634,-9.457031,7771,0,0,0,1
9148043171,0.024885956,-0.35491735,0.3408362,10330,0,0.6249823,0.15746737,-9.189574,14444,0,0,0,1
9148053379,0.13608332,-0.6815278,0.49709725,10208,0,0.67948484,0.30383548,-8.875,7798,0,0,0,1
9148063009,0.30390492,-1.1227605,0.6982884,9630,0,0.6932954,0.3728888,-8.664061,8772,0,0,0,1
9148073761,0.52212554,-1.6392618,0.9287815,10752,0,0.55795085,0.23754422,-8.6640625,7421,0,0,0,1
9148083997,0.6994398,-1.7932326,1.0646416,10236,0,-0.7591245,-1.3431605,-10.934499,15056,0,0,0,1
9148093896,0.43134794,-0.84590375,0.6564053,9899,0,-1.6918088,-2.6613166,-13.070312,8764,0,0,0,1
9148102911,0.025447242,-0.0007292104,0.14747854,9015,0,0.027620759,-0.046955705,-9.892578,7796,0,0,0,1
9148113747,-0.12566677,-0.09392728,0.039060634,10836,0,-0.22267717,0.15845971,-10.285978,15248,0,0,0,1
9148123207,-0.30451295,-0.2990146,-0.023429392,9460,0,-0.16020451,0.7651123,-10.144531,7391,0,0,0,1
9148133491,-0.43365946,-0.42536464,-0.0156251,10284,0,0.28726143,0.3452676,-9.800781,8961,0,0,0,1
9148143342,-0.41710898,-0.4129123,0.05761861,9851,0,0.044193573,-0.08838772,-9.667969,7854,0,0,0,1
9148153898,-0.33076468,-0.32524282,0.041991428,10556,0,-0.29974952,-0.46079668,-9.66712,14467,0,0,0,1
9148163388,-0.24234672,-0.2341224,-0.077149674,9490,0,-0.2693089,-0.26378337,-9.705078,7884,0,0,0,1
9148172865,-0.15809111,-0.14298251,-0.2695331,9477,0,-0.026240878,0.034527294,-9.587891,8170,0,0,0,1
9148183539,0.006282051,0.037912585,-0.5244181,10674,0,0.29969114,0.14225055,-9.279297,8389,0,0,0,1
9148193747,0.29292342,0.35065907,-0.78516424,10208,0,-0.27846837,-0.76780856,-9.161796,14776,0,0,0,1
9148203659,0.53666407,0.59304136,-0.9277468,9912,0,-1.312015,-1.3893538,-9.666016,7879,0,0,0,1
9148214026,0.57596105,0.6241836,-0.8623101,10367,0,-1.1228089,-1.2802494,-10.0703125,8850,0,0,0,1
9148223449,0.4765276,0.52061087,-0.6093729,9423,0,-0.87974095,-0.95431733,-10.126953,8246,0,0,0,1
9148233447,0.35913357,0.38802698,-0.31738442,9998,0,-0.5833935,-0.90805596,-10.154063,14065,0,0,0,1
9148243330,0.24725527,0.27064934,-0.08495989,9883,0,-0.55380887,-0.81897265,-10.087891,8196,0,0,0,1
9148254054,0.14159627,0.16500461,0.11328329,10724,0,-0.49994722,-0.7927324,-10.068359,8487,0,0,0,1
9148264075,0.021440601,0.08213938,0.28711668,10021,0,-0.58828336,-0.9189205,-10.31532,14420,0,0,0,1
9148273980,-0.15399028,0.11803732,0.39454398,9905,0,-0.7305856,-1.0482299,-10.699219,8276,0,0,0,1
9148283375,-0.38056168,0.34173444,0.34667337,9395,0,-0.55380875,-0.8990745,-10.835936,8690,0,0,0,1
9148293838,-0.57325304,0.61172,0.20993215,10463,0,-0.34208035,-0.37578732,-10.34159,15072,0,0,0,1
9148304404,-0.6187861,0.7540156,0.13178925,10566,0,0.16572756,-0.046955716,-9.376953,6999,0,0,0,1
9148313864,-0.4957845,0.6477405,0.14157796,9460,0,0.58557224,0.23754424,-8.855469,8634,0,0,0,1
9148323360,-0.26922402,0.27350914,0.22464001,9496,0,0.84245086,0.62976754,-8.53125,8413,0,0,0,1
9148334451,0.033956435,-0.27820945,0.32720038,11091,0,1.3329829,1.0611409,-8.053019,14550,0,0,0,1
9148344198,0.45041373,-0.9390021,0.38289884,9747,0,1.653138,1.1725273,-7.501954,8991,0,0,0,1
9148354210,0.92891455,-1.4796759,0.41129994,10012,0,0.39498475,0.42813158,-9.416016,6518,0,0,0,1
9148363489,0.8330237,-0.70958537,0.0034077072,9279,0,-1.4473599,-1.7401445,-11.867186,8760,0,0,0,1
9148374432,0.45047766,0.36903983,-0.4555701,10943,0,-0.23617698,-1.0093825,-10.169991,14664,0,0,0,1
9148383975,0.4454698,0.4812693,-0.37104586,9543,0,-0.052481174,-0.5883343,-9.796875,8790,0,0,0,1
9148394360,0.45583263,0.4542867,-0.14063853,10385,0,-0.43089375,-0.9943683,-10.085936,7581,0,0,0,1
9148403912,0.2693589,0.33417568,0.025416551,9552,0,-0.6319042,-1.1759754,-10.30426,15032,0,0,0,1
9148414501,0.11328053,0.1947031,0.1386835,10589,0,-0.10634284,-0.7250599,-9.9296875,8810,0,0,0,1
9148423767,0.087019436,0.11738598,0.15429366,9266,0,-0.36460254,-0.765111,-9.837891,7801,0,0,0,1
9148434193,0.028316224,0.037976168,0.097656235,10426,0,-0.05248117,-0.8590294,-9.767576,14751,0,0,0,1
9148444411,-0.037283756,-0.029007541,0.07910208,10218,0,-0.12153457,-0.7098684,-9.814453,7509,0,0,0,1
9148454038,-0.05455045,-0.05041052,0.067383066,9627,0,-0.18920691,-0.58971536,-9.853516,9691,0,0,0,1
9148463480,-0.029693564,-0.03107316,0.056640785,9442,0,-0.17539623,-0.5759047,-9.85547,6752,0,0,0,1
9148473970,-0.009668127,-0.011047882,0.04687503,10490,0,-0.12869756,-0.6226035,-9.833046,15812,0,0,0,1
9148484354,-0.0006907771,-0.0020713434,0.0341797,10384,0,-0.13534525,-0.64357704,-9.833986,6901,0,0,0,1
9148493894,0.0020715408,0.00069060776,0.023437504,9540,0,-0.12153458,-0.6573878,-9.814453,8634,0,0,0,1
9148503979,-0.005524158,-0.005524403,0.016601557,10085,0,-0.093913205,-0.6850091,-9.8125,7855,0,0,0,1
9148514126,-0.012429461,-0.013810805,0.00976563,10147,0,-0.093913205,-0.6850092,-9.823464,15937,0,0,0,1
9148524517,-0.013810588,-0.017953945,0.00488284,10391,0,-0.08010252,-0.72644114,-9.832031,7128,0,0,0,1
9148534342,-0.020715976,-0.027621387,0.00488282,9825,0,-0.052481167,-0.72644114,-9.792969,8350,0,0,0,1
9148544302,-0.028311951,-0.04074145,0.009765674,9960,0,-0.03867049,-0.71263045,-9.814453,8389,0,0,0,1
9148554024,-0.035217285,-0.06283849,0.016601847,9722,0,-0.054180346,-0.7351093,-9.836017,14119,0,0,0,1
9148564589,-0.025550086,-0.0490277,0.019531347,10565,0,-0.26930878,-0.58971536,-9.794922,8969,0,0,0,1
9148574011,-0.0041438183,-0.008286082,0.017578129,9422,0,-0.13534525,-0.6711984,-9.816406,7396,0,0,0,1
9148584351,0.0075956467,0.013120271,0.0068359445,10340,0,-0.16207059,-0.66933215,-9.834927,14891,0,0,0,1
9148594556,0.017263105,0.035217352,-0.0029296507,10205,0,-0.06767293,-0.6836279,-9.832031,9822,0,0,0,1
9148603643,0.011739145,0.026930794,4.4842793e-08,9087,0,0.015191155,-0.7112494,-9.833984,6762,0,0,0,1
9148614150,-0.0027620557,-3.518995e-08,0.0039063063,10507,0,-0.07982337,-0.6575273,-9.813487,14644,0,0,0,1
9148624358,-0.0020715946,-0.0020716023,0.0029296926,10208,0,-0.10772391,-0.64357716,-9.832033,7792,0,0,0,1
9148633948,-0.00069053366,-0.00069053395,0.0009765624,9590,0,-0.09391321,-0.65738773,-9.832031,8951,0,0,0,1
9148644263,-0.0006905313,-0.0034526705,1.3535414e-09,10315,0,-0.09391319,-0.65738773,-9.8125,7418,0,0,0,1
9148654459,0.00069052546,-0.0020716004,0.0029296905,10196,0,-0.09391321,-0.65738773,-9.842374,15001,0,0,0,1
9148664807,-0.0027621402,-0.001381078,0.004882807,10348,0,-0.09391321,-0.65738773,-9.83203,8966,0,0,0,1
9148674040,-0.002071596,-0.0020716037,0.00292969,9233,0,-0.10772389,-0.6711984,-9.833984,7839,0,0,0,1
9148684496,-0.0006905369,-0.00069053104,0.0029296875,10456,0,-0.10772388,-0.6711983,-9.853514,7372,0,0,0,1
9148694661,-0.0013810691,-2.4667486e-09,0.0019531242,10165,0,-0.100884065,-0.69198,-9.823158,14859,0,0,0,1
9148704427,0.00069053523,-0.00069053064,0.0019531255,9766,0,-0.107723884,-0.6711984,-9.833984,9671,0,0,0,1
9148714761,-0.00069053244,-0.0020716055,0.0039062486,10334,0,-0.08010253,-0.6711984,-9.853516,6800,0,0,0,1
9148724247,-0.002762127,-0.0041432115,0.002929685,9486,0,-0.07402388,-0.677277,-9.823909,15979,0,0,0,1
9148734673,-0.0013810678,-0.0041432003,0.0029296917,10426,0,-0.09391319,-0.65738773,-9.8125,6638,0,0,0,1
9148744082,-0.0013810747,-0.002762135,0.0039062486,9409,0,-0.093913205,-0.65738785,-9.8125,8333,0,0,0,1
9148754150,-0.0006905359,-0.0020716,0.0039062514,10068,0,-0.09391321,-0.6573876,-9.83203,8013,0,0,0,1
9148764230,0.0020716023,-0.0020715934,0.003906255,10080,0,-0.0939132,-0.6573877,-9.841308,15050,0,0,0,1
9148774575,0.0034526673,-0.0006905279,0.002929692,10345,0,-0.09391321,-0.65738773,-9.832031,8100,0,0,0,1
9148784587,0.0027621367,-0.0013810729,0.003906247,10012,0,-0.09391323,-0.65738773,-9.832033,8697,0,0,0,1
9148794910,0.00069053547,-0.0020716114,0.0048828083,10323,0,-0.080102526,-0.64357704,-9.8125,8210,0,0,0,1
9148804125,-0.0034526677,-0.0020716193,0.0039062425,9215,0,-0.08791859,-0.65139306,-9.83203,14194,0,0,0,1
9148814045,-0.0027621344,-0.0013810709,0.0019531243,9920,0,-0.09391319,-0.6573876,-9.812498,8086,0,0,0,1
9148824466,0.0006905308,0.00069053954,0.0019531244,10421,0,-0.093913205,-0.65738773,-9.8125,8378,0,0,0,1
9148834637,0.00069053407,0.00069053384,0.001953125,10171,0,-0.093913205,-0.6573878,-9.8125,14729,0,0,0,1
9148844881,0.0,0.0,0.0,10244,0,-0.080102526,-0.6711984,-9.814453,9133,0,0,0,1
9148853806,0.00069053407,-0.00069053407,0.0019531248,8925,0,-0.09391322,-0.6850091,-9.816408,7520,0,0,0,1
9148864241,-8.866797e-10,-1.1195104e-09,0.001953125,10435,0,-0.12153455,-0.685009,-9.816406,7563,0,0,0,1
9148874650,-0.0006905352,0.00069053273,0.0009765626,10409,0,-0.10052445,-0.663999,-9.813436,14980,0,0,0,1
9148884784,1.9359316e-09,1.5737212e-09,0.0029296875,10134,0,-0.093913205,-0.65738773,-9.812502,8031,0,0,0,1
9148894824,-0.00069053215,-0.0006905358,0.001953125,10040,0,-0.09391323,-0.6573878,-9.832033,8395,0,0,0,1
9148904809,-0.00069053384,-0.000690534,0.0019531248,9985,0,-0.093913205,-0.65738773,-9.821708,14577,0,0,0,1
9148915272,-0.0006905344,-0.00069053355,0.0029296877,10463,0,-0.093913205,-0.65738773,-9.8125,8997,0,0,0,1
9148924571,-0.0020715971,-0.0020716062,0.0009765625,9299,0,-0.09391321,-0.65738773,-9.832031,7190,0,0,0,1
9148934813,-0.0013810669,-0.0013810688,0.0,10242,0,-0.0872686,-0.6507431,-9.842164,15811,0,0,0,1
9148945034,0.0020716006,-0.00069053285,0.0009765656,10221,0,-0.080102526,-0.64357704,-9.812498,7291,0,0,0,1
9148954851,0.002071603,-0.0020716018,0.00097655965,9817,0,-0.10772389,-0.64357704,-9.832032,9057,0,0,0,1
9148965108,-0.0006905339,-0.002071604,0.0009765577,10257,0,-0.10772389,-0.64357704,-9.832031,7390,0,0,0,1
9148974314,-0.0013810719,-0.0013810674,0.0029296856,9206,0,-0.09391322,-0.6573878,-9.83203,14864,0,0,0,1
9148985330,-0.0013810688,-2.1275615e-09,0.00097656104,11016,0,-0.0939132,-0.65738773,-9.832031,8869,0,0,0,1
9148994416,0.0,0.0,0.0,9086,0,-0.0939132,-0.6573876,-9.851561,7796,0,0,0,1
9149005026,0.0013810681,-0.0013810681,0.0029296877,10610,0,-0.08010252,-0.6711983,-9.853514,7552,0,0,0,1
9149015217,0.00069053244,-0.00069053593,0.0029296875,10191,0,-0.08723523,-0.66406584,-9.8525095,14853,0,0,0,1
9149024133,3.4361483e-09,-0.0013810679,-9.2632346e-10,8916,0,-0.09391321,-0.6573878,-9.832031,9305,0,0,0,1
9149034691,-0.0006905339,-0.0020716013,-8.2499524e-10,10558,0,-0.093913205,-0.685009,-9.832031,7314,0,0,0,1
9149045163,-0.00069053913,-0.0006905323,0.0029296868,10472,0,-0.09391321,-0.6850091,-9.832031,8254,0,0,0,1
9149055366,0.0013810669,4.5871222e-09,0.0019531257,10203,0,-0.093913205,-0.65738773,-9.8125,14087,0,0,0,1
9149065013,0.002071603,-0.0006905305,-9.816091e-10,9647,0,-0.093913205,-0.65738773,-9.8125,9041,0,0,0,1
9149075570,-0.0013810681,-0.002762137,0.0009765569,10557,0,-0.10772389,-0.64357704,-9.832033,7369,0,0,0,1
9149085859,-0.0013810657,-0.0027621372,-1.1641532e-10,10289,0,-0.121534556,-0.67162514,-9.83499,15047,0,0,0,1
9149095013,2.2545865e-09,-1.0981894e-09,-0.0009765625,9154,0,-0.12153457,-0.6573876,-9.833984,8810,0,0,0,1
9149104925,-0.0013810678,9.70625e-10,0.0009765626,9912,0,-0.10772391,-0.64357716,-9.832033,7443,0,0,0,1
9149115184,1.1722333e-09,-0.0013810667,0.000976564,10259,0,-0.093913205,-0.65738773,-9.834214,15804,0,0,0,1
9149125610,0.0013810691,-0.0013810667,1.4598764e-09,10426,0,-0.093913205,-0.65738773,-9.794922,6963,0,0,0,1
9149135945,0.001381068,-1.0244157e-16,1.5717945e-09,10335,0,-0.0939132,-0.6573876,-9.832031,8826,0,0,0,1
9149144669,0.0013810679,0.0,-8.5373805e-11,8724,0,-0.09391321,-0.6573876,-9.832029,8342,0,0,0,1
9149154904,-8.571841e-17,-0.0013810679,-1.4720163e-09,10235,0,-0.09391321,-0.6573876,-9.842823,13997,0,0,0,1
9149165696,-0.001381069,-0.001381068,0.0009765609,10792,0,-0.09391323,-0.65738785,-9.851564,9805,0,0,0,1
9149174476,-0.0027621356,-0.0027621358,0.001953125,8780,0,-0.10772388,-0.6711984,-9.833984,6775,0,0,0,1
9149185031,-0.0027621356,-0.0027621358,0.001953125,10555,0,-0.10772389,-0.6711984,-9.833982,7789,0,0,0,1
9149195045,-2.2561715e-09,-0.0013810635,0.0019531285,10014,0,-0.08694888,-0.6643521,-9.852548,14865,0,0,0,1
9149204644,0.0006905352,-0.0006905329,7.376336e-10,9599,0,-0.08010253,-0.6711984,-9.853516,9051,0,0,0,1
9149215175,0.0006905335,-0.0006905345,0.0009765624,10531,0,-0.09391321,-0.65738773,-9.832031,7424,0,0,0,1
9149225601,0.001381068,-0.001381068,0.0019531248,10426,0,-0.09391323,-0.65738773,-9.832032,14596,0,0,0,1
9149235534,-0.0013810634,-0.0027621386,-5.0568794e-09,9933,0,-0.10772388,-0.64357704,-9.832031,8990,0,0,0,1
9149244552,-0.0020716018,-0.0020716018,-2.3682118e-09,9018,0,-0.09391323,-0.62976635,-9.832033,7822,0,0,0,1
9149255541,-0.0013810693,-0.0013810666,0.0009765625,10989,0,-0.07315781,-0.6366323,-9.8125,14907,0,0,0,1
9149265741,-0.0013810669,-0.0013810692,-3.4014186e-16,10200,0,-0.093913205,-0.6573876,-9.812498,7552,0,0,0,1
9149274592,0.0006905361,-0.0006905361,-0.0019531234,8851,0,-0.093913205,-0.6573878,-9.8125,8886,0,0,0,1
9149284809,-0.0013810698,-0.0013810659,-1.4068282e-09,10217,0,-0.093913205,-0.65738773,-9.8125,7812,0,0,0,1
9149295321,-0.003452673,-0.0006905307,0.0029296842,10512,0,-0.0939132,-0.65738755,-9.812499,14626,0,0,0,1
9149305729,-0.00069053273,-0.00069053285,0.0009765642,10408,0,-0.093913205,-0.65738773,-9.8125,8843,0,0,0,1
9149315432,0.002762138,-0.0013810666,-0.0019531227,9703,0,-0.09391319,-0.65738773,-9.8125,7851,0,0,0,1
9149325745,-0.0013810722,-0.0027621335,-7.711251e-09,10313,0,-0.107723884,-0.6711984,-9.814453,7424,0,0,0,1
9149335225,-0.004143208,-0.002762133,0.0019531181,9480,0,-0.10092683,-0.66440135,-9.823104,15048,0,0,0,1
9149345474,-0.0006905349,-0.002071597,0.0019531304,10249,0,-0.10772389,-0.64357704,-9.832031,8107,0,0,0,1
9149355474,4.6076054e-09,-0.0027621358,1.4544113e-09,10000,0,-0.12153456,-0.6297663,-9.8125,8455,0,0,0,1
9149365739,2.1874638e-09,-0.0027621356,-0.0009765627,10265,0,-0.107723884,-0.6435769,-9.8125,8397,0,0,0,1
9149376172,0.0006905334,-0.0006905344,1.5462039e-09,10433,0,-0.1077239,-0.64357704,-9.832032,14027,0,0,0,1
9149385817,0.00069053296,0.0006905327,0.0019531257,9645,0,-0.0939132,-0.65738773,-9.812499,9121,0,0,0,1
9149395268,1.8071307e-09,-1.8071304e-09,0.0029296875,9451,0,-0.093913205,-0.65738773,-9.8125,7248,0,0,0,1
9149405284,0.0006905324,0.0006905355,1.9698921e-16,10016,0,-0.08660563,-0.66469526,-9.813533,14747,0,0,0,1
9149415695,0.0020716018,0.00069053395,-8.542077e-10,10411,0,-0.08010251,-0.6711983,-9.814453,9082,0,0,0,1
9149425517,0.0006905346,-0.00069053576,0.0009765607,9822,0,-0.10772389,-0.6711984,-9.833984,7590,0,0,0,1
9149438247,-0.0006905333,-0.00069053454,-7.8058243e-10,12730,0,-0.10772391,-0.6711984,-9.833984,15052,0,0,0,1
9149446267,-0.00069053384,0.00069053384,-9.2631564e-10,8020,0,-0.0939132,-0.65738773,-9.832031,8439,0,0,0,1
9149456038,-0.0006905345,0.00069053355,-0.0009765624,9771,0,-0.10772389,-0.6711984,-9.833986,8058,0,0,0,1
9149465568,-0.000690534,0.000690534,-0.00097656244,9530,0,-0.12153457,-0.65738773,-9.833984,7456,0,0,0,1
9149476043,-0.0013810667,2.0257687e-09,0.0019531257,10475,0,-0.11386987,-0.637431,-9.840723,15941,0,0,0,1
9149485974,-0.0006905326,-0.00069053285,0.001953126,9931,0,-0.093913205,-0.65738773,-9.812502,7044,0,0,0,1
9149494980,-0.0013810679,-2.2323219e-09,-7.0387135e-10,9006,0,-0.093913205,-0.65738773,-9.8125,8685,0,0,0,1
9149505909,-0.0020716018,-0.0006905339,8.011064e-10,10929,0,-0.10772387,-0.64357704,-9.8125,7405,0,0,0,1
9149516386,0.0006905328,-0.00069053035,0.0019531264,10477,0,-0.11594831,-0.6629741,-9.822353,14925,0,0,0,1
9149525376,0.002071602,-0.0006905317,0.0019531255,8990,0,-0.0939132,-0.6573876,-9.832029,8694,0,0,0,1
9149535786,-0.0006905329,-0.0006905349,-1.4289222e-09,10410,0,-0.09391319,-0.6573876,-9.812498,7556,0,0,0,1
9149546223,4.6858295e-10,-5.2462984e-10,-0.0009765624,10437,0,-0.08676387,-0.6645371,-9.833044,14886,0,0,0,1
9149556251,0.00069053436,0.00069053343,-0.0009765625,10028,0,-0.08010253,-0.6711984,-9.833984,9556,0,0,0,1
9149564993,-0.0013810679,1.1270629e-09,8.823277e-10,8742,0,-0.09391321,-0.65738785,-9.832031,6826,0,0,0,1
9149575449,8.589526e-17,-0.0013810679,1.3041298e-09,10456,0,-0.09391322,-0.65738785,-9.812502,8410,0,0,0,1
9149585658,-0.0013810666,-0.0027621358,-0.0009765642,10209,0,-0.09391322,-0.65738785,-9.8125,14502,0,0,0,1
9149595689,-0.003452669,-0.0020716,-0.0009765681,10031,0,-0.10772388,-0.6711983,-9.814453,9218,0,0,0,1
9149605945,-0.00069053617,-0.0006905306,0.0009765633,10256,0,-0.13534525,-0.6711984,-9.8359375,7595,0,0,0,1
9149615976,0.0027621363,-0.0013810651,0.0009765646,10031,0,-0.12061568,-0.64357716,-9.832944,14263,0,0,0,1
9149625561,0.0034526712,-0.0006905288,-0.0009765603,9585,0,-0.10772389,-0.64357704,-9.8515625,8917,0,0,0,1
9149635230,0.00069053494,0.00069053617,-0.00097656023,9669,0,-0.10772389,-0.64357704,-9.832031,7342,0,0,0,1
9149646495,-0.002071602,0.00069053617,-0.00097656104,11265,0,-0.093913205,-0.6573876,-9.812498,8416,0,0,0,1
9149655681,-0.0006905334,0.00069053454,-8.3705415e-10,9186,0,-0.09391322,-0.65738773,-9.822685,14981,0,0,0,1
9149665613,0.00069053454,-0.00069053355,0.00097656244,9932,0,-0.0939132,-0.6573876,-9.832029,8260,0,0,0,1
9149675094,1.1162732e-09,-0.0013810678,-8.746983e-10,9481,0,-0.09391322,-0.65738785,-9.812502,8084,0,0,0,1
9149685975,0.002762137,6.0368224e-11,-0.0009765597,10881,0,-0.093913205,-0.65738773,-9.8125,7598,0,0,0,1
9149695491,0.0027621347,-0.0013810678,-0.0009765661,9516,0,-0.09391323,-0.6573878,-9.841454,14905,0,0,0,1
9149706447,-0.0006905334,-0.00069053116,-0.0009765647,10956,0,-0.10772389,-0.6711984,-9.853516,8511,0,0,0,1
9149715874,-0.0006905333,0.0006905345,-8.1249696e-10,9427,0,-0.10772388,-0.6711983,-9.833982,7846,0,0,0,1
9149726098,-0.00069053326,-0.0020716009,0.0009765639,10224,0,-0.09391321,-0.65738773,-9.832031,14764,0,0,0,1
9149736415,0.0013810699,-0.0027621342,3.80653e-09,10317,0,-0.09391321,-0.65738773,-9.832031,8117,0,0,0,1
9149746510,0.0034526698,0.00069053395,8.848389e-09,10095,0,-0.08010253,-0.6435769,-9.832031,7759,0,0,0,1
9149755914,0.0027621351,0.0013810708,-0.0009765602,9404,0,-0.08010253,-0.64357704,-9.832031,9202,0,0,0,1
9149766268,0.0027621347,0.0013810702,-0.001953125,10354,0,-0.09391321,-0.65738773,-9.8515625,13987,0,0,0,1
9149775928,0.001381069,0.001381068,-0.00097656087,9660,0,-0.10772388,-0.64357704,-9.8515625,8249,0,0,0,1
9149786439,1.0857029e-09,0.0013810679,1.6207893e-09,10511,0,-0.12153458,-0.62976635,-9.832031,8409,0,0,0,1
9149796348,0.00069053273,0.0020716018,-0.0009765633,9909,0,-0.10098212,-0.6503188,-9.832031,14776,0,0,0,1
9149806518,0.0006905327,0.00069053395,-0.0009765632,10170,0,-0.080102526,-0.6435771,-9.8125,8801,0,0,0,1
9149815479,-0.0006905333,0.0006905344,8.936127e-10,8961,0,-0.080102526,-0.6435769,-9.8125,7779,0,0,0,1
9149826145,-0.0006905344,0.0006905335,-0.0009765624,10666,0,-0.09391319,-0.6573877,-9.8125,7212,0,0,0,1
9149836204,-0.0013810698,-0.0013810671,-0.00097656075,10059,0,-0.10083812,-0.66431266,-9.823273,15175,0,0,0,1
9149846033,-0.0006905355,-0.002071601,1.5134612e-09,9829,0,-0.10772387,-0.6711983,-9.833982,9082,0,0,0,1
9149856516,4.8287836e-17,-0.0013810679,6.9576495e-10,10483,0,-0.09391322,-0.65738773,-9.832031,7357,0,0,0,1
9149866531,-0.002762138,-0.002762136,0.0019531217,10015,0,-0.09391322,-0.65738785,-9.821373,14799,0,0,0,1
9149876634,-0.0020716027,-0.0034526668,0.0029296908,10103,0,-0.09391319,-0.6573876,-9.79492,8125,0,0,0,1
9149885890,0.00069053075,-0.002071595,0.002929693,9256,0,-0.1077239,-0.67119855,-9.796877,8666,0,0,0,1
9149896125,0.00069053104,-0.0006905341,0.0029296882,10235,0,-0.1077239,-0.67119855,-9.814455,7393,0,0,0,1
9149906755,-5.1479565e-10,-6.3553246e-10,0.0009765626,10630,0,-0.080102526,-0.64357704,-9.841907,14896,0,0,0,1
9149916559,-0.00069053343,-0.0006905345,-0.0009765625,9804,0,-0.09391321,-0.65738773,-9.832031,9852,0,0,0,1
9149926165,4.9273596e-10,-4.9273596e-10,-0.0009765625,9606,0,-0.107723884,-0.64357704,-9.8125,6571,0,0,0,1
9149936840,0.0013810679,-1.0796337e-09,-8.5373854e-11,10675,0,-0.13534525,-0.6435771,-9.814453,8762,0,0,0,1
9149945846,0.0020716018,-0.00069053395,-1.0191203e-09,9006,0,-0.11983346,-0.6435771,-9.832889,13891,0,0,0,1
9149955556,0.0020716023,-0.0006905323,-0.0009765626,9710,0,-0.093913205,-0.65738785,-9.812502,8236,0,0,0,1
9149966242,1.5787758e-09,0.0013810694,-0.00097656,10686,0,-0.08010253,-0.67119837,-9.833984,8489,0,0,0,1
9149976301,-0.00069052965,0.002071602,0.0019531262,10059,0,-0.08753491,-0.6637661,-9.822423,14648,0,0,0,1
9149986513,0.0006905368,-0.0006905323,0.00097656157,10212,0,-0.10772388,-0.6711984,-9.814453,9086,0,0,0,1
9149996405,0.0006905367,-0.0020716002,-0.001953126,9892,0,-0.10772387,-0.6711984,-9.814451,7465,0,0,0,1
9150006376,-0.0006905357,-0.0020716002,-0.000976565,9971,0,-0.093913205,-0.65738773,-9.812501,8399,0,0,0,1
9150016239,-0.0006905346,-0.0006905335,-7.924239e-10,9863,0,-0.10772389,-0.64357704,-9.812501,14082,0,0,0,1
9150026773,-4.938908e-10,4.938908e-10,0.0009765625,10534,0,-0.093913205,-0.65738773,-9.812499,9070,0,0,0,1
9150036210,-0.0020716004,-0.002071604,0.0009765626,9437,0,-0.093913205,-0.65738773,-9.812502,7407,0,0,0,1
9150046308,0.0006905372,-0.002071603,-0.0009765581,10098,0,-0.114925504,-0.65077865,-9.83305,14870,0,0,0,1
9150056896,0.0020716027,-0.0006905349,-0.00097655924,10588,0,-0.1077239,-0.6711984,-9.833984,9583,0,0,0,1
9150066600,-0.00069053576,-0.0020716013,-4.2926662e-09,9704,0,-0.10772389,-0.64357704,-9.8515625,6778,0,0,0,1
9150077098,0.0013810664,-0.0027621356,0.0009765662,10498,0,-0.10772391,-0.64357716,-9.8515625,8248,0,0,0,1
9150086318,0.0013810669,-0.0013810681,0.000976564,9220,0,-0.100452796,-0.6508481,-9.822783,14462,0,0,0,1
9150095962,0.0013810699,-0.0013810656,-0.0009765626,9644,0,-0.10772388,-0.64357704,-9.8125,8753,0,0,0,1
9150106642,0.0006905333,-0.0020716013,-0.0009765641,10680,0,-0.093913205,-0.65738773,-9.8125,7469,0,0,0,1
9150116756,1.7423057e-09,6.583787e-10,-0.0009765625,10114,0,-0.09391321,-0.65738773,-9.832031,14983,0,0,0,1
9150127079,0.0020716034,0.0020716,-0.0009765625,10323,0,-0.08010253,-0.6711984,-9.833984,8895,0,0,0,1
9150136152,0.0013810672,0.0013810686,-0.0009765625,9073,0,-0.08010252,-0.6711983,-9.853514,7919,0,0,0,1
9150146515,-0.0006905345,-0.0006905334,8.369793e-17,10363,0,-0.09391321,-0.6573876,-9.832031,7529,0,0,0,1
9150156940,-0.001381069,-0.0013810669,0.001953125,10425,0,-0.09391321,-0.65738773,-9.822237,14724,0,0,0,1
9150165898,-0.000690536,-0.0006905317,0.002929687,8958,0,-0.09391323,-0.65738773,-9.8515625,8848,0,0,0,1
9150177027,1.691311e-09,-0.0013810666,0.0029296882,11129,0,-0.09391321,-0.65738785,-9.851564,7776,0,0,0,1
9150186211,-0.00069052813,-0.003452672,0.0029296863,9184,0,-0.11515613,-0.65100926,-9.822571,14665,0,0,0,1
9150196934,-0.0013810643,-0.0027621388,0.00097656023,10723,0,-0.10772388,-0.6711983,-9.814452,8822,0,0,0,1
9150206467,-0.0013810658,-2.3521425e-09,-0.0009765659,9533,0,-0.09391319,-0.6573876,-9.812498,7782,0,0,0,1
9150217239,-0.0034526696,0.0006905367,-5.0149335e-10,10772,0,-0.10772389,-0.67119855,-9.833986,7710,0,0,0,1
9150227442,-0.0041432036,-1.5876178e-16,2.8243663e-09,10203,0,-0.114364274,-0.6502174,-9.822829,14960,0,0,0,1
9150237046,-0.0013810677,-0.0013810677,4.865169e-09,9604,0,-0.080102526,-0.64357704,-9.812499,8775,0,0,0,1
9150246829,0.00069053384,-0.0020716018,2.8822813e-09,9783,0,-0.093913205,-0.65738773,-9.814453,7635,0,0,0,1
9150257260,-4.8061864e-17,-0.0013810679,-8.6285673e-10,10431,0,-0.10772389,-0.6711984,-9.833984,8468,0,0,0,1
9150267465,-0.0020716004,-0.0034526694,-0.0009765651,10205,0,-0.10772389,-0.6711983,-9.8423815,14141,0,0,0,1
9150277179,4.4714095e-09,-0.0013810713,-0.0019531226,9714,0,-0.093913205,-0.65738773,-9.812499,9025,0,0,0,1
9150286619,0.0013810688,-2.0671285e-09,-0.00097656116,9440,0,-0.09391322,-0.65738773,-9.8125,7414,0,0,0,1
9150297127,0.00069053343,-0.0006905345,-8.3559765e-10,10508,0,-0.093913205,-0.65738773,-9.8125,14873,0,0,0,1
9150307310,0.0,0.0,0.0,10183,0,-0.09391321,-0.65738773,-9.832031,8117,0,0,0,1
9150317053,-0.00069053407,-0.00069053407,0.0,9743,0,-0.0939132,-0.65738773,-9.851561,8153,0,0,0,1
9150326905,0.0006905344,0.00069053343,-0.0009765625,9852,0,-0.10772389,-0.64357704,-9.8515625,8623,0,0,0,1
9150337285,0.0013810671,-4.954332e-10,-0.0009765632,10380,0,-0.100682534,-0.65061843,-9.851562,14112,0,0,0,1
9150346493,0.0034526698,-0.0006905357,-0.0009765637,9208,0,-0.10772389,-0.64357704,-9.8515625,8231,0,0,0,1
9150357134,0.004833738,-0.0006905323,-0.0019531245,10641,0,-0.10772389,-0.64357704,-9.832031,8408,0,0,0,1
9150367013,0.0027621363,-5.397724e-10,-0.0009765609,9879,0,-0.09391321,-0.65738773,-9.8125,14605,0,0,0,1
9150377776,0.0,0.0,0.0,10763,0,-0.10772389,-0.67119837,-9.833984,8986,0,0,0,1
9150386764,-0.0013810678,-0.0013810678,-0.0009765625,8988,0,-0.10772391,-0.67119855,-9.853518,7060,0,0,0,1
9150397271,-0.0013810687,-0.0013810667,3.3020335e-16,10507,0,-0.093913205,-0.6573877,-9.851561,15250,0,0,0,1
9150407652,-0.0006905352,-0.00069053285,0.0009765625,10381,0,-0.0939132,-0.6573876,-9.8515625,7896,0,0,0,1
9150416514,0.0,0.0,0.0,8862,0,-0.09391321,-0.65738773,-9.832031,8231,0,0,0,1
9150427566,0.0,0.0,0.0,11052,0,-0.093913205,-0.6573876,-9.812498,8416,0,0,0,1
9150436751,0.0,0.0,0.0,9185,0,-0.09391321,-0.6573878,-9.822837,14327,0,0,0,1
9150447640,0.0,0.0,0.0,10889,0,-0.0939132,-0.65738773,-9.832029,8380,0,0,0,1
9150456983,0.0,0.0,0.0,9343,0,-0.09391321,-0.65738773,-9.832031,8746,0,0,0,1
9150467683,0.0,0.0,0.0,10700,0,-0.09391321,-0.65738773,-9.841813,14833,0,0,0,1
9150477723,0.0,0.0,0.0,10040,0,-0.093913205,-0.65738773,-9.8125,7532,0,0,0,1
9150487312,0.0,0.0,0.0,9589,0,-0.093913205,-0.6573878,-9.8125,9549,0,0,0,1
9150497015,0.0,0.0,0.0,9703,0,-0.093913205,-0.65738773,-9.812501,6869,0,0,0,1
9150507471,0.0,0.0,0.0,10456,0,-0.09391321,-0.65738773,-9.832031,8238,0,0,0,1
9150517628,0.0,0.0,0.0,10157,0,-0.093913205,-0.65738785,-9.820557,15361,0,0,0,1
9150527574,0.0,0.0,0.0,9946,0,-0.0939132,-0.6573876,-9.832031,7944,0,0,0,1
9150537296,0.0,0.0,0.0,9722,0,-0.09391323,-0.65738785,-9.832031,7485,0,0,0,1
9150547958,0.0,0.0,0.0,10662,0,-0.09391323,-0.6573878,-9.842984,15712,0,0,0,1
9150557453,0.0,0.0,0.0,9495,0,-0.09391321,-0.65738773,-9.832031,7941,0,0,0,1
9150567417,0.0,0.0,0.0,9964,0,-0.093913205,-0.65738773,-9.812502,7487,0,0,0,1
9150577853,0.0,0.0,0.0,10436,0,-0.09391321,-0.65738773,-9.832031,8455,0,0,0,1
9150587902,0.0,0.0,0.0,10049,0,-0.12803072,-0.663884,-9.845247,14327,0,0,0,1
9150597608,0.0,0.0,0.0,9706,0,-0.107723884,-0.6711985,-9.814453,8855,0,0,0,1
9150607275,0.0,0.0,0.0,9667,0,-0.107723884,-0.64357704,-9.812499,7447,0,0,0,1
9150617386,0.0,0.0,0.0,10111,0,-0.11529003,-0.6360109,-9.840862,14860,0,0,0,1
9150627705,0.0013810679,0.0,-8.5373805e-11,10319,0,-0.09391323,-0.65738785,-9.832033,8983,0,0,0,1
9150636618,0.001381068,1.2201374e-09,-0.0009765626,8913,0,-0.107723884,-0.64357716,-9.812502,7550,0,0,0,1
9150646946,0.0013810679,6.0368315e-11,-0.0009765626,10328,0,-0.10772391,-0.64357704,-9.832033,7604,0,0,0,1
9150657270,0.00069053343,-0.00069053576,0.0009765616,10324,0,-0.10814147,-0.65738785,-9.852569,15214,0,0,0,1
9150668259,-0.0020715995,-0.0034526724,0.0009765591,10989,0,-0.13534522,-0.64357704,-9.833982,8710,0,0,0,1
9150677495,-0.0020716,-0.0020716034,-2.6199816e-09,9236,0,-0.10772389,-0.64357704,-9.832031,7511,0,0,0,1
9150687725,-0.0013810709,0.0013810709,0.0019531206,10230,0,-0.1077239,-0.6711985,-9.823502,14786,0,0,0,1
9150698093,-0.0013810653,-1.1641531e-10,0.0019531264,10368,0,-0.093913205,-0.65738773,-9.8125,9768,0,0,0,1
9150706776,-0.0027621312,-0.0027621393,0.0009765658,8683,0,-0.093913205,-0.65738773,-9.812501,6763,0,0,0,1
9150717527,-0.0034526696,-0.0020716023,0.00097655976,10751,0,-0.09391321,-0.65738773,-9.812501,14671,0,0,0,1
9150727743,-0.0013810665,-0.001381069,1.7088252e-09,10216,0,-0.09391322,-0.65738773,-9.8125,7814,0,0,0,1
9150737474,0.0013810679,-0.0013810679,3.076831e-09,9731,0,-0.107723884,-0.64357704,-9.8125,8960,0,0,0,1
9150747171,0.001381069,0.001381069,-0.0009765593,9697,0,-0.12153456,-0.62976635,-9.8125,7929,0,0,0,1
9150757428,-6.0368224e-11,0.0013810691,-0.00097656087,10257,0,-0.10772389,-0.6435771,-9.812501,14501,0,0,0,1
9150768012,0.0,0.0,0.0,10584,0,-0.121534556,-0.62976635,-9.8125,9079,0,0,0,1
9150777534,-6.03684e-11,0.001381068,-0.0009765624,9522,0,-0.10772389,-0.64357716,-9.832033,7817,0,0,0,1
9150788016,1.070193e-09,0.001381068,5.8207595e-11,10482,0,-0.10772389,-0.64357704,-9.832031,7380,0,0,0,1
9150798194,0.0013810691,-6.036832e-11,0.0009765607,10178,0,-0.10081249,-0.6504884,-9.841805,14787,0,0,0,1
9150807796,0.0006905334,0.0006905344,8.088747e-10,9602,0,-0.09391321,-0.65738773,-9.832031,9591,0,0,0,1
9150817300,-0.00069053454,0.00069053454,-0.0009765616,9504,0,-0.093913205,-0.65738773,-9.8125,6792,0,0,0,1
9150827759,0.0013810685,0.0013810665,-0.000976564,10459,0,-0.09391321,-0.65738773,-9.832031,8192,0,0,0,1
9150837795,0.0013810691,0.0013810666,-3.4570017e-16,10036,0,-0.1138936,-0.6773681,-9.845663,14503,0,0,0,1
9150847457,0.0013810677,9.860956e-17,-1.6805527e-09,9662,0,-0.10772389,-0.6711984,-9.833984,8668,0,0,0,1
9150858104,1.1641532e-10,-1.146296e-09,0.0009765625,10647,0,-0.09391321,-0.65738773,-9.8515625,7586,0,0,0,1
9150868338,-0.002071601,-0.00069053576,1.1641514e-10,10234,0,-0.08010253,-0.6711984,-9.8251505,15031,0,0,0,1
9150877942,0.0,0.0,0.0,9604,0,-0.080102526,-0.64357704,-9.8125,8672,0,0,0,1
9150887637,5.820766e-11,-5.820766e-11,0.0009765625,9695,0,-0.080102526,-0.64357704,-9.8125,7651,0,0,0,1
9150897879,-0.0006905333,-0.00069053454,0.0009765625,10242,0,-0.09391321,-0.65738773,-9.832032,14888,0,0,0,1
9150908578,0.0013810679,1.1511148e-09,6.975458e-10,10699,0,-0.10772388,-0.6435769,-9.832029,7950,0,0,0,1
9150918083,0.0020716018,-0.0006905327,-0.0009765635,9505,0,-0.12153457,-0.62976635,-9.832029,8845,0,0,0,1
9150928379,0.0006905339,-0.0006905329,-0.0009765635,10296,0,-0.10772389,-0.64357704,-9.832033,7407,0,0,0,1
9150937728,5.1822346e-10,6.3896033e-10,-0.0009765624,9349,0,-0.09391322,-0.6573878,-9.822138,14979,0,0,0,1
9150948155,0.0006905334,-0.0006905344,-0.0009765626,10427,0,-0.0939132,-0.6573877,-9.812499,9807,0,0,0,1
9150958071,-0.000690534,-0.0006905327,-0.0009765633,9916,0,-0.09391321,-0.65738773,-9.812501,6776,0,0,0,1
9150967525,-0.0006905345,-0.0006905334,4.5872734e-17,9454,0,-0.093913205,-0.6573876,-9.812498,8191,0,0,0,1
9150977802,0.002071602,-0.002071602,1.997888e-09,10277,0,-0.10013636,-0.66361094,-9.814453,14212,0,0,0,1
9150988510,0.0020716034,-0.00069053215,-0.0009765601,10708,0,-0.080102526,-0.64357704,-9.8125,9041,0,0,0,1
9150997803,0.0006905364,0.0020716032,-0.00097655837,9293,0,-0.09391321,-0.65738773,-9.832031,7408,0,0,0,1
9151008262,0.0006905355,0.0020716013,8.537372e-11,10459,0,-0.093913205,-0.65738773,-9.832029,14893,0,0,0,1
9151018542,0.00138107,-6.4595934e-10,0.00097656006,10280,0,-0.10772389,-0.64357704,-9.8515625,8767,0,0,0,1
9151027351,0.0013810702,-0.0027621347,-3.4425476e-09,8809,0,-0.121534556,-0.62976635,-9.832029,7782,0,0,0,1
9151037859,0.00069053785,-0.0020716,-0.0019531257,10508,0,-0.10772389,-0.64357704,-9.832031,7390,0,0,0,1
9151048052,-0.0020715995,-0.0006905291,-0.001953129,10193,0,-0.100987405,-0.65031356,-9.841559,15214,0,0,0,1
9151057288,-0.00345267,-0.0006905299,-0.0009765632,9236,0,-0.10772387,-0.6435769,-9.812498,8357,0,0,0,1
9151068314,-0.0027621365,-0.0013810684,-0.0009765602,11026,0,-0.093913205,-0.65738773,-9.8125,7913,0,0,0,1
9151078371,-0.001381069,-0.0013810664,1.7525357e-09,10057,0,-0.10772389,-0.6711984,-9.814452,15092,0,0,0,1
9151087754,0.00069053296,0.00069053506,0.0009765625,9383,0,-0.09391323,-0.65738773,-9.832033,7549,0,0,0,1
9151097422,0.002071601,0.0006905355,-8.3106755e-10,9668,0,-0.09391321,-0.6573877,-9.832029,8754,0,0,0,1
9151108163,0.00069053395,0.00069053395,7.6834356e-10,10741,0,-0.093913205,-0.65738785,-9.812502,7495,0,0,0,1
9151118257,-0.0013810679,0.0013810679,1.8779833e-09,10094,0,-0.10010761,-0.6511933,-9.82126,15288,0,0,0,1
9151128261,-1.1926884e-09,-1.0762731e-09,-0.0009765624,10004,0,-0.10772388,-0.6435769,-9.8515625,8470,0,0,0,1
9151138611,0.0013810666,-0.0013810688,-0.0019531252,10350,0,-0.0939132,-0.6573876,-9.8515625,7672,0,0,0,1
9151148742,-1.1641549e-10,-0.0013810655,-0.0019531266,10131,0,-0.10772389,-0.64357704,-9.840705,15997,0,0,0,1
9151158151,-0.0020716009,-0.0006905304,-0.0019531273,9409,0,-0.093913205,-0.6573876,-9.8125,7733,0,0,0,1
9151167890,-0.0027621377,-0.0013810653,-0.0009765617,9739,0,-0.09391321,-0.65738773,-9.832031,7821,0,0,0,1
9151178583,-0.0020716034,-0.0020716,2.321959e-09,10693,0,-0.09391321,-0.6573876,-9.832029,7411,0,0,0,1
9151188773,-0.0006905322,0.0006905323,-0.0009765651,10190,0,-0.10772389,-0.64357704,-9.832031,15379,0,0,0,1
9151198531,0.0013810705,0.0027621351,-2.371278e-09,9758,0,-0.107723884,-0.64357704,-9.8125,8255,0,0,0,1
9151207872,0.0006905362,0.0006905326,0.0009765617,9341,0,-0.107723884,-0.64357704,-9.8125,7700,0,0,0,1
9151218359,-0.0006905324,-0.0020716023,-8.2772994e-10,10487,0,-0.1077239,-0.6435771,-9.832031,15834,0,0,0,1
9151228416,0.00069053384,-0.00069053384,1.5814894e-09,10057,0,-0.093913205,-0.65738773,-9.8125,7576,0,0,0,1
9151239164,0.0020716023,0.0006905346,-0.000976561,10748,0,-0.09391319,-0.65738773,-9.8125,8195,0,0,0,1
9151248273,0.0027621358,0.0013810672,-0.00097656157,9109,0,-0.10772388,-0.64357704,-9.832031,8098,0,0,0,1
9151258621,0.00138107,0.0013810646,0.0009765639,10348,0,-0.10772389,-0.64357704,-9.821349,14613,0,0,0,1
9151268996,0.0006905346,0.0006905333,0.0009765625,10375,0,-0.10772388,-0.64357704,-9.832029,9039,0,0,0,1
9151277822,6.4123895e-10,-6.41239e-10,0.0009765623,8826,0,-0.09391321,-0.65738773,-9.832031,7813,0,0,0,1
9151288435,-0.001381067,-0.0013810691,0.001953125,10613,0,-0.0939132,-0.6573876,-9.832031,7390,0,0,0,1
9151298662,-0.00069053285,-0.00069053523,-8.481098e-17,10227,0,-0.09391321,-0.65738773,-9.8515625,14885,0,0,0,1
9151307857,0.0013810684,0.0013810674,-0.0009765625,9195,0,-0.0939132,-0.65738773,-9.832031,9081,0,0,0,1
9151318923,0.0020716023,0.00069053244,-1.5468801e-09,11066,0,-0.10772389,-0.6435769,-9.832031,7442,0,0,0,1
9151328937,0.00069053407,-0.00069053407,-1.8442676e-09,10014,0,-0.12153457,-0.62976646,-9.821493,14843,0,0,0,1
9151338967,-0.0006905334,-0.00069053326,-0.0009765633,10030,0,-0.107723884,-0.643577,-9.8125,8761,0,0,0,1
9151348392,-0.00069053407,-0.000690534,-0.0009765626,9425,0,-0.121534556,-0.65738773,-9.814453,7632,0,0,0,1
9151358884,0.002071603,0.00069053186,-0.0009765618,10492,0,-0.13534525,-0.64357704,-9.833984,7751,0,0,0,1
9151369076,0.0020716023,0.00069053407,-0.0009765626,10192,0,-0.10066719,-0.6230123,-9.832031,14737,0,0,0,1
9151378692,-0.00069053326,-0.0006905369,0.0019531242,9616,0,-0.1077239,-0.64357716,-9.851564,9867,0,0,0,1
9151388260,-0.0006905344,-0.0006905336,0.0029296877,9568,0,-0.10772391,-0.64357704,-9.832031,6621,0,0,0,1
9151398213,2.7487757e-09,-0.0013810674,0.0009765631,9953,0,-0.10772387,-0.6435769,-9.812498,8435,0,0,0,1
9151409080,0.001381069,-0.0013810667,1.4112392e-09,10867,0,-0.10012758,-0.65117335,-9.832031,14241,0,0,0,1
9151418528,0.002071602,0.00069053395,3.3691525e-09,9448,0,-0.0939132,-0.65738773,-9.812498,9036,0,0,0,1
9151429028,0.0,0.0,0.0,10500,0,-0.10772387,-0.64357704,-9.8125,7405,0,0,0,1
9151439435,-0.0013810678,-5.820766e-11,0.0009765626,10407,0,-0.10056876,-0.65073216,-9.8125,14901,0,0,0,1
9151448855,-0.001381069,0.001381069,0.0019531235,9420,0,-0.10772388,-0.6711984,-9.833984,8824,0,0,0,1
9151458531,0.000690534,0.000690536,0.000976561,9676,0,-0.12153457,-0.65738773,-9.833983,7685,0,0,0,1
9151468979,0.002071601,0.0006905362,-0.0009765634,10448,0,-0.10772387,-0.6435769,-9.794922,8163,0,0,0,1
9151479164,0.0020716002,-0.0006905338,-0.0009765651,10185,0,-0.0939132,-0.65738773,-9.813051,14465,0,0,0,1
9151488088,0.0020716002,-0.0020716034,-2.6844142e-09,8924,0,-0.09391321,-0.65738773,-9.832031,8119,0,0,0,1
9151498773,0.0013810677,-1.3152525e-16,2.042273e-09,10685,0,-0.09391319,-0.6573876,-9.812499,8415,0,0,0,1
9151508898,0.0027621358,0.0013810679,1.6129612e-09,10125,0,-0.11539718,-0.6359038,-9.8125,15403,0,0,0,1
9151519136,0.0041432027,0.0013810704,-0.0009765644,10238,0,-0.107723884,-0.64357704,-9.8125,8702,0,0,0,1
9151528836,0.0006905333,0.00069053686,-0.0009765609,9700,0,-0.10772387,-0.64357704,-9.812498,6911,0,0,0,1
9151538617,-0.0020716027,-0.0006905323,8.5626073e-10,9781,0,-0.12153454,-0.6297662,-9.8125,8392,0,0,0,1
9151548876,-0.002071603,-0.0020715985,0.0019531273,10259,0,-0.10041297,-0.65088797,-9.842369,14217,0,0,0,1
9151558387,-1.0366098e-09,-0.0013810645,0.0019531273,9511,0,-0.12153455,-0.6573876,-9.833984,8256,0,0,0,1
9151569128,0.0013810679,2.1379125e-09,1.4263589e-09,10741,0,-0.12153457,-0.65738773,-9.814453,8506,0,0,0,1
9151579400,-6.03684e-11,1.2675666e-09,-0.0009765625,10272,0,-0.09391321,-0.65738773,-9.83203,14881,0,0,0,1
9151588584,-1.2148549e-09,-0.0013810678,-0.0009765626,9184,0,-0.09391319,-0.6573876,-9.812498,8694,0,0,0,1
9151598711,0.0006905323,-0.0020716023,5.59131e-10,10127,0,-0.09391322,-0.65738773,-9.832033,8046,0,0,0,1
9151609035,0.0013810664,-6.2730265e-10,0.0009765648,10324,0,-0.093913205,-0.65738773,-9.832031,7402,0,0,0,1
9151619120,0.0013810669,0.0013810678,0.0009765641,10085,0,-0.093913205,-0.6573876,-9.832031,14633,0,0,0,1
9151628942,0.0006905333,0.0006905344,1.766161e-16,9822,0,-0.09391321,-0.65738785,-9.832033,8662,0,0,0,1
9151639619,0.0,0.0,0.0,10677,0,-0.09391321,-0.65738773,-9.832031,7797,0,0,0,1
9151648958,0.0,0.0,0.0,9339,0,-0.10772388,-0.6435771,-9.8125,14897,0,0,0,1
9151659430,0.0,0.0,0.0,10472,0,-0.10772389,-0.6711984,-9.833984,8842,0,0,0,1
9151669188,0.0,0.0,0.0,9758,0,-0.10772388,-0.6711984,-9.853514,8013,0,0,0,1
9151679643,0.0,0.0,0.0,10455,0,-0.09391321,-0.65738773,-9.8515625,7420,0,0,0,1
9151688906,0.0,0.0,0.0,9263,0,-0.08010254,-0.6711985,-9.843494,14868,0,0,0,1
9151699091,0.0,0.0,0.0,10185,0,-0.093913205,-0.65738773,-9.8125,9066,0,0,0,1
9151709014,0.0,0.0,0.0,9923,0,-0.10772387,-0.64357704,-9.8125,7277,0,0,0,1
9151719457,0.0,0.0,0.0,10443,0,-0.10117204,-0.65012896,-9.8125,15999,0,0,0,1
9151729471,0.0,0.0,0.0,10014,0,-0.093913205,-0.65738785,-9.8125,6709,0,0,0,1
9151739218,0.0,0.0,0.0,9747,0,-0.09391322,-0.65738773,-9.8125,8847,0,0,0,1
9151748834,0.0,0.0,0.0,9616,0,-0.107723884,-0.643577,-9.8125,7260,0,0,0,1
9151758886,0.0,0.0,0.0,10052,0,-0.10055728,-0.65074366,-9.832029,15197,0,0,0,1
9151769289,0.0,0.0,0.0,10403,0,-0.093913205,-0.65738773,-9.8125,8712,0,0,0,1
9151779056,0.0,0.0,0.0,9767,0,-0.1077239,-0.64357716,-9.8125,7526,0,0,0,1
9151789796,0.0,0.0,0.0,10740,0,-0.11495129,-0.6363496,-9.812501,16059,0,0,0,1
9151799841,0.0,0.0,0.0,10045,0,-0.093913205,-0.65738773,-9.8125,6803,0,0,0,1
9151809759,0.0,0.0,0.0,9918,0,-0.09391321,-0.65738773,-9.832029,8845,0,0,0,1
9151819164,0.0,0.0,0.0,9405,0,-0.09391323,-0.65738785,-9.832031,7397,0,0,0,1
9151829126,0.0,0.0,0.0,9962,0,-0.09391321,-0.6573878,-9.822787,14925,0,0,0,1
9151839817,0.0,0.0,0.0,10691,0,-0.09391321,-0.6573878,-9.832031,9866,0,0,0,1
9151850099,0.0,0.0,0.0,10282,0,-0.10772389,-0.64357704,-9.832031,6234,0,0,0,1
9151859353,0.0,0.0,0.0,9254,0,-0.10772388,-0.6435769,-9.832029,8958,0,0,0,1
9151869582,0.0,0.0,0.0,10229,0,-0.09391321,-0.65738773,-9.832031,14983,0,0,0,1
9151879119,0.0,0.0,0.0,9537,0,-0.10772389,-0.64357704,-9.832031,7219,0,0,0,1
9151889756,0.0,0.0,0.0,10637,0,-0.12153458,-0.62976635,-9.832031,8577,0,0,0,1
9151900057,0.0,0.0,0.0,10301,0,-0.11416005,-0.6371409,-9.822929,14482,0,0,0,1
9151909807,0.0,0.0,0.0,9750,0,-0.09391321,-0.65738773,-9.8515625,9041,0,0,0,1
9151919024,0.0,0.0,0.0,9217,0,-0.09391321,-0.65738773,-9.8515625,7801,0,0,0,1
9151929447,0.0,0.0,0.0,10423,0,-0.09391321,-0.65738785,-9.8515625,7364,0,0,0,1
9151939917,0.0,0.0,0.0,10470,0,-0.09391323,-0.65738773,-9.841326,15071,0,0,0,1
9151948960,0.0,0.0,0.0,9043,0,-0.10772388,-0.6435769,-9.8125,9775,0,0,0,1
9151959489,0.0,0.0,0.0,10529,0,-0.107723884,-0.64357704,-9.8125,7239,0,0,0,1
9151969536,0.0,0.0,0.0,10047,0,-0.09391321,-0.6573876,-9.8125,14278,0,0,0,1
9151979745,0.0,0.0,0.0,10209,0,-0.09391321,-0.65738773,-9.832031,7704,0,0,0,1
9151989239,0.0,0.0,0.0,9494,0,-0.09391321,-0.65738773,-9.832031,8780,0,0,0,1
9152000024,0.0,0.0,0.0,10785,0,-0.10772389,-0.64357704,-9.812502,14932,0,0,0,1
9152009454,0.0,0.0,0.0,9430,0,-0.09391319,-0.6573876,-9.812498,7810,0,0,0,1
9152019480,0.0,0.0,0.0,10026,0,-0.10772389,-0.6711984,-9.833984,8708,0,0,0,1
9152029374,0.0,0.0,0.0,9894,0,-0.10772389,-0.6711984,-9.833984,7655,0,0,0,1
9152039825,0.0,0.0,0.0,10451,0,-0.093913205,-0.6573877,-9.8125,15827,0,0,0,1
9152050023,0.0,0.0,0.0,10198,0,-0.09391319,-0.65738773,-9.812498,6679,0,0,0,1
9152059738,0.0,0.0,0.0,9715,0,-0.09391322,-0.65738773,-9.8125,8847,0,0,0,1
9152070435,0.0,0.0,0.0,10697,0,-0.11479688,-0.63650405,-9.812502,14869,0,0,0,1
9152079530,0.0,0.0,0.0,9095,0,-0.107723884,-0.64357704,-9.8125,7695,0,0,0,1
9152090157,0.0,0.0,0.0,10627,0,-0.09391322,-0.65738773,-9.812501,8693,0,0,0,1
9152099848,0.0,0.0,0.0,9691,0,-0.107723884,-0.64357704,-9.8125,7683,0,0,0,1
9152110373,0.0,0.0,0.0,10525,0,-0.09391322,-0.6436564,-9.842836,16710,0,0,0,1
9152119584,0.0,0.0,0.0,9211,0,-0.10772391,-0.6711984,-9.833985,7043,0,0,0,1
9152130143,0.0,0.0,0.0,10559,0,-0.107723884,-0.64357704,-9.8125,7736,0,0,0,1
9152139564,0.0,0.0,0.0,9421,0,-0.12153457,-0.6297662,-9.832031,7390,0,0,0,1
9152149861,0.0,0.0,0.0,10297,0,-0.12153457,-0.62976635,-9.832031,15001,0,0,0,1
9152160285,0.0,0.0,0.0,10424,0,-0.10772389,-0.64357704,-9.832031,8715,0,0,0,1
9152169218,0.0,0.0,0.0,8933,0,-0.09391319,-0.6573876,-9.812498,7783,0,0,0,1
9152179728,0.0,0.0,0.0,10510,0,-0.093913205,-0.65738773,-9.8125,15024,0,0,0,1
9152189944,0.0,0.0,0.0,10216,0,-0.09391319,-0.65738773,-9.8125,7616,0,0,0,1
9152199825,0.0,0.0,0.0,9881,0,-0.09391319,-0.65738773,-9.8125,8761,0,0,0,1
9152210059,0.0,0.0,0.0,10234,0,-0.09391321,-0.65738773,-9.832031,7396,0,0,0,1
9152220459,0.0,0.0,0.0,10400,0,-0.093913205,-0.65738773,-9.821791,15255,0,0,0,1
9152230480,0.0,0.0,0.0,10021,0,-0.093913205,-0.65738773,-9.8125,8608,0,0,0,1
9152239380,0.0,0.0,0.0,8900,0,-0.107723884,-0.64357716,-9.812502,7485,0,0,0,1
9152250013,0.0,0.0,0.0,10633,0,-0.10772387,-0.6435769,-9.8125,8470,0,0,0,1
9152260176,0.0,0.0,0.0,10163,0,-0.10772388,-0.64357704,-9.812501,14438,0,0,0,1
9152270069,0.0,0.0,0.0,9893,0,-0.09391319,-0.6573876,-9.812498,8513,0,0,0,1
9152280308,0.0,0.0,0.0,10239,0,-0.09391319,-0.65738773,-9.8125,7481,0,0,0,1
9152289538,0.0,0.0,0.0,9230,0,-0.10772389,-0.64357704,-9.832029,8517,0,0,0,1
9152299741,0.0,0.0,0.0,10203,0,-0.11457493,-0.6643475,-9.824143,14623,0,0,0,1
9152309419,0.0,0.0,0.0,9678,0,-0.093913205,-0.65738773,-9.8125,8222,0,0,0,1
9152319930,0.0,0.0,0.0,10511,0,-0.093913205,-0.65738773,-9.8125,8405,0,0,0,1
9152330247,0.0,0.0,0.0,10317,0,-0.09391321,-0.65738773,-9.823025,14764,0,0,0,1
9152340258,0.0,0.0,0.0,10011,0,-0.10772389,-0.6711984,-9.853514,8137,0,0,0,1
9152350489,0.0,0.0,0.0,10231,0,-0.10772388,-0.6711983,-9.833982,7711,0,0,0,1
9152359909,0.0,0.0,0.0,9420,0,-0.09391319,-0.6573876,-9.812498,8524,0,0,0,1
9152370343,0.0,0.0,0.0,10434,0,-0.10136459,-0.6499363,-9.8125,15378,0,0,0,1
9152380208,0.0,0.0,0.0,9865,0,-0.10772389,-0.64357704,-9.832029,7819,0,0,0,1
9152389812,0.0,0.0,0.0,9604,0,-0.09391321,-0.65738773,-9.832033,7407,0,0,0,1
9152399955,0.0,0.0,0.0,10143,0,-0.09391322,-0.6573878,-9.822712,15265,0,0,0,1
9152410699,0.0,0.0,0.0,10744,0,-0.09391321,-0.65738773,-9.832031,9369,0,0,0,1
9152420119,0.0,0.0,0.0,9420,0,-0.093913205,-0.65738773,-9.8125,6898,0,0,0,1
9152430544,0.0,0.0,0.0,10425,0,-0.10772389,-0.6711984,-9.833984,8181,0,0,0,1
9152440952,0.0,0.0,0.0,10408,0,-0.10114468,-0.6646192,-9.82375,14503,0,0,0,1
9152449661,0.0,0.0,0.0,8709,0,-0.093913205,-0.65738773,-9.8125,8669,0,0,0,1
9152460229,0.0,0.0,0.0,10568,0,-0.09391322,-0.65738773,-9.812502,8429,0,0,0,1
9152470291,0.0,0.0,0.0,10062,0,-0.10144178,-0.64985913,-9.8125,14426,0,0,0,1
9152480707,0.0,0.0,0.0,10416,0,-0.107723884,-0.64357704,-9.8125,9308,0,0,0,1
9152490412,0.0,0.0,0.0,9705,0,-0.09391321,-0.65738773,-9.832031,6802,0,0,0,1
9152499953,0.0,0.0,0.0,9541,0,-0.093913205,-0.65738773,-9.8515625,8180,0,0,0,1
9152510278,0.0,0.0,0.0,10325,0,-0.10167181,-0.6496291,-9.821059,15700,0,0,0,1
9152520347,0.0,0.0,0.0,10069,0,-0.10772389,-0.6435769,-9.832031,8412,0,0,0,1
9152530773,0.0,0.0,0.0,10426,0,-0.093913205,-0.65738773,-9.83203,6730,0,0,0,1
9152540498,0.0,0.0,0.0,9725,0,-0.09391321,-0.6573877,-9.8125,15277,0,0,0,1
9152550792,0.0,0.0,0.0,10294,0,-0.107723884,-0.64357704,-9.8125,8641,0,0,0,1
9152560656,0.0,0.0,0.0,9864,0,-0.1077239,-0.64357704,-9.8125,7941,0,0,0,1
9152570127,0.0,0.0,0.0,9471,0,-0.09391322,-0.65738785,-9.812502,7544,0,0,0,1
9152580995,0.0,0.0,0.0,10868,0,-0.10113522,-0.65016574,-9.842244,14763,0,0,0,1
9152590055,0.0,0.0,0.0,9060,0,-0.10772389,-0.64357704,-9.832031,8238,0,0,0,1
9152600348,0.0,0.0,0.0,10293,0,-0.107723884,-0.64357704,-9.832029,8469,0,0,0,1
9152610999,0.0,0.0,0.0,10651,0,-0.10109531,-0.65020555,-9.822656,15793,0,0,0,1
9152620963,0.0,0.0,0.0,9964,0,-0.093913205,-0.6573876,-9.812498,7545,0,0,0,1
9152630686,0.0,0.0,0.0,9723,0,-0.107723884,-0.64357704,-9.8125,7839,0,0,0,1
9152640479,0.0,0.0,0.0,9793,0,-0.121534556,-0.62976635,-9.832031,7601,0,0,0,1
9152650734,0.0,0.0,0.0,10255,0,-0.10772389,-0.643577,-9.83203,14964,0,0,0,1
9152660920,0.0,0.0,0.0,10186,0,-0.10772391,-0.64357704,-9.832031,9003,0,0,0,1
9152670066,0.0,0.0,0.0,9146,0,-0.093913205,-0.65738773,-9.812498,7608,0,0,0,1
9152680541,0.0,0.0,0.0,10475,0,-0.0939132,-0.6573876,-9.812498,15218,0,0,0,1
9152690960,0.0,0.0,0.0,10419,0,-0.1077239,-0.64357716,-9.812502,7487,0,0,0,1
9152700392,0.0,0.0,0.0,9432,0,-0.107723884,-0.64357704,-9.8125,8025,0,0,0,1
9152711074,0.0,0.0,0.0,10682,0,-0.09391319,-0.6573877,-9.8125,8392,0,0,0,1
9152721051,0.0,0.0,0.0,9977,0,-0.107723884,-0.67119837,-9.814453,14617,0,0,0,1
9152731169,0.0,0.0,0.0,10118,0,-0.12153457,-0.65738773,-9.814451,8954,0,0,0,1
9152740272,0.0,0.0,0.0,9103,0,-0.14915593,-0.65738773,-9.816406,7804,0,0,0,1
9152751254,0.0,0.0,0.0,10982,0,-0.14211977,-0.65035146,-9.81541,15255,0,0,0,1
9152760458,0.0,0.0,0.0,9204,0,-0.12153456,-0.62976635,-9.8125,7164,0,0,0,1
9152770761,0.0,0.0,0.0,10303,0,-0.1077239,-0.64357704,-9.8125,8368,0,0,0,1
9152780566,0.0,0.0,0.0,9805,0,-0.107723884,-0.64357704,-9.812501,8399,0,0,0,1
9152790673,0.0,0.0,0.0,10107,0,-0.10772388,-0.64357704,-9.832031,8200,0,0,0,1
9152801233,0.0,0.0,0.0,10560,0,-0.10772388,-0.64357704,-9.8515625,14491,0,0,0,1
9152810752,0.0,0.0,0.0,9519,0,-0.0939132,-0.65738773,-9.83203,8721,0,0,0,1
9152821373,0.0,0.0,0.0,10621,0,-0.09391322,-0.65738773,-9.8125,7369,0,0,0,1
9152831587,0.0,0.0,0.0,10214,0,-0.09391322,-0.65738773,-9.832031,15819,0,0,0,1
9152840930,0.0,0.0,0.0,9343,0,-0.093913205,-0.6573876,-9.8125,8907,0,0,0,1
9152850849,0.0,0.0,0.0,9919,0,-0.080102526,-0.64357704,-9.8125,6751,0,0,0,1
9152861161,0.0,0.0,0.0,10312,0,-0.08010254,-0.6568581,-9.8423605,15879,0,0,0,1
9152871616,0.0,0.0,0.0,10455,0,-0.08010253,-0.6711984,-9.833982,7506,0,0,0,1
9152881102,0.0,0.0,0.0,9486,0,-0.10772389,-0.6711984,-9.833982,7920,0,0,0,1
9152890872,0.0,0.0,0.0,9770,0,-0.121534556,-0.6850091,-9.835936,7951,0,0,0,1
9152901210,0.0,0.0,0.0,10338,0,-0.10772388,-0.67119837,-9.814451,14463,0,0,0,1
9152911195,0.0,0.0,0.0,9985,0,-0.13534525,-0.6711984,-9.8359375,8200,0,0,0,1
9152920421,0.0,0.0,0.0,9226,0,-0.13534525,-0.6711983,-9.855469,8686,0,0,0,1
9152931135,0.0,0.0,0.0,10714,0,-0.121534556,-0.65738773,-9.833984,7389,0,0,0,1
9152941168,0.0,0.0,0.0,10033,0,-0.10105447,-0.65024644,-9.812498,14781,0,0,0,1
9152951068,0.0,0.0,0.0,9900,0,-0.107723884,-0.64357704,-9.8125,8438,0,0,0,1
9152961328,0.0,0.0,0.0,10260,0,-0.1077239,-0.64357704,-9.812502,8429,0,0,0,1
9152971539,0.0,0.0,0.0,10211,0,-0.09391321,-0.65738773,-9.842384,14439,0,0,0,1
9152981456,0.0,0.0,0.0,9917,0,-0.08010253,-0.6711984,-9.833984,9183,0,0,0,1
9152990646,0.0,0.0,0.0,9190,0,-0.09391323,-0.68500924,-9.8359375,7770,0,0,0,1
9153001253,0.0,0.0,0.0,10607,0,-0.10064764,-0.66412216,-9.822976,15153,0,0,0,1
9153011538,0.0,0.0,0.0,10285,0,-0.09391321,-0.65738773,-9.832031,7462,0,0,0,1
9153020708,0.0,0.0,0.0,9170,0,-0.10772388,-0.64357704,-9.832029,7854,0,0,0,1
9153030993,0.0,0.0,0.0,10285,0,-0.12153456,-0.62976635,-9.8125,7777,0,0,0,1
9153041278,0.0,0.0,0.0,10285,0,-0.12153458,-0.6297664,-9.8125,15099,0,0,0,1
9153051681,0.0,0.0,0.0,10403,0,-0.13534522,-0.64357704,-9.833983,9600,0,0,0,1
9153060576,0.0,0.0,0.0,8895,0,-0.12153457,-0.65738773,-9.833985,6788,0,0,0,1
9153071055,0.0,0.0,0.0,10479,0,-0.1077239,-0.64357716,-9.812502,7455,0,0,0,1
9153081236,0.0,0.0,0.0,10181,0,-0.11450864,-0.63679224,-9.8125,15348,0,0,0,1
9153091278,0.0,0.0,0.0,10042,0,-0.09391319,-0.65738773,-9.812498,9515,0,0,0,1
9153101706,0.0,0.0,0.0,10428,0,-0.09391322,-0.65738773,-9.832031,6760,0,0,0,1
9153110961,0.0,0.0,0.0,9255,0,-0.10772389,-0.64357716,-9.821866,15185,0,0,0,1
9153121221,0.0,0.0,0.0,10260,0,-0.093913205,-0.65738773,-9.8125,7697,0,0,0,1
9153130902,0.0,0.0,0.0,9681,0,-0.09391322,-0.65738785,-9.812502,8558,0,0,0,1
9153141609,0.0,0.0,0.0,10707,0,-0.09391321,-0.65738785,-9.832031,8406,0,0,0,1
9153151925,0.0,0.0,0.0,10316,0,-0.09391321,-0.6573876,-9.851562,14144,0,0,0,1
9153161388,0.0,0.0,0.0,9463,0,-0.0939132,-0.65738773,-9.832031,8555,0,0,0,1
9153172082,0.0,0.0,0.0,10694,0,-0.09391323,-0.65738773,-9.832031,7774,0,0,0,1
9153181280,0.0,0.0,0.0,9198,0,-0.1077239,-0.6435771,-9.821319,15822,0,0,0,1
9153191456,0.0,0.0,0.0,10176,0,-0.09391319,-0.6573876,-9.812498,7124,0,0,0,1
9153201148,0.0,0.0,0.0,9692,0,-0.1077239,-0.6711984,-9.814454,8430,0,0,0,1
9153211848,0.0,0.0,0.0,10700,0,-0.12153456,-0.6573876,-9.833982,8407,0,0,0,1
9153221937,0.0,0.0,0.0,10089,0,-0.12886323,-0.637095,-9.842236,14273,0,0,0,1
9153231707,0.0,0.0,0.0,9770,0,-0.12153457,-0.65738773,-9.833985,8476,0,0,0,1
9153241019,0.0,0.0,0.0,9312,0,-0.09391321,-0.65738785,-9.832033,7670,0,0,0,1
9153251654,0.0,0.0,0.0,10635,0,-0.093913205,-0.6573877,-9.8125,8421,0,0,0,1
9153261821,0.0,0.0,0.0,10167,0,-0.0939132,-0.6573876,-9.822288,14659,0,0,0,1
9153272212,0.0,0.0,0.0,10391,0,-0.09391321,-0.65738773,-9.8515625,8440,0,0,0,1
9153281609,0.0,0.0,0.0,9397,0,-0.0939132,-0.65738773,-9.832031,7885,0,0,0,1
9153291415,0.0,0.0,0.0,9806,0,-0.080102526,-0.643577,-9.822813,14955,0,0,0,1
9153302208,0.0,0.0,0.0,10793,0,-0.12153457,-0.65738773,-9.853516,9584,0,0,0,1
9153311910,0.0,0.0,0.0,9702,0,-0.13534525,-0.6711984,-9.855469,6574,0,0,0,1
9153321221,0.0,0.0,0.0,9311,0,-0.12153457,-0.6573876,-9.833984,8424,0,0,0,1
9153331634,0.0,0.0,0.0,10413,0,-0.12153457,-0.64468986,-9.813557,14459,0,0,0,1
9153341600,0.0,0.0,0.0,9966,0,-0.10772389,-0.6711984,-9.833984,8877,0,0,0,1
9153352014,0.0,0.0,0.0,10414,0,-0.09391321,-0.65738785,-9.832031,7526,0,0,0,1
9153362011,0.0,0.0,0.0,9997,0,-0.107723884,-0.64357704,-9.8125,14950,0,0,0,1
9153371655,0.0,0.0,0.0,9644,0,-0.093913205,-0.65738773,-9.8125,7879,0,0,0,1
9153381193,0.0,0.0,0.0,9538,0,-0.093913205,-0.65738773,-9.8125,8588,0,0,0,1
9153391638,0.0,0.0,0.0,10445,0,-0.093913205,-0.65738773,-9.8125,7377,0,0,0,1
9153402208,0.0,0.0,0.0,10570,0,-0.080102526,-0.6711984,-9.814452,15334,0,0,0,1
9153411949,0.0,0.0,0.0,9741,0,-0.09391321,-0.65738773,-9.832031,9246,0,0,0,1
9153422056,0.0,0.0,0.0,10107,0,-0.09391321,-0.65738773,-9.8515625,6790,0,0,0,1
9153431635,0.0,0.0,0.0,9579,0,-0.08614723,-0.66515374,-9.822146,16400,0,0,0,1
9153442250,0.0,0.0,0.0,10615,0,-0.08010254,-0.67119855,-9.814455,7114,0,0,0,1
9153451296,0.0,0.0,0.0,9046,0,-0.0939132,-0.6573877,-9.832029,9341,0,0,0,1
9153461273,0.0,0.0,0.0,9977,0,-0.09391321,-0.65738773,-9.851562,6905,0,0,0,1
9153472170,0.0,0.0,0.0,10897,0,-0.11524325,-0.6360577,-9.840928,14710,0,0,0,1
9153482123,0.0,0.0,0.0,9953,0,-0.12153456,-0.62976635,-9.8125,8707,0,0,0,1
9153492148,0.0,0.0,0.0,10025,0,-0.12153456,-0.62976635,-9.8125,7486,0,0,0,1
9153501331,0.0,0.0,0.0,9183,0,-0.10772391,-0.64357704,-9.832031,8499,0,0,0,1
9153512069,0.0,0.0,0.0,10738,0,-0.093913205,-0.65738773,-9.82135,14223,0,0,0,1
9153521692,0.0,0.0,0.0,9623,0,-0.08010251,-0.6711983,-9.814453,8300,0,0,0,1
9153532619,0.0,0.0,0.0,10927,0,-0.08010254,-0.6711985,-9.814453,8677,0,0,0,1
9153541611,0.0,0.0,0.0,8992,0,-0.093913205,-0.65738773,-9.812501,14271,0,0,0,1
9153552550,0.0,0.0,0.0,10939,0,-0.0939132,-0.65738773,-9.832031,8934,0,0,0,1
9153562323,0.0,0.0,0.0,9773,0,-0.10772389,-0.6711984,-9.853516,7571,0,0,0,1
9153572019,0.0,0.0,0.0,9696,0,-0.10772391,-0.67119855,-9.853518,8283,0,0,0,1
9153582238,0.0,0.0,0.0,10219,0,-0.101244494,-0.66471905,-9.8112955,14315,0,0,0,1
9153591639,0.0,0.0,0.0,9401,0,-0.13534528,-0.67119855,-9.794922,9309,0,0,0,1
9153601593,0.0,0.0,0.0,9954,0,-0.13534525,-0.6711984,-9.816406,7375,0,0,0,1
9153611851,0.0,0.0,0.0,10258,0,-0.12153456,-0.6850091,-9.816406,8438,0,0,0,1
9153622463,0.0,0.0,0.0,10612,0,-0.107723884,-0.6546046,-9.825013,15259,0,0,0,1
9153632011,0.0,0.0,0.0,9548,0,-0.10772389,-0.64357704,-9.8515625,7747,0,0,0,1
9153642483,0.0,0.0,0.0,10472,0,-0.09391323,-0.65738785,-9.832033,7604,0,0,0,1
9153651834,0.0,0.0,0.0,9351,0,-0.093913205,-0.65738773,-9.812499,14531,0,0,0,1
9153662350,0.0,0.0,0.0,10516,0,-0.093913205,-0.65738773,-9.8125,9988,0,0,0,1
9153672056,0.0,0.0,0.0,9706,0,-0.093913205,-0.65738773,-9.8125,6669,0,0,0,1
9153682577,0.0,0.0,0.0,10521,0,-0.093913205,-0.65738773,-9.832031,15037,0,0,0,1
9153692911,0.0,0.0,0.0,10334,0,-0.09391321,-0.65738773,-9.832031,7706,0,0,0,1
9153701610,0.0,0.0,0.0,8699,0,-0.09391321,-0.65738773,-9.832031,8067,0,0,0,1
9153712114,0.0,0.0,0.0,10504,0,-0.10772389,-0.6711984,-9.833984,8421,0,0,0,1
9153722091,0.0,0.0,0.0,9977,0,-0.100245714,-0.66372025,-9.832927,14791,0,0,0,1
9153732265,0.0,0.0,0.0,10174,0,-0.10772389,-0.6711984,-9.853516,9053,0,0,0,1
9153742620,0.0,0.0,0.0,10355,0,-0.10772389,-0.6711984,-9.833984,7502,0,0,0,1
9153751875,0.0,0.0,0.0,9255,0,-0.09391322,-0.65738773,-9.8125,8434,0,0,0,1
9153762490,0.0,0.0,0.0,10615,0,-0.11498288,-0.636318,-9.832031,13883,0,0,0,1
9153771969,0.0,0.0,0.0,9479,0,-0.12153457,-0.62976635,-9.8125,8464,0,0,0,1
9153782624,0.0,0.0,0.0,10655,0,-0.12153456,-0.62976635,-9.812502,8406,0,0,0,1
9153792429,0.0,0.0,0.0,9805,0,-0.11404977,-0.63725114,-9.823083,14396,0,0,0,1
9153802738,0.0,0.0,0.0,10309,0,-0.10772389,-0.6435769,-9.832031,8713,0,0,0,1
9153812237,0.0,0.0,0.0,9499,0,-0.093913205,-0.65738773,-9.814453,7754,0,0,0,1
9153822851,0.0,0.0,0.0,10614,0,-0.08667327,-0.66462755,-9.822815,15602,0,0,0,1
9153832890,0.0,0.0,0.0,10039,0,-0.09391321,-0.65738773,-9.8515625,7082,0,0,0,1
9153842808,0.0,0.0,0.0,9918,0,-0.08010253,-0.6711983,-9.833984,8822,0,0,0,1
9153852444,0.0,0.0,0.0,9636,0,-0.080102526,-0.6711983,-9.814451,7622,0,0,0,1
9153862644,0.0,0.0,0.0,10200,0,-0.09391321,-0.65738773,-9.83203,14827,0,0,0,1
9153872431,0.0,0.0,0.0,9787,0,-0.107723884,-0.6711984,-9.814455,8422,0,0,0,1
9153882106,0.0,0.0,0.0,9675,0,-0.12153457,-0.6850091,-9.816406,8511,0,0,0,1
9153892507,0.0,0.0,0.0,10401,0,-0.10772391,-0.67119855,-9.833984,7366,0,0,0,1
9153902869,0.0,0.0,0.0,10362,0,-0.09391321,-0.65738773,-9.821885,14908,0,0,0,1
9153912507,0.0,0.0,0.0,9638,0,-0.09391319,-0.6573876,-9.8125,8822,0,0,0,1
9153922860,0.0,0.0,0.0,10353,0,-0.107723884,-0.64357704,-9.832031,7601,0,0,0,1
9153932235,0.0,0.0,0.0,9375,0,-0.114300184,-0.63700074,-9.8413315,14837,0,0,0,1
9153943065,0.0,0.0,0.0,10830,0,-0.09391321,-0.6573877,-9.832031,8923,0,0,0,1
9153952380,0.0,0.0,0.0,9315,0,-0.0939132,-0.65738773,-9.832031,7802,0,0,0,1
9153962992,0.0,0.0,0.0,10612,0,-0.09391321,-0.65738773,-9.832029,7384,0,0,0,1
9153973172,0.0,0.0,0.0,10180,0,-0.09391321,-0.65738773,-9.851564,14835,0,0,0,1
9153982036,0.0,0.0,0.0,8864,0,-0.12153457,-0.65738773,-9.833984,9932,0,0,0,1
9153992752,0.0,0.0,0.0,10716,0,-0.12153457,-0.6573876,-9.814452,7016,0,0,0,1
9154002247,0.0,0.0,0.0,9495,0,-0.09391321,-0.6573877,-9.84281,14425,0,0,0,1
9154012739,0.0,0.0,0.0,10492,0,-0.10772389,-0.6711984,-9.833984,7695,0,0,0,1
9154022348,0.0,0.0,0.0,9609,0,-0.12153456,-0.6850091,-9.816406,8685,0,0,0,1
9154033017,0.0,0.0,0.0,10669,0,-0.10772387,-0.6711983,-9.814451,8435,0,0,0,1
9154043101,0.0,0.0,0.0,10084,0,-0.09391321,-0.65738773,-9.812501,14256,0,0,0,1
9154053005,0.0,0.0,0.0,9904,0,-0.10772387,-0.6435769,-9.812498,8454,0,0,0,1
9154062401,0.0,0.0,0.0,9396,0,-0.107723884,-0.64357704,-9.8125,7492,0,0,0,1
9154073401,0.0,0.0,0.0,11000,0,-0.1011081,-0.66458255,-9.813518,16909,0,0,0,1
9154083370,0.0,0.0,0.0,9969,0,-0.13534525,-0.6711984,-9.816406,6418,0,0,0,1
9154092315,0.0,0.0,0.0,8945,0,-0.12153457,-0.65738785,-9.833984,8011,0,0,0,1
9154102906,0.0,0.0,0.0,10591,0,-0.09391321,-0.65738773,-9.832031,8468,0,0,0,1
9154113131,0.0,0.0,0.0,10225,0,-0.10772389,-0.6711986,-9.814454,14867,0,0,0,1
9154122515,0.0,0.0,0.0,9384,0,-0.10772387,-0.6711983,-9.814451,9012,0,0,0,1
9154132251,0.0,0.0,0.0,9736,0,-0.10772391,-0.6711984,-9.833986,7376,0,0,0,1
9154142933,0.0,0.0,0.0,10682,0,-0.10772389,-0.6711984,-9.824332,14978,0,0,0,1
9154153107,0.0,0.0,0.0,10174,0,-0.10772389,-0.6435769,-9.832029,7592,0,0,0,1
9154162155,0.0,0.0,0.0,9048,0,-0.12153457,-0.62976635,-9.8515625,9042,0,0,0,1
9154173112,0.0,0.0,0.0,10957,0,-0.10772388,-0.6159557,-9.8515625,7423,0,0,0,1
9154183439,0.0,0.0,0.0,10327,0,-0.10772388,-0.63086873,-9.841017,14895,0,0,0,1
9154193407,0.0,0.0,0.0,9968,0,-0.10772387,-0.64357704,-9.812498,8799,0,0,0,1
9154202658,0.0,0.0,0.0,9251,0,-0.12153456,-0.62976635,-9.8125,7883,0,0,0,1
9154213365,0.0,0.0,0.0,10707,0,-0.121534556,-0.65738773,-9.833982,7399,0,0,0,1
9154223375,0.0,0.0,0.0,10010,0,-0.100782104,-0.66425663,-9.842718,14963,0,0,0,1
9154232258,0.0,0.0,0.0,8883,0,-0.1077239,-0.64357704,-9.8125,8654,0,0,0,1
9154243747,0.0,0.0,0.0,11489,0,-0.10772389,-0.64357704,-9.832031,7847,0,0,0,1
9154253136,0.0,0.0,0.0,9389,0,-0.09391321,-0.6573876,-9.851561,14834,0,0,0,1
9154263422,0.0,0.0,0.0,10286,0,-0.09391321,-0.6573876,-9.851561,8028,0,0,0,1
9154272589,0.0,0.0,0.0,9167,0,-0.10772388,-0.6435769,-9.8515625,8169,0,0,0,1
9154283297,0.0,0.0,0.0,10708,0,-0.10772389,-0.64357704,-9.8515625,8440,0,0,0,1
9154293364,0.0,0.0,0.0,10067,0,-0.09391321,-0.6573876,-9.841083,14284,0,0,0,1
9154303170,0.0,0.0,0.0,9806,0,-0.09391319,-0.6573876,-9.812498,8501,0,0,0,1
9154313734,0.0,0.0,0.0,10564,0,-0.093913205,-0.65738773,-9.8125,7666,0,0,0,1
9154323118,0.0,0.0,0.0,9384,0,-0.093913205,-0.65738773,-9.8228855,15613,0,0,0,1
9154333136,0.0,0.0,0.0,10018,0,-0.10772388,-0.64357704,-9.832029,7337,0,0,0,1
9154343098,0.0,0.0,0.0,9962,0,-0.13534525,-0.64357704,-9.833984,8443,0,0,0,1
9154353710,0.0,0.0,0.0,10612,0,-0.13534525,-0.64357704,-9.833982,8501,0,0,0,1
9154363380,0.0,0.0,0.0,9670,0,-0.12153455,-0.6447538,-9.813558,14504,0,0,0,1
9154373524,0.0,0.0,0.0,10144,0,-0.10772389,-0.67119855,-9.814454,9127,0,0,0,1
9154383359,0.0,0.0,0.0,9835,0,-0.09391321,-0.65738785,-9.832031,8255,0,0,0,1
9154393637,0.0,0.0,0.0,10278,0,-0.08739953,-0.67849547,-9.844228,15022,0,0,0,1
9154403958,0.0,0.0,0.0,10321,0,-0.12153456,-0.6850091,-9.816405,6532,0,0,0,1
9154413698,0.0,0.0,0.0,9740,0,-0.1077239,-0.6711984,-9.814453,8716,0,0,0,1
9154423638,0.0,0.0,0.0,9940,0,-0.1077239,-0.67119855,-9.814455,7565,0,0,0,1
9154434037,0.0,0.0,0.0,10399,0,-0.10772389,-0.65695596,-9.823518,16188,0,0,0,1
9154443713,0.0,0.0,0.0,9676,0,-0.10772391,-0.64357704,-9.832031,6988,0,0,0,1
9154453441,0.0,0.0,0.0,9728,0,-0.093913205,-0.65738773,-9.8125,7804,0,0,0,1
9154463457,0.0,0.0,0.0,10016,0,-0.0939132,-0.62976635,-9.832031,8651,0,0,0,1
9154473841,0.0,0.0,0.0,10384,0,-0.10772389,-0.631713,-9.851563,15659,0,0,0,1
9154483342,0.0,0.0,0.0,9501,0,-0.09391321,-0.65738773,-9.832031,8061,0,0,0,1
9154493875,0.0,0.0,0.0,10533,0,-0.093913205,-0.65738773,-9.812499,7191,0,0,0,1
9154503069,0.0,0.0,0.0,9194,0,-0.10772388,-0.6711984,-9.833982,14893,0,0,0,1
9154514047,0.0,0.0,0.0,10978,0,-0.093913205,-0.65738773,-9.8125,8947,0,0,0,1
9154523935,0.0,0.0,0.0,9888,0,-0.09391321,-0.65738773,-9.832031,7099,0,0,0,1
9154533492,0.0,0.0,0.0,9557,0,-0.09391321,-0.65738773,-9.832031,8474,0,0,0,1
9154543381,0.0,0.0,0.0,9889,0,-0.093913205,-0.6573878,-9.8125,14496,0,0,0,1
9154553726,0.0,0.0,0.0,10345,0,-0.09391321,-0.65738773,-9.832031,9396,0,0,0,1
9154563701,0.0,0.0,0.0,9975,0,-0.09391323,-0.6573878,-9.832031,6757,0,0,0,1
9154573101,0.0,0.0,0.0,9400,0,-0.10132479,-0.6647993,-9.813547,15768,0,0,0,1
9154583384,0.0,0.0,0.0,10283,0,-0.107723884,-0.6711984,-9.814453,7454,0,0,0,1
9154593166,0.0,0.0,0.0,9782,0,-0.093913205,-0.6573876,-9.812498,8265,0,0,0,1
9154603922,0.0,0.0,0.0,10756,0,-0.1077239,-0.64357704,-9.8125,8453,0,0,0,1
9154613995,0.0,0.0,0.0,10073,0,-0.10011419,-0.65118676,-9.8125,14519,0,0,0,1
9154623385,0.0,0.0,0.0,9390,0,-0.10772387,-0.643577,-9.794922,7986,0,0,0,1
9154633267,0.0,0.0,0.0,9882,0,-0.12153455,-0.6297662,-9.79492,7950,0,0,0,1
9154643556,0.0,0.0,0.0,10289,0,-0.10110034,-0.65020055,-9.83203,15830,0,0,0,1
9154653878,0.0,0.0,0.0,10322,0,-0.107723884,-0.643577,-9.8125,7211,0,0,0,1
9154663432,0.0,0.0,0.0,9554,0,-0.12153456,-0.6297662,-9.832029,8132,0,0,0,1
9154674127,0.0,0.0,0.0,10695,0,-0.10772391,-0.64357716,-9.851564,8643,0,0,0,1
9154684152,0.0,0.0,0.0,10025,0,-0.10772389,-0.64357704,-9.821711,14420,0,0,0,1
9154694124,0.0,0.0,0.0,9972,0,-0.093913205,-0.65738773,-9.8125,9521,0,0,0,1
9154703647,0.0,0.0,0.0,9523,0,-0.09391321,-0.65738773,-9.832031,6816,0,0,0,1
9154714303,0.0,0.0,0.0,10656,0,-0.107723884,-0.64357704,-9.822906,15788,0,0,0,1
9154724295,0.0,0.0,0.0,9992,0,-0.093913205,-0.65738785,-9.812501,7108,0,0,0,1
9154733211,0.0,0.0,0.0,8916,0,-0.107723884,-0.67119837,-9.814453,8462,0,0,0,1
9154743476,0.0,0.0,0.0,10265,0,-0.12153454,-0.6850091,-9.816406,8435,0,0,0,1
9154753753,0.0,0.0,0.0,10277,0,-0.10097734,-0.6644518,-9.833029,14350,0,0,0,1
9154764338,0.0,0.0,0.0,10585,0,-0.0939132,-0.65738773,-9.83203,9288,0,0,0,1
9154774033,0.0,0.0,0.0,9695,0,-0.09391322,-0.6573878,-9.832031,6834,0,0,0,1
9154783426,0.0,0.0,0.0,9393,0,-0.093913205,-0.65738773,-9.8125,8430,0,0,0,1
9154793798,0.0,0.0,0.0,10372,0,-0.08010254,-0.6711984,-9.814453,14560,0,0,0,1
9154803267,0.0,0.0,0.0,9469,0,-0.093913205,-0.65738785,-9.8125,8387,0,0,0,1
9154814439,0.0,0.0,0.0,11172,0,-0.107723884,-0.64357704,-9.8125,8119,0,0,0,1
9154823798,0.0,0.0,0.0,9359,0,-0.12896329,-0.6648165,-9.835035,14843,0,0,0,1
9154833998,0.0,0.0,0.0,10200,0,-0.13534522,-0.6711983,-9.816404,8717,0,0,0,1
9154844683,0.0,0.0,0.0,10685,0,-0.107723884,-0.6711984,-9.814453,7853,0,0,0,1
9154854426,0.0,0.0,0.0,9743,0,-0.093913205,-0.65738773,-9.8125,8375,0,0,0,1
9154864004,0.0,0.0,0.0,9578,0,-0.09391321,-0.65738785,-9.812501,14149,0,0,0,1
9154873390,0.0,0.0,0.0,9386,0,-0.09391321,-0.65738773,-9.832031,9226,0,0,0,1
9154884144,0.0,0.0,0.0,10754,0,-0.10772391,-0.64357716,-9.832031,7397,0,0,0,1
9154894771,0.0,0.0,0.0,10627,0,-0.13534524,-0.64357716,-9.823769,16000,0,0,0,1
9154904733,0.0,0.0,0.0,9962,0,-0.121534586,-0.6573878,-9.833984,6432,0,0,0,1
9154914111,0.0,0.0,0.0,9378,0,-0.1077239,-0.67119855,-9.814454,8705,0,0,0,1
9154924513,0.0,0.0,0.0,10402,0,-0.107723884,-0.6711984,-9.814451,7406,0,0,0,1
9154934759,0.0,0.0,0.0,10246,0,-0.10072005,-0.6641946,-9.832993,15002,0,0,0,1
9154944437,0.0,0.0,0.0,9678,0,-0.10772388,-0.6711984,-9.833984,8923,0,0,0,1
9154954322,0.0,0.0,0.0,9885,0,-0.10772389,-0.6711984,-9.833984,7688,0,0,0,1
9154964224,0.0,0.0,0.0,9902,0,-0.09391322,-0.65738773,-9.8125,16261,0,0,0,1
9154974220,0.0,0.0,0.0,9996,0,-0.09391321,-0.65738773,-9.832031,6276,0,0,0,1
9154985007,0.0,0.0,0.0,10787,0,-0.12153458,-0.65738773,-9.833984,9249,0,0,0,1
9154994624,0.0,0.0,0.0,9617,0,-0.13534522,-0.6711983,-9.816404,7289,0,0,0,1
9155004751,0.0,0.0,0.0,10127,0,-0.14261511,-0.6639286,-9.835937,14719,0,0,0,1
9155014689,0.0,0.0,0.0,9938,0,-0.13534525,-0.64357704,-9.833984,9154,0,0,0,1
9155024128,0.0,0.0,0.0,9439,0,-0.121534586,-0.62976635,-9.832031,7814,0,0,0,1
9155033991,0.0,0.0,0.0,9863,0,-0.10772387,-0.6435769,-9.812498,7522,0,0,0,1
9155044195,0.0,0.0,0.0,10204,0,-0.1077239,-0.64357704,-9.8125,15159,0,0,0,1
9155053845,0.0,0.0,0.0,9650,0,-0.093913205,-0.65738773,-9.812499,7982,0,0,0,1
9155064282,0.0,0.0,0.0,10437,0,-0.1077239,-0.6711984,-9.814453,7567,0,0,0,1
9155074522,0.0,0.0,0.0,10240,0,-0.107723914,-0.6711985,-9.833986,15265,0,0,0,1
9155084958,0.0,0.0,0.0,10436,0,-0.12153456,-0.6850091,-9.816406,9476,0,0,0,1
9155093839,0.0,0.0,0.0,8881,0,-0.12153457,-0.65738773,-9.833984,6811,0,0,0,1
9155104295,0.0,0.0,0.0,10456,0,-0.10772391,-0.64357716,-9.832031,8398,0,0,0,1
9155114719,0.0,0.0,0.0,10424,0,-0.093913205,-0.6573878,-9.822892,14579,0,0,0,1
9155124095,0.0,0.0,0.0,9376,0,-0.093913205,-0.65738773,-9.83203,9232,0,0,0,1
9155133809,0.0,0.0,0.0,9714,0,-0.093913205,-0.65738773,-9.812499,7551,0,0,0,1
9155144144,0.0,0.0,0.0,10335,0,-0.093913205,-0.65738773,-9.8125,7469,0,0,0,1
9155154700,0.0,0.0,0.0,10556,0,-0.11440099,-0.63690007,-9.821943,14673,0,0,0,1
9155164270,0.0,0.0,0.0,9570,0,-0.10772389,-0.64357704,-9.832031,8723,0,0,0,1
9155174719,0.0,0.0,0.0,10449,0,-0.09391323,-0.65738785,-9.832031,7189,0,0,0,1
9155184971,0.0,0.0,0.0,10252,0,-0.100884736,-0.6643594,-9.85255,15442,0,0,0,1
9155194678,0.0,0.0,0.0,9707,0,-0.12153458,-0.6850091,-9.85547,8573,0,0,0,1
9155204418,0.0,0.0,0.0,9740,0,-0.12153457,-0.65738773,-9.853514,7686,0,0,0,1
9155214755,0.0,0.0,0.0,10337,0,-0.10772389,-0.64357704,-9.832031,8545,0,0,0,1
9155225108,0.0,0.0,0.0,10353,0,-0.093913205,-0.65738773,-9.812499,14250,0,0,0,1
9155234786,0.0,0.0,0.0,9678,0,-0.09391319,-0.65738773,-9.8125,8629,0,0,0,1
9155245269,0.0,0.0,0.0,10483,0,-0.093913205,-0.65738773,-9.794923,7438,0,0,0,1
9155255428,0.0,0.0,0.0,10159,0,-0.093913205,-0.65738773,-9.823524,15270,0,0,0,1
9155265109,0.0,0.0,0.0,9681,0,-0.093913205,-0.65738773,-9.8125,9738,0,0,0,1
9155274826,0.0,0.0,0.0,9717,0,-0.09391322,-0.65738773,-9.8125,6759,0,0,0,1
9155284580,0.0,0.0,0.0,9754,0,-0.09391321,-0.65738773,-9.832031,8360,0,0,0,1
9155294563,0.0,0.0,0.0,9983,0,-0.0939132,-0.6573876,-9.82141,14368,0,0,0,1
9155304173,0.0,0.0,0.0,9610,0,-0.10772387,-0.64357704,-9.8125,8748,0,0,0,1
9155314699,0.0,0.0,0.0,10526,0,-0.10772389,-0.64357716,-9.8125,7395,0,0,0,1
9155324988,0.0,0.0,0.0,10289,0,-0.121534556,-0.6573876,-9.824723,15062,0,0,0,1
9155335180,0.0,0.0,0.0,10192,0,-0.12153457,-0.65738773,-9.853516,9570,0,0,0,1
9155344276,0.0,0.0,0.0,9096,0,-0.12153457,-0.65738773,-9.833986,6978,0,0,0,1
9155356802,0.0,0.0,0.0,12526,0,-0.0939132,-0.6573876,-9.832031,14454,0,0,0,1
9155364471,0.0,0.0,0.0,7669,0,-0.10733783,-0.6708123,-9.833929,8729,0,0,0,1
9155374373,0.0,0.0,0.0,9902,0,-0.12153457,-0.6850091,-9.855469,7733,0,0,0,1
9155384913,0.0,0.0,0.0,10540,0,-0.10772389,-0.6711984,-9.833982,7667,0,0,0,1
9155394510,0.0,0.0,0.0,9597,0,-0.10014384,-0.6636183,-9.822193,15168,0,0,0,1
9155404671,0.0,0.0,0.0,10161,0,-0.12153455,-0.6573877,-9.833982,8787,0,0,0,1
9155415472,0.0,0.0,0.0,10801,0,-0.10772387,-0.64357704,-9.812498,8264,0,0,0,1
9155424881,0.0,0.0,0.0,9409,0,-0.09391321,-0.65738773,-9.832029,7384,0,0,0,1
9155434870,0.0,0.0,0.0,9989,0,-0.11502424,-0.6784988,-9.844223,14737,0,0,0,1
9155445003,0.0,0.0,0.0,10133,0,-0.107723884,-0.6711984,-9.814453,8077,0,0,0,1
9155455258,0.0,0.0,0.0,10255,0,-0.107723884,-0.64357704,-9.8125,8672,0,0,0,1
9155464563,0.0,0.0,0.0,9305,0,-0.10772389,-0.64357704,-9.812501,7062,0,0,0,1
9155474961,0.0,0.0,0.0,10398,0,-0.093913205,-0.6573878,-9.8125,15364,0,0,0,1
9155485437,0.0,0.0,0.0,10476,0,-0.09391321,-0.6297662,-9.832031,9059,0,0,0,1
9155494861,0.0,0.0,0.0,9424,0,-0.09391321,-0.62976635,-9.832031,7396,0,0,0,1
9155505043,0.0,0.0,0.0,10182,0,-0.11556818,-0.6357327,-9.8125,15944,0,0,0,1
9155515201,0.0,0.0,0.0,10158,0,-0.1077239,-0.64357704,-9.8125,7433,0,0,0,1
9155525479,0.0,0.0,0.0,10278,0,-0.093913205,-0.6573876,-9.8125,8493,0,0,0,1
9155535455,0.0,0.0,0.0,9976,0,-0.09391322,-0.65738773,-9.812502,8124,0,0,0,1
9155545469,0.0,0.0,0.0,10014,0,-0.093913205,-0.65738773,-9.8125,13879,0,0,0,1
9155555148,0.0,0.0,0.0,9679,0,-0.093913205,-0.65738773,-9.8125,8447,0,0,0,1
9155564762,0.0,0.0,0.0,9614,0,-0.093913205,-0.6573878,-9.8125,8390,0,0,0,1
9155575851,0.0,0.0,0.0,11089,0,-0.0939132,-0.6573876,-9.820896,14448,0,0,0,1
9155585677,0.0,0.0,0.0,9826,0,-0.10772389,-0.6711984,-9.833984,8309,0,0,0,1
9155595028,0.0,0.0,0.0,9351,0,-0.10772389,-0.6711984,-9.833984,7730,0,0,0,1
9155605481,0.0,0.0,0.0,10453,0,-0.10056222,-0.6507387,-9.832031,15786,0,0,0,1
9155615907,0.0,0.0,0.0,10426,0,-0.121534586,-0.6297664,-9.8515625,7306,0,0,0,1
9155625346,0.0,0.0,0.0,9439,0,-0.13534525,-0.64357704,-9.833984,9789,0,0,0,1
9155635089,0.0,0.0,0.0,9743,0,-0.13534525,-0.64357704,-9.814453,6754,0,0,0,1
9155645369,0.0,0.0,0.0,10280,0,-0.10772388,-0.64357704,-9.8125,8622,0,0,0,1
9155655720,0.0,0.0,0.0,10351,0,-0.093913205,-0.65738773,-9.823991,14884,0,0,0,1
9155664831,0.0,0.0,0.0,9111,0,-0.0939132,-0.6573876,-9.832029,6787,0,0,0,1
9155675895,0.0,0.0,0.0,11064,0,-0.09391323,-0.65738773,-9.832031,16084,0,0,0,1
9155685081,0.0,0.0,0.0,9186,0,-0.107723884,-0.6711984,-9.814453,7579,0,0,0,1
9155695390,0.0,0.0,0.0,10309,0,-0.12153457,-0.65738773,-9.833984,8790,0,0,0,1
9155705311,0.0,0.0,0.0,9921,0,-0.121534586,-0.62976646,-9.832033,7701,0,0,0,1
9155715431,0.0,0.0,0.0,10120,0,-0.10772387,-0.64357704,-9.79492,8381,0,0,0,1
9155725690,0.0,0.0,0.0,10259,0,-0.093913205,-0.65738773,-9.802695,14226,0,0,0,1
9155735167,0.0,0.0,0.0,9477,0,-0.09391323,-0.65738773,-9.832031,8445,0,0,0,1
9155745646,0.0,0.0,0.0,10479,0,-0.09391321,-0.65738773,-9.832033,7434,0,0,0,1
9155755859,0.0,0.0,0.0,10213,0,-0.114827216,-0.6364738,-9.822547,15173,0,0,0,1
9155765651,0.0,0.0,0.0,9792,0,-0.10772388,-0.6435769,-9.851561,8473,0,0,0,1
9155776128,0.0,0.0,0.0,10477,0,-0.09391321,-0.65738773,-9.8515625,7659,0,0,0,1
9155785341,0.0,0.0,0.0,9213,0,-0.10772388,-0.64357704,-9.823076,15777,0,0,0,1
9155795464,0.0,0.0,0.0,10123,0,-0.10772388,-0.6435769,-9.812499,7399,0,0,0,1
9155805324,0.0,0.0,0.0,9860,0,-0.10772389,-0.64357704,-9.832031,8246,0,0,0,1
9155815843,0.0,0.0,0.0,10519,0,-0.10772389,-0.6711983,-9.833984,8424,0,0,0,1
9155826096,0.0,0.0,0.0,10253,0,-0.113984175,-0.64983743,-9.813387,14591,0,0,0,1
9155835897,0.0,0.0,0.0,9801,0,-0.093913205,-0.65738773,-9.8125,8077,0,0,0,1
9155845177,0.0,0.0,0.0,9280,0,-0.093913205,-0.6573877,-9.8125,8760,0,0,0,1
9155855616,0.0,0.0,0.0,10439,0,-0.093913205,-0.65738773,-9.812501,7373,0,0,0,1
9155865816,0.0,0.0,0.0,10200,0,-0.10085241,-0.664327,-9.824172,14686,0,0,0,1
9155874658,0.0,0.0,0.0,8842,0,-0.09391321,-0.62976635,-9.851561,8748,0,0,0,1
9155885855,0.0,0.0,0.0,11197,0,-0.12153458,-0.62976635,-9.832031,7665,0,0,0,1
9155896056,0.0,0.0,0.0,10201,0,-0.12153457,-0.6297664,-9.832031,14944,0,0,0,1
9155905275,0.0,0.0,0.0,9219,0,-0.107723884,-0.64357704,-9.812502,8076,0,0,0,1
9155915154,0.0,0.0,0.0,9879,0,-0.0939132,-0.65738773,-9.832029,8481,0,0,0,1
9155925825,0.0,0.0,0.0,10671,0,-0.10082741,-0.66430193,-9.823232,14799,0,0,0,1
9155935822,0.0,0.0,0.0,9997,0,-0.10772389,-0.67119855,-9.833984,7805,0,0,0,1
9155945705,0.0,0.0,0.0,9883,0,-0.09391321,-0.65738773,-9.832031,9369,0,0,0,1
9155956115,0.0,0.0,0.0,10410,0,-0.09391321,-0.65738773,-9.832031,6758,0,0,0,1
9155965660,0.0,0.0,0.0,9545,0,-0.107723884,-0.6435771,-9.821799,15249,0,0,0,1
9155976257,0.0,0.0,0.0,10597,0,-0.1077239,-0.6435771,-9.794922,8534,0,0,0,1
9155986383,0.0,0.0,0.0,10126,0,-0.10772389,-0.64357704,-9.814451,8307,0,0,0,1
9155995822,0.0,0.0,0.0,9439,0,-0.08010253,-0.6711983,-9.833984,7632,0,0,0,1
9156006107,0.0,0.0,0.0,10285,0,-0.10254943,-0.663716,-9.833982,14781,0,0,0,1
9156015856,0.0,0.0,0.0,9749,0,-0.12153457,-0.6573878,-9.814453,8092,0,0,0,1
9156025533,0.0,0.0,0.0,9677,0,-0.09391322,-0.65738785,-9.8125,7770,0,0,0,1
9156036108,0.0,0.0,0.0,10575,0,-0.114063576,-0.6372373,-9.832031,16212,0,0,0,1
9156046449,0.0,0.0,0.0,10341,0,-0.121534556,-0.62976635,-9.832029,6665,0,0,0,1
9156056138,0.0,0.0,0.0,9689,0,-0.10772391,-0.64357704,-9.851564,9018,0,0,0,1
9156065753,0.0,0.0,0.0,9615,0,-0.10772391,-0.64357716,-9.8515625,7387,0,0,0,1
9156075929,0.0,0.0,0.0,10176,0,-0.114447735,-0.63685316,-9.832032,14914,0,0,0,1
9156086305,0.0,0.0,0.0,10376,0,-0.09391321,-0.65738773,-9.832031,9773,0,0,0,1
9156096014,0.0,0.0,0.0,9709,0,-0.09391321,-0.6573878,-9.832031,6273,0,0,0,1
9156105643,0.0,0.0,0.0,9629,0,-0.09391321,-0.65738773,-9.832031,8711,0,0,0,1
9156115824,0.0,0.0,0.0,10181,0,-0.101411685,-0.66488624,-9.824164,14366,0,0,0,1
9156125433,0.0,0.0,0.0,9609,0,-0.10772389,-0.6711984,-9.833984,8594,0,0,0,1
9156136140,0.0,0.0,0.0,10707,0,-0.093913205,-0.65738773,-9.8125,7940,0,0,0,1
9156146482,0.0,0.0,0.0,10342,0,-0.100303195,-0.6637778,-9.813404,14900,0,0,0,1
9156155675,0.0,0.0,0.0,9193,0,-0.12153456,-0.6850091,-9.835937,8808,0,0,0,1
9156165786,0.0,0.0,0.0,10111,0,-0.12153457,-0.65738773,-9.833984,7772,0,0,0,1
9156176242,0.0,0.0,0.0,10456,0,-0.12153456,-0.6297662,-9.8125,7418,0,0,0,1
9156186508,0.0,0.0,0.0,10266,0,-0.12153458,-0.62976646,-9.82233,14921,0,0,0,1
9156195173,0.0,0.0,0.0,8665,0,-0.0939132,-0.62976635,-9.832031,8869,0,0,0,1
9156206631,0.0,0.0,0.0,11458,0,-0.093913205,-0.62976635,-9.8125,7572,0,0,0,1
9156215771,0.0,0.0,0.0,9140,0,-0.092936136,-0.6435769,-9.822954,14898,0,0,0,1
9156226198,0.0,0.0,0.0,10427,0,-0.08010253,-0.64357704,-9.832031,7658,0,0,0,1
9156235857,0.0,0.0,0.0,9659,0,-0.093913205,-0.65738773,-9.8125,8922,0,0,0,1
9156246328,0.0,0.0,0.0,10471,0,-0.07322618,-0.6780748,-9.825149,14764,0,0,0,1
9156256498,0.0,0.0,0.0,10170,0,-0.08010253,-0.6711984,-9.833984,7583,0,0,0,1
9156266333,0.0,0.0,0.0,9835,0,-0.093913205,-0.6573876,-9.8125,8656,0,0,0,1
9156276549,0.0,0.0,0.0,10216,0,-0.107723884,-0.64357704,-9.8125,7683,0,0,0,1
9156286150,0.0,0.0,0.0,9601,0,-0.10772389,-0.6582552,-9.823916,15555,0,0,0,1
9156296162,0.0,0.0,0.0,10012,0,-0.107723884,-0.6711984,-9.853516,7490,0,0,0,1
9156306254,0.0,0.0,0.0,10092,0,-0.09391321,-0.65738773,-9.832031,8673,0,0,0,1
9156316678,0.0,0.0,0.0,10424,0,-0.10772389,-0.6435771,-9.822123,14571,0,0,0,1
9156326863,0.0,0.0,0.0,10185,0,-0.10772389,-0.6435769,-9.832031,7989,0,0,0,1
9156336558,0.0,0.0,0.0,9695,0,-0.12153457,-0.62976635,-9.832031,8459,0,0,0,1
9156346036,0.0,0.0,0.0,9478,0,-0.10772388,-0.64357704,-9.832031,7772,0,0,0,1
9156356670,0.0,0.0,0.0,10634,0,-0.10055579,-0.66403025,-9.822833,15768,0,0,0,1
9156366673,0.0,0.0,0.0,10003,0,-0.10772389,-0.6711985,-9.833984,7108,0,0,0,1
9156376354,0.0,0.0,0.0,9681,0,-0.09391321,-0.65738773,-9.832031,8431,0,0,0,1
9156386108,0.0,0.0,0.0,9754,0,-0.09391321,-0.65738773,-9.832031,8449,0,0,0,1
9156396201,0.0,0.0,0.0,10093,0,-0.093913205,-0.65738773,-9.83203,14419,0,0,0,1
9156405943,0.0,0.0,0.0,9742,0,-0.10772386,-0.6435769,-9.8125,9341,0,0,0,1
9156416859,0.0,0.0,0.0,10916,0,-0.10772389,-0.64357704,-9.832031,6759,0,0,0,1
9156426054,0.0,0.0,0.0,9195,0,-0.09391321,-0.6573876,-9.832029,8249,0,0,0,1
9156436503,0.0,0.0,0.0,10449,0,-0.09391321,-0.6573878,-9.82293,14698,0,0,0,1
9156446147,0.0,0.0,0.0,9644,0,-0.09391323,-0.62976635,-9.8515625,8771,0,0,0,1
9156456642,0.0,0.0,0.0,10495,0,-0.10772389,-0.6435771,-9.833982,7388,0,0,0,1
9156466804,0.0,0.0,0.0,10162,0,-0.10045707,-0.6639316,-9.823703,15301,0,0,0,1
9156477056,0.0,0.0,0.0,10252,0,-0.09391321,-0.6573876,-9.832031,8748,0,0,0,1
9156486286,0.0,0.0,0.0,9230,0,-0.10772389,-0.64357716,-9.832033,7817,0,0,0,1
9156496909,0.0,0.0,0.0,10623,0,-0.10079154,-0.65050936,-9.8222275,14836,0,0,0,1
9156507364,0.0,0.0,0.0,10455,0,-0.0939132,-0.6573876,-9.832031,8512,0,0,0,1
9156516672,0.0,0.0,0.0,9308,0,-0.09391321,-0.65738773,-9.832031,8250,0,0,0,1
9156526979,0.0,0.0,0.0,10307,0,-0.093913205,-0.65738773,-9.8125,7787,0,0,0,1
9156536562,0.0,0.0,0.0,9583,0,-0.0939132,-0.6573877,-9.8125,14108,0,0,0,1
9156547314,0.0,0.0,0.0,10752,0,-0.093913205,-0.6573877,-9.8125,7952,0,0,0,1
9156556308,0.0,0.0,0.0,8994,0,-0.0939132,-0.6573876,-9.832031,8171,0,0,0,1
9156566997,0.0,0.0,0.0,10689,0,-0.100609206,-0.65069175,-9.8515625,15240,0,0,0,1
9156577051,0.0,0.0,0.0,10054,0,-0.10772389,-0.6435769,-9.832031,7823,0,0,0,1
9156586924,0.0,0.0,0.0,9873,0,-0.093913205,-0.6573877,-9.8125,8582,0,0,0,1
9156596444,0.0,0.0,0.0,9520,0,-0.093913205,-0.65738773,-9.8125,7701,0,0,0,1
9156606951,0.0,0.0,0.0,10507,0,-0.093913205,-0.65738785,-9.8125,15850,0,0,0,1
9156616951,0.0,0.0,0.0,10000,0,-0.093913205,-0.65738773,-9.8125,6898,0,0,0,1
9156626664,0.0,0.0,0.0,9713,0,-0.09391321,-0.65738773,-9.832033,8670,0,0,0,1
9156637445,0.0,0.0,0.0,10781,0,-0.10106029,-0.6502408,-9.832031,15426,0,0,0,1
9156646801,0.0,0.0,0.0,9356,0,-0.10772391,-0.64357704,-9.832031,7488,0,0,0,1
9156656222,0.0,0.0,0.0,9421,0,-0.093913205,-0.65738773,-9.8125,9676,0,0,0,1
9156666033,0.0,0.0,0.0,9811,0,-0.093913205,-0.65738773,-9.83203,6582,0,0,0,1
9156676671,0.0,0.0,0.0,10638,0,-0.09391321,-0.65738785,-9.8515625,7600,0,0,0,1
9156686891,0.0,0.0,0.0,10220,0,-0.10112363,-0.6645981,-9.822854,14984,0,0,0,1
9156697370,0.0,0.0,0.0,10479,0,-0.12153458,-0.65738785,-9.814455,8949,0,0,0,1
9156706785,0.0,0.0,0.0,9415,0,-0.10772388,-0.64357704,-9.812499,7193,0,0,0,1
9156717043,0.0,0.0,0.0,10258,0,-0.093913205,-0.6573876,-9.8125,15326,0,0,0,1
9156727459,0.0,0.0,0.0,10416,0,-0.0939132,-0.6573876,-9.8125,8996,0,0,0,1
9156736335,0.0,0.0,0.0,8876,0,-0.09391322,-0.65738785,-9.812502,7484,0,0,0,1
9156747050,0.0,0.0,0.0,10715,0,-0.09391322,-0.65738773,-9.812501,14765,0,0,0,1
9156757040,0.0,0.0,0.0,9990,0,-0.107723884,-0.6435769,-9.8125,7663,0,0,0,1
9156766421,0.0,0.0,0.0,9381,0,-0.10772387,-0.64357704,-9.812498,8601,0,0,0,1
9156776808,0.0,0.0,0.0,10387,0,-0.09391322,-0.65738773,-9.812501,8266,0,0,0,1
9156787452,0.0,0.0,0.0,10644,0,-0.10772387,-0.6435769,-9.812499,8415,0,0,0,1
9156796886,0.0,0.0,0.0,9434,0,-0.12153456,-0.64619386,-9.813662,14978,0,0,0,1
9156806702,0.0,0.0,0.0,9816,0,-0.10772388,-0.6711983,-9.814451,7374,0,0,0,1
9156817363,0.0,0.0,0.0,10661,0,-0.093913205,-0.65738785,-9.8125,7687,0,0,0,1
9156827559,0.0,0.0,0.0,10196,0,-0.10772389,-0.64357704,-9.842078,15163,0,0,0,1
9156837158,0.0,0.0,0.0,9599,0,-0.09391321,-0.65738773,-9.832031,8652,0,0,0,1
9156847653,0.0,0.0,0.0,10495,0,-0.09391321,-0.65738773,-9.832031,7512,0,0,0,1
9156856815,0.0,0.0,0.0,9162,0,-0.1012852,-0.66475976,-9.822648,15523,0,0,0,1
9156867059,0.0,0.0,0.0,10244,0,-0.107723884,-0.6711983,-9.814453,7467,0,0,0,1
9156876886,0.0,0.0,0.0,9827,0,-0.09391323,-0.65738785,-9.832031,8251,0,0,0,1
9156887575,0.0,0.0,0.0,10689,0,-0.10772391,-0.6435771,-9.832031,7638,0,0,0,1
9156897253,0.0,0.0,0.0,9678,0,-0.100677855,-0.6506231,-9.841996,15263,0,0,0,1
9156906393,0.0,0.0,0.0,9140,0,-0.107723884,-0.64357704,-9.832031,9137,0,0,0,1
9156917403,0.0,0.0,0.0,11010,0,-0.12153456,-0.62976635,-9.812502,7451,0,0,0,1
9156927088,0.0,0.0,0.0,9685,0,-0.10772388,-0.64357704,-9.832031,8419,0,0,0,1
9156937098,0.0,0.0,0.0,10010,0,-0.09391321,-0.6573878,-9.8216095,14211,0,0,0,1
9156947840,0.0,0.0,0.0,10742,0,-0.093913205,-0.65738773,-9.8125,8459,0,0,0,1
9156956896,0.0,0.0,0.0,9056,0,-0.10772389,-0.64357704,-9.832031,8095,0,0,0,1
9156967159,0.0,0.0,0.0,10263,0,-0.13534525,-0.6435771,-9.844431,14650,0,0,0,1
9156977960,0.0,0.0,0.0,10801,0,-0.121534556,-0.62976635,-9.8125,9617,0,0,0,1
9156987667,0.0,0.0,0.0,9707,0,-0.10772389,-0.64357704,-9.832031,6832,0,0,0,1
9156996916,0.0,0.0,0.0,9249,0,-0.10772389,-0.6711984,-9.833984,8231,0,0,0,1
9157007334,0.0,0.0,0.0,10418,0,-0.11414563,-0.6499988,-9.823859,14579,0,0,0,1
9157017016,0.0,0.0,0.0,9682,0,-0.09391321,-0.65738785,-9.832031,8627,0,0,0,1
9157027346,0.0,0.0,0.0,10330,0,-0.107723884,-0.64357704,-9.8125,7215,0,0,0,1
9157037559,0.0,0.0,0.0,10213,0,-0.09391319,-0.6297662,-9.812498,15206,0,0,0,1
9157047783,0.0,0.0,0.0,10224,0,-0.121534556,-0.62976635,-9.8125,9591,0,0,0,1
9157056856,0.0,0.0,0.0,9073,0,-0.13534527,-0.64357716,-9.833986,6769,0,0,0,1
9157067512,0.0,0.0,0.0,10656,0,-0.10772389,-0.6435771,-9.833985,15188,0,0,0,1
9157077782,0.0,0.0,0.0,10270,0,-0.13534528,-0.6435771,-9.833986,8581,0,0,0,1
9157087583,0.0,0.0,0.0,9801,0,-0.10772387,-0.6435769,-9.8125,8470,0,0,0,1
9157098016,0.0,0.0,0.0,10433,0,-0.10772389,-0.64357704,-9.832031,6865,0,0,0,1
9157107415,0.0,0.0,0.0,9399,0,-0.10772388,-0.6159556,-9.821649,15078,0,0,0,1
9157117666,0.0,0.0,0.0,10251,0,-0.107723884,-0.64357704,-9.8125,7837,0,0,0,1
9157127197,0.0,0.0,0.0,9531,0,-0.093913205,-0.6573876,-9.812498,8261,0,0,0,1
9157137675,0.0,0.0,0.0,10478,0,-0.10772389,-0.6711984,-9.833984,7623,0,0,0,1
9157148195,0.0,0.0,0.0,10520,0,-0.11454646,-0.678021,-9.825067,15518,0,0,0,1
9157156891,0.0,0.0,0.0,8696,0,-0.10772387,-0.6711984,-9.814453,8718,0,0,0,1
9157167703,0.0,0.0,0.0,10812,0,-0.10772387,-0.6711984,-9.814451,7473,0,0,0,1
9157177983,0.0,0.0,0.0,10280,0,-0.10019865,-0.6511022,-9.812499,15807,0,0,0,1
9157188395,0.0,0.0,0.0,10412,0,-0.10772389,-0.64357716,-9.812502,6715,0,0,0,1
9157197869,0.0,0.0,0.0,9474,0,-0.093913205,-0.65738773,-9.812499,9028,0,0,0,1
9157207960,0.0,0.0,0.0,10091,0,-0.09391321,-0.65738773,-9.832031,7651,0,0,0,1
9157218161,0.0,0.0,0.0,10201,0,-0.09391321,-0.6573877,-9.841269,14793,0,0,0,1
9157228066,0.0,0.0,0.0,9905,0,-0.10772387,-0.6435769,-9.8125,8385,0,0,0,1
9157237579,0.0,0.0,0.0,9513,0,-0.10772389,-0.64357704,-9.832031,7689,0,0,0,1
9157248212,0.0,0.0,0.0,10633,0,-0.10772389,-0.6711983,-9.833983,8427,0,0,0,1
9157258406,0.0,0.0,0.0,10194,0,-0.114662625,-0.67813706,-9.825152,14675,0,0,0,1
9157268090,0.0,0.0,0.0,9684,0,-0.09391321,-0.65738773,-9.832031,8432,0,0,0,1
9157278513,0.0,0.0,0.0,10423,0,-0.10772388,-0.6711983,-9.833982,8396,0,0,0,1
9157287284,0.0,0.0,0.0,8771,0,-0.10025683,-0.6637314,-9.82237,14260,0,0,0,1
9157298319,0.0,0.0,0.0,11035,0,-0.09391319,-0.6573876,-9.812498,9263,0,0,0,1
9157307814,0.0,0.0,0.0,9495,0,-0.09391319,-0.65738773,-9.8125,7823,0,0,0,1
9157318145,0.0,0.0,0.0,10331,0,-0.1147989,-0.636502,-9.842037,14896,0,0,0,1
9157328591,0.0,0.0,0.0,10446,0,-0.121534556,-0.6297662,-9.851561,7094,0,0,0,1
9157337677,0.0,0.0,0.0,9086,0,-0.12153458,-0.62976635,-9.832031,9073,0,0,0,1
9157347522,0.0,0.0,0.0,9845,0,-0.12153458,-0.62976635,-9.8125,7829,0,0,0,1
9157358217,0.0,0.0,0.0,10695,0,-0.10174153,-0.6495595,-9.840493,14507,0,0,0,1
9157368186,0.0,0.0,0.0,9969,0,-0.0939132,-0.65738773,-9.832029,7798,0,0,0,1
9157377868,0.0,0.0,0.0,9682,0,-0.107723884,-0.64357704,-9.8125,8854,0,0,0,1
9157388339,0.0,0.0,0.0,10471,0,-0.10772387,-0.6435769,-9.812498,7384,0,0,0,1
9157397811,0.0,0.0,0.0,9472,0,-0.09391321,-0.65738785,-9.8230915,16176,0,0,0,1
9157407203,0.0,0.0,0.0,9392,0,-0.08010255,-0.64357704,-9.832033,7880,0,0,0,1
9157417825,0.0,0.0,0.0,10622,0,-0.093913205,-0.65738773,-9.814453,7464,0,0,0,1
9157428286,0.0,0.0,0.0,10461,0,-0.107723884,-0.6711984,-9.814453,8459,0,0,0,1
9157438508,0.0,0.0,0.0,10222,0,-0.10031402,-0.6509869,-9.832031,14111,0,0,0,1
9157448196,0.0,0.0,0.0,9688,0,-0.12153458,-0.62976635,-9.832031,9026,0,0,0,1
9157457809,0.0,0.0,0.0,9613,0,-0.10772389,-0.64357704,-9.832033,7407,0,0,0,1
9157467832,0.0,0.0,0.0,10023,0,-0.09391321,-0.6573878,-9.822819,14995,0,0,0,1
9157478548,0.0,0.0,0.0,10716,0,-0.0939132,-0.6573877,-9.832029,8698,0,0,0,1
9157488046,0.0,0.0,0.0,9498,0,-0.09391321,-0.65738773,-9.832031,7772,0,0,0,1
9157498716,0.0,0.0,0.0,10670,0,-0.10109018,-0.63694334,-9.82265,15787,0,0,0,1
9157508931,0.0,0.0,0.0,10215,0,-0.0939132,-0.62976635,-9.8125,6686,0,0,0,1
9157518576,0.0,0.0,0.0,9645,0,-0.10772389,-0.64357704,-9.832031,8970,0,0,0,1
9157528458,0.0,0.0,0.0,9882,0,-0.09391323,-0.65738785,-9.8515625,7648,0,0,0,1
9157538434,0.0,0.0,0.0,9976,0,-0.093913205,-0.6573876,-9.821731,14656,0,0,0,1
9157548798,0.0,0.0,0.0,10364,0,-0.10772391,-0.67119855,-9.833986,8488,0,0,0,1
9157557859,0.0,0.0,0.0,9061,0,-0.10772389,-0.6711984,-9.833984,8556,0,0,0,1
9157568462,0.0,0.0,0.0,10603,0,-0.09391321,-0.65738773,-9.8125,7416,0,0,0,1
9157578724,0.0,0.0,0.0,10262,0,-0.1077239,-0.64357704,-9.832031,14707,0,0,0,1
9157587990,0.0,0.0,0.0,9266,0,-0.107723884,-0.64357704,-9.8125,8438,0,0,0,1
9157598032,0.0,0.0,0.0,10042,0,-0.10772387,-0.64357704,-9.812498,8380,0,0,0,1
9157608149,0.0,0.0,0.0,10117,0,-0.09391322,-0.65738773,-9.840538,14616,0,0,0,1
9157618952,0.0,0.0,0.0,10803,0,-0.0939132,-0.6573876,-9.832029,9097,0,0,0,1
9157628280,0.0,0.0,0.0,9328,0,-0.10772389,-0.64357704,-9.832031,7789,0,0,0,1
9157638980,0.0,0.0,0.0,10700,0,-0.100799926,-0.65050113,-9.841772,14820,0,0,0,1
9157649241,0.0,0.0,0.0,10261,0,-0.09391319,-0.65738773,-9.812498,7200,0,0,0,1
9157657575,0.0,0.0,0.0,8334,0,-0.09391321,-0.62976635,-9.832031,9971,0,0,0,1
9157668201,0.0,0.0,0.0,10626,0,-0.08010253,-0.61595577,-9.851564,6703,0,0,0,1
9157678997,0.0,0.0,0.0,10796,0,-0.086780764,-0.6502552,-9.842118,14656,0,0,0,1
9157687992,0.0,0.0,0.0,8995,0,-0.09391321,-0.65738773,-9.832031,7787,0,0,0,1
9157698880,0.0,0.0,0.0,10888,0,-0.09391321,-0.65738773,-9.832031,9261,0,0,0,1
9157708152,0.0,0.0,0.0,9272,0,-0.093913205,-0.65738773,-9.812498,7441,0,0,0,1
9157718545,0.0,0.0,0.0,10393,0,-0.093913205,-0.6573877,-9.8125,14573,0,0,0,1
9157728648,0.0,0.0,0.0,10103,0,-0.093913205,-0.65738773,-9.8125,9094,0,0,0,1
9157738940,0.0,0.0,0.0,10292,0,-0.10772389,-0.64357704,-9.832031,7658,0,0,0,1
9157748134,0.0,0.0,0.0,9194,0,-0.10772388,-0.6435769,-9.8515625,8470,0,0,0,1
9157758536,0.0,0.0,0.0,10402,0,-0.11510714,-0.6361938,-9.832032,14059,0,0,0,1
9157769032,0.0,0.0,0.0,10496,0,-0.12153458,-0.62976635,-9.832031,9060,0,0,0,1
9157778439,0.0,0.0,0.0,9407,0,-0.10772387,-0.6435769,-9.812498,7372,0,0,0,1
9157788768,0.0,0.0,0.0,10329,0,-0.093913205,-0.6573878,-9.812501,14689,0,0,0,1
9157798851,0.0,0.0,0.0,10083,0,-0.09391321,-0.65738773,-9.83203,8965,0,0,0,1
9157808096,0.0,0.0,0.0,9245,0,-0.09391321,-0.65738773,-9.832031,7824,0,0,0,1
9157818598,0.0,0.0,0.0,10502,0,-0.107723884,-0.6711983,-9.814453,7382,0,0,0,1
9157828577,0.0,0.0,0.0,9979,0,-0.10071971,-0.6641941,-9.842899,15090,0,0,0,1
9157839323,0.0,0.0,0.0,10746,0,-0.10772388,-0.6435769,-9.832031,8934,0,0,0,1
9157848907,0.0,0.0,0.0,9584,0,-0.12153456,-0.6573876,-9.814452,7411,0,0,0,1
9157859004,0.0,0.0,0.0,10097,0,-0.10772389,-0.6711984,-9.833985,14829,0,0,0,1
9157869434,0.0,0.0,0.0,10430,0,-0.107723884,-0.6711984,-9.814453,8774,0,0,0,1
9157878223,0.0,0.0,0.0,8789,0,-0.09391319,-0.6573876,-9.812498,7935,0,0,0,1
9157888854,0.0,0.0,0.0,10631,0,-0.08010253,-0.6711984,-9.833984,14565,0,0,0,1
9157899104,0.0,0.0,0.0,10250,0,-0.093913205,-0.65738773,-9.812498,7905,0,0,0,1
9157908145,0.0,0.0,0.0,9041,0,-0.09391321,-0.65738773,-9.8125,8755,0,0,0,1
9157919259,0.0,0.0,0.0,11114,0,-0.09391319,-0.6573876,-9.8125,7568,0,0,0,1
9157928420,0.0,0.0,0.0,9161,0,-0.09391321,-0.6573878,-9.812502,14814,0,0,0,1
9157938666,0.0,0.0,0.0,10246,0,-0.093913205,-0.65738773,-9.8125,8797,0,0,0,1
9157948399,0.0,0.0,0.0,9733,0,-0.1077239,-0.64357704,-9.8125,7753,0,0,0,1
9157959062,0.0,0.0,0.0,10663,0,-0.1077239,-0.64357704,-9.8125,8387,0,0,0,1
9157969045,0.0,0.0,0.0,9983,0,-0.093913205,-0.65738773,-9.823086,14399,0,0,0,1
9157978963,0.0,0.0,0.0,9918,0,-0.09391321,-0.65738773,-9.832031,8269,0,0,0,1
9157989505,0.0,0.0,0.0,10542,0,-0.093913205,-0.65738773,-9.8125,7720,0,0,0,1
9157999556,0.0,0.0,0.0,10051,0,-0.11553186,-0.635769,-9.812499,17297,0,0,0,1
9158009157,0.0,0.0,0.0,9601,0,-0.107723884,-0.64357704,-9.8125,5877,0,0,0,1
9158018364,0.0,0.0,0.0,9207,0,-0.10772387,-0.64357704,-9.8125,8013,0,0,0,1
9158029041,0.0,0.0,0.0,10677,0,-0.107723884,-0.64357704,-9.8125,8389,0,0,0,1
9158039028,0.0,0.0,0.0,9987,0,-0.093913205,-0.6573876,-9.812498,14926,0,0,0,1
9158049190,0.0,0.0,0.0,10162,0,-0.09391321,-0.65738773,-9.832031,8916,0,0,0,1
9158058265,0.0,0.0,0.0,9075,0,-0.09391321,-0.65738773,-9.832031,7497,0,0,0,1
9158069014,0.0,0.0,0.0,10749,0,-0.11450647,-0.6367944,-9.822092,14909,0,0,0,1
9158079469,0.0,0.0,0.0,10455,0,-0.12153457,-0.62976635,-9.8515625,7518,0,0,0,1
9158089182,0.0,0.0,0.0,9713,0,-0.10772388,-0.6435769,-9.851561,8473,0,0,0,1
9158099405,0.0,0.0,0.0,10223,0,-0.10772389,-0.6711984,-9.833984,8397,0,0,0,1
9158109470,0.0,0.0,0.0,10065,0,-0.11355978,-0.6770344,-9.815279,15671,0,0,0,1
9158119574,0.0,0.0,0.0,10104,0,-0.093913205,-0.6573876,-9.8125,7932,0,0,0,1
9158128811,0.0,0.0,0.0,9237,0,-0.093913205,-0.65738773,-9.8125,7581,0,0,0,1
9158139302,0.0,0.0,0.0,10491,0,-0.093913205,-0.65738773,-9.812498,7608,0,0,0,1
9158149726,0.0,0.0,0.0,10424,0,-0.10064878,-0.6506522,-9.832033,14886,0,0,0,1
9158158830,0.0,0.0,0.0,9104,0,-0.12153457,-0.6573878,-9.833984,8243,0,0,0,1
9158169022,0.0,0.0,0.0,10192,0,-0.10772389,-0.6711984,-9.833984,8230,0,0,0,1
9158179098,0.0,0.0,0.0,10076,0,-0.09391322,-0.65738773,-9.8125,8515,0,0,0,1
9158189704,0.0,0.0,0.0,10606,0,-0.12987725,-0.64904505,-9.833985,15364,0,0,0,1
9158199233,0.0,0.0,0.0,9529,0,-0.12153456,-0.65738773,-9.814453,6778,0,0,0,1
9158208716,0.0,0.0,0.0,9483,0,-0.10772389,-0.6711984,-9.833984,8273,0,0,0,1
9158218915,0.0,0.0,0.0,10199,0,-0.09391322,-0.65738773,-9.832031,14982,0,0,0,1
9158229317,0.0,0.0,0.0,10402,0,-0.09391321,-0.65738773,-9.832031,9792,0,0,0,1
9158239222,0.0,0.0,0.0,9905,0,-0.093913205,-0.65738773,-9.812499,6668,0,0,0,1
9158250057,0.0,0.0,0.0,10835,0,-0.09391322,-0.65738785,-9.832031,14783,0,0,0,1
9158259029,0.0,0.0,0.0,8972,0,-0.09391319,-0.6573876,-9.812498,7800,0,0,0,1
9158268764,0.0,0.0,0.0,9735,0,-0.107723884,-0.64357704,-9.8125,8258,0,0,0,1
9158279323,0.0,0.0,0.0,10559,0,-0.12153457,-0.6297663,-9.832031,8467,0,0,0,1
9158289545,0.0,0.0,0.0,10222,0,-0.10772389,-0.64357704,-9.851562,14426,0,0,0,1
9158299435,0.0,0.0,0.0,9890,0,-0.10772389,-0.64357704,-9.8515625,8289,0,0,0,1
9158308863,0.0,0.0,0.0,9428,0,-0.10772389,-0.64357704,-9.832031,8739,0,0,0,1
9158319295,0.0,0.0,0.0,10432,0,-0.10772388,-0.64357704,-9.812498,7374,0,0,0,1
9158329472,0.0,0.0,0.0,10177,0,-0.093913205,-0.65738773,-9.812501,14658,0,0,0,1
9158339229,0.0,0.0,0.0,9757,0,-0.1077239,-0.67119855,-9.814453,8483,0,0,0,1
9158349886,0.0,0.0,0.0,10657,0,-0.107723884,-0.6711984,-9.814453,8475,0,0,0,1
9158359930,0.0,0.0,0.0,10044,0,-0.093913205,-0.65738773,-9.812501,14602,0,0,0,1
9158370036,0.0,0.0,0.0,10106,0,-0.093913205,-0.65738773,-9.8125,8282,0,0,0,1
9158379059,0.0,0.0,0.0,9023,0,-0.09391319,-0.6573876,-9.812498,8512,0,0,0,1
9158390008,0.0,0.0,0.0,10949,0,-0.09391322,-0.65738773,-9.812501,14914,0,0,0,1
9158400041,0.0,0.0,0.0,10033,0,-0.107723884,-0.64357704,-9.8125,7323,0,0,0,1
9158409908,0.0,0.0,0.0,9867,0,-0.10772391,-0.64357716,-9.832032,8538,0,0,0,1
9158419231,0.0,0.0,0.0,9323,0,-0.09391321,-0.65738773,-9.832029,7446,0,0,0,1
9158429294,0.0,0.0,0.0,10063,0,-0.113459505,-0.6378414,-9.8125,15278,0,0,0,1
9158440140,0.0,0.0,0.0,10846,0,-0.12153456,-0.62976635,-9.8125,9098,0,0,0,1
9158449424,0.0,0.0,0.0,9284,0,-0.12153456,-0.62976635,-9.8125,7791,0,0,0,1
9158460132,0.0,0.0,0.0,10708,0,-0.10085167,-0.65044934,-9.8125,14801,0,0,0,1
9158470336,0.0,0.0,0.0,10204,0,-0.09391319,-0.6573876,-9.812498,7504,0,0,0,1
9158479699,0.0,0.0,0.0,9363,0,-0.093913205,-0.65738773,-9.8125,9671,0,0,0,1
9158489522,0.0,0.0,0.0,9823,0,-0.107723884,-0.64357704,-9.8125,6803,0,0,0,1
9158499895,0.0,0.0,0.0,10373,0,-0.10772387,-0.6435769,-9.812498,14846,0,0,0,1
9158509376,0.0,0.0,0.0,9481,0,-0.12153456,-0.65738773,-9.814453,8870,0,0,0,1
9158519671,0.0,0.0,0.0,10295,0,-0.10772389,-0.6711984,-9.833984,7476,0,0,0,1
9158530316,0.0,0.0,0.0,10645,0,-0.09391321,-0.6573877,-9.832029,14891,0,0,0,1
9158539670,0.0,0.0,0.0,9354,0,-0.09391323,-0.65738785,-9.851564,7726,0,0,0,1
9158549740,0.0,0.0,0.0,10070,0,-0.09391321,-0.65738773,-9.832031,8917,0,0,0,1
9158559864,0.0,0.0,0.0,10124,0,-0.0939132,-0.65738773,-9.832031,7717,0,0,0,1
9158570177,0.0,0.0,0.0,10313,0,-0.09391321,-0.65738773,-9.832031,8432,0,0,0,1
9158579608,0.0,0.0,0.0,9431,0,-0.114406854,-0.66451544,-9.814452,13974,0,0,0,1
9158590436,0.0,0.0,0.0,10828,0,-0.12153457,-0.62976646,-9.8125,9162,0,0,0,1
9158599844,0.0,0.0,0.0,9408,0,-0.121534556,-0.65738773,-9.833984,7406,0,0,0,1
9158609918,0.0,0.0,0.0,10074,0,-0.100321375,-0.66379577,-9.841999,14806,0,0,0,1
9158620324,0.0,0.0,0.0,10406,0,-0.09391321,-0.65738773,-9.832031,8905,0,0,0,1
9158630415,0.0,0.0,0.0,10091,0,-0.0939132,-0.6573876,-9.832031,7496,0,0,0,1
9158639868,0.0,0.0,0.0,9453,0,-0.09391322,-0.6573878,-9.8125,8564,0,0,0,1
9158650063,0.00069053395,0.00069053395,0.0,10195,0,-0.09391322,-0.6573878,-9.82294,14173,0,0,0,1
9158660760,0.0020716018,0.0006905339,-8.955996e-10,10697,0,-0.10772389,-0.64357704,-9.832031,8952,0,0,0,1
9158670274,0.0013810686,-0.0013810699,0.000976559,9514,0,-0.1077239,-0.64357704,-9.8125,7416,0,0,0,1
9158680292,0.0006905335,-0.0020716037,0.0019531234,10018,0,-0.115103066,-0.67857754,-9.815496,14937,0,0,0,1
9158690507,0.0013810663,1.6307007e-09,0.0009765648,10215,0,-0.121534556,-0.65738773,-9.833984,9686,0,0,0,1
9158699624,0.0027621344,0.0013810714,-0.000976561,9117,0,-0.1077239,-0.64357704,-9.851563,6640,0,0,0,1
9158709693,0.0013810678,-1.024674e-09,-1.5655233e-09,10069,0,-0.10772391,-0.64357704,-9.8515625,11764,0,0,0,1
9158720233,0.00069053407,0.00069053285,0.0009765633,10540,0,-0.098542355,-0.6527586,-9.819047,10976,0,0,0,1
9158730008,0.0013810665,0.0013810691,8.873265e-17,9775,0,-0.08010254,-0.67119855,-9.814453,8948,0,0,0,1
9158740352,0.0013810665,1.1589962e-09,-0.0009765641,10344,0,-0.09391321,-0.685009,-9.835936,7403,0,0,0,1
9158750596,0.0034526703,0.00069053343,-0.0019531243,10244,0,-0.11415453,-0.6776291,-9.834894,15201,0,0,0,1
9158760551,0.0013810695,0.0013810686,-0.00097655924,9955,0,-0.09391321,-0.65738773,-9.832031,8770,0,0,0,1
9158770065,-0.002762136,2.2377167e-09,3.3353573e-09,9514,0,-0.09391323,-0.65738785,-9.832033,7799,0,0,0,1
9158780536,0.00069053407,0.0006905339,-1.5122095e-09,10471,0,-0.09391322,-0.65738785,-9.832031,14783,0,0,0,1
9158789772,0.004143203,0.0013810683,-0.0009765644,9236,0,-0.10772389,-0.64357704,-9.832033,7434,0,0,0,1
9158800119,0.0027621335,4.2729313e-09,-0.0019531285,10347,0,-0.13534525,-0.64357704,-9.814453,9243,0,0,0,1
9158810026,0.0013810677,2.4465683e-09,-0.0019531248,9907,0,-0.121534586,-0.65738773,-9.833984,7280,0,0,0,1
9158820681,-0.0006905329,0.0006905362,-0.0009765617,10655,0,-0.093913205,-0.65738773,-9.842458,15784,0,0,0,1
9158830891,-6.5697386e-10,-5.4055854e-10,-0.0009765625,10210,0,-0.09391319,-0.6573876,-9.812498,6766,0,0,0,1
9158841132,-0.0006905346,-0.0006905333,-0.0009765625,10241,0,-0.09391319,-0.65738773,-9.8125,9201,0,0,0,1
9158850046,-0.00069053343,0.00069053454,-7.2850775e-10,8914,0,-0.0939132,-0.6573876,-9.832031,6866,0,0,0,1
9158860120,0.0013810671,-4.427217e-10,-0.0009765633,10074,0,-0.093913205,-0.6573877,-9.823276,15413,0,0,0,1
9158870482,0.0020716016,-0.0006905334,-0.0019531264,10362,0,-0.093913205,-0.65738773,-9.812502,8762,0,0,0,1
9158880581,0.0020716009,-0.00069053756,-1.7462326e-10,10099,0,-0.107723884,-0.64357716,-9.812502,7570,0,0,0,1
9158890613,0.0013810679,-0.0013810679,-1.7798156e-09,10032,0,-0.10772391,-0.64357704,-9.832031,8387,0,0,0,1
9158900018,1.0693048e-09,-0.0013810669,-0.0009765641,9405,0,-0.093913205,-0.6573877,-9.822795,14352,0,0,0,1
9158910887,-1.0570429e-09,-0.0013810679,-8.537374e-11,10869,0,-0.10772389,-0.64357704,-9.832031,8769,0,0,0,1
9158920305,0.0013810688,5.820755e-11,-0.0009765608,9418,0,-0.121534556,-0.65738773,-9.833984,7384,0,0,0,1
9158930142,0.0013810688,0.001381068,-0.00097656104,9837,0,-0.10041885,-0.66389334,-9.8329525,15013,0,0,0,1
9158940959,1.1055962e-09,0.0013810678,1.6489226e-09,10817,0,-0.0939132,-0.65738773,-9.8125,9601,0,0,0,1
9158950059,0.00069053395,0.00069053395,-8.596579e-10,9100,0,-0.09391321,-0.6573877,-9.832029,6768,0,0,0,1
9158960935,0.0027621351,5.7175037e-10,-0.0009765642,10876,0,-0.10055931,-0.6507416,-9.832032,15795,0,0,0,1
9158970942,0.0027621354,6.03684e-11,-0.0009765627,10007,0,-0.10772389,-0.64357704,-9.851561,6893,0,0,0,1
9158980012,0.002071601,-0.00069053797,0.0009765608,9070,0,-0.09391321,-0.6573878,-9.832033,8634,0,0,0,1
9158990227,5.679034e-10,-0.0013810694,0.0009765603,10215,0,-0.09391322,-0.65738785,-9.8125,7426,0,0,0,1
9159000589,-0.0013810659,-0.0013810691,-0.0009765642,10362,0,-0.09939756,-0.6519034,-9.812499,15298,0,0,0,1
9159010892,-0.001381068,-0.0013810678,-0.0009765625,10303,0,-0.10772388,-0.64357704,-9.8125,9485,0,0,0,1
9159019775,-1.1579706e-09,-0.0013810679,1.5522441e-09,8883,0,-0.0939132,-0.65738773,-9.832029,6793,0,0,0,1
9159030227,0.00069053395,-0.00069053395,6.205837e-10,10452,0,-0.0939132,-0.65738773,-9.832029,8396,0,0,0,1
9159040269,0.0013810688,0.0013810692,-0.0019531231,10042,0,-0.101400405,-0.6648749,-9.824146,14419,0,0,0,1
9159050542,0.0020716046,0.0034526705,-0.0029296863,10273,0,-0.09391321,-0.685009,-9.835936,9164,0,0,0,1
9159060529,0.00069053634,0.0020716018,-0.0009765608,9987,0,-0.08010254,-0.6711984,-9.814455,7770,0,0,0,1
9159070853,-0.00069053454,-0.0006905334,7.9369544e-10,10324,0,-0.093913205,-0.65738773,-9.8125,8190,0,0,0,1
9159080431,-0.00069053395,-0.0020716018,7.3510403e-10,9578,0,-0.09391321,-0.62976635,-9.832031,14069,0,0,0,1
9159089895,9.410945e-17,-0.002762136,1.3516345e-09,9464,0,-0.09391321,-0.65738773,-9.832031,8290,0,0,0,1
9159100520,-0.00069053395,-0.0020716018,-1.5896362e-09,10625,0,-0.09391321,-0.65738773,-9.8515625,8414,0,0,0,1
9159110741,5.2198405e-17,-0.0013810679,7.5902534e-10,10221,0,-0.080102526,-0.6435771,-9.82169,14395,0,0,0,1
9159120735,0.0,-0.001381068,-8.5373805e-11,9994,0,-0.093913205,-0.65738773,-9.8125,9276,0,0,0,1
9159130870,0.00069053494,-0.0006905339,-0.00097656174,10135,0,-0.09391318,-0.6573876,-9.812498,7465,0,0,0,1
9159140591,0.0013810681,-5.091759e-10,-0.00097656157,9721,0,-0.09391321,-0.65738773,-9.832029,8222,0,0,0,1
9159150331,0.0006905344,0.0006905345,-0.0009765616,9740,0,-0.08640024,-0.6498746,-9.821404,14342,0,0,0,1
9159161226,0.0020716018,0.0006905329,-0.0009765633,10895,0,-0.08010252,-0.64357704,-9.832031,9043,0,0,0,1
9159170570,1.3409216e-09,-3.794255e-09,0.0019531249,9344,0,-0.10772388,-0.643577,-9.832029,7398,0,0,0,1
9159181013,-0.000690535,0.00069053296,0.0009765625,10443,0,-0.1077239,-0.65826577,-9.833072,14724,0,0,0,1
9159190941,0.00069053157,0.0020716018,-0.000976564,9928,0,-0.107723884,-0.6711984,-9.814453,9011,0,0,0,1
9159199963,1.1158239e-09,0.0013810679,8.7438023e-10,9022,0,-0.09391321,-0.65738773,-9.832031,7777,0,0,0,1
9159210594,0.0,0.0,0.0,10631,0,-0.11461426,-0.67808884,-9.844746,14768,0,0,0,1
9159220803,0.001381068,-0.001381068,0.0009765623,10209,0,-0.10772387,-0.6711983,-9.814451,7531,0,0,0,1
9159230211,0.0020716002,-0.0006905347,0.0019531264,9408,0,-0.093913205,-0.6573877,-9.8125,9067,0,0,0,1
9159240744,0.00069053244,0.0006905334,0.0009765641,10533,0,-0.09391321,-0.6573876,-9.832031,7383,0,0,0,1
9159251235,0.0,0.0,0.0,10491,0,-0.10043494,-0.650866,-9.822808,15103,0,0,0,1
9159260631,0.0006905339,0.000690534,-0.0009765625,9396,0,-0.12153456,-0.6297662,-9.812498,9032,0,0,0,1
9159270951,-5.8622335e-10,5.862234e-10,-0.0009765625,10320,0,-0.12153458,-0.62976646,-9.8125,7100,0,0,0,1
9159280565,-1.218089e-09,-0.0013810678,-0.0009765626,9614,0,-0.107723884,-0.64357704,-9.8125,8188,0,0,0,1
9159290791,0.0020716034,-0.00069053547,-0.0019531229,10226,0,-0.09391321,-0.65738773,-9.842503,14605,0,0,0,1
9159300271,0.0027621386,0.0013810669,-0.0019531207,9480,0,-0.09391321,-0.6573876,-9.851561,8188,0,0,0,1
9159310949,-0.0006905329,0.00069053506,2.3766233e-09,10678,0,-0.10772389,-0.6711984,-9.833984,8811,0,0,0,1
9159321146,-0.0020716004,-0.00069053285,0.0019531269,10197,0,-0.12153456,-0.6444431,-9.813537,14128,0,0,0,1
9159331633,-0.00069053326,-0.0006905334,0.0009765632,10487,0,-0.107723884,-0.64357704,-9.8125,9047,0,0,0,1
9159341468,1.7097683e-09,-0.0013810684,-0.00097656174,9835,0,-0.093913205,-0.6573876,-9.8125,8099,0,0,0,1
9159350936,-5.820757e-11,-0.0013810678,-0.0009765626,9468,0,-0.1077239,-0.64357704,-9.8125,7486,0,0,0,1
9159360940,0.0027621367,-2.1282476e-09,-0.0009765595,10004,0,-0.08651595,-0.6371636,-9.8125,14613,0,0,0,1
9159371046,0.0048337383,0.0006905346,-0.0019531236,10106,0,-0.09391322,-0.65738785,-9.8125,8244,0,0,0,1
9159381231,0.0013810671,1.7641125e-09,-0.0009765632,10185,0,-0.0939132,-0.6573877,-9.832029,8690,0,0,0,1
9159390899,0.0,0.0,0.0,9668,0,-0.09391321,-0.65738773,-9.832031,8199,0,0,0,1
9159400685,0.00069053384,-0.00069053384,-8.5373805e-11,9786,0,-0.09391319,-0.65738773,-9.8125,14132,0,0,0,1
9159410430,0.001381068,-4.807659e-17,6.923477e-10,9745,0,-0.10772388,-0.64357704,-9.8125,8055,0,0,0,1
9159421131,0.0020716018,0.0006905351,-0.0009765618,10701,0,-0.107723884,-0.64357704,-9.8125,8477,0,0,0,1
9159431633,0.0013810672,6.617198e-10,-0.0009765634,10502,0,-0.107723884,-0.6435771,-9.8125,6595,0,0,0,1
9159441832,-1.2407051e-09,-0.0013810666,-0.0009765642,10199,0,-0.12153456,-0.62976635,-9.812499,17861,0,0,0,1
9159451525,1.025545e-09,-0.0013810674,-0.001953125,9693,0,-0.12153456,-0.62976635,-9.8125,8688,0,0,0,1
9159461132,1.0290432e-09,6.03684e-11,-0.0009765625,9607,0,-0.09908862,-0.6522122,-9.812498,13025,0,0,0,1
9159471137,0.0006905345,0.00069053355,-0.0009765625,10005,0,-0.10772391,-0.67119855,-9.833984,7488,0,0,0,1
9159481270,0.0013810684,0.0013810674,-0.0009765625,10133,0,-0.12153455,-0.68500906,-9.835936,8531,0,0,0,1
9159491694,0.0006905333,0.0006905346,-0.0009765625,10424,0,-0.12153454,-0.6850091,-9.816404,8392,0,0,0,1
9159501600,-1.9384603e-09,1.9384603e-09,-0.0029296875,9906,0,-0.12790516,-0.6637582,-9.815353,14308,0,0,0,1
9159511858,-0.0020716037,-0.00069052883,-0.0019531248,10258,0,-0.09391322,-0.65738785,-9.812502,9321,0,0,0,1
9159521333,-0.0027621381,-0.0013810633,9.0060687e-10,9475,0,-0.107723884,-0.64357704,-9.8125,6962,0,0,0,1
9159531972,0.0,0.0,0.0,10639,0,-0.12153457,-0.62976635,-9.8125,8356,0,0,0,1
9159541085,0.0027621354,0.0013810677,-8.537379e-11,9113,0,-0.10805724,-0.6573878,-9.823982,14625,0,0,0,1
9159551214,0.002762137,0.0013810659,0.00097656244,10129,0,-0.08010255,-0.6435771,-9.8515625,8763,0,0,0,1
9159561448,0.002762135,0.0013810702,-1.1641532e-10,10234,0,-0.09391321,-0.65738773,-9.851564,7419,0,0,0,1
9159571681,0.00069053273,0.00069053634,-0.0009765617,10233,0,-0.11486151,-0.6364395,-9.821937,15013,0,0,0,1
9159581895,-0.0020716027,-0.0006905322,8.986198e-10,10214,0,-0.12153456,-0.62976635,-9.8125,8676,0,0,0,1
9159590817,-0.0013810688,-0.0013810646,0.0019531266,8922,0,-0.12153456,-0.62976635,-9.8125,7666,0,0,0,1
9159601137,0.000690533,-0.00069053104,0.0019531262,10320,0,-0.107723884,-0.64357704,-9.812498,7528,0,0,0,1
9159611559,0.002071601,0.000690538,-0.0009765609,10422,0,-0.10093189,-0.6644065,-9.813493,15413,0,0,0,1
9159621475,0.0006905327,-0.0006905327,-0.0009765642,9916,0,-0.107723884,-0.6711984,-9.814453,8461,0,0,0,1
9159631685,-2.2289501e-09,-0.0027621358,-1.7468531e-09,10210,0,-0.107723884,-0.64357716,-9.812502,7485,0,0,0,1
9159641237,0.00069053617,-0.0006905339,-0.000976561,9552,0,-0.10772389,-0.64357704,-9.832031,8328,0,0,0,1
9159652169,0.000690535,0.000690534,-0.00097656186,10932,0,-0.0939132,-0.6573876,-9.841938,15285,0,0,0,1
9159661437,0.0,0.0,0.0,9268,0,-0.09391321,-0.6573876,-9.832031,7970,0,0,0,1
9159671924,0.0,0.0,0.0,10487,0,-0.09391321,-0.6573876,-9.832029,7411,0,0,0,1
9159682074,0.0,0.0,0.0,10150,0,-0.093913205,-0.65738773,-9.84179,15332,0,0,0,1
9159691832,0.0,0.0,0.0,9758,0,-0.09391321,-0.65738773,-9.832031,8458,0,0,0,1
9159701318,0.0,0.0,0.0,9486,0,-0.09391321,-0.65738785,-9.832033,7670,0,0,0,1
9159711584,0.0,0.0,0.0,10266,0,-0.10772388,-0.64357704,-9.842321,15600,0,0,0,1
9159722036,0.0,0.0,0.0,10452,0,-0.093913205,-0.65738773,-9.8125,7352,0,0,0,1
9159731493,0.0,0.0,0.0,9457,0,-0.107723884,-0.6435769,-9.832031,8439,0,0,0,1
9159742251,0.0,0.0,0.0,10758,0,-0.12153457,-0.6297664,-9.851563,8399,0,0,0,1
9159752240,0.0,0.0,0.0,9989,0,-0.11410636,-0.6371946,-9.8515625,14461,0,0,0,1
9159762223,0.0,0.0,0.0,9983,0,-0.09391321,-0.65738773,-9.8515625,9229,0,0,0,1
9159771455,0.0,0.0,0.0,9232,0,-0.08010254,-0.6711984,-9.853516,6652,0,0,0,1
9159782114,0.0,0.0,0.0,10659,0,-0.086667806,-0.6646331,-9.823771,15981,0,0,0,1
9159792311,0.0,0.0,0.0,10197,0,-0.10772387,-0.6711983,-9.814451,7384,0,0,0,1
9159801170,0.0,0.0,0.0,8859,0,-0.10772388,-0.6711984,-9.833984,8667,0,0,0,1
9159811908,0.0,0.0,0.0,10738,0,-0.10772389,-0.64357716,-9.832031,7414,0,0,0,1
9159821929,0.0,0.0,0.0,10021,0,-0.09341284,-0.64357704,-9.832031,15070,0,0,0,1
9159832331,0.0,0.0,0.0,10402,0,-0.080102526,-0.64357704,-9.812499,8788,0,0,0,1
9159841032,0.0,0.0,0.0,8701,0,-0.093913205,-0.65738773,-9.812499,7490,0,0,0,1
9159851598,0.0,0.0,0.0,10566,0,-0.09391319,-0.65738773,-9.8125,8540,0,0,0,1
9159861968,0.0,0.0,0.0,10370,0,-0.09391319,-0.6573877,-9.812501,14097,0,0,0,1
9159871871,0.0,0.0,0.0,9903,0,-0.107723884,-0.64357704,-9.8125,9306,0,0,0,1
9159882151,0.0,0.0,0.0,10280,0,-0.12153456,-0.65738773,-9.814453,6869,0,0,0,1
9159892139,0.0,0.0,0.0,9988,0,-0.10772388,-0.6579235,-9.833046,16213,0,0,0,1
9159902587,0.0,0.0,0.0,10448,0,-0.10772387,-0.64357704,-9.812498,7531,0,0,0,1
9159911370,0.0,0.0,0.0,8783,0,-0.121534586,-0.65738785,-9.814455,7792,0,0,0,1
9159922023,0.0,0.0,0.0,10653,0,-0.12153459,-0.65738773,-9.814455,8379,0,0,0,1
9159932165,0.0,0.0,0.0,10142,0,-0.09391321,-0.65738773,-9.832031,14316,0,0,0,1
9159942277,0.0,0.0,0.0,10112,0,-0.093913205,-0.65738773,-9.8125,8576,0,0,0,1
9159952722,0.0,0.0,0.0,10445,0,-0.09391321,-0.65738773,-9.832031,8451,0,0,0,1
9159961982,0.0,0.0,0.0,9260,0,-0.08010253,-0.6711984,-9.82346,15012,0,0,0,1
9159972409,0.0,0.0,0.0,10427,0,-0.09391321,-0.65738773,-9.832029,7111,0,0,0,1
9159981925,0.0,0.0,0.0,9516,0,-0.10772389,-0.64357704,-9.8515625,8697,0,0,0,1
9159992358,0.0,0.0,0.0,10433,0,-0.10772389,-0.6435769,-9.832029,8424,0,0,0,1
9160002541,0.0,0.0,0.0,10183,0,-0.10772388,-0.64357704,-9.8125,14138,0,0,0,1
9160012377,0.0,0.0,0.0,9836,0,-0.09391322,-0.65738785,-9.812502,8465,0,0,0,1
9160021946,0.0,0.0,0.0,9569,0,-0.107723884,-0.64357704,-9.812502,7747,0,0,0,1
9160031705,0.0,0.0,0.0,9759,0,-0.12153454,-0.62976635,-9.8125,8760,0,0,0,1
9160042027,0.0,0.0,0.0,10322,0,-0.100203894,-0.65109694,-9.842664,14167,0,0,0,1
9160052699,0.0,0.0,0.0,10672,0,-0.10772389,-0.64357704,-9.851564,9072,0,0,0,1
9160062410,0.0,0.0,0.0,9711,0,-0.09391323,-0.65738785,-9.833986,7484,0,0,0,1
9160072638,0.0,0.0,0.0,10228,0,-0.09449168,-0.67119855,-9.814455,14802,0,0,0,1
9160082600,0.0,0.0,0.0,9962,0,-0.12153456,-0.6850091,-9.816406,8994,0,0,0,1
9160092017,0.0,0.0,0.0,9417,0,-0.1077239,-0.6711984,-9.814453,7803,0,0,0,1
9160102636,0.0,0.0,0.0,10619,0,-0.10087346,-0.6504275,-9.8125,14963,0,0,0,1
9160112831,0.0,0.0,0.0,10195,0,-0.093913205,-0.62976635,-9.812499,7297,0,0,0,1
9160121400,0.0,0.0,0.0,8569,0,-0.09391319,-0.6297662,-9.812499,9097,0,0,0,1
9160132964,0.0,0.0,0.0,11564,0,-0.12153455,-0.62976635,-9.8125,7555,0,0,0,1
9160142156,0.0,0.0,0.0,9192,0,-0.12766753,-0.6512548,-9.833984,15547,0,0,0,1
9160152938,0.0,0.0,0.0,10782,0,-0.09391321,-0.65738785,-9.832032,8182,0,0,0,1
9160162248,0.0,0.0,0.0,9310,0,-0.0939132,-0.6573876,-9.832031,7810,0,0,0,1
9160172714,0.0,0.0,0.0,10466,0,-0.093913205,-0.65738773,-9.8125,7377,0,0,0,1
9160182119,0.0,0.0,0.0,9405,0,-0.09391321,-0.6573876,-9.832029,14926,0,0,0,1
9160192273,0.0,0.0,0.0,10154,0,-0.09391323,-0.6573878,-9.832031,9131,0,0,0,1
9160202193,0.0,0.0,0.0,9920,0,-0.0939132,-0.65738773,-9.832031,7284,0,0,0,1
9160212857,0.0,0.0,0.0,10664,0,-0.09391322,-0.65738773,-9.832033,8441,0,0,0,1
9160223041,0.0,0.0,0.0,10184,0,-0.100616276,-0.6640908,-9.8235,14338,0,0,0,1
9160232602,0.0,0.0,0.0,9561,0,-0.107723884,-0.6711984,-9.814453,8870,0,0,0,1
9160242063,0.0,0.0,0.0,9461,0,-0.0939132,-0.6573876,-9.832029,7184,0,0,0,1
9160252272,0.0,0.0,0.0,10209,0,-0.0939132,-0.6573877,-9.841155,15203,0,0,0,1
9160262684,0.0,0.0,0.0,10412,0,-0.107723884,-0.64357704,-9.8125,8708,0,0,0,1
9160272585,0.0,0.0,0.0,9901,0,-0.12153456,-0.62976635,-9.8125,8014,0,0,0,1
9160282551,0.0,0.0,0.0,9966,0,-0.121534556,-0.62976635,-9.832031,7330,0,0,0,1
9160292782,0.0,0.0,0.0,10231,0,-0.10772388,-0.64357704,-9.822456,14949,0,0,0,1
9160302433,0.0,0.0,0.0,9651,0,-0.10772391,-0.64357704,-9.832031,8433,0,0,0,1
9160313103,0.0,0.0,0.0,10670,0,-0.10772388,-0.6435769,-9.832029,8415,0,0,0,1
9160323333,0.0,0.0,0.0,10230,0,-0.100428894,-0.65087205,-9.842349,14390,0,0,0,1
9160333022,0.0,0.0,0.0,9689,0,-0.09391321,-0.65738773,-9.8515625,8471,0,0,0,1
9160343134,0.0,0.0,0.0,10112,0,-0.0939132,-0.6573876,-9.832031,7869,0,0,0,1
9160352794,0.0,0.0,0.0,9660,0,-0.093913205,-0.65738773,-9.8125,9555,0,0,0,1
9160363021,0.0,0.0,0.0,10227,0,-0.08010254,-0.6279672,-9.812501,13356,0,0,0,1
9160372216,0.0,0.0,0.0,9195,0,-0.09391322,-0.62976635,-9.8125,9069,0,0,0,1
9160382971,0.0,0.0,0.0,10755,0,-0.093913205,-0.6573876,-9.8125,7398,0,0,0,1
9160392400,0.0,0.0,0.0,9429,0,-0.101581655,-0.64971924,-9.83203,15555,0,0,0,1
9160403382,0.0,0.0,0.0,10982,0,-0.10772387,-0.6435769,-9.8125,8129,0,0,0,1
9160412599,0.0,0.0,0.0,9217,0,-0.1077239,-0.64357704,-9.812502,7965,0,0,0,1
9160423212,0.0,0.0,0.0,10613,0,-0.121534556,-0.6433958,-9.813463,14557,0,0,0,1
9160433057,0.0,0.0,0.0,9845,0,-0.12153456,-0.6850091,-9.816406,7692,0,0,0,1
9160442843,0.0,0.0,0.0,9786,0,-0.10772388,-0.6711984,-9.814453,9827,0,0,0,1
9160452537,0.0,0.0,0.0,9694,0,-0.093913205,-0.65738773,-9.8125,6650,0,0,0,1
9160463201,0.0,0.0,0.0,10664,0,-0.09391323,-0.6573878,-9.832031,14741,0,0,0,1
9160473518,0.0,0.0,0.0,10317,0,-0.09391321,-0.65738785,-9.832031,7776,0,0,0,1
9160483210,0.0,0.0,0.0,9692,0,-0.09391321,-0.65738773,-9.8515625,9181,0,0,0,1
9160492683,0.0,0.0,0.0,9473,0,-0.093913205,-0.6573876,-9.832031,7374,0,0,0,1
9160502908,0.0,0.0,0.0,10225,0,-0.08655792,-0.65003246,-9.8125,14702,0,0,0,1
9160512978,0.0,0.0,0.0,10070,0,-0.080102526,-0.64357704,-9.8125,8325,0,0,0,1
9160523681,0.0,0.0,0.0,10703,0,-0.093913205,-0.65738773,-9.8125,7813,0,0,0,1
9160533012,0.0,0.0,0.0,9331,0,-0.107723884,-0.64357704,-9.823013,15912,0,0,0,1
9160543673,0.0,0.0,0.0,10661,0,-0.09391321,-0.62976635,-9.851563,7002,0,0,0,1
9160553219,0.0,0.0,0.0,9546,0,-0.10772389,-0.6159557,-9.832031,9075,0,0,0,1
9160562844,0.0,0.0,0.0,9625,0,-0.107723884,-0.64357704,-9.8125,7388,0,0,0,1
9160572873,0.0,0.0,0.0,10029,0,-0.09391322,-0.65738785,-9.822772,14976,0,0,0,1
9160582664,0.0,0.0,0.0,9791,0,-0.10772389,-0.6711984,-9.833984,9021,0,0,0,1
9160592528,0.0,0.0,0.0,9864,0,-0.1077239,-0.6711984,-9.814455,7484,0,0,0,1
9160602986,0.0,0.0,0.0,10458,0,-0.093913205,-0.65738773,-9.8125,7630,0,0,0,1
9160613460,0.0,0.0,0.0,10474,0,-0.10772387,-0.68488115,-9.814453,15447,0,0,0,1
9160623207,0.0,0.0,0.0,9747,0,-0.09391321,-0.68500924,-9.832033,8027,0,0,0,1
9160632866,0.0,0.0,0.0,9659,0,-0.09391321,-0.65738773,-9.8515625,7403,0,0,0,1
9160643230,0.0,0.0,0.0,10364,0,-0.08010252,-0.6711983,-9.843911,16450,0,0,0,1
9160652439,0.0,0.0,0.0,9209,0,-0.093913205,-0.65738773,-9.8125,6977,0,0,0,1
9160663259,0.0,0.0,0.0,10820,0,-0.107723884,-0.64357704,-9.8125,8017,0,0,0,1
9160672716,0.0,0.0,0.0,9457,0,-0.13534525,-0.64357704,-9.814453,8428,0,0,0,1
9160682939,0.0,0.0,0.0,10223,0,-0.14158861,-0.64982045,-9.815335,14604,0,0,0,1
9160693176,0.0,0.0,0.0,10237,0,-0.12153456,-0.62976635,-9.832031,8253,0,0,0,1
9160703171,0.0,0.0,0.0,9995,0,-0.13534525,-0.64357704,-9.833984,7801,0,0,0,1
9160713741,0.0,0.0,0.0,10570,0,-0.10702878,-0.6573877,-9.813428,15279,0,0,0,1
9160722755,0.0,0.0,0.0,9014,0,-0.093913205,-0.6573878,-9.8125,8716,0,0,0,1
9160732672,0.0,0.0,0.0,9917,0,-0.10772387,-0.6711983,-9.814451,7345,0,0,0,1
9160743473,0.0,0.0,0.0,10801,0,-0.10772389,-0.6711984,-9.833984,8490,0,0,0,1
9160752996,0.0,0.0,0.0,9523,0,-0.086819254,-0.692103,-9.823003,14352,0,0,0,1
9160763381,0.0,0.0,0.0,10385,0,-0.093913205,-0.6850091,-9.816406,8894,0,0,0,1
9160773149,0.0,0.0,0.0,9768,0,-0.107723884,-0.6711984,-9.814451,7703,0,0,0,1
9160783584,0.0,0.0,0.0,10435,0,-0.093913205,-0.65738773,-9.8125,15625,0,0,0,1
9160793654,0.0,0.0,0.0,10070,0,-0.1077239,-0.64357716,-9.8125,8000,0,0,0,1
9160803378,0.0,0.0,0.0,9724,0,-0.121534556,-0.62976635,-9.832031,7611,0,0,0,1
9160813017,0.0,0.0,0.0,9639,0,-0.12153457,-0.6297663,-9.832031,7630,0,0,0,1
9160823048,0.0,0.0,0.0,10031,0,-0.121534556,-0.6297664,-9.8125,14992,0,0,0,1
9160833662,0.0,0.0,0.0,10614,0,-0.107723884,-0.64357704,-9.8125,8709,0,0,0,1
9160843397,0.0,0.0,0.0,9735,0,-0.093913205,-0.65738773,-9.8125,7686,0,0,0,1
9160853796,0.0,0.0,0.0,10399,0,-0.09391321,-0.65738773,-9.832031,8190,0,0,0,1
9160863958,0.0,0.0,0.0,10162,0,-0.0939132,-0.6573877,-9.842348,14431,0,0,0,1
9160873651,0.0,0.0,0.0,9693,0,-0.093913205,-0.65738773,-9.8125,8845,0,0,0,1
9160883162,0.0,0.0,0.0,9511,0,-0.09391322,-0.65738773,-9.812502,7491,0,0,0,1
9160893688,0.0,0.0,0.0,10526,0,-0.101258636,-0.6647332,-9.83307,15942,0,0,0,1
9160903820,0.0,0.0,0.0,10132,0,-0.12153455,-0.685009,-9.816404,7997,0,0,0,1
9160912894,0.0,0.0,0.0,9074,0,-0.10772389,-0.6711984,-9.833984,7655,0,0,0,1
9160923400,0.0,0.0,0.0,10506,0,-0.10772388,-0.6435769,-9.83203,7413,0,0,0,1
9160933609,0.0,0.0,0.0,10209,0,-0.11487322,-0.6507264,-9.843153,15340,0,0,0,1
9160943278,0.0,0.0,0.0,9669,0,-0.13534528,-0.64357716,-9.833984,8833,0,0,0,1
9160954071,0.0,0.0,0.0,10793,0,-0.10772389,-0.64357704,-9.832031,7511,0,0,0,1
9160963145,0.0,0.0,0.0,9074,0,-0.115442544,-0.6358584,-9.851561,15826,0,0,0,1
9160974023,0.0,0.0,0.0,10878,0,-0.10772388,-0.6435769,-9.832029,7881,0,0,0,1
9160983345,0.0,0.0,0.0,9322,0,-0.09391319,-0.65738773,-9.812498,7831,0,0,0,1
9160993822,0.0,0.0,0.0,10477,0,-0.093913205,-0.65738773,-9.8125,7376,0,0,0,1
9161004018,0.0,0.0,0.0,10196,0,-0.100879624,-0.6504212,-9.8223505,14922,0,0,0,1
9161013603,0.0,0.0,0.0,9585,0,-0.10772389,-0.64357704,-9.832031,9560,0,0,0,1
9161023825,0.0,0.0,0.0,10222,0,-0.0939132,-0.6573876,-9.832029,7084,0,0,0,1
9161033748,0.0,0.0,0.0,9923,0,-0.09391321,-0.65738773,-9.851562,14648,0,0,0,1
9161043963,0.0,0.0,0.0,10215,0,-0.0939132,-0.6573876,-9.851561,7846,0,0,0,1
9161053612,0.0,0.0,0.0,9649,0,-0.09391321,-0.6573877,-9.832029,8837,0,0,0,1
9161064087,0.0,0.0,0.0,10475,0,-0.10101382,-0.65028703,-9.832031,15206,0,0,0,1
9161073574,0.0,0.0,0.0,9487,0,-0.10772387,-0.64357704,-9.8125,7250,0,0,0,1
9161083779,0.0,0.0,0.0,10205,0,-0.10772387,-0.643577,-9.8125,8919,0,0,0,1
9161093667,0.0,0.0,0.0,9888,0,-0.12153456,-0.6297662,-9.8125,7489,0,0,0,1
9161104122,0.0,0.0,0.0,10455,0,-0.13534524,-0.64357716,-9.843137,15768,0,0,0,1
9161114631,0.0,0.0,0.0,10509,0,-0.10772389,-0.64357704,-9.832033,7020,0,0,0,1
9161124120,0.0,0.0,0.0,9489,0,-0.093913205,-0.65738773,-9.8125,8843,0,0,0,1
9161133533,0.0,0.0,0.0,9413,0,-0.093913205,-0.6573876,-9.8125,7383,0,0,0,1
9161144412,0.0,0.0,0.0,10879,0,-0.09391319,-0.6573877,-9.812501,15893,0,0,0,1
9161154539,0.0,0.0,0.0,10127,0,-0.093913205,-0.65738773,-9.8125,8362,0,0,0,1
9161163736,0.0,0.0,0.0,9197,0,-0.093913205,-0.65738773,-9.812501,6752,0,0,0,1
9161174020,0.0,0.0,0.0,10284,0,-0.114348315,-0.6778228,-9.815391,15807,0,0,0,1
9161184437,0.0,0.0,0.0,10417,0,-0.107723884,-0.6711984,-9.814453,7149,0,0,0,1
9161194123,0.0,0.0,0.0,9686,0,-0.12153457,-0.6573877,-9.833984,8436,0,0,0,1
9161203690,0.0,0.0,0.0,9567,0,-0.13534528,-0.6711984,-9.835939,8546,0,0,0,1
9161213720,0.0,0.0,0.0,10030,0,-0.10772389,-0.65948033,-9.813625,14296,0,0,0,1
9161224500,0.0,0.0,0.0,10780,0,-0.12153457,-0.62976635,-9.812502,8391,0,0,0,1
9161234076,0.0,0.0,0.0,9576,0,-0.12153456,-0.62976635,-9.8125,7683,0,0,0,1
9161243593,0.0,0.0,0.0,9517,0,-0.107723884,-0.64357704,-9.8125,8269,0,0,0,1
9161253890,0.0,0.0,0.0,10297,0,-0.10772389,-0.64357716,-9.803584,14745,0,0,0,1
9161263402,0.0,0.0,0.0,9512,0,-0.09391321,-0.65738773,-9.814453,8350,0,0,0,1
9161274066,0.0,0.0,0.0,10664,0,-0.10772389,-0.64357716,-9.832031,7818,0,0,0,1
9161284758,0.0,0.0,0.0,10692,0,-0.10772389,-0.6159558,-9.822659,15192,0,0,0,1
9161293765,0.0,0.0,0.0,9007,0,-0.12153457,-0.62976635,-9.832031,8924,0,0,0,1
9161303654,0.0,0.0,0.0,9889,0,-0.12153455,-0.62976635,-9.812498,7345,0,0,0,1
9161313950,0.0,0.0,0.0,10296,0,-0.10772387,-0.6435769,-9.8125,8396,0,0,0,1
9161324180,0.0,0.0,0.0,10230,0,-0.09391322,-0.65738773,-9.83203,14455,0,0,0,1
9161334292,0.0,0.0,0.0,10112,0,-0.1077239,-0.64357704,-9.812501,8266,0,0,0,1
9161344675,0.0,0.0,0.0,10383,0,-0.12153456,-0.65738785,-9.814455,7841,0,0,0,1
9161353966,0.0,0.0,0.0,9291,0,-0.1010629,-0.66453743,-9.82293,15712,0,0,0,1
9161364208,0.0,0.0,0.0,10242,0,-0.09391321,-0.65738773,-9.832031,7787,0,0,0,1
9161373933,0.0,0.0,0.0,9725,0,-0.093913205,-0.65738773,-9.8125,8021,0,0,0,1
9161384597,0.0,0.0,0.0,10664,0,-0.10772389,-0.64357704,-9.832031,8413,0,0,0,1
9161394704,0.0,0.0,0.0,10107,0,-0.1136493,-0.6376515,-9.840411,15348,0,0,0,1
9161404466,0.0,0.0,0.0,9762,0,-0.09391322,-0.65738785,-9.812502,8174,0,0,0,1
9161413966,0.0,0.0,0.0,9500,0,-0.093913205,-0.6573878,-9.812502,6883,0,0,0,1
9161424329,0.0,0.0,0.0,10363,0,-0.09391321,-0.65738773,-9.832031,8200,0,0,0,1
9161434516,0.0,0.0,0.0,10187,0,-0.09391321,-0.65738773,-9.873047,15006,0,0,0,1
9161444216,0.0,0.0,0.0,9700,0,-0.10772388,-0.6711984,-9.833982,8233,0,0,0,1
9161454985,0.0,0.0,0.0,10769,0,-0.10772389,-0.6711983,-9.833984,8562,0,0,0,1
9161463773,0.0,0.0,0.0,8788,0,-0.09391323,-0.65738785,-9.821398,14459,0,0,0,1
9161474780,0.0,0.0,0.0,11007,0,-0.10772389,-0.6711984,-9.833984,9076,0,0,0,1
9161484410,0.0,0.0,0.0,9630,0,-0.10772389,-0.6711984,-9.853516,7482,0,0,0,1
9161494149,0.0,0.0,0.0,9739,0,-0.09391321,-0.65738773,-9.832031,8157,0,0,0,1
9161504610,0.0,0.0,0.0,10461,0,-0.107723884,-0.64357704,-9.8125,14209,0,0,0,1
9161513944,0.0,0.0,0.0,9334,0,-0.080102526,-0.64357704,-9.8125,9227,0,0,0,1
9161524840,0.0,0.0,0.0,10896,0,-0.06629183,-0.6297662,-9.8125,7165,0,0,0,1
9161534485,0.0,0.0,0.0,9645,0,-0.07251638,-0.6359909,-9.840834,14859,0,0,0,1
9161545026,0.0,0.0,0.0,10541,0,-0.09391322,-0.65738773,-9.8515625,8638,0,0,0,1
9161554586,0.0,0.0,0.0,9560,0,-0.10772388,-0.643577,-9.832031,7524,0,0,0,1
9161564021,0.0,0.0,0.0,9435,0,-0.12153456,-0.62976635,-9.8125,8431,0,0,0,1
9161574435,0.0,0.0,0.0,10414,0,-0.14263958,-0.65087134,-9.835015,14592,0,0,0,1
9161584625,0.0,0.0,0.0,10190,0,-0.12153458,-0.65738773,-9.833984,9869,0,0,0,1
9161594543,0.0,0.0,0.0,9918,0,-0.10772391,-0.6711984,-9.833984,6682,0,0,0,1
9161605075,0.0,0.0,0.0,10532,0,-0.11511608,-0.67859054,-9.815498,16041,0,0,0,1
9161615320,0.0,0.0,0.0,10245,0,-0.10772389,-0.6435771,-9.832031,6513,0,0,0,1
9161624809,0.0,0.0,0.0,9489,0,-0.1077239,-0.6435771,-9.8515625,9126,0,0,0,1
9161634889,0.0,0.0,0.0,10080,0,-0.10772388,-0.6435769,-9.8515625,7423,0,0,0,1
9161644667,0.0,0.0,0.0,9778,0,-0.100505404,-0.6507954,-9.821822,15591,0,0,0,1
9161653774,0.0,0.0,0.0,9107,0,-0.093913205,-0.6297662,-9.8125,8056,0,0,0,1
9161664219,0.0,0.0,0.0,10445,0,-0.093913205,-0.62976646,-9.812502,8147,0,0,0,1
9161674692,0.0,0.0,0.0,10473,0,-0.09391321,-0.6573878,-9.822304,14848,0,0,0,1
9161684948,0.0,0.0,0.0,10256,0,-0.10772389,-0.64357716,-9.832033,7304,0,0,0,1
9161694419,0.0,0.0,0.0,9471,0,-0.12153457,-0.62976635,-9.832033,8239,0,0,0,1
9161705184,0.0,0.0,0.0,10765,0,-0.10772391,-0.6435771,-9.851564,8483,0,0,0,1
9161715238,0.0,0.0,0.0,10054,0,-0.11519,-0.6786645,-9.824481,14543,0,0,0,1
9161725132,0.0,0.0,0.0,9894,0,-0.121534586,-0.68500924,-9.816406,9379,0,0,0,1
9161734641,0.0,0.0,0.0,9509,0,-0.13534525,-0.6711984,-9.816407,6808,0,0,0,1
9161745320,0.0,0.0,0.0,10679,0,-0.10828866,-0.6573877,-9.833048,15846,0,0,0,1
9161755345,0.0,0.0,0.0,10025,0,-0.093913205,-0.65738773,-9.812499,7102,0,0,0,1
9161764615,0.0,0.0,0.0,9270,0,-0.0939132,-0.6573877,-9.832031,8438,0,0,0,1
9161774899,0.0,0.0,0.0,10284,0,-0.10772389,-0.6711983,-9.833982,7874,0,0,0,1
9161785350,0.0,0.0,0.0,10451,0,-0.1287588,-0.65016335,-9.814453,14810,0,0,0,1
9161795310,0.0,0.0,0.0,9960,0,-0.14915593,-0.65738773,-9.816404,9028,0,0,0,1
9161804520,0.0,0.0,0.0,9210,0,-0.121534556,-0.6573876,-9.814451,7778,0,0,0,1
9161815268,0.0,0.0,0.0,10748,0,-0.093913205,-0.65738773,-9.8125,7420,0,0,0,1
9161825283,0.0,0.0,0.0,10015,0,-0.100842506,-0.6228371,-9.832031,14992,0,0,0,1
9161835129,0.0,0.0,0.0,9846,0,-0.10772389,-0.64357704,-9.832031,9695,0,0,0,1
9161845413,0.0,0.0,0.0,10284,0,-0.09391321,-0.65738773,-9.832031,6776,0,0,0,1
9161854993,0.0,0.0,0.0,9580,0,-0.11495689,-0.67843145,-9.835006,14836,0,0,0,1
9161865246,0.0,0.0,0.0,10253,0,-0.12153455,-0.685009,-9.816406,7897,0,0,0,1
9161875146,0.0,0.0,0.0,9900,0,-0.10772388,-0.6711983,-9.814452,9059,0,0,0,1
9161884837,0.0,0.0,0.0,9691,0,-0.09391321,-0.65738773,-9.832031,7346,0,0,0,1
9161894906,0.0,0.0,0.0,10069,0,-0.0939132,-0.6573877,-9.851562,14977,0,0,0,1
9161905196,0.0,0.0,0.0,10290,0,-0.09391321,-0.65738773,-9.8515625,8621,0,0,0,1
9161914929,0.0,0.0,0.0,9733,0,-0.09391321,-0.65738773,-9.832031,7764,0,0,0,1
9161925594,0.0,0.0,0.0,10665,0,-0.093913205,-0.6573878,-9.8125,15852,0,0,0,1
9161934612,0.0,0.0,0.0,9018,0,-0.093913205,-0.6573877,-9.8125,6606,0,0,0,1
9161945514,0.0,0.0,0.0,10902,0,-0.107723884,-0.6435769,-9.8125,8965,0,0,0,1
9161954994,0.0,0.0,0.0,9480,0,-0.12153456,-0.65738773,-9.814453,7065,0,0,0,1
9161965250,0.0,0.0,0.0,10256,0,-0.13534527,-0.65708154,-9.844921,15291,0,0,0,1
9161975335,0.0,0.0,0.0,10085,0,-0.12153457,-0.6297663,-9.83203,8892,0,0,0,1
9161985255,0.0,0.0,0.0,9920,0,-0.1077239,-0.64357716,-9.8125,7691,0,0,0,1
9161994926,0.0,0.0,0.0,9671,0,-0.107723884,-0.6711984,-9.814453,8197,0,0,0,1
