timestamp,timestamp_sample,xyz[0],xyz[1],xyz[2]
9100592608,9100589994,-0.018878883,0.015408627,0.15287405
9100602428,9100599807,-0.018879956,0.015409097,0.16176663
9100612203,9100609428,-0.018880984,0.015409512,0.16954042
9100623678,9100619832,-0.018881997,0.01540992,0.17697021
9100632182,9100629611,-0.018882137,0.015409712,0.1831842
9100641848,9100639257,-0.018881766,0.015409264,0.18864723
9100652232,9100649647,-0.018883057,0.015409694,0.19384682
9100662732,9100659031,-0.0188891,0.015409029,0.19803686
9100672141,9100669534,-0.018894965,0.015407075,0.20216766
9100683543,9100679692,-0.01890058,0.015406596,0.2057001
9100693262,9100690097,-0.018907402,0.015406006,0.20888709
9100701706,9100699129,-0.0189107,0.015406079,0.21136181
9100712151,9100709565,-0.018915595,0.015405538,0.21388014
9100722628,9100720029,-0.018921655,0.015404872,0.2160999
9100733130,9100729665,-0.018925067,0.015404842,0.21791215
9100742383,9100739972,-0.018928615,0.015404917,0.21961652
9100751956,9100749566,-0.018931711,0.015404951,0.22102253
9100762585,9100759898,-0.018934814,0.015404924,0.22235198
9100772366,9100769775,-0.02738164,0.01321884,0.1977835
9100781775,9100779420,-0.027384685,0.013218466,0.1763856
9100792339,9100789535,-0.027386619,0.013218455,0.1564757
9100803822,9100799937,-0.027384331,0.013218439,0.13836785
9100812357,9100809778,-0.02738084,0.013218034,0.12312199
9100822740,9100820357,-0.027380882,0.01321878,0.108655915
9100832227,9100829632,-0.027380707,0.013219573,0.09729691
9100842792,9100840162,-0.027382564,0.013219511,0.085907936
9100852278,9100849852,-0.027383333,0.0132199405,0.07656514
9100862685,9100859680,-0.02738527,0.013219924,0.06813093
9100874252,9100870166,-0.027387401,0.013219903,0.06017977
9100881649,9100879093,-0.027387314,0.013220856,0.0540935
9100892260,9100889784,-0.02738882,0.013220844,0.04766783
9100902639,9100899820,-0.02739097,0.0132208215,0.04231138
9100913124,9100910561,-0.027392969,0.013220746,0.03726041
9100922544,9100920163,-0.027397197,0.013219794,0.033231225
9100934110,9100930209,-0.027399102,0.0132197775,0.02948824
9100943670,9100940514,-0.027398987,0.0132207265,0.026088957
9100952082,9100949511,-0.027398903,0.013221507,0.023422591
9100962608,9100960023,-0.027398815,0.013222193,0.020670753
9100973008,9100970229,-0.027398828,0.013223101,0.018302722
9100982549,9100979139,-0.027400935,0.013223073,0.016443554
9100993001,9100990627,-0.027401725,0.013223456,0.014348859
9101002600,9101000019,-0.02740161,0.013224301,0.012817128
9101013109,9101010510,-0.027401408,0.013225032,0.011305448
9101022780,9101020410,-0.027403397,0.013224947,0.010036757
9101032297,9101029732,-0.027404368,0.013225355,0.0089674
9101042899,9101040116,-0.027404362,0.013226173,0.007913708
9101053460,9101050280,-0.027404254,0.013225249,0.006999158
9101063029,9101060430,-0.02740409,0.0132252155,0.0061891824
9101072561,9101069972,-0.027406013,0.0132251885,0.0055092517
9101082953,9101080197,-0.027409831,0.013224311,0.004863615
9101092426,9101089873,-0.0274119,0.013224281,0.004318873
9101102976,9101100598,-0.027411731,0.013225018,0.0037867823
9101113458,9101110671,-0.027411493,0.013225819,0.0033431891
9101123940,9101120562,-0.027413463,0.013225733,0.002955772
9101132954,9101130357,-0.0274133,0.013223937,0.0026141596
9101142552,9101139905,-0.027411131,0.013223824,0.002316845
9101152886,9101150088,-0.02741093,0.013224556,0.0020357198
9101163528,9101160914,-0.027412754,0.013226166,0.0017726341
9101172773,9101170222,-0.027413433,0.013227338,0.0015701154
9101184392,9101180698,-0.027413318,0.01322808,0.001368703
9101194886,9101190808,-0.027413165,0.013229011,0.0011962416
9101202270,9101199879,-0.027414046,0.013227594,0.0010573345
9101212747,9101210345,-0.02741701,0.013226913,0.0009156938
9101223153,9101220350,-0.02741908,0.01322688,0.0007954144
9101233631,9101230451,-0.027419047,0.01322777,0.0006876553
9101243010,9101240646,-0.027421122,0.013227732,0.0005912415
9101253525,9101250891,-0.027420992,0.013228486,0.0005054056
9101262790,9101260240,-0.027420735,0.013229271,0.00043531152
9101272436,9101270070,-0.02742246,0.013229188,0.00036971422
9101282955,9101280601,-0.027425233,0.013228712,0.00030764865
9101293333,9101290576,-0.027424967,0.0132295,0.00025541155
9101303818,9101300461,-0.027424699,0.013230271,0.00020936223
9101313232,9101310681,-0.027424434,0.013231051,0.00016717087
9101322670,9101320284,-0.027424192,0.013231746,0.00013179559
9101333024,9101330267,-0.027425943,0.0132316565,9.9116354e-05
9101342834,9101340447,-0.027427983,0.013231617,6.957175e-05
9101353561,9101350959,-0.027427826,0.013232398,4.262343e-05
9101363967,9101361174,-0.027427776,0.013233301,1.9408792e-05
9101374587,9101371125,-0.027427614,0.013234126,-6.889677e-07
9101383043,9101380467,-0.027430804,0.01323359,-1.757134e-05
9101393542,9101390969,-0.02743247,0.013233551,-3.434431e-05
9101403950,9101401356,-0.027432187,0.013234319,-4.9021706e-05
9101413436,9101411073,-0.027432017,0.013235149,-6.1258186e-05
9101422831,9101420280,-0.027435018,0.013234685,-7.16501e-05
9101434372,9101430493,-0.027438706,0.01323381,-8.186294e-05
9101445165,9101441501,-0.02744326,0.013232732,-9.153671e-05
9101452567,9101450006,-0.027444087,0.013232177,-9.828918e-05
9101463041,9101460652,-0.02744403,0.01323156,-0.00010574062
9101473520,9101470890,-0.027441649,0.013231515,-0.000112089656
9101483992,9101481018,-0.027439173,0.013229668,-0.00011765463
9101493433,9101490872,-0.027441097,0.013228732,-0.00012247574
9101503962,9101501105,-0.02744093,0.0132294865,-0.00012691184
9101515361,9101511319,-0.027440734,0.013230327,-0.0001308428
9101522965,9101520546,-0.027440408,0.013231171,-0.00013402184
9101533599,9101531167,-0.027440185,0.013231737,-0.00013725378
9101544241,9101541397,-0.027439876,0.013232521,-0.00014000875
9101554765,9101551085,-0.02743969,0.013233364,-0.00014234107
9101563167,9101560793,-0.027442848,0.013232816,-0.00014442732
9101573890,9101571501,-0.027446156,0.013232034,-0.00014646263
9101583321,9101580733,-0.027448097,0.013231932,-0.00014802258
9101593790,9101591442,-0.027449908,0.013231892,-0.00014962807
9101603236,9101600868,-0.027450645,0.013232355,-0.0001508821
9101614009,9101611251,-0.027450558,0.013233151,-0.00015211433
9101624576,9101621197,-0.027450344,0.013234004,-0.00015315693
9101632959,9101630609,-0.027452312,0.013233926,-0.00015405181
9101643461,9101641065,-0.027452145,0.01323459,-0.00015492705
9101654064,9101651275,-0.027451932,0.013235418,-0.00015568112
9101663482,9101660924,-0.027454078,0.013235419,-0.00015631992
9101674010,9101671404,-0.02745681,0.013235011,-0.00015693645
9101685406,9101681337,-0.027458804,0.013234963,-0.00015744274
9101694901,9101691951,-0.027460849,0.013234844,-0.0001579306
9101703353,9101700767,-0.027462581,0.01323477,-0.0001583043
9101713806,9101711429,-0.02746427,0.013234775,-0.0001586923
9101724235,9101721638,-0.02746625,0.013234725,-0.00015903513
9101734823,9101730942,-0.027466003,0.013235548,-0.0001593055
9101743265,9101740876,-0.027467934,0.01323546,-0.00015957207
9101753727,9101751134,-0.02746597,0.013235423,-0.00015979887
9101765138,9101761796,-0.027465757,0.013234496,-0.00016001028
9101773608,9101771056,-0.027466554,0.013235039,-0.00016018096
9101784096,9101781685,-0.027468158,0.013235,-0.00016035732
9101794457,9101791700,-0.027470006,0.013234893,-0.00016050157
9101804970,9101801296,-0.027469646,0.013235654,-0.00016062171
9101813436,9101811064,-0.02747064,0.013234222,-0.00016074041
9101823988,9101821583,-0.027473932,0.013233429,-0.00016085678
9101834372,9101831787,-0.027478006,0.013232443,-0.00016095347
9101843795,9101841235,-0.027482001,0.013231479,-0.0001610398
9101854320,9101851869,-0.027484592,0.013231073,-0.0001611185
9101864741,9101861933,-0.027484307,0.013231909,-0.00016118128
9101875218,9101871535,-0.027483916,0.013232677,-0.00016123471
9101883626,9101881267,-0.027485734,0.013232575,-0.00016129272
9101894092,9101891710,-0.027485505,0.0132332435,-0.00016134427
9101904670,9101902055,-0.027485225,0.013234069,-0.0001613929
9101914059,9101911705,-0.027484937,0.013234907,-0.00016142691
9101923505,9101920949,-0.027486721,0.0132348845,-0.00016146852
9101935051,9101931176,-0.027488459,0.013234842,-0.0001615059
9101945617,9101942148,-0.027493041,0.013233817,-0.00016153754
9101954004,9101951642,-0.027493823,0.013234223,-0.00016156834
9101964513,9101962160,-0.02749349,0.013234844,-0.00016159502
9101973918,9101971342,-0.027493073,0.013235611,-0.00016161897
9101984403,9101981249,-0.0274927,0.013236301,-0.00016163535
9101994130,9101991549,-0.02749451,0.013236194,-0.00016166411
9102004604,9102001792,-0.027494123,0.013236906,-0.00016168944
9102016053,9102012176,-0.027495915,0.013236794,-0.00016170871
9102023417,9102021057,-0.02749914,0.013236287,-0.00016171756
9102033905,9102031539,-0.027498847,0.0132368235,-0.00016173719
9102044381,9102041581,-0.02750052,0.013238441,-0.00016175055
9102054824,9102051645,-0.027502302,0.013240109,-0.00016176913
9102064190,9102061640,-0.027502036,0.013240945,-0.0001617955
9102074777,9102072378,-0.027501652,0.013241621,-0.00016180628
9102084173,9102081381,-0.027503453,0.013241498,-0.0001618235
9102093590,9102091244,-0.027505051,0.013241392,-0.00016184027
9102104112,9102101703,-0.02750664,0.013241286,-0.00016184562
9102114527,9102111725,-0.027510537,0.013242017,-0.00016186349
9102125958,9102121902,-0.027516564,0.013241867,-0.00016187958
9102134572,9102131957,-0.027519595,0.013241294,-0.0001618937
9102143956,9102141585,-0.027519211,0.013241916,-0.0001619154
9102154477,9102151644,-0.02751879,0.013242593,-0.0001619255
9102165022,9102162639,-0.027518438,0.013243406,-0.00016194244
9102174428,9102172074,-0.027518084,0.0132442145,-0.0001619586
9102186028,9102182156,-0.027515907,0.013244203,-0.00016197392
9102196634,9102192560,-0.027515668,0.0132432105,-0.000161981
9102203977,9102201430,-0.027516376,0.013243568,-0.00016198645
9102214483,9102211894,-0.027516132,0.013244136,-0.00016199212
9102224824,9102222272,-0.027517993,0.013244065,-0.0001619971
9102235327,9102231448,-0.027519716,0.0132439425,-0.00016200104
9102244417,9102242035,-0.027520476,0.013244213,-0.00016201206
9102254453,9102251650,-0.027523909,0.013243338,-0.0001620242
9102265882,9102261840,-0.027527826,0.01324243,-0.00016204236
9102273909,9102271548,-0.027530815,0.01324191,-0.0001620513
9102284375,9102281984,-0.027530441,0.013242489,-0.00016206327
9102294822,9102292031,-0.027529957,0.013243242,-0.00016207015
9102305299,9102302122,-0.027529465,0.013242235,-0.00016206957
9102314243,9102311847,-0.027530352,0.013241791,-0.00016207232
9102324836,9102322253,-0.027531935,0.013241739,-0.00016207492
9102335198,9102332630,-0.027533425,0.013243291,-0.00016208066
9102344749,9102342159,-0.027535,0.01324487,-0.00016208855
9102354355,9102351760,-0.027534593,0.013245576,-0.00016209243
9102364743,9102362166,-0.02753223,0.01324551,-0.00016210305
9102375651,9102372298,-0.02752752,0.013244577,-0.00016210212
9102385101,9102382547,-0.027523713,0.013244049,-0.0001621047
9102394550,9102391967,-0.027521316,0.01324394,-0.00016211312
9102404955,9102402362,-0.02752091,0.013243043,-0.00016211101
9102414558,9102412167,-0.027522635,0.01324292,-0.00016210596
9102425002,9102422631,-0.027522305,0.013243662,-0.00016209774
9102436420,9102432554,-0.02752415,0.013243595,-0.00016209742
9102446017,9102442857,-0.02752859,0.013242564,-0.00016209713
9102454424,9102452069,-0.027529197,0.01324284,-0.0001620969
9102464876,9102462292,-0.027530579,0.013242741,-0.00016209667
9102475309,9102472710,-0.027532402,0.01324267,-0.00016209645
9102484804,9102482246,-0.02753633,0.01324345,-0.00016209946
9102494817,9102492412,-0.027537817,0.013244172,-0.00016210569
9102505341,9102502729,-0.027537333,0.0132448925,-0.00016211471
9102517015,9102512864,-0.02753905,0.013244767,-0.00016212257
9102524562,9102521943,-0.027539605,0.013243202,-0.00016212888
9102535167,9102532761,-0.027540829,0.013243112,-0.0001621355
9102545740,9102542936,-0.027542535,0.013242987,-0.00016213764
9102555364,9102552408,-0.027542133,0.013243802,-0.00016214576
9102564829,9102562469,-0.027544836,0.013243281,-0.00016215343
9102575386,9102572951,-0.027548352,0.013242383,-0.00016216395
9102584945,9102582338,-0.027552398,0.013241433,-0.00016216924
9102594517,9102592117,-0.027554156,0.013239813,-0.00016218066
9102604985,9102602385,-0.027553821,0.013239756,-0.00016218788
9102615787,9102613224,-0.027555486,0.013239639,-0.00016218744
9102624950,9102621771,-0.02755722,0.0132395215,-0.0001621958
9102635559,9102633204,-0.027556743,0.013240182,-0.00016220185
9102645003,9102642427,-0.027556192,0.013240951,-0.00016220621
9102655420,9102652611,-0.0275558,0.013241679,-0.00016221724
9102665517,9102662891,-0.027555488,0.013242543,-0.00016222711
9102674986,9102672410,-0.02755501,0.013243298,-0.00016223209
9102686389,9102682529,-0.027554518,0.013243975,-0.00016224013
9102697032,9102692980,-0.027554061,0.0132448515,-0.00016224402
9102704496,9102701898,-0.027556917,0.01324432,-0.00016225001
9102714909,9102712528,-0.027559673,0.013243605,-0.00016225631
9102725301,9102722519,-0.027561326,0.013243482,-0.00016226157
9102735767,9102733218,-0.027563078,0.0132434135,-0.000162263
9102745360,9102742772,-0.02756593,0.0132429665,-0.00016226733
9102755742,9102753179,-0.02756744,0.013242855,-0.00016227496
9102767384,9102763111,-0.027569067,0.013242735,-0.00016228473
9102774927,9102772547,-0.027568433,0.013243572,-0.00016228987
9102785400,9102783001,-0.027569534,0.013244727,-0.00016229144
9102795766,9102793004,-0.027571168,0.013246378,-0.00016230276
9102806321,9102802896,-0.02757071,0.0132471705,-0.00016230943
9102815747,9102813186,-0.027570134,0.013247915,-0.0001623224
9102825552,9102822993,-0.02756962,0.013248584,-0.00016233667
9102837096,9102833246,-0.027571155,0.013248457,-0.00016234988
9102845570,9102842988,-0.027574155,0.013247897,-0.00016235781
9102855063,9102852487,-0.027575571,0.013247831,-0.00016237109
9102865475,9102862898,-0.027579058,0.013246917,-0.0001623874
9102877165,9102873093,-0.027582867,0.013245921,-0.00016239817
9102885634,9102883264,-0.027587125,0.013244802,-0.0001624077
9102895041,9102892478,-0.027590316,0.013244036,-0.00016241234
9102905701,9102902894,-0.027595734,0.013243946,-0.00016242388
9102915128,9102912533,-0.027597254,0.0132437935,-0.00016243984
9102925584,9102923198,-0.027595833,0.013244136,-0.00016244838
9102937118,9102933232,-0.02759521,0.013244884,-0.00016245552
9102946626,9102943468,-0.027594518,0.013245708,-0.00016246535
9102956089,9102953512,-0.027594004,0.013246411,-0.00016246724
9102965477,9102963102,-0.027593544,0.013247132,-0.00016247206
9102975848,9102973078,-0.027592989,0.013247802,-0.00016248316
9102986476,9102983885,-0.027592486,0.013248594,-0.00016249374
9102995965,9102993570,-0.027595324,0.013249773,-0.00016249897
9103006359,9103003568,-0.027598886,0.013248902,-0.0001625104
9103017068,9103013671,-0.027604582,0.01324868,-0.00016252737
9103025890,9103023519,-0.027608292,0.013248562,-0.0001625421
9103036041,9103033628,-0.027609697,0.013248491,-0.00016255215
9103045581,9103042816,-0.02761348,0.013247567,-0.00016256652
9103056129,9103053094,-0.027614888,0.013247446,-0.00016258415
9103065512,9103062909,-0.02761433,0.013248251,-0.00016259587
9103075950,9103073346,-0.027613735,0.013248915,-0.00016259652
9103087407,9103083945,-0.027613183,0.013249708,-0.00016261112
9103095873,9103093513,-0.027612632,0.0132506,-0.00016261968
9103106457,9103103878,-0.027612194,0.013251242,-0.00016263132
9103115769,9103113217,-0.027613869,0.013251158,-0.00016263445
9103127305,9103123417,-0.027617326,0.013250301,-0.00016264086
9103135783,9103133399,-0.027617699,0.013250717,-0.00016265309
9103146195,9103143626,-0.02761895,0.013250602,-0.00016266418
9103156760,9103154145,-0.027622672,0.0132496,-0.00016266729
9103166151,9103163581,-0.027624207,0.0132494625,-0.00016267295
9103175586,9103173217,-0.027623648,0.013250156,-0.00016268776
9103187265,9103183358,-0.027623134,0.013250869,-0.00016269823
9103197799,9103193506,-0.027622376,0.013251691,-0.00016271425
9103206125,9103203560,-0.027624968,0.013251133,-0.000162725
9103215558,9103213207,-0.02762627,0.013251064,-0.00016273098
9103225980,9103223208,-0.027623776,0.013250987,-0.00016273317
9103236459,9103233907,-0.027620928,0.013250855,-0.00016273875
9103245903,9103243540,-0.027620358,0.013251647,-0.00016274002
9103256328,9103253346,-0.027621742,0.013251522,-0.00016274117
9103267804,9103264140,-0.02762338,0.013249686,-0.00016274584
9103276564,9103274178,-0.02762871,0.013249065,-0.00016274636
9103286005,9103283442,-0.027631931,0.013248262,-0.0001627499
9103296455,9103293679,-0.027635267,0.013247357,-0.00016275675
9103306935,9103303285,-0.027639093,0.0132464105,-0.0001627657
9103316492,9103314089,-0.027639508,0.013246806,-0.00016276388
9103326856,9103324092,-0.02763896,0.013247543,-0.00016276905
9103337398,9103334046,-0.027638255,0.013248272,-0.00016277362
9103345839,9103343285,-0.027637528,0.01324902,-0.00016277742
9103356319,9103353939,-0.027636955,0.013249612,-0.0001627848
9103366871,9103364095,-0.02763857,0.0132495295,-0.0001627944
9103377374,9103373893,-0.027640326,0.013249505,-0.00016280918
9103385771,9103383418,-0.027643079,0.01324891,-0.00016281883
9103396229,9103393843,-0.027644368,0.013248848,-0.00016282818
9103406923,9103404338,-0.027643759,0.013249644,-0.00016282954
9103416540,9103413970,-0.027645273,0.0132495025,-0.0001628371
9103425932,9103423577,-0.027648728,0.0132486,-0.0001628406
9103437395,9103433528,-0.027653893,0.013248451,-0.00016284715
9103447356,9103443857,-0.027657669,0.01324917,-0.00016286343
9103455704,9103453352,-0.027660197,0.013248733,-0.00016287045
9103466258,9103463689,-0.0276632,0.013247974,-0.00016288407
9103476747,9103474163,-0.027664652,0.013247839,-0.00016289626
9103486177,9103483631,-0.027663883,0.0132485805,-0.00016290612
9103496742,9103494116,-0.027665079,0.013250015,-0.00016291923
9103507421,9103504552,-0.027664302,0.013250754,-0.0001629273
9103518197,9103514296,-0.027663514,0.013251508,-0.00016293727
9103525828,9103523434,-0.027662788,0.013252298,-0.00016294565
9103536610,9103534205,-0.02766231,0.013252865,-0.00016295435
9103547154,9103544342,-0.02766152,0.013253621,-0.00016296499
9103556640,9103553462,-0.02766309,0.013253533,-0.00016297052
9103567175,9103564771,-0.027666463,0.013252626,-0.00016298023
9103577126,9103574337,-0.027670117,0.013251611,-0.00016299075
9103587504,9103583648,-0.027673595,0.0132506415,-0.0001629968
9103595953,9103593603,-0.02767611,0.013250065,-0.00016300587
9103606841,9103604450,-0.02767546,0.013250659,-0.00016301098
9103617360,9103614553,-0.027676929,0.013250517,-0.00016302192
9103627766,9103624315,-0.027678477,0.013250434,-0.00016302483
9103636194,9103633631,-0.027677841,0.013251242,-0.00016303356
9103646809,9103644429,-0.027677206,0.0132518355,-0.0001630389
9103657218,9103654642,-0.027676398,0.013252576,-0.00016304338
9103666719,9103664143,-0.027675604,0.0132532995,-0.00016304711
9103676802,9103674404,-0.027674878,0.013253961,-0.00016305408
9103688177,9103684516,-0.027674224,0.01325472,-0.00016305681
9103697832,9103694432,-0.027675891,0.013254623,-0.0001630625
9103706388,9103703813,-0.027677258,0.013254512,-0.00016307045
9103716832,9103714456,-0.027678499,0.013254434,-0.00016307489
9103727188,9103724432,-0.02768003,0.013254342,-0.0001630819
9103736675,9103734108,-0.027681539,0.013252518,-0.00016308797
9103746921,9103744516,-0.027680805,0.013252453,-0.0001630903
9103757289,9103754530,-0.02768002,0.013253167,-0.00016309229
9103767759,9103764814,-0.027679222,0.013253887,-0.00016309752
9103776221,9103773648,-0.027680758,0.013253798,-0.00016310453
9103786775,9103784400,-0.027680112,0.013254385,-0.0001631156
9103797228,9103794645,-0.02767941,0.0132551715,-0.00016311475
9103807753,9103805189,-0.027680818,0.013256803,-0.00016312442
9103817225,9103814867,-0.027680902,0.013257894,-0.00016313235
9103827690,9103824879,-0.027682168,0.013257755,-0.00016313963
9103838135,9103834960,-0.027685802,0.013256722,-0.0001631495
9103846562,9103843981,-0.02768938,0.013255704,-0.0001631635
9103857028,9103854642,-0.027692275,0.013254882,-0.00016317103
9103867617,9103865027,-0.027695728,0.013253802,-0.0001631844
9103878132,9103874665,-0.027697107,0.013253652,-0.00016319226
9103887574,9103885211,-0.027696427,0.013254464,-0.00016319986
9103896994,9103894424,-0.027695682,0.013255126,-0.00016320271
9103907420,9103904619,-0.027695028,0.013255826,-0.00016321227
9103916965,9103914566,-0.027694305,0.013256603,-0.00016321725
9103927358,9103924771,-0.0276937,0.013257341,-0.0001632184
9103938878,9103935215,-0.027695302,0.0132573005,-0.0001632229
9103946277,9103943913,-0.027699387,0.013256225,-0.00016322921
9103956928,9103954529,-0.02770044,0.013254911,-0.000163236
9103967372,9103964970,-0.027705232,0.013254344,-0.00016324192
9103977800,9103975006,-0.027706696,0.013254252,-0.00016325363
9103987207,9103984855,-0.027705839,0.013254977,-0.0001632573
9103997680,9103995290,-0.027706953,0.013255496,-0.00016326073
9104008151,9104005299,-0.027708301,0.013253591,-0.00016326032
9104018604,9104014913,-0.027709661,0.013253448,-0.0001632664
9104026963,9104024596,-0.027707815,0.013252875,-0.00016327186
9104037555,9104034963,-0.027708998,0.013252804,-0.0001632736
9104047949,9104045351,-0.027705928,0.013252667,-0.00016327514
9104057348,9104054793,-0.027703008,0.013252581,-0.00016327323
9104067864,9104065266,-0.027702395,0.013253311,-0.00016327135
9104078238,9104075267,-0.027701538,0.013254048,-0.00016326644
9104088781,9104085364,-0.027700698,0.013254764,-0.0001632721
9104097099,9104094552,-0.027702065,0.013254617,-0.00016327362
9104107783,9104105221,-0.027702965,0.013255822,-0.00016327872
9104118411,9104115761,-0.027704233,0.01325743,-0.00016328316
9104128357,9104124689,-0.027705846,0.013257386,-0.00016328954
9104137808,9104135252,-0.027709316,0.013256428,-0.00016328924
9104147251,9104144474,-0.027712492,0.013255509,-0.00016329209
9104158821,9104155438,-0.0277157,0.013254586,-0.00016330951
9104167299,9104164710,-0.027715907,0.013254927,-0.00016331648
9104177756,9104175174,-0.027715284,0.013255557,-0.00016331997
9104189158,9104185285,-0.027716616,0.013257184,-0.00016333304
9104198664,9104195011,-0.02772009,0.013259753,-0.00016335398
9104207288,9104204693,-0.027721262,0.013259602,-0.00016336287
9104217740,9104215352,-0.027718812,0.013259518,-0.00016336798
9104228131,9104225350,-0.027717931,0.013258481,-0.00016337556
9104237594,9104235032,-0.027717186,0.013255766,-0.00016337565
9104248122,9104245737,-0.027719634,0.013254545,-0.00016337926
9104258513,9104255728,-0.027723443,0.013253626,-0.00016338225
9104268995,9104265311,-0.027724858,0.013253536,-0.00016338161
9104277411,9104274846,-0.027725125,0.0132538015,-0.00016338105
9104287851,9104285461,-0.027726289,0.013253732,-0.000163384
9104298326,9104295496,-0.027725505,0.013254513,-0.00016338647
9104307726,9104305176,-0.027726812,0.013254368,-0.00016338861
9104318187,9104315809,-0.027726999,0.013254715,-0.00016339068
9104328653,9104325847,-0.02772831,0.013254567,-0.00016340242
9104339150,9104335725,-0.027729731,0.013254476,-0.00016340612
9104347519,9104344960,-0.027732274,0.013253891,-0.00016340922
9104358005,9104355626,-0.027733399,0.013253818,-0.0001634159
9104368606,9104365731,-0.027734932,0.013253783,-0.00016341815
9104378007,9104375037,-0.02773649,0.0132537475,-0.00016342626
9104387451,9104384897,-0.027736774,0.013254,-0.00016342405
9104398346,9104395466,-0.027738044,0.013253917,-0.00016343592
9104409577,9104405900,-0.027737329,0.013254797,-0.00016344283
9104417135,9104414764,-0.027736457,0.013255636,-0.00016344812
9104427659,9104425058,-0.027737465,0.013255569,-0.00016344672
9104439274,9104435372,-0.027743097,0.0132553885,-0.0001634489
9104448982,9104445055,-0.027749175,0.013257105,-0.00016346043
9104457541,9104455133,-0.02775144,0.0132574085,-0.00016347108
9104467962,9104465378,-0.027750673,0.013257994,-0.00016349087
9104478388,9104475794,-0.02774972,0.013258711,-0.00016350865
9104487927,9104485338,-0.027752927,0.01325934,-0.00016352639
9104498351,9104495770,-0.027753936,0.0132600125,-0.00016354008
9104508803,9104506184,-0.027753104,0.013260777,-0.00016355907
9104519339,9104515646,-0.02775226,0.013261546,-0.00016357448
9104527953,9104525518,-0.02775248,0.013261795,-0.0001635855
9104538717,9104536108,-0.027755348,0.0132609345,-0.00016359944
9104548333,9104545740,-0.027756747,0.013260828,-0.0001636011
9104557924,9104555366,-0.027756076,0.013261589,-0.000163609
9104568447,9104566081,-0.02775644,0.013261784,-0.0001636203
9104578843,9104575878,-0.027757704,0.013261625,-0.00016362949
9104589891,9104586040,-0.027756738,0.013262327,-0.00016364132
9104598319,9104595730,-0.027755724,0.013263076,-0.00016364167
9104607783,9104605409,-0.02775832,0.0132635785,-0.00016365491
9104618338,9104615479,-0.027761351,0.013264195,-0.00016366379
9104629096,9104625007,-0.027760487,0.013264961,-0.00016367449
9104638071,9104635699,-0.02775961,0.0132657485,-0.00016369212
9104649010,9104646420,-0.027758876,0.013266397,-0.00016370064
9104659486,9104656335,-0.027758105,0.013267247,-0.00016371094
9104667953,9104665566,-0.02775736,0.013268059,-0.00016371952
9104678433,9104676039,-0.027756667,0.013268675,-0.00016372468
9104689887,9104686017,-0.02775571,0.013269371,-0.00016372903
9104698352,9104695008,-0.027754651,0.013270132,-0.00016373255
9104708379,9104705984,-0.027755668,0.013269328,-0.00016372911
9104718723,9104716348,-0.027756983,0.013267506,-0.00016372623
9104729157,9104726363,-0.02776062,0.013266588,-0.00016373042
9104738610,9104736057,-0.02776418,0.013265593,-0.00016373728
9104748389,9104745820,-0.027764445,0.013265866,-0.00016374017
9104758852,9104756074,-0.027763532,0.013264875,-0.00016374627
9104769332,9104765880,-0.027762678,0.013263888,-0.00016373838
9104778742,9104776384,-0.027761815,0.013264654,-0.00016374481
9104788261,9104785857,-0.027763126,0.013264599,-0.00016374684
9104798782,9104796012,-0.02776436,0.013264503,-0.00016374538
9104808327,9104805758,-0.027763491,0.013265266,-0.00016375064
9104818992,9104816621,-0.027762745,0.013265984,-0.00016375221
9104829461,9104826633,-0.027761754,0.013266702,-0.0001637535
9104839958,9104836479,-0.02776078,0.013267405,-0.0001637612
9104848409,9104846052,-0.027760943,0.013267657,-0.00016376468
9104859155,9104856754,-0.027761942,0.0132675115,-0.0001637681
9104868555,9104865757,-0.027760949,0.013268232,-0.00016376766
9104879156,9104876758,-0.027763855,0.013268788,-0.0001637708
9104888565,9104886172,-0.027768303,0.013268115,-0.00016377636
9104898945,9104896167,-0.02777149,0.013267215,-0.00016378825
9104910241,9104906579,-0.027772812,0.013267102,-0.00016378541
9104918672,9104916321,-0.027771732,0.013267857,-0.00016379605
9104929232,9104926782,-0.027770935,0.013268418,-0.00016380269
9104939560,9104935873,-0.02776993,0.013269127,-0.0001637987
9104950119,9104946441,-0.027768956,0.013269809,-0.00016381207
9104958628,9104956247,-0.02776808,0.013270569,-0.0001638264
9104968849,9104966253,-0.027767364,0.01327118,-0.00016382939
9104979302,9104976495,-0.027766515,0.013271912,-0.0001638321
9104988776,9104986222,-0.027765526,0.013272601,-0.0001638344
9104999194,9104996616,-0.027767662,0.013272121,-0.00016384001
9105009709,9105007070,-0.027773181,0.013271908,-0.00016384847
9105020086,9105016401,-0.027778713,0.013271698,-0.00016385835
9105028763,9105026121,-0.02778099,0.013271135,-0.000163874
9105039227,9105036631,-0.027780328,0.013271803,-0.00016388201
9105049824,9105047012,-0.027779441,0.013272553,-0.000163889
9105058338,9105055727,-0.027778422,0.01327325,-0.00016389723
9105068779,9105066369,-0.02777769,0.013273857,-0.00016389907
9105079188,9105076373,-0.02777669,0.013274539,-0.00016390726
9105090611,9105086767,-0.027775684,0.013275221,-0.0001639079
9105099031,9105096670,-0.02777587,0.013275462,-0.00016391174
9105108565,9105105931,-0.027776936,0.013275352,-0.00016391806
9105119173,9105116338,-0.02777612,0.013276028,-0.00016392434
9105129071,9105126468,-0.02777511,0.013276718,-0.0001639264
9105138999,9105136414,-0.0277752,0.013277791,-0.00016393812
9105149853,9105147079,-0.027776128,0.013279184,-0.00016394569
9105161041,9105156942,-0.027775085,0.01327988,-0.00016395192
9105168842,9105166255,-0.027775327,0.0132800825,-0.00016396343
9105178800,9105176424,-0.027777972,0.013279323,-0.00016396445
9105190766,9105187095,-0.027779127,0.013279135,-0.00016397244
9105198486,9105195899,-0.027777987,0.013279911,-0.00016397837
9105209015,9105206580,-0.027777413,0.013280492,-0.00016398824
9105219264,9105216451,-0.027776625,0.013281281,-0.00016399307
9105230103,9105226718,-0.027775759,0.013281998,-0.00016399752
9105239156,9105236558,-0.027776135,0.01328229,-0.00016399803
9105249196,9105246602,-0.027777378,0.013282206,-0.00016400518
9105259767,9105256992,-0.027778648,0.013282062,-0.00016400828
9105269987,9105266617,-0.027782094,0.013280973,-0.00016401405
9105279533,9105277131,-0.027784247,0.013280391,-0.0001640231
9105289001,9105286416,-0.02778332,0.013281006,-0.00016403027
9105299421,9105296625,-0.02778439,0.013280823,-0.00016403385
9105308846,9105306489,-0.027785687,0.01328068,-0.00016403693
9105319303,9105316925,-0.027785946,0.013280906,-0.00016405017
9105329784,9105326964,-0.027789572,0.01327994,-0.0001640615
9105340474,9105337286,-0.027792966,0.013280643,-0.00016407522
9105348865,9105346310,-0.027794166,0.013282256,-0.00016408296
9105359386,9105357002,-0.027796784,0.013282772,-0.00016409103
9105369674,9105366842,-0.027797954,0.013282569,-0.00016409766
9105379000,9105376435,-0.027796913,0.013283223,-0.00016410662
9105389532,9105387120,-0.027797034,0.013283404,-0.00016411542
9105399949,9105397164,-0.027798194,0.013283192,-0.00016412612
9105411442,9105407389,-0.027797258,0.013283915,-0.00016413577
9105418837,9105416286,-0.027798662,0.01328375,-0.00016414032
9105429352,9105426796,-0.027799567,0.013283645,-0.00016414854
9105440552,9105436687,-0.027802741,0.013284231,-0.0001641653
9105450173,9105447591,-0.027806064,0.013284848,-0.00016417439
9105459588,9105457030,-0.027806286,0.013285123,-0.00016418773
9105470027,9105467240,-0.027807418,0.013284986,-0.00016420052
9105481553,9105477485,-0.027806582,0.013285564,-0.00016421189
9105488986,9105486576,-0.02780585,0.01328618,-0.00016422094
9105499411,9105497011,-0.02780841,0.013285488,-0.00016422667
9105509885,9105507285,-0.027809655,0.013285329,-0.00016423168
9105520602,9105517100,-0.027808478,0.01328594,-0.00016424248
9105529232,9105526815,-0.027807329,0.013286599,-0.00016424876
9105540130,9105537507,-0.027808165,0.013286375,-0.00016425486
9105550176,9105547397,-0.027811637,0.01328524,-0.00016425658
9105559761,9105557197,-0.027812837,0.01328509,-0.00016426136
9105569296,9105566921,-0.027812911,0.013285275,-0.00016425911
9105579710,9105576925,-0.027813941,0.01328508,-0.00016427701
9105591410,9105587318,-0.02781505,0.013284871,-0.00016428657
9105599804,9105597447,-0.027818797,0.013283659,-0.00016429147
9105609448,9105607022,-0.027821567,0.013282834,-0.0001642956
9105620201,9105617364,-0.027822692,0.013282692,-0.00016429613
9105629865,9105627214,-0.027821569,0.013283378,-0.00016430314
9105640518,9105637889,-0.027822433,0.01328475,-0.00016430632
9105649822,9105647066,-0.02782143,0.013285482,-0.00016431184
9105661448,9105657585,-0.027818514,0.013285297,-0.00016431745
9105669865,9105667313,-0.027816342,0.013284582,-0.00016431557
9105679557,9105676940,-0.02781724,0.013283004,-0.0001643107
9105691062,9105687166,-0.027820347,0.013281998,-0.00016431969
9105700746,9105696998,-0.027824128,0.013280872,-0.0001643241
9105710204,9105707843,-0.027827235,0.013279903,-0.00016432838
9105719631,9105716868,-0.027830241,0.013278928,-0.00016432854
9105731147,9105727782,-0.027831225,0.0132787535,-0.0001643323
9105740400,9105737823,-0.027831286,0.0132789835,-0.00016433204
9105749803,9105747448,-0.027832253,0.013278813,-0.00016433504
9105760472,9105757699,-0.027831245,0.013279418,-0.00016433447
9105770938,9105767592,-0.027827883,0.013279218,-0.00016433398
9105780431,9105778024,-0.027823668,0.01327866,-0.00016433351
9105790079,9105787686,-0.027820786,0.013278537,-0.00016432667
9105800740,9105798140,-0.02781787,0.013278411,-0.00016432014
9105809925,9105807339,-0.027816867,0.013279155,-0.0001643088
9105819560,9105816998,-0.027817806,0.01328052,-0.00016430464
9105829975,9105827191,-0.027819047,0.013280435,-0.00016430076
9105840818,9105836762,-0.027822474,0.013279422,-0.0001643007
9105849867,9105847307,-0.02782611,0.013278392,-0.00016430413
9105860320,9105857941,-0.027831089,0.013276791,-0.00016430719
9105870798,9105867978,-0.02783448,0.013274016,-0.0001643064
9105880563,9105878007,-0.027833464,0.013272998,-0.00016430237
9105890020,9105887440,-0.027832458,0.013273665,-0.0001643053
9105900479,9105897688,-0.027831446,0.013274283,-0.00016430471
9105911959,9105908107,-0.027830329,0.013274967,-0.00016430764
9105920415,9105918054,-0.027831273,0.013276589,-0.00016430681
9105929869,9105927309,-0.027828613,0.0132764345,-0.00016430301
9105941338,9105937656,-0.02782573,0.013276312,-0.00016429926
9105950841,9105948483,-0.027822357,0.013276224,-0.00016430294
9105960382,9105957811,-0.027822377,0.013274905,-0.00016429328
9105970896,9105968338,-0.027823394,0.013273134,-0.00016428712
9105981378,9105978223,-0.027824502,0.013272948,-0.00016428198
9105989771,9105987209,-0.027826866,0.013272266,-0.00016427778
9105999981,9105997565,-0.027827743,0.013272121,-0.0001642735
9106010633,9106007783,-0.027828937,0.013271997,-0.00016426637
9106021093,9106017902,-0.027830169,0.013271864,-0.00016426346
9106030474,9106028113,-0.027829163,0.013272609,-0.00016426425
9106041071,9106038473,-0.027828263,0.013273276,-0.0001642684
9106051563,9106048411,-0.027827252,0.013274031,-0.000164262
9106059953,9106057411,-0.027826143,0.013274717,-0.00016425984
9106070517,9106068140,-0.027825251,0.013275263,-0.00016426109
9106080947,9106078355,-0.02782414,0.013275955,-0.00016426554
9106091445,9106087949,-0.027823042,0.013276636,-0.00016426606
9106100834,9106098480,-0.027821992,0.013277349,-0.00016426308
9106110285,9106107918,-0.027823089,0.013277224,-0.0001642607
9106120907,9106118054,-0.027824093,0.013277049,-0.00016426179
9106130387,9106127830,-0.027822971,0.013277737,-0.00016425947
9106140935,9106138348,-0.027824843,0.013278635,-0.00016426423
9106151321,9106148539,-0.0278283,0.01327761,-0.00016426832
9106161780,9106158339,-0.027831702,0.013276603,-0.00016427835
9106170244,9106167879,-0.027835,0.013275539,-0.00016428069
9106180739,9106178123,-0.027837677,0.013274672,-0.00016428971
9106192136,9106188214,-0.027841087,0.013273668,-0.0001642976
9106201593,9106198145,-0.027842382,0.013273525,-0.0001643012
9106210373,9106207934,-0.027841505,0.013274223,-0.00016430435
9106220746,9106218164,-0.027840642,0.013274849,-0.00016430728
9106232162,9106228710,-0.0278417,0.0132746585,-0.00016430994
9106240598,9106238029,-0.027842935,0.013274486,-0.00016431205
9106250997,9106248640,-0.027843896,0.013274378,-0.00016431767
9106261621,9106259049,-0.027844947,0.01327419,-0.00016432254
9106272074,9106268168,-0.027848383,0.013273171,-0.00016432331
9106280429,9106278057,-0.027851593,0.013273855,-0.00016433393
9106291034,9106288200,-0.027854292,0.013273047,-0.0001643436
9106302476,9106298785,-0.027857715,0.01327203,-0.000164349
9106310855,9106308305,-0.02785981,0.013271445,-0.0001643597
9106321378,9106319022,-0.027860643,0.013271306,-0.0001643668
9106330748,9106327983,-0.027861672,0.013271119,-0.00016437212
9106342250,9106338382,-0.027860714,0.013271792,-0.00016437759
9106350654,9106348101,-0.02786097,0.013272096,-0.00016438215
9106361093,9106358713,-0.02786356,0.01327125,-0.00016439354
9106371632,9106368817,-0.027864585,0.013269322,-0.00016439981
9106381243,9106378682,-0.027865734,0.013267423,-0.00016439869
9106390662,9106388308,-0.027868925,0.013266557,-0.00016440093
9106401742,9106398877,-0.027869942,0.013266453,-0.00016439961
9106413269,9106408733,-0.027870769,0.013268038,-0.00016440179
9106420808,9106418246,-0.027875077,0.013270158,-0.00016440685
9106431371,9106428741,-0.027877213,0.013270596,-0.0001644222
9106442798,9106439118,-0.027878212,0.013270412,-0.00016443564
9106452317,9106448764,-0.027881447,0.013271078,-0.00016444677
9106460832,9106458451,-0.02788437,0.013270889,-0.00016445351
9106471630,9106468848,-0.027886959,0.01327003,-0.0001644668
9106482108,9106478958,-0.02789024,0.013268947,-0.00016447488
9106490554,9106487966,-0.027887834,0.013268359,-0.00016448136
9106501056,9106498475,-0.02788694,0.01326897,-0.00016449152
9106511506,9106508722,-0.027885815,0.013269728,-0.00016450029
9106521981,9106518329,-0.027884576,0.013270417,-0.00016451406
9106531459,9106529081,-0.027883405,0.013271145,-0.00016451698
9106541318,9106538504,-0.027882393,0.013271823,-0.00016452243
9106552481,9106549127,-0.027883327,0.013271652,-0.00016452433
9106560935,9106558355,-0.027883392,0.013271076,-0.00016452892
9106571400,9106569047,-0.027884282,0.013269554,-0.0001645336
9106581891,9106579306,-0.027885377,0.013269431,-0.00016453417
9106592389,9106588736,-0.027886355,0.013269252,-0.00016453463
9106601145,9106598761,-0.027886221,0.013269621,-0.00016453509
9106611701,9106609140,-0.027887037,0.01326947,-0.00016454238
9106622155,9106619361,-0.02789036,0.0132684605,-0.00016454195
9106632036,9106629448,-0.027893798,0.013267518,-0.00016454828
9106641484,9106638906,-0.027897013,0.013266631,-0.00016455042
9106651965,9106649372,-0.027896008,0.0132657355,-0.00016454906
9106662425,9106658949,-0.027892562,0.013265565,-0.00016454794
9106671066,9106668675,-0.027891433,0.013266326,-0.00016455016
9106681556,9106679166,-0.027890407,0.013266908,-0.00016454882
9106692978,9106689322,-0.027889168,0.0132676065,-0.00016454767
9106701334,9106698763,-0.027887942,0.0132684335,-0.00016454356
9106711499,9106708884,-0.027887134,0.013269083,-0.000164543
9106721910,9106719136,-0.027886098,0.013269843,-0.0001645459
9106732442,9106729487,-0.027884876,0.013270533,-0.00016454505
9106741001,9106738436,-0.02788364,0.01327029,-0.0001645444
9106751541,9106749171,-0.027882637,0.013269421,-0.00016454372
9106761950,9106759374,-0.027881393,0.013270116,-0.00016453974
9106771734,9106769166,-0.027882377,0.013269938,-0.00016454289
9106781529,9106779120,-0.027882257,0.013270233,-0.00016454572
9106792044,9106789187,-0.027879266,0.0132701695,-0.00016454827
9106803524,9106799476,-0.027875958,0.013270048,-0.00016454716
9106811158,9106808561,-0.027878363,0.01326933,-0.0001645524
9106821561,9106819186,-0.027880521,0.013269777,-0.00016454727
9106832267,9106829669,-0.027881274,0.0132712545,-0.00016454626
9106841766,9106838259,-0.027880017,0.013271957,-0.00016454842
9106851665,9106849307,-0.027883772,0.013272094,-0.00016454722
9106862472,9106860057,-0.02788679,0.013271093,-0.00016456393
9106872547,9106869740,-0.027887795,0.013270907,-0.00016456765
9106883047,9106879142,-0.027888728,0.013270731,-0.00016456774
9106892166,9106889514,-0.027889702,0.013270554,-0.00016457126
9106901930,9106899373,-0.027890544,0.013270395,-0.00016457423
9106912874,9106909393,-0.027889494,0.013271094,-0.00016457358
9106921278,9106918717,-0.027888311,0.0132718785,-0.00016457928
9106931770,9106929164,-0.02788919,0.013271778,-0.00016458148
9106943238,9106939553,-0.027892385,0.013270713,-0.00016458685
9106952755,9106949068,-0.027893435,0.013270516,-0.00016459124
9106962234,9106959846,-0.027892297,0.013271147,-0.00016458852
9106972753,9106969937,-0.027893284,0.013271032,-0.00016459297
9106983182,9106979712,-0.027894255,0.013270856,-0.00016459682
9106991646,9106989223,-0.02789079,0.013270657,-0.00016459379
9107001797,9106999429,-0.027891468,0.013270461,-0.00016460106
9107013030,9107010258,-0.02789634,0.013270143,-0.00016460786
9107021835,9107018888,-0.027901983,0.013269921,-0.00016460984
9107032389,9107030015,-0.027904777,0.013269101,-0.00016461207
9107042970,9107040169,-0.027907956,0.013268041,-0.00016461387
9107053642,9107049984,-0.027908897,0.013267864,-0.00016461215
9107062143,9107059567,-0.027909962,0.013267743,-0.00016461706
9107071560,9107069005,-0.027909014,0.013268356,-0.00016462138
9107082518,9107079903,-0.027907958,0.013269032,-0.00016462218
9107093004,9107089527,-0.027908934,0.013268846,-0.0001646228
9107102479,9107100072,-0.02790865,0.013269147,-0.00016463737
9107112775,9107110197,-0.027909495,0.01326899,-0.00016464305
9107123261,9107120083,-0.027910514,0.01326887,-0.00016464798
9107131758,9107129177,-0.027907101,0.013443595,-0.00016464593
9107142358,9107139959,-0.027906056,0.013605027,-0.00016464735
9107152748,9107150128,-0.027904766,0.013796459,-0.00016464517
9107163446,9107159960,-0.027903508,0.0139770415,-0.00016464984
9107171581,9107169232,-0.02790347,0.0141512435,-0.00016465067
9107182103,9107179549,-0.027904296,0.014315186,-0.00016465149
9107193548,9107189681,-0.027905235,0.014497529,-0.0001646522
9107203076,9107199211,-0.02791083,0.014676487,-0.0001646528
9107212690,9107210126,-0.027912555,0.014843663,-0.0001646606
9107223085,9107220474,-0.027913397,0.015036575,-0.00016466713
9107233563,9107229869,-0.027912222,0.015220367,-0.0001646693
9107241992,9107239611,-0.027911048,0.015387316,-0.00016467455
9107252495,9107249934,-0.027910108,0.015560262,-0.00016467947
9107262906,9107260132,-0.027908823,0.01574359,-0.0001646804
9107272391,9107270043,-0.02790755,0.015924705,-0.00016468781
9107281846,9107279292,-0.027907487,0.016100256,-0.0001646909
9107292364,9107289571,-0.027910322,0.01626295,-0.00016469393
9107304060,9107299976,-0.027911259,0.016442867,-0.00016468976
9107312254,9107309646,-0.02791126,0.016626317,-0.00016468953
9107322679,9107320097,-0.027911985,0.016797233,-0.0001646893
9107333116,9107330335,-0.027910706,0.016982796,-0.00016468571
9107342737,9107339532,-0.027909528,0.017164648,-0.00016468592
9107352471,9107349905,-0.027908394,0.01732802,-0.00016468612
9107362907,9107360125,-0.027909258,0.01751137,-0.0001646863
9107374384,9107370540,-0.027910175,0.017691996,-0.00016468645
9107381816,9107379250,-0.027912484,0.017875545,-0.00016468657
9107392419,9107389856,-0.02791478,0.018028917,-0.0001646902
9107402931,9107400132,-0.027915953,0.018216467,-0.0001646899
9107413449,9107409984,-0.027916983,0.018398115,-0.00016469622
9107422852,9107420303,-0.027918918,0.01857181,-0.00016469865
9107432254,9107429871,-0.027917853,0.018755013,-0.00016470067
9107443725,9107439851,-0.027916785,0.01892494,-0.00016470918
9107453213,9107450863,-0.027915362,0.019102251,-0.00016471019
9107462942,9107460378,-0.027914194,0.019297693,-0.00016471415
9107472816,9107470229,-0.027912991,0.019466678,-0.00016471451
9107483392,9107480040,-0.027911773,0.019641621,-0.0001647181
9107491806,9107489254,-0.027910467,0.019815912,-0.00016471803
9107502319,9107499905,-0.027911214,0.019978803,-0.00016471796
9107512879,9107510235,-0.02791225,0.020167133,-0.00016472132
9107522526,9107520090,-0.027911063,0.020350663,-0.0001647209
9107533145,9107530719,-0.027910974,0.020525306,-0.00016472049
9107542817,9107539989,-0.02791202,0.020713259,-0.00016472329
9107554441,9107550548,-0.027910937,0.020877983,-0.0001647226
9107562898,9107560539,-0.027910795,0.021065146,-0.000164732
9107573389,9107570807,-0.027911635,0.021241847,-0.00016473375
9107582776,9107580217,-0.027912678,0.021423422,-0.00016473833
9107593279,9107589809,-0.02791155,0.021588998,-0.0001647425
9107602701,9107600323,-0.027908212,0.021757673,-0.00016473957
9107613138,9107610348,-0.02790916,0.021943592,-0.0001647371
9107623974,9107619931,-0.027907996,0.022121713,-0.00016473499
9107632084,9107629700,-0.02790678,0.022292055,-0.00016473306
9107642929,9107640355,-0.028269034,0.022465453,-0.0001648227
9107653287,9107650727,-0.028666288,0.022653867,-0.00016500452
9107662750,9107659603,-0.02905517,0.022836413,-0.0001652332
9107673317,9107670734,-0.029386144,0.022993332,-0.0001655745
9107682674,9107680090,-0.029801138,0.023190163,-0.00016592766
9107694054,9107690399,-0.030149903,0.023355544,-0.00016636055
9107702571,9107699979,-0.030534303,0.023537751,-0.00016681085
9107713009,9107710436,-0.030890431,0.02370743,-0.00016733694
9107723562,9107720936,-0.031280126,0.023892215,-0.00016790403
9107734002,9107730616,-0.031669464,0.024078753,-0.00016846716
9107743436,9107740866,-0.032029398,0.0242503,-0.00016908301
9107752838,9107750272,-0.03240946,0.024430716,-0.00016967766
9107763244,9107760672,-0.03275814,0.024596203,-0.00017034527
9107772680,9107770120,-0.03314606,0.02478014,-0.00017097831
9107783151,9107780743,-0.03349636,0.024947975,-0.0001717014
9107793594,9107790790,-0.033890124,0.02513662,-0.00017240671
9107805359,9107801272,-0.03426246,0.025315084,-0.00017315324
9107812767,9107810206,-0.03465335,0.025500387,-0.00017381244
9107823215,9107820837,-0.034986313,0.025658384,-0.00017459466
9107833613,9107830840,-0.035382573,0.025846314,-0.00017534297
9107843163,9107840518,-0.035755374,0.026024839,-0.00017608103
9107853551,9107850957,-0.036116086,0.026196677,-0.00017687728
9107864255,9107861254,-0.036507543,0.026380416,-0.00017767465
9107874895,9107871249,-0.036891595,0.026562499,-0.00017845363
9107883373,9107881012,-0.03726205,0.026740065,-0.00017922137
9107893951,9107891342,-0.03762592,0.026912685,-0.00018003963
9107903257,9107900698,-0.038011193,0.027095359,-0.00018079234
9107913884,9107910721,-0.03835816,0.027261589,-0.00018159143
9107923352,9107920769,-0.038729653,0.027439663,-0.00018239864
9107933801,9107931419,-0.0391042,0.027617328,-0.00018324745
9107944301,9107940378,-0.03950124,0.027805619,-0.00018397805
9107953736,9107951154,-0.03983317,0.027964858,-0.00018483649
9107963133,9107960750,-0.040235776,0.028155021,-0.00018561742
9107973717,9107970905,-0.04059363,0.028324729,-0.00018644318
9107984220,9107981020,-0.040972423,0.028504316,-0.00018726732
9107993575,9107991024,-0.04134858,0.028683644,-0.00018807783
9108003050,9108000674,-0.04172164,0.028860575,-0.00018887069
9108013461,9108010883,-0.04208155,0.029031236,-0.00018970115
9108022902,9108020348,-0.04246016,0.02921265,-0.0001904755
9108033485,9108031090,-0.04281318,0.029380042,-0.0001913461
9108044200,9108041396,-0.04321383,0.02957002,-0.00019219393
9108054877,9108051220,-0.04359828,0.02975228,-0.00019300009
9108063557,9108061179,-0.04396487,0.029926036,-0.0001938231
9108074138,9108071568,-0.04433431,0.030102856,-0.00019467731
9108084098,9108081491,-0.044719502,0.030287422,-0.00019549108
9108093559,9108090952,-0.045087412,0.030463703,-0.00019628408
9108104049,9108101425,-0.04543834,0.030631857,-0.00019714014
9108114407,9108111642,-0.045826737,0.030817982,-0.00019797847
9108124924,9108121747,-0.046205506,0.030999515,-0.00019881243
9108133279,9108130722,-0.04658128,0.031178657,-0.0001995655
9108143996,9108141416,-0.04691603,0.031337477,-0.0002004371
9108156720,9108153900,-0.047312595,0.031527553,-0.00020144423
9108164082,9108161485,-0.04777537,0.03174939,-0.00020208987
9108173549,9108171190,-0.048059598,0.03188414,-0.00020289412
9108184289,9108181534,-0.048421554,0.032056574,-0.00020375161
9108194707,9108191032,-0.048807263,0.032239527,-0.00020454278
9108203153,9108200786,-0.04916147,0.032407504,-0.00020535533
9108213666,9108211298,-0.049524285,0.03258043,-0.0002062227
9108224131,9108221310,-0.049918465,0.032765485,-0.00020705337
9108234715,9108231364,-0.050294176,0.032941725,-0.0002078899
9108244181,9108241780,-0.050668113,0.033120092,-0.00020874532
9108253552,9108251154,-0.051054478,0.033305112,-0.00020952454
9108263942,9108261347,-0.051402085,0.03347168,-0.00021036339
9108273472,9108270896,-0.051780008,0.033652827,-0.00021116147
9108283935,9108281524,-0.05213614,0.03382175,-0.00021203788
9108294331,9108291535,-0.052530356,0.034010664,-0.00021286577
9108305907,9108301652,-0.05290369,0.034187734,-0.00021370118
9108313991,9108311612,-0.053278655,0.034365688,-0.00021452161
9108323566,9108321013,-0.053651597,0.034541205,-0.0002153041
9108334069,9108331514,-0.0540023,0.034707516,-0.00021616316
9108344581,9108342227,-0.054394133,0.03489334,-0.00021704537
9108354042,9108351478,-0.05479599,0.035081975,-0.00021781986
9108364504,9108361723,-0.055143155,0.035244834,-0.00021866338
9108375974,9108371925,-0.055523135,0.035425123,-0.0002195039
9108383560,9108381187,-0.055904157,0.035605658,-0.00022027513
9108394095,9108391676,-0.056249395,0.0357707,-0.00022113924
9108404026,9108401429,-0.056638423,0.035957057,-0.00022194619
9108414334,9108411112,-0.05699823,0.036131117,-0.00022275091
9108423705,9108421152,-0.057357356,0.036303975,-0.0002235813
9108434208,9108431648,-0.05773153,0.036484472,-0.00022444822
9108445633,9108442151,-0.05811876,0.036673415,-0.00022532247
9108454171,9108451535,-0.05850596,0.036861047,-0.00022610632
9108464518,9108462169,-0.05885659,0.0370268,-0.00022698112
9108474969,9108472381,-0.059255265,0.03721412,-0.00022782544
9108485551,9108481888,-0.059638456,0.037393976,-0.00022862066
9108493943,9108491585,-0.05999767,0.037560433,-0.00022943212
9108504565,9108502160,-0.06035938,0.03773205,-0.00023030011
9108514812,9108512098,-0.060753867,0.03791912,-0.0002311221
9108524466,9108521867,-0.06112452,0.038094863,-0.00023193793
9108534068,9108531674,-0.06148687,0.038268458,-0.00023275553
9108544597,9108541986,-0.061850764,0.03844281,-0.00023360945
9108556043,9108551762,-0.062233344,0.038626168,-0.00023442025
9108564572,9108561981,-0.062599234,0.038800426,-0.00023526653
9108574031,9108571457,-0.0629804,0.038981307,-0.00023606067
9108584520,9108581919,-0.06333191,0.039148174,-0.00023691953
9108595002,9108592421,-0.06371778,0.03933151,-0.00023778179
9108604465,9108601867,-0.06410774,0.039517343,-0.00023856384
9108614839,9108612074,-0.064460054,0.039684437,-0.00023940479
9108626349,9108622292,-0.06483859,0.039864115,-0.00024024669
9108633780,9108631415,-0.06521634,0.040043443,-0.00024100163
9108644404,9108642038,-0.06555801,0.040204205,-0.0002418658
9108654390,9108651553,-0.06595646,0.040391188,-0.00024265073
9108664821,9108661452,-0.06631331,0.0405602,-0.00024346382
9108674255,9108671871,-0.06668465,0.04073688,-0.0002443254
9108684763,9108681930,-0.067073375,0.040921222,-0.00024515367
9108695148,9108691450,-0.067446485,0.041099995,-0.00024594564
9108704610,9108702257,-0.06779952,0.041269224,-0.00024683113
9108715132,9108712510,-0.068200566,0.0414612,-0.0002476771
9108724415,9108721662,-0.06858306,0.041642554,-0.0002484416
9108735991,9108731943,-0.06892448,0.04180443,-0.00024929194
9108744439,9108741873,-0.069309644,0.04198572,-0.00025011296
9108754954,9108752593,-0.06968355,0.0421614,-0.00025099487
9108765325,9108762751,-0.07008788,0.042350978,-0.00025183609
9108774821,9108772266,-0.07047124,0.042530607,-0.00025263897
9108784253,9108781670,-0.07082928,0.04269931,-0.00025343167
9108794674,9108791893,-0.07118221,0.042866398,-0.0002542837
9108806181,9108802307,-0.071566306,0.04304645,-0.00025515232
9108814720,9108812324,-0.07195406,0.04323118,-0.00025599392
9108825221,9108822632,-0.07195301,0.043409135,-0.00025675722
9108835628,9108832835,-0.07195383,0.04359145,-0.00025742687
9108845092,9108842530,-0.07195476,0.04377196,-0.00025799085
9108854573,9108852161,-0.07195363,0.043944303,-0.00025849385
9108864984,9108862191,-0.07195237,0.044115447,-0.00025895904
9108876443,9108872583,-0.07195319,0.044115245,-0.00025938536
9108884835,9108882273,-0.07195657,0.044114094,-0.0002597365
9108895291,9108892706,-0.07195919,0.044113312,-0.0002600742
9108904880,9108902286,-0.07196231,0.04411229,-0.00026035093
9108915376,9108912804,-0.071965195,0.044111352,-0.0002606228
9108924792,9108922438,-0.071963914,0.04411034,-0.00026084168
9108935267,9108932471,-0.071964726,0.04411021,-0.00026104748
9108945689,9108942174,-0.07196565,0.04411007,-0.00026122163
9108955153,9108952587,-0.07196875,0.04410906,-0.0002613869
9108964534,9108961983,-0.07197031,0.04410997,-0.00026152027
9108974953,9108972172,-0.071969025,0.044110578,-0.00026165188
9108984558,9108981576,-0.07196761,0.04411125,-0.00026176363
9108994939,9108992572,-0.071966454,0.044111956,-0.00026187484
9109005414,9109002825,-0.07196734,0.04411181,-0.0002619701
9109016901,9109013011,-0.07196814,0.044111613,-0.00026205063
9109025262,9109022904,-0.071970455,0.044110883,-0.0002621202
9109034755,9109032196,-0.07197294,0.04411007,-0.00026217868
9109045558,9109042958,-0.07197563,0.0441091,-0.00026224193
9109056082,9109052572,-0.07197872,0.044107996,-0.0002622891
9109065553,9109063119,-0.0719796,0.044107858,-0.0002623383
9109074984,9109072403,-0.071980394,0.04410774,-0.00026237706
9109085328,9109082779,-0.07197919,0.044108406,-0.00026242228
9109094811,9109092256,-0.07197788,0.044109132,-0.00026245601
9109105250,9109102869,-0.07197667,0.0441098,-0.00026248585
9109115749,9109112957,-0.07197535,0.044110537,-0.000262511
9109126208,9109123024,-0.0719739,0.044111215,-0.00026253663
9109134566,9109132208,-0.07197247,0.044111893,-0.00026256067
9109145063,9109142474,-0.07197141,0.04411247,-0.00026258788
9109155667,9109153035,-0.07197021,0.044113263,-0.0002626091
9109165083,9109162507,-0.07197124,0.044113167,-0.00026262613
9109175527,9109172946,-0.07197302,0.04411269,-0.00026263925
9109185890,9109183123,-0.07197159,0.044113364,-0.0002626506
9109196334,9109192654,-0.071972474,0.04411321,-0.0002626601
9109204754,9109202371,-0.07197336,0.04411307,-0.0002626687
9109215391,9109212843,-0.07197648,0.04411318,-0.00026268038
9109225923,9109223367,-0.07197727,0.04411298,-0.00026268724
9109236511,9109232431,-0.07197581,0.04411366,-0.0002626956
9109245961,9109243602,-0.07197435,0.044114336,-0.00026270465
9109255356,9109252569,-0.071973056,0.044114936,-0.0002627142
9109266843,9109263380,-0.07197177,0.044115536,-0.0002627172
9109275280,9109272713,-0.071970254,0.044116303,-0.00026272263
9109285815,9109283442,-0.07196929,0.04411693,-0.0002627317
9109296240,9109293433,-0.071968086,0.04411771,-0.00026273253
9109306661,9109303187,-0.07196678,0.044118427,-0.00026273652
9109315053,9109312681,-0.07196879,0.044117726,-0.00026274633
9109325813,9109323432,-0.07197101,0.044118196,-0.00026275258
9109336238,9109333647,-0.071971565,0.044119682,-0.00026275785
9109345723,9109343334,-0.07197234,0.04411947,-0.0002627623
9109355157,9109352779,-0.07197389,0.044118937,-0.00026276935
9109365556,9109362763,-0.0719727,0.04411958,-0.00026277264
9109377081,9109373221,-0.07197359,0.044119425,-0.00026277915
9109385522,9109383109,-0.07197708,0.044118315,-0.0002627912
9109395963,9109393579,-0.071977794,0.04411819,-0.00026279557
9109409073,9109406674,-0.07197856,0.044117972,-0.00026280025
9109416360,9109412985,-0.07197856,0.044117972,-0.00026280235
9109425888,9109423513,-0.07337178,0.043313555,-0.00037840678
9109436416,9109433813,-0.0733294,0.043770418,-0.0005775308
9109447069,9109443198,-0.070576504,0.04537618,-0.0006991552
9109455510,9109452755,-0.06942816,0.045526482,-0.0006861467
9109466067,9109463476,-0.071187824,0.044682167,-0.0005818025
9109476611,9109473996,-0.073483765,0.043736402,-0.0005607292
9109486054,9109482683,-0.073502555,0.044363692,-0.00058293756
9109495579,9109493189,-0.071070224,0.045221195,-0.0006144785
9109505913,9109502999,-0.07149936,0.04412673,-0.00056099286
9109517563,9109513834,-0.074189685,0.04275012,-0.00045565196
9109526096,9109523695,-0.07175494,0.043994892,-0.00034909896
9109535936,9109533328,-0.07196459,0.044160236,-0.0002458202
9109546494,9109543879,-0.07353296,0.04378789,-0.00025473535
9109556921,9109553441,-0.07177585,0.044681456,-0.00025994945
9109565640,9109563276,-0.07259231,0.044083383,-0.00030719745
9109575805,9109573209,-0.071834825,0.044128794,-0.00041199336
9109586328,9109583487,-0.07133075,0.044217892,-0.00047426278
9109595787,9109593233,-0.07298535,0.044063315,-0.00045733343
9109606355,9109603737,-0.07266954,0.043785438,-0.00039472632
9109616811,9109614182,-0.07235238,0.043934923,-0.00039313675
9109627240,9109623570,-0.07221572,0.044562668,-0.00045857695
9109635605,9109633054,-0.071479365,0.044104047,-0.00057992595
9109646094,9109643734,-0.070056856,0.04491885,-0.00065061863
9109656843,9109654251,-0.06982523,0.045347955,-0.0007397722
9109666609,9109664016,-0.07407172,0.043625407,-0.00082999736
9109676047,9109673456,-0.0733075,0.04473065,-0.00072231237
9109686446,9109683671,-0.07001047,0.046789356,-0.0005551075
9109695831,9109693266,-0.07156219,0.045423295,-0.0003732423
9109706628,9109704240,-0.07288556,0.044301532,-1.2569653e-06
9109716125,9109713536,-0.07225719,0.045496494,0.00028738013
9109726557,9109723574,-0.07160259,0.044711504,0.00051303353
9109736019,9109733456,-0.07198877,0.04302107,0.00065533456
9109746699,9109744124,-0.07120015,0.044483624,0.0006454234
9109757133,9109754347,-0.07012595,0.045420524,0.00059261237
9109767604,9109764257,-0.06975353,0.04714632,0.00043188274
9109776061,9109773478,-0.0664778,0.050717693,-0.00018038653
9109786597,9109783980,-0.04731554,0.075289205,-0.003544779
9109796988,9109794180,-0.02626113,0.09999822,-0.0089712255
9109807450,9109803790,-0.013756884,0.10704809,-0.011636911
9109815868,9109813508,0.0029318482,0.12650123,-0.011176047
9109826501,9109824101,0.006897241,0.12789142,-0.009765801
9109837021,9109834425,0.0033304961,0.115869574,-0.008112587
9109846537,9109844149,0.0006305715,0.1138099,-0.006099186
9109855958,9109853366,-0.0019001127,0.10778844,-0.0031136647
9109866368,9109863777,-0.01153533,0.087541334,0.0013197456
9109877865,9109874024,-0.035500076,0.06234432,0.0047296607
9109886324,9109883914,-0.057287313,0.04095993,0.0066677597
9109896856,9109894274,-0.065194994,0.029671654,0.00833635
9109906336,9109903515,-0.05936145,0.03628829,0.009538371
9109917280,9109914890,-0.04166336,0.057712544,0.011318404
9109926971,9109924597,-0.024178032,0.07527088,0.013841141
9109936444,9109933669,-0.012027081,0.08555661,0.01683601
9109947963,9109944310,-0.017235015,0.08095602,0.020089423
9109956399,9109953834,-0.022936607,0.0740206,0.022055991
9109966967,9109964591,-0.0101192035,0.08857183,0.0233933
9109976468,9109973714,0.0073585846,0.109659985,0.02462798
9109986957,9109984606,0.0120687075,0.109894425,0.026312662
9109996569,9109994144,0.012427931,0.106493875,0.027471257
9110007160,9110004336,0.0036123665,0.096635915,0.028222304
9110017867,9110014704,-0.009984104,0.08060543,0.028315865
9110026263,9110023704,-0.015611735,0.071914226,0.02796912
9110036771,9110034418,-0.015026054,0.07279457,0.027381368
9110047250,9110044641,-0.017555162,0.0724268,0.02639488
9110057727,9110053828,-0.014555287,0.07445559,0.02549564
9110067156,9110064769,-0.0133339185,0.07463935,0.024639985
9110077639,9110074239,-0.014451439,0.073542036,0.023836441
9110086333,9110083528,-0.007191861,0.07940301,0.023520626
9110096793,9110094410,-0.00046531367,0.08483228,0.02386008
9110107296,9110104705,0.0070407894,0.09095878,0.02465024
9110116665,9110113846,0.01137563,0.09796415,0.025712436
9110128164,9110124489,0.015077998,0.095424764,0.026943393
9110136543,9110134195,0.013318367,0.091451295,0.027027585
9110146824,9110144207,0.0026341435,0.09189332,0.02563141
9110157166,9110154570,0.0073440243,0.09444914,0.023416754
9110166787,9110164169,0.032144554,0.12774508,0.019747067
9110177327,9110174962,0.06270636,0.16745584,0.013734521
9110186714,9110184158,0.0696395,0.16660729,0.008863395
9110198281,9110194412,0.04584139,0.1292186,0.0057277875
9110206681,9110204320,0.031505123,0.100463286,0.0051456355
9110217164,9110214582,0.019018399,0.097088024,0.004941536
9110227587,9110225013,0.011785073,0.10941683,0.0032740384
9110237050,9110234695,0.010373352,0.12007374,0.0004524875
9110246510,9110243926,-0.0032388512,0.115009956,-0.0026740134
9110257082,9110254295,-0.012909701,0.09747506,-0.0057327347
9110268617,9110264746,-0.012514835,0.0835235,-0.007944964
9110277031,9110274668,-0.005607034,0.087262675,-0.009439054
9110287478,9110284908,-0.007366295,0.10117364,-0.010530912
9110296832,9110294078,-0.02566081,0.11112558,-0.011542354
9110307368,9110304020,-0.037948854,0.12179944,-0.012897557
9110316788,9110314441,-0.042172156,0.13694172,-0.014014498
9110327339,9110324706,-0.04511976,0.1574766,-0.014700955
9110338855,9110335163,-0.050393146,0.17232516,-0.0149593325
9110347202,9110344644,-0.059376374,0.18407936,-0.014782308
9110356627,9110354263,-0.067086786,0.20213789,-0.01450816
9110367011,9110364447,-0.07467924,0.20946842,-0.01416419
9110377555,9110373860,-0.08214153,0.21418272,-0.013759952
9110386953,9110384400,-0.090861335,0.22205637,-0.013149113
9110397532,9110395100,-0.1130434,0.2209886,-0.013201674
9110407045,9110404464,-0.14354643,0.2193487,-0.014867299
9110416781,9110414368,-0.1577684,0.21383333,-0.017638173
9110427749,9110425352,-0.15170386,0.19577284,-0.020694697
9110437109,9110434557,-0.12680694,0.16883996,-0.022729434
9110448805,9110444948,-0.09571517,0.14588404,-0.02375882
9110457214,9110454861,-0.06866865,0.12058097,-0.023868993
9110467710,9110465118,-0.044374675,0.09718171,-0.023604674
9110477111,9110474540,-0.013465919,0.07911861,-0.022816177
9110487620,9110485061,-0.001611881,0.08346173,-0.02111245
9110497055,9110494695,-0.011668742,0.08069418,-0.01928858
9110507683,9110504861,-0.025383947,0.07112492,-0.01760287
9110519378,9110515246,-0.020334927,0.07491123,-0.01587802
9110527044,9110524444,-0.010904061,0.09184241,-0.013987776
9110537817,9110535448,-0.024811285,0.112691805,-0.011509579
9110547458,9110544874,-0.052118488,0.13608941,-0.009802681
9110557463,9110555100,-0.07089927,0.14675257,-0.008580852
9110568070,9110565651,-0.07699711,0.14884715,-0.007550163
9110578493,9110575502,-0.081195496,0.15203978,-0.006572768
9110588859,9110584774,-0.08921028,0.15259539,-0.0057443576
9110597568,9110595157,-0.086412095,0.15250811,-0.005097967
9110607043,9110604459,-0.07917641,0.1603775,-0.004694074
9110617436,9110614862,-0.08504945,0.16709097,-0.0044059437
9110628167,9110624979,-0.09771162,0.17165363,-0.0043602227
9110637581,9110635225,-0.10213503,0.17139238,-0.004791984
9110648121,9110645332,-0.095900655,0.16136503,-0.0055530984
9110658612,9110655467,-0.08051072,0.14083599,-0.0061009107
9110667054,9110664674,-0.05997651,0.113875106,-0.0061208806
9110677551,9110675149,-0.04099145,0.0961874,-0.005545656
9110688439,9110685855,-0.027680099,0.09148552,-0.004489976
9110698280,9110694621,-0.027621707,0.104689,-0.0035999976
9110707665,9110705107,-0.0462464,0.12280677,-0.0029952996
9110718176,9110715572,-0.06570524,0.13148744,-0.0028528399
9110727558,9110724998,-0.06936141,0.13952719,-0.0029160802
9110738070,9110735511,-0.0595405,0.1429964,-0.0028837177
9110747510,9110745150,-0.052826293,0.14256565,-0.002560647
9110757960,9110755179,-0.05684085,0.14249307,-0.0021469449
9110769615,9110765526,-0.0664333,0.14193569,-0.0018878717
9110778024,9110775662,-0.07294694,0.13869943,-0.0016334294
9110787450,9110784891,-0.07418298,0.1397406,-0.0012324294
9110797956,9110795395,-0.07559135,0.14121045,-0.0007112433
9110808466,9110805904,-0.08100993,0.13580947,-0.00018338882
9110817889,9110815337,-0.08429373,0.13042872,0.00031084893
9110828384,9110825998,-0.080862775,0.12895608,0.00086112035
9110839918,9110835818,-0.07457634,0.12964502,0.0013530399
9110847488,9110844926,-0.072861806,0.13136277,0.0018172818
9110858025,9110855637,-0.076944634,0.13464038,0.0022572938
9110868560,9110865952,-0.08234674,0.13472748,0.0022741402
9110877951,9110874979,-0.07870404,0.13103472,0.0020469073
9110888444,9110885862,-0.06346033,0.12769966,0.0017919688
9110897786,9110895026,-0.047571056,0.11814711,0.001600748
9110909327,9110905974,-0.042798698,0.11742874,0.0013349669
9110917759,9110915370,-0.039879486,0.11773598,0.0009799951
9110928463,9110925883,-0.04432373,0.11170506,0.00037788675
9110938252,9110935445,-0.04655195,0.108952105,-0.0003464638
9110948818,9110945663,-0.043478698,0.10712398,-0.0011023142
9110958248,9110955685,-0.039996833,0.10262637,-0.0016908714
9110967631,9110965072,-0.034848664,0.100908324,-0.0020937207
9110978166,9110975588,-0.03549419,0.103366144,-0.0023636485
9110987609,9110985056,-0.046015274,0.11210068,-0.0024225432
9110998092,9110995510,-0.057124283,0.11939912,-0.0024829074
9111008631,9111005849,-0.062003657,0.11966848,-0.0026162653
9111019178,9111015667,-0.05509168,0.11338366,-0.0026832498
9111027706,9111025311,-0.042763088,0.1070922,-0.0027256042
9111038177,9111035583,-0.04157108,0.105647676,-0.0025425726
9111048626,9111046021,-0.045387562,0.103572905,-0.0024326723
9111058016,9111055466,-0.041395485,0.10140696,-0.00267943
9111068557,9111066171,-0.03321869,0.09939037,-0.0028537
9111079052,9111076246,-0.027915448,0.09534395,-0.0030075598
9111089646,9111086170,-0.024132898,0.09158459,-0.0033708669
9111098026,9111095482,-0.013466805,0.09132999,-0.003704478
9111108863,9111106368,-0.008728614,0.091455825,-0.0040168217
9111118188,9111115634,-0.010020179,0.08668428,-0.0042349007
9111128767,9111126223,-0.0062019946,0.0818135,-0.0045045135
9111138259,9111135898,0.001978553,0.07484195,-0.004636241
9111148783,9111145968,0.0029266342,0.07160008,-0.004682747
9111160239,9111156358,-0.00016470056,0.070655756,-0.005028426
9111167712,9111165337,0.00030589438,0.06954083,-0.005378912
9111178211,9111175832,0.004271735,0.07589557,-0.005520544
9111188568,9111185813,0.0030543203,0.08776912,-0.005690746
9111199254,9111195881,-0.0036376892,0.09382252,-0.0060538882
9111208762,9111206354,-0.0031201402,0.09047201,-0.0063614068
9111218133,9111215562,0.004900545,0.08701348,-0.006507239
9111228561,9111225766,0.008572979,0.082193196,-0.0065080333
9111237972,9111235422,0.0071962704,0.07703704,-0.0063104345
9111248461,9111246109,0.0060204235,0.07639629,-0.0061111497
9111258847,9111256291,0.01132387,0.0770273,-0.006047802
9111269386,9111266026,0.016863115,0.07934701,-0.005845665
9111278996,9111276599,0.009784312,0.08246972,-0.0057490426
9111288427,9111285846,0.00014809333,0.08553783,-0.0060377964
9111298900,9111296315,0.0066711092,0.08352199,-0.0063986243
9111308337,9111305779,0.023045104,0.07907658,-0.006537849
9111318775,9111316189,0.031106465,0.07896793,-0.006339135
9111329286,9111326478,0.026771585,0.08161871,-0.0060344147
9111339813,9111336446,0.01889914,0.08447867,-0.005985618
9111348334,9111345974,0.010911573,0.08739214,-0.006073649
9111358905,9111356490,0.0059744585,0.08361942,-0.006280349
9111369344,9111366532,0.016429313,0.072142065,-0.006435366
9111378737,9111376176,0.039140128,0.065620616,-0.0062254984
9111389256,9111386644,0.04911686,0.06374893,-0.005500547
9111399605,9111396649,0.044349626,0.060769007,-0.00462557
9111410094,9111406642,0.038510114,0.05802548,-0.0040873415
9111418528,9111415950,0.03847436,0.05366976,-0.00396616
9111428985,9111426567,0.03871024,0.05357671,-0.004045696
9111439490,9111436686,0.044287585,0.051107768,-0.004305543
9111449348,9111445964,0.0574116,0.04100334,-0.004605791
9111458823,9111456463,0.06951533,0.034540266,-0.004630282
9111469350,9111466585,0.07681533,0.031935256,-0.0043845824
9111479859,9111476873,0.07270098,0.028979272,-0.0041797794
9111488231,9111485859,0.06912956,0.027311094,-0.0040455074
9111498750,9111496333,0.07186977,0.029877141,-0.004091422
9111509220,9111506396,0.07808153,0.036047436,-0.0044152183
9111519879,9111516481,0.08390334,0.03892171,-0.0046993326
9111528417,9111526031,0.037785895,0.056280456,-0.005233656
9111539293,9111536875,-0.0859102,0.10928206,-0.008696565
9111549161,9111546558,-0.07735879,0.11065996,-0.012260375
9111558630,9111556075,0.042352542,0.07800184,-0.012826984
9111569205,9111566599,0.024137095,0.098925754,-0.012766604
9111579828,9111576999,0.028303217,0.094540015,-0.012600713
9111590277,9111586787,0.038107183,0.08762121,-0.012219082
9111598766,9111596188,0.022355735,0.08815207,-0.011775997
9111609330,9111606727,0.027594626,0.08004548,-0.010825352
9111620113,9111617264,0.017108493,0.07788118,-0.010166842
9111629816,9111627172,0.014476868,0.06948067,-0.009686926
9111639187,9111636615,0.010207267,0.06965022,-0.009488332
9111649877,9111646888,0.0062046503,0.06890729,-0.009762011
9111660358,9111657011,0.002268867,0.06558307,-0.010389615
9111668793,9111666203,-0.00017096708,0.06267643,-0.01112017
9111679227,9111676642,0.00066248,0.063800275,-0.011789031
9111689614,9111687035,0.001958286,0.06830883,-0.0124412365
9111700156,9111697549,0.0006478474,0.066773556,-0.013331906
9111709837,9111707248,-0.0009841782,0.063903585,-0.013645934
9111719425,9111716647,-0.0003711921,0.060533214,-0.01304327
9111730909,9111727255,-0.0048647383,0.053858023,-0.011688662
9111739314,9111736932,-0.003063383,0.05989472,-0.010385716
9111749820,9111747220,0.0029906514,0.068917006,-0.009482267
9111759153,9111756369,-0.006161727,0.061414868,-0.009082608
9111769655,9111766179,-0.012389474,0.059117198,-0.009316757
9111779039,9111776669,-0.009664156,0.06273473,-0.009970625
9111789548,9111787139,-0.0077996063,0.062548615,-0.010167441
9111800130,9111797528,-0.003485978,0.06716187,-0.009905813
9111809628,9111807041,-0.015461467,0.05863618,-0.00983374
9111818999,9111816445,-0.032674253,0.043524403,-0.010419641
9111830352,9111827599,-0.028922517,0.048052497,-0.0116864275
9111840928,9111837039,-0.031882793,0.046609215,-0.013187834
9111849273,9111846925,-0.046458706,0.038067117,-0.016044807
9111859744,9111857363,-0.07282249,0.015260778,-0.02092819
9111870146,9111867364,-0.09493077,-0.0126180425,-0.025687896
9111879970,9111877330,-0.08603914,-0.007376002,-0.028447343
9111889994,9111887565,-0.06877892,0.013711175,-0.030049484
9111900389,9111897400,-0.056605987,0.031625576,-0.031539217
9111910857,9111907410,-0.05140338,0.043075524,-0.032547325
9111919245,9111916886,-0.053596675,0.04570904,-0.033310708
9111930025,9111927670,-0.059854716,0.03813736,-0.03440845
9111939388,9111936634,-0.0577222,0.039920866,-0.034779705
9111949936,9111947362,-0.05407464,0.046315078,-0.034818076
9111959324,9111956748,-0.053445823,0.048251133,-0.03479949
9111970073,9111967089,-0.050613903,0.05229781,-0.03433338
9111981549,9111977691,-0.05033042,0.054742727,-0.03425319
9111989010,9111986626,-0.04870572,0.05865289,-0.034750972
9111999495,9111997123,-0.044661112,0.064946,-0.035936076
9112010115,9112007348,-0.046661466,0.06552023,-0.038083177
9112020601,9112017153,-0.057912335,0.056866646,-0.04091246
9112030039,9112027478,-0.072895996,0.041433867,-0.044871073
9112039505,9112037141,-0.086269185,0.023687983,-0.048864454
9112051124,9112047713,-0.09096229,0.017366238,-0.052088056
9112059501,9112056946,-0.071680374,0.03888609,-0.05343392
9112069985,9112067593,-0.025100056,0.09005797,-0.05061516
9112080415,9112077828,-0.0168261,0.09907213,-0.04523643
9112090904,9112087447,-0.051382173,0.06080031,-0.0416162
9112100313,9112097960,-0.054540087,0.05954984,-0.038043942
9112109795,9112107241,-0.050588906,0.066329844,-0.03500016
9112120265,9112117669,-0.051667582,0.065084495,-0.03231109
9112129794,9112127181,-0.051679846,0.06379358,-0.030128118
9112140443,9112138053,-0.05771938,0.05689142,-0.028198548
9112150848,9112148058,-0.059599116,0.05589384,-0.026671479
9112161332,9112157666,-0.05739873,0.060593702,-0.024812343
9112169779,9112167417,-0.051991865,0.06635099,-0.022390742
9112180257,9112177666,-0.053775992,0.062327474,-0.01989086
9112190652,9112188072,-0.059598748,0.05747779,-0.01715663
9112200172,9112197571,-0.056193728,0.061922528,-0.014205172
9112209665,9112207073,-0.051098123,0.066154115,-0.0107596
9112220530,9112217736,-0.055378195,0.061225504,-0.0066747004
9112231168,9112227468,-0.060699582,0.053200588,-0.0025807898
9112239562,9112237007,-0.060224745,0.05030109,0.002373607
9112250042,9112247489,-0.061697893,0.051868755,0.008360181
9112260442,9112257865,-0.070180155,0.044125788,0.014611998
9112270920,9112267260,-0.090822436,0.022840055,0.019977383
9112280184,9112277622,-0.09854555,0.022058783,0.021903286
9112290618,9112288045,-0.06736021,0.058664445,0.020864908
9112302110,9112298063,-0.052046202,0.07405512,0.020201046
9112309642,9112307252,-0.075199865,0.049773827,0.017449152
9112320095,9112317695,-0.09150303,0.032897722,0.010730047
9112330527,9112327940,-0.12223117,0.0011686627,0.00041693076
9112339987,9112336814,-0.12983166,-0.0071838833,-0.010076695
9112350468,9112348082,-0.093765154,0.028642152,-0.016751062
9112359797,9112357444,-0.05575373,0.07368115,-0.01646805
9112370282,9112367685,-0.04065483,0.09519508,-0.0156709
9112379753,9112377402,-0.057425626,0.07315493,-0.015379047
9112390358,9112387929,-0.07313011,0.05583623,-0.015172289
9112400853,9112398036,-0.073690146,0.056826342,-0.015620641
9112411377,9112407865,-0.06741695,0.060912393,-0.016327664
9112420756,9112418368,-0.06879466,0.059653603,-0.017187923
9112430141,9112427585,-0.079192415,0.050525267,-0.01770279
9112440591,9112437798,-0.072505966,0.056877684,-0.01771276
9112450026,9112447456,-0.062201127,0.06807446,-0.017116388
9112460479,9112458104,-0.0626367,0.06653888,-0.015824443
9112471234,9112468453,-0.068784826,0.060603306,-0.014447309
9112481819,9112478284,-0.07218718,0.06016113,-0.012941034
9112490525,9112487930,-0.07029387,0.060369413,-0.011113744
9112501009,9112498623,-0.07198448,0.055344243,-0.00928587
9112510413,9112507580,-0.076497644,0.04935779,-0.0075681005
9112521261,9112518669,-0.08022899,0.047105465,-0.0048837983
9112530930,9112528328,-0.08462521,0.043509886,-0.0022633285
9112540575,9112537977,-0.08244176,0.045006562,0.0001916606
9112552187,9112548521,-0.077636674,0.050895497,0.0020634523
9112561165,9112558590,-0.07610082,0.05384791,0.0029707367
9112571126,9112568505,-0.07256788,0.056254547,0.003177223
9112580746,9112578144,-0.06937507,0.06195468,0.002824924
9112590363,9112587194,-0.06741545,0.065205604,0.0018744485
9112600465,9112598073,-0.06654437,0.06365109,0.000489632
9112610984,9112608391,-0.06919344,0.06397681,-0.00044906943
9112621380,9112618608,-0.06813061,0.0643011,-0.0010957487
9112631183,9112628624,-0.06380865,0.06670122,-0.0019710436
9112640635,9112638055,-0.058581177,0.07325716,-0.004485536
9112651591,9112648799,-0.05234904,0.079745285,-0.009568453
9112662097,9112658243,-0.054363955,0.07797202,-0.013626924
9112670562,9112667970,-0.057780817,0.07338062,-0.016811457
9112681021,9112678434,-0.06238535,0.06694295,-0.019138312
9112691460,9112688673,-0.074826166,0.051349726,-0.018184578
9112700873,9112698513,-0.07290846,0.054196138,-0.01559031
9112711362,9112708977,-0.06774149,0.060513493,-0.012933902
9112720828,9112718238,-0.0688398,0.060654785,-0.010417394
9112732284,9112728634,-0.06497154,0.06445328,-0.008034005
9112740874,9112738475,-0.062721044,0.066124685,-0.0062690703
9112750447,9112748083,-0.057196043,0.07148079,-0.005219468
9112760886,9112758098,-0.05582489,0.072082415,-0.00454481
9112771394,9112768819,-0.06186994,0.067691095,-0.0039513023
9112780832,9112778272,-0.08188844,0.042632475,-0.0036147381
9112791262,9112788478,-0.09789719,0.02451296,-0.0032303056
9112802758,9112798910,-0.086543396,0.037888657,-0.0034125617
9112810197,9112807838,-0.08145176,0.044819977,-0.0041784937
9112820756,9112818387,-0.089726426,0.037652,-0.0051002307
9112831794,9112829016,-0.08667075,0.040634394,-0.006445339
9112841235,9112838070,-0.0616495,0.06837533,-0.0087611005
9112850697,9112848140,-0.041591257,0.09105334,-0.013527393
9112861129,9112858351,-0.049725886,0.0847031,-0.019350093
9112872601,9112869132,-0.058378465,0.06820874,-0.024206627
9112880996,9112878441,-0.033345174,0.047496196,-0.027678449
9112891446,9112889068,0.02611027,-0.04386489,-0.02898844
9112901812,9112899247,0.115491904,-0.23570839,-0.023985451
9112912677,9112908592,0.18731406,-0.43722963,-0.012598774
9112921366,9112918935,0.1987538,-0.5242963,0.006529649
9112930917,9112928342,0.20910579,-0.5063272,0.028054032
9112941305,9112938922,0.21151459,-0.3272248,0.05044625
9112951989,9112949620,0.20408116,-0.060281828,0.0648772
9112961443,9112958876,0.21202691,0.20273188,0.07042499
9112971156,9112968591,0.21741392,0.27646533,0.07256022
9112981063,9112977906,0.19062966,0.24766399,0.07251757
9112990515,9112988137,0.16489948,0.17727314,0.07023017
9113001098,9112998720,0.16708405,0.10616293,0.06619279
9113011581,9113008974,0.16755958,0.034879096,0.06136668
9113021013,9113018451,0.1433065,-0.020534525,0.056762997
9113031497,9113029115,0.114117816,-0.018716019,0.051351596
9113041993,9113038979,0.094969906,0.026923213,0.045568224
9113052509,9113049330,0.10051067,0.075571805,0.03837185
9113060839,9113058287,0.110253364,0.0735088,0.030072318
9113071379,9113068984,0.13234231,0.032444164,0.019197118
9113082165,9113079571,0.1325342,0.012631884,0.009214672
9113091314,9113088116,0.03704229,0.017262092,0.0010970263
9113102487,9113097996,-0.08109746,0.0063648745,-0.0076430663
9113110896,9113108345,-0.1243435,-0.05523625,-0.015100508
9113122388,9113119436,-0.10146268,-0.104868405,-0.020496393
9113130825,9113128469,-0.07185972,-0.10507397,-0.022652134
9113141306,9113138908,-0.040965557,-0.07125099,-0.023641154
9113151662,9113149092,-0.0056374837,-0.020469097,-0.024215031
9113161158,9113158206,0.027369926,0.043649867,-0.025539123
9113171849,9113169257,0.002412227,0.023824528,-0.02875651
9113181280,9113178714,-0.052427996,-0.06872641,-0.03199262
9113191697,9113189119,-0.0978173,-0.12162389,-0.035304725
9113201161,9113198590,-0.13430312,-0.09031504,-0.038291235
9113211746,9113209387,-0.12967423,-0.034632795,-0.04095273
9113222116,9113219558,-0.10638841,-0.01254303,-0.04167358
9113232647,9113229190,-0.09070113,0.0073938444,-0.04047488
9113242102,9113239739,-0.08606934,0.028315809,-0.037730254
9113251711,9113249318,-0.06599476,0.041302837,-0.03430104
9113262065,9113259506,-0.045802742,0.052138917,-0.029619593
9113271551,9113269000,-0.048228372,0.061178938,-0.024518978
9113281120,9113278753,-0.083802216,0.049076855,-0.019467015
9113292558,9113289800,-0.14201699,0.03969578,-0.01572866
9113303112,9113299604,-0.20668338,0.047506116,-0.015157352
9113311469,9113309110,-0.23570392,0.051837675,-0.016781965
9113321923,9113319547,-0.19925019,0.03482137,-0.019416746
9113332393,9113329790,-0.13972275,0.008781074,-0.021083381
9113343957,9113339192,-0.11618392,0.024408128,-0.021663295
9113351378,9113348816,-0.1422228,0.08272951,-0.02229414
9113361819,9113359240,-0.17592241,0.11104847,-0.022440454
9113372853,9113369194,-0.19314772,0.099916756,-0.020659486
9113382327,9113379724,-0.18415685,0.0796379,-0.016014203
9113391733,9113389364,-0.17505313,0.10044512,-0.009687725
9113402099,9113399537,-0.18979423,0.16381942,-0.0022732327
9113411585,9113408425,-0.199212,0.2143214,0.004332273
9113422165,9113419582,-0.17813575,0.18520664,0.012435043
9113431531,9113429170,-0.16153045,0.11554605,0.018848123
9113442082,9113439259,-0.19573118,0.06929767,0.02430501
9113451500,9113448944,-0.24340083,0.07704075,0.027693082
9113461966,9113459572,-0.23847991,0.10034797,0.029440098
9113472389,9113469800,-0.20746796,0.09757825,0.03060881
9113482904,9113479452,-0.22216965,0.08740214,0.03227192
9113492390,9113490010,-0.2761125,0.099950984,0.03468828
9113501793,9113499241,-0.31678054,0.13755257,0.03755548
9113512527,9113509880,-0.30651325,0.16103123,0.042506304
9113522197,9113519606,-0.24089816,0.14737609,0.048879303
9113532822,9113529432,-0.16399798,0.1279003,0.05583543
9113542499,9113539680,-0.16619408,0.13801476,0.061559968
9113552995,9113549814,-0.21222882,0.16997056,0.06478866
9113561385,9113559031,-0.2193162,0.16697392,0.06517197
9113571960,9113569535,-0.197076,0.092556596,0.062464125
9113582428,9113579790,-0.18333194,0.0073757917,0.057137642
9113592086,9113589654,-0.18787277,-0.020525329,0.05035399
9113602639,9113600220,-0.20122619,0.012713291,0.043032803
9113612536,9113609542,-0.20870164,0.08042813,0.037623458
9113623994,9113620342,-0.20471792,0.14228496,0.032894023
9113632412,9113630057,-0.1806813,0.1680661,0.029896984
9113641876,9113639482,-0.14802742,0.16949171,0.027727472
9113652333,9113649750,-0.11538472,0.15279536,0.025178893
9113662823,9113659634,-0.06943649,0.114142545,0.02200315
9113672236,9113669866,-0.0467235,0.103303865,0.018118009
9113683075,9113680485,-0.057636,0.13390312,0.014138642
9113693547,9113690356,-0.06474068,0.16801223,0.010959162
9113701925,9113699360,-0.059817314,0.15929134,0.008857146
9113712423,9113710034,-0.07067707,0.12763236,0.007441806
9113722858,9113720081,-0.08259035,0.117612295,0.0061753476
9113733329,9113729877,-0.07141231,0.12445025,0.0032591498
9113742790,9113740418,-0.039615184,0.12019258,-0.0027523092
9113752241,9113749854,-0.0007147044,0.1172307,-0.009613398
9113762859,9113760190,0.010876313,0.11039245,-0.016202455
9113772201,9113769837,-0.011795109,0.08900769,-0.020274432
9113782691,9113780292,-0.06706459,0.095322765,-0.022115827
9113793120,9113790317,-0.12697092,0.1170662,-0.021523453
9113803585,9113800111,-0.13852006,0.11247185,-0.01858659
9113812048,9113809645,-0.12149605,0.09262137,-0.01343555
9113822547,9113820120,-0.11755607,0.12125984,-0.006962881
9113832939,9113830134,-0.08472861,0.16444062,-0.0018437807
9113842355,9113839767,-0.0076134726,0.13837746,0.0012622273
9113852628,9113850210,0.039359152,0.073794395,0.0021646784
9113863014,9113860214,0.044075467,0.0028228462,0.0006127807
9113873595,9113870638,0.030966388,-0.061341215,-0.003043982
9113882010,9113879649,0.022651467,-0.10418345,-0.0073560765
9113892501,9113890146,0.012694408,-0.071188405,-0.012461619
9113902846,9113900296,0.00052978005,-0.021127142,-0.016088655
9113913417,9113909758,0.0071525034,0.017127931,-0.017736526
9113922820,9113920465,0.0038237441,0.015290182,-0.017737111
9113933387,9113930797,-0.041022465,-0.022575237,-0.015049958
9113943278,9113939813,-0.06669767,-0.050063178,-0.009687986
9113953351,9113950760,-0.0466984,-0.05911906,-0.0017044358
9113962956,9113960573,-0.028177738,-0.05434715,0.0050002933
9113972727,9113969927,-0.0060106115,-0.048816726,0.0109552
9113983234,9113980474,0.02224932,-0.06420933,0.016693305
9113992646,9113990078,0.054203115,-0.057264466,0.019901358
9114003130,9114000718,0.078940816,-0.03795262,0.020428125
9114012495,9114009931,0.10740027,-0.03930186,0.018361412
9114022289,9114019919,0.100364335,-0.03560048,0.014094889
9114032748,9114030372,0.067037664,-0.008793302,0.009041041
9114043203,9114040616,0.049526863,0.0024284013,0.0052825864
9114053675,9114050497,0.051667385,-0.011642041,0.0034380527
9114062143,9114059770,0.049398776,-0.027096767,0.0033399428
9114072729,9114070101,0.032634273,-0.048018422,0.004575631
9114083175,9114080595,0.0071727075,-0.070241526,0.006051051
9114093558,9114089871,0.0039610043,-0.09076587,0.0072042104
9114103136,9114100711,0.01920431,-0.09224798,0.008162841
9114113552,9114110557,0.008157661,-0.049052462,0.0080021275
9114124090,9114120714,0.018932577,-0.016824502,0.007080553
9114132478,9114130126,0.06745094,-0.04404337,0.006401225
9114142984,9114140619,0.08897425,-0.065154985,0.0055156182
9114153354,9114150799,0.07802681,-0.05602346,0.0039677215
9114163863,9114161297,0.053399514,-0.05402939,0.0018433328
9114173384,9114170806,0.039221108,-0.07915187,-0.00020504324
9114183777,9114181003,0.0498196,-0.10926846,-0.002093602
9114194372,9114190924,0.04192476,-0.09436908,-0.0035936297
9114202789,9114200432,0.008853745,-0.034070596,-0.0043206075
9114213319,9114210963,0.0068624187,-0.011529777,-0.003534153
9114223742,9114220964,0.031382553,-0.03683908,-0.0013867924
9114234233,9114230845,0.042764086,-0.06591832,0.0010883468
9114243678,9114241111,0.03343738,-0.08711683,0.0031267747
9114253092,9114250528,0.019438047,-0.11947873,0.0044224113
9114263554,9114260770,0.017196279,-0.15003939,0.005455209
9114273102,9114270513,0.011104545,-0.14821249,0.006322158
9114282769,9114280364,0.006772707,-0.121708855,0.007191038
9114293138,9114290367,0.023640024,-0.10626842,0.008033274
9114304588,9114300743,0.03663133,-0.08899674,0.008719325
9114313001,9114310445,0.046919797,-0.07267444,0.009628449
9114323493,9114321110,0.06183555,-0.08787935,0.011839715
9114333916,9114331138,0.07358198,-0.14280601,0.015000979
9114343374,9114341022,0.0784954,-0.20296897,0.018465498
9114353897,9114351471,0.066241376,-0.22609128,0.021786898
9114363654,9114360854,0.065969534,-0.24747165,0.023703087
9114375227,9114370970,0.09702911,-0.27043015,0.02460312
9114382631,9114380264,0.11545917,-0.26950577,0.02421697
9114393242,9114390479,0.11060339,-0.2437806,0.021608338
9114404143,9114401284,0.101051845,-0.2150735,0.017283354
9114413297,9114410885,0.06321857,-0.15731055,0.012591837
9114424071,9114421681,0.019892529,-0.10507974,0.006467632
9114433573,9114430787,-0.020408407,-0.072848186,0.001338148
9114445076,9114441566,-0.024951808,-0.095090926,-0.003301886
9114453559,9114451179,-0.021031812,-0.11212286,-0.0058762375
9114463034,9114460651,-0.04757853,-0.07021935,-0.0076735
9114473599,9114471028,-0.05734957,-0.0323075,-0.009303819
9114484187,9114480721,-0.019159108,-0.052411273,-0.0099095665
9114493659,9114491295,0.0022031395,-0.078483045,-0.0097159175
9114504100,9114501286,-0.024203643,-0.06667192,-0.009615563
9114515513,9114511675,-0.053253632,-0.05147085,-0.009660142
9114523062,9114520659,-0.054159448,-0.04930561,-0.009370627
9114533863,9114531402,-0.04275929,-0.058676682,-0.0088001415
9114544354,9114541749,-0.050712906,-0.05972517,-0.008727519
9114554902,9114551223,-0.07542804,-0.06098827,-0.00891121
9114563337,9114560946,-0.09346086,-0.059956323,-0.008477806
9114573836,9114571466,-0.10341537,-0.039606526,-0.0072380733
9114584332,9114581742,-0.11294264,-0.014987495,-0.00559776
9114593255,9114590638,-0.113815054,-0.003616266,-0.004205072
9114603762,9114601379,-0.114431925,-0.0036939867,-0.0030558524
9114614380,9114611781,-0.1254909,0.009307191,-0.0021574262
9114625559,9114621470,-0.13018262,0.02641591,-0.0012188414
9114633932,9114631374,-0.13092203,0.029037965,-0.0001079588
9114643411,9114641040,-0.12554622,0.0029250262,0.00093000475
9114653935,9114651095,-0.12050191,-0.030281149,0.0018125002
9114664412,9114661823,-0.12593186,-0.033887807,0.0024390717
9114673830,9114671251,-0.11889913,-0.03526406,0.0026101074
9114684266,9114681658,-0.109182514,-0.035473615,0.0025786601
9114695728,9114691885,-0.12380357,-0.006655829,0.002411048
9114703522,9114700917,-0.1342496,0.0054840255,0.0028227388
9114713942,9114711136,-0.118839614,-0.028059348,0.004605186
9114724432,9114721844,-0.12980846,-0.030413548,0.0071800384
9114734906,9114731027,-0.1427798,-0.026175648,0.010179393
9114744089,9114741670,-0.103988014,-0.07779859,0.014942709
9114754246,9114751457,-0.07035014,-0.13343693,0.018895702
9114765759,9114762114,-0.07574228,-0.1395695,0.021371251
9114774203,9114771845,-0.05435874,-0.14827064,0.02267626
9114783652,9114781293,-0.0024769679,-0.15259339,0.022875438
9114794080,9114791477,0.023879804,-0.12796088,0.021328991
9114804610,9114801450,0.022376243,-0.10454326,0.018727912
9114814067,9114811706,0.017113015,-0.109257,0.016090468
9114824537,9114821951,-0.00029364508,-0.13116282,0.014205649
9114833897,9114831136,-0.021757664,-0.15539713,0.013239151
9114844512,9114841883,-0.0037935893,-0.18074104,0.012856573
9114853845,9114851485,0.038770102,-0.2055871,0.012771864
9114864327,9114861732,0.055259626,-0.18944603,0.012288631
9114874431,9114871186,0.0472656,-0.15223347,0.0118163
9114883877,9114881501,0.052861825,-0.14821754,0.012190358
9114894467,9114891905,0.08751652,-0.17573,0.013162016
9114904833,9114902070,0.12522766,-0.19659111,0.013694105
9114914358,9114911963,0.1675078,-0.22575764,0.01300941
9114923728,9114921369,0.20054296,-0.26233226,0.010418063
9114935177,9114932425,0.18531558,-0.25051582,0.0045031183
9114946004,9114942152,0.14197016,-0.20153184,-0.002995151
9114954441,9114952074,0.08066826,-0.14221968,-0.0111645395
9114964628,9114962248,0.052736536,-0.11820413,-0.017478095
9114974178,9114971404,0.06823102,-0.13360773,-0.0202686
9114984824,9114982473,0.073265456,-0.14284864,-0.02100442
9114994248,9114991683,0.059091445,-0.12677428,-0.020344703
9115004737,9115002107,0.04321755,-0.09663409,-0.018652963
9115015448,9115012291,0.0056238323,-0.0529512,-0.016923198
9115023838,9115021280,-0.007991273,-0.04781758,-0.015224343
9115034356,9115031739,0.03979718,-0.096052825,-0.012666989
9115044821,9115041998,0.073052384,-0.121358976,-0.010633879
9115054589,9115051079,0.07199916,-0.116234094,-0.00978186
9115063950,9115061588,0.081812404,-0.123447336,-0.009420743
9115074507,9115072097,0.09457843,-0.12822811,-0.009200786
9115084874,9115082299,0.08556484,-0.104934536,-0.008833846
9115094332,9115091744,0.067786105,-0.076948546,-0.008098686
9115104785,9115102194,0.05931598,-0.07668305,-0.006517202
9115115480,9115112318,0.04707944,-0.08142056,-0.0043259347
9115123953,9115121185,0.025290778,-0.07746441,-0.0020544613
9115134325,9115131672,0.01760783,-0.081348136,0.0011935746
9115144842,9115142446,0.009416636,-0.07716859,0.0048886067
9115155420,9115152409,-0.011145631,-0.04994272,0.008205365
9115164648,9115162085,-0.027289921,-0.019398171,0.011425196
9115174068,9115171708,-0.025748892,-0.007853329,0.0144532025
9115184514,9115181733,-0.0018692105,-0.020424742,0.01670134
9115196049,9115192565,0.022324516,-0.039799437,0.017319316
9115204948,9115202356,0.036651026,-0.060203016,0.01620834
9115215291,9115212842,0.045870893,-0.088411495,0.014401676
9115225157,9115222385,0.042611178,-0.10668124,0.01290592
9115234644,9115232090,0.012430459,-0.07889966,0.011326662
9115245148,9115242759,-0.012098428,-0.0400379,0.009836607
9115255513,9115252749,-0.005186002,-0.03264872,0.00962608
9115265979,9115262827,0.01376503,-0.048850458,0.010165344
9115274564,9115271962,0.020032499,-0.06687298,0.010161261
9115284954,9115282572,0.0061103017,-0.08208057,0.009496925
9115295343,9115292560,-0.005366025,-0.10998875,0.0087409085
9115306140,9115302060,0.055464126,-0.15891853,0.0073149186
9115314538,9115311960,0.1589571,-0.17664157,0.0034237748
9115325057,9115322284,0.19014654,-0.13686293,-0.0030723142
9115336599,9115332736,0.15443519,-0.08174426,-0.009756511
9115345139,9115342754,0.111986145,-0.036163494,-0.014293358
9115354561,9115351961,0.07299675,-0.00040932745,-0.016286036
9115365020,9115362205,0.041035865,0.018225122,-0.016401505
9115375463,9115372493,0.025188252,0.021397946,-0.0148220435
9115384989,9115382612,0.025402445,0.016889637,-0.012091505
9115394605,9115392024,0.007595286,0.035775848,-0.008772515
9115405001,9115402416,-0.014903085,0.052321788,-0.0044217003
9115414525,9115411945,-0.004905848,0.032226272,-0.00010729674
9115424942,9115422561,0.03141542,-0.00015289988,0.0036478578
9115435437,9115432660,0.057745382,-0.0046093175,0.004833379
9115446931,9115442865,0.06920047,0.0035105157,0.004102892
9115454346,9115451951,0.078941636,-0.0010544481,0.003015405
9115464764,9115462392,0.09302967,-0.010020785,0.0015043895
9115475959,9115473126,0.12046586,-0.019549599,-0.00091893633
9115485596,9115483043,0.151873,-0.03435143,-0.003845253
9115495064,9115492498,0.17087926,-0.033044457,-0.0069236485
9115505553,9115502731,0.17457823,-0.010098165,-0.009936558
9115517082,9115513191,0.16190448,0.01265177,-0.011959158
9115524608,9115522018,0.13491476,0.029394953,-0.013368268
9115535370,9115532930,0.11204843,0.030071642,-0.015361388
9115545952,9115543163,0.10084923,0.033419628,-0.016935596
9115556417,9115552312,0.09797864,0.033277426,-0.017245607
9115565936,9115562269,0.092562936,-0.00042361766,-0.016158964
9115575359,9115572568,0.094748564,-0.027537309,-0.015011142
9115586957,9115583277,0.10760332,-0.019447982,-0.015090768
9115595374,9115592814,0.11930042,0.0012286222,-0.016118797
9115605829,9115603447,0.11765154,0.017372295,-0.017245172
9115615182,9115612426,0.12090371,0.01853141,-0.017459286
9115626666,9115623019,0.12569821,0.025206175,-0.017688986
9115635151,9115632550,0.113613665,0.06399928,-0.018787635
9115645308,9115642891,0.10086643,0.07471585,-0.020375265
9115655453,9115652892,0.093180515,0.05026171,-0.02115706
9115664970,9115662410,0.07372912,0.0394371,-0.020981506
9115675446,9115673048,0.06179136,0.05226627,-0.02098526
9115686025,9115683468,0.06517082,0.06051902,-0.021688873
9115695933,9115692441,0.063574016,0.04568779,-0.022017928
9115705488,9115702913,0.06228995,0.026379516,-0.021097258
9115715943,9115713545,0.06850569,0.012147224,-0.01887436
9115726351,9115723776,0.07117577,0.005867511,-0.016035145
9115736056,9115733458,0.06361444,0.01090885,-0.013139661
9115745562,9115743167,0.060521416,0.014549635,-0.010563673
9115755949,9115753157,0.07656771,0.01025863,-0.008453109
9115767396,9115763352,0.09880121,0.008340368,-0.006704029
9115774786,9115772239,0.11091286,0.019927815,-0.005604113
9115785273,9115782682,0.1138228,0.035379738,-0.0050218957
9115795671,9115793090,0.11483958,0.0529985,-0.005223027
9115806233,9115803655,0.11078702,0.07796575,-0.0060010045
9115816270,9115813612,0.11188364,0.08770263,-0.006834174
9115825600,9115822831,0.10633984,0.0764046,-0.0074317767
9115837080,9115833630,0.0960354,0.05192221,-0.0076224427
9115845471,9115842896,0.11502768,-0.0008392185,-0.007142367
9115855588,9115853201,0.1442829,-0.023279665,-0.0060736923
9115866231,9115863463,0.14045022,0.0010260642,-0.004764713
9115876403,9115872940,0.11181582,0.021236196,-0.0030374397
9115886049,9115883684,0.08553285,0.016389176,9.726151e-05
9115895449,9115892890,0.04910161,0.013957088,0.00340885
9115906165,9115903331,0.027054023,0.036900174,0.0069141155
9115915572,9115913213,0.029658746,0.04398087,0.01003893
9115926009,9115923626,0.051082626,0.022925414,0.01278662
9115936502,9115933942,0.06558803,0.022712918,0.013973929
9115947009,9115943361,0.082563445,0.02367829,0.013285346
9115955507,9115953129,0.09909959,0.0030756947,0.011135819
9115965957,9115963576,0.08979627,0.00016870908,0.0079602245
9115976364,9115973772,0.070810795,0.014417775,0.005193468
9115985917,9115983338,0.062987275,0.009197535,0.004104603
9115996356,9115993776,0.06079866,0.00049701147,0.0043044905
9116006063,9116003261,0.048448887,0.0043367217,0.004968039
9116017522,9116013635,0.038071692,-0.0012564184,0.0056729596
9116025951,9116023359,0.026560191,-0.0037551126,0.005785352
9116036468,9116034106,0.017367078,0.011570279,0.0051736496
9116046239,9116043393,0.0199036,0.021340936,0.004777733
9116057346,9116054787,0.021146327,0.011097598,0.0052378005
9116068564,9116064424,0.014960178,-0.0007391423,0.0057636127
9116075999,9116073630,0.005253289,0.0026544975,0.005704639
9116087557,9116084106,-0.0027547637,0.007809108,0.005211538
9116095959,9116093415,-0.01800486,-0.012047138,0.0047705485
9116106539,9116104149,-0.03537324,-0.034432836,0.004092236
9116115961,9116113353,-0.053182624,-0.029901378,0.00309464
9116126516,9116123530,-0.060561102,-0.018823083,0.0021670158
9116135920,9116133330,-0.054306395,-0.01959031,0.001861117
9116146401,9116143619,-0.03943242,-0.0067061484,0.0016189857
9116157643,9116153557,-0.027155789,0.012490725,0.0011266788
9116166117,9116163551,-0.026450053,0.013592107,0.0006783413
9116176616,9116174235,-0.026452957,-0.0046621133,0.0005238784
9116186010,9116183441,-0.028763846,-0.020468656,0.00039133697
9116197552,9116193862,-0.04908838,-0.010473313,0.00019082852
9116205942,9116203579,-0.06837065,0.0057433126,0.000553508
9116216449,9116213873,-0.068440035,0.0073191463,0.0018200094
9116226897,9116224106,-0.054970004,0.002121584,0.0034813187
9116236396,9116233842,-0.03799984,0.0002829628,0.004928318
9116245967,9116243392,-0.027174968,0.0027015782,0.006016011
9116256337,9116253572,-0.02463013,0.0075966106,0.006812577
9116267947,9116263868,-0.034673825,0.009315116,0.007205215
9116276380,9116273820,-0.05039647,0.0076205316,0.0071205576
9116285888,9116283502,-0.06087026,0.0059554614,0.006974802
9116296323,9116293490,-0.07447798,0.0075722635,0.0069670808
9116306799,9116304223,-0.08867493,0.0134127615,0.00696634
9116316164,9116313614,-0.09273467,0.0132659795,0.007179798
9116327290,9116324453,-0.080582604,-0.00012484286,0.0074859257
9116337737,9116334349,-0.07793838,-0.0077650636,0.0070964624
9116346155,9116343591,-0.096030466,0.006797095,0.0059306896
9116356629,9116354017,-0.10105736,0.013570419,0.0046606907
9116367041,9116364223,-0.09364024,0.008984756,0.0044367756
9116376449,9116373693,-0.08988768,0.01404291,0.0051496914
9116386958,9116384391,-0.09088865,0.016749678,0.0065040886
9116397337,9116394568,-0.0914438,0.017011657,0.007923962
9116407920,9116404501,-0.09699582,0.019439764,0.009038385
9116416472,9116413900,-0.104963385,0.017250372,0.0096591115
9116426965,9116424578,-0.10911004,0.013313702,0.009970505
9116437444,9116434635,-0.111188754,0.0052572405,0.010052823
9116447339,9116443444,-0.1035594,-0.003961211,0.010020246
9116456513,9116454144,-0.09789965,0.0015141256,0.009759467
9116466989,9116464613,-0.09178702,0.0048338687,0.009254334
9116476476,9116473889,-0.076251484,-0.00424426,0.008752951
9116486969,9116484619,-0.08272207,-0.0017709346,0.007697029
9116496745,9116494102,-0.10000927,0.0094755795,0.006166216
9116507191,9116504595,-0.096693665,0.0073960344,0.0047905436
9116517561,9116513863,-0.09553714,0.0072104116,0.0040302607
9116526404,9116523731,-0.10981391,0.018194705,0.0031385145
9116537130,9116534724,-0.109062485,0.023794256,0.0022572426
9116546948,9116544359,-0.09557537,0.03106473,0.0019859867
9116556493,9116553913,-0.09744358,0.035031,0.002151818
9116567070,9116564473,-0.1027128,0.023292758,0.002701
9116577574,9116574728,-0.107927755,0.007971745,0.0030283006
9116588238,9116584700,-0.12296773,0.0033470588,0.002500419
9116596953,9116594343,-0.12821743,0.017302725,0.0015983353
9116606359,9116603793,-0.11817548,0.0382149,0.0010591799
9116616804,9116614010,-0.10687951,0.040364057,0.0014349548
9116627280,9116624703,-0.104835436,0.0302485,0.0025218963
9116636778,9116634221,-0.117935,0.021372005,0.0033291061
9116647317,9116644529,-0.12752701,0.012328563,0.0038340671
9116658791,9116654931,-0.12538643,0.0064215045,0.0041379877
9116666170,9116663819,-0.12538084,0.010455526,0.0043182243
9116677178,9116674779,-0.11217581,0.009330915,0.0043242453
9116687679,9116685097,-0.0834818,-0.0010170871,0.0038222827
9116697972,9116694098,-0.07811493,-0.005958691,0.0024669142
9116706903,9116704536,-0.10028018,-0.005082966,7.778802e-05
9116717389,9116715012,-0.11638575,-0.005543591,-0.001949867
9116727752,9116724992,-0.12957448,-0.00031676283,-0.0033716531
9116737234,9116734884,-0.12878953,0.008225354,-0.0044382904
9116746780,9116744409,-0.110752635,0.008543415,-0.004521694
9116757184,9116754597,-0.095957264,0.00901612,-0.003825095
9116768839,9116764777,-0.08509974,0.009981235,-0.0031196238
9116777255,9116774887,-0.0805891,0.0010024305,-0.002627151
9116787738,9116785161,-0.07921042,-0.0065299594,-0.0022388925
9116797183,9116794609,-0.08066454,-0.004058961,-0.0017583373
9116806675,9116804108,-0.086346954,0.0038493238,-0.001328439
9116817184,9116814816,-0.081649326,0.013324378,-0.0009401648
9116827690,9116824887,-0.06565867,0.020127062,-0.00015357306
9116839144,9116834896,-0.04364397,0.013823584,0.0012018047
9116846758,9116844166,-0.01786533,0.0036435386,0.0028273463
9116857265,9116854910,0.00067844614,0.0013804082,0.004619833
9116867874,9116865303,0.020858353,-0.0057394193,0.0059570707
9116877329,9116874769,0.005522795,-0.010268975,0.0068095056
9116887762,9116885386,-0.04352326,-0.0066090696,0.0068756496
9116898122,9116895361,-0.064399704,-0.029587898,0.006168961
9116908628,9116905257,-0.040730912,-0.06490621,0.0055858768
9116917020,9116914441,-0.004331505,-0.07682575,0.005557253
9116927514,9116924934,0.021204876,-0.061946884,0.0061504636
9116937339,9116934541,0.040097713,-0.03995244,0.0073534334
9116948337,9116944787,0.040824402,-0.026376411,0.008792457
9116957897,9116955530,0.03023751,-0.013506437,0.009478663
9116967445,9116964654,0.02857605,-0.0033771005,0.00942824
9116978634,9116975471,0.031620536,-0.015817462,0.009469307
9116987421,9116984835,0.020689886,-0.026261564,0.0096903015
9116997532,9116995160,0.009943694,-0.025426554,0.009512765
9117008345,9117005772,0.008117264,-0.024778234,0.008804797
9117018202,9117015220,0.009639455,-0.03107552,0.007904585
9117027663,9117025299,0.015500185,-0.043408997,0.0069476212
9117037271,9117034912,0.02237844,-0.04957889,0.0064383037
9117047794,9117044983,0.028343085,-0.04166072,0.0062041525
9117057201,9117054650,0.036202718,-0.042166166,0.006049781
9117067793,9117065225,0.047720604,-0.05426438,0.0057181413
9117078265,9117075462,0.05213159,-0.057758797,0.004771671
9117088803,9117085455,0.04783658,-0.06288171,0.0034533334
9117097197,9117094845,0.054132618,-0.070072204,0.0023855302
9117108095,9117105475,0.07167493,-0.05606078,0.0015560488
9117118566,9117115961,0.044642832,-0.05536176,0.0014881464
9117127968,9117125623,-0.020132385,-0.08848432,0.0035404875
9117137396,9117135048,-0.023876557,-0.11949916,0.0076670977
9117147924,9117145095,0.0015818067,-0.11984691,0.011421817
9117159368,9117155720,0.013359098,-0.10296925,0.013345544
9117167864,9117165485,0.017400559,-0.10471568,0.013931541
9117177258,9117174903,0.006766772,-0.1165596,0.013870966
9117187793,9117185213,0.008736307,-0.12861682,0.01402287
9117198343,9117194857,0.02462474,-0.1471121,0.014426525
9117207768,9117205205,0.027631126,-0.13170892,0.014101387
9117218141,9117214988,0.020061629,-0.09797401,0.013059899
9117229778,9117225695,0.029729176,-0.10083333,0.012402543
9117237107,9117234755,0.049881432,-0.11745815,0.012510984
9117247597,9117245005,0.050897982,-0.11562457,0.012626339
9117258001,9117255198,0.049801916,-0.12783703,0.012420667
9117268539,9117265504,0.055446345,-0.1552051,0.0120398095
9117278359,9117275937,0.046149038,-0.15833528,0.011410426
9117288052,9117285666,0.014244074,-0.13558376,0.0103160525
9117298503,9117295905,-0.006709378,-0.11657971,0.008663435
9117307947,9117305562,-0.009491729,-0.10953768,0.006719291
9117318391,9117315819,0.00025140215,-0.104051486,0.0041454732
9117329231,9117326616,0.013591678,-0.09735779,0.0017033806
9117338201,9117334852,0.0276846,-0.08644171,0.0007504652
9117348306,9117345686,0.04270139,-0.08693293,0.000599587
9117358060,9117355649,0.050455853,-0.08059727,0.00087360863
9117368590,9117366028,0.044508312,-0.08102012,0.00062761235
9117378938,9117376318,0.04093693,-0.10064301,-0.00078666303
9117388317,9117385762,0.027791515,-0.10262936,-0.0033562663
9117398740,9117396152,0.021612732,-0.09080021,-0.006823288
9117409282,9117405927,0.050040074,-0.10549615,-0.009252533
9117417774,9117415382,0.064955294,-0.11438351,-0.010704377
9117428465,9117426092,0.04348079,-0.10382083,-0.0124217095
9117438863,9117436309,0.03462035,-0.1070352,-0.014377016
9117448883,9117446290,0.025762048,-0.10360086,-0.016442442
9117458356,9117455979,0.0030043274,-0.08161432,-0.01849719
9117468819,9117466199,0.004457012,-0.06827027,-0.019675052
9117479585,9117476386,0.0130451415,-0.05628451,-0.019467289
9117487951,9117485603,0.003413435,-0.039176412,-0.018606387
9117498523,9117496127,-0.00448908,-0.04207574,-0.016679497
9117508968,9117506169,-0.0107422285,-0.060188033,-0.013927722
9117519463,9117515766,-0.03457161,-0.052799206,-0.011586814
9117528115,9117525647,-0.065550074,-0.016679324,-0.009787413
9117538400,9117535977,-0.055632353,-0.0076106153,-0.007272988
9117548901,9117546296,-0.027267229,-0.011745606,-0.003993675
9117558373,9117555819,-0.033508442,0.008150633,-0.0015225254
9117568900,9117566313,-0.057172116,0.010576131,0.000116992276
9117578204,9117575452,-0.075399324,-0.017428782,0.0012726788
9117589806,9117585960,-0.08716556,-0.033584446,0.002234689
9117598233,9117595870,-0.09821193,-0.017989544,0.0023986308
9117608786,9117606146,-0.08624219,-0.0028803684,0.0024780324
9117619328,9117616504,-0.06155937,-0.013030146,0.0032964188
9117628769,9117626177,-0.05224113,-0.020197148,0.00431334
9117638266,9117635892,-0.0568601,-0.013646437,0.004996595
9117648779,9117645961,-0.06018396,-0.015149478,0.0053678984
9117660263,9117656187,-0.07031102,-0.005897438,0.005251777
9117668676,9117666309,-0.081428096,0.012462788,0.0047234055
9117678095,9117675736,-0.08372004,0.022195019,0.0040043853
9117688463,9117685704,-0.09709346,0.043322004,0.0027112407
9117699119,9117696519,-0.11552937,0.061293505,0.0011130504
9117708581,9117706190,-0.1282872,0.06052231,0.000477141
9117718937,9117716175,-0.12571935,0.019245228,0.001299794
9117730456,9117726600,-0.090269156,-0.04883397,0.003464879
9117738839,9117736487,-0.066342995,-0.0653176,0.0050395476
9117748378,9117745813,-0.090571314,-0.02810183,0.004765544
9117758846,9117756057,-0.107156955,-0.017918598,0.0035601524
9117769321,9117765643,-0.10308574,-0.027401173,0.0027814356
9117778705,9117776155,-0.11153227,-0.009771191,0.002624322
9117789319,9117786484,-0.11728509,0.012425737,0.0034857662
9117799793,9117796601,-0.10553257,0.0096011385,0.0050730174
9117808399,9117805826,-0.095859006,-0.0062223244,0.0064026946
9117819080,9117816716,-0.10056763,-0.020237178,0.0070121586
9117829598,9117826763,-0.11885726,-0.027937204,0.0061911996
9117840085,9117836375,-0.14229456,-0.025295269,0.0042769345
9117848442,9117846085,-0.1458627,-0.027232086,0.0021867263
9117858949,9117856539,-0.13127828,-0.022771478,0.0004897383
9117869498,9117866824,-0.12316244,0.0024302006,-0.00095206825
9117878964,9117876577,-0.12386512,0.026633078,-0.00234057
9117888426,9117886051,-0.13294898,0.039838172,-0.0034096
9117899360,9117896557,-0.14336601,0.05162316,-0.0038622809
9117909842,9117906478,-0.14779635,0.06909059,-0.0034854664
9117919333,9117916945,-0.14772098,0.08120629,-0.0025482215
9117928773,9117926380,-0.13502304,0.0691661,-0.0015128532
9117939164,9117936372,-0.11869682,0.029251222,-0.0004947692
9117948644,9117946076,-0.12817864,0.00569544,-5.0164264e-05
9117959393,9117956977,-0.15920962,0.020867428,-0.0006119913
9117969813,9117966822,-0.17382039,0.04410839,-0.0017986207
9117980326,9117976942,-0.15145327,0.05298929,-0.003173171
9117989010,9117986415,-0.123778045,0.058491517,-0.004079895
9117999506,9117997093,-0.12479365,0.07227054,-0.0042977096
9118008944,9118006345,-0.14370658,0.101562835,-0.0039668363
9118019394,9118017021,-0.15793796,0.12947035,-0.0030722867
9118030340,9118026633,-0.16315551,0.147715,-0.0019529697
9118038794,9118036408,-0.16758573,0.14444557,-0.00089239876
9118050635,9118047168,-0.18253598,0.13603368,-5.8193225e-05
9118059058,9118056474,-0.20429881,0.12968343,0.0004326129
9118069612,9118067225,-0.20772202,0.111800745,0.0010362635
9118079016,9118076446,-0.20201476,0.085631534,0.0015858337
9118089557,9118085838,-0.19151568,0.07901218,0.0019717196
9118098896,9118096548,-0.19060707,0.08746742,0.0024868874
9118109474,9118107072,-0.19934893,0.09123496,0.0034443487
9118119829,9118117264,-0.20555885,0.090057306,0.004861893
9118129883,9118127276,-0.21105203,0.08319047,0.0064306166
9118139154,9118136794,-0.2214678,0.073096916,0.007978116
9118149776,9118147216,-0.22509749,0.070586875,0.010061268
9118160313,9118156853,-0.20846236,0.05051048,0.012456272
9118168757,9118166381,-0.17274533,0.011364166,0.014809592
9118178935,9118176507,-0.14334077,-0.009999141,0.016294224
9118189497,9118186718,-0.13761754,-0.004437629,0.015995605
9118198926,9118196379,-0.14807379,0.018122502,0.014231783
9118209476,9118206895,-0.15525451,0.033967145,0.011826807
9118219997,9118217211,-0.15047856,0.03505586,0.009792116
9118230568,9118227183,-0.14687192,0.028514909,0.008380552
9118238912,9118236564,-0.15461858,0.013530737,0.007400975
9118249452,9118246820,-0.1623132,-0.002517609,0.006586233
9118259754,9118256979,-0.15504757,-0.013210237,0.005962178
9118269239,9118266676,-0.14264335,-0.0033365898,0.004984902
9118279182,9118276531,-0.13758884,0.015770607,0.0032953634
9118289581,9118286779,-0.12903383,0.016012551,0.0010330824
9118301175,9118297508,-0.117835306,0.0043646344,-0.0016152761
9118309678,9118307314,-0.11172841,-0.009324737,-0.004200296
9118319142,9118316540,-0.11127936,-0.030026454,-0.0064724768
9118329604,9118326938,-0.09996776,-0.05550724,-0.008443834
9118340028,9118337234,-0.0714708,-0.08166884,-0.009963741
9118349453,9118346867,-0.051299836,-0.099243306,-0.0114468625
9118359848,9118357083,-0.06099348,-0.06774206,-0.013779217
9118371360,9118367710,-0.08787334,0.013482433,-0.01698502
9118379804,9118377432,-0.09867953,0.053394333,-0.019242905
9118389364,9118386986,-0.07542916,0.01499072,-0.019605143
9118399730,9118397172,-0.048174918,-0.029082851,-0.018440582
9118410283,9118407320,-0.029240793,-0.06542786,-0.016943684
9118419678,9118417327,-0.00988574,-0.085767075,-0.015712759
9118430173,9118427591,0.0045966078,-0.09590734,-0.014001256
9118439504,9118436942,0.013583611,-0.12089484,-0.011717765
9118449976,9118447625,0.004273394,-0.12276356,-0.009915177
9118459353,9118456808,-0.010282269,-0.09427036,-0.010199917
9118470848,9118467853,-0.0073305303,-0.06401295,-0.012070825
9118479429,9118476827,0.004947111,-0.04523737,-0.013763524
9118489563,9118487201,0.025242902,-0.061069813,-0.014786287
9118500067,9118497668,0.058765978,-0.09171691,-0.014432727
9118510547,9118507733,0.071906134,-0.094759956,-0.013514242
9118520294,9118517847,0.051105052,-0.07215252,-0.012934385
9118529880,9118527371,0.019218385,-0.059115067,-0.012810589
9118540447,9118537622,0.015936049,-0.071704395,-0.012817125
9118551236,9118547757,0.03714012,-0.08884522,-0.012744776
9118560350,9118557772,0.0430324,-0.09136781,-0.012419096
9118569814,9118567437,0.03327304,-0.08774611,-0.012378247
9118580247,9118577443,0.032275602,-0.091095544,-0.01338211
9118590719,9118587042,0.042524576,-0.09704803,-0.015007623
9118600124,9118597735,0.048949532,-0.0954871,-0.016844854
9118610569,9118607770,0.049356222,-0.0778114,-0.018267106
9118621985,9118617942,0.048527453,-0.051540833,-0.018961448
9118629455,9118627038,0.03666117,-0.038461145,-0.018560093
9118640162,9118637745,0.032990042,-0.058275368,-0.017094009
9118650610,9118647826,0.04712098,-0.089191034,-0.015341196
9118661082,9118657608,0.06572615,-0.111954175,-0.013591963
9118670566,9118668169,0.07588421,-0.12655935,-0.012006136
9118679717,9118677325,0.0867953,-0.14272772,-0.010993602
9118691129,9118688329,0.086313546,-0.13685374,-0.009967489
9118700634,9118698267,0.08071316,-0.12226011,-0.009370622
9118710058,9118707696,0.09002345,-0.119580396,-0.009272052
9118720515,9118717932,0.10583034,-0.12391497,-0.009645567
9118731154,9118727773,0.11548751,-0.1192824,-0.010905322
9118740572,9118738200,0.115719676,-0.10488252,-0.013518149
9118749973,9118747614,0.12233536,-0.10437574,-0.016526358
9118760456,9118757659,0.13662316,-0.121958025,-0.019230813
9118769885,9118767324,0.1304043,-0.11934811,-0.02095681
9118780389,9118777967,0.117421284,-0.1144109,-0.021991998
9118790767,9118788007,0.12978676,-0.13533765,-0.021743406
9118802064,9118798010,0.13499145,-0.1509823,-0.020345515
9118809648,9118807222,0.11906254,-0.1401665,-0.018897997
9118820352,9118817771,0.110751756,-0.1323616,-0.017818756
9118830722,9118828153,0.110222004,-0.15017715,-0.017301437
9118840187,9118837820,0.11900506,-0.16886276,-0.017198553
9118850635,9118848057,0.12932852,-0.16724676,-0.017595923
9118860995,9118858439,0.13550816,-0.15816396,-0.01836796
9118871468,9118868313,0.13902509,-0.1491517,-0.019179303
9118879980,9118877425,0.13362475,-0.13781649,-0.020027889
9118890563,9118888149,0.13094011,-0.1350797,-0.021001017
9118900423,9118897824,0.13312131,-0.14131275,-0.02181079
9118909934,9118907180,0.1333446,-0.14560415,-0.022616595
9118920438,9118918047,0.13308689,-0.14640133,-0.02357266
9118930871,9118928481,0.13280664,-0.14370193,-0.024491582
9118941468,9118938082,0.12845638,-0.13826494,-0.025097437
9118950176,9118947799,0.12084676,-0.13530453,-0.025165904
9118960375,9118957983,0.12034315,-0.13504073,-0.024545856
9118970840,9118968253,0.11999098,-0.12555699,-0.023368614
9118981347,9118977974,0.112652965,-0.10868427,-0.022079933
9118990410,9118988041,0.109290734,-0.10144139,-0.020883624
9119000914,9118998513,0.10681756,-0.09410555,-0.019842809
9119011339,9119008744,0.101561986,-0.08945441,-0.018965939
9119020827,9119018261,0.09955205,-0.09431266,-0.018028375
9119030269,9119027901,0.09178781,-0.0846864,-0.016788082
9119040783,9119038191,0.07315616,-0.061212305,-0.014860003
9119052270,9119048380,0.04797225,-0.03207865,-0.011635193
9119060675,9119058307,0.0039052106,0.012485959,-0.0070670946
9119070818,9119068397,-0.045731902,0.061649993,-0.0012823385
9119081213,9119078642,-0.079987586,0.093701646,0.0055658226
9119090761,9119088196,-0.09742348,0.1043552,0.011856496
9119101199,9119098824,-0.09484419,0.09874113,0.017200353
9119111653,9119109069,-0.095603675,0.10103443,0.020610716
9119122145,9119118759,-0.08452164,0.07554549,0.022763504
9119130466,9119127912,-0.043328486,0.014880735,0.024628093
9119141008,9119138617,-0.03218297,0.012824412,0.026529659
9119151360,9119148810,-0.08176488,0.08474626,0.0267269
9119160993,9119157520,-0.13387135,0.13881677,0.025624678
9119170412,9119167856,-0.12640037,0.10225795,0.0245567
9119180936,9119178332,-0.09986298,0.051386826,0.024236761
9119192348,9119188988,-0.09787578,0.055742122,0.024130953
9119200775,9119198232,-0.11817811,0.10368188,0.024149926
9119211287,9119208912,-0.09185387,0.0746837,0.02528478
9119221737,9119218943,-0.019707352,-0.029006846,0.028193893
9119232149,9119228045,-0.008566059,-0.052482054,0.03120772
9119240766,9119238321,-0.06443329,0.00834984,0.032951895
9119251025,9119248430,-0.0958877,0.022830445,0.033407476
9119261461,9119258674,-0.11071355,0.013986558,0.033764534
9119270909,9119268344,-0.1251161,0.022471495,0.03450146
9119280936,9119278537,-0.12854984,0.028245088,0.03600793
9119291462,9119288824,-0.11986004,0.0318064,0.03820262
9119300800,9119297450,-0.0891055,0.03807948,0.04043987
9119311260,9119308878,-0.054522127,0.021168904,0.044164915
9119320662,9119318095,-0.012076519,-0.01881677,0.04782143
9119331251,9119328670,-0.012156818,-0.010616308,0.051106382
9119340752,9119338149,-0.027312368,0.011801792,0.053443152
9119351174,9119348791,-0.015240405,-0.011880485,0.057625905
9119361599,9119358824,-0.007984292,-0.025175055,0.06348702
9119372131,9119369132,-0.03098765,0.005813497,0.07019602
9119380495,9119378145,-0.028344262,0.007601115,0.075482726
9119391147,9119388774,0.007879563,-0.03502649,0.08084502
9119401732,9119399149,0.024101626,-0.035328303,0.08613043
9119412783,9119410160,0.0019749869,0.017118115,0.09216894
9119421479,9119418861,-0.012116855,0.06418918,0.09827305
9119431573,9119428764,-0.028327607,0.11558035,0.10589102
9119442985,9119439335,-0.028806973,0.14422446,0.11300097
9119451379,9119449014,0.014485868,0.10582298,0.118890926
9119461399,9119458835,0.03857205,0.07573019,0.12375464
9119471781,9119469023,0.016574206,0.08614491,0.12759483
9119482242,9119478331,-0.0066167247,0.0837527,0.12900138
9119490642,9119488294,-0.040973824,0.06993669,0.1269114
9119501380,9119499006,-0.087064266,0.084888175,0.123387724
9119512081,9119509429,-0.081255645,0.10223278,0.12020456
9119521820,9119519427,-0.07117973,0.10399282,0.11730493
9119531475,9119528873,-0.08861246,0.119491845,0.115058534
9119542043,9119539415,-0.09670572,0.14942792,0.11327812
9119552474,9119548997,-0.102336995,0.19553821,0.11167116
9119561892,9119559541,-0.07893058,0.20676538,0.10888471
9119571275,9119568903,-0.041019246,0.16934451,0.10604601
9119581841,9119579054,-0.035614647,0.14037834,0.10320355
9119591403,9119588809,-0.035430625,0.11100059,0.10033599
9119601938,9119599568,-0.024172496,0.06117405,0.096322514
9119612410,9119609613,-0.048419695,0.03191047,0.09086185
9119622884,9119619437,-0.0927868,0.02621115,0.084482916
9119631322,9119628934,-0.10237898,0.009315342,0.07845234
9119641862,9119639434,-0.112879746,0.037620492,0.07170405
9119652229,9119649423,-0.13303155,0.11731147,0.065759495
9119661636,9119659282,-0.097789116,0.15854499,0.06273621
9119672202,9119669593,-0.04181699,0.13647869,0.06295462
9119682685,9119679880,-0.022158079,0.09812875,0.0639679
9119693124,9119689652,-0.012372639,0.04082883,0.06400282
9119701580,9119699026,-0.013655908,-0.019465879,0.06288269
9119712206,9119709825,-0.048359796,-0.029770236,0.059900835
9119721549,9119718996,-0.06808566,-0.029788632,0.056095056
9119732246,9119728863,-0.043655433,-0.024495367,0.051875353
9119741571,9119738964,-0.0096143,-0.018158358,0.047935665
9119751594,9119749024,0.029086392,-0.061141413,0.043396004
9119762347,9119758878,0.06772382,-0.1561135,0.037438065
9119772092,9119769670,0.06281869,-0.21379337,0.029420517
9119781490,9119779114,0.0116500575,-0.23297533,0.021565894
9119791998,9119789402,-0.03512162,-0.1880274,0.0132462
9119801447,9119798292,-0.044460554,-0.11422089,0.007482014
9119812034,9119809595,0.002535252,-0.10002819,0.003221096
9119821357,9119818801,0.07840537,-0.1433749,0.0023209462
9119831791,9119829210,0.110457376,-0.19042999,0.0031016008
9119841749,9119839315,0.09927524,-0.22160636,0.0035474058
9119851966,9119849545,0.052884538,-0.21259889,0.0028415862
9119862410,9119859823,0.003669262,-0.1507344,0.0009930539
9119872801,9119869097,0.011032412,-0.13482793,-0.00020603626
9119881212,9119878648,0.06709101,-0.18388806,0.0015050634
9119891755,9119889341,0.08720958,-0.1799197,0.005613504
9119902127,9119899560,0.076438814,-0.14220038,0.009400939
9119911609,9119909050,0.0888178,-0.12436865,0.01233477
9119922088,9119919738,0.112952955,-0.13862406,0.015722152
9119932536,9119929746,0.10601237,-0.15519206,0.020212214
9119943200,9119940046,0.06531517,-0.1530918,0.026589293
9119951640,9119949083,0.011743128,-0.117359325,0.03382916
9119962094,9119959720,0.0068711415,-0.08040851,0.042818293
9119972593,9119969832,0.04624777,-0.087066986,0.050080813
9119982025,9119979662,0.08916202,-0.14609618,0.054744087
9119992514,9119989962,0.0987138,-0.19302158,0.056373235
9120001874,9119999122,0.077670924,-0.1961029,0.055311404
9120013559,9120010163,0.06705998,-0.17828989,0.052437264
9120022069,9120019476,0.06740724,-0.14213705,0.04990073
9120032215,9120029022,0.05491797,-0.087551475,0.048832342
9120042720,9120039922,0.06144075,-0.08676175,0.05104354
9120052169,9120048814,0.08052522,-0.12486268,0.054812513
9120062630,9120060047,0.060792193,-0.13084045,0.058121487
9120072427,9120070066,0.035665948,-0.14196864,0.058078572
9120082894,9120080106,0.038084295,-0.18678112,0.05604368
9120092365,9120089796,0.03196198,-0.1878977,0.053331904
9120102890,9120100513,0.032205626,-0.17070551,0.050411407
9120112376,9120109584,0.050728723,-0.18972006,0.04840027
9120123776,9120119922,0.06261457,-0.2003311,0.046419796
9120132174,9120129812,0.06555421,-0.19972265,0.044540435
9120142696,9120140300,0.057225645,-0.19431528,0.042189654
9120153128,9120150540,0.044621296,-0.20131035,0.03914467
9120162129,9120159771,0.041924194,-0.22602718,0.03585663
9120172658,9120170261,0.036904912,-0.21512993,0.031774234
9120183012,9120180253,0.028249098,-0.17776129,0.027866097
9120193703,9120190301,0.02437488,-0.15967996,0.024550654
9120202082,9120199726,0.030659873,-0.16799848,0.022249069
9120212649,9120210266,0.038250506,-0.16347764,0.019883651
9120223010,9120220445,0.019765843,-0.10276838,0.017589478
9120232461,9120230095,0.020833896,-0.063885435,0.01721211
9120242963,9120240600,0.060880657,-0.08931148,0.019430617
9120253370,9120250605,0.09037331,-0.11154283,0.0216605
9120263535,9120259882,0.08752583,-0.13630238,0.021772576
9120272592,9120270224,0.04659897,-0.113004886,0.01914463
9120282145,9120279766,0.018425904,-0.0667215,0.015357542
9120292508,9120289944,0.033065706,-0.07120614,0.011918379
9120303008,9120300031,0.032954257,-0.06324476,0.009608754
9120312450,9120309880,0.019040868,-0.045236055,0.008250342
9120322879,9120320089,0.0050213765,-0.02004401,0.00751301
9120334602,9120330555,-0.011273489,0.0073672496,0.007126337
9120342057,9120339656,-0.025357448,0.011965379,0.00727909
9120352549,9120350198,-0.04744286,0.02925526,0.007303776
9120363163,9120360336,-0.06612965,0.059708424,0.0063695055
9120373618,9120370243,-0.035288982,0.032699663,0.0054629287
9120383027,9120380653,-0.0067008194,0.0065433914,0.0050521893
9120392416,9120390059,-0.025782341,0.035984393,0.0045365333
9120403049,9120400268,-0.038918566,0.045632824,0.003999464
9120412512,9120410137,-0.015177491,-0.0025155852,0.0039265314
9120423065,9120420680,0.000121565536,-0.03660664,0.00455876
9120433553,9120430731,-0.031054543,0.0073539936,0.005309434
9120444115,9120440570,-0.050412558,0.062035255,0.0052128974
9120452748,9120450149,-0.03197469,0.08401273,0.0037655262
9120463159,9120460781,-0.03971306,0.111190826,0.00019422406
9120472760,9120469969,-0.073842876,0.14179409,-0.0038174852
9120483253,9120480866,-0.086977005,0.13481164,-0.008020444
9120493609,9120490124,-0.08283748,0.10889041,-0.010921547
9120502412,9120499943,-0.08202066,0.108006544,-0.013652896
9120514121,9120510922,-0.09753252,0.14447948,-0.01617586
9120522777,9120520139,-0.09471463,0.15066361,-0.017271254
9120533504,9120531072,-0.045792207,0.091320775,-0.017071592
9120542890,9120540311,-0.020359103,0.05666317,-0.015996385
9120553402,9120550053,-0.049109407,0.086946376,-0.0148946
9120562810,9120560462,-0.048595406,0.07458223,-0.013444069
9120573290,9120570514,-0.03427445,0.043587454,-0.010926718
9120584750,9120580896,-0.04491782,0.07815417,-0.00794461
9120593163,9120590809,-0.043421734,0.12952122,-0.004972254
9120602608,9120600046,-0.035730623,0.17415497,-0.0025688373
9120613117,9120610318,-0.038367596,0.19059774,-0.00088981795
9120623659,9120620703,-0.03961006,0.16710766,0.0006183196
9120632797,9120630434,-0.06294978,0.14387168,0.0020388048
9120643312,9120640914,-0.09937048,0.14896095,0.0038875178
9120653752,9120651166,-0.12552442,0.1536073,0.006335793
9120666227,9120661461,-0.13781008,0.12756623,0.009333453
9120673583,9120670618,-0.14243777,0.10100286,0.012385905
9120683968,9120681363,-0.13937476,0.10629435,0.01591771
9120694389,9120690921,-0.14631887,0.12721153,0.018765446
9120703063,9120700479,-0.15219584,0.16002026,0.020686302
9120713584,9120711002,-0.13978133,0.17859326,0.021563202
9120723976,9120721200,-0.118559085,0.18003096,0.021662
9120733506,9120730902,-0.09659799,0.15797523,0.021573225
9120742937,9120740566,-0.07827284,0.12544914,0.021654554
9120753303,9120750546,-0.0774037,0.121819355,0.021372741
9120764787,9120761146,-0.08667725,0.13186146,0.020272536
9120773229,9120770873,-0.08748582,0.110503465,0.019551834
9120783797,9120781213,-0.09527002,0.10528163,0.019790744
9120794275,9120791470,-0.09660651,0.1375211,0.020935096
9120803697,9120801146,-0.07698895,0.13786454,0.023177698
9120813150,9120810791,-0.072590865,0.13532925,0.025597304
9120823635,9120820656,-0.07871117,0.13751945,0.027414229
9120835126,9120831444,-0.0805352,0.113643415,0.028946776
9120843633,9120841055,-0.09829892,0.1035512,0.029610256
9120853024,9120850464,-0.11328566,0.08830114,0.029947689
9120864391,9120861637,-0.0968671,0.052528687,0.03064297
9120873998,9120871030,-0.078817695,0.013001621,0.03114224
9120883429,9120881064,-0.085588284,0.008374844,0.030899711
9120893956,9120891585,-0.10677847,0.048211217,0.029963195
9120904402,9120901604,-0.112073,0.09093886,0.029907044
9120913129,9120910572,-0.07779277,0.079761,0.031224819
9120923655,9120921290,-0.04410484,0.04829908,0.033051006
9120934098,9120931307,-0.032890726,0.025229119,0.033398505
9120944586,9120941135,-0.04802596,0.0017157011,0.03145124
9120954169,9120951753,-0.07100688,-0.015965763,0.027223554
9120963502,9120961143,-0.08312282,-0.023021998,0.022722892
9120973941,9120971358,-0.06426437,-0.025317987,0.017867953
9120983362,9120981008,-0.03265915,-0.034299906,0.013295455
9120993913,9120991514,-0.020105252,-0.042003095,0.008317821
9121004364,9121001578,-0.015501775,-0.057181656,0.003665932
9121014863,9121011510,-0.0037357118,-0.09222141,-0.00060841674
9121023262,9121020897,0.019875936,-0.14984573,-0.004721498
9121033786,9121031377,0.041778106,-0.18604238,-0.009521607
9121043976,9121041332,0.024962233,-0.14594552,-0.0140275825
9121053587,9121051036,-0.035488106,-0.012787163,-0.017758785
9121064060,9121061674,-0.009208706,0.017443024,-0.018151326
9121074736,9121071961,0.10346291,-0.08414359,-0.014190812
9121085763,9121081870,0.14035109,-0.12931517,-0.010083422
9121093135,9121090768,0.087788045,-0.118188724,-0.008620341
9121103572,9121101182,0.06322372,-0.15496314,-0.0089169415
9121113937,9121111175,0.060341805,-0.19332896,-0.010425361
9121124575,9121121084,0.046776198,-0.18637523,-0.013568251
9121133952,9121131599,0.05397219,-0.16997959,-0.01781771
9121144490,9121141878,0.0689327,-0.13627249,-0.02089275
9121154797,9121151311,0.08418165,-0.096288845,-0.021274937
9121163479,9121161083,0.10891691,-0.099341586,-0.018989854
9121173748,9121171328,0.120937936,-0.12622266,-0.0157107
9121184130,9121181329,0.10888488,-0.14117467,-0.012806305
9121194677,9121191528,0.08391002,-0.14004476,-0.010129457
9121204245,9121201811,0.06577881,-0.13089295,-0.007601023
9121213747,9121211350,0.047568906,-0.09262134,-0.0046993876
9121224138,9121221556,0.05126354,-0.06073536,0.00037048105
9121233630,9121231079,0.08864731,-0.08031389,0.0070800106
9121244222,9121241842,0.114936806,-0.11439964,0.0144315045
9121254755,9121251969,0.11994319,-0.14919072,0.019708306
9121265199,9121261821,0.119890064,-0.19128129,0.023037633
9121273644,9121271271,0.12289704,-0.2153254,0.024115045
9121283964,9121281568,0.14362594,-0.24443649,0.023985157
9121294492,9121291676,0.15055239,-0.23687126,0.023560705
9121303907,9121301312,0.12748785,-0.16331461,0.022423206
9121313985,9121311589,0.12776843,-0.13990787,0.021254953
9121324323,9121321548,0.14387007,-0.17315462,0.020818407
9121335872,9121332212,0.13527343,-0.2024126,0.020405555
9121344144,9121341552,0.10987994,-0.2354645,0.01941673
9121354651,9121352241,0.09813405,-0.28014565,0.017474703
9121365004,9121362245,0.06385777,-0.25385973,0.015157355
9121374626,9121371633,-0.0018338263,-0.12420941,0.012773857
9121383984,9121381430,-0.003137689,-0.09958899,0.012358639
9121394478,9121391887,0.038646307,-0.19380568,0.016113773
9121405932,9121402480,0.035746463,-0.23726514,0.02168646
9121414458,9121412099,0.030008996,-0.24639595,0.025824966
9121424905,9121422524,0.061971735,-0.26771042,0.028696492
9121434254,9121431690,0.08285475,-0.23853149,0.029166076
9121444140,9121441160,0.09722551,-0.20025702,0.027169935
9121454556,9121452147,0.12495801,-0.20809694,0.02337951
9121464129,9121461728,0.11957358,-0.16877379,0.019975938
9121474615,9121472024,0.067615114,-0.08430539,0.016796876
9121484021,9121481457,0.05034913,-0.08538957,0.0150686735
9121494582,9121492145,0.059295163,-0.14260598,0.014292261
9121505130,9121502324,0.039419338,-0.12789765,0.0126364445
9121515806,9121512107,0.040320173,-0.13560906,0.009700115
9121526371,9121521837,0.047224056,-0.16435798,0.006625369
9121534936,9121532134,0.005597908,-0.10372136,0.0033219254
9121544594,9121542296,-0.02415834,-0.044342652,0.00063953525
9121555037,9121552645,-0.017878557,-0.031347483,-0.00071601314
9121564572,9121562201,-0.022692751,0.014480822,-0.0016722757
9121574968,9121572200,-0.032471973,0.042205933,-0.0026741498
9121586450,9121582600,-0.04053785,0.039242163,-0.003432723
9121594850,9121592492,-0.069204114,0.0866135,-0.005048476
9121604320,9121601933,-0.09451364,0.15900815,-0.008182768
9121614689,9121612121,-0.088174626,0.18234792,-0.011810425
9121625156,9121622608,-0.08665616,0.19695076,-0.014014604
9121634785,9121632409,-0.07978851,0.18340775,-0.013933049
9121645254,9121642667,-0.042607833,0.10829019,-0.011381157
9121655794,9121652816,-0.01585928,0.056503028,-0.0072259144
9121664176,9121661624,-0.027818803,0.061374653,-0.0032481118
9121674746,9121672366,-0.054436397,0.07585707,0.0014713798
9121685094,9121682536,-0.0734289,0.09098346,0.0054349634
9121694547,9121691570,-0.09717162,0.1263006,0.00828789
9121705040,9121702452,-0.11493625,0.16773994,0.010664833
9121715528,9121712119,-0.12861878,0.23973742,0.011209423
9121726011,9121723065,-0.1265699,0.27889138,0.010226712
9121734567,9121731978,-0.113699526,0.2469928,0.008917865
9121745092,9121742683,-0.122597314,0.19467935,0.0074049113
9121755578,9121752781,-0.1480552,0.14515159,0.0067938915
9121766097,9121762651,-0.19445595,0.11508311,0.007632971
9121774663,9121772273,-0.26246765,0.1672671,0.0092646545
9121785170,9121782812,-0.26262558,0.20380028,0.012037288
9121795731,9121793143,-0.17165343,0.17294288,0.0164422
9121805240,9121802874,-0.05715213,0.11109545,0.022334527
9121815722,9121812220,-0.017726362,0.062346764,0.029529935
9121825129,9121822380,-0.08096528,0.08645347,0.036202878
9121835719,9121832772,-0.14888456,0.12459403,0.040147334
9121845162,9121842802,-0.15432517,0.11406493,0.042589583
9121854587,9121852034,-0.13212965,0.10041316,0.043845095
9121865040,9121862264,-0.1235777,0.15668136,0.043890767
9121875597,9121873042,-0.10121243,0.1911901,0.044337034
9121885229,9121882844,-0.072791204,0.16093628,0.046185218
9121895662,9121892886,-0.084296905,0.17097096,0.047942977
9121906144,9121902992,-0.09343268,0.20139991,0.048805665
9121914567,9121912215,-0.06944722,0.19007769,0.049597256
9121925012,9121922636,-0.05174051,0.15891708,0.051002346
9121935473,9121932868,-0.050263733,0.11876218,0.052432746
9121945960,9121942299,-0.06755667,0.10474263,0.052243337
9121955380,9121953017,-0.09012585,0.1437069,0.04957732
9121965910,9121963291,-0.09889254,0.20395505,0.04604757
9121976599,9121973241,-0.08934177,0.24718224,0.043581884
9121987055,9121982540,-0.052616373,0.23003821,0.043146282
9121995526,9121992365,-0.022020083,0.18693556,0.043629024
9122006042,9122003448,-0.03647796,0.17465952,0.043218717
9122016492,9122012806,-0.060937293,0.13224584,0.041526195
9122024876,9122022512,-0.06525063,0.044131048,0.038480237
9122035395,9122033014,-0.07894261,0.021490693,0.033260476
9122045869,9122043273,-0.10226006,0.07206692,0.027240913
9122055454,9122053086,-0.10496169,0.11538173,0.023316983
9122065934,9122063542,-0.08712403,0.1411046,0.022021085
9122075329,9122072735,-0.05841089,0.11647246,0.022671347
9122086811,9122083155,-0.05102136,0.050537843,0.023703856
9122095236,9122092864,-0.07160764,-0.0005012974,0.02346611
9122105789,9122103358,-0.10784967,-0.038381144,0.022303794
9122116115,9122113325,-0.15225793,-0.07401277,0.020399721
9122125628,9122123069,-0.15079784,-0.07114711,0.017561542
9122135167,9122132789,-0.09942324,-0.06647627,0.014845559
9122145647,9122142842,-0.036971055,-0.100917034,0.012890845
9122157182,9122153506,-0.0023845732,-0.092246115,0.011049464
9122165613,9122163053,-0.013552647,-0.023770362,0.00963851
9122175126,9122172727,-0.01773538,-0.050157294,0.010254059
9122185527,9122182924,0.002591055,-0.16422951,0.012969795
9122195986,9122192546,0.0025647338,-0.25268734,0.014967448
9122205522,9122202919,-0.012815897,-0.2713482,0.014821652
9122216017,9122213204,-0.05167126,-0.19332473,0.012282722
9122226693,9122223537,-0.07812779,-0.08232268,0.009577345
9122235141,9122232553,0.004615251,-0.092967466,0.01005548
9122245646,9122243255,0.10635119,-0.16413465,0.0138405105
9122255998,9122253445,0.12789562,-0.1835598,0.017506137
9122266244,9122262755,0.10358613,-0.19923835,0.019148713
9122275678,9122273313,0.09479048,-0.23781261,0.018609384
9122286174,9122283794,0.085963055,-0.22707924,0.016158959
9122295502,9122292945,0.08201379,-0.1574041,0.014110425
9122305637,9122303228,0.12579143,-0.15014108,0.014595761
9122316048,9122313668,0.18023673,-0.1836768,0.01833076
9122326397,9122323243,0.18899383,-0.18587308,0.02350248
9122336946,9122333508,0.16331676,-0.20193838,0.029906243
9122345468,9122343093,0.13396996,-0.2590952,0.03497862
9122355961,9122353551,0.0856166,-0.25424972,0.037094325
9122366466,9122363852,0.008938119,-0.15753296,0.034976598
9122375916,9122373334,0.010015368,-0.12528086,0.031935204
9122385566,9122383160,0.12056493,-0.21066834,0.03165716
9122396318,9122393546,0.17132196,-0.22983463,0.033589825
9122407798,9122403741,0.15244101,-0.19342335,0.03603688
9122415609,9122413257,0.1396741,-0.21207625,0.039436985
9122426099,9122423719,0.12052068,-0.22157028,0.043149788
9122436511,9122433727,0.09701872,-0.18203449,0.045480266
9122447003,9122443108,0.1233051,-0.20952745,0.048205934
9122456466,9122453516,0.17233023,-0.2808354,0.052946843
9122466157,9122463381,0.16858667,-0.28251737,0.05730184
9122477852,9122473803,0.14018892,-0.24683677,0.060037725
9122485239,9122482885,0.118478835,-0.22023945,0.060865745
9122495737,9122493381,0.097282305,-0.19069538,0.060709957
9122506163,9122503368,0.09946154,-0.18148634,0.0609932
9122516855,9122513628,0.13617538,-0.22339195,0.06265582
9122526408,9122524021,0.14390548,-0.22010094,0.06378509
9122535948,9122533152,0.12041086,-0.17149842,0.06278883
9122547199,9122543529,0.111417726,-0.14689936,0.05961098
9122556235,9122553631,0.10608546,-0.109243125,0.05519159
9122566725,9122564303,0.14033641,-0.13591398,0.0514139
9122576173,9122573615,0.180717,-0.19551863,0.049771637
9122586686,9122583736,0.15358947,-0.15661776,0.04760109
9122596156,9122593766,0.1353558,-0.11586994,0.044169296
9122606222,9122603607,0.14610718,-0.14451803,0.04066342
9122616750,9122613899,0.13533224,-0.14432973,0.037022263
9122628111,9122623132,0.11460772,-0.11514707,0.03368382
9122638837,9122634351,0.13272122,-0.14896975,0.030448299
9122647212,9122645750,0.159411,-0.19900078,0.028490774
9122657725,9122653854,0.13221571,-0.17037377,0.027381059
9122666096,9122663733,0.096771955,-0.1015978,0.025632162
9122676598,9122674206,0.111822605,-0.114661,0.024062749
9122687005,9122684422,0.1301302,-0.14167646,0.02292667
9122696469,9122694119,0.11331422,-0.094997615,0.021608436
9122705900,9122703544,0.09671958,-0.04756385,0.020349625
9122716339,9122713548,0.09273763,-0.046247493,0.019452533
9122727948,9122724493,0.0854002,-0.04365491,0.018663034
9122736787,9122734414,0.07052432,-0.015521292,0.017723402
9122746079,9122743713,0.059107646,0.005035285,0.016464984
9122756557,9122753967,0.05444832,0.017422851,0.01406608
9122767060,9122763652,0.041565724,0.04174511,0.010350227
9122776479,9122774108,0.041168585,0.03161589,0.0055332445
9122786891,9122784308,0.04134118,0.003201086,0.00091757905
9122798347,9122794502,0.017517928,0.018453639,-0.0040286705
9122805783,9122803413,0.00028863177,0.05675082,-0.008996399
9122816421,9122814020,0.010972393,0.055438414,-0.014630528
9122826768,9122824214,0.0031789644,0.08644212,-0.01977127
9122837252,9122834100,-0.03432034,0.1653909,-0.024977963
9122846703,9122844330,-0.06545185,0.208749,-0.031099597
9122857163,9122854756,-0.08137137,0.2532408,-0.039879777
9122866538,9122863952,-0.09097803,0.3060811,-0.04986363
9122876016,9122873631,-0.069251366,0.2462793,-0.060375713
9122886483,9122884089,-0.028750755,0.13332212,-0.0695003
9122897050,9122894419,0.011636108,0.034859747,-0.07507698
9122908452,9122904203,0.03585126,-0.0446089,-0.07647182
9122916788,9122914210,0.0030024163,-0.04195521,-0.073785126
9122927356,9122923640,-0.0696722,0.046541218,-0.069762014
9122936751,9122934466,-0.09900162,0.097852096,-0.06566091
9122946266,9122943902,-0.08136928,0.067207344,-0.06226501
9122956745,9122954356,-0.063408576,0.016530149,-0.059262473
9122967192,9122964390,-0.04310374,-0.05533185,-0.056638025
9122977983,9122973717,-0.034949295,-0.114092134,-0.05391706
9122986568,9122983971,-0.06340877,-0.08268695,-0.0520368
9122996978,9122994597,-0.09271142,-0.021292962,-0.052417696
9123007412,9123004819,-0.11307224,0.03156158,-0.054993045
9123016935,9123013937,-0.11948547,0.08090949,-0.058446657
9123027348,9123024962,-0.1213027,0.10702292,-0.06262617
9123037831,9123035024,-0.14344977,0.11706415,-0.0653115
9123048269,9123044883,-0.15182069,0.07058076,-0.06565196
9123056647,9123054286,-0.13812202,-0.0032956116,-0.06369421
9123067234,9123064841,-0.14560263,-0.014735278,-0.06056215
9123077697,9123075065,-0.17514537,0.019546527,-0.05749277
9123088140,9123084454,-0.19057181,0.04724391,-0.05401007
9123097551,9123095179,-0.17824571,0.06765137,-0.049807403
9123106918,9123104350,-0.13652574,0.06794209,-0.046841595
9123117309,9123114524,-0.1058086,0.0453047,-0.044225406
9123126731,9123124379,-0.11375004,0.052757584,-0.042305876
9123137180,9123134803,-0.12986186,0.07445727,-0.040807623
9123147179,9123144344,-0.13719958,0.09938172,-0.039558403
9123157632,9123154662,-0.1475123,0.122669235,-0.037985824
9123167066,9123164670,-0.147961,0.12257883,-0.035756208
9123177547,9123174936,-0.14804515,0.10944742,-0.03263358
9123187927,9123185139,-0.16258493,0.10779414,-0.02889481
9123197436,9123194872,-0.17933102,0.10443865,-0.025010062
9123206899,9123204527,-0.16683808,0.078742966,-0.021232702
9123217297,9123214525,-0.13857773,0.064251706,-0.01807155
9123229000,9123225051,-0.15085647,0.10272749,-0.016021222
9123237352,9123234994,-0.17833172,0.14677165,-0.014363663
9123246773,9123244215,-0.17419411,0.14409912,-0.012101919
9123257339,9123254574,-0.16621287,0.12571326,-0.009012034
9123267816,9123265472,-0.16615233,0.11362654,-0.005728271
9123277245,9123274688,-0.16254002,0.09106166,-0.0028393161
9123287674,9123284899,-0.1616636,0.062489532,0.00029046065
9123299169,9123295321,-0.1744264,0.061940603,0.0022792884
9123306605,9123304008,-0.19678,0.11642671,0.0024213172
9123317258,9123314865,-0.1824859,0.14473122,0.0019827916
9123327639,9123324856,-0.12638088,0.1001024,0.001907527
9123338104,9123334457,-0.08954306,0.049886145,0.0014030939
9123347784,9123345222,-0.099529624,0.04927545,-0.00023893977
9123357173,9123354612,-0.103640184,0.03639284,-0.0021238304
9123368667,9123365302,-0.10088444,0.015012562,-0.004265745
9123377077,9123374729,-0.11141754,0.015364382,-0.0060036955
9123387558,9123385207,-0.12483413,0.04431568,-0.006990387
9123398129,9123395332,-0.12028393,0.0631956,-0.006685936
9123408635,9123405180,-0.11690663,0.07640204,-0.006416461
9123417039,9123414465,-0.11748729,0.116487384,-0.006914222
9123427512,9123425132,-0.103260405,0.1359221,-0.006468967
9123437875,9123435297,-0.09686474,0.116806276,-0.0040836856
9123447364,9123444810,-0.11421011,0.09285959,-0.0018764995
9123457776,9123454784,-0.12510118,0.07522987,-0.0010035019
9123468247,9123465448,-0.11661331,0.05097258,-0.0013432158
9123478787,9123475120,-0.0960554,0.019131586,-0.0023397594
9123487384,9123484975,-0.07363111,-0.017491117,-0.003619601
9123497880,9123495485,-0.05343368,-0.06630248,-0.005943449
9123508480,9123505858,-0.06325629,-0.06683627,-0.010722702
9123517982,9123515582,-0.11216565,0.03436066,-0.016903462
9123527558,9123525166,-0.115928225,0.12887016,-0.020394068
9123538133,9123535351,-0.050484546,0.114739,-0.018573359
9123548804,9123545601,0.044083882,0.01378246,-0.013387792
9123557447,9123555067,0.14224707,-0.08744924,-0.008059707
9123568068,9123565615,0.15336344,-0.065237775,-0.0047764466
9123578353,9123575763,0.12192786,-0.042352982,-0.0052007847
9123587837,9123585474,0.11930004,-0.10814156,-0.0064840876
9123597235,9123594880,0.11350261,-0.10502222,-0.007502399
9123607810,9123605029,0.071282715,0.0005128458,-0.009509856
9123618367,9123614920,0.04943163,0.04295742,-0.012303242
9123627785,9123625228,0.04735153,0.010392083,-0.015674643
9123638271,9123635881,0.02526496,-0.037934784,-0.018992875
9123647680,9123645095,0.031105094,-0.1698682,-0.019757552
9123658754,9123655073,0.041118488,-0.2445313,-0.019178122
9123667378,9123664985,-0.0095108785,-0.14089459,-0.020605527
9123677961,9123675603,-0.05844247,0.00828331,-0.023391081
9123688463,9123685909,-0.064998314,0.08760126,-0.023524078
9123698926,9123695545,-0.036215007,0.09087905,-0.019229503
9123708285,9123705328,0.007570755,0.039080493,-0.010862773
9123718782,9123716030,0.0032144617,-0.0075320513,-0.0003713807
9123729286,9123725624,-0.05134494,-0.009466575,0.0071859136
9123737841,9123735450,-0.047921363,-0.030482024,0.011231647
9123748381,9123745986,0.023293355,-0.11624204,0.011520832
9123758699,9123755915,0.07453719,-0.16628104,0.008829771
9123768181,9123765783,0.07194606,-0.118213415,0.004332741
9123777639,9123775257,0.07228191,-0.091308884,-0.00029326975
9123787994,9123785239,0.08302157,-0.09357111,-0.0043048467
9123799531,9123795687,0.046572737,-0.0248954,-0.007944801
9123807996,9123805626,-0.0010489561,0.042429727,-0.010006733
9123818623,9123816178,0.034749504,-0.040260077,-0.008132181
9123828594,9123826030,0.09537667,-0.16848904,-0.0031975084
9123838045,9123835484,0.076961786,-0.16680406,0.0010141097
9123848561,9123846178,0.039116442,-0.11778069,0.0031563386
9123859027,9123856235,0.027735345,-0.10473089,0.003450861
9123869547,9123866189,0.00017930567,-0.06521753,0.0030783424
9123877986,9123875625,-0.038557604,0.0058790073,0.0031869642
9123888653,9123886288,-0.034652226,0.055000298,0.0047141695
9123899133,9123896517,0.016854294,0.06854828,0.0073237647
9123909006,9123905315,0.07458213,0.06391867,0.009180172
9123918805,9123916428,0.08058804,0.017322943,0.010102425
9123928548,9123925727,0.08597849,-0.09394188,0.010108624
9123940065,9123936172,0.07241894,-0.12788473,0.008056881
9123948534,9123945926,0.04083749,-0.07795973,0.0042267507
9123957894,9123955539,0.047975823,-0.05838082,0.001171401
9123968342,9123965561,0.051772468,-0.033068597,-0.00049207755
9123979798,9123975949,0.025432725,0.028605407,-0.0015244073
9123988411,9123986012,0.008230424,0.06941088,-0.0012392951
9123997868,9123995306,0.006915897,0.09231497,0.0009778279
9124008382,9124005784,0.0021380894,0.10309931,0.004955504
9124018073,9124015712,-0.031748544,0.12565592,0.008541166
9124028668,9124026283,-0.0751906,0.14733204,0.010751749
9124039031,9124036457,-0.09225908,0.15710737,0.010361551
9124049553,9124046181,-0.082201235,0.16998252,0.0070485566
9124057929,9124055564,-0.07279268,0.17933032,0.002328625
9124068438,9124065851,-0.089601696,0.2028239,-0.0030310042
9124079002,9124076389,-0.10820169,0.21732068,-0.0077496357
9124088380,9124085821,-0.05989521,0.15261763,-0.010021446
9124098879,9124096486,0.009174038,0.07384135,-0.010772464
9124109304,9124106513,0.03157423,0.042619742,-0.010570441
9124119752,9124116575,0.005675027,0.05864817,-0.009627455
9124130131,9124125837,-0.024741467,0.0791607,-0.008209842
9124138569,9124136208,-0.034421742,0.09460625,-0.0060401624
9124149015,9124146439,-0.03412737,0.10226077,-0.003470797
9124158840,9124156253,-0.04155256,0.08571841,-0.0006340223
9124168246,9124165866,-0.04718865,0.04919835,0.0017482815
9124178695,9124175923,-0.047761153,0.03782987,0.0025270674
9124190266,9124186585,-0.064009726,0.07778602,0.0010132854
9124198637,9124196091,-0.087910995,0.14189646,-0.001451837
9124209163,9124206767,-0.08727719,0.17573182,-0.0031031026
9124219521,9124216955,-0.061945684,0.17886025,-0.0032064046
9124228955,9124225607,-0.023337822,0.15464212,-0.0029543357
9124238443,9124236070,-0.006698519,0.11798626,-0.0027245828
9124249276,9124246672,-0.006059952,0.082875654,-0.002846554
9124258703,9124256141,-0.018912582,0.057842147,-0.0035223446
9124268169,9124265810,-0.035639424,0.058562156,-0.00486337
9124278759,9124276407,-0.040322304,0.08585509,-0.0066648903
9124289751,9124287149,-0.03381472,0.12492802,-0.008056786
9124299549,9124296397,-0.023191027,0.14438003,-0.008284585
9124309006,9124306424,-0.026054652,0.1316926,-0.007518136
9124319458,9124317077,-0.03895059,0.112755895,-0.0060007405
9124328987,9124326127,-0.05084821,0.09666393,-0.0043739844
9124339180,9124336588,-0.054763447,0.09419308,-0.0025411397
9124348939,9124346552,-0.047647994,0.08759931,-0.0005799718
9124359327,9124356544,-0.03786216,0.078316234,0.0016385375
9124370779,9124366726,-0.042453125,0.079835065,0.0032825996
9124378139,9124375595,-0.047177214,0.07989034,0.0037787445
9124388633,9124386270,-0.04426232,0.09179026,0.0032974486
9124399745,9124396971,-0.040815856,0.12153245,0.0022492222
9124410114,9124407414,-0.02568524,0.13772775,0.0019045237
9124419180,9124416738,-0.0061407443,0.12610205,0.002747881
9124429827,9124427256,-0.007148482,0.10020574,0.0041704946
9124440373,9124437199,-0.019796528,0.07871205,0.004917001
9124448776,9124446208,-0.031090094,0.056796003,0.0049048318
9124459409,9124456992,-0.039868444,0.033369843,0.004467063
9124468875,9124466090,-0.04577955,0.009077303,0.0036100554
9124479445,9124476621,-0.032305963,-0.008783076,0.0016655122
9124488783,9124486427,-0.0016585197,-0.045730297,-0.0015311417
9124499420,9124496597,0.028291276,-0.074588716,-0.00663194
9124510888,9124507030,0.03769444,-0.08359356,-0.0130345225
9124519390,9124517025,0.028161457,-0.07990234,-0.019343846
9124529033,9124526578,0.015885198,-0.07277398,-0.024917342
9124539615,9124537003,0.016590778,-0.06822028,-0.030075338
9124550229,9124546859,0.0146867465,-0.05026828,-0.034229837
9124558689,9124556341,0.0001681,-0.026864927,-0.03733378
9124569197,9124566792,0.002103759,-0.042385787,-0.038997162
9124579839,9124577246,0.015738249,-0.066851035,-0.039630547
9124589316,9124586959,0.007745938,-0.05911296,-0.040439542
9124599792,9124597414,-0.009474378,-0.0396247,-0.041101217
9124609227,9124606629,0.003425891,-0.05154469,-0.040601306
9124620179,9124616132,0.044735044,-0.098651916,-0.038610246
9124629602,9124627224,0.054224227,-0.0971397,-0.03580395
9124638993,9124636436,0.03424803,-0.048905548,-0.033940233
9124649516,9124646694,0.04512902,-0.069180176,-0.031211816
9124659064,9124656695,0.08372033,-0.14789203,-0.027658394
9124669809,9124667427,0.08871027,-0.15306501,-0.024514059
9124680247,9124677442,0.057194453,-0.09420683,-0.021969749
9124690612,9124686531,0.04257049,-0.09130764,-0.018999338
9124698937,9124696388,0.060345087,-0.14292498,-0.014823789
9124709440,9124707076,0.06964188,-0.16898033,-0.010076889
9124719954,9124717345,0.05116497,-0.12558576,-0.006232653
9124730409,9124726334,0.035080865,-0.070715174,-0.002980012
9124739862,9124737282,0.051814564,-0.09073368,0.0020058025
9124749590,9124746767,0.068397515,-0.1140133,0.007016542
9124761286,9124757620,0.0612687,-0.109940395,0.012177864
9124769740,9124767361,0.050521106,-0.11829826,0.016432192
9124779171,9124776559,0.025809202,-0.11756975,0.020570287
9124789577,9124786994,0.005871866,-0.099099964,0.025436541
9124800088,9124796401,0.02445525,-0.13463004,0.03066294
9124809542,9124806944,0.046700217,-0.17904282,0.037027173
9124819995,9124817419,0.025495257,-0.14951827,0.041489713
9124830564,9124827930,0.0033762828,-0.10738432,0.042930935
9124840211,9124837594,0.019888086,-0.1093759,0.04262659
9124849623,9124847240,0.04984887,-0.12175886,0.0416172
9124860028,9124857418,0.05687457,-0.100278504,0.03983821
9124870560,9124867178,0.05643829,-0.08934277,0.037923485
9124879951,9124877584,0.06525543,-0.11266756,0.036265455
9124889348,9124886991,0.07424969,-0.116805986,0.03418533
9124899726,9124896968,0.07219236,-0.109209955,0.030306105
9124910208,9124907656,0.060223933,-0.10467182,0.024955902
9124920066,9124917636,0.040866956,-0.100170635,0.019804705
9124930490,9124927698,0.038915925,-0.122535184,0.015833057
9124940885,9124936976,0.08316225,-0.20210095,0.014180537
9124949272,9124946921,0.090891905,-0.219437,0.012677047
9124959785,9124957404,0.026105335,-0.13702752,0.009084739
9124970172,9124967598,0.0053546876,-0.10583925,0.00538926
9124980733,9124978115,0.03914228,-0.13251556,0.0033854824
9124990082,9124987723,0.039959658,-0.112406194,0.0023077964
9125000672,9124998082,0.017658798,-0.06782363,0.0017728128
9125011278,9125007908,0.021603445,-0.046816293,0.00293596
9125019656,9125017111,0.045045465,-0.04842812,0.0056795096
9125029483,9125026891,0.058568366,-0.0749206,0.009166737
9125040024,9125037412,0.050929345,-0.093697526,0.0122881085
9125050549,9125047558,0.021946644,-0.06388394,0.01436649
9125059921,9125057540,0.019273939,-0.022527706,0.01577338
9125070378,9125067598,0.05671987,-0.0050750785,0.016996535
9125081890,9125078040,0.08589825,-0.004352346,0.01840069
9125089755,9125087343,0.07999755,-0.01339275,0.019777423
9125100226,9125097827,0.04497378,-0.029123116,0.02049524
9125110635,9125108058,0.015949843,-0.04288402,0.019816063
9125121111,9125117755,0.003277745,-0.0389961,0.01846825
9125130545,9125128163,-0.0060162786,-0.004904313,0.016955553
9125139940,9125137531,-0.0094002,0.02902148,0.016112393
9125150362,9125147575,-0.0044116843,0.042735968,0.015607114
9125159798,9125157448,-0.0137631595,0.08081345,0.014291982
9125170322,9125167904,-0.0132532045,0.10781987,0.012133077
9125180793,9125178019,0.0050334795,0.090640254,0.010061966
9125190915,9125187432,0.02080883,0.044310078,0.008065203
9125200308,9125197956,0.031363644,-0.002264943,0.005789468
9125209789,9125207416,0.024531242,0.0005645342,0.0031042441
9125221178,9125218414,6.732531e-05,0.050816566,-0.0016531518
9125230653,9125228301,0.0015843206,0.048101254,-0.0066045597
9125240162,9125237755,0.020465318,-0.00392206,-0.010730924
9125250679,9125247847,0.0064656218,0.007898139,-0.014647543
9125261359,9125258197,-0.034704708,0.083605245,-0.018775843
9125269772,9125267413,-0.05068571,0.12925395,-0.022075474
9125280278,9125277873,-0.020000659,0.09683257,-0.024314454
9125290619,9125288057,0.008368768,0.05119759,-0.025624508
9125301138,9125297492,0.017438171,0.030860266,-0.027352415
9125310604,9125308049,0.0029669525,0.061094653,-0.030468514
9125321053,9125318274,-0.018159755,0.098994866,-0.034323443
9125331553,9125328394,-0.026432589,0.104917765,-0.037923243
9125340802,9125338421,-0.022547083,0.10802609,-0.04062049
9125350232,9125347860,-0.012758783,0.11771399,-0.042425852
9125360750,9125358145,-0.0050418694,0.12715158,-0.044043325
9125371235,9125368045,-0.0041716937,0.14268506,-0.046055175
9125380593,9125378043,0.010781716,0.1353755,-0.047991768
9125391054,9125388468,0.04965191,0.08448118,-0.048751146
9125400389,9125397845,0.06787479,0.039155852,-0.0487972
9125411958,9125407851,0.032765903,0.04526851,-0.049307715
9125420445,9125418047,-0.014503976,0.048748646,-0.05040969
9125430860,9125428065,-0.046143547,0.031147245,-0.051505927
9125441463,9125438246,-0.06272412,0.03685221,-0.05255128
9125450800,9125448244,-0.06288493,0.051086076,-0.05327499
9125460232,9125457848,-0.032877028,0.030358417,-0.05303868
9125470633,9125468051,-0.0026251301,0.015794143,-0.05163623
9125481109,9125478763,-0.0058204466,0.04196306,-0.04923498
9125490553,9125488166,-0.017505422,0.054966748,-0.046177544
9125501027,9125498232,-0.011109062,0.017588753,-0.04226188
9125512047,9125508529,-0.012257546,-0.010092046,-0.039325137
9125520487,9125517903,-0.03755419,-0.0058920775,-0.03826029
9125531206,9125528776,-0.052790858,0.0037989225,-0.03749724
9125540682,9125538075,-0.041278224,0.0028744787,-0.036229134
9125551368,9125548809,-0.01518167,0.0011987649,-0.034465697
9125560765,9125558217,-0.011827385,0.02313455,-0.033559535
9125571182,9125568410,-0.028567092,0.051289648,-0.033286285
9125582759,9125578908,-0.020961393,0.041616164,-0.032203056
9125590274,9125587879,0.0015591048,0.0052936636,-0.029515468
9125600750,9125598370,0.01288049,-0.030114913,-0.024911772
9125611280,9125608714,0.016943611,-0.06157785,-0.020195115
9125621806,9125618443,0.015422579,-0.08219696,-0.016211722
9125631244,9125628885,0.016522732,-0.08533182,-0.012730477
9125640677,9125638102,0.0242847,-0.060790576,-0.010512025
9125651156,9125648358,0.06326367,-0.04388325,-0.007747597
9125660596,9125658247,0.1343993,-0.08441105,-0.0025848285
9125671130,9125668709,0.15626588,-0.11692449,0.005027521
9125681675,9125678868,0.115673155,-0.10270379,0.011297135
9125692133,9125688451,0.07125174,-0.08932341,0.014664297
9125700502,9125698154,0.0692652,-0.101586945,0.016859237
9125710981,9125708425,0.08270032,-0.09279909,0.018582761
9125721429,9125718630,0.112455204,-0.07848399,0.019709818
9125730860,9125728508,0.18013966,-0.12129412,0.022269266
9125741407,9125739003,0.21402366,-0.15298532,0.026642196
9125751954,9125749145,0.2005066,-0.13194029,0.02989348
9125762578,9125758719,0.17934114,-0.11699854,0.031442404
9125770987,9125768622,0.13534512,-0.084211916,0.03166524
9125781522,9125778901,0.095331326,-0.02153667,0.030934658
9125791955,9125789136,0.110116474,-0.011023384,0.03090342
9125801355,9125798803,0.13032745,-0.061281636,0.03207183
9125810889,9125808520,0.12030536,-0.10429914,0.033127338
9125821317,9125818536,0.11735457,-0.12929568,0.03336479
9125832819,9125829362,0.12276251,-0.1271712,0.03287274
9125841487,9125839084,0.118218005,-0.080646686,0.031792153
9125850898,9125848527,0.1271094,-0.055887014,0.03105611
9125861429,9125858850,0.164683,-0.098178886,0.032056276
9125871938,9125868426,0.18616982,-0.11871919,0.03433039
9125881312,9125878758,0.16858111,-0.09032689,0.036741525
9125891735,9125888953,0.1695938,-0.105654255,0.03878953
9125903203,9125899357,0.18330088,-0.112265214,0.039809357
9125910602,9125908246,0.18303797,-0.033566903,0.039211273
9125921053,9125918028,0.21518943,0.0031723157,0.038471956
9125931938,9125929122,0.26860505,-0.017652176,0.038599502
9125942405,9125938916,0.28009307,-0.020648789,0.03880293
9125951792,9125949431,0.24466147,-0.022351522,0.03860211
9125961208,9125958637,0.20597619,-0.025260977,0.037825245
9125971703,9125969121,0.17164585,-0.017036503,0.03608878
9125981112,9125978755,0.142827,-0.010517867,0.033766244
9125991597,9125989200,0.14060065,-0.019813737,0.030929739
9126001949,9125999394,0.12825038,-0.009052215,0.02828454
9126012193,9126008707,0.12387778,-0.01998277,0.026718957
9126021754,9126019359,0.14401378,-0.0704285,0.02708795
9126031122,9126028730,0.12330753,-0.06811531,0.028399233
9126041688,9126038846,0.091157764,-0.039366797,0.029218426
9126052078,9126049693,0.08276401,-0.04883159,0.028971806
9126061577,9126059218,0.058009114,-0.042141363,0.02705646
9126072068,9126069444,0.04440292,-0.024302358,0.023224879
9126083516,9126079461,0.070140496,-0.028022148,0.018464234
9126090879,9126088531,0.11070907,-0.028547702,0.0134306755
9126101455,9126099075,0.11667528,-0.012327948,0.0075723403
9126111949,9126109316,0.062808186,0.026535636,0.0024016835
9126122365,9126119784,-0.0051790886,0.035161518,-0.0020849914
9126131988,9126129617,-0.03356892,-0.01750519,-0.0052585285
9126142304,9126139449,-0.045436867,-0.033994723,-0.008315889
9126152746,9126149771,-0.07446564,0.020802435,-0.012255064
9126161897,9126159338,-0.07711752,0.02494388,-0.014950341
9126171412,9126168995,-0.0023546368,-0.07229178,-0.014783413
9126181949,9126179126,0.058461946,-0.105673045,-0.012945705
9126192125,9126188684,0.048079986,-0.037648108,-0.0118019935
9126201465,9126199104,0.038229708,-0.019501885,-0.010734401
9126211951,9126209569,0.062217034,-0.061706968,-0.009492022
9126222347,9126219770,0.08135749,-0.0723614,-0.009473088
9126231625,9126229067,0.09083733,-0.049972534,-0.010476181
9126242110,9126239703,0.09558946,-0.03963568,-0.011197156
9126252511,9126249731,0.09724428,-0.036621988,-0.010804871
9126263039,9126259539,0.058028936,-0.027934736,-0.01006766
9126271561,9126269000,-0.014251169,-0.026401598,-0.009639797
9126282066,9126279485,-0.04302612,-0.03930165,-0.009423362
9126292427,9126289643,-0.03014768,-0.046304356,-0.009938095
9126301856,9126299295,-0.018341873,-0.026227493,-0.011584097
9126312334,9126309752,-0.024532486,0.0059199277,-0.013891197
9126322722,9126319934,-0.04264171,0.024149517,-0.015347827
9126332374,9126328915,-0.08315304,0.034253318,-0.015880652
9126341849,9126339481,-0.1425421,0.045848038,-0.01705502
9126352464,9126350080,-0.19472487,0.039966203,-0.019082626
9126361832,9126359069,-0.1872969,-0.014766194,-0.0208652
9126372342,9126369784,-0.121583536,-0.06118237,-0.023023956
9126381862,9126379491,-0.071068555,-0.058295738,-0.025174482
9126392301,9126389522,-0.045368962,-0.028272966,-0.02695224
9126403747,9126400101,-0.036355674,-0.009566875,-0.027684415
9126412197,9126409835,-0.070985235,0.0019721193,-0.027045578
9126422653,9126420062,-0.12442689,0.001682967,-0.025063436
9126433172,9126429952,-0.15450276,-0.0022540053,-0.022502892
9126441617,9126438832,-0.15069312,-0.010624275,-0.01994478
9126452169,9126449557,-0.14530526,-0.018751256,-0.016740436
9126462627,9126459798,-0.15290755,-0.023625616,-0.014337056
9126474132,9126470282,-0.1430563,-0.031742737,-0.012902989
9126481550,9126479174,-0.1383051,-0.032475878,-0.011935879
9126492135,9126489689,-0.16779244,-0.01136773,-0.010624149
9126502775,9126500070,-0.1965438,0.011875138,-0.009064499
9126513574,9126509892,-0.20300353,0.029685456,-0.0071600517
9126522143,9126519744,-0.21118098,0.04925283,-0.0048297737
9126531982,9126529318,-0.20531781,0.04764203,-0.002706644
9126542683,9126539852,-0.17789698,0.029742572,-0.0011317079
9126552190,9126549622,-0.15195411,0.017334973,-0.0004743756
9126562693,9126560285,-0.13489592,-0.00020158663,-0.00086123357
9126573227,9126570613,-0.1666169,-0.0008602608,-0.0020723683
9126583715,9126580065,-0.24382053,0.012131831,-0.00269872
9126592197,9126589812,-0.26915336,0.0014758455,-0.0017712326
9126602645,9126600060,-0.24677867,-0.0028204853,-7.4535026e-05
9126613194,9126610369,-0.21363607,0.021432348,0.0014181661
9126622620,9126620254,-0.17435479,0.022355147,0.0031337999
9126632046,9126629462,-0.13154764,-0.009406214,0.0045038206
9126642626,9126639788,-0.1224439,-0.007608465,0.004719634
9126654007,9126650344,-0.14974408,0.021553418,0.00417796
9126662476,9126659877,-0.16941941,0.042134617,0.004556677
9126672970,9126670553,-0.15926343,0.034955457,0.006406508
9126683282,9126680292,-0.14000909,0.00495639,0.008662795
9126693973,9126690279,-0.1592395,-0.019537149,0.010904524
9126702182,9126699802,-0.19043058,-0.025379451,0.011978668
9126712770,9126710134,-0.18629846,-0.032605227,0.011865751
9126724179,9126720519,-0.20037131,-0.01916654,0.010936562
9126732584,9126730030,-0.21762508,0.015449586,0.0098310765
9126743151,9126740531,-0.19131242,0.016101142,0.009284675
9126752482,9126749720,-0.17554444,0.004571355,0.008869992
9126762969,9126759521,-0.18236174,-0.0037893755,0.0080689695
9126772410,9126769855,-0.19498047,-0.010075813,0.007141666
9126783173,9126780591,-0.20982805,-0.0075825285,0.0060305875
9126792520,9126789960,-0.19804984,-0.008039957,0.005278104
9126802023,9126799455,-0.18209746,-0.0061055385,0.0047402605
9126812537,9126809971,-0.18858922,0.008196782,0.003952173
9126822969,9126820184,-0.18810791,0.018676026,0.003579724
9126834477,9126830407,-0.17446071,0.011970222,0.004271101
9126842938,9126840555,-0.16567083,0.0005393687,0.005263862
9126852402,9126849831,-0.1723591,-0.009364165,0.0056405743
9126862969,9126860151,-0.1820638,-0.012826044,0.005462881
9126872434,9126869866,-0.17082433,-0.008645417,0.0050341627
9126883045,9126880678,-0.14319935,0.00059984217,0.004805291
9126893445,9126890675,-0.11977318,0.005890784,0.0051383013
9126903960,9126900600,-0.11940365,-0.00872799,0.005625778
9126912389,9126910031,-0.11889516,-0.03054218,0.005660572
9126922874,9126920291,-0.09725328,-0.03910227,0.0050339727
9126933278,9126930488,-0.064429775,-0.041437693,0.0035920106
9126942776,9126940411,-0.033686623,-0.023711648,0.0008404702
9126952950,9126950552,0.0047905706,0.0102975,-0.0032115504
9126963366,9126960580,0.053568862,0.037811726,-0.007100612
9126974843,9126970992,0.07535598,0.046027046,-0.009654135
9126982258,9126979906,0.08209744,0.033378113,-0.010421149
9126992790,9126990419,0.08078894,0.0018612822,-0.010930922
9127003172,9127000595,0.07885233,-0.028650044,-0.01164327
9127013762,9127010306,0.06904452,-0.03945764,-0.01208486
9127023164,9127020817,0.055606276,-0.039817184,-0.012085098
9127032997,9127030385,0.024502438,-0.026535176,-0.0113671785
9127044450,9127040393,0.009837519,0.0033552442,-0.010735506
9127052955,9127050579,0.050640263,-0.018384302,-0.010122181
9127062834,9127060473,0.09039235,-0.06289167,-0.008668269
9127073572,9127070811,0.10292291,-0.04817781,-0.0067142835
9127084067,9127080698,0.12637264,-0.01281168,-0.0036416294
9127093463,9127090900,0.1059067,-0.0090621365,0.0010824993
9127102856,9127100507,0.031290606,-0.043774866,0.006781744
9127113797,9127111226,0.017246194,-0.08673206,0.014162629
9127122943,9127120384,0.037738822,-0.11729915,0.019425191
9127133426,9127131040,0.04711778,-0.11047432,0.022787556
9127143830,9127141249,0.047599144,-0.09286365,0.023363464
9127154241,9127150324,0.045695774,-0.077517025,0.021626366
9127162660,9127160281,0.06864381,-0.05759559,0.017947242
9127173163,9127170802,0.12861925,-0.0374022,0.013255717
9127183596,9127180815,0.20112902,-0.035806157,0.0088929795
9127193010,9127190460,0.24872607,-0.045921862,0.004305594
9127203609,9127201233,0.23189396,-0.042861156,-0.0023417776
9127214036,9127211049,0.20365432,-0.05791725,-0.008683441
9127225189,9127221344,0.187723,-0.07347847,-0.013412395
9127232644,9127230283,0.17005475,-0.06461192,-0.015576
9127243153,9127240730,0.16494496,-0.068545975,-0.016261
9127253550,9127250959,0.17409545,-0.08118081,-0.015930448
9127264039,9127261468,0.1791446,-0.08276693,-0.015528937
9127273527,9127270920,0.17510384,-0.0846078,-0.014888862
9127283917,9127281122,0.18587056,-0.08606666,-0.013312219
9127295360,9127291510,0.2057481,-0.08188948,-0.011499832
9127302751,9127300403,0.21967763,-0.08580638,-0.010331501
9127313235,9127310853,0.22633894,-0.08887858,-0.009748391
9127323585,9127320830,0.22392552,-0.07111687,-0.010391323
9127334164,9127331014,0.22002849,-0.0647105,-0.011490734
9127343713,9127341339,0.2235932,-0.076852135,-0.011751865
9127354139,9127350618,0.22625332,-0.07940977,-0.011376074
9127363614,9127360840,0.22557509,-0.08015116,-0.010585409
9127373232,9127370871,0.22630781,-0.08068228,-0.009070305
9127383738,9127381350,0.23679802,-0.07842935,-0.0071145035
9127394097,9127391533,0.2423554,-0.0727966,-0.00542071
9127404585,9127401216,0.249448,-0.06887612,-0.004088469
9127413992,9127411631,0.25568825,-0.070404746,-0.0032628747
9127423402,9127421044,0.24811581,-0.07013516,-0.003374111
9127433886,9127431094,0.25049105,-0.076401494,-0.004339638
9127443350,9127440764,0.27002022,-0.08035815,-0.005701152
9127453953,9127451372,0.29472184,-0.07046564,-0.0068425513
9127464319,9127461562,0.30795464,-0.061482176,-0.007020282
9127474963,9127471513,0.30331528,-0.07666516,-0.006083929
9127483364,9127481009,0.29615158,-0.096480474,-0.0044996087
9127493874,9127491287,0.27639493,-0.093099065,-0.0028804413
9127504330,9127501724,0.2504343,-0.08996444,-0.0015595971
9127513864,9127511455,0.22968626,-0.09610798,-0.00053651165
9127523769,9127521177,0.21236792,-0.09419647,0.00025036174
9127534427,9127531629,0.2184773,-0.08719041,0.00075980375
9127545045,9127541864,0.24152379,-0.08776139,0.0009924911
9127553458,9127550894,0.24345861,-0.07498034,0.00082517567
9127563878,9127561508,0.22924078,-0.05523546,0.00010045123
9127574356,9127571553,0.22471178,-0.056052055,-0.0008628953
9127583784,9127580434,0.2159286,-0.057130136,-0.0018493425
9127594354,9127591931,0.19359279,-0.045233108,-0.002671511
9127603668,9127601309,0.1675251,-0.020811334,-0.0019269533
9127615478,9127611425,0.18114223,-0.001351133,0.00087620795
9127623783,9127621230,0.27764586,-0.0027877055,0.0040860567
9127634366,9127632002,0.39640018,-0.00846271,0.006192282
9127644195,9127641421,0.46662652,0.002956614,0.006131408
9127654753,9127651602,0.48663452,-0.0109627,0.0041430662
9127664191,9127661830,0.4733815,-0.0320983,0.00085845287
9127674743,9127672141,0.41279602,-0.038273238,-0.0027012804
9127684150,9127681553,0.3302998,-0.05395964,-0.0050211344
9127694571,9127691370,0.25163618,-0.057978056,-0.0063406033
9127703952,9127701570,0.20241499,-0.068607986,-0.0064042523
9127714620,9127712039,0.19765724,-0.084892765,-0.004926797
9127725089,9127721944,0.21792851,-0.069526136,-0.0029041218
9127733572,9127731149,0.25473058,-0.050039478,-0.00034996844
9127744204,9127741798,0.28310752,-0.035809427,0.003403172
9127754838,9127752067,0.3273243,-0.028365297,0.006257519
9127764299,9127761944,0.36255684,-0.037859086,0.006598997
9127774807,9127772410,0.35362896,-0.02784263,0.0040846555
9127785213,9127782427,0.33346075,-0.004831087,0.00025879452
9127795785,9127792313,0.31976742,-0.004450768,-0.00306411
9127804250,9127801846,0.29800195,-0.0048773037,-0.0047811284
9127814669,9127812288,0.26177868,0.020667417,-0.004515025
9127825086,9127822506,0.24011639,0.03207239,-0.0025944458
9127834551,9127831365,0.24636245,0.0061158147,-0.00089236954
9127843955,9127841565,0.25912094,-0.023897707,3.4275465e-05
9127854442,9127851623,0.2568479,-0.049992807,0.00021163051
9127865882,9127862430,0.24123892,-0.061324935,-8.628052e-05
9127874437,9127871858,0.23104383,-0.06907222,-0.0010138175
9127885063,9127882676,0.23028675,-0.07232567,-0.0030954601
9127894422,9127891658,0.21218203,-0.05463936,-0.005825615
9127905916,9127902062,0.2019673,-0.008529799,-0.009221349
9127914354,9127911953,0.21709003,0.02554757,-0.010918392
9127924769,9127922196,0.23961604,0.015871394,-0.01063149
9127935229,9127932423,0.23644789,0.0036714636,-0.009301186
9127943835,9127941253,0.21240425,0.011020282,-0.0076735057
9127954270,9127951877,0.21120891,0.008417153,-0.0056125727
9127964826,9127962004,0.24426058,-0.013033624,-0.004601779
9127976305,9127972241,0.26680064,-0.03643949,-0.00520567
9127984753,9127982359,0.25158155,-0.029283142,-0.0065889442
9127995184,9127992607,0.23126625,0.0029294947,-0.006834811
9128004617,9128002012,0.2416411,0.014077756,-0.005168975
9128015179,9128012575,0.26972264,-0.007919194,-0.0021537857
9128024541,9128022193,0.28743836,-0.029850617,0.0003342023
9128034985,9128031999,0.3043649,-0.031116104,0.0008058088
9128046628,9128042519,0.32563752,-0.023343407,-0.0020045252
9128054005,9128051637,0.33159953,-0.020108152,-0.0066726776
9128064488,9128062104,0.3157831,-0.034662347,-0.0124199325
9128074967,9128072351,0.28192738,-0.06454526,-0.016659869
9128085451,9128082863,0.23290429,-0.07458386,-0.019731293
9128094845,9128092481,0.20662662,-0.07143681,-0.021673372
9128105341,9128102555,0.22172382,-0.061994556,-0.021975646
9128115839,9128112655,0.23693475,-0.04883701,-0.019874085
9128124175,9128121832,0.23952764,-0.04006464,-0.016455304
9128134821,9128132221,0.24455555,-0.034699406,-0.012913303
9128145267,9128142676,0.25732413,-0.037588287,-0.010607814
9128154699,9128151555,0.2732175,-0.03790922,-0.009568508
9128165207,9128162641,0.2803905,-0.036950745,-0.009399646
9128174946,9128172386,0.2884122,-0.0467871,-0.010294285
9128184972,9128182380,0.27482218,-0.039597757,-0.0118871275
9128194515,9128191933,0.24859394,-0.016208779,-0.012873602
9128204948,9128202564,0.25486806,-0.018397413,-0.012052097
9128215662,9128213078,0.26600295,-0.03406431,-0.009863536
9128226394,9128222347,0.24438027,-0.052186456,-0.008269885
9128234823,9128232465,0.2251097,-0.07267602,-0.0077991323
9128245403,9128242838,0.22659236,-0.08680182,-0.008464092
9128255844,9128253063,0.22091858,-0.08679679,-0.009727268
9128265258,9128262706,0.19641787,-0.07852181,-0.01106743
9128274767,9128272394,0.17721595,-0.07749536,-0.012694197
9128285157,9128282381,0.172332,-0.076119676,-0.0145545
9128296740,9128292850,0.1597256,-0.06411891,-0.015646676
9128305289,9128302913,0.10978885,-0.063940816,-0.01571782
9128314743,9128312369,0.050934225,-0.0942478,-0.01600047
9128325161,9128322383,0.032431938,-0.13236518,-0.016695034
9128335666,9128333116,0.026719492,-0.14727369,-0.017013386
9128345205,9128342625,0.0017935708,-0.12264846,-0.017137952
9128355664,9128352880,-0.018404491,-0.080358714,-0.016854439
9128367172,9128363105,-0.01565621,-0.06637966,-0.015159928
9128374618,9128372232,-0.0034987223,-0.0694659,-0.012510588
9128385239,9128382845,-0.0035489318,-0.0577344,-0.009129657
9128395671,9128393077,-0.011400497,-0.041153017,-0.00598153
9128406160,9128402477,-0.01234271,-0.029900935,-0.0034896068
9128415558,9128413002,-0.009699079,-0.01475694,-0.0021350598
9128426023,9128422826,0.0028760713,-0.0023637004,-0.002179929
9128436576,9128433410,0.015383733,-0.0032544956,-0.0026288878
9128444991,9128442433,0.03157583,5.9317797e-05,-0.002698708
9128455462,9128452883,0.04082383,-0.004798215,-0.0020824454
9128465851,9128463080,0.046276517,-0.012637522,-0.0011759003
9128476766,9128472911,0.049018316,-0.019439338,-0.00041830284
9128485179,9128482822,0.038597807,-0.03617034,0.00030212256
9128495937,9128493544,0.008017912,-0.04936471,0.0010642902
9128505290,9128502536,-0.035340518,-0.04358842,0.0019496197
9128514809,9128512432,-0.049246974,-0.036034193,0.0033872565
9128525434,9128523021,-0.042582583,-0.031667918,0.0049897237
9128536096,9128533455,-0.04279324,-0.021119114,0.006477788
9128546455,9128542108,-0.038465872,-0.0040507056,0.008010047
9128555039,9128552627,-0.021648547,-0.0017059809,0.010278506
9128565619,9128563217,0.0019299686,-0.0104137175,0.012183426
9128576065,9128573247,0.009145305,-0.017294152,0.013294126
9128585541,9128582934,-0.004128203,-0.029845651,0.0139334025
9128595143,9128592548,-0.016851354,-0.035799604,0.013989694
9128605552,9128602754,-0.021395892,-0.025733083,0.0137168
9128617045,9128613580,-0.024529986,-0.014550747,0.014014789
9128625445,9128623080,-0.03264832,-0.004253666,0.015000605
9128635957,9128633560,-0.032019593,-0.009658073,0.016258266
9128645593,9128642812,-0.028859323,-0.025526978,0.01673917
9128656109,9128652614,-0.0564848,-0.024891216,0.016284566
9128665523,9128663109,-0.08885244,-0.018911624,0.015357568
9128675963,9128673174,-0.087124035,-0.01794671,0.01455793
9128687452,9128683768,-0.07798543,-0.0072222166,0.013981934
9128695025,9128692654,-0.120393,0.029620873,0.013990148
9128705384,9128702393,-0.17677025,0.043427076,0.01474959
9128715765,9128713009,-0.18941833,0.0070316675,0.015829774
9128726358,9128722498,-0.190207,-0.034988053,0.016379707
9128735879,9128733293,-0.18900791,-0.044080846,0.016432868
9128746345,9128743933,-0.17060676,-0.031414084,0.01615638
9128755674,9128753119,-0.14050348,-0.009083502,0.015640846
9128765218,9128762647,-0.11842787,0.007862376,0.014837007
9128775701,9128773119,-0.11428045,0.017619254,0.014043843
9128786115,9128783527,-0.1317124,0.015767884,0.013471096
9128796594,9128793440,-0.15326802,0.004575748,0.0127455
9128806145,9128803750,-0.16010652,-0.011461871,0.011428619
9128815587,9128813025,-0.15960985,-0.033047713,0.010011111
9128825990,9128823209,-0.15441959,-0.03985098,0.008925385
9128835411,9128832861,-0.15090786,-0.0194407,0.008498963
9128846212,9128843839,-0.17808977,0.002414463,0.00902394
9128855598,9128852847,-0.21574171,-0.0076862993,0.010581871
9128867200,9128863735,-0.21991295,-0.034423694,0.01305495
9128875642,9128873267,-0.22450985,-0.052432295,0.01496001
9128886144,9128883756,-0.22225754,-0.045355875,0.016259823
9128896860,9128894263,-0.2035256,-0.03380159,0.01639587
9128906354,9128903754,-0.18188164,-0.03272791,0.015616188
9128915739,9128913374,-0.19271556,-0.029440135,0.014596135
9128926145,9128923366,-0.22778676,-0.023761692,0.013901111
9128937705,9128934209,-0.243245,-0.03256742,0.013642785
9128946099,9128943737,-0.2567586,-0.045566186,0.013278806
9128956484,9128953320,-0.27718243,-0.047736455,0.012374077
9128965935,9128963387,-0.28658035,-0.056399845,0.0111953085
9128976550,9128973184,-0.30218574,-0.067168504,0.0102388235
9128986012,9128983645,-0.31710577,-0.05036898,0.009744525
9128996592,9128993814,-0.31258017,-0.02124106,0.009937784
9129007353,9129004170,-0.295025,-0.027438935,0.0106668025
9129015735,9129013392,-0.2773801,-0.048576523,0.011100518
9129026228,9129023840,-0.2709668,-0.045964833,0.010808998
9129036583,9129033822,-0.2602949,-0.045993507,0.010174709
9129047134,9129043746,-0.25948378,-0.048676882,0.009346754
9129056554,9129054188,-0.2772773,-0.052225538,0.008372862
9129065931,9129063577,-0.2835515,-0.071895,0.007828647
9129076434,9129073838,-0.280884,-0.07651182,0.007747332
9129085947,9129083566,-0.29761252,-0.057033896,0.0083203595
9129096395,9129094014,-0.3238826,-0.041283473,0.010046452
9129106817,9129103999,-0.32830837,-0.03450761,0.012406473
9129117311,9129113919,-0.31386185,-0.02666188,0.01447141
9129125635,9129123282,-0.29891753,-0.0166805,0.015594939
9129136100,9129133700,-0.29293707,-0.014475392,0.015800739
9129146605,9129143815,-0.3056692,-0.02318245,0.0155154755
9129156046,9129153455,-0.31636226,-0.04918448,0.015237494
9129166661,9129164041,-0.3146618,-0.0690267,0.014368515
9129177034,9129174272,-0.3077192,-0.060728095,0.012213072
9129187507,9129184363,-0.3122832,-0.040696237,0.0096547
9129195953,9129193391,-0.34161305,-0.023710895,0.008616301
9129206407,9129204031,-0.35115758,-0.01719169,0.009320263
9129216979,9129214329,-0.34700936,-0.02421518,0.010879123
9129227362,9129224760,-0.35398796,-0.03703718,0.012426268
9129237701,9129233611,-0.36149448,-0.055740714,0.013420908
9129246152,9129243196,-0.35998598,-0.06808227,0.01370338
9129257893,9129253839,-0.36328432,-0.054448135,0.01339653
9129266464,9129264091,-0.3678373,-0.037384782,0.013337824
9129277033,9129274468,-0.35579303,-0.03494357,0.013352884
9129286439,9129283676,-0.344616,-0.036416072,0.012999668
9129296958,9129293471,-0.35571674,-0.0441113,0.012214751
9129306354,9129303759,-0.3793332,-0.057331376,0.010883124
9129316803,9129314204,-0.40062192,-0.05553692,0.008765671
9129327200,9129324605,-0.41642788,-0.04203361,0.006638295
9129336767,9129334170,-0.41881335,-0.035031684,0.0055855825
9129346206,9129343838,-0.40142554,-0.023723729,0.0051195095
9129356677,9129354089,-0.37952736,-0.017988821,0.004625609
9129368168,9129364279,-0.3659764,-0.023323454,0.0036831372
9129376596,9129374236,-0.35740265,-0.02257251,0.0021772098
9129387056,9129384463,-0.34866458,-0.023493722,0.0006942031
9129397452,9129394678,-0.3516299,-0.026639838,-4.138681e-06
9129406935,9129404354,-0.35443255,-0.017666187,-6.1044625e-07
9129416804,9129414347,-0.334919,-0.013490511,-6.6163135e-05
9129427249,9129424444,-0.3053856,-0.017846428,-0.0005066583
9129437811,9129434654,-0.28159583,-0.020043634,-0.0009057972
9129446382,9129443970,-0.2677762,-0.030705735,-0.0011548179
9129456837,9129454233,-0.29001635,-0.04693074,-0.0013430655
9129467219,9129464436,-0.327527,-0.052517552,-0.00095015555
9129476804,9129474422,-0.3450894,-0.0372694,0.00011569052
9129487248,9129484667,-0.34439617,-0.02387685,0.0019077689
9129497688,9129494895,-0.35243595,-0.015924834,0.0043239957
9129508295,9129504838,-0.3565698,-0.014042743,0.006135108
9129516851,9129514423,-0.33432597,-0.03956185,0.006452724
9129527472,9129524885,-0.32230067,-0.0596705,0.0056268424
9129537090,9129534286,-0.32394323,-0.052942604,0.004262438
9129548029,9129544358,-0.30787653,-0.04489324,0.0024344863
9129557473,9129554909,-0.27712566,-0.045016155,0.0008855136
9129566965,9129564604,-0.24337177,-0.03954413,0.00016990985
9129578688,9129575029,-0.21408267,-0.037266295,6.984828e-05
9129587175,9129584787,-0.16997424,-0.03575415,0.00027037156
9129596760,9129594396,-0.11572809,-0.017922748,0.00030943606
9129607224,9129604624,-0.078223534,0.0057894904,0.00033315452
9129617741,9129614740,-0.062125705,0.048211403,0.0005645087
9129627082,9129624720,-0.069993906,0.09157592,0.0002566526
9129637641,9129635223,-0.093107134,0.035401493,0.00067074224
9129646976,9129644408,-0.12396014,-0.041258354,0.0034577386
9129657375,9129654210,-0.152398,-0.016262807,0.007192111
9129666967,9129664602,-0.14000954,0.0022936952,0.010247203
9129677267,9129674631,-0.10944661,0.011558,0.012281023
9129688142,9129684734,-0.09135698,0.038781583,0.013727422
9129696647,9129694265,-0.067029215,0.03805937,0.01535877
9129707146,9129704727,-0.047074676,0.022258002,0.016923286
9129717542,9129714947,-0.041790426,0.008724321,0.017465122
9129726993,9129724638,-0.051911965,0.0034739655,0.017289814
9129737482,9129735094,-0.08796395,0.0117364,0.016424585
9129747966,9129745173,-0.13599175,0.009677354,0.014770809
9129758580,9129755185,-0.14615501,-0.004977757,0.012891287
9129766933,9129764580,-0.12409721,-0.018367004,0.011446742
9129777447,9129775086,-0.11531459,-0.0064881146,0.010278817
9129787942,9129785315,-0.13021344,0.026523259,0.00900291
9129797330,9129794374,-0.1365401,0.025344037,0.0077312426
9129807859,9129805450,-0.12125039,-0.008374549,0.0064267423
9129817209,9129814451,-0.10812952,-0.025298549,0.0049067615
9129828762,9129825383,-0.088243,-0.013901828,0.0023896096
9129837131,9129834579,-0.080586165,0.008162421,0.00036608055
9129847158,9129844732,-0.10047538,0.036851216,-0.0011188084
9129857543,9129854746,-0.1143589,0.08035591,-0.0019462392
9129868047,9129864164,-0.10521395,0.109683976,-0.002616499
9129878402,9129874531,-0.07915548,0.08168062,-0.0037920754
9129886817,9129884470,-0.061619136,0.056823794,-0.005894635
9129898284,9129895503,-0.061763488,0.076265,-0.009083873
9129907720,9129905358,-0.06433295,0.118372545,-0.011716199
9129917189,9129914609,-0.06020172,0.13106123,-0.013700186
9129927760,9129925128,-0.046974227,0.10359958,-0.015203868
9129939146,9129935292,-0.053316258,0.09268849,-0.015378525
9129948373,9129945961,-0.08452855,0.1150085,-0.015197355
9129957565,9129955208,-0.103389114,0.12652732,-0.015542694
9129968027,9129965423,-0.08075258,0.090696886,-0.016357282
9129977444,9129975082,-0.056736287,0.052917607,-0.017572632
9129987948,9129985531,-0.055484302,0.048114326,-0.019492112
9129998343,9129995545,-0.057367478,0.036780473,-0.021421038
9130009035,9130005603,-0.068778455,0.034075074,-0.022489784
9130017544,9130015141,-0.09580127,0.051981643,-0.022527356
9130027976,9130025390,-0.10597068,0.039348118,-0.021306159
9130038343,9130035768,-0.103316344,0.0070588514,-0.018542025
9130047804,9130045450,-0.119606346,0.0038588457,-0.015492318
9130058253,9130055863,-0.13452922,0.03185734,-0.012337834
9130068749,9130065934,-0.12471772,0.062431846,-0.009406602
9130079401,9130075917,-0.09149355,0.07417722,-0.0076006847
9130087828,9130085468,-0.050352782,0.066195674,-0.00738849
9130098436,9130095845,-0.042886153,0.057804562,-0.007981911
9130107801,9130105243,-0.0634442,0.06310841,-0.008441589
9130117287,9130114533,-0.0892107,0.073602594,-0.008301612
9130127768,9130125392,-0.10108471,0.06986807,-0.006417573
9130138247,9130135463,-0.102413684,0.05477766,-0.0031312187
9130149780,9130145932,-0.11459888,0.05233855,1.4201272e-05
9130157233,9130154859,-0.12753922,0.07081318,0.0018176757
9130167688,9130165304,-0.09889278,0.07606251,0.0029244092
9130178153,9130175336,-0.060973927,0.06851507,0.0028502091
9130188751,9130185524,-0.045022644,0.07091791,0.0019775587
9130198065,9130195717,-0.046141595,0.058285683,0.00078320154
9130208572,9130206205,-0.06480887,0.035340257,-0.000991962
9130217946,9130215390,-0.09050916,0.029691901,-0.0029885462
9130227757,9130225384,-0.10775946,0.043681584,-0.0046010627
9130238532,9130236143,-0.106776714,0.064242594,-0.0047406773
9130248927,9130246139,-0.08977509,0.07521856,-0.003167443
9130259437,9130255951,-0.08308669,0.06730106,-0.000648133
9130267966,9130265574,-0.08787067,0.050377157,0.0016413189
9130278422,9130276044,-0.089641646,0.03938295,0.0030110986
9130288865,9130286280,-0.09341636,0.056371804,0.0030999484
9130298268,9130295907,-0.08343634,0.08670548,0.0029095586
9130307798,9130305228,-0.058599018,0.09026127,0.0030071307
9130318319,9130315500,-0.051888905,0.074703485,0.0030359242
9130329904,9130326221,-0.062284876,0.060621098,0.0025220318
9130338284,9130335928,-0.090027034,0.07918439,0.001292893
9130348174,9130345543,-0.08878308,0.10511235,-4.8825867e-05
9130358615,9130355836,-0.02902391,0.08770472,-0.0009618703
9130369136,9130365439,0.008706253,0.07927639,-0.0020602113
9130378523,9130376143,-0.005623417,0.08316416,-0.004190484
9130388924,9130386137,-0.02048872,0.056656234,-0.0069432575
9130399402,9130396257,-0.037978955,0.029853892,-0.010476183
9130407857,9130405483,-0.055638276,0.0036747977,-0.014259198
9130418373,9130415937,-0.058947198,-0.019611388,-0.01867387
9130428804,9130426149,-0.05373753,-0.028768692,-0.022670329
9130439385,9130435999,-0.035216264,-0.04601469,-0.026028322
9130447835,9130445471,-0.0054669026,-0.09231925,-0.029299796
9130458338,9130455922,0.024582852,-0.15699454,-0.033975452
9130468781,9130466168,0.054920226,-0.26529467,-0.040907145
9130478229,9130475866,0.065035164,-0.3908892,-0.051293075
9130488730,9130486309,0.012483917,-0.3858031,-0.06738448
9130499172,9130495917,-0.10664249,-0.19959483,-0.08524134
9130509935,9130506032,-0.13051796,-0.030104369,-0.100225754
9130518831,9130516393,-0.032213844,-0.00019470602,-0.10509939
9130528469,9130526063,0.015355101,0.016516753,-0.101602376
9130539079,9130536302,-0.0001565963,0.0122571215,-0.09386924
9130549001,9130546554,-0.007578749,-0.04683341,-0.08418537
9130558525,9130556117,-0.03449604,-0.10865992,-0.07496775
9130568954,9130566168,-0.071085304,-0.15545364,-0.066236384
9130580508,9130576449,-0.09928079,-0.15935734,-0.05820328
9130587884,9130585527,-0.1188425,-0.10890906,-0.051215656
9130598379,9130596001,-0.08512446,-0.11167375,-0.042133465
9130609107,9130606320,-0.044635568,-0.14260115,-0.03247192
9130619592,9130617021,-0.054575413,-0.12483305,-0.023843953
9130629044,9130626463,-0.06855705,-0.1046506,-0.018422477
9130639429,9130636668,-0.058078256,-0.114231706,-0.014652994
9130649963,9130646615,-0.047968954,-0.120184414,-0.0120751085
9130658458,9130655895,-0.04398328,-0.10650242,-0.010212091
9130669108,9130666718,-0.030112362,-0.123028934,-0.0080179535
9130679681,9130676441,-0.0044044238,-0.16349664,-0.0058454014
9130688183,9130685763,-0.0052902885,-0.15965644,-0.004358681
9130698432,9130696031,-0.02139826,-0.13238135,-0.0033373209
9130709187,9130706826,-0.016321922,-0.10251043,-0.0021108552
9130719424,9130716628,0.010827955,-0.078867316,-0.00030965684
9130728958,9130726514,0.03507881,-0.083286166,0.0021271282
9130739368,9130737011,0.027446201,-0.07433465,0.004119359
9130748781,9130746225,0.0045667198,-0.07002947,0.005022624
9130760283,9130756431,-0.00056673493,-0.10546056,0.0056524538
9130768786,9130766352,-0.015608959,-0.11493688,0.00581416
9130779409,9130776814,-0.03612667,-0.07786804,0.005289399
9130788827,9130786063,-0.007232559,-0.07157597,0.0045137126
9130799353,9130796968,0.0385883,-0.11750164,0.003947441
9130808810,9130806440,0.047599666,-0.14741436,0.003542406
9130819188,9130816416,0.029724475,-0.1488975,0.0021963236
9130830731,9130826681,0.023975935,-0.14449748,-0.0004045926
9130839139,9130836549,0.032735128,-0.12724835,-0.003316292
9130848574,9130846211,0.02867097,-0.09337681,-0.00553748
9130859161,9130856519,0.0126989875,-0.077735215,-0.0063297395
9130869570,9130867201,0.009062575,-0.10485064,-0.0050122333
9130879007,9130876638,-0.00035744347,-0.12641881,-0.0026015765
9130889555,9130886516,-0.0048913006,-0.14030272,0.000372065
9130900957,9130897107,0.028346185,-0.20331478,0.0040304214
9130909374,9130907010,0.0516538,-0.24450952,0.006458861
9130918776,9130916211,0.02530239,-0.18393715,0.0058461297
9130929286,9130926650,0.0063072797,-0.12419282,0.0025754313
9130939811,9130936377,0.008737536,-0.10414769,-0.00081660785
9130949523,9130947123,0.0061972197,-0.0895876,-0.0031455664
9130959921,9130957326,-0.0030143848,-0.079086594,-0.0033325204
9130970428,9130967238,-0.011551937,-0.07907352,-0.002200598
9130979183,9130976812,-0.013029085,-0.07148588,-0.0007817574
9130989653,9130987250,-0.010053686,-0.071286686,0.00053148624
9131000087,9130997273,-0.0082031395,-0.07666682,0.0016985863
9131010593,9131006929,0.0054119336,-0.09500092,0.0030303882
9131019517,9131016952,0.0050016423,-0.1117471,0.0036220006
9131029130,9131026505,-0.031936906,-0.085737795,0.0026524486
9131039490,9131036719,-0.05111994,-0.06143731,0.0016512881
9131049101,9131046717,-0.027163234,-0.05048883,0.0018203601
9131059508,9131057132,0.0033591622,-0.037589062,0.0021693078
9131069897,9131067118,0.008574474,-0.037166424,0.0021218034
9131080397,9131077040,-0.017593779,-0.030358505,0.0019651703
9131088767,9131086421,-0.04258135,-0.016654467,0.0019396405
9131099276,9131096901,-0.044918865,-0.0138633195,0.0019805806
9131109857,9131107061,-0.055102915,0.0033441857,0.0022134334
9131119263,9131116911,-0.06841453,0.023994906,0.0027579623
9131129858,9131127506,-0.055248503,0.012414085,0.0034381635
9131140353,9131137561,-0.045624856,0.011190672,0.003968734
9131150823,9131147477,-0.063323215,0.05544631,0.003981521
9131159267,9131156882,-0.07124965,0.103927776,0.0033956885
9131169704,9131167319,-0.058192257,0.12545562,0.0025937944
9131180119,9131177513,-0.051008686,0.13619244,0.0015521358
9131189623,9131187225,-0.04480141,0.12262905,6.0955528e-05
9131199608,9131197027,-0.027609482,0.083235934,-0.0012120691
9131210159,9131207590,-0.017027734,0.035939638,-0.0016649584
9131221634,9131217577,-0.035538513,0.01351513,-0.0015688211
9131229363,9131226732,-0.073108375,0.032218758,-0.0014442978
9131239865,9131237444,-0.083632804,0.048053235,-0.0009661227
9131250439,9131247671,-0.06548957,0.03817153,-0.0003961352
9131259882,9131256524,-0.040282898,0.009239621,-0.00062800443
9131269296,9131266942,-0.032171194,-0.0056853704,-0.0016287226
9131280164,9131277571,-0.036732454,-0.008878468,-0.003032203
9131290561,9131287771,-0.04995081,-0.018000416,-0.0046302155
9131298975,9131296624,-0.061313126,-0.022816874,-0.006241004
9131309552,9131307119,-0.0633558,-0.01686722,-0.008494155
9131319852,9131317055,-0.04889381,-0.025515724,-0.010667979
9131330355,9131327210,-0.033319436,-0.02357692,-0.012835012
9131340152,9131337547,-0.033912335,-0.0038379452,-0.014403308
9131349460,9131346874,-0.040226135,0.025836803,-0.0146810645
9131360274,9131357651,-0.050195914,0.059511885,-0.014305431
9131370278,9131367717,-0.04071898,0.07379729,-0.013786682
9131379749,9131377395,-0.0047662742,0.050065003,-0.013368196
9131390178,9131387361,0.015756018,0.007940834,-0.013181658
9131401603,9131397760,0.0043795714,-0.013919134,-0.01320814
9131410461,9131407866,-0.023338098,0.00640901,-0.013426917
9131419954,9131417593,-0.044746347,0.017881423,-0.013215598
9131430373,9131427584,-0.060884193,0.016095588,-0.012710897
9131439864,9131437293,-0.08236104,0.03701563,-0.012662077
9131449488,9131447103,-0.072481856,0.040713206,-0.012263887
9131459948,9131456963,-0.029436372,0.012658066,-0.01079709
9131471421,9131467962,-0.019111138,-0.0034631342,-0.009159777
9131479849,9131477286,-0.051925555,0.0060225585,-0.009111309
9131490319,9131487694,-0.077940494,0.008514828,-0.010522399
9131500710,9131498116,-0.08663887,-0.022363354,-0.0120158475
9131511455,9131507552,-0.10633676,-0.044031046,-0.013455564
9131520105,9131517464,-0.13924858,-0.01372222,-0.016330477
9131530759,9131527906,-0.14273039,0.008758433,-0.020069351
9131541422,9131538204,-0.106679775,-0.004267592,-0.022872295
9131549626,9131547046,-0.0841651,0.00061658374,-0.024414446
9131560058,9131557467,-0.094606236,0.018065702,-0.024630291
9131570518,9131567920,-0.09476562,0.012322094,-0.022264985
9131581000,9131577820,-0.08984949,0.011984227,-0.01797539
9131590349,9131587992,-0.09153425,0.029896623,-0.012116742
9131599755,9131597399,-0.08028297,0.021905214,-0.0053479644
9131610356,9131607755,-0.0644736,-0.00073588546,0.0024625785
9131619808,9131617249,-0.064746216,0.018017726,0.008876767
9131630339,9131627910,-0.07675793,0.056889817,0.015548203
9131640749,9131638155,-0.07051015,0.07154223,0.022739988
9131651220,9131648068,-0.03427022,0.055018857,0.030371657
9131659598,9131657049,-0.00499323,0.025206666,0.036230512
9131670079,9131667698,-0.0039121024,-0.00077701546,0.04068262
9131680549,9131677754,0.0058154184,-0.042541407,0.04314731
9131690650,9131688030,0.010626558,-0.09924573,0.043802373
9131700319,9131697940,-0.00044568162,-0.15539274,0.040865786
9131710819,9131708038,-0.016223043,-0.19574812,0.032478653
9131722265,9131718407,-0.02416059,-0.2142829,0.018773444
9131730578,9131728014,-0.019086681,-0.19987638,0.0031157695
9131740078,9131737677,-0.01518372,-0.13523541,-0.01309702
9131750494,9131747706,-0.040665857,-0.025904924,-0.0275986
9131760968,9131757621,-0.065420814,0.059414994,-0.036625903
9131770362,9131768009,-0.051012967,0.058298383,-0.0381594
9131781007,9131778397,-0.04201158,0.037566505,-0.032636926
9131792442,9131788395,-0.05232747,0.014075248,-0.023973178
9131799839,9131797483,-0.061702214,0.002316516,-0.015753053
9131810349,9131807941,-0.07288714,0.018930212,-0.0066761514
9131820750,9131818126,-0.07697087,0.018120477,0.0027675936
9131831229,9131828038,-0.075409874,0.017529666,0.011701024
9131840738,9131838134,-0.06281057,0.019020503,0.018226592
9131850555,9131847953,-0.02781687,-0.023169367,0.020840514
9131861383,9131858794,-0.019798918,-0.061790526,0.018234685
9131870521,9131868129,-0.027578952,-0.07594453,0.011402479
9131881003,9131878624,-0.03413861,-0.059505217,0.002023858
9131891441,9131888827,-0.051646437,-0.020011641,-0.0065310905
9131901884,9131898215,-0.052045546,0.0032420345,-0.012531826
9131910270,9131907912,-0.051147435,0.005911121,-0.014555318
9131920774,9131918405,-0.083447404,0.030053983,-0.012476166
9131931164,9131928391,-0.10655077,0.04877826,-0.008071768
9131941175,9131938588,-0.09003306,0.03816274,-0.00193172
9131950365,9131947969,-0.07558134,0.03859668,0.0038831779
9131960777,9131958004,-0.06891783,0.03952473,0.009329412
9131972270,9131968593,-0.051595483,0.027924363,0.015295615
9131980666,9131978303,-0.048578415,0.02163967,0.020687962
9131991220,9131988849,-0.04851057,0.011481227,0.024610678
9132000585,9131997835,-0.017588226,-0.028604146,0.026202343
9132011797,9132009440,-0.024060622,-0.04747705,0.02482485
9132020414,9132018049,-0.06469215,-0.06764409,0.02017983
9132031139,9132028288,-0.08379252,-0.084666595,0.011979621
9132042675,9132038782,-0.10243937,-0.050313853,0.0029455442
9132051047,9132048688,-0.10562436,0.0026317164,-0.0042102495
9132060513,9132058145,-0.07435952,0.019865725,-0.008300329
9132070884,9132068328,-0.063899286,0.045908965,-0.009585453
9132081449,9132077587,-0.08260197,0.08723427,-0.0072871232
9132090881,9132088526,-0.085051715,0.095630124,-0.00023018382
9132101394,9132098821,-0.06231396,0.06790845,0.009230794
9132110744,9132107986,-0.059307817,0.03237193,0.019186627
9132120401,9132117840,-0.08908385,0.037479524,0.030395985
9132130917,9132128527,-0.1048657,0.033022013,0.04138326
9132141429,9132138794,-0.09119919,0.0020855293,0.04865228
9132151844,9132148483,-0.04877252,-0.030358449,0.05090247
9132161263,9132158911,-0.00824571,-0.079750225,0.047897886
9132170683,9132168326,0.0019168556,-0.14618328,0.03881532
9132181184,9132178586,-0.028002623,-0.15279564,0.021793397
9132190714,9132188157,-0.061710782,-0.10182053,0.0024776813
9132201389,9132198990,-0.07353283,-0.03459594,-0.017718505
9132211802,9132209030,-0.058105025,0.006069567,-0.030658089
9132222312,9132218901,-0.030319076,0.027165703,-0.035143025
9132230684,9132228324,-0.034560587,0.056422055,-0.031140583
9132241158,9132238764,-0.056337874,0.07562912,-0.019712657
9132251589,9132249007,-0.06033095,0.069926694,-0.005251662
9132261010,9132258462,-0.060795546,0.034261744,0.008770071
9132271525,9132269172,-0.08185589,0.010683718,0.02237195
9132281945,9132279156,-0.11309151,0.008965335,0.030330312
9132292533,9132289146,-0.10674687,-0.0011077374,0.033718277
9132300989,9132298433,-0.0435924,-0.02868355,0.034506235
9132311484,9132309106,0.0077395625,-0.043796968,0.032483943
9132321892,9132319333,0.011076983,-0.065260306,0.026022943
9132332494,9132328430,-0.010914976,-0.09341849,0.016358048
9132340963,9132338571,-0.03186376,-0.08155447,0.0029041544
9132351404,9132348632,-0.050276376,-0.05138564,-0.0107402215
9132362542,9132359354,-0.060665064,-0.026828136,-0.021056805
9132370909,9132368554,-0.065008104,0.030481024,-0.023541432
9132381675,9132379285,-0.062010113,0.101220585,-0.01811292
9132392103,9132389488,-0.062279686,0.14557245,-0.006167083
9132402592,9132399143,-0.05784221,0.13237715,0.008119192
9132411161,9132408779,-0.0564224,0.06482065,0.022306375
9132421656,9132419242,-0.06640735,0.009185199,0.034357373
9132432087,9132429473,-0.055030808,0.0010419413,0.039796874
9132441538,9132439135,-0.027250234,-0.028939314,0.039252426
9132451976,9132449400,-0.022616131,-0.0897125,0.035353657
9132462927,9132460134,-0.036986202,-0.110580266,0.028441325
9132473399,9132469311,-0.03849519,-0.10869381,0.01924559
9132481778,9132479220,-0.03550283,-0.08444956,0.006684795
9132491195,9132488642,-0.06311809,-0.015604313,-0.0064585553
9132501684,9132499103,-0.068414286,0.032901756,-0.019027337
9132511288,9132508889,-0.03252141,0.03913332,-0.024039086
9132521964,9132519564,-0.037265666,0.08178118,-0.020066293
9132532612,9132529807,-0.072593935,0.15575588,-0.009280479
9132542928,9132539181,-0.057649866,0.13373765,0.0045986297
9132551213,9132548630,-0.03978429,0.05904174,0.019390576
9132561817,9132559358,-0.07172297,0.029828042,0.033082962
9132572229,9132569607,-0.086874425,-0.006877072,0.04136385
9132581681,9132579113,-0.04008435,-0.049413294,0.043622386
9132592150,9132589761,0.023111422,-0.075837076,0.040645313
9132602587,9132599986,0.05543008,-0.09739454,0.03328769
9132613103,9132609725,0.06390107,-0.089755684,0.022187054
9132621544,9132618952,0.08645158,-0.06917444,0.009741809
9132632236,9132629803,0.09760107,-0.038768332,-0.0042389324
9132642634,9132639788,0.11511882,-0.018106911,-0.015381011
9132651977,9132648630,0.12982547,-0.0023037232,-0.023499034
9132661436,9132659077,0.086163566,0.044510275,-0.030799696
9132671970,9132669579,0.02790755,0.07380338,-0.033758994
9132682353,9132679771,0.010656681,0.043367542,-0.03098738
9132691829,9132689464,0.0056876354,0.021939363,-0.024544999
9132702337,9132699900,-0.029056042,0.04350304,-0.015510473
9132711773,9132709180,-0.053062126,0.06073016,-0.0057910606
9132723376,9132719518,-0.009015527,0.039645582,0.0056035137
9132731758,9132729398,0.042991243,0.026119813,0.014513926
9132742276,9132739859,0.06332619,0.0478222,0.020428622
9132752679,9132750102,0.069398,0.05883518,0.023603575
9132762159,9132759803,0.07095531,0.04127131,0.024931516
9132771583,9132769027,0.057088457,0.025382493,0.0242791
9132782073,9132779472,0.033993293,0.019389095,0.020953152
9132793528,9132789841,0.023175366,0.0011236891,0.015413189
9132802053,9132799674,0.020355664,-0.029710937,0.008034342
9132812524,9132810137,0.010581823,-0.038816627,-0.0023690518
9132822883,9132820122,0.010056175,-0.033941813,-0.014943295
9132832413,9132830051,0.02472082,-0.022885274,-0.029697485
9132842894,9132839367,0.042112797,-0.0074432148,-0.043485034
9132852236,9132849455,0.053250287,0.027219892,-0.05495317
9132863716,9132860257,0.054212857,0.07352455,-0.060739733
9132872180,9132869781,0.04805588,0.09555122,-0.058223497
9132882813,9132880360,0.022261908,0.095054336,-0.048304297
9132892145,9132889347,-0.012088563,0.097970515,-0.037123114
9132902637,9132899439,-0.007687783,0.06178626,-0.024179917
9132911991,9132909642,0.008121567,0.011636518,-0.011876407
9132922543,9132919754,0.009575995,-0.008755457,-0.0015117861
9132933806,9132930351,0.021183865,-0.02216027,0.0071026655
9132942270,9132939696,0.044683196,-0.04424861,0.012222733
9132952767,9132950391,0.046703562,-0.036582287,0.013366999
9132962124,9132959368,0.05559826,-0.052064795,0.010495523
9132972291,9132969126,0.07529292,-0.08892022,0.0046918457
9132982956,9132980597,0.054573037,-0.07594383,-0.004966274
9132991980,9132989608,0.0005143918,-0.04129417,-0.015377067
9133002766,9133000011,0.00038013048,-0.04673377,-0.028817326
9133012235,9133009857,0.044557493,-0.04495834,-0.038855895
9133022650,9133020257,0.069484636,0.008325417,-0.04154185
9133033001,9133030244,0.049167626,0.074399054,-0.035393517
9133042975,9133039512,0.019158846,0.10385534,-0.024911046
9133052535,9133050133,0.026078355,0.07722013,-0.0117043955
9133061984,9133059405,0.034560226,0.036747575,-0.00073554553
9133072397,9133069809,0.024334913,0.010134446,0.009605664
9133082868,9133080318,0.031359363,-0.011383789,0.017678067
9133092338,9133089942,0.058699016,-0.04082399,0.022600932
9133102715,9133099937,0.07588943,-0.03150619,0.02478926
9133114177,9133110526,0.0715443,0.005304213,0.024348289
9133122584,9133120023,0.06843841,0.0047107395,0.021987252
9133132390,9133130026,0.06881867,-0.014480664,0.018377086
9133143071,9133140281,0.046431262,-0.023584679,0.014023317
9133153544,9133150958,0.03074231,-0.034171015,0.008935335
9133163273,9133160628,0.049059868,-0.040815648,0.0045617856
9133173379,9133170615,0.070494436,-0.0037916806,0.0006744985
9133183869,9133180491,0.079004735,0.06555375,-0.0016783946
9133192348,9133189773,0.09951871,0.088071644,4.958373e-05
9133202796,9133200418,0.10405235,0.07249735,0.0071608033
9133213240,9133210643,0.082161725,0.06248653,0.01644567
9133222858,9133219472,0.07340667,0.027457358,0.024485588
9133232261,9133229880,0.08017959,0.0040135924,0.03166785
9133243036,9133240635,0.09030333,-0.012882151,0.036260746
9133252593,9133250032,0.09621121,-0.051538426,0.03840442
9133262107,9133259755,0.09821095,-0.0949238,0.03815465
9133272592,9133270238,0.11260215,-0.16414046,0.033090953
9133283044,9133280457,0.102534115,-0.20887285,0.020779591
9133294572,9133290314,0.053181365,-0.15049395,0.0025012828
9133303026,9133300631,0.028926533,-0.070679,-0.018549807
9133313102,9133310702,0.06695419,-0.06422528,-0.035820723
9133323523,9133320736,0.110539034,-0.11269437,-0.04732359
9133332962,9133330609,0.108227074,-0.14829534,-0.053983524
9133342549,9133340106,0.116842,-0.16041598,-0.056087974
9133352973,9133350168,0.13291807,-0.12835437,-0.054458883
9133364401,9133360747,0.13148727,-0.093075044,-0.051117312
9133372819,9133370463,0.13101535,-0.12960698,-0.047620915
9133383279,9133380691,0.08933344,-0.13159132,-0.044200443
9133393847,9133391041,-6.982684e-05,0.008771375,-0.04019043
9133403335,9133400930,-0.01543159,0.10938555,-0.031827133
9133412755,9133410187,0.08032713,0.04798641,-0.018908747
9133423189,9133420401,0.12903725,0.016267035,-0.00514164
9133434661,9133431008,0.13992168,0.01861266,0.004006096
9133443127,9133440718,0.16240144,-0.0340946,0.00801534
9133453785,9133451421,0.14478582,-0.078831404,0.008529257
9133463226,9133460464,0.11678642,-0.12833834,0.006593696
9133474198,9133470709,0.081969194,-0.14862949,0.0022669537
9133483724,9133481113,0.030713793,-0.105682954,-0.0052664913
9133493556,9133491162,0.0082021095,-0.035697855,-0.0144068925
9133505056,9133501206,0.03457608,-0.008668117,-0.021178339
9133512537,9133510165,0.07829511,-0.01726396,-0.022997994
9133523180,9133520751,0.10055709,-0.048690245,-0.022799678
9133533814,9133530978,0.104876086,-0.0946036,-0.024555525
9133544497,9133540842,0.08828504,-0.10447377,-0.027769003
9133552959,9133550559,0.043111883,-0.04520435,-0.029913161
9133563681,9133561304,0.01593715,0.008277737,-0.029151918
9133573051,9133570489,0.040083416,-0.014936991,-0.02354022
9133583536,9133580984,0.06250124,-0.05433735,-0.011514127
9133592984,9133590421,0.051487036,-0.046702903,0.0023456495
9133603428,9133600854,0.043268207,-0.03986178,0.017721139
9133614944,9133611094,0.053264324,-0.05418393,0.028960869
9133623375,9133620819,0.07266871,-0.06974355,0.0335404
9133633870,9133631483,0.08952387,-0.0625965,0.03236626
9133643386,9133640765,0.12580642,-0.057438925,0.028720919
9133653891,9133651275,0.1528056,-0.07705343,0.023886943
9133663495,9133661091,0.13579229,-0.08175324,0.01696015
9133673785,9133670990,0.09353606,-0.05459203,0.0054094996
9133685242,9133681393,0.065392144,-0.063457526,-0.009955425
9133693650,9133691292,0.060743712,-0.12020939,-0.02492423
9133703068,9133700504,0.072673865,-0.15041587,-0.03731742
9133713547,9133710745,0.07016212,-0.102674395,-0.046681054
9133724105,9133721690,0.03164413,-0.02390223,-0.04914693
9133733752,9133731127,-0.031941444,0.035246834,-0.04464274
9133744183,9133741381,-0.06827012,0.022081882,-0.036193803
9133754649,9133751670,-0.070421115,-0.05219067,-0.02887332
9133763058,9133760701,-0.061042458,-0.15631834,-0.025700212
9133773607,9133771234,-0.057846744,-0.19576585,-0.026240202
9133783995,9133781406,-0.05275119,-0.15446232,-0.030594155
9133793448,9133790289,-0.028095827,-0.05028466,-0.03700508
9133803960,9133801532,-0.0039634965,0.022322781,-0.045104306
9133814641,9133811263,-0.0049487595,0.06493462,-0.04974397
9133823149,9133820534,-0.0272502,0.07843376,-0.05160443
9133833604,9133831024,-0.02173619,0.0701134,-0.051245272
9133844090,9133841665,0.0040717497,0.051487982,-0.04872761
9133854532,9133851925,0.10952076,0.16098571,-0.04291254
9133865006,9133861333,0.1684583,0.17498022,-0.034141857
9133873353,9133870991,0.00485483,-0.075636454,-0.026026292
9133883940,9133881543,-0.15013787,-0.050344124,-0.020509075
9133894355,9133891739,-0.24371839,0.16457528,-0.016334837
9133903776,9133901426,-0.2518214,0.24725483,-0.011676811
9133914248,9133911862,-0.14928609,0.2137096,-0.004134311
9133924644,9133921856,-0.06006559,0.10676167,0.0063249827
9133935166,9133931718,0.008061193,-0.016746499,0.018343477
9133943596,9133941232,0.047778696,-0.09830694,0.027370121
9133954064,9133951678,0.03172962,-0.15488426,0.03019
9133964504,9133961721,0.024831906,-0.25729313,0.025803281
9133974051,9133971662,0.02035335,-0.3122242,0.01603219
9133983565,9133980965,-0.019473646,-0.29539758,0.004180275
9133994049,9133991252,-0.051779766,-0.26322994,-0.006958086
9134005547,9134002061,-0.035086483,-0.24406622,-0.01207439
9134013930,9134011563,0.03242575,-0.22851573,-0.010422081
9134024441,9134021885,0.12093608,-0.14164639,-0.003177402
9134033816,9134031060,0.18039365,-0.05539543,0.007678048
9134044395,9134041030,0.14400566,-0.12450254,0.022000585
9134053824,9134051265,0.088335074,-0.21216539,0.03548726
9134064316,9134061535,0.06413137,-0.2245282,0.043725062
9134075888,9134072004,0.08700488,-0.1965036,0.045431495
9134084310,9134081684,0.14200029,-0.15093718,0.04340403
9134094757,9134091281,0.16397138,-0.08209374,0.04086779
9134104133,9134102043,0.124316156,-0.04348973,0.038052127
9134114608,9134111659,0.035051297,-0.081243336,0.034511164
9134124070,9134121694,-0.046061732,-0.1280539,0.029212296
9134134541,9134132153,-0.09143262,-0.085621834,0.021642826
9134144046,9134141446,-0.11285341,0.031321228,0.014401944
9134154595,9134152174,-0.077809796,0.09151213,0.009373403
9134164724,9134162319,-0.021453075,0.13769306,0.009390495
9134174058,9134171299,-0.018625833,0.2532499,0.012653288
9134185645,9134181988,-0.052646592,0.29665527,0.019009257
9134194059,9134191701,-0.04319632,0.1993934,0.026374064
9134204594,9134202206,-0.01393748,0.047451906,0.033215556
9134215038,9134212446,0.013910346,-0.019906469,0.03554041
9134224486,9134222130,0.073065214,-0.022339795,0.033601463
9134233963,9134231560,0.11625233,-0.035032198,0.028881742
9134244786,9134241952,0.1122302,-0.05403771,0.020999447
9134255362,9134252383,0.10784859,-0.030039173,0.010949802
9134263971,9134261566,0.11300954,0.07754655,0.0011778818
9134274558,9134272157,0.13024808,0.19162914,-0.008055515
9134284951,9134282366,0.15356623,0.1784409,-0.012927843
9134294420,9134291863,0.16213249,0.041879684,-0.014064869
9134304951,9134302539,0.17448905,-0.020156138,-0.013576662
9134314618,9134312052,0.19200388,-0.07322393,-0.013725937
9134326086,9134322634,0.19901119,-0.16119684,-0.013721758
9134334624,9134332239,0.17337576,-0.20101546,-0.013206782
9134344128,9134341729,0.14809424,-0.21612658,-0.013962588
9134354650,9134352089,0.18764137,-0.2810303,-0.014873452
9134364130,9134361338,0.20782545,-0.32849768,-0.014436099
9134374614,9134372188,0.21268193,-0.37531817,-0.013011397
9134385021,9134382637,0.2504691,-0.4812036,-0.011352353
9134394392,9134391634,0.23957308,-0.49980116,-0.0126178535
9134405816,9134401963,0.18128851,-0.3355132,-0.018795364
9134415513,9134411425,0.0958754,-0.04482524,-0.027030628
9134425098,9134423579,0.051844843,0.12820163,-0.03563514
9134436244,9134431965,0.06418434,0.2649952,-0.035040736
9134444755,9134442340,0.10488782,0.24777794,-0.025083866
9134454994,9134452563,0.1119062,0.20741087,-0.009623777
9134464509,9134461736,0.09030719,0.17427999,0.006185489
9134475637,9134473276,0.05753467,0.17020988,0.023893904
9134485050,9134482695,0.021276146,0.18773736,0.035223648
9134495499,9134492721,-0.009903487,0.14727505,0.04346149
9134506133,9134502680,-0.029107507,0.08700733,0.047464088
9134514809,9134512156,0.0012689121,0.03186167,0.048243634
9134524377,9134521978,0.07674596,-0.046329647,0.047949053
9134535054,9134532463,0.14620107,-0.10823352,0.045893077
9134544879,9134542293,0.17329311,-0.1098107,0.04028663
9134554387,9134551792,0.15477937,-0.08294203,0.031895496
9134565038,9134562247,0.107404254,-0.068893135,0.022173937
9134576570,9134572720,0.04750281,-0.04831513,0.0139412675
9134585097,9134582716,0.0078095533,-0.026737737,0.008638765
9134594534,9134592143,-0.009503532,-0.021749046,0.006233488
9134604933,9134602144,-0.017237801,-0.009920566,0.005927346
9134615395,9134611942,-0.016218007,0.0012623277,0.0074660303
9134624827,9134622264,-0.0050602844,-0.010873461,0.010455703
9134635395,9134632582,0.011818014,-0.008807689,0.013918016
9134646882,9134642823,0.0091596395,0.07047292,0.01678003
9134654364,9134651959,0.0041262507,0.17232941,0.019454265
9134664836,9134662433,0.040942557,0.13889956,0.024955872
9134675416,9134672801,0.082108736,0.061107438,0.03240438
9134685895,9134682544,0.09754506,0.043242566,0.03933484
9134695346,9134692960,0.095892884,0.03603863,0.045381926
9134704757,9134702346,0.1015896,-0.019573808,0.049084518
9134715165,9134712581,0.10856675,-0.06950922,0.05131722
9134724615,9134722062,0.11493104,-0.08011918,0.05172826
9134735150,9134732718,0.13316187,-0.07039162,0.050884787
9134745592,9134742776,0.17201434,-0.09006664,0.05014204
9134756362,9134752886,0.20879388,-0.10916303,0.049845476
9134764730,9134762338,0.2332494,-0.11666582,0.04953486
9134775264,9134772866,0.24300116,-0.11277345,0.048637982
9134785625,9134782862,0.049581654,-0.015156239,0.04616238
9134795074,9134792710,-0.32109594,-0.0044607483,0.043039124
9134805590,9134803211,-0.18357965,-0.31348902,0.04671399
9134815989,9134813200,0.12198948,-0.43508697,0.054470208
9134826513,9134823137,0.055063188,-0.13401955,0.05627042
9134834860,9134832506,0.052694805,0.0510452,0.054185815
9134845255,9134842843,0.06416807,-0.016279586,0.05237537
9134855845,9134853284,0.04517219,-0.17056543,0.054591663
9134865537,9134863148,0.04670882,-0.27150086,0.060296085
9134874993,9134872622,-0.015350146,-0.23006755,0.065422565
9134885398,9134882841,-0.043638512,-0.12650505,0.06848174
9134895757,9134892598,-0.05697643,-0.0015792474,0.06753581
9134905211,9134902654,-0.04770212,0.06147334,0.06328813
9134915697,9134913320,-0.02644536,0.039772663,0.057458255
9134925456,9134922653,-0.0072144233,-0.003378749,0.052410487
9134935175,9134932222,-0.0012495723,-0.03966012,0.04769718
9134945563,9134943150,-0.028116059,-0.0582055,0.042466745
9134955914,9134953305,-0.083945386,-0.031612426,0.036054634
9134965253,9134962695,-0.10360661,0.15161046,0.026355298
9134974771,9134972404,-0.07812774,0.2548291,0.012825061
9134985230,9134982847,-0.06878527,0.112632066,-0.00092892535
9134995587,9134993026,-0.04764255,0.032441843,-0.011241702
9135007366,9135003248,-0.022299975,0.01936048,-0.018929118
9135015799,9135013443,-0.0074181855,-0.019018402,-0.02387529
9135025201,9135022645,0.008378886,-0.020725941,-0.026550598
9135035657,9135033068,0.013927283,-0.0019429196,-0.02839141
9135045186,9135042609,0.031059252,0.009147808,-0.028869184
9135055632,9135053255,0.030361783,-0.011196071,-0.027893603
9135066075,9135063280,0.0019351831,-0.038191974,-0.025473539
9135076563,9135073210,-0.043705046,-0.017005285,-0.022308573
9135084986,9135082629,-0.076492675,0.050782345,-0.01984114
9135095529,9135093165,-0.074586585,0.090088844,-0.018067574
9135105897,9135103137,-0.059895404,0.07005566,-0.016623054
9135116445,9135113869,-0.05164965,0.02921141,-0.015067654
9135125831,9135123483,-0.050121017,-0.013867067,-0.013567218
9135136655,9135133868,-0.041918006,-0.06814152,-0.010946643
9135147331,9135143650,-0.037180245,-0.09624381,-0.007465318
9135155760,9135153186,-0.03930325,-0.0658125,-0.00445278
9135165898,9135163323,-0.034538724,-0.038867682,-0.002381909
9135176508,9135173677,-0.03825023,-0.059715115,-0.00047594542
9135185936,9135182762,-0.04570774,-0.093034,0.0016482894
9135196077,9135193458,-0.052456472,-0.055481013,0.0037244246
9135205553,9135202984,-0.06738043,0.08356329,0.0030366213
9135217626,9135213770,-0.07213262,0.14283112,-0.00064204517
9135226000,9135223450,-0.057026394,0.097264424,-0.004457281
9135235428,9135233075,-0.03207752,0.13130154,-0.00957512
9135246051,9135243274,-0.019194443,0.18190788,-0.017048946
9135256576,9135253401,-0.027488982,0.1618241,-0.024660043
9135265564,9135263178,-0.0438355,0.15816295,-0.032076366
9135276058,9135273433,-0.029424483,0.11625198,-0.03888355
9135286482,9135283890,0.033045158,-0.09094719,-0.0392622
9135297941,9135292990,0.051846165,-0.13827965,-0.035989884
9135307484,9135303634,-0.005622318,0.017552163,-0.033608384
9135315849,9135314386,-0.04359846,-0.031789728,-0.029275833
9135326527,9135322645,-0.08560166,-0.08289914,-0.024491522
9135335613,9135333263,-0.09126733,-0.06806564,-0.018129803
9135346323,9135343696,-0.07533831,-0.06789883,-0.0120034795
9135356721,9135354123,-0.070721455,-0.040204596,-0.0076242923
9135366168,9135363602,-0.058425043,-0.033741616,-0.0053110886
9135375593,9135373234,-0.02811406,0.006994959,-0.0044422466
9135386995,9135384241,-0.00840115,0.03250898,-0.005297822
9135397594,9135393911,-0.017822698,0.019304454,-0.008184552
9135406028,9135403429,-0.043859623,-0.009028536,-0.0127683785
9135416520,9135413955,-0.057349246,-0.024528129,-0.018604938
9135427060,9135424425,-0.050089642,-0.018180378,-0.023716277
9135436810,9135434218,-0.022259157,0.011899774,-0.02669817
9135446252,9135443878,0.0075853206,0.047306664,-0.02823355
9135456757,9135454142,0.009399055,0.054371953,-0.029293515
9135468249,9135464159,-0.021344341,0.017910844,-0.02891141
9135475639,9135473275,-0.060658,-0.03064717,-0.02677682
9135486093,9135483712,-0.07193805,-0.04112705,-0.022579331
9135496519,9135493736,-0.08044846,-0.049501106,-0.01690528
9135506083,9135502910,-0.11797097,-0.09341726,-0.009982941
9135516818,9135514388,-0.14863041,-0.12708011,0.00067470595
9135526385,9135523943,-0.16676556,-0.14208436,0.009534642
9135537053,9135534495,-0.16854776,-0.13418138,0.015603948
9135546587,9135544223,-0.09051325,-0.063706644,0.016075421
9135556083,9135553484,0.045455806,0.08637196,0.014157434
9135566656,9135564013,0.017167114,0.083956115,0.012132529
9135578029,9135573984,-0.059334885,-0.016444314,0.010082552
9135586529,9135584134,-0.055999782,-0.016636062,0.008299168
9135596130,9135593711,-0.04985533,0.011465122,0.00693287
9135606464,9135603656,-0.046857968,0.017999444,0.0055066748
9135617014,9135614421,-0.051735878,0.013114557,0.003953024
9135626361,9135624006,-0.07268028,-0.04426957,0.0025716797
9135636800,9135634017,-0.06183571,-0.022066627,0.0008043881
9135647490,9135643440,-0.05310497,0.011068173,-0.0011683378
9135656178,9135653825,-0.069738105,-0.034405068,-0.0025124876
9135666766,9135664346,-0.057964724,-0.0040947213,-0.0031987326
9135677299,9135674472,-0.053114466,0.012307112,-0.0037573783
9135686790,9135684413,-0.055970818,0.0022192057,-0.00451549
9135696177,9135693813,-0.008779038,0.07206377,-0.009070635
9135706649,9135703870,0.058532566,0.12479387,-0.025758991
9135718229,9135714747,0.03692094,0.08308907,-0.056168538
9135726589,9135724239,-0.0323254,0.022081424,-0.0816107
9135737070,9135734692,-0.05211593,-0.0012251511,-0.09779332
9135747512,9135744727,-0.07239205,-0.030483503,-0.099494085
9135756973,9135753809,-0.09051637,-0.050132506,-0.09146445
9135766662,9135764232,-0.08119781,-0.039178737,-0.08107947
9135777037,9135774276,-0.056590095,-0.011408256,-0.07296376
9135788562,9135784702,-0.052210264,-0.0039314306,-0.0651541
9135796958,9135794611,-0.055297535,-0.0036740552,-0.058661368
9135806446,9135804079,-0.05119496,-0.0014984871,-0.05305621
9135816867,9135814078,-0.054316923,-0.004127323,-0.04782557
9135827375,9135824388,-0.05374563,-0.0013497975,-0.043016665
9135836749,9135834200,-0.05583754,-0.0030736807,-0.03880517
9135847605,9135845015,-0.055071928,-0.002799603,-0.034726277
9135856982,9135854414,-0.05432584,-0.00086973375,-0.03155395
9135866569,9135863957,-0.057109006,-0.0023367086,-0.028656065
9135876671,9135874263,-0.057037342,-0.003406921,-0.025861053
9135887197,9135884448,-0.05590435,-0.0024982316,-0.023425635
9135897702,9135894532,-0.056727998,-0.0007201617,-0.02125741
9135907117,9135904529,-0.057160407,0.0005966638,-0.019378683
9135916522,9135913959,-0.05935385,-0.0019695803,-0.017802646
9135927039,9135924447,-0.062934786,-0.0058517377,-0.015832152
9135936744,9135934101,-0.07028654,-0.012042124,-0.01350475
9135947163,9135944758,-0.06161736,-0.0026960564,-0.011260281
9135957572,9135954799,-0.05144889,0.007942667,-0.009733083
9135968142,9135964903,-0.059805673,-1.6477425e-05,-0.008180844
9135976442,9135974095,-0.05597748,0.0021542034,-0.007335862
9135986951,9135984591,-0.053702936,0.0016762092,-0.0073257643
9135997324,9135994569,-0.05573745,0.00057584385,-0.008044673
9136008482,9136006121,-0.044372935,0.018653665,-0.011260813
9136017108,9136014485,-0.022730915,0.044619642,-0.016962795
9136027553,9136024964,-0.033218034,0.03201227,-0.027954232
9136039163,9136035105,-0.063005105,0.0003600344,-0.041269183
9136046616,9136044248,-0.062964916,-0.0010984652,-0.054805957
9136057146,9136054772,-0.036297344,0.030063158,-0.06845975
9136067572,9136064983,-0.02103785,0.042987946,-0.074804336
9136077123,9136073751,-0.03861288,0.015145401,-0.07160496
9136087702,9136085117,-0.067504674,-0.013715414,-0.060373113
9136097174,9136094606,-0.06534036,-0.016728166,-0.047125414
9136107989,9136105407,-0.028020505,0.016745616,-0.024213977
9136117521,9136114921,-0.020846574,0.025555642,-0.000120578334
9136126895,9136124538,-0.064135656,-0.020444818,0.019391222
9136137316,9136134536,-0.09578228,-0.049750403,0.03019194
9136147967,9136144109,-0.10117587,-0.051712703,0.031547524
9136157465,9136155084,-0.090709694,-0.036461398,0.027016912
9136166861,9136164489,-0.084036455,-0.023312628,0.020224536
9136177296,9136174508,-0.11299825,-0.05533164,0.0072690453
9136188403,9136186006,-0.128601,-0.07194199,-0.012605108
9136197262,9136194905,-0.104897864,-0.044963077,-0.027379634
9136207802,9136205035,-0.08068524,-0.0191707,-0.04062163
9136219258,9136215206,-0.047358587,0.018833157,-0.046754297
9136226810,9136224459,-0.008919213,0.06517845,-0.043842737
9136237329,9136234728,-0.015562639,0.0584903,-0.036683682
9136247702,9136244911,-0.0038056932,0.06555654,-0.024818163
9136258148,9136255772,0.030433482,0.09543972,-0.0017878823
9136267553,9136265194,0.005895242,0.066230364,0.0203056
9136278261,9136275475,-0.04487522,0.00825225,0.037296005
9136288813,9136285394,-0.07760203,-0.025791034,0.0443677
9136297167,9136294614,-0.10409498,-0.050878063,0.0419219
9136307661,9136305279,-0.088201284,-0.034109563,0.035057694
9136318055,9136315474,-0.071770936,-0.010931987,0.028695919
9136328555,9136324677,-0.08195911,-0.019093152,0.021051658
9136337934,9136335377,-0.08314804,-0.021874249,0.009877293
9136347459,9136344695,-0.08234954,-0.01798325,0.00065121334
9136359583,9136355513,-0.08477128,-0.019307433,-0.0063520684
9136367045,9136364659,-0.0768118,-0.010731698,-0.00918724
9136377574,9136375147,-0.054335244,0.013504513,-0.009592678
9136388027,9136385223,-0.04284683,0.028474223,-0.008032179
9136398569,9136395219,-0.045085825,0.026681066,-0.0062845163
9136408106,9136405506,-0.033275,0.037849143,-0.0031031773
9136417472,9136415106,-0.010717751,0.058985874,0.003351874
9136427966,9136425348,-0.012519641,0.057204556,0.009870509
9136437600,9136434952,-0.047826946,0.021379286,0.010902196
9136447381,9136444981,-0.08194089,-0.020352034,0.008046841
9136457827,9136455023,-0.08081898,-0.018930448,0.003959846
9136469403,9136465528,-0.06710899,0.0005899146,-0.0007685395
9136477800,9136475441,-0.07527864,-0.006333447,-0.006702313
9136488325,9136485940,-0.08268117,-0.012574555,-0.014300788
9136498715,9136495922,-0.084852785,-0.014480134,-0.020498771
9136508413,9136505850,-0.08690518,-0.0166962,-0.024355784
9136517821,9136515264,-0.0721945,0.00094698416,-0.024650281
9136528409,9136525810,-0.062152017,0.012178239,-0.021106927
9136539166,9136535734,-0.072172426,0.00042367188,-0.016177015
9136547975,9136545607,-0.07605695,-0.0028352637,-0.010805976
9136557468,9136554896,-0.055088386,0.018686038,-0.0037062778
9136567960,9136565328,-0.0442535,0.030551933,0.0071216584
9136578410,9136575827,-0.055064544,0.020091828,0.016530287
9136587831,9136585459,-0.06743441,0.0039767716,0.020023366
9136598344,9136595525,-0.07885702,-0.008057445,0.018330988
9136609945,9136606075,-0.07892674,-0.0060568973,0.01395554
9136617304,9136614750,-0.07613244,-0.0009333738,0.008982565
9136627759,9136625376,-0.08241859,-0.0037984108,-0.00036719255
9136638125,9136635561,-0.083235145,-0.0027712593,-0.011240898
9136647599,9136644844,-0.0795295,0.0025871722,-0.02060761
9136658059,9136655669,-0.072359264,0.0100773005,-0.029162738
9136668564,9136666154,-0.068305254,0.00809076,-0.033708774
9136678985,9136676363,-0.07024409,0.006243094,-0.033136487
9136688441,9136685883,-0.071124345,0.009706856,-0.028755348
9136698016,9136695438,-0.076698154,0.0015738867,-0.023168668
9136708560,9136705947,-0.06458074,0.013256073,-0.015015482
9136718955,9136715802,-0.02953916,0.04919167,-0.002675768
9136728396,9136726042,-0.022802314,0.053558074,0.011609833
9136737877,9136735311,-0.049542308,0.02341238,0.020318508
9136748432,9136745665,-0.07695728,-0.0036013825,0.02321369
9136757918,9136755356,-0.091014534,-0.018719446,0.020991176
9136768435,9136766076,-0.08331975,-0.012437422,0.016888496
9136779002,9136776171,-0.07482844,-0.0018713172,0.0126633905
9136789512,9136786099,-0.07743249,-0.0006475765,0.006472268
9136797827,9136795477,-0.082057595,-0.00186573,-0.0013623871
9136808398,9136806033,-0.083298564,-0.0031121382,-0.010584174
9136818777,9136816005,-0.07795185,-0.0002925507,-0.018012576
9136828236,9136825862,-0.07389665,0.0041255564,-0.023338411
9136838713,9136836362,-0.072085306,0.0065812096,-0.02594408
9136849140,9136846160,-0.059104256,0.018071622,-0.024178226
9136859726,9136856350,-0.058646165,0.02323703,-0.01935612
9136868338,9136865782,-0.04680564,0.034840837,-0.010779757
9136878960,9136876555,-0.0057024844,0.06805988,0.010017756
9136888325,9136885766,0.0046147965,0.0729405,0.03398519
9136898807,9136895458,-0.021884846,0.04262232,0.05538834
9136908313,9136905957,-0.046445854,0.019545972,0.06953582
9136918838,9136916086,-0.08204386,-0.01350479,0.07122516
9136930385,9136926522,-0.088576645,-0.020955907,0.062113516
9136938788,9136936427,-0.06951208,0.002860872,0.04957526
9136948485,9136946095,-0.06343645,0.01880806,0.033953626
9136959135,9136956519,-0.07565621,0.008630655,0.011696471
9136969581,9136966209,-0.08934372,-0.00924953,-0.010263566
9136979037,9136976652,-0.08031426,-0.0029069325,-0.02886341
9136988459,9136986102,-0.073257506,0.0028117965,-0.040259805
9136998880,9136996104,-0.06858936,0.0059030685,-0.048308484
9137008385,9137005814,-0.05760394,0.017023142,-0.051673915
9137018837,9137016446,-0.058170516,0.016149301,-0.048947442
9137029451,9137026568,-0.062088978,0.012596514,-0.041463483
9137040131,9137036436,-0.061981596,0.0093767,-0.030617349
9137048547,9137046159,-0.0286041,0.034012314,-0.012346743
9137058967,9137056591,-0.017347043,0.042050794,0.012528682
9137069346,9137066771,-0.057999007,0.0051529584,0.030167703
9137078908,9137076515,-0.081083804,-0.011356945,0.037200905
9137088354,9137085988,-0.08645876,-0.015016491,0.036303636
9137098841,9137096064,-0.07469097,-0.0052825613,0.030691702
9137110368,9137106677,-0.06778231,0.0039706277,0.022805575
9137118774,9137116209,-0.07378811,0.0055301543,0.012404737
9137129283,9137126880,-0.066963695,0.013707031,-0.0014935769
9137139637,9137137078,-0.06902084,0.007845734,-0.013535701
9137149291,9137146739,-0.08075117,-0.0038341195,-0.022446048
9137158825,9137156460,-0.092487454,-0.019708041,-0.027965857
9137169270,9137166454,-0.08967368,-0.020098804,-0.028716689
9137180749,9137176859,-0.07815831,-0.0013219896,-0.024101196
9137189119,9137186765,-0.07555602,-0.0006876292,-0.015133567
9137198753,9137196360,-0.04578013,0.019096667,0.0028228723
9137209307,9137206702,-0.00024074689,0.06338971,0.035167314
9137218681,9137215726,0.012632888,0.07402982,0.0672569
9137229233,9137226799,-0.007127989,0.050339166,0.10092793
9137239548,9137237153,-0.039897963,0.01741822,0.123030126
9137248916,9137246330,-0.07735187,-0.0152917495,0.12997851
9137258349,9137255973,-0.09361326,-0.019062927,0.1214367
9137268816,9137266435,-0.06895475,0.010675935,0.10155197
9137279869,9137277251,-0.044270255,0.036475684,0.07747872
9137290403,9137286753,-0.07998124,0.0064470675,0.052693427
9137298864,9137296488,-0.10198285,-0.021041587,0.025879314
9137309352,9137306973,-0.107917465,-0.029712964,-0.0011436865
9137319726,9137316967,-0.122966,-0.04780575,-0.02433234
9137329229,9137326621,-0.097518474,-0.028193869,-0.04027739
9137339032,9137336640,-0.08432662,-0.014295723,-0.04820723
9137349591,9137346810,-0.08237621,-0.012372184,-0.0490635
9137361061,9137357016,-0.050621323,0.025327077,-0.043129314
9137368577,9137365996,-0.05741805,0.021734351,-0.034783676
9137378992,9137376635,-0.084773034,-0.013899857,-0.023285564
9137389465,9137386870,-0.058157586,0.011841064,-0.007830016
9137399969,9137397595,-0.035390876,0.03808313,0.01085704
9137409477,9137407102,-0.040662356,0.032814234,0.023891605
9137419843,9137417275,-0.044310063,0.031482816,0.03169635
9137430347,9137427360,-0.056929797,0.019534107,0.03468215
9137438710,9137436143,-0.077845,-0.0024996158,0.03346548
9137449486,9137447057,-0.08134658,-0.009356978,0.028309511
9137459922,9137457119,-0.07710716,-0.005264886,0.021876454
9137470419,9137466535,-0.075955264,0.0018364631,0.01361149
9137479845,9137477480,-0.07021973,0.010810154,0.0016803704
9137489237,9137486472,-0.059766345,0.020808103,-0.0077032764
9137500789,9137497419,-0.058342747,0.020617789,-0.016274897
9137509279,9137506709,-0.055277023,0.024154704,-0.020671103
9137519958,9137517324,-0.046409007,0.02925912,-0.02249066
9137529630,9137526939,-0.03813862,0.03789376,-0.022051454
9137540955,9137537015,-0.033408213,0.04496929,-0.020979574
9137550205,9137547814,-0.026244774,0.05173856,-0.01958261
9137559555,9137556982,-0.006936578,0.067664295,-0.01467056
9137570003,9137567417,-0.02776027,0.036693487,-0.0037646256
9137579457,9137576872,-0.100496985,-0.043925848,0.0057380144
9137589918,9137587526,-0.13113281,-0.07368696,0.010884622
9137600317,9137597743,-0.11190742,-0.049468983,0.011106755
9137610788,9137607132,-0.07910505,-0.008889591,0.009696076
9137620094,9137617657,-0.06891549,0.006535043,0.006064235
9137629896,9137627325,-0.06980837,0.0061903605,0.00054236734
9137640325,9137637549,-0.07080011,0.005476811,-0.0052654394
9137649957,9137647598,-0.07101717,0.0051800827,-0.009587599
9137659364,9137657012,-0.07319988,0.0004873759,-0.0119316215
9137669814,9137667030,-0.084494,-0.012115426,-0.01207051
9137681291,9137677638,-0.09031691,-0.019373853,-0.00944877
9137689667,9137687304,-0.08532854,-0.015050673,-0.0052572647
9137700236,9137697599,-0.059329428,0.015705425,-0.00071198307
9137709945,9137707374,-0.007560853,0.07583818,0.002542204
9137720752,9137718364,0.058406286,0.14267093,0.008100101
9137730132,9137727772,0.11066812,0.19148727,0.014835558
9137739597,9137737006,0.08138795,0.17157125,0.017401006
9137751134,9137747746,0.032487683,0.10804801,0.015256159
9137759510,9137756961,-0.027015537,-0.015903048,0.012501556
9137770108,9137767748,-0.06141056,-0.14830104,0.00963923
9137780555,9137777964,-0.03589239,-0.22697546,0.00954279
9137790067,9137786592,-0.03328076,-0.1730984,0.011277562
9137799515,9137797141,-0.09009731,-0.04478576,0.012675049
9137810043,9137807644,-0.1737566,0.077647164,0.011981426
9137820411,9137817830,-0.25577113,0.20195438,0.008716143
9137829829,9137827280,-0.26705256,0.18305391,0.004272303
9137840304,9137837726,-0.115925714,-0.16223511,0.0054102736
9137850702,9137848126,-0.000855051,-0.21987034,0.01017179
9137861210,9137857733,0.004006639,0.11010238,0.009133442
9137870004,9137867608,0.030226782,0.101154946,0.0070739016
9137879776,9137877416,0.0036085695,0.05985252,0.004794814
9137890160,9137887382,-0.018043501,0.080064,0.0008095633
9137899615,9137897064,-0.020516522,0.030990276,-0.0022473296
9137910123,9137907542,-0.052431192,0.024287686,-0.004725483
9137920480,9137917722,-0.06309512,-0.0016140137,-0.005534585
9137931078,9137927920,-0.073599584,-0.0064043794,-0.0049966425
9137939574,9137937014,-0.07754738,-0.008426962,-0.0036722873
9137950131,9137947773,-0.07197254,-0.006833623,-0.0015767033
9137960290,9137957653,-0.068510674,-0.00030418765,0.00015681353
9137970763,9137968374,-0.065485485,0.0014084345,0.0012542715
9137980178,9137977618,-0.06103158,0.008669448,0.0011445057
9137990613,9137987841,-0.052058037,0.019301156,-0.00017426407
9138002076,9137998226,-0.049807984,0.024998674,-0.0027464828
9138009595,9138007221,-0.052690007,0.02458756,-0.006142962
9138020044,9138017644,-0.05493146,0.020174818,-0.010062199
9138030607,9138027960,-0.055577375,0.018804949,-0.01239977
9138041129,9138037750,-0.05065755,0.021879617,-0.013218238
9138050581,9138048218,-0.0429241,0.031657808,-0.013352984
9138060967,9138058180,-0.044398263,0.030984933,-0.013036356
9138071421,9138068242,-0.054080173,0.018092569,-0.01177069
9138079793,9138077439,-0.045890708,0.027216498,-0.009918528
9138090253,9138087867,0.0016956963,0.05729039,-0.0069750072
9138100926,9138098317,0.06779196,0.04172559,-0.0012149131
9138110801,9138107847,0.10217736,-0.060298957,0.005253669
9138120220,9138117846,0.107620984,-0.12725118,0.010594847
9138130792,9138128420,0.124553524,-0.104299314,0.017225316
9138140253,9138137646,0.12550971,-0.24145488,0.024931403
9138150687,9138148106,0.092774704,-0.4368331,0.034036428
9138160145,9138157748,0.045606654,-0.39624763,0.041796185
9138171539,9138168574,-0.010336619,-0.22645283,0.048344076
9138182051,9138178206,-0.07734811,-0.0641291,0.051550876
9138190455,9138188099,-0.13158083,0.09597715,0.05065242
9138200905,9138198522,-0.16743258,0.212885,0.04507625
9138210448,9138207847,-0.19438106,0.30153796,0.03767576
9138220920,9138218337,-0.19790104,0.3084275,0.02867594
9138230326,9138227933,-0.19218601,0.31458792,0.02057952
9138240804,9138238005,-0.15513553,0.31487125,0.011869942
9138252269,9138248594,-0.09099031,0.27839282,0.0021179551
9138260683,9138258124,-0.031228751,0.12708077,-0.005404941
9138271152,9138268768,-0.0035246015,-0.039813295,-0.009881846
9138280629,9138277796,0.034827013,-0.11966635,-0.011055987
9138291078,9138287594,0.04880466,-0.08614611,-0.010911364
9138300530,9138298163,0.032894276,-0.0069173127,-0.010446272
9138311159,9138308594,0.006549932,0.09981086,-0.011274962
9138322691,9138318608,-0.028073724,0.20571887,-0.014120766
9138330093,9138327729,-0.0831917,0.30208868,-0.01892984
9138340554,9138338163,-0.05460205,0.07505533,-0.02160348
9138351384,9138348823,-0.0027493965,-0.1676993,-0.01943663
9138360847,9138357394,-0.052402765,-0.045486633,-0.018235285
9138371414,9138368779,-0.06018655,-0.0012409743,-0.01671868
9138381006,9138378634,-0.04075495,-0.00619697,-0.015201917
9138391458,9138388881,-0.042638037,0.032079045,-0.014232435
9138400960,9138398408,-0.03577565,0.017184217,-0.013092341
9138410487,9138408105,-0.037259914,0.032124482,-0.012201545
9138420843,9138418084,-0.037059594,0.02664476,-0.011230256
9138432345,9138428494,-0.037392814,0.027966816,-0.010088365
9138440789,9138438426,-0.03667992,0.028051062,-0.00920473
9138451305,9138448706,-0.03645817,0.02585523,-0.008651071
9138461894,9138459098,-0.037617948,0.02879724,-0.008231491
9138471363,9138469008,-0.035701938,0.030274631,-0.00789006
9138480798,9138478441,-0.030096278,0.036846437,-0.0077448823
9138491235,9138488440,-0.01688134,0.054651298,-0.008236866
9138502877,9138498704,0.0031134337,0.08216788,-0.010053568
9138510437,9138508028,0.022339057,0.1003657,-0.011709787
9138521092,9138518673,0.02072168,0.09095335,-0.011994574
9138531696,9138528910,-0.0005846701,0.06858044,-0.011997679
9138541472,9138539004,-0.023652796,0.04156091,-0.012817937
9138551074,9138548676,-0.044729672,0.014151562,-0.013676591
9138561523,9138558520,-0.052844264,0.0027278513,-0.013750431
9138572181,9138568970,-0.047376856,0.010238856,-0.012970961
9138580632,9138578253,-0.04449205,0.019886563,-0.012409835
9138591117,9138588701,-0.038566545,0.02730435,-0.012389574
9138601555,9138598949,-0.034383297,0.03133187,-0.01243854
9138612076,9138608683,-0.033686463,0.033319555,-0.012299213
9138621522,9138619127,-0.033436526,0.031181935,-0.011999834
9138631191,9138628608,-0.03504754,0.028707642,-0.011567227
9138642699,9138639218,-0.03358398,0.03316661,-0.01070066
9138651069,9138648511,-0.021592844,0.047383428,-0.009509634
9138661546,9138659168,0.004133433,0.07221916,-0.007063633
9138671996,9138669418,0.064415224,0.1274156,-0.0017877077
9138682616,9138678941,0.14063384,0.21912555,0.0029425588
9138691203,9138688848,0.18137091,0.2785214,0.002504409
9138700845,9138698478,0.1596916,0.25835046,-0.0030292862
9138711455,9138708793,0.073743545,0.16579351,-0.0128641045
9138721023,9138718464,-0.0042107143,0.07323052,-0.024937082
9138731492,9138729111,-0.037615467,0.039598927,-0.039270543
9138742035,9138739250,-0.05574984,-0.006823957,-0.047825344
9138752560,9138749104,-0.067521624,-0.057248563,-0.048968382
9138760974,9138758587,-0.10018761,-0.062237926,-0.05002592
9138771424,9138769046,-0.13059047,-0.067677855,-0.05472607
9138781816,9138779242,-0.13901979,-0.08555502,-0.059630536
9138791354,9138788964,-0.12837382,-0.07774238,-0.0631017
9138801114,9138798730,-0.052284904,0.009187432,-0.064976335
9138812474,9138809693,0.014323156,0.07648634,-0.06321181
9138822962,9138819508,0.016447172,0.06917535,-0.057331573
9138831365,9138828783,0.019323032,0.073174775,-0.04959914
9138841897,9138839509,0.010995287,0.06903745,-0.041341122
9138852266,9138849657,0.017638432,0.076227,-0.03377016
9138861718,9138858340,0.04768488,0.100759484,-0.025614034
9138871155,9138868767,0.0682093,0.12072152,-0.0152287185
9138881487,9138878664,0.09312193,0.15250137,-0.006810209
9138893093,9138889640,0.07863815,0.13300708,0.0012840889
9138901471,9138899116,0.038303897,0.0870045,0.006871625
9138911977,9138909403,-0.0030756518,0.047689006,0.009670398
9138922415,9138919834,-0.046341952,0.00989642,0.008211825
9138932959,9138929248,-0.07244028,-0.018712074,0.00416492
9138941394,9138938991,-0.06995203,-0.015069965,-0.0009813462
9138951779,9138949424,-0.07802157,-0.012160739,-0.008338219
9138962358,9138959764,-0.08826779,-0.019973524,-0.016740318
9138972090,9138969708,-0.057326414,0.011952246,-0.023490522
9138981551,9138979198,-0.011872489,0.054773495,-0.027088847
9138992179,9138989413,-2.649799e-05,0.061285116,-0.027831435
9139002746,9138999327,0.013212251,0.07257435,-0.02632659
9139012154,9139009768,0.018812126,0.0766315,-0.022849634
9139021613,9139019248,0.020536177,0.07902032,-0.018575853
9139032048,9139029244,0.036851108,0.08766491,-0.011898272
9139041478,9139038911,0.04967328,0.10118445,-0.004670023
9139052148,9139049543,0.051399913,0.11393526,0.0006886814
9139062626,9139059822,0.043046698,0.10570944,0.0041856244
9139073146,9139069722,0.024740567,0.079899564,0.007160527
9139081538,9139079147,0.005195638,0.05716971,0.00935711
9139091964,9139089388,-0.012478443,0.04364642,0.0102607515
9139102348,9139099562,-0.026670596,0.030847067,0.009326825
9139112037,9139109656,-0.031112734,0.026760941,0.006911097
9139121443,9139119082,-0.03080724,0.030387273,0.0034737072
9139132072,9139129249,-0.033565596,0.031003416,-0.001501532
9139143676,9139140017,-0.024809869,0.043163445,-0.0072187353
9139152081,9139149510,-0.0072096763,0.06066233,-0.011631968
9139162593,9139160196,-0.0052803876,0.06159424,-0.015703648
9139172561,9139169767,-0.0035904143,0.061824415,-0.018392362
9139182032,9139178665,0.0020170948,0.06506684,-0.019409608
9139191708,9139189329,0.006122128,0.06674221,-0.01890982
9139202154,9139199768,0.018302787,0.07741445,-0.017326409
9139213722,9139210039,0.028403018,0.092366815,-0.015001588
9139221667,9139219300,0.03937733,0.10066519,-0.011110462
9139232128,9139229733,0.05467139,0.10361004,-0.004077429
9139242673,9139240068,0.07542975,0.12047227,0.004449891
9139253112,9139249727,0.10263592,0.15354884,0.01356254
9139262538,9139260137,0.13893163,0.18376954,0.024346204
9139271872,9139269504,0.1532329,0.21789266,0.03417249
9139282553,9139279967,0.07439126,0.22746164,0.04129353
9139292514,9139289950,-0.039545678,0.22470245,0.040634364
9139302041,9139299653,-0.12455653,0.20988913,0.03243294
9139312464,9139309681,-0.1485396,0.15471447,0.017675342
9139323948,9139320079,-0.098953374,0.06426711,-0.00018483214
9139332373,9139330004,-0.012260202,-0.03763312,-0.01469126
9139341835,9139339464,0.09012906,-0.114632055,-0.022745114
9139352351,9139349552,0.18653005,-0.148044,-0.02575298
9139362830,9139360454,0.2643605,-0.18369932,-0.027283847
9139372256,9139369672,-0.03518353,-0.06265804,-0.031275086
9139382883,9139380297,-0.3419373,0.101408586,-0.04024543
9139394356,9139390273,-0.11497438,0.072785296,-0.04679782
9139401737,9139399350,0.049324542,0.08778076,-0.0475771
9139412239,9139409819,0.033562787,0.12421326,-0.045115605
9139422885,9139419991,0.083430216,0.12818426,-0.04065597
9139432745,9139429289,0.07015468,0.14164491,-0.035853982
9139442520,9139440092,0.07629348,0.12435785,-0.028667482
9139452334,9139449571,0.09518352,0.14057806,-0.020686802
9139463775,9139460430,0.0959912,0.15059127,-0.013523281
9139472112,9139469664,0.07839412,0.13513623,-0.009968972
9139482413,9139479992,0.04721097,0.104128964,-0.0077884705
9139493205,9139490430,0.016054612,0.06920633,-0.0072485367
9139502759,9139499306,-0.027201705,0.023442674,-0.008333912
9139512257,9139509836,-0.038537666,0.0101655945,-0.010788287
9139522964,9139520340,-0.034183722,0.021758448,-0.014438877
9139532493,9139529915,-0.040387426,0.022684207,-0.018943617
9139542407,9139539828,-0.038097568,0.018323418,-0.023452016
9139553078,9139550443,-0.016309286,0.03408917,-0.026095962
9139562553,9139559942,0.0016985489,0.05503252,-0.026550235
9139574036,9139570186,0.0046638874,0.054591898,-0.025764335
9139582561,9139580136,0.00881007,0.055017114,-0.023323119
9139592965,9139590381,0.016073827,0.06746276,-0.020071045
9139603361,9139600574,0.02137939,0.07609447,-0.017150162
9139612857,9139610291,0.02323867,0.07935112,-0.014658266
9139622322,9139619929,0.025998496,0.081938654,-0.012822806
9139632748,9139629938,0.030439192,0.085120566,-0.011633008
9139644323,9139640632,0.032858327,0.07040144,-0.010588806
9139652860,9139650470,0.04229103,0.015022926,-0.008686086
9139663540,9139661127,0.050188836,-0.038538363,-0.0047938293
9139672766,9139670169,0.044307705,-0.05215264,-0.0002558669
9139683274,9139680882,0.031089045,-0.0035317056,0.005029096
9139692635,9139690267,0.018793099,0.087674804,0.007864694
9139703041,9139700261,0.0054973215,0.17500375,0.0078427885
9139714566,9139710910,-0.01287598,0.22992674,0.004840778
9139722963,9139720609,-0.035826713,0.26133922,-0.00015421165
9139733659,9139731064,-0.04150056,0.2379384,-0.007420406
9139743373,9139740560,0.04260999,-0.00063496083,-0.011387343
9139753805,9139750397,0.08664653,-0.07311135,-0.013853598
9139763267,9139760875,0.03314862,0.122168474,-0.020592699
9139773730,9139770908,0.04537025,0.10467835,-0.02849247
9139784164,9139780964,0.040613554,0.10479042,-0.037452385
9139792533,9139789982,0.006284531,0.1218272,-0.045794033
9139803039,9139800648,-0.0010911133,0.059495047,-0.052630283
9139813459,9139810658,-0.0030214842,0.058130696,-0.056381553
9139823564,9139820076,0.02915039,0.075170405,-0.05799682
9139833451,9139830883,0.054075986,0.07534389,-0.05764336
9139842997,9139840625,0.08513261,0.0062262826,-0.05429836
9139853415,9139850843,0.12739652,-0.063628554,-0.046969816
9139862858,9139860310,0.14787614,-0.10806851,-0.036683433
9139873347,9139870987,0.13193023,-0.097002655,-0.023238335
9139883841,9139881084,0.09751762,-0.053601637,-0.011112963
9139894548,9139890862,0.043756165,-0.008267017,-0.0013418226
9139903094,9139900687,-0.0070255846,0.0605535,0.0052965544
9139913225,9139910859,-0.048391487,0.16454183,0.008254549
9139923704,9139920923,-0.07966503,0.261087,0.007771535
9139932986,9139930625,-0.102352396,0.29939842,0.0049245837
9139943518,9139941126,-0.11118458,0.27495962,0.00014897855
9139953958,9139951141,-0.10685331,0.24097815,-0.0057265917
9139964476,9139961297,-0.06032012,0.123899624,-0.0110811535
9139972848,9139970494,0.07645288,-0.15471795,-0.01124817
9139983306,9139980919,0.12043786,-0.111079395,-0.009165961
9139993822,9139991258,0.052098997,0.11287121,-0.009693498
9140003240,9140000687,0.03242597,0.06690009,-0.009694419
9140013356,9140010965,0.016031526,0.055441823,-0.009270087
9140023267,9140020500,0.01305185,0.08419783,-0.009069883
9140034843,9140031393,0.033659685,0.076000765,-0.008268049
9140043540,9140040965,0.02922038,0.09572607,-0.0073082363
9140053206,9140050641,0.030424863,0.081603125,-0.005831388
9140063691,9140061110,0.05498265,0.10685429,-0.0031677466
9140073826,9140070610,0.10807748,0.15159918,0.0028798506
9140083175,9140080824,0.13530317,0.17057845,0.012495478
9140093666,9140091108,0.12539469,0.16714409,0.02051486
9140103386,9140100830,0.104805544,0.15166217,0.025204826
9140112829,9140110472,0.07717827,0.12482765,0.02707963
9140123512,9140121139,0.04425858,0.09289844,0.025506644
9140133923,9140131142,0.017270602,0.07053085,0.021250898
9140144768,9140141082,0.00711374,0.058518823,0.016252574
9140153184,9140150802,0.0035216622,0.04213187,0.012140227
9140163788,9140161408,-0.005352281,0.03619709,0.007819253
9140174183,9140171413,-0.025780082,0.029334355,0.0025540418
9140184321,9140181951,-0.040024497,0.018322174,-0.0044042463
9140193568,9140191167,-0.04420945,0.0072444268,-0.010649754
9140204497,9140201692,-0.023223951,0.021532327,-0.015456809
9140214566,9140210835,0.008587119,0.05622215,-0.017416142
9140223405,9140220821,0.02614678,0.0774751,-0.018232867
9140233989,9140231585,0.05349256,0.10355654,-0.016790582
9140244785,9140242163,0.08176821,0.1325253,-0.013245158
9140254204,9140251562,0.077825405,0.12669258,-0.009272597
9140263974,9140261532,0.074008554,0.11068977,-0.0035203206
9140274541,9140271703,0.08538294,0.11030551,0.0034944182
9140285110,9140281749,0.0843717,0.10004185,0.0087669715
9140293614,9140291026,0.090218976,0.04035661,0.011205378
9140303422,9140301038,0.102176785,-0.055145383,0.013087757
9140313908,9140311300,0.09831989,-0.12846792,0.015730208
9140324417,9140320957,0.09312263,-0.16555402,0.01914033
9140333842,9140331480,0.09663726,-0.15134111,0.022783393
9140344330,9140341738,0.081029475,-0.09285056,0.02474817
9140355745,9140351900,0.0317538,-0.012190215,0.023894157
9140363149,9140360785,-0.037833147,0.07351797,0.019816076
9140373640,9140371248,-0.07029103,0.16055495,0.011283017
9140384250,9140381648,-0.065476134,0.24786055,0.0003579799
9140394733,9140391560,-0.044894606,0.26333115,-0.010952656
9140404132,9140401742,-0.012433741,0.23766685,-0.021944527
9140414557,9140411963,0.031448316,0.1872244,-0.030369513
9140423943,9140421147,0.060991835,0.075547546,-0.0342399
9140433387,9140431012,0.0791677,-0.01450257,-0.034144428
9140443869,9140441472,0.09825671,-0.06324875,-0.030189618
9140454269,9140451648,0.10128565,-0.0952668,-0.02348318
9140465831,9140461566,0.08207062,-0.07557155,-0.01592735
9140474263,9140471690,0.059970234,-0.0029569957,-0.008933555
9140483730,9140481323,0.04318306,0.066934735,-0.003493485
9140494746,9140492175,0.032276765,0.0940565,0.0012782579
9140504167,9140501533,0.017963314,0.10460052,0.0047597215
9140513549,9140511181,0.0034778975,0.11088765,0.00767787
9140525149,9140522120,-0.0118506905,0.11897533,0.010058459
9140536160,9140532060,-0.020573186,0.11957591,0.0115733715
9140543681,9140541290,-0.005265099,0.116522804,0.012238699
9140554194,9140551759,0.015761124,0.10516368,0.012217067
9140564583,9140561976,0.0353672,0.06860595,0.012291531
9140574186,9140571207,0.051548,0.022748493,0.012889585
9140583679,9140581303,0.060653534,0.0006549321,0.013582133
9140594537,9140591749,0.07243248,-0.013967007,0.013853764
9140606041,9140602379,0.0820757,-0.034149516,0.013411589
9140614467,9140612101,0.09672482,-0.04790688,0.011853773
9140623921,9140621324,0.10806538,-0.061343614,0.009094795
9140634476,9140631850,0.10863322,-0.09440118,0.0048079416
9140643918,9140641114,0.13425013,-0.14692572,0.00020545535
9140654337,9140651946,0.16622707,-0.19050452,-0.005594327
9140664830,9140662445,0.16988769,-0.25733054,-0.010891421
9140674183,9140671420,0.15580127,-0.33189917,-0.01416425
9140683653,9140681303,0.13697204,-0.33444405,-0.016251983
9140694590,9140692234,0.11414772,-0.28527737,-0.01797767
9140705084,9140702506,0.10193924,-0.22222248,-0.019168148
9140715615,9140712135,0.05925427,-0.16302423,-0.01937743
9140726037,9140721534,-0.0055343583,-0.061032742,-0.0191053
9140734451,9140732088,-0.019679666,0.09691903,-0.019632874
9140745016,9140742586,-0.013079576,0.25641063,-0.020591177
9140754384,9140751976,-0.033353183,0.3929755,-0.021234108
9140764806,9140762420,-0.10242058,0.46394214,-0.022764673
9140775252,9140772449,-0.18874933,0.5158231,-0.024836712
9140785780,9140782292,-0.22883163,0.538717,-0.027091315
9140794130,9140791782,-0.22531891,0.5596697,-0.029768066
9140804743,9140802323,-0.20471652,0.54546535,-0.033960674
9140815192,9140812614,-0.19859636,0.49082246,-0.041118093
9140824634,9140822072,-0.17076892,0.41912183,-0.050246596
9140834125,9140831769,0.059754558,-0.2550975,-0.051355585
9140844637,9140841841,0.27695358,-0.8042171,-0.0403095
9140856085,9140852602,0.13220286,-0.17029947,-0.034795687
9140864525,9140862151,-0.02577607,0.27913532,-0.039154697
9140874991,9140872599,-0.036202457,0.19079842,-0.045324374
9140885550,9140882897,-0.016519995,0.071539044,-0.049818475
9140895365,9140892011,0.014256637,-0.08455801,-0.05119657
9140904801,9140902243,-0.015099224,0.047589093,-0.053861983
9140915297,9140912684,0.03937005,0.115631476,-0.058913086
9140926704,9140922657,0.108829334,0.18072693,-0.06671057
9140935052,9140932285,0.09271014,0.20476907,-0.07620115
9140944520,9140941564,0.06408259,0.12723391,-0.08299939
9140954935,9140952352,0.048872136,0.11171543,-0.08524788
9140965405,9140962259,0.0372301,0.08292006,-0.08008641
9140974909,9140972337,0.0064299908,0.05319294,-0.0690433
9140984404,9140982038,-0.019814506,0.019828014,-0.056522127
9140994814,9140992037,-0.041296396,-0.010871675,-0.04445358
9141004354,9141001965,-0.06191143,-0.037398558,-0.031963
9141014772,9141012379,-0.06352509,-0.042716436,-0.01634648
9141025219,9141022624,-0.07151558,-0.040964343,-0.0013156198
9141035697,9141032540,-0.093913764,-0.056639936,0.011221448
9141045116,9141042754,-0.12105857,-0.07291292,0.020432314
9141054805,9141052411,-0.17269528,-0.11900027,0.023583671
9141065236,9141062653,-0.2260831,-0.1836012,0.025334079
9141074765,9141072205,-0.22347623,-0.17293939,0.028725112
9141085284,9141082917,-0.14930885,-0.07048716,0.030281598
9141095654,9141092886,-0.066540815,0.025788471,0.029642358
9141106140,9141102977,-0.0017143339,0.0997262,0.028581906
9141114558,9141111977,0.07069799,0.18617171,0.025308633
9141125050,9141122659,0.07022777,0.17334107,0.019230258
9141135526,9141132705,0.05188457,0.14827359,0.009718622
9141145039,9141142677,0.062863156,0.16355789,-0.00469725
9141155550,9141152961,0.049540516,0.14593044,-0.020596895
9141165926,9141163138,0.02920226,0.121087134,-0.033723716
9141176397,9141173052,0.023601158,0.10964506,-0.041504122
9141184849,9141182467,-0.0091708535,0.064974636,-0.044465978
9141195152,9141192736,-0.060787376,0.00724189,-0.045015845
9141205596,9141202805,-0.082343675,-0.016442273,-0.043291606
9141215013,9141211866,-0.06934404,0.0007862821,-0.040648278
9141225594,9141223004,-0.070345275,0.0033600256,-0.039252818
9141234962,9141232391,-0.11524024,-0.045550082,-0.041256372
9141245520,9141242681,-0.13746493,-0.06645266,-0.045852654
9141254912,9141252564,-0.1314623,-0.054532927,-0.051709432
9141265393,9141263016,-0.094994865,-0.014734111,-0.056385297
9141276152,9141273550,-0.0449401,0.040335305,-0.056885593
9141285980,9141283027,-0.054880895,0.03514191,-0.05723078
9141295415,9141293059,-0.07670603,0.012843245,-0.059009466
9141305987,9141303396,-0.07292106,0.019349046,-0.060706157
9141315367,9141312809,-0.039525427,0.05688931,-0.06166027
9141324910,9141322514,-0.010046855,0.08799573,-0.06171101
9141335232,9141332824,-0.031555526,0.065044634,-0.060430795
9141346041,9141343474,-0.04740051,0.051690437,-0.05436503
9141356541,9141353149,-0.07229711,0.025356717,-0.04291286
9141364929,9141362553,-0.1072063,-0.019017866,-0.026524393
9141375361,9141372975,-0.06793759,0.026428958,-0.004047457
9141385815,9141383232,-0.01859947,0.08723201,0.0192498
9141395639,9141393064,-0.03641063,0.06612162,0.03910936
9141405044,9141402687,-0.055092353,0.03858214,0.053368527
9141415536,9141412777,-0.08439927,0.0057855733,0.06153753
9141426995,9141423546,-0.09361802,-0.008735849,0.060584195
9141435420,9141433063,-0.054769643,0.027775211,0.05337326
9141445939,9141443579,-0.047095478,0.0536971,0.04403179
9141456404,9141453621,-0.044774078,0.08027448,0.030772619
9141465822,9141462670,-0.046407104,0.06280476,0.013534503
9141475526,9141472933,-0.06801316,0.018711908,-0.0066595264
9141486034,9141483277,-0.065554194,0.033720344,-0.025169533
9141497637,9141493565,-0.058471505,0.043889888,-0.039978024
9141505139,9141502713,-0.06692108,0.033270895,-0.04833574
9141515734,9141513348,-0.07078915,0.034117837,-0.050328266
9141526365,9141523724,-0.06961038,0.0362857,-0.04486431
9141536949,9141533265,-0.07723733,0.029575376,-0.03617625
9141545584,9141543209,-0.085845605,0.013269266,-0.02395836
9141556132,9141553746,-0.051153734,0.06392589,-0.005296793
9141565647,9141563060,0.0132482685,0.14106205,0.018998211
9141575189,9141572818,0.005589541,0.110988274,0.047893032
9141585669,9141583270,-0.07404345,0.024530472,0.072439514
9141596146,9141593478,-0.14435604,-0.051845267,0.08877997
9141606653,9141602402,-0.1517206,-0.05620469,0.09774234
9141615056,9141612700,-0.0962436,0.013207382,0.100671604
9141625545,9141623149,-0.045301303,0.0662366,0.096721366
9141635961,9141633352,-0.044210225,0.067307554,0.08859346
9141646649,9141644274,-0.06717745,0.040925186,0.07795323
9141656084,9141653510,-0.07122401,0.03714283,0.069347836
9141666516,9141663708,-0.07027264,0.037315045,0.06118784
9141677001,9141673814,-0.072661944,0.035872255,0.053592518
9141685329,9141682982,-0.06284354,0.047369543,0.045322746
9141695780,9141693406,-0.04351434,0.06563907,0.0304017
9141706169,9141703612,-0.046028554,0.06475111,0.010990581
9141716772,9141714122,-0.076616965,0.030307848,-0.00757231
9141726042,9141723688,-0.10241719,0.0031025931,-0.020356482
9141736589,9141734017,-0.10506745,0.0042452514,-0.027684331
9141747152,9141744158,-0.08387727,0.029147467,-0.026939772
9141755388,9141753034,-0.069323026,0.044479106,-0.022012092
9141765888,9141763504,-0.076167665,0.03342899,-0.014388772
9141776325,9141773726,-0.05696835,0.05912228,-0.003918999
9141786085,9141782732,0.017789096,0.14151502,0.012662354
9141795559,9141793193,0.07363553,0.19084835,0.040703557
9141806089,9141803713,0.04726752,0.15822515,0.0680655
9141816702,9141813857,-0.013623474,0.0884065,0.08600009
9141827034,9141823827,-0.015451463,0.0820949,0.093751974
9141836386,9141833634,0.009963413,0.11373551,0.09223658
9141846870,9141844318,-0.036991596,0.06014582,0.08238875
9141857361,9141853903,-0.10426148,-0.017924238,0.068870746
9141865763,9141863381,-0.076981425,0.020526975,0.053350575
9141876232,9141873832,-0.062241144,0.042270012,0.03439283
9141886624,9141883833,-0.097149104,0.002576273,0.015546931
9141896121,9141893529,-0.10636012,-0.008450232,-0.0005074702
9141906614,9141904256,-0.0968706,0.002255423,-0.01310814
9141916308,9141913730,-0.0862437,0.014376898,-0.018994689
9141927761,9141924115,-0.06911369,0.032922514,-0.020434966
9141936157,9141933807,-0.045923002,0.058990162,-0.018865693
9141946686,9141944297,-0.029115671,0.08095636,-0.01580338
9141957059,9141954464,-0.014167041,0.09802549,-0.012770953
9141966526,9141964145,0.06477454,0.18135965,-0.0053573023
9141975951,9141973559,0.20501682,0.33293238,0.008269241
9141986567,9141983760,0.23624668,0.36606747,0.019088747
9141997981,9141994533,0.1379545,0.24928522,0.020385923
9142006453,9142003884,0.010388605,0.096903734,0.016707389
9142017042,9142014393,-0.04438959,0.043801017,0.008199013
9142027315,9142024516,-0.04717547,0.04668639,-0.0030980716
9142036826,9142033466,-0.066554524,0.0121454,-0.010999353
9142046278,9142043711,-0.09346026,-0.033036046,-0.014796586
9142056795,9142054202,-0.12587577,-0.0619708,-0.017852012
9142068585,9142064890,-0.15296908,-0.06100913,-0.026855158
9142076501,9142074140,-0.18127567,-0.08281289,-0.040010512
9142086601,9142084232,-0.16375425,-0.07647924,-0.05401624
9142097072,9142094494,-0.08412708,0.017605176,-0.06360273
9142107632,9142104159,-0.026606549,0.07602967,-0.06995182
9142116051,9142113662,0.024137799,0.11608361,-0.07167069
9142126566,9142124160,0.049389496,0.15391663,-0.0673473
9142136967,9142134376,0.017873747,0.1272225,-0.063677296
9142146456,9142144095,0.013385175,0.117078915,-0.060139813
9142157285,9142154905,0.0362755,0.13560992,-0.051527843
9142167157,9142164370,0.027802598,0.120032884,-0.041268982
9142178362,9142174307,-0.031661816,0.04444917,-0.032079495
9142186775,9142184412,-0.08121974,-0.009577207,-0.026079083
9142197209,9142194625,-0.09122335,-0.006487705,-0.021845343
9142206710,9142203931,-0.07996349,0.0030535124,-0.018173292
9142217209,9142214813,-0.09800187,-0.015481163,-0.015114341
9142227044,9142224658,-0.1601236,-0.078544915,-0.015198405
9142237774,9142234951,-0.1968047,-0.11982599,-0.016855076
9142248237,9142244752,-0.21177383,-0.13589777,-0.016770702
9142256582,9142254228,-0.22708607,-0.1425853,-0.016965581
9142267069,9142264464,-0.12402739,-0.014448039,-0.018230546
9142277180,9142274379,0.0684561,0.20297031,-0.01559182
9142287722,9142285373,0.08256114,0.21513067,-0.01235203
9142297215,9142294658,0.04230667,0.16955134,-0.011498554
9142307641,9142304859,0.12957172,0.26072884,-0.0064783236
9142318234,9142315040,0.19931167,0.34596482,0.00017943699
9142326840,9142324251,0.22045264,0.35315356,0.0044618673
9142337278,9142334901,0.19228952,0.27801114,0.008233281
9142347794,9142345189,0.060391594,0.14677554,0.0071343104
9142358278,9142354592,-0.052635238,0.041032463,0.0015524593
9142366703,9142364122,-0.088679925,-0.018213496,-0.0051194704
9142377596,9142375029,-0.10208048,-0.041373014,-0.010570943
9142386980,9142384223,-0.121591374,-0.06552418,-0.012537298
9142396464,9142394108,-0.16821763,-0.09918563,-0.015254733
9142407083,9142404695,-0.16266988,-0.08501473,-0.02035173
9142417453,9142414884,-0.1395883,-0.06363792,-0.024775133
9142427331,9142423951,-0.18255861,-0.102987185,-0.028655268
9142437290,9142434931,-0.18586352,-0.10318062,-0.03640474
9142446881,9142444514,-0.14075205,-0.061083872,-0.0414185
9142457277,9142454715,-0.07666096,0.024447236,-0.043571718
9142466749,9142464175,-0.023136735,0.09100208,-0.046342954
9142477225,9142474839,0.011369944,0.11885224,-0.045780506
9142487789,9142484991,0.02815133,0.13983335,-0.041872647
9142498384,9142494967,0.006531894,0.11378055,-0.037562173
9142506899,9142504513,0.034188434,0.13890384,-0.030263083
9142517576,9142515128,0.12144005,0.22563761,-0.01321331
9142528186,9142525362,0.15557513,0.2630735,0.009896146
9142538427,9142535820,0.16061336,0.24338964,0.031994566
9142547552,9142545173,0.15408066,0.20899796,0.048627075
9142558113,9142555282,0.04860713,0.11552016,0.062352628
9142568593,9142565205,-0.052049384,0.008381732,0.06741761
9142576941,9142574528,-0.12500034,-0.059335843,0.06294085
9142587492,9142585084,-0.13722421,-0.06212283,0.05338124
9142597868,9142595293,-0.106108055,-0.036026254,0.045089927
9142608505,9142604540,-0.08767353,-0.016009007,0.038917277
9142617794,9142615244,-0.10319968,-0.034020975,0.031397216
9142627166,9142624417,-0.1392922,-0.06851733,0.024090793
9142638645,9142635497,-0.15659226,-0.079410434,0.013919572
9142647202,9142644833,-0.1643604,-0.08230016,0.0031109527
9142657790,9142655381,-0.17937902,-0.09201667,-0.01267669
9142668186,9142665577,-0.18250078,-0.08921002,-0.03099384
9142678632,9142675165,-0.10185684,-0.0006742142,-0.046611242
9142687260,9142684900,0.015229747,0.12463569,-0.055590555
9142700828,9142697843,0.06339213,0.17194258,-0.05616409
9142709165,9142705090,0.059434317,0.17566967,-0.05539988
9142717581,9142715023,0.0020802245,0.11134562,-0.056020487
9142728052,9142725656,-0.0018028263,0.09611583,-0.051040918
9142737494,9142734900,0.05356519,0.14714372,-0.03764267
9142748673,9142745211,0.06735702,0.15282902,-0.017932741
9142757073,9142754719,0.011615308,0.08892353,-0.0029034456
9142767529,9142765149,-0.01803309,0.05806689,0.011165253
9142777958,9142775181,-0.03778652,0.032905795,0.023159478
9142787404,9142785042,-0.05587452,0.01714655,0.02957713
9142797916,9142795532,-0.06296629,0.019797008,0.03011582
9142808536,9142805528,-0.07399889,0.013123419,0.026219787
9142819008,9142815531,-0.061275557,0.023161693,0.02098061
9142827631,9142825222,-0.063535415,0.024661263,0.015016902
9142838053,9142835476,-0.084120184,0.010017471,0.006645508
9142848533,9142845708,-0.097294584,-0.005244529,-0.0032977164
9142857972,9142855411,-0.10820846,-0.017782765,-0.012468771
9142867366,9142864811,-0.111898065,-0.023215553,-0.019923499
9142877866,9142875273,-0.08214008,0.009808434,-0.02586729
9142889327,9142885876,-0.014276825,0.08585383,-0.028331034
9142897757,9142895382,0.025093935,0.12908594,-0.029101133
9142908576,9142905987,0.02583944,0.13415566,-0.03183164
9142918583,9142916016,0.034767546,0.15189353,-0.03744966
9142928061,9142924570,0.09585596,0.21593678,-0.041418858
9142937470,9142935103,0.17785527,0.29546183,-0.041571353
9142947987,9142945605,0.1577256,0.2634938,-0.03937645
9142958439,9142955827,0.057705864,0.13743095,-0.03664453
9142967885,9142965489,-0.008932862,0.05128158,-0.031687263
9142978345,9142975951,-0.07752512,-0.02754116,-0.022226658
9142988779,9142985951,-0.14381003,-0.10010364,-0.0128409
9142999357,9142995671,-0.17040771,-0.12826161,-0.007361743
9143007810,9143005443,-0.17018373,-0.1151899,-0.0060754265
9143018281,9143015893,-0.19555259,-0.123301804,-0.009959022
9143028651,9143026080,-0.2349821,-0.15709001,-0.017786806
9143038082,9143035730,-0.21364081,-0.1259957,-0.027846381
9143047516,9143044960,-0.18414375,-0.091065146,-0.03931558
9143058926,9143056167,-0.10172418,0.00043507665,-0.04988832
9143069462,9143066002,0.024126098,0.14062227,-0.05297425
9143078072,9143075682,0.050384067,0.16646215,-0.05105084
9143087720,9143085357,0.013518751,0.12461202,-0.04686793
9143098138,9143095359,-0.019613095,0.087156564,-0.04202957
9143108630,9143106068,-0.023042537,0.08175684,-0.036496557
9143118051,9143115693,0.02801933,0.13494056,-0.02879263
9143128530,9143125709,0.0699299,0.17675668,-0.018390933
9143140095,9143136348,0.04007065,0.14590028,-0.01185507
9143148443,9143145883,0.010192305,0.11069101,-0.011052046
9143157882,9143155519,-0.05879338,0.02546265,-0.012522561
9143168448,9143165668,-0.1251059,-0.045816056,-0.015688451
9143178942,9143175428,-0.09053865,-0.0021792203,-0.018240727
9143188307,9143185952,-0.076265,0.017347457,-0.02067429
9143198756,9143195967,-0.092326656,0.0020333752,-0.023535028
9143208191,9143205584,-0.08534097,0.008897847,-0.025061155
9143217665,9143215106,-0.09735354,-0.00437133,-0.024603283
9143227982,9143225593,-0.12327306,-0.036562845,-0.022060707
9143238246,9143235645,-0.17063563,-0.089582965,-0.018255882
9143248402,9143245234,-0.19726634,-0.11277084,-0.013738129
9143258768,9143256385,-0.16155782,-0.06810028,-0.0071039884
9143268134,9143265538,-0.12091153,-0.019174684,0.00022969721
9143278624,9143276227,-0.09999792,0.010243177,0.011829678
9143289230,9143286870,-0.058813177,0.06003365,0.025373174
9143298661,9143296301,-0.0073093027,0.11753165,0.038791865
9143309089,9143306506,0.014693748,0.1375997,0.055536173
9143319549,9143316200,0.020775404,0.1380831,0.07131382
9143328129,9143325691,0.022365533,0.1343049,0.08459332
9143338489,9143335898,0.010394497,0.11729743,0.095146336
9143348936,9143346342,-0.024245303,0.07705674,0.09887658
9143358380,9143355821,-0.07396978,0.024201624,0.092284866
9143368841,9143366457,-0.10591258,-0.0059350505,0.075288095
9143379225,9143376444,-0.1102409,-0.013674602,0.060056504
9143389804,9143386389,-0.10620861,-0.010358915,0.047681198
9143398141,9143395777,-0.11228853,-0.00833402,0.03261984
9143408631,9143406229,-0.111196294,-0.004923431,0.012642615
9143419394,9143416788,-0.112615995,-0.003956374,-0.008279914
9143428986,9143426546,-0.113235384,-0.00726809,-0.02581934
9143438318,9143435934,-0.1271158,-0.025373831,-0.039955933
9143448794,9143445973,-0.16705765,-0.06284051,-0.05432036
9143460243,9143456768,-0.16639012,-0.062019918,-0.065634504
9143468650,9143466278,-0.14830032,-0.03943184,-0.06929737
9143479146,9143476523,-0.13751657,-0.028161833,-0.06786547
9143489558,9143486947,-0.038688943,0.07548484,-0.061380044
9143500267,9143496550,0.008198276,0.14305848,-0.054342046
9143508750,9143506157,-0.06719809,0.06586084,-0.04868524
9143519450,9143517063,-0.06653996,0.050017282,-0.03967304
9143529053,9143526448,-0.005852394,0.1124994,-0.023962427
9143538753,9143536162,0.023039132,0.1401455,-0.00074504875
9143549296,9143546942,-0.00207353,0.10902218,0.022907626
9143559657,9143557090,-0.021792915,0.08800587,0.040195007
9143570168,9143566485,-0.035383496,0.07031581,0.050230842
9143578564,9143576181,-0.08528423,0.017299268,0.051134497
9143589151,9143586563,-0.1367347,-0.041862585,0.042999193
9143599591,9143596814,-0.15255553,-0.058658406,0.03113443
9143609029,9143606472,-0.1482473,-0.04454252,0.01710482
9143618513,9143616130,-0.17024212,-0.06445561,-0.0023157857
9143629456,9143626687,-0.18831949,-0.08349277,-0.02726199
9143640184,9143636809,-0.18896455,-0.08342512,-0.050084554
9143648590,9143646234,-0.10159222,-0.03409518,-0.060020596
9143659060,9143656663,-0.017355531,0.060940947,-0.05714256
9143669449,9143666679,-0.046378486,0.104435146,-0.053456903
9143679162,9143676715,-0.06947024,0.0707209,-0.050325792
9143688547,9143686159,-0.07107901,0.04876554,-0.046560828
9143699946,9143696997,-0.08095719,0.046698146,-0.04273893
9143710461,9143707007,-0.07495269,0.05667332,-0.038863212
9143718846,9143716497,-0.07333554,0.07175044,-0.035197265
9143729436,9143726811,-0.07366089,0.0594208,-0.030144263
9143739777,9143737186,-0.025321044,0.08648811,-0.01726512
9143749232,9143746268,0.036823343,0.14264646,0.0030443966
9143758648,9143756297,-0.008151576,0.10215616,0.024096688
9143769140,9143766549,-0.06720048,0.037779756,0.03596387
9143780626,9143777124,-0.11444822,-0.015428521,0.03609078
9143788962,9143786410,-0.1489776,-0.05102314,0.027714018
9143799398,9143797029,-0.14854681,-0.046486896,0.014200813
9143809900,9143807330,-0.17976888,-0.072420076,-0.004527648
9143820387,9143816931,-0.17803678,-0.06941196,-0.025310602
9143828768,9143826421,-0.1376151,-0.031004623,-0.04093231
9143839395,9143836943,-0.08057433,-0.010339126,-0.046924166
9143849793,9143846999,-0.050868653,0.035182957,-0.045953296
9143859182,9143856635,-0.07680037,0.07732201,-0.044636253
9143869763,9143867160,-0.07898576,0.053267874,-0.042258326
9143880121,9143877301,-0.08600706,0.03335638,-0.039652705
9143890600,9143886921,-0.08729551,0.041016974,-0.03706376
9143898910,9143896363,-0.0741238,0.0450368,-0.033808798
9143909429,9143906809,-0.08070172,0.043735974,-0.030368159
9143919772,9143916993,-0.08057585,0.051416628,-0.026978415
9143929230,9143926663,-0.03697901,0.14270154,-0.017544445
9143939766,9143937382,0.052905906,0.1993989,0.00859819
9143950166,9143947400,0.12280466,0.20275614,0.0383993
9143960836,9143957379,0.14750569,0.2756395,0.054067135
9143969253,9143966697,0.093057856,0.21712796,0.054244228
9143979766,9143977357,-0.032408386,0.058175497,0.04726637
9143990146,9143987383,-0.08453506,0.008607544,0.03690134
9143999605,9143997050,-0.081443176,0.007240653,0.025506051
9144009986,9144007412,-0.0908502,0.0033766776,0.013558337
9144020271,9144017459,-0.11161676,-0.020478453,0.002154694
9144030725,9144027552,-0.14639187,-0.053877488,-0.010600826
9144039164,9144036785,-0.18219687,-0.082207754,-0.025512133
9144049655,9144047247,-0.20136073,-0.10236767,-0.04557945
9144060045,9144057430,-0.19539648,-0.10265404,-0.06399509
9144070561,9144067179,-0.17173801,-0.0801698,-0.07584027
9144080028,9144077434,-0.15736298,-0.059039555,-0.08445011
9144089790,9144087371,-0.09389664,0.016115785,-0.088682726
9144101209,9144097759,-0.026759192,0.094258904,-0.085045815
9144109696,9144107306,-0.017716035,0.1049442,-0.07604665
9144120241,9144117822,-0.029822186,0.08731708,-0.061398175
9144129614,9144127026,0.021015093,0.1420461,-0.039665677
9144140253,9144136376,0.09861821,0.2185852,-0.0065027922
9144149715,9144147315,0.09338036,0.19575843,0.03537629
9144160096,9144157714,0.07216528,0.1645838,0.068559855
9144170624,9144167817,0.06563406,0.16729459,0.0845625
9144179969,9144177416,0.045633834,0.15983304,0.078708015
9144189562,9144187171,0.009311734,0.13780528,0.055224232
9144199942,9144197150,-0.040347595,0.08380302,0.025151117
9144211424,9144207766,-0.07788108,0.007973015,0.0021733698
9144219844,9144217484,-0.1058178,-0.038721457,-0.009963184
9144230348,9144227945,-0.14036155,-0.060214277,-0.021109186
9144240782,9144238182,-0.1899201,-0.1077246,-0.033896282
9144250261,9144247894,-0.21345088,-0.1281774,-0.048511095
9144259665,9144257309,-0.20659888,-0.119938515,-0.06250124
9144270396,9144267407,-0.19477767,-0.10765265,-0.07525872
9144281286,9144277937,-0.13135464,-0.034103908,-0.08300068
9144289739,9144287350,-0.0056796074,0.10475361,-0.08135797
9144300157,9144297576,0.036052622,0.15128621,-0.07250538
9144310691,9144307889,-0.00085385516,0.109636806,-0.060016047
9144320186,9144317188,0.026835408,0.13001612,-0.04120634
9144329611,9144327230,0.08024164,0.17579906,-0.011059113
9144340084,9144337280,0.064509824,0.15182939,0.018129027
9144351614,9144348164,0.052854016,0.14023006,0.03979174
9144360145,9144357748,0.051257417,0.1523034,0.04640196
9144370632,9144368252,0.043333575,0.16398229,0.037153877
9144379985,9144377232,0.033469714,0.15712175,0.022401191
9144390598,9144386926,-0.03599871,0.05723736,0.00865221
9144400015,9144397450,-0.107210696,-0.04114516,-0.002387816
9144410581,9144408219,-0.1418807,-0.07340206,-0.012204731
9144419956,9144417406,-0.16752759,-0.07847234,-0.023070432
9144430229,9144427583,-0.17085019,-0.075489506,-0.038633294
9144440921,9144438496,-0.1581707,-0.069144696,-0.054271527
9144450081,9144447318,-0.13068713,-0.04612281,-0.06320278
9144461074,9144457914,-0.08622446,0.0026068836,-0.069747694
9144470561,9144468167,-0.019897543,0.0791872,-0.07273761
9144480389,9144478025,0.036247596,0.13998431,-0.071729295
9144490797,9144488019,0.02404128,0.12849745,-0.067928754
9144500270,9144497668,0.01627415,0.118326426,-0.058217388
9144509930,9144507535,0.09018715,0.17429179,-0.036125444
9144520542,9144517755,0.11243802,0.1765698,-0.0065682475
9144531951,9144528036,0.05460055,0.115993984,0.018289711
9144540926,9144538507,0.041378476,0.11740547,0.033163138
9144550616,9144548193,0.030633945,0.12983173,0.033735443
9144561065,9144558277,-0.0034862012,0.111690536,0.022191828
9144570632,9144568245,-0.0420927,0.051214784,0.008419791
9144580195,9144577572,-0.08728072,-0.027691446,-0.00026034378
9144590676,9144587888,-0.09937184,-0.033891343,-0.006511342
9144602218,9144598565,-0.12535992,-0.054072004,-0.0124679655
9144610802,9144608405,-0.15074778,-0.0879644,-0.016640922
9144620258,9144617871,-0.13999787,-0.072788894,-0.01876513
9144630675,9144628088,-0.14992948,-0.08094984,-0.019146789
9144641165,9144638005,-0.15877871,-0.097058006,-0.016986325
9144650592,9144648239,-0.12688427,-0.05348787,-0.01286559
9144661049,9144658466,-0.061812237,0.023663476,-0.007818228
9144672585,9144668531,0.02114731,0.12057382,-0.00392613
9144680875,9144678311,0.04432678,0.1538072,-0.0038754053
9144690564,9144688154,0.0019361004,0.10017567,-0.0056059784
9144701131,9144698550,-0.0067963265,0.091619104,-0.006547644
9144711653,9144708254,0.051878743,0.14443406,-0.0061253896
9144720959,9144718608,0.08887605,0.12782429,-0.0034770388
9144730352,9144727801,0.051141415,0.029247656,0.00031076185
9144740884,9144738273,-0.01825862,0.003651023,0.0042597232
9144750336,9144747743,-0.10054925,0.092391066,0.0048844726
9144760780,9144758405,-0.16067739,0.14723203,0.0018262204
9144771227,9144768423,-0.10618983,-0.019972801,0.00022138527
9144781963,9144778497,-0.058100473,-0.12398408,-0.0016174421
9144790354,9144787996,-0.14794254,-0.04915791,-0.008963455
9144800809,9144798434,-0.17451224,-0.08293297,-0.020679198
9144811256,9144808453,-0.1759777,-0.09572935,-0.034323394
9144820743,9144818151,-0.17063752,-0.06753669,-0.04836621
9144831187,9144828605,-0.12010186,-0.041272618,-0.058623463
9144841595,9144838799,-0.11379647,-0.016670298,-0.06440763
9144852077,9144848876,-0.073990196,0.025505645,-0.06750969
9144860482,9144857893,0.015336499,0.12656265,-0.06682549
9144870997,9144868633,0.01613126,0.12381313,-0.0627005
9144881523,9144878894,-0.009351887,0.09448792,-0.058159243
9144891958,9144888078,0.0062574856,0.11311796,-0.052977744
9144901321,9144898771,0.038401846,0.14263129,-0.04328576
9144910763,9144908199,0.06817839,0.17158285,-0.034064174
9144922239,9144918882,0.056165773,0.15680933,-0.026915397
9144930642,9144928294,-0.006803315,0.08544281,-0.024359921
9144941153,9144938784,-0.079737425,0.001890324,-0.025681049
9144951716,9144949129,-0.11700603,-0.041244343,-0.028184287
9144961166,9144957711,-0.122851364,-0.047341082,-0.029317342
9144970604,9144968241,-0.11522097,-0.03338919,-0.030626466
9144981130,9144978758,-0.12933275,-0.045346178,-0.032661155
9144991685,9144989048,-0.1471541,-0.06478961,-0.03437423
9145001090,9144998530,-0.1575009,-0.07495911,-0.035089437
9145011566,9145009176,-0.16367996,-0.07874098,-0.034960985
9145021927,9145019164,-0.18240994,-0.098145455,-0.034098227
9145032457,9145028327,-0.21418786,-0.13364638,-0.032513827
9145040882,9145038506,-0.19992809,-0.11203317,-0.028271766
9145051339,9145048956,-0.09638476,0.01606071,-0.020905394
9145061750,9145059164,0.019573964,0.14981781,-0.014428308
9145071180,9145068631,0.027307674,0.1530352,-0.009253761
9145080960,9145078560,0.010651283,0.12725699,0.0034007365
9145091399,9145088542,0.024175592,0.13448161,0.025763776
9145102765,9145099125,-0.013928136,0.08803846,0.052441023
9145111186,9145108822,-0.03577775,0.058355447,0.077961385
9145121755,9145119357,-0.06449581,0.017972628,0.10363296
9145131087,9145128521,-0.12636185,-0.047394138,0.11789404
9145141661,9145139236,-0.13343161,-0.04068253,0.12180734
9145150972,9145148621,-0.1245421,-0.031181853,0.11463396
9145161462,9145158670,-0.122507945,-0.028636599,0.09775667
9145172958,9145169309,-0.124177486,-0.021146594,0.074600324
9145181460,9145178889,-0.14252189,-0.040084384,0.05047362
9145191866,9145189493,-0.17018817,-0.07062983,0.021318695
9145201387,9145198590,-0.2026647,-0.10647829,-0.0027210806
9145211883,9145208891,-0.1563423,-0.08439542,-0.019884316
9145221273,9145218914,-0.031312406,0.0520175,-0.023365233
9145231717,9145229134,-0.02161932,0.11371398,-0.023215003
9145243197,9145239345,-0.08843497,0.03683632,-0.023988316
9145251590,9145249241,-0.08592101,0.022164978,-0.023242109
9145262041,9145259660,-0.08530117,0.03060178,-0.022463271
9145272466,9145269676,-0.07945502,0.03586225,-0.021666706
9145282194,9145279201,-0.060890716,0.07183933,-0.021268856
9145291707,9145289116,-0.07216072,0.061257847,-0.019093396
9145301096,9145298740,-0.08383419,0.021287803,-0.007757839
9145311512,9145308732,-0.038518958,0.06302486,0.009217223
9145320975,9145318619,0.02935242,0.14368287,0.016706703
9145331438,9145329057,0.029421853,0.1417087,0.012322414
9145341874,9145339264,0.002582373,0.11248499,0.002465493
9145353280,9145349430,-0.021088395,0.08822122,-0.010223888
9145361728,9145359345,-0.03466727,0.07482079,-0.023776922
9145371224,9145368641,-0.04050275,0.06759634,-0.03588912
9145381656,9145378862,-0.06327087,0.040083677,-0.047104347
9145392233,9145389579,-0.10056843,-0.005627267,-0.05450334
9145401565,9145399203,-0.1206689,-0.03506189,-0.055955335
9145412438,9145409463,-0.11624144,-0.028019086,-0.05241105
9145422973,9145419780,-0.10147601,-0.0073284395,-0.047642525
9145431355,9145428768,-0.06856955,0.02986966,-0.04442726
9145441868,9145439453,-0.063145705,0.03883581,-0.04034815
9145452831,9145450007,-0.06903789,0.033670064,-0.03675723
9145461767,9145459021,-0.06759672,0.035361093,-0.03430352
9145472271,9145469676,-0.080247924,0.021057121,-0.031156786
9145481676,9145479110,-0.09529436,0.004612662,-0.027713852
9145493159,9145490004,-0.11576596,-0.01778302,-0.021139473
9145501547,9145499203,-0.17327541,-0.08852373,-0.01170171
9145512348,9145509897,-0.19960597,-0.115293026,0.0012972644
9145521899,9145519074,-0.17055853,-0.072619714,0.012830357
9145532591,9145528700,-0.120753914,-0.0063953735,0.022575377
9145542227,9145539613,-0.07790409,0.04556675,0.027099
9145551536,9145548981,-0.011970893,0.118285954,0.028233433
9145562037,9145559436,0.021527268,0.14868101,0.02828725
9145571442,9145569091,-0.01150921,0.103855655,0.026388347
9145581953,9145579381,-0.04939737,0.06360465,0.02259337
9145592356,9145589574,-0.0065161474,0.11060777,0.017747793
9145602831,9145599457,0.09678776,0.22829498,0.011961485
9145612229,9145609840,0.16558437,0.3094168,0.0038275262
9145621753,9145619337,0.124727786,0.2523404,-0.0049006203
9145632150,9145629332,-0.009955041,0.085912764,-0.01588909
9145641729,9145639115,-0.11458495,-0.028559059,-0.030646525
9145652133,9145649739,-0.08058701,0.026603699,-0.04983051
9145663260,9145660140,-0.044174183,0.061480734,-0.06326034
9145672814,9145669336,-0.107281536,-0.038453564,-0.063095026
9145682124,9145679756,-0.11147337,-0.044874135,-0.055709947
9145692636,9145690072,-0.067871794,0.017624693,-0.05099277
9145702019,9145699442,-0.08188915,0.002836233,-0.04672243
9145712671,9145710310,-0.12769365,-0.055950023,-0.037064157
9145722087,9145719722,-0.23532583,-0.1944365,-0.02272375
9145732511,9145729731,-0.3594424,-0.32697818,-0.004913885
9145743414,9145740262,-0.33917803,-0.27937606,0.013609037
9145751804,9145749256,-0.2335256,-0.14338185,0.035301775
9145762313,9145759894,-0.13770193,-0.0051042587,0.05637348
9145772722,9145769920,-0.036855206,0.1239468,0.062269147
9145783147,9145779771,0.011399843,0.15368384,0.060828935
9145792889,9145790297,0.04909783,0.16158342,0.051760364
9145802242,9145799873,0.104839355,0.033530287,0.041554213
9145813885,9145810397,0.15445969,-0.2663771,0.035929076
9145822264,9145819902,0.20279156,-0.5066698,0.035605412
9145832748,9145830360,0.2135731,-0.550114,0.038990237
9145843172,9145840561,0.17427632,-0.35751027,0.041254874
9145853658,9145850004,-0.012605026,0.09991935,0.036721513
9145864111,9145859603,-0.1924709,0.26192963,0.028936762
9145872561,9145869931,-0.24221015,0.20406768,0.023226438
9145882917,9145880560,-0.30362016,0.3036624,0.019043691
9145892402,9145889843,-0.386163,0.40761387,0.015315224
9145902908,9145900521,-0.36761644,0.48299265,0.0073448224
9145913255,9145910675,-0.38097572,0.42759246,0.0009263572
9145923728,9145920280,-0.38468683,0.25920448,-0.0010418228
9145932175,9145929813,-0.053247005,-0.14461572,-0.002321954
9145942657,9145940251,0.21635035,-0.4138252,-0.0021243426
9145952580,9145949808,0.048811167,-0.067044444,-0.0028328588
9145963159,9145960735,-0.07098669,0.04215188,-0.004481854
9145972725,9145970311,-0.04786402,-0.0029304773,-0.0054337494
9145983121,9145980299,-0.02737809,0.02832814,-0.007711309
9145994580,9145990733,0.1304483,-0.084294796,-0.011261203
9146002490,9146000086,0.19427162,-0.16076684,-0.013705767
9146012605,9146010194,0.09327702,-0.2199061,-0.012863756
9146023537,9146020758,0.10777368,-0.17200124,-0.006726753
9146033085,9146029715,0.13810788,-0.025149874,0.0022711307
9146042615,9146040232,0.049420796,-0.06988186,0.010262056
9146052907,9146050050,-0.102260426,-0.15339263,0.013465022
9146064588,9146060732,-0.19050394,0.013801776,0.015689597
9146073009,9146070442,-0.22295943,0.2493542,0.01261374
9146082492,9146080092,-0.22785705,0.3630729,0.0041989703
9146092974,9146090376,-0.21400847,0.31324872,-0.004192329
9146102420,9146099658,-0.20441304,0.19032964,-0.009531304
9146112918,9146110525,-0.18875664,0.10790495,-0.012183165
9146123313,9146120917,-0.1847551,0.048401702,-0.011028041
9146132759,9146130199,-0.1886839,0.035311732,-0.008314228
9146142381,9146140003,-0.1746244,0.059409477,-0.0056726485
9146152839,9146150457,-0.11922991,0.07665531,-0.004957909
9146163549,9146160728,-0.010701187,-0.09964766,-0.002069641
9146173823,9146170419,0.019924521,-0.13246638,0.0012892131
9146183203,9146180851,-0.042637873,0.08005354,-0.00036358472
9146192642,9146190273,-0.03741348,0.05299058,-0.0021016765
9146203149,9146200516,-0.03761998,0.05778878,-0.003627452
9146212575,9146210012,-0.036834676,0.10241601,-0.004833412
9146223196,9146220808,-0.03176236,0.07363193,-0.0044993996
9146233602,9146230797,-0.076476365,0.049356576,-0.0039124507
9146244151,9146240952,-0.12964873,-0.026803564,-0.0015522123
9146252499,9146250132,-0.17794874,-0.08099006,0.0025485952
9146263014,9146260644,-0.19469798,-0.10092637,0.0064847507
9146273404,9146270832,-0.19404185,-0.09333032,0.0067731147
9146282852,9146280297,-0.17425205,-0.062369414,0.0046876725
9146293360,9146290971,-0.10219073,-0.00087913685,8.11792e-05
9146303759,9146300977,-0.03503625,0.06136989,-0.005383614
9146314643,9146311191,-0.07052465,0.0483263,-0.009810199
9146323120,9146320711,-0.100955896,0.029242005,-0.012078985
9146333549,9146331155,-0.09658233,0.026025899,-0.012524373
9146343965,9146341172,-0.10373311,0.014428607,-0.013038935
9146353451,9146350285,-0.09296327,0.023267522,-0.013567424
9146362894,9146360334,-0.095174715,0.023599457,-0.013784609
9146373426,9146370624,-0.09758805,0.019500695,-0.014418883
9146384909,9146381228,-0.045136187,0.08064407,-0.019328265
9146393449,9146391070,-0.02074334,0.15297684,-0.033832718
9146403047,9146400479,-0.04501278,0.10226298,-0.05627536
9146413554,9146410740,-0.03193827,0.05085588,-0.08065541
9146424063,9146420879,-0.035381023,0.07707923,-0.09815581
9146433456,9146431078,-0.054276314,0.063684866,-0.10977995
9146443952,9146441548,-0.06398267,0.044199705,-0.11598186
9146453260,9146450709,-0.083023444,0.035676487,-0.11632466
9146462767,9146460408,-0.12468445,-0.013845395,-0.1098781
9146473582,9146471137,-0.14399312,-0.033259355,-0.0964506
9146483980,9146481173,-0.1267903,-0.021103157,-0.08482458
9146494414,9146491042,-0.15668154,-0.055908922,-0.0738941
9146503806,9146501450,-0.2549044,-0.1589374,-0.056097046
9146513488,9146511090,-0.25653034,-0.18909498,-0.036187224
9146524147,9146521507,-0.033903793,0.07824607,-0.02584724
9146533801,9146531178,0.030815981,0.2016741,-0.024549082
9146543247,9146540864,-0.1083632,0.014363109,-0.020807179
9146553601,9146550850,-0.09595373,0.021375882,-0.018246792
9146565212,9146561556,-0.089573085,0.04254787,-0.016440628
9146573662,9146571288,-0.08787774,0.040798355,-0.014010498
9146583058,9146580498,-0.064272776,0.072722346,-0.010343352
9146593558,9146590919,-0.0932785,0.03671643,-0.0025261529
9146603971,9146601390,-0.0870966,0.046758596,0.0063559953
9146613476,9146610905,-0.07381177,0.053169154,0.013477059
9146623880,9146621100,-0.04626649,0.065260336,0.015954383
9146635356,9146631707,-0.014219306,0.102594346,0.012806473
9146643967,9146641345,-0.02767689,0.091852106,0.007568493
9146653342,9146650986,-0.032231852,0.089253984,-0.0020075417
9146663788,9146661202,-0.018594816,0.11042378,-0.016422274
9146674378,9146671613,-0.03645575,0.08727609,-0.03096895
9146684131,9146681547,-0.11032091,0.0018282309,-0.03947213
9146693772,9146691407,-0.18333556,-0.07087378,-0.037562046
9146704307,9146701674,-0.20102572,-0.09495501,-0.026390886
9146713742,9146711356,-0.2569724,-0.17465973,-0.009915449
9146724230,9146721624,-0.34055203,-0.25254378,0.011483224
9146733809,9146731211,-0.13896547,-0.038702145,0.022799544
9146745287,9146741436,0.07534084,0.21680133,0.020751853
9146753745,9146751371,-0.036352996,0.13549384,0.018384445
9146764221,9146761823,-0.08050281,0.051608495,0.01797695
9146774645,9146771868,-0.086847916,0.035891674,0.01667456
9146784174,9146781616,-0.11198728,0.01720644,0.015945865
9146793572,9146791017,-0.0887879,0.036946125,0.01542111
9146804045,9146801233,-0.100152545,0.029889178,0.015797155
9146815647,9146811794,-0.095732026,0.029972123,0.018432101
9146824097,9146821710,-0.08046401,0.06646196,0.02523071
9146833602,9146831042,-0.053257976,0.10785411,0.036195327
9146844101,9146841480,0.025148574,0.1513932,0.042515162
9146854563,9146851967,0.11590931,0.24094102,0.027830007
9146863961,9146861406,0.043178633,0.18651015,-0.00078719296
9146874450,9146871867,-0.10795854,0.008331172,-0.030587615
9146885922,9146882059,-0.124650225,-0.021428235,-0.04825301
9146893375,9146890995,-0.05593904,0.06572901,-0.06117859
9146903970,9146901537,-0.06791365,0.05630239,-0.07880641
9146914350,9146911566,-0.13321145,-0.023981169,-0.0882777
9146924833,9146921179,-0.17254782,-0.07133193,-0.08631045
9146934266,9146931704,-0.17694278,-0.0750935,-0.07504929
9146944808,9146942005,-0.18909515,-0.093429856,-0.05777773
9146955621,9146952175,-0.23282698,-0.13717216,-0.040053345
9146964043,9146961469,-0.25443867,-0.14169435,-0.028682044
9146974578,9146972162,-0.15950091,-0.043673858,-0.022062885
9146984192,9146981576,0.018118054,0.1475052,-0.019641303
9146994669,9146991899,0.013943277,0.1680506,-0.019112863
9147004154,9147001736,-0.076759264,0.072467215,-0.01866029
9147014634,9147012251,-0.072553635,0.06925829,-0.01800181
9147025163,9147022373,-0.07045451,0.060898077,-0.017469391
9147033668,9147031113,0.0008950494,0.12624544,-0.018231861
9147044436,9147042068,0.033511996,0.16255242,-0.022017993
9147054791,9147052033,-0.058025498,0.0638439,-0.02661018
9147065563,9147062055,-0.097686484,0.020077232,-0.03152771
9147073938,9147071572,-0.07985785,0.038116604,-0.036764525
9147084400,9147081817,-0.06988891,0.050415754,-0.04313228
9147094789,9147092200,-0.062755585,0.05749044,-0.049549975
9147104267,9147101663,-0.07421659,0.040713847,-0.054469995
9147115029,9147112045,-0.09237391,-0.016644917,-0.05819271
9147124473,9147121690,-0.08659546,-0.130657,-0.059200156
9147135948,9147132293,-0.053369045,-0.19956166,-0.05798227
9147144428,9147142061,-0.06334698,-0.23313892,-0.055266887
9147154373,9147151996,-0.13962376,-0.22067504,-0.050094076
9147165026,9147162450,-0.23996454,-0.07769521,-0.0410918
9147174523,9147171939,-0.32878554,0.3776479,-0.033201262
9147185016,9147182631,-0.35062873,0.6704189,-0.033554774
9147194353,9147191774,-0.09154307,0.02840089,-0.035320673
9147205909,9147202515,0.092910215,-0.34600264,-0.030772477
9147214636,9147212276,-0.06988336,0.05419667,-0.027786244
9147224063,9147221675,-0.09376736,0.03941413,-0.025660655
9147234655,9147231841,-0.08672469,-0.0010020845,-0.02273349
9147245064,9147241381,-0.13553633,0.038642094,-0.020695863
9147254552,9147251932,-0.12011485,-0.018183867,-0.01827393
9147264950,9147262358,-0.12568988,0.025451174,-0.016310276
9147275372,9147272769,-0.119392075,0.0057158903,-0.014372602
9147284794,9147282445,-0.10661155,0.02976155,-0.012649785
9147294212,9147291847,-0.07625681,0.06834748,-0.011061896
9147304677,9147301882,-0.10012199,0.03845558,-0.00801581
9147316690,9147312759,-0.1393414,0.002088828,-0.001170456
9147323965,9147321417,-0.15619308,-0.029116224,0.007960975
9147334494,9147332101,-0.15836595,-0.029056495,0.023620145
9147344956,9147342144,-0.0906021,0.058302987,0.040363297
9147354427,9147351839,-0.02600924,0.12752739,0.052705616
9147364937,9147362535,-0.07795962,0.06252884,0.05779434
9147375330,9147372544,-0.088766046,0.04696098,0.05521489
9147385808,9147382657,-0.04426657,0.09325603,0.048981145
9147394232,9147391873,-0.08038787,0.05349078,0.043280434
9147404845,9147402400,-0.13689926,-0.007574111,0.037529264
9147415384,9147412590,-0.13551386,-0.002967503,0.03291349
9147424858,9147422299,-0.10641299,0.030436987,0.029422354
9147435386,9147432997,-0.10772255,0.028281212,0.026128596
9147445486,9147442676,-0.116535395,0.021592848,0.02376274
9147456959,9147453074,-0.078520335,0.07882652,0.024191124
9147464338,9147461972,-0.013834901,0.17819202,0.032974936
9147474837,9147472446,-0.09960932,0.057646263,0.042104512
9147485372,9147482532,-0.16247116,-0.072362244,0.03994162
9147495745,9147492092,-0.0925417,0.035541438,0.038481336
9147505371,9147502977,-0.13153039,0.08344334,0.03592057
9147514934,9147512134,-0.17070182,0.0923237,0.03093868
9147526678,9147522993,-0.15785788,0.10930427,0.027310107
9147535428,9147532957,-0.12339142,0.101417236,0.026463693
9147545168,9147542578,0.0051141754,0.11873884,0.027410265
9147555771,9147552998,0.053918384,0.11833604,0.026337026
9147566398,9147562877,-0.037322722,0.03483359,0.017406616
9147574969,9147572609,-0.05264437,-0.08258303,0.00077793933
9147585535,9147583077,0.08833575,-0.1328464,-0.01175717
9147595963,9147593321,-0.09605862,-0.042629562,-0.013161701
9147605316,9147602765,-0.35616893,0.045666445,-0.011135377
9147614784,9147612426,-0.19517559,-0.03406744,-0.0075563323
9147625259,9147622660,-0.15578084,-0.038978055,-0.0028223381
9147636743,9147632856,-0.18574628,-0.03215166,0.0011412255
9147645276,9147642917,-0.12489602,-0.05485759,0.003913042
9147655962,9147653557,-0.06643665,0.06256935,0.00401332
9147665310,9147662749,-0.02613172,0.14746907,0.0024446582
9147674800,9147672230,-0.030339517,0.04682167,0.000473117
9147685248,9147682871,0.03854903,-0.115090966,0.0010372037
9147695642,9147692863,0.099523954,-0.21609658,0.005390965
9147707131,9147703245,0.11387156,-0.1413475,0.011863194
9147715525,9147713176,0.10922376,-0.13260436,0.020184657
9147724974,9147722620,0.022029074,-0.10919571,0.025933515
9147735685,9147733098,-0.080218956,0.10157133,0.025080923
9147745286,9147742726,-0.16232902,0.33400193,0.017088156
9147755785,9147753405,-0.2089263,0.46705058,0.0014159996
9147766143,9147763359,-0.24182531,0.5627622,-0.016658315
9147776650,9147773272,-0.2899137,0.6020937,-0.0359748
9147785025,9147782467,-0.23386145,0.07526174,-0.045463778
9147795478,9147793099,-0.06286312,-0.53271514,-0.03671067
9147805928,9147803312,-0.09857187,-0.35737425,-0.023252673
9147816457,9147813021,-0.2227592,-0.112444624,-0.016344886
9147825905,9147823511,-0.16589381,-0.0966705,-0.012786321
9147835253,9147832887,-0.10236521,0.0327629,-0.014277862
9147846878,9147843515,-0.07718933,0.044709966,-0.018955715
9147855319,9147852936,-0.04492871,0.070400976,-0.02251877
9147865765,9147863381,-0.05640384,0.09091798,-0.026638877
9147876255,9147873438,-0.06553624,0.08013987,-0.031922087
9147886737,9147883250,-0.014324378,0.122802936,-0.038018737
9147896139,9147893740,0.03666532,0.1610676,-0.044862375
9147906023,9147903632,0.030387446,0.16319944,-0.047432475
9147916769,9147914114,0.00064394437,0.11967121,-0.039085828
9147926717,9147924359,-0.07182127,-0.031154163,-0.022480406
9147935558,9147933179,-0.14778623,-0.22987445,-0.0064880494
9147946070,9147943279,-0.12330659,-0.18786097,0.009613838
9147957561,9147953518,-0.08097206,-0.08959691,0.021347098
9147965986,9147963424,-0.041810617,-0.14124706,0.029212488
9147975432,9147973074,-0.005668111,-0.23565295,0.03589596
9147985978,9147983183,0.0015011672,-0.2550788,0.042821668
9147995545,9147992980,-0.0091004055,-0.16875933,0.04792292
9148006038,9148003644,-0.03475472,-0.01359994,0.048766512
9148016487,9148013709,-0.071526654,0.1672352,0.043550134
9148026993,9148023649,-0.09636836,0.20677228,0.03473836
9148035391,9148032841,-0.09746511,0.13708726,0.025913361
9148045580,9148043171,-0.10408301,0.18767533,0.014286034
9148055958,9148053379,-0.13539317,0.28629696,0.00011453871
9148066468,9148063009,-0.18461724,0.40761697,-0.016347483
9148076182,9148073761,-0.23511058,0.52254283,-0.038401682
9148086589,9148083997,-0.25298858,0.39058322,-0.05942849
9148097071,9148093896,-0.048381284,-0.2805956,-0.06505696
9148105478,9148102911,0.10293643,-0.45620292,-0.058075782
9148116144,9148113747,-0.0037409998,0.06922082,-0.052823007
9148125963,9148123207,0.048128255,0.133666,-0.04690796
9148136442,9148133491,0.055718366,0.13062122,-0.04100441
9148145910,9148143342,-0.028357387,0.12120509,-0.039217293
9148156485,9148153898,-0.04821701,0.026990246,-0.03542798
9148165963,9148163388,-0.07518247,0.042185843,-0.029623233
9148175426,9148172865,-0.08310844,0.0040136725,-0.019916218
9148185921,9148183539,-0.13347007,-0.05141594,-0.0037408322
9148196335,9148193747,-0.22882602,-0.16718172,0.015891708
9148206823,9148203659,-0.2540744,-0.18299723,0.035360917
9148216430,9148214026,-0.18315515,-0.08181291,0.050380994
9148225806,9148223449,-0.11275237,-0.0028105676,0.056211013
9148236277,9148233447,-0.09022386,0.03684669,0.05505392
9148245913,9148243330,-0.073585436,0.051441252,0.049484175
9148256442,9148254054,-0.0626001,0.059129536,0.039593667
9148266860,9148264075,-0.04107918,0.06280381,0.027542796
9148277361,9148273980,0.0081119165,6.827619e-05,0.015019923
9148285759,9148283375,0.06707999,-0.13462207,0.0062599257
9148296248,9148293838,0.08171295,-0.19919892,0.0014758185
9148306966,9148304404,0.03505078,-0.1631003,-0.001690544
9148316457,9148313864,-0.05077908,-0.033285372,-0.004971123
9148325944,9148323360,-0.12733711,0.1648277,-0.009992972
9148337213,9148334451,-0.19375163,0.31710643,-0.017877977
9148347677,9148344198,-0.31143343,0.4956119,-0.024832843
9148356572,9148354210,-0.4138923,0.537495,-0.031648774
9148366053,9148363489,-0.18567286,-0.21186401,-0.02646285
9148376991,9148374432,0.0030362085,-0.5722517,-0.008473113
9148387379,9148383975,-0.16939116,-0.07092805,-0.001352956
9148396753,9148394360,-0.1660185,-0.055805337,-0.00012279057
9148406329,9148403912,-0.041980512,-0.01711512,-0.001122131
9148417977,9148414501,-0.059448507,0.09795457,-0.005581971
9148426353,9148423767,-0.09598481,0.010792394,-0.008221356
9148436779,9148434193,-0.08188194,0.072828546,-0.009344583
9148447197,9148444411,-0.06535915,0.057076454,-0.010201668
9148457718,9148454038,-0.09033948,0.041419458,-0.010787788
9148466032,9148463480,-0.10555822,0.022432884,-0.0108915055
9148476529,9148473970,-0.11010519,0.0113512,-0.010955282
9148486929,9148484354,-0.10620037,0.019984094,-0.010578857
9148496484,9148493894,-0.10575859,0.017429626,-0.010101093
9148506387,9148503979,-0.09975479,0.02532225,-0.00952335
9148516983,9148514126,-0.09830772,0.027639216,-0.008835457
9148527947,9148524517,-0.100823954,0.026070135,-0.0081219785
9148536763,9148534342,-0.09680514,0.03103095,-0.0075506708
9148546902,9148544302,-0.09526852,0.03491122,-0.007175823
9148556615,9148554024,-0.09487754,0.042385522,-0.0070072385
9148567172,9148564589,-0.101367354,0.026116434,-0.0068850964
9148576588,9148574011,-0.111210786,0.0017042309,-0.006712238
9148587155,9148584351,-0.108093806,0.010664375,-0.0062522087
9148598605,9148594556,-0.10953923,0.006187409,-0.005618379
9148606007,9148603643,-0.1037908,0.019305615,-0.005274704
9148616512,9148614150,-0.09622927,0.037341677,-0.005012026
9148626945,9148624358,-0.10339761,0.022637717,-0.004699086
9148637432,9148633948,-0.10361303,0.02254145,-0.004416036
9148646817,9148644263,-0.10208723,0.026060203,-0.0041217026
9148657238,9148654459,-0.10441564,0.021494664,-0.003956561
9148668181,9148664807,-0.10105928,0.023196796,-0.0038547823
9148676595,9148674040,-0.10288158,0.023512913,-0.003691622
9148687148,9148684496,-0.10394127,0.022282312,-0.003554816
9148697452,9148694661,-0.102083914,0.022625374,-0.0034159312
9148707941,9148704427,-0.10424124,0.023453586,-0.0032827442
9148717317,9148714761,-0.10257536,0.023909684,-0.0032405104
9148726819,9148724247,-0.10145331,0.024776429,-0.0031517446
9148737253,9148734673,-0.10359913,0.023899544,-0.0030694657
9148746444,9148744082,-0.10268318,0.022830961,-0.0030469755
9148756781,9148754150,-0.103043705,0.02326735,-0.0029993318
9148767246,9148764230,-0.10460988,0.023498943,-0.002967768
9148777759,9148774575,-0.1040404,0.022769963,-0.0029092073
9148787149,9148784587,-0.103254534,0.023714993,-0.0028872995
9148797668,9148794910,-0.102452196,0.024224168,-0.0029033339
9148807137,9148804125,-0.10081214,0.023499925,-0.0028687837
9148816670,9148814045,-0.10265689,0.023518011,-0.0027964218
9148827031,9148824466,-0.10464868,0.022380417,-0.0027396786
9148837623,9148834637,-0.102996334,0.023283735,-0.0026953588
9148849158,9148844881,-0.10282268,0.023968726,-0.0025897985
9148856556,9148853806,-0.10361747,0.02374389,-0.0025711604
9148867046,9148864241,-0.10279672,0.023390332,-0.0025534832
9148877430,9148874650,-0.10267073,0.022954917,-0.0024776896
9148887954,9148884784,-0.10342166,0.023924056,-0.0025058207
9148897380,9148894824,-0.10271549,0.023944395,-0.0024773474
9148907768,9148904809,-0.102878846,0.023607256,-0.0024468228
9148918507,9148915272,-0.10313465,0.023680536,-0.0024760098
9148927158,9148924571,-0.10206331,0.024512116,-0.0024171155
9148937590,9148934813,-0.103090376,0.02359133,-0.0023530372
9148948036,9148945034,-0.10476539,0.02313339,-0.0023400811
9148958556,9148954851,-0.10344586,0.024702365,-0.00231125
9148967903,9148965108,-0.101846494,0.023862578,-0.0022876014
9148977287,9148974314,-0.10270561,0.02331605,-0.0023235963
9148988785,9148985330,-0.10287353,0.023087034,-0.0022874514
9148997165,9148994416,-0.10350103,0.023346921,-0.0022328892
9149007803,9149005026,-0.10397949,0.024515068,-0.0022999088
9149018177,9149015217,-0.1028642,0.023317438,-0.0023196964
9149027502,9149024133,-0.10283274,0.024015702,-0.0022549736
9149037256,9149034691,-0.10279982,0.024483556,-0.002221222
9149047764,9149045163,-0.10287543,0.02287575,-0.0022776169
9149058135,9149055366,-0.10415244,0.023319568,-0.0022745281
9149067574,9149065013,-0.10376582,0.024057124,-0.0022148194
9149078144,9149075570,-0.10161969,0.0248651,-0.0022195592
9149088678,9149085859,-0.102810495,0.024204459,-0.0021794327
9149099112,9149095013,-0.10395982,0.022067213,-0.002119003
9149107473,9149104925,-0.10216046,0.023533812,-0.002140006
9149117975,9149115184,-0.10365083,0.024563113,-0.0021365476
9149128403,9149125610,-0.10406629,0.023670573,-0.002097166
9149138940,9149135945,-0.10311218,0.023096813,-0.0020840461
9149147436,9149144669,-0.10358244,0.023550112,-0.0020658867
9149157898,9149154904,-0.102608964,0.02454744,-0.0020490438
9149169574,9149165696,-0.10236081,0.023853023,-0.0020645664
9149177061,9149174476,-0.10224887,0.02470323,-0.0020951715
9149187593,9149185031,-0.1025442,0.024372067,-0.002118704
9149198024,9149195045,-0.10425571,0.022980135,-0.002139423
9149208549,9149204644,-0.103587136,0.023594687,-0.0021063238
9149217927,9149215175,-0.103117324,0.023679098,-0.002107208
9149228390,9149225601,-0.10381858,0.024145307,-0.0021506983
9149238911,9149235534,-0.1018347,0.02478847,-0.002101291
9149247345,9149244552,-0.1023485,0.023683414,-0.0020845926
9149258121,9149255541,-0.10340805,0.02347188,-0.0021033383
9149268559,9149265741,-0.10263868,0.024033602,-0.0020694702
9149278053,9149274592,-0.104222335,0.02331197,-0.00200546
9149287577,9149284809,-0.10235863,0.024151172,-0.002008156
9149298088,9149295321,-0.10148734,0.0236435,-0.0020939033
9149308551,9149305729,-0.104307964,0.023550397,-0.0020764365
9149317988,9149315432,-0.10477083,0.024513878,-0.001994056
9149328545,9149325745,-0.101481,0.02459997,-0.002006174
9149338027,9149335225,-0.10111448,0.024337767,-0.0020547158
9149348637,9149345474,-0.10453422,0.023620771,-0.0020749017
9149358029,9149355474,-0.10326328,0.024546947,-0.0020498077
9149368559,9149365739,-0.10289106,0.024223179,-0.0020020774
9149378993,9149376172,-0.1037584,0.02283305,-0.002005673
9149388370,9149385817,-0.10298144,0.022971272,-0.0020496168
9149397833,9149395268,-0.102902405,0.024079876,-0.002104291
9149408303,9149405284,-0.103398524,0.023344321,-0.0020640627
9149419777,9149415695,-0.10398113,0.023490777,-0.0020410258
9149428295,9149425517,-0.10268964,0.02470744,-0.0020705007
9149441540,9149438247,-0.10244469,0.023880938,-0.0020276187
9149449243,9149446267,-0.1032273,0.022894058,-0.0020206508
9149458807,9149456038,-0.10294145,0.023619207,-0.001986798
9149468348,9149465568,-0.10303481,0.023691967,-0.0019515132
9149478844,9149476043,-0.102699935,0.023944914,-0.002022003
9149489354,9149485974,-0.103193164,0.024348326,-0.0020535667
9149497771,9149494980,-0.102787174,0.023334675,-0.0020205951
9149508661,9149505909,-0.10234269,0.024120476,-0.0020165425
9149519209,9149516386,-0.10434466,0.024028433,-0.0020641205
9149528920,9149525376,-0.104050994,0.023641048,-0.002090248
9149538369,9149535786,-0.101899296,0.024064869,-0.0020527674
9149549210,9149546223,-0.10334419,0.023350716,-0.002010982
9149560128,9149556251,-0.10371345,0.023366796,-0.0019821974
9149567552,9149564993,-0.10168595,0.024128241,-0.0019801974
9149578023,9149575449,-0.10361684,0.024656435,-0.0019766616
9149588460,9149585658,-0.102577925,0.024859231,-0.0019374362
9149599053,9149595689,-0.10136437,0.02389483,-0.0019162132
9149608598,9149605945,-0.10428962,0.02318086,-0.0019532905
9149618963,9149615976,-0.10480272,0.024371758,-0.001973424
9149628325,9149625561,-0.10388704,0.0236315,-0.001929003
9149637781,9149635230,-0.102291755,0.022821153,-0.0019101836
9149649249,9149646495,-0.10169858,0.023769626,-0.0018925797
9149658629,9149655681,-0.10365654,0.023608651,-0.0018956218
9149669300,9149665613,-0.10384976,0.024473662,-0.0019336233
9149677861,9149675094,-0.102725424,0.024555903,-0.0019214549
9149688583,9149685975,-0.10456187,0.023118163,-0.0018910025
9149698478,9149695491,-0.10380069,0.024734028,-0.0018771433
9149709254,9149706447,-0.10154404,0.02390387,-0.001857878
9149718626,9149715874,-0.10327572,0.022644624,-0.0018704497
9149729102,9149726098,-0.103153765,0.025617942,-0.0019076923
9149739604,9149736415,-0.10389037,0.024647543,-0.0019003437
9149749076,9149746510,-0.104867056,0.02193417,-0.0019009396
9149758470,9149755914,-0.10313185,0.023350405,-0.0018831281
9149769058,9149766268,-0.10370144,0.023705075,-0.0018284303
9149778503,9149775928,-0.103035845,0.023321621,-0.0018300993
9149789041,9149786439,-0.10249649,0.023790563,-0.0018474541
9149799339,9149796348,-0.10378846,0.023060229,-0.0018255549
9149809871,9149806518,-0.103322715,0.024310773,-0.0018134094
9149818239,9149815479,-0.10253101,0.023909815,-0.0018344872
9149828760,9149826145,-0.103152834,0.023458537,-0.0018128918
9149839208,9149836204,-0.102840975,0.025239063,-0.0018000042
9149849740,9149846033,-0.103263825,0.024459241,-0.0018267405
9149859073,9149856516,-0.10372291,0.02367602,-0.0018332656
9149869546,9149866531,-0.10168135,0.0249803,-0.0018986769
9149880290,9149876634,-0.10307697,0.024778286,-0.0019801867
9149888647,9149885890,-0.10477536,0.023341484,-0.0020263153
9149899139,9149896125,-0.10321206,0.023330463,-0.0020877332
9149909755,9149906755,-0.10309782,0.023475902,-0.0020763923
9149920249,9149916559,-0.10297919,0.024188835,-0.0020231896
9149928762,9149926165,-0.10340844,0.023609415,-0.001997061
9149939409,9149936840,-0.10410148,0.023650361,-0.0019947013
9149948804,9149945846,-0.10378627,0.024537688,-0.001987742
9149958362,9149955556,-0.10365222,0.023853634,-0.001951728
9149968830,9149966242,-0.102586456,0.02281318,-0.0019259489
9149979324,9149976301,-0.102794915,0.023080662,-0.0019901912
9149990758,9149986513,-0.10405583,0.025297169,-0.0020027033
9149999196,9149996405,-0.10334186,0.024891745,-0.0019193904
9150009009,9150006376,-0.10265584,0.024078934,-0.0019144488
9150019010,9150016239,-0.10323211,0.023549901,-0.0019249751
9150029611,9150026773,-0.103594474,0.023356287,-0.0019453116
9150038970,9150036210,-0.10215731,0.025303759,-0.0019714087
9150049309,9150046308,-0.104249276,0.024304513,-0.0019246886
9150060755,9150056896,-0.10456862,0.023197731,-0.0019030056
9150069188,9150066600,-0.10170179,0.025029322,-0.0019177392
9150079727,9150077098,-0.10439906,0.02470249,-0.0019416248
9150089073,9150086318,-0.103773475,0.023271207,-0.0019637155
9150099629,9150095962,-0.10304675,0.024154501,-0.0019233469
9150109285,9150106642,-0.10367146,0.024561405,-0.0018991537
9150119738,9150116756,-0.102700666,0.02290293,-0.0018883303
9150130472,9150127079,-0.10461391,0.022519128,-0.001861687
9150138920,9150136152,-0.10335541,0.02411994,-0.0018541269
9150149476,9150146515,-0.102248155,0.024926517,-0.00186477
9150159952,9150156940,-0.10312489,0.024492413,-0.0019332658
9150169355,9150165898,-0.10339348,0.023668537,-0.001996608
9150179816,9150177027,-0.1036927,0.024403937,-0.0020563642
9150189186,9150186211,-0.10298159,0.025556564,-0.0021050803
9150199706,9150196934,-0.10287186,0.024140824,-0.002094304
9150209235,9150206467,-0.103234276,0.022514056,-0.0020398914
9150219799,9150217239,-0.102096744,0.023483444,-0.00203872
9150230243,9150227442,-0.10233356,0.02422893,-0.0020287342
9150240930,9150237046,-0.10436679,0.024694894,-0.0020105417
9150249464,9150246829,-0.10425501,0.024729483,-0.002008782
9150259811,9150257260,-0.10310139,0.023822367,-0.001993819
9150270257,9150267465,-0.10229712,0.02540794,-0.0019612485
9150279768,9150277179,-0.10404424,0.023493348,-0.0019060395
9150289203,9150286619,-0.1043358,0.022723813,-0.0018958355
9150299951,9150297127,-0.10296477,0.024796354,-0.001908742
9150310520,9150307310,-0.10327251,0.023307204,-0.0019063757
9150319830,9150317053,-0.10290361,0.024398169,-0.0019102417
9150329565,9150326905,-0.10390402,0.023448814,-0.001885084
9150340113,9150337285,-0.103972346,0.023860242,-0.0018643801
9150349253,9150346493,-0.10450701,0.024927385,-0.0018560826
9150359714,9150357134,-0.104922265,0.023753386,-0.001806851
9150370196,9150367013,-0.10286686,0.023930749,-0.0018056966
9150380989,9150377776,-0.102408566,0.023840204,-0.0018322315
9150389322,9150386764,-0.102672204,0.024971945,-0.0018108927
9150401827,9150397271,-0.10309258,0.024299223,-0.0018313124
9150410235,9150407652,-0.10358079,0.023680633,-0.0018779563
9150419657,9150416514,-0.10368805,0.023794621,-0.0018708234
9150430168,9150427566,-0.10347354,0.023859482,-0.0018794419
9150439529,9150436751,-0.10342506,0.024060031,-0.0018881616
9150451134,9150447640,-0.10347291,0.023925511,-0.0018876642
9150459544,9150456983,-0.10340765,0.024033254,-0.0018957711
9150470045,9150467683,-0.1034552,0.023974067,-0.001896997
9150480504,9150477723,-0.10343161,0.023994716,-0.0019017577
9150490995,9150487312,-0.1034457,0.023991777,-0.0019043309
9150499393,9150497015,-0.10344617,0.0239844,-0.0019068695
9150509850,9150507471,-0.10344575,0.023992699,-0.001909677
9150520409,9150517628,-0.103451654,0.023985822,-0.0019115774
9150530167,9150527574,-0.10345091,0.023989985,-0.0019136525
9150539683,9150537296,-0.10345507,0.023987781,-0.0019151964
9150550746,9150547958,-0.103456095,0.023988202,-0.0019168297
9150561301,9150557453,-0.10345872,0.023988266,-0.0019180917
9150569789,9150567417,-0.10346086,0.02398765,-0.001919259
9150580269,9150577853,-0.103462465,0.023987949,-0.0019203662
9150590677,9150587902,-0.10346502,0.023987517,-0.0019212867
9150600161,9150597608,-0.10346708,0.023987534,-0.0019220973
9150609663,9150607275,-0.10346993,0.023989301,-0.0019228127
9150620189,9150617386,-0.10347404,0.023989974,-0.0019234833
9150631786,9150627705,-0.10417875,0.023990735,-0.0019240904
9150639169,9150636618,-0.103790544,0.023992045,-0.001899652
9150649730,9150646946,-0.10355679,0.023991955,-0.001878197
9150660066,9150657270,-0.10351616,0.024399897,-0.0019234826
9150670625,9150668259,-0.102084786,0.025733411,-0.0019477903
9150680081,9150677495,-0.103143595,0.023799336,-0.0019342003
9150690525,9150687725,-0.10370469,0.021885825,-0.0019953237
9150701937,9150698093,-0.10306324,0.02472383,-0.0020366318
9150709329,9150706776,-0.10264482,0.02590148,-0.002030394
9150719947,9150717527,-0.10252635,0.024021212,-0.002050833
9150730340,9150727743,-0.10406418,0.023973953,-0.002028134
9150740840,9150737474,-0.104761265,0.02437048,-0.0020149061
9150749759,9150747171,-0.10367445,0.022409283,-0.001984998
9150760227,9150757428,-0.10292336,0.023574106,-0.0019477037
9150771657,9150768012,-0.103460595,0.024885274,-0.0019614904
9150780126,9150777534,-0.103449,0.022864707,-0.001927086
9150790595,9150788016,-0.10334705,0.023767171,-0.0019302218
9150800824,9150798194,-0.10421371,0.024810927,-0.0019684015
9150811282,9150807796,-0.10333252,0.023451151,-0.001948819
9150819652,9150817300,-0.10262998,0.023890266,-0.0019229304
9150830141,9150827759,-0.104477026,0.023659071,-0.0019021792
9150840588,9150837795,-0.10374981,0.023559451,-0.0019110274
9150850011,9150847457,-0.10341394,0.024879115,-0.0019148046
9150860669,9150858104,-0.1032776,0.024000987,-0.0019409901
9150871167,9150868338,-0.102089815,0.024381936,-0.0019404155
9150881614,9150877942,-0.10439184,0.023921905,-0.0019293285
9150890004,9150887637,-0.103643425,0.023727397,-0.0019671172
9150900668,9150897879,-0.10280692,0.024680316,-0.0019787236
9150911171,9150908578,-0.10470365,0.023585545,-0.0019667747
9150920640,9150918083,-0.10399971,0.024436926,-0.0019365026
9150931162,9150928379,-0.103017665,0.024321895,-0.0019131744
9150940738,9150937728,-0.10331029,0.023436101,-0.0018966438
9150952266,9150948155,-0.10381451,0.024549048,-0.0018750104
9150960627,9150958071,-0.10291374,0.024118057,-0.0018614384
9150970094,9150967525,-0.10321894,0.02400962,-0.0018730266
9150980610,9150977802,-0.105028376,0.02508257,-0.0018823966
9150991120,9150988510,-0.10384382,0.023580901,-0.0018532694
9151000561,9150997803,-0.10297166,0.02216659,-0.0018429493
9151011063,9151008262,-0.10376132,0.023706604,-0.0018610241
9151021595,9151018542,-0.10393209,0.02489702,-0.0018964243
9151029901,9151027351,-0.10378106,0.02582563,-0.0018945318
9151040435,9151037859,-0.1034055,0.02429448,-0.0018363453
9151050840,9151048052,-0.10223779,0.023349656,-0.0018053135
9151060268,9151057288,-0.10232515,0.024380386,-0.0018066025
9151070886,9151068314,-0.10342968,0.024432907,-0.0017948981
9151081382,9151078371,-0.10372023,0.02430312,-0.001815153
9151090712,9151087754,-0.10450736,0.022910904,-0.001857335
9151100177,9151097422,-0.10448921,0.023758098,-0.0018551995
9151110721,9151108163,-0.103184685,0.024122598,-0.0018627275
9151121218,9151118257,-0.10252837,0.023233011,-0.0018759845
9151131705,9151128261,-0.10405349,0.02479032,-0.001848558
9151141177,9151138611,-0.10436258,0.024956588,-0.0018090107
9151151964,9151148742,-0.10290805,0.024186276,-0.0017787338
9151161117,9151158151,-0.10244717,0.023929892,-0.0017546907
9151170645,9151167890,-0.10280627,0.0245123,-0.0017566356
9151181136,9151178583,-0.10341096,0.024778761,-0.0017871052
9151191562,9151188773,-0.10392057,0.02264145,-0.0017717978
9151202003,9151198531,-0.104538344,0.022470241,-0.0017925779
9151210433,9151207872,-0.10345934,0.02506577,-0.0018410977
9151220991,9151218359,-0.102758646,0.02562345,-0.0018362046
9151231430,9151228416,-0.10425368,0.023581382,-0.0018485335
9151241802,9151239164,-0.104354426,0.023237016,-0.0018329902
9151251043,9151248273,-0.10413663,0.02371609,-0.0018160706
9151261576,9151258621,-0.103387974,0.023614103,-0.0018730893
9151272187,9151268996,-0.103235625,0.024346929,-0.001899416
9151280606,9151277822,-0.10345116,0.024352022,-0.0019171534
9151290994,9151288435,-0.102680475,0.024889175,-0.0019783203
9151301451,9151298662,-0.10371324,0.023993827,-0.0019573125
9151311947,9151307857,-0.10468628,0.022624984,-0.0019234763
9151321540,9151318923,-0.104138166,0.024209756,-0.0019420567
9151331936,9151328937,-0.103213824,0.024823464,-0.0019359806
9151342497,9151338967,-0.1029181,0.024043929,-0.0019063788
9151350961,9151348392,-0.103484705,0.024238713,-0.0018891966
9151361476,9151358884,-0.10485649,0.023384359,-0.001873
9151371845,9151369076,-0.104062036,0.02376983,-0.0018549542
9151382345,9151378692,-0.10220549,0.025014175,-0.0019238961
9151390836,9151388260,-0.10356736,0.02406696,-0.0019985
9151401402,9151398213,-0.10391389,0.024575192,-0.0019891758
9151411881,9151409080,-0.10413961,0.024452556,-0.0019803804
9151421282,9151418528,-0.10440759,0.022778807,-0.0019774893
9151431783,9151429028,-0.10277494,0.024290584,-0.0019697347
9151442253,9151439435,-0.10286503,0.024236638,-0.0019953123
9151452754,9151448855,-0.10349525,0.022847172,-0.0020367955
9151461082,9151458531,-0.104383,0.024417715,-0.0020384819
9151471560,9151468979,-0.10462662,0.02399774,-0.0019885194
9151481966,9151479164,-0.10384963,0.024604626,-0.0019614464
9151490848,9151488088,-0.104071625,0.025431775,-0.0019671072
9151501374,9151498773,-0.10363547,0.023074992,-0.0019598373
9151511971,9151508898,-0.10451022,0.023198009,-0.0019557232
9151522836,9151519136,-0.10502555,0.023979548,-0.0019267721
9151531441,9151528836,-0.102358475,0.024077436,-0.0019018126
9151541196,9151538617,-0.10217125,0.02493693,-0.001916887
9151551664,9151548876,-0.10350198,0.025037503,-0.0019717594
9151561141,9151558387,-0.1042996,0.024023276,-0.0020121185
9151571930,9151569128,-0.10456352,0.023399927,-0.0019825762
9151582396,9151579400,-0.10315466,0.024103343,-0.0019504784
9151591959,9151588584,-0.10368318,0.0249501,-0.0019310088
9151601266,9151598711,-0.104244426,0.02477287,-0.0019350363
9151611791,9151609035,-0.10403236,0.023172501,-0.0019662194
9151621908,9151619120,-0.10408065,0.02311869,-0.0019813643
9151632422,9151628942,-0.10350548,0.024389895,-0.0019697377
9151642000,9151639619,-0.10350775,0.024312828,-0.0019644492
9151653410,9151648958,-0.103732966,0.024082035,-0.0019640394
9151663208,9151659430,-0.10375213,0.024108326,-0.0019566312
9151671557,9151669188,-0.10372755,0.024086433,-0.0019563183
9151682026,9151679643,-0.10377771,0.024074426,-0.0019518702
9151691470,9151688906,-0.10374619,0.024089888,-0.0019502838
9151702937,9151699091,-0.10377116,0.024074977,-0.0019480014
9151711367,9151709014,-0.10376504,0.024082512,-0.0019459948
9151721846,9151719457,-0.10376965,0.02407738,-0.0019444644
9151732263,9151729471,-0.10377029,0.024079481,-0.0019428068
9151741799,9151739218,-0.10376859,0.024079656,-0.0019416318
9151751186,9151748834,-0.10377248,0.024078561,-0.0019404447
9151761675,9151758886,-0.10377248,0.024079094,-0.0019394136
9151773158,9151769289,-0.10377285,0.024079043,-0.0019384561
9151781616,9151779056,-0.103773065,0.024079494,-0.0019376434
9151792219,9151789796,-0.103774525,0.024079068,-0.001936875
9151802626,9151799841,-0.103774145,0.024079654,-0.0019362215
9151812146,9151809759,-0.10377243,0.02408069,-0.0019356614
9151821551,9151819164,-0.10377414,0.024080338,-0.0019351802
9151832165,9151829126,-0.103775434,0.024080068,-0.0019347299
9151843682,9151839817,-0.10377703,0.024079692,-0.0019343032
9151852471,9151850099,-0.103778824,0.024079336,-0.0019339371
9151861922,9151859353,-0.103780106,0.024079043,-0.0019336421
9151872370,9151869582,-0.103779495,0.02407953,-0.0019333541
9151881888,9151879119,-0.10377884,0.024080068,-0.0019331155
9151892339,9151889756,-0.10378023,0.024079751,-0.0019328806
9151903732,9151900057,-0.10377956,0.02408029,-0.001932681
9151913159,9151909807,-0.10377643,0.024081837,-0.0019325151
9151921568,9151919024,-0.103774995,0.02408269,-0.0019323768
9151932050,9151929447,-0.10377607,0.0240824,-0.0019322376
9151942548,9151939917,-0.10377739,0.024082039,-0.0019321124
9151952665,9151948960,-0.10377872,0.024081677,-0.001932016
9151962042,9151959489,-0.10378012,0.024081334,-0.001931916
9151971941,9151969536,-0.1037797,0.024081819,-0.001931833
9151982335,9151979745,-0.10377926,0.02408234,-0.0019317582
9151991789,9151989239,-0.10378097,0.024082005,-0.0019316957
9152002625,9152000024,-0.10378235,0.024081692,-0.0019316332
9152012037,9152009454,-0.10378392,0.024081334,-0.0019315832
9152023528,9152019480,-0.10378349,0.024081826,-0.0019315375
9152031953,9152029374,-0.103785396,0.02408146,-0.0019314967
9152042430,9152039825,-0.10378837,0.024081888,-0.0019314594
9152052770,9152050023,-0.10379206,0.02408242,-0.0019314302
9152062357,9152059738,-0.10379374,0.02408209,-0.0019314053
9152072832,9152070435,-0.103795305,0.024081782,-0.0019313794
9152082353,9152079530,-0.10379701,0.024081446,-0.001931359
9152093817,9152090157,-0.10379554,0.024082355,-0.0019313404
9152102199,9152099848,-0.10379499,0.024082951,-0.0019313266
9152112750,9152110373,-0.10379638,0.024082677,-0.0019313124
9152122143,9152119584,-0.103795856,0.024083225,-0.0019313025
9152132741,9152130143,-0.103795156,0.024082905,-0.001931292
9152142150,9152139564,-0.10379885,0.02408344,-0.0019312853
9152153545,9152149861,-0.103798404,0.02408393,-0.0019312804
9152164195,9152160285,-0.103795245,0.024085457,-0.0019312794
9152171578,9152169218,-0.103792295,0.02408689,-0.0019312814
9152182082,9152179728,-0.1037918,0.02408726,-0.0019312843
9152192525,9152189944,-0.10379352,0.024086911,-0.0019312868
9152202999,9152199825,-0.10379523,0.024086567,-0.0019312872
9152212418,9152210059,-0.10379693,0.024086218,-0.0019312872
9152222838,9152220459,-0.103798464,0.02408591,-0.0019312868
9152234354,9152230480,-0.103799924,0.024085555,-0.0019312851
9152241799,9152239380,-0.10380168,0.024085172,-0.0019312839
9152252393,9152250013,-0.103802904,0.024084926,-0.0019312816
9152262813,9152260176,-0.103802375,0.024085471,-0.0019312806
9152273300,9152270069,-0.10380188,0.024086008,-0.0019312813
9152282696,9152280308,-0.103801355,0.024086548,-0.0019312833
9152292134,9152289538,-0.10380289,0.024086237,-0.0019312844
9152302549,9152299741,-0.10380439,0.024085928,-0.0019312856
9152311987,9152309419,-0.10380368,0.024086447,-0.0019312875
9152322536,9152319930,-0.10380608,0.024087321,-0.0019312922
9152333068,9152330247,-0.10380778,0.02408697,-0.001931296
9152343615,9152340258,-0.10380947,0.024086624,-0.0019312975
9152353060,9152350489,-0.103811026,0.024086269,-0.0019312989
9152362514,9152359909,-0.10381412,0.024086727,-0.0019313009
9152373106,9152370343,-0.1038174,0.0240872,-0.0019313045
9152382764,9152380208,-0.10381909,0.02408685,-0.0019313071
9152392184,9152389812,-0.10381952,0.024086969,-0.0019313102
9152403619,9152399955,-0.103818834,0.02408744,-0.0019313139
9152414163,9152410699,-0.10382041,0.024087047,-0.0019313156
9152422711,9152420119,-0.10382199,0.02408669,-0.001931317
9152433131,9152430544,-0.10382314,0.024086397,-0.0019313188
9152443542,9152440952,-0.10382478,0.024086056,-0.001931319
9152453020,9152449661,-0.103828356,0.024086574,-0.001931321
9152462608,9152460229,-0.103830785,0.024086673,-0.0019313236
9152473090,9152470291,-0.10383226,0.024086356,-0.001931325
9152484573,9152480707,-0.103833884,0.02408601,-0.0019313266
9152492970,9152490412,-0.10383436,0.02408616,-0.0019313276
9152502575,9152499953,-0.1038339,0.02408659,-0.0019313284
9152513113,9152510278,-0.103835195,0.024086261,-0.0019313302
9152523817,9152520347,-0.103836395,0.02408589,-0.0019313304
9152533382,9152530773,-0.1038367,0.02408604,-0.0019313315
9152542885,9152540498,-0.103835985,0.02408652,-0.0019313328
9152553412,9152550792,-0.10383725,0.024086196,-0.0019313336
9152563217,9152560656,-0.10383889,0.02408585,-0.0019313334
9152572742,9152570127,-0.10383835,0.02408635,-0.0019313341
9152583582,9152580995,-0.1038378,0.02408684,-0.0019313366
9152593245,9152590055,-0.10383947,0.024086481,-0.001931338
9152602899,9152600348,-0.10383959,0.02408657,-0.0019313403
9152613384,9152610999,-0.103838876,0.02408705,-0.0019313429
9152623741,9152620963,-0.10383808,0.024087576,-0.0019313454
9152633235,9152630686,-0.10383844,0.024087679,-0.0019313485
9152642865,9152640479,-0.10383989,0.024087366,-0.0019313503
9152654437,9152650734,-0.10383934,0.02408786,-0.0019313542
9152665022,9152660920,-0.10383604,0.024089409,-0.0019313606
9152672670,9152670066,-0.10383524,0.024089932,-0.0019313669
9152683161,9152680541,-0.10383466,0.024090312,-0.0019313741
9152693565,9152690960,-0.10383627,0.024089959,-0.0019313791
9152702940,9152700392,-0.10383789,0.024089608,-0.0019313832
9152713430,9152711074,-0.10383737,0.024090083,-0.0019313882
9152723810,9152721051,-0.103836775,0.024090614,-0.001931394
9152734355,9152731169,-0.10383837,0.024090262,-0.001931398
9152742832,9152740272,-0.103842184,0.024090793,-0.0019314026
9152753648,9152751254,-0.10384346,0.024091933,-0.0019314112
9152763015,9152760458,-0.10384506,0.024095207,-0.0019314258
9152773543,9152770761,-0.10384547,0.024097644,-0.0019314461
9152782920,9152780566,-0.10384265,0.02409904,-0.0019314663
9152793448,9152790673,-0.103842124,0.024099499,-0.001931486
9152804915,9152801233,-0.10384153,0.024100013,-0.0019315055
9152813312,9152810752,-0.10384067,0.024100553,-0.001931522
9152823754,9152821373,-0.103839844,0.02410094,-0.0019315396
9152834173,9152831587,-0.103841245,0.024100553,-0.0019315542
9152844780,9152840930,-0.103842854,0.02410018,-0.0019315641
9152853214,9152850849,-0.10384427,0.02409979,-0.0019315738
9152863728,9152861161,-0.10384555,0.024099488,-0.0019315815
9152874227,9152871616,-0.103844956,0.024098229,-0.001931585
9152883652,9152881102,-0.10384616,0.024096949,-0.001931585
9152893443,9152890872,-0.103849344,0.024095824,-0.001931583
9152904882,9152901210,-0.103852674,0.024096293,-0.0019315829
9152914348,9152911195,-0.10385892,0.024097797,-0.0019315869
9152923008,9152920421,-0.103862286,0.024098258,-0.0019315921
9152933549,9152931135,-0.10386522,0.024100132,-0.0019316033
9152943955,9152941168,-0.1038685,0.024102371,-0.001931618
9152953433,9152951068,-0.10386982,0.024103737,-0.0019316337
9152963957,9152961328,-0.1038702,0.024103804,-0.0019316494
9152974375,9152971539,-0.10386954,0.024104306,-0.0019316637
9152984832,9152981456,-0.103868894,0.024104804,-0.0019316773
9152993205,9152990646,-0.10387012,0.024104403,-0.0019316878
9153003838,9153001253,-0.10387291,0.02410338,-0.0019316968
9153014381,9153011538,-0.10387874,0.024102975,-0.0019317041
9153023666,9153020708,-0.103881225,0.02410302,-0.0019317111
9153033552,9153030993,-0.10388239,0.024102671,-0.0019317172
9153044107,9153041278,-0.103881545,0.024103133,-0.0019317234
9153055537,9153051681,-0.10387865,0.024104528,-0.0019317324
9153062927,9153060576,-0.10387551,0.024106035,-0.001931742
9153073638,9153071055,-0.10387488,0.02410762,-0.0019317553
9153083995,9153081236,-0.10387622,0.024109008,-0.0019317707
9153094627,9153091278,-0.10387556,0.024109494,-0.001931785
9153104135,9153101706,-0.103873774,0.024110429,-0.0019318012
9153113551,9153110961,-0.1038752,0.02411007,-0.0019318128
9153123997,9153121221,-0.10387637,0.024109704,-0.0019318234
9153133475,9153130902,-0.10387561,0.02411019,-0.001931834
9153143995,9153141609,-0.10387698,0.024109833,-0.0019318435
9153155430,9153151925,-0.10387853,0.024109438,-0.0019318498
9153164856,9153161388,-0.10387996,0.024108995,-0.0019318549
9153174486,9153172082,-0.103880964,0.02410862,-0.0019318592
9153183850,9153181280,-0.103882164,0.024108248,-0.0019318621
9153194229,9153191456,-0.103883356,0.024107886,-0.0019318636
9153203699,9153201148,-0.10388258,0.024108369,-0.0019318657
9153214227,9153211848,-0.10388395,0.024108015,-0.0019318673
9153224751,9153221937,-0.10388767,0.02410851,-0.00193187
9153235185,9153231707,-0.10388896,0.02410987,-0.0019318764
9153243585,9153241019,-0.10388692,0.024111675,-0.0019318861
9153254049,9153251654,-0.10388796,0.024112757,-0.0019318985
9153264596,9153261821,-0.10388926,0.024112346,-0.0019319082
9153274591,9153272212,-0.103890784,0.024111941,-0.0019319156
9153283959,9153281609,-0.1038921,0.024111556,-0.0019319217
9153294402,9153291415,-0.10389307,0.02411118,-0.0019319261
9153305860,9153302208,-0.10389437,0.024110774,-0.001931929
9153314285,9153311910,-0.103893474,0.024109367,-0.0019319286
9153323789,9153321221,-0.10389434,0.02411045,-0.0019319301
9153334238,9153331634,-0.10389726,0.02411246,-0.0019319376
9153345006,9153341600,-0.10389852,0.024113804,-0.0019319478
9153354400,9153352014,-0.10389795,0.0241152,-0.001931961
9153364786,9153362011,-0.10390104,0.024115613,-0.0019319732
9153374264,9153371655,-0.10390232,0.0241152,-0.0019319832
9153383764,9153381193,-0.10390165,0.024115633,-0.0019319925
9153394237,9153391638,-0.103903,0.024115266,-0.001932001
9153405683,9153402208,-0.10390446,0.02411486,-0.0019320077
9153415133,9153411949,-0.103906065,0.024114419,-0.0019320125
9153424680,9153422056,-0.10390937,0.024113256,-0.0019320152
9153434228,9153431635,-0.10391052,0.024112877,-0.0019320166
9153444823,9153442250,-0.10391149,0.024112491,-0.0019320167
9153456274,9153451296,-0.1039141,0.02411158,-0.0019320153
9153464638,9153461273,-0.10391806,0.024110181,-0.001932011
9153474582,9153472170,-0.103919044,0.024109855,-0.001932005
9153485983,9153482123,-0.10392003,0.024109457,-0.0019320003
9153494568,9153492148,-0.103917584,0.024110485,-0.0019319984
9153503924,9153501331,-0.10391516,0.02411161,-0.0019319992
9153514700,9153512069,-0.10391252,0.024112836,-0.0019320023
9153524333,9153521692,-0.103911534,0.024113318,-0.001932005
9153535004,9153532619,-0.103912786,0.024112945,-0.001932008
9153544587,9153541611,-0.10391651,0.02411163,-0.0019320078
9153556252,9153552550,-0.10391982,0.02411046,-0.0019320049
9153564733,9153562323,-0.10392143,0.024110021,-0.0019320014
9153574380,9153572019,-0.10392243,0.02410969,-0.0019319975
9153585028,9153582238,-0.10392536,0.024110112,-0.001931996
9153595736,9153591639,-0.1039286,0.02411058,-0.0019319959
9153604169,9153601593,-0.10393126,0.024110654,-0.0019319966
9153614628,9153611851,-0.10393433,0.024112482,-0.0019320019
9153625049,9153622463,-0.10393788,0.024114713,-0.0019320134
9153634562,9153632011,-0.103943616,0.024116063,-0.001932027
9153645071,9153642483,-0.10394434,0.024116486,-0.0019320411
9153655522,9153651834,-0.103943124,0.024116937,-0.0019320531
9153666024,9153662350,-0.10394431,0.024116516,-0.0019320642
9153674421,9153672056,-0.10394572,0.024116106,-0.0019320725
9153684974,9153682577,-0.103946835,0.02411578,-0.0019320796
9153695495,9153692911,-0.10394822,0.024115369,-0.0019320853
9153703956,9153701610,-0.103949405,0.02411495,-0.0019320892
9153714497,9153712114,-0.10395035,0.02411461,-0.0019320924
9153724849,9153722091,-0.10395153,0.024114193,-0.001932094
9153736528,9153732265,-0.10395484,0.024114652,-0.0019320974
9153744977,9153742620,-0.103957236,0.024114639,-0.0019321006
9153754434,9153751875,-0.10395974,0.024115,-0.0019321046
9153765106,9153762490,-0.10396276,0.024115417,-0.0019321102
9153774551,9153771969,-0.103964135,0.024115004,-0.0019321138
9153785000,9153782624,-0.10396214,0.024115838,-0.0019321194
9153795424,9153792429,-0.1039591,0.024117194,-0.0019321268
9153806403,9153802738,-0.103956066,0.024118545,-0.0019321367
9153814789,9153812237,-0.10395402,0.024119454,-0.0019321466
9153825237,9153822851,-0.10395319,0.024119815,-0.0019321571
9153835669,9153832890,-0.10395454,0.024119401,-0.0019321648
9153845411,9153842808,-0.10395695,0.02411852,-0.0019321699
9153855038,9153852444,-0.10395782,0.02411811,-0.0019321737
9153865404,9153862644,-0.10396089,0.024116913,-0.0019321748
9153875003,9153872431,-0.10396437,0.024115635,-0.0019321728
9153884665,9153882106,-0.10396543,0.02411525,-0.0019321701
9153895075,9153892507,-0.103968665,0.024115685,-0.0019321695
9153906566,9153902869,-0.10397431,0.024117028,-0.0019321733
9153915947,9153912507,-0.10397792,0.02411753,-0.0019321786
9153925417,9153922860,-0.10397901,0.024117155,-0.0019321821
9153935038,9153932235,-0.103980206,0.024116784,-0.0019321846
9153946547,9153943065,-0.10397921,0.024117205,-0.0019321877
9153954941,9153952380,-0.10397676,0.02411816,-0.0019321921
9153965373,9153962992,-0.103977665,0.02411782,-0.0019321957
9153975732,9153973172,-0.103978775,0.024117399,-0.0019321983
9153985914,9153982036,-0.10397988,0.024116982,-0.001932199
9153995346,9153992752,-0.10398075,0.024116559,-0.0019321993
9154004828,9154002247,-0.10398172,0.02411776,-0.0019322024
9154015356,9154012739,-0.10398288,0.024118984,-0.0019322088
9154024933,9154022348,-0.10398388,0.02411855,-0.0019322132
9154035398,9154033017,-0.103986874,0.024118965,-0.0019322189
9154045911,9154043101,-0.10399251,0.02412031,-0.0019322279
9154056383,9154053005,-0.103996016,0.024120778,-0.0019322372
9154064752,9154062401,-0.10399729,0.02412036,-0.0019322443
9154075769,9154073401,-0.10399656,0.024120733,-0.0019322524
9154086136,9154083370,-0.10399559,0.024121225,-0.0019322605
9154094875,9154092315,-0.103997976,0.024121264,-0.0019322673
9154105520,9154102906,-0.10400084,0.024123121,-0.0019322796
9154115952,9154113131,-0.104001895,0.024124468,-0.0019322936
9154125267,9154122515,-0.10400295,0.024124034,-0.001932304
9154134815,9154132251,-0.10400602,0.02412444,-0.0019323151
9154145328,9154142933,-0.10400917,0.024124853,-0.0019323275
9154156784,9154153107,-0.104012385,0.024125297,-0.0019323396
9154166211,9154162155,-0.10401602,0.024125785,-0.0019323508
9154175669,9154173112,-0.10401496,0.024126183,-0.0019323636
9154186238,9154183439,-0.10401177,0.024127357,-0.0019323769
9154196763,9154193407,-0.104005955,0.024127789,-0.0019323885
9154205217,9154202658,-0.1040027,0.024128221,-0.0019323985
9154215733,9154213365,-0.10400194,0.024128584,-0.0019324097
9154226156,9154223375,-0.10399879,0.02412992,-0.001932422
9154235610,9154232258,-0.10399984,0.02413123,-0.001932435
9154246110,9154243747,-0.10400167,0.02413121,-0.00193245
9154255499,9154253136,-0.104000755,0.024131656,-0.0019324617
9154266022,9154263422,-0.10399972,0.02413204,-0.0019324737
9154275163,9154272589,-0.10400058,0.024131574,-0.0019324826
9154285704,9154283297,-0.10400134,0.024131168,-0.0019324904
9154296187,9154293364,-0.103999995,0.024131587,-0.001932498
9154306645,9154303170,-0.10399866,0.024132004,-0.0019325053
9154316141,9154313734,-0.10399963,0.024131546,-0.0019325112
9154325542,9154323118,-0.10400078,0.024131149,-0.0019325153
9154335931,9154333136,-0.104001924,0.024130754,-0.0019325186
9154345489,9154343098,-0.10400308,0.024130313,-0.0019325202
9154356128,9154353710,-0.10400204,0.024130706,-0.0019325226
9154366172,9154363380,-0.10400087,0.024132926,-0.0019325298
9154376302,9154373524,-0.10399975,0.02413503,-0.0019325414
9154385926,9154383359,-0.10399902,0.024136303,-0.0019325546
9154396272,9154393637,-0.10400219,0.024136698,-0.001932568
9154407638,9154403958,-0.104003236,0.024136242,-0.0019325789
9154416279,9154413698,-0.104007885,0.024135282,-0.0019325865
9154426213,9154423638,-0.104012534,0.024136368,-0.0019325968
9154436904,9154434037,-0.10401579,0.024136776,-0.001932608
9154446367,9154443713,-0.104019284,0.024137216,-0.0019326189
9154456061,9154453441,-0.104020216,0.024137596,-0.0019326295
9154465828,9154463457,-0.10401914,0.024137981,-0.0019326402
9154476439,9154473841,-0.10402028,0.024137558,-0.001932649
9154487033,9154483342,-0.104016885,0.024137089,-0.0019326545
9154496484,9154493875,-0.104013585,0.024137499,-0.0019326604
9154505830,9154503069,-0.104014516,0.024137082,-0.0019326645
9154517612,9154514047,-0.10401562,0.02413668,-0.0019326676
9154526403,9154523935,-0.104019225,0.024137149,-0.0019326719
9154535866,9154533492,-0.10402027,0.02413677,-0.0019326748
9154546386,9154543381,-0.10402119,0.02413635,-0.0019326766
9154556911,9154553726,-0.10402222,0.02413589,-0.0019326773
9154566268,9154563701,-0.10402346,0.024135439,-0.0019326771
9154575651,9154573101,-0.104024366,0.024135025,-0.0019326761
9154586203,9154583384,-0.10402527,0.024134615,-0.0019326741
9154595734,9154593166,-0.10402769,0.024134642,-0.0019326728
9154606352,9154603922,-0.104030766,0.024135036,-0.0019326732
9154616802,9154613995,-0.104032,0.024134584,-0.0019326723
9154626138,9154623385,-0.10403101,0.024135018,-0.0019326726
9154635618,9154633267,-0.1040312,0.024134973,-0.0019326729
9154646115,9154643556,-0.104030475,0.024135377,-0.001932674
9154657546,9154653878,-0.10402745,0.024136715,-0.0019326778
9154665987,9154663432,-0.1040273,0.024136709,-0.001932681
9154676486,9154674127,-0.10402651,0.024137057,-0.0019326848
9154686957,9154684152,-0.10402312,0.02413836,-0.0019326907
9154697777,9154694124,-0.10402173,0.024138762,-0.0019326968
9154706206,9154703647,-0.10402064,0.024139196,-0.0019327028
9154716750,9154714303,-0.10402164,0.024138827,-0.0019327081
9154727128,9154724295,-0.10402267,0.024138357,-0.0019327112
9154736595,9154733211,-0.10402159,0.024138773,-0.0019327146
9154746043,9154743476,-0.1040227,0.024138361,-0.0019327172
9154756535,9154753753,-0.10402576,0.024138745,-0.0019327209
9154767991,9154764338,-0.10403134,0.02414005,-0.0019327285
9154776634,9154774033,-0.104033664,0.024140028,-0.001932735
9154786027,9154783426,-0.104034476,0.02413964,-0.0019327399
9154796594,9154793798,-0.10403538,0.024139222,-0.0019327438
9154806294,9154803267,-0.104036584,0.02413876,-0.0019327463
9154817016,9154814439,-0.104039714,0.02413752,-0.0019327457
9154826349,9154823798,-0.10404092,0.024137057,-0.0019327445
9154836779,9154833998,-0.10404004,0.024137441,-0.0019327442
9154847137,9154844683,-0.10404215,0.024139203,-0.0019327487
9154856802,9154854426,-0.10404547,0.024141368,-0.001932758
9154866830,9154864004,-0.10404855,0.024141755,-0.0019327677
9154876180,9154873390,-0.104049675,0.024141312,-0.0019327751
9154886713,9154884144,-0.104050726,0.024140902,-0.001932782
9154897159,9154894771,-0.104051694,0.024140429,-0.0019327868
9154908185,9154904733,-0.10405046,0.024140839,-0.0019327916
9154916692,9154914111,-0.104049236,0.024143133,-0.0019328007
9154927079,9154924513,-0.10405001,0.024144182,-0.0019328125
9154937546,9154934759,-0.10405332,0.02414459,-0.0019328244
9154948301,9154944437,-0.10405664,0.024145002,-0.0019328359
9154956682,9154954322,-0.10405871,0.024144953,-0.0019328465
9154966605,9154964224,-0.104061216,0.024145273,-0.0019328572
9154976981,9154974220,-0.10406417,0.024145652,-0.0019328682
9154987562,9154985007,-0.104065284,0.024145188,-0.0019328775
9154996996,9154994624,-0.10406624,0.024144704,-0.0019328839
9155007562,9155004751,-0.104067065,0.024145856,-0.0019328928
9155018035,9155014689,-0.104070365,0.024148047,-0.0019329066
9155026542,9155024128,-0.10407228,0.024150662,-0.0019329246
9155036393,9155033991,-0.104071215,0.02415241,-0.0019329455
9155047173,9155044195,-0.049620327,0.0030972508,-0.0017210215
9155056606,9155053845,-0.04961923,0.0030976576,-0.0015422795
9155066944,9155064282,-0.049618267,0.0030980154,-0.0013713761
9155077313,9155074522,-0.049619388,0.0030975358,-0.0012228142
9155088807,9155084958,-0.049622674,0.0030979258,-0.0010889639
9155096192,9155093839,-0.04962606,0.0030983416,-0.000986495
9155106682,9155104295,-0.049629904,0.0030992385,-0.00087986747
9155117301,9155114719,-0.049630787,0.0031004972,-0.00078588136
9155126655,9155124095,-0.049629476,0.00310088,-0.00071025564
9155136169,9155133809,-0.049630374,0.0031004343,-0.00064042653
9155146703,9155144144,-0.049631197,0.0030999747,-0.000574672
9155158371,9155154700,-0.049632315,0.0030994804,-0.0005153758
9155166827,9155164270,-0.049633544,0.003098934,-0.00046738802
9155177298,9155174719,-0.049631696,0.0030995917,-0.00042107532
9155187754,9155184971,-0.049630407,0.003099969,-0.00038082243
9155198355,9155194678,-0.04963133,0.003099464,-0.0003468519
9155206787,9155204418,-0.049633127,0.0030993915,-0.00031648309
9155217309,9155214755,-0.04963718,0.003100389,-0.00028796136
9155227662,9155225108,-0.049637835,0.0031016348,-0.00026268733
9155237135,9155234786,-0.04963654,0.003102003,-0.00024162361
9155247627,9155245269,-0.049637537,0.0031015545,-0.00022146257
9155258395,9155255428,-0.049638625,0.0031010576,-0.00020413546
9155268984,9155265109,-0.04963995,0.0031005612,-0.00018941353
9155277389,9155274826,-0.04964093,0.003100055,-0.00017624379
9155286956,9155284580,-0.049641807,0.0030996578,-0.00016446653
9155297324,9155294563,-0.04964281,0.0030992096,-0.0001537554
9155307827,9155304173,-0.04964366,0.0030987137,-0.00014455445
9155317282,9155314699,-0.04964466,0.0030982164,-0.00013565266
9155327777,9155324988,-0.04964365,0.003098572,-0.00012794828
9155339229,9155335180,-0.04964253,0.003098968,-0.00012118382
9155346872,9155344276,-0.04964356,0.0031003468,-0.00011576932
9155359766,9155356802,-0.04964404,0.0031012543,-0.000109329936
9155367437,9155364471,-0.04964509,0.0031028034,-0.00010573712
9155378030,9155374373,-0.049645714,0.003102432,-0.00010161072
9155387472,9155384913,-0.049648754,0.0031027826,-9.7733566e-05
9155396883,9155394510,-0.04965323,0.0031038863,-9.45865e-05
9155408352,9155404671,-0.049655944,0.003104216,-9.163302e-05
9155417834,9155415472,-0.04965808,0.0031040958,-8.8868735e-05
9155427241,9155424881,-0.049658827,0.0031052202,-8.671806e-05
9155437661,9155434870,-0.049657788,0.0031055606,-8.469013e-05
9155448178,9155445003,-0.049658634,0.0031050488,-8.286418e-05
9155457667,9155455258,-0.049662713,0.0031058742,-8.1229926e-05
9155467163,9155464563,-0.049665634,0.0031062148,-7.990351e-05
9155477547,9155474961,-0.049664583,0.003106558,-7.859329e-05
9155488060,9155485437,-0.04966343,0.0031069308,-7.7427576e-05
9155497410,9155494861,-0.04966448,0.0031064223,-7.648892e-05
9155508117,9155505043,-0.049661286,0.0031059587,-7.558814e-05
9155519138,9155515201,-0.049657654,0.0031054316,-7.478932e-05
9155528106,9155525479,-0.04965514,0.0031063578,-7.4075484e-05
9155537812,9155535455,-0.049654152,0.0031066807,-7.3460455e-05
9155548338,9155545469,-0.04965514,0.0031062127,-7.2911076e-05
9155557728,9155555148,-0.049656194,0.0031057056,-7.243657e-05
9155567147,9155564762,-0.04965715,0.0031052532,-7.201512e-05
9155578616,9155575851,-0.049658086,0.0031048013,-7.158739e-05
9155589125,9155585677,-0.04965925,0.003104252,-7.1248905e-05
9155597576,9155595028,-0.049660213,0.003103744,-7.095963e-05
9155608113,9155605481,-0.04966264,0.0031040402,-7.067483e-05
9155618457,9155615907,-0.049665667,0.003104409,-7.042519e-05
9155629029,9155625346,-0.049665455,0.0031043212,-7.022289e-05
9155637463,9155635089,-0.0496616,0.0031055785,-7.003935e-05
9155647950,9155645369,-0.049660504,0.0031072802,-6.9871945e-05
9155659375,9155655720,-0.04965933,0.003109417,-6.972809e-05
9155667780,9155664831,-0.049658064,0.0031098204,-6.961515e-05
9155678316,9155675895,-0.049658824,0.0031094013,-6.949377e-05
9155687639,9155685081,-0.049659662,0.0031088768,-6.940232e-05
9155699238,9155695390,-0.049660422,0.0031084104,-6.931044e-05
9155707667,9155705311,-0.04966399,0.0031088206,-6.923327e-05
9155717812,9155715431,-0.049664628,0.0031098172,-6.916611e-05
9155728282,9155725690,-0.049661163,0.0031110218,-6.910825e-05
9155737746,9155735167,-0.0496602,0.0031114,-6.9061236e-05
9155748257,9155745646,-0.04966123,0.003110939,-6.901426e-05
9155758632,9155755859,-0.049662087,0.0031104095,-6.897258e-05
9155769096,9155765651,-0.049662914,0.0031098896,-6.893577e-05
9155778505,9155776128,-0.049660522,0.0031107052,-6.890275e-05
9155787929,9155785341,-0.049659126,0.003111012,-6.887726e-05
9155798486,9155795464,-0.049659688,0.0031105252,-6.885126e-05
9155807924,9155805324,-0.04965842,0.003110889,-6.8829344e-05
9155818446,9155815843,-0.049657375,0.0031112216,-6.88094e-05
9155828927,9155826096,-0.04965603,0.0031115753,-6.879287e-05
9155839269,9155835897,-0.04965907,0.003111928,-6.878018e-05
9155847731,9155845177,-0.049658913,0.0031126796,-6.877112e-05
9155858196,9155855616,-0.049659763,0.0031122603,-6.876109e-05
9155868601,9155865816,-0.049660806,0.003111742,-6.875139e-05
9155878020,9155874658,-0.049661845,0.0031112274,-6.87428e-05
9155888452,9155885855,-0.04966366,0.003111156,-6.873326e-05
9155898842,9155896056,-0.0496599,0.0031106162,-6.872365e-05
9155909326,9155905275,-0.049656402,0.0031118344,-6.87182e-05
9155917734,9155915154,-0.049652826,0.003113073,-6.871546e-05
9155928254,9155925825,-0.04965192,0.003113364,-6.871352e-05
9155938612,9155935822,-0.04965279,0.0031128288,-6.871055e-05
9155949083,9155945705,-0.049654804,0.003112746,-6.870814e-05
9155958506,9155956115,-0.04965784,0.003113094,-6.87073e-05
9155968079,9155965660,-0.049658593,0.0031126163,-6.870561e-05
9155979033,9155976257,-0.049659383,0.0031121299,-6.8702866e-05
9155988792,9155986383,-0.049658068,0.0031125064,-6.870138e-05
9155998179,9155995822,-0.049657177,0.0031128563,-6.870064e-05
9156008763,9156006107,-0.049656134,0.003113182,-6.870067e-05
9156019345,9156015856,-0.04965917,0.003111758,-6.869754e-05
9156028141,9156025533,-0.04966104,0.003111779,-6.869538e-05
9156038711,9156036108,-0.04966189,0.003112827,-6.869603e-05
9156049314,9156046449,-0.049662936,0.0031123043,-6.869541e-05
9156058698,9156056138,-0.049660537,0.0031130703,-6.8696405e-05
9156068150,9156065753,-0.04965733,0.0031141723,-6.8699395e-05
9156078690,9156075929,-0.049655944,0.0031144742,-6.8702626e-05
9156090157,9156086305,-0.049654376,0.0031148084,-6.8706184e-05
9156098567,9156096014,-0.049651723,0.0031156605,-6.871087e-05
9156108026,9156105643,-0.04965242,0.0031152326,-6.871401e-05
9156118390,9156115824,-0.049653184,0.0031147476,-6.8715795e-05
9156128944,9156125433,-0.04965404,0.0031142195,-6.871639e-05
9156138708,9156136140,-0.04965621,0.0031141683,-6.871709e-05
9156149239,9156146482,-0.049659003,0.0031144884,-6.871876e-05
9156159726,9156155675,-0.049660057,0.0031139634,-6.871932e-05
9156168168,9156165786,-0.049662113,0.0031138498,-6.871976e-05
9156178614,9156176242,-0.04966628,0.0031148358,-6.8723195e-05
9156189092,9156186508,-0.049667098,0.0031160566,-6.872937e-05
9156198553,9156195173,-0.049663704,0.003117297,-6.873645e-05
9156209023,9156206631,-0.04966059,0.0031184093,-6.8746864e-05
9156218591,9156215771,-0.04965704,0.0031178675,-6.875278e-05
9156229009,9156226198,-0.049653966,0.003117384,-6.8757014e-05
9156238431,9156235857,-0.049652744,0.0031167907,-6.8759e-05
9156248917,9156246328,-0.049651537,0.0031155148,-6.8757334e-05
9156259278,9156256498,-0.04965261,0.0031149886,-6.8754736e-05
9156269726,9156266333,-0.04965677,0.003113165,-6.874861e-05
9156279186,9156276549,-0.04965977,0.003111754,-6.874e-05
9156288550,9156286150,-0.049660727,0.0031112854,-6.873188e-05
9156298934,9156296162,-0.049659707,0.0031116137,-6.8724876e-05
9156308832,9156306254,-0.049660746,0.0031119678,-6.871976e-05
9156319234,9156316678,-0.049663406,0.003112288,-6.87166e-05
9156329674,9156326863,-0.049664237,0.003111766,-6.87126e-05
9156340254,9156336558,-0.04966296,0.003112125,-6.870981e-05
9156348584,9156346036,-0.0496616,0.0031124805,-6.870776e-05
9156359065,9156356670,-0.04965874,0.0031134656,-6.870794e-05
9156369440,9156366673,-0.049657397,0.0031138146,-6.870881e-05
9156378944,9156376354,-0.049659375,0.0031137117,-6.8709465e-05
9156388539,9156386108,-0.049662102,0.0031140253,-6.8711066e-05
9156399003,9156396201,-0.04966289,0.0031135357,-6.871191e-05
9156410537,9156405943,-0.049663723,0.0031130037,-6.871121e-05
9156419213,9156416859,-0.049664635,0.0031124204,-6.87094e-05
9156428609,9156426054,-0.049663667,0.0031127224,-6.870842e-05
9156439121,9156436503,-0.04966245,0.0031130384,-6.870808e-05
9156449620,9156446147,-0.04966327,0.003112507,-6.8706395e-05
9156458996,9156456642,-0.049664214,0.003111981,-6.870391e-05
9156469584,9156466804,-0.049660835,0.0031114956,-6.870008e-05
9156480431,9156477056,-0.049659442,0.0031118498,-6.86973e-05
9156488850,9156486286,-0.049661495,0.0031117399,-6.869506e-05
9156499300,9156496909,-0.04966217,0.0031113133,-6.86919e-05
9156509992,9156507364,-0.049660813,0.0031116658,-6.8689806e-05
9156520788,9156516672,-0.04966066,0.0031115806,-6.868755e-05
9156529374,9156526979,-0.04966153,0.0031110374,-6.86847e-05
9156539158,9156536562,-0.04966222,0.0031106004,-6.868133e-05
9156549867,9156547314,-0.049663182,0.0031101254,-6.867623e-05
9156558878,9156556308,-0.04966424,0.0031096013,-6.867183e-05
9156569409,9156566997,-0.04966514,0.0031091592,-6.8666115e-05
9156579810,9156577051,-0.04966598,0.0031086323,-6.866009e-05
9156590369,9156586924,-0.049665544,0.0031085256,-6.865462e-05
9156598790,9156596444,-0.04966417,0.0031088865,-6.865051e-05
9156609313,9156606951,-0.049665008,0.003108476,-6.864541e-05
9156619713,9156616951,-0.049666055,0.0031079615,-6.864026e-05
9156629245,9156626664,-0.049667083,0.0031074577,-6.86348e-05
9156639858,9156637445,-0.049668033,0.0031069948,-6.8628346e-05
9156649568,9156646801,-0.049668852,0.003106465,-6.862236e-05
9156661190,9156656222,-0.04966856,0.0031064095,-6.861657e-05
9156668588,9156666033,-0.049667053,0.003106812,-6.861182e-05
9156679064,9156676671,-0.049667787,0.0031064523,-6.860662e-05
9156689463,9156686891,-0.04966862,0.003105934,-6.8600915e-05
9156699950,9156697370,-0.04966923,0.0031054106,-6.8594665e-05
9156709343,9156706785,-0.04967129,0.00310536,-6.8589645e-05
9156719837,9156717043,-0.049672194,0.0031064933,-6.8587986e-05
9156731513,9156727459,-0.04967102,0.0031068705,-6.858736e-05
9156738884,9156736335,-0.04967216,0.0031063063,-6.858576e-05
9156749433,9156747050,-0.049672894,0.0031059517,-6.858318e-05
9156759832,9156757040,-0.04967391,0.003105439,-6.858e-05
9156769812,9156766421,-0.04967492,0.0031049412,-6.857595e-05
9156779395,9156776808,-0.04967379,0.0031053035,-6.857306e-05
9156790033,9156787452,-0.049672715,0.0031056511,-6.857111e-05
9156799666,9156796886,-0.049673762,0.003105141,-6.8568384e-05
9156809291,9156806702,-0.04967266,0.0031054912,-6.856647e-05
9156819747,9156817363,-0.049671944,0.0031066497,-6.856793e-05
9156830135,9156827559,-0.049675144,0.0031070237,-6.8570655e-05
9156840670,9156837158,-0.04967614,0.0031065214,-6.857194e-05
9156850012,9156847653,-0.04967465,0.0031068807,-6.8573834e-05
9156859370,9156856815,-0.049675368,0.0031064195,-6.857435e-05
9156869837,9156867059,-0.0496761,0.0031059578,-6.8573805e-05
9156879470,9156876886,-0.04967817,0.0031059177,-6.857334e-05
9156889975,9156887575,-0.049681123,0.0031062653,-6.8574656e-05
9156900096,9156897253,-0.049681917,0.0031057473,-6.85741e-05
9156911542,9156906393,-0.049680565,0.003106101,-6.857459e-05
9156919951,9156917403,-0.049680147,0.0031060018,-6.857488e-05
9156929451,9156927088,-0.049679022,0.003106296,-6.8575515e-05
9156939878,9156937098,-0.049675927,0.003107443,-6.857818e-05
9156950430,9156947840,-0.049674552,0.0031078032,-6.858158e-05
9156959456,9156956896,-0.04967548,0.0031072872,-6.8583206e-05
9156969943,9156967159,-0.04967635,0.0031068497,-6.8583984e-05
9156981633,9156977960,-0.04967496,0.0031072139,-6.85856e-05
9156990020,9156987667,-0.04967327,0.0031095755,-6.859196e-05
9156999493,9156996916,-0.049670562,0.0031105778,-6.859932e-05
9157009935,9157007334,-0.04966931,0.0031109008,-6.86073e-05
9157020468,9157017016,-0.049672283,0.0031112502,-6.861533e-05
9157029906,9157027346,-0.049672004,0.0031120242,-6.862462e-05
9157040345,9157037559,-0.04967274,0.0031115476,-6.863171e-05
9157051840,9157047783,-0.049671564,0.0031119133,-6.863884e-05
9157059202,9157056856,-0.049667846,0.003111345,-6.8642425e-05
9157069884,9157067512,-0.0496655,0.0031122204,-6.864834e-05
9157080377,9157077782,-0.049664076,0.0031143748,-6.86585e-05
9157090929,9157087583,-0.049662694,0.0031147215,-6.866794e-05
9157100369,9157098016,-0.049661286,0.0031168438,-6.8681584e-05
9157109773,9157107415,-0.049660258,0.0031171646,-6.869336e-05
9157120259,9157117666,-0.049659036,0.0031174712,-6.8705165e-05
9157129784,9157127197,-0.049653392,0.0031178202,-6.871516e-05
9157140275,9157137675,-0.049652357,0.0031181425,-6.872574e-05
9157150817,9157148195,-0.04965342,0.0031176133,-6.873361e-05
9157161646,9157156891,-0.049656477,0.0031179544,-6.874075e-05
9157170057,9157167703,-0.049660835,0.0031187611,-6.875147e-05
9157180588,9157177983,-0.0496634,0.0031190405,-6.8761554e-05
9157190963,9157188395,-0.04966665,0.003119392,-6.87721e-05
9157200452,9157197869,-0.049666684,0.0031192629,-6.878067e-05
9157210557,9157207960,-0.049665626,0.003119579,-6.878877e-05
9157220982,9157218161,-0.04966663,0.003119063,-6.879498e-05
9157231606,9157228066,-0.04966746,0.003118524,-6.87993e-05
9157239964,9157237579,-0.049668204,0.0031179667,-6.880142e-05
9157250570,9157248212,-0.04966726,0.0031182487,-6.880417e-05
9157260997,9157258406,-0.049665876,0.0031185914,-6.880693e-05
9157270450,9157268090,-0.04966886,0.0031189246,-6.881088e-05
9157280894,9157278513,-0.049672645,0.0031196335,-6.881701e-05
9157290248,9157287284,-0.049673464,0.0031190913,-6.8820555e-05
9157301773,9157298319,-0.04967614,0.0031193912,-6.8826055e-05
9157310167,9157307814,-0.04967825,0.0031192445,-6.883028e-05
9157320751,9157318145,-0.049679063,0.0031188156,-6.883329e-05
9157331173,9157328591,-0.04968008,0.0031182794,-6.883489e-05
9157341344,9157337677,-0.04967747,0.003119058,-6.883767e-05
9157350074,9157347522,-0.049673777,0.0031202317,-6.88426e-05
9157360579,9157358217,-0.049670808,0.003121241,-6.884909e-05
9157370940,9157368186,-0.04966741,0.0031224766,-6.885737e-05
9157380421,9157377868,-0.049666896,0.0031224205,-6.886373e-05
9157390929,9157388339,-0.049667645,0.0031219213,-6.886916e-05
9157400403,9157397811,-0.049666468,0.0031222666,-6.887374e-05
9157411964,9157407203,-0.04966542,0.0031225784,-6.88784e-05
9157420376,9157417825,-0.049666446,0.0031219758,-6.888195e-05
9157430890,9157428286,-0.049665358,0.0031208305,-6.8881796e-05
9157441305,9157438508,-0.049666367,0.0031202915,-6.88806e-05
9157450763,9157448196,-0.04966958,0.0031206366,-6.888081e-05
9157460166,9157457809,-0.0496694,0.0031205118,-6.8880785e-05
9157470623,9157467832,-0.049666207,0.0031216019,-6.888264e-05
9157482241,9157478548,-0.049664818,0.0031219325,-6.8885274e-05
9157490602,9157488046,-0.049665857,0.0031213264,-6.888597e-05
9157501106,9157498716,-0.049666535,0.0031208897,-6.888534e-05
9157511502,9157508931,-0.04966735,0.0031203413,-6.8883746e-05
9157521198,9157518576,-0.049665045,0.00312026,-6.8882e-05
9157530916,9157528458,-0.049661923,0.0031197644,-6.887876e-05
9157541485,9157538434,-0.049660657,0.003120075,-6.887669e-05
9157551988,9157548798,-0.049661305,0.0031195104,-6.8873276e-05
9157560414,9157557859,-0.049662244,0.0031189723,-6.8869456e-05
9157571052,9157568462,-0.049664658,0.0031192405,-6.8866604e-05
9157581541,9157578724,-0.049667723,0.0031195816,-6.886544e-05
9157590938,9157587990,-0.04966875,0.0031190494,-6.886333e-05
9157600386,9157598032,-0.04966752,0.0031193516,-6.886214e-05
9157610912,9157608149,-0.049666457,0.003119667,-6.88617e-05
9157622406,9157618952,-0.0496653,0.0031200193,-6.8861955e-05
9157630833,9157628280,-0.049666103,0.0031194123,-6.8860594e-05
9157641400,9157638980,-0.049666785,0.0031189742,-6.885855e-05
9157651847,9157649241,-0.0496654,0.0031193153,-6.885745e-05
9157662349,9157657575,-0.049665038,0.0031192047,-6.8856294e-05
9157670756,9157668201,-0.04966607,0.0031186703,-6.8853675e-05
9157681349,9157678997,-0.04966322,0.0031182365,-6.8849775e-05
9157690747,9157687992,-0.049657185,0.0031167837,-6.8842885e-05
9157701231,9157698880,-0.049656827,0.0031158898,-6.883308e-05
9157710705,9157708152,-0.049657684,0.0031153527,-6.882463e-05
9157721119,9157718545,-0.049658448,0.003114867,-6.881496e-05
9157732757,9157728648,-0.049659476,0.003114347,-6.8805566e-05
9157741327,9157738940,-0.04966066,0.003113767,-6.8795176e-05
9157750690,9157748134,-0.04966153,0.0031133376,-6.878628e-05
9157761113,9157758536,-0.049660314,0.0031136482,-6.877824e-05
9157771583,9157769032,-0.04965876,0.0031139809,-6.87715e-05
9157781025,9157778439,-0.04965623,0.003114801,-6.876767e-05
9157791529,9157788768,-0.04965304,0.0031159061,-6.876652e-05
9157802023,9157798851,-0.049651884,0.0031162656,-6.876595e-05
9157810455,9157808096,-0.049652968,0.0031157404,-6.87647e-05
9157821050,9157818598,-0.04965366,0.0031153078,-6.876258e-05
9157831383,9157828577,-0.049654514,0.0031147657,-6.8759546e-05
9157841875,9157839323,-0.049657714,0.0031151182,-6.875711e-05
9157851264,9157848907,-0.04965953,0.0031150088,-6.8755166e-05
9157861792,9157859004,-0.04965832,0.0031153182,-6.875419e-05
9157872397,9157869434,-0.049659338,0.0031165616,-6.875719e-05
9157880773,9157878223,-0.049662415,0.0031169069,-6.87602e-05
9157891237,9157888854,-0.049664993,0.003117189,-6.876517e-05
9157901720,9157899104,-0.04966602,0.00311666,-6.876857e-05
9157912217,9157908145,-0.04966902,0.0031152396,-6.876784e-05
9157921620,9157919259,-0.04967005,0.0031147148,-6.876614e-05
9157930980,9157928420,-0.049670972,0.0031142454,-6.8763344e-05
9157941473,9157938666,-0.049671892,0.0031137771,-6.876015e-05
9157950954,9157948399,-0.049672928,0.0031132547,-6.875623e-05
9157961447,9157959062,-0.049673844,0.003112784,-6.875156e-05
9157971804,9157969045,-0.049672663,0.003113148,-6.8748086e-05
9157982350,9157978963,-0.04967149,0.0031135075,-6.874544e-05
9157991937,9157989505,-0.049672417,0.0031129753,-6.874164e-05
9158002123,9157999556,-0.049673174,0.00311249,-6.873801e-05
9158011720,9158009157,-0.04967416,0.003111986,-6.873411e-05
9158020960,9158018364,-0.049671926,0.003112776,-6.873192e-05
9158031440,9158029041,-0.049670894,0.003113097,-6.873056e-05
9158041841,9158039028,-0.04966972,0.0031134598,-6.873026e-05
9158053454,9158049190,-0.049668547,0.0031138214,-6.872999e-05
9158060831,9158058265,-0.04966969,0.0031132426,-6.872863e-05
9158071425,9158069014,-0.049670268,0.0031128696,-6.8726324e-05
9158082033,9158079469,-0.0496711,0.003112333,-6.872391e-05
9158091533,9158089182,-0.049668718,0.0031131357,-6.872272e-05
9158101984,9158099405,-0.049665295,0.003114241,-6.872373e-05
9158112453,9158109470,-0.04966373,0.003114573,-6.8725036e-05
9158122924,9158119574,-0.04966673,0.003114917,-6.872787e-05
9158131378,9158128811,-0.04967087,0.0031156458,-6.873252e-05
9158141931,9158139302,-0.04967169,0.00311522,-6.8735884e-05
9158152305,9158149726,-0.04967273,0.003114693,-6.873798e-05
9158163242,9158158830,-0.049673736,0.0031141767,-6.873885e-05
9158171418,9158169022,-0.049673468,0.003114068,-6.87393e-05
9158181879,9158179098,-0.04967409,0.0031150319,-6.87422e-05
9158193356,9158189704,-0.049677044,0.0031153723,-6.874621e-05
9158201815,9158199233,-0.049678158,0.0031147955,-6.874823e-05
9158211317,9158208716,-0.049677722,0.0031162093,-6.87532e-05
9158221702,9158218915,-0.049678616,0.0031173315,-6.8760484e-05
9158233174,9158229317,-0.04968156,0.0031176663,-6.876877e-05
9158241838,9158239222,-0.049682435,0.0031170736,-6.8774556e-05
9158252449,9158250057,-0.049683098,0.0031166244,-6.877923e-05
9158261786,9158259029,-0.04968409,0.0031160922,-6.87812e-05
9158271349,9158268764,-0.0496848,0.0031156128,-6.878229e-05
9158281879,9158279323,-0.049685705,0.0031151338,-6.878203e-05
9158292331,9158289545,-0.049684506,0.0031154952,-6.878265e-05
9158302805,9158299435,-0.0496809,0.003116718,-6.878607e-05
9158311229,9158308863,-0.049679305,0.003117047,-6.878938e-05
9158321678,9158319295,-0.04967801,0.003117311,-6.879347e-05
9158332277,9158329472,-0.049676623,0.0031176512,-6.879702e-05
9158341812,9158339229,-0.049675416,0.0031180095,-6.880086e-05
9158352289,9158349886,-0.049676348,0.0031175255,-6.880412e-05
9158362717,9158359930,-0.049679525,0.003117876,-6.880726e-05
9158373196,9158370036,-0.049682695,0.0031182256,-6.881175e-05
9158381617,9158379059,-0.049683694,0.0031176948,-6.881421e-05
9158392383,9158390008,-0.0496845,0.0031172694,-6.8815934e-05
9158402820,9158400041,-0.04968552,0.003116726,-6.88165e-05
9158414190,9158409908,-0.04968651,0.0031162007,-6.881535e-05
9158421577,9158419231,-0.049685214,0.0031165902,-6.8815556e-05
9158432104,9158429294,-0.049684215,0.00311683,-6.881575e-05
9158443610,9158440140,-0.049685013,0.0031162857,-6.8814596e-05
9158451964,9158449424,-0.049682688,0.003117078,-6.8815265e-05
9158462540,9158460132,-0.049679983,0.0031180691,-6.881815e-05
9158472976,9158470336,-0.049676552,0.0031193146,-6.882293e-05
9158483386,9158479699,-0.04967647,0.0031192258,-6.882684e-05
9158491971,9158489522,-0.04967748,0.003118695,-6.8829475e-05
9158502567,9158499895,-0.049678307,0.0031182582,-6.8831076e-05
9158512233,9158509376,-0.049677107,0.0031186137,-6.883298e-05
9158522073,9158519671,-0.049676016,0.0031189404,-6.883545e-05
9158532753,9158530316,-0.049676944,0.0031200948,-6.8841e-05
9158542277,9158539670,-0.049679972,0.0031204333,-6.884654e-05
9158553823,9158549740,-0.04968069,0.0031199337,-6.8850364e-05
9158562227,9158559864,-0.049681347,0.00311932,-6.885273e-05
9158572775,9158570177,-0.049682003,0.0031188834,-6.885358e-05
9158582178,9158579608,-0.049682777,0.0031183371,-6.885309e-05
9158592793,9158590436,-0.0496835,0.003117849,-6.885193e-05
9158602199,9158599844,-0.04968564,0.003118637,-6.885299e-05
9158612748,9158609918,-0.04968257,0.0031197467,-6.885526e-05
9158624175,9158620324,-0.04968336,0.0031209656,-6.886164e-05
9158632765,9158630415,-0.04968522,0.0031208063,-6.886713e-05
9158642242,9158639868,-0.04968587,0.0031203579,-6.887054e-05
9158652632,9158650063,-0.050041545,0.002708953,-6.887338e-05
9158663454,9158660760,-0.05054174,0.002941392,-6.887424e-05
9158672683,9158670274,-0.049674254,0.004385973,-9.5282616e-05
9158683079,9158680292,-0.049439214,0.0038737296,-0.00014412304
9158694557,9158690507,-0.05028762,0.0021217493,-0.0001491695
9158701989,9158699624,-0.050639044,0.002245721,-0.00010776878
9158712507,9158709693,-0.049527053,0.0037387114,-0.00011105361
9158723043,9158720233,-0.04944869,0.0027720353,-0.00014144837
9158733545,9158730008,-0.050416518,0.002363618,-0.00012036982
9158742921,9158740352,-0.049875986,0.0039369077,-8.753003e-05
9158753410,9158750596,-0.051062033,0.0026663356,-3.645774e-05
9158764218,9158760551,-0.049470212,0.0024338088,-2.1925622e-05
9158772628,9158770065,-0.047359373,0.003975844,-3.878322e-05
9158783151,9158780536,-0.051250182,0.0027046462,-3.5468056e-05
9158792533,9158789772,-0.051994853,0.002421904,-1.5415855e-05
9158804198,9158800119,-0.049520932,0.0038861607,3.1745254e-05
9158812577,9158810026,-0.049748678,0.0030672338,6.21843e-05
9158823065,9158820681,-0.04903729,0.002615573,6.217137e-05
9158833460,9158830891,-0.049899098,0.003524386,6.942418e-05
9158843759,9158841132,-0.04979044,0.0035190973,7.898046e-05
9158852406,9158850046,-0.04935358,0.002283176,5.584491e-05
9158862898,9158860120,-0.05115336,0.0032831044,6.988374e-05
9158874568,9158870482,-0.050377175,0.0037283585,0.00011082873
9158882950,9158880581,-0.05018824,0.0029814139,7.221546e-05
9158893391,9158890613,-0.04999163,0.003794038,5.4595403e-05
9158902785,9158900018,-0.04922465,0.0033180653,7.6649274e-05
9158913264,9158910887,-0.049899284,0.003250416,4.4699744e-05
9158922688,9158920305,-0.05067799,0.0025769973,5.8921825e-05
9158933148,9158930142,-0.050146896,0.002025437,7.3863994e-05
9158944610,9158940959,-0.049409732,0.0029449288,3.871565e-05
9158953008,9158950059,-0.050343785,0.00324981,3.4097528e-05
9158963496,9158960935,-0.051197402,0.0034192407,5.0291033e-05
9158973923,9158970942,-0.050353974,0.0031541376,5.9456415e-05
9158983363,9158980012,-0.049974483,0.0035163306,1.3240504e-05
9158992778,9158990227,-0.049303614,0.0037682496,-2.0230127e-05
9159003404,9159000589,-0.049072616,0.0032726934,1.6788574e-05
9159014997,9159010892,-0.04986357,0.003374252,2.569417e-05
9159022354,9159019775,-0.05043515,0.00334329,7.4063682e-06
9159032805,9159030227,-0.050452556,0.0028983816,2.2102304e-06
9159043269,9159040269,-0.050402697,0.0019366912,4.9557973e-05
9159053722,9159050542,-0.050681308,0.0015261477,0.00011220842
9159063116,9159060529,-0.04958047,0.0033567687,9.612539e-05
9159073623,9159070853,-0.04930941,0.0045661842,6.965545e-05
9159082986,9159080431,-0.049987506,0.0040320484,6.1048166e-05
9159092678,9159089895,-0.050216116,0.003987363,4.3045417e-05
9159103111,9159100520,-0.049706295,0.003244924,3.2275268e-05
9159113545,9159110741,-0.050175074,0.0029260141,1.9889745e-05
9159124979,9159120735,-0.050188567,0.003417757,9.914599e-06
9159133435,9159130870,-0.05017674,0.0028483435,2.9247833e-05
9159143996,9159140591,-0.050707776,0.0027341703,4.162766e-05
9159153285,9159150331,-0.04974549,0.0027235672,4.6255736e-05
9159163781,9159161226,-0.05080456,0.0029012049,6.0655628e-05
9159173366,9159170570,-0.04939615,0.0035208482,-1.34304355e-05
9159183775,9159181013,-0.049243156,0.0027184703,-4.1920186e-05
9159194327,9159190941,-0.051055048,0.0020888003,4.609028e-06
9159202753,9159199963,-0.04946256,0.0032840562,-2.119864e-05
9159213184,9159210594,-0.049995426,0.0037941278,-2.4405068e-05
9159223584,9159220803,-0.050891917,0.0039070016,-5.2010393e-05
9159234061,9159230211,-0.050528828,0.0030499976,-0.00010957646
9159243518,9159240744,-0.04974296,0.002261661,-0.00011274692
9159254029,9159251235,-0.049723968,0.0034817492,-0.00010273353
9159264334,9159260631,-0.050545763,0.0027085203,-7.526575e-05
9159273748,9159270951,-0.049795367,0.0031769327,-4.9107424e-05
9159283153,9159280565,-0.04998628,0.0043014116,-3.4836008e-05
9159293577,9159290791,-0.05127639,0.002767221,1.589593e-05
9159303017,9159300271,-0.050766274,0.0019657048,4.7957023e-05
9159313549,9159310949,-0.04874436,0.0032060735,1.8015802e-05
9159323939,9159321146,-0.049143776,0.0039463253,-4.8545648e-05
9159334419,9159331633,-0.05062917,0.003122607,-6.552377e-05
9159344080,9159341468,-0.05019616,0.003714848,-2.8192313e-05
9159353544,9159350936,-0.05010545,0.0034557155,-1.571448e-05
9159363948,9159360940,-0.05156436,0.002365328,-1.9912877e-06
9159374413,9159371046,-0.05178351,0.0027199727,4.4317458e-05
9159383786,9159381231,-0.048988674,0.0034104858,4.625654e-05
9159394323,9159390899,-0.049451564,0.003121553,2.3471735e-05
9159403640,9159400685,-0.05075077,0.0034783233,1.91221e-05
9159413189,9159410430,-0.050328825,0.0029692121,7.072551e-06
9159423701,9159421131,-0.050846644,0.002511948,2.764292e-05
9159434610,9159431633,-0.05010663,0.003568312,4.2128162e-05
9159444448,9159441832,-0.049588382,0.003899352,4.5737095e-05
9159454146,9159451525,-0.050201148,0.0034047489,8.646078e-05
9159463698,9159461132,-0.05016231,0.0024359457,8.375971e-05
9159474132,9159471137,-0.050453685,0.0026681928,8.3127314e-05
9159483860,9159481270,-0.05074846,0.0026157757,9.688942e-05
9159494269,9159491694,-0.049983498,0.0031753995,9.206237e-05
9159504701,9159501600,-0.049921792,0.0036003343,0.00015573972
9159515394,9159511858,-0.049159337,0.0034268207,0.00017057838
9159523961,9159521333,-0.04929901,0.0038277144,0.00012320667
9159534556,9159531972,-0.05127138,0.0025468515,0.00011067949
9159544111,9159541085,-0.051695753,0.0021306893,9.063711e-05
9159554632,9159551214,-0.050645296,0.0029764767,4.2472177e-05
9159564019,9159561448,-0.050644666,0.0028194503,3.634519e-05
9159574467,9159571681,-0.049665805,0.0032941452,5.7242858e-05
9159585949,9159581895,-0.048641708,0.003942041,3.1146425e-05
9159593398,9159590817,-0.05037208,0.0036741744,-2.90645e-05
9159603966,9159601137,-0.051113736,0.002973526,-7.827696e-05
9159614350,9159611559,-0.050967943,0.0023925586,-3.1939497e-05
9159624828,9159621475,-0.04991609,0.0038137694,-1.2766615e-05
9159634250,9159631685,-0.04980391,0.004661344,-3.621363e-05
9159645814,9159641237,-0.050757322,0.0021721544,-4.4543704e-06
9159655388,9159652169,-0.050246388,0.002265066,9.778671e-06
9159663790,9159661437,-0.049949955,0.0036979152,-8.276806e-06
9159674347,9159671924,-0.05021683,0.0029944547,-1.1897601e-05
9159684911,9159682074,-0.0502224,0.0031521048,-1.809976e-05
9159695319,9159691832,-0.05017973,0.0032108135,-2.553311e-05
9159703665,9159701318,-0.05025232,0.00305406,-2.8471492e-05
9159714133,9159711584,-0.05019796,0.0031939538,-3.463668e-05
9159724640,9159722036,-0.05023124,0.0030988874,-3.7903035e-05
9159734045,9159731493,-0.050211802,0.003153458,-4.1632462e-05
9159744630,9159742251,-0.05021672,0.0031318138,-4.494332e-05
9159755001,9159752240,-0.050215755,0.0031327931,-4.76599e-05
9159765611,9159762223,-0.050207447,0.003140426,-5.025237e-05
9159774009,9159771455,-0.050207235,0.0031325165,-5.2220956e-05
9159784512,9159782114,-0.050204426,0.0031385168,-5.4379096e-05
9159794869,9159792311,-0.050207336,0.0031332844,-5.6117737e-05
9159804832,9159801170,-0.050207697,0.003134267,-5.75086e-05
9159814285,9159811908,-0.05020974,0.00313405,-5.8987087e-05
9159824749,9159821929,-0.05021159,0.0031340865,-6.0207436e-05
9159836179,9159832331,-0.0502089,0.0031348083,-6.1338455e-05
9159843586,9159841032,-0.050206333,0.0031337133,-6.218115e-05
9159854196,9159851598,-0.050204605,0.0031329836,-6.308799e-05
9159864543,9159861968,-0.050204556,0.0031322744,-6.3871244e-05
9159875030,9159871871,-0.050204437,0.0031317836,-6.453545e-05
9159884508,9159882151,-0.05020434,0.0031312206,-6.5145294e-05
9159895994,9159892139,-0.05020228,0.0031314946,-6.567121e-05
9159905568,9159902587,-0.05020215,0.0031328432,-6.616111e-05
9159913921,9159911370,-0.050201956,0.0031331046,-6.6532004e-05
9159924402,9159922023,-0.05020014,0.003133371,-6.693077e-05
9159934968,9159932165,-0.05020004,0.0031345682,-6.726949e-05
9159945798,9159942277,-0.050199937,0.0031357855,-6.757209e-05
9159955088,9159952722,-0.050199628,0.003135189,-6.784755e-05
9159964549,9159961982,-0.05019956,0.0031346842,-6.806433e-05
9159974999,9159972409,-0.050199293,0.0031341654,-6.827888e-05
9159984481,9159981925,-0.05020129,0.0031327135,-6.845018e-05
9159994938,9159992358,-0.050201025,0.0031321973,-6.8615365e-05
9160005302,9160002541,-0.05019833,0.0031324925,-6.8758716e-05
9160015851,9160012377,-0.050195884,0.0031327987,-6.8882364e-05
9160024512,9160021946,-0.05019359,0.0031331244,-6.899014e-05
9160034275,9160031705,-0.050193526,0.0031326604,-6.908683e-05
9160044827,9160042027,-0.05019141,0.003132962,-6.917822e-05
9160055285,9160052699,-0.05018692,0.0031341712,-6.926417e-05
9160064779,9160062410,-0.050185554,0.0031339903,-6.933266e-05
9160075409,9160072638,-0.050183155,0.0031342555,-6.939827e-05
9160086003,9160082600,-0.050182864,0.0031336688,-6.945176e-05
9160094379,9160092017,-0.05018503,0.003133136,-6.949657e-05
9160105024,9160102636,-0.050188463,0.0031340953,-6.9543785e-05
9160115397,9160112831,-0.05019062,0.0031344176,-6.958608e-05
9160124851,9160121400,-0.05018947,0.0031343,-6.961782e-05
9160135371,9160132964,-0.050185435,0.0031337908,-6.965332e-05
9160145856,9160142156,-0.050180975,0.0031332271,-6.9675916e-05
9160156395,9160152938,-0.050176516,0.0031344334,-6.970193e-05
9160164803,9160162248,-0.050175272,0.0031360185,-6.9724374e-05
9160175308,9160172714,-0.050175074,0.003135553,-6.9746246e-05
9160184759,9160182119,-0.050174844,0.0031349738,-6.976264e-05
9160196328,9160192273,-0.050174814,0.003134462,-6.977707e-05
9160204753,9160202193,-0.050174538,0.003133825,-6.978795e-05
9160215239,9160212857,-0.05017436,0.0031333638,-6.979695e-05
9160225637,9160223041,-0.050174113,0.003132789,-6.980415e-05
9160235162,9160232602,-0.05017388,0.0031322201,-6.980778e-05
9160244644,9160242063,-0.050174724,0.0031320944,-6.981178e-05
9160255052,9160252272,-0.05017667,0.0031323854,-6.981604e-05
9160266561,9160262684,-0.050176445,0.0031318183,-6.981772e-05
9160274965,9160272585,-0.050176065,0.003131185,-6.98179e-05
9160284964,9160282551,-0.05017427,0.0031314474,-6.981765e-05
9160295390,9160292782,-0.050170045,0.0031325973,-6.981997e-05
9160304993,9160302433,-0.050165452,0.0031337787,-6.9825146e-05
9160315489,9160313103,-0.050163336,0.0031340665,-6.983019e-05
9160325919,9160323333,-0.050160915,0.003134372,-6.9834896e-05
9160336417,9160333022,-0.050158527,0.0031346763,-6.9838876e-05
9160345739,9160343134,-0.05015718,0.0031345084,-6.98413e-05
9160355198,9160352794,-0.050156813,0.0031339836,-6.984296e-05
9160365582,9160363021,-0.050156634,0.003133464,-6.984197e-05
9160376102,9160372216,-0.050156645,0.003132907,-6.9841175e-05
9160385555,9160382971,-0.05015193,0.0031314578,-6.983459e-05
9160396104,9160392400,-0.050147995,0.0031309556,-6.9828246e-05
9160406743,9160403382,-0.050148014,0.003130394,-6.9820395e-05
9160415149,9160412599,-0.05014659,0.0031303146,-6.9813716e-05
9160425588,9160423212,-0.050144855,0.0031305773,-6.980781e-05
9160436083,9160433057,-0.050142698,0.003130903,-6.980334e-05
9160446696,9160442843,-0.050140496,0.0031321144,-6.9801834e-05
9160455146,9160452537,-0.050144937,0.0031333317,-6.980415e-05
9160465590,9160463201,-0.05014672,0.0031335887,-6.980727e-05
9160476177,9160473518,-0.050146762,0.0031330285,-6.980909e-05
9160485559,9160483210,-0.050146583,0.0031324483,-6.9808586e-05
9160495079,9160492683,-0.05014641,0.0031319363,-6.980656e-05
9160505724,9160502908,-0.050146073,0.0031314031,-6.9803784e-05
9160516368,9160512978,-0.05014589,0.0031308262,-6.979968e-05
9160526108,9160523681,-0.05014471,0.003129775,-6.979274e-05
9160535578,9160533012,-0.05014271,0.003128445,-6.978498e-05
9160546378,9160543673,-0.050142743,0.003127949,-6.977453e-05
9160555782,9160553219,-0.050140396,0.0031282846,-6.976657e-05
9160565200,9160562844,-0.05013611,0.003127767,-6.97582e-05
9160575649,9160572873,-0.050130077,0.0031280532,-6.974962e-05
9160586547,9160582664,-0.05012795,0.0031283842,-6.974298e-05
9160594885,9160592528,-0.050127905,0.0031278026,-6.973538e-05
9160605365,9160602986,-0.05012953,0.003128054,-6.973e-05
9160616055,9160613460,-0.05013178,0.003128385,-6.972566e-05
9160625773,9160623207,-0.050131824,0.0031278224,-6.972085e-05
9160635243,9160632866,-0.050135937,0.0031281293,-6.971821e-05
9160647139,9160643230,-0.05013976,0.0031276196,-6.971441e-05
9160654994,9160652439,-0.050139345,0.003126968,-6.971023e-05
9160665851,9160663259,-0.05014078,0.0031258778,-6.9703674e-05
9160675322,9160672716,-0.050140817,0.0031253123,-6.969697e-05
9160685730,9160682939,-0.050138865,0.003125618,-6.969098e-05
9160696348,9160693176,-0.05013671,0.0031277023,-6.96899e-05
9160705765,9160703171,-0.050135504,0.003130234,-6.969645e-05
9160716144,9160713741,-0.050131418,0.0031313088,-6.970388e-05
9160725544,9160722755,-0.050129082,0.0031333591,-6.9714115e-05
9160735032,9160732672,-0.05012913,0.0031336064,-6.972413e-05
9160745862,9160743473,-0.050129194,0.0031330958,-6.973239e-05
9160755550,9160752996,-0.0501315,0.0031334243,-6.97405e-05
9160767077,9160763381,-0.050133366,0.0031337063,-6.974874e-05
9160775513,9160773149,-0.05013941,0.0031325764,-6.975402e-05
9160785974,9160783584,-0.050142944,0.0031321247,-6.975901e-05
9160796478,9160793654,-0.05014516,0.003132445,-6.976495e-05
9160805946,9160803378,-0.050145186,0.0031318804,-6.976764e-05
9160815371,9160813017,-0.050143246,0.0031321724,-6.977122e-05
9160825834,9160823048,-0.050139133,0.0031332427,-6.977578e-05
9160837331,9160833662,-0.050134595,0.0031344306,-6.9782225e-05
9160845789,9160843397,-0.05012981,0.0031357508,-6.979034e-05
9160856179,9160853796,-0.050128084,0.003136006,-6.9798865e-05
9160866793,9160863958,-0.05012816,0.0031354432,-6.980414e-05
9160876238,9160873651,-0.05012801,0.0031348553,-6.9807415e-05
9160885747,9160883162,-0.05012779,0.00313433,-6.9808695e-05
9160897346,9160893688,-0.050127856,0.0031338178,-6.980864e-05
9160907915,9160903820,-0.050127923,0.0031331922,-6.9806905e-05
9160915242,9160912894,-0.05012896,0.003133086,-6.9805894e-05
9160925789,9160923400,-0.050132047,0.003133924,-6.9807036e-05
9160936217,9160933609,-0.05013409,0.0031342302,-6.9809714e-05
9160946981,9160943278,-0.050131746,0.0031345335,-6.981238e-05
9160956452,9160954071,-0.05013037,0.0031353117,-6.981633e-05
9160965911,9160963145,-0.050128236,0.0031371687,-6.98235e-05
9160977479,9160974023,-0.050126143,0.0031374393,-6.983152e-05
9160985909,9160983345,-0.050121974,0.0031382984,-6.983923e-05
9160996421,9160993822,-0.05012012,0.0031385368,-6.984646e-05
9161006812,9161004018,-0.0501202,0.003137963,-6.985142e-05
9161017281,9161013603,-0.050120298,0.0031373957,-6.985398e-05
9161026183,9161023825,-0.05011915,0.0031372632,-6.9856826e-05
9161036329,9161033748,-0.050117172,0.003137519,-6.9859285e-05
9161046734,9161043963,-0.050117068,0.0031369536,-6.986025e-05
9161056167,9161053612,-0.050116736,0.0031363666,-6.985906e-05
9161066707,9161064087,-0.050116446,0.0031358323,-6.9856615e-05
9161076353,9161073574,-0.050116334,0.00313525,-6.985344e-05
9161087838,9161083779,-0.05011519,0.0031351347,-6.984957e-05
9161096253,9161093667,-0.050112877,0.003135483,-6.984665e-05
9161106703,9161104122,-0.050111186,0.0031357366,-6.984478e-05
9161117285,9161114631,-0.0501069,0.0031369322,-6.984573e-05
9161126675,9161124120,-0.050104465,0.00313901,-6.985086e-05
9161136127,9161133533,-0.050102416,0.0031392747,-6.985659e-05
9161148103,9161144412,-0.05010252,0.0031387566,-6.9859736e-05
9161157736,9161154539,-0.050102666,0.003138101,-6.9860645e-05
9161166103,9161163736,-0.050102778,0.0031375745,-6.9861e-05
9161176604,9161174020,-0.05010287,0.003137118,-6.985965e-05
9161187043,9161184437,-0.050103005,0.0031365457,-6.985672e-05
9161196507,9161194123,-0.05010632,0.0031372756,-6.985711e-05
9161206066,9161203690,-0.0501084,0.0031375561,-6.985746e-05
9161216494,9161213720,-0.050108295,0.0031386297,-6.9860704e-05
9161227954,9161224500,-0.050110333,0.0031406751,-6.987044e-05
9161236444,9161234076,-0.050110802,0.0031410083,-6.987936e-05
9161246170,9161243593,-0.050107315,0.0031419683,-6.988887e-05
9161256766,9161253890,-0.050103314,0.0031430752,-6.989926e-05
9161266165,9161263402,-0.05010123,0.003143378,-6.990863e-05
9161276667,9161274066,-0.050099436,0.0031436535,-6.991834e-05
9161287169,9161284758,-0.050099544,0.003143068,-6.9926034e-05
9161296538,9161293765,-0.050097268,0.0031433553,-6.993148e-05
9161306012,9161303654,-0.050091382,0.0031436183,-6.9936796e-05
9161316518,9161313950,-0.05008736,0.0031446724,-6.994255e-05
9161326966,9161324180,-0.050083086,0.003145859,-6.995059e-05
9161337475,9161334292,-0.05008104,0.0031461522,-6.995848e-05
9161347051,9161344675,-0.050081007,0.0031455504,-6.996392e-05
9161356537,9161353966,-0.050079133,0.0031458207,-6.9969064e-05
9161367008,9161364208,-0.050079267,0.0031468824,-6.997664e-05
9161376491,9161373933,-0.050080467,0.0031467408,-6.9982234e-05
9161386976,9161384597,-0.05008043,0.0031461988,-6.998676e-05
9161398353,9161394704,-0.050080616,0.0031456088,-6.998889e-05
9161407960,9161404466,-0.05007819,0.003145913,-6.999154e-05
9161416328,9161413966,-0.05007518,0.0031465138,-6.999463e-05
9161426915,9161424329,-0.050075334,0.0031460437,-6.9996764e-05
9161437275,9161434516,-0.050075512,0.0031454496,-6.999608e-05
9161446792,9161444216,-0.050075497,0.0031448584,-6.999469e-05
9161457351,9161454985,-0.050075065,0.00314429,-6.999244e-05
9161466743,9161463773,-0.050077226,0.0031445746,-6.999079e-05
9161478239,9161474780,-0.050079152,0.003144827,-6.999078e-05
9161486769,9161484410,-0.05007923,0.0031441771,-6.998917e-05
9161496739,9161494149,-0.050080966,0.0031444062,-6.998934e-05
9161507207,9161504610,-0.050082818,0.0031446633,-6.9988644e-05
9161517782,9161513944,-0.050082754,0.0031440677,-6.998886e-05
9161527228,9161524840,-0.05008069,0.00314437,-6.998819e-05
9161537093,9161534485,-0.050078865,0.003143049,-6.9985246e-05
9161548767,9161545026,-0.05007487,0.0031408367,-6.997543e-05
9161557163,9161554586,-0.050070953,0.003138658,-6.996109e-05
9161566633,9161564021,-0.05007077,0.0031381785,-6.994686e-05
9161576988,9161574435,-0.05006876,0.0031384474,-6.993297e-05
9161588515,9161584625,-0.050064623,0.003139624,-6.992346e-05
9161596929,9161594543,-0.050063435,0.003142398,-6.9921836e-05
9161607464,9161605075,-0.050063398,0.0031433345,-6.992293e-05
9161617930,9161615320,-0.050065596,0.0031436207,-6.992556e-05
9161627368,9161624809,-0.05006914,0.003144389,-6.992933e-05
9161637279,9161634889,-0.050067138,0.003144645,-6.9933725e-05
9161648332,9161644667,-0.050064847,0.0031449015,-6.993752e-05
9161656957,9161653774,-0.050062306,0.0031451846,-6.994146e-05
9161666623,9161664219,-0.050061535,0.003145044,-6.994545e-05
9161677078,9161674692,-0.05005765,0.0031445022,-6.9946385e-05
9161687528,9161684948,-0.050053492,0.0031439215,-6.994465e-05
9161696971,9161694419,-0.050053604,0.003143333,-6.994163e-05
9161707560,9161705184,-0.05005165,0.0031435916,-6.99386e-05
9161718210,9161715238,-0.050047223,0.0031447716,-6.993944e-05
9161728785,9161725132,-0.05004481,0.0031450472,-6.9940994e-05
9161737187,9161734641,-0.050048333,0.0031458172,-6.994392e-05
9161747674,9161745320,-0.050052013,0.0031467534,-6.994946e-05
9161758125,9161755345,-0.050054386,0.003148809,-6.995908e-05
9161768045,9161764615,-0.050054397,0.0031491185,-6.9968606e-05
9161777467,9161774899,-0.0500546,0.003148552,-6.997796e-05
9161788173,9161785350,-0.05005461,0.0031480077,-6.998377e-05
9161798684,9161795310,-0.050056845,0.0031482878,-6.998952e-05
9161807089,9161804520,-0.050055884,0.003149923,-6.999815e-05
9161817640,9161815268,-0.050056018,0.0031522817,-7.001322e-05
9161828120,9161825283,-0.050056227,0.0031534487,-7.002737e-05
9161838605,9161835129,-0.050056443,0.0031528443,-7.003974e-05
9161847965,9161845413,-0.050050955,0.0031526722,-7.005034e-05
9161857348,9161854993,-0.050049,0.0031529118,-7.005915e-05
9161867854,9161865246,-0.050049033,0.0031523618,-7.00658e-05
9161877730,9161875146,-0.050052382,0.0031530901,-7.0073154e-05
9161887227,9161884837,-0.050056692,0.0031541816,-7.0082e-05
9161898363,9161894906,-0.050058864,0.0031544303,-7.0092676e-05
9161909044,9161905196,-0.05005888,0.0031537747,-7.010148e-05
9161917522,9161914929,-0.05005866,0.003153133,-7.0106464e-05
9161927976,9161925594,-0.05005851,0.003152626,-7.01104e-05
9161937377,9161934612,-0.050058506,0.0031520107,-7.011111e-05
9161947926,9161945514,-0.050058704,0.003151471,-7.0110975e-05
9161957369,9161954994,-0.050058924,0.0031508666,-7.010928e-05
9161968061,9161965250,-0.050057113,0.003151123,-7.010766e-05
9161979420,9161975335,-0.050057318,0.0031523104,-7.010959e-05
9161987810,9161985255,-0.050057113,0.003154497,-7.011541e-05
9161997280,9161994926,-0.0500536,0.0031554133,-7.012289e-05
9162008097,9162005307,-0.05005182,0.0031556606,-7.013e-05
