timestamp,roll,pitch,yaw,thrust_body[0],thrust_body[1],thrust_body[2],reset_integral
9100592787,-0.12586637,0.10272731,1.1694003,0.0,0.0,-0.0,0
9100602627,-0.12587322,0.10273008,1.1691958,0.0,0.0,-0.0,0
9100612361,-0.12587997,0.1027328,1.1689938,0.0,0.0,-0.0,0
9100623834,-0.12588091,0.10273141,1.1687559,0.0,0.0,-0.0,0
9100632330,-0.12587844,0.10272842,1.16858,0.0,0.0,-0.0,0
9100642029,-0.12588704,0.10273129,1.1683538,0.0,0.0,-0.0,0
9100652367,-0.12592733,0.102726854,1.1678448,0.0,0.0,-0.0,0
9100662907,-0.12596643,0.10271383,1.1673262,0.0,0.0,-0.0,0
9100672279,-0.12600386,0.102710634,1.1668658,0.0,0.0,-0.0,0
9100683683,-0.12604934,0.1027067,1.1663057,0.0,0.0,-0.0,0
9100693429,-0.12607133,0.102707185,1.1658282,0.0,0.0,-0.0,0
9100701840,-0.12610397,0.10270358,1.1654156,0.0,0.0,-0.0,0
9100712281,-0.12614436,0.10269914,1.1649046,0.0,0.0,-0.0,0
9100722762,-0.1261671,0.102698945,1.164392,0.0,0.0,-0.0,0
9100733281,-0.12619077,0.10269944,1.1638772,0.0,0.0,-0.0,0
9100742583,-0.1262114,0.10269967,1.1634233,0.0,0.0,-0.0,0
9100752137,-0.12623209,0.10269949,1.1629575,0.0,0.0,-0.0,0
9100762754,-0.18254426,0.088125594,-0.0008048117,0.0,0.0,-0.0,0
9100772530,-0.18256456,0.088123105,-0.0008046627,0.0,0.0,-0.0,0
9100781934,-0.18257745,0.08812303,-0.0008046627,0.0,0.0,-0.0,0
9100792485,-0.1825622,0.08812293,-0.0008048117,0.0,0.0,-0.0,0
9100804034,-0.18253893,0.08812022,-0.0008045137,0.0,0.0,-0.0,0
9100812524,-0.18253921,0.0881252,-0.0008048117,0.0,0.0,-0.0,0
9100822872,-0.18253803,0.08813048,-0.0008045137,0.0,0.0,-0.0,0
9100832392,-0.18255042,0.08813007,-0.0008048117,0.0,0.0,-0.0,0
9100842968,-0.18255554,0.08813293,-0.0008049607,0.0,0.0,-0.0,0
9100852448,-0.18256846,0.08813282,-0.0008049607,0.0,0.0,-0.0,0
9100862816,-0.18258266,0.08813269,-0.0008049607,0.0,0.0,-0.0,0
9100874452,-0.18258208,0.088139035,-0.00080510974,0.0,0.0,-0.0,0
9100881806,-0.18259212,0.08813895,-0.00080510974,0.0,0.0,-0.0,0
9100892397,-0.18260646,0.088138804,-0.0008049607,0.0,0.0,-0.0,0
9100902773,-0.18261978,0.088138305,-0.00080510974,0.0,0.0,-0.0,0
9100913259,-0.18264797,0.08813196,-0.00080510974,0.0,0.0,-0.0,0
9100922675,-0.18266067,0.088131845,-0.0008055568,0.0,0.0,-0.0,0
9100934280,-0.18265991,0.08813817,-0.00080525875,0.0,0.0,-0.0,0
9100943839,-0.18265934,0.08814338,-0.0008055568,0.0,0.0,-0.0,0
9100952267,-0.18265876,0.08814795,-0.00080540776,0.0,0.0,-0.0,0
9100962740,-0.18265885,0.088154,-0.0008055568,0.0,0.0,-0.0,0
9100973152,-0.18267289,0.08815382,-0.0008057058,0.0,0.0,-0.0,0
9100982703,-0.18267816,0.08815637,-0.0008055568,0.0,0.0,-0.0,0
9100993144,-0.18267739,0.088162005,-0.00080540776,0.0,0.0,-0.0,0
9101002814,-0.18267605,0.08816688,-0.0008055568,0.0,0.0,-0.0,0
9101013247,-0.18268931,0.08816631,-0.0008057058,0.0,0.0,-0.0,0
9101022931,-0.18269578,0.08816903,-0.0008060038,0.0,0.0,-0.0,0
9101032459,-0.18269575,0.088174485,-0.0008061528,0.0,0.0,-0.0,0
9101043062,-0.18269502,0.08816832,-0.0008058548,0.0,0.0,-0.0,0
9101053638,-0.18269393,0.0881681,-0.0008057058,0.0,0.0,-0.0,0
9101063216,-0.18270674,0.08816792,-0.0008058548,0.0,0.0,-0.0,0
9101072761,-0.1827322,0.08816207,-0.0008057058,0.0,0.0,-0.0,0
9101083126,-0.182746,0.08816187,-0.0008060038,0.0,0.0,-0.0,0
9101092569,-0.18274486,0.08816678,-0.0008061528,0.0,0.0,-0.0,0
9101103159,-0.18274328,0.08817212,-0.0008061528,0.0,0.0,-0.0,0
9101113637,-0.18275641,0.08817155,-0.0008058548,0.0,0.0,-0.0,0
9101124149,-0.18275532,0.088159576,-0.0008060038,0.0,0.0,-0.0,0
9101133105,-0.18274087,0.08815882,-0.0008055568,0.0,0.0,-0.0,0
9101142716,-0.18273953,0.0881637,-0.0008060038,0.0,0.0,-0.0,0
9101153020,-0.18275169,0.08817444,-0.0008060038,0.0,0.0,-0.0,0
9101163674,-0.18275622,0.08818225,-0.00080645084,0.0,0.0,-0.0,0
9101172915,-0.18275544,0.088187195,-0.00080630183,0.0,0.0,-0.0,0
9101184546,-0.18275443,0.0881934,-0.0008061528,0.0,0.0,-0.0,0
9101195039,-0.1827603,0.088183954,-0.00080630183,0.0,0.0,-0.0,0
9101202441,-0.18278006,0.08817942,-0.00080630183,0.0,0.0,-0.0,0
9101212882,-0.18279386,0.08817919,-0.00080630183,0.0,0.0,-0.0,0
9101223286,-0.18279365,0.08818513,-0.00080645084,0.0,0.0,-0.0,0
9101233782,-0.18280748,0.08818488,-0.00080659986,0.0,0.0,-0.0,0
9101243192,-0.18280661,0.08818991,-0.00080659986,0.0,0.0,-0.0,0
9101253661,-0.1828049,0.08819514,-0.00080659986,0.0,0.0,-0.0,0
9101262923,-0.18281639,0.08819458,-0.00080659986,0.0,0.0,-0.0,0
9101272630,-0.18283488,0.088191405,-0.00080674887,0.0,0.0,-0.0,0
9101283132,-0.1828331,0.08819666,-0.00080659986,0.0,0.0,-0.0,0
9101293472,-0.18283132,0.0882018,-0.00080674887,0.0,0.0,-0.0,0
9101303989,-0.18282956,0.08820701,-0.00080674887,0.0,0.0,-0.0,0
9101313368,-0.18282793,0.08821163,-0.00080674887,0.0,0.0,-0.0,0
9101322803,-0.18283962,0.08821104,-0.0008068979,0.0,0.0,-0.0,0
9101333155,-0.1828532,0.08821078,-0.0008068979,0.0,0.0,-0.0,0
9101343028,-0.18285216,0.088215984,-0.0008068979,0.0,0.0,-0.0,0
9101353710,-0.18285184,0.088222004,-0.0008071959,0.0,0.0,-0.0,0
9101364126,-0.18285075,0.0882275,-0.0008070469,0.0,0.0,-0.0,0
9101374738,-0.18287203,0.08822393,-0.0008068979,0.0,0.0,-0.0,0
9101383243,-0.18288313,0.088223666,-0.0008071959,0.0,0.0,-0.0,0
9101393673,-0.18288124,0.08822879,-0.0008073449,0.0,0.0,-0.0,0
9101404169,-0.1828801,0.08823432,-0.0008073449,0.0,0.0,-0.0,0
9101413612,-0.18290012,0.08823123,-0.0008073449,0.0,0.0,-0.0,0
9101422966,-0.1829247,0.088225394,-0.0008071959,0.0,0.0,-0.0,0
9101434528,-0.18295506,0.08821821,-0.0008073449,0.0,0.0,-0.0,0
9101445318,-0.18296057,0.08821451,-0.0008073449,0.0,0.0,-0.0,0
9101452746,-0.18296018,0.0882104,-0.0008071959,0.0,0.0,-0.0,0
9101463205,-0.18294431,0.0882101,-0.0008071959,0.0,0.0,-0.0,0
9101473653,-0.18292782,0.08819778,-0.0008068979,0.0,0.0,-0.0,0
9101484162,-0.18294065,0.08819155,-0.0008070469,0.0,0.0,-0.0,0
9101493594,-0.18293953,0.088196576,-0.0008070469,0.0,0.0,-0.0,0
9101504144,-0.18293822,0.08820217,-0.0008073449,0.0,0.0,-0.0,0
9101515494,-0.18293604,0.0882078,-0.0008071959,0.0,0.0,-0.0,0
9101523174,-0.18293455,0.08821157,-0.0008073449,0.0,0.0,-0.0,0
9101533773,-0.1829325,0.088216804,-0.0008071959,0.0,0.0,-0.0,0
9101544398,-0.18293126,0.08822242,-0.0008074939,0.0,0.0,-0.0,0
9101554911,-0.18295231,0.08821877,-0.00080764294,0.0,0.0,-0.0,0
9101563318,-0.18297437,0.088213556,-0.00080794096,0.0,0.0,-0.0,0
9101574048,-0.1829873,0.08821288,-0.0008073449,0.0,0.0,-0.0,0
9101583464,-0.18299937,0.08821261,-0.00080779195,0.0,0.0,-0.0,0
9101593927,-0.18300429,0.088215694,-0.0008073449,0.0,0.0,-0.0,0
9101603371,-0.18300371,0.088221006,-0.00080779195,0.0,0.0,-0.0,0
9101614144,-0.18300228,0.08822669,-0.0008074939,0.0,0.0,-0.0,0
9101624738,-0.1830154,0.08822617,-0.00080809,0.0,0.0,-0.0,0
9101633104,-0.18301429,0.088230595,-0.00080794096,0.0,0.0,-0.0,0
9101643600,-0.18301287,0.088236116,-0.00080779195,0.0,0.0,-0.0,0
9101654246,-0.18302718,0.08823612,-0.00080794096,0.0,0.0,-0.0,0
9101663631,-0.1830454,0.088233404,-0.00080809,0.0,0.0,-0.0,0
9101674146,-0.18305868,0.08823308,-0.0008074939,0.0,0.0,-0.0,0
9101685588,-0.18307231,0.08823229,-0.00080794096,0.0,0.0,-0.0,0
9101695053,-0.18308386,0.088231795,-0.000808388,0.0,0.0,-0.0,0
9101703493,-0.18309513,0.088231824,-0.00080794096,0.0,0.0,-0.0,0
9101713937,-0.18310833,0.0882315,-0.000808537,0.0,0.0,-0.0,0
9101724360,-0.18310668,0.08823698,-0.00080809,0.0,0.0,-0.0,0
9101734969,-0.18311955,0.0882364,-0.000808537,0.0,0.0,-0.0,0
9101743416,-0.18310645,0.088236146,-0.00080779195,0.0,0.0,-0.0,0
9101753910,-0.18310504,0.08822997,-0.00080794096,0.0,0.0,-0.0,0
9101765273,-0.18311036,0.08823359,-0.000808239,0.0,0.0,-0.0,0
9101773747,-0.18312104,0.08823333,-0.000808388,0.0,0.0,-0.0,0
9101784234,-0.18313336,0.088232614,-0.000808239,0.0,0.0,-0.0,0
9101794587,-0.18313096,0.08823769,-0.00080809,0.0,0.0,-0.0,0
9101805116,-0.1831376,0.088228144,-0.000808537,0.0,0.0,-0.0,0
9101813605,-0.18315955,0.088222854,-0.000808686,0.0,0.0,-0.0,0
9101824153,-0.1831867,0.08821628,-0.000808537,0.0,0.0,-0.0,0
9101834502,-0.18321334,0.08820985,-0.00080883503,0.0,0.0,-0.0,0
9101843975,-0.18323061,0.08820715,-0.000808537,0.0,0.0,-0.0,0
9101854474,-0.1832287,0.08821272,-0.000808388,0.0,0.0,-0.0,0
9101864875,-0.1832261,0.08821785,-0.000808388,0.0,0.0,-0.0,0
9101875359,-0.18323822,0.08821716,-0.00080883503,0.0,0.0,-0.0,0
9101883780,-0.18323669,0.08822162,-0.000808686,0.0,0.0,-0.0,0
9101894233,-0.18323483,0.08822712,-0.00080883503,0.0,0.0,-0.0,0
9101904850,-0.1832329,0.08823271,-0.000808537,0.0,0.0,-0.0,0
9101914208,-0.1832448,0.08823256,-0.00080913305,0.0,0.0,-0.0,0
9101923639,-0.18325639,0.08823227,-0.00080898404,0.0,0.0,-0.0,0
9101935221,-0.18328694,0.08822545,-0.00080883503,0.0,0.0,-0.0,0
9101945758,-0.18329215,0.08822815,-0.00080913305,0.0,0.0,-0.0,0
9101954165,-0.18328993,0.08823229,-0.00080898404,0.0,0.0,-0.0,0
9101964656,-0.18328714,0.088237405,-0.00080913305,0.0,0.0,-0.0,0
9101974062,-0.18328466,0.088242,-0.00080883503,0.0,0.0,-0.0,0
9101984539,-0.18329673,0.08824129,-0.0008094311,0.0,0.0,-0.0,0
9101994293,-0.18329415,0.08824604,-0.0008094311,0.0,0.0,-0.0,0
9102004782,-0.1833061,0.08824529,-0.00080928206,0.0,0.0,-0.0,0
9102016201,-0.18332759,0.08824191,-0.00080898404,0.0,0.0,-0.0,0
9102023549,-0.18332563,0.08824549,-0.0008094311,0.0,0.0,-0.0,0
9102034046,-0.1833368,0.08825627,-0.00080928206,0.0,0.0,-0.0,0
9102044518,-0.18334867,0.08826739,-0.0008095801,0.0,0.0,-0.0,0
9102054962,-0.1833469,0.08827296,-0.0008100271,0.0,0.0,-0.0,0
9102064322,-0.18334433,0.08827747,-0.0008094311,0.0,0.0,-0.0,0
9102074924,-0.18335634,0.08827665,-0.0008098781,0.0,0.0,-0.0,0
9102084339,-0.183367,0.08827594,-0.0008098781,0.0,0.0,-0.0,0
9102093726,-0.1833776,0.08827524,-0.0008094311,0.0,0.0,-0.0,0
9102104266,-0.18340357,0.088280104,-0.0008100271,0.0,0.0,-0.0,0
9102114663,-0.18344375,0.088279106,-0.0008100271,0.0,0.0,-0.0,0
9102126107,-0.18346396,0.08827529,-0.0008100271,0.0,0.0,-0.0,0
9102134734,-0.1834614,0.08827943,-0.00081047416,0.0,0.0,-0.0,0
9102144133,-0.1834586,0.08828395,-0.0008100271,0.0,0.0,-0.0,0
9102154666,-0.18345624,0.08828937,-0.00081032515,0.0,0.0,-0.0,0
9102165168,-0.18345389,0.08829476,-0.00081047416,0.0,0.0,-0.0,0
9102174564,-0.18343937,0.088294685,-0.00081047416,0.0,0.0,-0.0,0
9102186181,-0.18343778,0.08828807,-0.00081017613,0.0,0.0,-0.0,0
9102196811,-0.1834425,0.08829045,-0.00081017613,0.0,0.0,-0.0,0
9102204178,-0.18344088,0.08829424,-0.00081017613,0.0,0.0,-0.0,0
9102214615,-0.18345328,0.08829377,-0.00081017613,0.0,0.0,-0.0,0
9102224950,-0.18346477,0.08829295,-0.00081017613,0.0,0.0,-0.0,0
9102235465,-0.18346983,0.088294744,-0.00081047416,0.0,0.0,-0.0,0
9102244575,-0.18349272,0.08828892,-0.00081062317,0.0,0.0,-0.0,0
9102254653,-0.18351883,0.08828286,-0.0008109212,0.0,0.0,-0.0,0
9102266020,-0.18353876,0.0882794,-0.00081062317,0.0,0.0,-0.0,0
9102274068,-0.18353626,0.088283256,-0.0008107722,0.0,0.0,-0.0,0
9102284508,-0.18353304,0.08828828,-0.00081062317,0.0,0.0,-0.0,0
9102294952,-0.18352976,0.088281564,-0.00081032515,0.0,0.0,-0.0,0
9102305446,-0.18353567,0.08827861,-0.00081047416,0.0,0.0,-0.0,0
9102314442,-0.18354623,0.08827826,-0.00081047416,0.0,0.0,-0.0,0
9102324985,-0.18355615,0.0882886,-0.00081062317,0.0,0.0,-0.0,0
9102335333,-0.18356666,0.08829913,-0.0008107722,0.0,0.0,-0.0,0
9102344905,-0.18356395,0.088303834,-0.00081062317,0.0,0.0,-0.0,0
9102354527,-0.18354818,0.088303395,-0.0008109212,0.0,0.0,-0.0,0
9102364877,-0.1835168,0.08829717,-0.00081047416,0.0,0.0,-0.0,0
9102375794,-0.18349141,0.08829366,-0.00081062317,0.0,0.0,-0.0,0
9102385263,-0.18347543,0.08829293,-0.0008109212,0.0,0.0,-0.0,0
9102394686,-0.18347272,0.08828695,-0.00081047416,0.0,0.0,-0.0,0
9102405084,-0.18348423,0.08828613,-0.00081032515,0.0,0.0,-0.0,0
9102414715,-0.18348202,0.08829108,-0.00081017613,0.0,0.0,-0.0,0
9102425129,-0.18349433,0.08829063,-0.00081047416,0.0,0.0,-0.0,0
9102436570,-0.18352392,0.088283755,-0.00081047416,0.0,0.0,-0.0,0
9102446172,-0.18352798,0.088285595,-0.00081047416,0.0,0.0,-0.0,0
9102454584,-0.18353719,0.08828494,-0.00081047416,0.0,0.0,-0.0,0
9102465005,-0.18354934,0.08828446,-0.00081047416,0.0,0.0,-0.0,0
9102475441,-0.18357553,0.08828966,-0.00081062317,0.0,0.0,-0.0,0
9102484958,-0.18358544,0.088294476,-0.0008107722,0.0,0.0,-0.0,0
9102495009,-0.18358222,0.08829928,-0.0008109212,0.0,0.0,-0.0,0
9102505541,-0.18359366,0.08829844,-0.0008109212,0.0,0.0,-0.0,0
9102517215,-0.18359736,0.08828801,-0.0008109212,0.0,0.0,-0.0,0
9102524784,-0.18360552,0.088287406,-0.0008109212,0.0,0.0,-0.0,0
9102535316,-0.18361689,0.08828658,-0.0008107722,0.0,0.0,-0.0,0
9102545884,-0.18361421,0.08829201,-0.0008110702,0.0,0.0,-0.0,0
9102555530,-0.18363222,0.08828854,-0.0008110702,0.0,0.0,-0.0,0
9102564979,-0.18365568,0.08828255,-0.0008112192,0.0,0.0,-0.0,0
9102575530,-0.18368265,0.088276215,-0.0008110702,0.0,0.0,-0.0,0
9102585105,-0.18369436,0.08826542,-0.0008113682,0.0,0.0,-0.0,0
9102594664,-0.18369213,0.08826504,-0.0008112192,0.0,0.0,-0.0,0
9102605125,-0.18370323,0.08826426,-0.0008109212,0.0,0.0,-0.0,0
9102615964,-0.18371479,0.088263474,-0.0008113682,0.0,0.0,-0.0,0
9102625089,-0.18371162,0.08826788,-0.0008112192,0.0,0.0,-0.0,0
9102635694,-0.18370794,0.088273,-0.0008112192,0.0,0.0,-0.0,0
9102645149,-0.18370531,0.08827786,-0.00081151724,0.0,0.0,-0.0,0
9102655577,-0.18370324,0.08828361,-0.00081151724,0.0,0.0,-0.0,0
9102665707,-0.18370005,0.08828865,-0.0008113682,0.0,0.0,-0.0,0
9102675170,-0.18369678,0.088293165,-0.00081151724,0.0,0.0,-0.0,0
9102686537,-0.18369374,0.088299006,-0.0008113682,0.0,0.0,-0.0,0
9102697177,-0.18371277,0.08829546,-0.00081151724,0.0,0.0,-0.0,0
9102704654,-0.18373115,0.0882907,-0.00081151724,0.0,0.0,-0.0,0
9102715046,-0.18374217,0.08828988,-0.00081151724,0.0,0.0,-0.0,0
9102725438,-0.18375385,0.08828942,-0.0008113682,0.0,0.0,-0.0,0
9102735937,-0.18377286,0.08828644,-0.00081151724,0.0,0.0,-0.0,0
9102745553,-0.18378294,0.08828569,-0.00081166625,0.0,0.0,-0.0,0
9102755889,-0.18379377,0.088284895,-0.00081181526,0.0,0.0,-0.0,0
9102767533,-0.18378955,0.088290475,-0.00081166625,0.0,0.0,-0.0,0
9102775091,-0.18379688,0.08829817,-0.00081151724,0.0,0.0,-0.0,0
9102785587,-0.18380778,0.08830918,-0.0008119643,0.0,0.0,-0.0,0
9102795940,-0.18380472,0.088314466,-0.00081181526,0.0,0.0,-0.0,0
9102806466,-0.18380089,0.08831943,-0.0008121133,0.0,0.0,-0.0,0
9102815900,-0.18379746,0.08832389,-0.0008122623,0.0,0.0,-0.0,0
9102825705,-0.18380769,0.08832304,-0.0008122623,0.0,0.0,-0.0,0
9102837258,-0.1838277,0.08831931,-0.0008121133,0.0,0.0,-0.0,0
9102845734,-0.18383713,0.08831887,-0.0008124113,0.0,0.0,-0.0,0
9102855244,-0.18386038,0.088312775,-0.0008125603,0.0,0.0,-0.0,0
9102865642,-0.18388577,0.08830614,-0.0008124113,0.0,0.0,-0.0,0
9102877315,-0.18391415,0.08829868,-0.0008124113,0.0,0.0,-0.0,0
9102885803,-0.18393543,0.08829357,-0.0008122623,0.0,0.0,-0.0,0
9102895206,-0.18397155,0.08829297,-0.0008125603,0.0,0.0,-0.0,0
9102905847,-0.18398169,0.08829195,-0.00081285834,0.0,0.0,-0.0,0
9102915278,-0.18397221,0.08829424,-0.0008125603,0.0,0.0,-0.0,0
9102925718,-0.18396807,0.08829922,-0.0008125603,0.0,0.0,-0.0,0
9102937271,-0.18396345,0.08830472,-0.00081270933,0.0,0.0,-0.0,0
9102946776,-0.18396002,0.08830941,-0.0008124113,0.0,0.0,-0.0,0
9102956227,-0.18395695,0.08831421,-0.0008125603,0.0,0.0,-0.0,0
9102965645,-0.18395326,0.088318676,-0.00081285834,0.0,0.0,-0.0,0
9102976035,-0.1839499,0.08832395,-0.00081285834,0.0,0.0,-0.0,0
9102986625,-0.18396883,0.08833181,-0.00081270933,0.0,0.0,-0.0,0
9102996145,-0.18399256,0.08832601,-0.00081300735,0.0,0.0,-0.0,0
9103006494,-0.18403053,0.08832453,-0.0008133054,0.0,0.0,-0.0,0
9103017221,-0.18405527,0.08832374,-0.0008133054,0.0,0.0,-0.0,0
9103026039,-0.18406464,0.08832327,-0.00081315637,0.0,0.0,-0.0,0
9103036210,-0.18408985,0.08831711,-0.0008134544,0.0,0.0,-0.0,0
9103045734,-0.18409924,0.08831631,-0.0008136034,0.0,0.0,-0.0,0
9103056267,-0.18409553,0.08832167,-0.0008134544,0.0,0.0,-0.0,0
9103065646,-0.18409155,0.0883261,-0.00081300735,0.0,0.0,-0.0,0
9103076127,-0.18408789,0.08833139,-0.0008136034,0.0,0.0,-0.0,0
9103087554,-0.1840842,0.088337325,-0.0008134544,0.0,0.0,-0.0,0
9103096061,-0.18408129,0.08834161,-0.0008136034,0.0,0.0,-0.0,0
9103106613,-0.18409245,0.08834105,-0.0008133054,0.0,0.0,-0.0,0
9103115942,-0.1841155,0.088335335,-0.0008134544,0.0,0.0,-0.0,0
9103127449,-0.18411799,0.08833811,-0.0008137524,0.0,0.0,-0.0,0
9103135977,-0.18412633,0.08833735,-0.0008137524,0.0,0.0,-0.0,0
9103146372,-0.18415114,0.088330664,-0.0008134544,0.0,0.0,-0.0,0
9103156895,-0.18416137,0.08832975,-0.0008136034,0.0,0.0,-0.0,0
9103166351,-0.18415764,0.088334374,-0.00081405044,0.0,0.0,-0.0,0
9103175734,-0.18415421,0.08833912,-0.0008139014,0.0,0.0,-0.0,0
9103187435,-0.18414916,0.088344604,-0.00081419945,0.0,0.0,-0.0,0
9103197946,-0.18416645,0.088340886,-0.00081405044,0.0,0.0,-0.0,0
9103206269,-0.18417513,0.088340424,-0.0008139014,0.0,0.0,-0.0,0
9103215697,-0.1841585,0.08833991,-0.0008137524,0.0,0.0,-0.0,0
9103226114,-0.18413952,0.08833903,-0.0008139014,0.0,0.0,-0.0,0
9103236608,-0.18413572,0.08834431,-0.0008137524,0.0,0.0,-0.0,0
9103246064,-0.18414494,0.08834347,-0.0008137524,0.0,0.0,-0.0,0
9103256461,-0.18415585,0.08833124,-0.0008139014,0.0,0.0,-0.0,0
9103267991,-0.18419139,0.088327095,-0.0008137524,0.0,0.0,-0.0,0
9103276759,-0.18421286,0.088321745,-0.0008139014,0.0,0.0,-0.0,0
9103286154,-0.18423511,0.08831571,-0.00081405044,0.0,0.0,-0.0,0
9103296596,-0.1842606,0.0883094,-0.00081419945,0.0,0.0,-0.0,0
9103307074,-0.18426338,0.08831204,-0.0008137524,0.0,0.0,-0.0,0
9103316684,-0.18425973,0.08831695,-0.00081405044,0.0,0.0,-0.0,0
9103326995,-0.18425502,0.08832181,-0.00081405044,0.0,0.0,-0.0,0
9103337582,-0.18425018,0.0883268,-0.00081405044,0.0,0.0,-0.0,0
9103345986,-0.18424636,0.088330746,-0.00081419945,0.0,0.0,-0.0,0
9103356451,-0.18425712,0.088330194,-0.00081434846,0.0,0.0,-0.0,0
9103367047,-0.18426883,0.08833003,-0.0008146465,0.0,0.0,-0.0,0
9103377549,-0.18428719,0.08832607,-0.00081449747,0.0,0.0,-0.0,0
9103385927,-0.18429577,0.08832565,-0.00081449747,0.0,0.0,-0.0,0
9103396360,-0.18429172,0.088330954,-0.00081419945,0.0,0.0,-0.0,0
9103407082,-0.18430181,0.088330016,-0.00081449747,0.0,0.0,-0.0,0
9103416727,-0.18432485,0.088323995,-0.00081434846,0.0,0.0,-0.0,0
9103426070,-0.18435928,0.088323005,-0.00081449747,0.0,0.0,-0.0,0
9103437573,-0.18438445,0.088327795,-0.0008149445,0.0,0.0,-0.0,0
9103447555,-0.1844013,0.08832488,-0.0008146465,0.0,0.0,-0.0,0
9103455852,-0.18442132,0.08831982,-0.0008149445,0.0,0.0,-0.0,0
9103466433,-0.184431,0.08831892,-0.0008149445,0.0,0.0,-0.0,0
9103476891,-0.18442588,0.08832387,-0.0008149445,0.0,0.0,-0.0,0
9103486353,-0.18443385,0.08833343,-0.0008150935,0.0,0.0,-0.0,0
9103496877,-0.18442868,0.08833836,-0.0008149445,0.0,0.0,-0.0,0
9103507609,-0.18442342,0.08834338,-0.0008150935,0.0,0.0,-0.0,0
9103518418,-0.18441857,0.08834865,-0.0008150935,0.0,0.0,-0.0,0
9103526004,-0.1844154,0.08835243,-0.0008150935,0.0,0.0,-0.0,0
9103536826,-0.18441013,0.08835747,-0.0008152425,0.0,0.0,-0.0,0
9103547298,-0.18442059,0.08835688,-0.0008150935,0.0,0.0,-0.0,0
9103556824,-0.18444307,0.08835084,-0.0008152425,0.0,0.0,-0.0,0
9103567316,-0.18446743,0.08834407,-0.00081539154,0.0,0.0,-0.0,0
9103577333,-0.18449062,0.08833761,-0.0008152425,0.0,0.0,-0.0,0
9103587647,-0.18450738,0.08833376,-0.00081539154,0.0,0.0,-0.0,0
9103596139,-0.18450305,0.08833773,-0.0008152425,0.0,0.0,-0.0,0
9103606992,-0.18451285,0.08833677,-0.00081554055,0.0,0.0,-0.0,0
9103617561,-0.18452317,0.08833622,-0.0008152425,0.0,0.0,-0.0,0
9103627939,-0.18451893,0.08834161,-0.00081554055,0.0,0.0,-0.0,0
9103636332,-0.1845147,0.088345565,-0.00081539154,0.0,0.0,-0.0,0
9103646955,-0.1845093,0.088350505,-0.00081539154,0.0,0.0,-0.0,0
9103657353,-0.18450402,0.088355325,-0.00081539154,0.0,0.0,-0.0,0
9103666865,-0.18449917,0.088359736,-0.00081554055,0.0,0.0,-0.0,0
9103676982,-0.18449482,0.088364795,-0.00081539154,0.0,0.0,-0.0,0
9103688314,-0.18450594,0.08836415,-0.00081554055,0.0,0.0,-0.0,0
9103698001,-0.18451504,0.08836341,-0.00081568956,0.0,0.0,-0.0,0
9103706546,-0.18452331,0.08836289,-0.00081554055,0.0,0.0,-0.0,0
9103716993,-0.18453352,0.08836228,-0.00081568956,0.0,0.0,-0.0,0
9103727322,-0.18454358,0.08835012,-0.00081568956,0.0,0.0,-0.0,0
9103736850,-0.18453869,0.088349685,-0.00081554055,0.0,0.0,-0.0,0
9103747067,-0.18453346,0.088354446,-0.00081554055,0.0,0.0,-0.0,0
9103757433,-0.18452814,0.088359244,-0.00081568956,0.0,0.0,-0.0,0
9103767930,-0.18453838,0.08835865,-0.0008158386,0.0,0.0,-0.0,0
9103776353,-0.18453407,0.08836257,-0.0008159876,0.0,0.0,-0.0,0
9103786921,-0.1845294,0.088367805,-0.00081554055,0.0,0.0,-0.0,0
9103797363,-0.18453878,0.08837868,-0.0008159876,0.0,0.0,-0.0,0
9103807932,-0.18453933,0.088385954,-0.0008159876,0.0,0.0,-0.0,0
9103817370,-0.18454778,0.08838503,-0.0008159876,0.0,0.0,-0.0,0
9103827878,-0.18457201,0.08837815,-0.0008161366,0.0,0.0,-0.0,0
9103838275,-0.18459587,0.08837136,-0.0008164346,0.0,0.0,-0.0,0
9103846711,-0.18461516,0.088365875,-0.0008161366,0.0,0.0,-0.0,0
9103857165,-0.18463819,0.08835868,-0.0008164346,0.0,0.0,-0.0,0
9103867765,-0.18464737,0.08835767,-0.0008162856,0.0,0.0,-0.0,0
9103878296,-0.18464284,0.08836309,-0.0008162856,0.0,0.0,-0.0,0
9103887735,-0.18463787,0.0883675,-0.0008161366,0.0,0.0,-0.0,0
9103897136,-0.18463351,0.08837217,-0.0008164346,0.0,0.0,-0.0,0
9103907554,-0.1846287,0.08837735,-0.0008162856,0.0,0.0,-0.0,0
9103917137,-0.18462466,0.088382274,-0.0008161366,0.0,0.0,-0.0,0
9103927488,-0.18463534,0.088382,-0.0008162856,0.0,0.0,-0.0,0
9103939036,-0.18466257,0.08837483,-0.0008164346,0.0,0.0,-0.0,0
9103946449,-0.18466958,0.08836607,-0.0008164346,0.0,0.0,-0.0,0
9103957092,-0.18470153,0.08836229,-0.0008164346,0.0,0.0,-0.0,0
9103967508,-0.18471129,0.08836168,-0.00081673265,0.0,0.0,-0.0,0
9103977933,-0.18470559,0.08836651,-0.0008164346,0.0,0.0,-0.0,0
9103987351,-0.184713,0.088369966,-0.0008164346,0.0,0.0,-0.0,0
9103997810,-0.184722,0.08835727,-0.0008162856,0.0,0.0,-0.0,0
9104008288,-0.18473107,0.088356316,-0.00081658363,0.0,0.0,-0.0,0
9104018742,-0.18471876,0.088352494,-0.00081658363,0.0,0.0,-0.0,0
9104027137,-0.18472664,0.088352025,-0.0008164346,0.0,0.0,-0.0,0
9104037697,-0.18470618,0.08835111,-0.0008164346,0.0,0.0,-0.0,0
9104048117,-0.1846867,0.088350534,-0.0008162856,0.0,0.0,-0.0,0
9104057495,-0.18468262,0.0883554,-0.0008162856,0.0,0.0,-0.0,0
9104068061,-0.18467692,0.08836032,-0.0008161366,0.0,0.0,-0.0,0
9104078402,-0.18467131,0.088365085,-0.00081658363,0.0,0.0,-0.0,0
9104088918,-0.18468043,0.08836411,-0.0008164346,0.0,0.0,-0.0,0
9104097242,-0.18468642,0.08837214,-0.00081658363,0.0,0.0,-0.0,0
9104107959,-0.18469489,0.08838286,-0.00081658363,0.0,0.0,-0.0,0
9104118559,-0.18470563,0.08838257,-0.00081673265,0.0,0.0,-0.0,0
9104128598,-0.18472877,0.08837618,-0.0008164346,0.0,0.0,-0.0,0
9104137958,-0.18474995,0.088370055,-0.00081658363,0.0,0.0,-0.0,0
9104147397,-0.18477133,0.0883639,-0.0008171797,0.0,0.0,-0.0,0
9104158980,-0.1847727,0.08836617,-0.00081688166,0.0,0.0,-0.0,0
9104167448,-0.18476856,0.088370375,-0.00081673265,0.0,0.0,-0.0,0
9104177887,-0.18477744,0.08838122,-0.0008171797,0.0,0.0,-0.0,0
9104189291,-0.1848006,0.088398345,-0.0008176267,0.0,0.0,-0.0,0
9104198814,-0.1848084,0.08839734,-0.0008171797,0.0,0.0,-0.0,0
9104207460,-0.18479207,0.08839678,-0.00081703067,0.0,0.0,-0.0,0
9104217910,-0.1847862,0.08838987,-0.0008171797,0.0,0.0,-0.0,0
9104228268,-0.18478124,0.08837177,-0.00081688166,0.0,0.0,-0.0,0
9104237733,-0.18479756,0.088363625,-0.00081703067,0.0,0.0,-0.0,0
9104248269,-0.18482295,0.08835751,-0.00081703067,0.0,0.0,-0.0,0
9104258641,-0.18483238,0.088356905,-0.00081688166,0.0,0.0,-0.0,0
9104269132,-0.18483415,0.08835867,-0.00081688166,0.0,0.0,-0.0,0
9104277597,-0.18484192,0.08835821,-0.00081703067,0.0,0.0,-0.0,0
9104288055,-0.18483669,0.08836342,-0.00081703067,0.0,0.0,-0.0,0
9104298463,-0.1848454,0.08836245,-0.00081703067,0.0,0.0,-0.0,0
9104307878,-0.18484665,0.088364765,-0.00081703067,0.0,0.0,-0.0,0
9104318354,-0.18485539,0.088363774,-0.0008174777,0.0,0.0,-0.0,0
9104328835,-0.18486486,0.08836317,-0.0008171797,0.0,0.0,-0.0,0
9104339286,-0.18488182,0.08835927,-0.0008171797,0.0,0.0,-0.0,0
9104347664,-0.18488932,0.08835878,-0.0008173287,0.0,0.0,-0.0,0
9104358134,-0.18489954,0.08835855,-0.0008171797,0.0,0.0,-0.0,0
9104368794,-0.18490992,0.08835831,-0.0008174777,0.0,0.0,-0.0,0
9104378165,-0.18491182,0.08836,-0.00081703067,0.0,0.0,-0.0,0
9104387604,-0.18492028,0.088359445,-0.0008176267,0.0,0.0,-0.0,0
9104398508,-0.18491551,0.08836531,-0.0008174777,0.0,0.0,-0.0,0
9104409737,-0.1849097,0.088370904,-0.0008174777,0.0,0.0,-0.0,0
9104417290,-0.18491642,0.08837046,-0.0008171797,0.0,0.0,-0.0,0
9104427811,-0.18495397,0.08836925,-0.0008173287,0.0,0.0,-0.0,0
9104439433,-0.18499449,0.088380694,-0.0008177757,0.0,0.0,-0.0,0
9104449200,-0.1850096,0.08838272,-0.0008177757,0.0,0.0,-0.0,0
9104457697,-0.18500447,0.088386625,-0.00081822276,0.0,0.0,-0.0,0
9104468161,-0.18499812,0.08839141,-0.00081822276,0.0,0.0,-0.0,0
9104478537,-0.18501951,0.088395596,-0.0008183718,0.0,0.0,-0.0,0
9104488107,-0.18502623,0.08840008,-0.00081822276,0.0,0.0,-0.0,0
9104498480,-0.18502069,0.08840518,-0.0008185208,0.0,0.0,-0.0,0
9104508935,-0.18501505,0.0884103,-0.0008185208,0.0,0.0,-0.0,0
9104519484,-0.18501653,0.088411964,-0.0008183718,0.0,0.0,-0.0,0
9104528150,-0.18503565,0.08840623,-0.0008185208,0.0,0.0,-0.0,0
9104538880,-0.18504497,0.08840552,-0.00081807375,0.0,0.0,-0.0,0
9104548503,-0.1850405,0.08841059,-0.0008183718,0.0,0.0,-0.0,0
9104558077,-0.18504292,0.08841189,-0.0008185208,0.0,0.0,-0.0,0
9104568636,-0.18505135,0.088410825,-0.0008185208,0.0,0.0,-0.0,0
9104579008,-0.18504491,0.08841551,-0.0008186698,0.0,0.0,-0.0,0
9104590034,-0.18503815,0.0884205,-0.00081822276,0.0,0.0,-0.0,0
9104598456,-0.18505546,0.088423856,-0.0008188188,0.0,0.0,-0.0,0
9104607966,-0.18507567,0.08842796,-0.0008186698,0.0,0.0,-0.0,0
9104618489,-0.1850699,0.088433065,-0.0008188188,0.0,0.0,-0.0,0
9104629274,-0.18506406,0.08843832,-0.00081911683,0.0,0.0,-0.0,0
9104638231,-0.18505916,0.08844264,-0.0008188188,0.0,0.0,-0.0,0
9104649153,-0.18505402,0.08844831,-0.0008189678,0.0,0.0,-0.0,0
9104659619,-0.18504906,0.088453725,-0.0008189678,0.0,0.0,-0.0,0
9104668143,-0.18504444,0.08845783,-0.0008188188,0.0,0.0,-0.0,0
9104678571,-0.18503806,0.08846247,-0.0008188188,0.0,0.0,-0.0,0
9104690037,-0.185031,0.088467546,-0.0008188188,0.0,0.0,-0.0,0
9104698491,-0.18503778,0.08846218,-0.0008185208,0.0,0.0,-0.0,0
9104708604,-0.18504655,0.08845004,-0.0008185208,0.0,0.0,-0.0,0
9104718856,-0.18507078,0.08844391,-0.0008188188,0.0,0.0,-0.0,0
9104729311,-0.18509454,0.08843728,-0.0008189678,0.0,0.0,-0.0,0
9104738746,-0.1850963,0.0884391,-0.0008188188,0.0,0.0,-0.0,0
9104748600,-0.18509021,0.0884325,-0.0008189678,0.0,0.0,-0.0,0
9104758984,-0.1850845,0.08842591,-0.0008183718,0.0,0.0,-0.0,0
9104769506,-0.18507876,0.08843102,-0.0008189678,0.0,0.0,-0.0,0
9104778919,-0.1850875,0.08843066,-0.0008188188,0.0,0.0,-0.0,0
9104788417,-0.18509573,0.08843002,-0.0008186698,0.0,0.0,-0.0,0
9104798931,-0.18508993,0.088435106,-0.0008189678,0.0,0.0,-0.0,0
9104808476,-0.18508495,0.08843989,-0.0008188188,0.0,0.0,-0.0,0
9104819171,-0.18507835,0.08844468,-0.0008188188,0.0,0.0,-0.0,0
9104829661,-0.18507186,0.08844937,-0.00081911683,0.0,0.0,-0.0,0
9104840127,-0.18507294,0.08845104,-0.0008189678,0.0,0.0,-0.0,0
9104848591,-0.1850796,0.088450074,-0.0008189678,0.0,0.0,-0.0,0
9104859291,-0.18507299,0.08845488,-0.0008188188,0.0,0.0,-0.0,0
9104868740,-0.18509236,0.08845858,-0.0008189678,0.0,0.0,-0.0,0
9104879337,-0.18512201,0.0884541,-0.00081911683,0.0,0.0,-0.0,0
9104888743,-0.18514326,0.0884481,-0.00081941485,0.0,0.0,-0.0,0
9104899096,-0.18515207,0.08844734,-0.0008188188,0.0,0.0,-0.0,0
9104910410,-0.18514487,0.08845238,-0.00081941485,0.0,0.0,-0.0,0
9104918805,-0.18513955,0.08845612,-0.00081926584,0.0,0.0,-0.0,0
9104929389,-0.18513286,0.08846085,-0.0008188188,0.0,0.0,-0.0,0
9104939702,-0.18512636,0.08846539,-0.00081956387,0.0,0.0,-0.0,0
9104950279,-0.18512052,0.08847046,-0.0008197129,0.0,0.0,-0.0,0
9104958778,-0.18511575,0.08847453,-0.00081926584,0.0,0.0,-0.0,0
9104968992,-0.18511009,0.08847941,-0.00081926584,0.0,0.0,-0.0,0
9104979452,-0.18510349,0.088484004,-0.00081926584,0.0,0.0,-0.0,0
9104988921,-0.18511774,0.0884808,-0.00081941485,0.0,0.0,-0.0,0
9104999357,-0.18515453,0.088479385,-0.00081956387,0.0,0.0,-0.0,0
9105009845,-0.18519141,0.088477984,-0.0008197129,0.0,0.0,-0.0,0
9105020225,-0.18520659,0.08847423,-0.0008200109,0.0,0.0,-0.0,0
9105028948,-0.18520218,0.088478684,-0.0008197129,0.0,0.0,-0.0,0
9105039367,-0.18519627,0.088483684,-0.0008197129,0.0,0.0,-0.0,0
9105049972,-0.18518947,0.08848833,-0.0008198619,0.0,0.0,-0.0,0
9105058491,-0.1851846,0.08849237,-0.00081956387,0.0,0.0,-0.0,0
9105068911,-0.18517792,0.08849692,-0.0008198619,0.0,0.0,-0.0,0
9105079344,-0.18517122,0.08850147,-0.00081956387,0.0,0.0,-0.0,0
9105090747,-0.18517247,0.08850308,-0.0008197129,0.0,0.0,-0.0,0
9105099192,-0.18517956,0.08850235,-0.0008198619,0.0,0.0,-0.0,0
9105108777,-0.18517412,0.088506855,-0.0008198619,0.0,0.0,-0.0,0
9105119322,-0.1851674,0.088511445,-0.0008197129,0.0,0.0,-0.0,0
9105129267,-0.185168,0.088518605,-0.0008201599,0.0,0.0,-0.0,0
9105139201,-0.18517418,0.08852789,-0.0008200109,0.0,0.0,-0.0,0
9105150001,-0.18516722,0.08853253,-0.0008200109,0.0,0.0,-0.0,0
9105161207,-0.18516883,0.08853388,-0.0008203089,0.0,0.0,-0.0,0
9105169029,-0.18518648,0.08852881,-0.0008198619,0.0,0.0,-0.0,0
9105178987,-0.18519416,0.08852757,-0.0008201599,0.0,0.0,-0.0,0
9105190925,-0.18518656,0.08853274,-0.0008201599,0.0,0.0,-0.0,0
9105198642,-0.18518275,0.08853661,-0.0008203089,0.0,0.0,-0.0,0
9105209166,-0.18517749,0.08854187,-0.0008201599,0.0,0.0,-0.0,0
9105219406,-0.18517172,0.08854665,-0.0008201599,0.0,0.0,-0.0,0
9105230270,-0.18517423,0.08854859,-0.0008200109,0.0,0.0,-0.0,0
9105239300,-0.18518251,0.088548034,-0.0008203089,0.0,0.0,-0.0,0
9105249385,-0.18519098,0.08854707,-0.0008201599,0.0,0.0,-0.0,0
9105259957,-0.18521395,0.08853982,-0.0008203089,0.0,0.0,-0.0,0
9105270181,-0.1852283,0.088535935,-0.00082045794,0.0,0.0,-0.0,0
9105279719,-0.18522212,0.08854004,-0.00082045794,0.0,0.0,-0.0,0
9105289156,-0.18522926,0.08853882,-0.0008203089,0.0,0.0,-0.0,0
9105299551,-0.1852379,0.088537864,-0.0008203089,0.0,0.0,-0.0,0
9105309013,-0.18523963,0.08853937,-0.00082075596,0.0,0.0,-0.0,0
9105319439,-0.18526381,0.08853293,-0.00082075596,0.0,0.0,-0.0,0
9105329912,-0.18528643,0.08853762,-0.00082090497,0.0,0.0,-0.0,0
9105340641,-0.18529443,0.08854837,-0.00082075596,0.0,0.0,-0.0,0
9105349032,-0.18531188,0.08855181,-0.00082075596,0.0,0.0,-0.0,0
9105359517,-0.18531969,0.088550456,-0.00082075596,0.0,0.0,-0.0,0
9105369832,-0.18531275,0.088554814,-0.00082090497,0.0,0.0,-0.0,0
9105379215,-0.18531355,0.08855602,-0.00082090497,0.0,0.0,-0.0,0
9105389669,-0.18532129,0.08855461,-0.000821054,0.0,0.0,-0.0,0
9105400118,-0.18531504,0.08855943,-0.000821054,0.0,0.0,-0.0,0
9105411591,-0.1853244,0.08855833,-0.00082090497,0.0,0.0,-0.0,0
9105418978,-0.18533044,0.08855763,-0.000821054,0.0,0.0,-0.0,0
9105429575,-0.1853516,0.088561535,-0.000821501,0.0,0.0,-0.0,0
9105440730,-0.18537375,0.08856565,-0.000821203,0.0,0.0,-0.0,0
9105450377,-0.18537523,0.08856748,-0.000821501,0.0,0.0,-0.0,0
9105459730,-0.18538278,0.08856657,-0.000821501,0.0,0.0,-0.0,0
9105470158,-0.18537721,0.08857042,-0.000821501,0.0,0.0,-0.0,0
9105481697,-0.18537232,0.08857453,-0.000821501,0.0,0.0,-0.0,0
9105489119,-0.18538938,0.08856992,-0.000821352,0.0,0.0,-0.0,0
9105499557,-0.1853977,0.08856885,-0.000821352,0.0,0.0,-0.0,0
9105510027,-0.18538985,0.08857293,-0.00082165,0.0,0.0,-0.0,0
9105520813,-0.18538219,0.08857732,-0.000821501,0.0,0.0,-0.0,0
9105529431,-0.18538776,0.08857583,-0.000821501,0.0,0.0,-0.0,0
9105540319,-0.1854109,0.08856826,-0.000821352,0.0,0.0,-0.0,0
9105550365,-0.1854189,0.088567264,-0.000821501,0.0,0.0,-0.0,0
9105559954,-0.1854194,0.08856849,-0.000821203,0.0,0.0,-0.0,0
9105569485,-0.18542627,0.0885672,-0.00082209706,0.0,0.0,-0.0,0
9105579852,-0.18543366,0.088565804,-0.00082179904,0.0,0.0,-0.0,0
9105591590,-0.18545865,0.08855772,-0.00082165,0.0,0.0,-0.0,0
9105599985,-0.18547711,0.08855222,-0.00082165,0.0,0.0,-0.0,0
9105609636,-0.1854846,0.088551275,-0.000821501,0.0,0.0,-0.0,0
9105620352,-0.18547712,0.08855585,-0.00082179904,0.0,0.0,-0.0,0
9105630030,-0.18548287,0.088565,-0.00082165,0.0,0.0,-0.0,0
9105640696,-0.18547618,0.08856988,-0.00082179904,0.0,0.0,-0.0,0
9105649969,-0.18545675,0.08856864,-0.00082179904,0.0,0.0,-0.0,0
9105661614,-0.18544227,0.088563874,-0.000821501,0.0,0.0,-0.0,0
9105670008,-0.18544826,0.088553354,-0.000821352,0.0,0.0,-0.0,0
9105679765,-0.18546897,0.08854665,-0.00082194805,0.0,0.0,-0.0,0
9105691259,-0.18549418,0.088539146,-0.00082179904,0.0,0.0,-0.0,0
9105700911,-0.1855149,0.08853268,-0.00082179904,0.0,0.0,-0.0,0
9105710413,-0.18553494,0.08852618,-0.00082165,0.0,0.0,-0.0,0
9105719775,-0.1855415,0.08852502,-0.00082179904,0.0,0.0,-0.0,0
9105731292,-0.1855419,0.088526554,-0.00082165,0.0,0.0,-0.0,0
9105740550,-0.18554835,0.088525414,-0.00082179904,0.0,0.0,-0.0,0
9105749950,-0.18554163,0.08852945,-0.00082165,0.0,0.0,-0.0,0
9105760608,-0.18551922,0.08852812,-0.00082165,0.0,0.0,-0.0,0
9105771082,-0.18549111,0.0885244,-0.00082165,0.0,0.0,-0.0,0
9105780587,-0.1854719,0.08852358,-0.000821352,0.0,0.0,-0.0,0
9105790247,-0.18545246,0.08852273,-0.000821352,0.0,0.0,-0.0,0
9105800878,-0.18544577,0.088527694,-0.000821054,0.0,0.0,-0.0,0
9105810082,-0.18545203,0.0885368,-0.000821352,0.0,0.0,-0.0,0
9105819714,-0.1854603,0.08853623,-0.000821352,0.0,0.0,-0.0,0
9105830109,-0.18548316,0.088529475,-0.000821501,0.0,0.0,-0.0,0
9105840960,-0.18550739,0.08852261,-0.00082165,0.0,0.0,-0.0,0
9105850028,-0.18554059,0.08851194,-0.00082165,0.0,0.0,-0.0,0
9105860447,-0.18556319,0.08849344,-0.000821501,0.0,0.0,-0.0,0
9105870947,-0.18555641,0.08848665,-0.000821352,0.0,0.0,-0.0,0
9105880765,-0.1855497,0.0884911,-0.00082165,0.0,0.0,-0.0,0
9105890159,-0.18554297,0.08849522,-0.000821501,0.0,0.0,-0.0,0
9105900616,-0.18553552,0.08849978,-0.00082165,0.0,0.0,-0.0,0
9105912122,-0.18554181,0.08851059,-0.000821501,0.0,0.0,-0.0,0
9105920559,-0.18552408,0.08850956,-0.000821352,0.0,0.0,-0.0,0
9105930012,-0.18550485,0.08850874,-0.000821352,0.0,0.0,-0.0,0
9105941519,-0.18548237,0.08850816,-0.00082165,0.0,0.0,-0.0,0
9105950993,-0.1854825,0.08849937,-0.000821054,0.0,0.0,-0.0,0
9105960530,-0.18548928,0.08848756,-0.000821203,0.0,0.0,-0.0,0
9105971042,-0.18549667,0.088486314,-0.000821203,0.0,0.0,-0.0,0
9105981553,-0.18551244,0.08848177,-0.000821203,0.0,0.0,-0.0,0
9105989916,-0.18551828,0.0884808,-0.000821203,0.0,0.0,-0.0,0
9106000175,-0.18552624,0.08847997,-0.000821054,0.0,0.0,-0.0,0
9106010803,-0.18553445,0.08847909,-0.000821203,0.0,0.0,-0.0,0
9106021241,-0.18552774,0.08848406,-0.000821352,0.0,0.0,-0.0,0
9106030639,-0.18552175,0.088488504,-0.000821501,0.0,0.0,-0.0,0
9106041227,-0.185515,0.08849353,-0.000821054,0.0,0.0,-0.0,0
9106051713,-0.18550761,0.08849811,-0.000821203,0.0,0.0,-0.0,0
9106060097,-0.18550166,0.08850175,-0.000821352,0.0,0.0,-0.0,0
9106070662,-0.18549426,0.08850636,-0.000821501,0.0,0.0,-0.0,0
9106081094,-0.18548694,0.0885109,-0.000821352,0.0,0.0,-0.0,0
9106091610,-0.18547994,0.088515654,-0.000821203,0.0,0.0,-0.0,0
9106100970,-0.18548726,0.08851483,-0.000821203,0.0,0.0,-0.0,0
9106110460,-0.18549395,0.08851366,-0.000821352,0.0,0.0,-0.0,0
9106121080,-0.18548647,0.08851825,-0.000821203,0.0,0.0,-0.0,0
9106130544,-0.18549895,0.08852423,-0.000821501,0.0,0.0,-0.0,0
9106141074,-0.18552199,0.0885174,-0.000821501,0.0,0.0,-0.0,0
9106151457,-0.18554467,0.088510685,-0.00082179904,0.0,0.0,-0.0,0
9106161920,-0.18556666,0.088503584,-0.000821501,0.0,0.0,-0.0,0
9106170422,-0.1855845,0.08849781,-0.00082179904,0.0,0.0,-0.0,0
9106180882,-0.18560724,0.08849111,-0.00082179904,0.0,0.0,-0.0,0
9106192273,-0.18561587,0.088490166,-0.00082165,0.0,0.0,-0.0,0
9106201729,-0.18561003,0.088494815,-0.00082165,0.0,0.0,-0.0,0
9106210531,-0.18560427,0.088498995,-0.00082165,0.0,0.0,-0.0,0
9106220880,-0.18561132,0.08849772,-0.00082165,0.0,0.0,-0.0,0
9106232304,-0.18561956,0.08849657,-0.00082165,0.0,0.0,-0.0,0
9106240792,-0.18562597,0.08849585,-0.00082179904,0.0,0.0,-0.0,0
9106251165,-0.18563297,0.0884946,-0.00082179904,0.0,0.0,-0.0,0
9106261762,-0.18565588,0.088487804,-0.00082165,0.0,0.0,-0.0,0
9106272227,-0.18567728,0.08849236,-0.00082209706,0.0,0.0,-0.0,0
9106280605,-0.18569528,0.08848698,-0.00082209706,0.0,0.0,-0.0,0
9106291214,-0.18571809,0.0884802,-0.00082194805,0.0,0.0,-0.0,0
9106302656,-0.18573207,0.0884763,-0.0008222461,0.0,0.0,-0.0,0
9106311037,-0.18573761,0.08847537,-0.00082209706,0.0,0.0,-0.0,0
9106321555,-0.18574446,0.088474125,-0.00082209706,0.0,0.0,-0.0,0
9106330938,-0.18573809,0.08847861,-0.00082209706,0.0,0.0,-0.0,0
9106342429,-0.18573979,0.08848064,-0.00082209706,0.0,0.0,-0.0,0
9106350792,-0.18575706,0.088475,-0.0008223951,0.0,0.0,-0.0,0
9106361220,-0.1857639,0.088462144,-0.0008222461,0.0,0.0,-0.0,0
9106371781,-0.18577155,0.088449486,-0.00082194805,0.0,0.0,-0.0,0
9106381406,-0.18579282,0.08844371,-0.00082209706,0.0,0.0,-0.0,0
9106390800,-0.1857996,0.08844301,-0.00082194805,0.0,0.0,-0.0,0
9106401921,-0.18580511,0.08845358,-0.00082209706,0.0,0.0,-0.0,0
9106413471,-0.18583384,0.08846772,-0.0008222461,0.0,0.0,-0.0,0
9106420970,-0.18584809,0.08847064,-0.0008226931,0.0,0.0,-0.0,0
9106431509,-0.18585473,0.08846941,-0.0008226931,0.0,0.0,-0.0,0
9106442939,-0.18587631,0.08847385,-0.0008226931,0.0,0.0,-0.0,0
9106452478,-0.18589579,0.08847259,-0.0008225441,0.0,0.0,-0.0,0
9106460987,-0.18591306,0.08846686,-0.0008228421,0.0,0.0,-0.0,0
9106471775,-0.18593493,0.08845964,-0.0008226931,0.0,0.0,-0.0,0
9106482272,-0.18591888,0.08845572,-0.0008226931,0.0,0.0,-0.0,0
9106490691,-0.18591292,0.0884598,-0.0008228421,0.0,0.0,-0.0,0
9106501190,-0.18590543,0.08846485,-0.0008228421,0.0,0.0,-0.0,0
9106511639,-0.18589717,0.088469446,-0.00082314014,0.0,0.0,-0.0,0
9106522121,-0.18588936,0.088474296,-0.0008226931,0.0,0.0,-0.0,0
9106531616,-0.18588261,0.08847881,-0.0008228421,0.0,0.0,-0.0,0
9106541527,-0.18588884,0.08847768,-0.0008226931,0.0,0.0,-0.0,0
9106552640,-0.18588927,0.088473834,-0.0008228421,0.0,0.0,-0.0,0
9106561074,-0.1858952,0.08846369,-0.0008228421,0.0,0.0,-0.0,0
9106571530,-0.1859025,0.08846287,-0.0008226931,0.0,0.0,-0.0,0
9106582031,-0.18590903,0.088461675,-0.0008226931,0.0,0.0,-0.0,0
9106592534,-0.18590814,0.08846413,-0.0008226931,0.0,0.0,-0.0,0
9106601302,-0.18591358,0.08846313,-0.00082299113,0.0,0.0,-0.0,0
9106611847,-0.18593572,0.0884564,-0.0008226931,0.0,0.0,-0.0,0
9106622327,-0.18595865,0.08845012,-0.00082299113,0.0,0.0,-0.0,0
9106632204,-0.18598008,0.0884442,-0.0008228421,0.0,0.0,-0.0,0
9106641682,-0.18597338,0.088438235,-0.0008226931,0.0,0.0,-0.0,0
9106652157,-0.1859504,0.088437095,-0.0008226931,0.0,0.0,-0.0,0
9106662630,-0.18594287,0.08844217,-0.0008228421,0.0,0.0,-0.0,0
9106671269,-0.18593603,0.08844605,-0.0008226931,0.0,0.0,-0.0,0
9106681696,-0.18592778,0.08845071,-0.0008226931,0.0,0.0,-0.0,0
9106693116,-0.18591961,0.08845622,-0.0008225441,0.0,0.0,-0.0,0
9106701497,-0.18591422,0.08846055,-0.0008226931,0.0,0.0,-0.0,0
9106711678,-0.18590732,0.088465616,-0.0008228421,0.0,0.0,-0.0,0
9106722050,-0.18589917,0.08847021,-0.0008226931,0.0,0.0,-0.0,0
9106732585,-0.18589093,0.0884686,-0.0008226931,0.0,0.0,-0.0,0
9106741153,-0.18588424,0.0884628,-0.0008226931,0.0,0.0,-0.0,0
9106751673,-0.18587595,0.08846744,-0.0008225441,0.0,0.0,-0.0,0
9106762078,-0.18588251,0.08846625,-0.0008228421,0.0,0.0,-0.0,0
9106771890,-0.1858817,0.08846822,-0.0008228421,0.0,0.0,-0.0,0
9106781696,-0.18586177,0.08846779,-0.0008228421,0.0,0.0,-0.0,0
9106792224,-0.18583971,0.08846699,-0.0008226931,0.0,0.0,-0.0,0
9106803679,-0.18585575,0.0884622,-0.00082299113,0.0,0.0,-0.0,0
9106811302,-0.18587014,0.08846518,-0.0008225441,0.0,0.0,-0.0,0
9106821700,-0.18587515,0.088475026,-0.0008226931,0.0,0.0,-0.0,0
9106832413,-0.18586677,0.088479705,-0.0008228421,0.0,0.0,-0.0,0
9106841923,-0.1858918,0.08848062,-0.0008226931,0.0,0.0,-0.0,0
9106851813,-0.18591192,0.08847395,-0.00082343817,0.0,0.0,-0.0,0
9106862652,-0.18591863,0.08847271,-0.00082299113,0.0,0.0,-0.0,0
9106872738,-0.18592484,0.08847154,-0.0008228421,0.0,0.0,-0.0,0
9106883232,-0.18593134,0.088470355,-0.00082299113,0.0,0.0,-0.0,0
9106892322,-0.18593696,0.0884693,-0.00082299113,0.0,0.0,-0.0,0
9106902069,-0.18592995,0.08847396,-0.0008228421,0.0,0.0,-0.0,0
9106913028,-0.18592207,0.08847918,-0.00082314014,0.0,0.0,-0.0,0
9106921430,-0.18592793,0.08847851,-0.00082299113,0.0,0.0,-0.00050100003,0
9106931947,-0.18594922,0.08847142,-0.00082314014,0.0,0.0,-0.00096720003,0
9106943387,-0.18595622,0.0884701,-0.00082314014,0.0,0.0,-0.0014895501,0
9106952895,-0.18594864,0.08847431,-0.0008228421,0.0,0.0,-0.0020090002,0
9106962429,-0.18595523,0.08847354,-0.00082314014,0.0,0.0,-0.0024847502,0
9106972895,-0.1859617,0.08847237,-0.00082314014,0.0,0.0,-0.0030236503,0
9106983314,-0.1859386,0.08847104,-0.0008228421,0.0,0.0,-0.0035282003,0
9106991778,-0.18594311,0.08846974,-0.00082328916,0.0,0.0,-0.0040169503,0
9107001964,-0.18597558,0.08846762,-0.00082328916,0.0,0.0,-0.0044925003,0
9107013180,-0.1860132,0.08846614,-0.00082314014,0.0,0.0,-0.0050028004,0
9107021975,-0.18603183,0.08846067,-0.00082314014,0.0,0.0,-0.0055442504,0
9107032536,-0.18605304,0.088453606,-0.00082314014,0.0,0.0,-0.0059757503,0
9107043165,-0.18605931,0.08845242,-0.00082299113,0.0,0.0,-0.0065321,0
9107053810,-0.1860664,0.08845162,-0.00082328916,0.0,0.0,-0.0070398,0
9107062298,-0.18606009,0.08845571,-0.00082328916,0.0,0.0,-0.00753055,0
9107071699,-0.18605305,0.088460214,-0.00082314014,0.0,0.0,-0.0080097,0
9107082726,-0.18605955,0.08845897,-0.00082314014,0.0,0.0,-0.0084816,0
9107093166,-0.18605766,0.088460974,-0.0008237362,0.0,0.0,-0.0090265,0
9107102672,-0.18606329,0.08845993,-0.00082343817,0.0,0.0,-0.009507701,0
9107112925,-0.18607008,0.088459134,-0.00082343817,0.0,0.0,-0.01003495,0
9107123400,-0.18604733,0.088458136,-0.00082314014,0.0,0.0,-0.010541201,0
9107131955,-0.18604037,0.08846194,-0.00082328916,0.0,0.0,-0.011035501,0
9107142540,-0.18603176,0.08846663,-0.00082314014,0.0,0.0,-0.011490201,0
9107152888,-0.18602338,0.08847121,-0.00082343817,0.0,0.0,-0.0120293,0
9107163585,-0.18602312,0.088472955,-0.00082328916,0.0,0.0,-0.01253775,0
9107171718,-0.18602863,0.088472314,-0.00082328916,0.0,0.0,-0.01302935,0
9107182245,-0.18603489,0.0884711,-0.00082328916,0.0,0.0,-0.01349295,0
9107193680,-0.1860722,0.08846916,-0.00082328916,0.0,0.0,-0.0140088005,0
9107203250,-0.18608369,0.0884597,-0.0008235872,0.0,0.0,-0.014515401,0
9107212865,-0.1860893,0.088458605,-0.0008235872,0.0,0.0,-0.014991901,0
9107223267,-0.18608147,0.08846359,-0.00082343817,0.0,0.0,-0.015537651,0
9107233730,-0.18607365,0.088468604,-0.0008235872,0.0,0.0,-0.016055051,0
9107242141,-0.18606737,0.08847262,-0.0008235872,0.0,0.0,-0.016524801,0
9107252643,-0.1860588,0.08847727,-0.00082343817,0.0,0.0,-0.017011901,0
9107263044,-0.18605033,0.088481836,-0.0008237362,0.0,0.0,-0.017528052,0
9107272530,-0.18604991,0.088483095,-0.0008235872,0.0,0.0,-0.01803795,0
9107281987,-0.1860688,0.08847673,-0.0008235872,0.0,0.0,-0.0185335,0
9107292495,-0.18607505,0.08846377,-0.00082328916,0.0,0.0,-0.01899595,0
9107304235,-0.18607506,0.08845968,-0.00082343817,0.0,0.0,-0.0195099,0
9107312397,-0.18607989,0.08845877,-0.00082343817,0.0,0.0,-0.02003015,0
9107322808,-0.18607137,0.0884634,-0.00082328916,0.0,0.0,-0.02051365,0
9107333246,-0.18606351,0.08846836,-0.00082343817,0.0,0.0,-0.0210362,0
9107342938,-0.18605596,0.08847283,-0.00082343817,0.0,0.0,-0.0215481,0
9107352628,-0.18606171,0.08847172,-0.00082343817,0.0,0.0,-0.02200795,0
9107363045,-0.18606782,0.08847051,-0.00082343817,0.0,0.0,-0.0225266,0
9107374563,-0.18608323,0.08846581,-0.00082343817,0.0,0.0,-0.0230376,0
9107381960,-0.18609852,0.08846107,-0.0008235872,0.0,0.0,-0.02355835,0
9107392568,-0.18610634,0.08846064,-0.00082343817,0.0,0.0,-0.02399385,0
9107403077,-0.18611321,0.088459805,-0.0008237362,0.0,0.0,-0.02452415,0
9107413619,-0.18612611,0.08845595,-0.0008235872,0.0,0.0,-0.02503795,0
9107422989,-0.186119,0.08846045,-0.0008235872,0.0,0.0,-0.02553055,0
9107432388,-0.1861119,0.08846496,-0.0008238852,0.0,0.0,-0.026046501,0
9107443889,-0.1861024,0.08847006,-0.0008235872,0.0,0.0,-0.026524901,0
9107453351,-0.18609463,0.08847424,-0.0008237362,0.0,0.0,-0.027023902,0
9107463096,-0.1860866,0.088478535,-0.0008235872,0.0,0.0,-0.027574502,0
9107472979,-0.18607847,0.08848288,-0.0008237362,0.0,0.0,-0.028050251,0
9107483567,-0.18606977,0.08848753,-0.0008235872,0.0,0.0,-0.028542802,0
9107492031,-0.18607475,0.08848654,-0.0008235872,0.0,0.0,-0.029033352,0
9107502482,-0.18608166,0.08848565,-0.0008237362,0.0,0.0,-0.02949405,0
9107513041,-0.18607375,0.08849064,-0.0008235872,0.0,0.0,-0.030026602,0
9107522740,-0.18607315,0.088492356,-0.0008235872,0.0,0.0,-0.030543102,0
9107533303,-0.18608013,0.088491455,-0.0008237362,0.0,0.0,-0.031035852,0
9107542967,-0.1860729,0.08849604,-0.0008235872,0.0,0.0,-0.0315673,0
9107554630,-0.18607196,0.08849808,-0.0008240342,0.0,0.0,-0.032030802,0
9107563050,-0.18607756,0.08849737,-0.0008237362,0.0,0.0,-0.032558754,0
9107573559,-0.18608451,0.08849648,-0.0008238852,0.0,0.0,-0.033058304,0
9107582915,-0.18607698,0.08849016,-0.0008238852,0.0,0.0,-0.033571705,0
9107593427,-0.18605474,0.0884831,-0.0008235872,0.0,0.0,-0.034042206,0
9107602834,-0.18606105,0.08848234,-0.0008235872,0.0,0.0,-0.034521807,0
9107613272,-0.18605329,0.0884873,-0.0008235872,0.0,0.0,-0.03504751,0
9107624163,-0.18604518,0.08849247,-0.0008235872,0.0,0.0,-0.035548758,0
9107632224,-0.18603864,0.088495985,-0.00082343817,0.0,0.0,-0.03602791,0
9107643083,-0.18604589,0.088495046,-0.0008235872,0.0,0.0,-0.036516357,0
9107653429,-0.18606737,0.0884884,-0.0008237362,0.0,0.0,-0.037049107,0
9107662934,-0.1860734,0.088487454,-0.0008237362,0.0,0.0,-0.03756771,0
9107673467,-0.1860804,0.0884866,-0.0008237362,0.0,0.0,-0.03801151,0
9107682812,-0.18608585,0.08848549,-0.0008237362,0.0,0.0,-0.03856806,0
9107694186,-0.18609253,0.08848414,-0.0008237362,0.0,0.0,-0.03903586,0
9107702757,-0.18609138,0.08848527,-0.0008237362,0.0,0.0,-0.03955131,0
9107713136,-0.18609658,0.08848365,-0.0008237362,0.0,0.0,-0.04003031,0
9107723707,-0.18608867,0.08848867,-0.0008238852,0.0,0.0,-0.04055316,0
9107734142,-0.18608814,0.0884904,-0.0008237362,0.0,0.0,-0.04107816,0
9107743588,-0.1860805,0.088484,-0.0008237362,0.0,0.0,-0.041562162,0
9107752982,-0.18607298,0.08847771,-0.0008235872,0.0,0.0,-0.04207466,0
9107763375,-0.18608075,0.08847726,-0.0008235872,0.0,0.0,-0.04254496,0
9107772848,-0.18607363,0.08848177,-0.0008237362,0.0,0.0,-0.04306496,0
9107783277,-0.18606505,0.088486336,-0.0008237362,0.0,0.0,-0.04353736,0
9107793739,-0.18605652,0.088490926,-0.0008237362,0.0,0.0,-0.044068508,0
9107805560,-0.18606398,0.08848973,-0.0008237362,0.0,0.0,-0.04457086,0
9107812911,-0.18606892,0.08848913,-0.0008238852,0.0,0.0,-0.04509496,0
9107823345,-0.18607505,0.0884879,-0.0008237362,0.0,0.0,-0.04554166,0
9107833740,-0.1860804,0.08849806,-0.0008238852,0.0,0.0,-0.04607321,0
9107843311,-0.18608569,0.08850185,-0.0008238852,0.0,0.0,-0.04657336,0
9107853680,-0.18610716,0.08849514,-0.0008240342,0.0,0.0,-0.04705726,0
9107864402,-0.18611418,0.08849425,-0.0008238852,0.0,0.0,-0.04757921,0
9107875041,-0.18610537,0.08849888,-0.0008238852,0.0,0.0,-0.04809406,0
9107883509,-0.1861103,0.088497855,-0.0008241832,0.0,0.0,-0.04859381,0
9107894098,-0.18611726,0.08849696,-0.0008241832,0.0,0.0,-0.049081963,0
9107903391,-0.18611027,0.08850137,-0.0008240342,0.0,0.0,-0.049598463,0
9107914025,-0.18610148,0.08850598,-0.0008241832,0.0,0.0,-0.050066262,0
9107923498,-0.186107,0.08850485,-0.0008240342,0.0,0.0,-0.05056741,0
9107933934,-0.18611306,0.08850358,-0.0008240342,0.0,0.0,-0.05106981,0
9107944442,-0.18610433,0.08850813,-0.0008238852,0.0,0.0,-0.05160231,0
9107953912,-0.18611632,0.088504404,-0.0008240342,0.0,0.0,-0.052050263,0
9107963263,-0.18612243,0.088503584,-0.0008241832,0.0,0.0,-0.052589063,0
9107973872,-0.18612939,0.08850268,-0.0008241832,0.0,0.0,-0.05306886,0
9107984360,-0.18612862,0.0885048,-0.0008238852,0.0,0.0,-0.05357661,0
9107993709,-0.18613473,0.08850399,-0.0008241832,0.0,0.0,-0.05408236,0
9108003246,-0.18614091,0.08850315,-0.0008240342,0.0,0.0,-0.05458256,0
9108013626,-0.18613303,0.08850807,-0.0008238852,0.0,0.0,-0.05506506,0
9108023058,-0.18613917,0.088507235,-0.0008240342,0.0,0.0,-0.05557551,0
9108033667,-0.18614605,0.0885063,-0.00082433224,0.0,0.0,-0.05604876,0
9108044342,-0.18615298,0.08850537,-0.0008240342,0.0,0.0,-0.05658586,0
9108055030,-0.18616028,0.08850463,-0.00082433224,0.0,0.0,-0.05710116,0
9108063710,-0.18615302,0.088508405,-0.00082433224,0.0,0.0,-0.057592362,0
9108074295,-0.18614419,0.08851302,-0.0008240342,0.0,0.0,-0.05809031,0
9108084287,-0.18613586,0.08851732,-0.00082463026,0.0,0.0,-0.05860976,0
9108093708,-0.18612903,0.08852192,-0.0008241832,0.0,0.0,-0.05910591,0
9108104213,-0.18612108,0.08852683,-0.0008241832,0.0,0.0,-0.05957896,0
9108114538,-0.18611252,0.08853128,-0.00082433224,0.0,0.0,-0.060102608,0
9108125069,-0.18611191,0.08853294,-0.00082448125,0.0,0.0,-0.060613457,0
9108133409,-0.18611802,0.08853248,-0.0008241832,0.0,0.0,-0.061118707,0
9108144178,-0.18610987,0.08853748,-0.00082448125,0.0,0.0,-0.061567456,0
9108156867,-0.1860994,0.0885429,-0.00082433224,0.0,0.0,-0.062102154,0
9108164221,-0.18611349,0.08854592,-0.00082433224,0.0,0.0,-0.062726356,0
9108173699,-0.18611996,0.08854987,-0.00082463026,0.0,0.0,-0.063105606,0
9108184430,-0.18612617,0.08854846,-0.00082448125,0.0,0.0,-0.063590854,0
9108194845,-0.18613216,0.088547096,-0.00082463026,0.0,0.0,-0.06410805,0
9108203297,-0.18613192,0.08854856,-0.00082463026,0.0,0.0,-0.06458295,0
9108213806,-0.18615282,0.08854135,-0.00082463026,0.0,0.0,-0.06507065,0
9108224274,-0.1861743,0.08853451,-0.0008247793,0.0,0.0,-0.06559625,0
9108234859,-0.18617325,0.088536985,-0.00082448125,0.0,0.0,-0.06609685,0
9108244323,-0.18616529,0.08854104,-0.00082448125,0.0,0.0,-0.06659955,0
9108253693,-0.1861575,0.088545054,-0.00082448125,0.0,0.0,-0.06712035,0
9108264087,-0.18614879,0.08854949,-0.0008247793,0.0,0.0,-0.06758905,0
9108273645,-0.18615463,0.088548414,-0.0008247793,0.0,0.0,-0.0680987,0
9108284086,-0.18614665,0.088553235,-0.00082463026,0.0,0.0,-0.06857615,0
9108294469,-0.18615262,0.088551894,-0.00082463026,0.0,0.0,-0.06910755,0
9108306046,-0.1861431,0.08854392,-0.00082448125,0.0,0.0,-0.0696081,0
9108314146,-0.18615916,0.088538356,-0.00082463026,0.0,0.0,-0.07011395,0
9108323708,-0.18616539,0.088537484,-0.00082448125,0.0,0.0,-0.07061195,0
9108334205,-0.1861729,0.08853687,-0.0008247793,0.0,0.0,-0.071081996,0
9108344768,-0.18619457,0.088529974,-0.0008247793,0.0,0.0,-0.071607046,0
9108354207,-0.18621397,0.08852389,-0.00082463026,0.0,0.0,-0.0721427,0
9108364647,-0.18620528,0.08851677,-0.00082463026,0.0,0.0,-0.072605245,0
9108376130,-0.18621436,0.08851648,-0.00082463026,0.0,0.0,-0.073117495,0
9108383710,-0.18621796,0.08852381,-0.0008247793,0.0,0.0,-0.07362759,0
9108394256,-0.18620902,0.08852836,-0.00082463026,0.0,0.0,-0.07409069,0
9108404261,-0.186188,0.08853772,-0.0008247793,0.0,0.0,-0.074615136,0
9108414475,-0.18618008,0.088547215,-0.0008247793,0.0,0.0,-0.075102784,0
9108423852,-0.18618402,0.088565364,-0.0008249283,0.0,0.0,-0.07558694,0
9108434392,-0.18616182,0.08858574,-0.0008252263,0.0,0.0,-0.076088935,0
9108445772,-0.18613797,0.088596255,-0.0008249283,0.0,0.0,-0.07661373,0
9108454381,-0.18614823,0.088592954,-0.0008249283,0.0,0.0,-0.07713888,0
9108464657,-0.18616858,0.0885858,-0.0008249283,0.0,0.0,-0.07760808,0
9108475141,-0.18619013,0.08857887,-0.0008250773,0.0,0.0,-0.07813978,0
9108485697,-0.18622644,0.08856594,-0.0008252263,0.0,0.0,-0.078650385,0
9108494077,-0.18623179,0.088565126,-0.0008249283,0.0,0.0,-0.07912573,0
9108504759,-0.1862377,0.0885637,-0.0008249283,0.0,0.0,-0.07961058,0
9108515036,-0.18624268,0.08856199,-0.0008252263,0.0,0.0,-0.08,0
9108524657,-0.1862342,0.08856592,-0.0008252263,0.0,0.0,-0.08,0
9108534259,-0.18622673,0.08857034,-0.0008252263,0.0,0.0,-0.08,0
9108544774,-0.18621854,0.08857516,-0.0008250773,0.0,0.0,-0.08,0
9108556185,-0.18623227,0.088582516,-0.0008252263,0.0,0.0,-0.08,0
9108564771,-0.1862377,0.08858163,-0.0008253753,0.0,0.0,-0.08,0
9108574184,-0.1862297,0.08857506,-0.0008250773,0.0,0.0,-0.08,0
9108584660,-0.18620625,0.08856194,-0.0008250773,0.0,0.0,-0.08,0
9108595184,-0.18620045,0.088560924,-0.0008249283,0.0,0.0,-0.08,0
9108604636,-0.18620574,0.08855966,-0.0008250773,0.0,0.0,-0.08,0
9108614977,-0.18619701,0.08855247,-0.0008250773,0.0,0.0,-0.08,0
9108626482,-0.18618041,0.08854175,-0.0008247793,0.0,0.0,-0.08,0
9108633934,-0.1861951,0.088536635,-0.0008247793,0.0,0.0,-0.08,0
9108644554,-0.18621606,0.08852936,-0.0008247793,0.0,0.0,-0.08,0
9108654596,-0.18623427,0.08853313,-0.0008247793,0.0,0.0,-0.08,0
9108664960,-0.18625358,0.08854269,-0.0008252263,0.0,0.0,-0.08,0
9108674426,-0.18625951,0.0885418,-0.0008249283,0.0,0.0,-0.08,0
9108684900,-0.18625052,0.08854626,-0.0008250773,0.0,0.0,-0.08,0
9108695286,-0.18624166,0.0885507,-0.0008250773,0.0,0.0,-0.08,0
9108704802,-0.18623358,0.08855477,-0.0008250773,0.0,0.0,-0.08,0
9108715276,-0.18623942,0.08855339,-0.0008250773,0.0,0.0,-0.08,0
9108724549,-0.18624455,0.08855216,-0.0008252263,0.0,0.0,-0.08,0
9108736175,-0.18626107,0.088547096,-0.0008250773,0.0,0.0,-0.08,0
9108744586,-0.18628947,0.08854613,-0.0008252263,0.0,0.0,-0.08,0
9108755148,-0.18632421,0.088544555,-0.0008252263,0.0,0.0,-0.08,0
9108765478,-0.18635818,0.08854302,-0.00082567334,0.0,0.0,-0.08,0
9108774964,-0.1863825,0.08854458,-0.00082567334,0.0,0.0,-0.08,0
9108784394,-0.18640004,0.08854844,-0.00082567334,0.0,0.0,-0.08,0
9108794802,-0.18642175,0.088541985,-0.00082582235,0.0,0.0,-0.08,0
9108806368,-0.18642002,0.08854432,-0.00082597136,0.0,0.0,-0.08,0
9108814871,-0.18641308,0.08854825,-0.00082582235,0.0,0.0,-0.08,0
9108825368,-0.18641853,0.08854688,-0.00082582235,0.0,0.0,-0.08,0
9108835756,-0.1864247,0.08854589,-0.00082567334,0.0,0.0,-0.08,0
9108845236,-0.18641724,0.0885504,-0.00082582235,0.0,0.0,-0.08,0
9108854713,-0.18640885,0.08855446,-0.00082582235,0.0,0.0,-0.08,0
9108865128,-0.1864143,0.0885531,-0.00082582235,0.0,0.0,-0.08,0
9108876583,-0.18643679,0.08854542,-0.00082567334,0.0,0.0,-0.08,0
9108884983,-0.18645427,0.08854021,-0.00082582235,0.0,0.0,-0.08,0
9108895420,-0.1864751,0.0885334,-0.00082582235,0.0,0.0,-0.08,0
9108905041,-0.18649429,0.08852716,-0.00082597136,0.0,0.0,-0.08,0
9108915509,-0.18648577,0.088520385,-0.00082582235,0.0,0.0,-0.08,0
9108924945,-0.18649119,0.08851953,-0.00082597136,0.0,0.0,-0.08,0
9108935407,-0.18649733,0.088518605,-0.00082582235,0.0,0.0,-0.08,0
9108945822,-0.18651801,0.08851187,-0.00082582235,0.0,0.0,-0.08,0
9108955295,-0.18652838,0.088517934,-0.00082582235,0.0,0.0,-0.08,0
9108964674,-0.18651985,0.08852199,-0.00082597136,0.0,0.0,-0.08,0
9108975089,-0.18651038,0.088526465,-0.0008261204,0.0,0.0,-0.08,0
9108984755,-0.18650271,0.08853117,-0.00082597136,0.0,0.0,-0.08,0
9108995088,-0.18650863,0.0885302,-0.0008261204,0.0,0.0,-0.08,0
9109005584,-0.18651393,0.08852889,-0.00082597136,0.0,0.0,-0.08,0
9109017055,-0.18652937,0.088524014,-0.00082597136,0.0,0.0,-0.08,0
9109025402,-0.18654591,0.0885186,-0.00082597136,0.0,0.0,-0.08,0
9109034899,-0.18656391,0.08851214,-0.0008261204,0.0,0.0,-0.08,0
9109045713,-0.18658444,0.08850478,-0.00082597136,0.0,0.0,-0.08,0
9109056222,-0.18659033,0.08850386,-0.0008261204,0.0,0.0,-0.08,0
9109065704,-0.18659565,0.088503055,-0.0008261204,0.0,0.0,-0.08,0
9109075174,-0.1865876,0.08850751,-0.0008264184,0.0,0.0,-0.08,0
9109085476,-0.18657887,0.08851235,-0.0008262694,0.0,0.0,-0.08,0
9109094954,-0.18657081,0.0885168,-0.0008261204,0.0,0.0,-0.08,0
9109105383,-0.18656202,0.088521704,-0.0008261204,0.0,0.0,-0.08,0
9109115934,-0.18655233,0.088526234,-0.0008262694,0.0,0.0,-0.08,0
9109126381,-0.18654278,0.08853074,-0.0008264184,0.0,0.0,-0.08,0
9109134700,-0.18653575,0.08853461,-0.0008265674,0.0,0.0,-0.08,0
9109145196,-0.18652773,0.088539876,-0.0008264184,0.0,0.0,-0.08,0
9109155828,-0.1865346,0.08853925,-0.0008264184,0.0,0.0,-0.08,0
9109165234,-0.18654644,0.088536076,-0.0008262694,0.0,0.0,-0.08,0
9109175662,-0.18653692,0.088540554,-0.0008262694,0.0,0.0,-0.08,0
9109186020,-0.18654281,0.088539556,-0.0008262694,0.0,0.0,-0.08,0
9109196463,-0.18654875,0.088538595,-0.0008262694,0.0,0.0,-0.08,0
9109204893,-0.18656956,0.08853934,-0.0008264184,0.0,0.0,-0.08,0
9109215528,-0.18657482,0.08853799,-0.0008262694,0.0,0.0,-0.08,0
9109226069,-0.1865651,0.08854252,-0.0008264184,0.0,0.0,-0.0794764,0
9109236692,-0.18655537,0.088547036,-0.0008264184,0.0,0.0,-0.078950204,0
9109246112,-0.18654673,0.088551044,-0.0008265674,0.0,0.0,-0.07849701,0
9109255497,-0.18653812,0.08855503,-0.0008262694,0.0,0.0,-0.07793846,0
9109267041,-0.18652804,0.088560164,-0.0008264184,0.0,0.0,-0.077490106,0
9109275426,-0.18652163,0.08856432,-0.0008265674,0.0,0.0,-0.07694956,0
9109285956,-0.18651359,0.08856954,-0.0008262694,0.0,0.0,-0.07648291,0
9109296390,-0.18650489,0.08857431,-0.0008264184,0.0,0.0,-0.07594646,0
9109306792,-0.18651827,0.088569656,-0.0008267164,0.0,0.0,-0.07544691,0
9109315227,-0.18653305,0.08857276,-0.0008265674,0.0,0.0,-0.07495921,0
9109325968,-0.18653679,0.08858269,-0.0008265674,0.0,0.0,-0.07448451,0
9109336374,-0.18654196,0.08858127,-0.0008265674,0.0,0.0,-0.07394696,0
9109345873,-0.18655229,0.08857772,-0.0008267164,0.0,0.0,-0.07343621,0
9109355306,-0.18654433,0.08858201,-0.0008265674,0.0,0.0,-0.07295186,0
9109365689,-0.18655026,0.088580966,-0.0008267164,0.0,0.0,-0.07247961,0
9109377221,-0.18657354,0.08857355,-0.00082701445,0.0,0.0,-0.07198042,0
9109385659,-0.18657832,0.08857272,-0.0008267164,0.0,0.0,-0.07145752,0
9109396139,-0.18658341,0.088571295,-0.0008267164,0.0,0.0,-0.07096312,0
9109416536,-0.18659464,0.08856929,-0.00082686543,0.0,0.0,-0.07043962,0
9109426047,-0.18657327,0.08856835,-0.00082686543,0.0,0.0,-0.06978487,0
9109436573,-0.18669993,0.088535145,-0.00082686543,0.0,0.0,-0.069469325,0
9109447252,-0.18689877,0.088507056,-0.0008274615,0.0,0.0,-0.06894293,0
9109455649,-0.18690564,0.08851811,-0.0008274615,0.0,0.0,-0.06842793,0
9109466233,-0.18665567,0.08857782,-0.00082701445,0.0,0.0,-0.067958675,0
9109476799,-0.18642709,0.08863898,-0.0008265674,0.0,0.0,-0.067480825,0
9109486216,-0.18645188,0.08866098,-0.00082716346,0.0,0.0,-0.06694478,0
9109495746,-0.18658492,0.088687584,-0.0008276105,0.0,0.0,-0.066418774,0
9109506075,-0.18659863,0.0887398,-0.00082820654,0.0,0.0,-0.06598443,0
9109517721,-0.18654841,0.08878688,-0.00082850456,0.0,0.0,-0.065459125,0
9109526268,-0.18670326,0.08877218,-0.0008291006,0.0,0.0,-0.06496862,0
9109536125,-0.18684375,0.088753074,-0.00082954764,0.0,0.0,-0.06442688,0
9109546630,-0.18695217,0.08872818,-0.00082954764,0.0,0.0,-0.06393383,0
9109557053,-0.18713325,0.08870926,-0.0008305907,0.0,0.0,-0.06345218,0
9109565789,-0.18724543,0.088703245,-0.00083103776,0.0,0.0,-0.06292462,0
9109575993,-0.1873711,0.08869737,-0.0008314848,0.0,0.0,-0.062446523,0
9109586476,-0.1874238,0.08870498,-0.0008316338,0.0,0.0,-0.061954774,0
9109595964,-0.18741861,0.08870624,-0.0008314848,0.0,0.0,-0.061458126,0
9109606490,-0.18749312,0.08870568,-0.0008317828,0.0,0.0,-0.060944226,0
9109616965,-0.18760772,0.0886891,-0.0008325279,0.0,0.0,-0.060456924,0
9109627370,-0.18773958,0.088669956,-0.0008328259,0.0,0.0,-0.059931725,0
9109635738,-0.18780518,0.08867499,-0.00083327293,0.0,0.0,-0.059409477,0
9109646240,-0.1877949,0.08867836,-0.00083327293,0.0,0.0,-0.058940075,0
9109656991,-0.18756253,0.08870997,-0.0008326769,0.0,0.0,-0.058465876,0
9109666790,-0.18719384,0.088764176,-0.0008311868,0.0,0.0,-0.057931874,0
9109676192,-0.1871078,0.088787735,-0.0008311868,0.0,0.0,-0.057406023,0
9109686591,-0.1871042,0.0888232,-0.0008316338,0.0,0.0,-0.05691777,0
9109695996,-0.18695398,0.08891447,-0.0008314848,0.0,0.0,-0.05644577,0
9109706782,-0.18675976,0.08902895,-0.0008317828,0.0,0.0,-0.05593502,0
9109716266,-0.18673307,0.08911012,-0.0008326769,0.0,0.0,-0.05545527,0
9109726688,-0.18675818,0.089217424,-0.00083342195,0.0,0.0,-0.05490657,0
9109736166,-0.18674687,0.089302726,-0.000834465,0.0,0.0,-0.05444177,0
9109746847,-0.1867263,0.089341685,-0.00083461404,0.0,0.0,-0.053939868,0
9109757270,-0.18663532,0.08938829,-0.000834465,0.0,0.0,-0.053445768,0
9109767741,-0.18640676,0.08947184,-0.000834465,0.0,0.0,-0.05291237,0
9109776207,-0.1860977,0.089621425,-0.000834465,0.0,0.0,-0.05240122,0
9109786736,-0.18527113,0.08999229,-0.000833869,0.0,0.0,-0.051905718,0
9109797114,-0.18196142,0.09152456,-0.0008331239,0.0,0.0,-0.05144467,0
9109807589,-0.17486337,0.09455509,-0.00082731247,0.0,0.0,-0.05091957,0
9109816059,-0.16607471,0.09805992,-0.0008146465,0.0,0.0,-0.05040957,0
9109826647,-0.15146689,0.103940584,-0.0007878244,0.0,0.0,-0.04992907,0
9109837177,-0.13415152,0.110979095,-0.00074505806,0.0,0.0,-0.04944317,0
9109846681,-0.116971165,0.11780371,-0.0006894767,0.0,0.0,-0.04891352,0
9109856116,-0.09928178,0.12481281,-0.00062033534,0.0,0.0,-0.04839732,0
9109866556,-0.07971801,0.13258481,-0.00052914023,0.0,0.0,-0.047911122,0
9109878003,-0.059920885,0.14033943,-0.00042110682,0.0,0.0,-0.047450274,0
9109886466,-0.048041947,0.14496416,-0.00034883618,0.0,0.0,-0.046929725,0
9109897010,-0.037666105,0.1489924,-0.0002810359,0.0,0.0,-0.046417374,0
9109906511,-0.032037124,0.1511428,-0.00024273992,0.0,0.0,-0.045922875,0
9109917443,-0.02791862,0.15267612,-0.00021338463,0.0,0.0,-0.045404874,0
9109927163,-0.02436134,0.15401308,-0.00018790364,0.0,0.0,-0.044942822,0
9109936619,-0.019788453,0.15573269,-0.00015422702,0.0,0.0,-0.04437407,0
9109948116,-0.012490619,0.15848114,-9.924173e-05,0.0,0.0,-0.04388872,0
9109956537,-0.006799251,0.16066268,-5.468726e-05,0.0,0.0,-0.043435123,0
9109967142,0.00034425408,0.16342486,3.1292439e-06,0.0,0.0,-0.042903073,0
9109976613,0.008018874,0.16638005,6.6906214e-05,0.0,0.0,-0.042426873,0
9109987126,0.018788762,0.1706271,0.00016093254,0.0,0.0,-0.041889023,0
9109996796,0.030475948,0.17525302,0.00026762486,0.0,0.0,-0.041432872,0
9110007310,0.044397973,0.18068916,0.00040188432,0.0,0.0,-0.040888272,0
9110018011,0.058413614,0.1861291,0.00054463744,0.0,0.0,-0.04041137,0
9110026429,0.06825572,0.18995869,0.00064983964,0.0,0.0,-0.03990177,0
9110036912,0.07897563,0.19407724,0.0007686019,0.0,0.0,-0.03938337,0
9110047393,0.0884489,0.19769195,0.0008766353,0.0,0.0,-0.03893337,0
9110057860,0.09675807,0.20091371,0.00097483397,0.0,0.0,-0.03839767,0
9110067312,0.103657484,0.20361532,0.0010584295,0.0,0.0,-0.03788652,0
9110077819,0.11065981,0.20637196,0.0011450052,0.0,0.0,-0.03742717,0
9110086489,0.11595167,0.20849216,0.0012122095,0.0,0.0,-0.036880117,0
9110096926,0.12243366,0.21108666,0.001296252,0.0,0.0,-0.036406618,0
9110107431,0.12946504,0.21389624,0.0013890862,0.0,0.0,-0.035942167,0
9110116856,0.13662404,0.21673024,0.0014853477,0.0,0.0,-0.035398066,0
9110128297,0.14616802,0.22061905,0.001617372,0.0,0.0,-0.034883317,0
9110136681,0.15386008,0.22365925,0.0017264485,0.0,0.0,-0.03442627,0
9110146964,0.1636779,0.22736362,0.0018671155,0.0,0.0,-0.033894118,0
9110157314,0.17312968,0.23105645,0.0020076334,0.0,0.0,-0.033408817,0
9110166974,0.18185301,0.23453772,0.0021407008,0.0,0.0,-0.032908216,0
9110177489,0.19347401,0.23930115,0.002323836,0.0,0.0,-0.032390065,0
9110186872,0.20853327,0.24554893,0.0025707483,0.0,0.0,-0.031910114,0
9110198453,0.23180024,0.25506705,0.0029693544,0.0,0.0,-0.031370465,0
9110206817,0.2485633,0.26188007,0.0032699108,0.0,0.0,-0.030910665,0
9110217303,0.26716056,0.2693847,0.0036163628,0.0,0.0,-0.030397965,0
9110227716,0.28233832,0.27582029,0.00391379,0.0,0.0,-0.029902564,0
9110237194,0.29388088,0.28140953,0.004157424,0.0,0.0,-0.029389465,0
9110246651,0.30389807,0.28705698,0.004386157,0.0,0.0,-0.028867915,0
9110257236,0.3126723,0.29321086,0.0046107173,0.0,0.0,-0.028383816,0
9110268804,0.31881213,0.2991351,0.004797429,0.0,0.0,-0.027922265,0
9110277178,0.32117888,0.30262986,0.004890263,0.0,0.0,-0.027403815,0
9110287607,0.3229244,0.3063863,0.004978478,0.0,0.0,-0.026881265,0
9110296968,0.32327747,0.30970448,0.0050386786,0.0,0.0,-0.026385164,0
9110307501,0.32124162,0.31367248,0.0050720572,0.0,0.0,-0.025873164,0
9110316947,0.3168292,0.31769228,0.005067289,0.0,0.0,-0.025414664,0
9110327506,0.30934718,0.32308012,0.005033314,0.0,0.0,-0.024917563,0
9110339007,0.2988733,0.33040264,0.0049744546,0.0,0.0,-0.024396513,0
9110347364,0.28958672,0.33685,0.004915148,0.0,0.0,-0.023883263,0
9110356795,0.27720383,0.34538037,0.004826188,0.0,0.0,-0.023360413,0
9110367198,0.26146427,0.35635877,0.004699677,0.0,0.0,-0.022886362,0
9110377694,0.24334726,0.3688177,0.004529804,0.0,0.0,-0.022405412,0
9110387134,0.22528373,0.38111952,0.004336089,0.0,0.0,-0.021896211,0
9110397668,0.20296079,0.39592654,0.0040616095,0.0,0.0,-0.021425562,0
9110407221,0.17974466,0.4100108,0.0037281215,0.0,0.0,-0.020898562,0
9110416960,0.15231568,0.42477673,0.0032755733,0.0,0.0,-0.020363562,0
9110427949,0.117371194,0.44154304,0.0026261806,0.0,0.0,-0.020831762,0
9110437250,0.08604366,0.45525625,0.0019867718,0.0,0.0,-0.021326961,0
9110448964,0.0478068,0.47118187,0.0011436641,0.0,0.0,-0.02187616,0
9110457351,0.02340164,0.48115617,0.0005720556,0.0,0.0,-0.02233641,0
9110467903,-0.0018997118,0.4914872,-4.7683716e-05,0.0,0.0,-0.02285596,0
9110477260,-0.018587746,0.4984393,-0.00047132373,0.0,0.0,-0.02335161,0
9110487754,-0.029846616,0.5038455,-0.00076547265,0.0,0.0,-0.02386446,0
9110497188,-0.033915676,0.5070574,-0.0008751452,0.0,0.0,-0.02433556,0
9110507864,-0.034453087,0.50912553,-0.0008931756,0.0,0.0,-0.02486161,0
9110519549,-0.032910034,0.5097338,-0.00085413456,0.0,0.0,-0.02534331,0
9110527251,-0.030433424,0.5093888,-0.0007893145,0.0,0.0,-0.02585161,0
9110537973,-0.024789833,0.5086012,-0.000641942,0.0,0.0,-0.026370859,0
9110547612,-0.019482933,0.50830996,-0.0005044043,0.0,0.0,-0.026830759,0
9110557644,-0.01596842,0.50896066,-0.00041365623,0.0,0.0,-0.027380958,0
9110568228,-0.01551386,0.51078343,-0.00040337443,0.0,0.0,-0.027852258,0
9110578627,-0.017929524,0.51348025,-0.00046879053,0.0,0.0,-0.028363558,0
9110589029,-0.022782385,0.5168847,-0.00060006976,0.0,0.0,-0.028891107,0
9110597721,-0.0288428,0.5201848,-0.0007645786,0.0,0.0,-0.029383658,0
9110607220,-0.036793984,0.5242148,-0.0009828806,0.0,0.0,-0.029847257,0
9110617598,-0.045770854,0.52917194,-0.0012348592,0.0,0.0,-0.030366408,0
9110628309,-0.055741407,0.5349497,-0.0015212595,0.0,0.0,-0.030831508,0
9110637725,-0.06591074,0.54059565,-0.0018182397,0.0,0.0,-0.03135166,0
9110648262,-0.07856876,0.54735816,-0.0021959841,0.0,0.0,-0.03185751,0
9110658745,-0.091340356,0.55407923,-0.0025856495,0.0,0.0,-0.032369807,0
9110667227,-0.10059543,0.5589538,-0.002873689,0.0,0.0,-0.032875158,0
9110677689,-0.10938868,0.5636139,-0.0031520426,0.0,0.0,-0.03338191,0
9110688641,-0.11467628,0.5667319,-0.003323406,0.0,0.0,-0.03384226,0
9110698459,-0.11563774,0.5682027,-0.0033603609,0.0,0.0,-0.034366008,0
9110707807,-0.11400733,0.5690343,-0.0033181906,0.0,0.0,-0.034901306,0
9110718348,-0.11158828,0.5700541,-0.0032539666,0.0,0.0,-0.035339605,0
9110727703,-0.11051964,0.57125884,-0.0032298267,0.0,0.0,-0.035863906,0
9110738211,-0.110347085,0.5730692,-0.0032353401,0.0,0.0,-0.036387157,0
9110747656,-0.110106915,0.5750854,-0.0032402575,0.0,0.0,-0.036858458,0
9110758103,-0.10930341,0.5776006,-0.0032316148,0.0,0.0,-0.037384108,0
9110769773,-0.108430125,0.5806114,-0.0032232702,0.0,0.0,-0.037866056,0
9110778173,-0.10849811,0.5828715,-0.0032384694,0.0,0.0,-0.038367506,0
9110787593,-0.10968752,0.58539724,-0.0032886863,0.0,0.0,-0.038884856,0
9110798095,-0.11202358,0.5882365,-0.003375709,0.0,0.0,-0.039391655,0
9110808658,-0.11530366,0.591129,-0.0034925342,0.0,0.0,-0.039853107,0
9110818025,-0.119226165,0.59356636,-0.0036269426,0.0,0.0,-0.040378306,0
9110828554,-0.124706924,0.5960207,-0.003810227,0.0,0.0,-0.040903755,0
9110840089,-0.13116267,0.5983964,-0.0040242076,0.0,0.0,-0.041375406,0
9110847623,-0.13511035,0.5998157,-0.004155636,0.0,0.0,-0.041908458,0
9110858185,-0.14021245,0.6016912,-0.00432685,0.0,0.0,-0.04239946,0
9110868741,-0.14532018,0.6035903,-0.0044992566,0.0,0.0,-0.04285486,0
9110878095,-0.15011984,0.6052736,-0.0046615303,0.0,0.0,-0.043390412,0
9110888630,-0.15522468,0.6070814,-0.004835278,0.0,0.0,-0.043906163,0
9110897928,-0.15823987,0.60848093,-0.004941076,0.0,0.0,-0.044357512,0
9110909501,-0.15917219,0.6097179,-0.004980862,0.0,0.0,-0.04490166,0
9110917892,-0.15784599,0.61029834,-0.0049439073,0.0,0.0,-0.04535986,0
9110928663,-0.15411419,0.6107309,-0.0048311055,0.0,0.0,-0.045907263,0
9110938441,-0.14970534,0.6107459,-0.0046931207,0.0,0.0,-0.046377063,0
9110948988,-0.14425474,0.61035407,-0.004519075,0.0,0.0,-0.046902712,0
9110958417,-0.13875395,0.609659,-0.0043416023,0.0,0.0,-0.047380812,0
9110967768,-0.13263553,0.6086095,-0.004142523,0.0,0.0,-0.047891714,0
9110978349,-0.12481447,0.60703766,-0.003887415,0.0,0.0,-0.048392814,0
9110987746,-0.11743851,0.6054359,-0.0036478043,0.0,0.0,-0.048862163,0
9110998228,-0.10995872,0.6037624,-0.0034056604,0.0,0.0,-0.04938796,0
9111008802,-0.104097016,0.6023883,-0.0032162666,0.0,0.0,-0.04986136,0
9111019324,-0.09997461,0.60128725,-0.0030830503,0.0,0.0,-0.05038406,0
9111027872,-0.09715743,0.60040295,-0.0029915571,0.0,0.0,-0.05090101,0
9111038352,-0.09307355,0.5991166,-0.0028593838,0.0,0.0,-0.05139191,0
9111048796,-0.088620484,0.59761435,-0.0027152896,0.0,0.0,-0.051874112,0
9111058151,-0.0847058,0.59609413,-0.0025884807,0.0,0.0,-0.05238771,0
9111068736,-0.07990319,0.5941954,-0.0024336576,0.0,0.0,-0.05290961,0
9111079239,-0.074196234,0.5920881,-0.0022512674,0.0,0.0,-0.05338186,0
9111089786,-0.06741911,0.5896796,-0.0020369887,0.0,0.0,-0.05391711,0
9111098156,-0.061139278,0.58750254,-0.0018399954,0.0,0.0,-0.05442086,0
9111109016,-0.05131021,0.5844453,-0.0015358627,0.0,0.0,-0.05491706,0
9111118366,-0.041451417,0.5816383,-0.0012347102,0.0,0.0,-0.05538266,0
9111128952,-0.029461905,0.578204,-0.00087216496,0.0,0.0,-0.05592696,0
9111138431,-0.01793161,0.57479995,-0.0005275011,0.0,0.0,-0.05639026,0
9111148918,-0.004015416,0.57055455,-0.00011712313,0.0,0.0,-0.05691971,0
9111160373,0.012043975,0.56541026,0.0003479421,0.0,0.0,-0.05740346,0
9111167875,0.022702962,0.56178814,0.0006519258,0.0,0.0,-0.05790696,0
9111178387,0.037692152,0.5564531,0.0010715425,0.0,0.0,-0.05842646,0
9111188749,0.05257286,0.55116975,0.0014798343,0.0,0.0,-0.058875408,0
9111199397,0.0675996,0.5460961,0.0018848479,0.0,0.0,-0.059400156,0
9111208913,0.08013204,0.5419798,0.0022165477,0.0,0.0,-0.059899207,0
9111218288,0.091661066,0.538163,0.002516657,0.0,0.0,-0.060402606,0
9111228731,0.10433059,0.5340059,0.0028415024,0.0,0.0,-0.060926255,0
9111238111,0.11568885,0.5301974,0.0031277537,0.0,0.0,-0.061386656,0
9111248640,0.12800463,0.5257611,0.0034305453,0.0,0.0,-0.061896857,0
9111258979,0.13952386,0.5212549,0.0037059188,0.0,0.0,-0.06237966,0
9111269592,0.15129957,0.5165411,0.0039811432,0.0,0.0,-0.06291401,0
9111279223,0.16211036,0.51225376,0.0042288005,0.0,0.0,-0.063423105,0
9111288633,0.17199922,0.5081516,0.0044496357,0.0,0.0,-0.06390985,0
9111299043,0.18159948,0.503785,0.004655719,0.0,0.0,-0.0644385,0
9111308487,0.18978742,0.49988472,0.004826784,0.0,0.0,-0.06490085,0
9111318906,0.19963376,0.49550545,0.005031079,0.0,0.0,-0.0654243,0
9111329456,0.2106184,0.49100563,0.0052583218,0.0,0.0,-0.0658975,0
9111339995,0.22175051,0.48653346,0.0054834783,0.0,0.0,-0.066418,0
9111348471,0.23018219,0.48302603,0.0056499243,0.0,0.0,-0.06693245,0
9111359085,0.23943317,0.4788229,0.005824119,0.0,0.0,-0.06743085,0
9111369550,0.24701893,0.47469887,0.005955249,0.0,0.0,-0.067907244,0
9111378910,0.2535988,0.47070944,0.0060610473,0.0,0.0,-0.06843305,0
9111389402,0.2625281,0.46579662,0.0062069297,0.0,0.0,-0.06893515,0
9111399737,0.27311203,0.46055353,0.0063821673,0.0,0.0,-0.06941735,0
9111410240,0.28448418,0.4548643,0.0065635145,0.0,0.0,-0.06994075,0
9111418660,0.2935386,0.44998455,0.006697476,0.0,0.0,-0.070441,0
9111429139,0.30469084,0.4435103,0.0068491697,0.0,0.0,-0.07094065,0
9111439633,0.3156601,0.43671453,0.0069841743,0.0,0.0,-0.07140605,0
9111449589,0.32620966,0.42997387,0.0071030855,0.0,0.0,-0.0719369,0
9111458989,0.33705994,0.42315218,0.0072197616,0.0,0.0,-0.072442845,0
9111469551,0.35087645,0.41490626,0.007365644,0.0,0.0,-0.07290675,0
9111480068,0.36611122,0.4061936,0.007520318,0.0,0.0,-0.0734317,0
9111488379,0.37848893,0.39897522,0.007633269,0.0,0.0,-0.0739378,0
9111498885,0.3940198,0.38952312,0.007753819,0.0,0.0,-0.07445221,0
9111509359,0.40937665,0.37995902,0.007854402,0.0,0.0,-0.07490151,0
9111520103,0.42548656,0.37025934,0.007950962,0.0,0.0,-0.07542521,0
9111528638,0.43858144,0.36273965,0.008025914,0.0,0.0,-0.07592836,0
9111539456,0.45100814,0.35393625,0.008049458,0.0,0.0,-0.07643261,0
9111549332,0.44829094,0.347965,0.007863641,0.0,0.0,-0.07691011,0
9111558775,0.43775898,0.34391522,0.0075882673,0.0,0.0,-0.07745231,0
9111569352,0.42888594,0.3398303,0.0073444843,0.0,0.0,-0.07793646,0
9111580025,0.42133883,0.33669844,0.00714764,0.0,0.0,-0.07841232,0
9111590453,0.41523057,0.334257,0.006992221,0.0,0.0,-0.078938514,0
9111598949,0.41107363,0.33257556,0.0068871677,0.0,0.0,-0.07945851,0
9111609498,0.4063943,0.33061057,0.0067676604,0.0,0.0,-0.07994791,0
9111620276,0.40154034,0.32861918,0.006646067,0.0,0.0,-0.08,0
9111629979,0.39676037,0.32666802,0.0065276027,0.0,0.0,-0.08,0
9111639337,0.39149368,0.3244718,0.0063967705,0.0,0.0,-0.08,0
9111650025,0.38474038,0.32168406,0.0062316656,0.0,0.0,-0.08,0
9111660493,0.37729555,0.318686,0.0060531497,0.0,0.0,-0.08,0
9111668934,0.37059897,0.31604046,0.0058959424,0.0,0.0,-0.08,0
9111679393,0.36157393,0.31244782,0.005685836,0.0,0.0,-0.08,0
9111689765,0.35210794,0.30868495,0.0054697692,0.0,0.0,-0.08,0
9111700290,0.34230524,0.30484992,0.005250573,0.0,0.0,-0.08,0
9111710003,0.33320004,0.3012712,0.0050503016,0.0,0.0,-0.08,0
9111719580,0.32406867,0.2976548,0.004851967,0.0,0.0,-0.08,0
9111731061,0.31286764,0.29316428,0.0046129525,0.0,0.0,-0.08,0
9111739458,0.30414405,0.28962326,0.004429519,0.0,0.0,-0.08,0
9111749952,0.29299042,0.28512803,0.0042001903,0.0,0.0,-0.08,0
9111759289,0.28386799,0.28143507,0.00401631,0.0,0.0,-0.08,0
9111769790,0.27349252,0.27723986,0.00381127,0.0,0.0,-0.08,0
9111779225,0.26386705,0.27335647,0.0036248565,0.0,0.0,-0.08,0
9111789687,0.25325215,0.26907793,0.0034241378,0.0,0.0,-0.08,0
9111800274,0.24287477,0.26485556,0.0032317638,0.0,0.0,-0.08,0
9111809788,0.23420784,0.26131144,0.0030744076,0.0,0.0,-0.08,0
9111819170,0.22492659,0.25763637,0.0029104948,0.0,0.0,-0.08,0
9111830487,0.21197736,0.25257432,0.0026886165,0.0,0.0,-0.08,0
9111841066,0.19919963,0.24756038,0.002475828,0.0,0.0,-0.08,0
9111849440,0.18865891,0.24343827,0.0023056567,0.0,0.0,-0.08,0
9111859880,0.1741325,0.23785868,0.002078712,0.0,0.0,-0.08,0
9111870283,0.1564832,0.23115906,0.0018151104,0.0,0.0,-0.08,0
9111880160,0.13616814,0.22330172,0.0015255809,0.0,0.0,-0.08,0
9111890180,0.11336487,0.21435878,0.001218766,0.0,0.0,-0.08,0
9111900520,0.089996755,0.20511788,0.0009253621,0.0,0.0,-0.08,0
9111910999,0.06809775,0.19639242,0.00067055225,0.0,0.0,-0.08,0
9111919377,0.052205585,0.19008571,0.00049740076,0.0,0.0,-0.08,0
9111930166,0.033193324,0.18269843,0.00030368567,0.0,0.0,-0.08,0
9111939534,0.017494261,0.17662027,0.00015482306,0.0,0.0,-0.08,0
9111950071,0.00088356435,0.17017712,7.4505806e-06,0.0,0.0,-0.08,0
9111959458,-0.012716595,0.16492619,-0.0001052022,0.0,0.0,-0.08,0
9111970233,-0.026835613,0.15947112,-0.0002142787,0.0,0.0,-0.08,0
9111981695,-0.04024391,0.15430419,-0.00031098723,0.0,0.0,-0.08,0
9111989159,-0.04801696,0.15132204,-0.00036403537,0.0,0.0,-0.08,0
9111999626,-0.057465322,0.14771375,-0.00042498112,0.0,0.0,-0.08,0
9112010265,-0.06546981,0.144712,-0.00047430396,0.0,0.0,-0.08,0
9112020775,-0.07210849,0.142291,-0.00051379204,0.0,0.0,-0.08,0
9112030179,-0.077980235,0.14026278,-0.0005477667,0.0,0.0,-0.08,0
9112039646,-0.08498043,0.13788407,-0.0005866587,0.0,0.0,-0.08,0
9112051284,-0.095504984,0.13413428,-0.00064119697,0.0,0.0,-0.08,0
9112059657,-0.104606755,0.13074794,-0.00068470836,0.0,0.0,-0.08,0
9112070121,-0.11511102,0.12662175,-0.00072970986,0.0,0.0,-0.08,0
9112080552,-0.12072621,0.12432255,-0.00075131655,0.0,0.0,-0.08,0
9112091050,-0.12269369,0.12358322,-0.0007587671,0.0,0.0,-0.08,0
9112100450,-0.12433356,0.12291618,-0.0007648766,0.0,0.0,-0.08,0
9112109933,-0.12634426,0.12211332,-0.0007723272,0.0,0.0,-0.08,0
9112120414,-0.12842429,0.12135393,-0.0007800758,0.0,0.0,-0.08,0
9112129943,-0.12991102,0.12084015,-0.00078573823,0.0,0.0,-0.08,0
9112140590,-0.13148925,0.120277904,-0.0007915497,0.0,0.0,-0.08,0
9112150983,-0.13336402,0.11956235,-0.0007982552,0.0,0.0,-0.08,0
9112161480,-0.13568762,0.11862856,-0.0008055568,0.0,0.0,-0.08,0
9112169925,-0.13762575,0.11789852,-0.0008119643,0.0,0.0,-0.08,0
9112180389,-0.139654,0.11719811,-0.00081911683,0.0,0.0,-0.08,0
9112190785,-0.1415188,0.11649487,-0.0008250773,0.0,0.0,-0.08,0
9112200322,-0.14361578,0.11568485,-0.0008317828,0.0,0.0,-0.08,0
9112209812,-0.14569888,0.11487403,-0.0008377433,0.0,0.0,-0.08,0
9112220698,-0.14761963,0.11408083,-0.00084251165,0.0,0.0,-0.08,0
9112231327,-0.14955887,0.11322691,-0.00084757805,0.0,0.0,-0.08,0
9112239704,-0.15154256,0.112273544,-0.00085130334,0.0,0.0,-0.08,0
9112250174,-0.15435013,0.11074921,-0.00085547566,0.0,0.0,-0.08,0
9112260571,-0.15754454,0.10904869,-0.000859648,0.0,0.0,-0.08,0
9112271063,-0.1617609,0.10687378,-0.0008650124,0.0,0.0,-0.08,0
9112280342,-0.16775885,0.10419616,-0.00087469816,0.0,0.0,-0.08,0
9112290753,-0.1769301,0.10068123,-0.00089138746,0.0,0.0,-0.08,0
9112302254,-0.18499541,0.097639486,-0.00090390444,0.0,0.0,-0.08,0
9112309797,-0.18856663,0.09633447,-0.00090897083,0.0,0.0,-0.08,0
9112320234,-0.19357458,0.09461197,-0.0009162724,0.0,0.0,-0.08,0
9112330658,-0.2003299,0.09228223,-0.0009249151,0.0,0.0,-0.08,0
9112340170,-0.20994551,0.08890957,-0.00093370676,0.0,0.0,-0.08,0
9112350599,-0.22265577,0.08418122,-0.00093758106,0.0,0.0,-0.08,0
9112359967,-0.23259136,0.08011361,-0.00093221664,0.0,0.0,-0.08,0
9112370450,-0.24038205,0.076848164,-0.000923872,0.0,0.0,-0.08,0
9112379896,-0.2437652,0.07552377,-0.00092059374,0.0,0.0,-0.08,0
9112390506,-0.24580874,0.074742846,-0.0009191036,0.0,0.0,-0.08,0
9112400996,-0.2479857,0.07395255,-0.00091701746,0.0,0.0,-0.08,0
9112411518,-0.2503966,0.07314274,-0.0009159744,0.0,0.0,-0.08,0
9112420892,-0.2518164,0.0726562,-0.0009149313,0.0,0.0,-0.08,0
9112430287,-0.2528543,0.07228029,-0.0009140372,0.0,0.0,-0.08,0
9112440765,-0.2544902,0.07170508,-0.0009125471,0.0,0.0,-0.08,0
9112450175,-0.25578356,0.07121782,-0.000911057,0.0,0.0,-0.08,0
9112460610,-0.25621024,0.07105799,-0.000910759,0.0,0.0,-0.08,0
9112471374,-0.25582922,0.07115638,-0.00091046095,0.0,0.0,-0.08,0
9112481985,-0.25556538,0.071220934,-0.00091046095,0.0,0.0,-0.08,0
9112490676,-0.25567108,0.07123565,-0.000911057,0.0,0.0,-0.08,0
9112501142,-0.2559666,0.07124436,-0.0009121001,0.0,0.0,-0.08,0
9112510598,-0.25642353,0.071096346,-0.00091165304,0.0,0.0,-0.08,0
9112521433,-0.25748348,0.070600756,-0.00090897083,0.0,0.0,-0.08,0
9112531114,-0.2591829,0.06981982,-0.00090509653,0.0,0.0,-0.08,0
9112540765,-0.2617579,0.06872586,-0.0008997321,0.0,0.0,-0.08,0
9112552354,-0.26533183,0.06722423,-0.0008921325,0.0,0.0,-0.08,0
9112561318,-0.26792276,0.06614306,-0.00088617206,0.0,0.0,-0.08,0
9112571324,-0.27044824,0.06508149,-0.0008802116,0.0,0.0,-0.08,0
9112580911,-0.27233312,0.06424626,-0.0008749962,0.0,0.0,-0.08,0
9112590517,-0.27355534,0.063718975,-0.00087171793,0.0,0.0,-0.08,0
9112600675,-0.27409023,0.06349093,-0.0008703768,0.0,0.0,-0.08,0
9112611158,-0.27395368,0.0634536,-0.00086933374,0.0,0.0,-0.08,0
9112621556,-0.27356637,0.06358666,-0.0008699298,0.0,0.0,-0.08,0
9112631327,-0.27300847,0.06384764,-0.00087201595,0.0,0.0,-0.08,0
9112640822,-0.27195737,0.06433486,-0.0008749962,0.0,0.0,-0.08,0
9112651758,-0.26960185,0.06541308,-0.00088214874,0.0,0.0,-0.08,0
9112662256,-0.26590976,0.0669583,-0.0008903444,0.0,0.0,-0.08,0
9112670711,-0.2624001,0.068416476,-0.000897944,0.0,0.0,-0.08,0
9112681155,-0.25790548,0.07032009,-0.0009071827,0.0,0.0,-0.08,0
9112691621,-0.25394693,0.07193587,-0.0009137392,0.0,0.0,-0.08,0
9112701024,-0.25186726,0.07266148,-0.00091537833,0.0,0.0,-0.08,0
9112711493,-0.250546,0.073108695,-0.0009162724,0.0,0.0,-0.08,0
9112720988,-0.24971364,0.073411986,-0.00091701746,0.0,0.0,-0.08,0
9112732422,-0.24889237,0.07375031,-0.00091820955,0.0,0.0,-0.079476796,0
9112741032,-0.24816555,0.07404719,-0.00091925263,0.0,0.0,-0.07901374,0
9112750602,-0.24709104,0.074517205,-0.00092089176,0.0,0.0,-0.078493945,0
9112761017,-0.24522515,0.07526854,-0.0009229779,0.0,0.0,-0.078001894,0
9112771541,-0.24271968,0.07624823,-0.0009255111,0.0,0.0,-0.077521496,0
9112780971,-0.24053198,0.07713973,-0.0009280443,0.0,0.0,-0.07702074,0
9112791430,-0.2401956,0.077306315,-0.0009289384,0.0,0.0,-0.076484695,0
9112802897,-0.24299684,0.076245576,-0.0009265542,0.0,0.0,-0.076012045,0
9112810379,-0.24562716,0.075215474,-0.000924021,0.0,0.0,-0.07550175,0
9112820907,-0.24946906,0.073660396,-0.00091925263,0.0,0.0,-0.07498015,0
9112831980,-0.25444132,0.07172495,-0.0009126961,0.0,0.0,-0.074533746,0
9112841429,-0.25909492,0.069953,-0.00090658665,0.0,0.0,-0.0740063,0
9112850862,-0.26181307,0.06895442,-0.00090271235,0.0,0.0,-0.07347485,0
9112861260,-0.26123863,0.06926325,-0.00090509653,0.0,0.0,-0.07302215,0
9112872793,-0.25849444,0.070471644,-0.000911057,0.0,0.0,-0.07251865,0
9112881130,-0.2560583,0.07137059,-0.0009138882,0.0,0.0,-0.072008096,0
9112891614,-0.25051904,0.07188099,-0.0009006262,0.0,0.0,-0.071469046,0
9112901942,-0.2375752,0.06868807,-0.0008162856,0.0,0.0,-0.07100359,0
9112912861,-0.20933437,0.055665646,-0.0005829334,0.0,0.0,-0.07047224,0
9112921607,-0.17385222,0.034472175,-0.00029981136,0.0,0.0,-0.06996329,0
9112931081,-0.12416646,-2.1377578e-05,1.4901161e-07,0.0,0.0,-0.07043054,0
9112941482,-0.059691228,-0.045935377,0.00013709068,0.0,0.0,-0.07094769,0
9112952198,0.0152900815,-0.093434654,-7.1525574e-05,0.0,0.0,-0.07141804,0
9112961611,0.08506535,-0.12721787,-0.0005416572,0.0,0.0,-0.07194704,0
9112971305,0.15922594,-0.14906555,-0.0011885166,0.0,0.0,-0.07248194,0
9112981239,0.23627472,-0.15923035,-0.0018844008,0.0,0.0,-0.07294474,0
9112990660,0.306159,-0.16115585,-0.0024713576,0.0,0.0,-0.073430486,0
9113001242,0.3784638,-0.1587104,-0.0030080974,0.0,0.0,-0.07389624,0
9113011724,0.44467837,-0.15473902,-0.0034455955,0.0,0.0,-0.074407786,0
9113021159,0.5000898,-0.15202242,-0.0038063526,0.0,0.0,-0.074936934,0
9113031633,0.55566615,-0.1512383,-0.004207343,0.0,0.0,-0.07544963,0
9113042149,0.602962,-0.15206242,-0.0045900047,0.0,0.0,-0.07592348,0
9113052651,0.641905,-0.15258044,-0.004902929,0.0,0.0,-0.07645668,0
9113060967,0.6676385,-0.15161502,-0.005066991,0.0,0.0,-0.07694988,0
9113071519,0.6958736,-0.14948237,-0.0052064657,0.0,0.0,-0.07746743,0
9113082365,0.7233006,-0.14801112,-0.0053581595,0.0,0.0,-0.07791527,0
9113091487,0.74466276,-0.14774722,-0.005506426,0.0,0.0,-0.07845012,0
9113102679,0.7599857,-0.14803898,-0.005630553,0.0,0.0,-0.07897947,0
9113111047,0.75638205,-0.14880455,-0.005633086,0.0,0.0,-0.07940672,0
9113122560,0.73137057,-0.15261103,-0.0055867434,0.0,0.0,-0.07990073,0
9113130970,0.70395046,-0.15800038,-0.005568117,0.0,0.0,-0.08,0
9113141477,0.66585606,-0.16689438,-0.0055645406,0.0,0.0,-0.08,0
9113151793,0.6285736,-0.17623338,-0.0055485964,0.0,0.0,-0.08,0
9113161302,0.5975247,-0.1837827,-0.0055018067,0.0,0.0,-0.08,0
9113172054,0.56790614,-0.18950413,-0.0053927302,0.0,0.0,-0.08,0
9113181435,0.5432069,-0.19325769,-0.005261153,0.0,0.0,-0.08,0
9113191874,0.512002,-0.19916469,-0.0051112473,0.0,0.0,-0.08,0
9113201289,0.47786278,-0.207178,-0.004963726,0.0,0.0,-0.08,0
9113211896,0.43223843,-0.21717396,-0.004708022,0.0,0.0,-0.08,0
9113222258,0.38336948,-0.22564463,-0.004339963,0.0,0.0,-0.08,0
9113232806,0.33368957,-0.23246425,-0.0038927794,0.0,0.0,-0.08,0
9113242256,0.29139432,-0.236822,-0.003463328,0.0,0.0,-0.08,0
9113251879,0.25101286,-0.23925132,-0.003014505,0.0,0.0,-0.08,0
9113262207,0.21208948,-0.2398454,-0.002553612,0.0,0.0,-0.08,0
9113271698,0.18162175,-0.23868868,-0.0021761656,0.0,0.0,-0.08,0
9113281272,0.15511635,-0.23604025,-0.0018379092,0.0,0.0,-0.08,0
9113292740,0.12382418,-0.23194046,-0.0014413893,0.0,0.0,-0.08,0
9113303245,0.08990289,-0.22786091,-0.0010281801,0.0,0.0,-0.08,0
9113311648,0.055276826,-0.22416136,-0.00062167645,0.0,0.0,-0.08,0
9113322055,0.0036745332,-0.21893598,-4.0233135e-05,0.0,0.0,-0.08,0
9113332535,-0.05066866,-0.21366103,0.0005429983,0.0,0.0,-0.08,0
9113344135,-0.10541156,-0.20874639,0.00110358,0.0,0.0,-0.08,0
9113351510,-0.13588312,-0.2056902,0.0014014542,0.0,0.0,-0.08,0
9113361949,-0.1766788,-0.19957882,0.0017678738,0.0,0.0,-0.08,0
9113373014,-0.2212929,-0.1905479,0.0021134317,0.0,0.0,-0.08,0
9113382521,-0.26104626,-0.18161832,0.0023755431,0.0,0.0,-0.08,0
9113391909,-0.29937562,-0.1727887,0.00259161,0.0,0.0,-0.08,0
9113402240,-0.33924812,-0.16251346,0.0027613342,0.0,0.0,-0.08,0
9113411731,-0.37507564,-0.15085891,0.0028331578,0.0,0.0,-0.08,0
9113422353,-0.41488495,-0.13471135,0.002797693,0.0,0.0,-0.08,0
9113431676,-0.447467,-0.1192794,0.0026707351,0.0,0.0,-0.08,0
9113442235,-0.48061973,-0.10309396,0.0024786592,0.0,0.0,-0.08,0
9113451637,-0.5102749,-0.0907633,0.0023163855,0.0,0.0,-0.08,0
9113462100,-0.547509,-0.07842451,0.0021471083,0.0,0.0,-0.08,0
9113472524,-0.5870675,-0.06632521,0.0019466877,0.0,0.0,-0.08,0
9113483049,-0.6250173,-0.05448454,0.0017024577,0.0,0.0,-0.08,0
9113492538,-0.65872633,-0.044548757,0.0014670193,0.0,0.0,-0.08,0
9113501926,-0.69604445,-0.035147727,0.0012227893,0.0,0.0,-0.08,0
9113512779,-0.74566066,-0.023570463,0.00087842345,0.0,0.0,-0.08,0
9113522415,-0.79245925,-0.012355767,0.00048935413,0.0,0.0,-0.08,0
9113532997,-0.8383615,-0.00021028519,8.6426735e-06,0.0,0.0,-0.08,0
9113542695,-0.8702705,0.010286123,-0.00044733286,0.0,0.0,-0.08,0
9113553136,-0.89637345,0.021431655,-0.0009599328,0.0,0.0,-0.08,0
9113561563,-0.9157458,0.031292066,-0.0014318526,0.0,0.0,-0.08,0
9113572125,-0.9391092,0.0445067,-0.0020883977,0.0,0.0,-0.08,0
9113582602,-0.9588964,0.0559745,-0.002681762,0.0,0.0,-0.08,0
9113592247,-0.9731715,0.06302498,-0.0030645728,0.0,0.0,-0.08,0
9113602790,-0.9858879,0.06716332,-0.0033085048,0.0,0.0,-0.08,0
9113612707,-0.9969109,0.06947443,-0.0034604967,0.0,0.0,-0.08,0
9113624212,-1.009575,0.0729806,-0.003681481,0.0,0.0,-0.08,0
9113632564,-1.0182323,0.07741453,-0.003938675,0.0,0.0,-0.08,0
9113642043,-1.025326,0.084473684,-0.0043280423,0.0,0.0,-0.08,0
9113652469,-1.0279999,0.09384175,-0.0048212707,0.0,0.0,-0.08,0
9113663302,-1.0233897,0.10423984,-0.0053322315,0.0,0.0,-0.08,0
9113672383,-1.0113637,0.11250527,-0.0056882203,0.0,0.0,-0.08,0
9113683254,-0.9876465,0.121734574,-0.0060120225,0.0,0.0,-0.08,0
9113693691,-0.9594998,0.13112006,-0.0062920153,0.0,0.0,-0.08,0
9113702062,-0.9348072,0.13968952,-0.006532073,0.0,0.0,-0.08,0
9113712555,-0.9019372,0.15091363,-0.0068108737,0.0,0.0,-0.08,0
9113722987,-0.8689822,0.16127172,-0.0070142746,0.0,0.0,-0.08,0
9113733514,-0.8366073,0.17080948,-0.0071546435,0.0,0.0,-0.08,0
9113742948,-0.8074398,0.1791631,-0.0072443485,0.0,0.0,-0.08,0
9113752388,-0.7754547,0.18750654,-0.0072832406,0.0,0.0,-0.08,0
9113763027,-0.7341182,0.19684406,-0.0072409213,0.0,0.0,-0.08,0
9113772345,-0.6941858,0.20449394,-0.0071151555,0.0,0.0,-0.08,0
9113782824,-0.6494477,0.21175238,-0.0068947673,0.0,0.0,-0.08,0
9113793248,-0.61123043,0.2179668,-0.0066807866,0.0,0.0,-0.08,0
9113803718,-0.5835531,0.22401781,-0.006556809,0.0,0.0,-0.08,0
9113812197,-0.5685835,0.22851735,-0.006517917,0.0,0.0,-0.08,0
9113822683,-0.55543834,0.2329644,-0.006491989,0.0,0.0,-0.08,0
9113833073,-0.54585236,0.23743436,-0.006503463,0.0,0.0,-0.08,0
9113842544,-0.5365659,0.24273854,-0.0065366924,0.0,0.0,-0.08,0
9113852779,-0.5194005,0.24874067,-0.0064855814,0.0,0.0,-0.08,0
9113863188,-0.49204195,0.2529275,-0.006248653,0.0,0.0,-0.08,0
9113873739,-0.45696032,0.25341746,-0.005814731,0.0,0.0,-0.08,0
9113882147,-0.4261446,0.2499688,-0.005348325,0.0,0.0,-0.08,0
9113892643,-0.38629544,0.241186,-0.0046767294,0.0,0.0,-0.08,0
9113902969,-0.3475243,0.23010474,-0.0040124357,0.0,0.0,-0.08,0
9113913597,-0.31013963,0.21835406,-0.0033967197,0.0,0.0,-0.08,0
9113922956,-0.27878785,0.20881143,-0.0029195845,0.0,0.0,-0.08,0
9113933573,-0.24587575,0.19848041,-0.0024466217,0.0,0.0,-0.08,0
9113943446,-0.22162047,0.18793157,-0.0020875037,0.0,0.0,-0.08,0
9113953497,-0.20394027,0.175731,-0.0017955899,0.0,0.0,-0.08,0
9113963143,-0.1906408,0.16270024,-0.0015538931,0.0,0.0,-0.08,0
9113972890,-0.17802042,0.1488746,-0.0013272464,0.0,0.0,-0.08,0
9113983368,-0.16315965,0.13362435,-0.0010916591,0.0,0.0,-0.08,0
9113992815,-0.14653327,0.11933181,-0.0008752942,0.0,0.0,-0.08,0
9114003276,-0.122924745,0.10337716,-0.00063583255,0.0,0.0,-0.08,0
9114012647,-0.09642304,0.08968629,-0.0004325807,0.0,0.0,-0.08,0
9114022479,-0.06279627,0.075837575,-0.00023826957,0.0,0.0,-0.08,0
9114032884,-0.024000738,0.061884075,-7.4356794e-05,0.0,0.0,-0.08,0
9114043339,0.013638516,0.049377266,3.3676624e-05,0.0,0.0,-0.08,0
9114053834,0.048182696,0.038431544,9.253621e-05,0.0,0.0,-0.08,0
9114062296,0.07394386,0.030283922,0.00011190772,0.0,0.0,-0.08,0
9114072883,0.103854015,0.020226888,0.00010505319,0.0,0.0,-0.08,0
9114083317,0.1295537,0.009805909,6.3329935e-05,0.0,0.0,-0.08,0
9114093689,0.14941059,-0.0015378855,-1.1473894e-05,0.0,0.0,-0.08,0
9114103292,0.1637235,-0.013200594,-0.00010818243,0.0,0.0,-0.08,0
9114113694,0.1770285,-0.026747257,-0.00023677945,0.0,0.0,-0.08,0
9114124295,0.1875516,-0.039653808,-0.000372231,0.0,0.0,-0.08,0
9114132627,0.19467714,-0.048416592,-0.00047147274,0.0,0.0,-0.08,0
9114143158,0.20667106,-0.0590112,-0.0006099045,0.0,0.0,-0.08,0
9114153489,0.22256482,-0.069707796,-0.00077590346,0.0,0.0,-0.08,0
9114164053,0.24033341,-0.08050442,-0.0009676814,0.0,0.0,-0.08,0
9114173574,0.25466472,-0.08992145,-0.0011456013,0.0,0.0,-0.08,0
9114183955,0.26759276,-0.10064243,-0.001347661,0.0,0.0,-0.08,0
9114194519,0.27959463,-0.11276554,-0.001577735,0.0,0.0,-0.08,0
9114202929,0.2877665,-0.12263301,-0.0017660856,0.0,0.0,-0.08,0
9114213467,0.29371753,-0.13315625,-0.0019577146,0.0,0.0,-0.08,0
9114223887,0.2962158,-0.1413385,-0.0020961463,0.0,0.0,-0.08,0
9114234394,0.2985887,-0.14870748,-0.0022234023,0.0,0.0,-0.08,0
9114243834,0.301556,-0.15555328,-0.002349168,0.0,0.0,-0.08,0
9114253233,0.30401793,-0.16313168,-0.0024840236,0.0,0.0,-0.08,0
9114263688,0.30482423,-0.17304158,-0.002642721,0.0,0.0,-0.08,0
9114273265,0.304068,-0.18398991,-0.0028038025,0.0,0.0,-0.08,0
9114282917,0.30174273,-0.1962746,-0.0029690564,0.0,0.0,-0.08,0
9114293269,0.29779947,-0.20958728,-0.00312984,0.0,0.0,-0.08,0
9114304761,0.2939343,-0.22383216,-0.0033009052,0.0,0.0,-0.08,0
9114313136,0.29231578,-0.23346165,-0.0034247339,0.0,0.0,-0.08,0
9114323628,0.29246932,-0.24425632,-0.0035862625,0.0,0.0,-0.08,0
9114334049,0.2957698,-0.25436524,-0.0037778914,0.0,0.0,-0.08,0
9114343519,0.3020057,-0.26468682,-0.004016012,0.0,0.0,-0.08,0
9114354060,0.31201488,-0.27896112,-0.004374981,0.0,0.0,-0.08,0
9114363816,0.32213652,-0.29480618,-0.004776716,0.0,0.0,-0.08,0
9114375376,0.33472097,-0.3164684,-0.0053328276,0.0,0.0,-0.08,0
9114382778,0.3449322,-0.33222258,-0.005773008,0.0,0.0,-0.08,0
9114393378,0.36291546,-0.35670537,-0.006529391,0.0,0.0,-0.08,0
9114404343,0.38302535,-0.3826836,-0.007402599,0.0,0.0,-0.08,0
9114413482,0.3993341,-0.403834,-0.008153617,0.0,0.0,-0.08,0
9114424221,0.41409022,-0.42640465,-0.008939058,0.0,0.0,-0.08,0
9114433733,0.4200333,-0.4431622,-0.009433478,0.0,0.0,-0.08,0
9114445248,0.41728497,-0.45948648,-0.009727329,0.0,0.0,-0.08,0
9114453707,0.40990892,-0.46965465,-0.009773225,0.0,0.0,-0.08,0
9114463221,0.39812225,-0.4798449,-0.009704679,0.0,0.0,-0.08,0
9114473735,0.37996626,-0.48860002,-0.009436905,0.0,0.0,-0.08,0
9114484349,0.35685018,-0.49408555,-0.008965731,0.0,0.0,-0.08,0
9114493807,0.3365022,-0.4972168,-0.008510351,0.0,0.0,-0.08,0
9114504255,0.31683618,-0.49995407,-0.008058697,0.0,0.0,-0.08,0
9114515653,0.29485983,-0.5019132,-0.007530004,0.0,0.0,-0.08,0
9114523267,0.27789992,-0.5022092,-0.0071015954,0.0,0.0,-0.08,0
9114534039,0.25210208,-0.5014593,-0.0064325333,0.0,0.0,-0.08,0
9114544499,0.22730209,-0.5001269,-0.0057840347,0.0,0.0,-0.08,0
9114555063,0.20166248,-0.49828345,-0.0051118433,0.0,0.0,-0.08,0
9114563480,0.17933331,-0.49650785,-0.004529357,0.0,0.0,-0.08,0
9114573986,0.1487754,-0.49387324,-0.0037366152,0.0,0.0,-0.08,0
9114584475,0.11595443,-0.4902366,-0.0028903782,0.0,0.0,-0.08,0
9114593430,0.086295865,-0.48582274,-0.002131164,0.0,0.0,-0.08,0
9114603941,0.050249845,-0.47921365,-0.0012235343,0.0,0.0,-0.08,0
9114614548,0.0131917745,-0.471424,-0.00031590462,0.0,0.0,-0.08,0
9114625706,-0.027014837,-0.4618671,0.00063315034,0.0,0.0,-0.08,0
9114634075,-0.05761355,-0.45355082,0.0013253093,0.0,0.0,-0.08,0
9114643556,-0.09224806,-0.44308436,0.0020718575,0.0,0.0,-0.08,0
9114654104,-0.12984686,-0.4314769,0.002837479,0.0,0.0,-0.08,0
9114664551,-0.1656323,-0.4211076,0.0035308301,0.0,0.0,-0.08,0
9114673974,-0.19689493,-0.41269606,0.0041110814,0.0,0.0,-0.08,0
9114684397,-0.22973277,-0.4041611,0.004695505,0.0,0.0,-0.08,0
9114695876,-0.26312292,-0.3953505,0.0052574277,0.0,0.0,-0.08,0
9114703675,-0.2851793,-0.3890043,0.005604923,0.0,0.0,-0.08,0
9114714083,-0.31425226,-0.37995252,0.006029457,0.0,0.0,-0.08,0
9114724570,-0.34121943,-0.37152252,0.0063984096,0.0,0.0,-0.08,0
9114735049,-0.36708903,-0.3637791,0.00673756,0.0,0.0,-0.08,0
9114744241,-0.38946614,-0.3574467,0.007021278,0.0,0.0,-0.08,0
9114754451,-0.40981624,-0.35258043,0.0072857738,0.0,0.0,-0.08,0
9114765894,-0.4256057,-0.35082278,0.0075279176,0.0,0.0,-0.08,0
9114774388,-0.43390685,-0.35177624,0.0076961517,0.0,0.0,-0.08,0
9114783790,-0.43877977,-0.35481212,0.007850975,0.0,0.0,-0.08,0
9114794235,-0.43611035,-0.35986736,0.007916242,0.0,0.0,-0.08,0
9114804797,-0.42510733,-0.36544567,0.007838458,0.0,0.0,-0.08,0
9114814214,-0.4103674,-0.3700324,0.007663667,0.0,0.0,-0.08,0
9114824681,-0.39051175,-0.3750246,0.007393062,0.0,0.0,-0.08,0
9114834035,-0.3719237,-0.38011348,0.0071386993,0.0,0.0,-0.08,0
9114844667,-0.35179767,-0.38717383,0.006880313,0.0,0.0,-0.08,0
9114854008,-0.33325765,-0.39503163,0.0066533685,0.0,0.0,-0.08,0
9114864466,-0.30824113,-0.40583703,0.006325841,0.0,0.0,-0.08,0
9114874648,-0.27967435,-0.4172933,0.005905777,0.0,0.0,-0.08,0
9114884076,-0.25148624,-0.4274775,0.005443543,0.0,0.0,-0.08,0
9114894609,-0.21815446,-0.43834972,0.0048452616,0.0,0.0,-0.08,0
9114904982,-0.18074337,-0.44964606,0.004120916,0.0,0.0,-0.08,0
9114914501,-0.14069724,-0.46106496,0.0032919645,0.0,0.0,-0.08,0
9114923874,-0.09471517,-0.47383517,0.0022789836,0.0,0.0,-0.08,0
9114935314,-0.0314752,-0.49180532,0.00078722835,0.0,0.0,-0.08,0
9114946142,0.030428357,-0.51010436,-0.0007903576,0.0,0.0,-0.08,0
9114954602,0.07537361,-0.52381575,-0.0020124018,0.0,0.0,-0.08,0
9114964827,0.12037188,-0.5378879,-0.0033034384,0.0,0.0,-0.08,0
9114974367,0.15440725,-0.5485777,-0.004325211,0.0,0.0,-0.08,0
9114984961,0.188023,-0.5588723,-0.0053700805,0.0,0.0,-0.08,0
9114994416,0.21578394,-0.5671966,-0.0062589347,0.0,0.0,-0.08,0
9115004870,0.24324593,-0.5751668,-0.007159412,0.0,0.0,-0.08,0
9115015597,0.26665217,-0.58123153,-0.007934719,0.0,0.0,-0.08,0
9115024035,0.2789828,-0.583609,-0.008337349,0.0,0.0,-0.08,0
9115034493,0.28795737,-0.58425385,-0.008615255,0.0,0.0,-0.08,0
9115044966,0.29655755,-0.584568,-0.008877367,0.0,0.0,-0.08,0
9115054743,0.3066275,-0.58533883,-0.009191483,0.0,0.0,-0.08,0
9115064106,0.31691056,-0.58621246,-0.009514689,0.0,0.0,-0.08,0
9115074648,0.32938933,-0.5873991,-0.009910017,0.0,0.0,-0.08,0
9115085007,0.3433242,-0.58878046,-0.010354817,0.0,0.0,-0.08,0
9115094468,0.35638478,-0.5894933,-0.010762364,0.0,0.0,-0.08,0
9115104916,0.36944628,-0.5889562,-0.011146069,0.0,0.0,-0.08,0
9115115629,0.381057,-0.58728194,-0.011461824,0.0,0.0,-0.08,0
9115124150,0.388446,-0.585371,-0.011644065,0.0,0.0,-0.08,0
9115134472,0.39413556,-0.5824239,-0.011752248,0.0,0.0,-0.08,0
9115145001,0.39671683,-0.578973,-0.011755824,0.0,0.0,-0.08,0
9115155309,0.396029,-0.5750561,-0.011652559,0.0,0.0,-0.08,0
9115164824,0.3915574,-0.5702936,-0.011420846,0.0,0.0,-0.08,0
9115174214,0.38312298,-0.56390786,-0.011043996,0.0,0.0,-0.08,0
9115184659,0.3706472,-0.5550805,-0.010509789,0.0,0.0,-0.08,0
9115196190,0.3565647,-0.5444186,-0.009908229,0.0,0.0,-0.08,0
9115205088,0.3469701,-0.5362532,-0.009490997,0.0,0.0,-0.08,0
9115215439,0.33771682,-0.5274784,-0.009080768,0.0,0.0,-0.08,0
9115225344,0.3310081,-0.5204314,-0.008776933,0.0,0.0,-0.08,0
9115234788,0.3259945,-0.5150882,-0.008551776,0.0,0.0,-0.08,0
9115245284,0.3188693,-0.50939995,-0.008269101,0.0,0.0,-0.08,0
9115255644,0.3086284,-0.50268835,-0.007894486,0.0,0.0,-0.08,0
9115266112,0.2972669,-0.4949116,-0.007482022,0.0,0.0,-0.08,0
9115274714,0.28913438,-0.48846442,-0.0071795285,0.0,0.0,-0.08,0
9115285085,0.28065398,-0.4812777,-0.006863177,0.0,0.0,-0.08,0
9115295486,0.2715348,-0.47506762,-0.0065514445,0.0,0.0,-0.08,0
9115306301,0.2608304,-0.47039375,-0.0062292814,0.0,0.0,-0.08,0
9115314674,0.2564508,-0.4689893,-0.0061059,0.0,0.0,-0.08,0
9115325200,0.26313776,-0.46989876,-0.006278008,0.0,0.0,-0.08,0
9115336789,0.2826014,-0.47176296,-0.0067694485,0.0,0.0,-0.08,0
9115345305,0.30023152,-0.47198537,-0.0071951747,0.0,0.0,-0.08,0
9115354700,0.3190526,-0.46994692,-0.007612407,0.0,0.0,-0.08,0
9115365163,0.33692664,-0.46483362,-0.007948577,0.0,0.0,-0.08,0
9115375602,0.3498229,-0.45690516,-0.008107871,0.0,0.0,-0.08,0
9115385150,0.3571643,-0.44764963,-0.008105189,0.0,0.0,-0.08,0
9115394765,0.361264,-0.43694282,-0.007996857,0.0,0.0,-0.08,0
9115405136,0.36157194,-0.4237233,-0.0077553093,0.0,0.0,-0.08,0
9115414673,0.3571964,-0.40994683,-0.007406324,0.0,0.0,-0.08,0
9115425070,0.34979737,-0.39433149,-0.006970912,0.0,0.0,-0.08,0
9115435574,0.34338924,-0.37929615,-0.0065766275,0.0,0.0,-0.08,0
9115447085,0.33925533,-0.36373898,-0.006225705,0.0,0.0,-0.08,0
9115454504,0.3383276,-0.35400862,-0.0060398877,0.0,0.0,-0.08,0
9115464897,0.33954167,-0.34081453,-0.0058321655,0.0,0.0,-0.08,0
9115476152,0.34434736,-0.32722247,-0.005674958,0.0,0.0,-0.08,0
9115485732,0.35277206,-0.31648186,-0.00562042,0.0,0.0,-0.08,0
9115495237,0.3664956,-0.30696678,-0.0056611,0.0,0.0,-0.08,0
9115505683,0.38724646,-0.29744434,-0.0057937205,0.0,0.0,-0.08,0
9115517247,0.4151237,-0.28695083,-0.0059889257,0.0,0.0,-0.08,0
9115524820,0.4348473,-0.27958748,-0.006110519,0.0,0.0,-0.08,0
9115535536,0.46146825,-0.26829016,-0.0062198937,0.0,0.0,-0.08,0
9115546134,0.48420298,-0.25649253,-0.006236434,0.0,0.0,-0.08,0
9115566097,0.52002585,-0.23323621,-0.006085634,0.0,0.0,-0.08,0
9115575502,0.53446496,-0.22198915,-0.0059506297,0.0,0.0,-0.08,0
9115587139,0.54979753,-0.20900407,-0.005761087,0.0,0.0,-0.08,0
9115595512,0.55915534,-0.2009776,-0.005632788,0.0,0.0,-0.08,0
9115605958,0.56985307,-0.19210431,-0.0054858625,0.0,0.0,-0.08,0
9115615324,0.57941186,-0.18435271,-0.005351901,0.0,0.0,-0.08,0
9115626800,0.5908718,-0.17446771,-0.0051634014,0.0,0.0,-0.08,0
9115635307,0.5994787,-0.16699162,-0.0050133467,0.0,0.0,-0.08,0
9115645502,0.61016357,-0.15770999,-0.0048178434,0.0,0.0,-0.08,0
9115655648,0.61972976,-0.14723292,-0.004567206,0.0,0.0,-0.08,0
9115665118,0.62661916,-0.13633543,-0.004275292,0.0,0.0,-0.08,0
9115675586,0.6317712,-0.124081515,-0.0039219856,0.0,0.0,-0.08,0
9115686156,0.63351995,-0.11197221,-0.0035487115,0.0,0.0,-0.08,0
9115696124,0.63154334,-0.10041331,-0.0031721592,0.0,0.0,-0.08,0
9115705663,0.6270584,-0.089090474,-0.0027936697,0.0,0.0,-0.08,0
9115716095,0.6200192,-0.07699838,-0.002387166,0.0,0.0,-0.08,0
9115726490,0.61142147,-0.0658275,-0.0020122528,0.0,0.0,-0.08,0
9115736209,0.60278046,-0.05648505,-0.0017021596,0.0,0.0,-0.08,0
9115745712,0.59420025,-0.04836826,-0.00143677,0.0,0.0,-0.08,0
9115756098,0.5839616,-0.040249825,-0.0011749566,0.0,0.0,-0.08,0
9115767529,0.5717558,-0.031954072,-0.00091329217,0.0,0.0,-0.08,0
9115774917,0.5645067,-0.027076744,-0.00076428056,0.0,0.0,-0.08,0
9115785411,0.55714136,-0.020831749,-0.0005804002,0.0,0.0,-0.08,0
9115795812,0.5528659,-0.014847405,-0.000410676,0.0,0.0,-0.08,0
9115806403,0.5511303,-0.008468069,-0.00023320317,0.0,0.0,-0.08,0
9115816507,0.5514334,-0.0016718134,-4.61936e-05,0.0,0.0,-0.08,0
9115825748,0.552764,0.005693294,0.00015750527,0.0,0.0,-0.08,0
9115837242,0.55548775,0.016138457,0.0004479289,0.0,0.0,-0.08,0
9115845657,0.5575044,0.024162658,0.00067323446,0.0,0.0,-0.08,0
9115855766,0.55895334,0.03329718,0.0009302795,0.0,0.0,-0.08,0
9115866400,0.5615909,0.04088574,0.0011478364,0.0,0.0,-0.08,0
9115876574,0.56766057,0.04597928,0.0013047457,0.0,0.0,-0.08,0
9115886202,0.57545155,0.0499184,0.0014360249,0.0,0.0,-0.08,0
9115895589,0.58201045,0.053683944,0.0015620887,0.0,0.0,-0.08,0
9115906357,0.5857927,0.05773966,0.0016909838,0.0,0.0,-0.08,0
9115915721,0.5840558,0.060975045,0.0017802417,0.0,0.0,-0.08,0
9115926142,0.5757617,0.06496912,0.0018702447,0.0,0.0,-0.08,0
9115936685,0.56299436,0.06940039,0.0019535422,0.0,0.0,-0.08,0
9115947183,0.5492261,0.07337302,0.002014935,0.0,0.0,-0.08,0
9115955658,0.538661,0.07618187,0.002052039,0.0,0.0,-0.08,0
9115966088,0.52764004,0.07919397,0.0020895898,0.0,0.0,-0.08,0
9115976495,0.5195195,0.081250966,0.0021111965,0.0,0.0,-0.08,0
9115986084,0.51314175,0.08238982,0.0021141768,0.0,0.0,-0.08,0
9115996494,0.505166,0.083517775,0.0021098554,0.0,0.0,-0.08,0
9116006207,0.49642232,0.08440657,0.0020958483,0.0,0.0,-0.08,0
9116017668,0.48492587,0.08498233,0.0020609796,0.0,0.0,-0.08,0
9116026105,0.47505295,0.085149586,0.0020228326,0.0,0.0,-0.08,0
9116036608,0.460689,0.084907666,0.0019563735,0.0,0.0,-0.08,0
9116046428,0.44493848,0.08428922,0.0018754601,0.0,0.0,-0.08,0
9116057497,0.4244762,0.08376052,0.0017783046,0.0,0.0,-0.08,0
9116068755,0.402095,0.08368473,0.0016830862,0.0,0.0,-0.08,0
9116076174,0.3867459,0.083616205,0.001617372,0.0,0.0,-0.08,0
9116087694,0.36204356,0.08306005,0.0015039742,0.0,0.0,-0.08,0
9116096127,0.3430305,0.08248202,0.0014151633,0.0,0.0,-0.08,0
9116106681,0.3177843,0.08175884,0.0012993813,0.0,0.0,-0.08,0
9116116134,0.29320908,0.08053641,0.001180917,0.0,0.0,-0.08,0
9116126651,0.26288795,0.07793255,0.0010247529,0.0,0.0,-0.08,0
9116136085,0.23276009,0.07494557,0.000872463,0.0,0.0,-0.08,0
9116146540,0.1967031,0.071471594,0.0007031858,0.0,0.0,-0.08,0
9116157803,0.15703264,0.06763061,0.0005310774,0.0,0.0,-0.08,0
9116166277,0.12827057,0.06500364,0.0004169345,0.0,0.0,-0.08,0
9116176791,0.095182404,0.062579416,0.0002975762,0.0,0.0,-0.08,0
9116186157,0.067844495,0.06102994,0.00020712614,0.0,0.0,-0.08,0
9116197692,0.03662881,0.05900166,0.00010803342,0.0,0.0,-0.08,0
9116206077,0.015271767,0.05712489,4.336238e-05,0.0,0.0,-0.08,0
9116216616,-0.011668159,0.05473215,-3.2037497e-05,0.0,0.0,-0.08,0
9116227039,-0.039560802,0.052880865,-0.00010460615,0.0,0.0,-0.08,0
9116236534,-0.06549587,0.051570445,-0.00016897917,0.0,0.0,-0.08,0
9116246122,-0.09023175,0.050365668,-0.00022724271,0.0,0.0,-0.08,0
9116256471,-0.11382966,0.04911407,-0.00027954578,0.0,0.0,-0.08,0
9116268108,-0.13624331,0.047852807,-0.0003260374,0.0,0.0,-0.08,0
9116276526,-0.14977835,0.047162127,-0.00035315752,0.0,0.0,-0.08,0
9116286045,-0.16345325,0.046613008,-0.0003810227,0.0,0.0,-0.08,0
9116296455,-0.17816737,0.04619181,-0.00041157007,0.0,0.0,-0.08,0
9116306932,-0.19344646,0.04584635,-0.00044360757,0.0,0.0,-0.08,0
9116316327,-0.20831317,0.04563746,-0.00047549605,0.0,0.0,-0.08,0
9116327487,-0.22808573,0.04568711,-0.0005210936,0.0,0.0,-0.08,0
9116337868,-0.2477822,0.04589154,-0.0005684793,0.0,0.0,-0.08,0
9116346352,-0.26339978,0.045792688,-0.00060305,0.0,0.0,-0.08,0
9116356794,-0.2816777,0.04525305,-0.0006376207,0.0,0.0,-0.08,0
9116367209,-0.30055273,0.044909835,-0.0006750226,0.0,0.0,-0.08,0
9116376599,-0.31818938,0.044937383,-0.0007149577,0.0,0.0,-0.08,0
9116387137,-0.33749965,0.045076516,-0.0007607043,0.0,0.0,-0.08,0
9116397482,-0.35541826,0.045346007,-0.0008060038,0.0,0.0,-0.08,0
9116408090,-0.37273246,0.045795575,-0.0008533895,0.0,0.0,-0.08,0
9116416664,-0.38582343,0.046283618,-0.0008928776,0.0,0.0,-0.08,0
9116427139,-0.40119702,0.04704025,-0.00094398856,0.0,0.0,-0.08,0
9116437619,-0.41649395,0.047903474,-0.0009976327,0.0,0.0,-0.08,0
9116447506,-0.43108666,0.048672136,-0.0010490417,0.0,0.0,-0.08,0
9116456679,-0.44467792,0.0490992,-0.00109151,0.0,0.0,-0.08,0
9116467191,-0.45934623,0.049100645,-0.0011278689,0.0,0.0,-0.08,0
9116476645,-0.471216,0.048920214,-0.0011526048,0.0,0.0,-0.08,0
9116487140,-0.48238277,0.04865288,-0.0011734664,0.0,0.0,-0.08,0
9116496918,-0.48995608,0.04810127,-0.0011783838,0.0,0.0,-0.08,0
9116507347,-0.49616522,0.047355562,-0.0011748075,0.0,0.0,-0.08,0
9116517690,-0.5022302,0.046872124,-0.0011770427,0.0,0.0,-0.08,0
9116526611,-0.5069728,0.04656802,-0.001180321,0.0,0.0,-0.08,0
9116537295,-0.51201284,0.046271622,-0.0011844933,0.0,0.0,-0.08,0
9116547143,-0.5171633,0.0463702,-0.0011990964,0.0,0.0,-0.08,0
9116556656,-0.5222667,0.046940856,-0.0012257695,0.0,0.0,-0.08,0
9116567246,-0.5267758,0.04814089,-0.0012677908,0.0,0.0,-0.08,0
9116577716,-0.53043044,0.04978253,-0.0013202429,0.0,0.0,-0.08,0
9116588393,-0.5339352,0.051397182,-0.0013720989,0.0,0.0,-0.08,0
9116597113,-0.53705215,0.052278213,-0.0014035404,0.0,0.0,-0.08,0
9116606507,-0.54178876,0.05285289,-0.0014315546,0.0,0.0,-0.08,0
9116616970,-0.5485817,0.053698562,-0.0014725327,0.0,0.0,-0.08,0
9116627411,-0.55555606,0.05528403,-0.0015355647,0.0,0.0,-0.08,0
9116636921,-0.5609897,0.057198077,-0.001604259,0.0,0.0,-0.08,0
9116647464,-0.5659634,0.059283063,-0.0016775727,0.0,0.0,-0.08,0
9116658924,-0.5718115,0.061232515,-0.0017505884,0.0,0.0,-0.08,0
9116666354,-0.57638884,0.062149428,-0.0017911196,0.0,0.0,-0.08,0
9116677343,-0.5837175,0.06294897,-0.0018374622,0.0,0.0,-0.08,0
9116687836,-0.5909461,0.06343428,-0.001874268,0.0,0.0,-0.08,0
9116698115,-0.59670794,0.06362089,-0.0018982589,0.0,0.0,-0.08,0
9116707051,-0.59853184,0.06334625,-0.0018955767,0.0,0.0,-0.08,0
9116717554,-0.597694,0.06256381,-0.0018697977,0.0,0.0,-0.08,0
9116727892,-0.5966189,0.06150476,-0.001834482,0.0,0.0,-0.08,0
9116737371,-0.5968459,0.060301177,-0.0017993152,0.0,0.0,-0.08,0
9116746933,-0.59892917,0.05903574,-0.0017677248,0.0,0.0,-0.08,0
9116757321,-0.6023794,0.057857938,-0.0017423928,0.0,0.0,-0.08,0
9116769013,-0.60540724,0.056632392,-0.0017142296,0.0,0.0,-0.08,0
9116777401,-0.60589445,0.05578415,-0.0016897917,0.0,0.0,-0.08,0
9116787877,-0.60392654,0.054774597,-0.0016537309,0.0,0.0,-0.08,0
9116797332,-0.6000968,0.053703733,-0.0016112626,0.0,0.0,-0.08,0
9116806822,-0.594584,0.05229056,-0.0015544891,0.0,0.0,-0.08,0
9116817319,-0.5874128,0.05051019,-0.0014832616,0.0,0.0,-0.08,0
9116827832,-0.57999414,0.04886563,-0.0014168024,0.0,0.0,-0.08,0
9116839281,-0.5712357,0.047567345,-0.0013583899,0.0,0.0,-0.08,0
9116846918,-0.56409055,0.047067523,-0.0013273954,0.0,0.0,-0.08,0
9116857412,-0.55093145,0.04647889,-0.0012798607,0.0,0.0,-0.08,0
9116868064,-0.5330149,0.045645557,-0.0012163818,0.0,0.0,-0.08,0
9116877483,-0.5124174,0.044688813,-0.0011448562,0.0,0.0,-0.08,0
9116887935,-0.48405334,0.043202072,-0.0010456145,0.0,0.0,-0.08,0
9116898266,-0.45408577,0.041351423,-0.00093877316,0.0,0.0,-0.08,0
9116908799,-0.42709714,0.03930963,-0.0008393824,0.0,0.0,-0.08,0
9116917156,-0.4094844,0.03704265,-0.0007583201,0.0,0.0,-0.08,0
9116927647,-0.38876665,0.032499924,-0.0006316602,0.0,0.0,-0.08,0
9116937503,-0.36731392,0.026687257,-0.0004902482,0.0,0.0,-0.08,0
9116948500,-0.3394183,0.019421436,-0.0003296137,0.0,0.0,-0.08,0
9116958059,-0.31155318,0.013223868,-0.00020608306,0.0,0.0,-0.08,0
9116967602,-0.2814047,0.0075358525,-0.00010609627,0.0,0.0,-0.08,0
9116978787,-0.24568987,0.0018525496,-2.2649765e-05,0.0,0.0,-0.08,0
9116987574,-0.21783334,-0.0018215664,1.9669533e-05,0.0,0.0,-0.08,0
9116997702,-0.18609571,-0.0057275463,5.3346157e-05,0.0,0.0,-0.08,0
9117008484,-0.15406395,-0.009925572,7.659197e-05,0.0,0.0,-0.08,0
9117018397,-0.12722635,-0.013720636,8.702278e-05,0.0,0.0,-0.08,0
9117027816,-0.10417611,-0.017186254,8.9257956e-05,0.0,0.0,-0.08,0
9117037451,-0.08268568,-0.02078055,8.59797e-05,0.0,0.0,-0.08,0
9117047971,-0.060523953,-0.025154375,7.6293945e-05,0.0,0.0,-0.08,0
9117057341,-0.04155849,-0.029430583,6.124377e-05,0.0,0.0,-0.08,0
9117067982,-0.02043502,-0.03435081,3.501773e-05,0.0,0.0,-0.08,0
9117078423,0.00034583732,-0.03923303,-8.940697e-07,0.0,0.0,-0.08,0
9117088936,0.02203983,-0.04454008,-4.9322844e-05,0.0,0.0,-0.08,0
9117097337,0.039772633,-0.049099334,-9.790063e-05,0.0,0.0,-0.08,0
9117108247,0.06228537,-0.055447597,-0.00017255545,0.0,0.0,-0.08,0
9117118708,0.083696395,-0.06199662,-0.00025957823,0.0,0.0,-0.08,0
9117128138,0.10415754,-0.06770796,-0.0003527105,0.0,0.0,-0.08,0
9117137572,0.12246426,-0.07320938,-0.00044837594,0.0,0.0,-0.08,0
9117148098,0.13543983,-0.080206566,-0.00054344535,0.0,0.0,-0.08,0
9117159510,0.14334367,-0.08953383,-0.00064209104,0.0,0.0,-0.08,0
9117168074,0.14756308,-0.09753056,-0.0007201731,0.0,0.0,-0.08,0
9117177400,0.15171014,-0.1065496,-0.00080913305,0.0,0.0,-0.08,0
9117187972,0.15567482,-0.11705247,-0.0009121001,0.0,0.0,-0.08,0
9117198486,0.15803339,-0.12798898,-0.0010123849,0.0,0.0,-0.08,0
9117207952,0.15929794,-0.1385633,-0.0011050701,0.0,0.0,-0.08,0
9117218277,0.16149554,-0.15116566,-0.0012226403,0.0,0.0,-0.08,0
9117229930,0.16482961,-0.16563673,-0.0013677776,0.0,0.0,-0.08,0
9117237242,0.16667321,-0.17408906,-0.0014539063,0.0,0.0,-0.08,0
9117247734,0.17000146,-0.18552332,-0.0015807152,0.0,0.0,-0.08,0
9117258140,0.17557055,-0.19678888,-0.001731962,0.0,0.0,-0.08,0
9117268689,0.18303931,-0.20808981,-0.0019100308,0.0,0.0,-0.08,0
9117278534,0.19099155,-0.21887541,-0.0020968914,0.0,0.0,-0.08,0
9117288197,0.19996393,-0.23040256,-0.0023120642,0.0,0.0,-0.08,0
9117298641,0.20955953,-0.24365123,-0.0025632977,0.0,0.0,-0.08,0
9117308115,0.21539715,-0.25549743,-0.0027638674,0.0,0.0,-0.08,0
9117318521,0.21736296,-0.26767683,-0.0029234588,0.0,0.0,-0.08,0
9117329396,0.21561411,-0.2794715,-0.003028959,0.0,0.0,-0.08,0
9117338380,0.21257848,-0.2884438,-0.0030834973,0.0,0.0,-0.08,0
9117348485,0.20903236,-0.29751205,-0.0031284988,0.0,0.0,-0.08,0
9117358231,0.20684548,-0.3051896,-0.0031764805,0.0,0.0,-0.08,0
9117368781,0.20719376,-0.3125039,-0.003259182,0.0,0.0,-0.08,0
9117379116,0.21001154,-0.3186314,-0.0033693016,0.0,0.0,-0.08,0
9117388462,0.21356916,-0.32349083,-0.0034794211,0.0,0.0,-0.08,0
9117398873,0.21764082,-0.32885376,-0.003605187,0.0,0.0,-0.08,0
9117409457,0.22018282,-0.33420447,-0.003707856,0.0,0.0,-0.08,0
9117417921,0.22080077,-0.33803982,-0.0037615001,0.0,0.0,-0.08,0
9117428660,0.22329602,-0.34283134,-0.0038586557,0.0,0.0,-0.08,0
9117438992,0.22826344,-0.34758663,-0.0040002167,0.0,0.0,-0.08,0
9117449092,0.23295474,-0.35202664,-0.0041353703,0.0,0.0,-0.08,0
9117458505,0.23617351,-0.35608277,-0.0042419136,0.0,0.0,-0.08,0
9117468959,0.23776543,-0.36030382,-0.004321784,0.0,0.0,-0.08,0
9117479727,0.23599117,-0.36370736,-0.0043310225,0.0,0.0,-0.08,0
9117488120,0.23292726,-0.3653413,-0.0042942166,0.0,0.0,-0.08,0
9117498670,0.22855876,-0.3659889,-0.004221499,0.0,0.0,-0.08,0
9117509129,0.22320963,-0.3650983,-0.0041122735,0.0,0.0,-0.08,0
9117519605,0.21639714,-0.3630525,-0.003964156,0.0,0.0,-0.08,0
9117528304,0.20958465,-0.36109367,-0.0038179755,0.0,0.0,-0.08,0
9117538544,0.1982335,-0.35826254,-0.0035825372,0.0,0.0,-0.08,0
9117549071,0.18111514,-0.3537621,-0.0032313168,0.0,0.0,-0.08,0
9117558523,0.16345498,-0.34831232,-0.0028705597,0.0,0.0,-0.08,0
9117569067,0.1448951,-0.34118164,-0.0024919212,0.0,0.0,-0.08,0
9117578375,0.12877938,-0.33375344,-0.0021657348,0.0,0.0,-0.08,0
9117589944,0.10633763,-0.32333052,-0.001731664,0.0,0.0,-0.08,0
9117598408,0.0875833,-0.3157637,-0.0013923645,0.0,0.0,-0.08,0
9117608942,0.061303917,-0.30701548,-0.0009471178,0.0,0.0,-0.08,0
9117619476,0.03219975,-0.29824835,-0.00048309565,0.0,0.0,-0.08,0
9117628950,0.0055026636,-0.2899087,-8.016825e-05,0.0,0.0,-0.08,0
9117638442,-0.019037649,-0.28156698,0.000269562,0.0,0.0,-0.08,0
9117648915,-0.04310012,-0.27267158,0.00059083104,0.0,0.0,-0.08,0
9117660405,-0.06724659,-0.26304165,0.00088870525,0.0,0.0,-0.08,0
9117668853,-0.08385205,-0.25607234,0.001078248,0.0,0.0,-0.08,0
9117678254,-0.101938486,-0.24813992,0.001270026,0.0,0.0,-0.08,0
9117688638,-0.12215631,-0.23875442,0.0014641881,0.0,0.0,-0.08,0
9117699265,-0.14299946,-0.22835776,0.0016386807,0.0,0.0,-0.08,0
9117708767,-0.16260149,-0.21795246,0.0017777085,0.0,0.0,-0.08,0
9117719075,-0.1859484,-0.20522162,0.0019136071,0.0,0.0,-0.08,0
9117730591,-0.21450937,-0.18996811,0.0020423532,0.0,0.0,-0.08,0
9117738975,-0.23599386,-0.1795255,0.0021229684,0.0,0.0,-0.08,0
9117748575,-0.25741228,-0.17027515,0.002195537,0.0,0.0,-0.08,0
9117758984,-0.27599818,-0.16289485,0.0022517145,0.0,0.0,-0.08,0
9117769483,-0.29359955,-0.15622297,0.002296865,0.0,0.0,-0.08,0
9117778853,-0.3099203,-0.1504426,0.002334714,0.0,0.0,-0.08,0
9117789471,-0.32823282,-0.14444174,0.002373457,0.0,0.0,-0.08,0
9117799986,-0.34645975,-0.1385151,0.0024020672,0.0,0.0,-0.08,0
9117808595,-0.3615123,-0.13317305,0.0024095178,0.0,0.0,-0.08,0
9117819244,-0.37876117,-0.12633365,0.0023946166,0.0,0.0,-0.08,0
9117829767,-0.39379504,-0.1199775,0.0023645163,0.0,0.0,-0.08,0
9117840223,-0.4075003,-0.114473805,0.002334267,0.0,0.0,-0.08,0
9117848642,-0.41912737,-0.11065089,0.0023204088,0.0,0.0,-0.08,0
9117859134,-0.4362372,-0.10631655,0.0023204088,0.0,0.0,-0.08,0
9117869688,-0.45532432,-0.10238421,0.0023321807,0.0,0.0,-0.08,0
9117879185,-0.47229922,-0.099017896,0.0023391843,0.0,0.0,-0.08,0
9117888609,-0.488055,-0.09511518,0.00232175,0.0,0.0,-0.08,0
9117899503,-0.5052373,-0.08937924,0.00225842,0.0,0.0,-0.08,0
9117909982,-0.52176046,-0.082603,0.002155453,0.0,0.0,-0.08,0
9117919480,-0.5373837,-0.07530683,0.0020237267,0.0,0.0,-0.08,0
9117928966,-0.5534851,-0.06675607,0.001847446,0.0,0.0,-0.08,0
9117939305,-0.57112014,-0.056071907,0.0016011298,0.0,0.0,-0.08,0
9117948819,-0.5861382,-0.045774154,0.0013411045,0.0,0.0,-0.08,0
9117959544,-0.6003132,-0.03512176,0.0010538101,0.0,0.0,-0.08,0
9117969944,-0.6128558,-0.026169792,0.0008016825,0.0,0.0,-0.08,0
9117980465,-0.62751794,-0.017664827,0.0005541742,0.0,0.0,-0.08,0
9117989162,-0.64173573,-0.010315649,0.0003309548,0.0,0.0,-0.08,0
9117999679,-0.6583813,-0.0009140745,3.0100346e-05,0.0,0.0,-0.08,0
9118009120,-0.67042917,0.007854052,-0.0002631545,0.0,0.0,-0.08,0
9118019544,-0.6812611,0.018135719,-0.0006175041,0.0,0.0,-0.08,0
9118030504,-0.69242287,0.030212305,-0.0010456145,0.0,0.0,-0.08,0
9118038947,-0.7018423,0.040950306,-0.0014364719,0.0,0.0,-0.08,0
9118050783,-0.7161898,0.057953708,-0.0020745397,0.0,0.0,-0.08,0
9118059241,-0.72719544,0.07102828,-0.0025819242,0.0,0.0,-0.08,0
9118069768,-0.74297816,0.08791413,-0.0032654405,0.0,0.0,-0.08,0
9118079222,-0.7600496,0.103279434,-0.003925413,0.0,0.0,-0.08,0
9118089695,-0.7817158,0.11982413,-0.004684925,0.0,0.0,-0.08,0
9118099032,-0.8020381,0.13354549,-0.0053586066,0.0,0.0,-0.08,0
9118109644,-0.82468,0.14798412,-0.006106645,0.0,0.0,-0.08,0
9118119986,-0.8461647,0.16126634,-0.0068303943,0.0,0.0,-0.08,0
9118130068,-0.8672886,0.17356157,-0.0075359643,0.0,0.0,-0.08,0
9118139299,-0.8871132,0.18420532,-0.008183271,0.0,0.0,-0.08,0
9118149916,-0.91054314,0.19552429,-0.008917451,0.0,0.0,-0.08,0
9118160449,-0.9347901,0.20566937,-0.009632707,0.0,0.0,-0.08,0
9118168913,-0.9550392,0.21291243,-0.010189414,0.0,0.0,-0.08,0
9118179118,-0.97838175,0.22006215,-0.010790825,0.0,0.0,-0.08,0
9118189660,-0.99793375,0.22494979,-0.011252016,0.0,0.0,-0.08,0
9118199077,-1.0094259,0.22701374,-0.01148656,0.0,0.0,-0.08,0
9118209648,-1.0163019,0.22771683,-0.011600852,0.0,0.0,-0.08,0
9118220171,-1.0196154,0.22804949,-0.011655986,0.0,0.0,-0.08,0
9118230720,-1.0210086,0.22847964,-0.011693835,0.0,0.0,-0.08,0
9118239055,-1.0205619,0.22876853,-0.01170367,0.0,0.0,-0.08,0
9118249615,-1.0181918,0.2286838,-0.01167208,0.0,0.0,-0.08,0
9118259896,-1.0152792,0.22779173,-0.011592954,0.0,0.0,-0.08,0
9118269392,-1.0127784,0.2258904,-0.011467189,0.0,0.0,-0.08,0
9118279391,-1.0095168,0.22273993,-0.011269897,0.0,0.0,-0.08,0
9118289717,-1.0044752,0.2189975,-0.01102373,0.0,0.0,-0.08,0
9118301331,-0.99686074,0.21512344,-0.010745823,0.0,0.0,-0.08,0
9118309821,-0.9896431,0.21249197,-0.010536909,0.0,0.0,-0.08,0
9118319302,-0.97930884,0.2093674,-0.01027301,0.0,0.0,-0.08,0
9118329736,-0.96575606,0.20533785,-0.009934902,0.0,0.0,-0.08,0
9118340156,-0.9508807,0.20024301,-0.009538233,0.0,0.0,-0.08,0
9118349628,-0.93561697,0.19406995,-0.009094179,0.0,0.0,-0.08,0
9118360028,-0.91490954,0.18519372,-0.008484572,0.0,0.0,-0.08,0
9118371519,-0.886852,0.17317292,-0.00768885,0.0,0.0,-0.08,0
9118379999,-0.8642601,0.16410775,-0.007099211,0.0,0.0,-0.08,0
9118389580,-0.8401069,0.15623365,-0.006569028,0.0,0.0,-0.08,0
9118399873,-0.8165261,0.15065622,-0.0061561167,0.0,0.0,-0.08,0
9118410458,-0.79222,0.14571433,-0.005776733,0.0,0.0,-0.08,0
9118419831,-0.76864004,0.14041391,-0.005400777,0.0,0.0,-0.08,0
9118430341,-0.73871267,0.13266683,-0.004903376,0.0,0.0,-0.08,0
9118439642,-0.7088113,0.1242877,-0.0044071674,0.0,0.0,-0.08,0
9118450111,-0.67132246,0.11319164,-0.0038009882,0.0,0.0,-0.08,0
9118459493,-0.63500595,0.10150851,-0.0032237172,0.0,0.0,-0.08,0
9118471003,-0.5893195,0.08560581,-0.0025229156,0.0,0.0,-0.08,0
9118479612,-0.5558979,0.07374534,-0.0020499527,0.0,0.0,-0.08,0
9118489732,-0.5174989,0.060926117,-0.0015763938,0.0,0.0,-0.08,0
9118500205,-0.47809792,0.04903792,-0.0011721253,0.0,0.0,-0.08,0
9118510698,-0.43732488,0.03758812,-0.00082209706,0.0,0.0,-0.08,0
9118520473,-0.39598137,0.026332531,-0.0005212426,0.0,0.0,-0.08,0
9118530052,-0.35255668,0.014893752,-0.00026255846,0.0,0.0,-0.08,0
9118540590,-0.30520388,0.0028837398,-4.3958426e-05,0.0,0.0,-0.08,0
9118551387,-0.26069295,-0.008435056,0.00011011958,0.0,0.0,-0.08,0
9118560511,-0.22620684,-0.017666304,0.00019982457,0.0,0.0,-0.08,0
9118569966,-0.19158775,-0.027424991,0.00026285648,0.0,0.0,-0.08,0
9118580381,-0.15439959,-0.03833321,0.00029578805,0.0,0.0,-0.08,0
9118590854,-0.11913891,-0.049208365,0.00029310584,0.0,0.0,-0.08,0
9118600260,-0.0894697,-0.05891604,0.00026330352,0.0,0.0,-0.08,0
9118610716,-0.057684712,-0.06974062,0.00020116568,0.0,0.0,-0.08,0
9118622115,-0.024044765,-0.08139952,9.804964e-05,0.0,0.0,-0.08,0
9118629654,-0.0025448296,-0.088529594,1.13248825e-05,0.0,0.0,-0.08,0
9118640308,0.026493007,-0.09705479,-0.00012859702,0.0,0.0,-0.08,0
9118650750,0.052612327,-0.10388807,-0.00027373433,0.0,0.0,-0.08,0
9118661217,0.07625006,-0.110137045,-0.00042021275,0.0,0.0,-0.08,0
9118670716,0.09688018,-0.11625675,-0.0005637109,0.0,0.0,-0.08,0
9118679869,0.11736069,-0.123034574,-0.00072285533,0.0,0.0,-0.08,0
9118691265,0.14402416,-0.1327275,-0.0009569526,0.0,0.0,-0.08,0
9118700814,0.1677132,-0.14198929,-0.0011922419,0.0,0.0,-0.08,0
9118710200,0.1915558,-0.15177575,-0.0014559925,0.0,0.0,-0.08,0
9118720665,0.21777175,-0.16275427,-0.0017756224,0.0,0.0,-0.08,0
9118731310,0.24458742,-0.17384951,-0.00213027,0.0,0.0,-0.08,0
9118740755,0.26957402,-0.18377674,-0.0024828315,0.0,0.0,-0.08,0
9118750110,0.2954814,-0.19351654,-0.0028663874,0.0,0.0,-0.08,0
9118760593,0.32476398,-0.20385176,-0.0033193827,0.0,0.0,-0.08,0
9118770029,0.35143083,-0.2127505,-0.0037495792,0.0,0.0,-0.08,0
9118780554,0.38252467,-0.22272356,-0.004273504,0.0,0.0,-0.08,0
9118790897,0.41315404,-0.2323643,-0.0048169494,0.0,0.0,-0.08,0
9118802204,0.4450438,-0.24253784,-0.005417913,0.0,0.0,-0.08,0
9118809807,0.46641207,-0.24959978,-0.0058445334,0.0,0.0,-0.08,0
9118820498,0.4967835,-0.26023343,-0.006492287,0.0,0.0,-0.08,0
9118830864,0.52463055,-0.2706753,-0.007134527,0.0,0.0,-0.08,0
9118840327,0.54759157,-0.280084,-0.0077079237,0.0,0.0,-0.08,0
9118850774,0.5705065,-0.290941,-0.008345395,0.0,0.0,-0.08,0
9118861124,0.59203696,-0.3025847,-0.00901103,0.0,0.0,-0.08,0
9118871599,0.613404,-0.3149673,-0.009722859,0.0,0.0,-0.08,0
9118880181,0.63088167,-0.32518542,-0.010328889,0.0,0.0,-0.08,0
9118890695,0.6522226,-0.33746138,-0.011087358,0.0,0.0,-0.08,0
9118900592,0.67142457,-0.3484583,-0.011791885,0.0,0.0,-0.08,0
9118910080,0.68872786,-0.35847688,-0.012449026,0.0,0.0,-0.08,0
9118920576,0.70685744,-0.3692555,-0.013168007,0.0,0.0,-0.08,0
9118931012,0.7239764,-0.37984508,-0.013880879,0.0,0.0,-0.08,0
9118941660,0.7403833,-0.39051417,-0.014602244,0.0,0.0,-0.08,0
9118950365,0.75291014,-0.39904177,-0.015180111,0.0,0.0,-0.08,0
9118960537,0.76625174,-0.40859583,-0.015827715,0.0,0.0,-0.08,0
9118970978,0.7782514,-0.41786662,-0.016448647,0.0,0.0,-0.08,0
9118981542,0.78911924,-0.42674342,-0.017041415,0.0,0.0,-0.08,0
9118990562,0.79741216,-0.43365726,-0.01750648,0.0,0.0,-0.08,0
9119001051,0.80542386,-0.44058648,-0.017972589,0.0,0.0,-0.08,0
9119011478,0.81158745,-0.44636932,-0.018354058,0.0,0.0,-0.08,0
9119020967,0.81559294,-0.45057437,-0.01862362,0.0,0.0,-0.08,0
9119030443,0.8178445,-0.45378655,-0.018811524,0.0,0.0,-0.08,0
9119040932,0.81883997,-0.45656168,-0.018953085,0.0,0.0,-0.08,0
9119052406,0.81791043,-0.4585065,-0.019014627,0.0,0.0,-0.08,0
9119060854,0.8148538,-0.45858982,-0.018947124,0.0,0.0,-0.08,0
9119071005,0.8071527,-0.4563796,-0.018675327,0.0,0.0,-0.08,0
9119081355,0.7926892,-0.450855,-0.01811251,0.0,0.0,-0.08,0
9119090900,0.7709627,-0.44199672,-0.01726091,0.0,0.0,-0.08,0
9119101332,0.7375972,-0.42817134,-0.015984774,0.0,0.0,-0.08,0
9119111803,0.69586444,-0.4111005,-0.014465451,0.0,0.0,-0.08,0
9119122285,0.6479173,-0.39184096,-0.012824833,0.0,0.0,-0.08,0
9119130610,0.606296,-0.37532315,-0.01148507,0.0,0.0,-0.08,0
9119141165,0.55158186,-0.35412112,-0.0098486245,0.0,0.0,-0.08,0
9119151486,0.5011804,-0.33498377,-0.00845775,0.0,0.0,-0.08,0
9119161167,0.4576045,-0.31835032,-0.0073334575,0.0,0.0,-0.08,0
9119170558,0.41380882,-0.30114692,-0.0062687695,0.0,0.0,-0.08,0
9119181071,0.35952032,-0.27963406,-0.005053431,0.0,0.0,-0.08,0
9119192486,0.2978867,-0.25570247,-0.003825426,0.0,0.0,-0.08,0
9119200909,0.25374505,-0.23912999,-0.0030456483,0.0,0.0,-0.08,0
9119211429,0.20079136,-0.21938324,-0.0022098422,0.0,0.0,-0.08,0
9119221866,0.14836657,-0.19906992,-0.0014808774,0.0,0.0,-0.08,0
9119232282,0.09946634,-0.17940399,-0.0008940697,0.0,0.0,-0.08,0
9119240933,0.06723181,-0.16629244,-0.00056013465,0.0,0.0,-0.08,0
9119251185,0.037484933,-0.15432186,-0.0002899766,0.0,0.0,-0.08,0
9119261624,0.00868435,-0.14310166,-6.198883e-05,0.0,0.0,-0.08,0
9119271068,-0.018761847,-0.13324253,0.00012502074,0.0,0.0,-0.08,0
9119281116,-0.049501516,-0.12343871,0.00030577183,0.0,0.0,-0.08,0
9119291594,-0.08334286,-0.11370501,0.00047415495,0.0,0.0,-0.08,0
9119300943,-0.11447248,-0.10528907,0.000602901,0.0,0.0,-0.08,0
9119311395,-0.14880744,-0.09600896,0.0007146597,0.0,0.0,-0.08,0
9119320832,-0.17683494,-0.08766111,0.00077560544,0.0,0.0,-0.08,0
9119331399,-0.2013838,-0.07908381,0.0007966161,0.0,0.0,-0.08,0
9119340898,-0.21548046,-0.07300413,0.0007867813,0.0,0.0,-0.08,0
9119351315,-0.22427395,-0.0674337,0.00075653195,0.0,0.0,-0.08,0
9119361726,-0.22954276,-0.062048372,0.0007124245,0.0,0.0,-0.08,0
9119372271,-0.23046716,-0.057631135,0.00066429377,0.0,0.0,-0.08,0
9119380651,-0.22789758,-0.0551748,0.000628829,0.0,0.0,-0.08,0
9119391278,-0.22332318,-0.05217284,0.0005829334,0.0,0.0,-0.08,0
9119401871,-0.21793807,-0.049150243,0.00053554773,0.0,0.0,-0.08,0
9119412959,-0.20772776,-0.0473951,0.0004924834,0.0,0.0,-0.08,0
9119421671,-0.1958971,-0.046813022,0.00045880675,0.0,0.0,-0.08,0
9119431759,-0.18108031,-0.0451908,0.0004091859,0.0,0.0,-0.08,0
9119443165,-0.16486333,-0.041109696,0.00033900142,0.0,0.0,-0.08,0
9119451532,-0.15462318,-0.035535894,0.0002744794,0.0,0.0,-0.08,0
9119461573,-0.14372231,-0.025755206,0.00018522143,0.0,0.0,-0.08,0
9119471956,-0.1300393,-0.014447411,9.3728304e-05,0.0,0.0,-0.08,0
9119482421,-0.11230822,-0.0031653065,1.8030405e-05,0.0,0.0,-0.08,0
9119490799,-0.09777711,0.006038539,-2.9355288e-05,0.0,0.0,-0.08,0
9119501565,-0.08123278,0.018115435,-7.331371e-05,0.0,0.0,-0.08,0
9119512260,-0.07023065,0.029822199,-0.000104904175,0.0,0.0,-0.08,0
9119521979,-0.068025924,0.04063464,-0.00013798475,0.0,0.0,-0.08,0
9119531647,-0.07091781,0.05192145,-0.00018417835,0.0,0.0,-0.08,0
9119542205,-0.07741488,0.06468711,-0.00025078654,0.0,0.0,-0.08,0
9119552611,-0.08744201,0.07790588,-0.00034078956,0.0,0.0,-0.08,0
9119562070,-0.10000579,0.09123287,-0.00045642257,0.0,0.0,-0.08,0
9119571412,-0.11523397,0.10656735,-0.0006145239,0.0,0.0,-0.08,0
9119581991,-0.13243052,0.1260748,-0.0008356571,0.0,0.0,-0.08,0
9119591581,-0.14494242,0.14406082,-0.0010454655,0.0,0.0,-0.08,0
9119602075,-0.15543847,0.16291665,-0.0012682378,0.0,0.0,-0.08,0
9119612550,-0.16342597,0.18004805,-0.0014744699,0.0,0.0,-0.08,0
9119623027,-0.1682817,0.19421282,-0.0016382337,0.0,0.0,-0.08,0
9119631461,-0.17203696,0.20310163,-0.0017519295,0.0,0.0,-0.08,0
9119642022,-0.18019533,0.2116015,-0.001912266,0.0,0.0,-0.08,0
9119652359,-0.19140808,0.2174478,-0.0020879507,0.0,0.0,-0.08,0
9119661779,-0.20468019,0.22190095,-0.0022786856,0.0,0.0,-0.08,0
9119672345,-0.22373079,0.2286565,-0.002567023,0.0,0.0,-0.08,0
9119682827,-0.24259754,0.23765874,-0.0028936565,0.0,0.0,-0.08,0
9119693261,-0.2562918,0.24737293,-0.003183335,0.0,0.0,-0.08,0
9119701726,-0.26253307,0.25453585,-0.0033557415,0.0,0.0,-0.08,0
9119712348,-0.2645998,0.2610228,-0.0034697354,0.0,0.0,-0.08,0
9119721685,-0.26278615,0.26353344,-0.0034792721,0.0,0.0,-0.08,0
9119732382,-0.26049602,0.26319662,-0.0034442544,0.0,0.0,-0.08,0
9119741746,-0.25964144,0.26098105,-0.0034038723,0.0,0.0,-0.08,0
9119751773,-0.2574136,0.25715944,-0.003324747,0.0,0.0,-0.08,0
9119762524,-0.2505513,0.2518772,-0.003168881,0.0,0.0,-0.08,0
9119772248,-0.23791812,0.24487089,-0.002924502,0.0,0.0,-0.08,0
9119781670,-0.21792543,0.23380272,-0.0025568902,0.0,0.0,-0.08,0
9119792186,-0.18981904,0.21585053,-0.0020550191,0.0,0.0,-0.08,0
9119801611,-0.16543049,0.19572528,-0.0016233325,0.0,0.0,-0.08,0
9119812214,-0.14366603,0.17129074,-0.001232624,0.0,0.0,-0.08,0
9119821530,-0.12918553,0.15061045,-0.0009742379,0.0,0.0,-0.08,0
9119831957,-0.11257358,0.12858681,-0.0007249415,0.0,0.0,-0.08,0
9119841960,-0.090446115,0.106883235,-0.0004836917,0.0,0.0,-0.08,0
9119852166,-0.060138732,0.08259888,-0.00024855137,0.0,0.0,-0.08,0
9119862591,-0.024841145,0.055359147,-6.869435e-05,0.0,0.0,-0.08,0
9119872937,0.008450093,0.027139524,1.13248825e-05,0.0,0.0,-0.08,0
9119881358,0.030139582,0.005272418,7.897615e-06,0.0,0.0,-0.08,0
9119891924,0.053209137,-0.020737236,-5.4985285e-05,0.0,0.0,-0.08,0
9119902273,0.07800324,-0.046529844,-0.00018149614,0.0,0.0,-0.08,0
9119911746,0.10391053,-0.070214376,-0.00036492944,0.0,0.0,-0.08,0
9119922214,0.13342437,-0.09503512,-0.0006341934,0.0,0.0,-0.08,0
9119932682,0.16404319,-0.1180954,-0.00096961856,0.0,0.0,-0.08,0
9119943342,0.19823536,-0.14060122,-0.0013956428,0.0,0.0,-0.08,0
9119951788,0.22628917,-0.15816008,-0.0017923117,0.0,0.0,-0.08,0
9119962231,0.25784928,-0.17933366,-0.0023172796,0.0,0.0,-0.08,0
9119972772,0.28282613,-0.19902597,-0.002821833,0.0,0.0,-0.08,0
9119982169,0.30008447,-0.21426895,-0.0032247603,0.0,0.0,-0.08,0
9119992654,0.31850818,-0.22960544,-0.003669113,0.0,0.0,-0.08,0
9120002005,0.33726597,-0.24376683,-0.0041271746,0.0,0.0,-0.08,0
9120013701,0.3628024,-0.26350963,-0.004802346,0.0,0.0,-0.08,0
9120022236,0.3802437,-0.27890337,-0.0053304434,0.0,0.0,-0.08,0
9120032385,0.39844596,-0.2973882,-0.0059603155,0.0,0.0,-0.08,0
9120042859,0.41518116,-0.31525376,-0.0065881014,0.0,0.0,-0.08,0
9120052323,0.42826235,-0.32894018,-0.007095337,0.0,0.0,-0.08,0
9120062758,0.4422853,-0.34174067,-0.0076171756,0.0,0.0,-0.08,0
9120072569,0.45703685,-0.3532271,-0.008140206,0.0,0.0,-0.08,0
9120083047,0.47125065,-0.36528873,-0.008684993,0.0,0.0,-0.08,0
9120092499,0.48010394,-0.37648138,-0.009124726,0.0,0.0,-0.08,0
9120103037,0.4862448,-0.39041594,-0.009590536,0.0,0.0,-0.08,0
9120112533,0.48894972,-0.40391603,-0.009984821,0.0,0.0,-0.08,0
9120123948,0.48988593,-0.42032805,-0.010420382,0.0,0.0,-0.08,0
9120132328,0.4906766,-0.43280303,-0.010754913,0.0,0.0,-0.08,0
9120142840,0.49300757,-0.4492506,-0.011228025,0.0,0.0,-0.08,0
9120153259,0.49638957,-0.4660613,-0.011741072,0.0,0.0,-0.08,0
9120162286,0.49898607,-0.4807695,-0.012186766,0.0,0.0,-0.08,0
9120172834,0.500297,-0.49835646,-0.012680739,0.0,0.0,-0.08,0
9120183188,0.49997896,-0.51654357,-0.013152659,0.0,0.0,-0.08,0
9120193854,0.49781412,-0.53553855,-0.0135964155,0.0,0.0,-0.08,0
9120202281,0.49445117,-0.5497176,-0.013877749,0.0,0.0,-0.08,0
9120212822,0.48850632,-0.5660031,-0.0141353905,0.0,0.0,-0.08,0
9120223183,0.48248336,-0.5811278,-0.014351755,0.0,0.0,-0.08,0
9120232601,0.4772919,-0.59405476,-0.014529228,0.0,0.0,-0.08,0
9120243142,0.469692,-0.60574555,-0.014594197,0.0,0.0,-0.08,0
9120253539,0.46222064,-0.61402005,-0.014568716,0.0,0.0,-0.08,0
9120263702,0.45958626,-0.62017095,-0.01463905,0.0,0.0,-0.08,0
9120272778,0.46231174,-0.6250852,-0.014849007,0.0,0.0,-0.08,0
9120282336,0.4673875,-0.6304931,-0.0151492655,0.0,0.0,-0.08,0
9120292670,0.46936694,-0.6355698,-0.015342981,0.0,0.0,-0.08,0
9120303179,0.46630755,-0.6387824,-0.015324354,0.0,0.0,-0.08,0
9120312602,0.46193543,-0.64013237,-0.01521498,0.0,0.0,-0.08,0
9120323011,0.45649123,-0.64002067,-0.015032589,0.0,0.0,-0.08,0
9120334738,0.4488346,-0.63789314,-0.014728606,0.0,0.0,-0.08,0
9120342203,0.44214255,-0.6348597,-0.014436245,0.0,0.0,-0.08,0
9120352692,0.4294705,-0.62794137,-0.013860911,0.0,0.0,-0.08,0
9120363318,0.4134003,-0.618833,-0.013138056,0.0,0.0,-0.08,0
9120373759,0.39293855,-0.6076806,-0.012251288,0.0,0.0,-0.08,0
9120383197,0.3697368,-0.5953261,-0.011281669,0.0,0.0,-0.08,0
9120392555,0.34628388,-0.58215046,-0.010320544,0.0,0.0,-0.08,0
9120403223,0.32227784,-0.5671422,-0.009346157,0.0,0.0,-0.08,0
9120412673,0.30138397,-0.5531025,-0.0085143745,0.0,0.0,-0.08,0
9120423238,0.27706397,-0.5364229,-0.007581413,0.0,0.0,-0.08,0
9120433699,0.25504905,-0.5207765,-0.0067681074,0.0,0.0,-0.08,0
9120444265,0.23653209,-0.5068356,-0.0061026216,0.0,0.0,-0.08,0
9120452905,0.2213879,-0.49543747,-0.0055783987,0.0,0.0,-0.08,0
9120463306,0.20141858,-0.4801333,-0.004913509,0.0,0.0,-0.08,0
9120472909,0.18295246,-0.4643069,-0.004311204,0.0,0.0,-0.08,0
9120483389,0.16189441,-0.444835,-0.0036509335,0.0,0.0,-0.08,0
9120493739,0.1376205,-0.42321098,-0.0029486418,0.0,0.0,-0.08,0
9120502642,0.11397835,-0.40325665,-0.0023242831,0.0,0.0,-0.08,0
9120514299,0.08150142,-0.3766959,-0.0015503168,0.0,0.0,-0.08,0
9120522965,0.057008192,-0.35681018,-0.0010257959,0.0,0.0,-0.08,0
9120533721,0.024965592,-0.33078074,-0.0004158914,0.0,0.0,-0.08,0
9120543051,-0.0029399619,-0.307428,4.515052e-05,0.0,0.0,-0.08,0
9120553582,-0.02912622,-0.28246388,0.00041350722,0.0,0.0,-0.08,0
9120562946,-0.046855845,-0.26216295,0.0006173551,0.0,0.0,-0.08,0
9120573426,-0.06462647,-0.24027407,0.00077977777,0.0,0.0,-0.08,0
9120584893,-0.08196935,-0.21758726,0.0008946657,0.0,0.0,-0.08,0
9120593347,-0.09224612,-0.2024113,0.000936687,0.0,0.0,-0.08,0
9120602749,-0.10199729,-0.18606581,0.0009511411,0.0,0.0,-0.08,0
9120613256,-0.11107853,-0.16671735,0.0009278953,0.0,0.0,-0.08,0
9120623810,-0.11832946,-0.14519331,0.00086024404,0.0,0.0,-0.08,0
9120632941,-0.12339373,-0.12487128,0.0007712841,0.0,0.0,-0.08,0
9120643489,-0.12835918,-0.10077874,0.00064730644,0.0,0.0,-0.08,0
9120653921,-0.13471463,-0.07733934,0.0005212426,0.0,0.0,-0.08,0
9120666405,-0.14754386,-0.04953342,0.00036552548,0.0,0.0,-0.08,0
9120673737,-0.15897453,-0.033274516,0.0002644956,0.0,0.0,-0.08,0
9120684143,-0.1801073,-0.011264984,0.000101327896,0.0,0.0,-0.08,0
9120694520,-0.20470697,0.008993827,-9.179115e-05,0.0,0.0,-0.08,0
9120703245,-0.2272305,0.02492613,-0.00028312206,0.0,0.0,-0.08,0
9120713723,-0.2562465,0.043660436,-0.0005593896,0.0,0.0,-0.08,0
9120724145,-0.28672862,0.06286022,-0.00090152025,0.0,0.0,-0.08,0
9120733682,-0.3143811,0.081305526,-0.0012783706,0.0,0.0,-0.08,0
9120743091,-0.33946007,0.10016598,-0.0017009676,0.0,0.0,-0.08,0
9120753443,-0.36303475,0.12052484,-0.0021897256,0.0,0.0,-0.08,0
9120764944,-0.3839104,0.14159925,-0.002721548,0.0,0.0,-0.08,0
9120773375,-0.39607686,0.15601327,-0.0030942261,0.0,0.0,-0.08,0
9120783983,-0.40897933,0.17345883,-0.003553927,0.0,0.0,-0.08,0
9120794447,-0.41980743,0.18938155,-0.0039844215,0.0,0.0,-0.08,0
9120803848,-0.4290465,0.20260745,-0.0043579936,0.0,0.0,-0.08,0
9120813294,-0.43776804,0.21577083,-0.004737526,0.0,0.0,-0.08,0
9120823764,-0.4452069,0.23005112,-0.0051392615,0.0,0.0,-0.08,0
9120835264,-0.45101875,0.2453654,-0.005555153,0.0,0.0,-0.08,0
9120843783,-0.4541899,0.2564003,-0.0058481097,0.0,0.0,-0.08,0
9120853163,-0.45689777,0.26762143,-0.0061425567,0.0,0.0,-0.08,0
9120864521,-0.4611615,0.28002167,-0.006490499,0.0,0.0,-0.08,0
9120874194,-0.4664513,0.2892996,-0.0067849457,0.0,0.0,-0.08,0
9120883569,-0.47138327,0.29610196,-0.007019788,0.0,0.0,-0.08,0
9120894099,-0.47498253,0.30062008,-0.0071828067,0.0,0.0,-0.08,0
9120904564,-0.47744817,0.30263045,-0.0072687864,0.0,0.0,-0.08,0
9120913267,-0.48056263,0.30388704,-0.0073470175,0.0,0.0,-0.08,0
9120923792,-0.48581046,0.30614758,-0.007482767,0.0,0.0,-0.08,0
9120934239,-0.48917043,0.30832443,-0.0075890124,0.0,0.0,-0.08,0
9120944777,-0.48723763,0.30918664,-0.0075805187,0.0,0.0,-0.08,0
9120954395,-0.4806772,0.3084244,-0.0074596703,0.0,0.0,-0.08,0
9120963650,-0.4720369,0.3061186,-0.0072702765,0.0,0.0,-0.08,0
9120974074,-0.462381,0.3016895,-0.007017255,0.0,0.0,-0.08,0
9120983548,-0.45463997,0.29632157,-0.006775707,0.0,0.0,-0.08,0
9120994047,-0.44512057,0.28907582,-0.006469637,0.0,0.0,-0.08,0
9121004525,-0.43216437,0.28058892,-0.00609532,0.0,0.0,-0.08,0
9121015027,-0.41541004,0.2708069,-0.0056527555,0.0,0.0,-0.08,0
9121023401,-0.3997093,0.26183286,-0.0052569807,0.0,0.0,-0.08,0
9121033918,-0.37705386,0.24834135,-0.0047014654,0.0,0.0,-0.08,0
9121044173,-0.3510672,0.23193637,-0.0040857494,0.0,0.0,-0.08,0
9121053748,-0.32209742,0.21320766,-0.0034441054,0.0,0.0,-0.08,0
9121064187,-0.28911772,0.19158813,-0.0027759373,0.0,0.0,-0.08,0
9121074872,-0.26083714,0.17289357,-0.002259314,0.0,0.0,-0.08,0
9121085903,-0.23363376,0.15709576,-0.0018379092,0.0,0.0,-0.08,0
9121093267,-0.20916669,0.14584574,-0.001527071,0.0,0.0,-0.08,0
9121103722,-0.16473377,0.12773599,-0.0010530651,0.0,0.0,-0.08,0
9121114140,-0.11879353,0.10875183,-0.00064626336,0.0,0.0,-0.08,0
9121124754,-0.07373993,0.08773912,-0.00032380223,0.0,0.0,-0.08,0
9121134097,-0.035868786,0.06709738,-0.000120550394,0.0,0.0,-0.08,0
9121144649,0.0038689235,0.042208076,8.195639e-06,0.0,0.0,-0.08,0
9121154932,0.040413506,0.017484277,3.5613775e-05,0.0,0.0,-0.08,0
9121163629,0.07032421,-0.0026033092,-9.23872e-06,0.0,0.0,-0.08,0
9121173886,0.10595074,-0.024475146,-0.00012978911,0.0,0.0,-0.08,0
9121184266,0.14399073,-0.04519139,-0.00032514334,0.0,0.0,-0.08,0
9121194808,0.18482268,-0.06586493,-0.00060901046,0.0,0.0,-0.08,0
9121204421,0.22192335,-0.08473951,-0.0009407103,0.0,0.0,-0.08,0
9121213904,0.25578207,-0.103219226,-0.0013209879,0.0,0.0,-0.08,0
9121224271,0.28840005,-0.12283608,-0.0017726421,0.0,0.0,-0.08,0
9121233784,0.31355873,-0.13914691,-0.0021842122,0.0,0.0,-0.08,0
9121244366,0.33810064,-0.15466702,-0.002618581,0.0,0.0,-0.08,0
9121254900,0.36339787,-0.168699,-0.0030709803,0.0,0.0,-0.08,0
9121265338,0.3911273,-0.18257074,-0.0035780668,0.0,0.0,-0.08,0
9121273789,0.41502434,-0.19473629,-0.0040510297,0.0,0.0,-0.08,0
9121284124,0.44479194,-0.21163806,-0.004720837,0.0,0.0,-0.08,0
9121294638,0.47494018,-0.2309827,-0.005504191,0.0,0.0,-0.08,0
9121304096,0.5036341,-0.25068215,-0.006338507,0.0,0.0,-0.08,0
9121314140,0.53539413,-0.27292114,-0.007341653,0.0,0.0,-0.08,0
9121324452,0.5663589,-0.2945151,-0.008387268,0.0,0.0,-0.08,0
9121336067,0.5993694,-0.3167626,-0.00955537,0.0,0.0,-0.08,0
9121344313,0.6228149,-0.332243,-0.010421127,0.0,0.0,-0.08,0
9121354793,0.6515184,-0.35265338,-0.011582524,0.0,0.0,-0.08,0
9121365134,0.67616296,-0.37424725,-0.012770295,0.0,0.0,-0.08,0
9121374805,0.6951454,-0.3967187,-0.013933182,0.0,0.0,-0.08,0
9121384157,0.7074106,-0.41912475,-0.014999211,0.0,0.0,-0.08,0
9121394617,0.70986855,-0.44058314,-0.015842468,0.0,0.0,-0.08,0
9121406076,0.70414793,-0.4599779,-0.016426593,0.0,0.0,-0.08,0
9121414615,0.6993624,-0.47427875,-0.016838163,0.0,0.0,-0.08,0
9121425035,0.6933346,-0.4931022,-0.017378181,0.0,0.0,-0.08,0
9121434420,0.6868185,-0.51123047,-0.017871112,0.0,0.0,-0.08,0
9121444297,0.6811425,-0.53171253,-0.018461645,0.0,0.0,-0.08,0
9121454699,0.6774359,-0.55367285,-0.019151866,0.0,0.0,-0.08,0
9121464289,0.67589194,-0.57309836,-0.019809753,0.0,0.0,-0.08,0
9121474752,0.6781068,-0.59360135,-0.020620674,0.0,0.0,-0.08,0
9121484162,0.68211746,-0.61029196,-0.021356642,0.0,0.0,-0.08,0
9121494724,0.6834758,-0.6246176,-0.021929592,0.0,0.0,-0.08,0
9121505338,0.68164676,-0.63569975,-0.022281557,0.0,0.0,-0.08,0
9121516053,0.6787394,-0.6459373,-0.022565126,0.0,0.0,-0.08,0
9121526528,0.6726681,-0.6549148,-0.022693574,0.0,0.0,-0.08,0
9121535110,0.66527784,-0.6617572,-0.022693574,0.0,0.0,-0.08,0
9121544802,0.6554104,-0.6696166,-0.02264008,0.0,0.0,-0.08,0
9121555227,0.6398231,-0.6762277,-0.022334605,0.0,0.0,-0.08,0
9121564761,0.6202122,-0.67923343,-0.021753162,0.0,0.0,-0.08,0
9121575146,0.59575665,-0.6793411,-0.020899624,0.0,0.0,-0.08,0
9121586596,0.5661404,-0.6754775,-0.01974091,0.0,0.0,-0.08,0
9121594990,0.54214466,-0.6697074,-0.018732548,0.0,0.0,-0.08,0
9121604483,0.5126332,-0.66059697,-0.017457455,0.0,0.0,-0.08,0
9121614823,0.47589377,-0.647134,-0.015855879,0.0,0.0,-0.08,0
9121625291,0.4328446,-0.62873185,-0.013988763,0.0,0.0,-0.08,0
9121634943,0.3901615,-0.6074523,-0.012159795,0.0,0.0,-0.08,0
9121645394,0.3428699,-0.58023953,-0.01018405,0.0,0.0,-0.08,0
9121655961,0.29656035,-0.5501706,-0.008331984,0.0,0.0,-0.08,0
9121664323,0.2643966,-0.5267154,-0.007098615,0.0,0.0,-0.08,0
9121674888,0.23102629,-0.4991125,-0.005866289,0.0,0.0,-0.08,0
9121685225,0.20257461,-0.47350276,-0.0048713386,0.0,0.0,-0.08,0
9121694685,0.17735653,-0.4507269,-0.004053712,0.0,0.0,-0.08,0
9121705174,0.14869735,-0.42569757,-0.0032049417,0.0,0.0,-0.08,0
9121715673,0.11799943,-0.40001643,-0.00238657,0.0,0.0,-0.08,0
9121726143,0.0844799,-0.3726105,-0.0015889108,0.0,0.0,-0.08,0
9121734710,0.05444303,-0.34737593,-0.0009533763,0.0,0.0,-0.08,0
9121745257,0.015416034,-0.31237656,-0.00024229288,0.0,0.0,-0.08,0
9121755723,-0.023087114,-0.27606106,0.00032022595,0.0,0.0,-0.08,0
9121766240,-0.06200902,-0.24026406,0.00074774027,0.0,0.0,-0.08,0
9121774822,-0.09513922,-0.21293098,0.0010161102,0.0,0.0,-0.08,0
9121785307,-0.14051409,-0.18216822,0.001282692,0.0,0.0,-0.08,0
9121795892,-0.1955671,-0.15157273,0.0014843047,0.0,0.0,-0.08,0
9121805406,-0.25067896,-0.12337843,0.0015479326,0.0,0.0,-0.08,0
9121815867,-0.30680114,-0.093040325,0.0014282763,0.0,0.0,-0.08,0
9121825269,-0.34384578,-0.06845003,0.0011771917,0.0,0.0,-0.08,0
9121835866,-0.37103522,-0.044680122,0.0008292496,0.0,0.0,-0.08,0
9121845305,-0.39073664,-0.0256172,0.000500381,0.0,0.0,-0.08,0
9121854726,-0.41245377,-0.0071099773,0.00014662743,0.0,0.0,-0.08,0
9121865167,-0.43797702,0.012414515,-0.00027179718,0.0,0.0,-0.08,0
9121875731,-0.4621406,0.030938566,-0.0007148087,0.0,0.0,-0.08,0
9121885390,-0.4819937,0.048665814,-0.0011725724,0.0,0.0,-0.08,0
9121895794,-0.4991376,0.06920714,-0.0017271936,0.0,0.0,-0.08,0
9121906326,-0.51081693,0.08985061,-0.0022955239,0.0,0.0,-0.08,0
9121914706,-0.5175133,0.106355,-0.0027535856,0.0,0.0,-0.08,0
9121925142,-0.524056,0.12791494,-0.0033548474,0.0,0.0,-0.08,0
9121935608,-0.52721643,0.14986528,-0.0039556623,0.0,0.0,-0.08,0
9121946099,-0.5257794,0.17082645,-0.0044986606,0.0,0.0,-0.08,0
9121955522,-0.5211884,0.18764012,-0.004900545,0.0,0.0,-0.08,0
9121966056,-0.5149313,0.20455164,-0.0052800775,0.0,0.0,-0.08,0
9121976772,-0.5096363,0.22169137,-0.0056667626,0.0,0.0,-0.08,0
9121987225,-0.5062299,0.24030498,-0.0061051548,0.0,0.0,-0.08,0
9121995665,-0.5039745,0.2573243,-0.0065125525,0.0,0.0,-0.08,0
9122006187,-0.49844307,0.27934682,-0.0069975853,0.0,0.0,-0.08,0
9122016664,-0.48813576,0.30032977,-0.0073739886,0.0,0.0,-0.08,0
9122025010,-0.47798938,0.31612682,-0.0076057017,0.0,0.0,-0.08,0
9122035527,-0.46544465,0.33392665,-0.007829368,0.0,0.0,-0.08,0
9122046041,-0.45336467,0.34739226,-0.007939041,0.0,0.0,-0.08,0
9122055611,-0.44368055,0.356036,-0.00796631,0.0,0.0,-0.08,0
9122066071,-0.43649483,0.3641516,-0.008019507,0.0,0.0,-0.08,0
9122075469,-0.43306947,0.3716779,-0.008124411,0.0,0.0,-0.08,0
9122086947,-0.43058902,0.38152176,-0.0082959235,0.0,0.0,-0.08,0
9122095381,-0.4276888,0.38812798,-0.008385628,0.0,0.0,-0.08,0
9122105930,-0.4221095,0.39359766,-0.008395165,0.0,0.0,-0.08,0
9122116246,-0.41667074,0.39538422,-0.008325726,0.0,0.0,-0.08,0
9122125772,-0.41508645,0.39350128,-0.008253604,0.0,0.0,-0.08,0
9122135322,-0.41873696,0.38782462,-0.008203536,0.0,0.0,-0.08,0
9122145788,-0.42681992,0.37881443,-0.00816375,0.0,0.0,-0.08,0
9122157330,-0.43417192,0.3666247,-0.008031577,0.0,0.0,-0.08,0
9122165760,-0.43394327,0.3554977,-0.0077795982,0.0,0.0,-0.08,0
9122175265,-0.4261579,0.3413942,-0.0073322654,0.0,0.0,-0.08,0
9122185660,-0.41334867,0.32675797,-0.006802082,0.0,0.0,-0.08,0
9122196151,-0.3981709,0.31158328,-0.0062443316,0.0,0.0,-0.08,0
9122205673,-0.381466,0.2940618,-0.0056418777,0.0,0.0,-0.08,0
9122216173,-0.35994118,0.26897267,-0.004864335,0.0,0.0,-0.08,0
9122226869,-0.33673152,0.23873991,-0.0040352345,0.0,0.0,-0.08,0
9122235287,-0.320878,0.21445459,-0.003451556,0.0,0.0,-0.08,0
9122245785,-0.30650586,0.18748227,-0.0028799474,0.0,0.0,-0.08,0
9122256147,-0.2892962,0.1625522,-0.0023554265,0.0,0.0,-0.08,0
9122266397,-0.26033884,0.13679905,-0.0017829239,0.0,0.0,-0.08,0
9122275829,-0.22397345,0.11188847,-0.0012537837,0.0,0.0,-0.08,0
9122286344,-0.17855251,0.08297936,-0.00074088573,0.0,0.0,-0.08,0
9122295637,-0.13654523,0.05579877,-0.0003810227,0.0,0.0,-0.08,0
9122305840,-0.09034566,0.025352363,-0.000114142895,0.0,0.0,-0.08,0
9122316191,-0.04433563,-0.0038470495,8.493662e-06,0.0,0.0,-0.08,0
9122326524,0.0046890974,-0.03132463,-7.1525574e-06,0.0,0.0,-0.08,0
9122337086,0.0618181,-0.059125777,-0.00018268824,0.0,0.0,-0.08,0
9122345644,0.11246112,-0.08149502,-0.00045850873,0.0,0.0,-0.08,0
9122356127,0.17558572,-0.10933733,-0.0009608269,0.0,0.0,-0.08,0
9122366633,0.2361931,-0.13903767,-0.0016444921,0.0,0.0,-0.08,0
9122376065,0.28383815,-0.16668148,-0.0023698807,0.0,0.0,-0.08,0
9122385727,0.31956458,-0.19272242,-0.0030866265,0.0,0.0,-0.08,0
9122396465,0.34879506,-0.21866192,-0.0038257241,0.0,0.0,-0.08,0
9122407972,0.38332397,-0.24667256,-0.004746765,0.0,0.0,-0.08,0
9122415756,0.41175967,-0.26613766,-0.005504787,0.0,0.0,-0.08,0
9122426238,0.45263058,-0.2915442,-0.006635487,0.0,0.0,-0.08,0
9122436692,0.49327487,-0.31654045,-0.0078596175,0.0,0.0,-0.08,0
9122447184,0.5317808,-0.34154084,-0.009152442,0.0,0.0,-0.08,0
9122456601,0.56216604,-0.36275983,-0.010287017,0.0,0.0,-0.08,0
9122466355,0.5929302,-0.38449863,-0.011512339,0.0,0.0,-0.08,0
9122478003,0.6345854,-0.41250804,-0.013238937,0.0,0.0,-0.08,0
9122485384,0.6625331,-0.431145,-0.014462024,0.0,0.0,-0.08,0
9122495879,0.6999313,-0.45742452,-0.016234964,0.0,0.0,-0.08,0
9122506334,0.7326299,-0.48249853,-0.017954111,0.0,0.0,-0.08,0
9122517053,0.76010907,-0.5061952,-0.019574165,0.0,0.0,-0.08,0
9122526569,0.7810507,-0.5255607,-0.020911843,0.0,0.0,-0.08,0
9122536114,0.80301756,-0.5447735,-0.022317618,0.0,0.0,-0.08,0
9122547370,0.82961535,-0.5670138,-0.024039745,0.0,0.0,-0.08,0
9122556398,0.84853286,-0.5835698,-0.025339425,0.0,0.0,-0.08,0
9122566891,0.8661434,-0.6006076,-0.026658326,0.0,0.0,-0.08,0
9122576313,0.87798923,-0.61333805,-0.02762556,0.0,0.0,-0.08,0
9122586818,0.89200604,-0.6260473,-0.028680116,0.0,0.0,-0.08,0
9122596300,0.90872455,-0.6377973,-0.029797256,0.0,0.0,-0.08,0
9122606392,0.92667043,-0.6494532,-0.030973405,0.0,0.0,-0.08,0
9122616907,0.9424892,-0.65971076,-0.032030046,0.0,0.0,-0.08,0
9122628252,0.9580176,-0.67000335,-0.033097416,0.0,0.0,-0.08,0
9122638989,0.9706657,-0.67914003,-0.03402084,0.0,0.0,-0.08,0
9122647363,0.97773224,-0.6852495,-0.034597665,0.0,0.0,-0.08,0
9122657866,0.98580754,-0.69281274,-0.035294294,0.0,0.0,-0.08,0
9122666250,0.99419653,-0.69999814,-0.03598973,0.0,0.0,-0.08,0
9122676773,1.0039843,-0.7091298,-0.03685206,0.0,0.0,-0.08,0
9122687220,1.0089468,-0.71611243,-0.037426054,0.0,0.0,-0.08,0
9122696609,1.0114942,-0.7212661,-0.037810504,0.0,0.0,-0.08,0
9122706036,1.0142832,-0.7262154,-0.038195252,0.0,0.0,-0.08,0
9122716502,1.0156908,-0.7301824,-0.038473308,0.0,0.0,-0.08,0
9122728120,1.0138314,-0.7316099,-0.03848359,0.0,0.0,-0.08,0
9122736942,1.0103014,-0.730795,-0.038303584,0.0,0.0,-0.08,0
9122746238,1.00441,-0.72827196,-0.03793925,0.0,0.0,-0.08,0
9122756733,0.99433935,-0.72317934,-0.037276596,0.0,0.0,-0.08,0
9122767228,0.9806472,-0.71584654,-0.0363636,0.0,0.0,-0.08,0
9122776633,0.96508056,-0.70740354,-0.03533408,0.0,0.0,-0.08,0
9122787032,0.9432639,-0.6958932,-0.03393486,0.0,0.0,-0.08,0
9122798493,0.9153836,-0.6816931,-0.032215863,0.0,0.0,-0.08,0
9122805946,0.89574605,-0.67229766,-0.03106296,0.0,0.0,-0.08,0
9122816599,0.86391,-0.6582618,-0.029295087,0.0,0.0,-0.08,0
9122826896,0.82910943,-0.64324266,-0.027436018,0.0,0.0,-0.08,0
9122837386,0.79192096,-0.62667257,-0.0254938,0.0,0.0,-0.08,0
9122846846,0.7568668,-0.60995996,-0.023681074,0.0,0.0,-0.08,0
9122857299,0.71389747,-0.58776015,-0.02148375,0.0,0.0,-0.08,0
9122866711,0.6698486,-0.56411344,-0.01931101,0.0,0.0,-0.08,0
9122876174,0.619777,-0.5363857,-0.016953498,0.0,0.0,-0.08,0
9122886619,0.5591403,-0.50126964,-0.014257729,0.0,0.0,-0.08,0
9122897196,0.497007,-0.46396294,-0.011700839,0.0,0.0,-0.08,0
9122908640,0.43539202,-0.42594126,-0.009388328,0.0,0.0,-0.08,0
9122916959,0.39744198,-0.4019459,-0.008076429,0.0,0.0,-0.08,0
9122927484,0.35962716,-0.3773886,-0.006852448,0.0,0.0,-0.08,0
9122936918,0.33086005,-0.35933277,-0.0059972703,0.0,0.0,-0.08,0
9122946443,0.2998806,-0.34177178,-0.0051663816,0.0,0.0,-0.08,0
9122956886,0.26180816,-0.32174277,-0.0042417645,0.0,0.0,-0.08,0
9122967334,0.22300117,-0.30238375,-0.0033929944,0.0,0.0,-0.08,0
9122978143,0.18468073,-0.2850242,-0.0026470423,0.0,0.0,-0.08,0
9122986719,0.15730837,-0.27482152,-0.0021731853,0.0,0.0,-0.08,0
9122997108,0.1279573,-0.26739937,-0.001719445,0.0,0.0,-0.08,0
9123007545,0.09913813,-0.26285794,-0.001309365,0.0,0.0,-0.08,0
9123017093,0.07065156,-0.25897008,-0.0009191036,0.0,0.0,-0.08,0
9123027477,0.036211982,-0.25323653,-0.00046029687,0.0,0.0,-0.08,0
9123037966,-0.0011077151,-0.24497446,1.3709068e-05,0.0,0.0,-0.08,0
9123048404,-0.039925966,-0.23389745,0.00046864152,0.0,0.0,-0.08,0
9123056825,-0.073436856,-0.2230776,0.00082165,0.0,0.0,-0.08,0
9123067383,-0.1172249,-0.20942068,0.0012311339,0.0,0.0,-0.08,0
9123077829,-0.159714,-0.1981811,0.0015865266,0.0,0.0,-0.08,0
9123088289,-0.20194235,-0.18914792,0.0019143522,0.0,0.0,-0.08,0
9123097686,-0.2416372,-0.18152739,0.0021979213,0.0,0.0,-0.08,0
9123107057,-0.28302738,-0.17357212,0.0024610758,0.0,0.0,-0.08,0
9123117451,-0.32841778,-0.16390008,0.002696067,0.0,0.0,-0.08,0
9123126871,-0.36563128,-0.1546957,0.0028319657,0.0,0.0,-0.08,0
9123137309,-0.40032834,-0.14479895,0.0029018521,0.0,0.0,-0.08,0
9123147361,-0.42941615,-0.1352981,0.0029081106,0.0,0.0,-0.08,0
9123157766,-0.457335,-0.12482062,0.0028569996,0.0,0.0,-0.08,0
9123167244,-0.481601,-0.114155285,0.0027504563,0.0,0.0,-0.08,0
9123177685,-0.5076518,-0.10083259,0.0025604665,0.0,0.0,-0.08,0
9123188099,-0.53261334,-0.086557865,0.0023050606,0.0,0.0,-0.08,0
9123197617,-0.55433226,-0.073289685,0.0020317733,0.0,0.0,-0.08,0
9123207052,-0.57588047,-0.060129397,0.0017312169,0.0,0.0,-0.08,0
9123217435,-0.6007426,-0.045867912,0.0013773143,0.0,0.0,-0.08,0
9123229179,-0.62802935,-0.03090208,0.0009702146,0.0,0.0,-0.08,0
9123237541,-0.64476836,-0.021221071,0.0006841123,0.0,0.0,-0.08,0
9123246920,-0.66230685,-0.010012686,0.00033140182,0.0,0.0,-0.08,0
9123257487,-0.6831714,0.0041342527,-0.000141114,0.0,0.0,-0.08,0
9123267989,-0.7042641,0.018996686,-0.0006686151,0.0,0.0,-0.08,0
9123277385,-0.7223362,0.032139197,-0.0011602044,0.0,0.0,-0.08,0
9123287805,-0.7413293,0.046068862,-0.001707077,0.0,0.0,-0.08,0
9123299313,-0.76091236,0.06015087,-0.0022879243,0.0,0.0,-0.08,0
9123306742,-0.77257603,0.067867056,-0.0026211143,0.0,0.0,-0.08,0
9123317406,-0.78923595,0.07753477,-0.0030589104,0.0,0.0,-0.08,0
9123327772,-0.80700785,0.08762241,-0.0035347044,0.0,0.0,-0.08,0
9123338244,-0.8245295,0.09918135,-0.0040888786,0.0,0.0,-0.08,0
9123347968,-0.8354366,0.10932889,-0.004567355,0.0,0.0,-0.08,0
9123357330,-0.8391286,0.11725007,-0.0049206614,0.0,0.0,-0.08,0
9123368837,-0.83818245,0.12518308,-0.005248487,0.0,0.0,-0.08,0
9123377219,-0.83500236,0.12972848,-0.0054191053,0.0,0.0,-0.08,0
9123387698,-0.82841367,0.1334517,-0.005530715,0.0,0.0,-0.08,0
9123398288,-0.8208605,0.13568516,-0.00557214,0.0,0.0,-0.08,0
9123408815,-0.81392646,0.13754553,-0.0056011975,0.0,0.0,-0.08,0
9123417172,-0.8083838,0.13912459,-0.0056271255,0.0,0.0,-0.08,0
9123427642,-0.80122066,0.14167875,-0.0056800246,0.0,0.0,-0.08,0
9123438005,-0.794025,0.14590016,-0.005797446,0.0,0.0,-0.08,0
9123447509,-0.7862847,0.15136757,-0.00595659,0.0,0.0,-0.08,0
9123457915,-0.77657235,0.15776868,-0.006132871,0.0,0.0,-0.08,0
9123468377,-0.76740265,0.1637763,-0.0062920153,0.0,0.0,-0.08,0
9123478971,-0.75962496,0.16912127,-0.0064325333,0.0,0.0,-0.08,0
9123487544,-0.7534622,0.17241175,-0.006505102,0.0,0.0,-0.08,0
9123498025,-0.7441723,0.17450419,-0.0065030158,0.0,0.0,-0.08,0
9123508698,-0.73138285,0.17384617,-0.006367117,0.0,0.0,-0.08,0
9123518151,-0.7159087,0.16992779,-0.0060914457,0.0,0.0,-0.08,0
9123527718,-0.698328,0.16383529,-0.0057283044,0.0,0.0,-0.08,0
9123538291,-0.682731,0.15890801,-0.0054319203,0.0,0.0,-0.08,0
9123548965,-0.67071974,0.15781567,-0.005299449,0.0,0.0,-0.08,0
9123557625,-0.6584687,0.158393,-0.005221516,0.0,0.0,-0.08,0
9123568224,-0.6319416,0.15681253,-0.0049611926,0.0,0.0,-0.08,0
9123578480,-0.58973694,0.15083227,-0.004452765,0.0,0.0,-0.08,0
9123588032,-0.5383054,0.1431251,-0.0038565695,0.0,0.0,-0.08,0
9123597370,-0.48198003,0.13479596,-0.0032515824,0.0,0.0,-0.08,0
9123608032,-0.4143421,0.122725084,-0.0025448203,0.0,0.0,-0.08,0
9123618510,-0.34574658,0.10886069,-0.0018832088,0.0,0.0,-0.08,0
9123627962,-0.28720385,0.098128945,-0.0014100969,0.0,0.0,-0.08,0
9123638441,-0.22755802,0.08908159,-0.001013875,0.0,0.0,-0.08,0
9123647844,-0.17888756,0.082007125,-0.0007341802,0.0,0.0,-0.08,0
9123658907,-0.1288184,0.07268166,-0.0004684925,0.0,0.0,-0.08,0
9123667524,-0.09380354,0.061551966,-0.0002887845,0.0,0.0,-0.08,0
9123678105,-0.05442936,0.04209877,-0.00011473894,0.0,0.0,-0.08,0
9123688644,-0.023173766,0.021896845,-2.5331974e-05,0.0,0.0,-0.08,0
9123699069,-0.0036141365,0.006402683,-1.0430813e-06,0.0,0.0,-0.08,0
9123708435,0.005065955,-0.002076501,-5.9604645e-07,0.0,0.0,-0.08,0
9123718925,0.01040588,-0.007323644,-3.7252903e-06,0.0,0.0,-0.08,0
9123729468,0.016722422,-0.011198236,-9.536743e-06,0.0,0.0,-0.08,0
9123737996,0.022031434,-0.014797986,-1.6391277e-05,0.0,0.0,-0.08,0
9123748563,0.023695879,-0.019539218,-2.30968e-05,0.0,0.0,-0.08,0
9123758828,0.021960873,-0.024923729,-2.7418137e-05,0.0,0.0,-0.08,0
9123768331,0.02395684,-0.03292144,-3.9339066e-05,0.0,0.0,-0.08,0
9123777784,0.032628298,-0.044284124,-7.241964e-05,0.0,0.0,-0.08,0
9123788170,0.04672824,-0.05797343,-0.00013545156,0.0,0.0,-0.08,0
9123799662,0.06567351,-0.07311748,-0.0002400577,0.0,0.0,-0.08,0
9123808177,0.082244866,-0.084306285,-0.00034675002,0.0,0.0,-0.08,0
9123818767,0.10128632,-0.09584662,-0.00048562884,0.0,0.0,-0.08,0
9123828795,0.11390975,-0.10303844,-0.0005875528,0.0,0.0,-0.08,0
9123838184,0.12529327,-0.10958138,-0.00068724155,0.0,0.0,-0.08,0
9123848736,0.14371884,-0.120846555,-0.00086948276,0.0,0.0,-0.08,0
9123859204,0.16403753,-0.13476351,-0.0011065602,0.0,0.0,-0.08,0
9123869677,0.18163937,-0.14911324,-0.0013561547,0.0,0.0,-0.08,0
9123878126,0.19284964,-0.16041824,-0.0015492737,0.0,0.0,-0.08,0
9123888823,0.20154947,-0.17316657,-0.0017486513,0.0,0.0,-0.08,0
9123899270,0.20276561,-0.18220326,-0.0018516183,0.0,0.0,-0.08,0
9123909183,0.19908196,-0.18655169,-0.001861155,0.0,0.0,-0.08,0
9123918965,0.19694197,-0.18747321,-0.0018505752,0.0,0.0,-0.08,0
9123928699,0.20018658,-0.18613783,-0.0018674135,0.0,0.0,-0.08,0
9123940216,0.20921572,-0.18421526,-0.0019314885,0.0,0.0,-0.08,0
9123948686,0.21880525,-0.1852788,-0.0020316243,0.0,0.0,-0.08,0
9123958033,0.23001358,-0.18938263,-0.0021837652,0.0,0.0,-0.08,0
9123968471,0.24002448,-0.19478121,-0.0023438036,0.0,0.0,-0.08,0
9123979972,0.24987103,-0.2004788,-0.0025117397,0.0,0.0,-0.08,0
9123988643,0.25691998,-0.20382842,-0.0026258826,0.0,0.0,-0.08,0
9123998019,0.2619287,-0.2049192,-0.0026912987,0.0,0.0,-0.08,0
9124008562,0.26358718,-0.20266774,-0.0026781857,0.0,0.0,-0.08,0
9124018228,0.26270413,-0.19767275,-0.002603829,0.0,0.0,-0.08,0
9124028847,0.25948766,-0.18938799,-0.00246346,0.0,0.0,-0.08,0
9124039190,0.25145683,-0.17859659,-0.0022502244,0.0,0.0,-0.08,0
9124049699,0.235223,-0.1649022,-0.0019431114,0.0,0.0,-0.08,0
9124058064,0.21643677,-0.1521605,-0.0016492605,0.0,0.0,-0.08,0
9124068609,0.18838353,-0.13396801,-0.0012633204,0.0,0.0,-0.08,0
9124079208,0.15818663,-0.11382249,-0.0009009242,0.0,0.0,-0.08,0
9124088570,0.12866399,-0.09387708,-0.0006040931,0.0,0.0,-0.08,0
9124099018,0.091986075,-0.06943214,-0.0003194809,0.0,0.0,-0.08,0
9124109469,0.057693068,-0.045462694,-0.00013127923,0.0,0.0,-0.08,0
9124119886,0.03243025,-0.024710827,-4.0233135e-05,0.0,0.0,-0.08,0
9124130275,0.016038548,-0.0073209177,-5.9604645e-06,0.0,0.0,-0.08,0
9124138707,0.0060012555,0.0051758513,1.3411045e-06,0.0,0.0,-0.08,0
9124149151,-0.006043166,0.019675164,-6.109476e-06,0.0,0.0,-0.08,0
9124159013,-0.017576393,0.032930784,-2.8759241e-05,0.0,0.0,-0.08,0
9124168415,-0.02839525,0.044145737,-6.273389e-05,0.0,0.0,-0.08,0
9124178854,-0.040733047,0.05292918,-0.000107735395,0.0,0.0,-0.08,0
9124190446,-0.055958997,0.06254028,-0.00017538667,0.0,0.0,-0.08,0
9124198790,-0.06928465,0.070983954,-0.00024616718,0.0,0.0,-0.08,0
9124209300,-0.088124394,0.08411025,-0.0003708899,0.0,0.0,-0.08,0
9124219650,-0.10548268,0.09873713,-0.0005212426,0.0,0.0,-0.08,0
9124229157,-0.11745763,0.11246986,-0.00066131353,0.0,0.0,-0.08,0
9124238593,-0.124624364,0.12513565,-0.0007803738,0.0,0.0,-0.08,0
9124249455,-0.12882225,0.13766387,-0.0008878112,0.0,0.0,-0.08,0
9124258844,-0.13106556,0.14658572,-0.000962168,0.0,0.0,-0.08,0
9124268328,-0.13357472,0.15413041,-0.0010313094,0.0,0.0,-0.08,0
9124278941,-0.13687508,0.16226538,-0.0011123717,0.0,0.0,-0.08,0
9124289896,-0.13984518,0.1716262,-0.0012023747,0.0,0.0,-0.08,0
9124299690,-0.14140669,0.18100291,-0.001282543,0.0,0.0,-0.08,0
9124309144,-0.14253496,0.19030157,-0.0013594329,0.0,0.0,-0.08,0
9124319586,-0.14471772,0.20004462,-0.0014513731,0.0,0.0,-0.08,0
9124329175,-0.14822306,0.20819448,-0.0015476346,0.0,0.0,-0.08,0
9124339369,-0.1533984,0.21607739,-0.0016628206,0.0,0.0,-0.08,0
9124349127,-0.15860103,0.22275855,-0.0017726421,0.0,0.0,-0.08,0
9124359459,-0.16330487,0.22877954,-0.0018748641,0.0,0.0,-0.08,0
9124370919,-0.16809982,0.23455204,-0.0019788742,0.0,0.0,-0.08,0
9124378275,-0.17113343,0.23780936,-0.0020429492,0.0,0.0,-0.08,0
9124388806,-0.17515056,0.242412,-0.002131313,0.0,0.0,-0.08,0
9124399896,-0.17871323,0.24817255,-0.0022271276,0.0,0.0,-0.08,0
9124410283,-0.18042529,0.2546643,-0.0023078918,0.0,0.0,-0.08,0
9124419344,-0.17961961,0.26056606,-0.0023512542,0.0,0.0,-0.08,0
9124429973,-0.17667608,0.26669157,-0.0023674965,0.0,0.0,-0.08,0
9124440517,-0.17332025,0.2714772,-0.0023649633,0.0,0.0,-0.08,0
9124448942,-0.17108248,0.27400827,-0.0023561716,0.0,0.0,-0.08,0
9124459561,-0.16952322,0.2750985,-0.0023442507,0.0,0.0,-0.08,0
9124469062,-0.16913815,0.27406746,-0.0023296475,0.0,0.0,-0.08,0
9124479620,-0.16799515,0.27049467,-0.002283752,0.0,0.0,-0.08,0
9124488931,-0.16380966,0.26475728,-0.0021789968,0.0,0.0,-0.08,0
9124499592,-0.15331797,0.25502276,-0.001963824,0.0,0.0,-0.08,0
9124511039,-0.13694656,0.24173042,-0.0016617775,0.0,0.0,-0.08,0
9124519545,-0.123184696,0.23043697,-0.001424402,0.0,0.0,-0.08,0
9124529234,-0.107650995,0.2166307,-0.0011695921,0.0,0.0,-0.08,0
9124539773,-0.09106672,0.20096384,-0.0009174645,0.0,0.0,-0.08,0
9124550411,-0.07510822,0.18534984,-0.0006979704,0.0,0.0,-0.08,0
9124558826,-0.06422475,0.17374922,-0.0005592406,0.0,0.0,-0.08,0
9124569328,-0.052361786,0.15950413,-0.00041857362,0.0,0.0,-0.08,0
9124580051,-0.04050605,0.14442813,-0.00029280782,0.0,0.0,-0.08,0
9124589494,-0.030801138,0.13100389,-0.00020220876,0.0,0.0,-0.08,0
9124599968,-0.02272197,0.11696014,-0.00013306737,0.0,0.0,-0.08,0
9124609375,-0.016342951,0.104580104,-8.568168e-05,0.0,0.0,-0.08,0
9124620318,-0.005826624,0.08888262,-2.5779009e-05,0.0,0.0,-0.08,0
9124629740,0.006065853,0.074706376,2.2500753e-05,0.0,0.0,-0.08,0
9124639166,0.017998032,0.06145658,5.558133e-05,0.0,0.0,-0.08,0
9124649660,0.032004707,0.04694193,7.5250864e-05,0.0,0.0,-0.08,0
9124659241,0.048351098,0.031626046,7.659197e-05,0.0,0.0,-0.08,0
9124669954,0.07010074,0.012734564,4.4703484e-05,0.0,0.0,-0.08,0
9124680391,0.090156704,-0.004953265,-2.2351742e-05,0.0,0.0,-0.08,0
9124699074,0.12173853,-0.035277527,-0.00021487474,0.0,0.0,-0.08,0
9124709611,0.13946718,-0.05338476,-0.00037238002,0.0,0.0,-0.08,0
9124720117,0.15785006,-0.07299458,-0.0005759299,0.0,0.0,-0.08,0
9124730548,0.17460518,-0.09196214,-0.0008033216,0.0,0.0,-0.08,0
9124740061,0.18735352,-0.10739618,-0.0010065734,0.0,0.0,-0.08,0
9124749793,0.19993515,-0.12213355,-0.0012220442,0.0,0.0,-0.08,0
9124761451,0.2160661,-0.13956758,-0.0015097857,0.0,0.0,-0.08,0
9124769881,0.22761272,-0.15191051,-0.001731664,0.0,0.0,-0.08,0
9124779348,0.23926425,-0.16556193,-0.0019843876,0.0,0.0,-0.08,0
9124789714,0.2486959,-0.18020135,-0.002245456,0.0,0.0,-0.08,0
9124800223,0.25388843,-0.19414674,-0.0024709105,0.0,0.0,-0.08,0
9124809686,0.25766256,-0.20709339,-0.0026759505,0.0,0.0,-0.08,0
9124820136,0.26326787,-0.2230205,-0.0029455125,0.0,0.0,-0.08,0
9124830708,0.2676075,-0.23939927,-0.0032153726,0.0,0.0,-0.08,0
9124840377,0.2681046,-0.25319797,-0.0034089386,0.0,0.0,-0.08,0
9124849763,0.26735288,-0.26574558,-0.0035695732,0.0,0.0,-0.08,0
9124860160,0.26837113,-0.27924663,-0.0037668645,0.0,0.0,-0.08,0
9124870700,0.27130198,-0.29178965,-0.0039814413,0.0,0.0,-0.08,0
9124880118,0.27503547,-0.30189538,-0.0041776896,0.0,0.0,-0.08,0
9124889517,0.28036973,-0.31167033,-0.0043982267,0.0,0.0,-0.08,0
9124899867,0.28806335,-0.32231244,-0.0046753883,0.0,0.0,-0.08,0
9124910382,0.2964849,-0.33268383,-0.0049692392,0.0,0.0,-0.08,0
9124920230,0.30324364,-0.34180427,-0.005224049,0.0,0.0,-0.08,0
9124930637,0.30772763,-0.35074997,-0.005442351,0.0,0.0,-0.08,0
9124941022,0.31052995,-0.3597931,-0.005636066,0.0,0.0,-0.08,0
9124949442,0.3155823,-0.36907852,-0.00587821,0.0,0.0,-0.08,0
9124959953,0.32467288,-0.38298085,-0.0062800944,0.0,0.0,-0.08,0
9124970356,0.3286989,-0.39580145,-0.0065751374,0.0,0.0,-0.08,0
9124980878,0.3269518,-0.40695465,-0.0067290664,0.0,0.0,-0.08,0
9124990238,0.32499498,-0.4162772,-0.0068458915,0.0,0.0,-0.08,0
9125000859,0.32302713,-0.42583197,-0.0069640577,0.0,0.0,-0.08,0
9125011421,0.3189515,-0.43292928,-0.00699386,0.0,0.0,-0.08,0
9125019799,0.31516057,-0.43651566,-0.006969571,0.0,0.0,-0.08,0
9125029715,0.3127396,-0.43901378,-0.006956756,0.0,0.0,-0.08,0
9125040164,0.31311256,-0.44109088,-0.0069989264,0.0,0.0,-0.08,0
9125050689,0.31445593,-0.44324327,-0.0070643425,0.0,0.0,-0.08,0
9125060075,0.31357026,-0.44425154,-0.007060617,0.0,0.0,-0.08,0
9125070518,0.3107774,-0.44322735,-0.006981492,0.0,0.0,-0.08,0
9125082028,0.31002983,-0.4396026,-0.006905794,0.0,0.0,-0.08,0
9125089917,0.31284714,-0.43579626,-0.006906837,0.0,0.0,-0.08,0
9125100374,0.31902757,-0.4297957,-0.006943941,0.0,0.0,-0.08,0
9125110772,0.32307923,-0.42364004,-0.006929189,0.0,0.0,-0.08,0
9125121245,0.32245624,-0.41770586,-0.006816238,0.0,0.0,-0.08,0
9125130683,0.31777725,-0.41233915,-0.0066289306,0.0,0.0,-0.08,0
9125140143,0.30947164,-0.40588784,-0.006352067,0.0,0.0,-0.08,0
9125150502,0.2977817,-0.39699984,-0.0059750676,0.0,0.0,-0.08,0
9125159972,0.28592125,-0.3872319,-0.005593002,0.0,0.0,-0.08,0
9125170458,0.27072412,-0.3739068,-0.005110055,0.0,0.0,-0.08,0
9125180937,0.25400835,-0.35787055,-0.0045853853,0.0,0.0,-0.08,0
9125191098,0.23862639,-0.3409755,-0.0041009486,0.0,0.0,-0.08,0
9125200445,0.22645256,-0.3258981,-0.0037172437,0.0,0.0,-0.08,0
9125209933,0.21678525,-0.3124969,-0.0034099817,0.0,0.0,-0.08,0
9125221317,0.20650648,-0.29788446,-0.0030942261,0.0,0.0,-0.08,0
9125230789,0.1964165,-0.28521818,-0.0028166175,0.0,0.0,-0.08,0
9125240311,0.18539079,-0.2722936,-0.0025372207,0.0,0.0,-0.08,0
9125250839,0.1746796,-0.25956148,-0.0022771955,0.0,0.0,-0.08,0
9125261541,0.16393267,-0.24752435,-0.0020369887,0.0,0.0,-0.08,0
9125269912,0.15242752,-0.23668155,-0.0018106401,0.0,0.0,-0.08,0
9125280442,0.13423668,-0.22047436,-0.0014847517,0.0,0.0,-0.08,0
9125290749,0.117018595,-0.20386343,-0.0011962652,0.0,0.0,-0.08,0
9125301286,0.102897674,-0.18802667,-0.0009699166,0.0,0.0,-0.08,0
9125310750,0.09323344,-0.17515887,-0.00081822276,0.0,0.0,-0.08,0
9125321181,0.08341868,-0.16104686,-0.00067293644,0.0,0.0,-0.08,0
9125331700,0.07215217,-0.14575163,-0.00052675605,0.0,0.0,-0.08,0
9125340959,0.060980983,-0.13145944,-0.00040113926,0.0,0.0,-0.08,0
9125350408,0.049413078,-0.116341986,-0.00028774142,0.0,0.0,-0.08,0
9125360878,0.037633747,-0.09899965,-0.0001861155,0.0,0.0,-0.08,0
9125371368,0.027494505,-0.080951415,-0.0001116097,0.0,0.0,-0.08,0
9125380761,0.019624311,-0.06391922,-6.258488e-05,0.0,0.0,-0.08,0
9125391210,0.013556415,-0.044651028,-3.0100346e-05,0.0,0.0,-0.08,0
9125400520,0.013330376,-0.028864726,-1.9222498e-05,0.0,0.0,-0.08,0
9125412130,0.019381203,-0.012034339,-1.1473894e-05,0.0,0.0,-0.08,0
9125420600,0.024473011,-0.0012487737,-1.1920929e-06,0.0,0.0,-0.08,0
9125431000,0.02670421,0.010620022,1.4156103e-05,0.0,0.0,-0.08,0
9125441668,0.023113206,0.021098528,2.4437904e-05,0.0,0.0,-0.08,0
9125450939,0.015080441,0.02917413,2.2053719e-05,0.0,0.0,-0.08,0
9125460370,0.0035310304,0.03688643,6.7055225e-06,0.0,0.0,-0.08,0
9125470778,-0.008983174,0.044291295,-1.9967556e-05,0.0,0.0,-0.08,0
9125481246,-0.018521724,0.05033549,-4.634261e-05,0.0,0.0,-0.08,0
9125490688,-0.02524938,0.055480525,-7.003546e-05,0.0,0.0,-0.08,0
9125501170,-0.03225761,0.061204936,-9.894371e-05,0.0,0.0,-0.08,0
9125512236,-0.03850967,0.06587258,-0.0001269579,0.0,0.0,-0.08,0
9125520657,-0.042556167,0.06788369,-0.00014454126,0.0,0.0,-0.08,0
9125531377,-0.04924886,0.069161326,-0.00017032027,0.0,0.0,-0.08,0
9125540886,-0.057587992,0.06973737,-0.00020101666,0.0,0.0,-0.08,0
9125551518,-0.067524105,0.0698569,-0.0002361834,0.0,0.0,-0.08,0
9125560899,-0.07410384,0.06947603,-0.00025749207,0.0,0.0,-0.08,0
9125571324,-0.07940869,0.06937811,-0.00027552247,0.0,0.0,-0.08,0
9125582912,-0.08551907,0.0705937,-0.00030219555,0.0,0.0,-0.08,0
9125590465,-0.08919575,0.07178381,-0.00032037497,0.0,0.0,-0.08,0
9125600890,-0.091832146,0.072594315,-0.000333637,0.0,0.0,-0.08,0
9125611421,-0.091264315,0.07146488,-0.00032633543,0.0,0.0,-0.08,0
9125621944,-0.08795279,0.067852445,-0.00029861927,0.0,0.0,-0.08,0
9125631388,-0.08327687,0.062434856,-0.00026017427,0.0,0.0,-0.08,0
9125640844,-0.07726983,0.055352144,-0.00021398067,0.0,0.0,-0.08,0
9125651298,-0.06914382,0.047110073,-0.00016316772,0.0,0.0,-0.08,0
9125660775,-0.05738356,0.03979674,-0.000114142895,0.0,0.0,-0.08,0
9125671291,-0.034347877,0.030448714,-5.2154064e-05,0.0,0.0,-0.08,0
9125681833,-0.0018490036,0.019000374,-2.0861626e-06,0.0,0.0,-0.08,0
9125692265,0.03268811,0.006683887,1.13248825e-05,0.0,0.0,-0.08,0
9125700641,0.058013424,-0.0033067642,-9.685755e-06,0.0,0.0,-0.08,0
9125711152,0.08725199,-0.016260106,-7.107854e-05,0.0,0.0,-0.08,0
9125721595,0.115397036,-0.02904585,-0.00016748905,0.0,0.0,-0.08,0
9125730996,0.14251181,-0.04004442,-0.00028550625,0.0,0.0,-0.08,0
9125741615,0.18071118,-0.053335343,-0.00048205256,0.0,0.0,-0.08,0
9125752124,0.2267485,-0.068020865,-0.00077173114,0.0,0.0,-0.08,0
9125762729,0.27743205,-0.08337169,-0.0011570752,0.0,0.0,-0.08,0
9125771161,0.31779346,-0.095403075,-0.0015166402,0.0,0.0,-0.08,0
9125781650,0.36301786,-0.10903846,-0.0019805133,0.0,0.0,-0.08,0
9125792154,0.40045157,-0.119625755,-0.0023971498,0.0,0.0,-0.08,0
9125801528,0.42965567,-0.12657,-0.002721548,0.0,0.0,-0.08,0
9125811056,0.4578181,-0.13314876,-0.0030510128,0.0,0.0,-0.08,0
9125821451,0.48616964,-0.14130947,-0.003439039,0.0,0.0,-0.08,0
9125832958,0.5146673,-0.15195167,-0.003915429,0.0,0.0,-0.08,0
9125841700,0.5345825,-0.16072638,-0.0043024123,0.0,0.0,-0.08,0
9125851065,0.55380815,-0.16929874,-0.004695803,0.0,0.0,-0.08,0
9125861607,0.57429963,-0.17741543,-0.0051034987,0.0,0.0,-0.08,0
9125872105,0.59746915,-0.18549882,-0.0055524707,0.0,0.0,-0.08,0
9125881458,0.6214752,-0.19316483,-0.006015599,0.0,0.0,-0.08,0
9125891897,0.649007,-0.20124498,-0.006545782,0.0,0.0,-0.08,0
9125903345,0.67956597,-0.21020298,-0.007160604,0.0,0.0,-0.08,0
9125910740,0.6999982,-0.21609549,-0.007584095,0.0,0.0,-0.08,0
9125921211,0.7288751,-0.22227463,-0.008123964,0.0,0.0,-0.08,0
9125932117,0.7618618,-0.22555915,-0.0086174905,0.0,0.0,-0.08,0
9125942573,0.8005288,-0.22682704,-0.009105951,0.0,0.0,-0.08,0
9125951968,0.8400619,-0.22691233,-0.009558052,0.0,0.0,-0.08,0
9125961350,0.8792131,-0.22619098,-0.009970814,0.0,0.0,-0.08,0
9125971843,0.9185325,-0.22478151,-0.010350794,0.0,0.0,-0.08,0
9125981259,0.9474528,-0.22288415,-0.010585189,0.0,0.0,-0.08,0
9125991754,0.97173345,-0.22011629,-0.010720193,0.0,0.0,-0.08,0
9126002076,0.9892787,-0.21716061,-0.010765791,0.0,0.0,-0.08,0
9126012352,1.0006993,-0.21360414,-0.010710508,0.0,0.0,-0.08,0
9126021910,1.0071561,-0.21014318,-0.010603815,0.0,0.0,-0.08,0
9126031259,1.0121555,-0.20789288,-0.010541379,0.0,0.0,-0.08,0
9126041854,1.014755,-0.20618579,-0.010481328,0.0,0.0,-0.08,0
9126052215,1.0119663,-0.20446792,-0.010364801,0.0,0.0,-0.08,0
9126061750,1.0044979,-0.20320073,-0.010224283,0.0,0.0,-0.08,0
9126072211,0.99031895,-0.20207986,-0.010024458,0.0,0.0,-0.08,0
9126083724,0.968519,-0.2005876,-0.00973165,0.0,0.0,-0.08,0
9126091012,0.9534276,-0.19958004,-0.009531677,0.0,0.0,-0.08,0
9126101632,0.93384516,-0.19811797,-0.009267479,0.0,0.0,-0.08,0
9126112106,0.9167968,-0.19605999,-0.009003431,0.0,0.0,-0.08,0
9126122534,0.8961929,-0.19217283,-0.008625984,0.0,0.0,-0.08,0
9126132164,0.86903346,-0.1870906,-0.00814274,0.0,0.0,-0.08,0
9126142477,0.83182937,-0.1820701,-0.007584393,0.0,0.0,-0.08,0
9126152893,0.7877607,-0.1778554,-0.0070162117,0.0,0.0,-0.08,0
9126162041,0.7427418,-0.17324626,-0.006443709,0.0,0.0,-0.08,0
9126171564,0.6917703,-0.16757064,-0.0058044493,0.0,0.0,-0.08,0
9126182092,0.64014995,-0.16341454,-0.005237609,0.0,0.0,-0.08,0
9126192304,0.5997974,-0.16205142,-0.0048668683,0.0,0.0,-0.08,0
9126201628,0.56866205,-0.16088678,-0.004581213,0.0,0.0,-0.08,0
9126212120,0.5376535,-0.15898693,-0.0042799115,0.0,0.0,-0.08,0
9126222526,0.5124961,-0.1580776,-0.004056543,0.0,0.0,-0.08,0
9126231769,0.49576324,-0.15836796,-0.0039313734,0.0,0.0,-0.08,0
9126242254,0.4821686,-0.15888678,-0.003836304,0.0,0.0,-0.08,0
9126252648,0.47345728,-0.15904894,-0.0037708879,0.0,0.0,-0.08,0
9126263222,0.46866432,-0.15881243,-0.0037270784,0.0,0.0,-0.08,0
9126271721,0.46430784,-0.15822993,-0.0036789477,0.0,0.0,-0.08,0
9126282204,0.45208618,-0.15714216,-0.0035575032,0.0,0.0,-0.08,0
9126292571,0.43245584,-0.1562247,-0.0033831596,0.0,0.0,-0.08,0
9126302002,0.4111179,-0.15571955,-0.0032058358,0.0,0.0,-0.08,0
9126312470,0.38597083,-0.15475038,-0.002990961,0.0,0.0,-0.08,0
9126322851,0.35943553,-0.1523619,-0.0027422607,0.0,0.0,-0.08,0
9126332524,0.33239198,-0.1485627,-0.0024729967,0.0,0.0,-0.08,0
9126342021,0.30144268,-0.14351358,-0.0021658838,0.0,0.0,-0.08,0
9126352611,0.25761244,-0.13642308,-0.0017592311,0.0,0.0,-0.08,0
9126361975,0.2087037,-0.12938108,-0.0013515353,0.0,0.0,-0.08,0
9126372480,0.14761098,-0.12246253,-0.0009046495,0.0,0.0,-0.08,0
9126382007,0.09454782,-0.118363135,-0.0005604327,0.0,0.0,-0.08,0
9126392436,0.043400414,-0.1154673,-0.00025063753,0.0,0.0,-0.08,0
9126403931,-0.0043108873,-0.112408444,2.4288893e-05,0.0,0.0,-0.08,0
9126412335,-0.033528514,-0.10974325,0.00018402934,0.0,0.0,-0.08,0
9126422792,-0.06738522,-0.105843306,0.00035703182,0.0,0.0,-0.08,0
9126433317,-0.103972584,-0.10159837,0.0005286932,0.0,0.0,-0.08,0
9126441791,-0.1365125,-0.098114,0.00067025423,0.0,0.0,-0.08,0
9126452342,-0.17858228,-0.09403059,0.00083997846,0.0,0.0,-0.08,0
9126462764,-0.2201902,-0.09049363,0.0009968877,0.0,0.0,-0.08,0
9126474282,-0.26642212,-0.08718262,0.0011618435,0.0,0.0,-0.08,0
9126481683,-0.29521284,-0.08549004,0.0012625754,0.0,0.0,-0.08,0
9126492286,-0.33472246,-0.083531,0.001398474,0.0,0.0,-0.08,0
9126502952,-0.37548703,-0.08125711,0.0015258789,0.0,0.0,-0.08,0
9126513741,-0.4196859,-0.07799615,0.0016373396,0.0,0.0,-0.08,0
9126522308,-0.4563956,-0.0744275,0.0016985834,0.0,0.0,-0.08,0
9126532202,-0.5001717,-0.06895773,0.0017246604,0.0,0.0,-0.08,0
9126542841,-0.54714215,-0.062117815,0.0016994774,0.0,0.0,-0.08,0
9126552350,-0.5862409,-0.055841915,0.0016365945,0.0,0.0,-0.08,0
9126562837,-0.62405396,-0.049213387,0.0015352666,0.0,0.0,-0.08,0
9126573377,-0.65604204,-0.043267734,0.0014188886,0.0,0.0,-0.08,0
9126583858,-0.68665445,-0.03781102,0.0012975931,0.0,0.0,-0.08,0
9126592345,-0.7157732,-0.033459783,0.0011968613,0.0,0.0,-0.08,0
9126602776,-0.7572884,-0.028687835,0.0010856986,0.0,0.0,-0.08,0
9126613341,-0.80074847,-0.024502262,0.0009804964,0.0,0.0,-0.08,0
9126622772,-0.83694685,-0.020505413,0.00085771084,0.0,0.0,-0.08,0
9126632187,-0.86765003,-0.01642254,0.0007119775,0.0,0.0,-0.08,0
9126642767,-0.89355,-0.012683287,0.0005662441,0.0,0.0,-0.08,0
9126654167,-0.9134665,-0.0092010945,0.00041991472,0.0,0.0,-0.08,0
9126662664,-0.9258177,-0.0060905665,0.00028148293,0.0,0.0,-0.08,0
9126673107,-0.9403307,-0.0013675243,6.4373016e-05,0.0,0.0,-0.08,0
9126683409,-0.95284694,0.0035099834,-0.00016719103,0.0,0.0,-0.08,0
9126694126,-0.9622676,0.0076635033,-0.0003682077,0.0,0.0,-0.08,0
9126702381,-0.9685873,0.009678319,-0.00046819448,0.0,0.0,-0.08,0
9126712921,-0.97850585,0.011147082,-0.00054478645,0.0,0.0,-0.08,0
9126724324,-0.9903312,0.0116864145,-0.00057816505,0.0,0.0,-0.08,0
9126732752,-1.0006808,0.011978686,-0.00059887767,0.0,0.0,-0.08,0
9126743312,-1.0161811,0.013161778,-0.00066787004,0.0,0.0,-0.08,0
9126752638,-1.0293546,0.014677793,-0.0007547438,0.0,0.0,-0.08,0
9126763142,-1.0422165,0.016386852,-0.00085294247,0.0,0.0,-0.08,0
9126772546,-1.052701,0.017654061,-0.00092819333,0.0,0.0,-0.08,0
9126783331,-1.0652287,0.018747568,-0.0009974837,0.0,0.0,-0.08,0
9126792669,-1.0774618,0.019530058,-0.0010509789,0.0,0.0,-0.08,0
9126802172,-1.0896412,0.020153552,-0.0010965765,0.0,0.0,-0.08,0
9126812682,-1.1013466,0.020754904,-0.0011412799,0.0,0.0,-0.08,0
9126823140,-1.1120349,0.021790773,-0.0012098253,0.0,0.0,-0.08,0
9126834619,-1.1229016,0.02354145,-0.0013197958,0.0,0.0,-0.08,0
9126843110,-1.1292689,0.024852082,-0.0014016032,0.0,0.0,-0.08,0
9126852554,-1.1340544,0.025962725,-0.0014702976,0.0,0.0,-0.08,0
9126863166,-1.1381863,0.026756495,-0.0015206635,0.0,0.0,-0.08,0
9126872589,-1.1418245,0.0271478,-0.0015479326,0.0,0.0,-0.08,0
9126883216,-1.1447663,0.027484685,-0.0015710294,0.0,0.0,-0.08,0
9126893606,-1.1439608,0.027962387,-0.0015972555,0.0,0.0,-0.08,0
9126904153,-1.1383032,0.028589413,-0.0016255677,0.0,0.0,-0.08,0
9126912527,-1.1310405,0.02875477,-0.0016240776,0.0,0.0,-0.08,0
9126923001,-1.1195409,0.028089747,-0.0015707314,0.0,0.0,-0.08,0
9126933408,-1.1043037,0.026533172,-0.001463294,0.0,0.0,-0.08,0
9126942929,-1.0850776,0.024523333,-0.0013288856,0.0,0.0,-0.08,0
9126953128,-1.0578924,0.022648185,-0.0011965632,0.0,0.0,-0.08,0
9126963507,-1.022042,0.02214761,-0.0011307001,0.0,0.0,-0.08,0
9126974979,-0.97141075,0.023670733,-0.0011485815,0.0,0.0,-0.08,0
9126982431,-0.93220997,0.025650665,-0.0011944771,0.0,0.0,-0.08,0
9126992940,-0.8708361,0.028807014,-0.0012537837,0.0,0.0,-0.08,0
9127003328,-0.80636054,0.031226456,-0.001258254,0.0,0.0,-0.08,0
9127013911,-0.73832405,0.03227526,-0.0011910498,0.0,0.0,-0.08,0
9127023299,-0.67842126,0.032026254,-0.0010859966,0.0,0.0,-0.08,0
9127033174,-0.61787593,0.030777946,-0.0009505451,0.0,0.0,-0.08,0
9127044605,-0.553375,0.028988317,-0.0008016825,0.0,0.0,-0.08,0
9127053087,-0.5103969,0.028246492,-0.00072062016,0.0,0.0,-0.08,0
9127062992,-0.46165198,0.027116552,-0.0006259978,0.0,0.0,-0.08,0
9127073714,-0.40702346,0.024255827,-0.00049367547,0.0,0.0,-0.08,0
9127084200,-0.35184705,0.020704702,-0.00036418438,0.0,0.0,-0.08,0
9127093639,-0.3001161,0.0180883,-0.00027149916,0.0,0.0,-0.08,0
9127102988,-0.24999523,0.016017914,-0.0002002716,0.0,0.0,-0.08,0
9127113939,-0.19982415,0.012759309,-0.00012740493,0.0,0.0,-0.08,0
9127123157,-0.16446836,0.00815,-6.720424e-05,0.0,0.0,-0.08,0
9127133596,-0.12842704,0.0005455464,-3.7252903e-06,0.0,0.0,-0.08,0
9127143995,-0.094893835,-0.008471075,4.0233135e-05,0.0,0.0,-0.08,0
9127162815,-0.03890747,-0.025435127,4.976988e-05,0.0,0.0,-0.08,0
9127173304,-0.010374544,-0.034615614,1.8030405e-05,0.0,0.0,-0.08,0
9127183729,0.018112957,-0.0429824,-3.889203e-05,0.0,0.0,-0.08,0
9127193147,0.04832632,-0.049357373,-0.00011906028,0.0,0.0,-0.08,0
9127203759,0.09245705,-0.055528235,-0.000256598,0.0,0.0,-0.08,0
9127214171,0.14625536,-0.06109886,-0.00044703484,0.0,0.0,-0.08,0
9127225328,0.2095443,-0.06654181,-0.00069752336,0.0,0.0,-0.08,0
9127232809,0.2521991,-0.070175245,-0.00088497996,0.0,0.0,-0.08,0
9127243298,0.31004524,-0.07562512,-0.0011724234,0.0,0.0,-0.08,0
9127253679,0.36413878,-0.08099641,-0.001475066,0.0,0.0,-0.08,0
9127264175,0.41553065,-0.08643456,-0.001796484,0.0,0.0,-0.08,0
9127273680,0.46011865,-0.09171899,-0.0021110475,0.0,0.0,-0.08,0
9127284115,0.50720984,-0.097889744,-0.0024837255,0.0,0.0,-0.08,0
9127295497,0.555911,-0.10484101,-0.0029155612,0.0,0.0,-0.08,0
9127302886,0.5867348,-0.1094294,-0.0032114983,0.0,0.0,-0.08,0
9127313367,0.6307869,-0.115874454,-0.003656596,0.0,0.0,-0.08,0
9127323712,0.6749592,-0.12229464,-0.00412941,0.0,0.0,-0.08,0
9127334336,0.72080827,-0.12900524,-0.0046524405,0.0,0.0,-0.08,0
9127343870,0.7612891,-0.13460949,-0.0051271915,0.0,0.0,-0.08,0
9127354302,0.8040463,-0.14012253,-0.0056374073,0.0,0.0,-0.08,0
9127363766,0.84158057,-0.14487277,-0.0061006844,0.0,0.0,-0.08,0
9127373393,0.87877244,-0.14954102,-0.0065757334,0.0,0.0,-0.08,0
9127383894,0.91789246,-0.15441486,-0.0070923567,0.0,0.0,-0.08,0
9127394240,0.955093,-0.15895756,-0.007597357,0.0,0.0,-0.08,0
9127404753,0.9924409,-0.16328141,-0.008109063,0.0,0.0,-0.08,0
9127414133,1.0254086,-0.16678713,-0.00855878,0.0,0.0,-0.08,0
9127423541,1.0584242,-0.16994657,-0.009001344,0.0,0.0,-0.08,0
9127434025,1.094919,-0.17317842,-0.009488612,0.0,0.0,-0.08,0
9127443494,1.1266205,-0.17594497,-0.009919405,0.0,0.0,-0.08,0
9127454128,1.1609181,-0.17916332,-0.010408759,0.0,0.0,-0.08,0
9127464449,1.1945564,-0.18240654,-0.010903776,0.0,0.0,-0.08,0
9127475144,1.2316513,-0.18538773,-0.011426061,0.0,0.0,-0.08,0
9127483554,1.2625773,-0.18714538,-0.011823475,0.0,0.0,-0.08,0
9127494007,1.3018262,-0.18913622,-0.012319833,0.0,0.0,-0.08,0
9127504479,1.3405142,-0.19148813,-0.012843162,0.0,0.0,-0.08,0
9127514053,1.3732431,-0.19386995,-0.013320148,0.0,0.0,-0.08,0
9127523982,1.4025455,-0.19645306,-0.013785362,0.0,0.0,-0.08,0
9127534584,1.4278266,-0.19942461,-0.014246404,0.0,0.0,-0.08,0
9127545192,1.4468849,-0.20249295,-0.014659017,0.0,0.0,-0.08,0
9127553648,1.4586724,-0.20482863,-0.014949143,0.0,0.0,-0.08,0
9127564066,1.4718044,-0.20760907,-0.015289187,0.0,0.0,-0.08,0
9127574489,1.4837661,-0.20995758,-0.015588105,0.0,0.0,-0.08,0
9127583963,1.492216,-0.21124718,-0.015773475,0.0,0.0,-0.08,0
9127594489,1.4989161,-0.2119778,-0.015898645,0.0,0.0,-0.08,0
9127603818,1.5023432,-0.2121554,-0.015948713,0.0,0.0,-0.08,0
9127615632,1.5016255,-0.21131478,-0.015877485,0.0,0.0,-0.08,0
9127623957,1.4971119,-0.20934983,-0.015682131,0.0,0.0,-0.08,0
9127634529,1.500153,-0.20354465,-0.01527518,0.0,0.0,-0.08,0
9127644360,1.5312285,-0.19693765,-0.015081465,0.0,0.0,-0.08,0
9127654894,1.578629,-0.19027618,-0.015017241,0.0,0.0,-0.08,0
9127664336,1.6271794,-0.18508299,-0.01505211,0.0,0.0,-0.08,0
9127674880,1.680401,-0.18012092,-0.015122741,0.0,0.0,-0.08,0
9127684304,1.7203879,-0.17637107,-0.015157163,0.0,0.0,-0.08,0
9127704137,1.7806338,-0.1698466,-0.015100986,0.0,0.0,-0.08,0
9127714763,1.7989764,-0.16700977,-0.014999956,0.0,0.0,-0.08,0
9127725225,1.8053796,-0.1647358,-0.01484707,0.0,0.0,-0.08,0
9127733734,1.8060174,-0.16302055,-0.014697164,0.0,0.0,-0.08,0
9127744343,1.8057919,-0.1603879,-0.014456958,0.0,0.0,-0.08,0
9127754980,1.8076661,-0.15681142,-0.0141482055,0.0,0.0,-0.08,0
9127764439,1.8142188,-0.15323958,-0.013874471,0.0,0.0,-0.08,0
9127774942,1.8276614,-0.149773,-0.013659596,0.0,0.0,-0.08,0
9127785353,1.844061,-0.14675611,-0.013502836,0.0,0.0,-0.08,0
9127795980,1.8605107,-0.14325047,-0.013296157,0.0,0.0,-0.08,0
9127804402,1.8722044,-0.13990772,-0.013065934,0.0,0.0,-0.08,0
9127814802,1.8837655,-0.13492182,-0.012675971,0.0,0.0,-0.08,0
9127825214,1.8898735,-0.12818941,-0.012080967,0.0,0.0,-0.08,0
9127834687,1.8901457,-0.120532274,-0.011359304,0.0,0.0,-0.08,0
9127844138,1.887207,-0.112677336,-0.010601282,0.0,0.0,-0.08,0
9127854590,1.8824346,-0.10514358,-0.009866506,0.0,0.0,-0.08,0
9127866017,1.8756336,-0.09885877,-0.009242743,0.0,0.0,-0.08,0
9127874598,1.8683714,-0.09553707,-0.008897185,0.0,0.0,-0.08,0
9127885214,1.8567735,-0.09303984,-0.008611381,0.0,0.0,-0.08,0
9127894570,1.8448371,-0.09219378,-0.008478165,0.0,0.0,-0.08,0
9127906051,1.8271446,-0.091900736,-0.008370876,0.0,0.0,-0.08,0
9127914500,1.8117235,-0.09086576,-0.008207262,0.0,0.0,-0.08,0
9127924897,1.79234,-0.08749586,-0.007818341,0.0,0.0,-0.08,0
9127935386,1.7748159,-0.082567394,-0.0073060393,0.0,0.0,-0.08,0
9127944066,1.7615354,-0.0778797,-0.006839931,0.0,0.0,-0.08,0
9127954457,1.7446625,-0.07162008,-0.0062300265,0.0,0.0,-0.08,0
9127964969,1.7269725,-0.06491372,-0.0055891275,0.0,0.0,-0.08,0
9127976456,1.7107917,-0.05831009,-0.0049735606,0.0,0.0,-0.08,0
9127984889,1.7023811,-0.054674894,-0.0046406686,0.0,0.0,-0.08,0
9127995331,1.6937163,-0.051009715,-0.0043077767,0.0,0.0,-0.08,0
9128004802,1.6852778,-0.046973914,-0.0039470196,0.0,0.0,-0.08,0
9128015319,1.6766638,-0.041278213,-0.003450811,0.0,0.0,-0.08,0
9128024697,1.6723571,-0.036094517,-0.0030095875,0.0,0.0,-0.08,0
9128035158,1.6719804,-0.031185508,-0.0025999546,0.0,0.0,-0.08,0
9128046783,1.6768959,-0.027059227,-0.0022624433,0.0,0.0,-0.08,0
9128054184,1.683721,-0.02526334,-0.0021207333,0.0,0.0,-0.08,0
9128064632,1.6971502,-0.02371502,-0.0020064414,0.0,0.0,-0.08,0
9128075145,1.7119037,-0.023229301,-0.0019821525,0.0,0.0,-0.08,0
9128085620,1.7239478,-0.024068624,-0.0020682812,0.0,0.0,-0.08,0
9128094982,1.728864,-0.025821209,-0.0022250414,0.0,0.0,-0.08,0
9128105494,1.7275959,-0.028408885,-0.0024466217,0.0,0.0,-0.08,0
9128116055,1.7228615,-0.030828148,-0.0026479363,0.0,0.0,-0.08,0
9128124332,1.7184721,-0.032149464,-0.0027540326,0.0,0.0,-0.08,0
9128134971,1.7127091,-0.032981783,-0.0028155744,0.0,0.0,-0.08,0
9128145410,1.7073519,-0.03335309,-0.0028388202,0.0,0.0,-0.08,0
9128154834,1.7037457,-0.033703,-0.002862215,0.0,0.0,-0.08,0
9128165346,1.7019553,-0.03418547,-0.002900511,0.0,0.0,-0.08,0
9128175102,1.7025473,-0.034772366,-0.002951026,0.0,0.0,-0.08,0
9128185144,1.7053392,-0.03582859,-0.0030456483,0.0,0.0,-0.08,0
9128194659,1.7080882,-0.036845595,-0.0031374395,0.0,0.0,-0.08,0
9128205079,1.7088912,-0.037067443,-0.003157854,0.0,0.0,-0.08,0
9128215829,1.7087615,-0.03626743,-0.0030890107,0.0,0.0,-0.08,0
9128226537,1.709194,-0.035201192,-0.0029990077,0.0,0.0,-0.08,0
9128234959,1.7084302,-0.034896404,-0.0029720366,0.0,0.0,-0.08,0
9128245598,1.7044127,-0.035877883,-0.0030483305,0.0,0.0,-0.08,0
9128256037,1.698392,-0.03840369,-0.0032518804,0.0,0.0,-0.08,0
9128265397,1.6912104,-0.04168859,-0.003515333,0.0,0.0,-0.08,0
9128274923,1.6807356,-0.04548058,-0.003811419,0.0,0.0,-0.08,0
9128285294,1.6651362,-0.049976915,-0.0041493773,0.0,0.0,-0.08,0
9128296876,1.643832,-0.05520612,-0.0045259297,0.0,0.0,-0.08,0
9128305455,1.6250844,-0.05866885,-0.0047549605,0.0,0.0,-0.08,0
9128314888,1.5980566,-0.062072933,-0.0049479306,0.0,0.0,-0.08,0
9128325310,1.5583742,-0.06654343,-0.005173385,0.0,0.0,-0.08,0
9128335802,1.5096949,-0.07286546,-0.0054892898,0.0,0.0,-0.08,0
9128345351,1.4597428,-0.080176175,-0.005841404,0.0,0.0,-0.08,0
9128355793,1.3991716,-0.08853938,-0.006184578,0.0,0.0,-0.08,0
9128367318,1.325896,-0.09642057,-0.0063848495,0.0,0.0,-0.08,0
9128374757,1.2763903,-0.10041034,-0.006401986,0.0,0.0,-0.08,0
9128385398,1.2054945,-0.105024874,-0.006325841,0.0,0.0,-0.08,0
9128395827,1.1366854,-0.108400404,-0.006157607,0.0,0.0,-0.08,0
9128406336,1.0679213,-0.11047351,-0.0058968365,0.0,0.0,-0.08,0
9128415697,1.0077972,-0.1111847,-0.0056011975,0.0,0.0,-0.08,0
9128426166,0.94267434,-0.110578805,-0.005211681,0.0,0.0,-0.08,0
9128436794,0.87997067,-0.10856637,-0.0047768652,0.0,0.0,-0.08,0
9128445144,0.8341651,-0.106032,-0.0044228137,0.0,0.0,-0.08,0
9128455589,0.78219104,-0.10186597,-0.0039845705,0.0,0.0,-0.08,0
9128465981,0.7361088,-0.09704729,-0.0035724044,0.0,0.0,-0.08,0
9128476923,0.693153,-0.091701895,-0.0031784177,0.0,0.0,-0.08,0
9128485321,0.66390157,-0.08764477,-0.0029094517,0.0,0.0,-0.08,0
9128496095,0.6293451,-0.08305118,-0.0026136637,0.0,0.0,-0.08,0
9128505441,0.5990397,-0.07982911,-0.0023913383,0.0,0.0,-0.08,0
9128514970,0.5649263,-0.07693501,-0.0021736324,0.0,0.0,-0.08,0
9128525649,0.5236239,-0.073798224,-0.0019320846,0.0,0.0,-0.08,0
9128536268,0.48135126,-0.07061999,-0.0016999245,0.0,0.0,-0.08,0
9128546610,0.44011056,-0.067214206,-0.0014792383,0.0,0.0,-0.08,0
9128555251,0.40636268,-0.06377709,-0.001296252,0.0,0.0,-0.08,0
9128565767,0.36811686,-0.058978207,-0.0010856986,0.0,0.0,-0.08,0
9128576210,0.33504426,-0.054092012,-0.0009062886,0.0,0.0,-0.08,0
9128585687,0.3091011,-0.04985928,-0.00077068806,0.0,0.0,-0.08,0
9128595291,0.28500527,-0.046102863,-0.0006568432,0.0,0.0,-0.08,0
9128605686,0.25974855,-0.04261841,-0.0005532801,0.0,0.0,-0.08,0
9128617181,0.23252857,-0.03888736,-0.00045225024,0.0,0.0,-0.08,0
9128625610,0.21317884,-0.035930127,-0.00038281083,0.0,0.0,-0.08,0
9128636142,0.18932465,-0.031785697,-0.00030085444,0.0,0.0,-0.08,0
9128645756,0.16820636,-0.027943565,-0.00023499131,0.0,0.0,-0.08,0
9128656243,0.14620276,-0.024216063,-0.0001770258,0.0,0.0,-0.08,0
9128665663,0.12501734,-0.021175181,-0.00013202429,0.0,0.0,-0.08,0
9128676139,0.09767251,-0.017860573,-8.7320805e-05,0.0,0.0,-0.08,0
9128687591,0.06535587,-0.014208144,-4.6640635e-05,0.0,0.0,-0.08,0
9128695205,0.043752134,-0.011539923,-2.5182962e-05,0.0,0.0,-0.08,0
9128705551,0.011009006,-0.006646595,-3.7252903e-06,0.0,0.0,-0.08,0
9128715927,-0.029047698,-0.00041420897,4.4703484e-07,0.0,0.0,-0.08,0
9128726502,-0.076199815,0.0056562135,-2.1457672e-05,0.0,0.0,-0.08,0
9128736082,-0.1223284,0.00976635,-5.9604645e-05,0.0,0.0,-0.08,0
9128746486,-0.17429084,0.012736717,-0.00011116266,0.0,0.0,-0.08,0
9128755813,-0.22006747,0.014853109,-0.00016361475,0.0,0.0,-0.08,0
9128765355,-0.26339796,0.017223544,-0.00022664666,0.0,0.0,-0.08,0
9128775840,-0.30561465,0.020532887,-0.00031366944,0.0,0.0,-0.08,0
9128786254,-0.34274444,0.02460289,-0.00042140484,0.0,0.0,-0.08,0
9128796773,-0.37784868,0.029144958,-0.0005504489,0.0,0.0,-0.08,0
9128806338,-0.4095435,0.033226207,-0.000680238,0.0,0.0,-0.08,0
9128815732,-0.44059244,0.036717564,-0.000808686,0.0,0.0,-0.08,0
9128826117,-0.47431535,0.03953339,-0.00093728304,0.0,0.0,-0.08,0
9128835559,-0.50368094,0.041164197,-0.0010365248,0.0,0.0,-0.08,0
9128846391,-0.5355525,0.04286763,-0.0011478364,0.0,0.0,-0.08,0
9128855740,-0.56399405,0.044764623,-0.0012619793,0.0,0.0,-0.08,0
9128867331,-0.60291636,0.047008775,-0.0014169514,0.0,0.0,-0.08,0
9128875785,-0.63333124,0.047735564,-0.0015115738,0.0,0.0,-0.08,0
9128886287,-0.6725317,0.047315694,-0.001590699,0.0,0.0,-0.08,0
9128897016,-0.7128453,0.04618638,-0.0016453862,0.0,0.0,-0.08,0
9128906498,-0.746682,0.045132264,-0.0016842782,0.0,0.0,-0.08,0
9128915889,-0.7767029,0.044143498,-0.0017136335,0.0,0.0,-0.08,0
9128926287,-0.8079212,0.043171808,-0.0017428398,0.0,0.0,-0.08,0
9128937852,-0.8442437,0.042290628,-0.001784265,0.0,0.0,-0.08,0
9128946267,-0.8722842,0.04147455,-0.0018076599,0.0,0.0,-0.08,0
9128956638,-0.9089309,0.039953485,-0.0018143654,0.0,0.0,-0.08,0
9128966066,-0.94475985,0.038229093,-0.0018042326,0.0,0.0,-0.08,0
9128976743,-0.98791593,0.03575401,-0.0017645955,0.0,0.0,-0.08,0
9128986163,-1.0285734,0.032936603,-0.0016924739,0.0,0.0,-0.08,0
9128996780,-1.0772266,0.029725626,-0.0015990436,0.0,0.0,-0.08,0
9129007495,-1.1274768,0.027304739,-0.0015373528,0.0,0.0,-0.08,0
9129015875,-1.1654531,0.025649488,-0.0014927983,0.0,0.0,-0.08,0
9129026390,-1.2097145,0.023261547,-0.0014047325,0.0,0.0,-0.08,0
9129036763,-1.2497361,0.020822048,-0.0012990832,0.0,0.0,-0.08,0
9129047271,-1.2862359,0.01837404,-0.0011797249,0.0,0.0,-0.08,0
9129056747,-1.3161077,0.016173437,-0.0010624528,0.0,0.0,-0.08,0
9129066067,-1.3443012,0.013874918,-0.00093102455,0.0,0.0,-0.08,0
9129076574,-1.3752645,0.01060316,-0.00072807074,0.0,0.0,-0.08,0
9129086103,-1.4021575,0.006987244,-0.0004889071,0.0,0.0,-0.08,0
9129096532,-1.4316489,0.0030091107,-0.00021487474,0.0,0.0,-0.08,0
9129106954,-1.4631495,-0.0006007552,4.3809414e-05,0.0,0.0,-0.08,0
9129117455,-1.4961896,-0.0038571358,0.00028803945,0.0,0.0,-0.08,0
9129125770,-1.5216177,-0.005956173,0.00045210123,0.0,0.0,-0.08,0
9129136233,-1.5510705,-0.007642299,0.00059112906,0.0,0.0,-0.08,0
9129146743,-1.57793,-0.00835675,0.00065788627,0.0,0.0,-0.08,0
9129156199,-1.6011834,-0.008583903,0.0006851554,0.0,0.0,-0.08,0
9129166842,-1.6271353,-0.009370536,0.00076025724,0.0,0.0,-0.08,0
9129177172,-1.6517168,-0.011024982,0.0009076297,0.0,0.0,-0.08,0
9129187642,-1.6751287,-0.0127469,0.001064539,0.0,0.0,-0.08,0
9129196133,-1.6935678,-0.013609469,0.0011491776,0.0,0.0,-0.08,0
9129206543,-1.7178326,-0.014072478,0.0012053549,0.0,0.0,-0.08,0
9129217154,-1.7443538,-0.01423794,0.0012379885,0.0,0.0,-0.08,0
9129227496,-1.7707489,-0.014495254,0.0012789667,0.0,0.0,-0.08,0
9129237830,-1.7975562,-0.015091747,0.0013515353,0.0,0.0,-0.08,0
9129246338,-1.820156,-0.016100883,0.0014603138,0.0,0.0,-0.08,0
9129258054,-1.8513268,-0.01818639,0.0016774237,0.0,0.0,-0.08,0
9129266637,-1.8742698,-0.01970753,0.0018401444,0.0,0.0,-0.08,0
9129277186,-1.9024575,-0.021181822,0.0020073354,0.0,0.0,-0.08,0
9129286576,-1.9262333,-0.02218765,0.0021286309,0.0,0.0,-0.08,0
9129297095,-1.9505364,-0.023046404,0.0022386014,0.0,0.0,-0.08,0
9129306502,-1.97137,-0.023779064,0.002334267,0.0,0.0,-0.08,0
9129316955,-1.9957268,-0.024846554,0.0024688244,0.0,0.0,-0.08,0
9129327368,-2.0225694,-0.025814325,0.0025987625,0.0,0.0,-0.08,0
9129336934,-2.0500038,-0.026306719,0.0026845932,0.0,0.0,-0.08,0
9129346407,-2.07877,-0.026569903,0.0027488172,0.0,0.0,-0.08,0
9129356843,-2.1097076,-0.026443928,0.0027763844,0.0,0.0,-0.08,0
9129368302,-2.1404133,-0.025725633,0.0027398765,0.0,0.0,-0.08,0
9129376780,-2.1601562,-0.02482912,0.002668351,0.0,0.0,-0.08,0
9129387231,-2.1808062,-0.023206353,0.0025172532,0.0,0.0,-0.08,0
9129397617,-2.19771,-0.02127561,0.0023253262,0.0,0.0,-0.08,0
9129407097,-2.2107155,-0.019610852,0.0021559,0.0,0.0,-0.08,0
9129417001,-2.2223942,-0.017844051,0.0019723177,0.0,0.0,-0.08,0
9129427404,-2.2311997,-0.015748143,0.0017476082,0.0,0.0,-0.08,0
9129437965,-2.2346256,-0.0134243965,0.0014919043,0.0,0.0,-0.08,0
9129446543,-2.2321687,-0.011524141,0.0012791157,0.0,0.0,-0.08,0
9129456982,-2.223579,-0.009517759,0.001052618,0.0,0.0,-0.08,0
9129467349,-2.213066,-0.008247137,0.00090792775,0.0,0.0,-0.08,0
9129476982,-2.2051272,-0.0078421235,0.000859946,0.0,0.0,-0.08,0
9129487387,-2.1995714,-0.007682115,0.0008405745,0.0,0.0,-0.08,0
9129497826,-2.1960206,-0.0075190067,0.000821203,0.0,0.0,-0.08,0
9129508470,-2.1944551,-0.007252574,0.0007914007,0.0,0.0,-0.08,0
9129517039,-2.194614,-0.0068265796,0.0007453561,0.0,0.0,-0.08,0
9129527626,-2.1942506,-0.0064263046,0.00070109963,0.0,0.0,-0.08,0
9129537283,-2.192636,-0.006539881,0.0007133186,0.0,0.0,-0.08,0
9129548181,-2.1900988,-0.0067878067,0.0007390976,0.0,0.0,-0.08,0
9129557651,-2.186274,-0.00686273,0.00074625015,0.0,0.0,-0.08,0
9129567155,-2.178634,-0.0069764256,0.0007560849,0.0,0.0,-0.08,0
9129578844,-2.1627524,-0.007224053,0.00077709556,0.0,0.0,-0.08,0
9129587345,-2.145585,-0.00750041,0.0008006394,0.0,0.0,-0.08,0
9129596931,-2.1183276,-0.007816076,0.0008237362,0.0,0.0,-0.08,0
9129607360,-2.077886,-0.0075062215,0.0007763505,0.0,0.0,-0.08,0
9129617871,-2.0259402,-0.0059429705,0.0005993247,0.0,0.0,-0.08,0
9129627244,-1.9715316,-0.0026494265,0.00026002526,0.0,0.0,-0.08,0
9129637778,-1.9049984,0.0041725934,-0.00039562583,0.0,0.0,-0.08,0
9129647155,-1.8447096,0.01044777,-0.0009600818,0.0,0.0,-0.08,0
9129657553,-1.7806199,0.014851958,-0.0013175607,0.0,0.0,-0.08,0
9129667168,-1.7257903,0.01777327,-0.0015288591,0.0,0.0,-0.08,0
9129677415,-1.6704309,0.020881772,-0.0017391145,0.0,0.0,-0.08,0
9129688282,-1.6118038,0.024820387,-0.0019949675,0.0,0.0,-0.08,0
9129696838,-1.5648868,0.02880609,-0.0022487342,0.0,0.0,-0.08,0
9129707282,-1.5056396,0.034302384,-0.0025764108,0.0,0.0,-0.08,0
9129717703,-1.4440566,0.039739877,-0.0028632581,0.0,0.0,-0.08,0
9129727167,-1.3865762,0.04433778,-0.003068149,0.0,0.0,-0.08,0
9129737648,-1.3234384,0.04909557,-0.0032432377,0.0,0.0,-0.08,0
9129748140,-1.2651151,0.053852245,-0.003401637,0.0,0.0,-0.08,0
9129758730,-1.2149674,0.058657378,-0.0035586953,0.0,0.0,-0.08,0
9129767095,-1.1815414,0.062055677,-0.0036621094,0.0,0.0,-0.08,0
9129777606,-1.1436346,0.06538114,-0.003734678,0.0,0.0,-0.08,0
9129788089,-1.1084651,0.06830257,-0.0037822127,0.0,0.0,-0.08,0
9129797481,-1.0804768,0.07160425,-0.0038652122,0.0,0.0,-0.08,0
9129808059,-1.0527648,0.07574226,-0.0039841235,0.0,0.0,-0.08,0
9129817346,-1.0302253,0.07860507,-0.0040462613,0.0,0.0,-0.08,0
9129828944,-1.0026387,0.08103493,-0.0040602684,0.0,0.0,-0.08,0
9129837267,-0.9819293,0.08250469,-0.0040489435,0.0,0.0,-0.08,0
9129847335,-0.956082,0.08468351,-0.0040464103,0.0,0.0,-0.08,0
9129857682,-0.93102634,0.08798562,-0.004094541,0.0,0.0,-0.08,0
9129868184,-0.9081831,0.09349708,-0.0042444468,0.0,0.0,-0.08,0
9129878542,-0.8868435,0.101241425,-0.004488826,0.0,0.0,-0.08,0
9129886960,-0.86848646,0.10825908,-0.0047011673,0.0,0.0,-0.08,0
9129898459,-0.8409223,0.11783478,-0.004955679,0.0,0.0,-0.08,0
9129907872,-0.8171319,0.12630522,-0.0051626563,0.0,0.0,-0.08,0
9129917353,-0.7931211,0.13642868,-0.00541389,0.0,0.0,-0.08,0
9129927939,-0.76619923,0.14926526,-0.005723536,0.0,0.0,-0.08,0
9129939281,-0.73624545,0.16321263,-0.006016344,0.0,0.0,-0.08,0
9129948579,-0.7119725,0.17432001,-0.0062149763,0.0,0.0,-0.08,0
9129957708,-0.6912274,0.1856097,-0.006426722,0.0,0.0,-0.08,0
9129968179,-0.6716901,0.19918688,-0.0067052245,0.0,0.0,-0.08,0
9129977608,-0.6550848,0.21076523,-0.0069215894,0.0,0.0,-0.08,0
9129988116,-0.63540334,0.22192326,-0.007071495,0.0,0.0,-0.08,0
9129998489,-0.61525244,0.23136261,-0.0071410835,0.0,0.0,-0.08,0
9130009187,-0.5945472,0.23954436,-0.007146746,0.0,0.0,-0.08,0
9130017698,-0.57945955,0.24496004,-0.007124245,0.0,0.0,-0.08,0
9130028140,-0.5649215,0.2509569,-0.0071172416,0.0,0.0,-0.08,0
9130038472,-0.5546776,0.25583538,-0.0071254373,0.0,0.0,-0.08,0
9130047987,-0.54808056,0.25850523,-0.0071147084,0.0,0.0,-0.08,0
9130058421,-0.5444485,0.25978228,-0.0071030855,0.0,0.0,-0.08,0
9130068885,-0.5447516,0.2607614,-0.007133633,0.0,0.0,-0.08,0
9130079581,-0.5470682,0.26249203,-0.007212013,0.0,0.0,-0.08,0
9130087993,-0.54734975,0.26457042,-0.007273555,0.0,0.0,-0.08,0
9130098586,-0.54244834,0.26759422,-0.007291585,0.0,0.0,-0.08,0
9130107983,-0.534215,0.27028316,-0.0072537363,0.0,0.0,-0.08,0
9130117440,-0.5252117,0.2731394,-0.0072078407,0.0,0.0,-0.08,0
9130127945,-0.51736903,0.2767076,-0.0071936846,0.0,0.0,-0.08,0
9130138415,-0.5125305,0.28024057,-0.0072190166,0.0,0.0,-0.08,0
9130149920,-0.50978196,0.28341094,-0.00726223,0.0,0.0,-0.08,0
9130157385,-0.5097921,0.28505445,-0.007304698,0.0,0.0,-0.08,0
9130167830,-0.5122649,0.28757963,-0.007405877,0.0,0.0,-0.08,0
9130178342,-0.5138838,0.2904903,-0.007505417,0.0,0.0,-0.08,0
9130188906,-0.51128656,0.29347464,-0.007545352,0.0,0.0,-0.08,0
9130198200,-0.50493234,0.29613686,-0.007519871,0.0,0.0,-0.08,0
9130208750,-0.49485978,0.2986893,-0.0074341893,0.0,0.0,-0.08,0
9130218125,-0.48581764,0.30002365,-0.0073312223,0.0,0.0,-0.08,0
9130227954,-0.4783358,0.30058402,-0.0072324276,0.0,0.0,-0.08,0
9130238675,-0.47373608,0.30092296,-0.007171333,0.0,0.0,-0.08,0
9130249096,-0.47200504,0.30163464,-0.007162243,0.0,0.0,-0.08,0
9130259579,-0.47089812,0.30276585,-0.007172376,0.0,0.0,-0.08,0
9130268149,-0.46978045,0.30362743,-0.007175803,0.0,0.0,-0.08,0
9130278564,-0.46848392,0.3040713,-0.0071665645,0.0,0.0,-0.08,0
9130289031,-0.4672362,0.30375576,-0.0071400404,0.0,0.0,-0.08,0
9130298434,-0.4663619,0.30360287,-0.007123351,0.0,0.0,-0.08,0
9130307977,-0.46491235,0.3043747,-0.007119328,0.0,0.0,-0.08,0
9130318452,-0.46087846,0.3059822,-0.007095188,0.0,0.0,-0.08,0
9130330053,-0.45358825,0.3077599,-0.0070241094,0.0,0.0,-0.08,0
9130338457,-0.44758365,0.30866703,-0.0069521368,0.0,0.0,-0.08,0
9130348355,-0.442421,0.31010267,-0.006904155,0.0,0.0,-0.08,0
9130358777,-0.4381228,0.31265095,-0.006893873,0.0,0.0,-0.08,0
9130369275,-0.4291718,0.315371,-0.006812811,0.0,0.0,-0.08,0
9130378659,-0.415178,0.3175958,-0.0066380203,0.0,0.0,-0.08,0
9130389082,-0.39594907,0.31995705,-0.006378144,0.0,0.0,-0.08,0
9130399539,-0.37572986,0.32144648,-0.006081313,0.0,0.0,-0.08,0
9130408057,-0.3600734,0.32140905,-0.005827397,0.0,0.0,-0.08,0
9130418506,-0.34316278,0.3194187,-0.005518496,0.0,0.0,-0.08,0
9130428965,-0.3285256,0.31521112,-0.005212873,0.0,0.0,-0.08,0
9130439526,-0.31519258,0.30893874,-0.004900396,0.0,0.0,-0.08,0
9130448025,-0.30405626,0.30219942,-0.0046230853,0.0,0.0,-0.08,0
9130458475,-0.28731194,0.290886,-0.0042030215,0.0,0.0,-0.08,0
9130468917,-0.26516107,0.2749765,-0.0036643445,0.0,0.0,-0.08,0
9130478406,-0.23858942,0.25412393,-0.0030449033,0.0,0.0,-0.08,0
9130488872,-0.20425302,0.22273026,-0.0022824109,0.0,0.0,-0.08,0
9130499339,-0.17137527,0.18498002,-0.0015886128,0.0,0.0,-0.08,0
9130510128,-0.14962131,0.14727838,-0.001103133,0.0,0.0,-0.08,0
9130519017,-0.14318262,0.12207513,-0.0008748472,0.0,0.0,-0.08,0
9130528707,-0.13741867,0.10017637,-0.00068873167,0.0,0.0,-0.08,0
9130539244,-0.1277903,0.080979064,-0.0005175173,0.0,0.0,-0.08,0
9130549201,-0.11750676,0.06594027,-0.0003877282,0.0,0.0,-0.08,0
9130558685,-0.10792354,0.05231512,-0.00028252602,0.0,0.0,-0.08,0
9130569109,-0.100026906,0.036213346,-0.00018134713,0.0,0.0,-0.08,0
9130580659,-0.097097866,0.015972795,-7.748604e-05,0.0,0.0,-0.08,0
9130588075,-0.09986647,0.001998879,-1.013279e-05,0.0,0.0,-0.08,0
9130598515,-0.10999192,-0.017025638,9.3877316e-05,0.0,0.0,-0.08,0
9130609259,-0.12155901,-0.036192447,0.00021964312,0.0,0.0,-0.08,0
9130619720,-0.12964024,-0.05544352,0.00035956502,0.0,0.0,-0.08,0
9130629217,-0.13571455,-0.072677106,0.00049322844,0.0,0.0,-0.08,0
9130639562,-0.14290792,-0.09049384,0.0006470084,0.0,0.0,-0.08,0
9130650102,-0.1498972,-0.10801196,0.00081032515,0.0,0.0,-0.08,0
9130658593,-0.1544409,-0.12180138,0.00094130635,0.0,0.0,-0.08,0
9130669254,-0.15872109,-0.13827789,0.0010986626,0.0,0.0,-0.08,0
9130679827,-0.16037539,-0.15448734,0.0012408197,0.0,0.0,-0.08,0
9130688346,-0.15831101,-0.16837302,0.001335293,0.0,0.0,-0.08,0
9130698576,-0.15307134,-0.18561852,0.001424104,0.0,0.0,-0.08,0
9130709329,-0.14702268,-0.20314297,0.0014977157,0.0,0.0,-0.08,0
9130719560,-0.14043249,-0.21822266,0.0015373528,0.0,0.0,-0.08,0
9130729147,-0.13120854,-0.2306782,0.0015188754,0.0,0.0,-0.08,0
9130739508,-0.11652786,-0.24279541,0.0014205277,0.0,0.0,-0.08,0
9130748925,-0.10106401,-0.2524923,0.0012816489,0.0,0.0,-0.08,0
9130760421,-0.0829401,-0.2629905,0.0010956824,0.0,0.0,-0.08,0
9130768947,-0.07053286,-0.27080548,0.0009600818,0.0,0.0,-0.08,0
9130779586,-0.057633556,-0.28071317,0.0008133054,0.0,0.0,-0.08,0
9130788974,-0.04979763,-0.28833064,0.00072196126,0.0,0.0,-0.08,0
9130799500,-0.04139632,-0.29573748,0.000615716,0.0,0.0,-0.08,0
9130808957,-0.03000401,-0.30294746,0.00045746565,0.0,0.0,-0.08,0
9130819314,-0.014001653,-0.31216016,0.00022023916,0.0,0.0,-0.08,0
9130830866,0.004204437,-0.32348615,-6.869435e-05,0.0,0.0,-0.08,0
9130839271,0.016669817,-0.3320506,-0.00027894974,0.0,0.0,-0.08,0
9130848762,0.030626878,-0.3414479,-0.0005270541,0.0,0.0,-0.08,0
9130859313,0.04566133,-0.3505276,-0.0008071959,0.0,0.0,-0.08,0
9130869701,0.05884111,-0.35792077,-0.0010626018,0.0,0.0,-0.08,0
9130879214,0.0697203,-0.36439186,-0.0012817979,0.0,0.0,-0.08,0
9130889709,0.080051385,-0.3718993,-0.0015024841,0.0,0.0,-0.08,0
9130901096,0.08968543,-0.38092536,-0.0017252564,0.0,0.0,-0.08,0
9130909574,0.098515786,-0.38982248,-0.0019402802,0.0,0.0,-0.08,0
9130918936,0.11080939,-0.4023874,-0.0022545457,0.0,0.0,-0.08,0
9130929454,0.123178884,-0.41683376,-0.0025984645,0.0,0.0,-0.08,0
9130939994,0.13160065,-0.42943,-0.002861768,0.0,0.0,-0.08,0
9130949674,0.13670978,-0.43899858,-0.003040731,0.0,0.0,-0.08,0
9130960079,0.14072292,-0.44723332,-0.0031910837,0.0,0.0,-0.08,0
9130970563,0.14335752,-0.45360288,-0.003298074,0.0,0.0,-0.08,0
9130979326,0.14422771,-0.45767555,-0.003348887,0.0,0.0,-0.08,0
9130989789,0.14392406,-0.46114293,-0.0033678114,0.0,0.0,-0.08,0
9131000228,0.14262614,-0.46346295,-0.0033549964,0.0,0.0,-0.08,0
9131010733,0.14083457,-0.46502542,-0.003324151,0.0,0.0,-0.08,0
9131019658,0.1401557,-0.46635613,-0.0033178926,0.0,0.0,-0.08,0
9131029309,0.13956748,-0.46814722,-0.0033171475,0.0,0.0,-0.08,0
9131039631,0.13513431,-0.4694383,-0.003221035,0.0,0.0,-0.08,0
9131049257,0.12698524,-0.4693927,-0.0030265749,0.0,0.0,-0.08,0
9131059638,0.117999576,-0.46793702,-0.0028033555,0.0,0.0,-0.08,0
9131070028,0.111965165,-0.46507004,-0.002643466,0.0,0.0,-0.08,0
9131080534,0.10809522,-0.46103215,-0.002529025,0.0,0.0,-0.08,0
9131088903,0.10419428,-0.4569162,-0.0024156272,0.0,0.0,-0.08,0
9131099419,0.09647194,-0.45052695,-0.0022043288,0.0,0.0,-0.08,0
9131110009,0.08639343,-0.44296092,-0.0019398332,0.0,0.0,-0.08,0
9131119406,0.07533915,-0.43498755,-0.0016601384,0.0,0.0,-0.08,0
9131130012,0.060341135,-0.42433882,-0.00129655,0.0,0.0,-0.08,0
9131140488,0.04514169,-0.41299072,-0.0009432435,0.0,0.0,-0.08,0
9131150958,0.030678324,-0.40106994,-0.0006221235,0.0,0.0,-0.08,0
9131159424,0.018157735,-0.3899747,-0.00035777688,0.0,0.0,-0.08,0
9131169847,0.0013583153,-0.3734926,-2.5629997e-05,0.0,0.0,-0.08,0
9131180253,-0.014903881,-0.35421377,0.00026613474,0.0,0.0,-0.08,0
9131189773,-0.028646179,-0.3345077,0.00048294663,0.0,0.0,-0.08,0
9131199802,-0.041613504,-0.31261098,0.000654757,0.0,0.0,-0.08,0
9131210338,-0.05231235,-0.28997177,0.00076308846,0.0,0.0,-0.08,0
9131221772,-0.060131066,-0.26754993,0.00080809,0.0,0.0,-0.08,0
9131229581,-0.064824596,-0.25388494,0.00082686543,0.0,0.0,-0.08,0
9131240071,-0.07372286,-0.23661128,0.0008754432,0.0,0.0,-0.08,0
9131250582,-0.085366204,-0.21973452,0.00094100833,0.0,0.0,-0.08,0
9131260079,-0.095837995,-0.2052553,0.0009864569,0.0,0.0,-0.08,0
9131269461,-0.104118824,-0.1924305,0.0010044873,0.0,0.0,-0.08,0
9131280320,-0.11088535,-0.17956188,0.0009977818,0.0,0.0,-0.08,0
9131290694,-0.11585848,-0.16891474,0.0009806454,0.0,0.0,-0.08,0
9131299153,-0.11998895,-0.16154253,0.00097095966,0.0,0.0,-0.08,0
9131309697,-0.12608092,-0.153677,0.00097066164,0.0,0.0,-0.08,0
9131320034,-0.13277271,-0.14695507,0.0009770691,0.0,0.0,-0.08,0
9131330496,-0.138492,-0.14119488,0.0009793043,0.0,0.0,-0.08,0
9131340301,-0.14188407,-0.13652089,0.0009699166,0.0,0.0,-0.08,0
9131349637,-0.1435867,-0.13207477,0.000949502,0.0,0.0,-0.08,0
9131360432,-0.14480424,-0.12601356,0.0009134412,0.0,0.0,-0.08,0
9131370461,-0.14626487,-0.118677855,0.0008688867,0.0,0.0,-0.08,0
9131379890,-0.14675824,-0.11029938,0.0008100271,0.0,0.0,-0.08,0
9131390391,-0.14338793,-0.10061386,0.00072196126,0.0,0.0,-0.08,0
9131401733,-0.13459794,-0.09148436,0.000615865,0.0,0.0,-0.08,0
9131410625,-0.12618056,-0.08593636,0.00054240227,0.0,0.0,-0.08,0
9131420118,-0.120227784,-0.080332726,0.00048324466,0.0,0.0,-0.08,0
9131430511,-0.11730525,-0.074308366,0.000436157,0.0,0.0,-0.08,0
9131440064,-0.11863484,-0.06828541,0.00040501356,0.0,0.0,-0.08,0
9131449672,-0.1218797,-0.061825883,0.00037685037,0.0,0.0,-0.08,0
9131460113,-0.122826144,-0.055492766,0.00034078956,0.0,0.0,-0.08,0
9131471562,-0.12061611,-0.049863923,0.00030085444,0.0,0.0,-0.08,0
9131480058,-0.11988744,-0.046070978,0.00027626753,0.0,0.0,-0.08,0
9131490449,-0.12265399,-0.04171257,0.00025585294,0.0,0.0,-0.08,0
9131500836,-0.1287489,-0.038644828,0.0002488494,0.0,0.0,-0.08,0
9131511642,-0.13898557,-0.037138306,0.0002579391,0.0,0.0,-0.08,0
9131520272,-0.15189053,-0.036107924,0.00027418137,0.0,0.0,-0.08,0
9131530923,-0.17232668,-0.03424471,0.00029489398,0.0,0.0,-0.08,0
9131541659,-0.19265129,-0.03232747,0.00031143427,0.0,0.0,-0.08,0
9131549767,-0.20633754,-0.030774692,0.00031754375,0.0,0.0,-0.08,0
9131560193,-0.22295496,-0.028212978,0.00031471252,0.0,0.0,-0.08,0
9131570656,-0.23872411,-0.025467746,0.0003039837,0.0,0.0,-0.08,0
9131581136,-0.25303468,-0.022667173,0.00028684735,0.0,0.0,-0.08,0
9131590487,-0.2645154,-0.019724343,0.00026091933,0.0,0.0,-0.08,0
9131599927,-0.2740395,-0.016718905,0.00022917986,0.0,0.0,-0.08,0
9131610501,-0.28132403,-0.014072504,0.00019803643,0.0,0.0,-0.08,0
9131619992,-0.28546315,-0.011589173,0.00016525388,0.0,0.0,-0.08,0
9131630483,-0.28923905,-0.007409252,0.00010699034,0.0,0.0,-0.08,0
9131640883,-0.29160866,-0.0018089525,2.6524067e-05,0.0,0.0,-0.08,0
9131651362,-0.28922206,0.0041359365,-5.9753656e-05,0.0,0.0,-0.08,0
9131659731,-0.28258073,0.008273445,-0.000116825104,0.0,0.0,-0.08,0
9131670211,-0.26961502,0.012047626,-0.00016257167,0.0,0.0,-0.08,0
9131680695,-0.25256315,0.013429064,-0.00016957521,0.0,0.0,-0.08,0
9131690838,-0.23269391,0.011136234,-0.00013008714,0.0,0.0,-0.08,0
9131700484,-0.21397313,0.0053047575,-5.6773424e-05,0.0,0.0,-0.08,0
9131710952,-0.19474545,-0.00546341,5.3197145e-05,0.0,0.0,-0.08,0
9131722446,-0.1740453,-0.021944536,0.00019088387,0.0,0.0,-0.08,0
9131730726,-0.16049899,-0.035474326,0.00028461218,0.0,0.0,-0.08,0
9131740226,-0.14621495,-0.050541054,0.0003696978,0.0,0.0,-0.08,0
9131750623,-0.13451092,-0.06307787,0.00042408705,0.0,0.0,-0.08,0
9131761098,-0.12827367,-0.0700751,0.00044956803,0.0,0.0,-0.08,0
9131770498,-0.124876685,-0.072680816,0.0004541874,0.0,0.0,-0.08,0
9131781162,-0.12122862,-0.073475435,0.0004453957,0.0,0.0,-0.08,0
9131792585,-0.11794817,-0.07364261,0.00043451786,0.0,0.0,-0.08,0
9131799999,-0.116828315,-0.07350628,0.00042960048,0.0,0.0,-0.08,0
9131810478,-0.11771027,-0.072424166,0.00042632222,0.0,0.0,-0.08,0
9131820876,-0.12037578,-0.07070017,0.0004258752,0.0,0.0,-0.08,0
9131831369,-0.123873115,-0.06854225,0.0004246831,0.0,0.0,-0.08,0
9131840884,-0.12622847,-0.06636241,0.00041872263,0.0,0.0,-0.08,0
9131850705,-0.12532869,-0.06510667,0.0004079938,0.0,0.0,-0.08,0
9131861570,-0.121173404,-0.065827124,0.00039890409,0.0,0.0,-0.08,0
9131870671,-0.11680485,-0.06790871,0.0003966689,0.0,0.0,-0.08,0
9131881139,-0.11225933,-0.07082847,0.000397712,0.0,0.0,-0.08,0
9131891602,-0.10960486,-0.07284858,0.0003992021,0.0,0.0,-0.08,0
9131902026,-0.108574584,-0.07340808,0.00039890409,0.0,0.0,-0.08,0
9131910443,-0.10849845,-0.07302427,0.0003965199,0.0,0.0,-0.08,0
9131920911,-0.11169797,-0.07111917,0.00039726496,0.0,0.0,-0.08,0
9131931302,-0.1190328,-0.0676548,0.0004027784,0.0,0.0,-0.08,0
9131941373,-0.12731886,-0.06351817,0.00040456653,0.0,0.0,-0.08,0
9131950521,-0.13428314,-0.059282847,0.00039815903,0.0,0.0,-0.08,0
9131960913,-0.14112881,-0.053991172,0.00038087368,0.0,0.0,-0.08,0
9131972405,-0.14585193,-0.04818819,0.0003515184,0.0,0.0,-0.08,0
9131980832,-0.1475242,-0.044201102,0.00032573938,0.0,0.0,-0.08,0
9131991364,-0.14778537,-0.039867368,0.00029474497,0.0,0.0,-0.08,0
9132000758,-0.1445145,-0.037522983,0.0002709031,0.0,0.0,-0.08,0
9132011975,-0.13802478,-0.036900662,0.00025466084,0.0,0.0,-0.08,0
9132020556,-0.13473487,-0.03794629,0.0002554059,0.0,0.0,-0.08,0
9132031288,-0.13467018,-0.041159008,0.0002770126,0.0,0.0,-0.08,0
9132042827,-0.13986507,-0.044698864,0.00031277537,0.0,0.0,-0.08,0
9132051212,-0.14638801,-0.046029747,0.00033721328,0.0,0.0,-0.08,0
9132060669,-0.15327711,-0.046013977,0.00035241246,0.0,0.0,-0.08,0
9132071014,-0.1594418,-0.043988746,0.00035077333,0.0,0.0,-0.08,0
9132081617,-0.16647074,-0.03926829,0.00032663345,0.0,0.0,-0.08,0
9132091017,-0.17317913,-0.03304808,0.0002861023,0.0,0.0,-0.08,0
9132101580,-0.17872724,-0.025456136,0.00022754073,0.0,0.0,-0.08,0
9132110885,-0.18205896,-0.019380353,0.00017657876,0.0,0.0,-0.08,0
9132120554,-0.18645167,-0.013563406,0.00012606382,0.0,0.0,-0.08,0
9132131065,-0.19328855,-0.00790729,7.6293945e-05,0.0,0.0,-0.08,0
9132141630,-0.20003927,-0.0036591217,3.6507845e-05,0.0,0.0,-0.08,0
9132152036,-0.20204064,-0.0016722269,1.6987324e-05,0.0,0.0,-0.08,0
9132161394,-0.19889377,-0.0021678396,2.1606684e-05,0.0,0.0,-0.08,0
9132170823,-0.19087029,-0.006350767,6.020069e-05,0.0,0.0,-0.08,0
9132181323,-0.17931938,-0.0149761755,0.00013425946,0.0,0.0,-0.08,0
9132190859,-0.17193876,-0.023150612,0.00019907951,0.0,0.0,-0.08,0
9132201577,-0.16817169,-0.030124683,0.00025331974,0.0,0.0,-0.08,0
9132211979,-0.16586167,-0.034287594,0.00028431416,0.0,0.0,-0.08,0
9132222482,-0.1621872,-0.035964876,0.00029191375,0.0,0.0,-0.08,0
9132230825,-0.15835556,-0.035440445,0.00028043985,0.0,0.0,-0.08,0
9132241303,-0.15429106,-0.032477397,0.00025063753,0.0,0.0,-0.08,0
9132251721,-0.15115723,-0.028070841,0.00021219254,0.0,0.0,-0.08,0
9132261166,-0.14857055,-0.024291746,0.00018104911,0.0,0.0,-0.08,0
9132271665,-0.14777856,-0.021070855,0.00015556812,0.0,0.0,-0.08,0
9132282080,-0.1515652,-0.01840958,0.00013932586,0.0,0.0,-0.08,0
9132292696,-0.15791696,-0.016373577,0.00012934208,0.0,0.0,-0.08,0
9132301132,-0.15950948,-0.015849005,0.00012636185,0.0,0.0,-0.08,0
9132311680,-0.1532403,-0.01677985,0.00012859702,0.0,0.0,-0.08,0
9132322024,-0.14146163,-0.01947971,0.00013783574,0.0,0.0,-0.08,0
9132332645,-0.12809435,-0.024173468,0.00015497208,0.0,0.0,-0.08,0
9132341113,-0.118796535,-0.028703472,0.00017032027,0.0,0.0,-0.08,0
9132351538,-0.11061825,-0.033938218,0.00018760562,0.0,0.0,-0.08,0
9132362685,-0.10598828,-0.03813003,0.00020220876,0.0,0.0,-0.08,0
9132371053,-0.104864135,-0.03916259,0.00020518899,0.0,0.0,-0.08,0
9132381826,-0.104655884,-0.036199804,0.00018939376,0.0,0.0,-0.08,0
9132392239,-0.105005756,-0.029100502,0.00015288591,0.0,0.0,-0.08,0
9132402723,-0.1048912,-0.019602284,0.00010251999,0.0,0.0,-0.08,0
9132411307,-0.10438547,-0.012328888,6.467104e-05,0.0,0.0,-0.08,0
9132421790,-0.10437414,-0.0056646895,2.965331e-05,0.0,0.0,-0.08,0
9132432227,-0.10358653,-0.0008007232,4.0233135e-06,0.0,0.0,-0.08,0
9132441715,-0.10016556,0.001763124,-8.940697e-06,0.0,0.0,-0.08,0
9132452133,-0.094043106,0.0010983087,-5.2154064e-06,0.0,0.0,-0.08,0
9132463102,-0.087335594,-0.0031711403,1.3709068e-05,0.0,0.0,-0.08,0
9132473576,-0.08096304,-0.009489522,3.8444996e-05,0.0,0.0,-0.08,0
9132481913,-0.07598232,-0.01504758,5.736947e-05,0.0,0.0,-0.08,0
9132491337,-0.07304251,-0.01977442,7.227063e-05,0.0,0.0,-0.08,0
9132501817,-0.072863325,-0.021998288,8.0019236e-05,0.0,0.0,-0.08,0
9132511454,-0.07237426,-0.021700548,7.867813e-05,0.0,0.0,-0.08,0
9132522127,-0.07137565,-0.018174896,6.496906e-05,0.0,0.0,-0.08,0
9132532826,-0.07283589,-0.010182798,3.695488e-05,0.0,0.0,-0.08,0
9132543086,-0.07437752,-0.0004046671,1.3411045e-06,0.0,0.0,-0.08,0
9132551380,-0.07422797,0.006870582,-2.5480986e-05,0.0,0.0,-0.08,0
9132561960,-0.075663,0.014461411,-5.468726e-05,0.0,0.0,-0.08,0
9132572384,-0.079484016,0.019602405,-7.778406e-05,0.0,0.0,-0.08,0
9132581820,-0.080292635,0.021651266,-8.702278e-05,0.0,0.0,-0.08,0
9132592283,-0.072603665,0.020723725,-7.5399876e-05,0.0,0.0,-0.08,0
9132602716,-0.056247007,0.016895061,-4.7385693e-05,0.0,0.0,-0.08,0
9132613242,-0.03346113,0.011250155,-1.8775463e-05,0.0,0.0,-0.08,0
9132621695,-0.010619985,0.006276054,-3.427267e-06,0.0,0.0,-0.08,0
9132632383,0.02338969,0.00056877034,1.0430813e-06,0.0,0.0,-0.08,0
9132642777,0.061297536,-0.0040433174,-1.2367964e-05,0.0,0.0,-0.08,0
9132652143,0.09883941,-0.0070968773,-3.5315752e-05,0.0,0.0,-0.08,0
9132661598,0.13499874,-0.007884864,-5.3346157e-05,0.0,0.0,-0.08,0
9132672138,0.16792762,-0.005891895,-4.9322844e-05,0.0,0.0,-0.08,0
9132682530,0.1934558,-0.002711352,-2.6375055e-05,0.0,0.0,-0.08,0
9132692043,0.21183789,0.00039517507,4.172325e-06,0.0,0.0,-0.08,0
9132702524,0.224648,0.004695099,5.3048134e-05,0.0,0.0,-0.08,0
9132711973,0.22943719,0.00959342,0.00010997057,0.0,0.0,-0.08,0
9132723520,0.23381262,0.015617866,0.00018268824,0.0,0.0,-0.08,0
9132731946,0.2401752,0.019624636,0.00023588538,0.0,0.0,-0.08,0
9132742448,0.2524668,0.024921592,0.0003142655,0.0,0.0,-0.08,0
9132752847,0.26764578,0.030660465,0.00041037798,0.0,0.0,-0.08,0
9132762340,0.28328252,0.035724647,0.00050604343,0.0,0.0,-0.08,0
9132771718,0.29868197,0.040016428,0.00059753656,0.0,0.0,-0.08,0
9132782209,0.31348205,0.0439179,0.00068828464,0.0,0.0,-0.08,0
9132793723,0.32645825,0.046672296,0.0007618964,0.0,0.0,-0.08,0
9132802205,0.3339749,0.04699648,0.00078484416,0.0,0.0,-0.08,0
9132812668,0.3404997,0.045451935,0.0007739663,0.0,0.0,-0.08,0
9132823016,0.3448575,0.042611063,0.00073462725,0.0,0.0,-0.08,0
9132832562,0.3481148,0.039535977,0.0006881356,0.0,0.0,-0.08,0
9132852375,0.3558212,0.033760853,0.00060096383,0.0,0.0,-0.08,0
9132863859,0.36098903,0.032306995,0.00058323145,0.0,0.0,-0.08,0
9132872320,0.3649865,0.033612747,0.0006136298,0.0,0.0,-0.08,0
9132882971,0.36969024,0.03812854,0.0007048249,0.0,0.0,-0.08,0
9132892293,0.3713056,0.044026013,0.0008174777,0.0,0.0,-0.08,0
9132902776,0.36856472,0.052051604,0.00095933676,0.0,0.0,-0.08,0
9132912157,0.36347026,0.059033334,0.0010728836,0.0,0.0,-0.08,0
9132922692,0.35706073,0.065038115,0.0011612475,0.0,0.0,-0.08,0
9132933956,0.3500459,0.06916096,0.0012107193,0.0,0.0,-0.08,0
9132942464,0.34594074,0.07045771,0.001219064,0.0,0.0,-0.08,0
9132952905,0.344064,0.06976569,0.0012004375,0.0,0.0,-0.08,0
9132962270,0.3447414,0.06763641,0.0011661649,0.0,0.0,-0.08,0
9132972469,0.3479458,0.0635804,0.0011064112,0.0,0.0,-0.08,0
9132983140,0.35492912,0.056779545,0.0010077655,0.0,0.0,-0.08,0
9132992156,0.3611492,0.04966936,0.0008969009,0.0,0.0,-0.08,0
9133002915,0.36349213,0.04121151,0.0007490814,0.0,0.0,-0.08,0
9133012378,0.36147404,0.033986434,0.00061422586,0.0,0.0,-0.08,0
9133022795,0.3599187,0.02648056,0.00047653913,0.0,0.0,-0.08,0
9133033133,0.36123377,0.021343157,0.00038564205,0.0,0.0,-0.08,0
9133043174,0.36270407,0.020113327,0.0003646314,0.0,0.0,-0.08,0
9133052709,0.36199406,0.02222016,0.00040233135,0.0,0.0,-0.08,0
9133062129,0.36034358,0.025932934,0.00046730042,0.0,0.0,-0.08,0
9133072529,0.3585853,0.029998131,0.0005379319,0.0,0.0,-0.08,0
9133083007,0.35610628,0.033112243,0.00058948994,0.0,0.0,-0.08,0
9133092486,0.35399523,0.03458193,0.0006121397,0.0,0.0,-0.08,0
9133102844,0.35422832,0.03422954,0.0006058812,0.0,0.0,-0.08,0
9133114356,0.35874474,0.03252141,0.00058338046,0.0,0.0,-0.08,0
9133122719,0.36359292,0.03147303,0.0005720556,0.0,0.0,-0.08,0
9133132538,0.37010324,0.03041859,0.0005631149,0.0,0.0,-0.08,0
9133143253,0.37760523,0.028754596,0.0005427003,0.0,0.0,-0.08,0
9133153677,0.38287517,0.02639053,0.00050500035,0.0,0.0,-0.08,0
9133163426,0.3848599,0.023420438,0.0004506111,0.0,0.0,-0.08,0
9133173560,0.3862816,0.019625861,0.00037908554,0.0,0.0,-0.08,0
9133184068,0.38907903,0.01657303,0.00032231212,0.0,0.0,-0.08,0
9133192494,0.3922602,0.016564801,0.0003245473,0.0,0.0,-0.08,0
9133202924,0.39881432,0.019486144,0.00038862228,0.0,0.0,-0.08,0
9133213408,0.40772444,0.024282336,0.0004950166,0.0,0.0,-0.08,0
9133223029,0.41579676,0.029422011,0.0006118417,0.0,0.0,-0.08,0
9133232401,0.42304224,0.033949118,0.00071793795,0.0,0.0,-0.08,0
9133243214,0.43135855,0.0377817,0.0008150935,0.0,0.0,-0.08,0
9133252777,0.439915,0.039513573,0.0008690357,0.0,0.0,-0.08,0
9133262252,0.44862163,0.039362952,0.0008828938,0.0,0.0,-0.08,0
9133272771,0.45894855,0.035912648,0.0008240342,0.0,0.0,-0.08,0
9133283205,0.47093785,0.027413614,0.0006453693,0.0,0.0,-0.08,0
9133294707,0.4841743,0.012081526,0.00029236078,0.0,0.0,-0.08,0
9133303212,0.49120528,-0.0015218556,-3.7252903e-05,0.0,0.0,-0.08,0
9133313264,0.49290067,-0.01642894,-0.00040486455,0.0,0.0,-0.08,0
9133323665,0.492988,-0.030324712,-0.0007471442,0.0,0.0,-0.08,0
9133333103,0.49502254,-0.042942584,-0.0010628998,0.0,0.0,-0.08,0
9133342696,0.5003554,-0.05759003,-0.0014406443,0.0,0.0,-0.08,0
9133353109,0.50652635,-0.07392373,-0.0018726289,0.0,0.0,-0.08,0
9133364539,0.5172726,-0.091622144,-0.0023703277,0.0,0.0,-0.08,0
9133372955,0.5273788,-0.103692725,-0.0027354062,0.0,0.0,-0.08,0
9133383408,0.5413908,-0.11890268,-0.003220588,0.0,0.0,-0.08,0
9133393996,0.55236447,-0.13428022,-0.0037120283,0.0,0.0,-0.08,0
9133403486,0.5521281,-0.14364848,-0.0039698184,0.0,0.0,-0.08,0
9133412899,0.5443542,-0.14664164,-0.0039958954,0.0,0.0,-0.08,0
9133423320,0.53924733,-0.14654078,-0.0039558113,0.0,0.0,-0.08,0
9133434815,0.5419706,-0.14515294,-0.003938228,0.0,0.0,-0.08,0
9133443273,0.5488072,-0.14365374,-0.0039462745,0.0,0.0,-0.08,0
9133453962,0.5623686,-0.14278768,-0.00401929,0.0,0.0,-0.08,0
9133463370,0.5758717,-0.1441532,-0.004155636,0.0,0.0,-0.08,0
9133474390,0.5893094,-0.1486887,-0.004386306,0.0,0.0,-0.08,0
9133483876,0.5965017,-0.15532815,-0.0046387315,0.0,0.0,-0.08,0
9133493712,0.59675014,-0.16339466,-0.0048825145,0.0,0.0,-0.08,0
9133505191,0.5876312,-0.17100854,-0.005033016,0.0,0.0,-0.08,0
9133512697,0.579361,-0.17424531,-0.005056262,0.0,0.0,-0.08,0
9133523348,0.57014537,-0.17708033,-0.005057454,0.0,0.0,-0.08,0
9133533971,0.56507295,-0.17965811,-0.0050856173,0.0,0.0,-0.08,0
9133544657,0.5623524,-0.18388918,-0.0051809847,0.0,0.0,-0.08,0
9133553101,0.5599273,-0.18836632,-0.005284846,0.0,0.0,-0.08,0
9133563835,0.5523558,-0.19280612,-0.005337,0.0,0.0,-0.08,0
9133573196,0.5409082,-0.1939776,-0.0052580237,0.0,0.0,-0.08,0
9133583668,0.5272857,-0.1936051,-0.0051157176,0.0,0.0,-0.08,0
9133593142,0.51743835,-0.1932821,-0.0050121546,0.0,0.0,-0.08,0
9133603555,0.5082316,-0.19284111,-0.0049117208,0.0,0.0,-0.08,0
9133615095,0.49866778,-0.19231208,-0.0048057735,0.0,0.0,-0.08,0
9133623508,0.49237335,-0.19246282,-0.004749,0.0,0.0,-0.08,0
9133634005,0.4860546,-0.19379397,-0.004720688,0.0,0.0,-0.08,0
9133643554,0.48241174,-0.19561055,-0.0047291815,0.0,0.0,-0.08,0
9133654062,0.48335558,-0.19791318,-0.0047947466,0.0,0.0,-0.08,0
9133663649,0.49001455,-0.20074773,-0.0049307942,0.0,0.0,-0.08,0
9133673918,0.49976337,-0.20457919,-0.0051257014,0.0,0.0,-0.08,0
9133685376,0.5072897,-0.20872578,-0.0053088367,0.0,0.0,-0.08,0
9133693792,0.5082056,-0.21187995,-0.0053991377,0.0,0.0,-0.08,0
9133703242,0.5052731,-0.21696305,-0.0054974854,0.0,0.0,-0.08,0
9133713675,0.500213,-0.22443867,-0.005631745,0.0,0.0,-0.08,0
9133724255,0.49387658,-0.23150653,-0.005736649,0.0,0.0,-0.08,0
9133733913,0.4848559,-0.23493068,-0.0057154894,0.0,0.0,-0.08,0
9133744325,0.46836525,-0.23447543,-0.0055105984,0.0,0.0,-0.08,0
9133754787,0.44372562,-0.23162585,-0.005156845,0.0,0.0,-0.08,0
9133763220,0.41892114,-0.23008081,-0.004836321,0.0,0.0,-0.08,0
9133773745,0.38400435,-0.23210634,-0.0044725835,0.0,0.0,-0.08,0
9133784138,0.3468199,-0.23850314,-0.0041516125,0.0,0.0,-0.08,0
9133793611,0.31160617,-0.24597307,-0.0038480759,0.0,0.0,-0.08,0
9133804137,0.27331686,-0.252197,-0.0034613907,0.0,0.0,-0.08,0
9133814785,0.23834942,-0.25405037,-0.00304088,0.0,0.0,-0.08,0
9133823295,0.2131527,-0.25186607,-0.00269562,0.0,0.0,-0.08,0
9133833738,0.18342616,-0.24554925,-0.0022614002,0.0,0.0,-0.08,0
9133844227,0.15581013,-0.2367233,-0.0018514693,0.0,0.0,-0.08,0
9133854661,0.13326512,-0.2266339,-0.0015158951,0.0,0.0,-0.08,0
9133865143,0.12554257,-0.21177661,-0.0013336539,0.0,0.0,-0.08,0
9133873498,0.13163061,-0.19724968,-0.0013016164,0.0,0.0,-0.08,0
9133884120,0.13511354,-0.18384875,-0.001244843,0.0,0.0,-0.08,0
9133894488,0.11996094,-0.17373654,-0.0010439754,0.0,0.0,-0.08,0
9133903967,0.08609314,-0.16044644,-0.0006917119,0.0,0.0,-0.08,0
9133914407,0.0343862,-0.13924237,-0.00023975968,0.0,0.0,-0.08,0
9133924786,-0.017349916,-0.11514944,9.983778e-05,0.0,0.0,-0.08,0
9133935306,-0.060326234,-0.09230554,0.0002785027,0.0,0.0,-0.08,0
9133943739,-0.08401945,-0.07825525,0.00032871962,0.0,0.0,-0.08,0
9133954231,-0.1007604,-0.06726527,0.00033915043,0.0,0.0,-0.08,0
9133964655,-0.1103487,-0.06258032,0.00034540892,0.0,0.0,-0.08,0
9133974227,-0.114554,-0.06578589,0.0003771484,0.0,0.0,-0.08,0
9133983744,-0.115627155,-0.07638809,0.00044167042,0.0,0.0,-0.08,0
9133994190,-0.118396044,-0.09302153,0.00055089593,0.0,0.0,-0.08,0
9134005685,-0.12622865,-0.11424379,0.00072181225,0.0,0.0,-0.08,0
9134014097,-0.1326837,-0.13111544,0.0008709729,0.0,0.0,-0.08,0
9134024573,-0.13225132,-0.15391974,0.0010193884,0.0,0.0,-0.08,0
9134033951,-0.119098365,-0.17243338,0.0010289252,0.0,0.0,-0.08,0
9134044538,-0.08972429,-0.1889535,0.0008495152,0.0,0.0,-0.08,0
9134053998,-0.056067426,-0.20324221,0.0005713105,0.0,0.0,-0.08,0
9134064448,-0.018624235,-0.22106948,0.0002065301,0.0,0.0,-0.08,0
9134076113,0.019567255,-0.24298543,-0.00023886561,0.0,0.0,-0.08,0
9134084477,0.04608346,-0.2587598,-0.00059887767,0.0,0.0,-0.08,0
9134094891,0.08263095,-0.2768119,-0.0011496246,0.0,0.0,-0.08,0
9134104293,0.11963582,-0.29004455,-0.001745224,0.0,0.0,-0.08,0
9134114741,0.15950657,-0.3008592,-0.0024144351,0.0,0.0,-0.08,0
9134124234,0.18639734,-0.30906543,-0.002899319,0.0,0.0,-0.08,0
9134134670,0.20055515,-0.31826058,-0.0032140315,0.0,0.0,-0.08,0
9134144208,0.19887829,-0.32530868,-0.003258437,0.0,0.0,-0.08,0
9134154726,0.18353082,-0.3281038,-0.0030332804,0.0,0.0,-0.08,0
9134164911,0.16329534,-0.32484746,-0.0026714802,0.0,0.0,-0.08,0
9134174198,0.14687465,-0.3164287,-0.0023399293,0.0,0.0,-0.08,0
9134185800,0.12900332,-0.2974231,-0.0019301474,0.0,0.0,-0.08,0
9134194194,0.11495867,-0.27770764,-0.001604557,0.0,0.0,-0.08,0
9134204769,0.09726046,-0.25062174,-0.0012239814,0.0,0.0,-0.08,0
9134215205,0.08227287,-0.22731315,-0.00093862414,0.0,0.0,-0.08,0
9134224637,0.07260516,-0.21051502,-0.0007663667,0.0,0.0,-0.08,0
9134234112,0.07012682,-0.19661798,-0.00069111586,0.0,0.0,-0.08,0
9134244963,0.07690185,-0.18364233,-0.00070780516,0.0,0.0,-0.08,0
9134255516,0.09015504,-0.17396472,-0.00078588724,0.0,0.0,-0.08,0
9134264145,0.10433601,-0.16727519,-0.00087440014,0.0,0.0,-0.08,0
9134274696,0.124617875,-0.15693098,-0.0009793043,0.0,0.0,-0.08,0
9134285084,0.1488656,-0.14117856,-0.001052022,0.0,0.0,-0.08,0
9134294569,0.17576574,-0.12371159,-0.0010886788,0.0,0.0,-0.08,0
9134305083,0.21033062,-0.10633296,-0.0011192262,0.0,0.0,-0.08,0
9134314761,0.2459789,-0.093915924,-0.001155585,0.0,0.0,-0.08,0
9134326231,0.2923088,-0.08418079,-0.0012306869,0.0,0.0,-0.08,0
9134334779,0.32965028,-0.08203553,-0.0013522804,0.0,0.0,-0.08,0
9134344279,0.37018925,-0.0849444,-0.0015731156,0.0,0.0,-0.08,0
9134354788,0.41171217,-0.09316309,-0.0019186735,0.0,0.0,-0.08,0
9134364275,0.45001447,-0.10598548,-0.002386123,0.0,0.0,-0.08,0
9134374742,0.4941855,-0.12599231,-0.0031155348,0.0,0.0,-0.08,0
9134385152,0.54008603,-0.15229362,-0.004118085,0.0,0.0,-0.08,0
9134394539,0.5853036,-0.18332303,-0.005375594,0.0,0.0,-0.08,0
9134405962,0.6411424,-0.22826916,-0.007340759,0.0,0.0,-0.08,0
9134415671,0.6827074,-0.2659494,-0.009118021,0.0,0.0,-0.08,0
9134425264,0.71079856,-0.29450738,-0.010524243,0.0,0.0,-0.08,0
9134436393,0.72648233,-0.31263322,-0.0114272535,0.0,0.0,-0.08,0
9134444914,0.7329833,-0.3153922,-0.0116325915,0.0,0.0,-0.08,0
9134455157,0.741063,-0.30816656,-0.011487156,0.0,0.0,-0.08,0
9134464667,0.74847287,-0.29433814,-0.011075288,0.0,0.0,-0.08,0
9134475781,0.75537986,-0.27401513,-0.010397285,0.0,0.0,-0.08,0
9134485189,0.75614643,-0.2541076,-0.009644628,0.0,0.0,-0.08,0
9134495630,0.7489208,-0.22945139,-0.008618534,0.0,0.0,-0.08,0
9134506290,0.7321322,-0.20381543,-0.007478595,0.0,0.0,-0.08,0
9134515017,0.711244,-0.18428193,-0.0065654516,0.0,0.0,-0.08,0
9134524545,0.68561745,-0.16580197,-0.0056917965,0.0,0.0,-0.08,0
9134535234,0.6621894,-0.14998502,-0.0049716234,0.0,0.0,-0.08,0
9134545059,0.65055996,-0.14095113,-0.0045891106,0.0,0.0,-0.08,0
9134554553,0.6479701,-0.13641605,-0.0044235587,0.0,0.0,-0.08,0
9134565189,0.64978075,-0.1340873,-0.0043600798,0.0,0.0,-0.08,0
9134576746,0.65013677,-0.13324514,-0.004334748,0.0,0.0,-0.08,0
9134585253,0.645192,-0.13294965,-0.0042925775,0.0,0.0,-0.08,0
9134594681,0.6328389,-0.13227162,-0.0041887164,0.0,0.0,-0.08,0
9134605058,0.6128123,-0.13098195,-0.004016757,0.0,0.0,-0.08,0
9134615536,0.5876235,-0.12892228,-0.0037907064,0.0,0.0,-0.08,0
9134624968,0.56203043,-0.12631288,-0.0035524368,0.0,0.0,-0.08,0
9134635531,0.5324065,-0.12314533,-0.0032809377,0.0,0.0,-0.08,0
9134647029,0.501576,-0.119433224,-0.0029973686,0.0,0.0,-0.08,0
9134654531,0.4817584,-0.114949554,-0.002770722,0.0,0.0,-0.08,0
9134664974,0.45441145,-0.10366972,-0.0023569167,0.0,0.0,-0.08,0
9134675557,0.43081486,-0.08927907,-0.0019237399,0.0,0.0,-0.08,0
9134686029,0.41482255,-0.07540754,-0.0015644729,0.0,0.0,-0.08,0
9134695484,0.4067001,-0.06381233,-0.0012975931,0.0,0.0,-0.08,0
9134704894,0.40288812,-0.053211607,-0.0010719895,0.0,0.0,-0.08,0
9134715301,0.40263534,-0.044019666,-0.00088602304,0.0,0.0,-0.08,0
9134724812,0.40579337,-0.03897927,-0.0007908046,0.0,0.0,-0.08,0
9134735286,0.4126531,-0.036501013,-0.0007532537,0.0,0.0,-0.08,0
9134745727,0.4238162,-0.03613753,-0.00076562166,0.0,0.0,-0.08,0
9134756513,0.442375,-0.038011678,-0.0008407235,0.0,0.0,-0.08,0
9134764895,0.46347007,-0.041309834,-0.0009572506,0.0,0.0,-0.08,0
9134775412,0.497725,-0.047398426,-0.0011794269,0.0,0.0,-0.08,0
9134785766,0.5378145,-0.05466409,-0.0014698505,0.0,0.0,-0.08,0
9134795244,0.5601121,-0.059313007,-0.0016611814,0.0,0.0,-0.08,0
9134805723,0.53989565,-0.06299324,-0.0017003715,0.0,0.0,-0.08,0
9134816146,0.50264263,-0.07525466,-0.0018914044,0.0,0.0,-0.08,0
9134826660,0.47934568,-0.09703781,-0.0023266673,0.0,0.0,-0.08,0
9134834996,0.46674058,-0.11297878,-0.0026386976,0.0,0.0,-0.08,0
9134845403,0.45294905,-0.12557115,-0.0028464198,0.0,0.0,-0.08,0
9134856035,0.44016147,-0.13474368,-0.0029681623,0.0,0.0,-0.08,0
9134865678,0.43046927,-0.14549905,-0.0031358004,0.0,0.0,-0.08,0
9134875182,0.42142665,-0.16024224,-0.0033818185,0.0,0.0,-0.08,0
9134885569,0.40779847,-0.17839125,-0.003644824,0.0,0.0,-0.08,0
9134895922,0.3880134,-0.19449684,-0.0037823617,0.0,0.0,-0.08,0
9134905388,0.36450264,-0.20447679,-0.0037369132,0.0,0.0,-0.08,0
9134915835,0.3349864,-0.20967472,-0.0035220385,0.0,0.0,-0.08,0
9134925649,0.30682045,-0.2109493,-0.003245622,0.0,0.0,-0.08,0
9134935340,0.28098145,-0.21085842,-0.0029709935,0.0,0.0,-0.08,0
9134945702,0.25583124,-0.21070112,-0.0027032197,0.0,0.0,-0.08,0
9134956078,0.23031466,-0.21093881,-0.0024364889,0.0,0.0,-0.08,0
9134965403,0.20272908,-0.21062927,-0.0021411479,0.0,0.0,-0.08,0
9134974925,0.16962118,-0.20460916,-0.0017404556,0.0,0.0,-0.08,0
9134985362,0.13100667,-0.19010702,-0.0012484193,0.0,0.0,-0.08,0
9134995716,0.093177825,-0.17416705,-0.00081300735,0.0,0.0,-0.08,0
9135007522,0.053871945,-0.15768054,-0.00042557716,0.0,0.0,-0.08,0
9135015973,0.029972782,-0.14727531,-0.00022113323,0.0,0.0,-0.08,0
9135025344,0.008995701,-0.1375821,-6.213784e-05,0.0,0.0,-0.08,0
9135035794,-0.0085577555,-0.12853271,5.4985285e-05,0.0,0.0,-0.08,0
9135045339,-0.019605411,-0.120973036,0.000118762255,0.0,0.0,-0.08,0
9135055762,-0.026039695,-0.11301459,0.00014707446,0.0,0.0,-0.08,0
9135066213,-0.028037997,-0.106096745,0.0001488626,0.0,0.0,-0.08,0
9135076743,-0.029142527,-0.10087784,0.00014677644,0.0,0.0,-0.08,0
9135085131,-0.032846984,-0.09726809,0.00015974045,0.0,0.0,-0.08,0
9135095675,-0.042978868,-0.09108344,0.00019580126,0.0,0.0,-0.08,0
9135106026,-0.05662708,-0.08248286,0.00023365021,0.0,0.0,-0.08,0
9135116610,-0.07162365,-0.072545975,0.0002603233,0.0,0.0,-0.08,0
9135125966,-0.08526528,-0.06424777,0.00027388334,0.0,0.0,-0.08,0
9135136838,-0.10088226,-0.056516886,0.00028535724,0.0,0.0,-0.08,0
9135147473,-0.11453195,-0.05231174,0.00029951334,0.0,0.0,-0.08,0
9135155928,-0.12393773,-0.051626064,0.00032007694,0.0,0.0,-0.08,0
9135166078,-0.13400412,-0.05221344,0.00034973025,0.0,0.0,-0.08,0
9135176667,-0.1431872,-0.053037304,0.0003796816,0.0,0.0,-0.08,0
9135186085,-0.15063894,-0.054623574,0.00041157007,0.0,0.0,-0.08,0
9135196249,-0.15847586,-0.058067348,0.00046014786,0.0,0.0,-0.08,0
9135205696,-0.16609702,-0.0614098,0.00051021576,0.0,0.0,-0.08,0
9135217768,-0.17750186,-0.060653605,0.000538677,0.0,0.0,-0.08,0
9135226136,-0.18676923,-0.05576211,0.0005206466,0.0,0.0,-0.08,0
9135235577,-0.19666828,-0.048052035,0.00047251582,0.0,0.0,-0.08,0
9135246203,-0.20498538,-0.036515936,0.00037431717,0.0,0.0,-0.08,0
9135256756,-0.20974982,-0.021328606,0.00022351742,0.0,0.0,-0.08,0
9135265716,-0.21225765,-0.0063839033,6.780028e-05,0.0,0.0,-0.08,0
9135276197,-0.21517865,0.012563441,-0.00013515353,0.0,0.0,-0.08,0
9135286617,-0.21629888,0.03090107,-0.00033438206,0.0,0.0,-0.08,0
9135298082,-0.21032777,0.04304643,-0.0004528463,0.0,0.0,-0.08,0
9135307619,-0.19943842,0.04740123,-0.00047266483,0.0,0.0,-0.08,0
9135316044,-0.19029331,0.051062554,-0.00048577785,0.0,0.0,-0.08,0
9135326662,-0.18318191,0.0541195,-0.00049591064,0.0,0.0,-0.08,0
9135335751,-0.18280245,0.05437588,-0.00049725175,0.0,0.0,-0.08,0
9135346480,-0.18803231,0.052188788,-0.0004905462,0.0,0.0,-0.08,0
9135356854,-0.19591194,0.048886262,-0.00047922134,0.0,0.0,-0.08,0
9135366363,-0.20430641,0.04554128,-0.00046506524,0.0,0.0,-0.08,0
9135375731,-0.21232337,0.042416558,-0.0004503131,0.0,0.0,-0.08,0
9135387168,-0.21859977,0.040021926,-0.0004374981,0.0,0.0,-0.08,0
9135397743,-0.21990788,0.039721377,-0.00043675303,0.0,0.0,-0.08,0
9135406162,-0.21911949,0.04030221,-0.00044196844,0.0,0.0,-0.08,0
9135416687,-0.21888569,0.04079937,-0.0004467368,0.0,0.0,-0.08,0
9135427238,-0.22041991,0.040650595,-0.00044807792,0.0,0.0,-0.08,0
9135436985,-0.22216655,0.04028157,-0.00044718385,0.0,0.0,-0.08,0
9135446432,-0.22156261,0.04057064,-0.00045001507,0.0,0.0,-0.08,0
9135456898,-0.21630019,0.04252956,-0.00045999885,0.0,0.0,-0.08,0
9135468389,-0.2067453,0.0462676,-0.0004784763,0.0,0.0,-0.08,0
9135475792,-0.20106581,0.04852883,-0.000487715,0.0,0.0,-0.08,0
9135486230,-0.1969606,0.050014574,-0.00049233437,0.0,0.0,-0.08,0
9135496658,-0.19692671,0.049793497,-0.0004902482,0.0,0.0,-0.08,0
9135506247,-0.20035692,0.04817369,-0.0004826486,0.0,0.0,-0.08,0
9135517013,-0.20997232,0.043760654,-0.0004594028,0.0,0.0,-0.08,0
9135526556,-0.22569013,0.03689845,-0.00041633844,0.0,0.0,-0.08,0
9135537192,-0.25090444,0.02656689,-0.00033318996,0.0,0.0,-0.08,0
9135546748,-0.2784926,0.015770756,-0.00021964312,0.0,0.0,-0.08,0
9135556229,-0.30069697,0.0063170604,-9.506941e-05,0.0,0.0,-0.08,0
9135566819,-0.31010616,0.0013444871,-2.0563602e-05,0.0,0.0,-0.08,0
9135578163,-0.31080443,0.00050391257,-8.046627e-06,0.0,0.0,-0.08,0
9135586668,-0.31146604,-0.00019612908,2.8312206e-06,0.0,0.0,-0.08,0
9135596286,-0.31272978,-0.0012558363,1.9818544e-05,0.0,0.0,-0.08,0
9135606604,-0.31307942,-0.0015673973,2.4437904e-05,0.0,0.0,-0.08,0
9135617152,-0.31210607,-0.0007475987,1.13248825e-05,0.0,0.0,-0.08,0
9135626497,-0.31083506,0.0005427934,-8.6426735e-06,0.0,0.0,-0.08,0
9135636929,-0.3108409,0.00067450106,-1.0579824e-05,0.0,0.0,-0.08,0
9135647627,-0.31114522,0.00044740736,-6.7055225e-06,0.0,0.0,-0.08,0
9135656316,-0.31056064,0.0009387471,-1.475215e-05,0.0,0.0,-0.08,0
9135666930,-0.31076396,0.00076333433,-1.2069941e-05,0.0,0.0,-0.08,0
9135677453,-0.31054202,0.000887353,-1.385808e-05,0.0,0.0,-0.08,0
9135686964,-0.30965704,0.0015828945,-2.4735928e-05,0.0,0.0,-0.08,0
9135696315,-0.30826885,0.0026991218,-4.172325e-05,0.0,0.0,-0.08,0
9135706781,-0.30228242,0.00654741,-9.87947e-05,0.0,0.0,-0.08,0
9135718400,-0.28631482,0.015137449,-0.0002168119,0.0,0.0,-0.08,0
9135726724,-0.27033722,0.02278554,-0.000308007,0.0,0.0,-0.08,0
9135737203,-0.25119293,0.03169558,-0.00039815903,0.0,0.0,-0.08,0
9135747652,-0.23576565,0.038385034,-0.00045239925,0.0,0.0,-0.08,0
9135757112,-0.22664312,0.041911058,-0.0004749,0.0,0.0,-0.08,0
9135766853,-0.22331578,0.043191984,-0.0004823506,0.0,0.0,-0.08,0
9135777193,-0.22362135,0.043199953,-0.00048324466,0.0,0.0,-0.08,0
9135788734,-0.22397146,0.04307484,-0.0004824996,0.0,0.0,-0.08,0
9135797097,-0.22407077,0.04303722,-0.00048205256,0.0,0.0,-0.08,0
9135806586,-0.22416666,0.0430639,-0.00048294663,0.0,0.0,-0.08,0
9135817018,-0.22422242,0.04308375,-0.00048309565,0.0,0.0,-0.08,0
9135827541,-0.2242479,0.04307493,-0.00048324466,0.0,0.0,-0.08,0
9135836885,-0.22431181,0.043076135,-0.00048324466,0.0,0.0,-0.08,0
9135847766,-0.22450429,0.043058954,-0.00048324466,0.0,0.0,-0.08,0
9135857161,-0.2246392,0.043039996,-0.00048354268,0.0,0.0,-0.08,0
9135866738,-0.22467598,0.043049328,-0.0004836917,0.0,0.0,-0.08,0
9135876859,-0.22482172,0.043044515,-0.00048413873,0.0,0.0,-0.08,0
9135887338,-0.22500949,0.042995267,-0.00048398972,0.0,0.0,-0.08,0
9135897834,-0.22509538,0.04292853,-0.00048309565,0.0,0.0,-0.08,0
9135907278,-0.2251285,0.04292259,-0.00048339367,0.0,0.0,-0.08,0
9135916686,-0.2251149,0.04298772,-0.00048398972,0.0,0.0,-0.08,0
9135927206,-0.22523113,0.043025687,-0.00048458576,0.0,0.0,-0.08,0
9135936929,-0.22557828,0.04289566,-0.00048398972,0.0,0.0,-0.08,0
9135947298,-0.22694874,0.042421915,-0.00048145652,0.0,0.0,-0.08,0
9135957703,-0.22825888,0.04206103,-0.0004799664,0.0,0.0,-0.08,0
9135968297,-0.22830693,0.042063624,-0.0004801154,0.0,0.0,-0.08,0
9135976581,-0.22827852,0.04211968,-0.00048100948,0.0,0.0,-0.08,0
9135987137,-0.2279636,0.042297505,-0.00048220158,0.0,0.0,-0.08,0
9135997471,-0.22717577,0.04252521,-0.00048309565,0.0,0.0,-0.08,0
9136008670,-0.22599988,0.042892836,-0.00048473477,0.0,0.0,-0.08,0
9136017264,-0.22407098,0.043816708,-0.00049069524,0.0,0.0,-0.08,0
9136027694,-0.21910277,0.04626138,-0.0005069375,0.0,0.0,-0.08,0
9136039324,-0.21276486,0.049644284,-0.00052824616,0.0,0.0,-0.08,0
9136046771,-0.2099619,0.051475793,-0.0005403161,0.0,0.0,-0.08,0
9136057307,-0.2068311,0.053726625,-0.0005556643,0.0,0.0,-0.08,0
9136067708,-0.20161739,0.05659069,-0.00057056546,0.0,0.0,-0.08,0
9136077348,-0.19399114,0.059721664,-0.00057935715,0.0,0.0,-0.08,0
9136087850,-0.18610589,0.062467106,-0.0005812943,0.0,0.0,-0.08,0
9136097347,-0.18285708,0.063689746,-0.00058218837,0.0,0.0,-0.08,0
9136108180,-0.18090191,0.063892215,-0.00057816505,0.0,0.0,-0.08,0
9136117659,-0.17745817,0.06428439,-0.00057056546,0.0,0.0,-0.08,0
9136127042,-0.17322195,0.06505288,-0.0005637109,0.0,0.0,-0.08,0
9136137451,-0.17194182,0.064934,-0.0005581975,0.0,0.0,-0.08,0
9136148140,-0.17623773,0.06324838,-0.00055760145,0.0,0.0,-0.08,0
9136157635,-0.18331382,0.060814634,-0.00055760145,0.0,0.0,-0.08,0
9136167039,-0.19089806,0.05813445,-0.00055477023,0.0,0.0,-0.08,0
9136177439,-0.19939125,0.055139832,-0.00054985285,0.0,0.0,-0.08,0
9136188615,-0.21201822,0.050946772,-0.0005403161,0.0,0.0,-0.08,0
9136197411,-0.22443004,0.04674115,-0.0005246699,0.0,0.0,-0.08,0
9136207977,-0.23928273,0.041655637,-0.00049859285,0.0,0.0,-0.08,0
9136219396,-0.25223982,0.037091177,-0.00046774745,0.0,0.0,-0.08,0
9136226943,-0.2568602,0.03531442,-0.00045344234,0.0,0.0,-0.08,0
9136237474,-0.25679415,0.035160273,-0.00045150518,0.0,0.0,-0.08,0
9136247845,-0.25283787,0.036637872,-0.0004631281,0.0,0.0,-0.08,0
9136258292,-0.24358478,0.039737806,-0.00048413873,0.0,0.0,-0.08,0
9136267690,-0.22976422,0.044221915,-0.0005081296,0.0,0.0,-0.08,0
9136278435,-0.21300343,0.04983382,-0.0005310774,0.0,0.0,-0.08,0
9136288950,-0.20087652,0.054052167,-0.0005429983,0.0,0.0,-0.08,0
9136297313,-0.1961605,0.055845145,-0.0005479157,0.0,0.0,-0.08,0
9136307789,-0.19579875,0.056218654,-0.0005504489,0.0,0.0,-0.08,0
9136318182,-0.19736665,0.05568601,-0.00054970384,0.0,0.0,-0.08,0
9136328732,-0.19934478,0.05496057,-0.0005479157,0.0,0.0,-0.08,0
9136338068,-0.20242043,0.05400899,-0.0005468726,0.0,0.0,-0.08,0
9136347608,-0.20654865,0.052702997,-0.00054463744,0.0,0.0,-0.08,0
9136359744,-0.21204188,0.050806757,-0.00053852797,0.0,0.0,-0.08,0
9136367219,-0.21584019,0.049422037,-0.00053331256,0.0,0.0,-0.08,0
9136377725,-0.22102983,0.047494195,-0.0005251169,0.0,0.0,-0.08,0
9136388164,-0.2238106,0.046392314,-0.00051915646,0.0,0.0,-0.08,0
9136398720,-0.22396639,0.046348397,-0.00051915646,0.0,0.0,-0.08,0
9136408248,-0.22241464,0.046994746,-0.00052273273,0.0,0.0,-0.08,0
9136417636,-0.21834859,0.048478864,-0.00052914023,0.0,0.0,-0.08,0
9136428153,-0.20997405,0.051378284,-0.000539273,0.0,0.0,-0.08,0
9136437778,-0.20062044,0.05483345,-0.0005501509,0.0,0.0,-0.08,0
9136447532,-0.19292666,0.058026444,-0.0005596876,0.0,0.0,-0.08,0
9136457960,-0.18902662,0.059946228,-0.0005668402,0.0,0.0,-0.08,0
9136469585,-0.18714689,0.060833476,-0.00056937337,0.0,0.0,-0.08,0
9136477946,-0.18641807,0.06126517,-0.0005710125,0.0,0.0,-0.08,0
9136488462,-0.18685874,0.06145078,-0.00057399273,0.0,0.0,-0.08,0
9136498861,-0.18861714,0.06110853,-0.0005765259,0.0,0.0,-0.08,0
9136508595,-0.19137576,0.06026123,-0.00057682395,0.0,0.0,-0.08,0
9136517959,-0.19481547,0.05902551,-0.0005751848,0.0,0.0,-0.08,0
9136528628,-0.19805971,0.057756566,-0.0005720556,0.0,0.0,-0.08,0
9136539327,-0.20032203,0.05688583,-0.0005696714,0.0,0.0,-0.08,0
9136548157,-0.20236415,0.056119442,-0.00056803226,0.0,0.0,-0.08,0
9136557640,-0.20468754,0.05514909,-0.000564605,0.0,0.0,-0.08,0
9136568111,-0.20511128,0.05458568,-0.00055998564,0.0,0.0,-0.08,0
9136578547,-0.20358086,0.05483383,-0.0005580485,0.0,0.0,-0.08,0
9136588026,-0.20212981,0.055324953,-0.0005592406,0.0,0.0,-0.08,0
9136598476,-0.20135127,0.055684216,-0.0005605817,0.0,0.0,-0.08,0
9136610100,-0.20179175,0.05562055,-0.00056117773,0.0,0.0,-0.08,0
9136617448,-0.20226032,0.05536691,-0.0005598366,0.0,0.0,-0.08,0
9136627924,-0.20344001,0.054969925,-0.0005592406,0.0,0.0,-0.08,0
9136638264,-0.20532666,0.05456986,-0.00056013465,0.0,0.0,-0.08,0
9136647748,-0.20740521,0.054169025,-0.0005619228,0.0,0.0,-0.08,0
9136658184,-0.20948943,0.053773843,-0.0005634129,0.0,0.0,-0.08,0
9136668742,-0.21060945,0.053742528,-0.0005659461,0.0,0.0,-0.08,0
9136679187,-0.21064155,0.053800195,-0.00056654215,0.0,0.0,-0.08,0
9136688628,-0.21046895,0.05364722,-0.000564754,0.0,0.0,-0.08,0
9136698172,-0.2106322,0.053514548,-0.0005637109,0.0,0.0,-0.08,0
9136708746,-0.21162555,0.05318977,-0.00056296587,0.0,0.0,-0.08,0
9136719122,-0.21119803,0.053097416,-0.0005608797,0.0,0.0,-0.08,0
9136728570,-0.20757936,0.05412864,-0.0005620718,0.0,0.0,-0.08,0
9136738020,-0.20165429,0.056104086,-0.0005656481,0.0,0.0,-0.08,0
9136748618,-0.1955359,0.058271848,-0.0005698204,0.0,0.0,-0.08,0
9136758073,-0.19275519,0.059434943,-0.00057294965,0.0,0.0,-0.08,0
9136768614,-0.19236374,0.059742536,-0.0005745888,0.0,0.0,-0.08,0
9136779212,-0.19300899,0.05948535,-0.00057414174,0.0,0.0,-0.08,0
9136789647,-0.19390655,0.05910392,-0.00057309866,0.0,0.0,-0.08,0
9136797976,-0.1950683,0.05880544,-0.0005738437,0.0,0.0,-0.08,0
9136808575,-0.19713256,0.05839914,-0.00057563186,0.0,0.0,-0.08,0
9136818925,-0.19962499,0.05788374,-0.000577718,0.0,0.0,-0.08,0
9136828380,-0.20158786,0.057397686,-0.0005786121,0.0,0.0,-0.08,0
9136838845,-0.20336352,0.05693285,-0.0005790591,0.0,0.0,-0.08,0
9136849288,-0.20447405,0.05654607,-0.00057786703,0.0,0.0,-0.08,0
9136859883,-0.20417014,0.05648259,-0.00057667494,0.0,0.0,-0.08,0
9136868489,-0.20338102,0.056784697,-0.00057742,0.0,0.0,-0.08,0
9136879165,-0.1997095,0.057843678,-0.000577718,0.0,0.0,-0.08,0
9136888472,-0.19202211,0.060030095,-0.0005763769,0.0,0.0,-0.08,0
9136898943,-0.18087588,0.063562505,-0.0005751848,0.0,0.0,-0.08,0
9136908454,-0.17087765,0.0668496,-0.00057145953,0.0,0.0,-0.08,0
9136918975,-0.1623312,0.069817215,-0.0005668402,0.0,0.0,-0.08,0
9136930531,-0.15809196,0.07155925,-0.0005657971,0.0,0.0,-0.08,0
9136938922,-0.15704028,0.07206243,-0.0005659461,0.0,0.0,-0.08,0
9136948700,-0.15590507,0.072575495,-0.0005659461,0.0,0.0,-0.08,0
9136959286,-0.15471536,0.07358154,-0.0005696714,0.0,0.0,-0.08,0
9136969715,-0.15466557,0.07456245,-0.00057682395,0.0,0.0,-0.0795166,0
9136979238,-0.15563425,0.07502557,-0.0005841255,0.0,0.0,-0.0789954,0
9136988650,-0.15683474,0.0751392,-0.00058948994,0.0,0.0,-0.0785109,0
9136999027,-0.15837911,0.07498804,-0.0005941093,0.0,0.0,-0.07798875,0
9137008568,-0.15939155,0.07486635,-0.0005969405,0.0,0.0,-0.07751625,0
9137018969,-0.15939392,0.074902326,-0.0005970895,0.0,0.0,-0.07701615,0
9137029666,-0.15861836,0.07497226,-0.00059485435,0.0,0.0,-0.07653065,0
9137040277,-0.15847331,0.074995466,-0.0005944073,0.0,0.0,-0.07599905,0
9137048695,-0.1580902,0.074902155,-0.00059217215,0.0,0.0,-0.07549295,0
9137059141,-0.15433303,0.07542666,-0.0005823374,0.0,0.0,-0.07499955,0
9137069517,-0.14940596,0.07650985,-0.00057175756,0.0,0.0,-0.0745134,0
9137079085,-0.14725682,0.077119745,-0.00056803226,0.0,0.0,-0.0739918,0
9137088554,-0.14789116,0.07700849,-0.0005696714,0.0,0.0,-0.0734828,0
9137098973,-0.15064165,0.07623682,-0.00057429075,0.0,0.0,-0.072995596,0
9137110535,-0.15308934,0.07536777,-0.000577122,0.0,0.0,-0.07252195,0
9137118926,-0.154587,0.07484966,-0.0005786121,0.0,0.0,-0.07201815,0
9137129444,-0.15653156,0.074520506,-0.00058338046,0.0,0.0,-0.071487494,0
9137139811,-0.15784933,0.07454726,-0.0005888939,0.0,0.0,-0.071010895,0
9137149467,-0.15873387,0.074566126,-0.00059217215,0.0,0.0,-0.070477344,0
9137158970,-0.16043672,0.0742044,-0.0005955994,0.0,0.0,-0.06996744,0
9137169406,-0.16422594,0.072913185,-0.0005990267,0.0,0.0,-0.06948439,0
9137180892,-0.16945139,0.070657216,-0.00059872866,0.0,0.0,-0.06899834,0
9137189260,-0.17344695,0.06901854,-0.00059887767,0.0,0.0,-0.068498634,0
9137198913,-0.17772871,0.06715457,-0.0005969405,0.0,0.0,-0.06797838,0
9137209476,-0.17858207,0.06573896,-0.00058725476,0.0,0.0,-0.06748308,0
9137218817,-0.17436603,0.06604129,-0.0005759299,0.0,0.0,-0.06700333,0
9137229389,-0.16593266,0.0679166,-0.0005637109,0.0,0.0,-0.06648623,0
9137239682,-0.15638812,0.070287034,-0.0005495548,0.0,0.0,-0.06603503,0
9137249097,-0.1496123,0.071806476,-0.0005373359,0.0,0.0,-0.06548138,0
9137258506,-0.14688313,0.0722393,-0.00053077936,0.0,0.0,-0.064963676,0
9137268975,-0.14797644,0.07200869,-0.00053316355,0.0,0.0,-0.064504825,0
9137280067,-0.14807692,0.072523184,-0.0005373359,0.0,0.0,-0.064022675,0
9137290554,-0.14541152,0.07409174,-0.000538826,0.0,0.0,-0.06349958,0
9137299007,-0.14490223,0.07513956,-0.00054463744,0.0,0.0,-0.06295878,0
9137309512,-0.14724049,0.075434044,-0.0005553663,0.0,0.0,-0.062483676,0
9137319870,-0.152751,0.07447299,-0.00056907535,0.0,0.0,-0.061996926,0
9137329371,-0.16045648,0.072378546,-0.0005809963,0.0,0.0,-0.061472677,0
9137339211,-0.16794376,0.06995985,-0.0005877018,0.0,0.0,-0.060972977,0
9137349729,-0.17559713,0.06706886,-0.0005891919,0.0,0.0,-0.060490277,0
9137361202,-0.18267341,0.0638193,-0.00058323145,0.0,0.0,-0.059989326,0
9137368773,-0.18520936,0.062450554,-0.00057831407,0.0,0.0,-0.059480827,0
9137379189,-0.18781054,0.06121298,-0.0005747378,0.0,0.0,-0.058970526,0
9137389635,-0.19152395,0.059412096,-0.00056907535,0.0,0.0,-0.058521524,0
9137400136,-0.192962,0.057932694,-0.0005592406,0.0,0.0,-0.057989575,0
9137409644,-0.19202557,0.057588063,-0.0005528331,0.0,0.0,-0.057477824,0
9137420019,-0.18935543,0.05806224,-0.00055000186,0.0,0.0,-0.056941573,0
9137430478,-0.18569715,0.059176937,-0.0005495548,0.0,0.0,-0.05646622,0
9137438844,-0.18310748,0.060188055,-0.00055119395,0.0,0.0,-0.05595757,0
9137449672,-0.18206574,0.061037607,-0.0005555153,0.0,0.0,-0.05545332,0
9137460074,-0.18256724,0.061242,-0.0005592406,0.0,0.0,-0.05501417,0
9137470555,-0.18337247,0.06107822,-0.00056028366,0.0,0.0,-0.05446847,0
9137480040,-0.18465757,0.06093421,-0.00056266785,0.0,0.0,-0.05396537,0
9137489385,-0.18542439,0.06114613,-0.0005669892,0.0,0.0,-0.053494573,0
9137500954,-0.18469252,0.06190437,-0.00057160854,0.0,0.0,-0.052947324,0
9137509458,-0.18313375,0.0627087,-0.00057443976,0.0,0.0,-0.052497722,0
9137520167,-0.18028133,0.06398843,-0.000577122,0.0,0.0,-0.051950373,0
9137529837,-0.17653525,0.06545224,-0.00057801604,0.0,0.0,-0.051485874,0
9137541117,-0.1706946,0.06775434,-0.0005786121,0.0,0.0,-0.050955124,0
9137550409,-0.16457646,0.07024933,-0.00057816505,0.0,0.0,-0.050474375,0
9137559692,-0.15670614,0.07341736,-0.00057548285,0.0,0.0,-0.049970575,0
9137570138,-0.14421408,0.07790149,-0.0005620718,0.0,0.0,-0.049430624,0
9137579636,-0.1344444,0.08142533,-0.0005477667,0.0,0.0,-0.048972223,0
9137590051,-0.13120727,0.082670614,-0.0005427003,0.0,0.0,-0.048450474,0
9137600443,-0.13643229,0.08096407,-0.00055253506,0.0,0.0,-0.047977723,0
9137610930,-0.14466804,0.07790989,-0.0005637109,0.0,0.0,-0.04744502,0
9137620254,-0.15087357,0.0754365,-0.00056937337,0.0,0.0,-0.046934173,0
9137630042,-0.15606949,0.07351676,-0.00057399273,0.0,0.0,-0.046464723,0
9137640468,-0.16044125,0.071974374,-0.00057742,0.0,0.0,-0.045938473,0
9137650105,-0.16378498,0.07077886,-0.00057965517,0.0,0.0,-0.045455072,0
9137659497,-0.1665959,0.069773965,-0.0005812943,0.0,0.0,-0.044943873,0
9137669945,-0.16963753,0.06861178,-0.00058218837,0.0,0.0,-0.044441424,0
9137681438,-0.17401142,0.06681953,-0.0005815923,0.0,0.0,-0.043970723,0
9137689813,-0.17835376,0.06500332,-0.0005798042,0.0,0.0,-0.043469824,0
9137700387,-0.18432051,0.06243664,-0.00057548285,0.0,0.0,-0.042939425,0
9137710099,-0.18776499,0.060888246,-0.00057175756,0.0,0.0,-0.042456124,0
9137720897,-0.18402982,0.061929777,-0.0005699694,0.0,0.0,-0.041941375,0
9137730283,-0.16922653,0.066711985,-0.000564605,0.0,0.0,-0.041452624,0
9137739747,-0.14366639,0.07532571,-0.0005413592,0.0,0.0,-0.040903125,0
9137751273,-0.10901339,0.088567115,-0.00048309565,0.0,0.0,-0.040432725,0
9137759650,-0.08575261,0.09849791,-0.00042274594,0.0,0.0,-0.040894426,0
9137770259,-0.06158175,0.10768563,-0.00033184886,0.0,0.0,-0.041431427,0
9137780750,-0.044432044,0.10909113,-0.0002425909,0.0,0.0,-0.04189218,0
9137790235,-0.031771757,0.102773055,-0.00016361475,0.0,0.0,-0.04243153,0
9137799665,-0.021212567,0.09287812,-9.864569e-05,0.0,0.0,-0.04294233,0
9137810182,-0.01685542,0.083047956,-7.018447e-05,0.0,0.0,-0.04337373,0
9137820546,-0.026583415,0.07853568,-0.00010445714,0.0,0.0,-0.04390118,0
9137829976,-0.051043846,0.08118864,-0.00020727515,0.0,0.0,-0.04442633,0
9137840433,-0.09034108,0.08881229,-0.0004015863,0.0,0.0,-0.04493563,0
9137850861,-0.12397061,0.087726496,-0.0005440414,0.0,0.0,-0.04540813,0
9137861349,-0.1430928,0.07965172,-0.0005701184,0.0,0.0,-0.04593043,0
9137870163,-0.14952254,0.07671609,-0.0005738437,0.0,0.0,-0.04645043,0
9137879966,-0.14752002,0.07731548,-0.00057041645,0.0,0.0,-0.04693078,0
9137890329,-0.1409048,0.07976852,-0.0005623698,0.0,0.0,-0.04742453,0
9137899768,-0.13291818,0.08285581,-0.00055089593,0.0,0.0,-0.04791493,0
9137910263,-0.12354999,0.08638558,-0.0005337596,0.0,0.0,-0.04841323,0
9137920609,-0.116150536,0.089165576,-0.0005182624,0.0,0.0,-0.04889733,0
9137931257,-0.111451365,0.0909074,-0.0005070865,0.0,0.0,-0.04942123,0
9137939714,-0.11008843,0.09144326,-0.00050365925,0.0,0.0,-0.04993023,0
9137950279,-0.11074038,0.09129174,-0.0005055964,0.0,0.0,-0.05044013,0
9137960465,-0.11272789,0.09062136,-0.0005109608,0.0,0.0,-0.05089483,0
9137970900,-0.115349375,0.08969226,-0.0005175173,0.0,0.0,-0.05143278,0
9137980335,-0.117857166,0.088767886,-0.00052317977,0.0,0.0,-0.05192678,0
9137990744,-0.12021113,0.08788842,-0.0005285442,0.0,0.0,-0.05246283,0
9138002215,-0.121473595,0.08740134,-0.0005310774,0.0,0.0,-0.05292503,0
9138009743,-0.1215434,0.08746772,-0.0005315244,0.0,0.0,-0.053436182,0
9138020188,-0.1210137,0.08789911,-0.00053212047,0.0,0.0,-0.053955432,0
9138030740,-0.12009818,0.08841558,-0.0005312264,0.0,0.0,-0.054405183,0
9138041289,-0.118936114,0.088906966,-0.0005288422,0.0,0.0,-0.054926332,0
9138050725,-0.117479816,0.08944738,-0.00052571297,0.0,0.0,-0.055442132,0
9138061101,-0.11485766,0.09046981,-0.0005199015,0.0,0.0,-0.05593163,0
9138071559,-0.11171014,0.09173578,-0.00051274896,0.0,0.0,-0.05645503,0
9138079970,-0.10965094,0.09255603,-0.00050753355,0.0,0.0,-0.056953132,0
9138090416,-0.106741644,0.09366241,-0.000500232,0.0,0.0,-0.057456233,0
9138101069,-0.09780095,0.095958546,-0.0004695356,0.0,0.0,-0.057916082,0
9138110949,-0.08068667,0.0981891,-0.0003966689,0.0,0.0,-0.05843748,0
9138120357,-0.056873307,0.09755564,-0.00027760863,0.0,0.0,-0.058959983,0
9138130937,-0.024167228,0.092152156,-0.000111311674,0.0,0.0,-0.059436485,0
9138140406,0.010566339,0.085162595,4.4852495e-05,0.0,0.0,-0.059936434,0
9138150824,0.054532222,0.07158287,0.0001950562,0.0,0.0,-0.060465135,0
9138160296,0.094445765,0.049178693,0.0002323091,0.0,0.0,-0.060926434,0
9138171679,0.13744725,0.014595974,0.00010043383,0.0,0.0,-0.061449435,0
9138182185,0.1678783,-0.016930008,-0.00014230609,0.0,0.0,-0.061931536,0
9138190597,0.1814397,-0.037420034,-0.00033944845,0.0,0.0,-0.062472835,0
9138201034,0.18333349,-0.053819958,-0.00049337745,0.0,0.0,-0.06295443,0
9138210621,0.17156276,-0.058990955,-0.0005058944,0.0,0.0,-0.063449085,0
9138221054,0.14685956,-0.054588765,-0.00040099025,0.0,0.0,-0.06397024,0
9138230465,0.115817256,-0.04293497,-0.00024855137,0.0,0.0,-0.06443649,0
9138240941,0.07514905,-0.023382599,-8.776784e-05,0.0,0.0,-0.06496099,0
9138252413,0.029551106,0.0038335402,5.5134296e-06,0.0,0.0,-0.06544079,0
9138260844,0.0007204036,0.026229013,8.940697e-07,0.0,0.0,-0.06594439,0
9138271281,-0.024444826,0.050997984,-6.2286854e-05,0.0,0.0,-0.06647384,0
9138280807,-0.03796012,0.066599436,-0.00012651086,0.0,0.0,-0.06695034,0
9138291236,-0.04261118,0.076097056,-0.00016197562,0.0,0.0,-0.067482546,0
9138300681,-0.03840595,0.08029143,-0.00015422702,0.0,0.0,-0.06793395,0
9138311294,-0.027925046,0.08382997,-0.00011712313,0.0,0.0,-0.068423845,0
9138322824,-0.014448315,0.09030311,-6.5267086e-05,0.0,0.0,-0.06895229,0
9138330248,-0.007100459,0.09796889,-3.4719706e-05,0.0,0.0,-0.06947384,0
9138340725,-0.0030541047,0.115154326,-1.7732382e-05,0.0,0.0,-0.06997454,0
9138351540,-0.000977274,0.129594,-6.2584877e-06,0.0,0.0,-0.07043059,0
9138360988,0.0024211872,0.13370314,1.6391277e-05,0.0,0.0,-0.07095229,0
9138371555,0.0047297776,0.1346465,3.1739473e-05,0.0,0.0,-0.07148529,0
9138381170,0.0047880504,0.13467395,3.2186508e-05,0.0,0.0,-0.07191384,0
9138391622,0.0042166375,0.13447963,2.8461218e-05,0.0,0.0,-0.072483085,0
9138401098,0.0038970914,0.13431838,2.6077032e-05,0.0,0.0,-0.07297584,0
9138410633,0.0037420262,0.13426243,2.503395e-05,0.0,0.0,-0.07348818,0
9138421007,0.003771903,0.13431096,2.5480986e-05,0.0,0.0,-0.073964536,0
9138432479,0.0039012171,0.13441566,2.6375055e-05,0.0,0.0,-0.07444938,0
9138440930,0.0039648823,0.13453251,2.682209e-05,0.0,0.0,-0.07494833,0
9138451444,0.004138015,0.13466959,2.7865171e-05,0.0,0.0,-0.07546883,0
9138462049,0.004431708,0.13478333,3.0100346e-05,0.0,0.0,-0.075965434,0
9138471504,0.0046893395,0.13489154,3.1888485e-05,0.0,0.0,-0.076479435,0
9138480937,0.0050691795,0.1350819,3.427267e-05,0.0,0.0,-0.07699904,0
9138491403,0.006121015,0.13553791,4.157424e-05,0.0,0.0,-0.07749454,0
9138503075,0.009364169,0.13692275,6.407499e-05,0.0,0.0,-0.07796619,0
9138510621,0.01396195,0.13889273,9.685755e-05,0.0,0.0,-0.07846614,0
9138521263,0.024817362,0.14325835,0.0001783669,0.0,0.0,-0.07897934,0
9138531869,0.03770101,0.14845587,0.00028029084,0.0,0.0,-0.07944554,0
9138541725,0.048773408,0.15317313,0.00037431717,0.0,0.0,-0.07997779,0
9138551265,0.05692757,0.1568454,0.00044703484,0.0,0.0,-0.08,0
9138561705,0.061895046,0.15926939,0.0004938245,0.0,0.0,-0.08,0
9138572343,0.06366217,0.16014731,0.0005108118,0.0,0.0,-0.08,0
9138580813,0.06330456,0.16005412,0.00050738454,0.0,0.0,-0.08,0
9138591250,0.061552674,0.15954928,0.00049188733,0.0,0.0,-0.08,0
9138601692,0.05940769,0.15892601,0.00047296286,0.0,0.0,-0.08,0
9138612220,0.057326388,0.15830922,0.00045448542,0.0,0.0,-0.08,0
9138621675,0.05557227,0.15778315,0.00043913722,0.0,0.0,-0.08,0
9138631350,0.05377058,0.15717636,0.000423491,0.0,0.0,-0.08,0
9138642839,0.051475577,0.15632293,0.0004027784,0.0,0.0,-0.08,0
9138651232,0.049857274,0.15574229,0.0003889203,0.0,0.0,-0.08,0
9138661675,0.048942342,0.1555105,0.00038132071,0.0,0.0,-0.08,0
9138672161,0.051670615,0.15656608,0.00040501356,0.0,0.0,-0.08,0
9138682776,0.06340381,0.16058971,0.00051006675,0.0,0.0,-0.08,0
9138691358,0.0828339,0.16761763,0.0006954372,0.0,0.0,-0.08,0
9138700998,0.11587228,0.18016575,0.0010462105,0.0,0.0,-0.08,0
9138711603,0.15977544,0.19729815,0.0015804172,0.0,0.0,-0.08,0
9138721170,0.19743735,0.21248534,0.002104044,0.0,0.0,-0.08,0
9138731621,0.22930475,0.22567728,0.0025966763,0.0,0.0,-0.08,0
9138742172,0.250475,0.23527218,0.0029572845,0.0,0.0,-0.08,0
9138752742,0.2604404,0.24101058,0.0031507015,0.0,0.0,-0.08,0
9138761112,0.26133898,0.24191251,0.0031736493,0.0,0.0,-0.08,0
9138771555,0.25369072,0.23914678,0.0030452013,0.0,0.0,-0.08,0
9138781945,0.23702668,0.23321758,0.0027742982,0.0,0.0,-0.08,0
9138791569,0.214869,0.2250466,0.002426058,0.0,0.0,-0.08,0
9138801280,0.18804055,0.21482043,0.002026111,0.0,0.0,-0.08,0
9138812633,0.1611439,0.20448096,0.0016522408,0.0,0.0,-0.08,0
9138823148,0.14562413,0.19847257,0.0014491379,0.0,0.0,-0.08,0
9138831500,0.13852483,0.19559076,0.0013583899,0.0,0.0,-0.08,0
9138842056,0.13360961,0.19352734,0.001296252,0.0,0.0,-0.08,0
9138852446,0.13137873,0.19253786,0.0012679398,0.0,0.0,-0.08,0
9138861852,0.13239658,0.19282173,0.0012798607,0.0,0.0,-0.08,0
9138871297,0.13701972,0.19445801,0.0013355911,0.0,0.0,-0.08,0
9138881661,0.14720625,0.19813985,0.0014621019,0.0,0.0,-0.08,0
9138893238,0.1653598,0.2048637,0.0016985834,0.0,0.0,-0.08,0
9138901640,0.1814403,0.2108737,0.0019191206,0.0,0.0,-0.08,0
9138912140,0.19979355,0.21777964,0.002182573,0.0,0.0,-0.08,0
9138922573,0.21260303,0.2227813,0.0023761392,0.0,0.0,-0.08,0
9138933098,0.21768028,0.22514904,0.0024589896,0.0,0.0,-0.08,0
9138941613,0.21608895,0.22480854,0.002437383,0.0,0.0,-0.08,0
9138951947,0.20941776,0.22231811,0.002335906,0.0,0.0,-0.08,0
9138962543,0.19818047,0.2181972,0.002169013,0.0,0.0,-0.08,0
9138972244,0.18420774,0.213085,0.0019685924,0.0,0.0,-0.08,0
9138981687,0.17058018,0.20810544,0.0017800927,0.0,0.0,-0.08,0
9138992311,0.15918262,0.20395407,0.0016281009,0.0,0.0,-0.08,0
9139002885,0.15148638,0.20115899,0.0015279651,0.0,0.0,-0.08,0
9139012301,0.1481306,0.19992316,0.0014847517,0.0,0.0,-0.08,0
9139021764,0.14745258,0.19966507,0.001476109,0.0,0.0,-0.08,0
9139032199,0.14934747,0.20035717,0.0015002489,0.0,0.0,-0.08,0
9139041674,0.15361716,0.20185645,0.0015549362,0.0,0.0,-0.08,0
9139052299,0.16146418,0.2046844,0.0016573071,0.0,0.0,-0.08,0
9139062766,0.17217052,0.20874369,0.0018024445,0.0,0.0,-0.08,0
9139073289,0.18454534,0.21352813,0.001976341,0.0,0.0,-0.08,0
9139081677,0.19372515,0.2170624,0.0021091104,0.0,0.0,-0.08,0
9139092138,0.20253882,0.22044253,0.0022399426,0.0,0.0,-0.08,0
9139102509,0.2077476,0.22252415,0.0023192167,0.0,0.0,-0.08,0
9139112194,0.20899631,0.22315744,0.0023397803,0.0,0.0,-0.08,0
9139121611,0.20748541,0.22271636,0.0023183227,0.0,0.0,-0.08,0
9139132240,0.2037777,0.2213778,0.0022630394,0.0,0.0,-0.08,0
9139143851,0.19789131,0.2191941,0.0021757185,0.0,0.0,-0.08,0
9139152220,0.19348232,0.21754993,0.0021110475,0.0,0.0,-0.08,0
9139162729,0.18912718,0.21592906,0.0020483136,0.0,0.0,-0.08,0
9139172766,0.1859729,0.21477146,0.002003312,0.0,0.0,-0.08,0
9139182181,0.18373692,0.21393809,0.0019715726,0.0,0.0,-0.08,0
9139191859,0.18213041,0.21337417,0.0019490719,0.0,0.0,-0.08,0
9139202330,0.18130335,0.21310286,0.001937747,0.0,0.0,-0.08,0
9139213879,0.18228453,0.21343534,0.0019514561,0.0,0.0,-0.08,0
9139221815,0.18462919,0.21437584,0.0019849837,0.0,0.0,-0.08,0
9139232261,0.19007453,0.21659783,0.002065301,0.0,0.0,-0.08,0
9139242812,0.19820675,0.21970853,0.0021845102,0.0,0.0,-0.08,0
9139253247,0.20991942,0.22399351,0.0023590028,0.0,0.0,-0.08,0
9139262681,0.22507988,0.22961006,0.002592951,0.0,0.0,-0.08,0
9139272053,0.24653289,0.23747748,0.002938658,0.0,0.0,-0.08,0
9139282695,0.27654758,0.24926332,0.0034610927,0.0,0.0,-0.08,0
9139292710,0.30151266,0.2625038,0.003975779,0.0,0.0,-0.08,0
9139302195,0.31447715,0.27629778,0.0043669343,0.0,0.0,-0.08,0
9139312602,0.31326866,0.29168415,0.00459522,0.0,0.0,-0.08,0
9139324117,0.298179,0.30692127,0.004605502,0.0,0.0,-0.08,0
9139332511,0.2834662,0.3148167,0.004492253,0.0,0.0,-0.08,0
9139342001,0.27024207,0.31831288,0.0043310225,0.0,0.0,-0.08,0
9139352488,0.26593047,0.3157161,0.0042265654,0.0,0.0,-0.08,0
9139362963,0.27796587,0.30692947,0.0042931736,0.0,0.0,-0.08,0
9139372398,0.3082975,0.29292867,0.004541725,0.0,0.0,-0.08,0
9139383036,0.3273627,0.27668923,0.0045523047,0.0,0.0,-0.08,0
9139394498,0.3071222,0.2640075,0.0040732324,0.0,0.0,-0.08,0
9139401869,0.28905737,0.25780597,0.0037427247,0.0,0.0,-0.08,0
9139412378,0.2726176,0.25147626,0.0034426153,0.0,0.0,-0.08,0
9139423050,0.26410764,0.24803284,0.0032889843,0.0,0.0,-0.08,0
9139432931,0.26260626,0.24748203,0.0032629073,0.0,0.0,-0.08,0
9139442727,0.2661461,0.24887156,0.0033254921,0.0,0.0,-0.08,0
9139452509,0.27339807,0.25158918,0.0034540892,0.0,0.0,-0.08,0
9139463949,0.28644946,0.25641268,0.0036890805,0.0,0.0,-0.08,0
9139472291,0.29901302,0.26110142,0.0039216876,0.0,0.0,-0.08,0
9139482562,0.31559333,0.26740795,0.0042398274,0.0,0.0,-0.08,0
9139493355,0.3309169,0.2733413,0.00454545,0.0,0.0,-0.08,0
9139502904,0.33999163,0.27706167,0.004734397,0.0,0.0,-0.08,0
9139512430,0.3427258,0.27849483,0.004797578,0.0,0.0,-0.08,0
9139523184,0.33965898,0.27753434,0.0047382712,0.0,0.0,-0.08,0
9139532656,0.3334755,0.2751637,0.0046116114,0.0,0.0,-0.08,0
9139542592,0.32383245,0.27151698,0.0044181943,0.0,0.0,-0.08,0
9139553233,0.31140327,0.26668543,0.004172325,0.0,0.0,-0.08,0
9139562701,0.30047336,0.26226482,0.0039586425,0.0,0.0,-0.08,0
9139574181,0.28871682,0.2574404,0.003733188,0.0,0.0,-0.08,0
9139582711,0.2810411,0.25418466,0.0035877526,0.0,0.0,-0.08,0
9139593117,0.2729888,0.25059724,0.0034350157,0.0,0.0,-0.08,0
9139603549,0.26658747,0.24764642,0.0033146143,0.0,0.0,-0.08,0
9139613006,0.26236996,0.24563134,0.0032356381,0.0,0.0,-0.08,0
9139622497,0.25955653,0.24419026,0.003181845,0.0,0.0,-0.08,0
9139632881,0.25800696,0.243161,0.0031495094,0.0,0.0,-0.08,0
9139644474,0.25799966,0.24257429,0.0031417608,0.0,0.0,-0.08,0
9139653011,0.25910047,0.24206188,0.0031483173,0.0,0.0,-0.08,0
9139663679,0.26207724,0.2395584,0.0031512976,0.0,0.0,-0.08,0
9139672915,0.26605093,0.2346082,0.003132373,0.0,0.0,-0.08,0
9139683406,0.27101505,0.22643626,0.003078878,0.0,0.0,-0.08,0
9139692806,0.27464724,0.21886446,0.00301525,0.0,0.0,-0.08,0
9139703204,0.27733284,0.21306022,0.002963394,0.0,0.0,-0.08,0
9139714706,0.2783017,0.2117713,0.0029557943,0.0,0.0,-0.08,0
9139723137,0.2764618,0.2151629,0.0029835105,0.0,0.0,-0.08,0
9139733831,0.2697399,0.224354,0.0030361116,0.0,0.0,-0.08,0
9139743529,0.25999928,0.23545557,0.0030723214,0.0,0.0,-0.08,0
9139753975,0.25526774,0.2415834,0.0030955672,0.0,0.0,-0.08,0
9139763414,0.25727147,0.2420325,0.0031256676,0.0,0.0,-0.08,0
9139773868,0.2607766,0.24378444,0.0031915307,0.0,0.0,-0.08,0
9139784296,0.2662761,0.24625014,0.0032921135,0.0,0.0,-0.08,0
9139792675,0.27127984,0.24863216,0.003386438,0.0,0.0,-0.08,0
9139803197,0.27583537,0.2515624,0.0034843385,0.0,0.0,-0.08,0
9139813631,0.27713305,0.25325364,0.0035245717,0.0,0.0,-0.08,0
9139823746,0.27619764,0.25358245,0.003517121,0.0,0.0,-0.08,0
9139833624,0.27641827,0.25379282,0.0035230815,0.0,0.0,-0.08,0
9139843203,0.27936697,0.2537466,0.0035598874,0.0,0.0,-0.08,0
9139853604,0.2868108,0.25138956,0.0036205351,0.0,0.0,-0.08,0
9139862999,0.2989395,0.2456423,0.0036866963,0.0,0.0,-0.08,0
9139873488,0.31800643,0.23504305,0.0037512183,0.0,0.0,-0.08,0
9139884018,0.33985618,0.22171459,0.0037798285,0.0,0.0,-0.08,0
9139894688,0.36101335,0.20759284,0.0037577748,0.0,0.0,-0.08,0
9139903283,0.37362874,0.19701609,0.0036896765,0.0,0.0,-0.08,0
9139913403,0.38024384,0.18724635,0.003567934,0.0,0.0,-0.08,0
9139923850,0.37715918,0.18248266,0.0034487247,0.0,0.0,-0.08,0
9139933135,0.36570227,0.18455257,0.0033818185,0.0,0.0,-0.08,0
9139943656,0.34363216,0.19334167,0.0033299625,0.0,0.0,-0.08,0
9139954163,0.31419194,0.2063054,0.0032497942,0.0,0.0,-0.08,0
9139964626,0.28031167,0.22125657,0.0031110644,0.0,0.0,-0.08,0
9139972980,0.2543272,0.23126201,0.002951622,0.0,0.0,-0.08,0
9139983447,0.23443687,0.23380077,0.0027507544,0.0,0.0,-0.08,0
9139993967,0.22749725,0.23047231,0.0026308,0.0,0.0,-0.08,0
9140003375,0.22544785,0.2294709,0.0025960803,0.0,0.0,-0.08,0
9140013546,0.22404465,0.22903937,0.0025749207,0.0,0.0,-0.08,0
9140023440,0.22178778,0.22838874,0.002541691,0.0,0.0,-0.08,0
9140034988,0.219118,0.22766407,0.002503097,0.0,0.0,-0.08,0
9140043687,0.2183119,0.22750847,0.0024919212,0.0,0.0,-0.08,0
9140053348,0.2183553,0.22775507,0.0024953485,0.0,0.0,-0.08,0
9140063831,0.2188664,0.22824748,0.0025066733,0.0,0.0,-0.08,0
9140074016,0.22211216,0.22963747,0.0025594234,0.0,0.0,-0.08,0
9140083315,0.23050216,0.23284307,0.0026932359,0.0,0.0,-0.08,0
9140093795,0.2461876,0.23877925,0.002950579,0.0,0.0,-0.08,0
9140103531,0.26437348,0.24568339,0.0032611191,0.0,0.0,-0.08,0
9140112974,0.28315732,0.2528709,0.0035956502,0.0,0.0,-0.08,0
9140123655,0.30270547,0.2604264,0.0039598346,0.0,0.0,-0.08,0
9140134058,0.31744152,0.26622793,0.004245788,0.0,0.0,-0.08,0
9140144908,0.32733822,0.27028337,0.0044454634,0.0,0.0,-0.08,0
9140153339,0.33113092,0.2719687,0.0045254827,0.0,0.0,-0.08,0
9140163973,0.33175945,0.27227202,0.0045391917,0.0,0.0,-0.08,0
9140174369,0.32836258,0.27089512,0.0044696033,0.0,0.0,-0.08,0
9140184499,0.3204882,0.26801243,0.0043153763,0.0,0.0,-0.08,0
9140193727,0.30936056,0.2639672,0.0041022897,0.0,0.0,-0.08,0
9140204687,0.2926523,0.25764272,0.003786981,0.0,0.0,-0.08,0
9140214750,0.27661952,0.25127038,0.003490299,0.0,0.0,-0.08,0
9140223561,0.26407048,0.2462143,0.0032642484,0.0,0.0,-0.08,0
9140234136,0.25231576,0.24140276,0.0030572712,0.0,0.0,-0.08,0
9140244967,0.24561074,0.23845023,0.002939552,0.0,0.0,-0.08,0
9140254427,0.24515034,0.23793723,0.0029277802,0.0,0.0,-0.08,0
9140264174,0.24820581,0.23876804,0.0029745698,0.0,0.0,-0.08,0
9140274702,0.2541438,0.24034241,0.003065914,0.0,0.0,-0.08,0
9140285265,0.26285383,0.24248147,0.0031995773,0.0,0.0,-0.08,0
9140293776,0.27130145,0.24426346,0.0033268332,0.0,0.0,-0.08,0
9140303586,0.28296456,0.24453177,0.0034737587,0.0,0.0,-0.08,0
9140314056,0.297598,0.24023171,0.0035886467,0.0,0.0,-0.08,0
9140324554,0.31308457,0.23014301,0.0036153197,0.0,0.0,-0.08,0
9140333985,0.32742536,0.21630698,0.0035522878,0.0,0.0,-0.08,0
9140344465,0.34410238,0.1973762,0.0034044683,0.0,0.0,-0.08,0
9140355887,0.36128718,0.17582527,0.00318259,0.0,0.0,-0.08,0
9140363295,0.36877626,0.16322449,0.003014505,0.0,0.0,-0.08,0
9140373774,0.3698298,0.14916763,0.0027619302,0.0,0.0,-0.08,0
9140384404,0.3600265,0.14082307,0.0025379658,0.0,0.0,-0.08,0
9140394869,0.34365726,0.13996124,0.0024075806,0.0,0.0,-0.08,0
9140404294,0.32626194,0.14452305,0.00236094,0.0,0.0,-0.08,0
9140414689,0.30834866,0.15327036,0.0023664534,0.0,0.0,-0.08,0
9140424110,0.29634058,0.16228777,0.0024087727,0.0,0.0,-0.08,0
9140433574,0.28913993,0.16931468,0.002452284,0.0,0.0,-0.08,0
9140444043,0.28656548,0.17257172,0.002477467,0.0,0.0,-0.08,0
9140454430,0.2894712,0.17077135,0.002476126,0.0,0.0,-0.08,0
9140465989,0.29728764,0.16364826,0.002436936,0.0,0.0,-0.08,0
9140474441,0.30411717,0.15618153,0.0023785233,0.0,0.0,-0.08,0
9140483874,0.31094062,0.14804527,0.0023050606,0.0,0.0,-0.08,0
9140494892,0.3168351,0.14093961,0.0022354722,0.0,0.0,-0.08,0
9140504338,0.3195418,0.13721934,0.002194941,0.0,0.0,-0.08,0
9140513682,0.31940374,0.13541603,0.0021649897,0.0,0.0,-0.08,0
9140525336,0.31519577,0.13513449,0.0021322072,0.0,0.0,-0.08,0
9140536315,0.30662745,0.13666819,0.0020977855,0.0,0.0,-0.08,0
9140543852,0.2980931,0.13866022,0.0020691752,0.0,0.0,-0.08,0
9140554400,0.2850176,0.14232351,0.0020308793,0.0,0.0,-0.08,0
9140564768,0.27349415,0.14619151,0.002001971,0.0,0.0,-0.08,0
9140574387,0.26535448,0.1489159,0.0019785762,0.0,0.0,-0.08,0
9140583841,0.26027894,0.14974871,0.0019517541,0.0,0.0,-0.08,0
9140594675,0.25801298,0.14832023,0.0019162893,0.0,0.0,-0.08,0
9140606192,0.25968826,0.14431526,0.0018762052,0.0,0.0,-0.08,0
9140614603,0.26382443,0.13946034,0.0018420815,0.0,0.0,-0.08,0
9140624095,0.27200118,0.13199483,0.001797229,0.0,0.0,-0.08,0
9140634620,0.28465992,0.12164457,0.0017331541,0.0,0.0,-0.08,0
9140644088,0.298569,0.10988193,0.0016416609,0.0,0.0,-0.08,0
9140654497,0.31808883,0.09345655,0.0014871359,0.0,0.0,-0.08,0
9140664969,0.34368318,0.072603635,0.0012479722,0.0,0.0,-0.08,0
9140674368,0.37044108,0.04901414,0.00090777874,0.0,0.0,-0.08,0
9140683791,0.39858493,0.020062968,0.00039964914,0.0,0.0,-0.08,0
9140694723,0.42979178,-0.018220507,-0.0003914535,0.0,0.0,-0.08,0
9140705227,0.45669264,-0.05675872,-0.001295954,0.0,0.0,-0.08,0
9140715769,0.480456,-0.094740555,-0.0022770464,0.0,0.0,-0.08,0
9140726176,0.49712217,-0.12988636,-0.0032314658,0.0,0.0,-0.08,0
9140734614,0.5022348,-0.15412846,-0.003875792,0.0,0.0,-0.08,0
9140745155,0.49924666,-0.17512669,-0.0043797493,0.0,0.0,-0.08,0
9140754542,0.49101925,-0.18268466,-0.00449419,0.0,0.0,-0.08,0
9140764969,0.47495478,-0.17795879,-0.004234463,0.0,0.0,-0.08,0
9140775391,0.44487292,-0.16003339,-0.0035654008,0.0,0.0,-0.08,0
9140785919,0.39814934,-0.13073915,-0.002605319,0.0,0.0,-0.08,0
9140794274,0.34924698,-0.100185394,-0.0017505884,0.0,0.0,-0.08,0
9140804900,0.27858508,-0.053747527,-0.00074863434,0.0,0.0,-0.08,0
9140815334,0.20453551,-0.0024674572,-2.5182962e-05,0.0,0.0,-0.08,0
9140824812,0.1352985,0.04630394,0.0003132224,0.0,0.0,-0.08,0
9140834274,0.068449736,0.094421975,0.0003233552,0.0,0.0,-0.08,0
9140844800,0.019396702,0.12434095,0.00012084842,0.0,0.0,-0.08,0
9140856216,0.0057838205,0.12059995,3.4868717e-05,0.0,0.0,-0.08,0
9140864680,0.0072207954,0.11372294,4.0978193e-05,0.0,0.0,-0.08,0
9140875163,0.0058066566,0.115090534,3.3676624e-05,0.0,0.0,-0.08,0
9140885693,-0.0003246311,0.12251157,-1.7881393e-06,0.0,0.0,-0.08,0
9140895547,-0.005713431,0.12712267,-3.620982e-05,0.0,0.0,-0.08,0
9140904945,-0.008257404,0.12676784,-5.2303076e-05,0.0,0.0,-0.08,0
9140915435,-0.011394471,0.12614773,-7.197261e-05,0.0,0.0,-0.08,0
9140926856,-0.008206833,0.12793481,-5.26011e-05,0.0,0.0,-0.08,0
9140935222,0.0024576858,0.1324667,1.6242266e-05,0.0,0.0,-0.08,0
9140944670,0.020087091,0.14000744,0.00014066696,0.0,0.0,-0.08,0
9140955072,0.040110126,0.14849062,0.00029817224,0.0,0.0,-0.08,0
9140965574,0.058820844,0.15605283,0.00045984983,0.0,0.0,-0.08,0
9140975074,0.073246464,0.16183333,0.0005938113,0.0,0.0,-0.08,0
9140984550,0.08273113,0.16594197,0.0006875396,0.0,0.0,-0.08,0
9140994944,0.08690281,0.16804847,0.000731647,0.0,0.0,-0.08,0
9141004523,0.084340975,0.16731907,0.0007067621,0.0,0.0,-0.08,0
9141014937,0.074939534,0.16341932,0.0006131828,0.0,0.0,-0.08,0
9141025356,0.06041809,0.1570653,0.00047504902,0.0,0.0,-0.08,0
9141035846,0.041272074,0.14887431,0.00030770898,0.0,0.0,-0.08,0
9141045261,0.019668685,0.13979402,0.00013753772,0.0,0.0,-0.08,0
9141054967,-0.007868623,0.12853153,-5.0514936e-05,0.0,0.0,-0.08,0
9141065370,-0.045777075,0.11339872,-0.00025987625,0.0,0.0,-0.08,0
9141074914,-0.090290934,0.095731474,-0.0004324317,0.0,0.0,-0.08,0
9141085433,-0.14480957,0.07376071,-0.0005342066,0.0,0.0,-0.08,0
9141095789,-0.19510852,0.05346714,-0.00052183867,0.0,0.0,-0.08,0
9141106279,-0.23587939,0.037135303,-0.00043794513,0.0,0.0,-0.08,0
9141114694,-0.25701013,0.028634038,-0.00036790967,0.0,0.0,-0.08,0
9141125191,-0.26705772,0.024597203,-0.0003284216,0.0,0.0,-0.08,0
9141135672,-0.26511216,0.025524816,-0.00033840537,0.0,0.0,-0.08,0
9141145195,-0.25621906,0.029337134,-0.00037580729,0.0,0.0,-0.08,0
9141155705,-0.23966296,0.036405813,-0.000436306,0.0,0.0,-0.08,0
9141166064,-0.21946056,0.045004603,-0.0004939735,0.0,0.0,-0.08,0
9141176534,-0.19822392,0.05395388,-0.0005349517,0.0,0.0,-0.08,0
9141184999,-0.18129992,0.060972787,-0.0005528331,0.0,0.0,-0.08,0
9141195292,-0.16383857,0.06814378,-0.0005583465,0.0,0.0,-0.08,0
9141205728,-0.15373114,0.07240013,-0.0005568564,0.0,0.0,-0.08,0
9141215184,-0.15174603,0.07340816,-0.0005571544,0.0,0.0,-0.08,0
9141225741,-0.15393957,0.07288582,-0.00056117773,0.0,0.0,-0.08,0
9141235147,-0.15893377,0.07136789,-0.0005672872,0.0,0.0,-0.08,0
9141245661,-0.17075434,0.067329735,-0.0005750358,0.0,0.0,-0.08,0
9141255054,-0.18727876,0.06129346,-0.00057414174,0.0,0.0,-0.08,0
9141265567,-0.20956992,0.05318692,-0.00055745244,0.0,0.0,-0.08,0
9141276292,-0.23053841,0.045207515,-0.0005210936,0.0,0.0,-0.08,0
9141286127,-0.24517672,0.03962235,-0.00048562884,0.0,0.0,-0.08,0
9141295555,-0.25677437,0.035351112,-0.00045388937,0.0,0.0,-0.08,0
9141306136,-0.26934353,0.030874481,-0.0004158914,0.0,0.0,-0.08,0
9141315516,-0.27990332,0.027193675,-0.00038072467,0.0,0.0,-0.08,0
9141325067,-0.28646976,0.024894517,-0.0003565848,0.0,0.0,-0.08,0
9141335372,-0.2881001,0.02442539,-0.00035181642,0.0,0.0,-0.08,0
9141346187,-0.2873182,0.024787493,-0.00035613775,0.0,0.0,-0.08,0
9141356681,-0.28635725,0.025050623,-0.00035867095,0.0,0.0,-0.08,0
9141365058,-0.2876791,0.024431037,-0.0003515184,0.0,0.0,-0.08,0
9141375490,-0.29357454,0.021560729,-0.00031664968,0.0,0.0,-0.08,0
9141385943,-0.2981817,0.018665135,-0.00027820468,0.0,0.0,-0.08,0
9141395794,-0.2977529,0.017687604,-0.00026330352,0.0,0.0,-0.08,0
9141405183,-0.29591388,0.017665964,-0.00026136637,0.0,0.0,-0.08,0
9141415669,-0.2945788,0.01751994,-0.0002579391,0.0,0.0,-0.08,0
9141427162,-0.2970817,0.016150378,-0.00023975968,0.0,0.0,-0.08,0
9141435561,-0.30122453,0.014621675,-0.00022023916,0.0,0.0,-0.08,0
9141446109,-0.30402187,0.013004035,-0.0001975894,0.0,0.0,-0.08,0
9141456599,-0.30428103,0.012588646,-0.00019147992,0.0,0.0,-0.08,0
9141465952,-0.3029439,0.014071789,-0.00021323562,0.0,0.0,-0.08,0
9141475680,-0.30085516,0.016304504,-0.0002451241,0.0,0.0,-0.08,0
9141486175,-0.29946902,0.017861791,-0.00026747584,0.0,0.0,-0.08,0
9141497786,-0.29824036,0.019183125,-0.00028595328,0.0,0.0,-0.08,0
9141505298,-0.29712602,0.02001987,-0.00029727817,0.0,0.0,-0.08,0
9141515895,-0.2958203,0.020815928,-0.000308007,0.0,0.0,-0.08,0
9141526519,-0.29527044,0.020955535,-0.00030964613,0.0,0.0,-0.08,0
9141537090,-0.2953115,0.02073857,-0.00030636787,0.0,0.0,-0.08,0
9141545747,-0.2964858,0.0201617,-0.00029876828,0.0,0.0,-0.08,0
9141556272,-0.2993184,0.018516328,-0.0002770126,0.0,0.0,-0.08,0
9141565819,-0.29863074,0.017800301,-0.00026583672,0.0,0.0,-0.08,0
9141575358,-0.29130074,0.01938552,-0.000282377,0.0,0.0,-0.08,0
9141585810,-0.27951187,0.022462774,-0.00031396747,0.0,0.0,-0.08,0
9141596283,-0.27285707,0.023873739,-0.00032573938,0.0,0.0,-0.08,0
9141606847,-0.276569,0.02154497,-0.0002977252,0.0,0.0,-0.08,0
9141615218,-0.28484178,0.01796813,-0.00025600195,0.0,0.0,-0.08,0
9141625683,-0.2946592,0.014144275,-0.00020846725,0.0,0.0,-0.08,0
9141636124,-0.29939127,0.012664761,-0.00018939376,0.0,0.0,-0.08,0
9141646808,-0.30051407,0.012657635,-0.00019028783,0.0,0.0,-0.08,0
9141656219,-0.30077723,0.012750145,-0.00019162893,0.0,0.0,-0.08,0
9141666683,-0.300931,0.012730271,-0.00019162893,0.0,0.0,-0.08,0
9141677137,-0.30094263,0.012668882,-0.00019073486,0.0,0.0,-0.08,0
9141685471,-0.3010291,0.012666006,-0.00019043684,0.0,0.0,-0.08,0
9141695950,-0.3004481,0.013169326,-0.00019773841,0.0,0.0,-0.08,0
9141706348,-0.2975189,0.014933739,-0.00022217631,0.0,0.0,-0.08,0
9141716911,-0.29278332,0.017519154,-0.00025644898,0.0,0.0,-0.08,0
9141726182,-0.28998518,0.019174919,-0.00027805567,0.0,0.0,-0.08,0
9141736802,-0.2905452,0.019545004,-0.00028386712,0.0,0.0,-0.08,0
9141747294,-0.2934831,0.018552903,-0.0002720952,0.0,0.0,-0.08,0
9141755535,-0.29581124,0.017618656,-0.0002603233,0.0,0.0,-0.08,0
9141766023,-0.29813415,0.016701669,-0.0002488494,0.0,0.0,-0.08,0
9141776460,-0.30031323,0.015682995,-0.00023543835,0.0,0.0,-0.08,0
9141786236,-0.29960388,0.015324526,-0.0002296269,0.0,0.0,-0.08,0
9141795708,-0.29103708,0.01742465,-0.00025361776,0.0,0.0,-0.08,0
9141806241,-0.27093726,0.023622172,-0.00031992793,0.0,0.0,-0.08,0
9141816903,-0.24653333,0.031882714,-0.00039294362,0.0,0.0,-0.08,0
9141827203,-0.22606805,0.039278712,-0.0004439056,0.0,0.0,-0.08,0
9141836524,-0.20978427,0.045436986,-0.00047668815,0.0,0.0,-0.08,0
9141847005,-0.19030568,0.05318176,-0.00050604343,0.0,0.0,-0.08,0
9141857543,-0.1735529,0.06017483,-0.0005221367,0.0,0.0,-0.08,0
9141865899,-0.16664794,0.06313983,-0.00052616,0.0,0.0,-0.08,0
9141876369,-0.16216573,0.06532326,-0.0005297363,0.0,0.0,-0.08,0
9141886766,-0.15975168,0.06702548,-0.0005353987,0.0,0.0,-0.08,0
9141896267,-0.16096748,0.067227796,-0.0005413592,0.0,0.0,-0.08,0
9141906755,-0.16628347,0.06570617,-0.00054627657,0.0,0.0,-0.08,0
9141916489,-0.17319201,0.06331186,-0.00054836273,0.0,0.0,-0.08,0
9141927929,-0.1818408,0.06006422,-0.00054627657,0.0,0.0,-0.08,0
9141936295,-0.18741839,0.057913568,-0.0005427003,0.0,0.0,-0.08,0
9141946820,-0.19158235,0.056223147,-0.00053852797,0.0,0.0,-0.08,0
9141957192,-0.1920537,0.056057062,-0.00053837895,0.0,0.0,-0.08,0
9141966705,-0.18829215,0.057477623,-0.0005413592,0.0,0.0,-0.08,0
9141976117,-0.17405532,0.062407747,-0.00054329634,0.0,0.0,-0.08,0
9141986721,-0.14020218,0.075365916,-0.0005285442,0.0,0.0,-0.08,0
9141998127,-0.084740855,0.09639933,-0.00040873885,0.0,0.0,-0.08,0
9142006604,-0.041018344,0.11365729,-0.00023320317,0.0,0.0,-0.08,0
9142017200,0.0034740847,0.13153167,2.2947788e-05,0.0,0.0,-0.08,0
9142027443,0.033848427,0.14411718,0.00024423003,0.0,0.0,-0.08,0
9142036964,0.053033717,0.15269294,0.00040575862,0.0,0.0,-0.08,0
9142046487,0.06381217,0.1583407,0.00050604343,0.0,0.0,-0.08,0
9142056939,0.06612241,0.16030501,0.0005309284,0.0,0.0,-0.08,0
9142068784,0.05750981,0.15734257,0.0004531443,0.0,0.0,-0.08,0
9142076661,0.044417262,0.15268517,0.00033959746,0.0,0.0,-0.08,0
9142086774,0.019356096,0.1437658,0.00013932586,0.0,0.0,-0.08,0
9142097204,-0.01045689,0.13271023,-6.958842e-05,0.0,0.0,-0.08,0
9142107788,-0.037068732,0.12301704,-0.00022813678,0.0,0.0,-0.08,0
9142116184,-0.051549196,0.117684625,-0.00030353665,0.0,0.0,-0.08,0
9142126694,-0.0584858,0.11462659,-0.00033542514,0.0,0.0,-0.08,0
9142137110,-0.05658239,0.115014106,-0.00032573938,0.0,0.0,-0.08,0
9142146600,-0.051096972,0.11723981,-0.00029996037,0.0,0.0,-0.08,0
9142157447,-0.041743852,0.121024996,-0.0002528727,0.0,0.0,-0.08,0
9142167315,-0.029448932,0.1258297,-0.00018551946,0.0,0.0,-0.08,0
9142178505,-0.014763372,0.13195272,-9.7602606e-05,0.0,0.0,-0.08,0
9142186936,-0.0074826833,0.13504523,-5.0514936e-05,0.0,0.0,-0.08,0
9142197339,-0.0059872493,0.13575463,-4.068017e-05,0.0,0.0,-0.08,0
9142206859,-0.009952411,0.13431627,-6.6906214e-05,0.0,0.0,-0.08,0
9142217349,-0.017280662,0.13143905,-0.00011354685,0.0,0.0,-0.08,0
9142227219,-0.028283438,0.12715353,-0.00018000603,0.0,0.0,-0.08,0
9142237920,-0.048660748,0.11916794,-0.0002901256,0.0,0.0,-0.08,0
9142248378,-0.0778346,0.107550345,-0.00041902065,0.0,0.0,-0.08,0
9142256767,-0.10771866,0.09549062,-0.0005146861,0.0,0.0,-0.08,0
9142267228,-0.15170366,0.07791316,-0.0005912781,0.0,0.0,-0.08,0
9142277361,-0.18818021,0.063406706,-0.0005967915,0.0,0.0,-0.08,0
9142287871,-0.2043139,0.056880794,-0.0005811453,0.0,0.0,-0.08,0
9142297358,-0.20282426,0.05737832,-0.00058189034,0.0,0.0,-0.08,0
9142307813,-0.19145563,0.0616541,-0.000590235,0.0,0.0,-0.08,0
9142318433,-0.16518056,0.07146753,-0.000590533,0.0,0.0,-0.08,0
9142326992,-0.13154146,0.08482091,-0.0005580485,0.0,0.0,-0.08,0
9142337426,-0.0772861,0.10670849,-0.00041261315,0.0,0.0,-0.08,0
9142347971,-0.01552172,0.13078709,-0.00010147691,0.0,0.0,-0.08,0
9142358447,0.03827138,0.1518274,0.00029087067,0.0,0.0,-0.08,0
9142366836,0.06874873,0.16430631,0.0005659461,0.0,0.0,-0.08,0
9142377738,0.091413334,0.17414224,0.00079751015,0.0,0.0,-0.08,0
9142387160,0.09898383,0.17777501,0.0008817017,0.0,0.0,-0.08,0
9142396602,0.09749427,0.17717057,0.00086560845,0.0,0.0,-0.08,0
9142407257,0.08253864,0.17166844,0.0007098913,0.0,0.0,-0.08,0
9142417615,0.059163004,0.16295609,0.00048294663,0.0,0.0,-0.08,0
9142427485,0.03267716,0.15281805,0.00025004148,0.0,0.0,-0.08,0
9142437468,-2.6291236e-05,0.14028187,-1.4901161e-07,0.0,0.0,-0.08,0
9142447062,-0.036056675,0.12638125,-0.00022813678,0.0,0.0,-0.08,0
9142457411,-0.073984705,0.111466065,-0.00041276217,0.0,0.0,-0.08,0
9142466910,-0.10198147,0.10037496,-0.0005121529,0.0,0.0,-0.08,0
9142477358,-0.12260921,0.0922543,-0.0005659461,0.0,0.0,-0.08,0
9142487993,-0.13206251,0.08829229,-0.00058338046,0.0,0.0,-0.08,0
9142498550,-0.13245672,0.0879272,-0.0005826354,0.0,0.0,-0.08,0
9142507070,-0.12892184,0.08927554,-0.00057578087,0.0,0.0,-0.08,0
9142517732,-0.11763196,0.09337224,-0.0005494058,0.0,0.0,-0.08,0
9142528347,-0.09316198,0.102180056,-0.0004762411,0.0,0.0,-0.08,0
9142538569,-0.059004493,0.11514465,-0.0003398955,0.0,0.0,-0.08,0
9142547697,-0.021087173,0.12928462,-0.00013649464,0.0,0.0,-0.08,0
9142558325,0.027046073,0.14677198,0.00019863248,0.0,0.0,-0.08,0
9142568769,0.06695691,0.16196996,0.00054329634,0.0,0.0,-0.08,0
9142577114,0.087110735,0.17007865,0.0007420778,0.0,0.0,-0.08,0
9142587641,0.096756525,0.17436095,0.0008453429,0.0,0.0,-0.08,0
9142598015,0.09384222,0.17396313,0.00081807375,0.0,0.0,-0.08,0
9142608723,0.08380394,0.17097807,0.00071793795,0.0,0.0,-0.08,0
9142617929,0.07293406,0.16718067,0.0006107986,0.0,0.0,-0.08,0
9142627303,0.058280453,0.16157229,0.00047177076,0.0,0.0,-0.08,0
9142638783,0.033870086,0.15193884,0.00025749207,0.0,0.0,-0.08,0
9142647357,0.01044658,0.14285907,7.465482e-05,0.0,0.0,-0.08,0
9142657934,-0.022756517,0.13011886,-0.00014826655,0.0,0.0,-0.08,0
9142668325,-0.06003651,0.11592639,-0.00034824014,0.0,0.0,-0.08,0
9142678765,-0.09960094,0.101065375,-0.00050365925,0.0,0.0,-0.08,0
9142687406,-0.12745814,0.09056839,-0.00057742,0.0,0.0,-0.08,0
9142700987,-0.15127213,0.08138697,-0.000615865,0.0,0.0,-0.08,0
9142709325,-0.15200303,0.080890015,-0.00061511993,0.0,0.0,-0.08,0
9142717721,-0.14519937,0.083506756,-0.0006066263,0.0,0.0,-0.08,0
9142728185,-0.13465887,0.087797426,-0.0005914271,0.0,0.0,-0.08,0
9142737678,-0.12368392,0.09200888,-0.00056922436,0.0,0.0,-0.08,0
9142748860,-0.10422604,0.09906579,-0.00051677227,0.0,0.0,-0.08,0
9142757222,-0.086459026,0.10563538,-0.0004568696,0.0,0.0,-0.08,0
9142767660,-0.06566101,0.113278076,-0.000372231,0.0,0.0,-0.08,0
9142778092,-0.0491303,0.11941822,-0.0002937019,0.0,0.0,-0.08,0
9142787558,-0.039067682,0.123230256,-0.00024095178,0.0,0.0,-0.08,0
9142798050,-0.032755017,0.1257025,-0.00020623207,0.0,0.0,-0.08,0
9142808737,-0.03092239,0.12679042,-0.0001963973,0.0,0.0,-0.08,0
9142819180,-0.032676328,0.12668456,-0.00020712614,0.0,0.0,-0.08,0
9142827789,-0.034760185,0.12593777,-0.00021919608,0.0,0.0,-0.08,0
9142838186,-0.038836055,0.1244315,-0.00024199486,0.0,0.0,-0.08,0
9142848682,-0.045732465,0.12204613,-0.00027939677,0.0,0.0,-0.08,0
9142858128,-0.054920316,0.11878845,-0.00032648444,0.0,0.0,-0.08,0
9142867506,-0.06662375,0.11447013,-0.00038161874,0.0,0.0,-0.08,0
9142877999,-0.08235012,0.10855544,-0.00044733286,0.0,0.0,-0.08,0
9142889499,-0.09805314,0.10261399,-0.0005033612,0.0,0.0,-0.08,0
9142897891,-0.10364956,0.10047024,-0.0005210936,0.0,0.0,-0.08,0
9142908774,-0.102065355,0.101081125,-0.00051632524,0.0,0.0,-0.08,0
9142918764,-0.09403433,0.104307726,-0.00049084425,0.0,0.0,-0.08,0
9142928213,-0.081823036,0.109410554,-0.00044807792,0.0,0.0,-0.08,0
9142937640,-0.06139811,0.11768901,-0.00036150217,0.0,0.0,-0.08,0
9142948162,-0.023489598,0.13268825,-0.00015601516,0.0,0.0,-0.08,0
9142958588,0.021990864,0.1508418,0.00016614795,0.0,0.0,-0.08,0
9142968083,0.05973701,0.1659139,0.0004966557,0.0,0.0,-0.08,0
9142978481,0.09121871,0.17821163,0.00081449747,0.0,0.0,-0.08,0
9142988911,0.10800847,0.1847998,0.0010001659,0.0,0.0,-0.08,0
9142999527,0.10755111,0.18508157,0.0009976327,0.0,0.0,-0.08,0
9143007996,0.09613763,0.18086645,0.0008711219,0.0,0.0,-0.08,0
9143018448,0.07247288,0.1715076,0.0006227195,0.0,0.0,-0.08,0
9143028828,0.039652668,0.15860352,0.00031501055,0.0,0.0,-0.08,0
9143038229,0.0017396733,0.14387399,1.2516975e-05,0.0,0.0,-0.08,0
9143047666,-0.040836666,0.1273883,-0.0002604723,0.0,0.0,-0.08,0
9143059121,-0.092740506,0.10738064,-0.00049829483,0.0,0.0,-0.08,0
9143069641,-0.13136703,0.0923713,-0.0006070733,0.0,0.0,-0.08,0
9143078240,-0.14888696,0.08541039,-0.0006361306,0.0,0.0,-0.08,0
9143087877,-0.15478787,0.0828652,-0.000641644,0.0,0.0,-0.08,0
9143098276,-0.15414771,0.08291199,-0.0006392598,0.0,0.0,-0.08,0
9143108827,-0.15141672,0.08390179,-0.0006355345,0.0,0.0,-0.08,0
9143118198,-0.14719003,0.08553084,-0.0006297231,0.0,0.0,-0.08,0
9143128670,-0.13564152,0.08978277,-0.0006093085,0.0,0.0,-0.08,0
9143140257,-0.11450289,0.09780252,-0.0005604327,0.0,0.0,-0.08,0
9143148632,-0.09750414,0.10464875,-0.00051036477,0.0,0.0,-0.08,0
9143158022,-0.07861875,0.11241223,-0.00044211745,0.0,0.0,-0.08,0
9143168654,-0.06390245,0.118516445,-0.00037908554,0.0,0.0,-0.08,0
9143179110,-0.060020648,0.12015367,-0.00036090612,0.0,0.0,-0.08,0
9143188447,-0.06117641,0.119774275,-0.00036671758,0.0,0.0,-0.08,0
9143198890,-0.06493711,0.11858878,-0.00038549304,0.0,0.0,-0.08,0
9143208340,-0.07052621,0.11662528,-0.00041171908,0.0,0.0,-0.08,0
9143217810,-0.0778387,0.11388517,-0.00044360757,0.0,0.0,-0.08,0
9143228147,-0.08818255,0.109951906,-0.00048533082,0.0,0.0,-0.08,0
9143238385,-0.10267125,0.10424591,-0.00053554773,0.0,0.0,-0.08,0
9143248630,-0.124263406,0.09558517,-0.0005944073,0.0,0.0,-0.08,0
9143258906,-0.15299238,0.08400273,-0.0006426871,0.0,0.0,-0.08,0
9143268278,-0.18081665,0.072698526,-0.00065743923,0.0,0.0,-0.08,0
9143278771,-0.2094475,0.060915582,-0.0006380677,0.0,0.0,-0.08,0
9143289383,-0.23405097,0.050650734,-0.0005927682,0.0,0.0,-0.08,0
9143298793,-0.24856783,0.044146337,-0.00054866076,0.0,0.0,-0.08,0
9143309218,-0.25398666,0.040898964,-0.0005194545,0.0,0.0,-0.08,0
9143319689,-0.25059336,0.041406475,-0.0005187094,0.0,0.0,-0.08,0
9143328289,-0.24220806,0.044121645,-0.00053435564,0.0,0.0,-0.08,0
9143338641,-0.22698446,0.049392402,-0.0005605817,0.0,0.0,-0.08,0
9143349098,-0.2089195,0.05580911,-0.00058308244,0.0,0.0,-0.08,0
9143358569,-0.19382812,0.06129551,-0.0005941093,0.0,0.0,-0.08,0
9143368999,-0.1829767,0.06563502,-0.0006006658,0.0,0.0,-0.08,0
9143379358,-0.17899154,0.06791959,-0.0006079674,0.0,0.0,-0.08,0
9143389965,-0.17966819,0.06848271,-0.00061541796,0.0,0.0,-0.08,0
9143398281,-0.18257836,0.06759383,-0.0006172061,0.0,0.0,-0.08,0
9143408792,-0.18914548,0.06561094,-0.0006207824,0.0,0.0,-0.08,0
9143419542,-0.19778669,0.0630614,-0.0006236136,0.0,0.0,-0.08,0
9143429168,-0.20665285,0.06041912,-0.00062450767,0.0,0.0,-0.08,0
9143438453,-0.21593796,0.05743541,-0.0006201863,0.0,0.0,-0.08,0
9143448931,-0.22873275,0.053023383,-0.0006066263,0.0,0.0,-0.08,0
9143460378,-0.24861054,0.04608009,-0.00057294965,0.0,0.0,-0.08,0
9143468818,-0.2655712,0.039904594,-0.0005298853,0.0,0.0,-0.08,0
9143479313,-0.28750238,0.031777706,-0.0004568696,0.0,0.0,-0.08,0
9143489693,-0.308296,0.02385082,-0.00036746264,0.0,0.0,-0.08,0
9143500417,-0.31963134,0.019109327,-0.0003053248,0.0,0.0,-0.08,0
9143508887,-0.3199442,0.018978216,-0.00030368567,0.0,0.0,-0.08,0
9143519613,-0.31837612,0.02005566,-0.0003194809,0.0,0.0,-0.08,0
9143529278,-0.31554133,0.021075822,-0.00033259392,0.0,0.0,-0.08,0
9143538926,-0.30643296,0.023712464,-0.0003632903,0.0,0.0,-0.08,0
9143549479,-0.2897169,0.028898623,-0.00041857362,0.0,0.0,-0.08,0
9143559850,-0.27109492,0.03492632,-0.0004734099,0.0,0.0,-0.08,0
9143570343,-0.25233132,0.041294955,-0.0005209446,0.0,0.0,-0.08,0
9143578705,-0.23883909,0.046060055,-0.00055000186,0.0,0.0,-0.08,0
9143589302,-0.22788541,0.050400794,-0.00057429075,0.0,0.0,-0.08,0
9143599739,-0.2268794,0.05167733,-0.0005865097,0.0,0.0,-0.08,0
9143609194,-0.23181202,0.05005736,-0.0005804002,0.0,0.0,-0.08,0
9143618653,-0.24140947,0.046816267,-0.00056535006,0.0,0.0,-0.08,0
9143629681,-0.2582944,0.041289277,-0.00053346157,0.0,0.0,-0.08,0
9143640321,-0.2801323,0.03406257,-0.00047713518,0.0,0.0,-0.08,0
9143648767,-0.3002229,0.027204277,-0.00040829182,0.0,0.0,-0.08,0
9143659220,-0.3186995,0.018928986,-0.0003017485,0.0,0.0,-0.08,0
9143669615,-0.32588995,0.013447907,-0.00021919608,0.0,0.0,-0.08,0
9143679342,-0.32788542,0.011665791,-0.0001911819,0.0,0.0,-0.08,0
9143688699,-0.3281407,0.011597019,-0.00019028783,0.0,0.0,-0.08,0
9143700109,-0.32741827,0.012113482,-0.00019848347,0.0,0.0,-0.08,0
9143710593,-0.32610524,0.012981821,-0.0002117455,0.0,0.0,-0.08,0
9143718976,-0.3244461,0.014269501,-0.00023141503,0.0,0.0,-0.08,0
9143729636,-0.32141578,0.016931951,-0.0002720952,0.0,0.0,-0.08,0
9143739962,-0.31741825,0.01984952,-0.00031501055,0.0,0.0,-0.08,0
9143749396,-0.30822387,0.02325384,-0.00035837293,0.0,0.0,-0.08,0
9143758784,-0.29239678,0.028399078,-0.00041514635,0.0,0.0,-0.08,0
9143769281,-0.2736279,0.03469553,-0.000474751,0.0,0.0,-0.08,0
9143780790,-0.25850916,0.040280044,-0.0005206466,0.0,0.0,-0.08,0
9143789117,-0.25444677,0.04230325,-0.00053822994,0.0,0.0,-0.08,0
9143799522,-0.25614387,0.04217963,-0.0005401671,0.0,0.0,-0.08,0
9143810047,-0.26349956,0.039796762,-0.00052437186,0.0,0.0,-0.08,0
9143820529,-0.27809256,0.035187777,-0.00048950315,0.0,0.0,-0.08,0
9143828940,-0.29296535,0.030400759,-0.0004452467,0.0,0.0,-0.08,0
9143839542,-0.31099412,0.024209283,-0.00037640333,0.0,0.0,-0.08,0
9143849932,-0.32226944,0.018269703,-0.00029444695,0.0,0.0,-0.08,0
9143859315,-0.32716823,0.014236033,-0.00023297966,0.0,0.0,-0.08,0
9143869908,-0.33008087,0.012296751,-0.00020287931,0.0,0.0,-0.08,0
9143880257,-0.33158517,0.011662405,-0.00019341707,0.0,0.0,-0.08,0
9143890733,-0.3326137,0.011320133,-0.00018820167,0.0,0.0,-0.08,0
9143899047,-0.3328152,0.011380833,-0.00018931925,0.0,0.0,-0.08,0
9143909590,-0.33168232,0.012027506,-0.00019937754,0.0,0.0,-0.08,0
9143919952,-0.32981333,0.013039071,-0.00021502376,0.0,0.0,-0.08,0
9143929398,-0.3276422,0.014431763,-0.00023655593,0.0,0.0,-0.08,0
9143939950,-0.31965995,0.019209111,-0.00030696392,0.0,0.0,-0.08,0
9143950337,-0.29918006,0.027496591,-0.00041127205,0.0,0.0,-0.08,0
9143960986,-0.26659274,0.03882668,-0.0005175173,0.0,0.0,-0.08,0
9143969432,-0.23200914,0.051941883,-0.00060275197,0.0,0.0,-0.08,0
9143979938,-0.18474433,0.07096042,-0.0006556511,0.0,0.0,-0.08,0
9143990287,-0.14723217,0.08636965,-0.0006362796,0.0,0.0,-0.08,0
9143999751,-0.12307669,0.09629151,-0.0005930662,0.0,0.0,-0.08,0
9144010132,-0.10483234,0.10384383,-0.00054478645,0.0,0.0,-0.08,0
9144020412,-0.09341502,0.10867493,-0.0005079806,0.0,0.0,-0.08,0
9144030854,-0.08988973,0.11053969,-0.00049710274,0.0,0.0,-0.08,0
9144039306,-0.09426779,0.109353505,-0.0005158782,0.0,0.0,-0.08,0
9144049786,-0.10865829,0.10460534,-0.0005686283,0.0,0.0,-0.08,0
9144060178,-0.13125756,0.096738,-0.0006353855,0.0,0.0,-0.08,0
9144070697,-0.15899694,0.08665074,-0.0006892532,0.0,0.0,-0.08,0
9144080181,-0.1861271,0.07652138,-0.00071235,0.0,0.0,-0.08,0
9144089950,-0.21419494,0.06594728,-0.00070631504,0.0,0.0,-0.08,0
9144101363,-0.2397767,0.055916816,-0.00067062676,0.0,0.0,-0.08,0
9144109837,-0.24981508,0.05168122,-0.0006456673,0.0,0.0,-0.08,0
9144120380,-0.25388145,0.04970534,-0.0006310642,0.0,0.0,-0.08,0
9144129763,-0.2526452,0.049554102,-0.0006259978,0.0,0.0,-0.08,0
9144140390,-0.24220191,0.052298795,-0.00063352287,0.0,0.0,-0.08,0
9144149856,-0.22226743,0.058799,-0.00065356493,0.0,0.0,-0.08,0
9144160225,-0.19241838,0.069094636,-0.0006649643,0.0,0.0,-0.08,0
9144170770,-0.15861465,0.081057236,-0.0006432831,0.0,0.0,-0.08,0
9144180149,-0.12644644,0.09281709,-0.00058710575,0.0,0.0,-0.08,0
9144189719,-0.092741095,0.105955124,-0.0004915893,0.0,0.0,-0.08,0
9144200095,-0.05826393,0.12041532,-0.00035107136,0.0,0.0,-0.08,0
9144211560,-0.028265402,0.13457906,-0.00019043684,0.0,0.0,-0.08,0
9144220031,-0.013802107,0.14162324,-9.775162e-05,0.0,0.0,-0.08,0
9144230485,-0.0054326,0.14553854,-3.963709e-05,0.0,0.0,-0.08,0
9144240921,-0.008052019,0.1451113,-5.8561563e-05,0.0,0.0,-0.08,0
9144250437,-0.021462282,0.14056663,-0.00015124679,0.0,0.0,-0.08,0
9144259800,-0.043809842,0.13253652,-0.00029072165,0.0,0.0,-0.08,0
9144270554,-0.07637767,0.12053288,-0.00046089292,0.0,0.0,-0.08,0
9144281437,-0.11316346,0.10658801,-0.00060372055,0.0,0.0,-0.08,0
9144289881,-0.13870291,0.09658332,-0.0006701797,0.0,0.0,-0.08,0
9144300285,-0.15692678,0.08912498,-0.00069975853,0.0,0.0,-0.08,0
9144310883,-0.16174424,0.08682218,-0.00070244074,0.0,0.0,-0.08,0
9144320334,-0.1601192,0.08713804,-0.0006979704,0.0,0.0,-0.08,0
9144329751,-0.15166542,0.08962366,-0.000680089,0.0,0.0,-0.08,0
9144340235,-0.13358831,0.09561902,-0.0006390363,0.0,0.0,-0.08,0
9144351751,-0.10847706,0.104517825,-0.0005672127,0.0,0.0,-0.08,0
9144360301,-0.08714787,0.112302125,-0.00048980117,0.0,0.0,-0.08,0
9144370767,-0.058359057,0.12303466,-0.000359267,0.0,0.0,-0.08,0
9144380156,-0.030834451,0.13403498,-0.00020682812,0.0,0.0,-0.08,0
9144390738,2.0479783e-05,0.14752413,2.9802322e-07,0.0,0.0,-0.08,0
9144400145,0.02120521,0.15725556,0.00016704202,0.0,0.0,-0.08,0
9144410727,0.032814734,0.16270448,0.00026732683,0.0,0.0,-0.08,0
9144420125,0.031700514,0.16254777,0.00025823712,0.0,0.0,-0.08,0
9144430396,0.019857744,0.15872191,0.00015795231,0.0,0.0,-0.08,0
9144441084,0.00023342669,0.15205163,1.7136335e-06,0.0,0.0,-0.08,0
9144450237,-0.02023438,0.14468758,-0.00014647841,0.0,0.0,-0.08,0
9144461272,-0.04571963,0.13500491,-0.0003091246,0.0,0.0,-0.08,0
9144470704,-0.064398006,0.12765375,-0.00041149557,0.0,0.0,-0.08,0
9144480538,-0.075207494,0.123153165,-0.00046350062,0.0,0.0,-0.08,0
9144490927,-0.075207055,0.12261608,-0.00046156347,0.0,0.0,-0.08,0
9144500406,-0.0692623,0.12451065,-0.00043161213,0.0,0.0,-0.08,0
9144510114,-0.059632502,0.12805082,-0.0003824383,0.0,0.0,-0.08,0
9144520746,-0.039935164,0.13509952,-0.00027015805,0.0,0.0,-0.08,0
9144532150,-0.011152066,0.14543512,-8.113682e-05,0.0,0.0,-0.08,0
9144541087,0.011723489,0.15372452,9.030104e-05,0.0,0.0,-0.08,0
9144550785,0.036288567,0.16268492,0.00029549003,0.0,0.0,-0.08,0
9144561193,0.062240064,0.17258172,0.00053808093,0.0,0.0,-0.08,0
9144570788,0.08352953,0.18164933,0.00076025724,0.0,0.0,-0.08,0
9144580351,0.09852559,0.18872659,0.0009319186,0.0,0.0,-0.08,0
9144590818,0.10577504,0.1924646,0.0010205805,0.0,0.0,-0.08,0
9144602406,0.105188034,0.1924556,0.0010147691,0.0,0.0,-0.08,0
9144610955,0.09703464,0.1895399,0.0009217113,0.0,0.0,-0.08,0
9144620411,0.080244556,0.1832299,0.0007367879,0.0,0.0,-0.08,0
9144630808,0.057264008,0.17414708,0.00049971044,0.0,0.0,-0.08,0
9144641315,0.02931689,0.16301331,0.00023938715,0.0,0.0,-0.08,0
9144650730,0.00068167225,0.15145233,5.1409006e-06,0.0,0.0,-0.08,0
9144661204,-0.030805398,0.1385943,-0.00021375716,0.0,0.0,-0.08,0
9144672765,-0.05801402,0.12724234,-0.0003695488,0.0,0.0,-0.08,0
9144681019,-0.06712156,0.12325136,-0.00041410327,0.0,0.0,-0.08,0
9144690730,-0.0671506,0.12291664,-0.0004132092,0.0,0.0,-0.08,0
9144701282,-0.06258045,0.12431411,-0.00038929284,0.0,0.0,-0.08,0
9144711786,-0.055866458,0.12671487,-0.00035442412,0.0,0.0,-0.08,0
9144721094,-0.043167416,0.13118505,-0.0002834946,0.0,0.0,-0.08,0
9144730493,-0.022226326,0.13710837,-0.0001526624,0.0,0.0,-0.08,0
9144741020,0.0034823827,0.1418377,2.451241e-05,0.0,0.0,-0.08,0
9144750480,0.021635098,0.14390461,0.00015586615,0.0,0.0,-0.08,0
9144760907,0.030155461,0.147239,0.00022225082,0.0,0.0,-0.08,0
9144771372,0.02444909,0.15336548,0.00018768013,0.0,0.0,-0.08,0
9144782108,0.013609696,0.15598974,0.000106319785,0.0,0.0,-0.08,0
9144790494,0.0062747113,0.15329821,4.8205256e-05,0.0,0.0,-0.08,0
9144800939,-0.009320956,0.14749555,-6.891787e-05,0.0,0.0,-0.08,0
9144811403,-0.032279342,0.13920261,-0.00022485852,0.0,0.0,-0.08,0
9144820895,-0.058474697,0.1296441,-0.00037938356,0.0,0.0,-0.08,0
9144831319,-0.08918902,0.118221045,-0.0005277246,0.0,0.0,-0.08,0
9144841755,-0.11746092,0.107426524,-0.0006315112,0.0,0.0,-0.08,0
9144852212,-0.14354266,0.09736213,-0.0006994605,0.0,0.0,-0.08,0
9144860651,-0.15972418,0.0911513,-0.00072829425,0.0,0.0,-0.08,0
9144871181,-0.16824394,0.08782717,-0.0007391721,0.0,0.0,-0.08,0
9144881669,-0.16728981,0.08806411,-0.0007369369,0.0,0.0,-0.08,0
9144892145,-0.16179883,0.090150364,-0.00072963536,0.0,0.0,-0.08,0
9144901463,-0.1528165,0.093619525,-0.0007157028,0.0,0.0,-0.08,0
9144910906,-0.13798645,0.099300586,-0.0006856024,0.0,0.0,-0.08,0
9144922410,-0.11265985,0.109083846,-0.0006149709,0.0,0.0,-0.08,0
9144930777,-0.09095508,0.117632605,-0.0005354732,0.0,0.0,-0.08,0
9144941302,-0.066574894,0.12743972,-0.0004246831,0.0,0.0,-0.08,0
9144951870,-0.05112245,0.13377063,-0.00034227967,0.0,0.0,-0.08,0
9144961306,-0.046580378,0.13562986,-0.00031635165,0.0,0.0,-0.08,0
9144970747,-0.04890815,0.13473909,-0.0003298372,0.0,0.0,-0.08,0
9144981270,-0.056507885,0.13186392,-0.00037305057,0.0,0.0,-0.08,0
9144991854,-0.06924496,0.12703674,-0.00044047832,0.0,0.0,-0.08,0
9145001234,-0.0852675,0.12082979,-0.0005156547,0.0,0.0,-0.08,0
9145011702,-0.10793483,0.111945085,-0.0006046891,0.0,0.0,-0.08,0
9145022056,-0.13437463,0.10156097,-0.0006829202,0.0,0.0,-0.08,0
9145032601,-0.16577236,0.08919475,-0.00073969364,0.0,0.0,-0.08,0
9145041028,-0.19544837,0.07739843,-0.00075668097,0.0,0.0,-0.08,0
9145051470,-0.23422809,0.06180442,-0.0007238984,0.0,0.0,-0.08,0
9145061908,-0.26439643,0.049638458,-0.00065624714,0.0,0.0,-0.08,0
9145071317,-0.27594897,0.044973373,-0.00062063336,0.0,0.0,-0.08,0
9145081112,-0.27537212,0.04481768,-0.0006170571,0.0,0.0,-0.08,0
9145091564,-0.26612353,0.047325913,-0.0006297231,0.0,0.0,-0.08,0
9145102905,-0.24999073,0.05203412,-0.0006505102,0.0,0.0,-0.08,0
9145111329,-0.23734494,0.05583299,-0.00066272914,0.0,0.0,-0.08,0
9145121908,-0.22263211,0.06003156,-0.0006683916,0.0,0.0,-0.08,0
9145131256,-0.21368487,0.06213362,-0.00066407025,0.0,0.0,-0.08,0
9145141822,-0.21216688,0.06185121,-0.00065639615,0.0,0.0,-0.08,0
9145151142,-0.21693844,0.060023297,-0.00065103173,0.0,0.0,-0.08,0
9145161623,-0.22570291,0.05710133,-0.0006444752,0.0,0.0,-0.08,0
9145173101,-0.23736161,0.053479563,-0.00063464046,0.0,0.0,-0.08,0
9145181641,-0.2466586,0.050521113,-0.00062301755,0.0,0.0,-0.08,0
9145192068,-0.26029605,0.04601991,-0.00059887767,0.0,0.0,-0.08,0
9145201581,-0.27663076,0.04052268,-0.0005604327,0.0,0.0,-0.08,0
9145212066,-0.30013528,0.032216065,-0.00048339367,0.0,0.0,-0.08,0
9145221428,-0.3197032,0.023969838,-0.00038310885,0.0,0.0,-0.08,0
9145231857,-0.3313387,0.017903246,-0.00029668212,0.0,0.0,-0.08,0
9145243341,-0.33391678,0.015899412,-0.0002655387,0.0,0.0,-0.08,0
9145251724,-0.33505392,0.015328469,-0.000256747,0.0,0.0,-0.08,0
9145262168,-0.33634123,0.014719516,-0.0002475828,0.0,0.0,-0.08,0
9145272595,-0.33692563,0.014490552,-0.00024408102,0.0,0.0,-0.08,0
9145282399,-0.3360763,0.014923889,-0.00025086105,0.0,0.0,-0.08,0
9145291867,-0.33305377,0.016697502,-0.00027805567,0.0,0.0,-0.08,0
9145301229,-0.32919943,0.019139774,-0.00031501055,0.0,0.0,-0.08,0
9145311680,-0.32582724,0.020590968,-0.00033557415,0.0,0.0,-0.08,0
9145321133,-0.31885916,0.022727536,-0.00036232173,0.0,0.0,-0.08,0
9145331567,-0.30193257,0.02907103,-0.0004389137,0.0,0.0,-0.08,0
9145342031,-0.27842763,0.038507313,-0.0005361438,0.0,0.0,-0.08,0
9145353417,-0.25070807,0.049763482,-0.0006239116,0.0,0.0,-0.08,0
9145361860,-0.2305862,0.0580659,-0.0006695092,0.0,0.0,-0.08,0
9145371385,-0.20932573,0.066981845,-0.00070132315,0.0,0.0,-0.08,0
9145381883,-0.18812574,0.07594411,-0.0007147342,0.0,0.0,-0.08,0
9145392374,-0.17123747,0.08322287,-0.00071287155,0.0,0.0,-0.08,0
9145401710,-0.16293257,0.08695515,-0.0007086992,0.0,0.0,-0.08,0
9145412646,-0.16047695,0.08807632,-0.0007072091,0.0,0.0,-0.08,0
9145423157,-0.16317151,0.087041624,-0.00071041286,0.0,0.0,-0.08,0
9145431485,-0.16731834,0.08558629,-0.0007163733,0.0,0.0,-0.08,0
9145442022,-0.1709218,0.0841913,-0.0007199496,0.0,0.0,-0.08,0
9145452978,-0.17298874,0.083386205,-0.0007215142,0.0,0.0,-0.08,0
9145461925,-0.17411618,0.08298986,-0.00072300434,0.0,0.0,-0.08,0
9145472415,-0.17499702,0.08268453,-0.0007237494,0.0,0.0,-0.08,0
9145481825,-0.17649445,0.08208436,-0.000724718,0.0,0.0,-0.08,0
9145493301,-0.18036427,0.080432996,-0.00072553754,0.0,0.0,-0.08,0
9145501687,-0.18600257,0.077879876,-0.00072456896,0.0,0.0,-0.08,0
9145512525,-0.2011958,0.0711742,-0.0007162243,0.0,0.0,-0.08,0
9145522058,-0.22196384,0.06227821,-0.0006913394,0.0,0.0,-0.08,0
9145532811,-0.24780743,0.051302537,-0.00063575804,0.0,0.0,-0.08,0
9145542420,-0.267895,0.042929992,-0.0005751103,0.0,0.0,-0.08,0
9145551675,-0.28109312,0.037616193,-0.0005287677,0.0,0.0,-0.08,0
9145562214,-0.28565633,0.035811476,-0.00051148236,0.0,0.0,-0.08,0
9145571582,-0.2794571,0.03821766,-0.0005338341,0.0,0.0,-0.08,0
9145582091,-0.26756978,0.042934563,-0.00057443976,0.0,0.0,-0.08,0
9145592490,-0.25582075,0.047726206,-0.00061042607,0.0,0.0,-0.08,0
9145602962,-0.24020955,0.05388954,-0.00064730644,0.0,0.0,-0.08,0
9145612370,-0.21486703,0.06398618,-0.0006875396,0.0,0.0,-0.08,0
9145621918,-0.1745387,0.08027666,-0.0007009506,0.0,0.0,-0.08,0
9145632281,-0.12334125,0.10091831,-0.00062279403,0.0,0.0,-0.08,0
9145641883,-0.083620414,0.11714471,-0.0004903227,0.0,0.0,-0.08,0
9145652266,-0.05610559,0.12874447,-0.00036150217,0.0,0.0,-0.08,0
9145663421,-0.034803346,0.13784593,-0.00024020672,0.0,0.0,-0.08,0
9145672976,-0.019993536,0.144073,-0.00014431775,0.0,0.0,-0.08,0
9145682281,-0.013738684,0.14663823,-0.00010088086,0.0,0.0,-0.08,0
9145692807,-0.015120679,0.1464189,-0.00011079013,0.0,0.0,-0.08,0
9145702178,-0.017842278,0.1457032,-0.00013016164,0.0,0.0,-0.08,0
9145712847,-0.022798698,0.14380497,-0.0001642108,0.0,0.0,-0.08,0
9145722266,-0.033432066,0.13927908,-0.00023327768,0.0,0.0,-0.08,0
9145732650,-0.06086863,0.12736176,-0.00038802624,0.0,0.0,-0.08,0
9145743563,-0.112677775,0.10561048,-0.0005953759,0.0,0.0,-0.08,0
9145751976,-0.16276903,0.08491464,-0.0006914884,0.0,0.0,-0.08,0
9145762478,-0.2243528,0.05903876,-0.0006624311,0.0,0.0,-0.08,0
9145772853,-0.2733047,0.03853854,-0.00052660704,0.0,0.0,-0.08,0
9145783278,-0.30495507,0.025755586,-0.0003926456,0.0,0.0,-0.08,0
9145793048,-0.31821325,0.020428669,-0.00032514334,0.0,0.0,-0.08,0
9145802424,-0.3160169,0.020469397,-0.0003234297,0.0,0.0,-0.08,0
9145814025,-0.2945987,0.020090247,-0.00029601157,0.0,0.0,-0.08,0
9145822458,-0.264899,0.011620382,-0.00015385449,0.0,0.0,-0.08,0
9145832877,-0.21225499,-0.013482421,0.00014312565,0.0,0.0,-0.08,0
9145843317,-0.14666793,-0.05097077,0.00037379563,0.0,0.0,-0.08,0
9145853809,-0.07564344,-0.09084289,0.0003437698,0.0,0.0,-0.08,0
9145864239,-0.01980463,-0.1178869,0.000116825104,0.0,0.0,-0.08,0
9145872762,0.0031545898,-0.12846205,-2.0116568e-05,0.0,0.0,-0.08,0
9145883062,0.005488009,-0.13187638,-3.620982e-05,0.0,0.0,-0.08,0
9145892552,-0.014582365,-0.12598301,9.186566e-05,0.0,0.0,-0.08,0
9145903053,-0.06056409,-0.10875538,0.0003297627,0.0,0.0,-0.08,0
9145913384,-0.122384995,-0.080380775,0.00049218535,0.0,0.0,-0.08,0
9145923873,-0.19791274,-0.045595482,0.00045128167,0.0,0.0,-0.08,0
9145932316,-0.26517534,-0.017717354,0.0002349168,0.0,0.0,-0.08,0
9145942792,-0.32228348,0.0025232993,-4.0754676e-05,0.0,0.0,-0.08,0
9145952776,-0.33519152,0.0045463257,-7.621944e-05,0.0,0.0,-0.08,0
9145963309,-0.3321514,0.0037590228,-6.251037e-05,0.0,0.0,-0.08,0
9145972879,-0.3295874,0.00444277,-7.323921e-05,0.0,0.0,-0.08,0
9145983251,-0.3257503,0.0057781413,-9.395182e-05,0.0,0.0,-0.08,0
9145994715,-0.31517708,0.0064687952,-0.00010199845,0.0,0.0,-0.08,0
9146002682,-0.2932585,0.0045657307,-6.698072e-05,0.0,0.0,-0.08,0
9146012798,-0.24843678,-0.0027861968,3.4570694e-05,0.0,0.0,-0.08,0
9146023687,-0.19592255,-0.016839327,0.00016495585,0.0,0.0,-0.08,0
9146033235,-0.14716609,-0.03197063,0.00023521483,0.0,0.0,-0.08,0
9146042764,-0.093842685,-0.04472707,0.00020988286,0.0,0.0,-0.08,0
9146053062,-0.040486436,-0.057381745,0.000116080046,0.0,0.0,-0.08,0
9146064778,-0.0018356601,-0.07436654,6.854534e-06,0.0,0.0,-0.08,0
9146073152,0.007610237,-0.0832475,-3.181398e-05,0.0,0.0,-0.08,0
9146082672,0.00065815635,-0.083797656,-2.7567148e-06,0.0,0.0,-0.08,0
9146093129,-0.020940686,-0.072874635,7.6293945e-05,0.0,0.0,-0.08,0
9146102599,-0.04842952,-0.0569809,0.00013791025,0.0,0.0,-0.08,0
9146113050,-0.08416198,-0.038026415,0.00016011298,0.0,0.0,-0.08,0
9146123441,-0.12208016,-0.02105964,0.00012844801,0.0,0.0,-0.08,0
9146132915,-0.15764862,-0.008359846,6.586313e-05,0.0,0.0,-0.08,0
9146142567,-0.19475198,0.0023171883,-2.2649765e-05,0.0,0.0,-0.08,0
9146152972,-0.23376021,0.012698663,-0.00014841557,0.0,0.0,-0.08,0
9146163683,-0.267041,0.023083517,-0.00030830503,0.0,0.0,-0.08,0
9146173972,-0.2832871,0.02631594,-0.00037275255,0.0,0.0,-0.08,0
9146183338,-0.28600258,0.02479709,-0.00035464764,0.0,0.0,-0.08,0
9146192813,-0.28463736,0.025437688,-0.0003618747,0.0,0.0,-0.08,0
9146203293,-0.27951986,0.027397446,-0.00038288534,0.0,0.0,-0.08,0
9146212766,-0.27223822,0.030096926,-0.00040955842,0.0,0.0,-0.08,0
9146223344,-0.26012722,0.034182973,-0.00044457614,0.0,0.0,-0.08,0
9146233755,-0.24615565,0.03893572,-0.00047922134,0.0,0.0,-0.08,0
9146244291,-0.23537216,0.042936094,-0.0005052984,0.0,0.0,-0.08,0
9146252644,-0.23334917,0.043996457,-0.0005134195,0.0,0.0,-0.08,0
9146263189,-0.2411166,0.041677594,-0.00050261617,0.0,0.0,-0.08,0
9146273576,-0.2573933,0.03586226,-0.00046163797,0.0,0.0,-0.08,0
9146282997,-0.27704704,0.028564587,-0.00039584935,0.0,0.0,-0.08,0
9146293535,-0.30113673,0.019929249,-0.0003001094,0.0,0.0,-0.08,0
9146303942,-0.31907603,0.013252029,-0.00021144748,0.0,0.0,-0.08,0
9146314784,-0.32664704,0.009381287,-0.00015333295,0.0,0.0,-0.08,0
9146323262,-0.32902583,0.007754283,-0.00012770295,0.0,0.0,-0.08,0
9146333677,-0.33167094,0.0065089725,-0.00010795891,0.0,0.0,-0.08,0
9146344143,-0.3342278,0.0054497886,-9.1046095e-05,0.0,0.0,-0.08,0
9146353616,-0.336377,0.004533494,-7.6293945e-05,0.0,0.0,-0.08,0
9146363063,-0.33758736,0.003930088,-6.631017e-05,0.0,0.0,-0.08,0
9146373588,-0.3383475,0.0035559274,-6.0126185e-05,0.0,0.0,-0.08,0
9146385053,-0.3387506,0.0033263061,-5.6400895e-05,0.0,0.0,-0.08,0
9146393638,-0.33453488,0.005178135,-8.665025e-05,0.0,0.0,-0.08,0
9146403243,-0.32520765,0.01139823,-0.00018529594,0.0,0.0,-0.08,0
9146413694,-0.3134039,0.019886501,-0.0003117323,0.0,0.0,-0.08,0
9146424212,-0.2976272,0.027816707,-0.00041402876,0.0,0.0,-0.08,0
9146433622,-0.28171632,0.03478956,-0.0004900992,0.0,0.0,-0.08,0
9146444120,-0.26462615,0.04201953,-0.0005558878,0.0,0.0,-0.08,0
9146453395,-0.25117803,0.047415763,-0.0005955994,0.0,0.0,-0.08,0
9146462912,-0.24031176,0.0517079,-0.0006213784,0.0,0.0,-0.08,0
9146473740,-0.23473042,0.053717226,-0.00063061714,0.0,0.0,-0.08,0
9146484129,-0.2365537,0.053090326,-0.00062800944,0.0,0.0,-0.08,0
9146494564,-0.24231213,0.051100142,-0.00061921775,0.0,0.0,-0.08,0
9146503975,-0.25210038,0.047035776,-0.0005929172,0.0,0.0,-0.08,0
9146513688,-0.27462748,0.03756104,-0.0005158037,0.0,0.0,-0.08,0
9146524315,-0.3082574,0.02258273,-0.00034816563,0.0,0.0,-0.08,0
9146533962,-0.3242898,0.014812157,-0.00024020672,0.0,0.0,-0.08,0
9146543398,-0.32533717,0.01400033,-0.00022768974,0.0,0.0,-0.08,0
9146553732,-0.3265522,0.013350716,-0.0002180785,0.0,0.0,-0.08,0
9146565358,-0.3284909,0.012248995,-0.00020116568,0.0,0.0,-0.08,0
9146573810,-0.3294208,0.011779504,-0.00019393861,0.0,0.0,-0.08,0
9146583222,-0.3287325,0.01211736,-0.00019922853,0.0,0.0,-0.08,0
9146593690,-0.32543722,0.013361087,-0.00021748245,0.0,0.0,-0.08,0
9146604166,-0.32215607,0.014558325,-0.00023461878,0.0,0.0,-0.08,0
9146613648,-0.31941557,0.01573603,-0.00025123358,0.0,0.0,-0.08,0
9146624087,-0.3154218,0.01758982,-0.00027738512,0.0,0.0,-0.08,0
9146635498,-0.3073349,0.021279301,-0.0003270805,0.0,0.0,-0.08,0
9146644154,-0.29627877,0.025638264,-0.0003798306,0.0,0.0,-0.08,0
9146653497,-0.2815577,0.03128605,-0.00044047832,0.0,0.0,-0.08,0
9146663958,-0.263565,0.03849452,-0.00050738454,0.0,0.0,-0.08,0
9146674524,-0.24342683,0.0468759,-0.0005707145,0.0,0.0,-0.08,0
9146684281,-0.2249004,0.054585375,-0.00061385334,0.0,0.0,-0.08,0
9146693919,-0.2136291,0.059220262,-0.0006326288,0.0,0.0,-0.08,0
9146704458,-0.21379933,0.05931561,-0.0006341934,0.0,0.0,-0.08,0
9146713879,-0.22428179,0.055218432,-0.00061921775,0.0,0.0,-0.08,0
9146724361,-0.24861349,0.044455282,-0.00055268407,0.0,0.0,-0.08,0
9146733964,-0.28621265,0.028061269,-0.0004016608,0.0,0.0,-0.08,0
9146745439,-0.32307947,0.011789575,-0.00019043684,0.0,0.0,-0.08,0
9146753919,-0.3309124,0.0079845395,-0.0001321733,0.0,0.0,-0.08,0
9146764350,-0.33110315,0.008000407,-0.00013247132,0.0,0.0,-0.08,0
9146774779,-0.32979923,0.00856491,-0.00014126301,0.0,0.0,-0.08,0
9146784330,-0.3295577,0.008619346,-0.00014208257,0.0,0.0,-0.08,0
9146793712,-0.32963008,0.0084195305,-0.00013887882,0.0,0.0,-0.08,0
9146804204,-0.32938015,0.008326916,-0.00013709068,0.0,0.0,-0.08,0
9146815800,-0.32857075,0.008237921,-0.00013530254,0.0,0.0,-0.08,0
9146824237,-0.32755643,0.008073306,-0.0001321733,0.0,0.0,-0.08,0
9146833740,-0.3245839,0.0088522285,-0.0001437217,0.0,0.0,-0.08,0
9146844239,-0.31728718,0.011431862,-0.00018127263,0.0,0.0,-0.08,0
9146854694,-0.3003925,0.017529627,-0.00026337802,0.0,0.0,-0.08,0
9146864130,-0.27201194,0.028897213,-0.00039309263,0.0,0.0,-0.08,0
9146874591,-0.23612095,0.044536486,-0.0005257875,0.0,0.0,-0.08,0
9146886065,-0.2107262,0.05784477,-0.000609681,0.0,0.0,-0.08,0
9146893567,-0.20114774,0.06286933,-0.0006324798,0.0,0.0,-0.08,0
9146904174,-0.18785322,0.06903654,-0.00064864755,0.0,0.0,-0.08,0
9146914487,-0.17644137,0.07458209,-0.0006582588,0.0,0.0,-0.08,0
9146924970,-0.17172131,0.076770715,-0.0006593764,0.0,0.0,-0.08,0
9146934427,-0.17611377,0.0747968,-0.00065885484,0.0,0.0,-0.08,0
9146944953,-0.18960091,0.06918925,-0.0006560236,0.0,0.0,-0.08,0
9146955758,-0.21111557,0.060216777,-0.00063583255,0.0,0.0,-0.08,0
9146964186,-0.23501731,0.05032661,-0.0005914271,0.0,0.0,-0.08,0
9146974711,-0.27245054,0.03540723,-0.0004823506,0.0,0.0,-0.08,0
9146984346,-0.302972,0.023388466,-0.0003542751,0.0,0.0,-0.08,0
9146994803,-0.31673852,0.01737276,-0.00027514994,0.0,0.0,-0.08,0
9147004316,-0.3169069,0.017005907,-0.000269413,0.0,0.0,-0.08,0
9147014811,-0.3152809,0.018075489,-0.0002849847,0.0,0.0,-0.08,0
9147025310,-0.3127703,0.019790055,-0.00030949712,0.0,0.0,-0.08,0
9147033802,-0.30964947,0.021453345,-0.00033207238,0.0,0.0,-0.08,0
9147044576,-0.29744062,0.026348092,-0.00039182603,0.0,0.0,-0.08,0
9147054921,-0.27704543,0.034188163,-0.0004735589,0.0,0.0,-0.08,0
9147065716,-0.25738856,0.041836984,-0.00053852797,0.0,0.0,-0.08,0
9147074084,-0.2467859,0.046060853,-0.0005684793,0.0,0.0,-0.08,0
9147084529,-0.2363152,0.050278313,-0.0005941838,0.0,0.0,-0.08,0
9147094915,-0.2263438,0.054326482,-0.0006148964,0.0,0.0,-0.08,0
9147104419,-0.21732567,0.057941463,-0.0006297231,0.0,0.0,-0.08,0
9147115197,-0.20842004,0.06137882,-0.00063970685,0.0,0.0,-0.08,0
9147124612,-0.20341517,0.0621146,-0.00063188374,0.0,0.0,-0.08,0
9147136101,-0.19965796,0.056994773,-0.00056900084,0.0,0.0,-0.08,0
9147144569,-0.19563556,0.047904324,-0.00046864152,0.0,0.0,-0.08,0
9147154597,-0.19082296,0.031488493,-0.00030055642,0.0,0.0,-0.08,0
9147165172,-0.19251825,0.010200051,-9.812415e-05,0.0,0.0,-0.08,0
9147174665,-0.20767945,-0.0071588987,7.428229e-05,0.0,0.0,-0.08,0
9147185168,-0.24258232,-0.010328805,0.00012524426,0.0,0.0,-0.08,0
9147194497,-0.2873207,0.006357128,-9.134412e-05,0.0,0.0,-0.08,0
9147206055,-0.32627708,0.021371733,-0.00034868717,0.0,0.0,-0.08,0
9147214781,-0.33319694,0.019675452,-0.00032775104,0.0,0.0,-0.08,0
9147224198,-0.33557826,0.017741997,-0.0002976507,0.0,0.0,-0.08,0
9147234799,-0.33734423,0.01699586,-0.00028669834,0.0,0.0,-0.08,0
9147245210,-0.33913285,0.016422287,-0.0002785027,0.0,0.0,-0.08,0
9147254693,-0.3419182,0.015403012,-0.00026337802,0.0,0.0,-0.08,0
9147265104,-0.34657192,0.013613606,-0.00023595989,0.0,0.0,-0.08,0
9147275509,-0.3515706,0.011698345,-0.00020563602,0.0,0.0,-0.08,0
9147284929,-0.3561893,0.009830052,-0.00017501414,0.0,0.0,-0.08,0
9147294382,-0.35961092,0.008399975,-0.00015102327,0.0,0.0,-0.08,0
9147304839,-0.35967773,0.008309852,-0.00014960766,0.0,0.0,-0.08,0
9147316902,-0.35930902,0.008471912,-0.00015221536,0.0,0.0,-0.08,0
9147324138,-0.3614861,0.007674312,-0.0001386553,0.0,0.0,-0.08,0
9147334623,-0.36854643,0.0045270845,-8.3372e-05,0.0,0.0,-0.08,0
9147345096,-0.37902173,-0.00023672357,4.544854e-06,0.0,0.0,-0.08,0
9147354605,-0.3840092,-0.0029207915,5.6028366e-05,0.0,0.0,-0.08,0
9147365072,-0.37952054,-0.0021127518,4.0084124e-05,0.0,0.0,-0.08,0
9147375460,-0.3727914,-0.00017764792,3.2782555e-06,0.0,0.0,-0.08,0
9147385939,-0.36603856,0.0021283515,-3.8966537e-05,0.0,0.0,-0.08,0
9147394395,-0.3577632,0.005279215,-9.447336e-05,0.0,0.0,-0.08,0
9147404993,-0.34734744,0.009332612,-0.00016205013,0.0,0.0,-0.08,0
9147415546,-0.3427637,0.01122953,-0.00019237399,0.0,0.0,-0.08,0
9147425002,-0.34263724,0.011505075,-0.00019714236,0.0,0.0,-0.08,0
9147435521,-0.342651,0.011811614,-0.00020235777,0.0,0.0,-0.08,0
9147445664,-0.34265637,0.012112182,-0.00020749867,0.0,0.0,-0.08,0
9147457103,-0.34372005,0.012114327,-0.00020824373,0.0,0.0,-0.08,0
9147464481,-0.34214294,0.013398677,-0.00022910535,0.0,0.0,-0.08,0
9147474972,-0.33206537,0.018652027,-0.00030972064,0.0,0.0,-0.08,0
9147485559,-0.3259465,0.022544945,-0.00036738813,0.0,0.0,-0.08,0
9147495894,-0.32686335,0.022620957,-0.0003696978,0.0,0.0,-0.08,0
9147505583,-0.32711637,0.022571184,-0.00036917627,0.0,0.0,-0.08,0
9147515155,-0.32988667,0.024086367,-0.00039733946,0.0,0.0,-0.08,0
9147526850,-0.33835894,0.028092394,-0.00047519803,0.0,0.0,-0.08,0
9147535609,-0.34764376,0.032422267,-0.0005635619,0.0,0.0,-0.08,0
9147545322,-0.35611713,0.037998453,-0.0006765127,0.0,0.0,-0.08,0
9147555961,-0.35270438,0.045111917,-0.000795573,0.0,0.0,-0.08,0
9147566584,-0.3348064,0.053282063,-0.000892058,0.0,0.0,-0.08,0
9147575167,-0.31907982,0.05848933,-0.0009332597,0.0,0.0,-0.08,0
9147585668,-0.30021194,0.06027644,-0.0009049475,0.0,0.0,-0.08,0
9147596129,-0.269256,0.056416247,-0.0007596612,0.0,0.0,-0.08,0
9147605477,-0.2503131,0.051216617,-0.00064119697,0.0,0.0,-0.08,0
9147614930,-0.25606883,0.04716365,-0.00060394406,0.0,0.0,-0.08,0
9147625401,-0.27120164,0.04157347,-0.0005637109,0.0,0.0,-0.08,0
9147636878,-0.28944463,0.03414402,-0.000494197,0.0,0.0,-0.08,0
9147645427,-0.30462113,0.027910326,-0.00042513013,0.0,0.0,-0.08,0
9147656141,-0.32229957,0.019228837,-0.00030979514,0.0,0.0,-0.08,0
9147665464,-0.33002472,0.01449747,-0.00023923814,0.0,0.0,-0.08,0
9147674958,-0.3299384,0.014033236,-0.00023156404,0.0,0.0,-0.08,0
9147685383,-0.32358354,0.014294168,-0.00023119152,0.0,0.0,-0.08,0
9147695771,-0.30566013,0.008998178,-0.00013753772,0.0,0.0,-0.08,0
9147707274,-0.27162224,-0.0045311963,6.1541796e-05,0.0,0.0,-0.08,0
9147715669,-0.2377409,-0.01655334,0.00019676983,0.0,0.0,-0.08,0
9147725119,-0.1931256,-0.031422067,0.00030331314,0.0,0.0,-0.08,0
9147735847,-0.1454846,-0.04810464,0.00034987926,0.0,0.0,-0.08,0
9147745452,-0.115386285,-0.056835108,0.00032790005,0.0,0.0,-0.08,0
9147755959,-0.10005973,-0.05380742,0.00026918948,0.0,0.0,-0.08,0
9147766281,-0.10225041,-0.036880206,0.0001885742,0.0,0.0,-0.08,0
9147776836,-0.11968288,-0.006253229,3.747642e-05,0.0,0.0,-0.08,0
9147785159,-0.14524074,0.02672559,-0.00019408762,0.0,0.0,-0.08,0
9147795605,-0.1815568,0.05869038,-0.0005328655,0.0,0.0,-0.08,0
9147806058,-0.20610718,0.063885376,-0.0006585568,0.0,0.0,-0.08,0
9147816677,-0.22612205,0.054928765,-0.0006210804,0.0,0.0,-0.08,0
9147826057,-0.2507524,0.045029588,-0.000564605,0.0,0.0,-0.08,0
9147835398,-0.2764395,0.03546074,-0.0004900992,0.0,0.0,-0.08,0
9147847029,-0.30140352,0.026322974,-0.0003966689,0.0,0.0,-0.08,0
9147855458,-0.31246576,0.021919036,-0.00034242868,0.0,0.0,-0.08,0
9147865893,-0.31791818,0.019228213,-0.0003055483,0.0,0.0,-0.08,0
9147876389,-0.31832305,0.019040154,-0.0003030151,0.0,0.0,-0.08,0
9147886882,-0.31585997,0.02078924,-0.00032827258,0.0,0.0,-0.08,0
9147896275,-0.30691302,0.024739094,-0.00037953258,0.0,0.0,-0.08,0
9147906197,-0.28777394,0.032044988,-0.00046111643,0.0,0.0,-0.08,0
9147916971,-0.2601434,0.042318106,-0.0005503744,0.0,0.0,-0.08,0
9147926890,-0.23379527,0.051587302,-0.0006031245,0.0,0.0,-0.08,0
9147935704,-0.21611339,0.055666074,-0.0006017089,0.0,0.0,-0.08,0
9147946209,-0.20624971,0.051335,-0.00052951276,0.0,0.0,-0.08,0
9147957695,-0.20260088,0.04026017,-0.0004079193,0.0,0.0,-0.08,0
9147966125,-0.20033585,0.031220596,-0.00031270087,0.0,0.0,-0.08,0
9147975572,-0.19458064,0.018942755,-0.00018432736,0.0,0.0,-0.08,0
9147986116,-0.18261708,0.00014843512,-1.4156103e-06,0.0,0.0,-0.08,0
9147995707,-0.1671979,-0.021275101,0.00017791986,0.0,0.0,-0.08,0
9148006173,-0.14804704,-0.045155454,0.00033430755,0.0,0.0,-0.08,0
9148016655,-0.13013162,-0.06404609,0.00041685998,0.0,0.0,-0.08,0
9148027165,-0.11687045,-0.073315784,0.0004285574,0.0,0.0,-0.08,0
9148035525,-0.111510314,-0.07414234,0.00041343272,0.0,0.0,-0.08,0
9148045728,-0.109136164,-0.07137726,0.00038966537,0.0,0.0,-0.08,0
9148056120,-0.110614136,-0.06398018,0.00035397708,0.0,0.0,-0.08,0
9148066623,-0.11789159,-0.049616493,0.0002925098,0.0,0.0,-0.08,0
9148076336,-0.13326892,-0.02747563,0.00018298626,0.0,0.0,-0.08,0
9148086732,-0.16059789,0.0071623335,-5.7518482e-05,0.0,0.0,-0.08,0
9148097223,-0.19646737,0.045533217,-0.00044733286,0.0,0.0,-0.08,0
9148105644,-0.21392606,0.0602478,-0.00064462423,0.0,0.0,-0.08,0
9148116282,-0.21463805,0.060257923,-0.0006467849,0.0,0.0,-0.08,0
9148126106,-0.20783754,0.062100112,-0.0006454438,0.0,0.0,-0.08,0
9148136571,-0.19073306,0.06826885,-0.00065125525,0.0,0.0,-0.08,0
9148146055,-0.16952291,0.076075666,-0.00064507127,0.0,0.0,-0.08,0
9148156648,-0.1470926,0.08466222,-0.00062294304,0.0,0.0,-0.08,0
9148166121,-0.13150847,0.09080521,-0.00059746206,0.0,0.0,-0.08,0
9148175571,-0.1202427,0.095123194,-0.0005722791,0.0,0.0,-0.08,0
9148186074,-0.11235744,0.09779792,-0.00054970384,0.0,0.0,-0.08,0
9148196471,-0.11361816,0.09642378,-0.0005480647,0.0,0.0,-0.08,0
9148206973,-0.13153388,0.08858651,-0.0005829334,0.0,0.0,-0.08,0
9148216601,-0.16031322,0.077002145,-0.0006174296,0.0,0.0,-0.08,0
9148225943,-0.18951587,0.06505574,-0.00061661005,0.0,0.0,-0.08,0
9148236406,-0.21595553,0.0538877,-0.00058196485,0.0,0.0,-0.08,0
9148246072,-0.23412836,0.046239026,-0.0005413592,0.0,0.0,-0.08,0
9148256579,-0.24756941,0.04060636,-0.0005026907,0.0,0.0,-0.08,0
9148267011,-0.2551395,0.037409633,-0.0004772097,0.0,0.0,-0.08,0
9148277533,-0.25638548,0.03615279,-0.0004634261,0.0,0.0,-0.08,0
9148285895,-0.2500427,0.034680653,-0.0004336238,0.0,0.0,-0.08,0
9148296403,-0.22977547,0.027853927,-0.00032000244,0.0,0.0,-0.08,0
9148307153,-0.19875795,0.014986756,-0.0001489371,0.0,0.0,-0.08,0
9148316629,-0.16912016,0.0007074475,-6.0349703e-06,0.0,0.0,-0.08,0
9148326100,-0.14509076,-0.011731033,8.523464e-05,0.0,0.0,-0.08,0
9148337356,-0.13003698,-0.017749727,0.00011540949,0.0,0.0,-0.08,0
9148347831,-0.1319347,-0.01174858,7.741153e-05,0.0,0.0,-0.08,0
9148356757,-0.15207374,0.005225284,-3.963709e-05,0.0,0.0,-0.08,0
9148366203,-0.1950131,0.033276394,-0.0003245473,0.0,0.0,-0.08,0
9148377131,-0.24049541,0.04877773,-0.0005865842,0.0,0.0,-0.08,0
9148387510,-0.26492465,0.04064494,-0.00053837895,0.0,0.0,-0.08,0
9148396888,-0.28617883,0.0311954,-0.00044636428,0.0,0.0,-0.08,0
9148406479,-0.308499,0.022447087,-0.00034622848,0.0,0.0,-0.08,0
9148418139,-0.32478568,0.014941746,-0.00024266541,0.0,0.0,-0.08,0
9148426487,-0.329543,0.01185821,-0.00019542873,0.0,0.0,-0.08,0
9148436928,-0.33416235,0.009756293,-0.0001630187,0.0,0.0,-0.08,0
9148447337,-0.3358281,0.009105781,-0.00015288591,0.0,0.0,-0.08,0
9148457857,-0.33390146,0.009859011,-0.00016465783,0.0,0.0,-0.08,0
9148466167,-0.33156276,0.0108172055,-0.00017926097,0.0,0.0,-0.08,0
9148476672,-0.32990426,0.011599213,-0.0001912564,0.0,0.0,-0.08,0
9148487065,-0.32935914,0.01192281,-0.0001963228,0.0,0.0,-0.08,0
9148496647,-0.32931122,0.012035182,-0.00019818544,0.0,0.0,-0.08,0
9148506620,-0.32941735,0.012077479,-0.000198856,0.0,0.0,-0.08,0
9148517160,-0.32916072,0.012231745,-0.00020124018,0.0,0.0,-0.08,0
9148528165,-0.3285156,0.012564251,-0.00020638108,0.0,0.0,-0.08,0
9148536916,-0.32798064,0.012889931,-0.00021129847,0.0,0.0,-0.08,0
9148547095,-0.3270122,0.013452623,-0.00021994114,0.0,0.0,-0.08,0
9148556830,-0.3256999,0.0142462365,-0.00023193657,0.0,0.0,-0.08,0
9148567309,-0.32394803,0.015576946,-0.00025220215,0.0,0.0,-0.08,0
9148576772,-0.32268876,0.016601257,-0.00026784837,0.0,0.0,-0.08,0
9148587299,-0.32250214,0.016822116,-0.00027135015,0.0,0.0,-0.08,0
9148598750,-0.3229726,0.016569328,-0.00026762486,0.0,0.0,-0.08,0
9148606153,-0.3236486,0.016041378,-0.00025957823,0.0,0.0,-0.08,0
9148616680,-0.32434478,0.015435347,-0.0002501905,0.0,0.0,-0.08,0
9148627094,-0.32422066,0.015442269,-0.0002503395,0.0,0.0,-0.08,0
9148637599,-0.32411593,0.015503202,-0.00025123358,0.0,0.0,-0.08,0
9148646956,-0.32410133,0.015523937,-0.0002516061,0.0,0.0,-0.08,0
9148657380,-0.32408682,0.015603235,-0.0002527982,0.0,0.0,-0.08,0
9148668340,-0.32414374,0.015660238,-0.00025372952,0.0,0.0,-0.08,0
9148676786,-0.3240418,0.015694577,-0.00025436282,0.0,0.0,-0.08,0
9148687277,-0.32396674,0.01575492,-0.00025510788,0.0,0.0,-0.08,0
9148697615,-0.32396293,0.015785627,-0.00025566667,0.0,0.0,-0.08,0
9148708097,-0.3239476,0.015798135,-0.0002558902,0.0,0.0,-0.08,0
9148717470,-0.3240106,0.015824787,-0.00025633723,0.0,0.0,-0.08,0
9148726964,-0.32400668,0.015869608,-0.00025708228,0.0,0.0,-0.08,0
9148737387,-0.32390344,0.015958037,-0.0002584234,0.0,0.0,-0.08,0
9148746596,-0.3238582,0.016043477,-0.0002597645,0.0,0.0,-0.08,0
9148756933,-0.32380712,0.016111983,-0.00026088208,0.0,0.0,-0.08,0
9148767382,-0.3237902,0.016166642,-0.0002617389,0.0,0.0,-0.08,0
9148777898,-0.3239177,0.016221503,-0.00026270747,0.0,0.0,-0.08,0
9148787286,-0.32409716,0.016243344,-0.00026319176,0.0,0.0,-0.08,0
9148797800,-0.32426086,0.016283585,-0.00026393682,0.0,0.0,-0.08,0
9148807280,-0.32429758,0.01632881,-0.00026479363,0.0,0.0,-0.08,0
9148816872,-0.32414302,0.016376212,-0.00026538968,0.0,0.0,-0.08,0
9148827210,-0.3240208,0.016412942,-0.00026587397,0.0,0.0,-0.08,0
9148837768,-0.32407838,0.016406728,-0.00026583672,0.0,0.0,-0.08,0
9148849305,-0.32414103,0.016399961,-0.0002657622,0.0,0.0,-0.08,0
9148856728,-0.32416666,0.016399795,-0.00026579946,0.0,0.0,-0.08,0
9148867214,-0.32425252,0.016422551,-0.00026628375,0.0,0.0,-0.08,0
9148877594,-0.32430148,0.016442366,-0.00026661903,0.0,0.0,-0.08,0
9148888106,-0.32429296,0.016437624,-0.00026650727,0.0,0.0,-0.08,0
9148897551,-0.32431084,0.01644624,-0.00026669353,0.0,0.0,-0.08,0
9148907937,-0.3242938,0.016468614,-0.00026706606,0.0,0.0,-0.08,0
9148918669,-0.324277,0.01649172,-0.00026740134,0.0,0.0,-0.08,0
9148927325,-0.32426357,0.016511459,-0.0002677366,0.0,0.0,-0.08,0
9148937721,-0.32417518,0.01656108,-0.00026840717,0.0,0.0,-0.08,0
9148948178,-0.3241153,0.01659227,-0.0002689287,0.0,0.0,-0.08,0
9148958690,-0.32423055,0.016607478,-0.00026922673,0.0,0.0,-0.08,0
9148968077,-0.3243321,0.01665736,-0.0002701208,0.0,0.0,-0.08,0
9148977442,-0.32430398,0.016706973,-0.0002709031,0.0,0.0,-0.08,0
9148988926,-0.32424492,0.016748432,-0.00027149916,0.0,0.0,-0.08,0
9148997300,-0.3242026,0.016753353,-0.00027157366,0.0,0.0,-0.08,0
9149007993,-0.32422158,0.016758215,-0.00027164817,0.0,0.0,-0.08,0
9149018354,-0.32432452,0.0167896,-0.00027228147,0.0,0.0,-0.08,0
9149027650,-0.32437795,0.016807592,-0.0002725795,0.0,0.0,-0.08,0
9149037400,-0.3243962,0.01683887,-0.00027310103,0.0,0.0,-0.08,0
9149047940,-0.324409,0.016887125,-0.0002738461,0.0,0.0,-0.08,0
9149058277,-0.32442018,0.016909802,-0.00027425587,0.0,0.0,-0.08,0
9149067717,-0.32450348,0.016916327,-0.0002744794,0.0,0.0,-0.08,0
9149078292,-0.32463387,0.016935539,-0.00027485192,0.0,0.0,-0.08,0
9149088852,-0.324565,0.017005488,-0.00027593225,0.0,0.0,-0.08,0
9149099247,-0.32452708,0.017078731,-0.00027712435,0.0,0.0,-0.08,0
9149107608,-0.32454276,0.017090354,-0.00027727336,0.0,0.0,-0.08,0
9149118102,-0.32447445,0.01710169,-0.00027742237,0.0,0.0,-0.08,0
9149128576,-0.32449332,0.017135993,-0.00027805567,0.0,0.0,-0.08,0
9149139086,-0.32458794,0.017169174,-0.00027861446,0.0,0.0,-0.08,0
9149147583,-0.32466218,0.017172394,-0.00027876347,0.0,0.0,-0.08,0
9149158035,-0.32475325,0.017176349,-0.00027894974,0.0,0.0,-0.08,0
9149169732,-0.32477343,0.017212957,-0.00027950853,0.0,0.0,-0.08,0
9149177216,-0.32473388,0.017237242,-0.00027988106,0.0,0.0,-0.07948825,0
9149187728,-0.32462138,0.017307598,-0.00028092414,0.0,0.0,-0.07894865,0
9149198152,-0.32450998,0.017377203,-0.00028196722,0.0,0.0,-0.07850964,0
9149208724,-0.32453462,0.017409522,-0.00028252602,0.0,0.0,-0.0779819,0
9149218089,-0.3245959,0.017420206,-0.00028271228,0.0,0.0,-0.077481195,0
9149228572,-0.32465082,0.017439427,-0.0002830848,0.0,0.0,-0.077001244,0
9149239060,-0.3247413,0.017474402,-0.00028375536,0.0,0.0,-0.0764747,0
9149247485,-0.32468662,0.017528279,-0.00028453767,0.0,0.0,-0.075953394,0
9149258275,-0.3245643,0.017576192,-0.00028528273,0.0,0.0,-0.075456746,0
9149268732,-0.3244903,0.0176007,-0.00028558075,0.0,0.0,-0.075005844,0
9149278201,-0.3244437,0.017629642,-0.00028599054,0.0,0.0,-0.07445639,0
9149287723,-0.32449636,0.017643165,-0.00028621405,0.0,0.0,-0.073946394,0
9149298235,-0.32444474,0.017675176,-0.0002867356,0.0,0.0,-0.073503844,0
9149308690,-0.32428357,0.017696548,-0.00028699636,0.0,0.0,-0.072992995,0
9149318123,-0.32426968,0.017713385,-0.00028725713,0.0,0.0,-0.072467394,0
9149328687,-0.3244379,0.017742772,-0.00028785318,0.0,0.0,-0.07194699,0
9149338185,-0.32440448,0.017803013,-0.00028871,0.0,0.0,-0.07146184,0
9149348811,-0.32421148,0.017870028,-0.00028967857,0.0,0.0,-0.070946194,0
9149358165,-0.32418317,0.017918557,-0.00029046088,0.0,0.0,-0.070472196,0
9149368727,-0.3241753,0.01799117,-0.00029157847,0.0,0.0,-0.069959745,0
9149379202,-0.32418248,0.01805577,-0.00029269606,0.0,0.0,-0.069459744,0
9149388547,-0.32421947,0.01807579,-0.00029299408,0.0,0.0,-0.068946496,0
9149397979,-0.32427046,0.018067123,-0.00029288232,0.0,0.0,-0.06842484,0
9149408438,-0.32429022,0.018073253,-0.0002930686,0.0,0.0,-0.06794259,0
9149419968,-0.3243618,0.018056307,-0.00029284507,0.0,0.0,-0.06747004,0
9149428480,-0.32447872,0.018041579,-0.00029269606,0.0,0.0,-0.06696924,0
9149441738,-0.3245668,0.018071666,-0.00029325485,0.0,0.0,-0.06644869,0
9149449398,-0.32456502,0.018088045,-0.00029351562,0.0,0.0,-0.06595759,0
9149458959,-0.32454962,0.018076729,-0.0002933666,0.0,0.0,-0.06532109,0
9149468511,-0.32454786,0.018069588,-0.00029318035,0.0,0.0,-0.06492009,0
9149479010,-0.32453117,0.018067624,-0.00029318035,0.0,0.0,-0.06443154,0
9149489569,-0.32445487,0.018080918,-0.0002933666,0.0,0.0,-0.06395504,0
9149497913,-0.32444206,0.018096233,-0.00029351562,0.0,0.0,-0.063431285,0
9149508898,-0.32438812,0.018098425,-0.00029355288,0.0,0.0,-0.062934734,0
9149519425,-0.32428536,0.018120958,-0.00029388815,0.0,0.0,-0.062484436,0
9149529168,-0.32434282,0.018147457,-0.00029429793,0.0,0.0,-0.061937984,0
9149538523,-0.32445645,0.018164441,-0.0002946332,0.0,0.0,-0.061414134,0
9149549355,-0.32444066,0.018181399,-0.00029489398,0.0,0.0,-0.060964633,0
9149560270,-0.3244692,0.01817876,-0.00029489398,0.0,0.0,-0.06044413,0
9149567685,-0.32451922,0.018164739,-0.00029470772,0.0,0.0,-0.05992228,0
9149578152,-0.3244662,0.018166618,-0.00029474497,0.0,0.0,-0.05942088,0
9149588645,-0.32448706,0.018197477,-0.000295192,0.0,0.0,-0.05898378,0
9149599233,-0.32443553,0.01825645,-0.00029616058,0.0,0.0,-0.05846098,0
9149608799,-0.3243032,0.018301778,-0.00029675663,0.0,0.0,-0.05795053,0
9149619145,-0.3243007,0.018336264,-0.00029731542,0.0,0.0,-0.05744898,0
9149628469,-0.3244337,0.018374644,-0.00029806048,0.0,0.0,-0.05693618,0
9149637919,-0.3246004,0.018392995,-0.00029847026,0.0,0.0,-0.056434628,0
9149649410,-0.32464546,0.018383682,-0.000298433,0.0,0.0,-0.055955376,0
9149658761,-0.3245673,0.018370941,-0.00029813498,0.0,0.0,-0.055471927,0
9149669462,-0.32455075,0.018357724,-0.0002978742,0.0,0.0,-0.054908678,0
9149678015,-0.32459557,0.018371802,-0.00029817224,0.0,0.0,-0.05444938,0
9149688777,-0.3246167,0.018403035,-0.00029869378,0.0,0.0,-0.05395278,0
9149698636,-0.32477248,0.018403154,-0.0002988428,0.0,0.0,-0.05347873,0
9149709410,-0.32494038,0.01843287,-0.00029951334,0.0,0.0,-0.05293468,0
9149718767,-0.32493666,0.01845091,-0.00029973686,0.0,0.0,-0.05245888,0
9149729263,-0.3249334,0.018443603,-0.0002996996,0.0,0.0,-0.05191108,0
9149739749,-0.32491523,0.018489584,-0.0003004074,0.0,0.0,-0.05143973,0
9149749257,-0.32499766,0.01854311,-0.00030133873,0.0,0.0,-0.05092853,0
9149758607,-0.32516226,0.01852597,-0.00030118972,0.0,0.0,-0.05041268,0
9149769194,-0.32531226,0.018490672,-0.00030077994,0.0,0.0,-0.04990793,0
9149778649,-0.32545838,0.018463232,-0.00030048192,0.0,0.0,-0.04943773,0
9149789185,-0.32553285,0.018439952,-0.0003001094,0.0,0.0,-0.04892003,0
9149799480,-0.325521,0.018424403,-0.00029992312,0.0,0.0,-0.048437033,0
9149810020,-0.3255676,0.018383853,-0.00029925257,0.0,0.0,-0.047911484,0
9149818405,-0.32559997,0.018367723,-0.0002989918,0.0,0.0,-0.047416035,0
9149828935,-0.32556748,0.01834884,-0.00029869378,0.0,0.0,-0.046907537,0
9149839347,-0.32555047,0.018334733,-0.00029847026,0.0,0.0,-0.04645949,0
9149849891,-0.3255034,0.018366985,-0.0002989173,0.0,0.0,-0.045926187,0
9149859239,-0.32549953,0.01841218,-0.00029966235,0.0,0.0,-0.045423236,0
9149869675,-0.32551676,0.018442303,-0.0003001839,0.0,0.0,-0.044931784,0
9149880437,-0.32538578,0.018505724,-0.00030111521,0.0,0.0,-0.044407636,0
9149888820,-0.32531396,0.0185677,-0.00030204654,0.0,0.0,-0.043906886,0
9149899270,-0.32538348,0.018621985,-0.00030297786,0.0,0.0,-0.043401737,0
9149909897,-0.32545254,0.018647652,-0.00030338764,0.0,0.0,-0.042938937,0
9149920387,-0.32545418,0.018643942,-0.0003033504,0.0,0.0,-0.042427186,0
9149928937,-0.32543924,0.018655352,-0.00030361116,0.0,0.0,-0.041895688,0
9149939552,-0.3254438,0.018660914,-0.0003035739,0.0,0.0,-0.041405488,0
9149948952,-0.32551235,0.018677585,-0.00030394644,0.0,0.0,-0.040925186,0
9149958520,-0.32561365,0.018701583,-0.00030446798,0.0,0.0,-0.040391438,0
9149968994,-0.32574093,0.018715538,-0.00030480325,0.0,0.0,-0.03994114,0
9149979486,-0.32577276,0.018680114,-0.00030431896,0.0,0.0,-0.03945564,0
9149990893,-0.3257586,0.018633794,-0.0003034994,0.0,0.0,-0.03892134,0
9149999352,-0.32581392,0.018652074,-0.00030379742,0.0,0.0,-0.03841839,0
9150009167,-0.3258791,0.018696528,-0.0003046915,0.0,0.0,-0.03790779,0
9150019188,-0.3258621,0.018737465,-0.0003052503,0.0,0.0,-0.03741319,0
9150029758,-0.32582876,0.01875874,-0.00030562282,0.0,0.0,-0.03691464,0
9150039150,-0.32584447,0.018760588,-0.00030562282,0.0,0.0,-0.03642149,0
9150049493,-0.3257547,0.018805321,-0.00030633062,0.0,0.0,-0.03589479,0
9150060890,-0.3258051,0.018861355,-0.0003072992,0.0,0.0,-0.03542294,0
9150069327,-0.32591787,0.018876977,-0.00030763447,0.0,0.0,-0.03491804,0
9150079878,-0.3258819,0.018926818,-0.00030834228,0.0,0.0,-0.03438864,0
9150089211,-0.32594633,0.018984882,-0.0003094226,0.0,0.0,-0.03390344,0
9150099780,-0.32602888,0.019018363,-0.00031001866,0.0,0.0,-0.033378538,0
9150109448,-0.32609865,0.019049343,-0.0003106147,0.0,0.0,-0.032917537,0
9150119875,-0.3261525,0.019091304,-0.00031128526,0.0,0.0,-0.032435335,0
9150130652,-0.32616937,0.019089874,-0.00031128526,0.0,0.0,-0.031901333,0
9150139077,-0.32628134,0.019049179,-0.00031080097,0.0,0.0,-0.031395633,0
9150149647,-0.3263839,0.019012738,-0.00031031668,0.0,0.0,-0.030879483,0
9150160119,-0.32636315,0.019027269,-0.0003104657,0.0,0.0,-0.030425832,0
9150169562,-0.32631162,0.019055802,-0.00031094998,0.0,0.0,-0.029907681,0
9150179990,-0.32628834,0.019074103,-0.00031113625,0.0,0.0,-0.029386431,0
9150189322,-0.3262997,0.019103305,-0.00031169504,0.0,0.0,-0.028938532,0
9150199855,-0.3262715,0.019188961,-0.00031296164,0.0,0.0,-0.028382082,0
9150209383,-0.32623398,0.019247863,-0.00031396747,0.0,0.0,-0.027922882,0
9150219976,-0.3261787,0.019246187,-0.00031389296,0.0,0.0,-0.027386732,0
9150230417,-0.3260288,0.019237243,-0.00031359494,0.0,0.0,-0.026910082,0
9150241079,-0.32581744,0.01924574,-0.00031352043,0.0,0.0,-0.02637148,0
9150249686,-0.3257607,0.01926438,-0.00031381845,0.0,0.0,-0.02586133,0
9150259984,-0.32581392,0.019306637,-0.0003145635,0.0,0.0,-0.025381131,0
9150270438,-0.32584494,0.01934079,-0.0003151223,0.0,0.0,-0.024891982,0
9150279948,-0.32577455,0.019409858,-0.00031620264,0.0,0.0,-0.024370432,0
9150289347,-0.32579166,0.019432787,-0.00031664968,0.0,0.0,-0.023860183,0
9150300136,-0.32588524,0.019430716,-0.00031661242,0.0,0.0,-0.023374483,0
9150310669,-0.32593954,0.019444548,-0.0003168732,0.0,0.0,-0.022902483,0
9150320035,-0.3259541,0.019443829,-0.0003168732,0.0,0.0,-0.022377083,0
9150329757,-0.32593432,0.01945645,-0.00031705946,0.0,0.0,-0.021867933,0
9150340250,-0.3259714,0.019445613,-0.0003170222,0.0,0.0,-0.021380782,0
9150349439,-0.326042,0.019446203,-0.0003170222,0.0,0.0,-0.020888181,0
9150359851,-0.32622245,0.01946422,-0.00031739473,0.0,0.0,-0.020369181,0
9150370367,-0.32647863,0.019481119,-0.00031799078,0.0,0.0,-0.019908782,0
9150381143,-0.32664493,0.019478947,-0.00031810254,0.0,0.0,-0.019376732,0
9150389496,-0.32666832,0.019482922,-0.00031817704,0.0,0.0,-0.018882783,0
9150401965,-0.32661605,0.019521516,-0.00031881034,0.0,0.0,-0.018344633,0
9150410411,-0.32656875,0.019543957,-0.0003190711,0.0,0.0,-0.017895233,0
9150419798,-0.32654816,0.019557122,-0.00031925738,0.0,0.0,-0.017369883,0
9150430342,-0.32656336,0.01955607,-0.00031925738,0.0,0.0,-0.016850833,0
9150439672,-0.326578,0.019555222,-0.00031929463,0.0,0.0,-0.016407732,0
9150451287,-0.3265952,0.019554123,-0.00031929463,0.0,0.0,-0.015855132,0
9150459682,-0.3266073,0.019553294,-0.00031933188,0.0,0.0,-0.015395882,0
9150470194,-0.3266223,0.019552262,-0.00031929463,0.0,0.0,-0.014851431,0
9150480660,-0.3266365,0.019551206,-0.00031925738,0.0,0.0,-0.014384281,0
9150491162,-0.3266528,0.019550264,-0.00031925738,0.0,0.0,-0.013849281,0
9150499534,-0.3266658,0.019549502,-0.00031933188,0.0,0.0,-0.013347281,0
9150509986,-0.326682,0.019548567,-0.00031933188,0.0,0.0,-0.012867831,0
9150520564,-0.326697,0.01954754,-0.00031925738,0.0,0.0,-0.012382681,0
9150530396,-0.32671157,0.019546628,-0.00031929463,0.0,0.0,-0.011859881,0
9150539856,-0.3267249,0.019545719,-0.00031925738,0.0,0.0,-0.011352031,0
9150550901,-0.32674038,0.019544654,-0.00031929463,0.0,0.0,-0.01085473,0
9150561456,-0.32675442,0.019543588,-0.00031925738,0.0,0.0,-0.01036863,0
9150569946,-0.3267663,0.01954278,-0.00031922013,0.0,0.0,-0.00983553,0
9150580400,-0.3267822,0.019541847,-0.00031922013,0.0,0.0,-0.00936078,0
9150590805,-0.32679677,0.019540846,-0.00031922013,0.0,0.0,-0.00886258,0
9150600331,-0.32681528,0.01955306,-0.0003194809,0.0,0.0,-0.00834078,0
9150609807,-0.3268429,0.019557513,-0.00031959265,0.0,0.0,-0.007838329,0
9150620327,-0.32684398,0.019562462,-0.00031966716,0.0,0.0,-0.007353029,0
9150631982,-0.32683414,0.01957137,-0.00031985343,0.0,0.0,-0.0068696793,0
9150639321,-0.3268951,0.019570626,-0.00031989068,0.0,0.0,-0.0063641295,0
9150649869,-0.3269694,0.019574223,-0.00031996518,0.0,0.0,-0.0058481796,0
9150660196,-0.3270407,0.019577634,-0.0003201887,0.0,0.0,-0.0054025296,0
9150670776,-0.32708946,0.01959848,-0.00032052398,0.0,0.0,-0.0048861294,0
9150680225,-0.32699043,0.019679677,-0.00032175332,0.0,0.0,-0.0043699294,0
9150690658,-0.32688197,0.01972738,-0.00032242388,0.0,0.0,-0.0038204794,0
9150702069,-0.32683435,0.019703746,-0.00032197684,0.0,0.0,-0.0033586794,0
9150709500,-0.32679367,0.019704737,-0.0003219396,0.0,0.0,-0.0028471793,0
9150720119,-0.3266627,0.019763317,-0.0003227219,0.0,0.0,-0.0023287793,0
9150730484,-0.32649946,0.019806057,-0.00032331795,0.0,0.0,-0.0018946293,0
9150740977,-0.32644355,0.019833516,-0.00032365322,0.0,0.0,-0.0013570793,0
9150749916,-0.32650694,0.019861877,-0.00032417476,0.0,0.0,-0.00084627926,0
9150760357,-0.32656676,0.01984192,-0.00032395124,0.0,0.0,-0.00035972925,0
9150771794,-0.3265692,0.019813668,-0.0003235042,0.0,0.0,-0.0,0
9150780269,-0.32655868,0.019821975,-0.00032365322,0.0,0.0,-0.0,0
9150790723,-0.32655966,0.0197961,-0.00032316893,0.0,0.0,-0.0,0
9150800984,-0.32656,0.019772071,-0.00032283366,0.0,0.0,-0.0,0
9150811419,-0.32663864,0.019774824,-0.00032290816,0.0,0.0,-0.0,0
9150819792,-0.3266794,0.0197621,-0.0003227964,0.0,0.0,-0.0,0
9150830280,-0.32666,0.019744908,-0.00032246113,0.0,0.0,-0.0,0
9150840759,-0.32674766,0.019713266,-0.00032205135,0.0,0.0,-0.0,0
9150850161,-0.32684383,0.019693704,-0.00032179058,0.0,0.0,-0.0,0
9150860840,-0.326947,0.01969834,-0.00032197684,0.0,0.0,-0.0,0
9150871341,-0.32695937,0.019698262,-0.0003220141,0.0,0.0,-0.0,0
9150881757,-0.3268808,0.01970547,-0.00032205135,0.0,0.0,-0.0,0
9150890138,-0.32688165,0.019699752,-0.00032190233,0.0,0.0,-0.0,0
9150900849,-0.32688227,0.019693822,-0.00032190233,0.0,0.0,-0.0,0
9150911325,-0.32686,0.019708274,-0.0003220886,0.0,0.0,-0.0,0
9150920807,-0.32692528,0.019712374,-0.00032220036,0.0,0.0,-0.0,0
9150931294,-0.32701924,0.019735903,-0.00032268465,0.0,0.0,-0.0,0
9150940888,-0.32705233,0.019751992,-0.00032298267,0.0,0.0,-0.0,0
9150952442,-0.32706913,0.019748967,-0.00032294542,0.0,0.0,-0.0,0
9150960801,-0.32711062,0.019758351,-0.00032313168,0.0,0.0,-0.0,0
9150970251,-0.32709226,0.019768903,-0.0003232807,0.0,0.0,-0.0,0
9150980794,-0.3270713,0.019782035,-0.0003234297,0.0,0.0,-0.0,0
9150991275,-0.32720175,0.01982662,-0.00032436103,0.0,0.0,-0.0,0
9151000737,-0.32730055,0.019831775,-0.00032451004,0.0,0.0,-0.0,0
9151011229,-0.32735077,0.019785449,-0.00032380223,0.0,0.0,-0.0,0
9151021732,-0.3274004,0.01974051,-0.00032313168,0.0,0.0,-0.0,0
9151030038,-0.32745525,0.019745043,-0.00032324344,0.0,0.0,-0.0,0
9151040574,-0.32751167,0.019813502,-0.00032447278,0.0,0.0,-0.0,0
9151050975,-0.327547,0.01985814,-0.00032521784,0.0,0.0,-0.0,0
9151060404,-0.3274547,0.019869883,-0.00032529235,0.0,0.0,-0.0,0
9151071044,-0.3272717,0.01988748,-0.00032536685,0.0,0.0,-0.0,0
9151081587,-0.3271417,0.01991352,-0.00032570213,0.0,0.0,-0.0,0
9151090855,-0.32710406,0.019942787,-0.0003261119,0.0,0.0,-0.0,0
9151100322,-0.32714877,0.019929282,-0.00032592565,0.0,0.0,-0.0,0
9151110861,-0.32727176,0.019912954,-0.00032585114,0.0,0.0,-0.0,0
9151121351,-0.32732302,0.01989679,-0.00032562762,0.0,0.0,-0.0,0
9151131859,-0.32725814,0.019868761,-0.00032506883,0.0,0.0,-0.0,0
9151141333,-0.32725638,0.019871263,-0.00032510608,0.0,0.0,-0.0,0
9151152160,-0.32734483,0.019896504,-0.00032559037,0.0,0.0,-0.0,0
9151161267,-0.3273441,0.019922843,-0.00032600015,0.0,0.0,-0.0,0
9151170790,-0.32725987,0.01993196,-0.0003261119,0.0,0.0,-0.0,0
9151181267,-0.32712933,0.019957671,-0.0003264472,0.0,0.0,-0.0,0
9151191718,-0.32703492,0.019998996,-0.00032700598,0.0,0.0,-0.0,0
9151202139,-0.32699883,0.01998719,-0.00032678246,0.0,0.0,-0.0,0
9151210573,-0.32705772,0.019943958,-0.00032614917,0.0,0.0,-0.0,0
9151221124,-0.32709432,0.019934919,-0.0003260374,0.0,0.0,-0.0,0
9151231573,-0.32705757,0.019982154,-0.00032670796,0.0,0.0,-0.0,0
9151241957,-0.32710862,0.019994633,-0.00032696873,0.0,0.0,-0.0,0
9151251212,-0.3272184,0.019979049,-0.00032681972,0.0,0.0,-0.0,0
9151261709,-0.32736295,0.019952748,-0.0003265962,0.0,0.0,-0.0,0
9151272328,-0.32743508,0.019928958,-0.00032622367,0.0,0.0,-0.0,0
9151280812,-0.32746273,0.019921642,-0.00032614917,0.0,0.0,-0.0,0
9151291160,-0.3274753,0.01992119,-0.00032618642,0.0,0.0,-0.0,0
9151301618,-0.32741523,0.019950887,-0.0003265962,0.0,0.0,-0.0,0
9151312152,-0.32739088,0.019963447,-0.00032678246,0.0,0.0,-0.0,0
9151321689,-0.32746917,0.019934231,-0.00032637268,0.0,0.0,-0.0,0
9151332099,-0.3275755,0.019923914,-0.00032629818,0.0,0.0,-0.0,0
9151342678,-0.32759622,0.019948594,-0.0003267452,0.0,0.0,-0.0,0
9151351147,-0.327567,0.019962506,-0.00032693148,0.0,0.0,-0.0,0
9151361639,-0.32754555,0.019985596,-0.00032734126,0.0,0.0,-0.0,0
9151372048,-0.32765165,0.019985503,-0.0003273785,0.0,0.0,-0.0,0
9151382519,-0.32773727,0.01997064,-0.00032719225,0.0,0.0,-0.0,0
9151390980,-0.32770443,0.019987592,-0.00032749027,0.0,0.0,-0.0,0
9151401591,-0.3276643,0.020010278,-0.00032782555,0.0,0.0,-0.0,0
9151412089,-0.32766318,0.020044547,-0.0003283471,0.0,0.0,-0.0,0
9151421434,-0.32773313,0.020070828,-0.00032890588,0.0,0.0,-0.0,0
9151431955,-0.3278562,0.020054301,-0.00032875687,0.0,0.0,-0.0,0
9151442431,-0.3278553,0.020058181,-0.00032879412,0.0,0.0,-0.0,0
9151452899,-0.32778907,0.020060346,-0.00032871962,0.0,0.0,-0.0,0
9151461218,-0.32775223,0.020042516,-0.00032838434,0.0,0.0,-0.0,0
9151471696,-0.32780024,0.020039106,-0.00032845885,0.0,0.0,-0.0,0
9151482100,-0.32790893,0.020027433,-0.0003283471,0.0,0.0,-0.0,0
9151491002,-0.328013,0.020036925,-0.00032853335,0.0,0.0,-0.0,0
9151501559,-0.3281343,0.020078542,-0.00032942742,0.0,0.0,-0.0,0
9151512182,-0.3282209,0.020076476,-0.00032950193,0.0,0.0,-0.0,0
9151523037,-0.32836044,0.020053983,-0.00032924116,0.0,0.0,-0.0,0
9151531604,-0.3285368,0.02003244,-0.0003290549,0.0,0.0,-0.0,0
9151541357,-0.32856876,0.020021405,-0.00032890588,0.0,0.0,-0.0,0
9151551798,-0.3284436,0.020045612,-0.00032916665,0.0,0.0,-0.0,0
9151561292,-0.32834744,0.020087883,-0.0003297627,0.0,0.0,-0.0,0
9151572099,-0.32835796,0.020130333,-0.00033050776,0.0,0.0,-0.0,0
9151582574,-0.3284427,0.02013994,-0.00033069402,0.0,0.0,-0.0,0
9151592155,-0.32845333,0.02013664,-0.00033065677,0.0,0.0,-0.0,0
9151601412,-0.32846493,0.020159058,-0.00033106655,0.0,0.0,-0.0,0
9151611971,-0.32851246,0.020200396,-0.0003318116,0.0,0.0,-0.0,0
9151622083,-0.32859236,0.0201994,-0.00033192337,0.0,0.0,-0.0,0
9151632564,-0.32867494,0.02016947,-0.00033147633,0.0,0.0,-0.0,0
9151642140,-0.3287177,0.02015415,-0.00033121556,0.0,0.0,-0.0,0
9151653577,-0.32872927,0.02015166,-0.0003311783,0.0,0.0,-0.0,0
9151663381,-0.32872665,0.02015511,-0.0003312528,0.0,0.0,-0.0,0
9151671722,-0.32874656,0.020157952,-0.00033132732,0.0,0.0,-0.0,0
9151682165,-0.32877,0.02016142,-0.00033136457,0.0,0.0,-0.0,0
9151691642,-0.32877818,0.02015926,-0.00033136457,0.0,0.0,-0.0,0
9151703079,-0.32880473,0.020150295,-0.00033129007,0.0,0.0,-0.0,0
9151711505,-0.3288141,0.020148521,-0.00033121556,0.0,0.0,-0.0,0
9151721974,-0.32881117,0.020152215,-0.00033129007,0.0,0.0,-0.0,0
9151732397,-0.32881513,0.0201531,-0.00033129007,0.0,0.0,-0.0,0
9151741970,-0.32882583,0.020151086,-0.00033129007,0.0,0.0,-0.0,0
9151751323,-0.3288363,0.020149115,-0.00033132732,0.0,0.0,-0.0,0
9151761826,-0.32883322,0.020152818,-0.00033136457,0.0,0.0,-0.0,0
9151773291,-0.3288368,0.02015341,-0.00033136457,0.0,0.0,-0.0,0
9151781752,-0.3288463,0.02015163,-0.00033129007,0.0,0.0,-0.0,0
9151792358,-0.32884315,0.020155363,-0.00033136457,0.0,0.0,-0.0,0
9151802762,-0.32883254,0.020162076,-0.00033147633,0.0,0.0,-0.0,0
9151812291,-0.32884324,0.02016005,-0.00033143908,0.0,0.0,-0.0,0
9151821690,-0.32885227,0.020157984,-0.00033147633,0.0,0.0,-0.0,0
9151832329,-0.32886273,0.020155646,-0.00033143908,0.0,0.0,-0.0,0
9151843844,-0.32887477,0.020153176,-0.00033136457,0.0,0.0,-0.0,0
9151852627,-0.3288833,0.020151261,-0.00033132732,0.0,0.0,-0.0,0
9151862073,-0.32887924,0.020154506,-0.00033140182,0.0,0.0,-0.0,0
9151872501,-0.32887486,0.02015808,-0.00033143908,0.0,0.0,-0.0,0
9151882035,-0.32888412,0.020155985,-0.00033143908,0.0,0.0,-0.0,0
9151892471,-0.32887965,0.020159565,-0.00033151358,0.0,0.0,-0.0,0
9151903914,-0.3288588,0.020169888,-0.00033162534,0.0,0.0,-0.0,0
9151913302,-0.3288492,0.020175569,-0.0003317371,0.0,0.0,-0.0,0
9151921704,-0.32885635,0.020173637,-0.00033169985,0.0,0.0,-0.0,0
9151932194,-0.32886523,0.020171229,-0.00033162534,0.0,0.0,-0.0,0
9151942683,-0.32887402,0.020168824,-0.0003316626,0.0,0.0,-0.0,0
9151952892,-0.32888338,0.02016653,-0.00033162534,0.0,0.0,-0.0,0
9151962186,-0.32888058,0.020169765,-0.00033169985,0.0,0.0,-0.0,0
9151972145,-0.3288776,0.020173242,-0.00033169985,0.0,0.0,-0.0,0
9151982521,-0.32888904,0.02017101,-0.00033168122,0.0,0.0,-0.0,0
9151991986,-0.32889825,0.020168915,-0.00033168122,0.0,0.0,-0.0,0
9152002776,-0.32890874,0.02016653,-0.00033162534,0.0,0.0,-0.0,0
9152012189,-0.32890585,0.020169811,-0.00033169985,0.0,0.0,-0.0,0
9152023660,-0.32891855,0.020167362,-0.0003316626,0.0,0.0,-0.0,0
9152032115,-0.32893836,0.020170223,-0.00033169985,0.0,0.0,-0.0,0
9152042637,-0.32896295,0.020173775,-0.00033183023,0.0,0.0,-0.0,0
9152052915,-0.3289742,0.020171573,-0.00033183023,0.0,0.0,-0.0,0
9152062543,-0.32898462,0.020169513,-0.00033175573,0.0,0.0,-0.0,0
9152073020,-0.328996,0.020167278,-0.00033171847,0.0,0.0,-0.0,0
9152082548,-0.3289862,0.020173334,-0.00033183023,0.0,0.0,-0.0,0
9152093960,-0.32898253,0.020177308,-0.0003318861,0.0,0.0,-0.0,0
9152102383,-0.32899177,0.02017549,-0.00033184886,0.0,0.0,-0.0,0
9152112885,-0.3289883,0.020179134,-0.00033190474,0.0,0.0,-0.0,0
9152122294,-0.32898363,0.020177001,-0.0003318861,0.0,0.0,-0.0,0
9152132883,-0.32900825,0.020180566,-0.00033196062,0.0,0.0,-0.0,0
9152142332,-0.32900527,0.02018383,-0.00033203512,0.0,0.0,-0.0,0
9152153681,-0.32898423,0.02019402,-0.00033218414,0.0,0.0,-0.0,0
9152164356,-0.32896453,0.020203575,-0.00033231452,0.0,0.0,-0.0,0
9152171737,-0.32896125,0.020206034,-0.00033235177,0.0,0.0,-0.0,0
9152182212,-0.3289727,0.020203717,-0.00033235177,0.0,0.0,-0.0,0
9152192666,-0.32898414,0.020201417,-0.00033227727,0.0,0.0,-0.0,0
9152203169,-0.32899547,0.0201991,-0.00033225864,0.0,0.0,-0.0,0
9152212562,-0.3290057,0.020197038,-0.00033224002,0.0,0.0,-0.0,0
9152222966,-0.32901543,0.020194672,-0.00033218414,0.0,0.0,-0.0,0
9152234495,-0.32902715,0.02019211,-0.00033218414,0.0,0.0,-0.0,0
9152241972,-0.32903525,0.020190481,-0.00033214688,0.0,0.0,-0.0,0
9152252542,-0.32903177,0.020194113,-0.00033218414,0.0,0.0,-0.0,0
9152262954,-0.3290284,0.02019769,-0.00033225864,0.0,0.0,-0.0,0
9152273472,-0.32902494,0.020201296,-0.00033231452,0.0,0.0,-0.0,0
9152282832,-0.32903516,0.020199224,-0.0003322959,0.0,0.0,-0.0,0
9152292271,-0.32904518,0.020197151,-0.0003322959,0.0,0.0,-0.0,0
9152302678,-0.32904044,0.020200625,-0.00033233315,0.0,0.0,-0.0,0
9152312156,-0.32905644,0.020206446,-0.00033246353,0.0,0.0,-0.0,0
9152322665,-0.32906774,0.020204118,-0.0003324449,0.0,0.0,-0.0,0
9152333220,-0.32907903,0.020201795,-0.0003323704,0.0,0.0,-0.0,0
9152343759,-0.32908943,0.02019943,-0.0003323704,0.0,0.0,-0.0,0
9152353208,-0.32911003,0.02020249,-0.00033240765,0.0,0.0,-0.0,0
9152362699,-0.32913196,0.020205634,-0.00033248216,0.0,0.0,-0.0,0
9152373252,-0.32914314,0.020203304,-0.00033246353,0.0,0.0,-0.0,0
9152382909,-0.32914606,0.020204093,-0.0003325008,0.0,0.0,-0.0,0
9152392325,-0.32914147,0.020207236,-0.00033253804,0.0,0.0,-0.0,0
9152403755,-0.32915202,0.020204619,-0.00033246353,0.0,0.0,-0.0,0
9152414347,-0.3291625,0.020202234,-0.00033246353,0.0,0.0,-0.0,0
9152422860,-0.3291702,0.020200292,-0.00033248216,0.0,0.0,-0.0,0
9152433263,-0.3291811,0.02019801,-0.00033242628,0.0,0.0,-0.0,0
9152443676,-0.32920498,0.02020147,-0.0003325194,0.0,0.0,-0.0,0
9152453166,-0.32922116,0.020202123,-0.00033253804,0.0,0.0,-0.0,0
9152462760,-0.329231,0.020200009,-0.0003325008,0.0,0.0,-0.0,0
9152473222,-0.32924178,0.020197706,-0.0003325194,0.0,0.0,-0.0,0
9152484762,-0.32924497,0.020198712,-0.0003325008,0.0,0.0,-0.0,0
9152493112,-0.3292419,0.020201579,-0.0003325008,0.0,0.0,-0.0,0
9152502727,-0.32925054,0.020199385,-0.00033253804,0.0,0.0,-0.0,0
9152513272,-0.32925856,0.020196911,-0.00033248216,0.0,0.0,-0.0,0
9152524056,-0.32926056,0.020197907,-0.0003325194,0.0,0.0,-0.0,0
9152533591,-0.32925582,0.020201104,-0.00033253804,0.0,0.0,-0.0,0
9152543042,-0.32926428,0.020198947,-0.0003325194,0.0,0.0,-0.0,0
9152553606,-0.32927516,0.020196635,-0.00033248216,0.0,0.0,-0.0,0
9152563359,-0.32927155,0.02019998,-0.0003325194,0.0,0.0,-0.0,0
9152572897,-0.32926792,0.020203236,-0.00033259392,0.0,0.0,-0.0,0
9152583743,-0.32927904,0.020200847,-0.0003325753,0.0,0.0,-0.0,0
9152593407,-0.32927987,0.020201439,-0.00033261254,0.0,0.0,-0.0,0
9152603047,-0.3292751,0.020204647,-0.00033263117,0.0,0.0,-0.0,0
9152613560,-0.32926977,0.02020815,-0.0003326498,0.0,0.0,-0.0,0
9152623943,-0.32927215,0.020208836,-0.00033268705,0.0,0.0,-0.0,0
9152633373,-0.32928184,0.02020675,-0.0003326498,0.0,0.0,-0.0,0
9152643035,-0.32927814,0.020210031,-0.00033274293,0.0,0.0,-0.0,0
9152654603,-0.32925618,0.020220365,-0.00033287331,0.0,0.0,-0.0,0
9152665178,-0.32925087,0.020223854,-0.0003329292,0.0,0.0,-0.0,0
9152672864,-0.329247,0.020226382,-0.00033296645,0.0,0.0,-0.0,0
9152683298,-0.3292577,0.020224027,-0.00033291057,0.0,0.0,-0.0,0
9152693711,-0.32926854,0.020221688,-0.00033291057,0.0,0.0,-0.0,0
9152703083,-0.32926503,0.02022486,-0.00033294782,0.0,0.0,-0.0,0
9152713591,-0.32926106,0.0202284,-0.00033302233,0.0,0.0,-0.0,0
9152723988,-0.3292717,0.020226058,-0.00033296645,0.0,0.0,-0.0,0
9152734494,-0.32929713,0.020229585,-0.00033304095,0.0,0.0,-0.0,0
9152742978,-0.32930565,0.020237193,-0.00033318996,0.0,0.0,-0.0,0
9152753818,-0.32931632,0.020259019,-0.00033358112,0.0,0.0,-0.0,0
9152763206,-0.32931906,0.020275265,-0.0003338419,0.0,0.0,-0.0,0
9152773686,-0.32930028,0.020284584,-0.00033397228,0.0,0.0,-0.0,0
9152783064,-0.32929677,0.020287633,-0.00033402815,0.0,0.0,-0.0,0
9152793619,-0.32929274,0.020291062,-0.00033408403,0.0,0.0,-0.0,0
9152805055,-0.32928705,0.020294666,-0.0003341213,0.0,0.0,-0.0,0
9152813470,-0.32928157,0.020297239,-0.00033417717,0.0,0.0,-0.0,0
9152823890,-0.3292909,0.020294666,-0.00033415854,0.0,0.0,-0.0,0
9152834343,-0.32930163,0.02029217,-0.0003340654,0.0,0.0,-0.0,0
9152844925,-0.32931107,0.02028957,-0.00033408403,0.0,0.0,-0.0,0
9152853357,-0.3293196,0.020287564,-0.00033402815,0.0,0.0,-0.0,0
9152863876,-0.3293156,0.020279165,-0.00033387914,0.0,0.0,-0.0,0
9152874441,-0.32932368,0.020270634,-0.00033374876,0.0,0.0,-0.0,0
9152883789,-0.32934487,0.020263128,-0.00033365563,0.0,0.0,-0.0,0
9152893611,-0.3293671,0.020266257,-0.00033373013,0.0,0.0,-0.0,0
9152905032,-0.32940868,0.020276284,-0.0003339164,0.0,0.0,-0.0,0
9152914494,-0.32943118,0.020279363,-0.00033400953,0.0,0.0,-0.0,0
9152923199,-0.3294507,0.020291854,-0.00033425167,0.0,0.0,-0.0,0
9152933685,-0.32947257,0.020306773,-0.00033449382,0.0,0.0,-0.0,0
9152944127,-0.32948136,0.020315878,-0.0003346242,0.0,0.0,-0.0,0
9152953605,-0.32948393,0.020316327,-0.00033468008,0.0,0.0,-0.0,0
9152964109,-0.32947955,0.020319678,-0.0003346987,0.0,0.0,-0.0,0
9152974535,-0.32947522,0.020322997,-0.0003347546,0.0,0.0,-0.0,0
9152984973,-0.32948342,0.020320322,-0.00033471733,0.0,0.0,-0.0,0
9152993343,-0.329502,0.020313514,-0.00033464283,0.0,0.0,-0.0,0
9153004068,-0.32954082,0.020310808,-0.0003346242,0.0,0.0,-0.0,0
9153014539,-0.32955742,0.020311097,-0.00033468008,0.0,0.0,-0.0,0
9153023830,-0.32956514,0.020308778,-0.00033464283,0.0,0.0,-0.0,0
9153033705,-0.32955956,0.020311857,-0.00033468008,0.0,0.0,-0.0,0
9153044253,-0.32954022,0.020321155,-0.0003348291,0.0,0.0,-0.0,0
9153055672,-0.32951933,0.020331208,-0.00033495948,0.0,0.0,-0.0,0
9153063074,-0.3295151,0.020341776,-0.0003351085,0.0,0.0,-0.0,0
9153073778,-0.329524,0.020351024,-0.00033527613,0.0,0.0,-0.0,0
9153084158,-0.32951966,0.020354263,-0.00033531338,0.0,0.0,-0.0,0
9153094777,-0.32950777,0.0203605,-0.00033544376,0.0,0.0,-0.0,0
9153104307,-0.32951725,0.020358102,-0.0003353879,0.0,0.0,-0.0,0
9153113686,-0.32952505,0.02035567,-0.00033535063,0.0,0.0,-0.0,0
9153124220,-0.32951996,0.020358903,-0.00033542514,0.0,0.0,-0.0,0
9153133640,-0.3295291,0.020356527,-0.0003353879,0.0,0.0,-0.0,0
9153144156,-0.32953945,0.020353891,-0.00033531338,0.0,0.0,-0.0,0
9153155588,-0.32954895,0.020350931,-0.00033531338,0.0,0.0,-0.0,0
9153165012,-0.3295557,0.02034844,-0.00033527613,0.0,0.0,-0.0,0
9153174646,-0.32956368,0.020345956,-0.0003352575,0.0,0.0,-0.0,0
9153184050,-0.3295716,0.020343553,-0.00033520162,0.0,0.0,-0.0,0
9153194399,-0.32956648,0.020346768,-0.00033523887,0.0,0.0,-0.0,0
9153203844,-0.3295756,0.020344412,-0.00033522025,0.0,0.0,-0.0,0
9153214400,-0.3296004,0.020347705,-0.00033527613,0.0,0.0,-0.0,0
9153224901,-0.32960898,0.020356772,-0.0003354624,0.0,0.0,-0.0,0
9153235320,-0.32959536,0.020368809,-0.00033566728,0.0,0.0,-0.0,0
9153243728,-0.32960233,0.020376027,-0.00033577904,0.0,0.0,-0.0,0
9153254200,-0.32961097,0.020373277,-0.0003357418,0.0,0.0,-0.0,0
9153264789,-0.32962114,0.020370588,-0.0003356859,0.0,0.0,-0.0,0
9153274784,-0.32962996,0.020368012,-0.0003356859,0.0,0.0,-0.0,0
9153284122,-0.3296364,0.020365499,-0.00033563003,0.0,0.0,-0.0,0
9153294532,-0.329645,0.02036279,-0.00033557415,0.0,0.0,-0.0,0
9153305993,-0.32963908,0.020353422,-0.00033544376,0.0,0.0,-0.0,0
9153314460,-0.32964486,0.020360637,-0.0003355369,0.0,0.0,-0.0,0
9153323968,-0.32966432,0.020374028,-0.00033579767,0.0,0.0,-0.0,0
9153334418,-0.3296727,0.020382997,-0.0003359653,0.0,0.0,-0.0,0
9153345153,-0.32966894,0.020392297,-0.00033613294,0.0,0.0,-0.0,0
9153354558,-0.32968956,0.02039506,-0.0003361702,0.0,0.0,-0.0,0
9153364914,-0.32969803,0.020392299,-0.00033615157,0.0,0.0,-0.0,0
9153374471,-0.32969356,0.020395197,-0.0003361702,0.0,0.0,-0.0,0
9153383950,-0.32970262,0.020392746,-0.00033615157,0.0,0.0,-0.0,0
9153394401,-0.32971233,0.020390041,-0.00033611432,0.0,0.0,-0.0,0
9153405821,-0.32972303,0.020387094,-0.00033607706,0.0,0.0,-0.0,0
9153415269,-0.32974508,0.020379348,-0.00033600256,0.0,0.0,-0.0,0
9153424861,-0.3297527,0.020376822,-0.0003359653,0.0,0.0,-0.0,0
9153434416,-0.32975915,0.020374244,-0.00033590943,0.0,0.0,-0.0,0
9153444983,-0.32977656,0.020368174,-0.00033583492,0.0,0.0,-0.0,0
9153456407,-0.32980296,0.02035885,-0.00033570454,0.0,0.0,-0.0,0
9153464799,-0.32980955,0.020356676,-0.00033563003,0.0,0.0,-0.0,0
9153474787,-0.32981607,0.020354018,-0.00033563003,0.0,0.0,-0.0,0
9153486127,-0.3297998,0.020360865,-0.0003357418,0.0,0.0,-0.0,0
9153494724,-0.32978368,0.020368367,-0.00033585355,0.0,0.0,-0.0,0
9153504119,-0.32976604,0.020376548,-0.00033594668,0.0,0.0,-0.0,0
9153514907,-0.32975948,0.020379761,-0.0003359653,0.0,0.0,-0.0,0
9153524499,-0.32976782,0.020377275,-0.0003359653,0.0,0.0,-0.0,0
9153535217,-0.32979265,0.020368509,-0.00033585355,0.0,0.0,-0.0,0
9153544776,-0.32981473,0.020360705,-0.0003357418,0.0,0.0,-0.0,0
9153556418,-0.32982546,0.020357775,-0.0003356859,0.0,0.0,-0.0,0
9153564890,-0.32983208,0.020355573,-0.00033564866,0.0,0.0,-0.0,0
9153574524,-0.32985166,0.02035839,-0.0003357418,0.0,0.0,-0.0,0
9153585191,-0.32987326,0.020361502,-0.00033579767,0.0,0.0,-0.0,0
9153595892,-0.329891,0.020361997,-0.00033583492,0.0,0.0,-0.0,0
9153604342,-0.32991147,0.020374186,-0.0003360398,0.0,0.0,-0.0,0
9153614765,-0.3299351,0.020389065,-0.0003363192,0.0,0.0,-0.0,0
9153625184,-0.32997334,0.020398062,-0.0003365241,0.0,0.0,-0.0,0
9153634699,-0.32997817,0.020400885,-0.00033656135,0.0,0.0,-0.0,0
9153645223,-0.32997006,0.02040388,-0.0003365986,0.0,0.0,-0.0,0
9153655678,-0.329978,0.020401075,-0.00033656135,0.0,0.0,-0.0,0
9153666177,-0.32998735,0.020398345,-0.0003365241,0.0,0.0,-0.0,0
9153674560,-0.3299948,0.020396173,-0.00033648685,0.0,0.0,-0.0,0
9153685120,-0.33000407,0.020393431,-0.00033646822,0.0,0.0,-0.0,0
9153695640,-0.33001196,0.020390637,-0.0003364496,0.0,0.0,-0.0,0
9153704150,-0.33001828,0.020388372,-0.00033640303,0.0,0.0,-0.0,0
9153714629,-0.3300261,0.020385591,-0.00033635646,0.0,0.0,-0.0,0
9153725003,-0.33004817,0.020388654,-0.00033644028,0.0,0.0,-0.0,0
9153736684,-0.33006415,0.02038856,-0.0003364496,0.0,0.0,-0.0,0
9153745132,-0.33008087,0.020390965,-0.0003365148,0.0,0.0,-0.0,0
9153754594,-0.33010095,0.020393752,-0.00033657998,0.0,0.0,-0.0,0
9153765255,-0.33011016,0.020391,-0.00033654273,0.0,0.0,-0.0,0
9153774701,-0.3300968,0.020396566,-0.00033662654,0.0,0.0,-0.0,0
9153785136,-0.33007655,0.020405596,-0.00033675693,0.0,0.0,-0.0,0
9153795563,-0.33005637,0.020414598,-0.00033688731,0.0,0.0,-0.0,0
9153806553,-0.3300427,0.02042066,-0.00033697113,0.0,0.0,-0.0,0
9153814924,-0.33003718,0.020423075,-0.00033699907,0.0,0.0,-0.0,0
9153825375,-0.33004618,0.02042031,-0.0003369525,0.0,0.0,-0.0,0
9153835799,-0.33006224,0.020414438,-0.000336878,0.0,0.0,-0.0,0
9153845625,-0.33006805,0.020411707,-0.00033685006,0.0,0.0,-0.0,0
9153855227,-0.33008847,0.020403726,-0.0003367383,0.0,0.0,-0.0,0
9153865577,-0.33011174,0.020395206,-0.00033660792,0.0,0.0,-0.0,0
9153875218,-0.33011878,0.020392636,-0.00033656135,0.0,0.0,-0.0,0
9153884855,-0.33014035,0.02039554,-0.00033664517,0.0,0.0,-0.0,0
9153895234,-0.330178,0.020404493,-0.00033683144,0.0,0.0,-0.0,0
9153906704,-0.33020204,0.02040783,-0.00033693388,0.0,0.0,-0.0,0
9153916104,-0.33020929,0.020405333,-0.0003368687,0.0,0.0,-0.0,0
9153925593,-0.3302173,0.020402862,-0.00033685006,0.0,0.0,-0.0,0
9153935227,-0.33021063,0.020405678,-0.000336878,0.0,0.0,-0.0,0
9153946695,-0.3301943,0.020412045,-0.00033697113,0.0,0.0,-0.0,0
9153955102,-0.33020037,0.020409778,-0.00033693388,0.0,0.0,-0.0,0
9153965545,-0.33020777,0.020406961,-0.00033691525,0.0,0.0,-0.0,0
9153975873,-0.3302151,0.020404184,-0.00033685006,0.0,0.0,-0.0,0
9153986100,-0.33022094,0.020401366,-0.00033683144,0.0,0.0,-0.0,0
9153995498,-0.33022738,0.02040938,-0.00033696182,0.0,0.0,-0.0,0
9154004976,-0.33023512,0.020417538,-0.00033711083,0.0,0.0,-0.0,0
9154015507,-0.3302418,0.020414637,-0.00033707358,0.0,0.0,-0.0,0
9154025091,-0.33026177,0.020417409,-0.00033712946,0.0,0.0,-0.0,0
9154035538,-0.33029932,0.02042637,-0.00033731572,0.0,0.0,-0.0,0
9154046079,-0.33032268,0.020429485,-0.00033738092,0.0,0.0,-0.0,0
9154056518,-0.3303312,0.020426711,-0.00033734366,0.0,0.0,-0.0,0
9154064890,-0.33032632,0.020429194,-0.00033738092,0.0,0.0,-0.0,0
9154075951,-0.33031988,0.020432472,-0.0003374461,0.0,0.0,-0.0,0
9154086289,-0.33033574,0.020432735,-0.00033746473,0.0,0.0,-0.0,0
9154095035,-0.33035484,0.020445118,-0.00033767894,0.0,0.0,-0.0,0
9154105666,-0.33036187,0.020454094,-0.00033783726,0.0,0.0,-0.0,0
9154116107,-0.3303689,0.020451196,-0.00033778138,0.0,0.0,-0.0,0
9154125432,-0.3303894,0.0204539,-0.00033784658,0.0,0.0,-0.0,0
9154134961,-0.33041033,0.020456664,-0.00033792108,0.0,0.0,-0.0,0
9154145472,-0.3304318,0.020459615,-0.0003379956,0.0,0.0,-0.0,0
9154156944,-0.33045605,0.020462876,-0.0003380701,0.0,0.0,-0.0,0
9154166398,-0.33044901,0.02046553,-0.00033810735,0.0,0.0,-0.0,0
9154175805,-0.3304277,0.020473355,-0.0003382191,0.0,0.0,-0.0,0
9154186419,-0.33038896,0.020476228,-0.00033822842,0.0,0.0,-0.0,0
9154196908,-0.33036724,0.020479107,-0.00033824705,0.0,0.0,-0.0,0
9154205360,-0.3303622,0.020481529,-0.0003382843,0.0,0.0,-0.0,0
9154215879,-0.33034116,0.020490443,-0.000338424,0.0,0.0,-0.0,0
9154226337,-0.33034816,0.020499168,-0.000338573,0.0,0.0,-0.0,0
9154235751,-0.3303604,0.020499045,-0.00033859164,0.0,0.0,-0.0,0
9154246254,-0.33035427,0.020502014,-0.0003386289,0.0,0.0,-0.0,0
9154255636,-0.3303474,0.02050457,-0.00033865683,0.0,0.0,-0.0,0
9154266167,-0.33035314,0.020501459,-0.00033861957,0.0,0.0,-0.0,0
9154275314,-0.33035818,0.020498758,-0.0003385637,0.0,0.0,-0.0,0
9154285854,-0.3303492,0.02050155,-0.00033861026,0.0,0.0,-0.0,0
9154296359,-0.33034033,0.020504327,-0.00033864751,0.0,0.0,-0.0,0
9154306779,-0.33034676,0.020501282,-0.00033860095,0.0,0.0,-0.0,0
9154316302,-0.33035442,0.020498626,-0.000338573,0.0,0.0,-0.0,0
9154325676,-0.33036208,0.020495996,-0.00033854507,0.0,0.0,-0.0,0
9154336087,-0.33036977,0.020493053,-0.0003384892,0.0,0.0,-0.0,0
9154345667,-0.3303629,0.02049568,-0.00033852644,0.0,0.0,-0.0,0
9154356279,-0.33035505,0.020510478,-0.0003387686,0.0,0.0,-0.0,0
9154366367,-0.33034757,0.020524517,-0.0003389828,0.0,0.0,-0.0,0
9154376471,-0.3303427,0.020532992,-0.0003391318,0.0,0.0,-0.0,0
9154386070,-0.33036387,0.020535626,-0.00033917837,0.0,0.0,-0.0,0
9154396419,-0.3303708,0.020532578,-0.0003391318,0.0,0.0,-0.0,0
9154407780,-0.3304018,0.020526182,-0.0003390666,0.0,0.0,-0.0,0
9154416453,-0.33043283,0.020533426,-0.00033921562,0.0,0.0,-0.0,0
9154426393,-0.33045453,0.02053615,-0.00033929013,0.0,0.0,-0.0,0
9154437095,-0.3304778,0.020539075,-0.00033936463,0.0,0.0,-0.0,0
9154446542,-0.33048403,0.020541614,-0.0003394019,0.0,0.0,-0.0,0
9154456219,-0.33047688,0.020544184,-0.00033944845,0.0,0.0,-0.0,0
9154465982,-0.33048448,0.020541364,-0.0003394019,0.0,0.0,-0.0,0
9154476589,-0.3304618,0.020538233,-0.00033932738,0.0,0.0,-0.0,0
9154487214,-0.3304398,0.020540968,-0.000339346,0.0,0.0,-0.0,0
9154496648,-0.33044603,0.020538177,-0.00033932738,0.0,0.0,-0.0,0
9154505967,-0.33045337,0.020535495,-0.0003392715,0.0,0.0,-0.0,0
9154517798,-0.3304774,0.02053863,-0.00033935532,0.0,0.0,-0.0,0
9154526584,-0.3304844,0.020536104,-0.00033931807,0.0,0.0,-0.0,0
9154536069,-0.33049053,0.020533308,-0.0003392808,0.0,0.0,-0.0,0
9154546526,-0.33049735,0.020530235,-0.00033923425,0.0,0.0,-0.0,0
9154557049,-0.33050564,0.020527225,-0.000339197,0.0,0.0,-0.0,0
9154566439,-0.33051166,0.020524472,-0.00033915974,0.0,0.0,-0.0,0
9154575797,-0.3305177,0.02052174,-0.00033911783,0.0,0.0,-0.0,0
9154586391,-0.33053383,0.020521915,-0.0003391318,0.0,0.0,-0.0,0
9154595901,-0.33055437,0.020524545,-0.00033920165,0.0,0.0,-0.0,0
9154606516,-0.3305626,0.020521525,-0.00033915043,0.0,0.0,-0.0,0
9154616963,-0.33055598,0.02052443,-0.000339197,0.0,0.0,-0.0,0
9154626287,-0.33055723,0.020524124,-0.00033920165,0.0,0.0,-0.0,0
9154635758,-0.33055243,0.020526823,-0.00033923425,0.0,0.0,-0.0,0
9154646266,-0.33053225,0.02053573,-0.00033935998,0.0,0.0,-0.0,0
9154657681,-0.33053124,0.020535698,-0.00033935532,0.0,0.0,-0.0,0
9154666131,-0.33052596,0.020538023,-0.00033938792,0.0,0.0,-0.0,0
9154676630,-0.3305034,0.020546699,-0.000339509,0.0,0.0,-0.0,0
9154687132,-0.3304941,0.020549381,-0.00033954624,0.0,0.0,-0.0,0
9154697922,-0.33048683,0.020552274,-0.00033958815,0.0,0.0,-0.0,0
9154706408,-0.33049348,0.020549817,-0.00033955555,0.0,0.0,-0.0,0
9154716911,-0.33050033,0.020546691,-0.00033950433,0.0,0.0,-0.0,0
9154727266,-0.33049315,0.020549461,-0.00033954624,0.0,0.0,-0.0,0
9154736782,-0.33050057,0.020546708,-0.000339509,0.0,0.0,-0.0,0
9154746194,-0.330521,0.020549268,-0.00033956952,0.0,0.0,-0.0,0
9154756678,-0.33055815,0.020557975,-0.00033974648,0.0,0.0,-0.0,0
9154768163,-0.33057368,0.020557832,-0.0003397651,0.0,0.0,-0.0,0
9154776830,-0.3305791,0.02055524,-0.00033972785,0.0,0.0,-0.0,0
9154786187,-0.33058512,0.020552447,-0.0003396906,0.0,0.0,-0.0,0
9154796788,-0.33059314,0.020549366,-0.00033965334,0.0,0.0,-0.0,0
9154806483,-0.330614,0.020541104,-0.0003395276,0.0,0.0,-0.0,0
9154817165,-0.33062208,0.020538026,-0.00033949502,0.0,0.0,-0.0,0
9154826484,-0.33061618,0.020540584,-0.0003395276,0.0,0.0,-0.0,0
9154836919,-0.33063024,0.020552326,-0.0003397325,0.0,0.0,-0.0,0
9154847285,-0.33065242,0.020566756,-0.00033999328,0.0,0.0,-0.0,0
9154856961,-0.33067292,0.020569343,-0.00034006312,0.0,0.0,-0.0,0
9154867039,-0.33068043,0.020566382,-0.0003400119,0.0,0.0,-0.0,0
9154876326,-0.33068743,0.020563656,-0.00033998396,0.0,0.0,-0.0,0
9154886847,-0.33069387,0.020560497,-0.00033993507,0.0,0.0,-0.0,0
9154897293,-0.33068565,0.020563228,-0.00033997232,0.0,0.0,-0.0,0
9154908328,-0.3306775,0.020578524,-0.0003402168,0.0,0.0,-0.0,0
9154916876,-0.33068264,0.020585515,-0.00034033554,0.0,0.0,-0.0,0
9154927240,-0.3307047,0.020588242,-0.00034040306,0.0,0.0,-0.0,0
9154937679,-0.33072686,0.020590987,-0.00034047524,0.0,0.0,-0.0,0
9154948453,-0.3307407,0.020590665,-0.00034048222,0.0,0.0,-0.0,0
9154956851,-0.33075738,0.020592792,-0.0003405381,0.0,0.0,-0.0,0
9154966795,-0.33077702,0.020595316,-0.0003405963,0.0,0.0,-0.0,0
9154977113,-0.3307845,0.02059223,-0.0003405544,0.0,0.0,-0.0,0
9154987696,-0.33079085,0.020588992,-0.00034050783,0.0,0.0,-0.0,0
9154997147,-0.33079636,0.020596689,-0.0003406359,0.0,0.0,-0.0,0
9155007702,-0.33081833,0.02061129,-0.00034090597,0.0,0.0,-0.0,0
9155018174,-0.3308311,0.020628722,-0.00034120632,0.0,0.0,-0.0,0
9155026689,-0.33082402,0.020640371,-0.00034138793,0.0,0.0,-0.0,0
9155036567,-0.33080217,0.020648338,-0.0003414997,0.0,0.0,-0.0,0
9155047323,-0.33079487,0.02065105,-0.00034153461,0.0,0.0,-0.0,0
9155056795,-0.33078843,0.020653436,-0.00034156954,0.0,0.0,-0.0,0
9155067106,-0.3307959,0.020650238,-0.00034152297,0.0,0.0,-0.0,0
9155077473,-0.33081782,0.020652838,-0.00034158817,0.0,0.0,-0.0,0
9155088949,-0.33084038,0.02065561,-0.00034165801,0.0,0.0,-0.0,0
9155096331,-0.330866,0.020661589,-0.00034178374,0.0,0.0,-0.0,0
9155106815,-0.3308719,0.02066998,-0.0003419281,0.0,0.0,-0.0,0
9155117457,-0.33086315,0.020672532,-0.00034196535,0.0,0.0,-0.0,0
9155126794,-0.33086914,0.02066956,-0.00034191879,0.0,0.0,-0.0,0
9155136320,-0.33087462,0.020666497,-0.00034187455,0.0,0.0,-0.0,0
9155146847,-0.33088207,0.020663202,-0.00034182798,0.0,0.0,-0.0,0
9155158513,-0.33089027,0.020659558,-0.00034177443,0.0,0.0,-0.0,0
9155166993,-0.33087796,0.020663943,-0.00034183613,0.0,0.0,-0.0,0
9155177449,-0.33086938,0.020666458,-0.00034186873,0.0,0.0,-0.0,0
9155187933,-0.33087552,0.020663094,-0.0003418175,0.0,0.0,-0.0,0
9155198505,-0.3308875,0.02066261,-0.00034182216,0.0,0.0,-0.0,0
9155206932,-0.33091453,0.02066926,-0.0003419607,0.0,0.0,-0.0,0
9155217458,-0.33091888,0.020677565,-0.00034210272,0.0,0.0,-0.0,0
9155227789,-0.33091024,0.020680018,-0.00034213415,0.0,0.0,-0.0,0
9155237274,-0.3309169,0.020677028,-0.00034209108,0.0,0.0,-0.0,0
9155247766,-0.33092415,0.020673716,-0.00034204393,0.0,0.0,-0.0,0
9155258537,-0.330933,0.020670407,-0.0003419991,0.0,0.0,-0.0,0
9155269118,-0.33093953,0.020667033,-0.00034195022,0.0,0.0,-0.0,0
9155277570,-0.33094537,0.020664385,-0.0003419121,0.0,0.0,-0.0,0
9155287143,-0.33095205,0.020661397,-0.00034186916,0.0,0.0,-0.0,0
9155297463,-0.33095774,0.02065809,-0.0003418204,0.0,0.0,-0.0,0
9155307991,-0.3309644,0.020654775,-0.0003417721,0.0,0.0,-0.0,0
9155317437,-0.33095765,0.020657144,-0.00034180435,0.0,0.0,-0.0,0
9155327950,-0.33095017,0.020659786,-0.0003418399,0.0,0.0,-0.0,0
9155339366,-0.33095706,0.020668978,-0.0003419997,0.0,0.0,-0.0,0
9155347038,-0.33096027,0.020675028,-0.00034210316,0.0,0.0,-0.0,0
9155359974,-0.33096725,0.020685354,-0.00034228113,0.0,0.0,-0.0,0
9155367586,-0.33097142,0.020682879,-0.0003422446,0.0,0.0,-0.0,0
9155378235,-0.3309917,0.020685216,-0.00034230427,0.0,0.0,-0.0,0
9155387614,-0.33102152,0.020692574,-0.00034245662,0.0,0.0,-0.0,0
9155397022,-0.3310396,0.020694772,-0.00034251163,0.0,0.0,-0.0,0
9155408544,-0.33105385,0.02069397,-0.00034251309,0.0,0.0,-0.0,0
9155417984,-0.33105883,0.020701466,-0.0003426426,0.0,0.0,-0.0,0
9155427380,-0.33105192,0.020703737,-0.00034267316,0.0,0.0,-0.0,0
9155437791,-0.33105755,0.020700324,-0.00034262222,0.0,0.0,-0.0,0
9155448315,-0.33108473,0.020705827,-0.00034274155,0.0,0.0,-0.0,0
9155457827,-0.33110422,0.020708097,-0.00034279918,0.0,0.0,-0.0,0
9155467325,-0.33109722,0.020710386,-0.00034283003,0.0,0.0,-0.0,0
9155477679,-0.3310895,0.020712871,-0.0003428629,0.0,0.0,-0.0,0
9155488200,-0.3310965,0.020709481,-0.00034281402,0.0,0.0,-0.0,0
9155497580,-0.33107522,0.020706391,-0.00034274068,0.0,0.0,-0.0,0
9155508301,-0.33105102,0.020702876,-0.00034265686,0.0,0.0,-0.0,0
9155519309,-0.33103424,0.02070905,-0.000342743,0.0,0.0,-0.0,0
9155528274,-0.33102766,0.020711204,-0.0003427721,0.0,0.0,-0.0,0
9155537956,-0.33103424,0.020708084,-0.0003427267,0.0,0.0,-0.0,0
9155548482,-0.33104128,0.020704703,-0.00034267665,0.0,0.0,-0.0,0
9155557874,-0.33104765,0.020701688,-0.00034263358,0.0,0.0,-0.0,0
9155567285,-0.33105388,0.020698674,-0.00034258934,0.0,0.0,-0.0,0
9155578759,-0.33106163,0.020695012,-0.00034253811,0.0,0.0,-0.0,0
9155589262,-0.33106807,0.020691626,-0.00034248922,0.0,0.0,-0.0,0
9155597710,-0.33108425,0.0206936,-0.00034253346,0.0,0.0,-0.0,0
9155608253,-0.33110443,0.020696059,-0.00034259865,0.0,0.0,-0.0,0
9155618588,-0.33110303,0.020695474,-0.000342587,0.0,0.0,-0.0,0
9155629267,-0.3310773,0.020703856,-0.0003427011,0.0,0.0,-0.0,0
9155637651,-0.33107,0.020715201,-0.00034288038,0.0,0.0,-0.0,0
9155648111,-0.3310622,0.020729445,-0.00034311088,0.0,0.0,-0.0,0
9155659508,-0.33105373,0.020732135,-0.00034314347,0.0,0.0,-0.0,0
9155667960,-0.3310588,0.02072934,-0.0003431039,0.0,0.0,-0.0,0
9155678452,-0.3310644,0.020725844,-0.00034305034,0.0,0.0,-0.0,0
9155687785,-0.33106947,0.020722736,-0.0003430061,0.0,0.0,-0.0,0
9155699372,-0.33109325,0.02072547,-0.0003430713,0.0,0.0,-0.0,0
9155707808,-0.3310975,0.020732114,-0.00034319004,0.0,0.0,-0.0,0
9155717998,-0.33107442,0.020740144,-0.00034329714,0.0,0.0,-0.0,0
9155728416,-0.33106798,0.020742666,-0.00034333207,0.0,0.0,-0.0,0
9155737884,-0.33107486,0.020739593,-0.00034328783,0.0,0.0,-0.0,0
9155748406,-0.33108056,0.020736063,-0.00034323893,0.0,0.0,-0.0,0
9155758770,-0.33108607,0.020732597,-0.00034318306,0.0,0.0,-0.0,0
9155769229,-0.33107013,0.020738034,-0.0003432599,0.0,0.0,-0.0,0
9155778647,-0.33106083,0.020740079,-0.0003432855,0.0,0.0,-0.0,0
9155788102,-0.33106458,0.020736834,-0.00034323428,0.0,0.0,-0.0,0
9155798637,-0.33105612,0.02073926,-0.00034326222,0.0,0.0,-0.0,0
9155808109,-0.33104914,0.020741476,-0.0003432925,0.0,0.0,-0.0,0
9155818587,-0.33104017,0.020743834,-0.00034332275,0.0,0.0,-0.0,0
9155829103,-0.33106044,0.020746186,-0.00034338562,0.0,0.0,-0.0,0
9155839400,-0.3310594,0.020751197,-0.0003434671,0.0,0.0,-0.0,0
9155847881,-0.33106506,0.020748401,-0.00034342287,0.0,0.0,-0.0,0
9155858363,-0.33107203,0.020744946,-0.00034337863,0.0,0.0,-0.0,0
9155868787,-0.33107895,0.020741515,-0.0003433274,0.0,0.0,-0.0,0
9155878160,-0.33109105,0.020741038,-0.0003433274,0.0,0.0,-0.0,0
9155888656,-0.33106598,0.020737441,-0.0003432436,0.0,0.0,-0.0,0
9155898980,-0.33104268,0.020745562,-0.00034335535,0.0,0.0,-0.0,0
9155909495,-0.33101884,0.02075382,-0.0003434671,0.0,0.0,-0.0,0
9155917863,-0.3310128,0.02075576,-0.00034349505,0.0,0.0,-0.0,0
9155928400,-0.33101857,0.020752192,-0.0003434345,0.0,0.0,-0.0,0
9155938744,-0.331032,0.020751638,-0.00034344383,0.0,0.0,-0.0,0
9155949227,-0.33105224,0.02075396,-0.00034350436,0.0,0.0,-0.0,0
9155958644,-0.33105728,0.020750774,-0.0003434578,0.0,0.0,-0.0,0
9155968260,-0.33106253,0.020747531,-0.00034341123,0.0,0.0,-0.0,0
9155979247,-0.33105376,0.020750042,-0.00034344848,0.0,0.0,-0.0,0
9155988947,-0.33104783,0.020752374,-0.00034347177,0.0,0.0,-0.0,0
9155998356,-0.3310409,0.020754546,-0.00034350436,0.0,0.0,-0.0,0
9156008915,-0.33106112,0.020745052,-0.00034336,0.0,0.0,-0.0,0
9156019489,-0.33107358,0.020745192,-0.00034338795,0.0,0.0,-0.0,0
9156028302,-0.33107924,0.020752179,-0.00034350436,0.0,0.0,-0.0,0
9156038860,-0.33108622,0.020748693,-0.00034345314,0.0,0.0,-0.0,0
9156049476,-0.33107024,0.0207538,-0.000343523,0.0,0.0,-0.0,0
9156058848,-0.33104885,0.020761147,-0.00034362078,0.0,0.0,-0.0,0
9156068295,-0.3310396,0.02076316,-0.0003436394,0.0,0.0,-0.0,0
9156078834,-0.33102915,0.020765388,-0.00034366734,0.0,0.0,-0.0,0
9156090343,-0.33101147,0.02077107,-0.0003437465,0.0,0.0,-0.0,0
9156098700,-0.33101612,0.020768216,-0.00034369994,0.0,0.0,-0.0,0
9156108172,-0.33102122,0.020764982,-0.00034364872,0.0,0.0,-0.0,0
9156118517,-0.3310269,0.020761462,-0.0003436068,0.0,0.0,-0.0,0
9156129128,-0.33104137,0.020761121,-0.00034361146,0.0,0.0,-0.0,0
9156138862,-0.33106,0.020763256,-0.00034365803,0.0,0.0,-0.0,0
9156149380,-0.33106703,0.020759756,-0.00034362078,0.0,0.0,-0.0,0
9156159875,-0.33108073,0.020758998,-0.00034361612,0.0,0.0,-0.0,0
9156168312,-0.33110854,0.02076557,-0.0003437465,0.0,0.0,-0.0,0
9156178743,-0.33111396,0.020773709,-0.0003438862,0.0,0.0,-0.0,0
9156189227,-0.33109134,0.020781979,-0.00034400728,0.0,0.0,-0.0,0
9156198697,-0.33107057,0.020789394,-0.00034409575,0.0,0.0,-0.0,0
9156209166,-0.3310469,0.020785782,-0.00034402125,0.0,0.0,-0.0,0
9156218750,-0.33102643,0.020782558,-0.00034394674,0.0,0.0,-0.0,0
9156229173,-0.33101827,0.020778604,-0.0003438769,0.0,0.0,-0.0,0
9156238578,-0.33101022,0.020770097,-0.00034372322,0.0,0.0,-0.0,0
9156249095,-0.33101737,0.02076659,-0.000343672,0.0,0.0,-0.0,0
9156259410,-0.33104512,0.020754432,-0.00034349505,0.0,0.0,-0.0,0
9156269858,-0.33106512,0.020745026,-0.00034336466,0.0,0.0,-0.0,0
9156279353,-0.3310715,0.020741902,-0.00034332275,0.0,0.0,-0.0,0
9156288701,-0.3310647,0.02074409,-0.00034334604,0.0,0.0,-0.0,0
9156299088,-0.33107162,0.02074645,-0.00034339726,0.0,0.0,-0.0,0
9156309046,-0.33108935,0.020748585,-0.00034346245,0.0,0.0,-0.0,0
9156319364,-0.3310949,0.020745106,-0.00034340657,0.0,0.0,-0.0,0
9156329843,-0.33108637,0.0207475,-0.0003434345,0.0,0.0,-0.0,0
9156340398,-0.3310773,0.020749869,-0.00034345314,0.0,0.0,-0.0,0
9156348769,-0.33105826,0.020756437,-0.00034354627,0.0,0.0,-0.0,0
9156359233,-0.3310493,0.020758763,-0.00034357887,0.0,0.0,-0.0,0
9156369602,-0.3310625,0.020758078,-0.0003435742,0.0,0.0,-0.0,0
9156379087,-0.33108068,0.020760167,-0.00034362078,0.0,0.0,-0.0,0
9156388705,-0.33108592,0.020756904,-0.00034359284,0.0,0.0,-0.0,0
9156399191,-0.33109146,0.020753358,-0.00034352764,0.0,0.0,-0.0,0
9156410680,-0.33109754,0.020749468,-0.00034348108,0.0,0.0,-0.0,0
9156419349,-0.3310911,0.020751482,-0.0003434997,0.0,0.0,-0.0,0
9156428783,-0.33108297,0.020753589,-0.00034352764,0.0,0.0,-0.0,0
9156439253,-0.33108845,0.020750046,-0.00034346245,0.0,0.0,-0.0,0
9156449761,-0.33109474,0.02074654,-0.0003434252,0.0,0.0,-0.0,0
9156459171,-0.3310722,0.020743303,-0.0003433507,0.0,0.0,-0.0,0
9156469732,-0.33106294,0.020745665,-0.00034337863,0.0,0.0,-0.0,0
9156480576,-0.33107662,0.020744931,-0.00034337863,0.0,0.0,-0.0,0
9156489022,-0.33108112,0.020742089,-0.00034334138,0.0,0.0,-0.0,0
9156499455,-0.33107206,0.020744437,-0.00034336932,0.0,0.0,-0.0,0
9156510171,-0.33107105,0.02074387,-0.00034334138,0.0,0.0,-0.0,0
9156520947,-0.33107683,0.020740248,-0.00034331344,0.0,0.0,-0.0,0
9156529637,-0.33108145,0.020737335,-0.00034326687,0.0,0.0,-0.0,0
9156539312,-0.33108786,0.020734169,-0.00034319237,0.0,0.0,-0.0,0
9156550010,-0.33109492,0.020730674,-0.00034316443,0.0,0.0,-0.0,0
9156559045,-0.33110094,0.020727728,-0.00034311786,0.0,0.0,-0.0,0
9156569596,-0.3311065,0.020724215,-0.00034306198,0.0,0.0,-0.0,0
9156579980,-0.33110362,0.020723503,-0.00034305267,0.0,0.0,-0.0,0
9156590509,-0.33109444,0.02072591,-0.0003430806,0.0,0.0,-0.0,0
9156598922,-0.33110005,0.020723173,-0.00034303404,0.0,0.0,-0.0,0
9156609489,-0.33110702,0.020719742,-0.0003429968,0.0,0.0,-0.0,0
9156619855,-0.33111387,0.020716384,-0.00034295022,0.0,0.0,-0.0,0
9156629414,-0.3311202,0.020713298,-0.00034290366,0.0,0.0,-0.0,0
9156640098,-0.33112568,0.020709766,-0.0003428571,0.0,0.0,-0.0,0
9156649726,-0.33112374,0.020709395,-0.00034283847,0.0,0.0,-0.0,0
9156661323,-0.33111367,0.02071208,-0.0003428664,0.0,0.0,-0.0,0
9156668768,-0.33111855,0.02070968,-0.00034283847,0.0,0.0,-0.0,0
9156679252,-0.33112413,0.020706225,-0.0003427826,0.0,0.0,-0.0,0
9156689633,-0.33112818,0.020702736,-0.00034273602,0.0,0.0,-0.0,0
9156700106,-0.33114192,0.0207024,-0.00034273602,0.0,0.0,-0.0,0
9156709520,-0.33114794,0.020709954,-0.00034287572,0.0,0.0,-0.0,0
9156720032,-0.33114013,0.020712469,-0.00034291297,0.0,0.0,-0.0,0
9156731672,-0.33114773,0.020708708,-0.0003428571,0.0,0.0,-0.0,0
9156739016,-0.33115262,0.020706344,-0.00034281984,0.0,0.0,-0.0,0
9156749648,-0.33115938,0.020702926,-0.00034277327,0.0,0.0,-0.0,0
9156760039,-0.33116612,0.020699607,-0.00034270808,0.0,0.0,-0.0,0
9156770003,-0.33115858,0.020702023,-0.00034275465,0.0,0.0,-0.0,0
9156779567,-0.33115143,0.02070434,-0.0003427826,0.0,0.0,-0.0,0
9156790185,-0.3311584,0.020700939,-0.0003427267,0.0,0.0,-0.0,0
9156799856,-0.33115104,0.020703273,-0.00034275465,0.0,0.0,-0.0,0
9156809479,-0.33114627,0.020710997,-0.00034289435,0.0,0.0,-0.0,0
9156819930,-0.3311676,0.02071349,-0.00034295954,0.0,0.0,-0.0,0
9156830304,-0.33117425,0.020710142,-0.00034291297,0.0,0.0,-0.0,0
9156840840,-0.3311643,0.020712538,-0.0003429409,0.0,0.0,-0.0,0
9156850162,-0.3311691,0.020709462,-0.00034289435,0.0,0.0,-0.0,0
9156859506,-0.331174,0.020706384,-0.00034284778,0.0,0.0,-0.0,0
9156869968,-0.33118778,0.020706117,-0.00034284778,0.0,0.0,-0.0,0
9156879653,-0.33120748,0.020708434,-0.00034292229,0.0,0.0,-0.0,0
9156890139,-0.33121276,0.020704981,-0.00034284778,0.0,0.0,-0.0,0
9156900289,-0.33120376,0.020707339,-0.00034289435,0.0,0.0,-0.0,0
9156911677,-0.33120096,0.020706678,-0.00034288503,0.0,0.0,-0.0,0
9156920125,-0.33119348,0.02070864,-0.00034290366,0.0,0.0,-0.0,0
9156929654,-0.33117282,0.020716285,-0.0003429968,0.0,0.0,-0.0,0
9156940069,-0.33116367,0.020718686,-0.00034303404,0.0,0.0,-0.0,0
9156950572,-0.33116984,0.020715248,-0.00034298748,0.0,0.0,-0.0,0
9156959595,-0.33117566,0.020712331,-0.00034295022,0.0,0.0,-0.0,0
9156970081,-0.3311664,0.020714758,-0.00034298748,0.0,0.0,-0.0,0
9156981789,-0.33115512,0.020730503,-0.0003432203,0.0,0.0,-0.0,0
9156990156,-0.33113706,0.020737184,-0.00034331344,0.0,0.0,-0.0,0
9156999681,-0.33112872,0.020739337,-0.00034334138,0.0,0.0,-0.0,0
9157010070,-0.33114854,0.020741668,-0.00034340657,0.0,0.0,-0.0,0
9157020616,-0.3311467,0.020746827,-0.00034348108,0.0,0.0,-0.0,0
9157030044,-0.3311516,0.02074365,-0.0003434345,0.0,0.0,-0.0,0
9157040476,-0.33114374,0.020746088,-0.00034347177,0.0,0.0,-0.0,0
9157052022,-0.33111897,0.020742299,-0.00034336932,0.0,0.0,-0.0,0
9157059337,-0.33110332,0.020748135,-0.00034346245,0.0,0.0,-0.0,0
9157070033,-0.33109382,0.020762498,-0.00034368597,0.0,0.0,-0.0,0
9157080519,-0.3310846,0.02076481,-0.00034372322,0.0,0.0,-0.0,0
9157091071,-0.33107522,0.020778958,-0.0003439281,0.0,0.0,-0.0,0
9157100506,-0.33106837,0.020781096,-0.00034396537,0.0,0.0,-0.0,0
9157109925,-0.33106023,0.020783141,-0.000343984,0.0,0.0,-0.0,0
9157120392,-0.3310226,0.020785468,-0.0003439933,0.0,0.0,-0.0,0
9157129950,-0.3310157,0.020787615,-0.00034403056,0.0,0.0,-0.0,0
9157140410,-0.33102277,0.020784087,-0.00034396537,0.0,0.0,-0.0,0
9157150967,-0.33104315,0.020786362,-0.00034403056,0.0,0.0,-0.0,0
9157161819,-0.3310722,0.02079174,-0.00034415163,0.0,0.0,-0.0,0
9157170199,-0.33108932,0.020793602,-0.0003441982,0.0,0.0,-0.0,0
9157180770,-0.33111098,0.020795947,-0.0003442634,0.0,0.0,-0.0,0
9157191134,-0.33111122,0.020795085,-0.0003442634,0.0,0.0,-0.0,0
9157200599,-0.33110416,0.020797193,-0.0003442634,0.0,0.0,-0.0,0
9157210734,-0.33111084,0.020793753,-0.00034421682,0.0,0.0,-0.0,0
9157221115,-0.33111638,0.02079016,-0.00034417026,0.0,0.0,-0.0,0
9157231766,-0.33112136,0.020786444,-0.00034409575,0.0,0.0,-0.0,0
9157240137,-0.33111507,0.020788323,-0.0003441237,0.0,0.0,-0.0,0
9157250717,-0.33110583,0.020790609,-0.00034414232,0.0,0.0,-0.0,0
9157261122,-0.3311257,0.020792829,-0.00034421682,0.0,0.0,-0.0,0
9157270592,-0.33115095,0.020797556,-0.00034431927,0.0,0.0,-0.0,0
9157281048,-0.3311564,0.02079394,-0.0003442634,0.0,0.0,-0.0,0
9157290416,-0.33117425,0.02079594,-0.00034432858,0.0,0.0,-0.0,0
9157301911,-0.33118832,0.020794962,-0.00034432858,0.0,0.0,-0.0,0
9157310342,-0.33119375,0.020792102,-0.00034428202,0.0,0.0,-0.0,0
9157320907,-0.3312005,0.020788528,-0.00034423545,0.0,0.0,-0.0,0
9157331317,-0.3311831,0.02079372,-0.00034430996,0.0,0.0,-0.0,0
9157341535,-0.3311585,0.020801544,-0.0003444124,0.0,0.0,-0.0,0
9157350236,-0.3311387,0.020808272,-0.0003444869,0.0,0.0,-0.0,0
9157360758,-0.33111605,0.02081651,-0.0003446173,0.0,0.0,-0.0,0
9157371078,-0.33111262,0.020816136,-0.00034458004,0.0,0.0,-0.0,0
9157380576,-0.33111763,0.020812808,-0.0003445521,0.0,0.0,-0.0,0
9157391071,-0.33110976,0.02081511,-0.0003445614,0.0,0.0,-0.0,0
9157400560,-0.3311028,0.020817189,-0.00034458935,0.0,0.0,-0.0,0
9157412130,-0.3311096,0.02081317,-0.0003445428,0.0,0.0,-0.0,0
9157420511,-0.33110237,0.020805536,-0.0003444031,0.0,0.0,-0.0,0
9157431031,-0.3311091,0.020801943,-0.00034435652,0.0,0.0,-0.0,0
9157441489,-0.3311305,0.020804243,-0.0003444124,0.0,0.0,-0.0,0
9157450914,-0.3311293,0.02080341,-0.0003444031,0.0,0.0,-0.0,0
9157460305,-0.33110803,0.020810679,-0.0003444869,0.0,0.0,-0.0,0
9157470753,-0.33109877,0.020812882,-0.00034452416,0.0,0.0,-0.0,0
9157482432,-0.3311057,0.020808842,-0.00034445897,0.0,0.0,-0.0,0
9157490760,-0.3311102,0.02080593,-0.0003444031,0.0,0.0,-0.0,0
9157501244,-0.33111566,0.020802274,-0.00034435652,0.0,0.0,-0.0,0
9157511632,-0.33110029,0.020801732,-0.0003443379,0.0,0.0,-0.0,0
9157521376,-0.33107948,0.020798428,-0.0003442634,0.0,0.0,-0.0,0
9157531096,-0.33107102,0.0208005,-0.00034430064,0.0,0.0,-0.0,0
9157541708,-0.33107534,0.020796735,-0.00034423545,0.0,0.0,-0.0,0
9157552166,-0.3310816,0.020793147,-0.00034417957,0.0,0.0,-0.0,0
9157560557,-0.3310977,0.020794936,-0.00034422614,0.0,0.0,-0.0,0
9157571232,-0.33111814,0.02079721,-0.00034428202,0.0,0.0,-0.0,0
9157581687,-0.331125,0.020793661,-0.00034422614,0.0,0.0,-0.0,0
9157591086,-0.33111677,0.020795677,-0.0003442634,0.0,0.0,-0.0,0
9157600527,-0.3311097,0.02079778,-0.00034429133,0.0,0.0,-0.0,0
9157611059,-0.33110198,0.020800129,-0.00034431927,0.0,0.0,-0.0,0
9157622585,-0.33110735,0.020796081,-0.00034424476,0.0,0.0,-0.0,0
9157631016,-0.33111188,0.02079316,-0.00034421682,0.0,0.0,-0.0,0
9157641598,-0.33110264,0.020795435,-0.00034424476,0.0,0.0,-0.0,0
9157652055,-0.33110023,0.020794697,-0.00034422614,0.0,0.0,-0.0,0
9157662524,-0.3311071,0.020791134,-0.00034417026,0.0,0.0,-0.0,0
9157670907,-0.33108813,0.020788243,-0.00034410506,0.0,0.0,-0.0,0
9157681526,-0.3310479,0.020778557,-0.0003439095,0.0,0.0,-0.0,0
9157690890,-0.3310455,0.020772599,-0.00034380704,0.0,0.0,-0.0,0
9157701368,-0.3310512,0.020769017,-0.00034376048,0.0,0.0,-0.0,0
9157710846,-0.3310563,0.02076578,-0.0003437046,0.0,0.0,-0.0,0
9157721248,-0.33106315,0.020762313,-0.00034365803,0.0,0.0,-0.0,0
9157732905,-0.33107105,0.020758444,-0.0003435742,0.0,0.0,-0.0,0
9157741524,-0.33107683,0.020755583,-0.00034354627,0.0,0.0,-0.0,0
9157750828,-0.33106875,0.020757653,-0.00034358352,0.0,0.0,-0.0,0
9157761239,-0.33105838,0.020759871,-0.00034360215,0.0,0.0,-0.0,0
9157771725,-0.3310415,0.020765338,-0.00034367666,0.0,0.0,-0.0,0
9157781156,-0.33102024,0.020772707,-0.00034378842,0.0,0.0,-0.0,0
9157791693,-0.33101255,0.020775104,-0.00034380704,0.0,0.0,-0.0,0
9157802157,-0.33101976,0.020771602,-0.0003437698,0.0,0.0,-0.0,0
9157810601,-0.33102438,0.020768717,-0.00034373254,0.0,0.0,-0.0,0
9157821196,-0.33103007,0.020765103,-0.00034367666,0.0,0.0,-0.0,0
9157831519,-0.3310514,0.020767454,-0.00034369528,0.0,0.0,-0.0,0
9157842048,-0.33106354,0.020766724,-0.00034369528,0.0,0.0,-0.0,0
9157851406,-0.33105546,0.020768788,-0.00034373254,0.0,0.0,-0.0,0
9157861925,-0.33106223,0.020777076,-0.00034390017,0.0,0.0,-0.0,0
9157872545,-0.33108276,0.020779379,-0.00034393743,0.0,0.0,-0.0,0
9157880912,-0.33109993,0.02078126,-0.00034401193,0.0,0.0,-0.0,0
9157891406,-0.33110678,0.020777732,-0.00034397468,0.0,0.0,-0.0,0
9157901873,-0.33112678,0.020768262,-0.00034380704,0.0,0.0,-0.0,0
9157912358,-0.33113366,0.020764764,-0.0003437698,0.0,0.0,-0.0,0
9157921759,-0.3311398,0.020761635,-0.00034369528,0.0,0.0,-0.0,0
9157931158,-0.33114594,0.020758513,-0.00034367666,0.0,0.0,-0.0,0
9157941668,-0.33115283,0.02075503,-0.00034362078,0.0,0.0,-0.0,0
9157951135,-0.33115894,0.020751892,-0.00034358352,0.0,0.0,-0.0,0
9157961606,-0.33115107,0.020754319,-0.00034360215,0.0,0.0,-0.0,0
9157971971,-0.33114326,0.020756716,-0.00034362078,0.0,0.0,-0.0,0
9157982554,-0.33114943,0.020753168,-0.0003435649,0.0,0.0,-0.0,0
9157992133,-0.33115447,0.020749932,-0.00034354627,0.0,0.0,-0.0,0
9158002303,-0.33116105,0.020746572,-0.00034350902,0.0,0.0,-0.0,0
9158011874,-0.33114615,0.02075184,-0.0003435649,0.0,0.0,-0.0,0
9158021107,-0.33113927,0.02075398,-0.00034360215,0.0,0.0,-0.0,0
9158031573,-0.33113146,0.020756397,-0.0003436394,0.0,0.0,-0.0,0
9158042000,-0.33112362,0.020758808,-0.0003436394,0.0,0.0,-0.0,0
9158053626,-0.33113125,0.02075495,-0.00034358352,0.0,0.0,-0.0,0
9158060972,-0.3311351,0.020752463,-0.00034354627,0.0,0.0,-0.0,0
9158071570,-0.33114064,0.020748885,-0.00034352764,0.0,0.0,-0.0,0
9158082180,-0.33112478,0.020754237,-0.0003435649,0.0,0.0,-0.0,0
9158091700,-0.33110195,0.020761605,-0.00034365803,0.0,0.0,-0.0,0
9158102112,-0.33109152,0.020763818,-0.00034367666,0.0,0.0,-0.0,0
9158112615,-0.33111152,0.020766113,-0.00034375116,0.0,0.0,-0.0,0
9158123065,-0.33113912,0.02077097,-0.00034386292,0.0,0.0,-0.0,0
9158131560,-0.3311446,0.020768132,-0.00034380704,0.0,0.0,-0.0,0
9158142088,-0.33115152,0.02076462,-0.0003437698,0.0,0.0,-0.0,0
9158152436,-0.33115822,0.020761177,-0.00034373254,0.0,0.0,-0.0,0
9158163388,-0.33115643,0.020760452,-0.0003437139,0.0,0.0,-0.0,0
9158171620,-0.33116058,0.020766879,-0.00034382567,0.0,0.0,-0.0,0
9158182013,-0.33118027,0.020769147,-0.00034388155,0.0,0.0,-0.0,0
9158193535,-0.3311877,0.020765303,-0.00034382567,0.0,0.0,-0.0,0
9158201965,-0.3311848,0.020774728,-0.00034397468,0.0,0.0,-0.0,0
9158211463,-0.33119076,0.02078221,-0.00034408644,0.0,0.0,-0.0,0
9158221829,-0.33121037,0.020784441,-0.00034416094,0.0,0.0,-0.0,0
9158233313,-0.33121622,0.020780489,-0.00034410506,0.0,0.0,-0.0,0
9158242025,-0.33122063,0.020777496,-0.0003440678,0.0,0.0,-0.0,0
9158252594,-0.33122724,0.020773947,-0.0003439933,0.0,0.0,-0.0,0
9158261933,-0.33123198,0.020770751,-0.00034395605,0.0,0.0,-0.0,0
9158271491,-0.33123803,0.020767558,-0.00034390017,0.0,0.0,-0.0,0
9158282015,-0.33123,0.020769967,-0.00034393743,0.0,0.0,-0.0,0
9158292460,-0.331206,0.02077812,-0.0003440678,0.0,0.0,-0.0,0
9158302944,-0.33119535,0.020780312,-0.00034408644,0.0,0.0,-0.0,0
9158311373,-0.3311867,0.020782072,-0.0003441237,0.0,0.0,-0.0,0
9158321820,-0.33117747,0.02078434,-0.0003441237,0.0,0.0,-0.0,0
9158332422,-0.33116943,0.020786729,-0.00034416094,0.0,0.0,-0.0,0
9158341987,-0.33117563,0.020783503,-0.00034414232,0.0,0.0,-0.0,0
9158352421,-0.3311968,0.020785838,-0.00034416094,0.0,0.0,-0.0,0
9158362857,-0.33121794,0.02078817,-0.00034423545,0.0,0.0,-0.0,0
9158373328,-0.33122462,0.020784631,-0.00034417957,0.0,0.0,-0.0,0
9158381748,-0.33122998,0.020781795,-0.00034414232,0.0,0.0,-0.0,0
9158392524,-0.33123678,0.020778172,-0.00034410506,0.0,0.0,-0.0,0
9158402955,-0.3312434,0.02077467,-0.00034403056,0.0,0.0,-0.0,0
9158414378,-0.33123475,0.020777266,-0.00034408644,0.0,0.0,-0.0,0
9158421710,-0.33122808,0.020778866,-0.00034408644,0.0,0.0,-0.0,0
9158432285,-0.3312334,0.020775236,-0.00034403056,0.0,0.0,-0.0,0
9158443754,-0.3312179,0.020780519,-0.00034410506,0.0,0.0,-0.0,0
9158452131,-0.33119988,0.020787127,-0.0003441982,0.0,0.0,-0.0,0
9158462679,-0.331177,0.02079543,-0.00034430064,0.0,0.0,-0.0,0
9158473113,-0.33117646,0.020794839,-0.00034430064,0.0,0.0,-0.0,0
9158483552,-0.3311832,0.0207913,-0.00034425408,0.0,0.0,-0.0,0
9158492168,-0.3311887,0.020788386,-0.00034421682,0.0,0.0,-0.0,0
9158502722,-0.3311807,0.020790758,-0.00034424476,0.0,0.0,-0.0,0
9158512435,-0.33117342,0.020792935,-0.0003442727,0.0,0.0,-0.0,0
9158522257,-0.33117962,0.020800631,-0.0003444124,0.0,0.0,-0.0,0
9158532920,-0.3311998,0.020802887,-0.00034446828,0.0,0.0,-0.0,0
9158542473,-0.3312046,0.020799557,-0.0003444031,0.0,0.0,-0.0,0
9158554004,-0.33120897,0.020795465,-0.00034435652,0.0,0.0,-0.0,0
9158562411,-0.33121333,0.020792555,-0.00034430064,0.0,0.0,-0.0,0
9158572920,-0.3312185,0.020788914,-0.00034424476,0.0,0.0,-0.0,0
9158582361,-0.3312233,0.020785658,-0.00034421682,0.0,0.0,-0.0,0
9158592974,-0.33123758,0.020790912,-0.00034430996,0.0,0.0,-0.0,0
9158602388,-0.3312171,0.02079831,-0.00034436584,0.0,0.0,-0.0,0
9158612888,-0.3312224,0.020806435,-0.0003445521,0.0,0.0,-0.0,0
9158624338,-0.33123478,0.020805374,-0.0003445521,0.0,0.0,-0.0,0
9158632907,-0.3312391,0.020802384,-0.00034449622,0.0,0.0,-0.0,0
9158642428,-0.33124387,0.020799076,-0.0003444776,0.0,0.0,-0.0,0
9158652800,-0.33125043,0.02079555,-0.0003444031,0.0,0.0,-0.0,0
9158663589,-0.33129367,0.020776983,-0.00034414232,0.0,0.0,-0.0,0
9158672875,-0.33138138,0.020766225,-0.0003440492,0.0,0.0,-0.0,0
9158683254,-0.3314442,0.02079856,-0.00034464523,0.0,0.0,-0.0,0
9158694715,-0.33151373,0.020854872,-0.00034565106,0.0,0.0,-0.0,0
9158702156,-0.33156785,0.020861499,-0.0003458187,0.0,0.0,-0.0,0
9158712661,-0.33170208,0.020833187,-0.00034548342,0.0,0.0,-0.0,0
9158723220,-0.3317631,0.020835284,-0.0003456138,0.0,0.0,-0.0,0
9158733725,-0.3317989,0.020820484,-0.0003453903,0.0,0.0,-0.0,0
9158743080,-0.3318814,0.020786203,-0.00034488738,0.0,0.0,-0.0,0
9158753588,-0.33198744,0.020781202,-0.00034492463,0.0,0.0,-0.0,0
9158764372,-0.33220023,0.020768693,-0.00034492463,0.0,0.0,-0.0,0
9158772796,-0.33226138,0.020741494,-0.00034453347,0.0,0.0,-0.0,0
9158783290,-0.3321197,0.02073796,-0.0003443472,0.0,0.0,-0.0,0
9158792685,-0.33215526,0.020721868,-0.0003441237,0.0,0.0,-0.0,0
9158804340,-0.3323844,0.020690935,-0.00034386292,0.0,0.0,-0.0,0
9158812763,-0.33249295,0.020700263,-0.00034410506,0.0,0.0,-0.0,0
9158823233,-0.33256885,0.020705849,-0.0003442727,0.0,0.0,-0.0,0
9158833623,-0.33253518,0.020686727,-0.0003439188,0.0,0.0,-0.0,0
9158843942,-0.33253956,0.020682117,-0.0003438443,0.0,0.0,-0.0,0
9158852550,-0.33251345,0.020690143,-0.00034395605,0.0,0.0,-0.0,0
9158863036,-0.33247992,0.020672295,-0.0003436394,0.0,0.0,-0.0,0
9158874719,-0.33256477,0.02066705,-0.00034362078,0.0,0.0,-0.0,0
9158883130,-0.3326559,0.02067382,-0.00034386292,0.0,0.0,-0.0,0
9158893557,-0.33275282,0.020690769,-0.00034423545,0.0,0.0,-0.0,0
9158902929,-0.33280626,0.02071879,-0.00034473836,0.0,0.0,-0.0,0
9158913432,-0.33280942,0.02074289,-0.00034514815,0.0,0.0,-0.0,0
9158922823,-0.3327981,0.020770963,-0.00034559518,0.0,0.0,-0.0,0
9158933295,-0.3328727,0.020777745,-0.00034576282,0.0,0.0,-0.0,0
9158944790,-0.33296204,0.020743651,-0.00034529716,0.0,0.0,-0.0,0
9158953145,-0.33296436,0.020717863,-0.00034488738,0.0,0.0,-0.0,0
9158963624,-0.3330022,0.020699952,-0.0003446266,0.0,0.0,-0.0,0
9158974054,-0.33314115,0.020698003,-0.00034471974,0.0,0.0,-0.0,0
9158983545,-0.33325928,0.020698909,-0.00034486875,0.0,0.0,-0.0,0
9158992914,-0.3333568,0.020709982,-0.00034514815,0.0,0.0,-0.0,0
9159003550,-0.33335838,0.020737244,-0.0003456138,0.0,0.0,-0.0,0
9159015180,-0.33327478,0.020766579,-0.00034600496,0.0,0.0,-0.0,0
9159022532,-0.33321562,0.020787569,-0.000346303,0.0,0.0,-0.0,0
9159032934,-0.33321682,0.020812655,-0.00034675002,0.0,0.0,-0.0,0
9159043421,-0.33325416,0.020823438,-0.00034691766,0.0,0.0,-0.0,0
9159053866,-0.3333367,0.020791452,-0.00034650788,0.0,0.0,-0.0,0
9159063246,-0.333462,0.020719867,-0.00034542754,0.0,0.0,-0.0,0
9159073769,-0.33351538,0.020665672,-0.00034458935,0.0,0.0,-0.0,0
9159083156,-0.3334846,0.020675667,-0.00034473836,0.0,0.0,-0.0,0
9159092876,-0.3334245,0.020712707,-0.0003452599,0.0,0.0,-0.0,0
9159103241,-0.33342522,0.020766445,-0.0003461726,0.0,0.0,-0.0,0
9159113697,-0.33338842,0.020806033,-0.0003468059,0.0,0.0,-0.0,0
9159125116,-0.33337402,0.020827157,-0.00034714118,0.0,0.0,-0.0,0
9159133601,-0.33337593,0.020847626,-0.00034745783,0.0,0.0,-0.0,0
9159144156,-0.33341497,0.020857109,-0.00034766272,0.0,0.0,-0.0,0
9159153427,-0.33348,0.020852579,-0.0003476441,0.0,0.0,-0.0,0
9159163959,-0.3335102,0.02082974,-0.0003473088,0.0,0.0,-0.0,0
9159173562,-0.3335971,0.020806484,-0.00034702942,0.0,0.0,-0.0,0
9159183953,-0.33358184,0.020811398,-0.00034710392,0.0,0.0,-0.0,0
9159194468,-0.33354622,0.020800488,-0.0003468804,0.0,0.0,-0.0,0
9159202887,-0.33358887,0.020766431,-0.00034634024,0.0,0.0,-0.0,0
9159213317,-0.33358908,0.020734135,-0.00034580007,0.0,0.0,-0.0,0
9159223714,-0.3336103,0.020739326,-0.00034593046,0.0,0.0,-0.0,0
9159234191,-0.3336982,0.02077201,-0.0003465265,0.0,0.0,-0.0,0
9159243674,-0.3337967,0.020784372,-0.00034684315,0.0,0.0,-0.0,0
9159254209,-0.33383238,0.020767597,-0.00034661964,0.0,0.0,-0.0,0
9159264487,-0.33382607,0.020766854,-0.00034661964,0.0,0.0,-0.0,0
9159273892,-0.33383372,0.02076011,-0.00034648925,0.0,0.0,-0.0,0
9159283291,-0.3338089,0.020766322,-0.00034658238,0.0,0.0,-0.0,0
9159293708,-0.3337961,0.020796066,-0.00034702942,0.0,0.0,-0.0,0
9159303188,-0.33389452,0.020803347,-0.00034727156,0.0,0.0,-0.0,0
9159313684,-0.33403873,0.02076796,-0.00034684315,0.0,0.0,-0.0,0
9159324104,-0.33401662,0.020755872,-0.00034661964,0.0,0.0,-0.0,0
9159334579,-0.333894,0.020781312,-0.00034689903,0.0,0.0,-0.0,0
9159344238,-0.33384782,0.020798061,-0.00034714118,0.0,0.0,-0.0,0
9159353699,-0.3338493,0.020819698,-0.00034749508,0.0,0.0,-0.0,0
9159364120,-0.33383635,0.02084934,-0.000347998,0.0,0.0,-0.0,0
9159374544,-0.3339606,0.020841215,-0.00034796074,0.0,0.0,-0.0,0
9159383960,-0.3341898,0.020822527,-0.00034790486,0.0,0.0,-0.0,0
9159394455,-0.3342618,0.020817466,-0.00034788623,0.0,0.0,-0.0,0
9159403772,-0.33426088,0.020814195,-0.00034783036,0.0,0.0,-0.0,0
9159413338,-0.33429417,0.0208241,-0.00034803525,0.0,0.0,-0.0,0
9159423849,-0.3343522,0.020826386,-0.000348147,0.0,0.0,-0.0,0
9159434774,-0.33445063,0.020812273,-0.00034801662,0.0,0.0,-0.0,0
9159444629,-0.33450526,0.020813154,-0.00034809113,0.0,0.0,-0.0,0
9159454357,-0.33447814,0.020846352,-0.00034861267,0.0,0.0,-0.0,0
9159463852,-0.33445245,0.020877378,-0.00034911558,0.0,0.0,-0.0,0
9159474285,-0.33444744,0.020874502,-0.00034904107,0.0,0.0,-0.0,0
9159484070,-0.3344938,0.020861667,-0.00034889206,0.0,0.0,-0.0,0
9159494432,-0.334593,0.020839628,-0.00034861267,0.0,0.0,-0.0,0
9159504897,-0.33465818,0.020831928,-0.0003485568,0.0,0.0,-0.0,0
9159515560,-0.3346659,0.020838777,-0.00034868717,0.0,0.0,-0.0,0
9159524162,-0.33457726,0.020845387,-0.00034868717,0.0,0.0,-0.0,0
9159534705,-0.33441663,0.020876693,-0.00034902245,0.0,0.0,-0.0,0
9159544264,-0.3343898,0.020884043,-0.0003491342,0.0,0.0,-0.0,0
9159554779,-0.3345342,0.020857293,-0.00034881756,0.0,0.0,-0.0,0
9159564182,-0.33464757,0.020823905,-0.00034838915,0.0,0.0,-0.0,0
9159574604,-0.33478814,0.020791404,-0.00034801662,0.0,0.0,-0.0,0
9159586090,-0.3348023,0.020779934,-0.00034781173,0.0,0.0,-0.0,0
9159593606,-0.33470288,0.02079622,-0.000347998,0.0,0.0,-0.0,0
9159604176,-0.3345987,0.020836413,-0.00034859404,0.0,0.0,-0.0,0
9159614482,-0.33461842,0.020855535,-0.00034889206,0.0,0.0,-0.0,0
9159624971,-0.33473435,0.020839011,-0.00034872442,0.0,0.0,-0.0,0
9159634418,-0.33477992,0.020852808,-0.00034900382,0.0,0.0,-0.0,0
9159645954,-0.33476296,0.020918822,-0.00035010278,0.0,0.0,-0.0,0
9159655557,-0.33478123,0.020932626,-0.00035034493,0.0,0.0,-0.0,0
9159663982,-0.3348084,0.02091673,-0.0003501214,0.0,0.0,-0.0,0
9159674488,-0.33480617,0.020912837,-0.00035008416,0.0,0.0,-0.0,0
9159685063,-0.3348039,0.020908922,-0.00035002828,0.0,0.0,-0.0,0
9159695453,-0.33480105,0.020905044,-0.00034991652,0.0,0.0,-0.0,0
9159703803,-0.33479932,0.020901972,-0.00034987926,0.0,0.0,-0.0,0
9159714293,-0.33479705,0.020898106,-0.00034980476,0.0,0.0,-0.0,0
9159724811,-0.33477944,0.020900093,-0.0003498234,0.0,0.0,-0.0,0
9159734201,-0.33477867,0.02089671,-0.0003497675,0.0,0.0,-0.0,0
9159744806,-0.33476168,0.02089877,-0.0003497675,0.0,0.0,-0.0,0
9159755173,-0.33472922,0.02090649,-0.00034986064,0.0,0.0,-0.0,0
9159765761,-0.33470416,0.020911166,-0.00034995377,0.0,0.0,-0.0,0
9159774154,-0.33470148,0.020908,-0.00034986064,0.0,0.0,-0.0,0
9159784656,-0.3347126,0.020898158,-0.00034973025,0.0,0.0,-0.0,0
9159795005,-0.33471876,0.020891342,-0.00034959987,0.0,0.0,-0.0,0
9159805016,-0.33473197,0.020893369,-0.00034965575,0.0,0.0,-0.0,0
9159814479,-0.33474323,0.020895196,-0.00034973025,0.0,0.0,-0.0,0
9159824888,-0.3347266,0.02089722,-0.00034971163,0.0,0.0,-0.0,0
9159836317,-0.33470836,0.020892793,-0.0003496185,0.0,0.0,-0.0,0
9159843727,-0.33469754,0.020885982,-0.0003494881,0.0,0.0,-0.0,0
9159854408,-0.33469692,0.020882163,-0.00034945086,0.0,0.0,-0.0,0
9159864680,-0.33469623,0.020878498,-0.00034935772,0.0,0.0,-0.0,0
9159875204,-0.3346956,0.020874755,-0.00034932047,0.0,0.0,-0.0,0
9159884658,-0.33468184,0.020876715,-0.00034932047,0.0,0.0,-0.0,0
9159896173,-0.334681,0.02088555,-0.00034945086,0.0,0.0,-0.0,0
9159905754,-0.33467966,0.020887423,-0.00034946948,0.0,0.0,-0.0,0
9159914053,-0.33466756,0.020889118,-0.000349544,0.0,0.0,-0.0,0
9159924530,-0.33466694,0.020897131,-0.00034963712,0.0,0.0,-0.0,0
9159935158,-0.33466622,0.020905236,-0.0003497675,0.0,0.0,-0.0,0
9159945954,-0.33466417,0.020901253,-0.00034973025,0.0,0.0,-0.0,0
9159955266,-0.33466372,0.020897899,-0.00034963712,0.0,0.0,-0.0,0
9159964702,-0.33466193,0.020894434,-0.00034958124,0.0,0.0,-0.0,0
9159975169,-0.33467525,0.020884758,-0.0003494136,0.0,0.0,-0.0,0
9159984637,-0.3346735,0.020881314,-0.00034937635,0.0,0.0,-0.0,0
9159995077,-0.33465552,0.020883283,-0.00034939498,0.0,0.0,-0.0,0
9160005446,-0.33463922,0.020885324,-0.0003494136,0.0,0.0,-0.0,0
9160016053,-0.3346239,0.020887496,-0.00034943223,0.0,0.0,-0.0,0
9160024673,-0.3346235,0.020884402,-0.00034937635,0.0,0.0,-0.0,0
9160034455,-0.3346094,0.020886412,-0.0003494136,0.0,0.0,-0.0,0
9160044966,-0.33457947,0.020894473,-0.00034952536,0.0,0.0,-0.0,0
9160055445,-0.33457035,0.020893268,-0.00034946948,0.0,0.0,-0.0,0
9160064918,-0.33455434,0.020895036,-0.000349544,0.0,0.0,-0.0,0
9160075550,-0.3345524,0.020891124,-0.00034939498,0.0,0.0,-0.0,0
9160086146,-0.33456683,0.020887572,-0.00034937635,0.0,0.0,-0.0,0
9160094529,-0.33458975,0.020893969,-0.0003494881,0.0,0.0,-0.0,0
9160105175,-0.3346041,0.020896116,-0.00034958124,0.0,0.0,-0.0,0
9160115539,-0.33459646,0.020895332,-0.00034956262,0.0,0.0,-0.0,0
9160124993,-0.33456954,0.020891938,-0.0003494881,0.0,0.0,-0.0,0
9160135503,-0.33453983,0.02088818,-0.00034935772,0.0,0.0,-0.0,0
9160145999,-0.3345101,0.020896222,-0.00034946948,0.0,0.0,-0.0,0
9160156540,-0.3345018,0.02090679,-0.00034958124,0.0,0.0,-0.0,0
9160164943,-0.3345005,0.020903686,-0.00034956262,0.0,0.0,-0.0,0
9160175441,-0.33449894,0.020899825,-0.00034950674,0.0,0.0,-0.0,0
9160184915,-0.33449873,0.020896412,-0.00034945086,0.0,0.0,-0.0,0
9160196483,-0.33449692,0.020892166,-0.00034937635,0.0,0.0,-0.0,0
9160204893,-0.33449572,0.02088909,-0.00034932047,0.0,0.0,-0.0,0
9160215370,-0.33449408,0.020885259,-0.00034930184,0.0,0.0,-0.0,0
9160225774,-0.3344925,0.020881467,-0.0003491901,0.0,0.0,-0.0,0
9160235314,-0.33449814,0.020880628,-0.00034922734,0.0,0.0,-0.0,0
9160244824,-0.3345111,0.02088257,-0.00034924597,0.0,0.0,-0.0,0
9160255227,-0.3345096,0.020878788,-0.00034915283,0.0,0.0,-0.0,0
9160266722,-0.33450708,0.020874565,-0.00034909695,0.0,0.0,-0.0,0
9160275159,-0.33449513,0.020876314,-0.00034907833,0.0,0.0,-0.0,0
9160285143,-0.33446696,0.020883981,-0.0003491901,0.0,0.0,-0.0,0
9160295532,-0.33443633,0.020891856,-0.0003493391,0.0,0.0,-0.0,0
9160305147,-0.33442223,0.020893775,-0.0003493391,0.0,0.0,-0.0,0
9160315618,-0.33440608,0.020895813,-0.00034935772,0.0,0.0,-0.0,0
9160326057,-0.33439016,0.020897841,-0.00034935772,0.0,0.0,-0.0,0
9160336550,-0.33438116,0.020896722,-0.00034930184,0.0,0.0,-0.0,0
9160345896,-0.33437875,0.020893224,-0.00034928322,0.0,0.0,-0.0,0
9160355362,-0.33437756,0.020889759,-0.00034917146,0.0,0.0,-0.0,0
9160365727,-0.33437762,0.020886045,-0.00034917146,0.0,0.0,-0.0,0
9160376240,-0.33434618,0.020876385,-0.00034892932,0.0,0.0,-0.0,0
9160385694,-0.33431995,0.020873036,-0.00034887344,0.0,0.0,-0.0,0
9160396245,-0.33432007,0.020869292,-0.00034881756,0.0,0.0,-0.0,0
9160406884,-0.3343106,0.020868763,-0.0003487803,0.0,0.0,-0.0,0
9160415282,-0.33429903,0.020870514,-0.00034881756,0.0,0.0,-0.0,0
9160425725,-0.33428463,0.020872686,-0.00034883618,0.0,0.0,-0.0,0
9160436230,-0.33426997,0.020880762,-0.00034894794,0.0,0.0,-0.0,0
9160446844,-0.33429956,0.020888876,-0.00034911558,0.0,0.0,-0.0,0
9160455289,-0.33431146,0.02089059,-0.00034915283,0.0,0.0,-0.0,0
9160465725,-0.33431172,0.020886855,-0.00034911558,0.0,0.0,-0.0,0
9160476327,-0.33431053,0.020882988,-0.00034902245,0.0,0.0,-0.0,0
9160485701,-0.33430937,0.020879574,-0.00034894794,0.0,0.0,-0.0,0
9160495279,-0.33430713,0.02087602,-0.0003489107,0.0,0.0,-0.0,0
9160505886,-0.3343059,0.020872174,-0.00034883618,0.0,0.0,-0.0,0
9160516607,-0.33429804,0.020865165,-0.0003487058,0.0,0.0,-0.0,0
9160526305,-0.33428472,0.020856299,-0.00034859404,0.0,0.0,-0.0,0
9160535726,-0.33428493,0.020852992,-0.00034848228,0.0,0.0,-0.0,0
9160546547,-0.3342693,0.02085523,-0.0003485009,0.0,0.0,-0.0,0
9160555992,-0.33424073,0.02085178,-0.00034844503,0.0,0.0,-0.0,0
9160565344,-0.3342005,0.020853687,-0.00034840778,0.0,0.0,-0.0,0
9160575786,-0.33418632,0.020855894,-0.00034844503,0.0,0.0,-0.0,0
9160586703,-0.33418602,0.020852016,-0.00034837052,0.0,0.0,-0.0,0
9160595034,-0.33419684,0.020853693,-0.00034844503,0.0,0.0,-0.0,0
9160605539,-0.33421186,0.020855898,-0.00034846365,0.0,0.0,-0.0,0
9160616205,-0.33421215,0.020852149,-0.00034840778,0.0,0.0,-0.0,0
9160625925,-0.33423957,0.020854194,-0.00034848228,0.0,0.0,-0.0,0
9160635398,-0.33426505,0.020850796,-0.0003484264,0.0,0.0,-0.0,0
9160647287,-0.33426228,0.020846453,-0.00034837052,0.0,0.0,-0.0,0
9160655174,-0.33427185,0.020839185,-0.0003482774,0.0,0.0,-0.0,0
9160666003,-0.3342721,0.020835415,-0.00034820288,0.0,0.0,-0.0,0
9160675475,-0.3342591,0.020837452,-0.0003482215,0.0,0.0,-0.0,0
9160685861,-0.33424473,0.020851348,-0.00034840778,0.0,0.0,-0.0,0
9160696497,-0.33423668,0.020868227,-0.00034874305,0.0,0.0,-0.0,0
9160705911,-0.33420944,0.02087539,-0.00034879893,0.0,0.0,-0.0,0
9160716273,-0.33419386,0.02088906,-0.00034902245,0.0,0.0,-0.0,0
9160725685,-0.33419418,0.020890709,-0.00034902245,0.0,0.0,-0.0,0
9160735196,-0.3341946,0.020887304,-0.00034896657,0.0,0.0,-0.0,0
9160746010,-0.33420998,0.020889495,-0.00034904107,0.0,0.0,-0.0,0
9160755698,-0.33422244,0.020891374,-0.0003490597,0.0,0.0,-0.0,0
9160767262,-0.3342627,0.020883841,-0.0003489852,0.0,0.0,-0.0,0
9160775660,-0.33428627,0.02088083,-0.0003489852,0.0,0.0,-0.0,0
9160786119,-0.33430105,0.020882966,-0.0003490597,0.0,0.0,-0.0,0
9160796677,-0.33430123,0.020879202,-0.00034894794,0.0,0.0,-0.0,0
9160806095,-0.3342883,0.020881148,-0.00034900382,0.0,0.0,-0.0,0
9160815506,-0.33426088,0.020888284,-0.0003490597,0.0,0.0,-0.0,0
9160825966,-0.33423063,0.020896204,-0.00034915283,0.0,0.0,-0.0,0
9160837481,-0.3341987,0.020905005,-0.00034928322,0.0,0.0,-0.0,0
9160845931,-0.3341872,0.020906705,-0.00034932047,0.0,0.0,-0.0,0
9160856316,-0.33418772,0.020902954,-0.00034922734,0.0,0.0,-0.0,0
9160866960,-0.3341867,0.020899035,-0.00034917146,0.0,0.0,-0.0,0
9160876389,-0.33418524,0.020895533,-0.00034909695,0.0,0.0,-0.0,0
9160885912,-0.3341857,0.020892117,-0.00034904107,0.0,0.0,-0.0,0
9160897533,-0.33418614,0.020887947,-0.00034896657,0.0,0.0,-0.0,0
9160908068,-0.33419305,0.020887239,-0.0003489852,0.0,0.0,-0.0,0
9160915405,-0.33421364,0.020892825,-0.00034907833,0.0,0.0,-0.0,0
9160925935,-0.33422723,0.020894866,-0.00034915283,0.0,0.0,-0.0,0
9160936347,-0.33421162,0.02089689,-0.00034917146,0.0,0.0,-0.0,0
9160947185,-0.33420247,0.020902077,-0.00034922734,0.0,0.0,-0.0,0
9160956615,-0.33418822,0.020914458,-0.00034943223,0.0,0.0,-0.0,0
9160966063,-0.33417428,0.02091626,-0.00034945086,0.0,0.0,-0.0,0
9160977647,-0.33414647,0.020921988,-0.00034952536,0.0,0.0,-0.0,0
9160986053,-0.3341341,0.020923577,-0.00034950674,0.0,0.0,-0.0,0
9160996553,-0.33413467,0.020919751,-0.00034945086,0.0,0.0,-0.0,0
9161006946,-0.3341353,0.02091597,-0.00034937635,0.0,0.0,-0.0,0
9161017414,-0.33412766,0.020915087,-0.00034939498,0.0,0.0,-0.0,0
9161026362,-0.33411446,0.020916792,-0.00034939498,0.0,0.0,-0.0,0
9161036532,-0.33411378,0.020913024,-0.0003493391,0.0,0.0,-0.0,0
9161046874,-0.33411157,0.02090911,-0.00034924597,0.0,0.0,-0.0,0
9161056325,-0.33410963,0.020905547,-0.0003491901,0.0,0.0,-0.0,0
9161066870,-0.3341089,0.020901665,-0.0003491342,0.0,0.0,-0.0,0
9161076513,-0.33410126,0.020900898,-0.00034909695,0.0,0.0,-0.0,0
9161088024,-0.33408582,0.020903219,-0.00034911558,0.0,0.0,-0.0,0
9161096389,-0.33407456,0.02090491,-0.00034915283,0.0,0.0,-0.0,0
9161106831,-0.334046,0.02091288,-0.0003492646,0.0,0.0,-0.0,0
9161117449,-0.33402976,0.020926733,-0.00034946948,0.0,0.0,-0.0,0
9161126818,-0.33401608,0.020928496,-0.00034952536,0.0,0.0,-0.0,0
9161136266,-0.3340168,0.020925043,-0.0003494136,0.0,0.0,-0.0,0
9161148246,-0.33401775,0.020920672,-0.0003493391,0.0,0.0,-0.0,0
9161157887,-0.3340185,0.020917162,-0.00034932047,0.0,0.0,-0.0,0
9161166258,-0.33401912,0.020914119,-0.00034924597,0.0,0.0,-0.0,0
9161176780,-0.33402002,0.020910304,-0.00034917146,0.0,0.0,-0.0,0
9161187215,-0.33404213,0.02091517,-0.00034930184,0.0,0.0,-0.0,0
9161196671,-0.334056,0.02091704,-0.00034930184,0.0,0.0,-0.0,0
9161206229,-0.33405527,0.020924198,-0.00034943223,0.0,0.0,-0.0,0
9161216655,-0.33406886,0.020937834,-0.00034971163,0.0,0.0,-0.0,0
9161228116,-0.334072,0.020940054,-0.0003497675,0.0,0.0,-0.0,0
9161236582,-0.33404875,0.020946454,-0.000349842,0.0,0.0,-0.0,0
9161246360,-0.33402207,0.020953834,-0.0003498979,0.0,0.0,-0.0,0
9161256913,-0.3340082,0.020955853,-0.00034993514,0.0,0.0,-0.0,0
9161266359,-0.33399624,0.02095769,-0.00034995377,0.0,0.0,-0.0,0
9161276839,-0.33399695,0.020953786,-0.00034991652,0.0,0.0,-0.0,0
9161287315,-0.33398178,0.0209557,-0.0003498979,0.0,0.0,-0.0,0
9161296698,-0.33394253,0.020957455,-0.0003498979,0.0,0.0,-0.0,0
9161306152,-0.3339157,0.020964481,-0.00034993514,0.0,0.0,-0.0,0
9161316687,-0.33388722,0.020972393,-0.00035006553,0.0,0.0,-0.0,0
9161327133,-0.3338736,0.020974347,-0.00035010278,0.0,0.0,-0.0,0
9161337634,-0.33387336,0.020970335,-0.00035002828,0.0,0.0,-0.0,0
9161347231,-0.33386087,0.020972136,-0.00035006553,0.0,0.0,-0.0,0
9161356694,-0.33386177,0.020979214,-0.0003501773,0.0,0.0,-0.0,0
9161367213,-0.33386976,0.020978272,-0.00035014004,0.0,0.0,-0.0,0
9161376644,-0.33386952,0.020974658,-0.00035010278,0.0,0.0,-0.0,0
9161387148,-0.33387077,0.020970725,-0.00035002828,0.0,0.0,-0.0,0
9161398483,-0.3338546,0.020972751,-0.00035006553,0.0,0.0,-0.0,0
9161408137,-0.33383453,0.020976758,-0.00035010278,0.0,0.0,-0.0,0
9161416490,-0.33383554,0.020973625,-0.00035006553,0.0,0.0,-0.0,0
9161427074,-0.33383673,0.020969663,-0.00034995377,0.0,0.0,-0.0,0
9161437408,-0.33383664,0.020965721,-0.00034991652,0.0,0.0,-0.0,0
9161446967,-0.33383375,0.020961933,-0.00034987926,0.0,0.0,-0.0,0
9161457533,-0.33384815,0.020963829,-0.00034987926,0.0,0.0,-0.0,0
9161466907,-0.333861,0.020965513,-0.00034995377,0.0,0.0,-0.0,0
9161478410,-0.33386153,0.02096118,-0.00034987926,0.0,0.0,-0.0,0
9161486913,-0.3338731,0.020962708,-0.00034995377,0.0,0.0,-0.0,0
9161496924,-0.33388543,0.020964421,-0.00034991652,0.0,0.0,-0.0,0
9161507344,-0.333885,0.02096045,-0.00034995377,0.0,0.0,-0.0,0
9161517974,-0.33387125,0.020962466,-0.00034991652,0.0,0.0,-0.0,0
9161527399,-0.3338591,0.020953659,-0.00034980476,0.0,0.0,-0.0,0
9161537271,-0.33383247,0.02093891,-0.00034950674,0.0,0.0,-0.0,0
9161548925,-0.33380634,0.020924386,-0.0003492087,0.0,0.0,-0.0,0
9161557332,-0.3338051,0.02092119,-0.0003491342,0.0,0.0,-0.0,0
9161566798,-0.3337917,0.020922981,-0.0003491342,0.0,0.0,-0.0,0
9161577123,-0.33376414,0.020930825,-0.00034924597,0.0,0.0,-0.0,0
9161588663,-0.3337562,0.020949319,-0.000349544,0.0,0.0,-0.0,0
9161597070,-0.33375597,0.020955563,-0.00034965575,0.0,0.0,-0.0,0
9161607609,-0.33377063,0.02095747,-0.00034973025,0.0,0.0,-0.0,0
9161618079,-0.33379424,0.020962592,-0.00034980476,0.0,0.0,-0.0,0
9161627520,-0.3337809,0.020964298,-0.000349842,0.0,0.0,-0.0,0
9161637477,-0.33376563,0.020966008,-0.000349842,0.0,0.0,-0.0,0
9161648478,-0.3337487,0.020967897,-0.00034987926,0.0,0.0,-0.0,0
9161657101,-0.33374354,0.020966958,-0.00034987926,0.0,0.0,-0.0,0
9161666800,-0.33371764,0.020963347,-0.0003497675,0.0,0.0,-0.0,0
9161677214,-0.33368993,0.020959476,-0.00034965575,0.0,0.0,-0.0,0
9161687663,-0.33369067,0.020955551,-0.00034958124,0.0,0.0,-0.0,0
9161697115,-0.33367765,0.020957276,-0.00034958124,0.0,0.0,-0.0,0
9161707704,-0.33364815,0.020965142,-0.00034973025,0.0,0.0,-0.0,0
9161718387,-0.33363205,0.02096698,-0.0003497675,0.0,0.0,-0.0,0
9161728958,-0.33365554,0.020972114,-0.000349842,0.0,0.0,-0.0,0
9161737320,-0.33368006,0.020978356,-0.00034995377,0.0,0.0,-0.0,0
9161747810,-0.3336959,0.02099206,-0.0003501773,0.0,0.0,-0.0,0
9161758268,-0.33369598,0.020994123,-0.0003502518,0.0,0.0,-0.0,0
9161768236,-0.33369732,0.020990346,-0.0003502518,0.0,0.0,-0.0,0
9161777648,-0.33369738,0.020986717,-0.00035014004,0.0,0.0,-0.0,0
9161788334,-0.33371228,0.020988584,-0.0003501773,0.0,0.0,-0.0,0
9161798825,-0.33370587,0.020999486,-0.00035036355,0.0,0.0,-0.0,0
9161807259,-0.33370677,0.02101521,-0.00035062432,0.0,0.0,-0.0,0
9161817776,-0.33370817,0.02102299,-0.00035069883,0.0,0.0,-0.0,0
9161828256,-0.3337096,0.021018961,-0.00035069883,0.0,0.0,-0.0,0
9161838737,-0.33367303,0.021017814,-0.00035066158,0.0,0.0,-0.0,0
9161848132,-0.33365998,0.02101941,-0.00035066158,0.0,0.0,-0.0,0
9161857499,-0.33366022,0.021015745,-0.00035058707,0.0,0.0,-0.0,0
9161868053,-0.33368254,0.0210206,-0.00035066158,0.0,0.0,-0.0,0
9161877900,-0.33371127,0.021027876,-0.00035077333,0.0,0.0,-0.0,0
9161887385,-0.33372575,0.021029534,-0.0003508851,0.0,0.0,-0.0,0
9161898506,-0.33372584,0.021025164,-0.00035084784,0.0,0.0,-0.0,0
9161909189,-0.33372438,0.021020886,-0.00035073608,0.0,0.0,-0.0,0
9161917655,-0.3337234,0.021017507,-0.00035069883,0.0,0.0,-0.0,0
9161928145,-0.33372337,0.021013403,-0.00035058707,0.0,0.0,-0.0,0
9161937560,-0.33372468,0.021009807,-0.00035054982,0.0,0.0,-0.0,0
9161948109,-0.33372614,0.021005776,-0.0003504753,0.0,0.0,-0.0,0
9161957566,-0.33371407,0.021007486,-0.0003504753,0.0,0.0,-0.0,0
9161968252,-0.33371544,0.021015402,-0.00035062432,0.0,0.0,-0.0,0
9161979599,-0.33371407,0.021029979,-0.0003508106,0.0,0.0,-0.0,0
9161987983,-0.33369064,0.021036088,-0.00035092235,0.0,0.0,-0.0,0
9161997428,-0.33367878,0.021037737,-0.00035092235,0.0,0.0,-0.0,0
9162008237,-0.33369538,0.02103961,-0.0003509596,0.0,0.0,-0.0,0
