timestamp,timestamp_sample,xyz[0],xyz[1],xyz[2]
9100589282,9100588536,-0.44867855,-0.35789186,-9.8362
9100596999,9100596039,-0.44906,-0.35747176,-9.84619
9100607007,9100604242,-0.4474871,-0.3590502,-9.857491
9100615337,9100610820,-0.44719023,-0.35935465,-9.857391
9100621541,9100620410,-0.44031602,-0.3520158,-9.85439
9100627919,9100627191,-0.4322564,-0.3437828,-9.842914
9100636420,9100635500,-0.43939,-0.35097253,-9.832718
9100644936,9100642220,-0.4418463,-0.3676806,-9.843289
9100655369,9100649817,-0.41963482,-0.37596935,-9.845617
9100659491,9100658769,-0.4088499,-0.36714482,-9.825009
9100666899,9100666182,-0.42538106,-0.36440113,-9.811537
9100675304,9100673254,-0.43679586,-0.37265396,-9.812176
9100687855,9100682190,-0.4426726,-0.36723515,-9.815637
9100691134,9100689972,-0.44863683,-0.35788912,-9.827086
9100698519,9100697760,-0.44137177,-0.3645794,-9.847249
9100705897,9100705168,-0.4321571,-0.37430307,-9.857235
9100715296,9100712554,-0.43919036,-0.36744505,-9.856164
9100725726,9100720210,-0.44894108,-0.3576306,-9.84521
9100730919,9100729791,-0.44913346,-0.3573982,-9.823696
9100737274,9100736353,-0.44745177,-0.35908526,-9.822471
9100745767,9100743893,-0.44717216,-0.35937268,-9.846166
9100755125,9100751488,-0.44742617,-0.35911888,-9.849845
9100764787,9100760257,-0.44040576,-0.36613795,-9.825122
9100769017,9100768073,-0.42512158,-0.38142186,-9.818852
9100776533,9100775806,-0.4241179,-0.3824257,-9.832321
9100784955,9100782723,-0.4337579,-0.35857263,-9.836395
9100795426,9100790712,-0.42823678,-0.33358926,-9.833624
9100801632,9100799603,-0.4257391,-0.33411914,-9.811399
9100808140,9100807164,-0.44055524,-0.35279074,-9.79959
9100816512,9100815582,-0.4502661,-0.36253443,-9.833921
9100825860,9100823142,-0.4419813,-0.3677915,-9.861112
9100835327,9100829809,-0.4319605,-0.3739581,-9.858063
9100839500,9100838773,-0.4390547,-0.36683133,-9.853853
9100846972,9100846214,-0.44184914,-0.36470795,-9.843722
9100855365,9100853147,-0.43390715,-0.3727538,-9.831924
9100865769,9100861053,-0.4393625,-0.36719596,-9.832981
9100871973,9100870850,-0.44865942,-0.35786587,-9.83621
9100878503,9100877560,-0.44195554,-0.3645829,-9.835491
9100885888,9100885165,-0.4322385,-0.37430763,-9.833815
9100895326,9100892609,-0.4319933,-0.37455165,-9.843746
9100905776,9100900257,-0.4265548,-0.37998864,-9.854537
9100909916,9100909189,-0.41869602,-0.38784736,-9.853368
9100917293,9100916574,-0.4256072,-0.38093644,-9.842259
9100925693,9100923652,-0.44220895,-0.36433476,-9.8328
9100938324,9100932473,-0.450531,-0.35601264,-9.83437
9100941540,9100940371,-0.44883662,-0.35770705,-9.836259
9100948965,9100948222,-0.44712955,-0.35941413,-9.83626
9100956312,9100955391,-0.44717705,-0.3593666,-9.825879
9100965730,9100962983,-0.44037676,-0.3661669,-9.823357
9100976131,9100970523,-0.43226755,-0.3742761,-9.843903
9100980330,9100979209,-0.43938097,-0.3671627,-9.848354
9100987720,9100986995,-0.44894958,-0.35759407,-9.836357
9100996117,9100994076,-0.4491013,-0.35744238,-9.843872
9101005741,9101001726,-0.440339,-0.3662047,-9.85612
9101014158,9101009714,-0.43192467,-0.37461904,-9.845538
9101018594,9101017856,-0.43933746,-0.36720622,-9.822747
9101027052,9101026108,-0.4490034,-0.3575403,-9.812225
9101035478,9101033148,-0.4349036,-0.35742688,-9.824734
9101046023,9101040912,-0.41693395,-0.35910526,-9.848508
9101051219,9101049189,-0.4309922,-0.35937053,-9.849791
9101057754,9101056989,-0.4433053,-0.3662216,-9.834754
9101067297,9101065439,-0.4284273,-0.38138998,-9.840371
9101075719,9101072802,-0.4240928,-0.3824064,-9.843828
9101086107,9101080095,-0.4402811,-0.365682,-9.835309
9101089257,9101088530,-0.45051467,-0.3559519,-9.844512
9101097697,9101096939,-0.44917226,-0.35746193,-9.857403
9101106151,9101103632,-0.44007486,-0.3664955,-9.8566675
9101116633,9101111489,-0.41766042,-0.3746581,-9.843245
9101121736,9101119721,-0.40176526,-0.36005434,-9.831361
9101129477,9101128701,-0.41758484,-0.3422746,-9.851072
9101137159,9101136236,-0.44400492,-0.3493424,-9.866089
9101145627,9101142905,-0.4585963,-0.36699605,-9.846738
9101156052,9101150513,-0.46249276,-0.37473378,-9.842281
9101160209,9101159447,-0.45410788,-0.36637354,-9.855072
9101167585,9101166856,-0.44580275,-0.35739842,-9.847673
9101175920,9101174104,-0.44605875,-0.35755217,-9.834298
9101188548,9101182708,-0.43333936,-0.35914847,-9.84369
9101192726,9101191488,-0.41011497,-0.3664615,-9.856454
9101199095,9101198344,-0.40894973,-0.38146397,-9.854663
9101206535,9101205771,-0.427065,-0.38237518,-9.842113
9101215888,9101213134,-0.44413117,-0.36566448,-9.822502
9101226250,9101220926,-0.44344985,-0.3630614,-9.8218355
9101230421,9101229498,-0.43325102,-0.37271765,-9.834223
9101237792,9101237067,-0.43898588,-0.36747938,-9.837155
9101246150,9101244527,-0.44871938,-0.35791364,-9.846467
9101256586,9101252170,-0.4420303,-0.36454016,-9.8563595
9101263837,9101260009,-0.42513233,-0.3813996,-9.854162
9101269243,9101268497,-0.42383462,-0.38270265,-9.852107
9101276734,9101276010,-0.44082114,-0.36572364,-9.854202
9101286109,9101283596,-0.45063892,-0.35590604,-9.855873
9101296500,9101291375,-0.44909573,-0.35744792,-9.85575
9101301695,9101299844,-0.4471485,-0.35939497,-9.85544
9101309046,9101308324,-0.4471344,-0.35940927,-9.855415
9101317450,9101316522,-0.44036722,-0.3661765,-9.854462
9101325778,9101322861,-0.4322737,-0.37427002,-9.843271
9101336198,9101330555,-0.43938354,-0.36716014,-9.832757
9101339330,9101338609,-0.44894892,-0.35759476,-9.834187
9101348057,9101347310,-0.44910076,-0.35744298,-9.826189
9101356723,9101353954,-0.4474456,-0.35909808,-9.82477
9101367151,9101361819,-0.4400704,-0.3664733,-9.84506
9101372383,9101370347,-0.42506912,-0.38147455,-9.846265
9101378786,9101377865,-0.42416903,-0.38237464,-9.832832
9101387300,9101386356,-0.44088113,-0.36566254,-9.842718
9101396706,9101393950,-0.4505891,-0.35595462,-9.847524
9101407118,9101400887,-0.4419714,-0.36457235,-9.825387
9101410290,9101409535,-0.42479587,-0.38174784,-9.819298
9101417685,9101416927,-0.41668913,-0.38985452,-9.841385
9101427096,9101425230,-0.41851565,-0.38802803,-9.855733
9101438708,9101433064,-0.42731082,-0.37923282,-9.854962
9101442861,9101441731,-0.4282765,-0.364054,-9.844294
9101449440,9101448671,-0.41976887,-0.35627037,-9.823774
9101456800,9101455868,-0.4254622,-0.3506874,-9.821639
9101466150,9101463433,-0.4206799,-0.3441294,-9.844021
9101476589,9101471273,-0.40476915,-0.3583627,-9.8577175
9101480787,9101479862,-0.4174946,-0.37580693,-9.855795
9101488214,9101487464,-0.44346493,-0.36875498,-9.844067
9101496576,9101494759,-0.45213723,-0.35755843,-9.833645
9101506993,9101502578,-0.4488512,-0.35715798,-9.844227
9101513218,9101511397,-0.44685,-0.3590628,-9.857652
9101519738,9101518958,-0.44713363,-0.3594115,-9.857759
9101527162,9101526432,-0.447526,-0.35912848,-9.855421
9101536771,9101534023,-0.44753367,-0.35902596,-9.845011
9101547349,9101541719,-0.4403594,-0.3661672,-9.832842
9101552587,9101550532,-0.42509595,-0.38144243,-9.840929
9101558906,9101558188,-0.4170157,-0.38953018,-9.8532915
9101567556,9101566595,-0.42561737,-0.38092756,-9.854685
9101577056,9101574315,-0.43539852,-0.37114495,-9.843676
9101586471,9101580928,-0.43532032,-0.37122315,-9.831771
9101590595,9101589871,-0.44070026,-0.3658434,-9.832966
9101597990,9101597269,-0.44860715,-0.35793653,-9.826183
9101606412,9101604380,-0.44881982,-0.35772383,-9.824983
9101617184,9101612248,-0.44035786,-0.36618578,-9.845092
9101622406,9101620364,-0.43197677,-0.3745669,-9.847238
9101629778,9101629051,-0.43934175,-0.36720192,-9.83498
9101637141,9101636420,-0.44899482,-0.3575488,-9.833816
9101646555,9101643839,-0.4420082,-0.36453548,-9.82474
9101657154,9101651138,-0.42508078,-0.38146287,-9.821608
9101660313,9101659589,-0.42383093,-0.38271275,-9.832791
9101668756,9101667996,-0.43372306,-0.3728206,-9.83598
9101677093,9101674774,-0.43538862,-0.37115508,-9.844536
9101689637,9101683611,-0.4338975,-0.3726462,-9.855278
9101692763,9101691651,-0.4333874,-0.37315625,-9.845298
9101700130,9101699409,-0.43357426,-0.37296936,-9.821855
9101707547,9101706829,-0.43369108,-0.3728526,-9.820177
9101716960,9101714218,-0.44078195,-0.3657617,-9.835098
9101727348,9101721734,-0.44179824,-0.36474544,-9.837574
9101731528,9101730794,-0.43359685,-0.37294686,-9.844364
9101739000,9101738077,-0.4322195,-0.36011106,-9.844923
9101747445,9101746521,-0.4263497,-0.34968957,-9.832759
9101756833,9101752813,-0.42573297,-0.36462978,-9.830882
9101763003,9101761879,-0.44088525,-0.36864167,-9.824701
9101770479,9101769726,-0.4432088,-0.3666084,-9.824126
9101777812,9101777087,-0.433785,-0.3727142,-9.844221
9101787201,9101784479,-0.43910623,-0.3668569,-9.8583145
9101797636,9101792108,-0.4344302,-0.35782325,-9.847807
9101802799,9101801673,-0.41149366,-0.3646361,-9.832744
9101809203,9101808453,-0.40895998,-0.3814295,-9.8404255
9101817689,9101816713,-0.4197182,-0.3897968,-9.853234
9101827101,9101824150,-0.42173544,-0.38807538,-9.853761
9101837513,9101831049,-0.4201439,-0.38635647,-9.851591
9101840627,9101839892,-0.42666402,-0.3793004,-9.842136
9101847991,9101847068,-0.44210958,-0.36435696,-9.833095
9101857402,9101854676,-0.45033115,-0.35630283,-9.844486
9101867842,9101862520,-0.44171822,-0.36485216,-9.856782
9101873047,9101871008,-0.43191063,-0.3746211,-9.855577
9101879393,9101878477,-0.4390936,-0.36744368,-9.8442
9101887830,9101887106,-0.44897017,-0.35757464,-9.833702
9101897211,9101894493,-0.44915468,-0.35739028,-9.834162
9101907750,9101901539,-0.44034314,-0.36620048,-9.825014
9101910888,9101910172,-0.43191588,-0.37462753,-9.822592
9101919331,9101918573,-0.43222886,-0.37431479,-9.833892
9101927495,9101925659,-0.4266458,-0.3798979,-9.834964
9101939234,9101933711,-0.42577463,-0.3807691,-9.833139
9101943451,9101942322,-0.4408394,-0.3657043,-9.834695
9101949826,9101949096,-0.4503014,-0.3562423,-9.846297
9101958216,9101957290,-0.44904318,-0.3575005,-9.857771
9101967635,9101964916,-0.4472,-0.35934365,-9.857414
9101977040,9101972121,-0.44004458,-0.36649913,-9.854345
9101981196,9101980473,-0.432215,-0.3743287,-9.852954
9101988926,9101988134,-0.43943155,-0.36711216,-9.854294
9101997248,9101995429,-0.44185966,-0.36468402,-9.8547325
9102007682,9102003269,-0.42673603,-0.37980765,-9.842502
9102013890,9102012070,-0.424099,-0.38244468,-9.830586
9102020258,9102019540,-0.44057858,-0.36596507,-9.843049
9102028720,9102027943,-0.456953,-0.3623825,-9.847966
9102037034,9102034515,-0.46285328,-0.37114435,-9.826399
9102047461,9102042338,-0.45444876,-0.36665776,-9.812334
9102052694,9102051425,-0.44578934,-0.35806942,-9.82411
9102060038,9102059297,-0.445997,-0.35760045,-9.848398
9102068432,9102067510,-0.44043922,-0.36614445,-9.858929
9102077887,9102073668,-0.43248364,-0.37458253,-9.855206
9102087310,9102081664,-0.43229505,-0.374318,-9.852814
9102090436,9102089713,-0.43366253,-0.3727997,-9.853117
9102098819,9102098100,-0.44029146,-0.37902,-9.843531
9102107194,9102104873,-0.44031024,-0.39369825,-9.83102
9102117603,9102112683,-0.42564803,-0.39546424,-9.839917
9102123793,9102121773,-0.42421162,-0.3796461,-9.854467
9102130325,9102129374,-0.44078583,-0.36281043,-9.857044
9102138707,9102137790,-0.45056763,-0.3560161,-9.855875
9102147125,9102144175,-0.44909152,-0.3579749,-9.8452015
9102157691,9102151830,-0.44716042,-0.3594527,-9.8337965
9102161790,9102161069,-0.44713694,-0.3593253,-9.834
9102169199,9102168475,-0.44036552,-0.35194093,-9.824974
9102177594,9102175369,-0.4251664,-0.35088357,-9.811559
9102190328,9102184219,-0.4241315,-0.366237,-9.82123
9102194431,9102193301,-0.44085857,-0.36866727,-9.847107
9102200830,9102199905,-0.45059234,-0.35922372,-9.8502
9102208259,9102207531,-0.44197577,-0.3645234,-9.835059
9102217598,9102214677,-0.43190247,-0.37406084,-9.841349
9102227966,9102222156,-0.43904716,-0.36741942,-9.855979
9102232131,9102231410,-0.44185823,-0.36477596,-9.857015
9102239661,9102238902,-0.42680323,-0.37976718,-9.852591
9102248542,9102246271,-0.41700253,-0.3895292,-9.840706
9102257557,9102253739,-0.4182095,-0.38832778,-9.829694
9102264386,9102263251,-0.4272111,-0.37933367,-9.841224
9102270623,9102269703,-0.44252878,-0.36401618,-9.8569
9102279175,9102278419,-0.45029652,-0.35624713,-9.858176
9102287559,9102285047,-0.4345331,-0.3577972,-9.855614
9102297941,9102292815,-0.41665298,-0.35938618,-9.844965
9102303115,9102301873,-0.4239095,-0.36645326,-9.822752
9102309526,9102308782,-0.4352124,-0.37431452,-9.820367
9102318540,9102317583,-0.44909507,-0.37351403,-9.845018
9102327958,9102324136,-0.46264535,-0.37130782,-9.850046
9102336248,9102331793,-0.4557963,-0.3647297,-9.836409
9102341582,9102340821,-0.44602284,-0.35775882,-9.843582
9102349136,9102348193,-0.43868828,-0.35078654,-9.846019
9102357517,9102355265,-0.4251165,-0.33677632,-9.8330555
9102368329,9102363407,-0.41731173,-0.3288439,-9.829728
9102373527,9102371480,-0.42565706,-0.3372474,-9.83252
9102379924,9102379169,-0.4353524,-0.34697366,-9.844567
9102389315,9102387490,-0.4282,-0.35402876,-9.854884
9102397684,9102394943,-0.42545414,-0.36756793,-9.8542795
9102408213,9102402138,-0.44052005,-0.36831033,-9.844343
9102411374,9102410625,-0.45031092,-0.35893816,-9.83395
9102419741,9102419019,-0.441994,-0.36454427,-9.833168
9102428121,9102425777,-0.42484793,-0.38122052,-9.832866
9102440726,9102434482,-0.4237994,-0.38267577,-9.84301
9102443891,9102442630,-0.44086587,-0.36575115,-9.8566065
9102450241,9102449498,-0.44354507,-0.36302137,-9.856815
9102458611,9102457694,-0.43383753,-0.37269664,-9.843406
9102468070,9102465269,-0.4383443,-0.38098586,-9.821308
9102478430,9102472607,-0.4471014,-0.38689715,-9.810379
9102481662,9102480907,-0.44830218,-0.37280542,-9.82371
9102490048,9102489311,-0.44765282,-0.35620594,-9.848682
9102498001,9102495978,-0.44024068,-0.36335653,-9.859041
9102508505,9102503937,-0.41795108,-0.37441942,-9.855172
9102514817,9102513578,-0.4088853,-0.3676765,-9.853794
9102521317,9102520557,-0.4256815,-0.36475065,-9.854271
9102528833,9102527867,-0.43683362,-0.37261185,-9.853578
9102538315,9102535544,-0.44262546,-0.36716774,-9.844348
9102549714,9102543266,-0.44151673,-0.3649932,-9.83307
9102553213,9102552092,-0.42612585,-0.3798431,-9.84108
9102560656,9102559916,-0.41696334,-0.3895022,-9.853273
9102569047,9102568123,-0.41832256,-0.3883105,-9.843601
9102579650,9102575389,-0.4130214,-0.37933588,-9.820953
9102586969,9102583146,-0.41200793,-0.3640195,-9.811297
9102591210,9102590487,-0.4341091,-0.35624725,-9.824913
9102599692,9102598970,-0.44462484,-0.3649032,-9.847692
9102609093,9102606366,-0.43518025,-0.37463832,-9.857679
9102619814,9102613797,-0.43906194,-0.36743724,-9.856151
9102623652,9102621623,-0.4483922,-0.3575707,-9.855181
9102630326,9102629566,-0.44907573,-0.35739082,-9.855307
9102638716,9102636890,-0.44753957,-0.35909468,-9.845446
9102648118,9102645379,-0.4471951,-0.35937536,-9.823881
9102658527,9102652508,-0.44741416,-0.3591176,-9.822457
9102662008,9102661247,-0.44750655,-0.3590307,-9.846131
9102669755,9102668989,-0.44748166,-0.3590632,-9.859892
9102678107,9102676088,-0.4474618,-0.35908315,-9.847702
9102690735,9102684704,-0.44035667,-0.36618698,-9.832452
9102694882,9102692862,-0.4251081,-0.38143528,-9.8404
9102701279,9102700331,-0.41701797,-0.38952568,-9.853282
9102708721,9102707942,-0.42561555,-0.38092816,-9.854776
9102718075,9102715310,-0.43539786,-0.37114578,-9.843692
9102728412,9102722894,-0.42821395,-0.3783297,-9.820703
9102732601,9102731870,-0.42544818,-0.38109547,-9.819285
9102739956,9102739035,-0.43341014,-0.37313354,-9.844214
9102748502,9102746464,-0.43505922,-0.37148443,-9.858158
9102758882,9102754167,-0.44101077,-0.36553288,-9.856831
9102765211,9102764054,-0.44869834,-0.3578453,-9.855196
9102771564,9102770646,-0.4551747,-0.36416084,-9.84514
9102779144,9102778185,-0.46116948,-0.37282822,-9.823856
9102788526,9102785766,-0.45451438,-0.3665921,-9.822508
9102798892,9102793377,-0.4460942,-0.35776454,-9.846144
9102803053,9102802123,-0.44603005,-0.35756737,-9.859886
9102810534,9102809813,-0.44749722,-0.3590865,-9.85775
9102818924,9102816895,-0.44061643,-0.36644977,-9.854023
9102828749,9102824733,-0.42513993,-0.38147312,-9.851843
9102834954,9102833815,-0.42408362,-0.38237852,-9.842127
9102842335,9102841614,-0.43374962,-0.37276992,-9.832044
9102849868,9102848930,-0.42824158,-0.37831286,-9.841318
9102858190,9102855973,-0.41863468,-0.38791478,-9.853487
9102868613,9102863892,-0.4181959,-0.38834673,-9.853641
9102874997,9102872942,-0.41981634,-0.38672614,-9.851529
9102881428,9102880493,-0.42013025,-0.38641346,-9.841144
9102889835,9102888906,-0.4262879,-0.39304784,-9.819895
9102898171,9102895256,-0.4335291,-0.38625544,-9.818609
9102908761,9102902943,-0.43421873,-0.35638326,-9.833202
9102911921,9102911191,-0.440867,-0.34681076,-9.837571
9102920353,9102919623,-0.44882473,-0.35775596,-9.846706
9102928735,9102926422,-0.44882244,-0.36103487,-9.8573265
9102941329,9102935090,-0.4474267,-0.35959497,-9.857278
9102944494,9102943241,-0.44722298,-0.35880947,-9.845358
9102950854,9102950123,-0.44743797,-0.35894713,-9.833573
9102960280,9102959358,-0.4475051,-0.35910505,-9.84399
9102968611,9102965893,-0.44747725,-0.35910398,-9.84758
9102978997,9102973375,-0.4538573,-0.36547202,-9.826178
9102983140,9102982422,-0.4540844,-0.3799058,-9.811363
9102990696,9102989768,-0.43238977,-0.38871676,-9.820991
9102999156,9102996867,-0.42207134,-0.39458057,-9.844091
9103009516,9103004593,-0.43076283,-0.40028882,-9.845781
9103014762,9103013583,-0.43455368,-0.3865927,-9.8329315
9103022160,9103021233,-0.4342945,-0.37008667,-9.831762
9103028961,9103028213,-0.4264853,-0.3771816,-9.83284
9103040220,9103036383,-0.4253889,-0.38111335,-9.843252
9103048740,9103043623,-0.44081113,-0.3662309,-9.846596
9103052918,9103052162,-0.4503649,-0.35625887,-9.836214
9103061265,9103060547,-0.4490574,-0.35741055,-9.844159
9103069698,9103068752,-0.4471909,-0.35932758,-9.847141
9103079139,9103074837,-0.4471473,-0.35940593,-9.826084
9103085253,9103083423,-0.44746822,-0.3590812,-9.822482
9103092704,9103091940,-0.44752282,-0.35902,-9.835698
9103100151,9103099183,-0.44036794,-0.36617458,-9.837257
9103109542,9103106628,-0.42509907,-0.38144457,-9.833158
9103118908,9103114190,-0.42412126,-0.38242263,-9.832285
9103125142,9103124005,-0.44086888,-0.36567482,-9.844936
9103131497,9103130575,-0.44348907,-0.36305457,-9.856989
9103140042,9103139046,-0.42672226,-0.37982142,-9.854524
9103149437,9103146711,-0.42381126,-0.3827324,-9.852049
9103159830,9103153107,-0.44053897,-0.36600474,-9.85413
9103163244,9103162238,-0.45060176,-0.3559419,-9.845823
9103170355,9103169636,-0.4491398,-0.35740387,-9.834193
9103178720,9103176701,-0.44716144,-0.3593822,-9.843999
9103191370,9103185508,-0.440022,-0.36652166,-9.856518
9103195624,9103193556,-0.42511183,-0.3814318,-9.854618
9103201924,9103201005,-0.42418373,-0.3823599,-9.842096
9103210361,9103209439,-0.43376923,-0.3585613,-9.8315525
9103218726,9103215805,-0.4353335,-0.34070578,-9.842257
9103229188,9103223525,-0.44098788,-0.34937486,-9.846676
9103233277,9103232560,-0.44864693,-0.36088002,-9.836399
9103240726,9103239966,-0.44166866,-0.3681486,-9.843166
9103249059,9103247029,-0.41798556,-0.37430045,-9.844954
9103259428,9103254913,-0.40792927,-0.38032126,-9.833978
9103265617,9103264496,-0.42411435,-0.39362532,-9.831055
9103271245,9103270514,-0.42895487,-0.39522544,-9.831547
9103280803,9103279863,-0.42042854,-0.3867305,-9.842181
9103289197,9103286247,-0.41833308,-0.3852079,-9.84365
9103299653,9103294000,-0.4266284,-0.37936828,-9.832955
9103303737,9103303019,-0.44242194,-0.3645683,-9.833144
9103311123,9103310400,-0.4503831,-0.3563218,-9.836052
9103319595,9103317377,-0.44877765,-0.35771132,-9.846495
9103330025,9103325306,-0.4471469,-0.35936055,-9.857561
9103335235,9103334098,-0.44718996,-0.35935798,-9.857349
9103342740,9103341967,-0.44748223,-0.35906845,-9.855376
9103350070,9103349144,-0.44041085,-0.36613315,-9.84407
9103359554,9103356611,-0.43221906,-0.37432346,-9.821658
9103369998,9103364476,-0.4322613,-0.37428212,-9.820364
9103375172,9103373951,-0.4265974,-0.37994644,-9.8432
9103381551,9103380833,-0.42576185,-0.3807819,-9.8467655
9103389990,9103389038,-0.44084603,-0.36569762,-9.835242
9103399320,9103395706,-0.44319803,-0.3633456,-9.842983
9103411129,9103404163,-0.4266837,-0.37985998,-9.854176
9103412336,9103411621,-0.4167501,-0.38979363,-9.843399
9103420726,9103420004,-0.42458946,-0.39474607,-9.829811
9103429153,9103426892,-0.44098008,-0.3930176,-9.840769
9103441640,9103435613,-0.44271255,-0.37839392,-9.845758
9103445165,9103443113,-0.42658922,-0.37726954,-9.823462
9103452576,9103451826,-0.41682142,-0.38677606,-9.818321
9103459919,9103459187,-0.42532712,-0.38125658,-9.842585
9103469404,9103466490,-0.44249672,-0.36456943,-9.859094
9103479902,9103474049,-0.4570181,-0.36238676,-9.848208
9103483010,9103482291,-0.46252647,-0.3713897,-9.833672
9103491483,9103490727,-0.45438957,-0.36669287,-9.843506
9103499960,9103497326,-0.44583797,-0.3580315,-9.857542
9103510692,9103505115,-0.4460145,-0.35758874,-9.85787
9103515988,9103514819,-0.44753987,-0.35904282,-9.845407
9103522590,9103521837,-0.44773194,-0.35933304,-9.833476
9103530248,9103529462,-0.44749257,-0.35912052,-9.843967
9103539846,9103536865,-0.44031727,-0.36614513,-9.846589
9103550299,9103544445,-0.425097,-0.3814226,-9.833073
9103553455,9103552706,-0.41702324,-0.38953114,-9.839682
9103561877,9103561147,-0.4185117,-0.38803774,-9.853068
9103570322,9103567965,-0.4201451,-0.38639754,-9.853867
9103580494,9103576264,-0.42012292,-0.3864196,-9.851636
9103586255,9103584219,-0.42693985,-0.37960386,-9.852175
9103592845,9103592075,-0.4421536,-0.36439028,-9.854654
9103601188,9103600467,-0.44318265,-0.36336106,-9.854922
9103609955,9103607234,-0.4335587,-0.37298492,-9.843472
9103620445,9103614629,-0.4390777,-0.36746594,-9.822656
9103625634,9103624510,-0.44867885,-0.35786486,-9.822624
9103631995,9103631274,-0.44911486,-0.35742882,-9.846371
9103640464,9103639529,-0.44749504,-0.35904866,-9.859899
9103649971,9103645943,-0.44718173,-0.35936195,-9.857713
9103658229,9103653803,-0.44742,-0.3591237,-9.8550205
9103663532,9103662805,-0.4475097,-0.35903394,-9.855011
9103670982,9103670221,-0.44748107,-0.35906258,-9.84543
9103679919,9103677385,-0.4403546,-0.3661891,-9.832976
9103692393,9103685972,-0.43221104,-0.37433264,-9.84188
9103694533,9103693412,-0.43227002,-0.3742737,-9.845366
9103702160,9103701431,-0.43370664,-0.372837,-9.834264
9103710583,9103709655,-0.43390635,-0.37263733,-9.832029
9103719936,9103717225,-0.4194705,-0.37286,-9.83365
9103730342,9103724326,-0.4102182,-0.36582106,-9.845333
9103733531,9103732758,-0.43271652,-0.35764623,-9.857813
9103741105,9103740371,-0.45184165,-0.3576853,-9.85759
9103750080,9103747830,-0.4506928,-0.3591245,-9.855368
9103760445,9103755529,-0.44006452,-0.36643466,-9.8440275
9103765617,9103764491,-0.43160543,-0.3743577,-9.831703
9103773037,9103772318,-0.4393389,-0.3671277,-9.842945
9103780492,9103779738,-0.44905958,-0.35757464,-9.847755
9103790963,9103788044,-0.4555207,-0.3638416,-9.826387
9103800406,9103794758,-0.46115667,-0.372829,-9.822419
9103804563,9103803841,-0.45445186,-0.3666482,-9.845687
9103812027,9103811282,-0.43898076,-0.3648792,-9.8588295
9103820374,9103818056,-0.42368126,-0.3799175,-9.854661
9103830777,9103826066,-0.4170506,-0.3895331,-9.850741
9103835946,9103834126,-0.418764,-0.38830197,-9.8509
9103843357,9103842635,-0.4201772,-0.3864358,-9.85161
9103850738,9103850014,-0.4200834,-0.38637882,-9.862741
9103860125,9103857411,-0.42692846,-0.37959114,-9.866254
9103870718,9103864903,-0.44215888,-0.36439556,-9.83567
9103874933,9103873792,-0.450292,-0.35625744,-9.820532
9103882359,9103881635,-0.44881043,-0.3577322,-9.843782
9103890715,9103888497,-0.44716763,-0.35937488,-9.849836
9103900122,9103896309,-0.44718724,-0.35935646,-9.836594
9103909496,9103905035,-0.44747818,-0.3590657,-9.833597
9103913745,9103912823,-0.44751728,-0.35902643,-9.825431
9103921179,9103920406,-0.44036543,-0.36617824,-9.813706
9103930625,9103927502,-0.42509967,-0.38144398,-9.821465
9103943122,9103936379,-0.4099086,-0.3824219,-9.834705
9103947373,9103944028,-0.40965378,-0.37917733,-9.826235
9103952746,9103951953,-0.4257828,-0.39203396,-9.811619
9103961096,9103960176,-0.436003,-0.38808677,-9.821018
9103970526,9103967781,-0.44248623,-0.36464608,-9.847066
9103980925,9103974509,-0.45514452,-0.36120027,-9.850231
9103984093,9103983338,-0.44804123,-0.37120283,-9.836077
9103991419,9103990484,-0.4170673,-0.37398022,-9.842497
9104000773,9103998053,-0.41449478,-0.37334296,-9.854963
9104011187,9104005867,-0.4337632,-0.3585496,-9.8556595
9104016429,9104014381,-0.42992502,-0.3493918,-9.842521
9104022759,9104022046,-0.425985,-0.36486003,-9.830427
9104031141,9104030226,-0.43318856,-0.36162096,-9.842018
9104040688,9104037725,-0.4349327,-0.3442218,-9.845834
9104051052,9104044829,-0.44103116,-0.34935242,-9.825264
9104054200,9104053455,-0.44872352,-0.36026016,-9.822592
9104062660,9104061885,-0.44877887,-0.3609553,-9.845908
9104070973,9104068456,-0.44743803,-0.3591442,-9.859837
9104081388,9104076276,-0.4401257,-0.36586413,-9.856779
9104086554,9104084737,-0.4321851,-0.3742708,-9.852885
9104093946,9104093223,-0.44580883,-0.3736109,-9.853856
9104101356,9104100632,-0.4626957,-0.37132967,-9.845636
9104110920,9104108005,-0.4492733,-0.3718225,-9.823158
9104121810,9104115388,-0.4237405,-0.3801118,-9.8193035
9104124950,9104124232,-0.41525444,-0.38834396,-9.841776
9104132611,9104131883,-0.41849095,-0.388094,-9.855789
9104140988,9104138767,-0.42045224,-0.3866139,-9.853897
9104150391,9104146767,-0.42727804,-0.37933475,-9.852167
9104156578,9104155351,-0.4421453,-0.36431688,-9.854257
9104164090,9104163329,-0.45022872,-0.3562909,-9.84582
9104171510,9104170791,-0.4551995,-0.3641468,-9.82412
9104180910,9104177963,-0.46730065,-0.37949464,-9.822427
9104193426,9104186672,-0.46109176,-0.3874677,-9.845079
9104196513,9104195295,-0.43105698,-0.37315032,-9.846679
9104203009,9104202267,-0.42135835,-0.34904975,-9.8328905
9104211489,9104210564,-0.42520702,-0.3480366,-9.842654
9104220917,9104218166,-0.40615073,-0.35922116,-9.847505
9104231288,9104224844,-0.39558297,-0.36814073,-9.835446
9104234420,9104233697,-0.41159263,-0.38169676,-9.830823
9104241922,9104241151,-0.4228931,-0.3892213,-9.821206
9104251289,9104248340,-0.42884457,-0.38083783,-9.821616
9104261616,9104256098,-0.44194633,-0.36407942,-9.845472
9104266793,9104264774,-0.44281834,-0.36309922,-9.858938
9104273203,9104272465,-0.4335418,-0.37300113,-9.845669
9104281607,9104280683,-0.43913913,-0.36751422,-9.832322
9104291014,9104288092,-0.4415842,-0.36497563,-9.842747
9104301449,9104295215,-0.43385363,-0.3726732,-9.845608
9104304572,9104303848,-0.43940112,-0.36713725,-9.835153
9104311959,9104311219,-0.44156784,-0.36497802,-9.843173
9104321306,9104318588,-0.4338053,-0.3727396,-9.845174
9104331751,9104326633,-0.43229035,-0.3742531,-9.834009
9104336933,9104335814,-0.42632347,-0.38021994,-9.841071
9104343328,9104342610,-0.42571667,-0.38082695,-9.844061
9104351738,9104351020,-0.43378088,-0.37276283,-9.824165
9104361108,9104358392,-0.43506634,-0.37147734,-9.810681
9104371631,9104365619,-0.44094682,-0.36559686,-9.823254
9104374779,9104374062,-0.4415812,-0.36496246,-9.847557
9104383292,9104382535,-0.4335362,-0.37300748,-9.8479
9104391704,9104390762,-0.43935525,-0.36718845,-9.8245945
9104402831,9104398047,-0.44872335,-0.3578203,-9.822131
9104407337,9104406115,-0.44907272,-0.35747093,-9.835908
9104413979,9104413217,-0.4403745,-0.36616918,-9.837349
9104422404,9104421645,-0.4312242,-0.38811132,-9.833134
9104431919,9104429352,-0.44420344,-0.4025861,-9.822215
9104443521,9104437083,-0.45481226,-0.39374825,-9.812312
9104445718,9104444749,-0.44129562,-0.377126,-9.822829
9104453309,9104452555,-0.43816966,-0.36274287,-9.84721
9104461732,9104460782,-0.4471894,-0.35644808,-9.859985
9104471119,9104467480,-0.4483457,-0.37155238,-9.856572
9104481581,9104475153,-0.44622242,-0.38836712,-9.842778
9104484721,9104484005,-0.4464199,-0.37467456,-9.8323145
9104492148,9104491414,-0.44753176,-0.35622147,-9.8342085
9104501519,9104498760,-0.44765967,-0.3559245,-9.83632
9104511927,9104506391,-0.4474834,-0.35911688,-9.846347
9104517151,9104515097,-0.44032863,-0.36674228,-9.856488
9104523660,9104522910,-0.42510027,-0.38151056,-9.854202
9104532215,9104531242,-0.4241283,-0.3823327,-9.84204
9104543058,9104539907,-0.4408697,-0.3656501,-9.822573
9104551610,9104545598,-0.4505945,-0.35596013,-9.822864
9104554756,9104554036,-0.44197413,-0.3645753,-9.845415
9104563145,9104562423,-0.43190187,-0.3746407,-9.857707
9104571599,9104569081,-0.4390474,-0.3674951,-9.856554
9104582004,9104576889,-0.44896495,-0.35757872,-9.855235
9104587765,9104586623,-0.449162,-0.35738188,-9.855245
9104594102,9104593381,-0.44674107,-0.37259448,-9.854472
9104602530,9104601608,-0.4456419,-0.38835573,-9.843302
9104610922,9104608203,-0.44661638,-0.3744901,-9.83276
9104621914,9104616278,-0.4476623,-0.3561965,-9.834182
9104625943,9104625165,-0.4476443,-0.35595316,-9.836239
9104633812,9104632886,-0.4474583,-0.35912547,-9.836289
9104641755,9104639714,-0.44743422,-0.35963196,-9.825887
9104652142,9104647229,-0.44746333,-0.35914972,-9.814306
9104657333,9104655499,-0.4474718,-0.3589904,-9.814438
9104664612,9104663882,-0.44746792,-0.35905164,-9.826537
9104672136,9104671420,-0.44746587,-0.35908857,-9.848384
9104681595,9104678674,-0.44746625,-0.3590832,-9.859507
9104694101,9104687382,-0.44036013,-0.36618254,-9.8562975
9104696240,9104694994,-0.4180013,-0.37432805,-9.852872
9104703665,9104702912,-0.4017651,-0.37427413,-9.842883
9104711468,9104709837,-0.41041845,-0.3799445,-9.820918
9104721844,9104717627,-0.42163736,-0.38788962,-9.818453
9104731217,9104726489,-0.4288669,-0.38095036,-9.833
9104735441,9104734525,-0.44216982,-0.3643294,-9.837569
9104743141,9104742404,-0.43574053,-0.35600948,-9.846742
9104752604,9104749878,-0.41825464,-0.35770753,-9.8472805
9104761982,9104756853,-0.43103853,-0.35941476,-9.835702
9104767209,9104765141,-0.4501871,-0.3593666,-9.833915
9104773534,9104772820,-0.4436385,-0.36616677,-9.824628
9104782981,9104780958,-0.43221667,-0.37427604,-9.822579
9104791556,9104788591,-0.4388016,-0.3671627,-9.834963
9104801929,9104795904,-0.44887382,-0.35759407,-9.828088
9104805073,9104804348,-0.44919178,-0.35744238,-9.824911
9104813526,9104812798,-0.4474721,-0.35909814,-9.845753
9104822129,9104819211,-0.4471649,-0.3593668,-9.859406
9104832532,9104827217,-0.44742152,-0.35911575,-9.857748
9104837728,9104835711,-0.44040632,-0.36613852,-9.854107
9104844199,9104843459,-0.43222904,-0.37431595,-9.8528595
9104852600,9104851680,-0.43937016,-0.3671735,-9.854322
9104862315,9104859560,-0.44824412,-0.37109116,-9.854754
9104871651,9104866137,-0.4404721,-0.3935255,-9.842501
9104875937,9104875182,-0.42427716,-0.39682937,-9.829578
9104883331,9104882611,-0.4168762,-0.38698253,-9.829837
9104891686,9104889853,-0.42574054,-0.3778569,-9.833145
9104902355,9104897841,-0.44254756,-0.3640361,-9.845644
9104908147,9104906973,-0.4505571,-0.35650903,-9.857947
9104914524,9104913782,-0.448781,-0.35783198,-9.857555
9104922884,9104921966,-0.44711685,-0.35934535,-9.855339
9104932289,9104929772,-0.44718495,-0.35933465,-9.855084
9104943782,9104937559,-0.44748673,-0.35906768,-9.845385
9104947917,9104946697,-0.44751894,-0.35903054,-9.8339615
9104954377,9104953421,-0.44747072,-0.35907194,-9.833992
9104962337,9104960122,-0.44745803,-0.3590845,-9.836
9104976107,9104968360,-0.4474646,-0.35907906,-9.846338
9104981339,9104977310,-0.4403612,-0.36618266,-9.846493
9104985587,9104984848,-0.4251083,-0.3814354,-9.832643
9104992941,9104992219,-0.4234131,-0.39592236,-9.829585
9105002316,9104999405,-0.43223587,-0.40176183,-9.831566
9105012754,9105007141,-0.42742717,-0.39367935,-9.842442
9105017913,9105015896,-0.42588764,-0.37797114,-9.84469
9105024325,9105023596,-0.44071895,-0.36287856,-9.825022
9105032930,9105032008,-0.45026398,-0.35631976,-9.822757
9105042522,9105039544,-0.44905883,-0.3580073,-9.845975
9105052932,9105046310,-0.44720885,-0.35940415,-9.849767
9105055124,9105054371,-0.4471497,-0.35931247,-9.836199
9105063495,9105062777,-0.44746542,-0.35905415,-9.843601
9105071894,9105069640,-0.44752198,-0.35903245,-9.857113
9105082288,9105077539,-0.4474749,-0.35907456,-9.857791
9105088504,9105086447,-0.44035152,-0.36619112,-9.854515
9105094843,9105093926,-0.4322117,-0.37433085,-9.842862
9105103276,9105102327,-0.43937722,-0.36716646,-9.832687
9105111660,9105108740,-0.4489588,-0.357585,-9.844298
9105122519,9105116850,-0.4491033,-0.3574404,-9.84778
9105125715,9105124946,-0.4538402,-0.36549532,-9.836203
9105133623,9105132682,-0.46090335,-0.37309435,-9.84395
9105142324,9105140079,-0.45470947,-0.366397,-9.857163
9105153060,9105147933,-0.4461694,-0.35768935,-9.857737
9105158819,9105157671,-0.4389003,-0.36469716,-9.8545
9105165647,9105164698,-0.42512184,-0.38146186,-9.841865
9105173510,9105172530,-0.4243819,-0.3826842,-9.83958
9105182159,9105179410,-0.440903,-0.36571002,-9.852516
9105195267,9105188108,-0.45055497,-0.35590726,-9.836718
9105199568,9105195940,-0.44906908,-0.35745052,-9.813045
9105203924,9105203148,-0.44715935,-0.3593951,-9.812353
9105212852,9105211387,-0.44714063,-0.3594088,-9.826453
9105222602,9105218362,-0.4474728,-0.35906982,-9.838686
9105228418,9105226536,-0.44041806,-0.36612445,-9.826948
9105235428,9105234689,-0.4322218,-0.3743219,-9.812031
9105243451,9105242528,-0.43226045,-0.37428343,-9.821959
9105253725,9105250256,-0.42659676,-0.37994692,-9.845121
9105263351,9105257722,-0.41865534,-0.38788834,-9.855812
9105267814,9105266669,-0.4255939,-0.38094977,-9.854319
9105274307,9105273521,-0.44221416,-0.36432952,-9.854237
9105283786,9105281757,-0.44342753,-0.36311615,-9.8544855
9105292142,9105289410,-0.43358395,-0.37295976,-9.843481
9105302546,9105296527,-0.43903852,-0.3675052,-9.832783
9105305715,9105304956,-0.44156212,-0.36498153,-9.833149
9105314093,9105313359,-0.42676148,-0.3797822,-9.823018
9105322509,9105320149,-0.4305508,-0.38878468,-9.811422
9105332886,9105327744,-0.4543093,-0.37968832,-9.813513
9105338048,9105336005,-0.46422517,-0.36967316,-9.816858
9105344702,9105343941,-0.45440227,-0.3769105,-9.826026
9105353076,9105352157,-0.43772477,-0.38043553,-9.845875
9105362847,9105360100,-0.43771946,-0.36617935,-9.858225
9105372722,9105367068,-0.4477497,-0.3563702,-9.857554
9105375826,9105375103,-0.4421106,-0.36454248,-9.854286
9105384249,9105383525,-0.43242067,-0.37456402,-9.852921
9105392634,9105390408,-0.4390993,-0.36748964,-9.844249
9105403110,9105398160,-0.441775,-0.36469796,-9.83317
9105409302,9105408168,-0.4338885,-0.3726369,-9.832066
9105415662,9105414740,-0.43226618,-0.3742872,-9.833847
9105423113,9105422346,-0.43980783,-0.37953228,-9.844351
9105432538,9105429592,-0.44759095,-0.3864057,-9.855625
9105444744,9105438122,-0.4410105,-0.380095,-9.845381
9105446925,9105446187,-0.43939424,-0.36446452,-9.822811
9105454428,9105453669,-0.44031185,-0.36328578,-9.821307
9105462724,9105460909,-0.44001877,-0.36656496,-9.844141
9105473127,9105468610,-0.4533175,-0.35374862,-9.858799
9105479367,9105478212,-0.44891742,-0.3576956,-9.846887
9105485748,9105485027,-0.425333,-0.3811292,-9.820464
9105494183,9105493435,-0.42265627,-0.38386336,-9.81869
9105502592,9105500023,-0.4406137,-0.36594078,-9.854219
9105513109,9105507763,-0.45081526,-0.35573423,-9.879827
9105518390,9105517127,-0.4491579,-0.35738474,-9.868296
9105524956,9105524158,-0.44002008,-0.36652237,-9.863124
9105533792,9105532830,-0.42476153,-0.38178214,-9.863384
9105543746,9105539014,-0.42413288,-0.38241097,-9.843224
9105553400,9105546967,-0.4409298,-0.36561388,-9.841235
9105556579,9105555843,-0.44349593,-0.36304772,-9.85453
9105564052,9105563086,-0.43381912,-0.37272453,-9.855818
9105572468,9105570441,-0.4319543,-0.3745894,-9.853674
9105582986,9105578252,-0.42627192,-0.3802718,-9.85213
9105589229,9105587190,-0.4186615,-0.38788217,-9.851275
9105595631,9105594703,-0.41854525,-0.38799846,-9.841371
9105604128,9105603151,-0.42696932,-0.37957436,-9.831028
9105612551,9105609819,-0.44243455,-0.36410913,-9.843312
9105623351,9105617287,-0.45672104,-0.36261445,-9.857978
9105626542,9105625776,-0.46249396,-0.37150374,-9.847918
9105634027,9105633290,-0.45443687,-0.36666963,-9.833824
9105643589,9105640875,-0.438744,-0.3509015,-9.842573
9105653037,9105648592,-0.43075582,-0.34233716,-9.845319
9105659320,9105658148,-0.42523313,-0.35095656,-9.83514
9105665690,9105664937,-0.41161323,-0.36793178,-9.843222
9105674260,9105673309,-0.41059023,-0.38311547,-9.854228
9105682756,9105679777,-0.41993555,-0.38946536,-9.843365
9105694246,9105687587,-0.42148134,-0.38773128,-9.829796
9105697416,9105696681,-0.42006862,-0.38636425,-9.839767
9105705017,9105704279,-0.419591,-0.38646847,-9.853655
9105713389,9105711175,-0.42687547,-0.3796168,-9.854941
9105722775,9105718958,-0.44223744,-0.3643836,-9.854704
9105728975,9105727845,-0.4432062,-0.36335778,-9.8544445
9105736425,9105735672,-0.43354747,-0.3729856,-9.853443
9105744581,9105743661,-0.43907195,-0.3674666,-9.854347
9105752992,9105750257,-0.4415734,-0.35075822,-9.854656
9105763590,9105757974,-0.42675728,-0.3350699,-9.852531
9105768808,9105767575,-0.4241523,-0.33570597,-9.842118
9105775139,9105774426,-0.4334761,-0.34565654,-9.831922
9105783562,9105781525,-0.43529615,-0.3469999,-9.832256
9105793991,9105789772,-0.44103384,-0.35255802,-9.835098
9105801903,9105797376,-0.4550561,-0.3666376,-9.836461
9105806443,9105805688,-0.4624961,-0.3741175,-9.826111
9105814340,9105813621,-0.44762254,-0.37345287,-9.813303
9105822721,9105820705,-0.42353415,-0.3798613,-9.821285
9105833136,9105828418,-0.41551372,-0.38802144,-9.833745
9105839480,9105837445,-0.41856503,-0.38809082,-9.824117
9105845698,9105844932,-0.41331103,-0.39377663,-9.811479
9105854095,9105853146,-0.3977946,-0.39459577,-9.8233795
9105863425,9105860707,-0.4035538,-0.37239876,-9.83839
9105874235,9105867601,-0.43554306,-0.35479653,-9.838498
9105877393,9105876664,-0.45342353,-0.3561152,-9.845932
9105884768,9105884046,-0.4504284,-0.3593946,-9.85705
9105893116,9105890902,-0.44685507,-0.3596429,-9.857372
9105903589,9105898875,-0.45325375,-0.36550003,-9.855469
9105909790,9105907968,-0.46121183,-0.37270883,-9.855135
9105916210,9105915263,-0.44775087,-0.35923326,-9.854415
9105924688,9105923728,-0.43088472,-0.34249637,-9.843313
9105933001,9105930285,-0.43077913,-0.34241223,-9.821716
9105945560,9105938903,-0.42661467,-0.3524414,-9.8195
9105947663,9105946739,-0.4118111,-0.3681357,-9.843063
9105955146,9105954406,-0.40327036,-0.3757783,-9.857952
9105964583,9105962564,-0.4188306,-0.3741437,-9.855997
9105974052,9105969333,-0.4368165,-0.3725645,-9.853101
9105979225,9105978080,-0.42961115,-0.37972683,-9.852015
9105986584,9105985863,-0.4254037,-0.38105097,-9.852364
9105993698,9105992736,-0.43315864,-0.37288207,-9.84356
9106003121,9106000569,-0.43503028,-0.3714555,-9.832162
9106013735,9106008411,-0.44105065,-0.36557275,-9.833044
9106017867,9106016948,-0.4487093,-0.3578562,-9.836178
9106025270,9106024549,-0.44877338,-0.35775954,-9.83648
9106034665,9106032849,-0.44743976,-0.3590985,-9.835975
9106044267,9106039768,-0.44723356,-0.35931125,-9.845899
9106049410,9106048276,-0.44743723,-0.35910755,-9.857488
9106056812,9106056082,-0.44750315,-0.35904047,-9.857442
9106064303,9106063572,-0.44747704,-0.3590664,-9.855403
9106073685,9106070939,-0.4474617,-0.35908192,-9.855113
9106084097,9106078750,-0.44746405,-0.35907966,-9.855429
9106089245,9106087414,-0.44746706,-0.3590766,-9.845475
9106095643,9106094923,-0.44036055,-0.36618313,-9.832909
9106105081,9106103054,-0.43221435,-0.3743293,-9.841863
9106113455,9106110529,-0.43937603,-0.36716765,-9.856431
9106124142,9106117827,-0.45535415,-0.3639814,-9.857996
9106127213,9106126487,-0.45572382,-0.37827384,-9.854666
9106134627,9106133907,-0.43236697,-0.38873956,-9.841843
9106144065,9106141514,-0.4153846,-0.38847417,-9.829497
9106154504,9106149139,-0.41699728,-0.38660017,-9.839991
9106159625,9106157601,-0.42021102,-0.3863727,-9.853741
9106166048,9106165323,-0.42039812,-0.38666806,-9.85391
9106174509,9106173549,-0.41986194,-0.38675112,-9.841473
9106183841,9106181115,-0.4268573,-0.37960488,-9.83058
9106196317,9106189194,-0.4421873,-0.36433232,-9.8331785
9106198431,9106197513,-0.45030865,-0.3562458,-9.826423
9106206056,9106205083,-0.4488079,-0.35774156,-9.82498
9106213489,9106211831,-0.44005775,-0.3664849,-9.845049
9106223849,9106219619,-0.43193495,-0.37460753,-9.857282
9106230023,9106228897,-0.43228167,-0.37426198,-9.845501
9106236391,9106235669,-0.43375677,-0.3727871,-9.831584
9106244811,9106243886,-0.43391162,-0.37263206,-9.841664
9106254163,9106251418,-0.42656904,-0.3799746,-9.844573
9106264761,9106259077,-0.4318642,-0.3874713,-9.823132
9106268453,9106267702,-0.44742852,-0.38656917,-9.820491
9106276261,9106275329,-0.43527317,-0.38583338,-9.83291
9106284641,9106283710,-0.41726416,-0.38659462,-9.834184
9106294099,9106289882,-0.4167625,-0.38683495,-9.842243
9106300282,9106299159,-0.42695367,-0.37963,-9.854252
9106307719,9106306981,-0.43563828,-0.37142786,-9.8556
9106315136,9106314405,-0.435121,-0.371492,-9.853691
9106324528,9106321593,-0.44062912,-0.3658331,-9.844131
9106333873,9106329149,-0.44863173,-0.3578879,-9.823972
9106340092,9106338934,-0.44172937,-0.36482507,-9.821695
9106346519,9106345563,-0.4251037,-0.3814458,-9.842989
9106354861,9106353934,-0.40967,-0.38265947,-9.856551
9106364236,9106361493,-0.4032222,-0.3728158,-9.845756
9106374916,9106368286,-0.41209245,-0.3782703,-9.820693
9106378073,9106377345,-0.4216266,-0.38790053,-9.807867
9106385491,9106384730,-0.42857176,-0.38124555,-9.821442
9106393814,9106391599,-0.44852442,-0.37076658,-9.847787
9106406441,9106400734,-0.4701223,-0.37608662,-9.850263
9106411011,9106408846,-0.4690707,-0.39220452,-9.8349495
9106417520,9106416553,-0.4516272,-0.3943389,-9.841322
9106425026,9106424107,-0.43646932,-0.37903285,-9.854989
9106434499,9106431754,-0.43731183,-0.3764206,-9.85587
9106446947,9106439428,-0.44648892,-0.38511854,-9.843552
9106450076,9106447858,-0.4341805,-0.38755903,-9.830541
9106456587,9106455634,-0.4172691,-0.38710132,-9.839844
9106464342,9106462014,-0.41695482,-0.38660643,-9.853536
9106474753,9106469836,-0.41987437,-0.37240118,-9.853906
9106479919,9106478805,-0.4274629,-0.34909123,-9.852565
9106487332,9106486611,-0.44227368,-0.348174,-9.844263
9106494780,9106494052,-0.45021507,-0.35923398,-9.83424
9106504211,9106501459,-0.44877908,-0.36101192,-9.84428
9106514636,9106509021,-0.44717652,-0.35933244,-9.857555
9106518805,9106518077,-0.44719404,-0.35877514,-9.847687
9106526187,9106525467,-0.44747764,-0.35898817,-9.833865
9106534634,9106532403,-0.44040945,-0.3662236,-9.84262
9106545573,9106540842,-0.43221965,-0.3743507,-9.845318
9106550323,9106548303,-0.42515507,-0.36716366,-9.835133
9106557733,9106557010,-0.4113451,-0.36468768,-9.83317
9106565132,9106564212,-0.41767132,-0.37269258,-9.833665
9106574629,9106571700,-0.4352311,-0.3742971,-9.844131
9106585037,9106579421,-0.4366892,-0.37312803,-9.845575
9106590237,9106589094,-0.44092977,-0.36556914,-9.834905
9106596827,9106596083,-0.4412941,-0.364669,-9.8431425
9106605453,9106604491,-0.42639065,-0.380076,-9.844208
9106614841,9106610625,-0.41704112,-0.38959315,-9.821814
9106624556,9106619770,-0.41828752,-0.38828295,-9.808302
9106628928,9106627928,-0.4201092,-0.38642251,-9.810253
9106636241,9106635297,-0.42015702,-0.37216705,-9.822959
9106644639,9106642103,-0.4269511,-0.34908924,-9.845579
9106655110,9106649759,-0.44214925,-0.34821478,-9.848669
9106660265,9106658245,-0.4502866,-0.3592403,-9.836108
9106666869,9106666109,-0.44881135,-0.3610057,-9.8437805
9106675289,9106674335,-0.44716877,-0.35933048,-9.857155
9106684720,9106681763,-0.44718724,-0.35877594,-9.847715
9106697551,9106689997,-0.44747794,-0.3589886,-9.823889
9106702586,9106698339,-0.44751722,-0.35911694,-9.812011
9106707036,9106706104,-0.44747198,-0.3590984,-9.824502
9106714585,9106712268,-0.4474585,-0.35907322,-9.848512
9106725067,9106720153,-0.44746447,-0.35907277,-9.859881
9106730306,9106729144,-0.43325454,-0.3590771,-9.857334
9106737694,9106736947,-0.41696265,-0.35907784,-9.854967
9106745219,9106744501,-0.43128553,-0.35907716,-9.855068
9106754712,9106751994,-0.44334316,-0.36618352,-9.854493
9106765094,9106759279,-0.43548796,-0.37432924,-9.853386
9106768257,9106767529,-0.43933165,-0.36716756,-9.84428
9106776909,9106776160,-0.44127107,-0.3504789,-9.823043
9106784635,9106782609,-0.43377408,-0.34218806,-9.820529
9106795199,9106790651,-0.43233788,-0.3581154,-9.843986
9106801393,9106800261,-0.42633593,-0.38321778,-9.856901
9106807939,9106807222,-0.4321061,-0.39049104,-9.854677
9106815329,9106814607,-0.4546113,-0.37933546,-9.854097
9106824717,9106821966,-0.45760068,-0.36292642,-9.855408
9106835369,9106829758,-0.4469848,-0.36959,-9.854695
9106839543,9106838406,-0.43709117,-0.39405078,-9.852352
9106847142,9106846421,-0.42400366,-0.3971694,-9.851129
9106854828,9106853010,-0.42453566,-0.37983358,-9.8523655
9106865540,9106861325,-0.43401504,-0.36964542,-9.853767
9106874752,9106870002,-0.4353077,-0.3711957,-9.853754
9106880976,9106878661,-0.4338345,-0.37320894,-9.853507
9106887463,9106884543,-0.43339238,-0.3732314,-9.853473
9106896350,9106892527,-0.44069266,-0.3657751,-9.844465
9106905870,9106900347,-0.44894412,-0.3575744,-9.83411
9106910633,9106908600,-0.44887048,-0.35768285,-9.834175
9106917080,9106916354,-0.4403062,-0.3662433,-9.834995
9106925510,9106924555,-0.42485374,-0.3816891,-9.843144
9106934916,9106932190,-0.4240962,-0.38244635,-9.854242
9106947425,9106940105,-0.44090825,-0.36563542,-9.856445
9106949555,9106948624,-0.4506058,-0.35593808,-9.855827
9106956928,9106956009,-0.44196904,-0.36457467,-9.844295
9106965495,9106962531,-0.43189916,-0.3746445,-9.840708
9106975826,9106970503,-0.4319413,-0.36038914,-9.8612995
9106980998,9106978975,-0.4337133,-0.34232593,-9.865945
9106987370,9106986654,-0.433965,-0.3563978,-9.865024
9106996281,9106995344,-0.43298042,-0.38933837,-9.874125
9107005043,9107002093,-0.43208167,-0.40518963,-9.853506
9107016640,9107009657,-0.42572695,-0.39533508,-9.8177395
9107018691,9107017965,-0.4185595,-0.38471872,-9.816126
9107027134,9107026384,-0.41862583,-0.3848945,-9.842262
9107035580,9107033049,-0.42699897,-0.37967527,-9.857422
9107046317,9107040944,-0.43531817,-0.3717747,-9.84601
9107051520,9107050372,-0.43506628,-0.3715348,-9.831634
9107057917,9107057184,-0.4406772,-0.3657785,-9.832538
9107066396,9107065440,-0.44864836,-0.3578724,-9.836195
9107075147,9107072616,-0.44172335,-0.36483237,-9.845617
9107085632,9107080011,-0.43220645,-0.37434295,-9.855398
9107089814,9107089071,-0.4391359,-0.3674065,-9.856181
9107097199,9107096473,-0.4418179,-0.36472458,-9.85458
9107106528,9107103408,-0.43388838,-0.37265536,-9.843153
9107115919,9107111171,-0.43225867,-0.36007208,-9.831714
9107121080,9107119955,-0.43341085,-0.34262836,-9.842094
9107128531,9107127788,-0.4409717,-0.349391,-9.856674
9107136060,9107135296,-0.4489817,-0.36054522,-9.85799
9107146247,9107143110,-0.44882703,-0.36099023,-9.855626
9107155844,9107150520,-0.4473998,-0.3590994,-9.855049
9107160981,9107158964,-0.4401117,-0.36585143,-9.844325
9107168419,9107167499,-0.43218976,-0.3742768,-9.831802
9107175920,9107174960,-0.4323095,-0.3743247,-9.841903
9107185260,9107182541,-0.43300548,-0.3863568,-9.854621
9107197789,9107190456,-0.425269,-0.39450353,-9.854709
9107199923,9107198973,-0.4105133,-0.3800823,-9.853497
9107207503,9107206567,-0.41752973,-0.37014928,-9.853304
9107216433,9107213671,-0.4424628,-0.36411917,-9.844443
9107226182,9107220864,-0.45198455,-0.35787275,-9.834137
9107231354,9107229336,-0.44900462,-0.35801685,-9.834183
9107237728,9107237008,-0.44689924,-0.35913324,-9.835997
9107246238,9107245294,-0.44711396,-0.35927123,-9.846304
9107255651,9107252725,-0.44751453,-0.3590956,-9.857544
9107266057,9107259834,-0.44753543,-0.35904574,-9.85738
9107269218,9107268500,-0.4403617,-0.36617583,-9.85438
9107276688,9107275925,-0.42509598,-0.38144022,-9.851959
9107286067,9107284244,-0.4099087,-0.3824218,-9.852132
9107295465,9107291227,-0.41036507,-0.36567545,-9.854591
9107302197,9107301037,-0.42730808,-0.3630548,-9.854921
9107308045,9107307093,-0.43681195,-0.3727148,-9.853533
9107316433,9107315511,-0.44233707,-0.36748016,-9.854277
9107325809,9107323080,-0.4485849,-0.3579143,-9.845583
9107336221,9107330193,-0.4485296,-0.35743356,-9.834132
9107339361,9107338640,-0.44742593,-0.35904068,-9.844032
9107347205,9107346478,-0.44016767,-0.36646652,-9.856533
9107355612,9107353598,-0.4321934,-0.37437707,-9.85562
9107366033,9107361510,-0.4323002,-0.37423152,-9.853294
9107372263,9107370438,-0.42660758,-0.37992966,-9.85211
9107378618,9107377900,-0.4186499,-0.38789487,-9.8412895
9107387228,9107386474,-0.42559123,-0.38095373,-9.820819
9107395591,9107392846,-0.43510813,-0.3714355,-9.820728
9107406064,9107400749,-0.42817584,-0.37836757,-9.8434
9107411302,9107410146,-0.42549342,-0.3810502,-9.856781
9107417703,9107416941,-0.44053,-0.3660137,-9.846723
9107426004,9107424189,-0.45030552,-0.35623822,-9.83386
9107435353,9107431944,-0.44909805,-0.35744566,-9.843794
9107447922,9107440802,-0.44720733,-0.35933638,-9.857552
9107450046,9107449130,-0.4471426,-0.3594011,-9.857821
9107457524,9107456583,-0.4474647,-0.359079,-9.855448
9107466464,9107463465,-0.44752312,-0.35902053,-9.855054
9107475904,9107471347,-0.44747522,-0.35906848,-9.855412
9107481256,9107479227,-0.44745797,-0.35908574,-9.855534
9107488729,9107487925,-0.44035727,-0.36618644,-9.854484
9107496033,9107495295,-0.4322155,-0.3743282,-9.843254
9107505436,9107502512,-0.43937677,-0.3671669,-9.83275
9107516060,9107510374,-0.4489581,-0.35758555,-9.844239
9107519247,9107518486,-0.4419967,-0.36454698,-9.846756
9107527797,9107527049,-0.43219215,-0.37435156,-9.834054
9107536318,9107533767,-0.4390859,-0.36745778,-9.83276
9107546961,9107542435,-0.44891968,-0.357624,-9.835804
9107552237,9107551069,-0.44204208,-0.3645016,-9.845521
9107558731,9107557987,-0.4322055,-0.37433815,-9.845403
9107567121,9107566191,-0.4319733,-0.37457037,-9.8336315
9107576484,9107573769,-0.42655766,-0.36577284,-9.840977
9107586916,9107581101,-0.41869998,-0.3431261,-9.853159
9107590101,9107589362,-0.41850072,-0.34135756,-9.853653
9107597510,9107596758,-0.42695603,-0.36638993,-9.842543
9107605860,9107604026,-0.44244042,-0.37036005,-9.832792
9107616812,9107612084,-0.4503283,-0.35944444,-9.83432
9107622689,9107621532,-0.44876635,-0.35715228,-9.836252
9107628939,9107628170,-0.44715482,-0.35873124,-9.846317
9107637385,9107636636,-0.4400865,-0.3664706,-9.846445
9107646057,9107643328,-0.42512247,-0.38153848,-9.832638
9107656461,9107650941,-0.424174,-0.38238448,-9.840648
9107660612,9107659491,-0.43376592,-0.37275934,-9.845244
9107668124,9107667325,-0.43533468,-0.37120366,-9.834462
9107676421,9107674404,-0.4338821,-0.37266403,-9.84213
9107685786,9107682368,-0.43339464,-0.37315035,-9.855192
9107695125,9107690179,-0.44068462,-0.3658588,-9.856763
9107699320,9107698608,-0.441836,-0.3647074,-9.865757
9107707749,9107707032,-0.43361944,-0.37292424,-9.876847
9107716121,9107713610,-0.43932274,-0.36722097,-9.856791
9107726623,9107721309,-0.448704,-0.35783967,-9.831813
9107731792,9107729767,-0.44196898,-0.36457467,-9.840723
9107738196,9107737479,-0.42512602,-0.36720446,-9.854446
9107746570,9107744755,-0.41673785,-0.3593014,-9.853886
9107755999,9107753257,-0.42557144,-0.36479127,-9.831296
9107766399,9107760547,-0.4425471,-0.3669798,-9.808996
9107769517,9107768778,-0.4505867,-0.35923058,-9.831807
9107777879,9107777162,-0.44878542,-0.35771373,-9.860159
9107786327,9107783970,-0.44711226,-0.35885084,-9.860304
9107796720,9107791806,-0.44007692,-0.36638963,-9.854348
9107802954,9107800910,-0.43223512,-0.3743991,-9.842397
9107809613,9107808663,-0.43232223,-0.3742482,-9.831643
9107816986,9107816244,-0.43371007,-0.37282166,-9.842217
9107826331,9107823619,-0.4474002,-0.37192887,-9.846655
9107836732,9107830920,-0.46266103,-0.37133783,-9.836404
9107839914,9107839158,-0.4489892,-0.37211862,-9.843172
9107848292,9107847565,-0.42370507,-0.38015366,-9.843949
9107856702,9107854438,-0.42240563,-0.38119158,-9.832827
9107867363,9107862248,-0.44086248,-0.3657212,-9.843123
9107872758,9107871617,-0.45089558,-0.35617065,-9.857635
9107879149,9107878412,-0.44201943,-0.36459363,-9.856945
9107887561,9107886637,-0.4318557,-0.37460643,-9.843245
9107897019,9107894304,-0.43903267,-0.36748686,-9.832317
9107906549,9107901236,-0.4489709,-0.35758355,-9.844177
9107910708,9107909979,-0.44916546,-0.35738403,-9.857878
9107918113,9107917394,-0.44034463,-0.36619803,-9.856796
9107927520,9107925704,-0.4319142,-0.3746283,-9.85323
9107936957,9107932711,-0.43933496,-0.36720872,-9.853905
9107946317,9107941386,-0.44189823,-0.36464563,-9.854628
9107950524,9107949608,-0.42675862,-0.37978506,-9.852606
9107957906,9107956988,-0.42409554,-0.3824481,-9.842133
9107966286,9107963936,-0.43346754,-0.3730761,-9.831911
9107976828,9107971703,-0.43530485,-0.37123883,-9.8322525
9107981984,9107979964,-0.4410366,-0.36550707,-9.8351
9107989413,9107988665,-0.4415525,-0.3649912,-9.835456
9107997783,9107996866,-0.43351626,-0.37302744,-9.834004
9108006172,9108003257,-0.43935737,-0.3671863,-9.834735
9108016653,9108011008,-0.44162062,-0.36492306,-9.835096
9108019729,9108019014,-0.43382066,-0.372723,-9.834016
9108028131,9108027407,-0.43228334,-0.3742603,-9.833795
9108036594,9108034279,-0.43342632,-0.37311733,-9.833951
9108047187,9108042266,-0.433863,-0.37268066,-9.823963
9108052720,9108050661,-0.43372646,-0.37281722,-9.8224745
9108059226,9108058467,-0.44073647,-0.36580718,-9.845114
9108067973,9108067054,-0.44889197,-0.3576517,-9.85974
9108077856,9108074501,-0.44885513,-0.35768852,-9.85791
9108087193,9108081172,-0.44741964,-0.359124,-9.845026
9108090319,9108089605,-0.44721624,-0.3593274,-9.823363
9108098777,9108098053,-0.44743824,-0.35910547,-9.822455
9108107137,9108104611,-0.44750637,-0.35903734,-9.846222
9108117550,9108112437,-0.4474774,-0.3590663,-9.859907
9108122724,9108120902,-0.44035462,-0.36618903,-9.846684
9108130104,9108129387,-0.4322117,-0.37433198,-9.821246
9108137523,9108136766,-0.43937668,-0.36716697,-9.82085
9108147119,9108144404,-0.44895878,-0.35758486,-9.846358
9108160923,9108152453,-0.44839275,-0.3709428,-9.849152
9108165091,9108161268,-0.44591904,-0.38807863,-9.834032
9108169379,9108168441,-0.44636726,-0.37473923,-9.842387
9108177759,9108176139,-0.44047064,-0.36338806,-9.85631
9108187437,9108183022,-0.4324233,-0.37117413,-9.855876
9108195749,9108190815,-0.43938726,-0.36719644,-9.844325
9108199968,9108199248,-0.44181663,-0.36524954,-9.832663
9108208420,9108207690,-0.42673752,-0.37987554,-9.8410225
9108216793,9108214264,-0.4170002,-0.38946202,-9.8432865
9108227312,9108221954,-0.42532724,-0.38119236,-9.823055
9108232588,9108231450,-0.44246542,-0.36408904,-9.821711
9108238915,9108238198,-0.45061758,-0.35593188,-9.846167
9108247318,9108245469,-0.4488043,-0.35773835,-9.860028
9108256718,9108253947,-0.44710964,-0.35943288,-9.857766
9108267123,9108261074,-0.44007325,-0.36647043,-9.854
9108270231,9108269503,-0.43223503,-0.37430882,-9.842791
9108278670,9108277949,-0.4394294,-0.36711428,-9.8327675
9108287048,9108284721,-0.44185582,-0.36468786,-9.843317
9108297489,9108292534,-0.42673588,-0.36559469,-9.854658
9108303631,9108301612,-0.41699308,-0.35904616,-9.853461
9108310793,9108309843,-0.41821992,-0.37214285,-9.851297
9108318375,9108317452,-0.42721432,-0.3823126,-9.842146
9108327896,9108324904,-0.43542087,-0.3743964,-9.822092
9108337232,9108331620,-0.42793697,-0.37856224,-9.819759
9108341438,9108340687,-0.41829708,-0.38766605,-9.831981
9108348843,9108348111,-0.41819996,-0.38826665,-9.834176
9108357217,9108354998,-0.41987616,-0.37254488,-9.842404
9108367611,9108362696,-0.42013827,-0.3559277,-9.843223
9108373837,9108372711,-0.43338516,-0.36975744,-9.8228035
9108380238,9108379496,-0.4558851,-0.38108936,-9.821685
9108387736,9108387020,-0.45756266,-0.3668186,-9.846207
9108397526,9108394563,-0.45386246,-0.34995311,-9.860039
9108406980,9108402024,-0.45942318,-0.34359372,-9.857761
9108411121,9108410376,-0.4608851,-0.35841316,-9.855002
9108419507,9108418786,-0.4729156,-0.37448692,-9.854999
9108427927,9108427010,-0.48721007,-0.36144662,-9.855482
9108437328,9108433310,-0.47439864,-0.3439295,-9.855554
9108447682,9108442163,-0.4437245,-0.3571575,-9.854474
9108450878,9108449065,-0.42087707,-0.38277236,-9.852294
9108458318,9108457577,-0.41580877,-0.39130452,-9.851159
9108467662,9108464746,-0.41907415,-0.38806033,-9.841325
9108478153,9108472516,-0.4133337,-0.39319643,-9.831041
9108483431,9108482169,-0.40481526,-0.40162286,-9.832267
9108489758,9108488834,-0.41878948,-0.3877411,-9.8342495
9108498184,9108497257,-0.4365396,-0.3700207,-9.844374
9108509292,9108504684,-0.43668443,-0.36986393,-9.864602
9108519062,9108512385,-0.44069964,-0.3658418,-9.875835
9108521195,9108520245,-0.4483679,-0.35817465,-9.8658905
9108528874,9108527825,-0.448785,-0.35775888,-9.843371
9108537201,9108534872,-0.44750133,-0.35904258,-9.831772
9108547656,9108542742,-0.4536364,-0.3656991,-9.844075
9108553900,9108551828,-0.45404786,-0.37994975,-9.846903
9108560265,9108559344,-0.43952972,-0.38157678,-9.834104
9108568790,9108567859,-0.42383236,-0.36581326,-9.842792
9108578227,9108575300,-0.40986985,-0.34901,-9.856357
9108587618,9108582001,-0.41768757,-0.34221077,-9.845761
9108591812,9108591080,-0.43549216,-0.35837632,-9.831783
9108599178,9108598262,-0.43672454,-0.37614536,-9.841648
9108607594,9108605264,-0.42667603,-0.36880213,-9.856597
9108617982,9108613070,-0.41077757,-0.35039943,-9.857053
9108624190,9108623044,-0.41021502,-0.3489964,-9.852488
9108630548,9108629628,-0.42002723,-0.37333798,-9.850736
9108638008,9108637289,-0.42156056,-0.39135623,-9.85128
9108647927,9108644980,-0.43356663,-0.38901162,-9.852673
9108657519,9108652352,-0.4620582,-0.38408792,-9.84474
9108661621,9108660899,-0.4641187,-0.3837791,-9.8232355
9108669038,9108668286,-0.4395254,-0.37891212,-9.820477
9108678492,9108676644,-0.43627888,-0.36475217,-9.84495
9108687833,9108683410,-0.4472233,-0.35642868,-9.860066
9108697215,9108692692,-0.4493928,-0.35769472,-9.8579855
9108701443,9108700514,-0.4477909,-0.35933936,-9.85503
9108708896,9108707936,-0.44006965,-0.3664644,-9.853958
9108718209,9108715471,-0.43211505,-0.37432438,-9.853314
9108727557,9108722637,-0.43230596,-0.37422416,-9.853409
9108733927,9108732744,-0.42662215,-0.3799378,-9.84248
9108740273,9108739293,-0.42504698,-0.39429328,-9.81976
9108748722,9108747758,-0.43220925,-0.40178627,-9.818355
9108758091,9108753871,-0.4335327,-0.40036452,-9.832183
9108766450,9108761867,-0.43247026,-0.3988427,-9.824402
9108771640,9108770921,-0.4391894,-0.39176294,-9.821844
9108779118,9108778309,-0.4474647,-0.38388807,-9.83389
9108787386,9108785170,-0.43399394,-0.3846888,-9.825045
9108797797,9108793083,-0.42417732,-0.37979084,-9.821639
9108803981,9108801957,-0.43931732,-0.36472112,-9.834752
9108810484,9108809541,-0.45035896,-0.35627005,-9.838272
9108818990,9108818058,-0.44221196,-0.36478353,-9.845531
9108828365,9108825645,-0.431978,-0.3746168,-9.844971
9108838750,9108832136,-0.43901685,-0.36745512,-9.824521
9108841930,9108841184,-0.44894713,-0.3575771,-9.822634
9108849308,9108848583,-0.44916478,-0.35738862,-9.846045
9108857686,9108855640,-0.4403487,-0.36619982,-9.858843
9108868119,9108863571,-0.42480835,-0.38173434,-9.8546
9108874322,9108872268,-0.41697556,-0.3895672,-9.84068
9108880648,9108879917,-0.41855535,-0.3879884,-9.819288
9108889015,9108888099,-0.42015988,-0.386384,-9.818602
9108898517,9108895760,-0.42011744,-0.38642627,-9.832302
9108907992,9108902669,-0.41982988,-0.37250063,-9.834425
9108912143,9108911424,-0.41979527,-0.35624397,-9.832334
9108919583,9108918864,-0.4269472,-0.36341554,-9.832661
9108927970,9108926139,-0.43510556,-0.37442136,-9.83408
9108938360,9108933945,-0.4279377,-0.38187957,-9.833225
9108947723,9108942998,-0.431855,-0.38743603,-9.842901
9108951953,9108951039,-0.45429376,-0.3791234,-9.856526
9108959339,9108958421,-0.4575983,-0.36343113,-9.857827
9108967676,9108965159,-0.4477508,-0.3561985,-9.855628
9108978075,9108972953,-0.44573152,-0.3578927,-9.845029
9108982338,9108981146,-0.4471631,-0.35940868,-9.823764
9108990746,9108990008,-0.44061992,-0.36643982,-9.821508
9108999164,9108997328,-0.43230557,-0.3743086,-9.844003
9109008540,9109004312,-0.43223733,-0.37422615,-9.857737
9109014747,9109013590,-0.4265787,-0.3799409,-9.844746
9109021083,9109020359,-0.41865677,-0.3878975,-9.829383
9109029563,9109028824,-0.4184907,-0.38805872,-9.839465
9109038954,9109036637,-0.4198556,-0.38668707,-9.853683
9109048716,9109043339,-0.42719087,-0.37935168,-9.844949
9109053928,9109051834,-0.4351306,-0.37141308,-9.832133
9109060238,9109059295,-0.4350052,-0.37153864,-9.831791
9109068746,9109066881,-0.44070116,-0.3658425,-9.834993
9109078120,9109075194,-0.44866255,-0.35788107,-9.836527
9109088541,9109082485,-0.44882783,-0.35771585,-9.836189
9109091651,9109090911,-0.4474559,-0.35908777,-9.835872
9109100037,9109099296,-0.4472263,-0.3593173,-9.835884
9109108409,9109106076,-0.4474333,-0.35911036,-9.845992
9109118846,9109113932,-0.44750386,-0.3590398,-9.857517
9109124052,9109121988,-0.44747788,-0.3590658,-9.85743
9109131388,9109130668,-0.44746172,-0.35908192,-9.845346
9109138775,9109138058,-0.44746393,-0.35907978,-9.823494
9109148189,9109145455,-0.44036046,-0.3661832,-9.811363
9109158749,9109152729,-0.4251083,-0.38143536,-9.811411
9109161852,9109161135,-0.4241239,-0.38241976,-9.823595
9109170321,9109169586,-0.44086766,-0.36567605,-9.847479
9109178642,9109176324,-0.44348845,-0.3630553,-9.848835
9109189023,9109184107,-0.43382892,-0.37271476,-9.83379
9109197353,9109192188,-0.43835294,-0.38098255,-9.841402
9109201531,9109200617,-0.4399976,-0.39400008,-9.854198
9109209221,9109208473,-0.43304884,-0.3880577,-9.854735
9109218687,9109215753,-0.43956172,-0.3642971,-9.854579
9109229159,9109223293,-0.44883904,-0.35475844,-9.855467
9109233285,9109232532,-0.4490534,-0.3575303,-9.855624
9109240759,9109240029,-0.44745794,-0.35960823,-9.855492
9109249168,9109246797,-0.44718707,-0.359426,-9.855445
9109258542,9109254685,-0.4474272,-0.35903496,-9.855462
9109264709,9109263546,-0.44750983,-0.35900974,-9.845423
9109272134,9109271376,-0.44747984,-0.35907462,-9.823851
9109279544,9109278774,-0.44746095,-0.3590885,-9.812407
9109288957,9109286013,-0.44746345,-0.35907918,-9.824566
9109299328,9109293684,-0.44036055,-0.36618194,-9.847446
9109304509,9109303367,-0.42510843,-0.38143528,-9.8567
9109310851,9109310129,-0.43051982,-0.3888159,-9.85404
9109319353,9109318356,-0.45459467,-0.37940308,-9.854038
9109328986,9109326036,-0.45076984,-0.37033665,-9.854505
9109339339,9109332722,-0.4253799,-0.37847883,-9.852564
9109342546,9109341810,-0.42233825,-0.38125914,-9.852198
9109349905,9109349183,-0.44055894,-0.36602473,-9.844445
9109358325,9109356265,-0.4437564,-0.36330974,-9.833324
9109368716,9109364166,-0.42681566,-0.37979734,-9.831049
9109374914,9109372892,-0.41667145,-0.3897907,-9.82161
9109381294,9109380571,-0.42526543,-0.38125414,-9.821635
9109389771,9109388760,-0.43540743,-0.37114698,-9.8443985
9109412149,9109406949,-0.43538332,-0.37116617,-9.847723
9109418502,9109413348,-0.43360135,-0.3587281,-9.834167
9109420579,9109419156,-0.42623848,-0.34979957,-9.840647
9109429089,9109426729,-0.42547435,-0.36488834,-9.863068
9109438567,9109435223,-0.42665377,-0.36866018,-9.876265
9109444943,9109443072,-0.41985363,-0.35945922,-9.856173
9109451369,9109450589,-0.42575914,-0.35034594,-9.83082
9109459743,9109458807,-0.44131753,-0.34991622,-9.848726
9109469235,9109466293,-0.44184613,-0.3791671,-9.865841
9109479755,9109473490,-0.42569268,-0.3984431,-9.837063
9109482860,9109482135,-0.42394882,-0.3826297,-9.819803
9109491043,9109490281,-0.42652643,-0.37693748,-9.830367
9109499465,9109497111,-0.4272091,-0.37887815,-9.824887
9109509022,9109504947,-0.4339635,-0.3588403,-9.8131895
9109515311,9109514130,-0.4341207,-0.35485956,-9.821485
9109521819,9109521068,-0.43224862,-0.38550696,-9.854899
9109530949,9109529995,-0.4255514,-0.38429007,-9.86034
9109539038,9109536114,-0.41850454,-0.3581289,-9.825126
9109549590,9109543945,-0.4257552,-0.36162382,-9.818018
9109554732,9109553513,-0.42805102,-0.3667223,-9.8342085
9109560311,9109559593,-0.4200087,-0.35974833,-9.848877
9109568886,9109567939,-0.43264335,-0.35783464,-9.848183
9109578978,9109575334,-0.45011413,-0.3587777,-9.83546
9109588360,9109583934,-0.4433464,-0.36635777,-9.842766
9109592649,9109591711,-0.43218675,-0.37440726,-9.84506
9109600029,9109599094,-0.43174183,-0.374255,-9.8340645
9109609487,9109606728,-0.42652714,-0.37992778,-9.841099
9109619847,9109614528,-0.425132,-0.3942864,-9.853102
9109625068,9109623043,-0.43934494,-0.3946804,-9.844578
9109631434,9109630719,-0.44237834,-0.37871766,-9.832181
9109639852,9109638910,-0.43393368,-0.3699187,-9.850959
9109649289,9109646565,-0.43216702,-0.35721815,-9.874973
9109660284,9109653544,-0.42628294,-0.34979755,-9.855091
9109663457,9109662714,-0.4186258,-0.3580463,-9.827873
9109670793,9109670074,-0.41853803,-0.34634042,-9.837431
9109679167,9109676954,-0.41986793,-0.32896927,-9.853651
9109689622,9109684880,-0.4129712,-0.33558863,-9.855351
9109696909,9109693061,-0.40462303,-0.34670916,-9.84371
9109702110,9109701392,-0.41882497,-0.34717438,-9.8216095
9109710876,9109709043,-0.44368508,-0.35239896,-9.8214245
9109719283,9109716536,-0.4519361,-0.36018783,-9.8363285
9109729739,9109723895,-0.4487832,-0.3604105,-9.828489
9109732835,9109732111,-0.44687533,-0.35907724,-9.82473
9109741423,9109740610,-0.4535452,-0.3652392,-9.845655
9109749843,9109747327,-0.4676468,-0.37916577,-9.849375
9109760265,9109755148,-0.47493497,-0.38651738,-9.836199
9109765448,9109764303,-0.48703027,-0.38586086,-9.832615
9109772915,9109772151,-0.5145258,-0.38589704,-9.843447
9109780266,9109779548,-0.649318,-0.36540836,-9.947166
9109789708,9109786962,-0.7835953,-0.32687342,-10.050884
9109800112,9109794257,-0.6602013,-0.26229402,-10.006655
9109804288,9109803136,-0.54115176,-0.11392416,-9.982
9109811657,9109810927,-0.601525,-0.02040804,-10.016302
9109820132,9109819173,-0.6596545,-0.11660983,-9.9753895
9109829781,9109825692,-0.6653842,-0.23732771,-9.882991
9109839109,9109834523,-0.6148106,-0.2381087,-9.827409
9109843327,9109842414,-0.5637719,-0.14740998,-9.826439
9109850702,9109849985,-0.5644671,-0.063656665,-9.825994
9109859119,9109856851,-0.5884424,-0.08081787,-9.796953
9109869513,9109864763,-0.5577144,-0.20319095,-9.735499
9109875740,9109873701,-0.47866222,-0.30264238,-9.673315
9109882072,9109881158,-0.42274612,-0.27440494,-9.653893
9109890574,9109889626,-0.4284327,-0.19598438,-9.671003
9109900038,9109897077,-0.53785074,-0.13332793,-9.725152
9109909524,9109903847,-0.68574476,-0.061877824,-9.807456
9109913796,9109913038,-0.7713287,0.020728923,-9.870295
9109921739,9109920760,-0.8133395,0.104135565,-9.895202
9109930151,9109927218,-0.8392967,0.13666739,-9.89687
9109939617,9109935091,-0.84993833,0.08558003,-9.873651
9109945832,9109943798,-0.8050138,-0.024954304,-9.8297615
9109952223,9109951447,-0.78307664,-0.11672564,-9.826412
9109960596,9109959671,-0.9071374,-0.0482231,-9.874824
9109970251,9109967327,-1.0058744,0.124280855,-9.913645
9109979644,9109974095,-1.0049523,0.18652616,-9.919878
9109983762,9109983042,-1.0002953,0.12415965,-9.892876
9109991163,9109990442,-0.9777457,0.06930369,-9.857685
9109999722,9109997698,-0.9127275,0.050899602,-9.826118
9110010335,9110005822,-0.838952,0.029401617,-9.7864685
9110015687,9110013853,-0.8189573,0.008876504,-9.766106
9110023126,9110022367,-0.8495798,0.017462494,-9.780132
9110030569,9110029828,-0.88598955,0.0635352,-9.805853
9110039915,9110037005,-0.8994459,0.10927351,-9.807154
9110050334,9110044724,-0.9220338,0.13630825,-9.783738
9110054554,9110053776,-0.96490556,0.17559075,-9.771042
9110061904,9110061184,-0.96792364,0.20430931,-9.782337
9110079689,9110074524,-0.9750604,0.20019865,-9.80531
9110083138,9110076687,-1.031006,0.23577984,-9.816738
9110089441,9110083819,-1.0869699,0.3049516,-9.814381
9110092567,9110091851,-1.120875,0.33014578,-9.812032
9110100998,9110100071,-1.1501303,0.32880646,-9.822151
9110110366,9110107653,-1.1818633,0.34480178,-9.844144
9110119734,9110115021,-1.181373,0.3473754,-9.855635
9110125928,9110124807,-1.1764475,0.29022613,-9.795168
9110132381,9110131455,-1.155915,0.21888106,-9.756171
9110140947,9110139972,-1.1125584,0.20425777,-9.829413
9110150370,9110146753,-1.1510377,0.22884353,-9.8349
9110160328,9110153911,-1.0590892,0.11703332,-9.833915
9110163462,9110162745,-0.80864453,-0.16088407,-9.974516
9110172155,9110171377,-0.8720078,-0.21033883,-10.075649
9110180512,9110177589,-1.2805178,0.19928518,-9.978344
9110189890,9110185465,-1.6560384,0.73404086,-9.760454
9110196140,9110194080,-1.7785988,1.0047638,-9.616011
9110202526,9110201777,-1.6958473,0.98539716,-9.580838
9110210919,9110209995,-1.4604295,0.7616924,-9.64826
9110220268,9110217352,-1.1832614,0.44811702,-9.801973
9110230748,9110224531,-1.1420889,0.28870472,-9.861872
9110233868,9110233155,-1.2742146,0.35449523,-9.82257
9110241284,9110240556,-1.3632907,0.5100375,-9.787225
9110250716,9110248884,-1.3964958,0.61860305,-9.732668
9110260290,9110255762,-1.4141574,0.6214148,-9.673603
9110266463,9110265314,-1.4656377,0.6177122,-9.665488
9110272837,9110272113,-1.5397121,0.6863223,-9.71285
9110281249,9110280324,-1.5557286,0.7240082,-9.778484
9110290616,9110287898,-1.5088373,0.6684518,-9.839071
9110300042,9110294892,-1.4778531,0.63240063,-9.895718
9110304162,9110303439,-1.5248954,0.6788004,-9.932571
9110312611,9110311685,-1.6352777,0.74875903,-9.938077
9110321036,9110319211,-1.7263148,0.7927802,-9.942469
9110330488,9110326236,-1.7621982,0.7720252,-9.972297
9110336613,9110335495,-1.7521918,0.7051293,-9.995988
9110343665,9110342920,-1.7451472,0.6854853,-9.985176
9110351420,9110350496,-1.8013031,0.70855683,-9.980447
9110359770,9110357448,-1.837754,0.65994346,-9.980646
9110370160,9110365249,-1.8467388,0.55142975,-9.949344
9110375355,9110374227,-1.917701,0.4950529,-9.913576
9110382792,9110381857,-1.9471102,0.48522925,-9.893735
9110391175,9110390451,-1.8764288,0.44535413,-9.877005
9110400604,9110396583,-1.8403281,0.37799796,-9.857937
9110408265,9110404633,-1.9106927,0.34031975,-9.820897
9110413588,9110412836,-2.0040627,0.28408405,-9.743448
9110422064,9110421288,-2.0821266,0.1630782,-9.630078
9110430889,9110427964,-2.195847,0.06499331,-9.489395
9110440300,9110435577,-2.289039,-0.004169354,-9.353027
9110446542,9110444484,-2.3239415,-0.09515289,-9.258261
9110453023,9110452101,-2.3475254,-0.20079449,-9.195955
9110461446,9110460512,-2.3732798,-0.29835698,-9.142158
9110470841,9110467924,-2.4283412,-0.3509497,-9.116072
9110480290,9110474767,-2.493703,-0.34792727,-9.173953
9110484453,9110483731,-2.500711,-0.28851688,-9.288497
9110491925,9110491121,-2.4284468,-0.20431992,-9.383537
9110500248,9110498186,-2.3406117,-0.1548132,-9.433628
9110512423,9110506511,-2.3688672,-0.1481259,-9.451422
9110517156,9110515058,-2.4928672,-0.1480121,-9.494486
9110523667,9110522912,-2.5401545,-0.086630195,-9.60922
9110531545,9110530607,-2.483396,0.033897936,-9.757136
9110541116,9110538160,-2.41777,0.11821872,-9.863167
9110551104,9110545526,-2.3968077,0.14494514,-9.889917
9110554323,9110553583,-2.4407835,0.14117339,-9.845086
9110562782,9110562022,-2.5141377,0.12811808,-9.783588
9110571198,9110568675,-2.530654,0.14037317,-9.763363
9110590914,9110585287,-2.5130992,0.1245559,-9.744054
9110594156,9110591930,-2.5424585,0.044053826,-9.687491
9110601764,9110600843,-2.5917585,-0.006871757,-9.664516
9110610179,9110607655,-2.6151383,0.0069052456,-9.703237
9110620567,9110615437,-2.6170182,0.010743086,-9.743076
9110624981,9110624247,-2.6202998,-0.026644446,-9.740103
9110632391,9110631670,-2.641059,-0.08181931,-9.681425
9110641892,9110639834,-2.670524,-0.16718812,-9.5839205
9110651232,9110646812,-2.6989074,-0.28156823,-9.480456
9110656474,9110655348,-2.7263167,-0.36575848,-9.383935
9110663919,9110663141,-2.7395601,-0.41344237,-9.302538
9110672293,9110671566,-2.7366903,-0.44829068,-9.260326
9110681103,9110678357,-2.7687707,-0.43862844,-9.288528
9110691597,9110685938,-2.8151827,-0.37567356,-9.377441
9110696759,9110694925,-2.7950234,-0.29141203,-9.501073
9110702870,9110701917,-2.7427192,-0.2204869,-9.623156
9110711922,9110710959,-2.732211,-0.19007021,-9.689678
9110722347,9110719628,-2.7682724,-0.18384679,-9.687041
9110731781,9110725962,-2.8038142,-0.1740574,-9.635796
9110734351,9110733623,-2.823296,-0.16732147,-9.589569
9110742324,9110741579,-2.8469174,-0.1694745,-9.581745
9110750697,9110748479,-2.8533506,-0.16457452,-9.587704
9110761080,9110756367,-2.82954,-0.15566331,-9.588942
9110767399,9110765339,-2.8050323,-0.16090491,-9.589083
9110773820,9110772900,-2.8127308,-0.17034051,-9.589891
9110782245,9110781311,-2.8380525,-0.16511568,-9.588979
9110790675,9110787749,-2.8404045,-0.16269717,-9.577648
9110801093,9110795278,-2.837019,-0.17676228,-9.556051
9110805251,9110804527,-2.849614,-0.19274536,-9.54483
9110812718,9110811960,-2.8655515,-0.21891026,-9.527882
9110821063,9110818835,-2.8798866,-0.2469382,-9.498226
9110837726,9110835672,-2.893401,-0.26066127,-9.496862
9110844294,9110843362,-2.9063656,-0.25846356,-9.510908
9110851736,9110850990,-2.9122872,-0.24933988,-9.532296
9110861188,9110858261,-2.9115903,-0.2618938,-9.56311
9110871616,9110865802,-2.9182673,-0.30015144,-9.542761
9110874761,9110874034,-2.9470813,-0.34547257,-9.464029
9110883153,9110882437,-2.9913416,-0.3866086,-9.397797
9110891625,9110889257,-3.0204759,-0.41239157,-9.382822
9110900930,9110897112,-3.0240812,-0.40184134,-9.392247
9110907184,9110906042,-3.0123928,-0.37445793,-9.4063015
9110914543,9110913826,-2.9958386,-0.35809106,-9.416754
9110921928,9110921210,-2.9954677,-0.36049986,-9.415817
9110931808,9110928689,-3.0054228,-0.3708286,-9.423898
9110941507,9110936143,-2.9934409,-0.35841385,-9.434288
9110946660,9110945429,-2.976441,-0.32849312,-9.433386
9110953025,9110952304,-2.989559,-0.3000009,-9.431431
9110961427,9110959595,-3.0079606,-0.27336615,-9.4303
9110970787,9110967470,-2.9941378,-0.2460418,-9.450577
9110980247,9110976193,-2.9604635,-0.2040777,-9.515047
9110984457,9110983736,-2.9302483,-0.14659148,-9.590263
9110992876,9110992131,-2.8976235,-0.11143331,-9.630157
9111001199,9110998881,-2.8633296,-0.10997732,-9.62481
9111011756,9111006631,-2.8704321,-0.13653868,-9.577837
9111016948,9111014912,-2.9258094,-0.18900235,-9.511605
9111023428,9111022693,-2.9532695,-0.2126246,-9.468952
9111031911,9111030957,-2.926254,-0.18555894,-9.483376
9111041321,9111038590,-2.896169,-0.17035273,-9.533164
9111051704,9111045690,-2.8965075,-0.18708862,-9.547966
9111054847,9111054128,-2.9231524,-0.19930872,-9.512253
9111063274,9111062526,-2.9412022,-0.19816077,-9.47529
9111071680,9111069165,-2.9320621,-0.20295663,-9.465093
9111082321,9111076972,-2.9133477,-0.21807227,-9.468074
9111087455,9111086338,-2.8980007,-0.21944132,-9.470298
9111093865,9111093142,-2.8919318,-0.19567119,-9.481156
9111102295,9111101338,-2.8873398,-0.15713343,-9.502454
9111111918,9111109186,-2.867834,-0.121555395,-9.504669
9111121430,9111116106,-2.852285,-0.109608725,-9.482162
9111125579,9111124860,-2.8534322,-0.09988761,-9.457377
9111133027,9111132298,-2.8421135,-0.057921708,-9.445641
9111141490,9111139434,-2.811831,-0.01085094,-9.478421
9111151903,9111147450,-2.7816725,0.0021749607,-9.526478
9111158059,9111156939,-2.7626748,0.0015106684,-9.5267515
9111164456,9111163731,-2.765896,0.026845064,-9.527409
9111171936,9111171220,-2.7554853,0.08751842,-9.587758
9111181329,9111178610,-2.6972563,0.14808904,-9.657773
9111191921,9111186509,-2.64935,0.17331082,-9.688583
9111196123,9111194937,-2.6390538,0.17987972,-9.690862
9111203469,9111202740,-2.6317356,0.19063058,-9.655641
9111211925,9111209863,-2.6324708,0.20526378,-9.598836
9111221258,9111217633,-2.6267552,0.22683787,-9.576607
9111229592,9111225345,-2.5902576,0.26295915,-9.584322
9111234812,9111234094,-2.5646038,0.28577715,-9.599399
9111243238,9111242505,-2.5743594,0.27567282,-9.611304
9111251632,9111249116,-2.5802844,0.2701942,-9.600351
9111262001,9111256877,-2.5510135,0.28537813,-9.585608
9111267200,9111265375,-2.4966595,0.30916795,-9.606477
9111273603,9111272874,-2.438414,0.33698875,-9.662365
9111282189,9111280351,-2.4117134,0.3503873,-9.696023
9111291631,9111288654,-2.4322362,0.33325464,-9.672049
9111301989,9111295973,-2.454132,0.314187,-9.6234455
9111305137,9111304411,-2.446628,0.33572316,-9.589388
9111313542,9111312823,-2.4203715,0.3777485,-9.591926
9111323010,9111320679,-2.3823156,0.40143636,-9.639475
9111332419,9111327300,-2.339427,0.41103292,-9.697238
9111337567,9111335746,-2.305718,0.4423939,-9.717445
9111344136,9111343414,-2.2948072,0.48722526,-9.709267
9111352597,9111351676,-2.3062296,0.4953875,-9.672366
9111361993,9111359262,-2.3240259,0.47450632,-9.608104
9111372437,9111366414,-2.345234,0.4494129,-9.565983
9111375563,9111374845,-2.35161,0.44300961,-9.550993
9111383999,9111383268,-2.314001,0.48129588,-9.557193
9111392400,9111389877,-2.2654557,0.52994543,-9.591883
9111402756,9111397637,-2.2436328,0.55166465,-9.625014
9111407941,9111406818,-2.227635,0.5534159,-9.631815
9111414318,9111413597,-2.1943002,0.5562593,-9.625994
9111422745,9111422002,-2.15812,0.5762664,-9.623951
9111432102,9111429358,-2.145173,0.5921955,-9.614622
9111442509,9111436962,-2.1361217,0.5775137,-9.593515
9111446043,9111445296,-2.109353,0.55907136,-9.571964
9111453631,9111452883,-2.0778894,0.5866651,-9.562466
9111463056,9111460727,-2.0353436,0.66357803,-9.585961
9111472501,9111468044,-1.9934223,0.7254163,-9.622218
9111477708,9111476552,-1.9741442,0.7273667,-9.632444
9111485072,9111484343,-1.957357,0.7239148,-9.626576
9111493504,9111492744,-1.9305673,0.73799187,-9.645031
9111501880,9111499347,-1.8890865,0.7555792,-9.700014
9111512422,9111507068,-1.8393945,0.80400693,-9.744013
9111517729,9111516517,-1.8173724,0.8556177,-9.7397995
9111524225,9111523441,-1.7809374,1.0358896,-9.997799
9111532833,9111531836,-1.5080006,1.3118769,-10.449325
9111542894,9111539524,-1.4041277,1.1536133,-10.182666
9111552308,9111546289,-1.7715209,0.8027891,-9.582089
9111555465,9111554743,-1.871879,0.84889114,-9.638525
9111563933,9111563190,-1.6757331,0.9242571,-9.857618
9111572413,9111569677,-1.6017402,0.815619,-9.829505
9111582891,9111577576,-1.6111035,0.74530077,-9.76989
9111588123,9111586061,-1.6524525,0.7540696,-9.740976
9111594557,9111593817,-1.663963,0.80179393,-9.738158
9111602952,9111602031,-1.6519992,0.82784325,-9.731761
9111612495,9111609559,-1.6617341,0.8097808,-9.712224
9111623311,9111616558,-1.6716514,0.7819629,-9.701444
9111626564,9111625821,-1.6436784,0.76756036,-9.703294
9111633952,9111633021,-1.6108445,0.75754076,-9.706461
9111642560,9111640219,-1.59034,0.7379923,-9.706598
9111652985,9111647869,-1.5646733,0.70846474,-9.704053
9111658171,9111657049,-1.550303,0.69336224,-9.702652
9111665585,9111664846,-1.5527025,0.69633186,-9.712944
9111672969,9111672237,-1.5278577,0.6987037,-9.74384
9111682341,9111679632,-1.4619769,0.67649937,-9.773688
9111692737,9111686925,-1.409087,0.62380147,-9.771629
9111696941,9111696179,-1.3986932,0.6057768,-9.75705
9111704321,9111703596,-1.3979201,0.6607069,-9.756284
9111713151,9111710429,-1.3918124,0.72093445,-9.751693
9111722545,9111718320,-1.3981615,0.72721475,-9.743116
9111728779,9111727650,-1.3866582,0.675643,-9.743671
9111735118,9111734385,-1.2872136,0.48649427,-9.823648
9111743541,9111742820,-1.2754014,0.35772985,-9.881475
9111752923,9111750209,-1.4510105,0.47653773,-9.775404
9111762302,9111757347,-1.4915497,0.515067,-9.711564
9111767501,9111766554,-1.3750083,0.4508315,-9.751986
9111774843,9111774125,-1.3224336,0.46310955,-9.777131
9111783235,9111782313,-1.3280761,0.48327535,-9.781759
9111793792,9111789739,-1.3807597,0.5537153,-9.798127
9111802166,9111797435,-1.4443258,0.6301228,-9.780614
9111806416,9111805492,-1.3747371,0.5038667,-9.707847
9111813801,9111813081,-1.1935178,0.29789698,-9.710329
9111832438,9111827317,-1.1095796,0.26149496,-9.778727
9111834533,9111827819,-1.1631961,0.31361002,-9.798343
9111838702,9111837577,-1.2212873,0.3077147,-9.783187
9111845096,9111844179,-1.2075872,0.22806963,-9.767481
9111853518,9111852563,-1.1811845,0.17481889,-9.708546
9111862857,9111860139,-1.2067313,0.2776486,-9.644392
9111873266,9111867049,-1.222203,0.43420365,-9.654391
9111876479,9111875726,-1.1574476,0.43195564,-9.74449
9111884568,9111883638,-1.01948,0.2513829,-9.863447
9111893061,9111890342,-0.89980006,0.07329437,-9.915292
9111903505,9111897989,-0.8588805,0.029884558,-9.902012
9111908731,9111906673,-0.82484865,0.046948917,-9.89902
9111915052,9111914330,-0.75598246,-0.012588435,-9.8908615
9111923817,9111922890,-0.7305612,-0.08682372,-9.872103
9111933176,9111930255,-0.7815598,-0.031806342,-9.89089
9111942561,9111937238,-0.8076873,0.003468508,-9.904967
9111946711,9111945989,-0.7741383,-0.08345775,-9.893681
9111954118,9111953382,-0.7575449,-0.1364646,-9.880517
9111963672,9111961599,-0.7816107,-0.10836284,-9.869515
9111973193,9111968676,-0.7944352,-0.11698942,-9.870215
9111979422,9111978262,-0.7714811,-0.18642706,-9.873252
9111985773,9111985048,-0.7594801,-0.22988921,-9.883624
9111993213,9111992283,-0.75464404,-0.25960058,-9.905714
9112002629,9111999886,-0.72761506,-0.32596797,-9.90813
9112014318,9112008289,-0.69608486,-0.35746664,-9.874457
9112017443,9112016718,-0.6756053,-0.3298252,-9.82087
9112024820,9112024097,-0.67245466,-0.32736683,-9.770699
9112033198,9112031181,-0.7246206,-0.2543927,-9.769745
9112042723,9112038863,-0.80173415,-0.13258082,-9.794483
9112048939,9112047774,-0.73421705,-0.14177997,-9.818368
9112056345,9112055621,-0.55803156,-0.09413012,-9.93913
9112063721,9112063000,-0.44603983,0.08216524,-10.082246
9112073119,9112070394,-0.452743,0.036337566,-10.020689
9112083528,9112078013,-0.5643256,-0.21731721,-9.845889
9112088756,9112087629,-0.64271337,-0.32240888,-9.781879
9112095125,9112094398,-0.6132884,-0.28618845,-9.814228
9112103540,9112101521,-0.56681406,-0.2908906,-9.850283
9112113000,9112110269,-0.56517875,-0.3121427,-9.860937
9112123381,9112117166,-0.5801957,-0.29310575,-9.847128
9112126545,9112125823,-0.5897847,-0.27948904,-9.822135
9112134007,9112133257,-0.59566003,-0.28794295,-9.809847
9112143565,9112140647,-0.58062446,-0.29156673,-9.822483
9112153967,9112148442,-0.5283604,-0.27000508,-9.846586
9112159233,9112157354,-0.4956397,-0.2527145,-9.867994
9112165566,9112164825,-0.52844656,-0.2823937,-9.875944
9112173961,9112173042,-0.5467983,-0.29758236,-9.862297
9112183351,9112180635,-0.5231196,-0.28820285,-9.839812
9112193794,9112187577,-0.48090655,-0.2912746,-9.829872
9112196960,9112196232,-0.4291406,-0.28626192,-9.841407
9112204401,9112203642,-0.40054774,-0.2707772,-9.853881
9112212785,9112211163,-0.39123136,-0.25517896,-9.843632
9112224812,9112219271,-0.36006087,-0.2762227,-9.801756
9112229584,9112228387,-0.29459912,-0.31614637,-9.800446
9112236415,9112235675,-0.26277807,-0.2891566,-9.856843
9112243798,9112243076,-0.29803076,-0.23557007,-9.852254
9112253187,9112250457,-0.30236918,-0.21185878,-9.801492
9112263565,9112257945,-0.26910615,-0.17728105,-9.775779
9112267723,9112266993,-0.3821618,-0.18420051,-9.682428
9112274506,9112273755,-0.6909199,-0.4208181,-9.665248
9112283361,9112281339,-0.9045635,-0.6695304,-9.908251
9112293767,9112289241,-0.81769943,-0.5876521,-10.025186
9112299957,9112298843,-0.7035762,-0.51216924,-9.879068
9112306453,9112305697,-0.74405086,-0.65549016,-9.769863
9112313838,9112313106,-0.7429757,-0.7863311,-9.734291
9112323210,9112320679,-0.6390717,-0.8769791,-9.688944
9112333694,9112328335,-0.57574356,-0.90282226,-9.675487
9112338834,9112337614,-0.5704911,-0.58512235,-9.808104
9112345225,9112344496,-0.6291527,0.12819403,-9.937391
9112353584,9112351761,-0.56829566,0.40063655,-9.970225
9112362971,9112360052,-0.2556093,-0.21405248,-10.041801
9112373383,9112367568,-0.14381132,-0.7354567,-10.010328
9112376535,9112375813,-0.30097595,-0.68329465,-9.865538
9112384968,9112384245,-0.39259496,-0.5494151,-9.809685
9112393439,9112390914,-0.37203532,-0.5738094,-9.846004
9112403929,9112398609,-0.31814122,-0.64988786,-9.889248
9112409169,9112407110,-0.29965332,-0.6567338,-9.889203
9112415519,9112414798,-0.31990325,-0.5882521,-9.852468
9112424932,9112423112,-0.34671503,-0.5009984,-9.825998
9112433265,9112430550,-0.3406884,-0.45263538,-9.82857
9112443694,9112437880,-0.2938875,-0.43243816,-9.875799
9112446864,9112446131,-0.2809949,-0.443651,-9.93351
9112455234,9112454508,-0.32142818,-0.45593873,-9.883415
9112463586,9112461374,-0.3359967,-0.43516004,-9.794614
9112474359,9112469243,-0.30332094,-0.44346976,-9.799459
9112479600,9112478411,-0.26898372,-0.47533336,-9.845891
9112486326,9112485532,-0.27751026,-0.5133573,-9.850825
9112494701,9112493777,-0.29188472,-0.54886234,-9.813254
9112504139,9112501192,-0.28538468,-0.5544925,-9.778754
9112513683,9112508110,-0.254198,-0.53558725,-9.770248
9112518049,9112517260,-0.21595576,-0.51122665,-9.7841
9112525586,9112524633,-0.23004615,-0.51097995,-9.817766
9112534133,9112531781,-0.28074113,-0.5287181,-9.849406
9112544349,9112539619,-0.33400723,-0.5512534,-9.858179
9112549998,9112548861,-0.3883371,-0.56565094,-9.864968
9112557380,9112556623,-0.40044284,-0.5645151,-9.874474
9112565579,9112564640,-0.37207678,-0.5824334,-9.875677
9112574496,9112571349,-0.3594106,-0.60586154,-9.875192
9112583938,9112578573,-0.36963934,-0.6132515,-9.863853
9112588133,9112586968,-0.35985348,-0.61093444,-9.850221
9112596280,9112595534,-0.28698453,-0.58229476,-9.849211
9112604704,9112603730,-0.22901082,-0.5436914,-9.842409
9112614089,9112609873,-0.23331228,-0.5146429,-9.833552
9112623459,9112618736,-0.25760967,-0.5448806,-9.85355
9112627705,9112626784,-0.32934177,-0.6105375,-9.866067
9112634234,9112633507,-0.4819647,-0.6077285,-9.864389
9112644726,9112641613,-0.5826657,-0.57448477,-9.883055
9112654722,9112649168,-0.4448398,-0.57082736,-9.865978
9112659973,9112658118,-0.23931438,-0.576122,-9.830058
9112666329,9112665397,-0.23343249,-0.561903,-9.836845
9112674775,9112674016,-0.2551098,-0.5297586,-9.815996
9112684133,9112681384,-0.09941267,-0.506943,-9.746431
9112694560,9112688145,-0.003202187,-0.48223877,-9.749966
9112697743,9112697020,-0.12801056,-0.45491186,-9.808912
9112705087,9112704359,-0.2540942,-0.4765681,-9.813896
9112714518,9112711774,-0.2996788,-0.5335618,-9.814339
9112723917,9112719403,-0.2906304,-0.5444933,-9.824585
9112730124,9112728098,-0.26639014,-0.5083819,-9.836056
9112736561,9112735814,-0.31346804,-0.49478915,-9.876138
9112745234,9112744306,-0.3466324,-0.5339563,-9.879986
9112753590,9112750670,-0.349622,-0.5626756,-9.85342
9112763988,9112758470,-0.37053794,-0.51807773,-9.84886
9112768169,9112767439,-0.387285,-0.45108965,-9.825717
9112775604,9112774688,-0.40809634,-0.42850655,-9.775896
9112784017,9112781967,-0.43662885,-0.42273813,-9.752569
9112794408,9112789891,-0.4719735,-0.44646388,-9.777996
9112800616,9112799488,-0.4643208,-0.5269847,-9.82299
9112807017,9112806290,-0.3866489,-0.54809994,-9.822095
9112814513,9112813766,-0.3553145,-0.5171691,-9.783923
9112823962,9112821031,-0.38567293,-0.5444769,-9.797594
9112834896,9112828883,-0.396317,-0.6228273,-9.885683
9112838047,9112837319,-0.44798112,-0.699139,-9.977572
9112846531,9112845781,-0.5019933,-0.7320905,-9.997671
9112854883,9112853965,-0.41697332,-0.72352684,-9.935251
9112864256,9112860249,-0.2906044,-0.66746104,-9.861294
9112870443,9112869310,-0.28064045,-0.5833036,-9.870471
9112877829,9112877106,-0.39301786,-0.587226,-10.063675
9112885555,9112884838,-0.550485,-0.77027214,-10.504384
9112894562,9112891844,-0.67106134,-1.0543166,-11.055543
9112904973,9112899350,-0.7236163,-1.251363,-11.432717
9112910527,9112909329,-0.6895478,-1.2509742,-11.442472
9112916896,9112915934,-0.5708841,-1.0422531,-11.142584
9112925523,9112923672,-0.34346807,-0.49018097,-10.742254
9112943377,9112939144,0.002983898,0.27738816,-10.2750025
9112948774,9112947782,0.5424904,0.82295835,-9.636686
9112956246,9112955289,1.1319898,1.2854894,-9.090619
9112965366,9112962439,1.3751496,1.857244,-8.963916
9112975186,9112970065,1.3982952,2.074353,-9.02205
9112979834,9112977799,1.4357913,1.7329446,-9.0125675
9112987333,9112986610,1.3675706,1.2825202,-9.078373
9112994855,9112994097,1.169803,1.0256679,-9.306743
9113004283,9113001540,0.9510229,0.8794833,-9.506482
9113014727,9113008873,0.7859988,0.84771836,-9.525791
9113017823,9113017100,0.7504884,0.98667735,-9.396102
9113026253,9113025519,0.8580917,1.1234275,-9.22702
9113034645,9113032322,0.99233556,1.2171258,-9.136599
9113045084,9113040170,1.0904549,1.3894849,-9.132927
9113050293,9113049134,1.1501948,1.4956156,-9.197493
9113057713,9113056965,1.1346172,1.4865944,-9.36436
9113065072,9113064342,1.0593262,1.5434159,-9.594521
9113074530,9113071779,0.99561787,1.6101584,-9.776801
9113086369,9113079652,0.9788965,1.589344,-9.998268
9113090023,9113088898,0.9947297,1.5532774,-10.422805
9113104605,9113098543,0.9516521,1.4336848,-10.870161
9113107724,9113103308,0.78978574,1.1858743,-11.067154
9113114081,9113111143,0.59316564,0.9886842,-10.968266
9113120254,9113119331,0.4677257,0.9336628,-10.632832
9113127671,9113126929,0.45543677,0.96019614,-10.196104
9113135034,9113134308,0.57939255,1.0078354,-9.827251
9113144406,9113141888,0.8853558,1.0030415,-9.574527
9113154879,9113149754,1.2430749,0.98048437,-9.484668
9113159013,9113157891,1.3803039,1.048382,-9.655543
9113166627,9113165847,1.3021079,1.0693715,-10.020907
9113175104,9113173043,1.1763575,0.8864231,-10.358935
9113184457,9113181034,1.053714,0.6541664,-10.483989
9113192720,9113188699,0.95336634,0.56061363,-10.345512
9113197977,9113197258,0.86212957,0.55923605,-10.026956
9113205526,9113204789,0.74059963,0.50650567,-9.688079
9113214898,9113212175,0.6343626,0.36614442,-9.447156
9113226337,9113220520,0.6124246,0.25608695,-9.313565
9113230521,9113228477,0.649166,0.24328846,-9.216682
9113236910,9113236155,0.67188746,0.24721375,-9.116395
9113246319,9113244491,0.6744521,0.21592037,-9.070479
9113255884,9113252024,0.71987814,0.19004752,-9.141653
9113265246,9113259020,0.86678046,0.20596518,-9.336995
9113268393,9113267674,1.1169428,0.26897147,-9.647547
9113275907,9113275145,1.4056268,0.41539213,-10.033573
9113285315,9113283493,1.6761508,0.5998634,-10.37224
9113295693,9113290379,1.8889399,0.71131176,-10.543011
9113300907,9113298862,1.9351523,0.7577968,-10.548793
9113307274,9113306527,1.7780985,0.7038324,-10.41919
9113315677,9113314757,1.5309919,0.47175074,-10.2002325
9113325066,9113322135,1.2999661,0.19641829,-10.023107
9113338732,9113330081,1.1496205,0.036959887,-9.946156
9113344995,9113339165,1.0778961,-0.056753904,-9.94687
9113347118,9113345283,0.975093,-0.21802673,-10.001674
9113355592,9113354648,0.7288835,-0.46892926,-10.028658
9113364946,9113360730,0.40461808,-0.7125621,-9.961686
9113371357,9113370423,0.16302082,-0.8989075,-9.828569
9113377089,9113376366,0.065877974,-1.0163244,-9.684168
9113386535,9113385608,0.11535944,-1.0363486,-9.557754
9113394869,9113392152,0.23769945,-0.9632554,-9.445999
9113405244,9113399729,0.33787447,-0.8296664,-9.365395
9113409453,9113408509,0.4632507,-0.7462002,-9.384262
9113416961,9113416156,0.63031,-0.7858482,-9.528792
9113425303,9113423282,0.7649332,-0.8830325,-9.723499
9113435727,9113431909,0.8327838,-0.89810675,-9.884413
9113444122,9113439868,0.80559516,-0.785909,-9.943144
9113448337,9113447615,0.6923618,-0.7661503,-9.845122
9113455699,9113454979,0.5270712,-0.99186915,-9.652653
9113465081,9113462554,0.33372474,-1.2855949,-9.491952
9113475581,9113470266,0.124795526,-1.4275385,-9.42281
9113480756,9113478737,-0.073675096,-1.4451109,-9.420779
9113487122,9113486389,-0.17763047,-1.534363,-9.3924055
9113496582,9113494761,-0.20706268,-1.7056508,-9.24188
9113505027,9113502296,-0.28339052,-1.7925061,-8.989672
9113515763,9113509495,-0.34553146,-1.8170983,-8.742005
9113518987,9113518225,-0.27869487,-1.8537883,-8.589216
9113534927,9113529774,-0.16635096,-1.7915919,-8.57915
9113538175,9113533710,-0.028752,-1.5877398,-8.694923
9113545575,9113540661,0.22181818,-1.3599072,-8.883464
9113550800,9113549865,0.48518816,-1.2237632,-9.088718
9113558196,9113557477,0.6055438,-1.2445196,-9.292703
9113565595,9113564873,0.5556384,-1.4036103,-9.49357
9113575101,9113572135,0.42277,-1.6101345,-9.634908
9113585531,9113579719,0.30762747,-1.7723315,-9.689697
9113588867,9113588088,0.16769579,-1.8650091,-9.673927
9113597369,9113596621,-0.0407959,-1.9332647,-9.563522
9113605914,9113603579,-0.25567564,-1.9824244,-9.372256
9113615670,9113611149,-0.4047464,-2.019572,-9.185762
9113621848,9113620725,-0.47982642,-2.0789208,-9.061381
9113628232,9113627490,-0.5343082,-2.109511,-8.997506
9113636609,9113635693,-0.56322,-2.083678,-8.96475
9113645070,9113642543,-0.53657395,-2.0816436,-8.960108
9113655452,9113650123,-0.50770974,-2.1199875,-9.02045
9113659585,9113658868,-0.5230858,-2.139453,-9.128578
9113667049,9113666294,-0.58582675,-2.080144,-9.235314
9113676773,9113674722,-0.6818469,-1.9358766,-9.332461
9113686161,9113681441,-0.76163536,-1.848432,-9.424431
9113691373,9113690216,-0.8062098,-1.8680509,-9.527375
9113698765,9113698027,-0.81294906,-1.8720402,-9.635847
9113706122,9113705403,-0.7776918,-1.7711123,-9.723103
9113716634,9113713284,-0.70810634,-1.5531185,-9.78518
9113725970,9113720655,-0.6131505,-1.3229033,-9.818151
9113731161,9113730031,-0.5830426,-1.2166066,-9.803042
9113737526,9113736814,-0.6997582,-1.2478299,-9.737764
9113745919,9113743902,-0.8969248,-1.347786,-9.683634
9113755395,9113752480,-1.0801082,-1.4635242,-9.725357
9113765874,9113759664,-1.2329264,-1.5823094,-9.885673
9113769009,9113768292,-1.3553305,-1.6689247,-10.108831
9113776408,9113775692,-1.4501861,-1.6664447,-10.291237
9113785798,9113783282,-1.5470579,-1.6018584,-10.356161
9113796240,9113791084,-1.6149434,-1.5793475,-10.323618
9113801398,9113799380,-1.5801666,-1.6023053,-10.241143
9113807809,9113807084,-1.4651067,-1.4987469,-10.089064
9113816232,9113815283,-1.3357022,-1.2073977,-9.87325
9113825618,9113822893,-1.1983796,-0.9178829,-9.700525
9113836021,9113830183,-1.047491,-0.7731397,-9.645777
9113839133,9113838421,-0.9024032,-0.72528255,-9.6972065
9113846956,9113846199,-0.7619637,-0.7088444,-9.839954
9113865030,9113860495,-0.6211868,-0.7226501,-10.046781
9113868208,9113861964,-0.534266,-0.77587587,-10.238924
9113871328,9113870409,-0.6016744,-0.82245535,-10.320197
9113878869,9113878114,-0.8428122,-0.78582084,-10.260197
9113886226,9113885496,-1.1164007,-0.73107845,-10.110539
9113895635,9113892909,-1.2740159,-0.79132575,-9.960485
9113906038,9113900425,-1.2981216,-0.9412056,-9.884388
9113910240,9113909499,-1.3365455,-1.0577326,-9.909624
9113917626,9113916899,-1.4630123,-1.1465589,-9.997009
9113925973,9113923957,-1.4818721,-1.2428689,-10.044557
9113936496,9113931772,-1.3309814,-1.2335572,-9.994979
9113941997,9113940831,-1.1947496,-1.0902315,-9.871856
9113948687,9113947928,-1.1103259,-0.8975079,-9.737925
9113957735,9113956816,-0.9470492,-0.7068486,-9.62134
9113966105,9113963382,-0.7077271,-0.53936636,-9.49612
9113976926,9113971577,-0.5272554,-0.37420022,-9.360568
9113981059,9113979930,-0.42486537,-0.17617162,-9.227028
9113988493,9113987731,-0.30225223,0.034174647,-9.11268
9113996879,9113995935,-0.13456404,0.18370669,-9.069127
9114006231,9114002208,-0.012866918,0.24472526,-9.133061
9114014627,9114011181,0.0032374198,0.24092828,-9.267634
9114019128,9114018383,-0.051280987,0.20835349,-9.410772
9114027496,9114026776,-0.13953792,0.15522112,-9.52569
9114035901,9114033547,-0.24734879,0.06291112,-9.6189
9114046347,9114041415,-0.3584984,-0.03791817,-9.721924
9114051482,9114049666,-0.4254892,-0.077691786,-9.8462715
9114058940,9114058207,-0.3951844,-0.018212207,-10.005179
9114066471,9114065676,-0.28093556,0.1211134,-10.187513
9114075929,9114072988,-0.12314956,0.26323682,-10.323996
9114094572,9114089641,0.04618055,0.38608268,-10.321023
9114097735,9114096121,0.18966568,0.5397309,-10.168013
9114106321,9114103963,0.27902287,0.66573036,-9.957217
9114116752,9114111811,0.2946429,0.68492573,-9.775339
9114121921,9114120794,0.2606485,0.6308155,-9.678172
9114129355,9114128597,0.2671522,0.5783197,-9.676764
9114136716,9114135961,0.35081527,0.58723927,-9.742842
9114146138,9114143219,0.45997816,0.6531801,-9.841192
9114156503,9114150886,0.5380194,0.72379524,-9.952528
9114160730,9114159958,0.56439936,0.72966355,-10.041008
9114168129,9114167213,0.54675424,0.64209855,-10.074622
9114176510,9114174282,0.49761966,0.54511946,-10.0831175
9114187043,9114182084,0.45231158,0.5320817,-10.088514
9114192282,9114191128,0.44790706,0.56779027,-10.059673
9114199598,9114198880,0.4623146,0.5824041,-9.9841585
9114207129,9114206372,0.48651326,0.5711726,-9.936969
9114216502,9114213766,0.5777786,0.5463587,-9.9644165
9114226865,9114221248,0.7112444,0.54541075,-10.00786
9114231016,9114230095,0.8121151,0.59155226,-10.029499
9114238499,9114237740,0.88021076,0.6467896,-10.054192
9114246885,9114244660,0.9215144,0.6673839,-10.092197
9114257297,9114252877,0.94403887,0.6464958,-10.11252
9114264556,9114260133,0.9756224,0.6327238,-10.088726
9114269837,9114269110,1.0324326,0.66208863,-10.022388
9114277532,9114276751,1.0899212,0.6822996,-9.907313
9114285838,9114283823,1.1075525,0.6594964,-9.773478
9114296271,9114291744,1.1064456,0.63200915,-9.658511
9114302508,9114300438,1.132329,0.59006,-9.566677
9114308823,9114308096,1.1661551,0.51910204,-9.5513
9114317263,9114316326,1.1601661,0.4670477,-9.634501
9114326605,9114323888,1.159755,0.45127046,-9.757906
9114337031,9114330613,1.2367854,0.46590889,-9.877941
9114340245,9114339483,1.3803027,0.5333537,-9.962295
9114347615,9114346888,1.5554943,0.65151066,-9.96363
9114357201,9114354236,1.6888359,0.7472135,-9.861597
9114366916,9114362155,1.7472559,0.81013143,-9.701721
9114373087,9114371057,1.8297757,0.9141222,-9.567595
9114379505,9114378540,1.9779924,1.009258,-9.474511
9114395341,9114390408,2.096056,1.0333592,-9.404018
9114397504,9114393644,2.1207285,1.0550227,-9.379885
9114407663,9114401598,2.1313486,1.110106,-9.3987665
9114410343,9114409578,2.2067475,1.1356808,-9.445961
9114419163,9114418424,2.2862647,1.0736191,-9.519901
9114427053,9114425025,2.2768524,0.9555936,-9.582737
9114436778,9114432303,2.1705685,0.83125037,-9.58901
9114442748,9114441535,2.0664253,0.7292994,-9.528657
9114449378,9114448600,2.056333,0.69426835,-9.421246
9114457775,9114457046,2.0937283,0.727633,-9.300547
9114466241,9114463685,2.100255,0.7521567,-9.182136
9114476787,9114471666,2.0811493,0.67953646,-9.093526
9114480994,9114480247,2.0914245,0.5523343,-9.091284
9114488452,9114487726,2.1659217,0.505252,-9.178856
9114496801,9114494977,2.2801898,0.55620635,-9.29356
9114507183,9114502766,2.3740873,0.59252167,-9.365327
9114513383,9114511561,2.4011798,0.5540741,-9.365756
9114519814,9114519057,2.381569,0.4937598,-9.342179
9114527387,9114526594,2.3959813,0.47107404,-9.364787
9114536991,9114534234,2.4576693,0.46340966,-9.448608
9114547447,9114541929,2.4705572,0.38880536,-9.547352
9114552736,9114551574,2.3848734,0.2612721,-9.6083975
9114559121,9114558382,2.2656186,0.15124069,-9.589957
9114567559,9114566626,2.1999586,0.09426777,-9.496155
9114576995,9114574063,2.197057,0.09101901,-9.414317
9114587399,9114580990,2.2145429,0.07992537,-9.378599
9114590206,9114589456,2.2311106,0.051157363,-9.360592
9114598580,9114597836,2.2240713,0.028287366,-9.3471365
9114606964,9114604639,2.1860251,-0.0041234884,-9.309132
9114617967,9114612317,2.1468744,-0.039674222,-9.254678
9114623413,9114621352,2.1193953,-0.053401884,-9.23328
9114629780,9114628841,2.0803142,-0.07689069,-9.270857
9114638130,9114637206,2.017591,-0.16817144,-9.358494
9114646576,9114643659,1.9811616,-0.26836315,-9.4320545
9114656994,9114651480,2.0145495,-0.29614282,-9.445533
9114661169,9114660441,2.074144,-0.28974202,-9.42355
9114668587,9114667868,2.076292,-0.3244424,-9.389832
9114676952,9114674936,2.0029075,-0.4066788,-9.370666
9114687380,9114682666,1.91505,-0.4893689,-9.3737755
9114693603,9114692470,1.8319254,-0.59861195,-9.387641
9114700080,9114699306,1.7101021,-0.78201294,-9.45847
9114715972,9114711042,1.5604709,-0.9644939,-9.574937
9114719157,9114714734,1.4625952,-1.0705879,-9.637836
9114727530,9114721907,1.4261982,-1.1308523,-9.62661
9114731697,9114730971,1.4174304,-1.182887,-9.584793
9114739133,9114738368,1.4708556,-1.1998258,-9.540447
9114747972,9114745260,1.5981737,-1.1164268,-9.512151
9114757393,9114752977,1.7467097,-0.94776046,-9.467548
9114763587,9114762464,1.878284,-0.8055415,-9.358451
9114770013,9114769289,1.975942,-0.73828334,-9.211628
9114777409,9114776496,2.0438998,-0.6908503,-9.077634
9114787130,9114784785,2.07864,-0.62677526,-9.013437
9114797302,9114792173,2.0511937,-0.6051153,-9.058702
9114802517,9114801313,1.957942,-0.68211794,-9.187131
9114809894,9114809158,1.831151,-0.8023522,-9.36782
9114818319,9114817357,1.751503,-0.88389075,-9.558653
9114827679,9114823630,1.7606697,-0.90173405,-9.681502
9114834915,9114831294,1.7965858,-0.88222766,-9.685097
9114840155,9114839426,1.8151534,-0.84853095,-9.583678
9114848721,9114847716,1.8407071,-0.7780908,-9.457666
9114856983,9114854763,1.8902228,-0.6692338,-9.36959
9114867417,9114862693,1.9626262,-0.53917253,-9.3144865
9114872842,9114870767,2.0341742,-0.42696065,-9.264589
9114880029,9114879273,2.059655,-0.3644269,-9.215699
9114888234,9114887281,2.0998695,-0.2719152,-9.196196
9114897601,9114894876,2.2689965,-0.074634194,-9.232068
9114908042,9114901607,2.5581443,0.1682415,-9.349276
9114911142,9114910428,2.8557377,0.35748306,-9.526957
9114918532,9114917810,3.0439768,0.48256266,-9.68012
9114927940,9114926124,3.0825639,0.57355446,-9.758794
9114939533,9114933695,3.020375,0.6139607,-9.77962
9114943890,9114942731,2.9071558,0.5889889,-9.776909
9114950210,9114949492,2.7273955,0.47378558,-9.745726
9114959138,9114958177,2.4764998,0.24528037,-9.6773205
9114967780,9114964852,2.2616937,0.022427503,-9.6154995
9114977524,9114972169,2.1840286,-0.060340367,-9.5772505
9114981680,9114980932,2.2032335,-0.0120439995,-9.531242
9114989031,9114988310,2.2672744,0.11399798,-9.460872
9114997412,9114995598,2.3912396,0.2561402,-9.389303
9115007843,9115003311,2.5594542,0.35928774,-9.344949
9115013261,9115012127,2.7030215,0.4048752,-9.294731
9115020703,9115019950,2.7570539,0.4133517,-9.20572
9115028096,9115027347,2.760388,0.44141936,-9.110055
9115037451,9115034726,2.8075426,0.5143919,-9.049364
9115048211,9115042547,2.9041061,0.5833881,-9.037166
9115052352,9115051228,2.972494,0.6019998,-9.037985
9115059745,9115059028,2.9385552,0.57840914,-9.021148
9115068165,9115067235,2.8313472,0.536874,-9.007487
9115077595,9115073752,2.7441616,0.5001155,-9.017488
9115086896,9115082463,2.6940713,0.47430867,-9.0525
9115091117,9115090402,2.6466048,0.435763,-9.107121
9115098529,9115097811,2.6136258,0.371404,-9.199421
9115117632,9115112476,2.6100209,0.33322024,-9.31389
9115120760,9115113446,2.6081703,0.36024266,-9.382784
9115124970,9115121150,2.587212,0.40642232,-9.397909
9115130716,9115129953,2.5709698,0.45036465,-9.39407
9115138535,9115137609,2.5943005,0.5247321,-9.390856
9115147930,9115145216,2.6282756,0.62526023,-9.37498
9115158317,9115151909,2.6348372,0.71788216,-9.3068905
9115161499,9115160742,2.6497374,0.7905476,-9.199216
9115168934,9115168156,2.6862981,0.84746826,-9.103956
9115177236,9115175418,2.711772,0.89137334,-9.049613
9115187660,9115183245,2.730405,0.92192304,-9.040281
9115193851,9115192034,2.748561,0.92579734,-9.069551
9115200394,9115199473,2.740131,0.8876059,-9.1448145
9115208815,9115207877,2.6937861,0.8124086,-9.259229
9115219471,9115215647,2.6330566,0.7242534,-9.3702965
9115228335,9115222507,2.5903752,0.6684083,-9.44386
9115231489,9115230759,2.5393524,0.64727515,-9.464285
9115239895,9115239142,2.4214075,0.61844504,-9.433267
9115248278,9115245943,2.3015366,0.57600665,-9.393993
9115258634,9115253718,2.298296,0.55424803,-9.414796
9115263810,9115262690,2.4090955,0.5933307,-9.496081
9115271228,9115270501,2.536016,0.6732156,-9.573665
9115278711,9115277990,2.6182911,0.74839765,-9.600904
9115288102,9115285152,2.6919227,0.8008133,-9.484751
9115298519,9115292905,2.738007,0.8294051,-9.148419
9115302783,9115302040,2.6835089,0.88693213,-8.724638
9115310322,9115309400,2.597104,0.9748978,-8.475423
9115318775,9115317838,2.544992,0.98548913,-8.514301
9115328199,9115324168,2.4274483,0.83232355,-8.740571
9115334445,9115333309,2.189147,0.5493921,-9.023118
9115340934,9115340155,1.9375565,0.28330958,-9.290078
9115349336,9115348597,1.78266,0.13412043,-9.494639
9115357728,9115355464,1.7202721,0.075108364,-9.62648
9115368142,9115363212,1.6956726,0.06421478,-9.7174225
9115373293,9115372171,1.7030158,0.10139637,-9.782978
9115380763,9115380022,1.7510426,0.1783875,-9.814806
9115389329,9115388382,1.812919,0.29327655,-9.808969
9115397728,9115395010,1.8689758,0.45007604,-9.776404
9115409187,9115402765,1.9224635,0.6212816,-9.716385
9115411325,9115410608,1.9908093,0.78582305,-9.612818
9115419709,9115418990,2.0745702,0.93265074,-9.507697
9115428117,9115425873,2.143766,1.0510521,-9.451192
9115438553,9115433638,2.1811242,1.1413982,-9.441263
9115444768,9115442741,2.1957724,1.1693786,-9.44972
9115451122,9115450198,2.1636477,1.1427033,-9.431592
9115458524,9115457808,2.0305955,1.1047595,-9.368162
9115468400,9115465465,1.8206332,1.0200317,-9.28669
9115479297,9115472857,1.5972254,0.89632785,-9.238665
9115482512,9115481714,1.4073689,0.7957382,-9.245929
9115489842,9115489120,1.3008158,0.7117587,-9.303654
9115498199,9115496183,1.270204,0.6403676,-9.4274025
9115508729,9115504130,1.2701995,0.6446556,-9.613262
9115514951,9115513760,1.2883587,0.71323264,-9.805672
9115521378,9115520426,1.304517,0.7786495,-9.959002
9115528985,9115528160,1.2759796,0.8323309,-10.049188
9115539579,9115536662,1.20004,0.8564243,-10.035487
9115558543,9115552857,1.0759716,0.8718535,-9.935257
9115561731,9115559848,0.9382546,0.93313307,-9.851648
9115569093,9115566572,0.9114483,1.0232449,-9.827854
9115579571,9115575356,1.0013227,1.1095324,-9.8309965
9115584756,9115583638,1.0546969,1.1546719,-9.836634
9115591128,9115590414,0.9984163,1.1518261,-9.79771
9115599541,9115598623,0.91047287,1.142784,-9.703594
9115608984,9115606048,0.8861638,1.1490674,-9.6484165
9115618340,9115613624,0.91935045,1.1871046,-9.6669035
9115624515,9115623295,0.9426787,1.2754219,-9.699383
9115630912,9115629990,0.91895044,1.385421,-9.73908
9115639746,9115638766,0.8481418,1.4208395,-9.785419
9115649223,9115645604,0.751696,1.3591152,-9.843526
9115658616,9115652595,0.68747324,1.2955549,-9.935352
9115661759,9115661040,0.68007153,1.2963746,-10.018991
9115670177,9115669454,0.6483222,1.3211427,-10.043259
9115678548,9115676029,0.5561458,1.289798,-10.022091
9115689974,9115684362,0.45798224,1.1906183,-10.005695
9115694500,9115692628,0.36811823,1.0771468,-9.9959545
9115701297,9115700576,0.2819389,0.9876939,-9.966249
9115709711,9115708258,0.21616274,0.9255787,-9.93447
9115719118,9115716365,0.18683517,0.9243655,-9.937041
9115730154,9115723427,0.19337063,0.989801,-9.954045
9115732708,9115731941,0.21297137,1.04151,-9.92593
9115740322,9115739564,0.24311754,1.0518092,-9.847481
9115748719,9115746445,0.27251452,1.0442476,-9.761543
9115759094,9115754145,0.27863303,1.0342295,-9.687359
9115765248,9115764127,0.28787524,1.0760194,-9.624245
9115771625,9115770907,0.30805206,1.1464242,-9.587825
9115779000,9115778273,0.30867085,1.1771058,-9.593567
9115788409,9115785493,0.28390348,1.1905657,-9.6098385
9115798791,9115793278,0.23895551,1.21558,-9.610205
9115803003,9115802275,0.16850352,1.2310903,-9.627506
9115810522,9115809771,0.075830854,1.2083626,-9.687258
9115819356,9115816826,-0.01632914,1.153995,-9.759291
9115828746,9115824728,-0.069695435,1.065463,-9.798541
9115834948,9115833815,-0.10326637,0.9078393,-9.800694
9115842325,9115841589,-0.18196379,0.74752593,-9.7659855
9115849728,9115848976,-0.29205018,0.716904,-9.733398
9115858975,9115855860,-0.3718079,0.7895738,-9.772911
9115870549,9115864707,-0.40609407,0.84749746,-9.87385
9115873737,9115872781,-0.40991312,0.8844418,-9.993237
9115880703,9115879744,-0.39024615,0.9635439,-10.103544
9115889179,9115887163,-0.35329998,1.0873111,-10.158034
9115898758,9115895110,-0.30373257,1.1960032,-10.124548
9115908233,9115903757,-0.23971537,1.2392275,-10.039745
9115912402,9115911481,-0.16798137,1.240701,-9.964876
9115919748,9115919036,-0.08415042,1.2894788,-9.908499
9115929179,9115926412,-0.0006145593,1.3802099,-9.832982
9115939681,9115934154,0.038828064,1.398425,-9.7554455
9115944913,9115942849,0.022840068,1.3212188,-9.7382555
9115951286,9115950515,-0.056769155,1.222168,-9.784514
9115959693,9115958773,-0.18428528,1.1451837,-9.862633
9115969091,9115966359,-0.30693904,1.0475407,-9.938305
9115979495,9115973249,-0.42048115,0.8861549,-9.976877
9115982676,9115981917,-0.52714777,0.75389403,-9.978292
9115990094,9115989373,-0.5647624,0.73513997,-9.96068
9115999578,9115996861,-0.50323296,0.7769103,-9.938762
9116009027,9116004808,-0.40520436,0.82894576,-9.9296
9116015410,9116013334,-0.32490984,0.90598035,-9.942154
9116021732,9116020980,-0.28061348,0.9834488,-9.935546
9116030215,9116029271,-0.28821683,0.9812672,-9.871073
9116039599,9116036882,-0.3397356,0.89914066,-9.800493
9116050003,9116044182,-0.38146785,0.8107643,-9.771329
9116053598,9116052871,-0.35721582,0.7482846,-9.791501
9116070611,9116064771,-0.2894993,0.72622025,-9.83072
9116078082,9116074056,-0.25542474,0.7481634,-9.832917
9116080221,9116074875,-0.2694236,0.76234746,-9.826362
9116085408,9116084279,-0.2781562,0.7186446,-9.864213
9116091767,9116091050,-0.26347572,0.62662053,-9.950294
9116100212,9116099267,-0.25198075,0.53057545,-10.036643
9116109694,9116106948,-0.25998092,0.45591837,-10.054275
9116119123,9116113985,-0.28519672,0.38580415,-10.002515
9116123289,9116122544,-0.31519634,0.31971022,-9.911453
9116131713,9116130984,-0.32866344,0.28041252,-9.797668
9116140163,9116139236,-0.31826535,0.26493683,-9.670367
9116149520,9116145299,-0.30017033,0.24113883,-9.563164
9116155920,9116154742,-0.28513485,0.18352039,-9.540668
9116161914,9116160993,-0.27900296,0.10251792,-9.596377
9116170353,9116169636,-0.28074294,0.018341728,-9.676809
9116179736,9116177018,-0.28917915,-0.056512732,-9.747142
9116189192,9116184469,-0.3107166,-0.1301584,-9.790558
9116195351,9116194223,-0.33228472,-0.19033808,-9.811708
9116201730,9116200808,-0.34587473,-0.22744115,-9.807188
9116210171,9116209247,-0.3383944,-0.27063802,-9.775682
9116220630,9116217290,-0.28588223,-0.30526996,-9.724632
9116230021,9116223600,-0.23687655,-0.31697196,-9.663397
9116233159,9116232440,-0.23181298,-0.31971663,-9.604098
9116240738,9116239995,-0.2261635,-0.30456346,-9.55692
9116249148,9116246879,-0.20632699,-0.28196818,-9.550369
9116259555,9116254840,-0.17670165,-0.26781914,-9.597885
9116265758,9116263733,-0.13391969,-0.28321505,-9.684373
9116272153,9116271430,-0.12646347,-0.33556128,-9.786173
9116280612,9116279887,-0.16769753,-0.37391615,-9.8642845
9116289009,9116286293,-0.19564301,-0.39095402,-9.9060955
9116299391,9116293879,-0.19249839,-0.41514575,-9.927658
9116303553,9116302836,-0.18003167,-0.43701494,-9.914433
9116310956,9116310036,-0.150334,-0.45018354,-9.870527
9116319356,9116317333,-0.11975162,-0.47670037,-9.826227
9116330384,9116325259,-0.12048773,-0.49248144,-9.806342
9116335537,9116334420,-0.14017129,-0.490139,-9.832308
9116341985,9116341228,-0.1777424,-0.55027777,-9.860697
9116350363,9116349432,-0.2565352,-0.6646589,-9.859289
9116359719,9116357001,-0.33892912,-0.7610907,-9.831995
9116370138,9116364321,-0.3726923,-0.81624955,-9.7981
9116373279,9116372561,-0.35607415,-0.8273032,-9.788886
9116381734,9116380974,-0.305795,-0.8199576,-9.782427
9116390101,9116387754,-0.25303298,-0.81126,-9.793148
9116400455,9116395740,-0.1979932,-0.78356075,-9.837055
9116405689,9116404532,-0.13523859,-0.75971615,-9.84059
9116413318,9116412567,-0.114394836,-0.78240675,-9.803256
9116420722,9116419961,-0.13727537,-0.83183444,-9.7981825
9116430082,9116427363,-0.14569715,-0.8763007,-9.802982
9116440584,9116434955,-0.12941381,-0.90185046,-9.783468
9116446021,9116444772,-0.11844963,-0.9048954,-9.762688
9116452329,9116451381,-0.11970188,-0.9008603,-9.7490015
9116460721,9116459803,-0.12180758,-0.9139495,-9.7325535
9116470171,9116465944,-0.121895865,-0.9449972,-9.710439
9116477533,9116473678,-0.10732636,-0.9472415,-9.71009
9116483773,9116483051,-0.083860904,-0.93501866,-9.724972
9116491401,9116490384,-0.08938073,-0.9676603,-9.706103
9116499902,9116497528,-0.13552073,-1.0157944,-9.6806345
9116518593,9116513452,-0.19033444,-1.0377175,-9.69228
9116523067,9116522081,-0.2257909,-1.053802,-9.699453
9116530707,9116529752,-0.25618544,-1.0871316,-9.668309
9116540438,9116537692,-0.2956302,-1.1304026,-9.631343
9116550109,9116544267,-0.31667674,-1.165707,-9.640444
9116553273,9116552522,-0.29151744,-1.1703877,-9.706549
9116561786,9116561018,-0.22800627,-1.1371657,-9.800043
9116570178,9116567659,-0.14709158,-1.0696602,-9.890565
9116580739,9116575610,-0.09807314,-1.0030779,-9.939667
9116585960,9116584822,-0.13281047,-1.0044695,-9.911877
9116592468,9116591729,-0.24455588,-1.0717797,-9.810761
9116601090,9116600168,-0.37348288,-1.1574177,-9.694318
9116609538,9116606791,-0.44877893,-1.2341762,-9.646782
9116619916,9116614807,-0.43718016,-1.2730217,-9.708492
9116624148,9116623361,-0.35974288,-1.2453431,-9.831378
9116631560,9116630840,-0.2800994,-1.1783423,-9.946062
9116640028,9116638179,-0.23939407,-1.1449732,-10.021683
9116650482,9116645939,-0.22679925,-1.1454473,-10.04278
9116656646,9116655515,-0.22641034,-1.1314695,-10.002453
9116663275,9116662279,-0.21505952,-1.1158402,-9.931551
9116670577,9116669856,-0.1779352,-1.1088996,-9.867954
9116680418,9116677489,-0.1389647,-1.0750926,-9.812798
9116690797,9116685185,-0.11845693,-1.0216205,-9.785734
9116695556,9116694604,-0.115185514,-1.0126239,-9.81959
9116702728,9116702010,-0.13962308,-1.070431,-9.888581
9116711118,9116710182,-0.21412493,-1.1508158,-9.933938
9116720483,9116716266,-0.3045904,-1.2078637,-9.930482
9116729836,9116725113,-0.36018458,-1.2575403,-9.882828
9116734065,9116733150,-0.40077433,-1.3315511,-9.807119
9116741607,9116740827,-0.43178254,-1.3826966,-9.73707
9116749932,9116747705,-0.42209214,-1.3700901,-9.692867
9116760427,9116755493,-0.37330905,-1.3173494,-9.688639
9116766692,9116764626,-0.313155,-1.2699199,-9.743007
9116773064,9116772139,-0.28590912,-1.2580204,-9.798933
9116781510,9116780552,-0.29176307,-1.2510949,-9.805616
9116790870,9116787954,-0.2760769,-1.2308493,-9.8148775
9116800336,9116794717,-0.23793468,-1.2070731,-9.845211
9116803466,9116802751,-0.22729121,-1.1865377,-9.831942
9116811922,9116811187,-0.26013908,-1.1884152,-9.748301
9116820318,9116817987,-0.30944765,-1.2065039,-9.668047
9116830812,9116825695,-0.32582098,-1.2365351,-9.660929
9116836998,9116834972,-0.2989594,-1.2583632,-9.685017
9116843502,9116842551,-0.27013037,-1.2214663,-9.679736
9116851056,9116850317,-0.25641236,-1.1283863,-9.67474
9116860691,9116857916,-0.23245692,-1.0231761,-9.705086
9116871017,9116865000,-0.15460882,-0.9189378,-9.759645
9116874165,9116873437,-0.035853896,-0.8105726,-9.858784
9116882545,9116881819,0.043898873,-0.7511798,-9.990345
9116890888,9116888571,0.034735456,-0.7899245,-10.0725975
9116901251,9116896138,-0.043127254,-0.86854213,-10.063564
9116906431,9116905303,-0.13036658,-0.9080652,-9.957368
9116913827,9116913110,-0.1856104,-0.9007685,-9.802722
9116921234,9116920516,-0.21960804,-0.86576617,-9.672099
9116930798,9116927848,-0.22839414,-0.80578595,-9.592682
9116940601,9116935437,-0.1888949,-0.7256923,-9.583875
9116945270,9116944278,-0.13325422,-0.63353515,-9.6176195
9116952720,9116951945,-0.07590328,-0.5495372,-9.644197
9116961049,9116958830,-0.027528685,-0.49087793,-9.670307
9116971234,9116966701,-0.009903411,-0.44941658,-9.7167
9116976474,9116975336,0.03251564,-0.41810772,-9.796291
9116983933,9116983196,0.119484775,-0.37816095,-9.880196
9116992325,9116991390,0.18019365,-0.32237905,-9.919712
9117000930,9116998011,0.18092614,-0.2729032,-9.920828
9117012647,9117007003,0.16399175,-0.25484177,-9.904011
9117015982,9117014136,0.17488979,-0.2601661,-9.890301
9117022533,9117021727,0.1865593,-0.24279203,-9.8892355
9117031924,9117030082,0.15934953,-0.19809991,-9.890478
9117040485,9117037544,0.13911167,-0.15339386,-9.871752
9117050902,9117044888,0.167929,-0.11347612,-9.812514
9117054071,9117053323,0.2105135,-0.08065684,-9.751862
9117062527,9117061773,0.24011293,-0.040218554,-9.743331
9117070938,9117068417,0.27890217,0.016080972,-9.7688
9117081408,9117076092,0.32060137,0.0442266,-9.791104
9117086560,9117084543,0.32629234,0.030652221,-9.829096
9117093055,9117092288,0.3546345,-0.011090223,-9.88099
9117101766,9117100766,0.3513846,-0.049635373,-9.962317
9117111171,9117108258,0.19314805,-0.08988021,-10.086716
9117121705,9117115258,0.07322171,-0.1721524,-10.121799
9117124813,9117124092,0.13246992,-0.18352038,-10.044813
9117132216,9117131458,0.27373564,-0.05918242,-9.9661
9117140598,9117138768,0.4517162,0.10027965,-9.8866825
9117151015,9117146595,0.60646963,0.24108066,-9.801436
9117157242,9117156105,0.68103373,0.34527832,-9.7365675
9117163655,9117162920,0.70672804,0.36353883,-9.702836
9117172108,9117171153,0.7109122,0.3060084,-9.690184
9117180425,9117177906,0.72691685,0.26028308,-9.655052
9117190981,9117185663,0.77755857,0.2715029,-9.591834
9117195143,9117194422,0.845405,0.3444101,-9.5586
9117202579,9117201834,0.90258664,0.45046267,-9.563822
9117220226,9117215279,0.91326326,0.4944024,-9.559358
9117223384,9117217358,0.8898734,0.4403013,-9.548744
9117227577,9117226442,0.8696575,0.38275722,-9.559031
9117233951,9117233221,0.892123,0.37672383,-9.592546
9117242332,9117241599,0.983521,0.38522166,-9.634838
9117250717,9117248194,1.0903052,0.38681147,-9.684391
9117261088,9117255977,1.158825,0.3720513,-9.743516
9117266310,9117265149,1.2055497,0.39804074,-9.799753
9117273044,9117272298,1.2906197,0.5088957,-9.8538885
9117281832,9117279809,1.4135444,0.6108002,-9.902193
9117291173,9117287360,1.5011685,0.66240287,-9.91082
9117301620,9117295190,1.5350643,0.6805048,-9.853358
9117304753,9117304034,1.5381575,0.6321739,-9.756007
9117312147,9117311424,1.5177422,0.5387861,-9.655367
9117321516,9117318604,1.4722859,0.46467292,-9.558227
9117332354,9117326732,1.4201841,0.4069641,-9.462173
9117336803,9117334977,1.3992174,0.36177638,-9.387777
9117343715,9117342984,1.447217,0.3787914,-9.3656025
9117352509,9117351574,1.5765916,0.4652435,-9.393496
9117361239,9117358507,1.74841,0.5651537,-9.449703
9117371729,9117365516,1.8915559,0.6484597,-9.533432
9117375471,9117374726,1.9520009,0.7127648,-9.606171
9117383123,9117382377,1.921524,0.7075589,-9.591067
9117391461,9117388937,1.8233217,0.6123745,-9.503743
9117402926,9117397401,1.7027344,0.48779696,-9.433323
9117407129,9117405987,1.617755,0.401705,-9.439344
9117413541,9117412815,1.6122625,0.39674944,-9.522924
9117421944,9117421226,1.6618936,0.44665432,-9.6255455
9117431618,9117428701,1.7056464,0.47613975,-9.687201
9117442048,9117436007,1.7239497,0.45109075,-9.718421
9117445300,9117444543,1.7175322,0.40103975,-9.722224
9117453057,9117452326,1.6778514,0.3497894,-9.66605
9117461511,9117459258,1.6177436,0.28142816,-9.564708
9117471921,9117467176,1.5810912,0.21717134,-9.478333
9117477296,9117476349,1.593379,0.19844395,-9.47443
9117484798,9117484071,1.644242,0.20697351,-9.550312
9117492196,9117491450,1.6921637,0.22571772,-9.642492
9117501603,9117498885,1.717967,0.26889148,-9.702967
9117512072,9117506429,1.7545547,0.34156165,-9.714739
9117516270,9117515086,1.7830951,0.40075815,-9.674701
9117523688,9117522959,1.7389234,0.36895466,-9.59643
9117533035,9117532259,1.6293895,0.27006656,-9.531706
9117541571,9117537505,1.5507649,0.20504284,-9.516872
9117550973,9117546438,1.5869026,0.19866292,-9.567259
9117555228,9117554289,1.6699326,0.2162389,-9.69582
9117562591,9117561865,1.6686292,0.22703405,-9.862565
9117571969,9117569258,1.5970263,0.21131724,-9.982994
9117581495,9117576719,1.5583594,0.19291316,-10.002519
9117587664,9117585636,1.5652618,0.19297826,-9.944055
9117594044,9117593320,1.5453358,0.1542862,-9.869771
9117602546,9117601541,1.4722781,0.051257387,-9.790771
9117611851,9117609126,1.3961565,-0.05438199,-9.686718
9117622459,9117615787,1.3559088,-0.12211628,-9.586865
9117625549,9117624822,1.3491591,-0.1419218,-9.5412655
9117633000,9117632267,1.3623364,-0.12583351,-9.543062
9117641443,9117639210,1.3725533,-0.11290166,-9.560367
9117651897,9117647148,1.3575234,-0.11383202,-9.5816765
9117658085,9117656053,1.318712,-0.12263164,-9.5817585
9117664472,9117663549,1.2673483,-0.1578667,-9.556929
9117672942,9117671979,1.2033954,-0.22472396,-9.543234
9117690561,9117686342,1.1326964,-0.2986758,-9.557646
9117695935,9117695155,1.050427,-0.3809117,-9.613411
9117703341,9117702612,0.97475505,-0.4844345,-9.688383
9117711683,9117709668,0.9290819,-0.6180433,-9.717707
9117722082,9117717566,0.8653181,-0.73099864,-9.697792
9117728297,9117727165,0.8014662,-0.7169786,-9.670643
9117734658,9117733741,0.82463133,-0.58994406,-9.672175
9117743157,9117742234,0.88753974,-0.48286435,-9.725401
9117751553,9117748824,0.87135583,-0.49659067,-9.827387
9117761952,9117756438,0.7534915,-0.6076281,-9.920402
9117766106,9117765385,0.6133099,-0.71881634,-9.947274
9117773520,9117772788,0.52251756,-0.79235345,-9.916802
9117781857,9117780040,0.47910345,-0.8255369,-9.86844
9117792387,9117787970,0.49009794,-0.79048866,-9.856661
9117797559,9117796441,0.5618562,-0.71700746,-9.89357
9117805031,9117804309,0.6670697,-0.65555686,-9.951283
9117812490,9117811768,0.77433664,-0.5962087,-10.022596
9117822236,9117819310,0.83410865,-0.53576905,-10.082199
9117832702,9117827050,0.83754075,-0.5238365,-10.088459
9117837824,9117836704,0.8005563,-0.6165479,-10.047767
9117844261,9117843544,0.7121105,-0.7714848,-9.959312
9117852712,9117851238,0.5940908,-0.88945436,-9.815826
9117862055,9117859330,0.48716694,-0.9562851,-9.685735
9117872609,9117865979,0.4083711,-1.0150144,-9.614489
9117875776,9117875038,0.3523512,-1.0751309,-9.585677
9117883142,9117882425,0.2876225,-1.1297641,-9.592954
9117891992,9117889650,0.21833725,-1.1826419,-9.60912
9117902528,9117897413,0.17762855,-1.2227218,-9.609203
9117907681,9117905648,0.16961278,-1.2193097,-9.61643
9117914039,9117913323,0.196899,-1.1904628,-9.629533
9117923529,9117921710,0.23782706,-1.1939499,-9.650281
9117931919,9117929164,0.27455935,-1.220838,-9.700263
9117942316,9117936493,0.30828604,-1.2170513,-9.773279
9117945488,9117944732,0.3202786,-1.1698539,-9.852578
9117953886,9117953129,0.3083007,-1.1287949,-9.888555
9117962519,9117959971,0.25541103,-1.1516767,-9.839708
9117972922,9117967808,0.13038778,-1.2389733,-9.73882
9117978095,9117976976,-0.025723863,-1.3521914,-9.665298
9117984493,9117983770,-0.150991,-1.4365845,-9.664199
9117993194,9117992474,-0.22365731,-1.4567859,-9.715122
9118002674,9117999913,-0.24713808,-1.4243319,-9.777032
9118012107,9118006736,-0.24635676,-1.3535064,-9.83444
9118016212,9118015476,-0.22862257,-1.2642736,-9.893284
9118032398,9118026862,-0.19845097,-1.1932912,-9.964183
9118035563,9118031141,-0.17725089,-1.1644485,-10.044632
9118042021,9118038179,-0.18583784,-1.1662825,-10.093208
9118048546,9118047356,-0.23060772,-1.1858215,-10.096254
9118055907,9118055138,-0.3052923,-1.2580012,-10.067076
9118063337,9118062615,-0.4000364,-1.3966002,-9.991923
9118072718,9118069998,-0.50525963,-1.5498929,-9.877509
9118082160,9118077242,-0.6227105,-1.666682,-9.765417
9118087327,9118086210,-0.74011177,-1.734339,-9.691705
9118094721,9118094001,-0.8269353,-1.7870004,-9.642291
9118103118,9118102392,-0.8815808,-1.845374,-9.616836
9118112597,9118108570,-0.93617296,-1.8794968,-9.640875
9118120923,9118116467,-0.99071467,-1.9161786,-9.680009
9118126323,9118125517,-1.0388623,-1.9780962,-9.712671
9118134717,9118133497,-1.0839522,-2.001326,-9.72968
9118142544,9118139815,-1.0884979,-2.0144742,-9.695284
9118152944,9118147629,-1.0542507,-2.096181,-9.607876
9118158139,9118156114,-1.0349439,-2.19039,-9.491579
9118164572,9118163834,-1.0097001,-2.20405,-9.391411
9118173256,9118172325,-0.946146,-2.140492,-9.340877
9118182820,9118179682,-0.8865596,-2.0314434,-9.321907
9118192651,9118186809,-0.8690934,-1.8944621,-9.327995
9118195768,9118195046,-0.91110003,-1.8310181,-9.354322
9118204154,9118203425,-0.9892385,-1.901904,-9.395295
9118212734,9118210394,-1.0558351,-2.0001447,-9.471041
9118223199,9118218078,-1.0930885,-2.0432963,-9.573423
9118228376,9118226554,-1.0868573,-2.0451708,-9.684658
9118234744,9118234026,-1.0524087,-2.0364566,-9.789501
9118243150,9118242228,-1.014353,-2.0277472,-9.83457
9118252509,9118249789,-0.9736114,-2.0009968,-9.794635
9118262899,9118257072,-0.95300806,-1.936075,-9.722602
9118266049,9118265323,-0.9351094,-1.8410201,-9.670831
9118274659,9118273908,-0.901283,-1.7766789,-9.647752
9118283343,9118281517,-0.8724708,-1.7839398,-9.643405
9118292717,9118288271,-0.84647405,-1.8097864,-9.675962
9118299044,9118297876,-0.8470148,-1.813003,-9.750832
9118305507,9118304742,-0.85875905,-1.8302608,-9.833456
9118313885,9118312962,-0.8397723,-1.8940471,-9.890699
9118322296,9118319733,-0.8271196,-1.9763875,-9.893626
9118332653,9118327527,-0.82078177,-2.0262768,-9.841805
9118336791,9118335869,-0.79435813,-1.9914168,-9.774419
9118345247,9118344520,-0.7859208,-1.816963,-9.738478
9118353629,9118352703,-0.79713786,-1.553813,-9.727953
9118362996,9118358768,-0.79954684,-1.3931372,-9.67141
9118369231,9118368086,-0.81854117,-1.4506111,-9.584586
9118375586,9118374859,-0.89196175,-1.6122656,-9.573768
9118384152,9118383177,-0.9555079,-1.7373964,-9.6185665
9118392496,9118390179,-0.9021784,-1.8040961,-9.636059
9118402892,9118397975,-0.7716647,-1.8054087,-9.6388
9118408151,9118407021,-0.67168003,-1.730656,-9.65523
9118415506,9118414784,-0.6095921,-1.6079228,-9.677251
9118423919,9118422970,-0.54058516,-1.4858273,-9.715781
9118433261,9118430544,-0.45752525,-1.3786348,-9.773834
9118442729,9118437164,-0.37362397,-1.2720879,-9.804711
9118446816,9118446092,-0.3069877,-1.163733,-9.78196
9118454207,9118453470,-0.27855623,-1.0621068,-9.726989
9118473017,9118467666,-0.29958665,-1.0101066,-9.655604
9118475922,9118469176,-0.34104806,-1.02672,-9.57541
9118481121,9118476898,-0.36474216,-1.0865924,-9.515901
9118485383,9118484660,-0.37585992,-1.1485752,-9.501163
9118493807,9118492880,-0.366224,-1.1400323,-9.529543
9118503168,9118500448,-0.32022607,-1.0298434,-9.595573
9118513812,9118507510,-0.24483521,-0.86243916,-9.687689
9118517064,9118516263,-0.15162456,-0.725813,-9.777015
9118524636,9118524067,-0.068069205,-0.6520448,-9.832213
9118533547,9118531304,-0.030268503,-0.60907495,-9.863816
9118544361,9118539231,-0.018073669,-0.58019495,-9.889914
9118549078,9118547910,0.019009653,-0.5273653,-9.908288
9118555733,9118554979,0.10544023,-0.41313195,-9.925493
9118564540,9118563617,0.2366505,-0.28061777,-9.944888
9118572955,9118570037,0.35225227,-0.18391383,-9.953751
9118583343,9118577829,0.40868425,-0.10204731,-9.941596
9118587536,9118586802,0.42366892,-0.037390433,-9.930224
9118594888,9118593972,0.4088577,-0.022394067,-9.910592
9118603265,9118601216,0.36355698,-0.04646312,-9.85846
9118613697,9118609155,0.31191665,-0.05900791,-9.824129
9118619852,9118618722,0.29809675,-0.02819517,-9.837297
9118626214,9118625489,0.3250299,-0.0015917689,-9.865343
9118634609,9118633889,0.3583962,-0.017318344,-9.899296
9118643346,9118640580,0.39977008,-0.037074625,-9.929493
9118653732,9118648219,0.46250635,-0.0016726069,-9.936999
9118658914,9118657779,0.5340685,0.07661241,-9.92275
9118665269,9118664348,0.60317516,0.15149519,-9.909301
9118674523,9118671571,0.6781924,0.253183,-9.909833
9118693184,9118687857,0.77582407,0.38070643,-9.881113
9118697524,9118696240,0.89562416,0.48598713,-9.797424
9118704838,9118703903,1.0011976,0.58277464,-9.704797
9118713213,9118710695,1.0730879,0.6687183,-9.6486435
9118723705,9118718768,1.1276243,0.7410632,-9.616474
9118729022,9118726938,1.1713166,0.79910815,-9.581417
9118735331,9118734610,1.2022533,0.7878025,-9.551782
9118744748,9118743830,1.1912978,0.6999306,-9.544551
9118753119,9118750198,1.1217332,0.62652725,-9.569796
9118763561,9118757731,1.0523666,0.624097,-9.625006
9118766710,9118765976,1.0274179,0.63661325,-9.677897
9118775119,9118774374,1.0210099,0.6111537,-9.70409
9118784551,9118782230,1.0230266,0.5782315,-9.70769
9118794719,9118789095,1.0521607,0.6198111,-9.722719
9118799923,9118798781,1.126422,0.7702419,-9.762476
9118806356,9118805129,1.2437444,0.93773705,-9.775703
9118814620,9118813882,1.3665562,1.0261017,-9.752576
9118823447,9118820721,1.4549038,1.0579753,-9.728785
9118833833,9118828218,1.5017171,1.0883585,-9.700215
9118836960,9118836241,1.542105,1.1362472,-9.639909
9118845412,9118844679,1.5824409,1.1805606,-9.545649
9118853747,9118851532,1.6160783,1.2134645,-9.461036
9118864141,9118859432,1.6693549,1.2659364,-9.424993
9118869340,9118868208,1.733784,1.3303764,-9.426519
9118876829,9118876097,1.7885827,1.372526,-9.433063
9118884256,9118883533,1.8258045,1.3823128,-9.421692
9118893633,9118890903,1.8422465,1.3699566,-9.408832
9118904573,9118899453,1.8594434,1.3593273,-9.421005
9118907718,9118906800,1.8803942,1.3670464,-9.445141
9118915145,9118914431,1.9088681,1.3842521,-9.454576
9118923565,9118921935,1.9654995,1.3989167,-9.450717
9118943197,9118938266,2.0313249,1.4037291,-9.449504
9118947310,9118946357,2.0729477,1.4011506,-9.441962
9118954901,9118954179,2.081704,1.4141427,-9.421977
9118963547,9118961029,2.0827918,1.4520274,-9.382186
9118973949,9118968824,2.1098418,1.4837147,-9.332637
9118979158,9118977088,2.1555347,1.495207,-9.303225
9118985703,9118984914,2.19798,1.5048333,-9.288517
9118994597,9118993673,2.2231784,1.5184388,-9.272429
9119004128,9119001327,2.2194197,1.5187399,-9.252556
9119014521,9119007907,2.1867359,1.4886825,-9.251467
9119017689,9119016941,2.1421087,1.4565194,-9.283937
9119025044,9119024324,2.1072035,1.4357677,-9.320032
9119033438,9119031412,2.0672858,1.4099472,-9.339715
9119043916,9119039179,2.0320373,1.3884912,-9.373449
9119050079,9119048059,2.0480964,1.3898817,-9.452318
9119056456,9119055738,2.0985544,1.4087712,-9.556425
9119064915,9119063963,2.123725,1.4333196,-9.62616
9119073967,9119071031,2.1192677,1.4755254,-9.64825
9119084418,9119078404,2.135522,1.5115033,-9.651312
9119087547,9119086835,2.1798983,1.5221546,-9.638841
9119095972,9119095256,2.211252,1.5593319,-9.61638
9119104422,9119101866,2.2080545,1.6339656,-9.584127
9119114762,9119109450,2.187876,1.6113536,-9.542144
9119119926,9119118810,2.1293442,1.4279556,-9.512516
9119126318,9119125589,2.0127513,1.2793193,-9.5065
9119134679,9119133958,1.937034,1.3032491,-9.510817
9119144126,9119141411,1.9257993,1.3960605,-9.541648
9119155715,9119149447,1.8599722,1.3990386,-9.623791
9119158798,9119157679,1.6909982,1.250306,-9.717832
9119166210,9119165490,1.4681913,0.98996687,-9.774464
9119174632,9119173708,1.2705243,0.7264102,-9.806454
9119183985,9119179967,1.1492215,0.5878418,-9.841402
9119190169,9119189047,1.0758938,0.5519701,-9.838892
9119197625,9119196901,0.9741595,0.41752172,-9.792196
9119205031,9119204307,0.8115344,0.0758301,-9.767718
9119214498,9119211552,0.65991133,-0.2511615,-9.764287
9119234184,9119228555,0.6456502,-0.25966346,-9.759032
9119237434,9119234701,0.7255842,-0.0628568,-9.797056
9119244297,9119243369,0.71134603,-0.018377287,-9.850773
9119254217,9119250370,0.6113897,-0.14445558,-9.861005
9119264590,9119258365,0.52962714,-0.25454706,-9.874187
9119267715,9119267000,0.500378,-0.33878893,-9.875326
9119275166,9119274441,0.5239414,-0.4291612,-9.813885
9119284086,9119281733,0.50479996,-0.49795765,-9.718269
9119294544,9119289425,0.40832642,-0.5831335,-9.577375
9119299695,9119297685,0.321537,-0.72920835,-9.414747
9119307055,9119306318,0.2632265,-0.8535994,-9.339294
9119315457,9119314729,0.22088435,-0.852568,-9.347734
9119323942,9119321000,0.19009621,-0.78156924,-9.342098
9119334374,9119328555,0.1304816,-0.8069021,-9.311654
9119337523,9119336789,0.036199845,-0.96945155,-9.356432
9119345945,9119345216,-0.058095805,-1.1067452,-9.5130415
9119355349,9119352625,-0.076669954,-1.0912089,-9.665775
9119364726,9119359800,0.03450959,-0.9532889,-9.740042
9119369905,9119368784,0.1933114,-0.7965588,-9.78241
9119377333,9119376605,0.25957218,-0.7921426,-9.786635
9119384721,9119383977,0.16537327,-0.91065514,-9.713493
9119394323,9119391572,-0.026312802,-0.9145443,-9.593515
9119405080,9119399383,-0.17000377,-0.84600645,-9.468197
9119408579,9119407751,-0.23415112,-0.80119187,-9.389505
9119417343,9119416379,-0.25315562,-0.6737648,-9.359774
9119424729,9119422681,-0.20346761,-0.46685034,-9.312944
9119434652,9119430235,-0.11611906,-0.28412002,-9.2650795
9119440917,9119439732,-0.020385794,-0.160793,-9.294434
9119447209,9119446483,0.10337037,-0.07673292,-9.402596
9119455160,9119454441,0.22264695,0.031900935,-9.551956
9119464537,9119461618,0.3164562,0.25476947,-9.713621
9119484329,9119478998,0.42082983,0.40688437,-9.909057
9119487487,9119485171,0.43314308,0.39075506,-10.137423
9119495128,9119494159,0.2702455,0.39725566,-10.24408
9119504514,9119500674,0.0914773,0.3306793,-10.189479
9119514236,9119509650,-0.045384876,0.18051618,-10.133647
9119518579,9119517640,-0.18115413,0.094194606,-10.135058
9119526160,9119525193,-0.28928977,0.03826067,-10.095809
9119534726,9119531965,-0.39926195,0.052325904,-9.970224
9119545108,9119539593,-0.5065311,0.1615508,-9.798948
9119550325,9119548268,-0.5583623,0.17505437,-9.597938
9119556702,9119555945,-0.6181963,0.03279987,-9.459888
9119565057,9119563220,-0.7166374,-0.1161538,-9.474951
9119574474,9119571528,-0.7688632,-0.18973869,-9.5717125
9119586076,9119579346,-0.76563305,-0.18077388,-9.692767
9119588208,9119587460,-0.7417896,-0.16655967,-9.852293
9119595605,9119594878,-0.7040476,-0.17387062,-10.052379
9119605089,9119602362,-0.67499465,-0.17814276,-10.250645
9119615558,9119610230,-0.6979741,-0.22652075,-10.37319
9119620720,9119618900,-0.7902862,-0.28827634,-10.406592
9119627116,9119626362,-0.9049312,-0.29450774,-10.358831
9119635488,9119634573,-1.0170796,-0.2838791,-10.186193
9119644924,9119642209,-1.2009871,-0.3437703,-9.864804
9119655359,9119649308,-1.4661797,-0.5285021,-9.494318
9119658512,9119657762,-1.6617401,-0.7482581,-9.298516
9119665931,9119665179,-1.6644397,-0.8254572,-9.3841
9119675326,9119672610,-1.5182581,-0.75556993,-9.608837
9119685765,9119680450,-1.3507262,-0.65435255,-9.832718
9119690951,9119689830,-1.2196822,-0.5338392,-10.052174
9119697405,9119696679,-1.0962958,-0.3747803,-10.253042
9119705801,9119704877,-1.0031637,-0.23336758,-10.362522
9119715325,9119712608,-1.0253962,-0.19794358,-10.323206
9119724716,9119719788,-1.1636579,-0.27938876,-10.131426
9119729116,9119728329,-1.2922587,-0.3529401,-9.913294
9119736917,9119736150,-1.2875276,-0.33590993,-9.824578
9119745872,9119744942,-1.1527117,-0.30701986,-9.858903
9119755308,9119751065,-1.0158606,-0.3271019,-9.970935
9119761095,9119759965,-0.99177617,-0.32160157,-10.151146
9119768351,9119767577,-1.0321506,-0.2831643,-10.323678
9119776269,9119775532,-1.0699928,-0.2650063,-10.383635
9119784650,9119782110,-1.1174812,-0.24706113,-10.302851
9119795116,9119790186,-1.1661136,-0.26751986,-10.113691
9119800305,9119799177,-1.2203282,-0.3859419,-9.863015
9119807772,9119807024,-1.2474428,-0.568095,-9.653503
9119816150,9119814330,-1.1445404,-0.6713223,-9.600496
9119824537,9119821819,-0.86677134,-0.5627991,-9.727977
9119834887,9119829276,-0.488163,-0.34050596,-9.940835
9119838033,9119837310,-0.18232703,-0.09749155,-10.115432
9119846600,9119845875,-0.04481349,0.18474443,-10.183031
9119855131,9119852754,-0.029301696,0.28786373,-10.074862
9119874826,9119869508,-0.1335836,0.044516206,-9.768801
9119878001,9119876188,-0.24891105,-0.23158251,-9.447542
9119885442,9119884701,-0.16434002,-0.18735053,-9.321577
9119894892,9119892150,0.049466245,0.0899678,-9.332358
9119906316,9119900501,0.2122929,0.25494117,-9.304767
9119908431,9119907716,0.28175518,0.18850438,-9.257637
9119916863,9119916105,0.30528784,0.122146055,-9.354076
9119925227,9119923007,0.3669032,0.13901749,-9.600561
9119936745,9119931392,0.45564318,0.15312055,-9.833758
9119941092,9119939926,0.54096043,0.23537107,-9.953276
9119948438,9119947715,0.69066536,0.42614186,-9.949958
9119955855,9119955131,0.9413489,0.66915435,-9.868214
9119965213,9119962500,1.237435,0.91427815,-9.807597
9119975710,9119969896,1.5153456,1.1164382,-9.824124
9119978876,9119978122,1.7200994,1.2778347,-9.897471
9119987238,9119986512,1.8270905,1.3917694,-9.955548
9119995654,9119993438,1.8210424,1.4085529,-9.920023
9120005061,9120001238,1.676321,1.3213835,-9.795097
9120011342,9120010169,1.4472882,1.1521931,-9.636328
9120018759,9120018030,1.2373514,0.95512724,-9.459141
9120034325,9120029558,1.0940267,0.77476436,-9.305297
9120037507,9120033231,1.0189201,0.6223409,-9.283724
9120045819,9120040304,1.0735787,0.60396653,-9.394983
9120050017,9120048883,1.3384964,0.8021193,-9.533626
9120057397,9120056679,1.7172897,1.0986784,-9.66102
9120065866,9120063846,1.984188,1.2814031,-9.770912
9120075587,9120071567,2.0392249,1.284543,-9.812881
9120084936,9120080411,1.9720438,1.2117423,-9.772613
9120089190,9120088241,1.9042455,1.1380094,-9.705093
9120096571,9120095855,1.885504,1.0767462,-9.665097
9120106021,9120103294,1.9223682,1.0245762,-9.661039
9120115444,9120110728,2.0077956,0.9935795,-9.646354
9120121632,9120119602,2.0905728,1.0053023,-9.603712
9120127983,9120127262,2.1360207,1.0323502,-9.569902
9120136407,9120135490,2.1985054,1.0477517,-9.542286
9120146873,9120143557,2.284951,1.0594738,-9.524076
9120157093,9120150159,2.3562777,1.058487,-9.536306
9120158493,9120157748,2.4126647,1.0491806,-9.531237
9120167382,9120166657,2.4211934,1.047993,-9.439909
9120175755,9120173236,2.3848372,1.0359486,-9.260612
9120186158,9120181042,2.379447,0.9931778,-9.062471
9120191461,9120189405,2.4276738,0.9463967,-8.927254
9120197916,9120197183,2.5046039,0.93213296,-8.884942
9120206344,9120205406,2.5905423,0.93896127,-8.864275
9120215737,9120212821,2.6386528,0.90763867,-8.7691765
9120226142,9120220127,2.623511,0.81089735,-8.637288
9120229282,9120228562,2.647683,0.7404179,-8.555284
9120237715,9120236952,2.814481,0.7954018,-8.559385
9120246114,9120243795,3.0783858,0.94727165,-8.704013
9120256518,9120251399,3.3599052,1.1069415,-8.971676
9120262031,9120260891,3.5857532,1.2365491,-9.21158
9120268391,9120267678,3.6525564,1.2552161,-9.267057
9120276864,9120275903,3.5097256,1.0824267,-9.162749
9120285265,9120282946,3.2745905,0.83856,-9.057369
9120295665,9120290546,3.1053586,0.6733052,-9.011005
9120299802,9120299084,3.0173807,0.6016526,-9.01366
9120308221,9120307464,2.971655,0.5846214,-9.041273
9120316678,9120315721,2.946285,0.5861679,-9.034795
9120326290,9120322034,2.9299848,0.5815633,-9.009911
9120332460,9120331334,2.8965173,0.5735123,-9.046603
9120338858,9120338104,2.8589492,0.6086755,-9.115629
9120347341,9120346580,2.8664315,0.7061927,-9.118282
9120355718,9120353199,2.874113,0.8109343,-9.055309
9120366244,9120360923,2.8248887,0.8581841,-8.998402
9120371445,9120369624,2.7538066,0.8410404,-8.984037
9120377812,9120377086,2.7172234,0.8096392,-8.998952
9120386165,9120384350,2.6966233,0.8073436,-9.020737
9120395571,9120392855,2.6517017,0.81819963,-9.072562
9120406179,9120400164,2.5933146,0.75054497,-9.147676
9120409322,9120408600,2.5166144,0.62149084,-9.199822
9120417755,9120417032,2.4531007,0.59316546,-9.235481
9120426168,9120423647,2.4636598,0.68769455,-9.242606
9120436658,9120431293,2.5175593,0.81876683,-9.2273445
9120441865,9120439798,2.5790198,0.90521264,-9.243965
9120448547,9120447777,2.6204832,0.9225836,-9.316407
9120456926,9120456008,2.5944486,0.91707134,-9.438658
9120466395,9120463439,2.50662,0.8506815,-9.571466
9120475913,9120470554,2.3597653,0.68914956,-9.66995
9120480090,9120479314,2.144761,0.5094582,-9.721361
9120495780,9120490800,1.9294325,0.35729772,-9.732714
9120499148,9120494518,1.7892553,0.24859056,-9.706264
9120505585,9120501743,1.695656,0.20394693,-9.659201
9120511937,9120510941,1.594978,0.14612664,-9.6167555
9120519497,9120518729,1.492204,-0.02861011,-9.589658
9120527014,9120526065,1.3903649,-0.24513586,-9.612234
9120536594,9120533676,1.2954259,-0.3157981,-9.690638
9120546090,9120540953,1.2297581,-0.261156,-9.758444
9120550242,9120549502,1.1600536,-0.29052177,-9.790791
9120557617,9120556894,1.0220882,-0.41668105,-9.820815
9120567042,9120565598,0.83363193,-0.48540896,-9.821543
9120576394,9120571971,0.69098127,-0.48612705,-9.719902
9120582589,9120581461,0.6193131,-0.445754,-9.53607
9120589015,9120588258,0.54359525,-0.33525836,-9.368221
9120597400,9120596481,0.45483822,-0.22171545,-9.289484
9120605803,9120603481,0.39188978,-0.18966779,-9.336551
9120616322,9120611380,0.3136816,-0.20418163,-9.493922
9120621535,9120620279,0.21521413,-0.23892844,-9.697622
9120628439,9120627714,0.11717103,-0.28339258,-9.877699
9120636996,9120636073,0.016346607,-0.30512047,-9.985896
9120646503,9120642659,-0.06506046,-0.31471354,-10.039486
9120659971,9120651053,-0.12963825,-0.34002173,-10.089654
9120668310,9120660586,-0.18734309,-0.39036462,-10.118748
9120675840,9120670868,-0.23349163,-0.4281097,-10.074003
9120678668,9120674151,-0.26494253,-0.43261784,-9.992008
9120687043,9120681515,-0.2742405,-0.38544005,-9.9376135
9120692245,9120690196,-0.26297835,-0.28678736,-9.882732
9120698790,9120698023,-0.26112252,-0.21099153,-9.7948
9120707337,9120706415,-0.31186146,-0.19659941,-9.685034
9120716740,9120713986,-0.44397068,-0.2355019,-9.574858
9120727116,9120720706,-0.6213939,-0.3268606,-9.487544
9120730306,9120729540,-0.74995583,-0.44496992,-9.455907
9120737733,9120736814,-0.77957,-0.53078705,-9.506793
9120746072,9120744250,-0.75424945,-0.5723696,-9.588122
9120756475,9120752045,-0.7453543,-0.6330455,-9.678528
9120762677,9120761523,-0.79042256,-0.7447773,-9.844318
9120769068,9120768322,-0.9172518,-0.8265145,-10.0517
9120777451,9120776520,-1.074999,-0.8821212,-10.144406
9120786959,9120784022,-1.1873968,-1.0017052,-10.083405
9120797413,9120791185,-1.2728184,-1.0790833,-10.018028
9120800536,9120799819,-1.3139232,-1.0338944,-10.028212
9120807930,9120807210,-1.2907411,-0.98529243,-10.051215
9120817376,9120815553,-1.2659305,-0.9718971,-10.081939
9120826765,9120822335,-1.2798706,-0.93653226,-10.169833
9120832962,9120831827,-1.313975,-0.9202079,-10.274784
9120839317,9120838607,-1.3868722,-0.98016447,-10.294817
9120847803,9120846884,-1.5244435,-1.0692551,-10.229092
9120866552,9120861361,-1.6369525,-1.1215137,-10.165718
9120868650,9120861508,-1.6505986,-1.1206386,-10.121746
9120871899,9120870606,-1.6044385,-1.0687075,-10.1003
9120879231,9120878482,-1.5803726,-0.97669965,-10.094824
9120887643,9120886709,-1.6467756,-0.9375312,-10.0053215
9120897054,9120892834,-1.7722778,-1.0040802,-9.814302
9120905646,9120900713,-1.842943,-1.0974298,-9.656339
9120909948,9120909230,-1.7836534,-1.120018,-9.637593
9120917426,9120916695,-1.5955886,-0.98116493,-9.7610445
9120926803,9120924086,-1.3411282,-0.7195423,-9.971326
9120937239,9120931911,-1.1201506,-0.503101,-10.177408
9120942517,9120940441,-1.0137818,-0.41286469,-10.286243
9120948805,9120948083,-1.0376894,-0.42412254,-10.266018
9120957287,9120955269,-1.1508014,-0.49133798,-10.157545
9120966668,9120963725,-1.2875127,-0.5695467,-10.016589
9120977047,9120971035,-1.3772097,-0.6317331,-9.874298
9120980223,9120979473,-1.3876712,-0.6612228,-9.760622
9120988644,9120987907,-1.346467,-0.6532086,-9.713676
9120997030,9120994510,-1.2831767,-0.6326525,-9.717701
9121007542,9121002420,-1.2043972,-0.62536705,-9.7436075
9121012718,9121010677,-1.1336219,-0.6144039,-9.783875
9121019104,9121018348,-1.0738394,-0.62047446,-9.775169
9121027480,9121026559,-1.0291846,-0.6161779,-9.718595
9121036967,9121034190,-1.0473516,-0.47519618,-9.662603
9121047328,9121041463,-1.1338787,-0.35086972,-9.526649
9121050436,9121049702,-1.247811,-0.5045197,-9.301515
9121058815,9121058095,-1.312545,-0.8067552,-9.153745
9121067168,9121064937,-1.2110672,-0.9135453,-9.189708
9121078369,9121073245,-0.90558994,-0.6395118,-9.399772
9121083552,9121082426,-0.5233911,-0.21259788,-9.681465
9121089922,9121089203,-0.2631071,-0.009906618,-9.900891
9121097346,9121096608,-0.19471064,0.015223108,-10.030311
9121106694,9121104178,-0.1756316,0.09492784,-10.090153
9121117091,9121111764,-0.06686643,0.22014421,-10.107364
9121121302,9121120550,0.050868124,0.2728005,-10.111447
9121128759,9121128038,0.03550735,0.25925288,-10.078876
9121137098,9121135283,-0.08545466,0.19260721,-9.952795
9121155803,9121150879,-0.19141138,0.0658479,-9.773237
9121160098,9121159332,-0.19208819,0.009965399,-9.709797
9121168536,9121167762,-0.07482571,0.08016451,-9.817433
9121176834,9121174509,0.068224594,0.19758786,-9.981984
9121187221,9121182295,0.1723338,0.32041603,-10.115812
9121192519,9121191386,0.26622736,0.4499666,-10.203007
9121198902,9121198180,0.3519532,0.5376236,-10.203343
9121208556,9121206850,0.36223587,0.51350963,-10.062475
9121216885,9121214125,0.2932756,0.4533946,-9.824735
9121228348,9121221920,0.27357244,0.45665082,-9.608646
9121230507,9121229758,0.39364675,0.5373128,-9.520248
9121238865,9121238144,0.62430215,0.71554023,-9.573357
9121247376,9121244860,0.90915316,0.9157791,-9.676019
9121257851,9121252534,1.1683242,1.0879147,-9.771164
9121263001,9121261185,1.3652016,1.2456855,-9.806269
9121269405,9121268694,1.4672205,1.260599,-9.715321
9121277734,9121276980,1.4198978,1.1931849,-9.58632
9121287114,9121284359,1.3460538,1.228327,-9.504009
9121297563,9121291947,1.3506618,1.2793982,-9.417108
9121300717,9121299977,1.3429646,1.2323784,-9.331398
9121308746,9121308028,1.3054984,1.1127919,-9.3341055
9121326380,9121321952,1.321979,0.99908537,-9.457068
9121329593,9121323745,1.4212123,0.96860784,-9.670551
9121333727,9121332809,1.59344,1.0196235,-9.916384
9121340140,9121339379,1.7831492,1.0608532,-10.131976
9121348342,9121347417,1.8993659,1.0785449,-10.28823
9121357731,9121355010,1.9250206,1.1712619,-10.322516
9121368134,9121362123,1.8806767,1.264863,-10.160432
9121371324,9121370576,1.723299,1.1158948,-9.894541
9121379827,9121379091,1.5062376,0.76501083,-9.748408
9121388241,9121387298,1.4466662,0.5579012,-9.772662
9121397603,9121393374,1.6778456,0.69290453,-9.800829
9121403779,9121402653,2.0845284,1.0289605,-9.703207
9121410328,9121409362,2.396243,1.3202084,-9.487011
9121418665,9121417943,2.5858355,1.5476191,-9.226288
9121428039,9121425104,2.8580823,1.8147714,-8.969797
9121437517,9121432562,3.1503267,2.057,-8.77098
9121442862,9121441619,3.2639966,2.1358237,-8.698445
9121449296,9121448568,3.2158675,2.0913703,-8.742804
9121458882,9121456833,3.1327558,2.0575461,-8.832359
9121467239,9121464502,3.0586886,2.0042536,-8.918077
9121477730,9121471712,2.9515703,1.8346776,-9.023449
9121480892,9121480139,2.845851,1.6309043,-9.169553
9121489278,9121488539,2.8633904,1.5754147,-9.301081
9121497767,9121495189,2.9882495,1.6527803,-9.366048
9121508325,9121502979,3.0311453,1.6461067,-9.372582
9121513610,9121511536,2.9316652,1.5192807,-9.352097
9121528447,9121521682,2.8534558,1.4045472,-9.3077545
9121531699,9121527239,2.8594651,1.2991488,-9.215416
9121538070,9121534250,2.8321292,1.1638577,-9.070997
9121545988,9121542297,2.7780433,1.0296656,-8.908285
9121551841,9121551081,2.809751,0.94351536,-8.762081
9121559218,9121558688,2.9077287,0.899019,-8.659689
9121567706,9121565487,2.9655294,0.8173664,-8.6392
9121578096,9121573377,2.9781199,0.69526124,-8.693356
9121584284,9121583159,3.0252562,0.6220817,-8.735017
9121590658,9121589737,3.084661,0.61786985,-8.700457
9121599090,9121598138,3.0644722,0.62226915,-8.637847
9121607434,9121604508,2.9338448,0.617255,-8.616662
9121617855,9121612333,2.7228546,0.54681665,-8.624543
9121622003,9121621280,2.4981608,0.34907258,-8.63745
9121628966,9121628180,2.3146923,0.10225853,-8.688208
9121638977,9121636448,2.1602635,-0.08037105,-8.805928
9121648447,9121643724,2.0298564,-0.17536703,-8.935846
9121653606,9121652480,1.9540114,-0.22687614,-9.041737
9121661021,9121660299,1.9103583,-0.21774939,-9.15906
9121668413,9121667691,1.8689507,-0.15905783,-9.284279
9121677831,9121675116,1.8286225,-0.11014803,-9.400607
9121688211,9121682682,1.8015606,-0.04364418,-9.463999
9121692379,9121691455,1.8053863,0.09608122,-9.460909
9121699781,9121699055,1.8042951,0.32017836,-9.459392
9121717564,9121712436,1.7188964,0.5238735,-9.471772
9121720735,9121714712,1.5381757,0.54349667,-9.504
9121723908,9121722954,1.3455093,0.4132868,-9.633173
9121731347,9121730620,1.1827354,0.3069499,-9.883593
9121738789,9121738029,1.0541425,0.21687496,-10.136751
9121748253,9121745495,1.0013459,0.07595609,-10.316789
9121759798,9121753758,0.9806428,0.049827404,-10.504749
9121763935,9121761916,0.93144256,0.19579363,-10.620258
9121770392,9121769650,0.845443,0.23593056,-10.485595
9121778938,9121777997,0.6247456,0.11173649,-10.196404
9121788336,9121785616,0.29273605,-0.15721603,-9.891304
9121798920,9121792300,0.046243533,-0.60613143,-9.653186
9121802045,9121801317,-0.04315053,-0.87546855,-9.63368
9121817778,9121812855,0.035327297,-0.7878047,-9.8394165
9121820940,9121816522,0.23729917,-0.5813622,-10.099049
9121828290,9121823759,0.37174833,-0.43365702,-10.257716
9121833613,9121832665,0.34888312,-0.42694163,-10.264533
9121840951,9121840231,0.25231922,-0.521505,-10.14022
9121849397,9121848462,0.116423495,-0.5926509,-9.942959
9121857739,9121855023,-0.08194409,-0.65682626,-9.718831
9121868145,9121862630,-0.29605126,-0.8072359,-9.504572
9121872400,9121871677,-0.46668282,-0.963659,-9.403
9121879915,9121879121,-0.55215734,-1.0297993,-9.434765
9121889443,9121886711,-0.55605346,-1.0475733,-9.449181
9121898808,9121894088,-0.5899595,-1.0598937,-9.389437
9121903994,9121902860,-0.7185989,-1.1005073,-9.350033
9121911346,9121910628,-0.84943116,-1.1668229,-9.372839
9121918744,9121918026,-0.8950383,-1.1757932,-9.470519
9121928130,9121925418,-0.8581555,-1.1022274,-9.63055
9121938559,9121933044,-0.7751209,-0.9648224,-9.754407
9121942775,9121942036,-0.72751904,-0.819054,-9.771591
9121950137,9121949417,-0.8331904,-0.752191,-9.705149
9121958523,9121956509,-1.1014543,-0.80208755,-9.5557375
9121969265,9121964349,-1.3936191,-0.9675033,-9.327453
9121974448,9121973311,-1.5911226,-1.1165432,-9.181582
9121989148,9121982493,-1.6313055,-1.1164348,-9.258575
9121991232,9121987908,-1.5115833,-0.9708936,-9.493402
9121998685,9121995771,-1.3200276,-0.7542019,-9.74137
9122009156,9122003515,-1.1673288,-0.573929,-9.941472
9122014317,9122013175,-1.0812325,-0.45978233,-10.143327
9122020719,9122019958,-1.0741009,-0.36952698,-10.334736
9122029177,9122028212,-1.2203379,-0.36924016,-10.357477
9122038526,9122035810,-1.5144414,-0.5598467,-10.150353
9122049103,9122042670,-1.8871285,-0.7910142,-9.879902
9122052298,9122051550,-2.2389803,-0.9029632,-9.690749
9122059665,9122058948,-2.4197931,-0.9896579,-9.591925
9122069054,9122066338,-2.3767142,-1.0459515,-9.63979
9122078495,9122073751,-2.206527,-0.9622289,-9.871153
9122084643,9122082814,-2.0300102,-0.8065126,-10.182014
9122091031,9122090292,-1.8883595,-0.6797462,-10.502472
9122099422,9122098504,-1.7379929,-0.5421215,-10.772202
9122108903,9122106132,-1.5944512,-0.3836195,-10.833838
9122119235,9122113014,-1.5934352,-0.3227505,-10.605602
9122122512,9122121742,-1.7442436,-0.42621312,-10.205646
9122129873,9122129146,-1.8645427,-0.6609477,-9.852516
9122138322,9122136497,-1.8834025,-0.85834384,-9.655945
9122148737,9122144225,-1.8984659,-0.8254347,-9.572543
9122154967,9122153834,-1.9385794,-0.70215106,-9.525473
9122161432,9122160700,-1.9489095,-0.73822093,-9.54226
9122169849,9122168928,-1.8943505,-0.88379306,-9.700707
9122178250,9122175724,-1.7246637,-0.99042726,-9.92897
9122188724,9122183332,-1.4173404,-0.96698916,-10.1114435
9122192815,9122192094,-1.0809441,-0.76293504,-10.222719
9122200221,9122199485,-0.8824012,-0.4373122,-10.284378
9122208721,9122206849,-0.8711423,-0.16111934,-10.236695
9122219286,9122214727,-0.9746666,-0.13590729,-9.965646
9122224550,9122223411,-1.0955335,-0.38247952,-9.571564
9122231943,9122231223,-1.1227678,-0.67381465,-9.306198
9122239343,9122238615,-0.987586,-0.7357116,-9.268161
9122248759,9122246042,-0.7406093,-0.5266701,-9.357373
9122260228,9122254391,-0.47023422,-0.24149619,-9.47357
9122263919,9122262947,-0.22243777,-0.04031515,-9.602552
9122270499,9122269749,-0.08722295,0.030057594,-9.689478
9122279924,9122278064,-0.18054965,0.0036476012,-9.638365
9122289294,9122285066,-0.44815883,-0.13194457,-9.406603
9122296540,9122292920,-0.7224941,-0.4115034,-9.107309
9122302124,9122301351,-0.8755768,-0.65814406,-8.959466
9122309816,9122309090,-0.81432045,-0.73614824,-8.988321
9122328520,9122323563,-0.58379996,-0.6488725,-9.124999
9122331664,9122324551,-0.25454316,-0.42700243,-9.409268
9122334813,9122333391,0.17175281,-0.15900424,-9.804752
9122341226,9122340497,0.6297453,0.19660336,-10.196648
9122349701,9122348746,1.0263207,0.6756116,-10.50721
9122359127,9122356164,1.2754651,1.0116149,-10.571334
9122370611,9122363889,1.2700675,0.9362389,-10.2900715
9122372730,9122371810,1.0095496,0.63604504,-9.893986
9122380134,9122379383,0.7840809,0.4724776,-9.620068
9122388997,9122386676,0.85933554,0.52252215,-9.480629
9122399415,9122394503,1.0768803,0.6558817,-9.4268675
9122405621,9122403789,1.200669,0.78457415,-9.452503
9122412453,9122411530,1.2786918,0.9335074,-9.566181
9122419831,9122418907,1.4076817,1.1288581,-9.677804
9122429259,9122426307,1.5386465,1.2428778,-9.64404
9122449045,9122443527,1.5493892,1.1826538,-9.531089
9122452236,9122450155,1.5699235,1.1261387,-9.521499
9122459615,9122457092,1.8005846,1.2755423,-9.599199
9122469445,9122464973,2.0666473,1.5446568,-9.671538
9122475750,9122473697,2.2392128,1.7177038,-9.71874
9122482074,9122481351,2.3506815,1.8002818,-9.742103
9122489524,9122488760,2.3431153,1.8310463,-9.675936
9122498866,9122496141,2.2101789,1.7372065,-9.501361
9122510317,9122504695,2.1018152,1.6136246,-9.358796
9122513536,9122512798,2.2208555,1.6397265,-9.302233
9122521131,9122520363,2.549343,1.832218,-9.28077
9122529731,9122527413,2.8621821,2.0433993,-9.2775
9122539234,9122535588,2.9974272,2.1719937,-9.261691
9122545629,9122544445,2.9694507,2.2305155,-9.16347
9122553014,9122552208,2.8712893,2.1475887,-8.986053
9122560391,9122559672,2.75098,1.9446945,-8.867788
9122569944,9122567028,2.7513132,1.8464235,-8.890654
9122579367,9122574610,2.960072,1.9443846,-8.954935
9122584528,9122583401,3.150435,2.0661933,-8.949268
9122591939,9122591185,3.162981,2.0312924,-8.9170685
9122599919,9122598981,3.0902164,1.9209723,-8.935464
9122609428,9122606478,3.0425549,1.8761401,-8.964906
9122622885,9122614060,3.04195,1.8398948,-8.954929
9122630246,9122624203,3.0161076,1.7514926,-8.946298
9122633377,9122631354,2.9634,1.626243,-8.966886
9122640968,9122637323,2.966621,1.5331781,-8.990505
9122648242,9122644821,3.0594814,1.597676,-8.997384
9122655607,9122654619,3.191174,1.7563189,-8.946007
9122661897,9122661183,3.2431808,1.8030267,-8.829751
9122670334,9122669402,3.206372,1.7465041,-8.71121
9122679736,9122677010,3.198977,1.7371559,-8.6167755
9122690139,9122683922,3.2462792,1.7876294,-8.547375
9122693275,9122692556,3.260888,1.8172574,-8.493485
9122700718,9122699961,3.199298,1.7715206,-8.447524
9122709042,9122707425,3.125193,1.6970999,-8.452264
9122719475,9122715058,3.1386607,1.6935284,-8.529358
9122725841,9122724671,3.2303753,1.768594,-8.635277
9122732180,9122731449,3.3181748,1.8427339,-8.726691
9122739856,9122738915,3.3781781,1.8752332,-8.80289
9122749229,9122746708,3.4276974,1.9373393,-8.868353
9122759675,9122754361,3.4798472,2.038792,-8.913809
9122763837,9122763107,3.4645753,2.0569477,-8.955207
9122771213,9122770493,3.3345177,1.9515588,-9.028666
9122779633,9122777786,3.2066066,1.8626108,-9.121594
9122789993,9122785578,3.1751776,1.8737712,-9.154461
9122796276,9122795094,3.199408,1.8846046,-9.09272
9122802579,9122801850,3.1601374,1.85012,-8.997527
9122811193,9122810441,3.003751,1.8076451,-8.937148
9122819507,9122816792,2.8555892,1.7307309,-8.906822
9122829933,9122824617,2.8137352,1.7063243,-8.903931
9122835125,9122833869,2.8478098,1.8413188,-8.9681225
9122841553,9122840755,2.9361718,2.0252345,-9.043342
9122849819,9122848005,3.0333695,2.1613462,-9.0501175
9122861298,9122856580,3.0320866,2.177423,-9.027868
9122867534,9122863713,2.8549566,1.9817948,-9.053577
9122872804,9122872073,2.5372028,1.5744345,-9.12154
9122881227,9122880504,2.1387594,1.0822756,-9.17722
9122889608,9122887266,1.717644,0.5793134,-9.183494
9122900108,9122895163,1.3279724,0.08324553,-9.195753
9122906316,9122904247,0.9959092,-0.1377379,-9.356243
9122917806,9122913281,0.8970085,-0.0070201606,-9.614744
9122924110,9122918961,1.0736698,0.21074082,-9.791231
9122930548,9122926318,1.2774513,0.36605367,-9.8772335
9122938856,9122935217,1.3665218,0.44083047,-9.957353
9122943126,9122942367,1.4198513,0.4877775,-10.056498
9122951486,9122950767,1.5086794,0.50995564,-10.137347
9122959846,9122957624,1.5400311,0.46303713,-10.179018
9122970313,9122965361,1.501323,0.42457238,-10.197064
9122976736,9122974627,1.5384905,0.48971367,-10.172296
9122982947,9122982025,1.6416767,0.65237856,-10.0891285
9122990721,9122990002,1.6857791,0.82534796,-9.971764
9123000127,9122997181,1.6322043,0.9052611,-9.820444
9123011590,9123004967,1.4915618,0.8439749,-9.664126
9123013728,9123013015,1.2998856,0.65328574,-9.599464
9123022105,9123021383,1.0733759,0.3717867,-9.663652
9123030571,9123027984,0.82229596,0.030057207,-9.790909
9123040969,9123036011,0.61637115,-0.318768,-9.917856
9123046105,9123044962,0.48460558,-0.6090336,-10.0146055
9123053515,9123052751,0.40408957,-0.7857366,-10.046691
9123060968,9123060223,0.4012097,-0.87295735,-9.994215
9123070344,9123067628,0.45612568,-0.92436886,-9.90152
9123080761,9123074937,0.5065889,-0.9016675,-9.8097315
9123084952,9123084018,0.5817991,-0.79765815,-9.675882
9123092334,9123091620,0.70973325,-0.68907136,-9.494519
9123100716,9123098462,0.81971693,-0.6580323,-9.363834
9123118338,9123113903,0.82757723,-0.7151747,-9.328289
9123123560,9123122844,0.7405066,-0.81211936,-9.342994
9123130946,9123130225,0.6148242,-0.8994206,-9.376501
9123140783,9123137852,0.5129347,-0.97833246,-9.397918
9123150319,9123145357,0.4426145,-1.0790284,-9.396178
9123155461,9123154335,0.3457329,-1.1858017,-9.421314
9123163178,9123162121,0.24014258,-1.2747201,-9.505697
9123171246,9123170312,0.15854564,-1.3095052,-9.606089
9123180689,9123177731,0.10827831,-1.2705728,-9.677326
9123191116,9123184375,0.1074198,-1.1969533,-9.71034
9123194239,9123193514,0.12392609,-1.116976,-9.712725
9123201690,9123200944,0.13359664,-1.0272275,-9.707284
9123210050,9123207820,0.11719234,-0.9577745,-9.715116
9123220428,9123215709,0.04345358,-0.9761493,-9.726259
9123226612,9123224580,-0.08170992,-1.0812684,-9.734556
9123233163,9123231939,-0.24626726,-1.2128065,-9.789091
9123241618,9123240858,-0.3954857,-1.3464987,-9.884052
9123249932,9123247209,-0.46661973,-1.4467365,-9.94968
9123260499,9123254865,-0.4785699,-1.4926696,-9.971769
9123264696,9123263933,-0.46713287,-1.5237372,-9.982586
9123272101,9123271329,-0.44915193,-1.5344381,-10.030545
9123280413,9123278187,-0.40659964,-1.4886261,-10.106012
9123290819,9123286096,-0.3409931,-1.3905085,-10.109642
9123297033,9123295903,-0.31825328,-1.2953637,-9.988397
9123303379,9123302654,-0.3470419,-1.2780486,-9.792143
9123310788,9123310057,-0.40356344,-1.3405259,-9.627926
9123320386,9123317665,-0.45652542,-1.4152349,-9.579033
9123330791,9123325158,-0.44867253,-1.435101,-9.638871
9123334937,9123334213,-0.40341496,-1.4170878,-9.726545
9123341592,9123340841,-0.39746416,-1.4386861,-9.769073
9123350944,9123348698,-0.45285493,-1.4933275,-9.797103
9123360329,9123356516,-0.5522508,-1.5323517,-9.851029
9123366603,9123365425,-0.6679332,-1.5853285,-9.873095
9123373922,9123373197,-0.7718847,-1.6779063,-9.81963
9123381340,9123380612,-0.8506558,-1.751797,-9.742616
9123390711,9123387795,-0.87237096,-1.7321537,-9.701535
9123401277,9123395643,-0.83401746,-1.604751,-9.677877
9123406520,9123405258,-0.8238912,-1.5064209,-9.602225
9123412878,9123412116,-0.9129937,-1.5570239,-9.467674
9123421242,9123420313,-1.0400813,-1.6513098,-9.381871
9123430621,9123427902,-1.0778606,-1.6626179,-9.450206
9123441018,9123434797,-0.96942425,-1.5702763,-9.643082
9123444186,9123443449,-0.7856254,-1.4076855,-9.836184
9123459827,9123455097,-0.6320817,-1.2956387,-9.928083
9123463010,9123458789,-0.57363856,-1.2665489,-9.938815
9123471358,9123465839,-0.59912467,-1.2336189,-9.95442
9123476656,9123474611,-0.6123886,-1.1919762,-9.994016
9123483127,9123482391,-0.5537169,-1.13552,-10.06742
9123491607,9123490656,-0.4383458,-1.0016747,-10.169701
9123501015,9123498286,-0.36283174,-0.7823606,-10.220024
9123511674,9123505005,-0.48359483,-0.6906177,-10.089849
9123522262,9123521507,-0.9451522,-1.051092,-9.675059
9123531923,9123529628,-1.4647592,-1.677041,-9.204074
9123542480,9123537477,-1.4953287,-2.0038278,-9.0330715
9123546625,9123545457,-1.1514248,-1.879307,-9.071563
9123553191,9123552459,-0.8172034,-1.484001,-9.097127
9123561699,9123560910,-0.5564594,-1.05078,-9.1343155
9123571108,9123568358,-0.40283158,-0.813001,-9.245823
9123581510,9123575461,-0.38487384,-0.78455764,-9.384248
9123584702,9123583943,-0.4369032,-0.6963081,-9.531668
9123593101,9123592332,-0.44694883,-0.40910405,-9.676687
9123601497,9123600035,-0.36254296,-0.16654634,-9.768522
9123610950,9123606736,-0.27311054,-0.13311927,-9.882147
9123617164,9123616021,-0.2684395,-0.19137451,-10.070596
9123623591,9123622862,-0.31755054,-0.25407845,-10.266164
9123631997,9123631073,-0.38808817,-0.38663486,-10.430556
9123641428,9123638690,-0.47364742,-0.5357311,-10.590147
9123651188,9123646060,-0.48729062,-0.4639312,-10.7223425
9123655997,9123654852,-0.35489166,-0.14018267,-10.713685
9123663422,9123662664,-0.21446106,0.18095791,-10.51135
9123671559,9123670642,-0.26618055,0.24718212,-10.204893
9123681107,9123677291,-0.51440775,-0.0026967674,-9.911145
9123690554,9123686026,-0.79249454,-0.39977783,-9.677713
9123699916,9123694604,-0.9161235,-0.6925964,-9.565446
9123710392,9123704868,-0.83071506,-0.73471373,-9.646245
9123712556,9123708533,-0.531473,-0.49409384,-9.873726
9123721915,9123716298,-0.049297243,-0.083406,-10.081761
9123727125,9123725076,0.41502228,0.35231453,-10.162741
9123733553,9123732784,0.72597295,0.68725383,-10.139105
9123742048,9123741110,0.891844,0.7649977,-10.033008
9123751426,9123748711,0.87578285,0.6749922,-9.881942
9123761805,9123755193,0.72708976,0.5991642,-9.73876
9123764961,9123764244,0.55537397,0.49228683,-9.616678
9123772372,9123771649,0.38862586,0.33645475,-9.5767
9123780765,9123778746,0.28207248,0.26276723,-9.642513
9123791156,9123786744,0.25309366,0.29353225,-9.736533
9123797387,9123795363,0.19789675,0.24130744,-9.80507
9123803733,9123803018,0.04211642,-0.036798656,-9.836795
9123812217,9123811272,-0.13798611,-0.40302312,-9.860571
9123822247,9123819311,-0.1583222,-0.56841105,-9.908735
9123831760,9123825719,0.07211305,-0.3677649,-9.97995
9123834870,9123834151,0.444802,0.053009063,-10.042218
9123843317,9123842559,0.76588994,0.41335627,-10.080041
9123851714,9123849394,0.91377807,0.6011922,-10.073647
9123863216,9123857589,0.9068125,0.6216094,-9.975628
9123867392,9123866261,0.7903183,0.543332,-9.804628
9123873764,9123873038,0.6146089,0.42383993,-9.531488
9123882300,9123881343,0.4828488,0.28080612,-9.148674
9123891786,9123889072,0.49368468,0.21049117,-8.845122
9123902327,9123896283,0.692485,0.3013323,-8.798521
9123905827,9123905071,0.97690994,0.5017662,-9.031872
9123913216,9123912498,1.1932799,0.6409291,-9.45607
9123922214,9123919701,1.3228573,0.6886674,-9.891243
9123931633,9123927419,1.3941152,0.7757112,-10.09958
9123937870,9123936729,1.3661774,0.84971136,-10.014536
9123944273,9123943553,1.1960951,0.7756231,-9.845971
9123952722,9123951766,0.968614,0.6125252,-9.747795
9123961036,9123958721,0.7988843,0.49080744,-9.686619
9123971445,9123966532,0.6533489,0.4120679,-9.596396
9123977684,9123976531,0.45929527,0.289006,-9.48338
9123984032,9123983083,0.28233144,0.10928771,-9.4213705
9123992703,9123991943,0.25566313,-0.014089661,-9.451217
9124001004,9123998092,0.35883573,0.019994594,-9.5669565
9124011920,9124005901,0.51077956,0.16458213,-9.706284
9124014673,9124013944,0.69683224,0.34746101,-9.811887
9124023441,9124022699,0.89282227,0.57270324,-9.892343
9124031782,9124029065,1.0693603,0.79671425,-9.906693
9124042195,9124036880,1.151058,0.94986814,-9.816292
9124047348,9124045328,1.0695086,1.0097307,-9.70508
9124053734,9124053017,0.883361,0.9710181,-9.667486
9124062128,9124061209,0.69704354,0.8638964,-9.681492
9124071601,9124068869,0.5212257,0.6595915,-9.658976
9124082067,9124076048,0.31144,0.3351038,-9.591922
9124085192,9124084475,0.102663845,-0.010523595,-9.515715
9124093615,9124092884,-0.050972868,-0.2621269,-9.465075
9124101984,9124099465,-0.19032864,-0.3505909,-9.491134
9124112397,9124107281,-0.33086944,-0.3542279,-9.555079
9124117556,9124116439,-0.4321589,-0.36056682,-9.630212
9124132241,9124126380,-0.46425298,-0.36156654,-9.729481
9124135367,9124131344,-0.43697077,-0.34638798,-9.807201
9124141753,9124138822,-0.40532357,-0.28074485,-9.87754
9124152123,9124146479,-0.37705413,-0.16152468,-9.994798
9124155678,9124154920,-0.3024299,-0.022711046,-10.129255
9124164092,9124163328,-0.15718716,0.115968324,-10.213781
9124172461,9124171741,-0.023250174,0.26469475,-10.229697
9124181833,9124177819,-0.014922796,0.3871981,-10.169967
9124188118,9124186948,-0.14876497,0.37974033,-10.012713
9124194507,9124193758,-0.37304267,0.23919916,-9.802206
9124202912,9124201960,-0.5998262,0.059349403,-9.631164
9124212298,9124209573,-0.74005216,-0.10291094,-9.525481
9124222677,9124216834,-0.7826145,-0.19956459,-9.490776
9124226804,9124225678,-0.76353776,-0.19874592,-9.563531
9124234199,9124233473,-0.7113562,-0.1539619,-9.717941
9124241979,9124241030,-0.6729603,-0.12765905,-9.874494
9124252484,9124248262,-0.67010057,-0.12527043,-9.989903
9124259745,9124255918,-0.6828114,-0.15014257,-10.041637
9124264973,9124264257,-0.73349607,-0.18830962,-10.008863
9124273499,9124272720,-0.84385526,-0.22364026,-9.902538
9124281930,9124279402,-0.9903922,-0.2775446,-9.784197
9124292914,9124287561,-1.1239374,-0.32826608,-9.731268
9124297398,9124295379,-1.2016251,-0.3546561,-9.76438
9124304803,9124304074,-1.2386017,-0.39865577,-9.852875
9124313214,9124312289,-1.2573901,-0.45589274,-9.948449
9124322981,9124320060,-1.2742622,-0.477155,-10.008211
9124331814,9124326296,-1.3018608,-0.47022703,-10.009235
9124335967,9124335244,-1.3171507,-0.47969884,-9.977799
9124343713,9124342779,-1.293227,-0.48940516,-9.962974
9124352093,9124349844,-1.2309058,-0.41880825,-9.987424
9124362507,9124357746,-1.1712682,-0.28099763,-10.02576
9124368645,9124366613,-1.1329693,-0.17586744,-10.028083
9124374990,9124374068,-1.1094009,-0.12923054,-9.980494
9124382396,9124381663,-1.1389652,-0.12734422,-9.880667
9124391786,9124389069,-1.2440702,-0.19067773,-9.744768
9124403286,9124396639,-1.400649,-0.31823784,-9.606725
9124406439,9124405707,-1.5451118,-0.4373561,-9.523939
9124414142,9124413155,-1.5949191,-0.47433323,-9.557148
9124423630,9124421343,-1.5349405,-0.43113616,-9.685061
9124432931,9124428018,-1.4200767,-0.3494023,-9.854725
9124438150,9124437019,-1.3235463,-0.26898623,-10.03499
9124445612,9124444868,-1.2663257,-0.20831224,-10.178329
9124453052,9124452319,-1.225851,-0.15029374,-10.264159
9124462571,9124459632,-1.202962,-0.08280572,-10.300819
9124472032,9124467075,-1.1797078,-0.013467514,-10.291128
9124476195,9124475239,-1.1248901,0.040267542,-10.264188
9124484585,9124483859,-1.0719174,0.05657457,-10.223758
9124493045,9124492308,-1.0595716,0.07796249,-10.183374
9124502529,9124498310,-1.0741622,0.12797621,-10.192599
9124508767,9124506738,-1.106176,0.14504084,-10.239221
9124515138,9124514411,-1.1495163,0.13734443,-10.2745695
9124523659,9124522708,-1.1644527,0.13322677,-10.281614
9124532290,9124529752,-1.1320317,0.12118249,-10.2875
9124542848,9124537524,-1.08985,0.113747604,-10.308231
9124548067,9124546900,-1.0815504,0.07995031,-10.3001795
9124554544,9124553810,-1.1360584,-0.00043858215,-10.237076
9124562905,9124561987,-1.1874123,-0.07662103,-10.172979
9124572300,9124569580,-1.1015049,-0.11630276,-10.145529
9124582999,9124576375,-0.9335436,-0.08742603,-10.121599
9124586137,9124585411,-0.84729886,-0.012286311,-10.052561
9124593550,9124592834,-0.8435325,-0.026972737,-9.946161
9124602918,9124600202,-0.84460276,-0.16808264,-9.872359
9124613059,9124608147,-0.8034909,-0.3119257,-9.82897
9124618903,9124616879,-0.7283583,-0.29471052,-9.776271
9124624380,9124623632,-0.6620443,-0.13478753,-9.720899
9124633792,9124632876,-0.61577713,-0.08031206,-9.664757
9124642190,9124639271,-0.57160544,-0.19206518,-9.636107
9124652583,9124646968,-0.49721974,-0.3082109,-9.671915
9124655923,9124655153,-0.43155146,-0.29706848,-9.74951
9124664500,9124663748,-0.3923544,-0.14857551,-9.799803
9124672933,9124670414,-0.3142809,-0.044960313,-9.802594
9124692642,9124687109,-0.22659206,-0.1262046,-9.816294
9124699961,9124695947,-0.18553261,-0.2692475,-9.837908
9124704235,9124703274,-0.15937299,-0.2830221,-9.826606
9124712568,9124709654,-0.11371268,-0.15406483,-9.771916
9124723048,9124717227,-0.05619249,-0.03472353,-9.67947
9124727217,9124726484,0.00035288278,-0.026385145,-9.6182575
9124734593,9124733875,0.054676034,-0.032590512,-9.636574
9124743026,9124740797,0.13513955,0.034684494,-9.699231
9124752904,9124748653,0.25463706,0.08043128,-9.762467
9124759096,9124757936,0.3489636,0.09664278,-9.847157
9124765523,9124764796,0.38372964,0.1613463,-9.968049
9124773914,9124772996,0.4134904,0.2233953,-10.052281
9124783336,9124780413,0.48210052,0.23462404,-10.073549
9124792718,9124787798,0.56437516,0.23178118,-10.102089
9124797902,9124796773,0.6688403,0.33386323,-10.160824
9124805288,9124804567,0.8722247,0.5944643,-10.193552
9124813751,9124812832,1.1273991,0.87263566,-10.139797
9124823162,9124819135,1.2811251,1.0339041,-9.995544
9124832698,9124827904,1.3000739,1.064136,-9.834131
9124836982,9124836021,1.2623852,1.0267746,-9.709194
9124844406,9124843477,1.2407602,0.9890056,-9.600639
9124852731,9124850416,1.2449178,0.94810605,-9.506172
9124863162,9124858051,1.227998,0.88478976,-9.441044
9124868405,9124866351,1.1892622,0.83295804,-9.4078865
9124875757,9124875030,1.2213879,0.8300865,-9.397373
9124884146,9124883422,1.3657706,0.86078596,-9.384565
9124892493,9124889574,1.4999275,0.8863873,-9.391571
9124902856,9124897243,1.5219402,0.8698234,-9.442078
9124907029,9124906299,1.4874207,0.79326767,-9.53969
9124914422,9124913697,1.4643003,0.68832946,-9.666714
9124923204,9124920864,1.4740796,0.5684414,-9.747566
9124942950,9124937415,1.5847411,0.49256265,-9.765254
9124946109,9124944086,1.7946372,0.5572119,-9.770748
9124953525,9124952770,1.9032816,0.6346907,-9.72825
9124962864,9124960147,1.7842897,0.5238198,-9.574339
9124973308,9124967493,1.5730184,0.26519105,-9.381399
9124977498,9124976742,1.444314,0.07270697,-9.242489
9124984909,9124984152,1.4348276,0.033773247,-9.1474695
9124993234,9124991016,1.4496137,0.027011365,-9.068487
9125003934,9124998987,1.426434,-0.036794595,-8.976114
9125009122,9125007987,1.4410613,-0.09397345,-8.859876
9125016573,9125015801,1.5503099,-0.056322783,-8.780686
9125024270,9125023532,1.7030073,0.057279564,-8.7884865
9125032587,9125030273,1.8255668,0.1866779,-8.843714
9125043146,9125038033,1.9005679,0.31075263,-8.841375
9125047327,9125046382,1.9319715,0.4163552,-8.730846
9125054702,9125053983,1.9020916,0.47257638,-8.567358
9125064128,9125063211,1.84247,0.46938533,-8.466353
9125073549,9125069328,1.8318856,0.4519535,-8.528496
9125079739,9125077716,1.8763257,0.47128406,-8.759312
9125086415,9125085633,1.947928,0.54041576,-9.096735
9125093967,9125093246,2.048675,0.6167784,-9.423183
9125103334,9125100418,2.099885,0.6506432,-9.62079
9125113759,9125108444,2.0264575,0.6358082,-9.661784
9125118929,9125117811,1.8745593,0.5793761,-9.562776
9125125310,9125124589,1.7053277,0.51047784,-9.392366
9125133708,9125132054,1.5878297,0.47476685,-9.288331
9125143127,9125140173,1.5854018,0.50934273,-9.284911
9125153519,9125147469,1.6617926,0.63223356,-9.292604
9125156648,9125155923,1.6883115,0.76992506,-9.283274
9125165059,9125164321,1.6084384,0.81043655,-9.300661
9125173525,9125170982,1.528861,0.7986109,-9.385241
9125183936,9125178818,1.5177295,0.80328053,-9.532247
9125189171,9125187105,1.522239,0.7854278,-9.694687
9125196129,9125195409,1.5177436,0.78910536,-9.848438
9125204567,9125203643,1.5319301,0.86241806,-9.951982
9125212929,9125210211,1.5355033,0.9144212,-9.97031
9125224351,9125217936,1.4560764,0.84592044,-9.982974
9125227469,9125226755,1.3045475,0.67328364,-10.041912
9125234867,9125234148,1.1648484,0.51436913,-10.089516
9125243327,9125241270,1.0729233,0.46597522,-10.06604
9125254013,9125249271,0.98590875,0.48676586,-9.954763
9125259209,9125258078,0.8507274,0.4705761,-9.803917
9125266633,9125265862,0.6856119,0.4020254,-9.702882
9125274005,9125273268,0.5998958,0.31098375,-9.665316
9125283393,9125280664,0.6646416,0.21872883,-9.638344
9125294860,9125289031,0.7879204,0.19348897,-9.612846
9125297974,9125297257,0.8436271,0.2692245,-9.574653
9125305387,9125304665,0.8017283,0.35436833,-9.503187
9125313759,9125311544,0.68918425,0.32511047,-9.421044
9125324215,9125319473,0.5414979,0.19432896,-9.345184
9125329447,9125328269,0.3925333,0.09008409,-9.2691
9125336971,9125336183,0.29147303,0.049450617,-9.1989155
9125345019,9125344092,0.24738708,0.020571172,-9.171845
9125353485,9125350931,0.23805349,-0.011348318,-9.192255
9125363842,9125358522,0.23020628,-0.039377503,-9.22109
9125369023,9125367896,0.16815773,-0.059198212,-9.279015
9125375394,9125374667,0.08442111,-0.07779026,-9.428155
9125384808,9125383180,0.06173857,-0.11114456,-9.666939
9125394182,9125389959,0.10011069,-0.1269743,-9.932985
9125401508,9125397634,0.13741428,-0.08293245,-10.178253
9125412945,9125407119,0.10842411,-0.0047833547,-10.394597
9125416135,9125414276,0.020892987,0.03445295,-10.558094
9125423588,9125421254,-0.06996854,0.012983467,-10.620443
9125435032,9125430104,-0.15744749,-0.018355628,-10.571745
9125439229,9125437191,-0.2587717,-0.05399525,-10.446154
9125446625,9125445900,-0.38474372,-0.15178154,-10.269497
9125455003,9125454287,-0.5253943,-0.29982913,-10.089811
9125463348,9125460434,-0.64183855,-0.40808424,-9.984969
9125473779,9125468257,-0.69673824,-0.4320632,-9.949894
9125477931,9125477206,-0.6779503,-0.38176394,-9.9732
9125485332,9125484598,-0.5959319,-0.2863471,-10.102356
9125493717,9125491674,-0.47566104,-0.16964293,-10.274941
9125504440,9125499617,-0.36088505,-0.043524712,-10.376019
9125509809,9125508548,-0.3161581,0.07313055,-10.3705845
9125516248,9125515461,-0.3645672,0.12989876,-10.280709
9125524825,9125523865,-0.44202614,0.09642318,-10.170029
9125534335,9125531399,-0.48679164,0.039645255,-10.07413
9125544046,9125538487,-0.5074698,0.0094980765,-10.011174
9125548198,9125547447,-0.5090392,0.022863705,-9.988635
9125555559,9125554646,-0.49924678,0.0649266,-9.9662285
9125563917,9125562104,-0.5607884,0.019697575,-9.937758
9125574326,9125569813,-0.724295,-0.17550912,-9.948581
9125580530,9125579407,-0.8695924,-0.4263727,-10.024502
9125586980,9125586233,-0.8969873,-0.57450646,-10.151293
9125594532,9125593809,-0.840692,-0.5727844,-10.274105
9125604108,9125601105,-0.7445102,-0.50604916,-10.329125
9125614502,9125608958,-0.6145324,-0.4276598,-10.335734
9125618624,9125617706,-0.4930035,-0.3369365,-10.336098
9125626026,9125625310,-0.45680854,-0.25355995,-10.274691
9125634423,9125632402,-0.5225731,-0.25017148,-10.078714
9125643804,9125640387,-0.6287892,-0.38297638,-9.824648
9125653204,9125648980,-0.7294366,-0.5564904,-9.674128
9125657451,9125656728,-0.7532426,-0.586288,-9.686622
9125664814,9125664089,-0.61470926,-0.39321357,-9.823384
9125674347,9125671606,-0.3678436,-0.09468324,-9.999984
9125684739,9125679228,-0.15989976,0.097037435,-10.130465
9125689929,9125688809,-0.074714094,0.14236511,-10.158777
9125696316,9125695598,-0.07882441,0.14948505,-10.070689
9125704721,9125703795,-0.09436306,0.14257763,-9.903096
9125714106,9125711382,-0.11581266,0.06498943,-9.69605
9125724555,9125718341,-0.17165537,-0.05600629,-9.527327
9125727689,9125726972,-0.19666803,-0.053695947,-9.4897175
9125736142,9125735382,-0.09317277,0.09364547,-9.543957
9125744487,9125741762,0.106852636,0.25407237,-9.608732
9125755046,9125750118,0.27784842,0.4243816,-9.678039
9125760485,9125758428,0.39995706,0.6371913,-9.76425
9125766785,9125766070,0.5278256,0.80686796,-9.841084
9125775186,9125774265,0.5954643,0.7808571,-9.82715
9125785696,9125782351,0.5125764,0.6073008,-9.753348
9125795053,9125788833,0.38981497,0.5019176,-9.742991
9125798184,9125797468,0.40700966,0.5247605,-9.792609
9125805691,9125804927,0.5362278,0.610539,-9.831831
9125814069,9125812254,0.6295676,0.7093288,-9.828865
9125824483,9125820049,0.6418758,0.8267006,-9.794417
9125830685,9125829554,0.6408104,0.90968543,-9.715529
9125837018,9125836292,0.6313896,0.87991744,-9.571342
9125845740,9125844765,0.5605546,0.7501506,-9.413341
9125854194,9125851440,0.4466723,0.6042147,-9.31904
9125864557,9125859232,0.38630062,0.5907086,-9.305824
9125868733,9125867979,0.48130095,0.73940015,-9.3294735
9125876140,9125875410,0.687706,0.9454374,-9.372435
9125884464,9125882643,0.8618349,1.1385238,-9.4208
9125894877,9125890363,0.9342475,1.3260567,-9.410288
9125901059,9125899936,0.9491231,1.4795157,-9.273637
9125907435,9125906712,0.90377796,1.4896774,-9.01932
9125923107,9125918644,0.7680423,1.3946091,-8.801073
9125925235,9125921900,0.6786859,1.3441049,-8.795669
9125935027,9125929500,0.7526713,1.4024265,-9.030132
9125940227,9125939075,0.9120509,1.5384898,-9.401039
9125946575,9125945859,1.0197406,1.6597303,-9.759884
9125954948,9125952929,1.0423604,1.7168465,-10.012636
9125964397,9125961679,1.0409969,1.7593687,-10.14345
9125974810,9125968593,1.0439377,1.8309,-10.167501
9125977933,9125977218,1.0446069,1.9035468,-10.1179285
9125986335,9125985616,1.044189,1.9584779,-10.036112
9125994704,9125992177,1.0234015,2.002806,-9.963495
9126005073,9125999958,0.94439495,1.9776245,-9.897879
9126010386,9126008336,0.81851923,1.9164237,-9.840716
9126017539,9126016798,0.75853753,1.9957486,-9.813715
9126025911,9126024991,0.8556981,2.2000072,-9.771549
9126034245,9126031519,1.0054979,2.3978906,-9.713839
9126044720,9126039097,1.0856928,2.5516143,-9.694704
9126048941,9126048164,1.1535864,2.6502538,-9.67288
9126056288,9126055559,1.2404149,2.7414756,-9.582593
9126064725,9126062512,1.249022,2.82777,-9.443571
9126075148,9126070436,1.1654103,2.810178,-9.292343
9126081358,9126080238,1.089138,2.6887176,-9.155916
9126087716,9126086797,1.0578256,2.542572,-9.093142
9126095203,9126094446,1.0175866,2.409609,-9.148087
9126104595,9126101875,0.9546561,2.296405,-9.333962
9126115000,9126109487,0.9041862,2.1425605,-9.63693
9126119165,9126118439,0.8524107,1.9451971,-9.973255
9126126563,9126126028,0.8117618,1.7905263,-10.213524
9126135849,9126132924,0.7935777,1.698764,-10.27812
9126145413,9126140869,0.7490115,1.636429,-10.199202
9126150548,9126149429,0.6760397,1.4899037,-10.089903
9126158363,9126157629,0.5687185,1.1930156,-10.01741
9126166123,9126165189,0.4336404,0.91662145,-9.917435
9126174533,9126172011,0.3907808,0.8721279,-9.719549
9126185057,9126179726,0.4778453,0.99794716,-9.481012
9126189528,9126188371,0.5613393,1.0731809,-9.325057
9126197282,9126196559,0.57888913,1.0272957,-9.295842
9126205725,9126204770,0.593819,0.9519628,-9.327963
9126215125,9126211069,0.63485336,0.935492,-9.347833
9126224423,9126219990,0.6595547,0.93918717,-9.344101
9126228281,9126227359,0.6211486,0.86515397,-9.349115
9126235839,9126235107,0.52805465,0.7136818,-9.399749
9126245224,9126242504,0.45224407,0.60715663,-9.534916
9126255649,9126250118,0.46459073,0.6394625,-9.75384
9126260805,9126258777,0.54933417,0.7467233,-9.998327
9126267328,9126266553,0.6292041,0.8263857,-10.163524
9126275811,9126274879,0.68784904,0.895265,-10.164906
9126285173,9126282436,0.75135195,1.00294,-10.045688
9126295525,9126289108,0.7851754,1.09828,-9.8903265
9126298676,9126297956,0.7441631,1.0869427,-9.722687
9126306087,9126305353,0.6419819,0.9641,-9.605822
9126315437,9126312925,0.5368734,0.8365537,-9.627176
9126326890,9126321266,0.50460094,0.8046236,-9.779434
9126331142,9126329048,0.5744555,0.8642497,-10.013026
9126337444,9126336708,0.715404,0.9197851,-10.255656
9126346132,9126345184,0.82751906,0.8819164,-10.378813
9126355586,9126352870,0.7850841,0.7344588,-10.286938
9126364978,9126359662,0.61424553,0.51771224,-10.017738
9126369200,9126368446,0.4709216,0.31644776,-9.709063
9126376626,9126375899,0.40885752,0.15731272,-9.481991
9126385016,9126383198,0.32755536,-0.0118798725,-9.3813095
9126395408,9126390994,0.18797295,-0.18993056,-9.414448
9126401612,9126400485,0.070247725,-0.3262946,-9.575641
9126408032,9126407274,0.03558248,-0.42658398,-9.791388
9126416419,9126415479,0.085979894,-0.4933758,-9.9524555
9126435215,9126430069,0.14775205,-0.51966697,-10.008524
9126438428,9126430587,0.1607383,-0.5672301,-9.990488
9126443687,9126439859,0.16530752,-0.5972898,-9.9488735
9126447920,9126446996,0.22055104,-0.56491816,-9.885651
9126455300,9126453650,0.29889286,-0.5691271,-9.794256
9126465726,9126461510,0.30776677,-0.61095184,-9.713589
9126471953,9126470830,0.24558058,-0.6376489,-9.678624
9126478346,9126477626,0.19939926,-0.66975105,-9.667557
9126486792,9126486067,0.2035516,-0.69818956,-9.66202
9126495247,9126492513,0.22007407,-0.7173275,-9.654107
9126505945,9126500379,0.22247238,-0.7556464,-9.624775
9126511406,9126510093,0.21921508,-0.79840064,-9.560568
9126517870,9126517123,0.21050106,-0.861181,-9.464865
9126526585,9126525575,0.18918906,-0.9687511,-9.383739
9126536151,9126532317,0.17409854,-1.0566173,-9.35248
9126545810,9126539579,0.19623837,-1.1124287,-9.372186
9126548968,9126548235,0.21562414,-1.1613232,-9.47703
9126556413,9126555684,0.17975399,-1.221934,-9.706994
9126565848,9126563117,0.11567863,-1.3472979,-10.009669
9126576350,9126570824,0.029453047,-1.5220039,-10.238724
9126581573,9126579538,-0.09699406,-1.6520619,-10.28547
9126587967,9126587243,-0.19772221,-1.7107975,-10.163697
9126596389,9126595464,-0.21799244,-1.7242949,-9.933676
9126605774,9126603050,-0.20329304,-1.7159688,-9.666121
9126616274,9126610059,-0.16916299,-1.7536026,-9.450252
9126619414,9126618681,-0.11060837,-1.829499,-9.327919
9126626823,9126626105,-0.059707116,-1.8553165,-9.2885895
9126635176,9126633361,-0.028421003,-1.8400973,-9.305296
9126645699,9126641253,-0.054092135,-1.8688779,-9.344786
9126651885,9126650723,-0.15358527,-1.9660081,-9.404917
9126658207,9126657490,-0.26809752,-2.0924215,-9.45402
9126666666,9126665724,-0.35196227,-2.2040243,-9.46975
9126685368,9126680431,-0.37967697,-2.2337081,-9.513691
9126688536,9126680814,-0.3128812,-2.1225393,-9.625899
9126691768,9126689493,-0.16536193,-1.9127555,-9.771283
9126697534,9126696611,-0.036825906,-1.7544701,-9.871356
9126706493,9126705546,0.0051348233,-1.7190781,-9.911751
9126715830,9126711409,-0.025482548,-1.713233,-9.900108
9126722030,9126720002,-0.11477889,-1.7249806,-9.801876
9126728403,9126727685,-0.22053698,-1.8115808,-9.662922
9126736802,9126735880,-0.28287944,-1.9131471,-9.571388
9126746255,9126743519,-0.29334792,-1.9753494,-9.562271
9126755620,9126750702,-0.27612925,-2.0156693,-9.644325
9126760801,9126759870,-0.25827345,-2.0525858,-9.784554
9126768212,9126767474,-0.25228617,-2.0857353,-9.881121
9126776636,9126775693,-0.26875505,-2.1267483,-9.8605995
9126786319,9126781872,-0.29353264,-2.1894698,-9.771319
9126793596,9126789961,-0.30137414,-2.2255602,-9.696538
9126798817,9126798096,-0.3052824,-2.2269452,-9.654024
9126807337,9126806575,-0.33219442,-2.2627482,-9.6297655
9126816375,9126813817,-0.36955547,-2.344491,-9.632668
9126826081,9126821165,-0.38380146,-2.4063065,-9.648401
9126832317,9126830290,-0.35161734,-2.4017215,-9.651197
9126838683,9126837765,-0.274769,-2.3489933,-9.678999
9126847135,9126846196,-0.21374524,-2.2866564,-9.731819
9126855533,9126852817,-0.21190265,-2.2519658,-9.7326565
9126866106,9126860280,-0.24294311,-2.2642207,-9.642111
9126869248,9126868527,-0.2961294,-2.291994,-9.519177
9126877818,9126877093,-0.3617113,-2.314515,-9.46884
9126886176,9126883858,-0.39040002,-2.3413641,-9.533288
9126896580,9126891666,-0.36888146,-2.3271275,-9.679174
9126901797,9126899754,-0.31166908,-2.257089,-9.826891
9126908150,9126907435,-0.2303263,-2.172594,-9.892254
9126916635,9126915884,-0.14460783,-2.0744505,-9.864854
9126925993,9126923267,-0.069587514,-1.9697402,-9.807175
9126936379,9126930763,-0.011111844,-1.8948889,-9.744249
9126939529,9126938804,0.011998505,-1.8745905,-9.648682
9126948335,9126947569,-0.056703698,-1.9195704,-9.528155
9126956116,9126954065,-0.23069933,-2.0071685,-9.428799
9126966524,9126961976,-0.42602077,-2.0689416,-9.425356
9126972726,9126971570,-0.5349308,-2.062613,-9.560867
9126979143,9126978384,-0.5166043,-2.0224288,-9.7601795
9126986539,9126985807,-0.4472128,-1.9686277,-9.923347
9126995918,9126993200,-0.4189608,-1.8498387,-10.057982
9127006412,9127001084,-0.4056784,-1.7097222,-10.175688
9127010574,9127009853,-0.40940112,-1.6397105,-10.23964
9127017973,9127017253,-0.454914,-1.5701865,-10.248451
9127026335,9127024321,-0.48863143,-1.3910804,-10.188274
9127036130,9127032277,-0.51258534,-1.1539376,-10.060343
9127042985,9127041833,-0.5386016,-1.0255957,-9.923548
9127049523,9127048786,-0.53891563,-1.0349121,-9.836533
9127057114,9127056390,-0.5059732,-1.0587797,-9.791516
9127066876,9127064114,-0.4868884,-1.0464225,-9.734866
9127076715,9127071393,-0.50408775,-1.0404305,-9.686236
9127081885,9127080663,-0.56538045,-1.0417213,-9.7574005
9127088265,9127087544,-0.6260469,-1.001032,-9.963268
9127097694,9127095846,-0.547418,-0.8626739,-10.157772
9127106026,9127103307,-0.35898945,-0.61221963,-10.236545
9127117270,9127110791,-0.12208024,-0.2928577,-10.193853
9127119773,9127119033,0.16591206,0.050323673,-10.076312
9127127149,9127126434,0.40312597,0.3365797,-9.926914
9127136537,9127133819,0.49177545,0.52079284,-9.757843
9127156312,9127150976,0.42121172,0.60910404,-9.5352
9127159459,9127157245,0.30367452,0.6103226,-9.266969
9127166951,9127166195,0.2775431,0.5736953,-9.086893
9127176340,9127173617,0.32986593,0.54680645,-9.046292
9127186718,9127180893,0.39184445,0.5848307,-9.12319
9127189847,9127189127,0.44147748,0.65906453,-9.320446
9127198326,9127197592,0.4172571,0.6142153,-9.570978
9127206808,9127204250,0.23729715,0.42692536,-9.768999
9127218596,9127212715,-0.015021168,0.2340053,-9.880653
9127223090,9127221930,-0.15964527,0.11356448,-9.940645
9127229538,9127228748,-0.17847471,0.07364202,-9.981094
9127236893,9127236131,-0.13525823,0.12374696,-10.027744
9127247315,9127243967,-0.028277505,0.26385996,-10.087774
9127256722,9127251171,0.12618168,0.4361687,-10.118522
9127260870,9127260126,0.24797511,0.554762,-10.08234
9127268266,9127267535,0.29412895,0.62432295,-9.982211
9127276626,9127274796,0.31505308,0.7316669,-9.836228
9127287040,9127282514,0.37966365,0.9170925,-9.695759
9127293222,9127292098,0.4891974,1.1144158,-9.612376
9127299590,9127298871,0.58413637,1.2436445,-9.564515
9127307988,9127307265,0.62784576,1.3181914,-9.500782
9127316384,9127313833,0.6389084,1.3675468,-9.437545
9127327843,9127322705,0.6122521,1.3680869,-9.428419
9127332037,9127330897,0.5367703,1.3325062,-9.46933
9127338367,9127337653,0.47426623,1.3137065,-9.518118
9127356154,9127351228,0.45704374,1.3243035,-9.547223
9127359369,9127353555,0.43777028,1.3568652,-9.541919
9127367233,9127360793,0.4109673,1.4151993,-9.506894
9127369747,9127369016,0.43174782,1.5089828,-9.473558
9127378553,9127377783,0.5155266,1.645359,-9.474825
9127386853,9127384136,0.63499475,1.8023558,-9.471811
9127397232,9127392119,0.74934477,1.9413959,-9.4319515
9127402442,9127400381,0.8296831,2.0741947,-9.416602
9127408793,9127408063,0.87112373,2.2014124,-9.412302
9127418190,9127416367,0.85598856,2.2734773,-9.366124
9127426573,9127423858,0.82447845,2.310741,-9.311885
9127437022,9127431178,0.8147081,2.36538,-9.252756
9127440160,9127439419,0.7839828,2.4144487,-9.17322
9127448743,9127447907,0.732879,2.4191484,-9.152864
9127457071,9127454753,0.69668317,2.3913329,-9.252276
9127468591,9127462969,0.69395626,2.3658326,-9.395004
9127472833,9127470792,0.72051376,2.3733776,-9.506983
9127479248,9127478472,0.75187993,2.4059575,-9.589785
9127487607,9127486690,0.7937379,2.4513268,-9.652607
9127496974,9127494259,0.8504998,2.5226026,-9.707574
9127507387,9127501578,0.89978385,2.6018193,-9.74379
9127510567,9127509844,0.91835606,2.663441,-9.738441
9127519288,9127518511,0.9060334,2.6933818,-9.6509075
9127526998,9127524946,0.8938684,2.7082736,-9.471208
9127537558,9127532834,0.88785464,2.7400231,-9.304505
9127542866,9127541714,0.8962152,2.7761655,-9.232245
9127550335,9127549554,0.9326037,2.809994,-9.220761
9127557687,9127556739,0.95706713,2.8292117,-9.222708
9127567047,9127564096,0.9471565,2.8047698,-9.235056
9127577513,9127571938,0.913702,2.7558975,-9.247576
9127581624,9127580696,0.8622236,2.718926,-9.248246
9127589057,9127588339,0.79802537,2.6879785,-9.225043
9127597486,9127595433,0.7209148,2.6558251,-9.122036
9127607124,9127603276,0.70668465,2.670764,-8.835669
9127613892,9127612729,0.80837935,2.754627,-8.357591
9127620369,9127619645,0.92310375,2.9170606,-7.904741
9127628140,9127627367,0.9987962,3.1705709,-7.7052774
9127637874,9127634955,1.0942127,3.3816912,-7.811804
9127647327,9127642212,1.1574285,3.4164302,-8.1598425
9127652639,9127651487,1.0731887,3.3077374,-8.638279
9127659978,9127659259,0.8891779,3.139358,-9.147704
9127668406,9127667479,0.70932984,2.9945097,-9.648844
9127677834,9127675119,0.56179893,2.947426,-10.126252
9127695552,9127690829,0.41897386,2.965231,-10.512197
9127698712,9127697099,0.29888546,2.9476645,-10.632648
9127707109,9127704857,0.2644433,2.9568977,-10.377558
9127717749,9127712632,0.26696306,3.0871146,-9.925171
9127722926,9127720906,0.2740818,3.2288997,-9.507778
9127730322,9127729607,0.31660965,3.3241563,-9.182362
9127737722,9127737005,0.40472642,3.5086522,-8.933602
9127747323,9127744408,0.5700507,3.818111,-8.78545
9127757975,9127751955,0.8019179,4.1095834,-8.78731
9127761103,9127760390,0.9887578,4.2798634,-8.900997
9127769520,9127768783,1.0102394,4.302685,-9.033876
9127777891,9127775176,0.868333,4.1923046,-9.133873
9127788330,9127783216,0.6483867,3.9497283,-9.195543
9127793643,9127792465,0.4179653,3.6408253,-9.265417
9127800038,9127799286,0.24873236,3.4356592,-9.344215
9127808402,9127807483,0.18764284,3.3560727,-9.353535
9127817780,9127815066,0.20838659,3.324982,-9.3119335
9127828217,9127822375,0.2647714,3.3201787,-9.305222
9127831340,9127830622,0.32551998,3.3114257,-9.310531
9127839716,9127838999,0.37283954,3.2768764,-9.291378
9127848125,9127847208,0.40392798,3.2385378,-9.287646
9127857535,9127853519,0.41438892,3.2247772,-9.311565
9127863748,9127862610,0.4168629,3.2358842,-9.326771
9127871176,9127870439,0.4423952,3.266926,-9.323795
9127878719,9127877968,0.5011258,3.3533747,-9.319689
9127888156,9127885438,0.54716456,3.4579315,-9.270365
9127897556,9127892638,0.48177004,3.4502425,-9.097039
9127903768,9127902637,0.3113441,3.3334236,-8.853211
9127910134,9127909211,0.16499996,3.213225,-8.688156
9127918529,9127917610,0.1315588,3.118775,-8.676628
9127927920,9127923869,0.18715364,3.0912201,-8.794339
9127938420,9127931679,0.24307516,3.1584742,-8.925129
9127940650,9127939894,0.26921842,3.2150683,-8.954765
9127949047,9127948326,0.28384387,3.219367,-8.915058
9127957406,9127955190,0.29632172,3.2377872,-8.913101
9127967943,9127962995,0.3105053,3.2816558,-8.999174
9127974111,9127972089,0.28907132,3.3345857,-9.148787
9127980498,9127979579,0.15695316,3.334632,-9.27215
9127988952,9127988010,-0.06753896,3.2130733,-9.272997
9127998316,9127995586,-0.24419948,3.0282874,-9.181137
9128007734,9128002118,-0.28680566,2.9394383,-9.137407
9128011918,9128011189,-0.17748864,3.0704236,-9.197372
9128019326,9128018608,0.02718379,3.3418045,-9.254009
9128027676,9128025461,0.17580774,3.5674481,-9.231674
9128038092,9128033578,0.2312926,3.692141,-9.218477
9128044343,9128043206,0.23537369,3.7326326,-9.299861
9128050835,9128049904,0.1708095,3.6470425,-9.452766
9128058210,9128057489,0.055476412,3.4682407,-9.6387415
9128067597,9128064680,-0.041029245,3.3107111,-9.856205
9128078059,9128072544,-0.09745326,3.1996417,-10.071469
9128082242,9128081513,-0.16482085,3.1065588,-10.151242
9128089626,9128089097,-0.2898524,2.9873497,-9.988475
9128098009,9128095991,-0.45692897,2.8256335,-9.667273
9128108570,9128103945,-0.55750346,2.6978168,-9.351364
9128113673,9128112516,-0.4945863,2.7018008,-9.142405
9128121022,9128120304,-0.2723199,2.8647962,-9.0577
9128128427,9128127704,0.014220722,3.096152,-9.042762
9128137935,9128135214,0.21896783,3.2605844,-9.0293
9128148401,9128142781,0.29672885,3.3137019,-8.954575
9128152533,9128151615,0.3006214,3.3068476,-8.836462
9128159943,9128159223,0.30105728,3.2830284,-8.801141
9128169151,9128166584,0.32744342,3.2537427,-8.896085
9128178721,9128174293,0.3035093,3.2259216,-9.0327425
9128187126,9128183019,0.14969806,3.1353145,-9.112456
9128191368,9128190613,-0.08463406,2.93791,-9.109194
9128198698,9128197975,-0.24471617,2.757931,-9.114839
9128208133,9128205580,-0.20571113,2.759125,-9.217743
9128219119,9128213261,0.008570127,2.9443622,-9.382553
9128224269,9128222445,0.23417708,3.146769,-9.515238
9128230639,9128229717,0.33334434,3.2348456,-9.542923
9128239113,9128238153,0.3288916,3.2328396,-9.4734535
9128248567,9128245643,0.31085116,3.2171016,-9.397136
9128258957,9128252345,0.3161008,3.2222588,-9.387104
9128262092,9128261370,0.334245,3.2399855,-9.430175
9128269525,9128268577,0.35019052,3.2416732,-9.459336
9128277894,9128275876,0.34934032,3.1961718,-9.445997
9128288345,9128283827,0.29027796,3.0904417,-9.429889
9128294536,9128292511,0.16311157,2.978495,-9.481129
9128301068,9128300118,0.08523067,2.8982308,-9.639183
9128309524,9128308591,0.116751835,2.8158722,-9.838232
9128317907,9128315187,0.16983959,2.7134383,-9.968262
9128328292,9128322773,0.20760715,2.6503654,-10.013677
9128332516,9128331790,0.23224635,2.7003236,-10.037716
9128339918,9128339190,0.24343935,2.7599065,-10.023217
9128349430,9128346697,0.2052224,2.6688936,-9.897284
9128358837,9128354094,0.08538796,2.450418,-9.694479
9128364993,9128363870,-0.007868027,2.2539265,-9.530127
9128371381,9128370658,0.03504324,2.1583304,-9.433116
9128378929,9128378147,0.1543197,2.1361694,-9.350264
9128388393,9128385471,0.25448826,2.1703014,-9.277776
9128398777,9128393162,0.35268512,2.2282133,-9.23246
9128402934,9128402214,0.47526413,2.2598324,-9.197339
9128410369,9128409652,0.5676423,2.2621179,-9.148894
9128428107,9128423152,0.56676084,2.2071612,-9.098723
9128431290,9128424835,0.48007786,2.0445125,-9.059682
9128434414,9128433293,0.3773048,1.8150388,-9.031615
9128441870,9128441100,0.30143797,1.6216841,-9.054459
9128449207,9128448490,0.2657276,1.5071554,-9.1531725
9128458584,9128455867,0.28020582,1.4340619,-9.302293
9128469412,9128463884,0.30350846,1.3603109,-9.462564
9128474657,9128473501,0.29087424,1.2507716,-9.617638
9128480978,9128480050,0.23590535,1.1020033,-9.782056
9128489220,9128488296,0.15333267,0.9672775,-9.937696
9128499091,9128494832,0.08765006,0.8677782,-10.000967
9128508540,9128502866,0.06409966,0.79299736,-9.951771
9128511612,9128510896,0.0714634,0.7590037,-9.871172
9128520156,9128519370,0.08946158,0.7671465,-9.798668
9128528705,9128526111,0.09080187,0.76008487,-9.715768
9128540405,9128534766,0.07504994,0.71640635,-9.597769
9128545123,9128543078,0.06611588,0.6480098,-9.436258
9128551720,9128550963,0.06757179,0.56038964,-9.296653
9128559336,9128558367,0.076457866,0.5098262,-9.276422
9128568770,9128566040,0.098110884,0.4971887,-9.386385
9128579146,9128572935,0.12672359,0.47720248,-9.57385
9128582330,9128581568,0.14842989,0.44238472,-9.749815
9128589921,9128589183,0.1337944,0.38536727,-9.828098
9128598325,9128596264,0.051097155,0.30638507,-9.816728
9128608790,9128604304,-0.056498565,0.2351907,-9.792293
9128614886,9128613761,-0.099657826,0.21091548,-9.8309145
9128621242,9128620521,-0.052278597,0.24045949,-9.912203
9128629714,9128628931,0.038968034,0.29736072,-9.977617
9128639174,9128636243,0.10724978,0.34953505,-10.042274
9128648747,9128643429,0.1225526,0.36850542,-10.119654
9128652924,9128652169,0.0779943,0.34152102,-10.178926
9128660279,9128659362,-0.022168288,0.28592432,-10.155932
9128669739,9128667882,-0.1412837,0.1986696,-10.043685
9128679142,9128674692,-0.25981572,0.07698117,-9.960954
9128685273,9128684143,-0.3322995,-0.015764166,-10.036882
9128691913,9128691114,-0.32140172,-0.06412799,-10.249426
9128707437,9128703016,-0.2928848,-0.11178866,-10.445076
9128709538,9128706129,-0.24869744,-0.15220521,-10.5349045
9128718918,9128713801,-0.16337967,-0.16254893,-10.513729
9128724261,9128723076,-0.10961823,-0.14915685,-10.347145
9128730580,9128729858,-0.10961193,-0.15249154,-10.059164
9128739012,9128737194,-0.13325146,-0.19796698,-9.768884
9128749516,9128745034,-0.15873933,-0.26727983,-9.530709
9128756740,9128752909,-0.17324445,-0.3525869,-9.351812
9128762020,9128761304,-0.2057181,-0.4573722,-9.290034
9128770512,9128769746,-0.24914075,-0.570018,-9.370664
9128778823,9128776301,-0.2561912,-0.67258036,-9.519918
9128789232,9128784113,-0.24321179,-0.7438636,-9.646194
9128794431,9128792404,-0.2471843,-0.7988393,-9.718887
9128801805,9128801083,-0.27704614,-0.89244825,-9.747574
9128810425,9128808069,-0.33685768,-1.0364944,-9.757111
9128818722,9128815806,-0.42493472,-1.1939323,-9.761515
9128829163,9128823300,-0.5388977,-1.3160577,-9.771542
9128832275,9128831553,-0.60904956,-1.3894533,-9.851633
9128840749,9128840018,-0.59861207,-1.4491246,-10.010328
9128849394,9128846841,-0.5918911,-1.4805118,-10.147125
9128858762,9128854546,-0.57923615,-1.4469218,-10.204624
9128865007,9128863868,-0.48831084,-1.3604662,-10.190049
9128871401,9128870685,-0.37987545,-1.2279291,-10.112509
9128879897,9128878939,-0.3238231,-1.1107163,-9.975084
9128889328,9128886596,-0.28489614,-1.0954996,-9.82688
9128900022,9128893585,-0.25350067,-1.1493614,-9.778052
9128903125,9128902410,-0.2628429,-1.2096511,-9.857203
9128910559,9128909815,-0.31946024,-1.2857723,-9.986885
9128918882,9128917064,-0.3829528,-1.3971927,-10.101515
9128929275,9128924856,-0.42423692,-1.4974957,-10.173926
9128935496,9128933674,-0.43903786,-1.555161,-10.200594
9128941921,9128940983,-0.3984297,-1.6085416,-10.191795
9128958573,9128953650,-0.3557853,-1.6829858,-10.1607065
9128961751,9128957332,-0.37088412,-1.7967937,-10.120518
9128969122,9128963976,-0.4146812,-1.9339833,-10.069842
9128973301,9128972572,-0.4674726,-2.0669782,-9.979029
9128980758,9128980040,-0.5101508,-2.1874425,-9.835943
9128990245,9128988410,-0.51424026,-2.2712777,-9.664114
9128999994,9128995556,-0.46471485,-2.344848,-9.487197
9129005170,9129004038,-0.37289888,-2.4105482,-9.3557825
9129012583,9129011863,-0.27150932,-2.43568,-9.29925
9129019949,9129019234,-0.18253171,-2.462656,-9.282872
9129029411,9129026635,-0.13897654,-2.5247312,-9.291396
9129039733,9129034417,-0.15531753,-2.620041,-9.32667
9129044967,9129043834,-0.17813618,-2.7623804,-9.359478
9129051333,9129050607,-0.19921614,-2.926377,-9.346029
9129060730,9129058517,-0.26865205,-3.0511818,-9.278008
9129069183,9129066414,-0.3589656,-3.1245298,-9.212131
9129079581,9129073511,-0.40831938,-3.1759071,-9.195331
9129082771,9129082029,-0.419597,-3.2046685,-9.214477
9129091139,9129090412,-0.40548494,-3.192758,-9.230272
9129099502,9129096984,-0.34601268,-3.144755,-9.199074
9129109939,9129104623,-0.23461436,-3.0772872,-9.102295
9129115117,9129113077,-0.10296883,-3.0069063,-8.986078
9129122508,9129121756,-0.0058947727,-2.953726,-8.928771
9129129862,9129129129,0.027142726,-2.9305763,-8.968911
9129139224,9129136491,0.02845332,-2.9500194,-9.079302
9129149734,9129143917,0.02214105,-3.0116425,-9.176845
9129152829,9129152107,0.020988328,-3.0726743,-9.224011
9129161299,9129160560,0.056748927,-3.092822,-9.243953
9129170832,9129168303,0.06928628,-3.1205988,-9.236588
9129180211,9129175065,-0.031800885,-3.246203,-9.232015
9129185373,9129184254,-0.19446439,-3.4466,-9.254747
9129192775,9129192050,-0.33412534,-3.6272757,-9.258873
9129200153,9129199428,-0.4184072,-3.7237296,-9.244435
9129209592,9129206848,-0.39202696,-3.7345765,-9.241601
9129219968,9129214359,-0.27460915,-3.7057462,-9.272863
9129224136,9129223415,-0.15760043,-3.6648064,-9.337229
9129239787,9129235050,-0.0779351,-3.6347392,-9.371307
9129242986,9129238464,-0.037769716,-3.6154914,-9.354954
9129249417,9129245733,-0.024547001,-3.5966299,-9.30739
9129256346,9129255171,-0.022550246,-3.618567,-9.244008
9129262835,9129262108,-0.031683482,-3.6748278,-9.181774
9129270667,9129269949,-0.026262451,-3.700527,-9.122483
9129280188,9129277259,0.004557982,-3.708632,-9.114677
9129289605,9129284654,0.028722778,-3.7543461,-9.2053385
9129294761,9129293834,0.060963064,-3.8221467,-9.330516
9129302128,9129301404,0.09626182,-3.8588657,-9.410307
9129310525,9129309608,0.08226695,-3.8800611,-9.409069
9129319922,9129315890,0.0114930365,-3.9534724,-9.316504
9129328250,9129323790,-0.087365076,-4.0656667,-9.164494
9129333528,9129332780,-0.14484006,-4.1388426,-8.961515
9129340990,9129340254,-0.12809116,-4.150477,-8.741409
9129349417,9129347393,-0.07434565,-4.139346,-8.575976
9129359779,9129355065,-0.008307841,-4.142785,-8.472796
9129365982,9129364159,0.04735445,-4.186458,-8.419384
9129372407,9129371475,0.037516996,-4.282494,-8.411576
9129380803,9129380080,-0.064646184,-4.408268,-8.430857
9129390160,9129387443,-0.17592937,-4.52068,-8.445095
9129400573,9129394160,-0.20200115,-4.5697813,-8.443796
9129403729,9129403002,-0.15858358,-4.557959,-8.430054
9129411153,9129410436,-0.09862823,-4.5412245,-8.416212
9129421860,9129417786,-0.033516258,-4.547957,-8.436699
9129430506,9129425357,0.02234308,-4.566089,-8.511468
9129435633,9129433813,0.03330587,-4.5959864,-8.674586
9129443135,9129442385,-0.017525904,-4.6256046,-8.94261
9129451549,9129450608,-0.118555404,-4.6310883,-9.229576
9129459931,9129457217,-0.22248435,-4.6252747,-9.419509
9129470411,9129464578,-0.29671508,-4.6021433,-9.476355
9129473589,9129472848,-0.37320173,-4.5585628,-9.434277
9129482021,9129481295,-0.41969305,-4.493709,-9.371924
9129490412,9129488080,-0.3491191,-4.359687,-9.342046
9129500783,9129495865,-0.18425229,-4.16385,-9.327505
9129506082,9129504922,-0.012624245,-4.0116115,-9.329613
9129512556,9129511807,0.10152881,-3.959734,-9.3525715
9129521109,9129520162,0.14284423,-3.965342,-9.365609
9129531199,9129528400,0.1359744,-4.010792,-9.334344
9129540342,9129535001,0.07300448,-4.113814,-9.216934
9129544690,9129543916,-0.038753893,-4.25309,-9.024345
9129552281,9129551554,-0.13430583,-4.388281,-8.839891
9129560592,9129558375,-0.1777147,-4.502305,-8.719055
9129570707,9129566297,-0.18862586,-4.5848126,-8.634236
9129576550,9129575409,-0.18971585,-4.6109934,-8.515386
9129582930,9129582212,-0.17445937,-4.58685,-8.335998
9129591140,9129590206,-0.16564164,-4.5311155,-8.144681
9129599920,9129597682,-0.2160631,-4.4511595,-8.031582
9129610326,9129605412,-0.29462594,-4.406603,-8.086785
9129615504,9129614383,-0.25534227,-4.4133987,-8.289562
9129622898,9129622164,-0.2983601,-4.318449,-8.575862
9129631336,9129630415,-0.56169003,-4.1925125,-8.928897
9129640733,9129638015,-0.62747085,-4.1971445,-9.244883
9129658408,9129653879,-0.4658369,-4.0379767,-9.34576
9129662653,9129661011,-0.3254918,-3.64435,-9.196557
9129670776,9129668042,-0.25585318,-3.315521,-8.999265
9129680635,9129676205,-0.27738792,-3.1062133,-8.909144
9129685938,9129683910,-0.3211743,-2.9655569,-8.902423
9129693389,9129692667,-0.33090678,-2.83672,-8.96649
9129700826,9129700102,-0.30404258,-2.6968622,-9.094624
9129710310,9129707539,-0.25008336,-2.565402,-9.240816
9129720690,9129714841,-0.21918897,-2.4037008,-9.408566
9129723800,9129723087,-0.21702728,-2.2297099,-9.621528
9129732262,9129731536,-0.19370237,-2.1345544,-9.848374
9129740689,9129738331,-0.19067106,-2.1369386,-10.014048
9129751108,9129746159,-0.29238877,-2.168186,-10.057788
9129756413,9129755246,-0.439975,-2.2078695,-10.025082
9129762757,9129762031,-0.5339708,-2.257228,-9.983484
9129771176,9129770258,-0.57086957,-2.2496688,-9.932886
9129780611,9129777690,-0.56049275,-2.169553,-9.882531
9129791011,9129785197,-0.5453985,-2.0682003,-9.894091
9129794144,9129793424,-0.53008735,-1.9842832,-9.985013
9129802566,9129801839,-0.4743536,-1.9492788,-10.046531
9129810996,9129808667,-0.44828045,-1.938267,-10.009432
9129820390,9129816567,-0.48266774,-1.942795,-9.911814
9129826573,9129825447,-0.547699,-1.9596013,-9.832689
9129833961,9129833246,-0.6478268,-1.9470513,-9.8090925
9129841896,9129841122,-0.713601,-1.9209496,-9.762231
9129850241,9129847712,-0.7134774,-1.8560853,-9.622833
9129860717,9129855566,-0.72395587,-1.7040722,-9.4448395
9129865847,9129864731,-0.7319055,-1.5603273,-9.347782
9129880502,9129876059,-0.68148434,-1.5446466,-9.3547535
9129883661,9129879647,-0.63789594,-1.5881692,-9.4190235
9129890000,9129887266,-0.6538669,-1.597993,-9.50559
9129901412,9129894798,-0.7199874,-1.6067214,-9.5763235
9129904564,9129903843,-0.81852937,-1.6553102,-9.620732
9129911969,9129911243,-0.90448976,-1.7582443,-9.665072
9129920343,9129918126,-0.97581875,-1.8408146,-9.72407
9129930823,9129926107,-1.0408189,-1.8206241,-9.745022
9129936994,9129934974,-1.0591347,-1.6852238,-9.717639
9129943387,9129942463,-1.0234096,-1.4742469,-9.669761
9129952597,9129950045,-0.98654807,-1.3136405,-9.607261
9129960722,9129958009,-0.97960573,-1.249692,-9.587422
9129971118,9129965107,-0.9857652,-1.212363,-9.636687
9129974300,9129973546,-0.9821979,-1.169794,-9.72576
9129982729,9129981964,-0.9877028,-1.1630092,-9.825623
9129991088,9129988535,-1.064463,-1.2320197,-9.912041
9130002525,9129996908,-1.2132993,-1.3136547,-9.978521
9130006764,9130004911,-1.3544936,-1.3483115,-10.024344
9130013326,9130012588,-1.4471096,-1.394495,-10.0485325
9130021734,9130020782,-1.5197496,-1.479028,-10.063128
9130031121,9130028385,-1.5702718,-1.5252182,-10.082127
9130041519,9130035661,-1.5443121,-1.468113,-10.073299
9130044616,9130043898,-1.4613019,-1.3258774,-9.997321
9130053021,9130052293,-1.3904685,-1.1409833,-9.858112
9130061489,9130059136,-1.3321301,-0.9654908,-9.665153
9130071843,9130066919,-1.2734835,-0.86849767,-9.464366
9130077288,9130076100,-1.2410269,-0.86376977,-9.369348
9130083650,9130082932,-1.2536719,-0.91419834,-9.42986
9130092094,9130091141,-1.3095369,-0.9991517,-9.573962
9130101586,9130098864,-1.4270611,-1.1015115,-9.721104
9130110982,9130105862,-1.6007422,-1.2138647,-9.822876
9130115129,9130114208,-1.7576088,-1.3374186,-9.880295
9130123558,9130122836,-1.8268398,-1.39832,-9.932151
9130132046,9130131082,-1.7746327,-1.3365233,-9.991976
9130142253,9130137814,-1.6297836,-1.1775196,-10.032835
9130147628,9130146508,-1.4862881,-0.9767834,-9.988118
9130154079,9130153301,-1.4139562,-0.8274985,-9.844767
9130162518,9130161742,-1.3937209,-0.7776227,-9.672855
9130170802,9130168496,-1.3899434,-0.7830056,-9.554264
9130181335,9130176207,-1.3993353,-0.79893446,-9.55903
9130186533,9130184672,-1.4148734,-0.81382203,-9.689064
9130193892,9130193165,-1.4297116,-0.8416318,-9.872066
9130202331,9130201369,-1.4575826,-0.89993995,-10.024763
9130211705,9130208787,-1.543624,-0.97394395,-10.116508
9130221106,9130215488,-1.6771035,-1.0576866,-10.152391
9130224263,9130223540,-1.8137145,-1.1607099,-10.090294
9130232906,9130232150,-1.9424648,-1.2648444,-9.934218
9130241720,9130238742,-1.9998721,-1.3245425,-9.8026905
9130252098,9130246737,-1.9302576,-1.2880056,-9.781683
9130257215,9130255198,-1.7849364,-1.1471193,-9.840871
9130263752,9130262988,-1.6223938,-0.96521163,-9.913509
9130272147,9130271416,-1.4777155,-0.81692415,-9.954956
9130281565,9130278848,-1.4218159,-0.7368876,-9.889988
9130291972,9130285727,-1.4795202,-0.7376856,-9.707393
9130295126,9130294371,-1.5745105,-0.8015831,-9.553394
9130302555,9130301833,-1.6138134,-0.86053187,-9.5618925
9130312042,9130310194,-1.5886898,-0.85794616,-9.689636
9130321417,9130317002,-1.5496981,-0.8188048,-9.78421
9130327685,9130325625,-1.5199764,-0.785109,-9.775638
9130334111,9130333384,-1.5295745,-0.76572615,-9.650263
9130342530,9130341609,-1.6136515,-0.7751968,-9.434441
9130351341,9130348418,-1.7017232,-0.80058944,-9.277131
9130361733,9130356217,-1.6792481,-0.78203243,-9.282931
9130365888,9130365159,-1.5624475,-0.70522195,-9.439002
9130373297,9130372568,-1.4583467,-0.63470745,-9.69799
9130381674,9130379629,-1.4145719,-0.61725736,-9.975824
9130392104,9130387566,-1.4051063,-0.60575116,-10.188118
9130397254,9130396128,-1.4042916,-0.5715959,-10.328227
9130404723,9130403938,-1.4271524,-0.5899394,-10.409978
9130412088,9130411337,-1.4938862,-0.66185933,-10.395351
9130421486,9130418933,-1.576386,-0.71748304,-10.290436
9130431945,9130426610,-1.6115685,-0.7762529,-10.142987
9130437237,9130435967,-1.5809262,-0.8248379,-10.011185
9130443640,9130442920,-1.4864187,-0.80742294,-9.975557
9130452084,9130451127,-1.2903602,-0.6911797,-10.060796
9130461441,9130458518,-0.9712622,-0.4540907,-10.256391
9130471917,9130465690,-0.560307,-0.12640908,-10.567529
9130475101,9130474336,-0.16602454,0.27007848,-10.90435
9130482519,9130481736,-0.014855323,0.6749536,-11.073912
9130501179,9130496243,-0.22321117,0.79751825,-10.890898
9130504445,9130497474,-0.6561215,0.3542908,-10.393199
9130507700,9130506219,-1.2052156,-0.36662418,-9.902272
9130514398,9130513634,-1.6843064,-0.9102464,-9.582089
9130523147,9130522155,-1.8250736,-1.1838214,-9.420357
9130532755,9130529805,-1.6628633,-1.2258549,-9.462905
9130542330,9130536067,-1.3707063,-1.1349926,-9.668341
9130545527,9130544742,-1.050851,-0.9608346,-9.9391575
9130553206,9130552474,-0.7696308,-0.76368994,-10.189966
9130561659,9130559591,-0.5401349,-0.6616484,-10.324877
9130573126,9130567807,-0.38178185,-0.562619,-10.327757
9130578348,9130577218,-0.28729856,-0.41182047,-10.22613
9130584717,9130583790,-0.21739428,-0.3787108,-10.042927
9130592157,9130591411,-0.16049294,-0.46356156,-9.875167
9130601531,9130598811,-0.045751452,-0.46116462,-9.786282
9130612243,9130606427,0.17566592,-0.2853265,-9.746422
9130616423,9130615665,0.4103553,-0.078819424,-9.726029
9130623760,9130622842,0.5600559,-0.023317665,-9.699887
9130632192,9130629946,0.6040386,-0.08623684,-9.640345
9130643654,9130638736,0.57071626,-0.16131085,-9.55582
9130647803,9130645778,0.5304159,-0.2444014,-9.483551
9130655282,9130654536,0.5019404,-0.3272433,-9.4265
9130662679,9130661930,0.462915,-0.40935373,-9.382591
9130681727,9130676573,0.4622023,-0.47647706,-9.36105
9130684904,9130677349,0.5378752,-0.47118217,-9.365599
9130689890,9130686257,0.6542418,-0.43731788,-9.386122
9130694105,9130693387,0.7425547,-0.43400568,-9.3873205
9130702647,9130701679,0.7556708,-0.44727686,-9.346711
9130713135,9130708416,0.76342213,-0.4981228,-9.282272
9130720430,9130715908,0.8319,-0.54444814,-9.23977
9130725712,9130724965,0.9300959,-0.5081938,-9.265961
9130733125,9130732413,1.0511253,-0.4187292,-9.37674
9130742528,9130739611,1.1709927,-0.3352547,-9.554174
9130751916,9130747189,1.2575493,-0.2897024,-9.747625
9130758120,9130756090,1.3323326,-0.24153775,-9.863389
9130764463,9130763745,1.3842306,-0.13091001,-9.837347
9130773135,9130772190,1.3787051,-0.039323166,-9.676558
9130782570,9130779844,1.3197613,-0.080153406,-9.47872
9130791962,9130786347,1.2566805,-0.15761478,-9.397588
9130796222,9130795420,1.3068289,-0.13975036,-9.4797125
9130803532,9130802813,1.4787247,-0.053910665,-9.643636
9130811960,9130809722,1.6208508,0.051446326,-9.789885
9130823380,9130818263,1.6534175,0.1207322,-9.84986
9130828559,9130826538,1.5984344,0.120205045,-9.831979
9130834922,9130834208,1.51504,0.05254706,-9.781662
9130843352,9130842426,1.4222348,-0.07593279,-9.722164
9130851706,9130848990,1.3046092,-0.21574697,-9.703194
9130862205,9130856690,1.2049034,-0.3394464,-9.748038
9130866395,9130865644,1.2031341,-0.3948429,-9.835309
9130873803,9130873062,1.3248259,-0.3180027,-9.919601
9130882145,9130880125,1.5248574,-0.15776479,-9.965869
9130892610,9130888093,1.7701249,0.0056917258,-9.997047
9130898796,9130897672,2.0345635,0.18271035,-9.9844475
9130905159,9130904244,2.2668679,0.40236568,-9.870605
9130913557,9130912643,2.3738537,0.5910546,-9.679287
9130921926,9130919407,2.292619,0.62205446,-9.472281
9130932344,9130927228,2.0800524,0.43999738,-9.297675
9130936488,9130935773,1.8407817,0.1428671,-9.200908
9130944283,9130943545,1.670382,-0.09819488,-9.188231
9130952740,9130950437,1.5971713,-0.22702275,-9.222442
9130963094,9130958347,1.6220324,-0.26612553,-9.269867
9130968243,9130967127,1.7358655,-0.2215366,-9.291908
9130975976,9130975258,1.8746468,-0.124302685,-9.2858095
9130983371,9130982653,1.9936571,-0.02765121,-9.290098
9130992753,9130990039,2.0833716,0.05186633,-9.311895
9131003172,9130997562,2.1864824,0.13040209,-9.352522
9131008456,9131007313,2.332222,0.2203267,-9.410921
9131015119,9131014175,2.4335208,0.30356082,-9.45153
9131023848,9131022005,2.3815577,0.29854065,-9.431147
9131032245,9131028798,2.202695,0.18514034,-9.335619
9131042731,9131036673,2.052762,0.07918656,-9.186533
9131045819,9131045092,2.0479913,0.069366924,-9.002592
9131053282,9131052557,2.1219099,0.120622255,-8.894303
9131062675,9131059927,2.16127,0.14334083,-8.979067
9131073051,9131067930,2.147667,0.11706561,-9.176277
9131078214,9131076396,2.0975575,0.06802192,-9.328941
9131085631,9131084901,2.0371852,-0.004185831,-9.386027
9131093038,9131092289,1.974607,-0.08289452,-9.395744
9131102455,9131099696,1.9206125,-0.15138522,-9.395195
9131112970,9131106946,1.8753664,-0.21013534,-9.392406
9131116122,9131115608,1.8291836,-0.25575054,-9.3931
9131124582,9131123855,1.7948323,-0.27343768,-9.39369
9131132955,9131130443,1.7765883,-0.24670516,-9.384609
9131143472,9131138151,1.772838,-0.20416215,-9.327902
9131148696,9131147533,1.7271641,-0.18130979,-9.222711
9131155089,9131154317,1.6031744,-0.17832202,-9.145917
9131163445,9131162524,1.5020905,-0.14778084,-9.153135
9131172833,9131170113,1.5083424,-0.07490547,-9.265144
9131183211,9131177394,1.5610936,-0.04828601,-9.436034
9131186370,9131185649,1.5399946,-0.07067545,-9.590122
9131194243,9131193493,1.424614,-0.09922595,-9.721378
9131202858,9131200809,1.2934746,-0.16201217,-9.851237
9131213301,9131208786,1.2028582,-0.22943437,-9.977861
9131219473,9131218353,1.1493562,-0.26310468,-10.04496
9131225839,9131224914,1.0813832,-0.2626008,-10.021511
9131234170,9131233427,0.9834664,-0.21469407,-9.965111
9131243028,9131240289,0.9249271,-0.16584906,-9.920775
9131253572,9131247760,0.95485795,-0.17421457,-9.8940325
9131257724,9131256608,1.0043215,-0.177607,-9.897897
9131265112,9131264385,1.0048839,-0.12120478,-9.933302
9131272912,9131271916,0.97426206,-0.06332781,-9.968956
9131283299,9131279054,0.94197047,-0.064045236,-9.958916
9131291616,9131286864,0.9156138,-0.10130412,-9.89994
9131295815,9131295092,0.88260037,-0.1272351,-9.8408165
9131304270,9131303485,0.8475729,-0.13231026,-9.801308
9131321888,9131317467,0.814129,-0.13703308,-9.776753
9131325051,9131318635,0.76634586,-0.18586905,-9.742906
9131328209,9131327068,0.6948688,-0.30233324,-9.674925
9131334878,9131334159,0.58904094,-0.42876732,-9.592529
9131344233,9131342775,0.46884295,-0.49007955,-9.484865
9131352574,9131349855,0.37886176,-0.4981931,-9.3468895
9131362934,9131357318,0.32993007,-0.47441489,-9.237051
9131367120,9131366379,0.30373204,-0.42048007,-9.203981
9131374527,9131373811,0.2878729,-0.3961547,-9.286748
9131382884,9131380665,0.30365053,-0.42977136,-9.492588
9131393276,9131388566,0.36416966,-0.43895206,-9.745356
9131399465,9131397642,0.4327895,-0.3576485,-9.974359
9131405830,9131405110,0.46703243,-0.2254712,-10.171557
9131413519,9131412602,0.47421956,-0.13796592,-10.327067
9131423117,9131420387,0.47708297,-0.14195356,-10.382561
9131433519,9131427668,0.4215207,-0.15717039,-10.321195
9131436688,9131435904,0.28071234,-0.15158944,-10.224099
9131445276,9131444525,0.1440811,-0.17582077,-10.184483
9131453732,9131452779,0.12747563,-0.17323573,-10.244963
9131463101,9131459047,0.24636674,-0.07124855,-10.369295
9131469288,9131468153,0.364022,0.09600136,-10.487421
9131475647,9131474929,0.3674831,0.23475376,-10.560278
9131484106,9131483131,0.29192644,0.2541393,-10.615542
9131493429,9131490505,0.23123688,0.18360743,-10.689239
9131503782,9131498168,0.23561251,0.15568234,-10.740574
9131508248,9131507204,0.27532083,0.19239375,-10.706011
9131515795,9131514835,0.26685685,0.17494254,-10.554268
9131524385,9131522526,0.16769207,0.005344726,-10.313017
9131533951,9131529505,0.014677592,-0.28146777,-10.039026
9131539116,9131537953,-0.14380805,-0.5864545,-9.773933
9131546446,9131545714,-0.30075744,-0.880651,-9.565129
9131554819,9131554098,-0.4487056,-1.1764787,-9.433346
9131563166,9131560655,-0.53306913,-1.4389043,-9.355216
9131573601,9131568485,-0.54859775,-1.5781907,-9.27846
9131578785,9131577658,-0.52257216,-1.5802542,-9.178425
9131585135,9131584420,-0.45279527,-1.5355223,-9.126002
9131594557,9131593838,-0.36329916,-1.5016153,-9.155979
9131602906,9131600191,-0.26437864,-1.4632835,-9.210761
9131613483,9131607630,-0.1888578,-1.3584473,-9.234619
9131616664,9131615916,-0.1880553,-1.2162368,-9.2184515
9131625016,9131624296,-0.24239905,-1.1583962,-9.181753
9131633436,9131630913,-0.31373405,-1.1542674,-9.149072
9131643848,9131638727,-0.3224519,-1.0593396,-9.18088
9131649077,9131647246,-0.18543115,-0.8379612,-9.319904
9131656440,9131655717,0.031562537,-0.57137686,-9.531637
9131663830,9131663096,0.21337359,-0.3132499,-9.775402
9131673220,9131670492,0.36251432,-0.03657092,-10.070396
9131683655,9131678042,0.58198154,0.2862324,-10.414501
9131686977,9131686236,0.90771383,0.66156197,-10.737706
9131694731,9131694000,1.195433,1.0364833,-10.942713
9131703465,9131701446,1.2919557,1.2891397,-10.954202
9131713912,9131709201,1.1937884,1.3363773,-10.78928
9131720155,9131719023,0.96849996,1.1746143,-10.536017
9131726928,9131726189,0.65358716,0.8434923,-10.26459
9131734781,9131733864,0.26329327,0.3984707,-10.015045
9131743201,9131740479,-0.1855548,-0.10954685,-9.798014
9131753601,9131748484,-0.66385734,-0.6835534,-9.612051
9131757769,9131757047,-1.1077725,-1.3130144,-9.46714
9131765171,9131764437,-1.3808861,-1.8352559,-9.391126
9131773530,9131771715,-1.3500825,-2.0314882,-9.442608
9131784097,9131779658,-1.0404289,-1.8776381,-9.601153
9131790323,9131789171,-0.6587289,-1.507333,-9.754
9131796711,9131795955,-0.37153447,-1.1248393,-9.806837
9131805069,9131804346,-0.1463244,-0.9107022,-9.778715
9131813455,9131811131,0.07289226,-0.7510339,-9.783428
9131823885,9131818736,0.3234216,-0.46463007,-9.826235
9131829062,9131827917,0.62150896,-0.08121084,-9.822622
9131835390,9131834666,0.91466314,0.30056542,-9.815592
9131844074,9131842028,1.1845434,0.6238712,-9.895599
9131853703,9131850058,1.4021397,0.84795195,-9.997977
9131865191,9131857869,1.4413508,0.8929559,-9.986856
9131867321,9131866607,1.2277098,0.73445594,-9.86577
9131874717,9131873980,0.87690747,0.47313654,-9.751525
9131884123,9131881211,0.4935368,0.16282457,-9.659571
9131894546,9131889031,0.038491845,-0.25459006,-9.528472
9131899703,9131897689,-0.40710855,-0.7217128,-9.40583
9131906089,9131905369,-0.6291155,-1.0515361,-9.389782
9131914533,9131913609,-0.603336,-1.1770356,-9.478288
9131923917,9131920990,-0.5044948,-1.1652646,-9.584495
9131934995,9131928769,-0.41852322,-1.0797095,-9.625709
9131937277,9131936556,-0.2839964,-0.9441885,-9.60507
9131945110,9131944162,-0.13300695,-0.7929807,-9.564675
9131953524,9131951670,-0.07908905,-0.7107789,-9.510127
9131963919,9131959496,-0.076362565,-0.6613158,-9.50823
9131970118,9131968990,0.004834883,-0.52139187,-9.60797
9131976467,9131975752,0.17612684,-0.2942776,-9.752533
9131984913,9131983957,0.4313997,-0.04256204,-9.94412
9131994370,9131991654,0.75848293,0.218781,-10.214118
9132003736,9131998623,1.067126,0.5198572,-10.485326
9132008050,9132007271,1.2503288,0.78312594,-10.651503
9132016209,9132015265,1.2030947,0.8313618,-10.686534
9132024603,9132023679,0.9629469,0.64656425,-10.585129
9132034288,9132030024,0.6369301,0.39575684,-10.359135
9132040477,9132039338,0.24761838,0.14702456,-10.068498
9132046854,9132046128,-0.14299697,-0.16658026,-9.778196
9132055286,9132054334,-0.4729578,-0.5099326,-9.550534
9132063650,9132061334,-0.7454969,-0.8391519,-9.39127
9132074063,9132068941,-0.95134246,-1.1760124,-9.317452
9132079248,9132078302,-1.0530391,-1.4262149,-9.372779
9132085693,9132084940,-1.0460256,-1.5430164,-9.483259
9132095119,9132094187,-0.98452777,-1.6000776,-9.560062
9132104549,9132100109,-0.8644819,-1.5325075,-9.613224
9132111774,9132107955,-0.6416737,-1.2681558,-9.686926
9132117195,9132116428,-0.3167469,-0.8995267,-9.793908
9132125683,9132124915,0.08255272,-0.5011221,-9.893108
9132134015,9132131697,0.5160377,-0.06121818,-9.969254
9132144485,9132139370,0.9542713,0.4207503,-10.072539
9132149737,9132147673,1.409235,0.9094092,-10.241122
9132157054,9132156329,1.8459135,1.3291324,-10.4557
9132165524,9132164560,2.067341,1.5833902,-10.59721
9132173894,9132171167,1.9463917,1.5952902,-10.552133
9132184313,9132178496,1.506124,1.3221916,-10.343843
9132187450,9132186730,0.7586986,0.7706329,-10.024813
9132195986,9132195251,-0.1517542,-0.0012067556,-9.649867
9132204522,9132201978,-0.99735975,-0.8594702,-9.316317
9132214932,9132209817,-1.6712925,-1.643418,-9.056915
9132220143,9132218077,-2.0806339,-2.235762,-8.910644
9132227509,9132226785,-2.1274846,-2.4720066,-9.025196
9132234881,9132234164,-1.840119,-2.2911048,-9.353021
9132244318,9132241590,-1.3926294,-1.9084067,-9.635136
9132254716,9132248900,-0.91068965,-1.5011289,-9.803822
9132257854,9132257133,-0.35443136,-1.0282832,-9.964945
9132266343,9132265598,0.2350786,-0.47909492,-10.107667
9132274679,9132272363,0.6565203,-0.0077038333,-10.140482
9132286205,9132281277,0.85141593,0.2569969,-10.049902
9132290318,9132289205,0.96590835,0.3871499,-9.901256
9132297847,9132297107,1.1154773,0.5551943,-9.817014
9132305238,9132304520,1.3119897,0.8085145,-9.870964
9132314619,9132311705,1.4537834,0.99801403,-10.013222
9132325033,9132319216,1.4123404,0.9948027,-10.125064
9132329224,9132328480,1.193803,0.87013936,-10.136571
9132336716,9132335793,0.83439755,0.6158261,-10.0382395
9132345165,9132344241,0.28291225,0.10446348,-9.841946
9132355046,9132351018,-0.43824938,-0.561037,-9.613402
9132360354,9132359229,-1.1434312,-1.1954716,-9.349082
9132367736,9132367011,-1.677234,-1.7286909,-9.045989
9132375120,9132374401,-1.9450258,-2.0230162,-8.910336
9132385825,9132382202,-1.8422506,-1.9654411,-9.081338
9132395220,9132389597,-1.460469,-1.6538389,-9.408519
9132400419,9132399285,-1.0048032,-1.2132999,-9.721847
9132407129,9132406337,-0.44654945,-0.6733778,-10.022848
9132414968,9132414042,0.32268137,-0.07331124,-10.308396
9132424762,9132421847,1.0550243,0.4968021,-10.426008
9132435166,9132428751,1.3477201,0.90772575,-10.351927
9132438321,9132437597,1.2684921,1.0291551,-10.29032
9132445734,9132445012,1.1913693,0.960639,-10.363649
9132455119,9132452180,1.2288083,0.96415025,-10.474621
9132467045,9132460402,1.233593,1.0463226,-10.458893
9132471201,9132469172,1.1097583,1.0776199,-10.328591
9132477558,9132476843,0.86127055,1.0187513,-10.203755
9132486005,9132485085,0.41457364,0.72749925,-10.031467
9132494420,9132491697,-0.31853393,0.054934815,-9.704552
9132504811,9132499288,-1.1774411,-0.8778095,-9.323145
9132508086,9132507294,-1.8154833,-1.7049793,-9.066415
9132516787,9132515944,-2.043844,-2.0461159,-9.045507
9132525193,9132522643,-1.895705,-1.936733,-9.255308
9132535781,9132530448,-1.5198904,-1.7003114,-9.545931
9132541128,9132539980,-1.0730517,-1.3651284,-9.809925
9132547841,9132547074,-0.5654989,-0.84945786,-10.043793
9132555456,9132554713,0.02304484,-0.24014774,-10.236719
9132564929,9132562165,0.5921749,0.31638196,-10.351555
9132576373,9132570153,0.99005157,0.7087748,-10.32547
9132578515,9132577767,1.1708624,0.96063775,-10.17589
9132586904,9132586187,1.2675292,1.136878,-10.029951
9132595299,9132593055,1.3338146,1.2577701,-9.92228
9132605733,9132600985,1.2490935,1.2665718,-9.783385
9132610920,9132609786,0.98843384,1.1080815,-9.607084
9132618344,9132617613,0.63116926,0.8602182,-9.456919
9132625728,9132625010,0.24088559,0.58029836,-9.393517
9132635307,9132632564,-0.10175301,0.2900436,-9.45078
9132645734,9132639886,-0.35417354,0.06572628,-9.609968
9132649839,9132648921,-0.5463265,-0.09028527,-9.799081
9132657222,9132656503,-0.73269606,-0.28909034,-9.946555
9132665710,9132664755,-0.9287881,-0.6042008,-10.026413
9132675109,9132671254,-1.0917829,-0.88048774,-10.064489
9132684416,9132679984,-1.1721933,-0.9139528,-10.096254
9132688689,9132687732,-1.1418657,-0.75882435,-10.1133175
9132696046,9132695305,-1.0330777,-0.55758464,-10.059992
9132705444,9132702727,-0.861881,-0.3677498,-9.927595
9132714981,9132710450,-0.5901404,-0.17914039,-9.778894
9132721219,9132719174,-0.27413523,0.094436735,-9.645697
9132727573,9132726844,-0.032537445,0.45669243,-9.505563
9132735944,9132735230,0.12148528,0.7338675,-9.379787
9132745445,9132742704,0.24803549,0.8572661,-9.36587
9132755849,9132749427,0.32338768,0.9517803,-9.504484
9132758984,9132758268,0.34064022,1.0832499,-9.725181
9132766395,9132765645,0.39959386,1.2251878,-9.920077
9132774729,9132772915,0.4883353,1.3756785,-10.048567
9132785171,9132780654,0.5392973,1.4907618,-10.160814
9132791394,9132789520,0.60012114,1.5373411,-10.289368
9132797840,9132797086,0.7116512,1.5801132,-10.376923
9132806253,9132805514,0.78764755,1.6755592,-10.339042
9132815630,9132812916,0.73727304,1.7509481,-10.169406
9132826068,9132819849,0.5701859,1.6130514,-9.93416
9132829213,9132828480,0.23408243,1.2321578,-9.683282
9132844897,9132839940,-0.30880463,0.7614609,-9.461721
9132848047,9132843803,-0.92832863,0.28542203,-9.307491
9132855366,9132851151,-1.4872645,-0.23818848,-9.195148
9132861549,9132860432,-1.878218,-0.74720865,-9.193708
9132867920,9132867197,-1.9844743,-0.9877848,-9.427267
9132876416,9132875466,-1.7928765,-0.87755895,-9.797346
9132885886,9132883165,-1.453439,-0.5818967,-10.081857
9132895296,9132890350,-1.1304026,-0.27941805,-10.189213
9132899427,9132898701,-0.8705108,-0.04328212,-10.1912
9132907829,9132907101,-0.6304779,0.16845596,-10.197791
9132916289,9132915369,-0.35456026,0.4159759,-10.227551
9132925740,9132921479,-0.057121664,0.74265033,-10.252858
9132931659,9132930529,0.24356687,1.123659,-10.262395
9132939136,9132938333,0.528165,1.4845188,-10.200055
9132946534,9132945809,0.72669363,1.7483364,-10.05158
9132955922,9132953172,0.8095714,1.8273873,-9.9322605
9132965340,9132960607,0.8067746,1.7855774,-9.930801
9132971042,9132969878,0.7712236,1.8146379,-10.032917
9132977903,9132977153,0.7245872,1.9107866,-10.15765
9132987151,9132984034,0.57689625,1.815282,-10.175067
9132996362,9132992729,0.13921727,1.3587738,-9.987902
9133005918,9132999693,-0.62943465,0.6052227,-9.583614
9133009047,9133008328,-1.4460849,-0.21870956,-9.113102
9133016412,9133015668,-1.9466399,-0.79262185,-8.850882
9133025759,9133023238,-1.9874864,-0.955201,-8.945299
9133036153,9133031037,-1.6825373,-0.7944763,-9.308602
9133041446,9133039583,-1.247743,-0.48449856,-9.687878
9133048157,9133047432,-0.82688475,-0.13903597,-9.904751
9133056772,9133055842,-0.48626447,0.1712296,-9.96945
9133065097,9133062182,-0.25229228,0.38555825,-9.932838
9133075516,9133070003,-0.07598521,0.55010283,-9.85584
9133079716,9133078963,0.11840899,0.7035823,-9.799746
9133087090,9133086335,0.3049505,0.84356475,-9.784946
9133095446,9133093423,0.43031958,1.0815849,-9.811714
9133105811,9133101406,0.5410149,1.3704176,-9.847368
9133112046,9133110894,0.5835406,1.4604534,-9.848892
9133118411,9133117686,0.45877412,1.3668275,-9.814722
9133127032,9133126098,0.2802832,1.2812082,-9.799409
9133135587,9133132655,0.17159739,1.2360721,-9.831302
9133146182,9133140571,0.096751876,1.168446,-9.838651
9133150330,9133149616,-0.027315225,1.0342906,-9.777852
9133157784,9133157056,-0.20715266,0.8659253,-9.692297
9133166129,9133163914,-0.40072638,0.73265064,-9.591957
9133176515,9133171797,-0.6625693,0.520252,-9.432489
9133181711,9133180563,-1.0350306,0.10180679,-9.257925
9133189156,9133188385,-1.3420498,-0.29167196,-9.222174
9133196542,9133195821,-1.3635557,-0.38740027,-9.377205
9133205905,9133202989,-1.1181427,-0.23432776,-9.611166
9133216422,9133210845,-0.8063072,0.048595324,-9.824219
9133220712,9133219513,-0.518063,0.39002278,-9.974142
9133228092,9133227336,-0.16887513,0.71083844,-10.077295
9133236463,9133235542,0.20828407,1.0603101,-10.222871
9133246157,9133242141,0.5155977,1.4381952,-10.393907
9133254105,9133250425,0.81419015,1.8088138,-10.54012
9133258946,9133258226,1.1798971,2.2153165,-10.718441
9133267345,9133266626,1.5775555,2.5793045,-10.896763
9133275756,9133273441,1.8579646,2.8192105,-10.929756
9133286196,9133281082,1.788725,2.8878207,-10.7565775
9133292388,9133290363,1.3179594,2.6532464,-10.4109
9133298743,9133297823,0.64726096,2.0071225,-9.9455
9133308083,9133307096,-0.12794562,1.110234,-9.474754
9133316227,9133313278,-0.92459154,0.27727425,-9.094571
9133326627,9133320413,-1.4274683,-0.3758685,-8.804949
9133329805,9133329078,-1.4586594,-0.85474265,-8.630276
9133337171,9133336454,-1.2357494,-0.9367254,-8.667583
9133345621,9133343600,-0.92692703,-0.55133927,-8.902662
9133356053,9133351611,-0.4816752,-0.12528619,-9.175716
9133362234,9133360405,-0.016617052,0.15440251,-9.421654
9133368612,9133367888,0.30731228,0.38495076,-9.656967
9133377022,9133375802,0.4536317,0.5927615,-9.814075
9133386415,9133383695,0.4118269,0.7568295,-9.726437
9133396925,9133390709,0.24787441,0.71026605,-9.380547
9133400092,9133399339,0.105446815,0.49489138,-9.0981045
9133407544,9133406817,0.23205191,0.49217522,-9.059172
9133415921,9133414074,0.7076184,0.8763461,-9.123107
9133426316,9133422090,1.2211426,1.3991843,-9.227724
9133432529,9133431400,1.5262334,1.7643031,-9.409698
9133438862,9133438145,1.6556146,1.9292539,-9.653135
9133447311,9133446369,1.6913877,1.9739149,-9.9030485
9133457001,9133454085,1.6881436,2.006951,-10.156197
9133466402,9133461252,1.6877923,2.1212084,-10.406672
9133470609,9133469859,1.6804925,2.236588,-10.555687
9133478320,9133477380,1.5892334,2.2412395,-10.522498
9133487120,9133484777,1.3547342,2.095901,-10.322671
9133496719,9133492266,0.9875173,1.7945465,-10.07214
9133502885,9133501763,0.6260132,1.4696769,-9.90271
9133509347,9133508611,0.36607882,1.2874073,-9.822372
9133517858,9133517099,0.13420652,1.2551868,-9.78908
9133526390,9133523645,0.041417953,1.2049758,-9.827445
9133537100,9133531578,0.18648025,1.0568888,-9.949446
9133542381,9133541229,0.27228576,0.8848541,-10.052012
9133548740,9133547986,0.06467396,0.62130356,-9.997375
9133557223,9133556274,-0.30763036,0.17374983,-9.833712
9133566820,9133563898,-0.6184511,-0.3471976,-9.721877
9133576207,9133570571,-0.7101849,-0.66539246,-9.6739235
9133580382,9133579648,-0.48787585,-0.60706335,-9.655367
9133587759,9133587046,0.034723148,-0.23644444,-9.672117
9133596144,9133593913,0.72737706,0.29502752,-9.689881
9133606572,9133601852,1.4128469,0.8442921,-9.65939
9133612831,9133610985,1.9288683,1.2848048,-9.539254
9133619153,9133618239,2.1698012,1.5385816,-9.347137
9133627573,9133626851,2.13444,1.6306232,-9.126044
9133636976,9133634260,1.9683414,1.6486152,-8.943487
9133646524,9133641009,1.879901,1.6770346,-8.925414
9133650661,9133649939,1.9650301,1.7611821,-9.1115675
9133658080,9133657353,2.1258786,1.9426131,-9.388185
9133666560,9133664520,2.1913214,2.1221,-9.613071
9133676958,9133672392,2.0333953,2.0610971,-9.71805
9133683124,9133681968,1.6221803,1.727913,-9.694969
9133689491,9133688738,1.0468061,1.2151752,-9.553588
9133697854,9133696934,0.40727696,0.61233926,-9.34802
9133706199,9133703485,-0.15741494,0.09888134,-9.17391
9133716718,9133711340,-0.5037734,-0.21799406,-9.095055
9133720877,9133720116,-0.6160025,-0.30647022,-9.154257
9133728535,9133727748,-0.43949383,-0.14587171,-9.355635
9133736893,9133734844,0.031677783,0.13688007,-9.591781
9133747322,9133742766,0.5507325,0.43645525,-9.758835
9133752467,9133751347,0.93486434,0.7092528,-9.879539
9133759915,9133759170,1.2418368,0.8422921,-9.956335
9133767309,9133766558,1.5256541,0.925481,-9.916247
9133776717,9133773791,1.7293626,1.0891371,-9.728076
9133787117,9133781799,1.7299876,1.1887314,-9.431211
9133791316,9133790159,1.5060337,1.0417025,-9.136382
9133798688,9133797961,1.201708,0.7042644,-8.940306
9133816753,9133811376,0.9171946,0.38862872,-8.8547945
9133819919,9133813458,0.70510304,0.17779309,-8.846523
9133826291,9133820730,0.62591267,0.034599278,-8.89046
9133830405,9133829683,0.6650278,-0.04672651,-8.996827
9133837779,9133837058,0.7407752,-0.03279696,-9.199649
9133847170,9133844259,1.3035685,-0.26665103,-9.504118
9133857608,9133852092,1.4635371,-0.15689036,-10.092968
9133862786,9133860766,0.5375805,0.5404682,-10.894516
9133869182,9133868432,0.55536103,0.51018876,-11.373779
9133877590,9133876858,1.354949,0.20936535,-11.3636
9133887100,9133884147,1.336558,0.31850785,-10.983599
9133897514,9133891261,0.7196489,0.28985637,-10.487614
9133900627,9133899902,0.17287871,-0.012760021,-10.124947
9133907995,9133907274,0.048320763,-0.38670188,-9.881508
9133917399,9133914676,0.19492137,-0.5695293,-9.76177
9133928922,9133923217,0.41159847,-0.45393735,-9.846249
9133933049,9133931207,0.7657946,-0.11218576,-10.127836
9133939399,9133938662,1.3303468,0.30055746,-10.499922
9133947809,9133946882,1.8816427,0.6214845,-10.839621
9133957222,9133954491,2.0721853,0.665676,-10.99188
9133967627,9133961611,1.8214443,0.46235916,-10.866133
9133970776,9133970056,1.3192904,0.16051787,-10.532606
9133978316,9133977542,0.6971494,-0.23171768,-10.138053
9133987740,9133985921,0.004191056,-0.6902484,-9.744882
9133997158,9133992935,-0.62264997,-1.1412,-9.315376
9134003333,9134002211,-0.99715257,-1.5026672,-8.871273
9134009731,9134009010,-1.0173196,-1.7066947,-8.507787
9134018180,9134017254,-0.5218069,-1.8117194,-8.323473
9134027569,9134024850,-0.062776044,-1.4906896,-8.49795
9134036975,9134031855,-0.019302085,-0.7637122,-8.94975
9134041209,9134040463,0.47793016,-0.32427287,-9.339986
9134049705,9134048941,1.2671685,0.0026508495,-9.596209
9134058057,9134057134,1.6720214,0.4481128,-9.673784
9134067418,9134063400,1.8230723,0.6861703,-9.548739
9134073749,9134072556,1.8153831,0.6698683,-9.406301
9134085285,9134080764,1.6960967,0.64634943,-9.446597
9134091621,9134087146,1.6373643,0.7438401,-9.705606
9134097883,9134095159,1.7328414,0.80414736,-10.042942
9134107281,9134102540,1.8345618,0.8164787,-10.371469
9134112497,9134111353,1.8618293,0.84963536,-10.635726
9134119894,9134119136,1.8479788,0.85232097,-10.745398
9134128307,9134127377,1.7438121,0.7765443,-10.616603
9134137712,9134134967,1.5085745,0.5695629,-10.232812
9134147141,9134141526,1.1719395,0.23208079,-9.744007
9134151352,9134150619,0.82924956,-0.11568792,-9.334814
9134159382,9134158426,0.60792154,-0.32339686,-9.0863285
9134167830,9134165104,0.5660085,-0.30557543,-9.015219
9134177210,9134172791,0.6754423,-0.13294332,-9.1097
9134183480,9134181451,0.8871168,0.049070545,-9.324928
9134189869,9134189147,1.198774,0.23302503,-9.555908
9134198313,9134197359,1.5696595,0.451151,-9.668522
9134207723,9134205000,1.8407081,0.6384,-9.604284
9134218169,9134211953,1.8984493,0.7661071,-9.447506
9134221324,9134220592,1.8103267,0.8421979,-9.366502
9134228728,9134227975,1.7169617,0.85864496,-9.44044
9134237109,9134235486,1.6491189,0.86191994,-9.586058
9134247981,9134243049,1.5312064,0.8744386,-9.675791
9134253192,9134252054,1.3169292,0.8486897,-9.64227
9134260732,9134259994,1.0760227,0.682121,-9.501031
9134268199,9134267447,0.81400895,0.42492208,-9.406861
9134277688,9134274942,0.42850295,0.20759165,-9.497256
9134288100,9134282243,0.04214462,0.025485452,-9.725981
9134291227,9134290499,-0.10735406,-0.039781816,-9.980758
9134299664,9134298935,0.00036437064,-0.009574268,-10.162825
9134309411,9134306262,0.13897885,-0.034930807,-10.250296
9134317742,9134313524,0.10553478,-0.051752497,-10.320606
9134323929,9134322805,0.013800271,0.09520858,-10.3577585
9134330429,9134329667,0.0410744,0.25253883,-10.243324
9134338821,9134338102,0.07536143,0.22276711,-10.073345
9134348294,9134345772,0.019449994,0.20432805,-10.040418
9134357772,9134352656,0.087698996,0.34614158,-10.105612
9134361940,9134361016,0.4066691,0.5030028,-10.140013
9134370334,9134369616,0.76966256,0.6616789,-10.122555
9134378746,9134377114,1.088021,0.9501639,-10.064724
9134388124,9134383910,1.4958898,1.3056352,-9.969883
9134395430,9134391605,1.9879215,1.529458,-9.827464
9134407956,9134402419,2.0935183,1.7585297,-9.598146
9134411122,9134409062,1.6119174,1.9418093,-9.235824
9134418993,9134415311,1.0496866,1.621434,-8.847181
9134427140,9134423752,0.49406612,0.99879897,-8.654898
9134434139,9134432079,-0.08198185,0.4828261,-8.614532
9134440498,9134439556,-0.3757806,0.16692288,-8.6322975
9134449197,9134448225,-0.22676069,0.17567936,-8.820868
9134458095,9134455166,0.31344903,0.53296304,-9.200096
9134467644,9134462126,0.97888994,1.0583862,-9.5672
9134471957,9134471228,1.5045013,1.5529628,-9.772465
9134479839,9134478910,1.7652721,1.9161851,-9.895892
9134488204,9134485671,1.8363074,2.119926,-9.996536
9134498741,9134493409,1.8485805,2.1904895,-10.009709
9134503990,9134501937,1.795279,2.1366532,-9.894489
9134510439,9134509676,1.6602578,2.0325506,-9.70649
9134519119,9134518107,1.4906753,1.9784452,-9.559508
9134527697,9134524750,1.3715878,1.9404645,-9.521738
9134538198,9134532570,1.3490907,1.9237899,-9.584201
9134541777,9134540958,1.3389683,1.9699408,-9.699453
9134550161,9134549424,1.2092507,1.9725059,-9.872186
9134558556,9134557639,0.9618063,1.8041794,-10.0943165
9134568219,9134563760,0.7039072,1.5204389,-10.252283
9134574436,9134573302,0.47294062,1.2576072,-10.2655735
9134580798,9134580069,0.28967404,1.0187817,-10.17449
9134589299,9134588364,0.17688219,0.83523107,-10.081455
9134597676,9134595132,0.13567469,0.7806283,-10.003424
9134608087,9134602743,0.17785455,0.776405,-9.869635
9134612233,9134611492,0.26942006,0.74982935,-9.705968
9134619605,9134618894,0.35926926,0.7466843,-9.595951
9134629100,9134627420,0.43239024,0.81413317,-9.501028
9134638529,9134634082,0.44864565,0.90129757,-9.320512
9134644734,9134643602,0.34794676,0.83896595,-9.073578
9134651119,9134650399,0.14915517,0.5907104,-8.92943
9134659534,9134658819,-0.029967789,0.32798287,-8.967734
9134668089,9134665509,-0.07744068,0.19452345,-9.087054
9134679579,9134673760,0.010276781,0.24311095,-9.220396
9134683747,9134682625,0.17142631,0.3994042,-9.378768
9134690128,9134689395,0.32529148,0.5039897,-9.555425
9134698508,9134696661,0.4232862,0.5401993,-9.692177
9134707914,9134705163,0.48169902,0.59679854,-9.740489
9134718318,9134712496,0.5014821,0.668369,-9.681362
9134721453,9134720727,0.47139066,0.73144644,-9.533593
9134729879,9134729141,0.40666923,0.7565452,-9.345471
9134738211,9134735692,0.33994496,0.7704737,-9.17805
9134748715,9134743563,0.31382266,0.8512559,-9.087061
9134754017,9134751940,0.3565259,0.9650916,-9.06191
9134760516,9134759791,0.4163857,1.1004633,-9.105343
9134768970,9134768012,0.3906447,1.2680099,-9.216606
9134778343,9134775630,0.29323736,1.3519161,-9.342846
9134788737,9134782723,0.6246247,1.3547027,-11.400079
9134791937,9134791176,0.675945,1.3546102,-14.172194
9134800313,9134799592,-0.24592814,1.1807073,-13.213753
9134808743,9134806228,-0.5155026,0.9186477,-10.7654085
9134819118,9134813999,0.07363938,1.056511,-9.805651
9134824343,9134823203,0.51405436,1.470844,-9.463497
9134830688,9134829965,0.71178865,1.5363864,-9.3948345
9134838684,9134837754,0.63504463,1.3340254,-9.602582
9134848362,9134845441,0.4846834,1.1870565,-9.950524
9134859158,9134853144,0.4626537,1.0468402,-10.092606
9134862324,9134861609,0.56255025,0.9895726,-9.864428
9134869743,9134869018,0.72670424,1.0832486,-9.461428
9134879206,9134878254,0.8788731,1.2256672,-9.177191
9134896830,9134892063,1.0187324,1.2229575,-9.148008
9134901019,9134900302,1.1453911,0.96804494,-9.341322
9134909455,9134908727,1.1607049,0.6455643,-9.608874
9134918892,9134916144,1.0789065,0.42636323,-9.80907
9134928775,9134923455,1.002434,0.332182,-9.899966
9134933025,9134932083,0.94945455,0.35756013,-9.871116
9134940963,9134940225,0.88476294,0.5035722,-9.694176
9134948637,9134947008,0.82916313,0.715191,-9.383917
9134959051,9134954621,1.0768441,0.9507816,-9.112297
9134966340,9134962667,1.3807765,1.0810125,-9.05965
9134971568,9134970845,1.068383,0.8007731,-9.306617
9134979978,9134979257,0.61408234,0.26934922,-9.766027
9134988367,9134986144,0.58111805,-0.073320836,-10.0873785
9134998740,9134993813,0.66946447,-0.21145347,-10.154306
9135005046,9135002977,0.66755307,-0.29024124,-10.176084
9135011159,9135010244,0.62477666,-0.33297008,-10.205722
9135020028,9135019087,0.59753764,-0.31829515,-10.177091
9135028388,9135025458,0.61384785,-0.26743865,-10.139566
9135039899,9135033632,0.6629379,-0.23486048,-10.151161
9135041973,9135041242,0.64593565,-0.21769536,-10.159437
9135050424,9135049696,0.5502733,-0.17896953,-10.096302
9135058762,9135056444,0.49094304,-0.07256128,-9.935872
9135069206,9135064282,0.52036285,0.10960665,-9.696351
9135074436,9135072389,0.61181927,0.27819127,-9.453281
9135081835,9135081099,0.6896768,0.327749,-9.333111
9135089261,9135088512,0.67791665,0.2713213,-9.41746
9135098669,9135095940,0.59290004,0.25438073,-9.636794
9135109074,9135103453,0.4773544,0.1566213,-9.809851
9135113233,9135112512,0.28064805,-0.24556354,-9.886139
9135120650,9135119919,0.008494586,-0.6631633,-9.968455
9135128986,9135126968,-0.13609312,-0.70912766,-10.077665
9135140049,9135134662,-0.05407891,-0.46211308,-10.128445
9135145152,9135144026,0.08773337,-0.24382535,-10.054407
9135151573,9135150853,0.15022844,-0.18486908,-9.9341755
9135159513,9135158591,0.14160511,-0.22163329,-9.890383
9135169034,9135166318,0.108065754,-0.2728798,-9.904058
9135179585,9135173760,0.07695838,-0.30164155,-9.912731
9135182741,9135182009,0.12803747,-0.316759,-9.892507
9135191281,9135190529,0.30867594,-0.2854995,-9.800591
9135200312,9135197386,0.5904952,-0.15320233,-9.535424
9135209037,9135205018,0.6895677,-0.09101565,-9.335888
9135215480,9135214351,0.43788433,-0.23801515,-9.560246
9135221834,9135221103,0.2721391,-0.3677731,-9.843115
9135230229,9135229300,0.3126481,-0.42279544,-9.872266
9135238616,9135236399,0.30570632,-0.4784419,-9.847027
9135249200,9135244052,0.22154754,-0.47053373,-9.840235
9135254364,9135253213,0.09959713,-0.45819825,-9.864773
9135261625,9135260869,0.013377178,-0.44285753,-9.871561
9135269764,9135268843,0.02215534,-0.331915,-9.791869
9135279127,9135275316,-0.25494385,-0.5564543,-10.182041
9135292754,9135283822,-0.6253223,-0.978281,-10.704318
9135300066,9135294010,-0.4006323,-0.74190366,-10.288143
9135302153,9135298731,-0.12801053,-0.24961802,-9.690485
9135310642,9135307925,-0.211408,-0.0655877,-9.577586
9135319009,9135314493,-0.28562036,0.08392862,-9.549298
9135325252,9135323216,-0.21220246,0.18438177,-9.55491
9135331441,9135330718,-0.03495232,0.0051355883,-9.650138
9135339894,9135338925,0.05484065,-0.29736674,-9.76157
9135349449,9135346696,-0.039863214,-0.49919957,-9.807394
9135359801,9135353587,-0.18813553,-0.63556284,-9.812645
9135362953,9135362230,-0.2834615,-0.73736703,-9.864673
9135370374,9135369650,-0.31261727,-0.7695582,-9.990957
9135378728,9135376914,-0.28026593,-0.74930656,-10.0807
9135390143,9135384828,-0.3059561,-0.7193809,-10.011375
9135395419,9135394278,-0.4056388,-0.6837344,-9.855854
9135401778,9135401059,-0.4370284,-0.63544536,-9.75884
9135410226,9135409298,-0.4383513,-0.5649912,-9.744791
9135419632,9135416917,-0.48847175,-0.5219395,-9.796934
9135430489,9135423846,-0.50907046,-0.50028366,-9.904509
9135433614,9135432873,-0.4258317,-0.41299173,-10.012602
9135441008,9135440279,-0.31197834,-0.27895024,-10.070849
9135449414,9135447384,-0.27510568,-0.15740025,-10.039305
9135459845,9135455313,-0.275466,-0.10770165,-9.893826
9135466046,9135464911,-0.2606647,-0.10042974,-9.710248
9135472490,9135471742,-0.18168634,0.011309143,-9.601379
9135479839,9135479114,-0.047658436,0.19408682,-9.629713
9135489223,9135486706,0.013520147,0.21543033,-9.704203
9135499724,9135494572,0.03378503,0.16589102,-9.659874
9135503945,9135502959,0.13048677,0.3290163,-9.538824
9135511493,9135510721,0.18939692,0.424092,-9.496738
9135520051,9135517746,0.08298241,0.04695291,-9.561058
9135529668,9135525749,-0.040266965,-0.6097328,-9.659248
9135538081,9135533561,-0.060236327,-1.1761616,-9.723632
9135542459,9135541669,-0.38976613,-1.9255512,-10.207284
9135550804,9135549884,-0.9638857,-2.3131545,-10.76721
9135559211,9135556894,-0.81664383,-1.4367957,-10.360249
9135569718,9135564774,-0.22824922,-0.53572094,-9.758341
9135575918,9135573858,-0.06996761,-0.4453626,-9.729637
9135582248,9135581324,-0.051931832,-0.5759455,-9.840033
9135590697,9135589781,0.048736267,-0.6528119,-9.862212
9135599766,9135597043,0.06029249,-0.65536547,-9.838057
9135609560,9135603744,0.09265428,-0.6635797,-9.851741
9135613754,9135613032,-0.016213765,-0.60961235,-9.856973
9135621143,9135620425,-0.30998832,-0.4958145,-9.814132
9135629581,9135627293,-0.12491776,-0.6691465,-9.818006
9135640159,9135635378,0.21944256,-0.86794674,-9.866285
9135646142,9135644106,-0.041238725,-0.6306807,-9.860604
9135651796,9135651078,-0.29324076,-0.45026642,-9.831207
9135660414,9135659496,-0.12376611,-0.5834626,-9.839966
9135669849,9135667127,-0.006472439,-0.66868556,-9.846401
9135680450,9135674225,-0.054573745,-0.63646984,-9.833747
9135683587,9135682863,-0.06867221,-0.644531,-9.840818
9135690966,9135690249,-0.21580091,-0.80486083,-10.01392
9135700394,9135698574,-0.2966679,-1.5865827,-10.325426
9135709811,9135705381,0.05984518,-2.724539,-10.222024
9135716042,9135714892,0.112649575,-2.5029812,-9.806554
9135722455,9135721699,-0.38133258,-0.84261847,-9.656403
9135730848,9135729915,-0.6035284,0.5324595,-9.60881
9135740255,9135737498,-0.32766885,1.1530181,-9.617126
9135750626,9135744611,0.05863239,1.2115585,-9.655834
9135753765,9135753050,0.14420274,0.5605401,-9.62084
9135762359,9135761586,-0.10645645,-0.2704936,-9.726522
9135770833,9135769013,-0.30521715,-0.5912418,-9.8657
9135780209,9135775966,-0.2974307,-0.5123119,-9.8785715
9135786408,9135785276,-0.24722546,-0.4303136,-9.857053
9135792794,9135792064,-0.24125026,-0.44637835,-9.841599
9135801185,9135800467,-0.2633935,-0.46310598,-9.833063
9135809606,9135807265,-0.26057228,-0.45562816,-9.844575
9135820037,9135815082,-0.23495716,-0.4587081,-9.857805
9135825161,9135824041,-0.22460005,-0.4675763,-9.847671
9135832577,9135831856,-0.22757745,-0.46833283,-9.823768
9135840983,9135840052,-0.2440421,-0.4668884,-9.812
9135850756,9135846324,-0.26014048,-0.4665445,-9.824521
9135859087,9135855226,-0.24539395,-0.46674755,-9.848516
9135863316,9135862570,-0.22620176,-0.46683753,-9.84983
9135870524,9135869772,-0.2259815,-0.46681508,-9.835764
9135879955,9135877643,-0.22931471,-0.46679604,-9.843527
9135890421,9135885454,-0.22273414,-0.47390375,-9.847128
9135895510,9135893494,-0.22118747,-0.48915946,-9.836244
9135902901,9135902182,-0.23632842,-0.49014366,-9.834021
9135911333,9135910615,-0.23881343,-0.47339925,-9.825554
9135919771,9135917036,-0.22941515,-0.46367186,-9.824705
9135930204,9135924578,-0.2133921,-0.32589686,-9.78687
9135933537,9135932742,-0.21269737,-0.25202692,-9.7814865
9135941916,9135941183,-0.23672526,-0.49563888,-9.904922
9135950302,9135947948,-0.23325366,-0.59253603,-9.943008
9135960717,9135955797,-0.22853267,-0.45170116,-9.868641
9135965874,9135964754,-0.24977088,-0.4354378,-9.84104
9135973282,9135972563,-0.26720652,-0.5423242,-9.849039
9135980743,9135980004,-0.28664067,-0.59562635,-9.844999
9135990100,9135987179,-0.30134857,-0.542748,-9.83195
9136000500,9135994881,-0.3285175,-0.5256697,-9.850851
9136005049,9136004326,-0.427271,-0.6155921,-9.927259
9136012792,9136011826,-0.5200927,-0.78452605,-9.985369
9136020290,9136018249,-0.47370803,-1.0308177,-9.90308
9136031796,9136027256,-0.35328913,-1.2610624,-9.764276
9136036992,9136035853,-0.34452686,-1.265041,-9.72625
9136043431,9136042696,-0.44040215,-0.95306623,-9.810356
9136050883,9136050139,-0.4268198,-0.4469585,-9.9388685
9136060283,9136057568,-0.17776859,0.08116539,-9.974066
9136070743,9136065198,0.21869951,0.55714643,-9.896376
9136074958,9136073808,0.47035542,0.74306506,-9.760252
9136082523,9136081746,0.31184158,0.38048956,-9.657491
9136090934,9136088893,0.03489186,0.12787041,-9.726637
9136101563,9136097704,0.08473249,0.59370035,-9.900495
9136110074,9136105337,0.14769074,0.9917927,-9.981126
9136114319,9136113387,-0.08849285,0.6051669,-9.863935
9136121720,9136120774,-0.3707148,-0.23253828,-9.666834
9136130046,9136127831,-0.5375678,-1.0255978,-9.611328
9136140468,9136135743,-0.6247587,-1.5660262,-9.666922
9136146656,9136144633,-0.7766746,-1.7284126,-9.722974
9136153207,9136152487,-0.85324174,-1.3916029,-9.818909
9136161650,9136160707,-0.5727222,-0.93794394,-9.880392
9136170005,9136167089,-0.21909347,-1.0081364,-9.773062
9136180422,9136174805,-0.13982801,-1.2997774,-9.641061
9136184693,9136183910,-0.2236498,-1.1275727,-9.702892
9136193100,9136192165,-0.25620103,-0.6682091,-9.871763
9136210932,9136206216,-0.23347004,-0.22758782,-10.003199
9136217130,9136215090,-0.1974335,0.24379611,-10.131497
9136223653,9136222729,-0.1051863,0.410275,-10.174444
9136231036,9136230308,-0.020556115,0.038556747,-10.039633
9136240406,9136237684,-0.10821577,-0.0876252,-9.965156
9136250797,9136245276,-0.31780136,0.51626384,-10.0964985
9136254969,9136254238,-0.40982485,0.8569393,-10.126753
9136262316,9136261605,-0.35170573,0.2785219,-9.890055
9136270947,9136268715,-0.27803588,-0.5558375,-9.665216
9136281400,9136276285,-0.2348164,-1.1065536,-9.606513
9136286576,9136285451,-0.18598424,-1.4728462,-9.5861
9136294021,9136293278,-0.21484944,-1.6245522,-9.602454
9136301397,9136300678,-0.35910454,-1.254889,-9.737068
9136310775,9136308058,-0.41635287,-0.6440867,-9.850365
9136321166,9136315554,-0.34399617,-0.50731826,-9.821214
9136325343,9136324617,-0.26084012,-0.7820417,-9.776983
9136332718,9136332002,-0.22015162,-0.90162385,-9.796734
9136341186,9136338958,-0.25010398,-0.6548942,-9.818434
9136350852,9136346831,-0.27441013,-0.24962771,-9.817138
9136357462,9136356284,-0.22296567,-0.046024382,-9.822188
9136363854,9136363107,-0.16996352,-0.10153362,-9.874411
9136372267,9136371545,-0.17194565,-0.20149447,-9.962566
9136380734,9136378166,-0.2021387,-0.2696247,-9.995444
9136391148,9136385836,-0.22681479,-0.36652428,-9.953637
9136396455,9136395312,-0.21873233,-0.44478565,-9.932714
9136402803,9136402078,-0.26225892,-0.26512542,-9.978191
9136411215,9136409394,-0.38800955,0.1017692,-10.0186615
9136420631,9136417702,-0.39165664,0.13101591,-9.967357
9136431127,9136425058,-0.26638287,-0.29858664,-9.835172
9136434293,9136433520,-0.2339243,-0.8547502,-9.687153
9136441981,9136441207,-0.3620084,-1.1947445,-9.609293
9136450532,9136448515,-0.47668114,-1.02825,-9.683161
9136460984,9136456269,-0.42976937,-0.59606457,-9.815152
9136467204,9136465373,-0.35376653,-0.4988209,-9.839588
9136473611,9136472880,-0.33595642,-0.727393,-9.78082
9136482030,9136481109,-0.30546165,-0.8062914,-9.757892
9136491422,9136488711,-0.25651193,-0.6036349,-9.78193
9136502077,9136495364,-0.2056669,-0.35763142,-9.7985115
9136505223,9136504505,-0.16417684,-0.14826608,-9.82888
9136512610,9136511892,-0.15281326,0.0623544,-9.89172
9136520978,9136518757,-0.15132065,0.10618253,-9.924727
9136531694,9136526764,-0.15949099,-0.09845374,-9.88738
9136536946,9136535777,-0.18795231,-0.31798792,-9.836935
9136543770,9136543018,-0.19068101,-0.31420252,-9.856209
9136552232,9136551280,-0.17969322,-0.0029707626,-9.9362135
9136560594,9136557875,-0.24796334,0.26430717,-9.964632
9136571034,9136565914,-0.35865346,-0.016264886,-9.896467
9136575173,9136574458,-0.39839906,-0.5987742,-9.841316
9136582639,9136581881,-0.39830285,-1.0391088,-9.815055
9136592078,9136590202,-0.46025303,-1.2379944,-9.763599
9136601438,9136597011,-0.5112566,-1.0782859,-9.761686
9136607783,9136606606,-0.42470372,-0.7421919,-9.817665
9136614139,9136613416,-0.34056702,-0.7011581,-9.824177
9136622539,9136621812,-0.3782649,-0.899779,-9.795212
9136630889,9136628370,-0.4191396,-0.95520294,-9.809935
9136641307,9136636177,-0.33464783,-0.8304067,-9.848322
9136645446,9136644522,-0.16162446,-0.6361472,-9.872459
9136653873,9136653113,-0.13763991,-0.3659736,-9.879307
9136662313,9136661345,-0.31868628,-0.025815412,-9.866026
9136671650,9136667431,-0.31454098,0.22172058,-9.861878
9136681005,9136676276,-0.03701061,0.24730042,-9.87164
9136685235,9136684322,0.0390843,0.060527742,-9.852689
9136692788,9136691832,-0.13774487,-0.22283909,-9.818056
9136701148,9136698627,-0.21247591,-0.21162085,-9.84747
9136711629,9136706515,-0.20660785,0.18793143,-9.980457
9136716817,9136714781,-0.2900056,0.34316507,-10.065095
9136724200,9136723456,-0.37997937,-0.100748375,-9.971739
9136732635,9136731702,-0.3792211,-0.70952314,-9.824656
9136741096,9136738158,-0.33561724,-1.0838373,-9.734093
9136751594,9136745779,-0.3222682,-1.2052155,-9.698402
9136754737,9136754022,-0.3627848,-1.0656499,-9.71811
9136763160,9136762438,-0.39805463,-0.7311685,-9.77348
9136771578,9136769263,-0.38189358,-0.51201653,-9.825357
9136782077,9136776963,-0.3534475,-0.58695143,-9.843332
9136787284,9136785237,-0.35283288,-0.78912854,-9.8258095
9136793688,9136792944,-0.37194434,-0.8481886,-9.81909
9136802054,9136801333,-0.34642014,-0.71050847,-9.83123
9136811455,9136808743,-0.28959084,-0.49098656,-9.84524
9136821912,9136816096,-0.27154434,-0.30110422,-9.856215
9136825056,9136824338,-0.2653685,-0.22868836,-9.844307
9136833521,9136832785,-0.2129094,-0.11281872,-9.859736
9136841907,9136839555,-0.1018555,0.10675372,-9.915337
9136852277,9136847360,-0.045070995,0.12564613,-9.9227705
9136857532,9136856378,-0.10527761,-0.055779465,-9.873907
9136864143,9136863413,-0.2078956,0.27681658,-9.941841
9136872566,9136871633,-0.28838247,1.0885268,-10.10808
9136882095,9136879372,-0.35251123,1.1481757,-10.073237
9136891546,9136886404,-0.43873805,0.26836926,-9.891253
9136895667,9136894933,-0.5026381,-0.64392453,-9.800405
9136904154,9136903419,-0.46203858,-1.2007995,-9.740641
9136912639,9136911712,-0.29068452,-1.5962552,-9.661402
9136922046,9136917623,-0.21660778,-1.8769319,-9.662306
9136928238,9136927094,-0.41064644,-1.6041589,-9.763769
9136934588,9136933864,-0.59200656,-0.9429786,-9.864878
9136943180,9136942231,-0.55678236,-0.83799624,-9.881969
9136951671,9136949116,-0.44307873,-1.2526983,-9.829554
9136962214,9136956884,-0.38359523,-1.3949904,-9.752561
9136967391,9136966270,-0.49859253,-0.9181018,-9.740444
9136973823,9136973094,-0.6025883,-0.1753034,-9.817501
9136982182,9136980161,-0.41001475,0.16378881,-9.858027
9136991659,9136988911,-0.25844467,0.11864798,-9.860491
9137002023,9136995806,-0.29776764,0.10872845,-9.893946
9137005178,9137004450,-0.22633955,0.2473761,-9.89941
9137013602,9137012866,-0.027782675,0.49182338,-9.874242
9137021946,9137019428,0.07329177,0.53096765,-9.857544
9137032724,9137027170,-0.023498852,0.20814162,-9.819315
9137037830,9137035819,-0.18187177,0.3345836,-9.858864
9137044334,9137043610,-0.306735,1.0570893,-9.992958
9137052729,9137052007,-0.36686456,1.0154803,-9.967438
9137062079,9137059363,-0.36797404,-0.05110258,-9.792455
9137072592,9137066358,-0.44855648,-1.0852332,-9.712049
9137075700,9137074979,-0.55039763,-1.571739,-9.731981
9137083122,9137082395,-0.5291271,-1.593004,-9.768091
9137092605,9137090582,-0.5358745,-1.25994,-9.815102
9137101952,9137097538,-0.5825197,-0.790357,-9.841774
9137108137,9137107010,-0.60165906,-0.6273111,-9.83743
9137114340,9137113576,-0.68013567,-0.769673,-9.853223
9137122981,9137122263,-0.6953603,-0.783546,-9.866344
9137132401,9137129683,-0.5587493,-0.5786821,-9.835342
9137142995,9137136578,-0.39752713,-0.350865,-9.807404
9137146127,9137145409,-0.30694562,-0.19287048,-9.77961
9137153537,9137152804,-0.24451087,-0.04982054,-9.753309
9137161953,9137160136,-0.097763956,0.1665366,-9.793533
9137172362,9137167950,0.08685516,0.37562367,-9.862318
9137178556,9137177426,0.15065384,0.3057176,-9.895472
9137184950,9137184211,0.07786213,0.19629419,-9.897303
9137193447,9137192505,-0.13939923,0.86128265,-9.962109
9137201962,9137199243,-0.49880627,1.7786113,-10.092871
9137212369,9137207054,-0.77762276,1.5729803,-10.109671
9137216565,9137215417,-0.8250099,0.5036837,-9.98769
9137223924,9137223194,-0.7134023,-0.39832565,-9.846306
9137232265,9137230450,-0.47273433,-0.8657484,-9.739487
9137242733,9137238279,-0.14371657,-1.2001826,-9.67429
9137249911,9137246291,0.09883661,-1.7519876,-9.666402
9137255162,9137254443,0.08442323,-2.4498594,-9.723917
9137263546,9137262825,-0.2942262,-2.3997035,-9.878433
9137271918,9137269697,-0.6682792,-1.4484746,-9.998478
9137283927,9137278050,-0.56631875,-1.0460067,-9.881396
9137288278,9137286242,-0.30460122,-1.4034042,-9.7176
9137294608,9137293894,-0.26360512,-1.435981,-9.713177
9137303049,9137302323,-0.26228622,-1.0582769,-9.749292
9137312479,9137309757,-0.12288669,-0.7528731,-9.729218
9137322878,9137316656,-0.24842097,-0.30754936,-9.771206
9137326006,9137325286,-0.64654887,0.39334655,-9.896443
9137333410,9137332691,-0.56477773,0.6749945,-9.904377
9137342321,9137339967,-0.12767932,0.65580744,-9.853426
9137352716,9137347785,0.11732166,0.86868924,-9.955137
9137358923,9137357100,0.13903445,0.85485494,-10.029194
9137365376,9137364417,0.0018869601,0.31448847,-9.873443
9137372743,9137372024,-0.13994229,-0.061991297,-9.740196
9137382148,9137379226,-0.20627448,0.3671591,-9.856568
9137392561,9137387044,-0.2543512,0.89318126,-10.014536
9137396812,9137396059,-0.27177933,0.47057575,-9.987077
9137404144,9137403430,-0.2666077,-0.407615,-9.90511
9137412580,9137410368,-0.28340453,-0.85916907,-9.897941
9137422966,9137418253,-0.32727483,-0.8969834,-9.870059
9137428134,9137427014,-0.3861751,-0.9071878,-9.777793
9137435513,9137434794,-0.46455586,-1.1870227,-9.712911
9137443712,9137442979,-0.5495453,-1.3370111,-9.740709
9137452695,9137449932,-0.5340142,-0.9204304,-9.804392
9137463015,9137457401,-0.40526676,-0.6392106,-9.817873
9137467192,9137466463,-0.32733855,-0.8594666,-9.828778
9137474631,9137473898,-0.35913008,-0.9615929,-9.898359
9137482995,9137480776,-0.37602213,-0.7147555,-9.936771
9137492396,9137488776,-0.32388172,-0.3473564,-9.900036
9137498620,9137497482,-0.26497132,-0.05123785,-9.856773
9137506063,9137505332,-0.23138939,0.11666812,-9.855885
9137513588,9137512845,-0.19488071,0.15964739,-9.893492
9137523153,9137520209,-0.15989855,0.1009555,-9.919247
9137532838,9137527864,-0.18250546,-0.034553103,-9.907373
9137538707,9137537545,-0.26230028,-0.19686565,-9.902126
9137545524,9137544546,-0.3325409,-0.17551589,-9.922535
9137553324,9137551109,-0.4261787,0.4125131,-9.9555855
9137562723,9137559806,-0.39983696,0.9957601,-9.878448
9137573099,9137566683,-0.16352563,0.4975194,-9.624188
9137576242,9137575499,-0.14069979,-0.49201834,-9.451796
9137583629,9137582914,-0.40194723,-1.1761321,-9.501326
9137593089,9137590320,-0.61754787,-1.4025354,-9.687541
9137603427,9137598112,-0.6231588,-0.96034694,-9.892012
9137608751,9137606828,-0.47530997,-0.4935572,-9.957596
9137615050,9137614305,-0.38377503,-0.5447756,-9.9132395
9137623167,9137621549,-0.3821043,-0.7179757,-9.875153
9137633029,9137630110,-0.3915152,-0.64406466,-9.865301
9137643634,9137637019,-0.3654685,-0.40745562,-9.89064
9137646765,9137646050,-0.31026384,-0.23942563,-9.898084
9137654197,9137653462,-0.2854399,-0.1383789,-9.835432
9137662523,9137660708,-0.27798828,-0.027283043,-9.774715
9137672935,9137668515,-0.2400336,0.02667281,-9.77582
9137679159,9137678016,-0.19315137,-0.013345681,-9.804718
9137685491,9137684734,-0.19224149,-0.097592086,-9.837895
9137693893,9137692973,-0.22235987,-0.23436421,-9.939185
9137704339,9137701583,-0.22052716,-0.3852738,-10.128077
9137713270,9137707649,-0.31233793,-0.0628483,-10.304768
9137717445,9137716715,-0.4518696,1.111566,-10.37587
9137724928,9137724210,-0.23302475,1.8961805,-10.306037
9137733280,9137731060,0.26333776,1.0452683,-10.068283
9137742743,9137738926,0.5697184,-0.9386551,-9.849787
9137748969,9137747816,-0.0019646436,-2.556975,-9.768074
9137756359,9137755628,-1.4006946,-2.4108806,-9.644692
9137763909,9137763151,-2.0706422,-1.1236107,-9.692237
9137773269,9137770553,-1.4777403,-0.23685439,-9.9901705
9137783664,9137778050,-0.66667074,-0.04724413,-10.055546
9137787938,9137786756,-0.24129039,-0.00019577332,-9.715374
9137795312,9137794557,-0.015025865,0.16886513,-9.220003
9137803702,9137802981,0.20925044,0.25497818,-8.8022
9137813132,9137809312,0.3636852,0.24431925,-8.539536
9137821429,9137817000,0.38175973,0.37334532,-8.4648485
9137826664,9137825946,-0.3888693,0.31732857,-9.555261
9137834050,9137833331,-1.2437983,-0.5080026,-11.197131
9137843469,9137840721,-0.8150883,-0.91093343,-11.049
9137853872,9137848320,-0.33670396,-0.19689962,-10.219835
9137858992,9137856967,-0.41868573,0.12455199,-10.225079
9137865412,9137864675,-0.4385189,-0.17040768,-10.230541
9137874580,9137873641,-0.43414944,-0.29122207,-10.022381
9137882904,9137880183,-0.43713933,-0.26427066,-9.923651
9137893315,9137887501,-0.4312361,-0.24625127,-9.895466
9137896464,9137895733,-0.4156355,-0.21991637,-9.819211
9137904894,9137904141,-0.40728307,-0.16947961,-9.747677
9137913209,9137910993,-0.38818842,-0.13190085,-9.722448
9137923643,9137918711,-0.36696276,-0.11535229,-9.709193
9137928943,9137926910,-0.35370514,-0.106019795,-9.711679
9137936311,9137935590,-0.3547781,-0.106846474,-9.754568
9137943797,9137943071,-0.37715816,-0.14271541,-9.806634
9137953352,9137950618,-0.4079579,-0.20395687,-9.822806
9137963409,9137957859,-0.44406968,-0.24215424,-9.816041
9137967528,9137966807,-0.48658824,-0.25121337,-9.823271
9137974957,9137974238,-0.5148989,-0.27426615,-9.85466
9137983329,9137981311,-0.5115825,-0.30447447,-9.897178
9137993754,9137989031,-0.49831596,-0.32545793,-9.91799
9137999916,9137998800,-0.4962471,-0.39216265,-9.894482
9138006401,9138005663,-0.48476842,-0.46717,-9.85825
9138013782,9138013065,-0.42802155,-0.38258237,-9.847025
9138023146,9138020428,-0.3378797,-0.16234146,-9.841687
9138033712,9138028152,-0.28561532,-0.012079388,-9.84187
9138037862,9138037109,-0.300887,0.006803379,-9.882029
9138045369,9138044625,-0.3478176,-0.03810461,-9.908973
9138053712,9138051668,-0.38042775,-0.09062135,-9.866674
9138064102,9138059562,-0.37696624,-0.11885142,-9.805514
9138069250,9138068116,-0.35652864,-0.12798311,-9.803989
9138076647,9138075911,-0.3399343,-0.124368,-9.914993
9138084036,9138083288,-0.4249495,0.19897924,-10.120436
9138093383,9138090868,-0.54475635,0.8802401,-10.357138
9138103946,9138098828,-0.51183283,0.985686,-10.514515
9138108744,9138107540,-0.50661945,0.13616118,-10.508079
9138116043,9138115291,-0.3304127,-1.1769935,-10.44939
9138124550,9138123796,-0.09023404,-2.342153,-10.409777
9138133928,9138131012,-0.7000241,-2.15717,-10.39317
9138143327,9138137712,-1.5696727,-0.69992244,-10.418795
9138147499,9138146767,-1.5330436,0.34486708,-10.2485695
9138154885,9138154152,-0.8379337,0.57041675,-9.755872
9138173634,9138168306,-0.053385228,0.6362262,-9.222228
9138175743,9138169026,0.55202156,0.7597992,-8.835627
9138179920,9138178976,0.8654007,0.8643979,-8.56514
9138186318,9138185558,0.993384,0.9198496,-8.426551
9138194655,9138193739,1.068007,0.95083356,-8.426582
9138204117,9138201322,1.0770843,0.9946756,-8.530286
9138213555,9138208044,0.9544634,1.0368707,-8.711271
9138217730,9138217010,0.7750449,1.00053,-8.934624
9138225085,9138224356,0.59620273,0.87055886,-9.189815
9138233476,9138231615,0.37126255,0.61488307,-9.501528
9138243917,9138239383,0.09044581,0.22435322,-9.927479
9138250101,9138248977,-0.28710675,-0.20649046,-10.411478
9138256467,9138255749,-0.6896141,-0.51511455,-10.753281
9138264916,9138263967,-0.9196197,-0.6097645,-10.866123
9138274323,9138271366,-0.9182006,-0.57659143,-10.822684
9138283679,9138278363,-0.7945137,-0.40235236,-10.666899
9138287841,9138287111,-0.6302824,-0.08279593,-10.415558
9138295315,9138294569,-0.4389239,0.17783974,-10.111654
9138304720,9138302899,-0.26563245,0.34823647,-9.814813
9138314318,9138309887,-0.14237905,0.5569893,-9.567416
9138320505,9138319379,-0.063781135,0.6756009,-9.337066
9138326928,9138326198,-0.03765866,0.5376576,-9.111592
9138334324,9138333569,-0.70924425,-0.38807943,-9.996403
9138343696,9138341173,-1.5376005,-1.3769068,-11.110032
9138354547,9138348932,-1.2069414,-0.99671745,-10.278509
9138358740,9138357589,-0.69993883,-0.2866185,-9.399843
9138366072,9138365349,-0.67028916,-0.05403052,-9.645323
9138375182,9138372841,-0.6646056,0.043781884,-9.855393
9138384155,9138380136,-0.68247634,0.030800369,-9.882257
9138393527,9138389007,-0.69177115,0.031648885,-9.859399
9138397776,9138396851,-0.6899964,0.034049317,-9.851346
9138405241,9138404457,-0.6824218,0.014353078,-9.854177
9138413607,9138411390,-0.6610164,0.018869564,-9.845953
9138423986,9138419268,-0.6450018,0.037196912,-9.834204
9138430188,9138428150,-0.6535204,0.017764863,-9.832923
9138436620,9138435662,-0.67178726,-0.016716436,-9.823741
9138444989,9138444069,-0.6871775,-0.018350516,-9.823627
9138454540,9138451606,-0.6862246,0.0016701738,-9.846327
9138465008,9138458392,-0.6762799,0.011990563,-9.868761
9138468212,9138467449,-0.6820996,0.0028822294,-9.886151
9138475584,9138474869,-0.6918009,-0.0073658237,-9.893805
9138483983,9138481715,-0.6985948,-0.00087110256,-9.912979
9138494341,9138489632,-0.71778536,0.035987128,-9.965697
9138500554,9138498525,-0.75422215,0.14470409,-9.990144
9138507162,9138506188,-0.77039766,0.4469276,-9.945278
9138514777,9138513974,-0.71733797,0.66037667,-9.87413
9138525361,9138522412,-0.65770805,0.38062036,-9.809283
9138534920,9138528687,-0.67890286,-0.039539106,-9.764036
9138538061,9138537330,-0.75499606,-0.2821681,-9.724571
9138545812,9138545056,-0.8178365,-0.39746863,-9.6795
9138554215,9138552182,-0.8278944,-0.30213633,-9.678824
9138564720,9138560151,-0.78423405,-0.037725963,-9.733866
9138569980,9138568826,-0.7412644,0.13132323,-9.788263
9138577517,9138576689,-0.7497444,0.10256812,-9.814706
9138584829,9138584103,-0.7727323,0.026080754,-9.830138
9138594205,9138591292,-0.78171307,0.012833148,-9.837809
9138604712,9138599140,-0.80031484,0.0598415,-9.835218
9138608970,9138607962,-0.80856645,0.11878377,-9.843545
9138616278,9138615348,-0.79229784,0.13337187,-9.844212
9138624895,9138622534,-0.78847224,0.110955864,-9.831793
9138634329,9138630288,-0.7978722,0.112226866,-9.840916
9138640528,9138639389,-0.807024,0.13766319,-9.865533
9138647914,9138647158,-0.82732284,0.14755532,-9.907734
9138655352,9138654567,-0.8485844,0.19286604,-9.9799385
9138664719,9138661952,-0.9732094,0.4777556,-10.062493
9138675182,9138669550,-1.2250624,1.1524779,-10.18954
9138680483,9138679315,-1.0239928,1.526655,-10.283086
9138687035,9138686106,-0.08627048,0.7936088,-10.285541
9138694619,9138693694,0.44694662,0.050156698,-10.198139
9138705052,9138701735,-0.21160415,0.33507347,-9.828147
9138714694,9138708476,-1.0353011,0.80699706,-9.398422
9138717898,9138717125,-1.2136561,0.70806724,-9.314039
9138726250,9138725526,-1.2345837,0.09491095,-9.444392
9138734621,9138732102,-1.6320524,-0.75129855,-9.516439
9138745142,9138740028,-2.1533995,-1.3452697,-9.494065
9138750366,9138748335,-2.040538,-0.9141865,-9.488211
9138756735,9138756021,-1.325714,0.11005202,-9.521428
9138765148,9138764430,-0.9346955,0.5331486,-9.527311
9138774526,9138771613,-1.1073382,0.50565904,-9.5223465
9138784980,9138778965,-1.1869342,0.5098842,-9.57084
9138788124,9138787406,-0.8477918,0.33410454,-9.736589
9138796044,9138795233,-0.4914565,0.08593732,-9.997546
9138804733,9138802508,-0.6310086,0.2268716,-10.155379
9138815602,9138810287,-1.104049,0.6242937,-10.104555
9138820769,9138819654,-1.2958481,0.81758606,-9.969951
9138827117,9138826407,-1.1513989,0.6581887,-9.897876
9138835580,9138834662,-1.0127882,0.40626803,-9.918982
9138844988,9138842469,-1.0029277,0.36966962,-9.963852
9138855381,9138849364,-1.1160455,0.5129607,-9.967716
9138858525,9138857807,-1.2117755,0.56093824,-9.941318
9138866966,9138866225,-0.99060726,0.32749707,-10.005122
9138876122,9138875172,-0.6756971,0.10444499,-10.097471
9138884731,9138880717,-0.80701464,0.32098985,-9.980188
9138890918,9138888897,-1.1330086,0.7115605,-9.768957
9138898333,9138897583,-1.1789654,0.7520143,-9.663161
9138905756,9138905010,-1.073089,0.4108628,-9.617397
9138915133,9138912419,-1.0644737,-0.009257555,-9.567951
9138925543,9138919720,-1.2004598,-0.2972569,-9.538595
9138930718,9138929591,-1.3398226,-0.28701556,-9.595236
9138937087,9138936373,-1.2524958,0.016556762,-9.679016
9138945588,9138944657,-1.07529,0.22757274,-9.689374
9138954963,9138950942,-1.0853027,0.29544657,-9.655091
9138964697,9138960099,-1.0069778,0.2541548,-9.774895
9138968928,9138967976,-0.8196588,0.21560638,-9.945157
9138976315,9138975385,-0.8756497,0.42614427,-9.931957
9138984719,9138982394,-0.92379,0.526225,-9.941378
9138995332,9138990210,-0.90608656,0.46201035,-9.972205
9139000490,9138998471,-1.0194217,0.5054269,-9.934859
9139006940,9139006196,-1.0881324,0.51663935,-9.915953
9139015321,9139013671,-1.0726196,0.48934573,-9.910692
9139024769,9139021848,-1.1073381,0.57364243,-9.912233
9139035146,9139029329,-1.1137133,0.5765405,-9.892276
9139038320,9139037564,-0.9621618,0.3319293,-9.9101925
9139046896,9139046129,-0.8429464,0.11443826,-9.956512
9139055310,9139052753,-0.9366592,0.167461,-9.887782
9139065729,9139060407,-1.0821289,0.3668537,-9.761068
9139070906,9139069084,-1.13529,0.46346056,-9.710372
9139077340,9139076611,-1.1253712,0.40779898,-9.718144
9139085731,9139085006,-1.0868833,0.312365,-9.707066
9139095121,9139092158,-1.0545689,0.21010113,-9.672927
9139105730,9139099685,-1.0708063,0.101021074,-9.679928
9139108912,9139108134,-1.1278822,0.06818247,-9.727139
9139117281,9139116535,-1.1539892,0.117331,-9.753921
9139125729,9139124773,-1.1193715,0.15870182,-9.757597
9139135175,9139130960,-1.0884124,0.20445704,-9.788614
9139141578,9139140407,-1.0835602,0.27993283,-9.851801
9139147925,9139147165,-1.0747771,0.3390869,-9.886757
9139156292,9139155369,-1.0672371,0.37003383,-9.860687
9139166130,9139163317,-1.0669643,0.4061145,-9.830646
9139175653,9139170037,-1.0668252,0.46139455,-9.830824
9139179813,9139178887,-1.0803552,0.5050791,-9.825063
9139187506,9139186776,-1.0972816,0.5024833,-9.83223
9139195931,9139194971,-1.0561658,0.45322537,-9.884539
9139205269,9139201253,-0.9768309,0.40454966,-9.923092
9139211545,9139210412,-0.972441,0.4330753,-9.90046
9139218330,9139217585,-1.0631726,0.5914664,-9.859235
9139225871,9139225154,-1.1255331,0.7005872,-9.8551655
9139235231,9139232709,-1.1045276,0.63333607,-9.900995
9139245728,9139240412,-1.0841253,0.6107642,-9.9496155
9139250924,9139249099,-1.0983281,0.7720482,-9.9707985
9139257289,9139256565,-1.1452006,1.092379,-9.985471
9139265675,9139264035,-1.1637766,1.4179375,-10.033148
9139275102,9139272352,-1.0268016,1.5280465,-10.129003
9139285625,9139279807,-0.8087965,1.4586312,-10.1939535
9139289312,9139288588,-0.6751543,1.3730319,-10.184631
9139296719,9139295985,-0.68673575,1.1438566,-10.113587
9139305166,9139302943,-0.80922407,0.69398934,-9.896795
9139315573,9139310856,-1.0134268,0.22850299,-9.470522
9139321781,9139319954,-1.349418,-0.255999,-8.96179
9139328145,9139327221,-1.8154253,-0.83719194,-8.597334
9139336569,9139335651,-2.3825097,-1.3936547,-8.506621
9139344956,9139342238,-2.795179,-1.5884309,-8.529127
9139355451,9139349922,-2.6373954,-1.2343574,-8.459883
9139359639,9139358920,-2.0047045,-0.6268098,-8.38551
9139367048,9139366300,-1.193675,1.0372884,-10.396823
9139375384,9139373365,-0.71273994,2.6095924,-12.961222
9139385973,9139381245,-1.0504252,1.6138704,-11.66388
9139392206,9139391049,-1.414386,0.33551967,-9.627534
9139398531,9139397808,-1.3032095,0.49803576,-9.706034
9139405966,9139405227,-1.2707461,0.8092107,-10.044443
9139415328,9139412611,-1.3622458,0.8048905,-10.069102
9139426084,9139420241,-1.3543118,0.65162206,-9.991255
9139429573,9139428748,-1.2944673,0.61575687,-9.924293
9139437245,9139436483,-1.2999004,0.7212469,-9.888957
9139445886,9139443861,-1.325402,0.79981256,-9.897543
9139455458,9139451443,-1.2869598,0.80701476,-9.904995
9139461643,9139460512,-1.2285426,0.79997617,-9.853322
9139468647,9139467865,-1.2132398,0.7415422,-9.767074
9139477117,9139476383,-1.2489617,0.6652989,-9.688148
9139485904,9139483175,-1.2703707,0.5670377,-9.622385
9139496395,9139490564,-1.2956632,0.3428938,-9.565304
9139500607,9139499466,-1.4292109,0.09709865,-9.549394
9139507951,9139507233,-1.5281596,0.10046513,-9.608333
9139516536,9139515575,-1.4147421,0.34659618,-9.680042
9139526176,9139521924,-1.2280166,0.49356645,-9.720393
9139533531,9139529697,-1.1019235,0.40864652,-9.742865
9139538860,9139538114,-1.1503417,0.39035672,-9.755155
9139546676,9139545921,-1.325217,0.57668483,-9.779141
9139556166,9139553233,-1.3415848,0.7059169,-9.820694
9139565722,9139560970,-1.2429577,0.67863613,-9.843668
9139571923,9139569860,-1.2114539,0.6377728,-9.829691
9139578250,9139577523,-1.2667818,0.70622635,-9.812564
9139586686,9139585766,-1.330142,0.8143649,-9.8105
9139596120,9139593366,-1.294171,0.7698477,-9.813202
9139606540,9139600117,-1.2138419,0.6391987,-9.826018
9139609703,9139608955,-1.1877954,0.5788672,-9.848524
9139617056,9139616338,-1.1994945,0.5659509,-9.859617
9139625444,9139623612,-1.1993766,0.5398195,-9.856289
9139635839,9139631416,-1.1902013,0.50273085,-9.852851
9139642128,9139640070,-1.2237025,0.46706802,-9.894138
9139648639,9139647883,-1.2785345,0.42003268,-10.002285
9139657035,9139656114,-1.2593572,0.39808947,-10.071158
9139666526,9139663974,-1.1701872,0.4514537,-10.000958
9139675925,9139670570,-1.0482284,0.56117475,-9.838919
9139680063,9139679309,-0.9060334,0.6794329,-9.661709
9139687402,9139686687,-0.7886596,0.80966604,-9.515469
9139695760,9139693945,-0.72110295,0.9543661,-9.424659
9139706169,9139701755,-0.70480233,1.0365436,-9.360644
9139712393,9139711265,-0.748377,0.9748603,-9.309922
9139718785,9139718066,-0.8826824,0.7424979,-9.30368
9139727159,9139726246,-1.0758961,0.4542648,-9.380004
9139737828,9139734210,-1.6441469,-0.12631866,-10.2284355
9139746299,9139741141,-2.04868,-0.46056154,-11.039604
9139750564,9139749848,-1.5071684,0.16445574,-10.33104
9139757955,9139757236,-1.1346203,0.5511008,-9.651028
9139766395,9139764347,-1.3293185,0.3438205,-9.8024845
9139776800,9139772280,-1.3953981,0.2592162,-9.892616
9139781971,9139780845,-1.2934569,0.21994498,-9.828985
9139789385,9139788643,-1.1688938,0.15939434,-9.71644
9139796755,9139796038,-1.1195216,0.22067608,-9.670941
9139815538,9139810987,-1.1341455,0.37954298,-9.71317
9139818774,9139811834,-1.166261,0.5526338,-9.799685
9139821110,9139819969,-1.1754988,0.7249056,-9.903421
9139828747,9139828029,-1.1570048,0.8178123,-9.960705
9139836747,9139834729,-1.1597874,0.8367207,-10.069482
9139846149,9139843431,-1.1499348,0.72583365,-10.291422
9139856563,9139850347,-1.0925751,0.46894515,-10.422384
9139859690,9139858975,-1.0226674,0.31793648,-10.315178
9139868143,9139867415,-0.9585452,0.41765484,-10.040358
9139876582,9139874060,-0.9472152,0.68186146,-9.750634
9139887920,9139882081,-0.9639093,0.9744769,-9.491138
9139892369,9139890340,-0.905799,1.186971,-9.240685
9139898716,9139897985,-0.7422944,1.2647996,-9.032485
9139906542,9139905583,-0.52746177,1.245313,-8.907269
9139916456,9139913529,-0.37832645,1.2345016,-8.857127
9139927171,9139920956,-0.39419296,1.250551,-8.882809
9139929820,9139929092,-0.5484509,1.2000728,-9.002894
9139938230,9139937497,-0.7700499,1.0434824,-9.199867
9139946620,9139944298,-1.0184455,0.86882997,-9.43374
9139957094,9139951972,-1.1900166,0.71085453,-9.6514845
9139962252,9139961128,-1.8544875,-0.0057777613,-10.755875
9139969720,9139968971,-2.3465288,-0.7309763,-11.876149
9139977054,9139976333,-1.4036815,-0.23093948,-10.931717
9139986564,9139983830,-0.65721047,0.42202783,-9.74995
9139996963,9139991148,-0.9216228,0.45753145,-9.7116165
9140000114,9139999366,-1.160114,0.45979494,-9.784597
9140008729,9140007923,-1.1486183,0.48232645,-9.752745
9140017062,9140014819,-1.0774014,0.45750833,-9.772475
9140026535,9140022470,-1.0618979,0.4143957,-9.839237
9140032725,9140031578,-1.0301905,0.39894158,-9.865639
9140040155,9140039415,-0.99345076,0.44048554,-9.837692
9140048020,9140047073,-1.0149587,0.47058946,-9.808875
9140056414,9140053688,-1.0664748,0.4812086,-9.859814
9140067172,9140061834,-1.1249563,0.6160606,-9.972817
9140071188,9140070222,-1.1870112,0.8073161,-10.020609
9140079005,9140078274,-1.2007532,0.7839173,-9.97763
9140087421,9140086701,-1.1712718,0.6012738,-9.913718
9140096879,9140092628,-1.1993738,0.54384995,-9.83151
9140105139,9140101303,-1.2854035,0.64423233,-9.750295
9140109697,9140108943,-1.3278763,0.64836985,-9.676455
9140118101,9140117339,-1.3325031,0.43594137,-9.602512
9140126646,9140124130,-1.3392344,0.22293846,-9.593594
9140137055,9140131936,-1.3259047,0.17290321,-9.644451
9140142600,9140140554,-1.3227755,0.21573035,-9.663502
9140148570,9140147797,-1.3658736,0.31462374,-9.648325
9140157534,9140156581,-1.3798302,0.46796873,-9.644774
9140166920,9140164197,-1.3259888,0.5355861,-9.646916
9140177301,9140171087,-1.2744509,0.47736472,-9.656898
9140180504,9140179775,-1.2628543,0.4420712,-9.668032
9140188977,9140187948,-1.3050183,0.5089475,-9.677959
9140197118,9140194795,-1.3409324,0.6379091,-9.7257
9140207641,9140202322,-1.2542214,0.6883879,-9.826417
9140212946,9140211066,-1.0952461,0.5615812,-9.910158
9140219932,9140219198,-1.0317758,0.43611807,-9.935896
9140227616,9140226690,-1.0503728,0.4954413,-9.987286
9140237113,9140234387,-1.0230036,0.5957601,-10.051593
9140248761,9140241773,-0.9610201,0.55809647,-10.020828
9140250862,9140249930,-0.9283303,0.50657195,-9.933697
9140258347,9140257620,-0.9543182,0.70746976,-9.876101
9140267133,9140264881,-1.0477079,1.094101,-9.842758
9140277754,9140272585,-1.1541656,1.2269759,-9.827882
9140282972,9140281819,-1.2784305,0.94266784,-9.891855
9140290379,9140289640,-1.466256,0.5089669,-10.053565
9140297975,9140297025,-1.6041104,0.09744094,-10.202675
9140306568,9140304039,-1.6410762,-0.27043292,-10.2252655
9140317059,9140311704,-1.6514447,-0.41906217,-10.13609
9140321248,9140320499,-1.5697274,-0.146032,-10.040698
9140328635,9140327907,-1.3463172,0.3797468,-9.952942
9140336981,9140335162,-1.0621953,0.74275404,-9.768898
9140347410,9140342994,-0.80825645,0.85713446,-9.4719515
9140353616,9140352482,-0.66105163,0.9430963,-9.166335
9140359956,9140359242,-0.5731952,1.0336787,-8.946587
9140368407,9140367677,-0.35590938,0.89966667,-8.887646
9140376803,9140374466,-0.17183036,0.7376914,-9.036156
9140387341,9140382224,-0.29459116,0.86187345,-9.306395
9140392559,9140391428,-0.4706058,0.89493096,-9.567101
9140398894,9140398176,-0.53095657,0.7536232,-9.815117
9140407308,9140405652,-0.62048894,0.7136631,-10.051893
9140417715,9140413469,-0.776499,0.67716813,-10.208851
9140427089,9140421436,-0.92289853,0.5679767,-10.287767
9140430175,9140429457,-0.9858807,0.46105105,-10.34113
9140438590,9140437870,-0.962311,0.3878134,-10.375296
9140446974,9140444751,-0.9066025,0.35321558,-10.321688
9140457360,9140452643,-0.8400524,0.40790293,-10.128963
9140463685,9140461627,-0.7150149,0.53282833,-9.873
9140470043,9140469120,-0.5556113,0.6672907,-9.664345
9140478493,9140477547,-0.4561597,0.7901203,-9.5510845
9140487313,9140484544,-0.42764202,0.84064287,-9.519856
9140498613,9140492004,-0.43451574,0.8343084,-9.523091
9140500928,9140500210,-0.45402396,0.8380254,-9.528035
9140509310,9140508587,-0.4549603,0.83896893,-9.508091
9140517735,9140515917,-0.4587829,0.80434346,-9.4751625
9140529604,9140523959,-0.50821304,0.7372882,-9.495955
9140533959,9140532817,-0.5908104,0.67030704,-9.613312
9140540435,9140539482,-0.6702597,0.60902345,-9.791648
9140548152,9140547361,-0.7441435,0.5350575,-9.944881
9140557260,9140554345,-0.8184761,0.4447356,-10.036516
9140567713,9140562085,-0.859028,0.3620634,-10.0944
9140570994,9140570246,-0.88674486,0.30398685,-10.129007
9140579480,9140578705,-0.9462244,0.2886726,-10.133967
9140588231,9140587284,-0.9983855,0.31651586,-10.126614
9140597674,9140593227,-1.0232975,0.32256168,-10.123664
9140603936,9140602740,-1.018504,0.2908475,-10.135576
9140610249,9140609521,-0.96510994,0.23682564,-10.159946
9140618655,9140617737,-0.90200174,0.12291491,-10.171472
9140627045,9140624722,-0.8808177,-0.04487592,-10.174913
9140637526,9140632413,-0.93071544,-0.091363,-10.238722
9140641772,9140640817,-0.99005055,-0.033204183,-10.356996
9140650112,9140649394,-0.94023025,-0.06487369,-10.42541
9140658564,9140657134,-0.79746544,-0.17777334,-10.374473
9140667932,9140663714,-0.6396429,-0.1823313,-10.242466
9140676284,9140672452,-0.43906426,0.010910921,-10.082348
9140680493,9140679775,-0.17304741,0.19346659,-9.847915
9140688821,9140688087,0.07372009,0.43073884,-9.58845
9140697753,9140694831,0.2862998,0.90813845,-9.422779
9140708186,9140702654,0.62304276,1.2852663,-9.246064
9140713370,9140711550,1.0400767,1.3959816,-8.945761
9140728128,9140721469,1.3355044,1.5826875,-8.667515
9140731306,9140726852,1.5287173,1.9245809,-8.522709
9140737670,9140734915,1.6927767,2.4364479,-8.502087
9140748049,9140741812,1.9259284,2.9601674,-8.505368
9140751170,9140750447,2.1330762,2.9256635,-8.381826
9140759568,9140758846,2.0947638,2.354773,-8.176253
9140767919,9140765404,1.8993356,1.8310596,-8.079418
9140778345,9140773036,1.6337243,1.5681994,-8.20985
9140783534,9140781508,1.1970779,1.4126682,-8.510222
9140789963,9140789232,0.6283405,1.3038391,-8.852876
9140798412,9140797452,0.119317,1.1339823,-9.183971
9140808970,9140805618,-0.29456425,0.71747065,-9.498928
9140818336,9140812111,-0.6410464,0.11498788,-9.834657
9140821493,9140820737,-0.8756779,-0.43661183,-10.23354
9140829965,9140829236,-2.5427246,-1.9231833,-12.921423
9140838333,9140837413,-4.229888,-3.3464482,-15.4505005
9140847732,9140843505,-2.3521705,-1.851234,-12.403231
9140853917,9140852783,-0.026448756,0.31685358,-8.766468
9140860293,9140859572,-0.008560076,0.48963055,-8.707775
9140868741,9140867821,-0.46280584,-0.03940259,-9.402244
9140878086,9140875365,-0.84646976,-0.5023797,-10.095983
9140889053,9140882825,-1.1085964,-0.72177047,-10.570108
9140892201,9140891454,-0.8422855,-0.35286683,-10.104717
9140899615,9140898877,-0.610987,-0.058630686,-9.738457
9140907941,9140906130,-0.74254715,-0.07248152,-10.03385
9140918393,9140913968,-0.85066676,0.18800849,-10.277947
9140924567,9140923441,-0.8284817,0.53481764,-10.200533
9140936112,9140931556,-0.72242105,0.48441586,-9.948421
9140942368,9140937644,-0.5928347,0.18597876,-9.807547
9140947654,9140945338,-0.38355243,-0.03074658,-9.821107
9140958056,9140953132,-0.19445866,-0.05203093,-9.808598
9140963229,9140962095,-0.24543831,0.12286042,-9.667707
9140970730,9140969985,-0.41894364,0.2992701,-9.569904
9140979191,9140978264,-0.5746616,0.37825295,-9.59036
9140987546,9140984617,-0.66365397,0.30343562,-9.571305
9140997991,9140992164,-0.62804013,-0.0070380494,-9.554882
9141001129,9141000402,-0.5304767,-0.17149583,-9.617129
9141009565,9141008821,-0.501137,0.01951015,-9.6803665
9141017912,9141015585,-0.6120262,0.11749409,-9.688747
9141028338,9141023420,-0.75988144,-0.013957199,-9.658783
9141033525,9141031700,-0.7684507,-0.18325192,-9.631826
9141040959,9141040221,-0.6172794,-0.42231396,-9.6321335
9141049310,9141048391,-0.3918469,-0.7971232,-9.606755
9141057912,9141054997,-0.2610294,-1.2001554,-9.453243
9141068432,9141062614,-0.45625478,-1.1862524,-9.376957
9141071562,9141070842,-0.80763614,-0.45121294,-9.640963
9141080052,9141079305,-0.8311745,0.28843817,-10.046707
9141088407,9141085891,-0.52853346,0.19094048,-10.285868
9141098785,9141093870,-0.43964872,-0.20387827,-10.39843
9141103964,9141102840,-0.5635798,-0.1606512,-10.520689
9141111338,9141110613,-0.5120075,-0.0012399666,-10.547972
9141118785,9141118034,-0.39106023,-0.21505474,-10.363688
9141128146,9141125429,-0.46556678,-0.6232035,-10.153066
9141138657,9141133039,-0.6440647,-0.75056374,-10.1133795
9141141905,9141141134,-0.6443063,-0.6137569,-10.107325
9141150310,9141149551,-0.488676,-0.4598477,-9.985761
9141158631,9141156418,-0.22922951,-0.4336184,-9.847441
9141169044,9141164323,0.10192091,-0.539919,-9.817377
9141174217,9141173090,0.21002132,-0.52452797,-9.799046
9141181609,9141180882,-0.054677792,-0.26698825,-9.65591
9141188892,9141188143,-0.41152287,-0.030915536,-9.480408
9141198232,9141195510,-0.45849985,-0.096990965,-9.469796
9141208729,9141203220,-0.25710914,-0.33495143,-9.630678
9141212900,9141211954,-0.22084709,-0.49744645,-9.765609
9141220278,9141219533,-0.39796615,-0.640797,-9.7551155
9141228748,9141226690,-0.6462618,-0.7526529,-9.601278
9141238082,9141234469,-0.6301872,-0.8206214,-9.549469
9141247526,9141243304,-0.24176,-0.94312716,-9.675403
9141251752,9141251031,-0.16646631,-0.85815614,-9.732046
9141259117,9141258406,-0.38417864,-0.35663754,-9.885078
9141268533,9141265975,-0.30982336,0.07133256,-10.115611
9141279229,9141274082,-0.14849095,-0.121751934,-10.075247
9141283835,9141281802,-0.20118931,-0.56685615,-9.900277
9141291220,9141290490,-0.29403746,-0.73736644,-9.821471
9141299612,9141298694,-0.27847365,-0.67713946,-9.829575
9141310171,9141306752,-0.19027221,-0.4849317,-9.944077
9141318562,9141312746,-0.116856724,-0.29327852,-10.09005
9141321747,9141321015,-0.086766794,-0.29256508,-10.062169
9141330156,9141329408,0.015621625,-0.3957125,-9.902847
9141339519,9141336591,0.26907128,-0.37609679,-9.803035
9141349184,9141344065,0.5042144,-0.3480348,-9.768137
9141354373,9141352318,0.5289738,-0.4788432,-9.696116
9141361729,9141361013,0.48496467,-0.52349883,-9.6515045
9141369133,9141368385,0.3981479,-0.20790318,-9.86163
9141378521,9141375807,0.23327342,0.20068955,-10.108216
9141389007,9141383171,0.13413695,0.17026731,-10.009936
9141392346,9141391589,-0.03977085,-0.27466083,-9.822679
9141400836,9141400111,-0.25745833,-0.7245312,-9.762282
9141409282,9141408548,-0.3909737,-1.0534033,-9.689805
9141418650,9141414439,-0.70633197,-1.4546816,-9.642563
9141424893,9141423737,-1.0708551,-1.6994396,-9.776003
9141431213,9141430493,-0.88123953,-1.2953181,-9.960581
9141439693,9141438952,-0.33690557,-0.7136171,-9.943064
9141449125,9141446187,-0.2692476,-0.6098871,-9.847835
9141459514,9141453498,-0.6184607,-0.8495159,-9.837987
9141462679,9141461932,-0.7439219,-1.0903558,-9.80601
9141471119,9141470361,-0.52123326,-1.0700469,-9.754821
9141479748,9141478126,-0.21652171,-0.84433806,-9.791134
9141489197,9141484966,-0.014877133,-0.66139585,-9.843611
9141495492,9141494338,0.10188343,-0.5477295,-9.834866
9141501876,9141501136,0.25060055,-0.4231902,-9.80328
9141509466,9141508678,0.49491528,-0.27851745,-9.788135
9141518955,9141516201,0.66445684,-0.18894956,-9.800505
9141529574,9141523874,0.5270136,-0.27797377,-9.804969
9141534776,9141533619,0.30236602,-0.50852317,-9.775312
9141541181,9141540442,0.24529643,-0.61758566,-9.793308
9141549846,9141548906,0.26355326,-0.20366348,-9.931794
9141559369,9141556630,0.4787675,0.5802436,-10.12577
9141568846,9141563006,0.7017532,0.7899923,-10.186129
9141571972,9141571248,0.4038266,0.24969704,-9.96295
9141580419,9141579696,-0.103808805,-0.40333837,-9.577021
9141588767,9141586553,-0.14639746,-0.897984,-9.334604
9141599166,9141594456,-0.028786026,-1.1265551,-9.43618
9141605437,9141603386,-0.33173501,-1.0654193,-9.730727
9141611918,9141611164,-0.7868046,-1.0441153,-9.982111
9141619282,9141618740,-0.9956486,-1.2613648,-10.103899
9141628716,9141625954,-0.8838477,-1.4716868,-10.0173235
9141639110,9141633461,-0.6283419,-1.4153074,-9.843611
9141643392,9141642588,-0.4009446,-1.0908946,-9.793192
9141650851,9141649928,-0.1900646,-0.718628,-9.836382
9141659212,9141656886,-0.08895458,-0.5540808,-9.851539
9141669624,9141664703,-0.11186053,-0.5817982,-9.82608
9141674794,9141673669,-0.1741579,-0.6843494,-9.80965
9141682166,9141681449,-0.31782815,-0.86148787,-9.852919
9141689559,9141688822,-0.5297372,-1.0854448,-9.943532
9141698921,9141696006,-0.611568,-1.2612392,-9.938138
9141709310,9141703791,-0.43997785,-1.1709194,-9.810907
9141713489,9141712736,-0.16389084,-0.8348069,-9.70682
9141720890,9141720145,0.020498458,-0.60038507,-9.666675
9141729337,9141727292,0.1589433,-0.3812929,-9.697148
9141739728,9141735006,0.36289206,0.021815628,-9.805126
9141744951,9141743824,0.43168342,0.17522916,-9.904011
9141752236,9141751485,0.24608019,-0.17363515,-9.899535
9141759616,9141758898,0.088200025,-0.55215335,-9.84134
9141769032,9141766509,0.096951775,-0.43474907,-9.8738165
9141779397,9141774283,0.26520532,0.3324446,-10.036509
9141783931,9141782809,0.35862646,1.0515411,-10.270679
9141791391,9141790622,0.049990654,0.85443544,-10.347747
9141799793,9141798869,-0.36755702,0.023683816,-10.101872
9141809226,9141805594,-0.5073798,-0.75184625,-9.7639675
9141818664,9141814134,-0.44820878,-1.2418954,-9.609939
9141828039,9141822894,-0.14996333,-1.7496333,-9.758228
9141838529,9141833176,0.107125044,-2.1138763,-9.966718
9141840646,9141836817,-0.35387743,-1.6872371,-9.763159
9141850010,9141844690,-1.0874782,-0.9270789,-9.398345
9141855160,9141853143,-1.2460828,-0.49420065,-9.448036
9141861549,9141860832,-0.8677398,-0.51588124,-9.745403
9141869953,9141869032,-0.47760528,-0.9019626,-9.83042
9141879364,9141876409,-0.38315102,-1.1294324,-9.704273
9141890785,9141884566,-0.40293032,-0.9066657,-9.631725
9141892931,9141892215,-0.3236038,-0.4710604,-9.683439
9141901416,9141900670,-0.1756439,-0.10460636,-9.763018
9141909765,9141907030,-0.070560545,0.13766365,-9.821867
9141919421,9141915003,-0.046319306,0.24172007,-9.874808
9141925625,9141923594,-0.096024044,0.15120266,-9.941576
9141931959,9141931242,-0.16368428,-0.020278439,-10.002356
9141940439,9141939498,-0.22100303,-0.16805667,-10.02064
9141949787,9141947064,-0.259448,-0.31238508,-10.032756
9141960157,9141953943,-0.3246625,-0.18249822,-10.130818
9141963362,9141962615,-0.4738517,0.7742862,-10.456598
9141970740,9141970017,-0.3385445,1.8188119,-10.780502
9141980174,9141979221,0.41095147,1.239495,-10.643095
9141989685,9141985240,0.81802744,-0.08867189,-10.121987
9141995848,9141994715,-0.047685593,-0.22320879,-9.548284
9142002199,9142001475,-1.109806,0.14352253,-9.214072
9142010666,9142009735,-1.2383697,-0.07205636,-9.265808
9142020082,9142017335,-0.903915,-0.61346704,-9.496801
9142030576,9142024317,-0.87581956,-1.1842651,-9.599895
9142033692,9142032946,-1.237364,-1.6332903,-9.516172
9142042118,9142041368,-1.5239847,-1.5363133,-9.426557
9142050532,9142049612,-1.3205652,-0.77395564,-9.410045
9142059915,9142055676,-0.76655376,-0.23391266,-9.4344
9142066213,9142065051,-0.40071446,-0.512492,-9.448896
9142072774,9142071840,-0.47279906,-0.78721154,-9.4557905
9142080372,9142079446,-0.6938858,-0.46441793,-9.642196
9142089736,9142086821,-0.8244337,-0.020825908,-10.013969
9142100214,9142094667,-0.76282394,0.015144911,-10.193428
9142105510,9142104340,-0.71031463,0.06129827,-10.15347
9142111838,9142111114,-0.8598362,0.61178803,-10.233747
9142120250,9142119331,-0.74451023,0.88600993,-10.253496
9142129771,9142127007,-0.4505667,0.48206174,-10.065423
9142140237,9142133899,-0.44842064,0.089939795,-9.93396
9142143323,9142142551,-0.59701127,0.20080115,-9.956762
9142150728,9142149984,-0.5985043,0.5991709,-10.044455
9142160364,9142157845,-0.41205785,0.58965254,-9.986946
9142171505,9142165672,-0.30778426,-0.0046393126,-9.715925
9142176259,9142174399,-0.43751642,-0.6200136,-9.486383
9142182573,9142181641,-0.6147693,-0.81399965,-9.481251
9142190958,9142190041,-0.6740786,-0.56744945,-9.619245
9142201426,9142198704,-0.6303485,-0.19890821,-9.754893
9142209847,9142204330,-0.56380844,-0.1115057,-9.779675
9142214008,9142213273,-0.61078316,-0.21096587,-9.664034
9142221402,9142220681,-0.72028375,-0.21951485,-9.476953
9142230356,9142227641,-0.7479552,-0.1549993,-9.39048
9142240888,9142235539,-0.7192972,-0.03249396,-9.4880295
9142246045,9142244915,-0.54467136,-0.039397813,-9.548611
9142252392,9142251673,-0.30172843,-0.31275135,-9.612724
9142260793,9142260072,-0.3039353,-0.4424725,-10.103935
9142270652,9142267938,-0.35325506,-0.32325187,-10.8117485
9142280396,9142274774,-0.26840436,-0.3875399,-10.935635
9142284550,9142283824,-0.3098876,-0.56424105,-10.397471
9142292025,9142291253,-0.48433402,-0.20357627,-10.082991
9142300374,9142298156,-0.62835234,0.68816066,-10.378615
9142310776,9142306060,-0.41699278,1.0281918,-10.633768
9142315949,9142314829,0.26738644,0.18387529,-10.548884
9142323542,9142322798,0.49810332,-0.77950233,-10.312838
9142331125,9142330348,-0.23700279,-0.64083326,-9.8992405
9142340448,9142337718,-0.99823916,0.09060651,-9.4681
9142350882,9142345258,-1.2592148,0.4660265,-9.1921625
9142355103,9142353933,-1.2690636,0.30311322,-9.107822
9142362509,9142361255,-1.0584464,-0.41333854,-9.2303095
9142370881,9142369963,-0.8930316,-1.3188626,-9.389641
9142380759,9142376246,-0.97400177,-1.2559835,-9.450754
9142388040,9142383991,-0.9864205,-0.20962882,-9.402604
9142393273,9142392550,-0.9463221,0.2670545,-9.307461
9142401745,9142401016,-0.7577745,-0.23759358,-9.539178
9142410181,9142407666,-0.4522642,-0.6671497,-9.934464
9142420574,9142415458,-0.4754798,-0.5085706,-9.83404
9142425892,9142423864,-0.54666,-0.3404154,-9.620394
9142433088,9142432370,-0.49045855,-0.43460083,-9.623852
9142441726,9142440747,-0.6360534,-0.37978786,-9.741218
9142450034,9142447116,-0.7645564,-0.020537809,-10.057268
9142460420,9142454603,-0.61852545,0.20288426,-10.261792
9142463548,9142462832,-0.5184984,0.22869708,-10.292555
9142471958,9142471242,-0.4953689,0.32689682,-10.338576
9142480394,9142478055,-0.39155805,0.32962185,-10.30172
9142490942,9142485825,-0.3235829,0.13087207,-10.1324835
9142496140,9142494117,-0.37306595,-0.06638065,-9.966463
9142502674,9142501897,-0.5187179,0.27363953,-10.079403
9142511211,9142510250,-0.5881895,1.0686017,-10.402414
9142520750,9142517808,-0.4470199,1.3760728,-10.441898
9142531375,9142524896,-0.21094887,1.0798017,-10.204096
9142534587,9142533834,0.03546192,0.7601309,-10.012654
9142542519,9142541562,0.11253033,0.64026785,-9.838424
9142550746,9142548414,-0.19088192,0.49118447,-9.609333
9142561197,9142556279,-0.5614482,-0.018425837,-9.357144
9142566427,9142565256,-0.73014,-0.6808029,-9.202655
9142573551,9142572744,-0.794291,-1.0159012,-9.2554455
9142581175,9142580429,-0.8700286,-0.97646147,-9.397792
9142590611,9142587893,-1.0368577,-1.0647253,-9.605328
9142600993,9142595377,-1.278933,-1.1748,-9.808699
9142605159,9142604440,-1.3689307,-0.70211864,-9.773901
9142612617,9142611697,-1.1584226,-0.13969602,-9.655765
9142620956,9142618731,-0.87521327,-0.028776644,-9.636554
9142630335,9142626722,-0.6269626,-0.17443083,-9.615265
9142636501,9142635383,-0.62611425,-0.35446638,-9.6326065
9142644066,9142643299,-0.8784555,-0.46753258,-9.705206
9142651414,9142650690,-0.82524604,-0.66924477,-9.6544895
9142660900,9142658152,-0.72489226,-0.79688,-9.635348
9142671297,9142665652,-0.9149808,-0.52930844,-9.877623
9142676477,9142675344,-0.8559048,-0.22404918,-10.232985
9142682195,9142681473,-0.5069301,0.01102324,-10.578136
9142702893,9142697751,-0.3546918,0.34079805,-10.673825
9142706998,9142705644,-0.46398214,0.38972288,-10.371011
9142714412,9142713690,-0.48533762,0.12300874,-9.993375
9142721791,9142721071,-0.34990495,0.20761512,-9.871662
9142731159,9142728443,-0.2915361,0.8587332,-10.049734
9142740730,9142736175,-0.32807034,1.1693513,-10.147365
9142746581,9142744502,-0.32303822,0.6336888,-9.913328
9142752937,9142752214,-0.25975406,0.05389636,-9.6861105
9142761279,9142760554,-0.29331237,-0.04851865,-9.655737
9142770689,9142767773,-0.38606724,-0.12101107,-9.650939
9142781070,9142775254,-0.46267828,-0.39151862,-9.656569
9142784229,9142783488,-0.6111169,-0.6685098,-9.70949
9142792644,9142791914,-0.80060405,-0.9962944,-9.71624
9142801040,9142798721,-0.98278713,-1.3168662,-9.697896
9142811654,9142806532,-1.0671613,-1.1882899,-9.752322
9142816877,9142815710,-0.8947597,-0.59804976,-9.818773
9142823237,9142822484,-0.618108,-0.25500745,-9.787789
9142831813,9142830887,-0.5105294,-0.3360675,-9.725376
9142841180,9142838467,-0.49356627,-0.44360635,-9.713642
9142851647,9142845636,-0.49573725,-0.4038974,-9.722872
9142854792,9142854073,-0.5274556,-0.22573195,-9.726278
9142863203,9142862477,-0.5174993,-0.13557938,-9.733198
9142871593,9142870673,-0.6362682,-0.069071785,-9.860246
9142881018,9142876801,-0.8024856,0.0847418,-10.105748
9142887190,9142886064,-0.7505306,0.06714245,-10.245998
9142893550,9142892831,-0.69246745,-0.03915377,-10.191294
9142901941,9142901220,-0.7691288,-0.03100035,-10.081314
9142912824,9142909384,-0.7905193,-0.025381852,-10.046686
9142921725,9142916079,-0.49380878,-0.26974577,-10.110155
9142925905,9142924758,0.06286648,-0.5502156,-10.341587
9142933263,9142932533,0.2173053,-0.25558224,-10.499974
9142941772,9142940809,-0.25640848,0.3035806,-10.197123
9142951116,9142947291,-0.7997565,0.4026054,-9.673813
9142959425,9142954998,-1.0541015,0.32542816,-9.38307
9142964705,9142963949,-1.0237269,0.5476417,-9.294636
9142972114,9142971373,-0.85529464,0.781279,-9.166861
9142981455,9142978735,-0.74502987,0.49078894,-9.105394
9142991962,9142986426,-0.88422966,-0.13488553,-9.249466
9142997200,9142995152,-1.3631045,-0.2507576,-9.331561
9143003553,9143002827,-1.3461744,-0.27595377,-9.591667
9143012048,9143011102,-0.7437886,-0.664394,-9.879622
9143021410,9143018692,-0.7766505,-0.5575831,-9.601743
9143031784,9143025372,-0.9567308,-0.306136,-9.463384
9143034918,9143034201,-0.66389805,-0.44799927,-9.668765
9143042322,9143041590,-0.52696663,-0.5199403,-9.809487
9143050668,9143049049,-0.52347296,-0.37268952,-10.089524
9143062067,9143056749,-0.35864937,-0.16443326,-10.491721
9143067320,9143065453,-0.21719366,0.013595719,-10.65921
9143073739,9143073016,-0.27444908,0.121786855,-10.4453335
9143082522,9143081808,-0.39787894,0.0857784,-10.118361
9143090868,9143088151,-0.40588588,-0.07774723,-9.94022
9143101254,9143095741,-0.3363772,-0.24102725,-9.911207
9143105447,9143104719,-0.38734797,-0.18790105,-9.956294
9143112907,9143112142,-0.5533847,0.23083246,-10.105661
9143121194,9143119377,-0.6035456,0.52649605,-10.209042
9143131615,9143127192,-0.44247544,0.078431934,-10.031132
9143137791,9143136667,-0.16637348,-0.82562464,-9.838248
9143144274,9143143543,-0.17556821,-1.2345675,-9.770892
9143152689,9143151727,-0.74126595,-0.7463888,-9.498385
9143161080,9143158346,-1.1705878,-0.18543442,-9.263318
9143171585,9143166035,-0.8968023,-0.1335892,-9.493818
9143175704,9143174985,-0.48159045,-0.31533894,-9.805925
9143183112,9143182357,-0.44828197,-0.4696841,-9.814156
9143191465,9143189637,-0.57236314,-0.43266487,-9.732489
9143201853,9143197442,-0.55441725,-0.23176114,-9.746241
9143210289,9143206223,-0.43196437,-0.082381,-9.771617
9143214517,9143213773,-0.36177585,-0.054551065,-9.73573
9143223232,9143222488,-0.408519,-0.042564914,-9.648647
9143231839,9143228913,-0.55273706,0.052378275,-9.53266
9143241580,9143236638,-0.7113117,0.1970513,-9.470669
9143246899,9143245708,-0.70210135,0.24988028,-9.589481
9143253531,9143252776,-0.44269472,0.0858399,-9.833803
9143261857,9143260041,-0.1341995,-0.20537737,-9.987385
9143280723,9143276267,0.15110251,-0.4906629,-10.036345
9143286082,9143285316,0.35476103,-0.30648696,-10.144209
9143293456,9143292527,0.20232697,0.44559294,-10.267977
9143301807,9143299084,-0.17617986,0.6476251,-10.266154
9143312228,9143306886,-0.4840806,0.071275115,-10.177853
9143317411,9143315584,-0.6375484,-0.4037504,-10.099936
9143323832,9143323087,-0.64081764,-0.53203726,-10.044731
9143332847,9143331904,-0.54473984,-0.53571963,-9.94781
9143341695,9143338928,-0.37661678,-0.5407673,-9.793571
9143352102,9143346252,-0.22177666,-0.7433971,-9.641282
9143355203,9143354483,-0.10993846,-1.2532543,-9.548575
9143363586,9143362867,-0.24012882,-1.7314562,-9.542629
9143371949,9143369634,-0.79471326,-1.81004,-9.607263
9143382343,9143377432,-1.0754067,-1.3759501,-9.697152
9143387605,9143386462,-0.66386944,-0.88794065,-9.750217
9143394957,9143394241,-0.33843687,-0.8856009,-9.772365
9143402315,9143401606,-0.41916165,-1.0824069,-9.792427
9143411737,9143409009,-0.5228529,-1.0767702,-9.780422
9143422527,9143416509,-0.52314764,-0.84600437,-9.757058
9143425688,9143424936,-0.45668328,-0.51335436,-9.772833
9143434102,9143433383,-0.27990907,-0.36518317,-9.749086
9143442519,9143441606,-0.06957582,-0.47149497,-9.638326
9143451897,9143447849,-0.062714174,-0.33962095,-9.646396
9143458084,9143456949,-0.14833988,0.10906315,-9.802675
9143465490,9143464732,-0.20399141,0.36118552,-9.862301
9143472907,9143472150,-0.2660473,0.30586752,-9.883816
9143482231,9143479508,-0.05571779,-0.066938125,-10.2151985
9143492694,9143486842,0.2367789,-0.57154214,-10.477967
9143496994,9143495793,0.13037926,-0.74766344,-10.129636
9143504433,9143503515,-0.0977876,-0.6501077,-9.773333
9143513113,9143512166,-0.04995277,-0.4443515,-9.801413
9143522715,9143518132,0.14415753,0.105172426,-10.016741
9143530083,9143525815,0.17836386,0.65116364,-10.23325
9143535524,9143534766,0.02354066,0.42498848,-10.150766
9143543055,9143542320,-0.13017036,-0.2055476,-9.921845
9143552415,9143549697,-0.21646,-0.50112367,-9.831482
9143562808,9143557182,-0.27247778,-0.53113323,-9.809166
9143567966,9143565948,-0.25061312,-0.59526366,-9.733307
9143574351,9143573630,-0.2020604,-1.0243515,-9.559296
9143582854,9143582116,-0.4638709,-1.9819325,-9.382332
9143592333,9143589412,-0.8524912,-2.374313,-9.419132
9143602761,9143596303,-0.69000185,-1.6014345,-9.612328
9143605851,9143605134,-0.23637277,-1.0294734,-9.681358
9143613261,9143612540,-0.107575804,-1.1581247,-9.627422
9143622823,9143620290,-0.16047283,-1.2424088,-9.597382
9143632697,9143627941,-0.20429462,-0.99552345,-9.633602
9143638006,9143636179,-0.29239035,-0.45002836,-9.763763
9143644396,9143643672,-0.41626656,0.3873486,-10.217648
9143652804,9143651881,-0.26542872,0.7481373,-10.592844
9143662170,9143659445,0.12657025,0.06846893,-10.231429
9143672756,9143666904,0.15743512,-0.62432355,-9.778122
9143675928,9143675177,-0.046079807,-0.7599372,-9.747077
9143684302,9143683576,-0.09546158,-0.7137126,-9.8129835
9143692738,9143691810,-0.059887923,-0.66185373,-9.828064
9143703123,9143697810,-0.0033878423,-0.6339507,-9.828762
9143708306,9143707187,0.05477712,-0.61124897,-9.845314
9143714666,9143713950,0.059769906,-0.5922136,-9.855652
9143723099,9143722144,-0.047770377,-0.5365586,-9.863306
9143732492,9143729764,-0.06508025,-0.015110835,-10.031456
9143742925,9143737111,0.11825111,0.761319,-10.292891
9143746059,9143745338,0.15590896,0.63629794,-10.212182
9143754533,9143753755,-0.024235088,-0.2842214,-9.859061
9143762879,9143761954,-0.22489305,-1.0379028,-9.637664
9143772259,9143768442,-0.41025627,-1.5381534,-9.510431
9143778419,9143777296,-0.62460816,-1.9815696,-9.430149
9143785807,9143785085,-0.71369827,-1.8812195,-9.528158
9143793173,9143792447,-0.4667008,-1.2721437,-9.615863
9143802685,9143799718,-0.22024421,-1.1310419,-9.572304
9143813043,9143807422,-0.21330827,-1.3565042,-9.600807
9143818193,9143817074,-0.3045468,-1.1278173,-9.742261
9143824578,9143823855,-0.367428,-0.47636914,-9.884577
9143832967,9143832051,-0.26894802,0.15654401,-10.095655
9143842534,9143839581,-0.0068734884,0.30185372,-10.250306
9143852919,9143846671,0.20818564,-0.10839121,-10.069071
9143856031,9143855295,0.14463851,-0.46603668,-9.837564
9143863386,9143862670,-0.05586654,-0.62831885,-9.795294
9143872827,9143870102,-0.13728805,-0.70801157,-9.808605
9143883195,9143877675,-0.099820204,-0.6912067,-9.816958
9143888379,9143886358,-0.05163801,-0.68898827,-9.816851
9143894738,9143893821,-0.051163353,-0.69161075,-9.816374
9143903117,9143902192,-0.059542924,-0.6781701,-9.816323
9143912512,9143909788,-0.01892253,-0.6608212,-9.8164
9143922921,9143916894,0.100059345,-0.57607305,-9.865666
9143926045,9143925326,0.068404116,0.0039342195,-10.118082
9143934562,9143933809,-0.13830608,1.0766157,-10.510167
9143942917,9143940399,-0.07912107,1.062103,-10.592579
9143954561,9143949211,0.6416157,-1.1001941,-10.4474325
9143958686,9143957566,1.0855508,-3.0021234,-10.2951765
9143965062,9143964337,-0.020592213,-2.3851023,-9.8069105
9143973519,9143972561,-1.3481869,-0.93020964,-9.268753
9143982899,9143980174,-1.5856895,-0.2543154,-9.175185
9143993291,9143987276,-1.3449761,-0.08939622,-9.363411
9143996432,9143995711,-1.1153421,-0.12766221,-9.5269375
9144004733,9144003962,-0.91575444,-0.16288716,-9.567087
9144013689,9144011137,-0.6965865,-0.321936,-9.553327
9144023375,9144018657,-0.51761174,-0.7014495,-9.535229
9144028545,9144027427,-0.45312452,-0.945089,-9.506855
9144035927,9144035200,-0.45518133,-0.87862974,-9.496835
9144043376,9144042644,-0.39714575,-0.7423317,-9.500346
9144052735,9144050019,-0.4508375,-0.54644346,-9.542817
9144063131,9144057621,-0.75454915,-0.10251618,-9.697154
9144067347,9144066418,-0.8861898,0.13697484,-9.810765
9144074777,9144074038,-0.68446475,-0.08778178,-9.869658
9144083349,9144081128,-0.30427307,-0.21167511,-10.093523
9144092893,9144089041,0.1480221,0.046982042,-10.341052
9144099084,9144097924,0.4118495,0.38652527,-10.3580885
9144106549,9144105785,0.3846147,0.32188,-10.188532
9144113871,9144113151,0.2711208,0.036137007,-10.023065
9144123329,9144120614,0.26569822,0.4157434,-10.138152
9144132731,9144128218,0.2499848,1.2114016,-10.430224
9144138974,9144137828,-0.09247762,1.2967035,-10.424607
9144145508,9144144732,-0.72466576,0.6814314,-10.15649
9144153887,9144152933,-1.0349141,0.004433587,-9.978575
9144163433,9144160675,-0.6624148,-0.40452772,-9.940281
9144173710,9144167056,-0.10796499,-0.4841864,-9.905579
9144176800,9144176077,-0.022572748,-0.5634092,-9.817774
9144184255,9144183487,-0.37949467,-0.833206,-9.715544
9144192700,9144190646,-0.9142678,-1.4230238,-9.5974
9144203089,9144198539,-1.4799194,-2.1655035,-9.475439
9144209287,9144207452,-1.6351435,-2.1152043,-9.438124
9144215631,9144214912,-1.1059604,-1.12131,-9.48521
9144224055,9144223113,-0.501065,-0.35801065,-9.469492
9144233534,9144230548,-0.47130516,-0.39937133,-9.380545
9144243917,9144237508,-0.712314,-0.5804849,-9.389391
9144247099,9144246346,-0.83591795,-0.4881398,-9.504774
9144254522,9144253760,-0.8323374,-0.35262522,-9.621601
9144262837,9144261016,-0.71277916,-0.25164437,-9.699857
9144273985,9144269441,-0.4798862,-0.044602834,-9.846591
9144279168,9144278023,-0.13279036,0.24653958,-10.204071
9144285521,9144284777,0.16991137,0.44752273,-10.546185
9144293907,9144292985,0.21015778,0.46707386,-10.508394
9144303306,9144300564,0.016566664,0.28829363,-10.167501
9144313738,9144307922,-0.15168908,0.39161846,-10.024789
9144316946,9144316217,-0.22548997,1.0655867,-10.220483
9144325376,9144324656,-0.3318519,1.2725074,-10.272112
9144333803,9144332878,-0.53699946,0.5087427,-10.067455
9144343267,9144339216,-0.7928097,-0.24611522,-9.951092
9144349498,9144348334,-0.84967,-0.3334175,-9.940821
9144355935,9144355163,-0.5821624,-0.1505658,-9.899423
9144364341,9144363412,-0.1287145,-0.34517092,-9.915271
9144373756,9144371039,-0.011963565,-0.9493418,-9.936908
9144383155,9144378242,-0.673492,-1.4505577,-9.740307
9144388357,9144387235,-1.5226659,-1.551501,-9.420332
9144395816,9144395097,-1.7895025,-1.0818225,-9.231138
9144404266,9144403298,-1.338495,-0.36154217,-9.279685
9144413752,9144409534,-0.70271707,-0.37270042,-9.457647
9144421059,9144417403,-0.56305856,-0.875153,-9.574652
9144426582,9144425758,-0.8211299,-0.8763058,-9.620854
9144435357,9144434548,-0.99492604,-0.41242898,-9.676438
9144444429,9144441691,-0.9409716,0.06635779,-9.772946
9144453260,9144448730,-0.71499324,0.25684607,-9.892888
9144458912,9144456886,-0.46116048,0.19363375,-10.081441
9144466327,9144465577,-0.39331833,0.317993,-10.326167
9144475029,9144474093,-0.4279097,0.6542646,-10.379137
9144483520,9144480804,-0.31978798,0.8081216,-10.177134
9144493928,9144487713,-0.116695754,0.5762197,-9.948361
9144497057,9144496341,-0.07113864,0.45066345,-9.98752
9144504655,9144503860,-0.20455752,0.9256598,-10.2514515
9144513165,9144511115,-0.3571294,1.2559079,-10.214832
9144523962,9144519134,-0.53725934,0.88760275,-9.885811
9144529824,9144527650,-0.71806014,0.4269086,-9.743623
9144536151,9144535422,-0.6709799,0.25570762,-9.80063
9144545234,9144544284,-0.46538734,0.060598552,-9.845958
9144553733,9144550812,-0.53383654,-0.39059696,-9.814448
9144564277,9144558247,-1.0041591,-0.94610876,-9.704406
9144567409,9144566675,-1.5761501,-1.3810027,-9.555149
9144574882,9144574145,-1.8423841,-1.3748935,-9.47222
9144584444,9144582410,-1.5166447,-0.6979444,-9.496318
9144593844,9144589411,-0.9419276,0.006864235,-9.534484
9144600107,9144598942,-0.63004315,-0.1132571,-9.566995
9144606548,9144605782,-0.5665413,-0.6104513,-9.557015
9144614979,9144614050,-0.56291157,-0.3771094,-9.579
9144623402,9144620884,-0.48326266,0.28073996,-9.710598
9144633811,9144628485,-0.47225344,0.28057653,-9.725984
9144637979,9144637255,-0.6310061,0.102657855,-9.715206
9144645431,9144644675,-0.7606149,0.3062152,-9.856662
9144653770,9144651748,-0.7446207,0.38849634,-10.075213
9144665253,9144660528,-0.67762583,0.31011146,-10.339649
9144670440,9144669310,-0.75378203,0.2422935,-10.459586
9144676375,9144675642,-0.8669184,0.086224794,-10.262914
9144684934,9144683982,-0.75924325,-0.049777962,-9.955841
9144693764,9144691196,-0.4941184,-0.09133123,-9.846938
9144704281,9144698959,-0.22266236,-0.2270602,-10.033606
9144709411,9144708290,-0.18042776,-0.13515213,-10.298084
9144715778,9144715054,-0.486929,0.37609544,-10.305027
9144724128,9144722311,-0.7551892,0.6777745,-10.024488
9144733532,9144730794,-0.74706155,0.63862985,-9.655622
9144743992,9144737972,-0.58654857,0.5387875,-9.302139
9144747132,9144746410,-0.39750022,0.30861756,-8.940266
9144755559,9144754839,-0.4477518,-0.1182885,-8.762406
9144763915,9144761583,-0.97647166,-0.78207,-9.38076
9144774314,9144769203,-1.3789743,-1.0558357,-10.203865
9144779837,9144777770,-1.1219649,-0.54738647,-10.009752
9144786188,9144785455,-0.8055837,-0.25803447,-9.5204525
9144794551,9144793633,-0.7354589,-0.40224677,-9.533201
9144803924,9144801202,-0.5781472,-0.49468064,-9.642976
9144814371,9144808347,-0.36419487,-0.57387143,-9.685937
9144817536,9144816814,-0.4024266,-0.44345495,-9.819701
9144825942,9144825223,-0.63456905,-0.05374974,-9.970419
9144834317,9144831979,-0.6753095,0.10614716,-9.947894
9144844715,9144839589,-0.51406187,-0.051094517,-9.975458
9144849876,9144848757,-0.4556259,-0.14405257,-10.270875
9144857271,9144856545,-0.4973878,-0.0810357,-10.447927
9144864744,9144864020,-0.49313182,0.006305959,-10.264223
9144874156,9144871446,-0.45676008,-0.03461343,-10.030438
9144884572,9144878958,-0.50833035,-0.124845915,-9.980228
9144888750,9144888024,-0.65585214,-0.011473056,-10.074184
9144896132,9144895212,-0.5916275,0.06925084,-10.156022
9144904548,9144902298,-0.25576016,-0.22522195,-10.149502
9144913903,9144910088,-0.09212798,-0.56029993,-10.063847
9144920133,9144918965,-0.28770754,-0.59176683,-9.865532
9144927484,9144926759,-0.63139236,-0.4473567,-9.58623
9144934857,9144934135,-0.9259254,-0.26722226,-9.37414
9144944355,9144941603,-0.99826574,-0.11981186,-9.341854
9144954847,9144949229,-0.78947985,-0.14405923,-9.460757
9144959007,9144957883,-0.5515474,-0.29852936,-9.622497
9144966465,9144965685,-0.55337036,-0.34528914,-9.715746
9144974918,9144973975,-0.67139983,-0.27742487,-9.7020235
9144984329,9144980507,-0.70255065,-0.18965828,-9.65452
9144993709,9144989150,-0.6380835,-0.111975014,-9.649981
9144997926,9144997003,-0.5038047,-0.12311363,-9.676743
9145005297,9145004568,-0.36968964,-0.20729817,-9.699541
9145014721,9145011968,-0.29758644,-0.29369414,-9.688133
9145034544,9145028888,-0.21959758,-0.38252833,-9.664375
9145037721,9145035163,-0.18530542,-0.303616,-9.810641
9145045095,9145044170,-0.15914497,-0.17203382,-10.228151
9145054558,9145051770,-0.029861592,-0.3833832,-10.6575165
9145064925,9145058681,-0.05818564,-0.59086066,-10.6480875
9145068040,9145067283,-0.1539312,-0.24941541,-10.236745
9145075713,9145074971,0.025360778,0.5411521,-10.059663
9145084083,9145082237,0.30359262,1.0012329,-10.103892
9145094489,9145090046,0.36115852,0.6854062,-9.953472
9145100642,9145098612,0.196421,0.29347593,-9.826237
9145106980,9145106260,0.08619954,0.2709436,-9.794814
9145115503,9145114554,0.09897132,0.26673138,-9.663788
9145124893,9145122146,0.042704836,-0.05754663,-9.501396
9145134230,9145129108,-0.21933448,-0.8006661,-9.492589
9145138370,9145137655,-0.64432824,-1.6952957,-9.640381
9145145774,9145145057,-0.93127835,-2.3161962,-9.72283
9145155206,9145154284,-1.0443941,-2.5777152,-9.738115
9145164575,9145160152,-1.0802596,-2.409004,-9.793228
9145170800,9145169669,-0.80201405,-1.8218296,-9.7775
9145177229,9145176506,-0.37910402,-1.3057663,-9.678101
9145185675,9145184716,-0.21184835,-1.0696212,-9.609037
9145194991,9145192075,-0.17129922,-0.88183236,-9.587224
9145204511,9145199570,-0.070334345,-0.5326383,-9.615241
9145208726,9145207740,-0.2367938,0.37025762,-10.19502
9145217089,9145216360,-0.41030854,0.92073315,-10.85578
9145225513,9145224550,-0.10659137,0.069696546,-10.414545
9145234864,9145230839,0.037176162,-0.721922,-9.760798
9145241061,9145239928,-0.106634796,-0.6891436,-9.74359
9145248425,9145247703,-0.076120906,-0.6365013,-9.855712
9145255792,9145255073,0.008989814,-0.68998355,-9.875123
9145265176,9145262241,0.01608327,-0.72124755,-9.857296
9145275743,9145269927,0.17630704,-0.820907,-9.850279
9145279942,9145278807,0.4564586,-0.9202497,-9.88253
9145287488,9145286751,0.5816081,-0.91729903,-9.898526
9145295931,9145295173,0.81585604,-1.0110208,-9.844959
9145304290,9145301535,0.9880583,-1.0742768,-9.931809
9145314652,9145309038,0.3588622,-0.83044195,-10.169981
9145317818,9145317088,-0.7532767,-0.574054,-10.249876
9145326193,9145325472,-1.348495,-0.6759741,-10.143411
9145334524,9145332509,-1.0997941,-0.97319454,-9.965092
9145344934,9145340220,-0.6321542,-0.9788811,-9.8079405
9145351139,9145349312,-0.68485224,-0.544549,-9.758945
9145357518,9145356779,-1.0041027,0.0010681152,-9.742153
9145365966,9145365219,-1.0344334,0.29036623,-9.727184
9145374390,9145371469,-0.7455263,0.16734417,-9.705829
9145384761,9145379249,-0.37674868,-0.16573764,-9.596789
9145388928,9145388209,-0.16526735,-0.3456572,-9.486099
9145396373,9145395653,-0.06114547,-0.24391168,-9.519186
9145404720,9145402892,-0.04178766,0.03845288,-9.61479
9145415563,9145410648,-0.2384333,0.061185755,-9.712414
9145420733,9145419613,-0.42408186,-0.31901354,-9.836556
9145428131,9145427418,-0.38831687,-0.4894522,-9.964221
9145435543,9145434817,-0.3356095,-0.3503425,-10.010365
9145444940,9145442223,-0.37610343,-0.31361836,-9.907288
9145456060,9145449809,-0.41258633,-0.35254076,-9.844929
9145458621,9145457901,-0.40442383,-0.3440624,-9.863936
9145467085,9145466308,-0.3620107,-0.3296016,-9.809309
9145475439,9145473119,-0.25845927,-0.34247646,-9.748742
9145484828,9145481000,-0.08304089,-0.3468947,-9.739416
9145490998,9145489878,0.209423,-0.26924264,-9.630081
9145498396,9145497675,0.4509668,-0.222292,-9.478043
9145505952,9145505173,0.38027787,-0.32640404,-9.50614
9145515539,9145512790,0.12575965,-0.4266105,-9.705753
9145525089,9145520141,-0.171951,-0.3746806,-9.936041
9145530434,9145529231,-0.47785318,-0.34951618,-10.092498
9145536959,9145536217,-0.6096638,-0.5638764,-10.183534
9145545320,9145543500,-0.3663613,-0.9620666,-10.295036
9145555781,9145552451,0.0405484,-1.2612756,-10.373768
9145563052,9145559005,-0.04708745,-1.0895144,-10.197887
9145568290,9145567566,-0.6884101,-0.6494976,-9.869925
9145576704,9145575947,-1.0453897,-0.47457075,-9.763367
9145585066,9145582544,-0.66461885,-0.6235134,-9.944995
9145595457,9145590536,-0.016196772,-0.9275377,-10.286718
9145600631,9145598605,0.31884462,-1.1690184,-10.610359
9145608052,9145607293,0.14184397,-0.9975116,-10.579667
9145616421,9145615497,-0.45872432,-0.21943265,-10.115414
9145624828,9145622109,-1.1003681,0.5187732,-9.499149
9145635354,9145629726,-1.6673473,0.44052196,-9.036183
9145638524,9145637774,-2.034989,0.16673982,-9.058466
9145646919,9145646187,-1.6268847,0.22428897,-9.5579815
9145655290,9145652937,-0.6321914,0.1208143,-9.874344
9145667351,9145661472,0.2219841,-0.043695375,-9.654114
9145671334,9145669469,0.46524182,0.034253724,-9.416689
9145677915,9145677178,-0.07394798,0.04038675,-9.569338
9145686435,9145685674,-0.7732053,-0.11807012,-9.840323
9145695764,9145692835,-0.83632696,-0.09967439,-9.803932
9145705320,9145699986,-0.44436026,0.055877205,-9.594309
9145709526,9145708767,-0.007149875,0.053364534,-9.481599
9145716983,9145716174,0.5665179,-0.19031957,-9.225496
9145725245,9145723430,0.83880365,-0.47637075,-8.94048
9145735626,9145731211,0.10858002,-0.40581924,-9.131655
9145741314,9145740156,-0.9378096,-0.1641256,-9.615615
9145748722,9145747932,-1.1922988,-0.03669189,-10.016669
9145756039,9145755295,-0.90673006,-0.1300861,-10.432653
9145765413,9145762494,-0.6604527,-0.57755846,-10.710585
9145775791,9145770279,-0.5423374,-0.8568603,-10.642097
9145779950,9145779030,-0.5469337,-0.81212467,-10.525055
9145787415,9145786647,-0.5121758,-0.8397539,-10.517942
9145797052,9145793911,-0.55603385,-1.0392519,-10.70426
9145805523,9145801658,-0.91036785,-1.3627629,-11.20712
9145811702,9145810561,-1.19753,-1.4930503,-11.61179
9145819131,9145818365,-1.114134,-1.336691,-11.578759
9145826514,9145825768,-0.82843864,-1.151694,-11.234628
9145835855,9145833129,-0.25834775,-0.80384123,-10.520759
9145846346,9145840832,0.78475344,0.27985513,-8.931004
9145851511,9145850387,1.7220685,1.5818721,-7.2689734
9145866100,9145859478,1.9128518,1.7776424,-7.198203
9145869274,9145865046,1.8254193,1.2517596,-7.882314
9145875663,9145872044,1.9753225,0.96003306,-7.934448
9145883980,9145879740,2.0338917,1.0024885,-7.7336664
9145889220,9145888488,1.8484538,1.1152829,-7.714263
9145897531,9145896764,1.6362482,0.935295,-7.825026
9145906005,9145903291,1.1075878,0.37326193,-8.4245205
9145916435,9145911077,0.32273296,-0.36669046,-9.516869
9145921595,9145919567,-0.0049021863,-0.7387608,-10.106131
9145927955,9145927230,-1.5809608,-2.050612,-12.08214
9145936372,9145935450,-3.2939427,-3.452807,-14.081791
9145945903,9145943175,-1.581641,-1.9361148,-11.731187
9145955732,9145950101,0.38970256,-0.2269557,-9.202687
9145959907,9145959151,0.2867124,-0.38941056,-9.451209
9145967410,9145966672,-0.038497124,-0.67876065,-9.93093
9145975796,9145973580,-0.15824042,-0.71318895,-10.1062355
9145986203,9145981485,-0.42572564,-1.2388529,-10.817593
9145992447,9145991312,-0.7295222,-1.777287,-11.572266
9145997962,9145997033,-0.6218588,-1.1853594,-11.055358
9146007147,9146006326,-0.25294724,-0.49556452,-10.25448
9146016251,9146013328,0.21419281,-0.6107894,-10.098377
9146026699,9146020669,1.0606443,-0.8949909,-10.037096
9146029892,9146029144,1.2481753,-0.6015179,-9.808275
9146037321,9146036577,-0.04399872,0.31416917,-9.363455
9146045872,9146044049,-0.6772853,1.002783,-8.768694
9146056258,9146052241,0.34218892,1.1305103,-8.256218
9146062514,9146061313,1.2020932,1.1108704,-8.048397
9146068807,9146068074,1.1767678,1.0720986,-8.168178
9146077252,9146076494,0.99385047,0.84814847,-8.488464
9146085599,9146083079,0.87347585,0.4739807,-8.927354
9146096099,9146090947,0.6306928,0.14443278,-9.368525
9146100284,9146099150,0.37965417,-0.07620941,-9.689735
9146107652,9146106927,0.24552283,-0.23189998,-9.864364
9146116044,9146114401,0.17257184,-0.32612514,-9.9119625
9146126528,9146122111,0.08877659,-0.36803225,-9.899355
9146133787,9146129963,-0.00022589602,-0.40738285,-9.921326
9146139165,9146138423,-0.095905386,-0.5315742,-10.065442
9146147590,9146146868,-0.22718093,-0.7169433,-10.317837
9146155942,9146153629,-0.6133525,-1.2311001,-10.980721
9146167446,9146161918,-0.84293723,-1.5381353,-11.279615
9146171634,9146169599,-0.4534593,-0.91439235,-10.396025
9146177998,9146177272,-0.16721919,-0.4708773,-9.809396
9146187417,9146186491,-0.15173538,-0.55733514,-9.938868
9146195771,9146193054,-0.061086662,-0.5631804,-9.992324
9146206251,9146200420,0.046101585,-0.32572764,-9.968392
9146209411,9146208674,0.27613127,0.372349,-9.957529
9146217799,9146217071,0.57096756,1.032573,-9.912902
9146226325,9146223975,0.60927236,0.9015174,-9.751498
9146236716,9146231778,0.46581197,0.3337915,-9.546781
9146241967,9146240099,0.22847539,-0.1860313,-9.403442
9146249385,9146248614,-0.23517999,-0.83831793,-9.396273
9146256721,9146255980,-0.53282523,-1.351368,-9.490711
9146266122,9146263403,-0.40407628,-1.3048939,-9.598238
9146276527,9146270910,-0.31955573,-1.09656,-9.737098
9146279693,9146278949,-0.50388575,-1.1929283,-9.865178
9146288127,9146287360,-0.7688046,-1.4666975,-10.165082
9146296449,9146294232,-0.86618006,-1.4130759,-10.462853
9146307310,9146301951,-0.47863382,-0.90382946,-10.205561
9146312531,9146311379,-0.09860111,-0.5324808,-9.859446
9146318871,9146318145,-0.2225671,-0.525555,-9.844912
9146327282,9146326340,-0.3066222,-0.6301676,-9.883379
9146336700,9146333748,-0.17778352,-0.7092156,-9.860395
9146347107,9146341057,-0.08877498,-0.7450685,-9.809084
9146350204,9146349490,-0.057845816,-0.75137305,-9.785512
9146358738,9146357990,-0.09664731,-0.71829224,-9.811163
9146367127,9146366191,-0.12835321,-0.70453256,-9.839148
9146376517,9146372499,-0.07857089,-0.7431439,-9.799545
9146382742,9146381613,-0.058625765,-0.75830877,-9.732567
9146390231,9146389469,-0.33448914,-1.0948712,-9.899567
9146397829,9146396908,-0.6355793,-1.9430432,-10.17995
9146406199,9146403674,-0.5338682,-2.0783937,-10.120304
9146417189,9146412033,-0.3688392,-1.0021458,-9.933774
9146421874,9146420754,-0.2865051,-0.17222048,-9.859674
9146428267,9146427498,-0.17761898,-0.09960082,-9.766976
9146437639,9146436909,-0.056745667,-0.04690046,-9.736265
9146447085,9146444335,0.074016154,0.06603997,-9.744011
9146456480,9146450661,0.16858889,0.07331197,-9.6510315
9146459592,9146458879,0.4103491,0.18035707,-9.49035
9146468118,9146467308,0.45114398,0.14569776,-9.494216
9146476715,9146474151,-0.06568983,-0.30311415,-9.718937
9146487085,9146481934,-0.35805476,-0.61209905,-9.77021
9146492246,9146490399,0.052262723,-0.55014884,-9.512172
9146498616,9146497900,0.69367445,-0.40447277,-9.189072
9146508177,9146507230,0.7219013,-0.45728496,-9.362958
9146516776,9146513755,-0.09141874,-0.8316674,-10.312372
9146527354,9146521070,-0.5919343,-0.97521657,-10.776474
9146530610,9146529796,-0.31356284,-0.66619074,-10.166291
9146537979,9146537254,-0.12966256,-0.45654655,-9.739412
9146546373,9146544554,-0.17219694,-0.50069225,-9.821181
9146556806,9146552269,-0.09127319,-0.5780206,-9.877842
9146563128,9146561939,0.04030139,-0.62280387,-9.852693
9146569433,9146568709,0.24788633,-0.72025853,-9.789834
9146577854,9146577134,0.5124237,-0.6228986,-9.786058
9146586211,9146583683,0.56231534,-0.23695596,-9.875925
9146596616,9146591296,0.5097197,-0.1698834,-9.899777
9146600771,9146600050,0.54942286,-0.45018932,-9.857355
9146608245,9146607483,0.31287795,-0.7118683,-9.865061
9146616670,9146614822,-0.44643432,-1.0989444,-9.974129
9146626994,9146622777,-1.142776,-1.4578753,-10.081186
9146633185,9146632057,-1.0830142,-1.2605515,-10.017412
9146639674,9146638911,-0.69349027,-0.6883553,-9.917958
9146648148,9146647223,-0.6541232,-0.3820369,-9.92465
9146656497,9146654176,-0.7173828,-0.4653023,-9.952114
9146666939,9146661976,-0.5942463,-0.58662236,-9.914755
9146671089,9146670131,-0.39103824,-0.49950632,-9.717542
9146678349,9146677629,-0.08302166,-0.26366803,-9.399782
9146687501,9146685288,0.36627784,0.056146443,-9.232125
9146696941,9146693124,0.6011053,0.2292671,-9.35479
9146705279,9146700858,0.5907647,0.14875245,-9.45137
9146710529,9146709810,0.88208395,0.30134302,-9.285189
9146717952,9146717214,1.2889272,0.6732027,-9.144458
9146727506,9146724558,0.21712828,-0.2116692,-10.136938
9146736943,9146732220,-1.7250302,-2.0791442,-11.478584
9146743142,9146741109,-1.5417638,-2.253167,-10.861519
9146749585,9146748826,-0.08069906,-1.080585,-9.679754
9146757953,9146757033,0.35094103,-0.47496998,-9.652357
9146767331,9146764413,0.04627433,-0.42503482,-9.902815
9146777777,9146771364,-0.16492584,-0.5722558,-9.915094
9146780728,9146779955,0.010410309,-0.64304507,-9.853874
9146788371,9146787653,0.24790332,-0.5636202,-9.832721
9146796728,9146794714,0.38548532,-0.4770562,-9.840363
9146807149,9146802635,0.55228037,-0.3326422,-9.8642845
9146813544,9146811479,0.6499023,-0.0758443,-9.875487
9146819943,9146819138,0.6356382,0.24267256,-9.913131
9146828294,9146827371,0.7209008,0.6414706,-9.977978
9146836748,9146834033,0.90926903,0.8187481,-10.178846
9146847181,9146841562,0.692317,-0.06881377,-10.550613
9146851338,9146850615,0.0007644892,-1.3596184,-10.540601
9146858733,9146858016,-0.94778496,-1.6087515,-9.923193
9146867146,9146865114,-2.380838,-1.731519,-9.272869
9146877548,9146873035,-3.4701233,-2.4718716,-9.138311
9146883741,9146882619,-2.7221603,-2.30773,-9.588452
9146890175,9146889424,-0.9855483,-1.1781728,-9.993441
9146897662,9146896903,-0.2224909,-0.65164983,-9.854123
9146907042,9146904318,-0.17879647,-0.5090848,-9.533591
9146917522,9146911985,0.14007974,0.04623197,-9.372463
9146921698,9146920947,0.5059439,0.6396839,-9.39707
9146929129,9146928336,0.60088134,0.6013607,-9.568621
9146937488,9146935622,0.54421055,0.080221966,-9.648685
9146948278,9146943561,0.3309525,-0.17757896,-9.538853
9146953505,9146952342,0.05884685,-0.1928223,-9.457499
9146960898,9146960143,-0.06861828,-0.37299106,-9.594511
9146968303,9146967543,-0.31172228,-0.7669136,-10.104185
9146977681,9146975132,-0.79892427,-1.1546412,-10.716487
9146987324,9146982412,-0.8481388,-1.1344383,-10.636237
9146992513,9146991388,-0.3520345,-0.77070355,-10.023668
9146999924,9146999166,-0.068330556,-0.61659724,-9.771292
9147008387,9147007445,-0.09252406,-0.69338053,-9.852862
9147017775,9147014857,-0.13230771,-0.71812785,-9.88995
9147028371,9147021651,-0.035811324,-0.8333577,-9.9996605
9147030589,9147029823,0.09684713,-1.0412971,-10.2453785
9147038915,9147038192,-0.08900206,-0.9058093,-10.222871
9147047569,9147045042,-0.4869494,-0.43095875,-9.802625
9147057941,9147052627,-0.6724427,-0.16853768,-9.528042
9147063186,9147061147,-0.5750614,-0.2553646,-9.629928
9147069741,9147069010,-0.4387531,-0.3908275,-9.808551
9147078131,9147077211,-0.3861534,-0.4579462,-9.895193
9147087510,9147084791,-0.346223,-0.48593453,-9.888599
9147097918,9147091903,-0.3019942,-0.4718613,-9.822191
9147101047,9147100332,-0.2954228,-0.4449973,-9.754342
9147117569,9147112443,-0.39957786,-0.47125295,-9.748027
9147121279,9147115958,-0.6042833,-0.6524924,-9.915784
9147127599,9147123175,-0.6919901,-0.97357476,-10.20775
9147133803,9147131775,-0.6134865,-1.2403126,-10.311475
9147140241,9147139471,-0.47647655,-1.2649385,-10.069412
9147148931,9147147959,-0.19163206,-0.873543,-9.622869
9147157536,9147154805,0.53735894,-0.10205075,-9.028168
9147168121,9147162308,1.5420151,0.61155736,-8.327059
9147171338,9147170572,2.2234092,1.2997966,-7.726823
9147179731,9147179010,2.0004706,1.5609754,-7.5881352
9147188140,9147185822,-0.500336,-0.20222884,-10.070089
9147197509,9147193461,-2.7577486,-2.1296825,-13.028147
9147203716,9147202589,-1.2691834,-1.5579495,-11.584227
9147210508,9147209741,0.48775896,-0.5927143,-9.3237505
9147218840,9147217920,0.27397424,-0.6221965,-9.422319
9147227176,9147224856,-0.09308714,-0.72683173,-9.863266
9147237723,9147232578,-0.12277027,-0.70924515,-9.930554
9147242889,9147241958,-0.11177982,-0.6392901,-9.884176
9147250307,9147249542,-0.11918097,-0.61793256,-9.896751
9147258669,9147257751,-0.024830196,-0.7386501,-9.857476
9147268110,9147263858,0.010871921,-0.7948678,-9.809327
9147276376,9147271853,0.0066537336,-0.76059943,-9.818219
9147280605,9147279892,0.14688264,-0.8644107,-9.770677
9147289001,9147288282,0.22426742,-0.9275271,-9.725986
9147297376,9147295164,0.15556094,-0.82048094,-9.77603
9147307793,9147303077,0.13194546,-0.77954865,-9.87661
9147314019,9147311985,0.17465216,-0.86908597,-9.931786
9147320818,9147319884,0.24757536,-0.9248879,-9.943322
9147328204,9147327261,0.3346064,-1.0708481,-9.935333
9147337608,9147334889,0.45251322,-1.604027,-9.734153
9147348110,9147342059,0.4751004,-1.8162875,-9.490059
9147351219,9147350494,0.13082477,-1.0218495,-9.5991955
9147359672,9147358954,-0.3683451,-0.045530394,-9.8941345
9147368094,9147365730,-0.51953775,0.23577808,-9.968372
9147378498,9147373357,-0.21035649,-0.20911475,-9.8109255
9147383651,9147381818,0.021259882,-0.63689226,-9.753782
9147391052,9147390326,-0.1525935,-0.53756684,-9.8986635
9147398713,9147397947,-0.351521,-0.3435648,-10.008259
9147409093,9147405274,-0.30250648,-0.40865695,-9.968727
9147418542,9147412526,-0.08705659,-0.6682334,-9.844232
9147421713,9147420968,0.012600906,-0.8141629,-9.783715
9147430113,9147429386,-0.08025257,-0.72033715,-9.835894
9147438979,9147436461,-0.13191333,-0.6319939,-9.87323
9147448584,9147443863,-0.031509608,-0.68456525,-9.840394
9147454766,9147453646,-0.23731293,-0.5890633,-9.710452
9147461158,9147460222,-0.34115207,-0.20273493,-9.855
9147468554,9147467835,0.3491936,-0.13456945,-10.197412
9147477936,9147475218,0.5941256,-0.6805693,-9.946753
9147488434,9147482918,0.09741141,-1.0587493,-9.620915
9147492579,9147491861,-0.03166658,-0.8370825,-9.872504
9147500122,9147499341,0.34285527,-0.61257,-10.213661
9147508612,9147506361,0.6902992,-0.6115073,-10.287767
9147518161,9147514313,0.5013144,-0.5320413,-10.189533
9147524445,9147523294,0.003417775,-0.4580709,-10.066698
9147531038,9147530274,-0.13360143,-0.5457586,-9.88908
9147539526,9147538784,-0.02510865,-0.739266,-9.696711
9147548545,9147545370,-0.17993906,-0.80761397,-9.670585
9147558921,9147553398,-0.40992612,-0.56692415,-9.630146
9147564159,9147562927,-0.52868676,-0.38045835,-9.304192
9147570803,9147569864,-0.8191217,-0.6405779,-8.851566
9147579206,9147578259,-1.4604553,-1.3736413,-8.525963
9147588582,9147585865,-1.8031945,-1.6924689,-9.511492
9147599009,9147592394,-1.0444018,-0.76059234,-11.13077
9147602137,9147601423,-0.10655634,0.16994059,-10.7324
9147609621,9147608869,0.0026875585,0.024617612,-9.583174
9147617937,9147615721,-0.16000831,-0.4795996,-9.55334
9147628385,9147623664,-0.19016099,-0.65291494,-9.790701
9147634561,9147632537,-0.22218215,-0.5621233,-9.802496
9147641083,9147640350,-0.19315034,-0.686172,-10.04702
9147649636,9147648707,0.08249557,-1.0826657,-10.3641205
9147659100,9147656345,0.3266409,-1.1458904,-10.099265
9147668529,9147662855,0.1740025,-0.7921059,-9.747649
9147671658,9147670896,-0.20452726,-0.84797144,-10.109515
9147680057,9147679301,-0.58132946,-1.4625413,-10.957748
9147688394,9147686164,-0.54161924,-1.5568156,-11.23741
9147698757,9147694043,0.07391423,-1.1835434,-10.76373
9147704951,9147703827,0.5257807,-1.1188312,-10.408248
9147711345,9147710621,0.30198398,-0.8266021,-10.193104
9147719786,9147718864,0.008807652,-0.071061864,-9.592829
9147728286,9147725160,0.243256,0.5730349,-8.763896
9147738881,9147733254,0.6565583,0.9177667,-8.185144
9147742159,9147741393,0.8705967,1.0371537,-8.008696
9147750542,9147749811,0.94170123,0.96715426,-8.104484
9147758876,9147756659,0.9010624,0.7689798,-8.307219
9147769294,9147764579,0.74975896,0.57816786,-8.488908
9147774508,9147773340,0.5812606,0.50116205,-8.588465
9147781865,9147781141,-0.60932827,-0.65490806,-11.023415
9147789226,9147788509,-2.2114193,-2.0306356,-13.934832
9147798614,9147795900,-1.7145551,-0.9211456,-11.932539
9147809033,9147803516,-0.47549376,0.5070838,-9.047848
9147813188,9147812264,-0.4077499,-0.077730715,-9.144016
9147820655,9147819895,-0.6144093,-1.2913467,-9.901106
9147829073,9147827021,-0.51081973,-1.9170017,-10.203982
9147838517,9147834868,-0.29243046,-1.8105907,-10.155708
9147844725,9147843578,-0.1393753,-1.2958803,-10.144786
9147852143,9147851417,-0.1069676,-0.7858833,-10.190851
9147859509,9147858791,-0.17099693,-0.6473597,-10.040708
9147868952,9147866012,-0.22015323,-0.79328734,-9.8830385
9147879385,9147873832,-0.2502242,-0.9014523,-9.984806
9147884564,9147882523,-0.23960525,-0.7587851,-10.233363
9147890889,9147890174,-0.14323664,-0.47449195,-10.313167
9147899284,9147897436,-0.06847058,-0.2831204,-10.145571
9147910138,9147906818,0.12809996,-0.20052497,-9.967374
9147920096,9147913116,0.39530325,-0.18078826,-9.760658
9147922881,9147922151,0.100004435,-0.0047723353,-9.525501
9147931244,9147930308,-0.44342688,0.08004027,-9.530382
9147939773,9147937545,-0.43556812,-0.26674825,-9.699969
9147949179,9147944261,-0.22044608,-0.6883648,-9.839487
9147955409,9147953584,-0.30905062,-0.9741731,-10.037184
9147961787,9147961054,-0.5551593,-1.1502521,-10.31901
9147970207,9147969284,-0.6388547,-1.1194832,-10.515499
9147978621,9147975701,-0.45443356,-0.8623829,-10.465662
9147989204,9147983547,-0.12000151,-0.5231829,-10.154575
9147992390,9147991648,0.22346008,-0.23156577,-9.730895
9148000767,9148000048,0.50071853,-0.018154982,-9.387821
9148009195,9148006877,0.75392216,0.23338315,-9.067231
9148019673,9148014760,0.82618266,0.37202743,-8.922728
9148024908,9148023748,0.596206,0.15347028,-9.245254
9148032243,9148031519,0.4589452,-0.020766512,-9.53785
9148039108,9148038354,0.55595464,0.06883403,-9.416537
9148048731,9148045963,0.64324325,0.17431514,-9.166588
9148059115,9148053761,0.67452776,0.26356873,-8.941265
9148063291,9148062533,0.6922218,0.35619286,-8.725016
9148070674,9148069954,0.6267851,0.31997302,-8.624367
9148079322,9148077072,0.44000357,0.17975533,-8.756113
9148089729,9148085010,-0.7676049,-1.3331722,-10.911612
9148094892,9148093774,-1.9646137,-2.9724278,-13.362457
9148102321,9148101570,-1.0089905,-1.5944262,-11.856396
9148109734,9148108980,0.12875369,0.17013605,-9.758186
9148120645,9148116818,-0.031654783,0.45796856,-9.932583
9148129186,9148124209,-0.25461704,0.6781404,-10.268725
9148134325,9148133170,0.033702627,0.59021497,-10.022972
9148141778,9148141024,0.22013326,0.09956447,-9.682872
9148150124,9148149202,-0.09595757,-0.37462318,-9.607897
9148159722,9148155491,-0.3639003,-0.54553103,-9.655568
9148167051,9148163375,-0.34125286,-0.3829021,-9.694779
9148172270,9148171545,-0.13816509,-0.07829212,-9.651953
9148180695,9148179934,0.18034852,0.14666119,-9.419721
9148189063,9148186821,0.3035906,-0.09700928,-9.136994
9148199428,9148194710,-0.24307378,-0.80599034,-9.108239
9148204614,9148202589,-1.1185203,-1.3764647,-9.450093
9148212163,9148211439,-1.3738075,-1.4336226,-9.940293
9148220610,9148219685,-1.0351841,-1.1180873,-10.189205
9148228976,9148226231,-0.6971519,-0.85939187,-10.176827
9148239362,9148233750,-0.5251782,-0.86268485,-10.150465
9148242732,9148241946,-0.5102737,-0.87370753,-10.120641
9148251153,9148250433,-0.5247484,-0.80580795,-10.071657
9148259536,9148257020,-0.49394542,-0.8152671,-10.117966
9148269983,9148264853,-0.577157,-0.9188101,-10.318251
9148275162,9148273129,-0.72122216,-1.0289401,-10.605745
9148282545,9148281819,-0.6651567,-0.9913528,-10.822708
9148289932,9148289201,-0.4781947,-0.6879674,-10.775876
9148300065,9148296891,-0.30718783,-0.31619072,-10.326964
9148310149,9148303890,-0.007254295,-0.078383476,-9.617281
9148313242,9148312524,0.43940344,0.14205626,-8.977162
9148321685,9148320937,0.8003378,0.48080897,-8.572842
9148330014,9148327761,1.0597612,0.8747282,-8.322456
9148340413,9148335487,1.3748056,1.130891,-8.014033
9148345617,9148344478,1.6397426,1.1973401,-7.6198807
9148351922,9148350996,1.0525768,0.80041164,-8.414322
9148360718,9148359756,-0.6751591,-0.7680536,-10.84582
9148369534,9148366813,-1.4246078,-2.0435116,-11.782626
9148379937,9148374420,-0.35284656,-1.2300904,-10.311318
9148384133,9148383210,0.30481914,-0.2948124,-9.4073
9148391576,9148390791,-0.14228943,-0.6418165,-9.798449
9148399929,9148398070,-0.7827825,-1.205491,-10.331749
9148409487,9148405823,-0.74970305,-1.2768042,-10.400431
9148415789,9148414633,-0.20047298,-0.9098103,-10.067711
9148423151,9148422434,-0.1401827,-0.675931,-9.820086
9148430538,9148429811,-0.19996184,-0.78923607,-9.7547865
9148439921,9148437185,-0.058665745,-0.880926,-9.7565
9148450316,9148444694,-0.063056916,-0.7834995,-9.796343
9148455516,9148454385,-0.15883102,-0.6288111,-9.842069
9148461860,9148461137,-0.19977999,-0.5543442,-9.862873
9148470296,9148469338,-0.16125715,-0.58408403,-9.847846
9148479701,9148476949,-0.12072837,-0.6292061,-9.829941
9148490065,9148483850,-0.12155774,-0.6448016,-9.829958
9148493199,9148492484,-0.12878591,-0.65338266,-9.824055
9148501072,9148500339,-0.10837758,-0.6732223,-9.812133
9148509569,9148507330,-0.08991298,-0.68883157,-9.81042
9148521228,9148516276,-0.09079194,-0.6876349,-9.82231
9148525516,9148523404,-0.08705172,-0.7060425,-9.834399
9148532513,9148531754,-0.06503099,-0.7302635,-9.813982
9148541103,9148540143,-0.041147422,-0.72347045,-9.799831
9148550892,9148547566,0.00041202176,-0.74594563,-9.833505
9148559795,9148554262,-0.053130902,-0.7362098,-9.840908
9148563949,9148563231,-0.22174926,-0.63277435,-9.804931
9148571345,9148570627,-0.23132902,-0.6122515,-9.799377
9148579890,9148577811,-0.14062381,-0.6757135,-9.82598
9148590240,9148585518,-0.14629085,-0.6807739,-9.839889
9148596456,9148595340,-0.12180686,-0.6703854,-9.835247
9148602820,9148602102,-0.019162465,-0.69640553,-9.8321295
9148610238,9148609498,-0.0006307624,-0.6956357,-9.823442
9148619671,9148616746,-0.07916893,-0.6561381,-9.811664
9148630059,9148624538,-0.12232809,-0.63628495,-9.820509
9148634211,9148633489,-0.10775987,-0.6474148,-9.833919
9148641640,9148640907,-0.09095508,-0.65963006,-9.824277
9148649989,9148647965,-0.09105262,-0.6594644,-9.820517
9148660447,9148655908,-0.094013676,-0.65729815,-9.841759
9148666036,9148664874,-0.09442952,-0.6570105,-9.845524
9148673488,9148672713,-0.10107766,-0.6644549,-9.833303
9148680812,9148680085,-0.10908336,-0.6727004,-9.841911
9148690165,9148687444,-0.10198153,-0.67970717,-9.844309
9148700557,9148694944,-0.099539325,-0.69349885,-9.82305
9148705736,9148704615,-0.10753416,-0.68718016,-9.820525
9148712152,9148711415,-0.0949182,-0.6696247,-9.843985
9148720465,9148718448,-0.07035191,-0.67527246,-9.848863
9148731014,9148727394,-0.0689723,-0.6791767,-9.825361
9148738289,9148734032,-0.087291546,-0.664544,-9.80901
9148743130,9148742365,-0.097318545,-0.6546133,-9.809734
9148751124,9148750378,-0.09557224,-0.6557272,-9.822759
9148759851,9148757528,-0.09355864,-0.6576315,-9.844636
9148770342,9148765428,-0.09357045,-0.6577146,-9.845551
9148775546,9148773528,-0.09392527,-0.65739286,-9.831798
9148782956,9148782225,-0.093975075,-0.6573312,-9.829626
9148791388,9148790435,-0.086813554,-0.650272,-9.821671
9148800819,9148796596,-0.078651145,-0.6421441,-9.820888
9148810287,9148804629,-0.085820094,-0.64930016,-9.832219
9148813457,9148812715,-0.095406175,-0.6588783,-9.823963
9148821819,9148821093,-0.09555066,-0.6590239,-9.810719
9148830214,9148827897,-0.093890816,-0.6573656,-9.810229
9148840737,9148835822,-0.093622796,-0.65709764,-9.812481
9148846981,9148844955,-0.08676809,-0.66445583,-9.8139
9148853407,9148852475,-0.08581285,-0.67979187,-9.815723
9148860761,9148860038,-0.108194925,-0.6878505,-9.816746
9148870129,9148867209,-0.11874154,-0.67923284,-9.815571
9148880650,9148875018,-0.10214561,-0.6623466,-9.8132105
9148883771,9148883049,-0.09076312,-0.65428215,-9.812067
9148892186,9148891444,-0.09200903,-0.6560641,-9.822363
9148900537,9148898317,-0.09418718,-0.6577388,-9.834119
9148910935,9148906021,-0.09428717,-0.65767115,-9.823981
9148916201,9148915018,-0.09391984,-0.65736765,-9.810389
9148922942,9148922208,-0.0938486,-0.6573351,-9.820228
9148931351,9148930412,-0.0939026,-0.65738356,-9.844151
9148940734,9148938019,-0.086816415,-0.6502898,-9.845923
9148951117,9148945310,-0.07866427,-0.6421375,-9.821887
9148955316,9148954367,-0.09292808,-0.6421895,-9.818062
9148962714,9148961757,-0.110656306,-0.64362663,-9.831768
9148971042,9148968718,-0.10364057,-0.6509342,-9.834442
9148980440,9148976621,-0.09239949,-0.6588572,-9.83243
9148986609,9148985490,-0.09198614,-0.65873426,-9.831668
9148994012,9148993286,-0.09389688,-0.65732694,-9.841959
9149001599,9149000838,-0.08714217,-0.6642493,-9.854652
9149010940,9149008020,-0.07871291,-0.6726148,-9.855709
9149021307,9149015691,-0.0857715,-0.6655175,-9.8526325
9149026139,9149024996,-0.09538823,-0.65590626,-9.840941
9149033043,9149032310,-0.09555656,-0.6699587,-9.829721
9149041523,9149040564,-0.09389483,-0.68791187,-9.830132
9149050870,9149047048,-0.09362235,-0.67385954,-9.822109
9149061267,9149054651,-0.0938739,-0.6544436,-9.810814
9149064414,9149063692,-0.09395847,-0.6540689,-9.810569
9149071781,9149071061,-0.1010333,-0.6503121,-9.822563
9149081270,9149078352,-0.11626605,-0.6498286,-9.835415
9149091744,9149086108,-0.124359235,-0.6717365,-9.837201
9149096939,9149094918,-0.12287143,-0.6750244,-9.835209
9149103304,9149102361,-0.114128135,-0.6503438,-9.832595
9149111692,9149110777,-0.0988975,-0.6461586,-9.841607
9149121081,9149118165,-0.09109719,-0.6569811,-9.834338
9149131551,9149125128,-0.09262745,-0.65929735,-9.802549
9149134666,9149133954,-0.094219014,-0.65773827,-9.808221
9149143224,9149142296,-0.094183385,-0.65710413,-9.83372
9149150574,9149148558,-0.093899086,-0.6572848,-9.836454
9149161011,9149156293,-0.09386377,-0.6574224,-9.842433
9149167233,9149166098,-0.09390846,-0.65741086,-9.852878
9149173798,9149172873,-0.10102777,-0.66449165,-9.844311
9149181405,9149180662,-0.10916744,-0.6726355,-9.832182
9149190746,9149188031,-0.10200257,-0.66547805,-9.840956
9149201143,9149195527,-0.08531449,-0.66300344,-9.854416
9149205341,9149204578,-0.07702431,-0.67100334,-9.85585
9149212720,9149212002,-0.0858451,-0.6655004,-9.842644
9149221106,9149218879,-0.09569509,-0.65618634,-9.829407
9149231524,9149226598,-0.09558853,-0.6557895,-9.829786
9149236725,9149235588,-0.10095228,-0.6502581,-9.832164
9149244131,9149243410,-0.10175521,-0.63530576,-9.832444
9149251636,9149250906,-0.079612315,-0.6269829,-9.822019
9149261235,9149258317,-0.06912738,-0.63549453,-9.810394
9149271685,9149265869,-0.08569037,-0.6524117,-9.810523
9149275916,9149274755,-0.09705724,-0.6604993,-9.81258
9149283327,9149282567,-0.09581482,-0.65871525,-9.812859
9149291813,9149290893,-0.09363992,-0.6570362,-9.812538
9149301219,9149297193,-0.09353979,-0.6571036,-9.812443
9149310568,9149306036,-0.09390654,-0.6574079,-9.812485
9149314807,9149313887,-0.09397771,-0.6574405,-9.812508
9149322238,9149321311,-0.101030394,-0.6644985,-9.81351
9149331669,9149328953,-0.10915567,-0.6726314,-9.814656
9149341290,9149336359,-0.10200039,-0.66547626,-9.823693
9149346523,9149344466,-0.0995294,-0.6487908,-9.833859
9149353893,9149352921,-0.114635974,-0.6333927,-9.82371
9149362245,9149361318,-0.11727803,-0.6340671,-9.810393
9149371634,9149367614,-0.107908756,-0.64397246,-9.820276
9149382064,9149375345,-0.106075555,-0.6453025,-9.834107
9149385181,9149384466,-0.10034389,-0.6508666,-9.824347
9149392653,9149391714,-0.09272073,-0.6585535,-9.810444
9149400981,9149398658,-0.0926112,-0.6587017,-9.8101225
9149411379,9149406461,-0.08682536,-0.66448206,-9.813519
9149417559,9149415543,-0.07889204,-0.6724078,-9.815077
9149424131,9149423133,-0.09295982,-0.67255306,-9.824759
9149443851,9149438185,-0.110621005,-0.6711844,-9.835952
9149451352,9149446624,-0.10362985,-0.6638522,-9.834886
9149455621,9149454682,-0.09951069,-0.6630202,-9.832767
9149463112,9149462138,-0.11434751,-0.66418433,-9.83365
9149471562,9149469232,-0.12434572,-0.6431806,-9.843195
9149482995,9149478079,-0.1160993,-0.6327989,-9.8434305
9149487151,9149485123,-0.098927185,-0.64917725,-9.821691
9149494531,9149493808,-0.09075588,-0.66049904,-9.80842
9149501936,9149501213,-0.099678926,-0.6521758,-9.810292
9149512863,9149510101,-0.116629615,-0.6489735,-9.813898
9149522389,9149516138,-0.11754331,-0.664178,-9.825151
9149525593,9149524832,-0.10049137,-0.6669626,-9.83521
9149533145,9149532388,-0.090731375,-0.657597,-9.823652
9149541650,9149539568,-0.092294484,-0.65573937,-9.8202
9149552806,9149547274,-0.08712791,-0.66421664,-9.832777
9149557953,9149556830,-0.078991815,-0.67288846,-9.8362255
9149564377,9149563656,-0.08581478,-0.66556334,-9.83352
9149572793,9149572066,-0.09534566,-0.6558651,-9.821464
9149581140,9149578617,-0.095542744,-0.6557315,-9.810125
9149591722,9149586568,-0.09390028,-0.6574126,-9.810581
9149596962,9149595786,-0.10073215,-0.6647884,-9.813641
9149604314,9149603381,-0.1233388,-0.67267865,-9.826069
9149611655,9149610038,-0.13965933,-0.65832573,-9.8374
9149622060,9149617644,-0.12386826,-0.64063036,-9.834867
9149630397,9149626561,-0.104484364,-0.64056,-9.841555
9149634625,9149633903,-0.104419254,-0.6436527,-9.842978
9149643090,9149642319,-0.100702204,-0.65122384,-9.821912
9149652409,9149649488,-0.09306356,-0.6588951,-9.808533
9149662510,9149657300,-0.092598505,-0.658689,-9.82032
9149667613,9149665560,-0.09386998,-0.6573137,-9.83444
9149674643,9149673644,-0.09413743,-0.6571487,-9.824387
9149682171,9149681242,-0.09395357,-0.6573658,-9.81039
9149691952,9149688958,-0.0938798,-0.6574264,-9.820158
9149701772,9149696147,-0.093901254,-0.6573973,-9.84414
9149705404,9149704658,-0.101023905,-0.664489,-9.85699
9149713438,9149712504,-0.10916814,-0.6726375,-9.845618
9149721769,9149719449,-0.10200335,-0.6654788,-9.8306465
9149732213,9149727268,-0.09242106,-0.65589666,-9.829447
9149737412,9149735385,-0.0922764,-0.655751,-9.831896
9149743916,9149743144,-0.08682896,-0.6503033,-9.832465
9149753273,9149752346,-0.07895127,-0.6424258,-9.832118
9149761614,9149758896,-0.08586128,-0.6493358,-9.842018
9149772146,9149766333,-0.09535957,-0.6588341,-9.853578
9149775335,9149774582,-0.102643214,-0.6519045,-9.853531
9149783725,9149782991,-0.11625576,-0.6350126,-9.841447
9149793090,9149790554,-0.116968855,-0.633758,-9.8296385
9149802510,9149797767,-0.10047294,-0.6507498,-9.83003
9149807719,9149806568,-0.08372283,-0.6534542,-9.822108
9149815114,9149814347,-0.07705982,-0.6437634,-9.810831
9149822510,9149821559,-0.08612938,-0.6489788,-9.810572
9149831846,9149829125,-0.09573044,-0.65854734,-9.812511
9149842360,9149836734,-0.10265042,-0.6661384,-9.823895
9149846538,9149845816,-0.1090852,-0.67267704,-9.836275
9149853929,9149853173,-0.101706006,-0.66519535,-9.835084
9149862214,9149859896,-0.09239213,-0.65584826,-9.831733
9149872737,9149867972,-0.0923243,-0.65579355,-9.821402
9149878148,9149876097,-0.09394762,-0.6574246,-9.801384
9149885528,9149884763,-0.101303436,-0.6647793,-9.792229
9149892914,9149892156,-0.10920087,-0.6726752,-9.80445
9149902258,9149899521,-0.09485254,-0.65832686,-9.825933
9149912896,9149907052,-0.07715663,-0.6406312,-9.846026
9149918023,9149916904,-0.084191896,-0.64766645,-9.845198
9149924395,9149923475,-0.10253676,-0.6517981,-9.821452
9149933158,9149932237,-0.12530507,-0.644062,-9.80908
9149942563,9149938327,-0.13963038,-0.6422064,-9.822491
9149951946,9149946128,-0.12351923,-0.64329165,-9.835667
9149955131,9149954364,-0.09733183,-0.6508823,-9.824186
9149963578,9149962853,-0.08211492,-0.666015,-9.821201
9149971930,9149969618,-0.077375524,-0.6740031,-9.833834
9149982455,9149977501,-0.086457506,-0.66541094,-9.825149
9149988626,9149986587,-0.102829635,-0.6627539,-9.811613
9149994981,9149994052,-0.11073745,-0.67097867,-9.812162
9150003369,9150002451,-0.10191616,-0.6655405,-9.813612
9150012771,9150009350,-0.09923971,-0.64909,-9.812722
9150022151,9150016533,-0.10750181,-0.6405317,-9.812338
9150026334,9150025603,-0.10207258,-0.64927167,-9.812437
9150033733,9150033010,-0.092723384,-0.65915686,-9.812519
9150042522,9150040126,-0.09941504,-0.651963,-9.822564
9150052397,9150047880,-0.11624603,-0.6491778,-9.835073
9150058590,9150057463,-0.1175335,-0.6642452,-9.836146
9150064960,9150064241,-0.10766377,-0.6598301,-9.843155
9150073426,9150072489,-0.10599493,-0.6423292,-9.853037
9150082822,9150080103,-0.100375056,-0.64765114,-9.843203
9150092272,9150086951,-0.099846005,-0.65149814,-9.819931
9150096434,9150095704,-0.1078607,-0.6440208,-9.808203
9150103944,9150103173,-0.10201874,-0.6493595,-9.810569
9150113511,9150111240,-0.092652574,-0.6585579,-9.823022
9150122874,9150118156,-0.09230755,-0.6589666,-9.834477
9150128262,9150127051,-0.08679293,-0.66452,-9.834974
9150135712,9150134970,-0.07894054,-0.67236686,-9.844092
9150143226,9150142499,-0.085866034,-0.66543376,-9.844334
9150152600,9150149883,-0.09536214,-0.65593755,-9.821665
9150163315,9150157223,-0.09553617,-0.6557648,-9.818308
9150167215,9150166071,-0.09389643,-0.6574048,-9.841893
9150174569,9150173847,-0.09362617,-0.65767485,-9.85598
9150182936,9150180620,-0.10098077,-0.6503202,-9.843853
9150192328,9150188512,-0.11631665,-0.64919746,-9.820515
9150201759,9150197334,-0.11726927,-0.6645361,-9.810184
9150206064,9150205116,-0.10050617,-0.66697574,-9.811762
9150213560,9150212826,-0.097888164,-0.66464275,-9.823854
9150222941,9150220019,-0.11465803,-0.6638738,-9.8364
9150233408,9150227786,-0.11756907,-0.6499573,-9.825059
9150238601,9150236561,-0.09373428,-0.6409508,-9.810145
9150245106,9150244196,-0.08263231,-0.6491808,-9.810959
9150253586,9150252664,-0.099401765,-0.6661767,-9.824748
9150262959,9150258745,-0.110907026,-0.6743251,-9.846723
9150273434,9150266805,-0.10964863,-0.6725362,-9.847517
9150276547,9150275830,-0.10034055,-0.6637392,-9.822676
9150283958,9150283244,-0.092093684,-0.6556601,-9.807848
9150292366,9150290339,-0.09252011,-0.6560214,-9.810036
9150303041,9150298117,-0.09402858,-0.65749097,-9.812956
9150308269,9150306234,-0.09417436,-0.6576424,-9.823049
9150315133,9150314387,-0.09393117,-0.6574069,-9.844113
9150323924,9150323010,-0.10097663,-0.65023935,-9.855474
9150332699,9150329927,-0.10915599,-0.6421261,-9.853441
9150342962,9150337122,-0.10200986,-0.6493032,-9.851151
9150346074,9150345353,-0.09953073,-0.6517753,-9.851173
9150354522,9150353761,-0.10752793,-0.64377165,-9.841528
9150363919,9150361578,-0.10202537,-0.64927447,-9.820013
9150373293,9150368366,-0.0927119,-0.6585891,-9.808509
9150378551,9150377352,-0.099421635,-0.66609263,-9.821654
9150385143,9150384412,-0.10914243,-0.67266303,-9.846699
9150393585,9150392658,-0.10228056,-0.6652013,-9.857101
9150404983,9150399662,-0.09246611,-0.6558516,-9.853226
9150413375,9150407558,-0.09223437,-0.655793,-9.850834
9150416539,9150415789,-0.09392151,-0.657424,-9.841114
9150424934,9150424205,-0.09420881,-0.6576727,-9.820011
9150433266,9150430950,-0.093954965,-0.657423,-9.80858
9150442752,9150438532,-0.09386748,-0.6573429,-9.82066
9150448956,9150446912,-0.093899205,-0.657375,-9.83448
9150456392,9150455658,-0.09391919,-0.6573937,-9.834383
9150463837,9150463088,-0.09391654,-0.65739083,-9.841995
9150473215,9150470491,-0.09391265,-0.65738714,-9.843126
9150483698,9150478023,-0.09391254,-0.6573871,-9.8218565
9150488796,9150487572,-0.093913205,-0.65738773,-9.808498
9150495157,9150494441,-0.093913324,-0.65738785,-9.810274
9150503614,9150502679,-0.09391322,-0.65738773,-9.822927
9150513064,9150509016,-0.0939132,-0.65738773,-9.834516
9150522618,9150518040,-0.09391321,-0.65738773,-9.823941
9150526929,9150525984,-0.09391321,-0.65738773,-9.820362
9150534410,9150533469,-0.09391321,-0.65738773,-9.831743
9150543144,9150540370,-0.09391321,-0.65738773,-9.834036
9150555002,9150549181,-0.09391321,-0.65738773,-9.842424
9150559136,9150557122,-0.09391321,-0.65738773,-9.84325
9150565535,9150564609,-0.09391321,-0.65738773,-9.821798
9150573984,9150573064,-0.093913205,-0.65738773,-9.818519
9150583371,9150580652,-0.10812637,-0.65738773,-9.842905
9150593805,9150587391,-0.13152424,-0.66449434,-9.849056
9150596984,9150596246,-0.12534636,-0.67263997,-9.825579
9150604413,9150603693,-0.10612701,-0.6583716,-9.809008
9150613865,9150611834,-0.1115068,-0.6335373,-9.819746
9150623304,9150618553,-0.115663595,-0.63240826,-9.844323
9150629610,9150627536,-0.10111484,-0.6508112,-9.846033
9150636053,9150635086,-0.09825873,-0.6536999,-9.821873
9150643420,9150642690,-0.1074989,-0.6437886,-9.818041
9150652789,9150650067,-0.102244176,-0.6489395,-9.841818
9150663453,9150657904,-0.10696216,-0.65853715,-9.857021
9150667336,9150666614,-0.12989315,-0.65193063,-9.846029
9150674848,9150674125,-0.12531203,-0.6421751,-9.8307
9150683196,9150680975,-0.106408015,-0.6561204,-9.830387
9150693627,9150688911,-0.10444733,-0.67408323,-9.823984
9150699802,9150698679,-0.10036898,-0.66715765,-9.812048
9150706162,9150705442,-0.093009904,-0.6558886,-9.81042
9150713537,9150712821,-0.09264908,-0.65545535,-9.812275
9150723038,9150720113,-0.09388677,-0.65736806,-9.812832
9150733485,9150727927,-0.09413101,-0.65772367,-9.812588
9150737612,9150736887,-0.10105628,-0.6503337,-9.812455
9150745558,9150744816,-0.11623915,-0.6349777,-9.812478
9150753932,9150753214,-0.11724469,-0.6340284,-9.812505
9150763333,9150759317,-0.10762274,-0.64368886,-9.812505
9150769516,9150768396,-0.11314616,-0.6381612,-9.8125
9150776949,9150776213,-0.115641005,-0.635659,-9.82255
9150784313,9150783593,-0.107930645,-0.643369,-9.834069
9150793726,9150790980,-0.10636582,-0.64493513,-9.833992
9150803959,9150798380,-0.10038249,-0.6509187,-9.842011
9150809111,9150807971,-0.09267548,-0.65862554,-9.843197
9150815487,9150814763,-0.09259782,-0.6587031,-9.821864
9150823911,9150822955,-0.09393793,-0.657363,-9.818537
9150834318,9150830979,-0.10125407,-0.6642601,-9.842896
9150843676,9150837458,-0.11630194,-0.67971665,-9.849052
9150846867,9150846126,-0.117219195,-0.6807672,-9.83563
9150854447,9150853712,-0.10050145,-0.6639972,-9.840629
9150864887,9150861944,-0.0836831,-0.66136104,-9.843713
9150874345,9150868743,-0.07704902,-0.6710229,-9.824192
9150879474,9150877415,-0.0790282,-0.6586846,-9.809742
9150885803,9150885066,-0.080480896,-0.6409732,-9.810047
9150894253,9150893293,-0.08745282,-0.64765376,-9.822676
9150903772,9150899954,-0.09532404,-0.6588429,-9.834518
9150914315,9150907904,-0.10235892,-0.6522008,-9.834036
9150917505,9150916749,-0.116220415,-0.6350544,-9.831888
9150924902,9150924156,-0.11701353,-0.6337122,-9.831658
9150934297,9150931546,-0.10048567,-0.65073574,-9.832002
9150943900,9150939135,-0.090823434,-0.6605668,-9.822042
9150950074,9150948942,-0.09230894,-0.65901905,-9.810476
9150956444,9150955718,-0.09422045,-0.6570688,-9.810531
9150964833,9150963909,-0.09423945,-0.657055,-9.812567
9150973229,9150970313,-0.101013616,-0.6645016,-9.813861
9150983752,9150978121,-0.10200074,-0.6655928,-9.814698
9150987920,9150987162,-0.08674404,-0.6502334,-9.813588
9150995318,9150994570,-0.08434022,-0.6477963,-9.822325
9151003714,9151001686,-0.09377068,-0.6572399,-9.833847
9151014178,9151009463,-0.09557104,-0.6590481,-9.834
9151019359,9151018230,-0.10128717,-0.6505498,-9.842051
9151026733,9151026012,-0.1160204,-0.63477707,-9.843202
9151034119,9151033402,-0.11717223,-0.6339611,-9.831908
9151043537,9151040823,-0.100543946,-0.65082085,-9.840105
9151053927,9151048616,-0.09791071,-0.653429,-9.843284
9151058095,9151056973,-0.10754812,-0.64374727,-9.822211
9151065651,9151064886,-0.102312386,-0.6489809,-9.808522
9151074021,9151072200,-0.099856906,-0.66565704,-9.811221
9151084509,9151079978,-0.10752257,-0.67428416,-9.8150215
9151091762,9151087527,-0.101967394,-0.6655147,-9.824149
9151097003,9151096281,-0.09270436,-0.6556131,-9.833862
9151104522,9151103776,-0.09232412,-0.6557032,-9.823631
9151114921,9151112207,-0.09389284,-0.6574526,-9.810382
9151124385,9151119064,-0.10129546,-0.650586,-9.820289
9151129582,9151127534,-0.109209314,-0.6421687,-9.844161
9151135919,9151135206,-0.10196175,-0.64924866,-9.855965
9151144339,9151142310,-0.09951434,-0.6517598,-9.853504
9151155966,9151151203,-0.10753398,-0.6437789,-9.841024
9151165374,9151158936,-0.10202912,-0.6492783,-9.8195305
9151167478,9151166757,-0.09271139,-0.6585884,-9.818576
9151174887,9151174168,-0.092314325,-0.6589853,-9.832256
9151184288,9151181768,-0.100996755,-0.6503042,-9.834424
9151194674,9151189547,-0.10944244,-0.64185876,-9.832342
9151199833,9151197802,-0.1091548,-0.64214617,-9.821608
9151206239,9151205502,-0.10763175,-0.6436691,-9.810352
9151214636,9151213719,-0.1074595,-0.64384145,-9.82064
9151224086,9151221336,-0.10770139,-0.64359957,-9.8341675
9151235137,9151228912,-0.10066038,-0.6506406,-9.824291
9151237825,9151237107,-0.0924819,-0.6588191,-9.810425
9151245928,9151245205,-0.09962737,-0.6516736,-9.820179
9151254376,9151251826,-0.10921284,-0.6420882,-9.834087
9151264755,9151259818,-0.10936136,-0.64193964,-9.82436
9151269994,9151268857,-0.10770221,-0.64359874,-9.820499
9151277407,9151276670,-0.100327,-0.6509739,-9.831691
9151284778,9151284060,-0.09243302,-0.65886796,-9.834004
9151294148,9151291232,-0.09257211,-0.6587289,-9.84243
9151304559,9151298945,-0.09397669,-0.6573243,-9.853306
9151308749,9151308026,-0.094157666,-0.6571433,-9.843369
9151316247,9151315468,-0.1010444,-0.6502565,-9.829959
9151324628,9151322301,-0.11623275,-0.6350682,-9.829741
9151335038,9151330311,-0.12435241,-0.6269485,-9.82201
9151340249,9151339072,-0.115769684,-0.6355313,-9.810867
9151347432,9151346704,-0.11309096,-0.65242314,-9.811599
9151355177,9151354455,-0.12841749,-0.6533879,-9.824715
9151364579,9151361662,-0.12402156,-0.6292472,-9.83555
9151375026,9151369192,-0.099371515,-0.61844176,-9.833829
9151380202,9151379059,-0.09653823,-0.63530815,-9.841727
9151386600,9151385680,-0.10755305,-0.6467756,-9.8431835
9151395044,9151394115,-0.10966037,-0.6454947,-9.821911
9151404564,9151400523,-0.10803699,-0.6432966,-9.818545
9151414970,9151408356,-0.10032352,-0.65030634,-9.831834
9151418111,9151417392,-0.0923738,-0.6588234,-9.824317
9151425518,9151424797,-0.09967063,-0.6517328,-9.810838
9151434893,9151431978,-0.1092381,-0.642096,-9.8101845
9151445311,9151439698,-0.10225088,-0.64903694,-9.812453
9151450547,9151448522,-0.099551566,-0.6659548,-9.823955
9151456922,9151456207,-0.114595294,-0.66721135,-9.836294
9151465290,9151464370,-0.117268205,-0.6502152,-9.815981
9151474680,9151471768,-0.100807875,-0.6475099,-9.790746
9151485569,9151478835,-0.090825886,-0.65720123,-9.809714
9151487676,9151486954,-0.0922528,-0.6590926,-9.836008
9151496114,9151495369,-0.09421182,-0.6576697,-9.826476
9151504570,9151502214,-0.10135461,-0.65002346,-9.810422
9151516664,9151510772,-0.116268605,-0.6349418,-9.809746
9151520638,9151519474,-0.117196694,-0.6340775,-9.812463
9151527146,9151526385,-0.10761057,-0.64370227,-9.812978
9151535727,9151534777,-0.1131528,-0.63815457,-9.812577
9151544388,9151541468,-0.11564411,-0.63565564,-9.822478
9151554817,9151548994,-0.10082336,-0.65047634,-9.844096
9151557977,9151557250,-0.105326116,-0.6601881,-9.846526
9151566570,9151565756,-0.122796506,-0.6590091,-9.823996
9151575042,9151572717,-0.11034815,-0.65713376,-9.81927
9151585959,9151580637,-0.09125138,-0.6570662,-9.831575
9151590483,9151589331,-0.09064208,-0.65738523,-9.824152
9151598104,9151597377,-0.0939017,-0.65744376,-9.8209095
9151605525,9151604779,-0.094485134,-0.6573964,-9.831787
9151615504,9151612182,-0.09399886,-0.65737915,-9.833946
9151625031,9151619412,-0.09382544,-0.657385,-9.832354
9151629217,9151628074,-0.093885355,-0.65738887,-9.831742
9151636591,9151635871,-0.09392453,-0.6573884,-9.831933
9151645135,9151642917,-0.10102633,-0.6502811,-9.822018
9151656583,9151650768,-0.1091644,-0.6421354,-9.810484
9151660721,9151659610,-0.10910896,-0.6564039,-9.821591
9151668385,9151667623,-0.10767381,-0.6741317,-9.846343
9151675769,9151675043,-0.100367114,-0.667115,-9.8570595
9151685211,9151682282,-0.085337296,-0.66298044,-9.854286
9151694629,9151689911,-0.07731444,-0.67071295,-9.842957
9151700802,9151698977,-0.08588352,-0.6654619,-9.820682
9151707168,9151706254,-0.102756426,-0.6491251,-9.808355
9151715580,9151714663,-0.11082739,-0.6405506,-9.810459
9151724974,9151722253,-0.10194215,-0.64926827,-9.812929
9151735380,9151728962,-0.092121154,-0.659153,-9.812922
9151738525,9151737809,-0.09224328,-0.65906966,-9.812487
9151746003,9151745069,-0.101089865,-0.65021753,-9.812425
9151754404,9151752380,-0.10946851,-0.6418313,-9.822542
9151764794,9151760266,-0.1020357,-0.6492639,-9.834082
9151771000,9151768978,-0.092373125,-0.6589278,-9.823945
9151777431,9151776504,-0.099370286,-0.65193087,-9.810389
9151785830,9151784908,-0.1163009,-0.6350001,-9.8101845
9151795310,9151792563,-0.117549375,-0.6337515,-9.812532
9151805790,9151799366,-0.10054989,-0.65075105,-9.812911
9151808929,9151808211,-0.09073886,-0.6605621,-9.822606
9151816373,9151815608,-0.09228532,-0.65901566,-9.834006
9151824725,9151822673,-0.09423184,-0.65706915,-9.823923
9151835277,9151830533,-0.09424526,-0.65705574,-9.82045
9151841557,9151840399,-0.093905896,-0.65739506,-9.83176
9151847555,9151846633,-0.10096049,-0.65034044,-9.834023
9151856519,9151855591,-0.10915805,-0.6421429,-9.832371
9151866121,9151863187,-0.10201299,-0.64928794,-9.831732
9151876603,9151870574,-0.09242424,-0.6588768,-9.831928
9151878708,9151877793,-0.09938176,-0.65191925,-9.832069
9151887128,9151886370,-0.11629361,-0.6350074,-9.832055
9151895432,9151893119,-0.12465288,-0.62664807,-9.821979
9151906880,9151900852,-0.11580295,-0.63549805,-9.820507
9151911013,9151909893,-0.09883,-0.652471,-9.84216
9151918427,9151917694,-0.09079365,-0.6605074,-9.855634
9151925780,9151925058,-0.092594914,-0.65870607,-9.853807
9151935143,9151932230,-0.094267495,-0.65703344,-9.851177
9151945689,9151940129,-0.09419618,-0.6571048,-9.841063
9151951142,9151949904,-0.10099903,-0.65030193,-9.819944
9151957879,9151957143,-0.10911277,-0.6421882,-9.80858
9151966292,9151964439,-0.10199961,-0.64930135,-9.810622
9151975045,9151971421,-0.09243022,-0.65887076,-9.812914
9151983342,9151979125,-0.09227839,-0.65902257,-9.822941
9151988687,9151987905,-0.09393423,-0.65736675,-9.834055
9151996138,9151995157,-0.10130953,-0.64999145,-9.823872
9152005767,9152002837,-0.10920411,-0.6420968,-9.810383
9152015199,9152010647,-0.10195853,-0.6493424,-9.810197
9152021384,9152019355,-0.09951478,-0.6659993,-9.82359
9152027735,9152027010,-0.1075346,-0.67427087,-9.836636
9152036136,9152035208,-0.10202914,-0.6654528,-9.82514
9152045551,9152042837,-0.09271128,-0.65560645,-9.810117
9152055926,9152049516,-0.0923143,-0.6557131,-9.809936
9152059123,9152058363,-0.09389019,-0.6574552,-9.812543
9152066591,9152065617,-0.10129679,-0.6505847,-9.812956
9152075947,9152073232,-0.11631654,-0.63506144,-9.812559
9152085491,9152080927,-0.11721383,-0.63399655,-9.812429
9152091671,9152089620,-0.10049809,-0.6507761,-9.81248
9152098021,9152097303,-0.0978967,-0.6534163,-9.81251
9152106533,9152105610,-0.10044753,-0.63664675,-9.822556
9152116924,9152114013,-0.09417008,-0.64083844,-9.845124
9152126407,9152121056,-0.099911526,-0.66571164,-9.847668
9152129587,9152128792,-0.10895835,-0.66150683,-9.822977
9152136933,9152136182,-0.1163809,-0.6352106,-9.817915
9152145267,9152143250,-0.12298633,-0.62499654,-9.831555
9152156733,9152151183,-0.12265055,-0.6281143,-9.834436
9152161952,9152159898,-0.11433659,-0.6374678,-9.832466
9152168422,9152167681,-0.09896671,-0.6525019,-9.821623
9152175843,9152175119,-0.09107075,-0.6601664,-9.810333
9152185218,9152182705,-0.09261145,-0.65865076,-9.810583
9152195646,9152190321,-0.09422131,-0.6570852,-9.8126
9152199808,9152199082,-0.09418653,-0.657122,-9.812851
9152207212,9152206478,-0.093899146,-0.657402,-9.822584
9152215555,9152213734,-0.09386323,-0.65743643,-9.834013
9152225946,9152221733,-0.09390836,-0.6573924,-9.823928
9152232201,9152230341,-0.09392126,-0.65737987,-9.810398
9152238554,9152237826,-0.10102181,-0.65027916,-9.810189
9152247107,9152246296,-0.10916431,-0.6421366,-9.8125305
9152255461,9152252938,-0.10910974,-0.64219123,-9.81291
9152265851,9152260734,-0.10767393,-0.64362705,-9.812555
9152271120,9152269247,-0.100366995,-0.650934,-9.812436
9152277489,9152276728,-0.092443824,-0.65885717,-9.812481
9152286862,9152285245,-0.09967325,-0.6516277,-9.822558
9152295218,9152292499,-0.1163328,-0.6491813,-9.83508
9152305714,9152299868,-0.1175009,-0.6643045,-9.826098
9152308812,9152308090,-0.10053722,-0.6669447,-9.811534
9152317216,9152316495,-0.09074551,-0.6575722,-9.809975
9152325633,9152323303,-0.09228851,-0.6557389,-9.8123
9152336213,9152331259,-0.09423113,-0.6571143,-9.822964
9152341442,9152339396,-0.10135117,-0.66474354,-9.845221
9152347845,9152347107,-0.109158136,-0.67272437,-9.84761
9152357253,9152355631,-0.10194449,-0.6654469,-9.822951
9152365631,9152362712,-0.092414215,-0.65587676,-9.807871
9152377438,9152371009,-0.099392295,-0.648647,-9.809991
9152379543,9152378828,-0.10919034,-0.64216155,-9.822996
9152386956,9152386235,-0.10229271,-0.64958763,-9.834576
9152395340,9152393519,-0.09245948,-0.6589173,-9.823938
9152406822,9152401500,-0.09223127,-0.6589792,-9.820352
9152411998,9152410869,-0.09392221,-0.6573522,-9.831743
9152418539,9152417767,-0.094209455,-0.6571035,-9.823988
9152426865,9152425948,-0.10106152,-0.664459,-9.821861
9152436259,9152433542,-0.109119594,-0.67268467,-9.833965
9152446667,9152440451,-0.10198966,-0.665491,-9.825052
9152449851,9152449120,-0.092427574,-0.6558901,-9.810572
9152458305,9152457549,-0.09227975,-0.6557479,-9.810018
9152465729,9152464111,-0.093934886,-0.6574106,-9.812476
9152476206,9152471975,-0.10130939,-0.65057206,-9.812932
9152482463,9152481283,-0.10920398,-0.642174,-9.812568
9152488813,9152488085,-0.101958536,-0.6492519,-9.822485
9152497185,9152496265,-0.09240823,-0.658866,-9.844099
9152505699,9152503145,-0.092282385,-0.65903056,-9.84552
9152517329,9152511965,-0.10104525,-0.6502621,-9.821838
9152521542,9152520377,-0.10945513,-0.64184463,-9.818126
9152528089,9152527107,-0.102041565,-0.6492581,-9.831786
9152536596,9152534522,-0.09237632,-0.65892464,-9.824384
9152546031,9152542384,-0.09226315,-0.65903807,-9.810856
9152555460,9152551025,-0.10104803,-0.65025294,-9.810176
9152559929,9152558966,-0.109458916,-0.641842,-9.8124485
9152567459,9152566510,-0.10204164,-0.6492593,-9.812901
9152575932,9152573553,-0.09237567,-0.6589253,-9.8226185
9152586809,9152581273,-0.09936963,-0.65193135,-9.844061
9152591601,9152589511,-0.10919378,-0.6421071,-9.845491
9152598700,9152597980,-0.10940376,-0.6418972,-9.83189
9152607134,9152606193,-0.107711755,-0.6435892,-9.829651
9152616499,9152613773,-0.100320965,-0.65098,-9.821658
9152627969,9152621318,-0.09243046,-0.6588705,-9.810832
9152630077,9152629157,-0.09967936,-0.65162164,-9.810651
9152637512,9152636758,-0.11633603,-0.63496494,-9.822573
9152646059,9152643828,-0.11750032,-0.6338006,-9.834397
9152657536,9152651722,-0.10764314,-0.6436578,-9.834037
9152662757,9152660725,-0.10599774,-0.6453032,-9.83191
9152669297,9152668333,-0.10037909,-0.65092194,-9.821611
9152676928,9152676156,-0.092739515,-0.65856147,-9.810429
9152686317,9152683551,-0.09260778,-0.6586932,-9.8106
9152696691,9152691038,-0.10103472,-0.65026623,-9.812586
9152699780,9152699063,-0.10939653,-0.6419044,-9.812847
9152708216,9152707455,-0.102034844,-0.6492661,-9.812536
9152716653,9152714397,-0.0994922,-0.66602194,-9.813451
9152727026,9152722072,-0.10751791,-0.67428756,-9.814644
9152732146,9152731026,-0.11624381,-0.6654512,-9.814657
9152739560,9152738830,-0.13743204,-0.6556033,-9.815455
9152747047,9152746313,-0.15321305,-0.65571284,-9.816574
9152756817,9152754085,-0.1446984,-0.65034914,-9.815594
9152766164,9152761249,-0.12647301,-0.6353325,-9.813244
9152770344,9152769617,-0.111088164,-0.6340775,-9.812067
9152778736,9152778016,-0.10492804,-0.64363384,-9.812306
9152787134,9152786216,-0.10672516,-0.64525115,-9.8225975
9152796541,9152792522,-0.10806813,-0.6438118,-9.844161
9152802730,9152800707,-0.10794936,-0.6433178,-9.85556
9152810155,9152809428,-0.100589916,-0.65060455,-9.843395
9152817522,9152816797,-0.092428125,-0.6588632,-9.819517
9152826890,9152824157,-0.09252528,-0.658793,-9.818158
9152838489,9152832616,-0.0939707,-0.65733445,-9.832197
9152842697,9152841523,-0.094165,-0.6571336,-9.824438
9152848996,9152848274,-0.08683336,-0.6502533,-9.810792
9152857519,9152856518,-0.07862074,-0.642176,-9.820208
9152866924,9152864153,-0.078705594,-0.6564146,-9.845082
9152878396,9152871659,-0.08015813,-0.6741261,-9.848073
9152880510,9152879579,-0.09456878,-0.6742189,-9.834099
9152888261,9152887530,-0.11774081,-0.67823327,-9.832536
9152896586,9152894269,-0.11860186,-0.678804,-9.824708
9152908042,9152901993,-0.10755786,-0.6710769,-9.812781
9152912240,9152910193,-0.120005265,-0.669847,-9.823465
9152919623,9152918879,-0.137975,-0.6710222,-9.848225
9152927211,9152926268,-0.13131312,-0.66430306,-9.848967
9152936687,9152933911,-0.11297482,-0.6489014,-9.822622
9152947113,9152941049,-0.09724858,-0.64782774,-9.807586
9152950203,9152949487,-0.098164916,-0.65037155,-9.810006
9152958635,9152957916,-0.10816315,-0.6438251,-9.812997
9152967046,9152964701,-0.102357745,-0.64952844,-9.82306
9152977507,9152972355,-0.09264912,-0.6586169,-9.844108
9152982695,9152981538,-0.08514102,-0.6660522,-9.846425
9152990038,9152989308,-0.0857457,-0.67975885,-9.835033
9152997414,9152996697,-0.10136384,-0.6804591,-9.832962
9153007926,9153004461,-0.10354137,-0.6639447,-9.822596
9153018170,9153011923,-0.09401446,-0.6543008,-9.820438
9153020507,9153019777,-0.09934625,-0.64868,-9.831991
9153028275,9153027554,-0.11600956,-0.6353361,-9.824009
9153037755,9153035932,-0.12461758,-0.6272641,-9.810765
9153047166,9153042653,-0.122954175,-0.6284238,-9.810228
9153053380,9153052253,-0.12830809,-0.6371155,-9.823527
9153059770,9153059041,-0.1293826,-0.6523961,-9.836621
9153067232,9153066496,-0.1143877,-0.6531062,-9.825148
9153076750,9153074036,-0.11200684,-0.63631725,-9.81012
9153087158,9153081844,-0.114288166,-0.63373804,-9.809934
9153092513,9153091359,-0.100826055,-0.65051806,-9.812542
9153098836,9153098119,-0.09135111,-0.6605304,-9.823007
9153107219,9153105401,-0.09943298,-0.6519453,-9.834129
9153116738,9153113304,-0.1093827,-0.64182776,-9.823871
9153125045,9153121001,-0.1023137,-0.6489605,-9.8103695
9153130317,9153129559,-0.09242882,-0.6588841,-9.810195
9153138684,9153137965,-0.09222311,-0.6590843,-9.822587
9153147118,9153144378,-0.09392639,-0.65737337,-9.84453
9153158522,9153152109,-0.09421152,-0.65708816,-9.855616
9153162727,9153160664,-0.09395451,-0.6573465,-9.843339
9153169168,9153168438,-0.09386694,-0.6574342,-9.829549
9153177602,9153175581,-0.10100578,-0.65029514,-9.829685
9153186999,9153184260,-0.1091715,-0.6421294,-9.822073
9153197399,9153191384,-0.10200702,-0.64929396,-9.810886
9153200529,9153199814,-0.09952759,-0.66598654,-9.81159
9153208982,9153208221,-0.11463456,-0.6671709,-9.824711
9153217447,9153214920,-0.12438473,-0.6430971,-9.8456
9153227807,9153222494,-0.13026783,-0.632263,-9.846355
9153232997,9153230970,-0.12941825,-0.6491136,-9.833757
9153239363,9153238640,-0.10694268,-0.6605837,-9.830777
9153247777,9153247061,-0.08959231,-0.65930593,-9.821495
9153257311,9153254374,-0.09099666,-0.6571078,-9.81061
9153267744,9153261720,-0.094244465,-0.65701044,-9.820697
9153270880,9153270160,-0.09447308,-0.65738165,-9.844181
9153278764,9153278045,-0.09393699,-0.657453,-9.845846
9153287118,9153285104,-0.086711936,-0.65029174,-9.821871
9153297518,9153293000,-0.07864297,-0.6421256,-9.818073
9153303707,9153302584,-0.10004988,-0.64929396,-9.842828
9153310080,9153309158,-0.13302107,-0.6659872,-9.859174
9153318533,9153317582,-0.13408805,-0.66717094,-9.847173
9153326944,9153324229,-0.121355824,-0.64309704,-9.82044
9153337365,9153332041,-0.11930712,-0.6393696,-9.808586
9153341749,9153340918,-0.114133656,-0.6643658,-9.822596
9153349164,9153348444,-0.09952333,-0.66867423,-9.835768
9153357518,9153355502,-0.09829431,-0.6507077,-9.8241825
9153367916,9153363394,-0.107783176,-0.64021873,-9.810128
9153375344,9153371273,-0.1022795,-0.6489422,-9.810105
9153380581,9153379861,-0.0927043,-0.6591636,-9.812567
9153387952,9153387238,-0.09226939,-0.65912837,-9.812931
9153397358,9153394841,-0.08677827,-0.6644375,-9.813557
9153408791,9153402572,-0.078945085,-0.6723265,-9.814589
9153412940,9153411818,-0.08586925,-0.66544235,-9.823675
9153419317,9153418608,-0.095361814,-0.65594584,-9.843919
9153427806,9153425786,-0.095535554,-0.6557645,-9.845285
9153438321,9153435008,-0.08678982,-0.6645098,-9.82284
9153451046,9153442122,-0.07837404,-0.67292696,-9.810273
9153457281,9153451463,-0.08578374,-0.6655175,-9.821417
9153460386,9153458368,-0.09544945,-0.65585154,-9.844345
9153467804,9153465069,-0.10266995,-0.648631,-9.855794
9153477608,9153473078,-0.1162439,-0.63505703,-9.843397
9153483854,9153481785,-0.124069,-0.6272319,-9.819477
9153490204,9153489271,-0.122832865,-0.62846804,-9.808103
9153498687,9153497770,-0.11417339,-0.6371275,-9.820684
9153507180,9153504214,-0.098910876,-0.6523901,-9.834569
9153517840,9153511993,-0.091091216,-0.6602098,-9.824342
9153521035,9153520293,-0.08551765,-0.66578335,-9.811367
9153529807,9153528970,-0.07896736,-0.6723336,-9.812268
9153538129,9153535415,-0.08609357,-0.66520745,-9.81367
9153547775,9153543241,-0.09539071,-0.65591025,-9.812712
9153554021,9153552175,-0.09550044,-0.6558005,-9.822376
9153560482,9153559746,-0.100992784,-0.6645214,-9.845063
9153568971,9153568029,-0.108883165,-0.6729223,-9.857741
9153577706,9153574745,-0.10196714,-0.66551477,-9.844561
9153588191,9153582344,-0.099572316,-0.66295856,-9.809255
9153592383,9153591653,-0.121754654,-0.67099035,-9.787309
9153599942,9153599028,-0.13963108,-0.67261297,-9.802351
9153608394,9153607466,-0.13124847,-0.67854834,-9.819454
9153617777,9153613558,-0.112674974,-0.6791316,-9.818312
9153627149,9153622725,-0.10432266,-0.65685636,-9.823186
9153631388,9153630472,-0.106358394,-0.639284,-9.843194
9153638815,9153638076,-0.10101408,-0.6477274,-9.845265
9153648250,9153645333,-0.09276912,-0.6591499,-9.821959
9153658623,9153652607,-0.09250076,-0.65933937,-9.808137
9153663830,9153662595,-0.09390731,-0.6573641,-9.810204
9153670189,9153669264,-0.09416002,-0.657042,-9.812929
9153678692,9153677734,-0.09395033,-0.65734136,-9.823016
9153688822,9153684301,-0.093875356,-0.6574416,-9.834064
9153696542,9153692007,-0.093901165,-0.6574037,-9.83391
9153700795,9153700074,-0.093918085,-0.6573807,-9.83195
9153709216,9153708495,-0.101022616,-0.6644905,-9.832696
9153717605,9153715277,-0.109165,-0.6726407,-9.834153
9153728028,9153723286,-0.10200311,-0.66547894,-9.83323
9153734385,9153732339,-0.09952816,-0.6630027,-9.84289
9153740777,9153739841,-0.10752874,-0.6710031,-9.845469
9153749209,9153748275,-0.10202594,-0.6655004,-9.823048
9153757579,9153754861,-0.09981842,-0.6490798,-9.818312
9153768228,9153762158,-0.114673756,-0.63343066,-9.831601
9153771347,9153770622,-0.12433946,-0.62691545,-9.824325
9153779760,9153779028,-0.123147756,-0.628707,-9.810881
9153788148,9153785622,-0.121278584,-0.6301114,-9.81019
9153798541,9153793424,-0.11410768,-0.63710916,-9.822497
9153804193,9153802137,-0.1062804,-0.6449926,-9.834468
9153810621,9153809891,-0.09928683,-0.65202475,-9.825015
9153818992,9153818070,-0.08542368,-0.6658838,-9.812489
9153828412,9153825493,-0.084623076,-0.666677,-9.82136
9153838790,9153832575,-0.09404357,-0.6572561,-9.843948
9153842145,9153841397,-0.08845476,-0.6628462,-9.846701
9153849759,9153849019,-0.0788791,-0.6724221,-9.824047
9153858144,9153855925,-0.085565634,-0.66573536,-9.819247
9153868565,9153863846,-0.095329,-0.65597194,-9.831563
9153876299,9153872268,-0.102690585,-0.66282356,-9.825159
9153881522,9153880779,-0.11626804,-0.67975056,-9.814024
9153888898,9153888145,-0.116962336,-0.681024,-9.823568
9153898258,9153895309,-0.10046983,-0.6640288,-9.834957
9153909702,9153903053,-0.090830095,-0.654214,-9.823893
9153912796,9153911875,-0.09231269,-0.6557592,-9.810228
9153920241,9153919476,-0.10132641,-0.6505996,-9.82022
9153928581,9153926541,-0.11659752,-0.6353611,-9.844178
9153938130,9153934313,-0.11724973,-0.63403773,-9.845929
9153944388,9153943236,-0.10045407,-0.6507296,-9.831934
9153951763,9153951038,-0.0907774,-0.66050875,-9.82958
9153959141,9153958422,-0.09230775,-0.6590116,-9.831691
9153968529,9153965815,-0.09422835,-0.6570779,-9.842463
9153978920,9153973257,-0.09424082,-0.65705764,-9.853718
9153984332,9153983189,-0.108119,-0.65739375,-9.844428
9153990936,9153990205,-0.12435914,-0.6574465,-9.822001
9153998516,9153996670,-0.11008688,-0.6573953,-9.819346
9154007943,9154004630,-0.090939164,-0.65737855,-9.841986
9154018543,9154012325,-0.09774882,-0.6644917,-9.846767
9154021738,9154021010,-0.116315275,-0.6797478,-9.825405
9154030170,9154029445,-0.117835805,-0.6807312,-9.811394
9154038524,9154035811,-0.10058925,-0.66398644,-9.811081
9154049020,9154043701,-0.09069438,-0.6542592,-9.812487
9154054199,9154052155,-0.09937848,-0.6486666,-9.812747
9154060566,9154059647,-0.10948989,-0.64244807,-9.812539
9154068721,9154067747,-0.10233892,-0.64962614,-9.812463
9154079912,9154076556,-0.09952029,-0.66597927,-9.813494
9154089663,9154082974,-0.12168187,-0.6742182,-9.815667
9154091736,9154090985,-0.132523,-0.66544855,-9.825854
9154100244,9154099453,-0.108902216,-0.65561503,-9.835003
9154108711,9154106414,-0.096440956,-0.66282165,-9.824503
9154119042,9154114320,-0.105867565,-0.67270625,-9.812319
9154127355,9154123332,-0.109430976,-0.6728878,-9.812378
9154131633,9154130708,-0.108298995,-0.6711811,-9.8245735
9154138997,9154138284,-0.10750863,-0.6708996,-9.836397
9154148401,9154145686,-0.10759156,-0.6711578,-9.825937
9154159917,9154153278,-0.107742295,-0.6570317,-9.821329
9154163321,9154162320,-0.11485636,-0.6336013,-9.841586
9154170486,9154169743,-0.115870096,-0.6184393,-9.855406
9154178820,9154176596,-0.10766426,-0.61322457,-9.853874
9154189389,9154184638,-0.1062867,-0.629334,-9.841177
9154194563,9154193437,-0.107524216,-0.64681697,-9.819489
9154202059,9154201320,-0.11505329,-0.6394418,-9.808494
9154209444,9154208719,-0.12304371,-0.6424043,-9.821744
9154218878,9154216161,-0.11578518,-0.66545045,-9.846714
9154229301,9154223682,-0.09910957,-0.6683006,-9.847037
9154233503,9154232336,-0.09794421,-0.6504629,-9.821601
9154240937,9154240183,-0.10780454,-0.6402485,-9.817825
9154249319,9154247051,-0.102344014,-0.6489895,-9.841833
9154258631,9154255017,-0.09270999,-0.65916526,-9.856056
9154267327,9154263045,-0.092258915,-0.6591203,-9.853926
9154271947,9154271214,-0.10098891,-0.6502228,-9.85112
9154280399,9154279654,-0.10945102,-0.6418232,-9.851084
9154288800,9154286275,-0.102050856,-0.64926183,-9.85157
9154299282,9154293938,-0.09237841,-0.658929,-9.841598
9154304486,9154302439,-0.09226182,-0.65903807,-9.819954
9154310822,9154310105,-0.093940884,-0.65735877,-9.808488
9154319268,9154317416,-0.094206825,-0.6570941,-9.810607
9154328646,9154325718,-0.093951285,-0.65734994,-9.822977
9154339118,9154333055,-0.100973874,-0.6503272,-9.834465
9154342234,9154341498,-0.12336521,-0.64214885,-9.83498
9154350746,9154349999,-0.1396208,-0.64218456,-9.834045
9154359384,9154356633,-0.13096456,-0.6365173,-9.822764
9154369019,9154364503,-0.11974184,-0.642789,-9.811229
9154378353,9154373630,-0.112512276,-0.6660195,-9.812525
9154382632,9154381885,-0.099210024,-0.66831636,-9.823781
9154389916,9154388970,-0.08431966,-0.66457856,-9.845301
9154400328,9154396907,-0.08447512,-0.6778425,-9.848483
9154410953,9154403439,-0.10842869,-0.6875439,-9.82608
9154413073,9154412155,-0.11901029,-0.67952985,-9.811191
9154420438,9154419720,-0.1092505,-0.66955036,-9.811937
9154430532,9154427561,-0.105967976,-0.66949654,-9.814658
9154441995,9154435908,-0.10719945,-0.6570254,-9.82397
9154447656,9154442896,-0.10795511,-0.64099824,-9.8338995
9154451618,9154450700,-0.10074307,-0.6479484,-9.823668
9154460282,9154459351,-0.0924495,-0.6446684,-9.820431
9154469000,9154466077,-0.09960814,-0.6216504,-9.841852
9154480658,9154475010,-0.10921571,-0.62596655,-9.855602
9154483839,9154483071,-0.10225856,-0.6519537,-9.843805
9154491173,9154490262,-0.09245004,-0.66210306,-9.81957
9154499600,9154497379,-0.09934246,-0.6661366,-9.819099
9154508965,9154505155,-0.109176755,-0.67205334,-9.834336
9154515300,9154514102,-0.10229945,-0.6651045,-9.825591
9154522002,9154521201,-0.092462845,-0.65594435,-9.820636
9154530690,9154529675,-0.09223059,-0.6558236,-9.831494
9154539008,9154536482,-0.09392152,-0.6574122,-9.8239
9154549520,9154544171,-0.09420948,-0.6576656,-9.810836
9154554687,9154553567,-0.09395507,-0.6574241,-9.820308
9154561041,9154560324,-0.093867384,-0.65734434,-9.834034
9154569456,9154567630,-0.09389917,-0.65737504,-9.824329
9154578813,9154576092,-0.101025775,-0.6645001,-9.811459
9154589386,9154583546,-0.10916877,-0.67264307,-9.812284
9154592537,9154591811,-0.102003105,-0.66547763,-9.813656
9154601004,9154600264,-0.0995275,-0.64878887,-9.812707
9154609516,9154606783,-0.10752865,-0.6404987,-9.812327
9154619918,9154614783,-0.10202604,-0.64931965,-9.812439
9154627195,9154622769,-0.09981845,-0.6520631,-9.803476
9154631439,9154630719,-0.11467374,-0.63670427,-9.793101
9154639926,9154638957,-0.117232874,-0.63397753,-9.812252
9154649267,9154646549,-0.10078895,-0.6504852,-9.835967
9154660711,9154653760,-0.09793589,-0.653377,-9.826025
9154662853,9154661892,-0.11461542,-0.6366919,-9.820414
9154671289,9154670535,-0.11755446,-0.6337453,-9.841436
9154679688,9154677336,-0.10795278,-0.6433469,-9.845494
9154690311,9154684955,-0.10603352,-0.6452675,-9.822301
9154695615,9154694476,-0.10033002,-0.6509712,-9.808147
9154702022,9154701292,-0.092726074,-0.65857494,-9.820195
9154710426,9154709703,-0.099721,-0.6515799,-9.834489
9154719791,9154717080,-0.109183714,-0.64211726,-9.824416
9154730204,9154724188,-0.102234095,-0.64906687,-9.810387
9154733372,9154732650,-0.09955865,-0.6659555,-9.811107
9154741826,9154741085,-0.11459928,-0.6814193,-9.815682
9154750288,9154748425,-0.11726754,-0.68071884,-9.826275
9154759651,9154755435,-0.100807086,-0.66369164,-9.835062
9154765848,9154764723,-0.090825886,-0.65421826,-9.833484
9154772290,9154771557,-0.09225293,-0.65581894,-9.831712
9154780982,9154779987,-0.09421183,-0.6577142,-9.82168
9154790301,9154787095,-0.087141424,-0.6648172,-9.811479
9154799908,9154794547,-0.07865757,-0.67262995,-9.812752
9154804141,9154802934,-0.08576353,-0.6654202,-9.813721
9154811857,9154811053,-0.10250335,-0.6487828,-9.812634
9154820128,9154817912,-0.117918015,-0.6476145,-9.823361
9154829580,9154825896,-0.13144958,-0.66457427,-9.837181
9154838879,9154834613,-0.1378316,-0.67436546,-9.828275
9154843224,9154842466,-0.12217875,-0.6728231,-9.813494
9154851564,9154850841,-0.097451255,-0.6637741,-9.810884
9154861180,9154857339,-0.089474015,-0.6556149,-9.81209
9154869908,9154864990,-0.09264374,-0.6560087,-9.812723
9154878253,9154874216,-0.094506025,-0.657497,-9.822655
9154882535,9154881613,-0.10132908,-0.6505389,-9.834046
9154890908,9154889983,-0.123319864,-0.64215404,-9.824925
9154900970,9154897613,-0.1395519,-0.64214826,-9.822599
9154911361,9154904045,-0.13096243,-0.6507243,-9.833909
9154913514,9154912750,-0.112647034,-0.6661924,-9.82592
9154920905,9154920156,-0.104368724,-0.67405677,-9.812717
9154930305,9154927550,-0.10637003,-0.67249423,-9.822239
9154940721,9154935158,-0.10100771,-0.6637801,-9.834991
9154946155,9154944081,-0.09987274,-0.66278005,-9.835187
9154952490,9154951769,-0.10775367,-0.67126846,-9.833984
9154960283,9154959562,-0.1019984,-0.6655783,-9.822719
9154970748,9154968030,-0.09266837,-0.6561513,-9.810226
9154980116,9154974306,-0.092313424,-0.65577066,-9.820425
9154984276,9154983555,-0.10811075,-0.6573682,-9.835163
9154991776,9154990844,-0.13180248,-0.6647751,-9.827489
9155000135,9154997815,-0.13960296,-0.6726845,-9.824788
9155010676,9155005563,-0.1436956,-0.6654355,-9.835789
9155015848,9155014717,-0.14292614,-0.6487755,-9.836866
9155023281,9155022531,-0.12788282,-0.6333976,-9.833085
9155030799,9155030053,-0.11160508,-0.6340705,-9.821288
9155039449,9155036931,-0.10475641,-0.6439721,-9.810175
9155050322,9155045212,-0.10660943,-0.6453018,-9.810619
9155053933,9155053194,-0.10097473,-0.65086657,-9.812633
9155061521,9155060761,-0.09982593,-0.6656602,-9.813854
9155069996,9155068378,-0.10775261,-0.673954,-9.824736
9155080446,9155076026,-0.10911302,-0.6725725,-9.836163
9155086629,9155085502,-0.11502853,-0.6780228,-9.8268795
9155093145,9155092313,-0.12276147,-0.6719553,-9.823519
9155101443,9155100711,-0.11574824,-0.6487926,-9.832695
9155109852,9155107534,-0.09915365,-0.64646995,-9.82357
9155120415,9155115290,-0.090850554,-0.6572986,-9.820627
9155128763,9155124522,-0.09254648,-0.65928924,-9.831847
9155132992,9155132073,-0.094250426,-0.6576814,-9.823955
9155140473,9155139542,-0.094202176,-0.6570972,-9.810782
9155149850,9155147121,-0.1010029,-0.65018725,-9.810241
9155161527,9155154215,-0.116218865,-0.63506615,-9.822521
9155163658,9155162938,-0.11725109,-0.63406694,-9.834462
9155171088,9155170127,-0.10052067,-0.65078557,-9.834055
9155180497,9155177774,-0.090786904,-0.66051185,-9.841951
9155190881,9155185569,-0.099404044,-0.66610885,-9.854233
9155196249,9155194142,-0.116583996,-0.67943484,-9.856653
9155202582,9155201828,-0.124691434,-0.6732952,-9.854855
9155211128,9155210373,-0.115757674,-0.648741,-9.842107
9155220473,9155217548,-0.09881662,-0.6462275,-9.819452
9155230838,9155224623,-0.090799615,-0.6572722,-9.808326
9155233958,9155233252,-0.09259813,-0.65932786,-9.810671
9155241439,9155240690,-0.094266914,-0.6576917,-9.80392
9155250798,9155248079,-0.09419553,-0.657092,-9.803526
9155261516,9155255960,-0.09389246,-0.65729123,-9.823749
9155266830,9155265698,-0.09386067,-0.6574255,-9.825768
9155273181,9155272457,-0.09390916,-0.65741014,-9.812468
9155281759,9155280817,-0.09392183,-0.6573844,-9.820219
9155290091,9155287373,-0.09391518,-0.6573833,-9.8337345
9155300502,9155295185,-0.09391199,-0.65738773,-9.824302
9155304704,9155303933,-0.10101926,-0.65028197,-9.810503
9155312092,9155311328,-0.109165564,-0.6421357,-9.810139
9155320488,9155318469,-0.11621694,-0.6492972,-9.81351
9155330906,9155326390,-0.12292603,-0.65887934,-9.825123
9155337080,9155335960,-0.1226705,-0.6590246,-9.84633
9155343716,9155342938,-0.12145667,-0.65736556,-9.847393
9155362122,9155357392,-0.10711083,-0.6570975,-9.832775
9155364249,9155357636,-0.091012985,-0.6573492,-9.829447
9155369561,9155366121,-0.09828148,-0.6645396,-9.832527
9155375924,9155373854,-0.116380215,-0.6797599,-9.845623
9155382247,9155381521,-0.117751904,-0.6807245,-9.846997
9155391685,9155389846,-0.10056561,-0.66398335,-9.822792
9155400040,9155396689,-0.097812235,-0.6613665,-9.819012
9155410410,9155405476,-0.1146365,-0.66391957,-9.833757
9155414670,9155413740,-0.11757923,-0.65053856,-9.825521
9155422055,9155421124,-0.10084611,-0.6481344,-9.820726
9155430394,9155428071,-0.09788352,-0.66434246,-9.842575
9155440790,9155435861,-0.114597745,-0.681347,-9.848621
9155445963,9155443938,-0.117561065,-0.6809911,-9.825574
9155453327,9155452610,-0.10795684,-0.6566375,-9.809083
9155460602,9155459672,-0.10603295,-0.6389259,-9.809709
9155470287,9155467334,-0.10032923,-0.6477134,-9.812692
9155480693,9155475036,-0.09272605,-0.6592106,-9.813017
9155484816,9155484095,-0.092614554,-0.6451376,-9.822593
9155492236,9155491491,-0.093931496,-0.62685066,-9.833985
9155500597,9155498379,-0.10125019,-0.6337512,-9.823921
9155512396,9155507435,-0.11630248,-0.6379669,-9.810403
9155517005,9155514868,-0.117219955,-0.6373732,-9.810191
9155524151,9155523361,-0.10050145,-0.6507604,-9.8125305
9155532434,9155531485,-0.09078954,-0.65992844,-9.81291
9155541820,9155539002,-0.09230121,-0.6589214,-9.812555
9155551389,9155545364,-0.094225265,-0.6571665,-9.812436
9155554542,9155553811,-0.0942415,-0.6570865,-9.812481
9155562921,9155562201,-0.09390649,-0.6573825,-9.812509
9155571372,9155570438,-0.093854666,-0.6574398,-9.812505
9155581766,9155576649,-0.09390583,-0.6573963,-9.82255
9155586979,9155584958,-0.10102898,-0.66448647,-9.835073
9155593410,9155592688,-0.10916808,-0.67263734,-9.836148
9155601808,9155600874,-0.10200245,-0.6654792,-9.833104
9155611206,9155608474,-0.09952752,-0.6487901,-9.831466
9155621602,9155615780,-0.11463535,-0.63339204,-9.84181
9155626839,9155625569,-0.13149144,-0.6340672,-9.844616
9155633247,9155632323,-0.13841337,-0.64397264,-9.824117
9155641720,9155640945,-0.12225647,-0.64530253,-9.809572
9155651123,9155647072,-0.09736061,-0.65086657,-9.810035
9155661483,9155655829,-0.08944714,-0.6585535,-9.822703
9155664642,9155662616,-0.0926557,-0.6587017,-9.834525
9155672071,9155671303,-0.09451249,-0.65737545,-9.834032
9155681417,9155678700,-0.09422135,-0.6571556,-9.831886
9155690797,9155686279,-0.100959755,-0.66446257,-9.822615
9155697118,9155695069,-0.11620921,-0.6655695,-9.82264
9155703493,9155702770,-0.124363825,-0.64313024,-9.833315
9155712129,9155711151,-0.11577549,-0.6325487,-9.81477
9155722007,9155719086,-0.098876655,-0.64914954,-9.791092
9155731394,9155725377,-0.09080527,-0.6605389,-9.799927
9155734546,9155733822,-0.092588425,-0.6592931,-9.824467
9155741997,9155741256,-0.0942645,-0.6571138,-9.8365555
9155751340,9155748625,-0.10130346,-0.649907,-9.823969
9155761745,9155756429,-0.11625189,-0.6350223,-9.820008
9155766955,9155764902,-0.11720322,-0.6341097,-9.841738
9155773289,9155772561,-0.100507885,-0.6507995,-9.8556595
9155782721,9155781105,-0.0979,-0.65339977,-9.843834
9155791085,9155788338,-0.10755287,-0.64374673,-9.819564
9155801548,9155795737,-0.109421544,-0.64187944,-9.808039
9155804722,9155803983,-0.10800208,-0.6432991,-9.82066
9155813129,9155812407,-0.10746687,-0.65804726,-9.835581
9155821534,9155819021,-0.1147441,-0.66706127,-9.826504
9155831916,9155826998,-0.11590197,-0.65157986,-9.811505
9155837099,9155835075,-0.10058202,-0.64773566,-9.809899
9155844557,9155843835,-0.091032445,-0.6569949,-9.812294
9155851918,9155851208,-0.0923226,-0.6590228,-9.812926
9155861300,9155858587,-0.10129238,-0.6648023,-9.813603
9155871707,9155865894,-0.10237764,-0.6652917,-9.824647
9155875907,9155874642,-0.09385684,-0.64303005,-9.845239
9155883056,9155882307,-0.10663386,-0.6254761,-9.845308
9155891628,9155889387,-0.12420933,-0.62681323,-9.831657
9155901965,9155897251,-0.12453856,-0.6300869,-9.829649
9155907156,9155905327,-0.11439819,-0.6374377,-9.821699
9155914523,9155913808,-0.098644644,-0.6521516,-9.8208885
9155921915,9155921198,-0.09101288,-0.66012055,-9.832214
9155931319,9155928607,-0.099766046,-0.6658121,-9.824966
9155941744,9155936412,-0.109490715,-0.67235345,-9.8229265
9155946919,9155945781,-0.10227109,-0.66520524,-9.832945
9155953256,9155952539,-0.09240365,-0.65590644,-9.833762
9155961617,9155959799,-0.09933348,-0.64869374,-9.832125
9155971227,9155967788,-0.10918359,-0.64216316,-9.8216915
9155981055,9155976322,-0.10940861,-0.6424731,-9.801357
9155985558,9155984629,-0.10771425,-0.6436636,-9.80122
9155992978,9155992261,-0.09321391,-0.6579965,-9.824864
9156001349,9155999034,-0.07717773,-0.6740965,-9.838397
9156012380,9156007042,-0.09869549,-0.66683066,-9.836229
9156017190,9156015134,-0.1259734,-0.65583843,-9.823488
9156023638,9156022904,-0.11197536,-0.65550536,-9.81095
9156032411,9156031674,-0.098038785,-0.6502776,-9.820396
9156041871,9156039116,-0.11266887,-0.6353585,-9.834026
9156052405,9156045781,-0.12435839,-0.6269872,-9.834363
9156055517,9156054799,-0.1163955,-0.635486,-9.8420725
9156062907,9156062186,-0.10607486,-0.64530313,-9.853191
9156071295,9156069447,-0.11306876,-0.63814163,-9.843415
9156081828,9156077100,-0.11590112,-0.6353731,-9.829986
9156088027,9156086873,-0.100875676,-0.65043724,-9.829736
9156094362,9156093146,-0.091075525,-0.6602318,-9.832054
9156102780,9156101857,-0.09227741,-0.6590224,-9.8324375
9156111139,9156108423,-0.094171636,-0.65712804,-9.822037
9156121531,9156116223,-0.101344414,-0.6641697,-9.821454
9156125734,9156124817,-0.10916759,-0.67263806,-9.834248
9156133529,9156132757,-0.10194707,-0.66553485,-9.825165
9156142988,9156140763,-0.09241293,-0.6559047,-9.810538
9156152372,9156147657,-0.099391654,-0.66284883,-9.810997
9156157624,9156156465,-0.116297044,-0.67976606,-9.825689
9156164963,9156164237,-0.12465165,-0.67391527,-9.837808
9156172378,9156171655,-0.12290875,-0.64166695,-9.824944
9156181792,9156179067,-0.1211889,-0.6237647,-9.809882
9156192216,9156186576,-0.12124306,-0.626802,-9.819986
9156196370,9156195445,-0.107339405,-0.63038534,-9.834154
9156203738,9156203017,-0.09108387,-0.6303767,-9.824404
9156212155,9156209939,-0.09825176,-0.63685364,-9.810443
9156221734,9156217915,-0.095043704,-0.6449088,-9.820162
9156230023,9156225573,-0.07910456,-0.64495075,-9.834082
9156235223,9156234495,-0.08444319,-0.650651,-9.824362
9156242655,9156241908,-0.08801876,-0.66569024,-9.811456
9156251970,9156249259,-0.073392235,-0.68110275,-9.823333
9156262355,9156256842,-0.070626676,-0.680719,-9.837383
9156267519,9156265498,-0.0870003,-0.66374713,-9.8252945
9156273904,9156273181,-0.10409243,-0.6471197,-9.810007
9156282321,9156280470,-0.1108269,-0.6405581,-9.809893
9156291675,9156288736,-0.10881438,-0.6567276,-9.823612
9156302524,9156296226,-0.10733922,-0.6744556,-9.846744
9156305641,9156304899,-0.100369856,-0.6671057,-9.846714
9156313013,9156312291,-0.09960951,-0.6487091,-9.821548
9156322398,9156319470,-0.10782704,-0.64020157,-9.817874
9156332772,9156327459,-0.10916186,-0.6421836,-9.8318
9156337931,9156335918,-0.11502264,-0.63685864,-9.83448
9156344406,9156343690,-0.11564548,-0.63573253,-9.83243
9156352796,9156351874,-0.10049567,-0.65071476,-9.82161
9156362175,9156359458,-0.098171376,-0.667316,-9.821393
9156372583,9156366566,-0.1075947,-0.6742227,-9.834313
9156375712,9156374997,-0.1022735,-0.6652148,-9.835236
9156384212,9156383446,-0.09273647,-0.65558004,-9.8321
9156391652,9156389812,-0.09227514,-0.65575093,-9.83148
9156402081,9156397865,-0.09388006,-0.6574654,-9.83194
9156408342,9156407206,-0.10130218,-0.6505795,-9.822065
9156414683,9156413965,-0.10921254,-0.6421655,-9.82054
9156423129,9156422214,-0.10196105,-0.6492494,-9.832099
9156431780,9156429063,-0.09240709,-0.6588671,-9.824006
9156442236,9156436912,-0.09228177,-0.65903115,-9.820795
9156446419,9156445683,-0.09393879,-0.64315546,-9.841846
9156453808,9156453071,-0.10130962,-0.63369894,-9.846492
9156462136,9156460321,-0.10920332,-0.6564199,-9.824385
9156473102,9156468372,-0.101958394,-0.66850674,-9.819332
9156478248,9156477120,-0.09240832,-0.6591832,-9.831516
9156485687,9156484937,-0.099389,-0.6485939,-9.834183
9156493058,9156492326,-0.10919088,-0.64157397,-9.832436
9156502512,9156499773,-0.10229336,-0.6495111,-9.821663
9156514354,9156508285,-0.09245948,-0.6590091,-9.8203945
9156518595,9156516535,-0.09223116,-0.659006,-9.832149
9156525071,9156524322,-0.0939222,-0.65734005,-9.824039
9156532965,9156530682,-0.09420948,-0.657097,-9.810742
9156542685,9156538430,-0.09395495,-0.6573536,-9.81022
9156550912,9156546382,-0.093867354,-0.65743375,-9.812475
9156555329,9156554553,-0.093899176,-0.6574005,-9.822947
9156563135,9156562404,-0.0939192,-0.6573816,-9.844183
9156572524,9156569793,-0.10102313,-0.65027803,-9.855501
9156582941,9156577616,-0.10916488,-0.64213616,-9.843383
9156588256,9156586198,-0.10200301,-0.64929795,-9.819526
9156594636,9156593899,-0.092421584,-0.6588794,-9.808112
9156603010,9156602089,-0.09227653,-0.6590244,-9.810627
9156612478,9156609749,-0.093935475,-0.6573655,-9.812996
9156622863,9156616647,-0.09420346,-0.6570975,-9.8129015
9156626048,9156625317,-0.09395175,-0.6573492,-9.822521
9156633521,9156632760,-0.09386794,-0.65743303,-9.833996
9156643900,9156640743,-0.10100642,-0.65029454,-9.833986
9156652687,9156648231,-0.10917142,-0.64212954,-9.831973
9156659039,9156657907,-0.10200688,-0.649294,-9.8216305
9156665436,9156664489,-0.092421,-0.65887994,-9.820471
9156672821,9156672089,-0.09227577,-0.6590252,-9.8422165
9156682165,9156679250,-0.09393547,-0.65736556,-9.845598
9156692587,9156687073,-0.10131018,-0.66420394,-9.823185
9156696741,9156696022,-0.11631057,-0.66549486,-9.810268
9156704171,9156703215,-0.11721062,-0.65027124,-9.811306
9156712551,9156710717,-0.10049867,-0.64781904,-9.8127165
9156723121,9156718541,-0.09079078,-0.6572366,-9.812742
9156729439,9156727537,-0.09230188,-0.65904355,-9.812497
9156735745,9156735021,-0.09422515,-0.6576564,-9.812457
9156743141,9156742413,-0.09424137,-0.6571367,-9.812494
9156752504,9156749786,-0.09390649,-0.6573039,-9.812507
9156762976,9156757449,-0.10096126,-0.6503129,-9.812502
9156767225,9156766050,-0.109158054,-0.6421549,-9.812499
9156775060,9156774316,-0.10201286,-0.64929456,-9.8125
9156783652,9156782731,-0.0995308,-0.65176904,-9.8125
9156793232,9156788801,-0.11463399,-0.63666564,-9.8125
9156801733,9156797709,-0.12438408,-0.64113003,-9.813505
9156806018,9156805083,-0.11605467,-0.665751,-9.814657
9156813527,9156812770,-0.09891393,-0.668568,-9.813644
9156822850,9156820134,-0.097868346,-0.65044934,-9.822339
9156833247,9156827933,-0.10782776,-0.64019954,-9.843889
9156838409,9156836585,-0.10236072,-0.64898473,-9.845515
9156844828,9156844097,-0.09270836,-0.6591732,-9.831924
9156853151,9156851334,-0.09225574,-0.6591223,-9.829652
9156862538,9156859620,-0.10098872,-0.66443485,-9.822657
9156873106,9156867087,-0.10945153,-0.67232716,-9.812988
9156876262,9156875338,-0.10205095,-0.6654429,-9.821846
9156883698,9156882976,-0.099484906,-0.64883924,-9.833881
9156893388,9156890452,-0.10751403,-0.64051217,-9.834087
9156903154,9156898239,-0.10203137,-0.64931273,-9.842058
9156909415,9156907376,-0.0998218,-0.6520597,-9.843187
9156915758,9156914827,-0.1146733,-0.6367049,-9.821854
9156924195,9156923246,-0.117232226,-0.63397825,-9.818537
9156932592,9156929874,-0.100788936,-0.6504852,-9.831844
9156943301,9156937457,-0.09082943,-0.6604835,-9.824321
9156946655,9156945916,-0.092256635,-0.65905076,-9.810837
9156954732,9156954011,-0.10131834,-0.6499815,-9.820234
9156963666,9156961847,-0.12371275,-0.6418001,-9.845079
9156973080,9156968661,-0.13961121,-0.64219415,-9.848068
9156979457,9156978278,-0.13090222,-0.6365799,-9.823043
9156985830,9156985110,-0.11262783,-0.63568985,-9.817854
9156994299,9156993341,-0.10437648,-0.65786403,-9.83254
9157002667,9157000120,-0.11348111,-0.66836876,-9.826551
9157013035,9157007920,-0.11625923,-0.6518032,-9.822096
9157017289,9157016547,-0.10085572,-0.6475391,-9.831539
9157024719,9157023762,-0.0981164,-0.64982045,-9.823651
9157033059,9157031239,-0.10041694,-0.6366886,-9.810792
9157043485,9157038968,-0.09412709,-0.6272619,-9.810295
9157049735,9157048559,-0.10701718,-0.62818635,-9.812477
9157056100,9157055328,-0.13132456,-0.6370811,-9.823939
9157063646,9157062899,-0.12551168,-0.64532614,-9.836287
9157073040,9157070516,-0.106186196,-0.64497185,-9.836082
9157084614,9157079097,-0.11859305,-0.6434743,-9.833887
9157088794,9157087567,-0.12379588,-0.64331746,-9.822548
9157095146,9157094432,-0.10816785,-0.6435571,-9.82027
9157103514,9157101496,-0.10497051,-0.6294065,-9.831974
9157112927,9157109510,-0.10724346,-0.61308235,-9.824036
9157123361,9157117347,-0.10813646,-0.6273901,-9.810772
9157126533,9157125608,-0.100761876,-0.6536643,-9.810225
9157133947,9157133231,-0.09952703,-0.6692102,-9.823525
9157143437,9157140897,-0.114852816,-0.68108904,-9.837626
9157154308,9157148749,-0.11731016,-0.6800998,-9.827305
9157159501,9157157467,-0.10787544,-0.6707656,-9.812268
9157165858,9157164940,-0.10606505,-0.66957426,-9.81188
9157174307,9157173553,-0.10034819,-0.6639303,-9.813456
9157183663,9157180747,-0.09982978,-0.6491008,-9.812749
9157194076,9157187462,-0.10786304,-0.6408157,-9.812369
9157197205,9157196490,-0.10202192,-0.6493113,-9.812437
9157204896,9157204141,-0.092652634,-0.6591129,-9.822564
9157213681,9157211137,-0.092307,-0.6590562,-9.844133
9157224080,9157218934,-0.093899414,-0.6573292,-9.845511
9157229413,9157227319,-0.10129943,-0.64998007,-9.82183
9157235725,9157235008,-0.10920874,-0.64210176,-9.818127
9157244358,9157243435,-0.10906756,-0.65645176,-9.832792
9157253726,9157250808,-0.11476655,-0.68125117,-9.827547
9157264129,9157258110,-0.11562457,-0.68236077,-9.824207
9157267289,9157266542,-0.10053752,-0.6639612,-9.832679
9157275656,9157274938,-0.09818116,-0.6610763,-9.834503
9157284055,9157281488,-0.10758879,-0.6709876,-9.83429
9157293415,9157289198,-0.102270916,-0.665836,-9.822884
9157299570,9157298461,-0.09273712,-0.6562382,-9.810198
9157307006,9157306284,-0.09227569,-0.65573823,-9.810343
9157314522,9157313549,-0.10098659,-0.65024155,-9.8226385
9157323921,9157321180,-0.11655431,-0.6353124,-9.844511
9157334314,9157328274,-0.124409586,-0.62698686,-9.855604
9157338493,9157337347,-0.122828245,-0.62838745,-9.84334
9157345904,9157345176,-0.12121958,-0.63005215,-9.819502
9157354351,9157353399,-0.11415509,-0.63715655,-9.818166
9157363700,9157359683,-0.0991911,-0.65211654,-9.842252
9157372049,9157367481,-0.091135405,-0.6601647,-9.846007
9157377253,9157376335,-0.09968814,-0.6516115,-9.822233
9157384648,9157383719,-0.109457836,-0.6418431,-9.808048
9157394043,9157391124,-0.102279946,-0.64902127,-9.810143
9157404617,9157399895,-0.092410706,-0.6588903,-9.822987
9157409797,9157407775,-0.0851198,-0.65196794,-9.834547
9157416164,9157415239,-0.085784405,-0.64922523,-9.824941
9157424630,9157423698,-0.101373225,-0.6642513,-9.812464
9157433985,9157431269,-0.10353595,-0.6669292,-9.821368
9157444428,9157437809,-0.1011186,-0.65047264,-9.833903
9157447550,9157446835,-0.11459907,-0.63338375,-9.834175
9157454958,9157454242,-0.11699397,-0.63377094,-9.832017
9157463340,9157461315,-0.10076711,-0.6510373,-9.821604
9157473758,9157469237,-0.09086801,-0.6606006,-9.82046
9157479974,9157477935,-0.0922661,-0.65897113,-9.832169
9157486441,9157485707,-0.09420637,-0.65705585,-9.834081
9157494830,9157493911,-0.10135148,-0.649955,-9.832307
9157504245,9157501494,-0.102055945,-0.63503945,-9.821662
9157514602,9157508180,-0.09379944,-0.62699723,-9.810368
9157517922,9157517150,-0.09957529,-0.63554347,-9.820632
9157525562,9157524798,-0.10186761,-0.65241635,-9.844214
9157534077,9157531725,-0.09408337,-0.66049135,-9.845862
9157544585,9157539454,-0.092543244,-0.6587133,-9.821867
9157549777,9157547942,-0.10078964,-0.6641439,-9.819075
9157557230,9157556498,-0.109372005,-0.67235625,-9.833929
9157564654,9157563914,-0.102074236,-0.66549814,-9.825536
9157574169,9157571443,-0.09950225,-0.6488422,-9.820699
9157584645,9157578621,-0.107512474,-0.6405029,-9.831513
9157587776,9157587059,-0.109134674,-0.6422043,-9.823893
9157596159,9157595439,-0.107967235,-0.64391536,-9.810832
9157604613,9157603689,-0.1004055,-0.6509738,-9.820309
9157614082,9157610055,-0.09239803,-0.6588124,-9.844085
9157620278,9157619152,-0.09255323,-0.6587208,-9.8459
9157627662,9157626941,-0.10108664,-0.6502263,-9.831945
9157635089,9157634331,-0.10941369,-0.64189374,-9.839638
9157644484,9157641761,-0.10202826,-0.6492716,-9.843208
9157654976,9157648961,-0.09238164,-0.658918,-9.822282
9157660153,9157658932,-0.09226627,-0.6448215,-9.818596
9157666591,9157665635,-0.0868344,-0.6197492,-9.841827
9157674122,9157673204,-0.07895385,-0.62566173,-9.855921
9157684509,9157680291,-0.0858607,-0.65224254,-9.843857
9157693894,9157688078,-0.09535903,-0.6621988,-9.829572
9157698067,9157697339,-0.09553666,-0.6589934,-9.829598
9157705525,9157704780,-0.09389705,-0.6567789,-9.822058
9157713850,9157711633,-0.09362617,-0.6570172,-9.8109
9157724267,9157719353,-0.09387407,-0.65744036,-9.810591
9157730501,9157728447,-0.09395783,-0.65746045,-9.812502
9157737055,9157736105,-0.10103317,-0.6502826,-9.8228855
9157745523,9157744575,-0.109159574,-0.642123,-9.84417
9157753869,9157751118,-0.109107055,-0.64218855,-9.84546
9157764252,9157758634,-0.11478095,-0.6365225,-9.831866
9157768422,9157767694,-0.12272633,-0.62857586,-9.829653
9157775786,9157775066,-0.115786515,-0.63551414,-9.821663
9157784922,9157782662,-0.09916541,-0.65213525,-9.810833
9157794672,9157789755,-0.090845555,-0.6604554,-9.81065
9157799855,9157798720,-0.092543684,-0.65875727,-9.822573
9157807306,9157806544,-0.094250895,-0.6570501,-9.834397
9157814649,9157813926,-0.10130932,-0.66420484,-9.824991
9157824104,9157821363,-0.10914855,-0.67265683,-9.822547
9157834545,9157829016,-0.10195044,-0.6655315,-9.842935
9157838673,9157837950,-0.09952334,-0.6487944,-9.845339
9157846093,9157845361,-0.11464385,-0.6475967,-9.82302
9157854557,9157852313,-0.11728024,-0.6645696,-9.82034
9157864936,9157860190,-0.1079077,-0.6743679,-9.833912
9157870089,9157868964,-0.10607502,-0.67282426,-9.826317
9157877629,9157876899,-0.10034399,-0.6637738,-9.8117695
9157884970,9157884255,-0.08561426,-0.6627212,-9.821026
9157894383,9157891464,-0.07735898,-0.67126095,-9.835985
9157904923,9157899369,-0.08584147,-0.66558754,-9.825495
9157909068,9157908124,-0.09563588,-0.6561539,-9.810283
9157916419,9157915692,-0.0955805,-0.65576947,-9.809897
9157924746,9157922734,-0.093854904,-0.6573675,-9.812509
9157934120,9157930506,-0.09361231,-0.6576686,-9.812958
9157943536,9157939303,-0.09387943,-0.6574323,-9.812566
9157947786,9157947056,-0.10106761,-0.65023845,-9.812429
9157956161,9157955443,-0.10917835,-0.64212143,-9.812478
9157964556,9157962038,-0.101997174,-0.6493027,-9.81251
9157974955,9157969842,-0.09241837,-0.6588826,-9.822556
9157980134,9157978111,-0.09227709,-0.6590241,-9.834069
9157986577,9157985831,-0.093936116,-0.65736485,-9.82394
9157995211,9157993349,-0.10131004,-0.64999086,-9.81039
9158005685,9158003128,-0.11631043,-0.63499045,-9.810185
9158015423,9158009005,-0.11721062,-0.6340903,-9.812532
9158017747,9158017018,-0.10760528,-0.64369565,-9.812911
9158026125,9158025407,-0.10604301,-0.64525795,-9.812555
9158034530,9158032316,-0.10039234,-0.65090865,-9.812437
9158045056,9158040333,-0.09273352,-0.6585674,-9.812481
9158051313,9158049249,-0.09260458,-0.65869635,-9.822558
9158057687,9158056746,-0.09392874,-0.65737224,-9.834075
9158065050,9158064333,-0.101251535,-0.6500494,-9.823941
9158074775,9158071655,-0.116303176,-0.6349977,-9.82044
9158085198,9158079173,-0.1243264,-0.6269746,-9.841805
9158088381,9158087646,-0.11575355,-0.6355474,-9.855594
9158096765,9158096043,-0.105986595,-0.65952754,-9.844818
9158105205,9158102665,-0.11316842,-0.6828502,-9.822735
9158116665,9158111714,-0.11593116,-0.68205523,-9.811345
9158120765,9158119646,-0.10086259,-0.6636361,-9.8115425
9158128148,9158127227,-0.09106834,-0.6539758,-9.812563
9158135563,9158134835,-0.09227865,-0.65579325,-9.812677
9158144987,9158142461,-0.09417308,-0.65775293,-9.822565
9158155583,9158149721,-0.10134442,-0.6506142,-9.834041
9158158701,9158157964,-0.11627391,-0.6492268,-9.83499
9158167130,9158166194,-0.11719926,-0.6644889,-9.834121
9158175629,9158174709,-0.100503445,-0.66696364,-9.822772
9158185010,9158180792,-0.10500663,-0.65754265,-9.821266
9158191202,9158190073,-0.12991247,-0.6486246,-9.834091
9158197569,9158196851,-0.13276434,-0.64897275,-9.82618
9158206064,9158205124,-0.11460081,-0.66480064,-9.822774
9158214431,9158212108,-0.09723184,-0.6670538,-9.832709
9158224822,9158220106,-0.09077077,-0.65750116,-9.833755
9158231036,9158229898,-0.092871815,-0.6557094,-9.832165
9158237524,9158236566,-0.09431198,-0.6571225,-9.821699
9158246121,9158245190,-0.09415413,-0.6576433,-9.820447
9158255562,9158251349,-0.093878515,-0.65747166,-9.8321495
9158264963,9158259149,-0.09386589,-0.6573552,-9.82403
9158268122,9158267407,-0.10101895,-0.6502617,-9.810741
9158276595,9158275874,-0.11628018,-0.6350318,-9.8202715
9158285008,9158282692,-0.11725725,-0.6340488,-9.844096
9158295414,9158290300,-0.10761739,-0.64368236,-9.855959
9158300615,9158298589,-0.106036596,-0.64526325,-9.853516
9158308102,9158307328,-0.10749586,-0.64380515,-9.841027
9158315418,9158314702,-0.10798642,-0.6433147,-9.81953
9158324921,9158322153,-0.10069568,-0.65060526,-9.808525
9158335386,9158329360,-0.09243707,-0.65886384,-9.810687
9158338563,9158337843,-0.09961462,-0.66589946,-9.813937
9158347049,9158346318,-0.10921882,-0.6725866,-9.815038
9158355431,9158352914,-0.10225788,-0.665224,-9.813624
9158365834,9158360920,-0.09244938,-0.65586835,-9.81222
9158371046,9158369202,-0.09223591,-0.65579146,-9.812263
9158378470,9158377714,-0.09392466,-0.6574208,-9.812515
9158385824,9158385105,-0.094209,-0.65767246,-9.812544
9158395544,9158392628,-0.09395445,-0.6574236,-9.812504
9158406005,9158399951,-0.10097394,-0.6502365,-9.812493
9158409265,9158408489,-0.1091515,-0.6421227,-9.822549
9158418291,9158415935,-0.10200968,-0.64930326,-9.834071
9158425785,9158424868,-0.09953149,-0.6517759,-9.823942
9158435236,9158431213,-0.114634655,-0.6366651,-9.81039
9158441452,9158440311,-0.12438406,-0.6269156,-9.810185
9158448826,9158448102,-0.12316113,-0.62813985,-9.812532
9158456259,9158455538,-0.11416614,-0.637135,-9.812911
9158465621,9158462903,-0.098852254,-0.6524487,-9.812555
9158476051,9158470407,-0.091083914,-0.66021705,-9.812437
9158481193,9158480078,-0.092633456,-0.6586675,-9.812481
9158487597,9158486881,-0.101328805,-0.6499722,-9.812509
9158496165,9158495391,-0.10943502,-0.64186597,-9.812505
9158505850,9158501727,-0.109095484,-0.6422055,-9.8125
9158514512,9158510597,-0.114730954,-0.6507832,-9.813505
9158518822,9158518073,-0.115614474,-0.666191,-9.824707
9158526378,9158525424,-0.10054229,-0.6669397,-9.835215
9158535920,9158532964,-0.091077045,-0.6572407,-9.833781
9158545446,9158540690,-0.09233609,-0.65569127,-9.84178
9158551644,9158549607,-0.09417995,-0.65716547,-9.8432
9158558057,9158557324,-0.09422876,-0.65765274,-9.831955
9158566532,9158565756,-0.09391257,-0.6574655,-9.830062
9158575926,9158572968,-0.10096437,-0.6644592,-9.822712
9158585385,9158579730,-0.11626402,-0.6655147,-9.812923
9158589664,9158588892,-0.12437102,-0.64312285,-9.811777
9158597023,9158596298,-0.1228735,-0.6396638,-9.823376
9158605387,9158603168,-0.11412638,-0.66440433,-9.846378
9158615846,9158611104,-0.09889688,-0.6686282,-9.846703
9158622033,9158620009,-0.091097414,-0.65780085,-9.831661
9158628424,9158627505,-0.0926276,-0.65547705,-9.829405
9158637002,9158636069,-0.094219,-0.65703595,-9.821662
9158645387,9158642667,-0.094183356,-0.65767133,-9.810876
9158655792,9158650242,-0.093899086,-0.65749085,-9.820705
9158659921,9158659194,-0.10097035,-0.6502465,-9.834085
9158667330,9158666610,-0.10916069,-0.6421124,-9.824267
9158675787,9158673566,-0.10911823,-0.6564066,-9.81144
9158686343,9158681547,-0.114782386,-0.6812426,-9.813297
9158692389,9158691233,-0.12272458,-0.67526084,-9.825867
9158698803,9158697873,-0.115786016,-0.6487113,-9.84547
9158714564,9158709637,-0.10627224,-0.6387719,-9.855177
9158717742,9158713316,-0.10609791,-0.64197415,-9.843109
9158726134,9158720613,-0.10063413,-0.65129185,-9.819542
9158730314,9158729561,-0.085652664,-0.6663059,-9.809168
9158737721,9158736964,-0.08442029,-0.6810804,-9.823843
9158746057,9158744042,-0.10818692,-0.6877144,-9.838864
9158756945,9158752165,-0.118984565,-0.678987,-9.8374815
9158762076,9158760935,-0.10218257,-0.66233444,-9.832635
9158769493,9158768734,-0.09072591,-0.6543235,-9.831164
9158776903,9158776151,-0.09199712,-0.6560723,-9.8317995
9158786244,9158783517,-0.09419196,-0.6577327,-9.8321495
9158795680,9158790951,-0.101396546,-0.6505623,-9.83209
9158802029,9158800194,-0.1233848,-0.6421161,-9.822974
9158808406,9158807474,-0.13244297,-0.64924514,-9.822658
9158816862,9158815901,-0.1085919,-0.6588751,-9.843305
9158826177,9158823258,-0.08930305,-0.65903306,-9.845374
9158836653,9158830024,-0.09066517,-0.65736747,-9.821956
9158839985,9158839225,-0.094246715,-0.65709627,-9.808119
9158847011,9158846091,-0.09453152,-0.6573487,-9.820251
9158856610,9158854595,-0.09394513,-0.65743315,-9.834502
9158866021,9158861504,-0.093809456,-0.65740126,-9.824409
9158872297,9158870266,-0.09389243,-0.6573818,-9.810383
9158878759,9158877836,-0.10103494,-0.6502779,-9.810102
9158887139,9158886223,-0.10917129,-0.6421361,-9.822571
9158896506,9158893788,-0.102001876,-0.64929795,-9.834494
9158905905,9158900575,-0.092420295,-0.6588794,-9.824
9158910079,9158909344,-0.09938313,-0.6519179,-9.820375
9158917454,9158916728,-0.11629451,-0.6492199,-9.832741
9158925823,9158923800,-0.11754619,-0.6642593,-9.836189
9158936258,9158931741,-0.100550555,-0.66693133,-9.83352
9158942516,9158941342,-0.090739526,-0.65757823,-9.821469
9158948851,9158948110,-0.09228529,-0.65574205,-9.820175
9158957222,9158956304,-0.09423171,-0.65711373,-9.8321495
9158966647,9158963905,-0.10135183,-0.6505297,-9.834127
9158977013,9158970798,-0.10915814,-0.6422199,-9.842367
9158980166,9158979432,-0.101944394,-0.649266,-9.8432255
9158987575,9158986858,-0.0924142,-0.65886,-9.821806
9158997024,9158996081,-0.09228574,-0.6590272,-9.808473
9159006579,9159002156,-0.10104469,-0.6502627,-9.81028
9159012763,9159011641,-0.10945446,-0.64184535,-9.812881
9159019161,9159018434,-0.102041565,-0.6492581,-9.822996
9159027546,9159026830,-0.09237644,-0.6589245,-9.834068
9159035954,9159033432,-0.09226317,-0.659038,-9.823863
9159046361,9159041249,-0.10104801,-0.66446614,-9.821435
9159051535,9159050413,-0.10235232,-0.6794531,-9.834929
9159058905,9159058183,-0.086789414,-0.6806925,-9.827278
9159067316,9159066373,-0.08428521,-0.6640325,-9.811733
9159076746,9159072535,-0.09375467,-0.64005953,-9.819846
9159084105,9159080442,-0.09557834,-0.6252626,-9.833809
9159089531,9159088732,-0.09418447,-0.6415161,-9.834428
9159097879,9159097146,-0.09366088,-0.6607004,-9.842121
9159106244,9159103918,-0.08672217,-0.65354866,-9.843137
9159116712,9159111541,-0.07869288,-0.6420324,-9.8218355
9159122844,9159120817,-0.08584222,-0.64870924,-9.808493
9159129227,9159128282,-0.09540209,-0.6588115,-9.810277
9159137626,9159136504,-0.095546186,-0.65911776,-9.822927
9159147095,9159143044,-0.09389089,-0.6573911,-9.834515
9159156474,9159150846,-0.08651702,-0.6499783,-9.82394
9159160626,9159159889,-0.07862256,-0.6420907,-9.820362
9159168046,9159167287,-0.09297449,-0.64223725,-9.831743
9159176516,9159174181,-0.11067041,-0.64364177,-9.834036
9159186939,9159182011,-0.11074108,-0.6580346,-9.83338
9159192216,9159191022,-0.10764836,-0.6741059,-9.823837
9159199515,9159198799,-0.10007719,-0.6668253,-9.821552
9159206923,9159206199,-0.099512525,-0.66294265,-9.842992
9159216279,9159213567,-0.11497076,-0.6778648,-9.848537
9159226711,9159221098,-0.11732994,-0.6807275,-9.825488
9159230886,9159230165,-0.10075106,-0.6643162,-9.809086
9159238302,9159237548,-0.09080675,-0.6543081,-9.819774
9159247739,9159245519,-0.092259966,-0.6557225,-9.834263
9159257185,9159252651,-0.10132279,-0.6505777,-9.824457
9159262827,9159261683,-0.11660621,-0.6353643,-9.810432
9159269533,9159268783,-0.12435821,-0.6269355,-9.810101
9159277895,9159276971,-0.11570504,-0.6354774,-9.812512
9159286300,9159283746,-0.09886734,-0.6524176,-9.822973
9159296721,9159291576,-0.09081627,-0.66050315,-9.84418
9159300910,9159299764,-0.09259167,-0.65871483,-9.855497
9159309308,9159308575,-0.101369634,-0.6641421,-9.844387
9159317736,9159316082,-0.11655491,-0.66524917,-9.821683
9159327118,9159322703,-0.1243425,-0.6431396,-9.809257
9159336482,9159331750,-0.11571175,-0.6326062,-9.810415
9159340827,9159339849,-0.098871075,-0.6491563,-9.812764
9159348256,9159347335,-0.097922206,-0.6534232,-9.812904
9159356646,9159354121,-0.100736566,-0.6369317,-9.812513
9159367103,9159361948,-0.08710129,-0.6337723,-9.812431
9159372235,9159370192,-0.084614135,-0.6504154,-9.812488
9159379633,9159378882,-0.09374808,-0.6605094,-9.82256
9159388012,9159387081,-0.0955197,-0.6590668,-9.834073
9159397417,9159393196,-0.09417705,-0.6570859,-9.82394
9159406831,9159401213,-0.093670085,-0.65704924,-9.8103895
9159409992,9159409268,-0.10093797,-0.65028465,-9.810185
9159418497,9159417745,-0.109196104,-0.6421954,-9.812532
9159427295,9159424340,-0.109129086,-0.64219886,-9.812911
9159447576,9159442201,-0.11477776,-0.6365112,-9.812555
9159455118,9159450889,-0.122722,-0.62857246,-9.812437
9159458519,9159455770,-0.11578645,-0.63551563,-9.812481
9159466870,9159463914,-0.09916617,-0.6521361,-9.812509
9159477215,9159471402,-0.09795226,-0.6675619,-9.82356
9159480696,9159479933,-0.11490238,-0.681116,-9.837232
9159489043,9159488325,-0.12470012,-0.6874994,-9.828247
9159498246,9159494925,-0.13026696,-0.67894936,-9.8144865
9159507778,9159502633,-0.12936284,-0.6623667,-9.813045
9159513147,9159511954,-0.106934726,-0.6543348,-9.813237
9159519663,9159518916,-0.09670743,-0.6489617,-9.812511
9159528280,9159527272,-0.11335811,-0.6353713,-9.812372
9159537709,9159534761,-0.12469263,-0.6414331,-9.813484
9159547215,9159541897,-0.109216936,-0.65891564,-9.824727
9159551374,9159550660,-0.08364691,-0.6533023,-9.845272
9159558813,9159558079,-0.08262201,-0.6494159,-9.855349
9159567165,9159565333,-0.10116913,-0.649832,-9.843169
9159577645,9159573092,-0.11827381,-0.6363611,-9.819521
9159583791,9159581768,-0.124628976,-0.62721205,-9.808149
9159590153,9159589434,-0.122558795,-0.6282364,-9.810633
9159597721,9159596962,-0.11403512,-0.6370972,-9.81299
9159607104,9159604542,-0.09893871,-0.65242624,-9.812899
9159617517,9159612375,-0.0982261,-0.6673269,-9.813478
9159622695,9159620836,-0.10787572,-0.67392415,-9.814583
9159629108,9159628321,-0.10941157,-0.6580627,-9.813639
9159638497,9159636649,-0.10794403,-0.6403735,-9.822352
9159650020,9159644403,-0.10035357,-0.64767516,-9.843892
9159653152,9159651934,-0.09239451,-0.65895116,-9.845514
9159660635,9159659904,-0.09256181,-0.6593195,-9.8319235
9159668090,9159667315,-0.09398194,-0.657396,-9.829652
9159677529,9159674986,-0.09416023,-0.6570502,-9.831703
9159687961,9159682647,-0.093937285,-0.65733695,-9.842451
9159693126,9159691105,-0.09387342,-0.6574395,-9.843663
9159699488,9159698775,-0.09390316,-0.65740424,-9.831904
9159707922,9159706995,-0.1010253,-0.65027446,-9.840023
9159717292,9159714375,-0.10916801,-0.6421316,-9.843273
9159727743,9159721727,-0.10200308,-0.6492979,-9.822224
9159730890,9159730166,-0.09952763,-0.6517736,-9.818577
9159739326,9159738565,-0.11463525,-0.6366657,-9.841834
9159747772,9159745248,-0.12438482,-0.62691605,-9.855925
9159758140,9159753026,-0.116054565,-0.6352464,-9.853907
9159763398,9159762255,-0.09891379,-0.6523872,-9.851141
9159769836,9159768907,-0.08365519,-0.6676458,-9.852095
9159778212,9159777291,-0.07732333,-0.6739776,-9.843675
9159787611,9159784888,-0.086179785,-0.6651212,-9.82117
9159798321,9159792272,-0.10279818,-0.662716,-9.809306
9159801686,9159800939,-0.11078155,-0.6710239,-9.822573
9159809082,9159808353,-0.1090347,-0.6584472,-9.835638
9159817440,9159815615,-0.10737937,-0.64093834,-9.834217
9159827846,9159823423,-0.0932305,-0.64058375,-9.831718
9159834035,9159832211,-0.07723888,-0.64360213,-9.821552
9159840428,9159839701,-0.084488355,-0.6512122,-9.810454
9159849000,9159848241,-0.0954591,-0.6589022,-9.810615
9159857284,9159854768,-0.09579192,-0.6586921,-9.812584
9159867651,9159862338,-0.09391682,-0.65731287,-9.812843
9159872910,9159871644,-0.10069088,-0.65004146,-9.812536
9159879260,9159878513,-0.11622329,-0.64922017,-9.813451
9159888758,9159886934,-0.117306456,-0.66458833,-9.824694
9159900274,9159894726,-0.107634574,-0.6598728,-9.835222
9159903381,9159902257,-0.10603049,-0.6422752,-9.823734
9159910774,9159910049,-0.11459853,-0.64763576,-9.811163
9159919152,9159918428,-0.123239145,-0.6586119,-9.812345
9159927525,9159925207,-0.10878691,-0.6592768,-9.823767
9159938055,9159932744,-0.09094548,-0.65744925,-9.834274
9159943354,9159941320,-0.09087112,-0.6570655,-9.823758
9159950534,9159949771,-0.09398882,-0.65732986,-9.820378
9159958933,9159956695,-0.08735113,-0.66454244,-9.832784
9159967702,9159964783,-0.078727335,-0.6726572,-9.826145
9159978109,9159971894,-0.08573696,-0.6654723,-9.821995
9159981359,9159980591,-0.102487236,-0.64878565,-9.841646
9159989743,9159989015,-0.11081374,-0.6404992,-9.845247
9159998067,9159995548,-0.109093934,-0.6422137,-9.822227
9160008507,9160003153,-0.10738238,-0.64391744,-9.80818
9160013675,9160011618,-0.10032713,-0.65097255,-9.8101635
9160020141,9160019365,-0.099595696,-0.65170527,-9.812917
9160029101,9160028125,-0.114939086,-0.6363621,-9.812971
9160037519,9160034578,-0.11731073,-0.6339903,-9.822546
9160047918,9160042292,-0.100753814,-0.65054715,-9.844038
9160052119,9160051364,-0.09791711,-0.65338385,-9.855551
9160059569,9160058848,-0.10040568,-0.65089524,-9.84442
9160068227,9160065939,-0.087053806,-0.66424716,-9.821678
9160078567,9160073650,-0.0917718,-0.6737423,-9.810255
9160083778,9160082644,-0.11612267,-0.6798959,-9.813578
9160091174,9160090447,-0.118855745,-0.67913055,-9.816067
9160098589,9160097869,-0.10077216,-0.66372645,-9.813837
9160108124,9160105410,-0.09764886,-0.6473952,-9.812071
9160118526,9160112707,-0.10036324,-0.6334954,-9.812202
9160122722,9160121804,-0.094201215,-0.6272203,-9.812533
9160130076,9160129359,-0.10703744,-0.6287402,-9.812557
9160138532,9160136263,-0.13131453,-0.63716936,-9.823558
9160150025,9160144906,-0.13261324,-0.6523485,-9.836217
9160154290,9160153088,-0.10722629,-0.66019636,-9.8351345
9160161624,9160160898,-0.08907352,-0.6586821,-9.831751
9160169027,9160168275,-0.09087108,-0.6570845,-9.821396
9160178390,9160175670,-0.09431707,-0.6571165,-9.820476
9160187942,9160183201,-0.09450572,-0.65740126,-9.832207
9160194176,9160192332,-0.09392903,-0.6574373,-9.834084
9160200537,9160199616,-0.093811624,-0.6573926,-9.832301
9160208999,9160208057,-0.093895584,-0.65737975,-9.831711
9160218356,9160215436,-0.09392844,-0.6573857,-9.831937
9160228870,9160222395,-0.101025105,-0.66449547,-9.823029
9160232044,9160231265,-0.10916354,-0.6726405,-9.812641
9160239366,9160238449,-0.10200247,-0.6654781,-9.82173
9160247768,9160245551,-0.09242174,-0.655896,-9.843976
9160258168,9160253652,-0.092276655,-0.65575093,-9.845635
9160264385,9160262360,-0.10104204,-0.6503034,-9.821877
9160271132,9160270374,-0.11656225,-0.63531923,-9.808062
9160278626,9160277704,-0.12440102,-0.626977,-9.820257
9160288071,9160285326,-0.11571902,-0.6354914,-9.834514
9160298666,9160292653,-0.10596847,-0.64530575,-9.8244095
9160301802,9160301086,-0.10606524,-0.6452477,-9.820433
9160310234,9160309501,-0.1077892,-0.6435182,-9.831673
9160318604,9160316290,-0.10802429,-0.6432755,-9.834013
9160329045,9160323891,-0.10064978,-0.6506499,-9.842435
9160334187,9160332362,-0.09242374,-0.65887725,-9.853306
9160340993,9160340231,-0.09251414,-0.658787,-9.843369
9160350708,9160349786,-0.09396984,-0.65733117,-9.819908
9160358315,9160355594,-0.08706024,-0.6500275,-9.808171
9160368755,9160363142,-0.07868813,-0.6278952,-9.810568
9160372930,9160372211,-0.08578224,-0.6188333,-9.812977
9160380332,9160379609,-0.09539415,-0.64270914,-9.812909
9160388743,9160386527,-0.09555555,-0.6620023,-9.822526
9160400283,9160395164,-0.101000234,-0.6535298,-9.833995
9160404445,9160403293,-0.10887459,-0.6418013,-9.823935
9160411978,9160411258,-0.10907116,-0.6415721,-9.810403
9160419357,9160418632,-0.11482567,-0.6364887,-9.810188
9160428736,9160425815,-0.122739166,-0.64289224,-9.813536
9160439391,9160433507,-0.12288713,-0.67314625,-9.816072
9160444586,9160443334,-0.11441452,-0.68355346,-9.815856
9160450920,9160449984,-0.09893662,-0.6655567,-9.81337
9160459343,9160458414,-0.091052696,-0.6539939,-9.822089
9160468741,9160464725,-0.0926141,-0.65545905,-9.833851
9160479245,9160472501,-0.09422487,-0.6577009,-9.834041
9160482442,9160481682,-0.09418659,-0.65777177,-9.842056
9160489774,9160489056,-0.093898535,-0.657389,-9.843195
9160498324,9160495928,-0.09386312,-0.6573206,-9.821856
9160508976,9160503758,-0.08680188,-0.6502711,-9.808485
9160514129,9160512083,-0.07866907,-0.64214575,-9.810272
9160520651,9160519896,-0.08582476,-0.6493005,-9.812879
9160529320,9160527242,-0.10251029,-0.6517714,-9.812946
9160538732,9160535808,-0.11080171,-0.6437715,-9.822549
9160549448,9160542810,-0.10198156,-0.635062,-9.844042
9160552638,9160551885,-0.09923801,-0.6209782,-9.8455
9160559996,9160559273,-0.1074901,-0.6275528,-9.821844
9160568396,9160566374,-0.102071166,-0.6523035,-9.808081
9160578761,9160574249,-0.092725225,-0.6618761,-9.820266
9160585112,9160583270,-0.099415556,-0.6660421,-9.835516
9160591705,9160590754,-0.1091392,-0.6720792,-9.826565
9160599120,9160598384,-0.10228115,-0.6651248,-9.811525
9160609185,9160606179,-0.09957334,-0.66304934,-9.810896
9160619477,9160613831,-0.10748659,-0.68528515,-9.814446
9160622575,9160621858,-0.10201185,-0.6960068,-9.824121
9160629986,9160629261,-0.09271717,-0.67235553,-9.844008
9160639444,9160637623,-0.08521163,-0.65991074,-9.856276
9160651734,9160645711,-0.07863751,-0.6693451,-9.845536
9160656312,9160652688,-0.086099,-0.6658002,-9.820709
9160661436,9160660705,-0.102555916,-0.6494144,-9.807907
9160670069,9160669133,-0.12497345,-0.64053357,-9.811394
9160678479,9160675735,-0.14668511,-0.64921504,-9.816159
9160688888,9160683737,-0.14592859,-0.6520417,-9.816245
9160693151,9160691990,-0.12779759,-0.6367194,-9.823462
9160700519,9160699791,-0.12527928,-0.6339835,-9.834552
9160708904,9160707046,-0.12809043,-0.6504835,-9.825863
9160719310,9160715070,-0.107623294,-0.66048235,-9.811593
9160727605,9160723786,-0.089924656,-0.65905094,-9.810024
9160731887,9160731131,-0.09803248,-0.6641948,-9.813302
9160740360,9160739621,-0.10942806,-0.6723046,-9.825111
9160750232,9160746601,-0.10256591,-0.6796949,-9.835309
9160758687,9160753973,-0.085351154,-0.69356644,-9.824678
9160764940,9160762867,-0.08403746,-0.6942988,-9.813296
9160771322,9160770570,-0.10107723,-0.6777603,-9.813497
9160779428,9160778457,-0.103799,-0.66100055,-9.813512
9160789137,9160786195,-0.09410238,-0.6543436,-9.812473
9160800627,9160794195,-0.09931393,-0.6492026,-9.812319
9160802723,9160801806,-0.11598943,-0.635405,-9.822529
9160810164,9160809436,-0.1246203,-0.62718254,-9.834099
9160818524,9160816707,-0.12295811,-0.62839985,-9.82395
9160828956,9160824428,-0.121201605,-0.63001966,-9.810387
9160835172,9160833137,-0.114129685,-0.6371496,-9.810183
9160841577,9160840823,-0.09919053,-0.6521212,-9.812531
9160849930,9160849013,-0.09113976,-0.6601666,-9.822961
9160859372,9160856637,-0.0925823,-0.6587176,-9.844174
9160869860,9160863444,-0.094204955,-0.6570949,-9.845448
9160873013,9160872289,-0.09418926,-0.65711176,-9.821814
9160880500,9160879780,-0.09390241,-0.6573987,-9.8080845
9160889063,9160887243,-0.09386322,-0.65743774,-9.8202715
9160901541,9160895722,-0.101014376,-0.6644997,-9.835516
9160905766,9160903719,-0.11627998,-0.6797386,-9.827568
9160912129,9160911374,-0.11725801,-0.6807284,-9.823732
9160919506,9160918787,-0.10761754,-0.65688115,-9.832605
9160928952,9160926186,-0.106036484,-0.6390077,-9.8335705
9160939464,9160934127,-0.11460241,-0.6476826,-9.84321
9160943714,9160942960,-0.13034526,-0.6520852,-9.845456
9160951196,9160950471,-0.12403838,-0.64410114,-9.833038
9160959690,9160957452,-0.106142506,-0.6421617,-9.839874
9160970115,9160966297,-0.111738436,-0.63617164,-9.853102
9160975333,9160974178,-0.115694754,-0.63563585,-9.843786
9160982742,9160982009,-0.10107878,-0.6508211,-9.820005
9160990106,9160989385,-0.09114142,-0.6602419,-9.808112
9160999508,9160996780,-0.09225143,-0.6589565,-9.810543
9161009920,9161004307,-0.10126286,-0.65001005,-9.823033
9161015126,9161013867,-0.10949238,-0.6418208,-9.834484
9161021707,9161020951,-0.10200886,-0.64929885,-9.833968
9161029996,9161029052,-0.09236502,-0.6589348,-9.841935
9161039414,9161035599,-0.092267245,-0.65903234,-9.85324
9161049863,9161043445,-0.09394404,-0.657357,-9.853497
9161053002,9161052282,-0.094206356,-0.65709484,-9.841501
9161060387,9161059670,-0.09395066,-0.6573503,-9.829653
9161070417,9161067488,-0.10097386,-0.650327,-9.830024
9161079488,9161074738,-0.10915215,-0.64214873,-9.822105
9161085734,9161083657,-0.10911636,-0.64218456,-9.810831
9161092095,9161091146,-0.1147836,-0.63651735,-9.810572
9161100444,9161099525,-0.12983167,-0.6356824,-9.823566
9161109828,9161106914,-0.13814467,-0.64366066,-9.846617
9161120355,9161113934,-0.12250824,-0.6449736,-9.846704
9161123491,9161122777,-0.09744454,-0.6508731,-9.821569
9161130878,9161130160,-0.08941527,-0.6586121,-9.807829
9161139510,9161137486,-0.092636324,-0.6587091,-9.810227
9161152271,9161146053,-0.09451525,-0.6573663,-9.812987
9161155600,9161154415,-0.09422514,-0.6571529,-9.81297
9161161882,9161161167,-0.09385324,-0.6573572,-9.812483
9161170322,9161169392,-0.10095632,-0.664531,-9.81342
9161179721,9161176974,-0.11627325,-0.6797573,-9.815653
9161190149,9161184123,-0.11726722,-0.6807256,-9.815815
9161193275,9161192559,-0.114726655,-0.663984,-9.824492
9161201861,9161201105,-0.12839405,-0.6613664,-9.836788
9161210295,9161209336,-0.123731315,-0.671026,-9.827014
9161219618,9161215401,-0.106439754,-0.65868413,-9.811369
9161225815,9161223792,-0.11183573,-0.63386595,-9.80979
9161232217,9161231475,-0.122763425,-0.6252949,-9.812303
9161240705,9161239744,-0.116308406,-0.6355003,-9.812946
9161249376,9161247010,-0.106341794,-0.645602,-9.812601
9161259807,9161254489,-0.10601647,-0.6452894,-9.803391
9161263954,9161262839,-0.10061003,-0.6505789,-9.80311
9161271377,9161270657,-0.09987659,-0.6514071,-9.82378
9161279768,9161277947,-0.10782397,-0.629281,-9.825847
9161290302,9161285849,-0.10911459,-0.6116875,-9.822525
9161298590,9161294773,-0.11501625,-0.6201016,-9.831726
9161302832,9161302118,-0.12275942,-0.6315235,-9.823605
9161311294,9161310514,-0.11575009,-0.6388246,-9.810753
9161319675,9161317149,-0.09915429,-0.6521024,-9.820348
9161330084,9161324969,-0.09085032,-0.65987015,-9.834054
9161335281,9161333235,-0.09965291,-0.6515709,-9.824326
9161341811,9161341076,-0.116609246,-0.64899534,-9.811455
9161351232,9161349210,-0.1175449,-0.6642873,-9.812284
9161359723,9161356788,-0.10049517,-0.6669748,-9.823708
9161371204,9161364575,-0.09073165,-0.65757966,-9.834277
9161373315,9161372596,-0.09229386,-0.65573466,-9.82377
9161381739,9161381009,-0.10134093,-0.6500058,-9.820379
9161390137,9161387594,-0.116602935,-0.6352785,-9.841827
9161402586,9161396357,-0.11724797,-0.6341298,-9.845557
9161405758,9161404531,-0.100452855,-0.65075755,-9.822241
9161412143,9161411414,-0.090777524,-0.6604967,-9.808127
9161420540,9161419614,-0.09230797,-0.6590049,-9.820203
9161430024,9161427295,-0.09422836,-0.65707904,-9.855598
9161440446,9161434620,-0.094240785,-0.657059,-9.879763
9161443571,9161442853,-0.10101242,-0.6645004,-9.856988
9161452167,9161451415,-0.10910692,-0.6726985,-9.82932
9161460521,9161458002,-0.10199641,-0.66548574,-9.828264
9161469895,9161465874,-0.092430785,-0.65588695,-9.821907
9161476111,9161474950,-0.09938561,-0.6628549,-9.822167
9161483146,9161482432,-0.10918645,-0.67266345,-9.844425
9161491542,9161490589,-0.10229331,-0.66576916,-9.846629
9161499911,9161497143,-0.09956683,-0.64882797,-9.821942
9161510311,9161504798,-0.107483506,-0.6404533,-9.807896
9161514833,9161514025,-0.09490596,-0.6421995,-9.810171
9161521953,9161521190,-0.07035901,-0.6368168,-9.812967
9161531622,9161529352,-0.061868906,-0.62861705,-9.823027
9161540294,9161536049,-0.07203855,-0.6354686,-9.844108
9161546570,9161544687,-0.089227416,-0.6521214,-9.855476
9161552936,9161552211,-0.104170494,-0.6533548,-9.843392
9161561368,9161560642,-0.11755436,-0.6364018,-9.8195305
9161569755,9161567527,-0.13110407,-0.63370675,-9.819166
9161580146,9161575234,-0.14495143,-0.6504987,-9.835358
9161586319,9161585103,-0.1374935,-0.660533,-9.837789
9161592722,9161591785,-0.11265513,-0.66616225,-9.8343
9161601103,9161600371,-0.11033124,-0.6794389,-9.824318
9161610544,9161607826,-0.11434698,-0.680393,-9.81342
9161621071,9161614339,-0.10823505,-0.6568847,-9.821617
9161624219,9161623465,-0.10663724,-0.63906693,-9.8438225
9161631611,9161630888,-0.10747538,-0.64058405,-9.855682
9161641494,9161638330,-0.107878104,-0.6439303,-9.843472
9161652936,9161646479,-0.10068343,-0.65126014,-9.819507
9161655677,9161654535,-0.092454284,-0.6446385,-9.808094
9161663445,9161662682,-0.092512704,-0.6281718,-9.810627
9161670803,9161670077,-0.093964264,-0.6411385,-9.813
9161680252,9161677530,-0.09416626,-0.66013503,-9.822952
9161690646,9161684834,-0.101047836,-0.65353227,-9.834042
9161693795,9161693073,-0.11623174,-0.6350225,-9.833918
9161702357,9161701556,-0.1172451,-0.63347405,-9.842005
9161710954,9161708237,-0.10762411,-0.6578132,-9.8442135
9161721414,9161716099,-0.11314629,-0.68296313,-9.825028
9161726604,9161725478,-0.12274737,-0.689479,-9.812791
9161733008,9161732286,-0.1302894,-0.6789149,-9.814365
9161741502,9161740533,-0.12970854,-0.66201454,-9.825787
9161750847,9161748132,-0.10698135,-0.65428936,-9.835221
9161761248,9161755234,-0.08954705,-0.6561234,-9.823544
9161764390,9161763672,-0.09098327,-0.65774626,-9.820181
9161772270,9161771546,-0.10135702,-0.66476846,-9.832792
9161780637,9161778609,-0.1168351,-0.66551065,-9.82618
9161791306,9161786356,-0.13149226,-0.6501746,-9.812952
9161796520,9161795384,-0.14513431,-0.6478021,-9.813183
9161803927,9161803162,-0.13745217,-0.65725106,-9.815536
9161811329,9161810582,-0.10551043,-0.6590487,-9.813829
9161820766,9161818052,-0.0879741,-0.6434414,-9.822212
9161831193,9161825574,-0.0981178,-0.6195245,-9.833788
9161836388,9161835269,-0.109782584,-0.6258709,-9.834009
9161842786,9161842045,-0.10260279,-0.6523125,-9.832012
9161851120,9161849111,-0.09950754,-0.6692789,-9.832686
9161860499,9161856881,-0.11452715,-0.6813361,-9.835146
9161869022,9161864778,-0.12437254,-0.68723047,-9.826342
9161874609,9161873837,-0.116071716,-0.6788714,-9.813568
9161881898,9161881183,-0.09891845,-0.6624025,-9.821285
9161890373,9161888146,-0.09075944,-0.65435374,-9.843748
9161902178,9161896160,-0.0925744,-0.65606475,-9.855729
9161906813,9161904781,-0.0942705,-0.65772635,-9.853542
9161913264,9161912545,-0.09420022,-0.65766925,-9.841071
9161921743,9161920811,-0.09389252,-0.6573696,-9.8195305
9161931121,9161928397,-0.09385985,-0.65733576,-9.808518
9161940532,9161935003,-0.09390903,-0.6573833,-9.810685
9161944724,9161943968,-0.10102853,-0.6502896,-9.812933
9161951962,9161951033,-0.116274014,-0.64924407,-9.813887
9161960557,9161958509,-0.13146782,-0.66454834,-9.825692
9161971293,9161966324,-0.13812256,-0.65986276,-9.847352
9161977253,9161975216,-0.12932467,-0.6351742,-9.846438
9161983652,9161982907,-0.11265821,-0.6323861,-9.821402
9161992071,9161991104,-0.104657546,-0.65762746,-9.808855
9162000457,9161997535,-0.106410295,-0.67602015,-9.812416
