timestamp,timestamp_sample,xyz[0],xyz[1],xyz[2]
9100592606,9100589994,0.0,0.0,-0.0
9100602426,9100599807,0.0,0.0,-0.0
9100612202,9100609428,0.0,0.0,-0.0
9100623677,9100619832,0.0,0.0,-0.0
9100632181,9100629611,0.0,0.0,-0.0
9100641846,9100639257,0.0,0.0,-0.0
9100652230,9100649647,0.0,0.0,-0.0
9100662730,9100659031,0.0,0.0,-0.0
9100672139,9100669534,0.0,0.0,-0.0
9100683542,9100679692,0.0,0.0,-0.0
9100693260,9100690097,0.0,0.0,-0.0
9100701704,9100699129,0.0,0.0,-0.0
9100712149,9100709565,0.0,0.0,-0.0
9100722626,9100720029,0.0,0.0,-0.0
9100733129,9100729665,0.0,0.0,-0.0
9100742382,9100739972,0.0,0.0,-0.0
9100751955,9100749566,0.0,0.0,-0.0
9100762583,9100759898,0.0,0.0,-0.0
9100772364,9100769775,0.0,0.0,-0.0
9100781773,9100779420,0.0,0.0,-0.0
9100792337,9100789535,0.0,0.0,-0.0
9100803820,9100799937,0.0,0.0,-0.0
9100812355,9100809778,0.0,0.0,-0.0
9100822738,9100820357,0.0,0.0,-0.0
9100832226,9100829632,0.0,0.0,-0.0
9100842790,9100840162,0.0,0.0,-0.0
9100852277,9100849852,0.0,0.0,-0.0
9100862683,9100859680,0.0,0.0,-0.0
9100874250,9100870166,0.0,0.0,-0.0
9100881647,9100879093,0.0,0.0,-0.0
9100892258,9100889784,0.0,0.0,-0.0
9100902637,9100899820,0.0,0.0,-0.0
9100913122,9100910561,0.0,0.0,-0.0
9100922543,9100920163,0.0,0.0,-0.0
9100934108,9100930209,0.0,0.0,-0.0
9100943668,9100940514,0.0,0.0,-0.0
9100952080,9100949511,0.0,0.0,-0.0
9100962607,9100960023,0.0,0.0,-0.0
9100973006,9100970229,0.0,0.0,-0.0
9100982548,9100979139,0.0,0.0,-0.0
9100993000,9100990627,0.0,0.0,-0.0
9101002598,9101000019,0.0,0.0,-0.0
9101013107,9101010510,0.0,0.0,-0.0
9101022779,9101020410,0.0,0.0,-0.0
9101032295,9101029732,0.0,0.0,-0.0
9101042897,9101040116,0.0,0.0,-0.0
9101053458,9101050280,0.0,0.0,-0.0
9101063018,9101060430,0.0,0.0,-0.0
9101072559,9101069972,0.0,0.0,-0.0
9101082952,9101080197,0.0,0.0,-0.0
9101092425,9101089873,0.0,0.0,-0.0
9101102974,9101100598,0.0,0.0,-0.0
9101113457,9101110671,0.0,0.0,-0.0
9101123938,9101120562,0.0,0.0,-0.0
9101132953,9101130357,0.0,0.0,-0.0
9101142550,9101139905,0.0,0.0,-0.0
9101152884,9101150088,0.0,0.0,-0.0
9101163526,9101160914,0.0,0.0,-0.0
9101172771,9101170222,0.0,0.0,-0.0
9101184390,9101180698,0.0,0.0,-0.0
9101194884,9101190808,0.0,0.0,-0.0
9101202268,9101199879,0.0,0.0,-0.0
9101212746,9101210345,0.0,0.0,-0.0
9101223152,9101220350,0.0,0.0,-0.0
9101233629,9101230451,0.0,0.0,-0.0
9101243008,9101240646,0.0,0.0,-0.0
9101253523,9101250891,0.0,0.0,-0.0
9101262788,9101260240,0.0,0.0,-0.0
9101272435,9101270070,0.0,0.0,-0.0
9101282953,9101280601,0.0,0.0,-0.0
9101293331,9101290576,0.0,0.0,-0.0
9101303817,9101300461,0.0,0.0,-0.0
9101313229,9101310681,0.0,0.0,-0.0
9101322669,9101320284,0.0,0.0,-0.0
9101333022,9101330267,0.0,0.0,-0.0
9101342832,9101340447,0.0,0.0,-0.0
9101353559,9101350959,0.0,0.0,-0.0
9101363965,9101361174,0.0,0.0,-0.0
9101374585,9101371125,0.0,0.0,-0.0
9101383041,9101380467,0.0,0.0,-0.0
9101393540,9101390969,0.0,0.0,-0.0
9101403949,9101401356,0.0,0.0,-0.0
9101413434,9101411073,0.0,0.0,-0.0
9101422829,9101420280,0.0,0.0,-0.0
9101434371,9101430493,0.0,0.0,-0.0
9101445164,9101441501,0.0,0.0,-0.0
9101452565,9101450006,0.0,0.0,-0.0
9101463039,9101460652,0.0,0.0,-0.0
9101473519,9101470890,0.0,0.0,-0.0
9101483990,9101481018,0.0,0.0,-0.0
9101493431,9101490872,0.0,0.0,-0.0
9101503960,9101501105,0.0,0.0,-0.0
9101515359,9101511319,0.0,0.0,-0.0
9101522963,9101520546,0.0,0.0,-0.0
9101533597,9101531167,0.0,0.0,-0.0
9101544239,9101541397,0.0,0.0,-0.0
9101554763,9101551085,0.0,0.0,-0.0
9101563166,9101560793,0.0,0.0,-0.0
9101573888,9101571501,0.0,0.0,-0.0
9101583319,9101580733,0.0,0.0,-0.0
9101593788,9101591442,0.0,0.0,-0.0
9101603233,9101600868,0.0,0.0,-0.0
9101614008,9101611251,0.0,0.0,-0.0
9101624575,9101621197,0.0,0.0,-0.0
9101632958,9101630609,0.0,0.0,-0.0
9101643460,9101641065,0.0,0.0,-0.0
9101654062,9101651275,0.0,0.0,-0.0
9101663480,9101660924,0.0,0.0,-0.0
9101674008,9101671404,0.0,0.0,-0.0
9101685404,9101681337,0.0,0.0,-0.0
9101694900,9101691951,0.0,0.0,-0.0
9101703351,9101700767,0.0,0.0,-0.0
9101713805,9101711429,0.0,0.0,-0.0
9101724233,9101721638,0.0,0.0,-0.0
9101734821,9101730942,0.0,0.0,-0.0
9101743264,9101740876,0.0,0.0,-0.0
9101753725,9101751134,0.0,0.0,-0.0
9101765136,9101761796,0.0,0.0,-0.0
9101773606,9101771056,0.0,0.0,-0.0
9101784094,9101781685,0.0,0.0,-0.0
9101794455,9101791700,0.0,0.0,-0.0
9101804968,9101801296,0.0,0.0,-0.0
9101813434,9101811064,0.0,0.0,-0.0
9101823986,9101821583,0.0,0.0,-0.0
9101834370,9101831787,0.0,0.0,-0.0
9101843793,9101841235,0.0,0.0,-0.0
9101854319,9101851869,0.0,0.0,-0.0
9101864739,9101861933,0.0,0.0,-0.0
9101875216,9101871535,0.0,0.0,-0.0
9101883624,9101881267,0.0,0.0,-0.0
9101894090,9101891710,0.0,0.0,-0.0
9101904668,9101902055,0.0,0.0,-0.0
9101914057,9101911705,0.0,0.0,-0.0
9101923503,9101920949,0.0,0.0,-0.0
9101935050,9101931176,0.0,0.0,-0.0
9101945615,9101942148,0.0,0.0,-0.0
9101954003,9101951642,0.0,0.0,-0.0
9101964512,9101962160,0.0,0.0,-0.0
9101973917,9101971342,0.0,0.0,-0.0
9101984401,9101981249,0.0,0.0,-0.0
9101994128,9101991549,0.0,0.0,-0.0
9102004603,9102001792,0.0,0.0,-0.0
9102016052,9102012176,0.0,0.0,-0.0
9102023416,9102021057,0.0,0.0,-0.0
9102033903,9102031539,0.0,0.0,-0.0
9102044379,9102041581,0.0,0.0,-0.0
9102054822,9102051645,0.0,0.0,-0.0
9102064188,9102061640,0.0,0.0,-0.0
9102074775,9102072378,0.0,0.0,-0.0
9102084171,9102081381,0.0,0.0,-0.0
9102093589,9102091244,0.0,0.0,-0.0
9102104111,9102101703,0.0,0.0,-0.0
9102114525,9102111725,0.0,0.0,-0.0
9102125956,9102121902,0.0,0.0,-0.0
9102134570,9102131957,0.0,0.0,-0.0
9102143954,9102141585,0.0,0.0,-0.0
9102154476,9102151644,0.0,0.0,-0.0
9102165020,9102162639,0.0,0.0,-0.0
9102174427,9102172074,0.0,0.0,-0.0
9102186026,9102182156,0.0,0.0,-0.0
9102196632,9102192560,0.0,0.0,-0.0
9102203975,9102201430,0.0,0.0,-0.0
9102214473,9102211894,0.0,0.0,-0.0
9102224822,9102222272,0.0,0.0,-0.0
9102235326,9102231448,0.0,0.0,-0.0
9102244416,9102242035,0.0,0.0,-0.0
9102254451,9102251650,0.0,0.0,-0.0
9102265880,9102261840,0.0,0.0,-0.0
9102273908,9102271548,0.0,0.0,-0.0
9102284373,9102281984,0.0,0.0,-0.0
9102294821,9102292031,0.0,0.0,-0.0
9102305298,9102302122,0.0,0.0,-0.0
9102314241,9102311847,0.0,0.0,-0.0
9102324835,9102322253,0.0,0.0,-0.0
9102335196,9102332630,0.0,0.0,-0.0
9102344747,9102342159,0.0,0.0,-0.0
9102354354,9102351760,0.0,0.0,-0.0
9102364742,9102362166,0.0,0.0,-0.0
9102375649,9102372298,0.0,0.0,-0.0
9102385099,9102382547,0.0,0.0,-0.0
9102394548,9102391967,0.0,0.0,-0.0
9102404953,9102402362,0.0,0.0,-0.0
9102414557,9102412167,0.0,0.0,-0.0
9102425000,9102422631,0.0,0.0,-0.0
9102436418,9102432554,0.0,0.0,-0.0
9102446015,9102442857,0.0,0.0,-0.0
9102454422,9102452069,0.0,0.0,-0.0
9102464874,9102462292,0.0,0.0,-0.0
9102475308,9102472710,0.0,0.0,-0.0
9102484803,9102482246,0.0,0.0,-0.0
9102494815,9102492412,0.0,0.0,-0.0
9102505338,9102502729,0.0,0.0,-0.0
9102517013,9102512864,0.0,0.0,-0.0
9102524559,9102521943,0.0,0.0,-0.0
9102535165,9102532761,0.0,0.0,-0.0
9102545738,9102542936,0.0,0.0,-0.0
9102555362,9102552408,0.0,0.0,-0.0
9102564825,9102562469,0.0,0.0,-0.0
9102575384,9102572951,0.0,0.0,-0.0
9102584944,9102582338,0.0,0.0,-0.0
9102594515,9102592117,0.0,0.0,-0.0
9102604983,9102602385,0.0,0.0,-0.0
9102615785,9102613224,0.0,0.0,-0.0
9102624949,9102621771,0.0,0.0,-0.0
9102635557,9102633204,0.0,0.0,-0.0
9102645001,9102642427,0.0,0.0,-0.0
9102655419,9102652611,0.0,0.0,-0.0
9102665515,9102662891,0.0,0.0,-0.0
9102674984,9102672410,0.0,0.0,-0.0
9102686387,9102682529,0.0,0.0,-0.0
9102697030,9102692980,0.0,0.0,-0.0
9102704494,9102701898,0.0,0.0,-0.0
9102714908,9102712528,0.0,0.0,-0.0
9102725299,9102722519,0.0,0.0,-0.0
9102735765,9102733218,0.0,0.0,-0.0
9102745358,9102742772,0.0,0.0,-0.0
9102755740,9102753179,0.0,0.0,-0.0
9102767382,9102763111,0.0,0.0,-0.0
9102774926,9102772547,0.0,0.0,-0.0
9102785399,9102783001,0.0,0.0,-0.0
9102795765,9102793004,0.0,0.0,-0.0
9102806319,9102802896,0.0,0.0,-0.0
9102815745,9102813186,0.0,0.0,-0.0
9102825550,9102822993,0.0,0.0,-0.0
9102837095,9102833246,0.0,0.0,-0.0
9102845568,9102842988,0.0,0.0,-0.0
9102855062,9102852487,0.0,0.0,-0.0
9102865473,9102862898,0.0,0.0,-0.0
9102877163,9102873093,0.0,0.0,-0.0
9102885633,9102883264,0.0,0.0,-0.0
9102895039,9102892478,0.0,0.0,-0.0
9102905700,9102902894,0.0,0.0,-0.0
9102915126,9102912533,0.0,0.0,-0.0
9102925582,9102923198,0.0,0.0,-0.0
9102937116,9102933232,0.0,0.0,-0.0
9102946625,9102943468,0.0,0.0,-0.0
9102956087,9102953512,0.0,0.0,-0.0
9102965476,9102963102,0.0,0.0,-0.0
9102975846,9102973078,0.0,0.0,-0.0
9102986474,9102983885,0.0,0.0,-0.0
9102995963,9102993570,0.0,0.0,-0.0
9103006358,9103003568,0.0,0.0,-0.0
9103017066,9103013671,0.0,0.0,-0.0
9103025888,9103023519,0.0,0.0,-0.0
9103036039,9103033628,0.0,0.0,-0.0
9103045579,9103042816,0.0,0.0,-0.0
9103056128,9103053094,0.0,0.0,-0.0
9103065511,9103062909,0.0,0.0,-0.0
9103075948,9103073346,0.0,0.0,-0.0
9103087405,9103083945,0.0,0.0,-0.0
9103095871,9103093513,0.0,0.0,-0.0
9103106455,9103103878,0.0,0.0,-0.0
9103115768,9103113217,0.0,0.0,-0.0
9103127304,9103123417,0.0,0.0,-0.0
9103135781,9103133399,0.0,0.0,-0.0
9103146193,9103143626,0.0,0.0,-0.0
9103156759,9103154145,0.0,0.0,-0.0
9103166149,9103163581,0.0,0.0,-0.0
9103175584,9103173217,0.0,0.0,-0.0
9103187263,9103183358,0.0,0.0,-0.0
9103197797,9103193506,0.0,0.0,-0.0
9103206123,9103203560,0.0,0.0,-0.0
9103215556,9103213207,0.0,0.0,-0.0
9103225979,9103223208,0.0,0.0,-0.0
9103236458,9103233907,0.0,0.0,-0.0
9103245901,9103243540,0.0,0.0,-0.0
9103256326,9103253346,0.0,0.0,-0.0
9103267802,9103264140,0.0,0.0,-0.0
9103276562,9103274178,0.0,0.0,-0.0
9103286003,9103283442,0.0,0.0,-0.0
9103296453,9103293679,0.0,0.0,-0.0
9103306933,9103303285,0.0,0.0,-0.0
9103316490,9103314089,0.0,0.0,-0.0
9103326854,9103324092,0.0,0.0,-0.0
9103337396,9103334046,0.0,0.0,-0.0
9103345838,9103343285,0.0,0.0,-0.0
9103356317,9103353939,0.0,0.0,-0.0
9103366869,9103364095,0.0,0.0,-0.0
9103377372,9103373893,0.0,0.0,-0.0
9103385770,9103383418,0.0,0.0,-0.0
9103396227,9103393843,0.0,0.0,-0.0
9103406921,9103404338,0.0,0.0,-0.0
9103416538,9103413970,0.0,0.0,-0.0
9103425930,9103423577,0.0,0.0,-0.0
9103437393,9103433528,0.0,0.0,-0.0
9103447354,9103443857,0.0,0.0,-0.0
9103455702,9103453352,0.0,0.0,-0.0
9103466257,9103463689,0.0,0.0,-0.0
9103476746,9103474163,0.0,0.0,-0.0
9103486175,9103483631,0.0,0.0,-0.0
9103496739,9103494116,0.0,0.0,-0.0
9103507419,9103504552,0.0,0.0,-0.0
9103518195,9103514296,0.0,0.0,-0.0
9103525826,9103523434,0.0,0.0,-0.0
9103536608,9103534205,0.0,0.0,-0.0
9103547152,9103544342,0.0,0.0,-0.0
9103556638,9103553462,0.0,0.0,-0.0
9103567174,9103564771,0.0,0.0,-0.0
9103577124,9103574337,0.0,0.0,-0.0
9103587503,9103583648,0.0,0.0,-0.0
9103595950,9103593603,0.0,0.0,-0.0
9103606839,9103604450,0.0,0.0,-0.0
9103617358,9103614553,0.0,0.0,-0.0
9103627765,9103624315,0.0,0.0,-0.0
9103636192,9103633631,0.0,0.0,-0.0
9103646807,9103644429,0.0,0.0,-0.0
9103657217,9103654642,0.0,0.0,-0.0
9103666717,9103664143,0.0,0.0,-0.0
9103676800,9103674404,0.0,0.0,-0.0
9103688176,9103684516,0.0,0.0,-0.0
9103697828,9103694432,0.0,0.0,-0.0
9103706386,9103703813,0.0,0.0,-0.0
9103716830,9103714456,0.0,0.0,-0.0
9103727187,9103724432,0.0,0.0,-0.0
9103736673,9103734108,0.0,0.0,-0.0
9103746920,9103744516,0.0,0.0,-0.0
9103757288,9103754530,0.0,0.0,-0.0
9103767757,9103764814,0.0,0.0,-0.0
9103776220,9103773648,0.0,0.0,-0.0
9103786773,9103784400,0.0,0.0,-0.0
9103797226,9103794645,0.0,0.0,-0.0
9103807751,9103805189,0.0,0.0,-0.0
9103817224,9103814867,0.0,0.0,-0.0
9103827689,9103824879,0.0,0.0,-0.0
9103838134,9103834960,0.0,0.0,-0.0
9103846561,9103843981,0.0,0.0,-0.0
9103857026,9103854642,0.0,0.0,-0.0
9103867615,9103865027,0.0,0.0,-0.0
9103878130,9103874665,0.0,0.0,-0.0
9103887572,9103885211,0.0,0.0,-0.0
9103896993,9103894424,0.0,0.0,-0.0
9103907419,9103904619,0.0,0.0,-0.0
9103916963,9103914566,0.0,0.0,-0.0
9103927356,9103924771,0.0,0.0,-0.0
9103938876,9103935215,0.0,0.0,-0.0
9103946276,9103943913,0.0,0.0,-0.0
9103956926,9103954529,0.0,0.0,-0.0
9103967370,9103964970,0.0,0.0,-0.0
9103977798,9103975006,0.0,0.0,-0.0
9103987205,9103984855,0.0,0.0,-0.0
9103997678,9103995290,0.0,0.0,-0.0
9104008149,9104005299,0.0,0.0,-0.0
9104018602,9104014913,0.0,0.0,-0.0
9104026961,9104024596,0.0,0.0,-0.0
9104037553,9104034963,0.0,0.0,-0.0
9104047947,9104045351,0.0,0.0,-0.0
9104057346,9104054793,0.0,0.0,-0.0
9104067862,9104065266,0.0,0.0,-0.0
9104078236,9104075267,0.0,0.0,-0.0
9104088780,9104085364,0.0,0.0,-0.0
9104097098,9104094552,0.0,0.0,-0.0
9104107781,9104105221,0.0,0.0,-0.0
9104118409,9104115761,0.0,0.0,-0.0
9104128355,9104124689,0.0,0.0,-0.0
9104137807,9104135252,0.0,0.0,-0.0
9104147249,9104144474,0.0,0.0,-0.0
9104158819,9104155438,0.0,0.0,-0.0
9104167297,9104164710,0.0,0.0,-0.0
9104177755,9104175174,0.0,0.0,-0.0
9104189156,9104185285,0.0,0.0,-0.0
9104198662,9104195011,0.0,0.0,-0.0
9104207286,9104204693,0.0,0.0,-0.0
9104217738,9104215352,0.0,0.0,-0.0
9104228129,9104225350,0.0,0.0,-0.0
9104237592,9104235032,0.0,0.0,-0.0
9104248121,9104245737,0.0,0.0,-0.0
9104258511,9104255728,0.0,0.0,-0.0
9104268993,9104265311,0.0,0.0,-0.0
9104277409,9104274846,0.0,0.0,-0.0
9104287850,9104285461,0.0,0.0,-0.0
9104298324,9104295496,0.0,0.0,-0.0
9104307724,9104305176,0.0,0.0,-0.0
9104318185,9104315809,0.0,0.0,-0.0
9104328651,9104325847,0.0,0.0,-0.0
9104339149,9104335725,0.0,0.0,-0.0
9104347518,9104344960,0.0,0.0,-0.0
9104358004,9104355626,0.0,0.0,-0.0
9104368604,9104365731,0.0,0.0,-0.0
9104378005,9104375037,0.0,0.0,-0.0
9104387450,9104384897,0.0,0.0,-0.0
9104398344,9104395466,0.0,0.0,-0.0
9104409575,9104405900,0.0,0.0,-0.0
9104417134,9104414764,0.0,0.0,-0.0
9104427658,9104425058,0.0,0.0,-0.0
9104439272,9104435372,0.0,0.0,-0.0
9104448980,9104445055,0.0,0.0,-0.0
9104457540,9104455133,0.0,0.0,-0.0
9104467960,9104465378,0.0,0.0,-0.0
9104478386,9104475794,0.0,0.0,-0.0
9104487925,9104485338,0.0,0.0,-0.0
9104498349,9104495770,0.0,0.0,-0.0
9104508794,9104506184,0.0,0.0,-0.0
9104519337,9104515646,0.0,0.0,-0.0
9104527951,9104525518,0.0,0.0,-0.0
9104538715,9104536108,0.0,0.0,-0.0
9104548331,9104545740,0.0,0.0,-0.0
9104557923,9104555366,0.0,0.0,-0.0
9104568445,9104566081,0.0,0.0,-0.0
9104578842,9104575878,0.0,0.0,-0.0
9104589889,9104586040,0.0,0.0,-0.0
9104598318,9104595730,0.0,0.0,-0.0
9104607781,9104605409,0.0,0.0,-0.0
9104618336,9104615479,0.0,0.0,-0.0
9104629094,9104625007,0.0,0.0,-0.0
9104638068,9104635699,0.0,0.0,-0.0
9104649008,9104646420,0.0,0.0,-0.0
9104659485,9104656335,0.0,0.0,-0.0
9104667952,9104665566,0.0,0.0,-0.0
9104678432,9104676039,0.0,0.0,-0.0
9104689886,9104686017,0.0,0.0,-0.0
9104698351,9104695008,0.0,0.0,-0.0
9104708378,9104705984,0.0,0.0,-0.0
9104718721,9104716348,0.0,0.0,-0.0
9104729155,9104726363,0.0,0.0,-0.0
9104738608,9104736057,0.0,0.0,-0.0
9104748388,9104745820,0.0,0.0,-0.0
9104758850,9104756074,0.0,0.0,-0.0
9104769331,9104765880,0.0,0.0,-0.0
9104778740,9104776384,0.0,0.0,-0.0
9104788259,9104785857,0.0,0.0,-0.0
9104798780,9104796012,0.0,0.0,-0.0
9104808325,9104805758,0.0,0.0,-0.0
9104818990,9104816621,0.0,0.0,-0.0
9104829459,9104826633,0.0,0.0,-0.0
9104839956,9104836479,0.0,0.0,-0.0
9104848408,9104846052,0.0,0.0,-0.0
9104859154,9104856754,0.0,0.0,-0.0
9104868553,9104865757,0.0,0.0,-0.0
9104879154,9104876758,0.0,0.0,-0.0
9104888564,9104886172,0.0,0.0,-0.0
9104898943,9104896167,0.0,0.0,-0.0
9104910239,9104906579,0.0,0.0,-0.0
9104918670,9104916321,0.0,0.0,-0.0
9104929231,9104926782,0.0,0.0,-0.0
9104939558,9104935873,0.0,0.0,-0.0
9104950118,9104946441,0.0,0.0,-0.0
9104958626,9104956247,0.0,0.0,-0.0
9104968847,9104966253,0.0,0.0,-0.0
9104979300,9104976495,0.0,0.0,-0.0
9104988775,9104986222,0.0,0.0,-0.0
9104999192,9104996616,0.0,0.0,-0.0
9105009707,9105007070,0.0,0.0,-0.0
9105020084,9105016401,0.0,0.0,-0.0
9105028762,9105026121,0.0,0.0,-0.0
9105039226,9105036631,0.0,0.0,-0.0
9105049823,9105047012,0.0,0.0,-0.0
9105058337,9105055727,0.0,0.0,-0.0
9105068777,9105066369,0.0,0.0,-0.0
9105079187,9105076373,0.0,0.0,-0.0
9105090609,9105086767,0.0,0.0,-0.0
9105099029,9105096670,0.0,0.0,-0.0
9105108563,9105105931,0.0,0.0,-0.0
9105119171,9105116338,0.0,0.0,-0.0
9105129070,9105126468,0.0,0.0,-0.0
9105138997,9105136414,0.0,0.0,-0.0
9105149851,9105147079,0.0,0.0,-0.0
9105161039,9105156942,0.0,0.0,-0.0
9105168841,9105166255,0.0,0.0,-0.0
9105178791,9105176424,0.0,0.0,-0.0
9105190764,9105187095,0.0,0.0,-0.0
9105198484,9105195899,0.0,0.0,-0.0
9105209013,9105206580,0.0,0.0,-0.0
9105219262,9105216451,0.0,0.0,-0.0
9105230102,9105226718,0.0,0.0,-0.0
9105239154,9105236558,0.0,0.0,-0.0
9105249194,9105246602,0.0,0.0,-0.0
9105259765,9105256992,0.0,0.0,-0.0
9105269986,9105266617,0.0,0.0,-0.0
9105279531,9105277131,0.0,0.0,-0.0
9105289000,9105286416,0.0,0.0,-0.0
9105299419,9105296625,0.0,0.0,-0.0
9105308844,9105306489,0.0,0.0,-0.0
9105319302,9105316925,0.0,0.0,-0.0
9105329783,9105326964,0.0,0.0,-0.0
9105340473,9105337286,0.0,0.0,-0.0
9105348863,9105346310,0.0,0.0,-0.0
9105359385,9105357002,0.0,0.0,-0.0
9105369673,9105366842,0.0,0.0,-0.0
9105378998,9105376435,0.0,0.0,-0.0
9105389531,9105387120,0.0,0.0,-0.0
9105399948,9105397164,0.0,0.0,-0.0
9105411441,9105407389,0.0,0.0,-0.0
9105418835,9105416286,0.0,0.0,-0.0
9105429350,9105426796,0.0,0.0,-0.0
9105440551,9105436687,0.0,0.0,-0.0
9105450171,9105447591,0.0,0.0,-0.0
9105459586,9105457030,0.0,0.0,-0.0
9105470026,9105467240,0.0,0.0,-0.0
9105481552,9105477485,0.0,0.0,-0.0
9105488984,9105486576,0.0,0.0,-0.0
9105499409,9105497011,0.0,0.0,-0.0
9105509883,9105507285,0.0,0.0,-0.0
9105520599,9105517100,0.0,0.0,-0.0
9105529230,9105526815,0.0,0.0,-0.0
9105540128,9105537507,0.0,0.0,-0.0
9105550175,9105547397,0.0,0.0,-0.0
9105559759,9105557197,0.0,0.0,-0.0
9105569294,9105566921,0.0,0.0,-0.0
9105579708,9105576925,0.0,0.0,-0.0
9105591409,9105587318,0.0,0.0,-0.0
9105599802,9105597447,0.0,0.0,-0.0
9105609446,9105607022,0.0,0.0,-0.0
9105620199,9105617364,0.0,0.0,-0.0
9105629863,9105627214,0.0,0.0,-0.0
9105640516,9105637889,0.0,0.0,-0.0
9105649820,9105647066,0.0,0.0,-0.0
9105661446,9105657585,0.0,0.0,-0.0
9105669864,9105667313,0.0,0.0,-0.0
9105679555,9105676940,0.0,0.0,-0.0
9105691061,9105687166,0.0,0.0,-0.0
9105700744,9105696998,0.0,0.0,-0.0
9105710202,9105707843,0.0,0.0,-0.0
9105719630,9105716868,0.0,0.0,-0.0
9105731146,9105727782,0.0,0.0,-0.0
9105740398,9105737823,0.0,0.0,-0.0
9105749802,9105747448,0.0,0.0,-0.0
9105760471,9105757699,0.0,0.0,-0.0
9105770937,9105767592,0.0,0.0,-0.0
9105780429,9105778024,0.0,0.0,-0.0
9105790077,9105787686,0.0,0.0,-0.0
9105800738,9105798140,0.0,0.0,-0.0
9105809923,9105807339,0.0,0.0,-0.0
9105819558,9105816998,0.0,0.0,-0.0
9105829973,9105827191,0.0,0.0,-0.0
9105840816,9105836762,0.0,0.0,-0.0
9105849865,9105847307,0.0,0.0,-0.0
9105860319,9105857941,0.0,0.0,-0.0
9105870796,9105867978,0.0,0.0,-0.0
9105880562,9105878007,0.0,0.0,-0.0
9105890018,9105887440,0.0,0.0,-0.0
9105900478,9105897688,0.0,0.0,-0.0
9105911958,9105908107,0.0,0.0,-0.0
9105920413,9105918054,0.0,0.0,-0.0
9105929867,9105927309,0.0,0.0,-0.0
9105941335,9105937656,0.0,0.0,-0.0
9105950840,9105948483,0.0,0.0,-0.0
9105960380,9105957811,0.0,0.0,-0.0
9105970895,9105968338,0.0,0.0,-0.0
9105981376,9105978223,0.0,0.0,-0.0
9105989769,9105987209,0.0,0.0,-0.0
9105999970,9105997565,0.0,0.0,-0.0
9106010632,9106007783,0.0,0.0,-0.0
9106021091,9106017902,0.0,0.0,-0.0
9106030472,9106028113,0.0,0.0,-0.0
9106041069,9106038473,0.0,0.0,-0.0
9106051561,9106048411,0.0,0.0,-0.0
9106059951,9106057411,0.0,0.0,-0.0
9106070516,9106068140,0.0,0.0,-0.0
9106080946,9106078355,0.0,0.0,-0.0
9106091443,9106087949,0.0,0.0,-0.0
9106100833,9106098480,0.0,0.0,-0.0
9106110283,9106107918,0.0,0.0,-0.0
9106120905,9106118054,0.0,0.0,-0.0
9106130385,9106127830,0.0,0.0,-0.0
9106140933,9106138348,0.0,0.0,-0.0
9106151319,9106148539,0.0,0.0,-0.0
9106161779,9106158339,0.0,0.0,-0.0
9106170242,9106167879,0.0,0.0,-0.0
9106180737,9106178123,0.0,0.0,-0.0
9106192134,9106188214,0.0,0.0,-0.0
9106201591,9106198145,0.0,0.0,-0.0
9106210371,9106207934,0.0,0.0,-0.0
9106220744,9106218164,0.0,0.0,-0.0
9106232160,9106228710,0.0,0.0,-0.0
9106240596,9106238029,0.0,0.0,-0.0
9106250995,9106248640,0.0,0.0,-0.0
9106261620,9106259049,0.0,0.0,-0.0
9106272072,9106268168,0.0,0.0,-0.0
9106280427,9106278057,0.0,0.0,-0.0
9106291032,9106288200,0.0,0.0,-0.0
9106302475,9106298785,0.0,0.0,-0.0
9106310853,9106308305,0.0,0.0,-0.0
9106321377,9106319022,0.0,0.0,-0.0
9106330746,9106327983,0.0,0.0,-0.0
9106342248,9106338382,0.0,0.0,-0.0
9106350653,9106348101,0.0,0.0,-0.0
9106361092,9106358713,0.0,0.0,-0.0
9106371631,9106368817,0.0,0.0,-0.0
9106381242,9106378682,0.0,0.0,-0.0
9106390661,9106388308,0.0,0.0,-0.0
9106401741,9106398877,0.0,0.0,-0.0
9106413268,9106408733,0.0,0.0,-0.0
9106420806,9106418246,0.0,0.0,-0.0
9106431369,9106428741,0.0,0.0,-0.0
9106442796,9106439118,0.0,0.0,-0.0
9106452315,9106448764,0.0,0.0,-0.0
9106460831,9106458451,0.0,0.0,-0.0
9106471628,9106468848,0.0,0.0,-0.0
9106482106,9106478958,0.0,0.0,-0.0
9106490552,9106487966,0.0,0.0,-0.0
9106501054,9106498475,0.0,0.0,-0.0
9106511504,9106508722,0.0,0.0,-0.0
9106521980,9106518329,0.0,0.0,-0.0
9106531457,9106529081,0.0,0.0,-0.0
9106541316,9106538504,0.0,0.0,-0.0
9106552479,9106549127,0.0,0.0,-0.0
9106560934,9106558355,0.0,0.0,-0.0
9106571398,9106569047,0.0,0.0,-0.0
9106581890,9106579306,0.0,0.0,-0.0
9106592387,9106588736,0.0,0.0,-0.0
9106601143,9106598761,0.0,0.0,-0.0
9106611699,9106609140,0.0,0.0,-0.0
9106622153,9106619361,0.0,0.0,-0.0
9106632034,9106629448,0.0,0.0,-0.0
9106641482,9106638906,0.0,0.0,-0.0
9106651963,9106649372,0.0,0.0,-0.0
9106662423,9106658949,0.0,0.0,-0.0
9106671064,9106668675,0.0,0.0,-0.0
9106681555,9106679166,0.0,0.0,-0.0
9106692976,9106689322,0.0,0.0,-0.0
9106701331,9106698763,0.0,0.0,-0.0
9106711497,9106708884,0.0,0.0,-0.0
9106721908,9106719136,0.0,0.0,-0.0
9106732440,9106729487,0.0,0.0,-0.0
9106740999,9106738436,0.0,0.0,-0.0
9106751539,9106749171,0.0,0.0,-0.0
9106761948,9106759374,0.0,0.0,-0.0
9106771733,9106769166,0.0,0.0,-0.0
9106781527,9106779120,0.0,0.0,-0.0
9106792042,9106789187,0.0,0.0,-0.0
9106803522,9106799476,0.0,0.0,-0.0
9106811156,9106808561,0.0,0.0,-0.0
9106821560,9106819186,0.0,0.0,-0.0
9106832265,9106829669,0.0,0.0,-0.0
9106841764,9106838259,0.0,0.0,-0.0
9106851664,9106849307,0.0,0.0,-0.0
9106862470,9106860057,0.0,0.0,-0.0
9106872545,9106869740,0.0,0.0,-0.0
9106883045,9106879142,0.0,0.0,-0.0
9106892164,9106889514,0.0,0.0,-0.0
9106901928,9106899373,0.0,0.0,-0.0
9106912873,9106909393,0.0,0.0,-0.0
9106921276,9106918717,0.0,0.0,-0.0
9106931768,9106929164,0.0,0.0,-0.00050100003
9106943236,9106939553,0.0,0.0,-0.00096720003
9106952753,9106949068,0.0,0.0,-0.0014895501
9106962232,9106959846,0.0,0.0,-0.0020090002
9106972752,9106969937,0.0,0.0,-0.0024847502
9106983181,9106979712,0.0,0.0,-0.0030236503
9106991644,9106989223,0.0,0.0,-0.0035282003
9107001796,9106999429,0.0,0.0,-0.0040169503
9107013028,9107010258,0.0,0.0,-0.0044925003
9107021833,9107018888,0.0,0.0,-0.0050028004
9107032387,9107030015,0.0,0.0,-0.0055442504
9107042968,9107040169,0.0,0.0,-0.0059757503
9107053640,9107049984,0.0,0.0,-0.0065321
9107062141,9107059567,0.0,0.0,-0.0070398
9107071558,9107069005,0.0,0.0,-0.00753055
9107082516,9107079903,0.0,0.0,-0.0080097
9107093003,9107089527,0.0,0.0,-0.0084816
9107102478,9107100072,0.0,0.0,-0.0090265
9107112774,9107110197,0.0,0.0,-0.009507701
9107123259,9107120083,0.0,0.0,-0.01003495
9107131756,9107129177,0.0,0.0,-0.010541201
9107142356,9107139959,0.0,0.0,-0.011035501
9107152746,9107150128,0.0,0.0,-0.011490201
9107163445,9107159960,0.0,0.0,-0.0120293
9107171579,9107169232,0.0,0.0,-0.01253775
9107182101,9107179549,0.0,0.0,-0.01302935
9107193547,9107189681,0.0,0.0,-0.01349295
9107203074,9107199211,0.0,0.0,-0.0140088005
9107212689,9107210126,0.0,0.0,-0.014515401
9107223083,9107220474,0.0,0.0,-0.014991901
9107233562,9107229869,0.0,0.0,-0.015537651
9107241991,9107239611,0.0,0.0,-0.016055051
9107252493,9107249934,0.0,0.0,-0.016524801
9107262904,9107260132,0.0,0.0,-0.017011901
9107272389,9107270043,0.0,0.0,-0.017528052
9107281845,9107279292,0.0,0.0,-0.01803795
9107292362,9107289571,0.0,0.0,-0.0185335
9107304058,9107299976,0.0,0.0,-0.01899595
9107312252,9107309646,0.0,0.0,-0.0195099
9107322677,9107320097,0.0,0.0,-0.02003015
9107333114,9107330335,0.0,0.0,-0.02051365
9107342735,9107339532,0.0,0.0,-0.0210362
9107352470,9107349905,0.0,0.0,-0.0215481
9107362905,9107360125,0.0,0.0,-0.02200795
9107374382,9107370540,0.0,0.0,-0.0225266
9107381814,9107379250,0.0,0.0,-0.0230376
9107392417,9107389856,0.0,0.0,-0.02355835
9107402929,9107400132,0.0,0.0,-0.02399385
9107413447,9107409984,0.0,0.0,-0.02452415
9107422851,9107420303,0.0,0.0,-0.02503795
9107432253,9107429871,0.0,0.0,-0.02553055
9107443723,9107439851,0.0,0.0,-0.026046501
9107453211,9107450863,0.0,0.0,-0.026524901
9107462941,9107460378,0.0,0.0,-0.027023902
9107472815,9107470229,0.0,0.0,-0.027574502
9107483390,9107480040,0.0,0.0,-0.028050251
9107491804,9107489254,0.0,0.0,-0.028542802
9107502318,9107499905,0.0,0.0,-0.029033352
9107512877,9107510235,0.0,0.0,-0.02949405
9107522524,9107520090,0.0,0.0,-0.030026602
9107533143,9107530719,0.0,0.0,-0.030543102
9107542815,9107539989,0.0,0.0,-0.031035852
9107554439,9107550548,0.0,0.0,-0.0315673
9107562896,9107560539,0.0,0.0,-0.032030802
9107573387,9107570807,0.0,0.0,-0.032558754
9107582774,9107580217,0.0,0.0,-0.033058304
9107593278,9107589809,0.0,0.0,-0.033571705
9107602699,9107600323,0.0,0.0,-0.034042206
9107613136,9107610348,0.0,0.0,-0.034521807
9107623972,9107619931,0.0,0.0,-0.03504751
9107632082,9107629700,0.0,0.0,-0.035548758
9107642927,9107640355,0.0,0.0,-0.03602791
9107653286,9107650727,0.0,0.0,-0.036516357
9107662749,9107659603,0.0,0.0,-0.037049107
9107673315,9107670734,0.0,0.0,-0.03756771
9107682673,9107680090,0.0,0.0,-0.03801151
9107694053,9107690399,0.0,0.0,-0.03856806
9107702570,9107699979,0.0,0.0,-0.03903586
9107713007,9107710436,0.0,0.0,-0.03955131
9107723561,9107720936,0.0,0.0,-0.04003031
9107734000,9107730616,0.0,0.0,-0.04055316
9107743434,9107740866,0.0,0.0,-0.04107816
9107752836,9107750272,0.0,0.0,-0.041562162
9107763242,9107760672,0.0,0.0,-0.04207466
9107772678,9107770120,0.0,0.0,-0.04254496
9107783149,9107780743,0.0,0.0,-0.04306496
9107793592,9107790790,0.0,0.0,-0.04353736
9107805357,9107801272,0.0,0.0,-0.044068508
9107812765,9107810206,0.0,0.0,-0.04457086
9107823212,9107820837,0.0,0.0,-0.04509496
9107833612,9107830840,0.0,0.0,-0.04554166
9107843161,9107840518,0.0,0.0,-0.04607321
9107853550,9107850957,0.0,0.0,-0.04657336
9107864254,9107861254,0.0,0.0,-0.04705726
9107874893,9107871249,0.0,0.0,-0.04757921
9107883371,9107881012,0.0,0.0,-0.04809406
9107893948,9107891342,0.0,0.0,-0.04859381
9107903255,9107900698,0.0,0.0,-0.049081963
9107913883,9107910721,0.0,0.0,-0.049598463
9107923350,9107920769,0.0,0.0,-0.050066262
9107933799,9107931419,0.0,0.0,-0.05056741
9107944299,9107940378,0.0,0.0,-0.05106981
9107953734,9107951154,0.0,0.0,-0.05160231
9107963131,9107960750,0.0,0.0,-0.052050263
9107973715,9107970905,0.0,0.0,-0.052589063
9107984218,9107981020,0.0,0.0,-0.05306886
9107993573,9107991024,0.0,0.0,-0.05357661
9108003048,9108000674,0.0,0.0,-0.05408236
9108013460,9108010883,0.0,0.0,-0.05458256
9108022900,9108020348,0.0,0.0,-0.05506506
9108033483,9108031090,0.0,0.0,-0.05557551
9108044198,9108041396,0.0,0.0,-0.05604876
9108054876,9108051220,0.0,0.0,-0.05658586
9108063555,9108061179,0.0,0.0,-0.05710116
9108074136,9108071568,0.0,0.0,-0.057592362
9108084096,9108081491,0.0,0.0,-0.05809031
9108093558,9108090952,0.0,0.0,-0.05860976
9108104047,9108101425,0.0,0.0,-0.05910591
9108114406,9108111642,0.0,0.0,-0.05957896
9108124922,9108121747,0.0,0.0,-0.060102608
9108133277,9108130722,0.0,0.0,-0.060613457
9108143994,9108141416,0.0,0.0,-0.061118707
9108156719,9108153900,0.0,0.0,-0.061567456
9108164081,9108161485,0.0,0.0,-0.062102154
9108173548,9108171190,0.0,0.0,-0.062726356
9108184288,9108181534,0.0,0.0,-0.063105606
9108194705,9108191032,0.0,0.0,-0.063590854
9108203151,9108200786,0.0,0.0,-0.06410805
9108213665,9108211298,0.0,0.0,-0.06458295
9108224129,9108221310,0.0,0.0,-0.06507065
9108234713,9108231364,0.0,0.0,-0.06559625
9108244179,9108241780,0.0,0.0,-0.06609685
9108253551,9108251154,0.0,0.0,-0.06659955
9108263940,9108261347,0.0,0.0,-0.06712035
9108273470,9108270896,0.0,0.0,-0.06758905
9108283933,9108281524,0.0,0.0,-0.0680987
9108294329,9108291535,0.0,0.0,-0.06857615
9108305905,9108301652,0.0,0.0,-0.06910755
9108313989,9108311612,0.0,0.0,-0.0696081
9108323565,9108321013,0.0,0.0,-0.07011395
9108334067,9108331514,0.0,0.0,-0.07061195
9108344580,9108342227,0.0,0.0,-0.071081996
9108354040,9108351478,0.0,0.0,-0.071607046
9108364503,9108361723,0.0,0.0,-0.0721427
9108375973,9108371925,0.0,0.0,-0.072605245
9108383558,9108381187,0.0,0.0,-0.073117495
9108394094,9108391676,0.0,0.0,-0.07362759
9108404024,9108401429,0.0,0.0,-0.07409069
9108414333,9108411112,0.0,0.0,-0.074615136
9108423703,9108421152,0.0,0.0,-0.075102784
9108434207,9108431648,0.0,0.0,-0.07558694
9108445632,9108442151,0.0,0.0,-0.076088935
9108454169,9108451535,0.0,0.0,-0.07661373
9108464517,9108462169,0.0,0.0,-0.07713888
9108474967,9108472381,0.0,0.0,-0.07760808
9108485549,9108481888,0.0,0.0,-0.07813978
9108493941,9108491585,0.0,0.0,-0.078650385
9108504563,9108502160,0.0,0.0,-0.07912573
9108514810,9108512098,0.0,0.0,-0.07961058
9108524464,9108521867,0.0,0.0,-0.08
9108534066,9108531674,0.0,0.0,-0.08
9108544595,9108541986,0.0,0.0,-0.08
9108556041,9108551762,0.0,0.0,-0.08
9108564570,9108561981,0.0,0.0,-0.08
9108574029,9108571457,0.0,0.0,-0.08
9108584518,9108581919,0.0,0.0,-0.08
9108595000,9108592421,0.0,0.0,-0.08
9108604463,9108601867,0.0,0.0,-0.08
9108614837,9108612074,0.0,0.0,-0.08
9108626347,9108622292,0.0,0.0,-0.08
9108633778,9108631415,0.0,0.0,-0.08
9108644402,9108642038,0.0,0.0,-0.08
9108654380,9108651553,0.0,0.0,-0.08
9108664819,9108661452,0.0,0.0,-0.08
9108674253,9108671871,0.0,0.0,-0.08
9108684761,9108681930,0.0,0.0,-0.08
9108695147,9108691450,0.0,0.0,-0.08
9108704609,9108702257,0.0,0.0,-0.08
9108715130,9108712510,0.0,0.0,-0.08
9108724413,9108721662,0.0,0.0,-0.08
9108735990,9108731943,0.0,0.0,-0.08
9108744438,9108741873,0.0,0.0,-0.08
9108754953,9108752593,0.0,0.0,-0.08
9108765323,9108762751,0.0,0.0,-0.08
9108774819,9108772266,0.0,0.0,-0.08
9108784251,9108781670,0.0,0.0,-0.08
9108794673,9108791893,0.0,0.0,-0.08
9108806179,9108802307,0.0,0.0,-0.08
9108814718,9108812324,0.0,0.0,-0.08
9108825219,9108822632,0.0,0.0,-0.08
9108835626,9108832835,0.0,0.0,-0.08
9108845090,9108842530,0.0,0.0,-0.08
9108854572,9108852161,0.0,0.0,-0.08
9108864983,9108862191,0.0,0.0,-0.08
9108876441,9108872583,0.0,0.0,-0.08
9108884833,9108882273,0.0,0.0,-0.08
9108895290,9108892706,0.0,0.0,-0.08
9108904879,9108902286,0.0,0.0,-0.08
9108915374,9108912804,0.0,0.0,-0.08
9108924791,9108922438,0.0,0.0,-0.08
9108935265,9108932471,0.0,0.0,-0.08
9108945688,9108942174,0.0,0.0,-0.08
9108955151,9108952587,0.0,0.0,-0.08
9108964532,9108961983,0.0,0.0,-0.08
9108974951,9108972172,0.0,0.0,-0.08
9108984556,9108981576,0.0,0.0,-0.08
9108994937,9108992572,0.0,0.0,-0.08
9109005412,9109002825,0.0,0.0,-0.08
9109016900,9109013011,0.0,0.0,-0.08
9109025261,9109022904,0.0,0.0,-0.08
9109034754,9109032196,0.0,0.0,-0.08
9109045557,9109042958,0.0,0.0,-0.08
9109056080,9109052572,0.0,0.0,-0.08
9109065551,9109063119,0.0,0.0,-0.08
9109074982,9109072403,0.0,0.0,-0.08
9109085327,9109082779,0.0,0.0,-0.08
9109094809,9109092256,0.0,0.0,-0.08
9109105248,9109102869,0.0,0.0,-0.08
9109115748,9109112957,0.0,0.0,-0.08
9109126207,9109123024,0.0,0.0,-0.08
9109134565,9109132208,0.0,0.0,-0.08
9109145061,9109142474,0.0,0.0,-0.08
9109155665,9109153035,0.0,0.0,-0.08
9109165082,9109162507,0.0,0.0,-0.08
9109175525,9109172946,0.0,0.0,-0.08
9109185888,9109183123,0.0,0.0,-0.08
9109196332,9109192654,0.0,0.0,-0.08
9109204753,9109202371,0.0,0.0,-0.08
9109215389,9109212843,0.0,0.0,-0.08
9109225921,9109223367,0.0,0.0,-0.08
9109236509,9109232431,0.0,0.0,-0.0794764
9109245959,9109243602,0.0,0.0,-0.078950204
9109255355,9109252569,0.0,0.0,-0.07849701
9109266842,9109263380,0.0,0.0,-0.07793846
9109275279,9109272713,0.0,0.0,-0.077490106
9109285812,9109283442,0.0,0.0,-0.07694956
9109296238,9109293433,0.0,0.0,-0.07648291
9109306658,9109303187,0.0,0.0,-0.07594646
9109315051,9109312681,0.0,0.0,-0.07544691
9109325812,9109323432,0.0,0.0,-0.07495921
9109336236,9109333647,0.0,0.0,-0.07448451
9109345722,9109343334,0.0,0.0,-0.07394696
9109355155,9109352779,0.0,0.0,-0.07343621
9109365554,9109362763,0.0,0.0,-0.07295186
9109377079,9109373221,0.0,0.0,-0.07247961
9109385521,9109383109,0.0,0.0,-0.07198042
9109395961,9109393579,0.0,0.0,-0.07145752
9109409071,9109406674,0.0,0.0,-0.07096312
9109416359,9109412985,0.0,0.0,-0.07096312
9109425886,9109423513,0.0,0.0,-0.07043962
9109436415,9109433813,0.0,0.0,-0.06978487
9109447067,9109443198,0.0,0.0,-0.069469325
9109455509,9109452755,0.0,0.0,-0.06894293
9109466066,9109463476,0.0,0.0,-0.06842793
9109476609,9109473996,0.0,0.0,-0.067958675
9109486052,9109482683,0.0,0.0,-0.067480825
9109495577,9109493189,0.0,0.0,-0.06694478
9109505911,9109502999,0.0,0.0,-0.066418774
9109517561,9109513834,0.0,0.0,-0.06598443
9109526094,9109523695,0.0,0.0,-0.065459125
9109535935,9109533328,0.0,0.0,-0.06496862
9109546492,9109543879,0.0,0.0,-0.06442688
9109556919,9109553441,0.0,0.0,-0.06393383
9109565639,9109563276,0.0,0.0,-0.06345218
9109575803,9109573209,0.0,0.0,-0.06292462
9109586326,9109583487,0.0,0.0,-0.062446523
9109595785,9109593233,0.0,0.0,-0.061954774
9109606353,9109603737,0.0,0.0,-0.061458126
9109616808,9109614182,0.0,0.0,-0.060944226
9109627238,9109623570,0.0,0.0,-0.060456924
9109635603,9109633054,0.0,0.0,-0.059931725
9109646093,9109643734,0.0,0.0,-0.059409477
9109656841,9109654251,0.0,0.0,-0.058940075
9109666607,9109664016,0.0,0.0,-0.058465876
9109676046,9109673456,0.0,0.0,-0.057931874
9109686445,9109683671,0.0,0.0,-0.057406023
9109695829,9109693266,0.0,0.0,-0.05691777
9109706626,9109704240,0.0,0.0,-0.05644577
9109716124,9109713536,0.0,0.0,-0.05593502
9109726555,9109723574,0.0,0.0,-0.05545527
9109736017,9109733456,0.0,0.0,-0.05490657
9109746698,9109744124,0.0,0.0,-0.05444177
9109757131,9109754347,0.0,0.0,-0.053939868
9109767602,9109764257,0.0,0.0,-0.053445768
9109776060,9109773478,0.0,0.0,-0.05291237
9109786595,9109783980,0.0,0.0,-0.05240122
9109796986,9109794180,0.0,0.0,-0.051905718
9109807448,9109803790,0.0,0.0,-0.05144467
9109815866,9109813508,0.0,0.0,-0.05091957
9109826500,9109824101,0.0,0.0,-0.05040957
9109837019,9109834425,0.0,0.0,-0.04992907
9109846536,9109844149,0.0,0.0,-0.04944317
9109855956,9109853366,0.0,0.0,-0.04891352
9109866366,9109863777,0.0,0.0,-0.04839732
9109877863,9109874024,0.0,0.0,-0.047911122
9109886322,9109883914,0.0,0.0,-0.047450274
9109896854,9109894274,0.0,0.0,-0.046929725
9109906335,9109903515,0.0,0.0,-0.046417374
9109917278,9109914890,0.0,0.0,-0.045922875
9109926969,9109924597,0.0,0.0,-0.045404874
9109936443,9109933669,0.0,0.0,-0.044942822
9109947962,9109944310,0.0,0.0,-0.04437407
9109956398,9109953834,0.0,0.0,-0.04388872
9109966966,9109964591,0.0,0.0,-0.043435123
9109976467,9109973714,0.0,0.0,-0.042903073
9109986955,9109984606,0.0,0.0,-0.042426873
9109996567,9109994144,0.0,0.0,-0.041889023
9110007158,9110004336,0.0,0.0,-0.041432872
9110017865,9110014704,0.0,0.0,-0.040888272
9110026262,9110023704,0.0,0.0,-0.04041137
9110036769,9110034418,0.0,0.0,-0.03990177
9110047248,9110044641,0.0,0.0,-0.03938337
9110057726,9110053828,0.0,0.0,-0.03893337
9110067154,9110064769,0.0,0.0,-0.03839767
9110077637,9110074239,0.0,0.0,-0.03788652
9110086331,9110083528,0.0,0.0,-0.03742717
9110096791,9110094410,0.0,0.0,-0.036880117
9110107294,9110104705,0.0,0.0,-0.036406618
9110116664,9110113846,0.0,0.0,-0.035942167
9110128162,9110124489,0.0,0.0,-0.035398066
9110136541,9110134195,0.0,0.0,-0.034883317
9110146822,9110144207,0.0,0.0,-0.03442627
9110157164,9110154570,0.0,0.0,-0.033894118
9110166786,9110164169,0.0,0.0,-0.033408817
9110177325,9110174962,0.0,0.0,-0.032908216
9110186712,9110184158,0.0,0.0,-0.032390065
9110198279,9110194412,0.0,0.0,-0.031910114
9110206679,9110204320,0.0,0.0,-0.031370465
9110217163,9110214582,0.0,0.0,-0.030910665
9110227585,9110225013,0.0,0.0,-0.030397965
9110237049,9110234695,0.0,0.0,-0.029902564
9110246508,9110243926,0.0,0.0,-0.029389465
9110257080,9110254295,0.0,0.0,-0.028867915
9110268616,9110264746,0.0,0.0,-0.028383816
9110277029,9110274668,0.0,0.0,-0.027922265
9110287476,9110284908,0.0,0.0,-0.027403815
9110296831,9110294078,0.0,0.0,-0.026881265
9110307367,9110304020,0.0,0.0,-0.026385164
9110316786,9110314441,0.0,0.0,-0.025873164
9110327337,9110324706,0.0,0.0,-0.025414664
9110338853,9110335163,0.0,0.0,-0.024917563
9110347200,9110344644,0.0,0.0,-0.024396513
9110356617,9110354263,0.0,0.0,-0.023883263
9110367010,9110364447,0.0,0.0,-0.023360413
9110377554,9110373860,0.0,0.0,-0.022886362
9110386952,9110384400,0.0,0.0,-0.022405412
9110397531,9110395100,0.0,0.0,-0.021896211
9110407044,9110404464,0.0,0.0,-0.021425562
9110416779,9110414368,0.0,0.0,-0.020898562
9110427747,9110425352,0.0,0.0,-0.020363562
9110437108,9110434557,0.0,0.0,-0.020831762
9110448803,9110444948,0.0,0.0,-0.021326961
9110457212,9110454861,0.0,0.0,-0.02187616
9110467708,9110465118,0.0,0.0,-0.02233641
9110477109,9110474540,0.0,0.0,-0.02285596
9110487618,9110485061,0.0,0.0,-0.02335161
9110497053,9110494695,0.0,0.0,-0.02386446
9110507681,9110504861,0.0,0.0,-0.02433556
9110519376,9110515246,0.0,0.0,-0.02486161
9110527042,9110524444,0.0,0.0,-0.02534331
9110537815,9110535448,0.0,0.0,-0.02585161
9110547457,9110544874,0.0,0.0,-0.026370859
9110557461,9110555100,0.0,0.0,-0.026830759
9110568068,9110565651,0.0,0.0,-0.027380958
9110578491,9110575502,0.0,0.0,-0.027852258
9110588857,9110584774,0.0,0.0,-0.028363558
9110597566,9110595157,0.0,0.0,-0.028891107
9110607041,9110604459,0.0,0.0,-0.029383658
9110617435,9110614862,0.0,0.0,-0.029847257
9110628165,9110624979,0.0,0.0,-0.030366408
9110637580,9110635225,0.0,0.0,-0.030831508
9110648119,9110645332,0.0,0.0,-0.03135166
9110658609,9110655467,0.0,0.0,-0.03185751
9110667053,9110664674,0.0,0.0,-0.032369807
9110677548,9110675149,0.0,0.0,-0.032875158
9110688437,9110685855,0.0,0.0,-0.03338191
9110698279,9110694621,0.0,0.0,-0.03384226
9110707664,9110705107,0.0,0.0,-0.034366008
9110718175,9110715572,0.0,0.0,-0.034901306
9110727556,9110724998,0.0,0.0,-0.035339605
9110738068,9110735511,0.0,0.0,-0.035863906
9110747509,9110745150,0.0,0.0,-0.036387157
9110757959,9110755179,0.0,0.0,-0.036858458
9110769614,9110765526,0.0,0.0,-0.037384108
9110778022,9110775662,0.0,0.0,-0.037866056
9110787448,9110784891,0.0,0.0,-0.038367506
9110797954,9110795395,0.0,0.0,-0.038884856
9110808464,9110805904,0.0,0.0,-0.039391655
9110817888,9110815337,0.0,0.0,-0.039853107
9110828382,9110825998,0.0,0.0,-0.040378306
9110839916,9110835818,0.0,0.0,-0.040903755
9110847487,9110844926,0.0,0.0,-0.041375406
9110858023,9110855637,0.0,0.0,-0.041908458
9110868558,9110865952,0.0,0.0,-0.04239946
9110877949,9110874979,0.0,0.0,-0.04285486
9110888443,9110885862,0.0,0.0,-0.043390412
9110897784,9110895026,0.0,0.0,-0.043906163
9110909325,9110905974,0.0,0.0,-0.044357512
9110917758,9110915370,0.0,0.0,-0.04490166
9110928461,9110925883,0.0,0.0,-0.04535986
9110938250,9110935445,0.0,0.0,-0.045907263
9110948816,9110945663,0.0,0.0,-0.046377063
9110958246,9110955685,0.0,0.0,-0.046902712
9110967630,9110965072,0.0,0.0,-0.047380812
9110978164,9110975588,0.0,0.0,-0.047891714
9110987607,9110985056,0.0,0.0,-0.048392814
9110998090,9110995510,0.0,0.0,-0.048862163
9111008629,9111005849,0.0,0.0,-0.04938796
9111019176,9111015667,0.0,0.0,-0.04986136
9111027704,9111025311,0.0,0.0,-0.05038406
9111038175,9111035583,0.0,0.0,-0.05090101
9111048616,9111046021,0.0,0.0,-0.05139191
9111058015,9111055466,0.0,0.0,-0.051874112
9111068555,9111066171,0.0,0.0,-0.05238771
9111079050,9111076246,0.0,0.0,-0.05290961
9111089644,9111086170,0.0,0.0,-0.05338186
9111098024,9111095482,0.0,0.0,-0.05391711
9111108861,9111106368,0.0,0.0,-0.05442086
9111118187,9111115634,0.0,0.0,-0.05491706
9111128765,9111126223,0.0,0.0,-0.05538266
9111138258,9111135898,0.0,0.0,-0.05592696
9111148773,9111145968,0.0,0.0,-0.05639026
9111160237,9111156358,0.0,0.0,-0.05691971
9111167711,9111165337,0.0,0.0,-0.05740346
9111178209,9111175832,0.0,0.0,-0.05790696
9111188566,9111185813,0.0,0.0,-0.05842646
9111199252,9111195881,0.0,0.0,-0.058875408
9111208760,9111206354,0.0,0.0,-0.059400156
9111218131,9111215562,0.0,0.0,-0.059899207
9111228560,9111225766,0.0,0.0,-0.060402606
9111237970,9111235422,0.0,0.0,-0.060926255
9111248459,9111246109,0.0,0.0,-0.061386656
9111258846,9111256291,0.0,0.0,-0.061896857
9111269385,9111266026,0.0,0.0,-0.06237966
9111278995,9111276599,0.0,0.0,-0.06291401
9111288425,9111285846,0.0,0.0,-0.063423105
9111298898,9111296315,0.0,0.0,-0.06390985
9111308335,9111305779,0.0,0.0,-0.0644385
9111318773,9111316189,0.0,0.0,-0.06490085
9111329285,9111326478,0.0,0.0,-0.0654243
9111339812,9111336446,0.0,0.0,-0.0658975
9111348332,9111345974,0.0,0.0,-0.066418
9111358904,9111356490,0.0,0.0,-0.06693245
9111369342,9111366532,0.0,0.0,-0.06743085
9111378735,9111376176,0.0,0.0,-0.067907244
9111389254,9111386644,0.0,0.0,-0.06843305
9111399603,9111396649,0.0,0.0,-0.06893515
9111410092,9111406642,0.0,0.0,-0.06941735
9111418526,9111415950,0.0,0.0,-0.06994075
9111428983,9111426567,0.0,0.0,-0.070441
9111439488,9111436686,0.0,0.0,-0.07094065
9111449347,9111445964,0.0,0.0,-0.07140605
9111458822,9111456463,0.0,0.0,-0.0719369
9111469348,9111466585,0.0,0.0,-0.072442845
9111479857,9111476873,0.0,0.0,-0.07290675
9111488230,9111485859,0.0,0.0,-0.0734317
9111498749,9111496333,0.0,0.0,-0.0739378
9111509218,9111506396,0.0,0.0,-0.07445221
9111519877,9111516481,0.0,0.0,-0.07490151
9111528415,9111526031,0.0,0.0,-0.07542521
9111539291,9111536875,0.0,0.0,-0.07592836
9111549159,9111546558,0.0,0.0,-0.07643261
9111558628,9111556075,0.0,0.0,-0.07691011
9111569203,9111566599,0.0,0.0,-0.07745231
9111579817,9111576999,0.0,0.0,-0.07793646
9111590276,9111586787,0.0,0.0,-0.07841232
9111598764,9111596188,0.0,0.0,-0.078938514
9111609328,9111606727,0.0,0.0,-0.07945851
9111620111,9111617264,0.0,0.0,-0.07994791
9111629814,9111627172,0.0,0.0,-0.08
9111639186,9111636615,0.0,0.0,-0.08
9111649875,9111646888,0.0,0.0,-0.08
9111660356,9111657011,0.0,0.0,-0.08
9111668792,9111666203,0.0,0.0,-0.08
9111679226,9111676642,0.0,0.0,-0.08
9111689612,9111687035,0.0,0.0,-0.08
9111700154,9111697549,0.0,0.0,-0.08
9111709836,9111707248,0.0,0.0,-0.08
9111719424,9111716647,0.0,0.0,-0.08
9111730907,9111727255,0.0,0.0,-0.08
9111739313,9111736932,0.0,0.0,-0.08
9111749818,9111747220,0.0,0.0,-0.08
9111759151,9111756369,0.0,0.0,-0.08
9111769653,9111766179,0.0,0.0,-0.08
9111779037,9111776669,0.0,0.0,-0.08
9111789546,9111787139,0.0,0.0,-0.08
9111800129,9111797528,0.0,0.0,-0.08
9111809626,9111807041,0.0,0.0,-0.08
9111818997,9111816445,0.0,0.0,-0.08
9111830351,9111827599,0.0,0.0,-0.08
9111840926,9111837039,0.0,0.0,-0.08
9111849271,9111846925,0.0,0.0,-0.08
9111859743,9111857363,0.0,0.0,-0.08
9111870144,9111867364,0.0,0.0,-0.08
9111879968,9111877330,0.0,0.0,-0.08
9111889992,9111887565,0.0,0.0,-0.08
9111900387,9111897400,0.0,0.0,-0.08
9111910856,9111907410,0.0,0.0,-0.08
9111919243,9111916886,0.0,0.0,-0.08
9111930023,9111927670,0.0,0.0,-0.08
9111939387,9111936634,0.0,0.0,-0.08
9111949933,9111947362,0.0,0.0,-0.08
9111959323,9111956748,0.0,0.0,-0.08
9111970071,9111967089,0.0,0.0,-0.08
9111981547,9111977691,0.0,0.0,-0.08
9111989009,9111986626,0.0,0.0,-0.08
9111999493,9111997123,0.0,0.0,-0.08
9112010114,9112007348,0.0,0.0,-0.08
9112020599,9112017153,0.0,0.0,-0.08
9112030038,9112027478,0.0,0.0,-0.08
9112039504,9112037141,0.0,0.0,-0.08
9112051123,9112047713,0.0,0.0,-0.08
9112059498,9112056946,0.0,0.0,-0.08
9112069983,9112067593,0.0,0.0,-0.08
9112080414,9112077828,0.0,0.0,-0.08
9112090902,9112087447,0.0,0.0,-0.08
9112100312,9112097960,0.0,0.0,-0.08
9112109793,9112107241,0.0,0.0,-0.08
9112120264,9112117669,0.0,0.0,-0.08
9112129792,9112127181,0.0,0.0,-0.08
9112140442,9112138053,0.0,0.0,-0.08
9112150847,9112148058,0.0,0.0,-0.08
9112161330,9112157666,0.0,0.0,-0.08
9112169778,9112167417,0.0,0.0,-0.08
9112180255,9112177666,0.0,0.0,-0.08
9112190650,9112188072,0.0,0.0,-0.08
9112200170,9112197571,0.0,0.0,-0.08
9112209663,9112207073,0.0,0.0,-0.08
9112220528,9112217736,0.0,0.0,-0.08
9112231166,9112227468,0.0,0.0,-0.08
9112239560,9112237007,0.0,0.0,-0.08
9112250041,9112247489,0.0,0.0,-0.08
9112260440,9112257865,0.0,0.0,-0.08
9112270918,9112267260,0.0,0.0,-0.08
9112280182,9112277622,0.0,0.0,-0.08
9112290616,9112288045,0.0,0.0,-0.08
9112302109,9112298063,0.0,0.0,-0.08
9112309640,9112307252,0.0,0.0,-0.08
9112320094,9112317695,0.0,0.0,-0.08
9112330525,9112327940,0.0,0.0,-0.08
9112339985,9112336814,0.0,0.0,-0.08
9112350466,9112348082,0.0,0.0,-0.08
9112359795,9112357444,0.0,0.0,-0.08
9112370280,9112367685,0.0,0.0,-0.08
9112379752,9112377402,0.0,0.0,-0.08
9112390356,9112387929,0.0,0.0,-0.08
9112400851,9112398036,0.0,0.0,-0.08
9112411375,9112407865,0.0,0.0,-0.08
9112420754,9112418368,0.0,0.0,-0.08
9112430140,9112427585,0.0,0.0,-0.08
9112440589,9112437798,0.0,0.0,-0.08
9112450025,9112447456,0.0,0.0,-0.08
9112460478,9112458104,0.0,0.0,-0.08
9112471232,9112468453,0.0,0.0,-0.08
9112481818,9112478284,0.0,0.0,-0.08
9112490523,9112487930,0.0,0.0,-0.08
9112501007,9112498623,0.0,0.0,-0.08
9112510411,9112507580,0.0,0.0,-0.08
9112521259,9112518669,0.0,0.0,-0.08
9112530928,9112528328,0.0,0.0,-0.08
9112540574,9112537977,0.0,0.0,-0.08
9112552185,9112548521,0.0,0.0,-0.08
9112561163,9112558590,0.0,0.0,-0.08
9112571125,9112568505,0.0,0.0,-0.08
9112580744,9112578144,0.0,0.0,-0.08
9112590361,9112587194,0.0,0.0,-0.08
9112600464,9112598073,0.0,0.0,-0.08
9112610983,9112608391,0.0,0.0,-0.08
9112621379,9112618608,0.0,0.0,-0.08
9112631181,9112628624,0.0,0.0,-0.08
9112640633,9112638055,0.0,0.0,-0.08
9112651589,9112648799,0.0,0.0,-0.08
9112662096,9112658243,0.0,0.0,-0.08
9112670560,9112667970,0.0,0.0,-0.08
9112681019,9112678434,0.0,0.0,-0.08
9112691458,9112688673,0.0,0.0,-0.08
9112700871,9112698513,0.0,0.0,-0.08
9112711360,9112708977,0.0,0.0,-0.08
9112720827,9112718238,0.0,0.0,-0.08
9112732282,9112728634,0.0,0.0,-0.08
9112740872,9112738475,0.0,0.0,-0.079476796
9112750445,9112748083,0.0,0.0,-0.07901374
9112760884,9112758098,0.0,0.0,-0.078493945
9112771372,9112768819,0.0,0.0,-0.078001894
9112780831,9112778272,0.0,0.0,-0.077521496
9112791260,9112788478,0.0,0.0,-0.07702074
9112802757,9112798910,0.0,0.0,-0.076484695
9112810196,9112807838,0.0,0.0,-0.076012045
9112820754,9112818387,0.0,0.0,-0.07550175
9112831792,9112829016,0.0,0.0,-0.07498015
9112841234,9112838070,0.0,0.0,-0.074533746
9112850695,9112848140,0.0,0.0,-0.0740063
9112861128,9112858351,0.0,0.0,-0.07347485
9112872599,9112869132,0.0,0.0,-0.07302215
9112880994,9112878441,0.0,0.0,-0.07251865
9112891444,9112889068,0.0,0.0,-0.072008096
9112901810,9112899247,0.0,0.0,-0.071469046
9112912675,9112908592,0.0,0.0,-0.07100359
9112921364,9112918935,0.0,0.0,-0.07047224
9112930915,9112928342,0.0,0.0,-0.06996329
9112941303,9112938922,0.0,0.0,-0.07043054
9112951987,9112949620,0.0,0.0,-0.07094769
9112961441,9112958876,0.0,0.0,-0.07141804
9112971155,9112968591,0.0,0.0,-0.07194704
9112981061,9112977906,0.0,0.0,-0.07248194
9112990513,9112988137,0.0,0.0,-0.07294474
9113001096,9112998720,0.0,0.0,-0.073430486
9113011579,9113008974,0.0,0.0,-0.07389624
9113021012,9113018451,0.0,0.0,-0.074407786
9113031495,9113029115,0.0,0.0,-0.074936934
9113041992,9113038979,0.0,0.0,-0.07544963
9113052507,9113049330,0.0,0.0,-0.07592348
9113060837,9113058287,0.0,0.0,-0.07645668
9113071377,9113068984,0.0,0.0,-0.07694988
9113082164,9113079571,0.0,0.0,-0.07746743
9113091312,9113088116,0.0,0.0,-0.07791527
9113102486,9113097996,0.0,0.0,-0.07845012
9113110895,9113108345,0.0,0.0,-0.07897947
9113122386,9113119436,0.0,0.0,-0.07940672
9113130823,9113128469,0.0,0.0,-0.07990073
9113141304,9113138908,0.0,0.0,-0.08
9113151660,9113149092,0.0,0.0,-0.08
9113161157,9113158206,0.0,0.0,-0.08
9113171847,9113169257,0.0,0.0,-0.08
9113181278,9113178714,0.0,0.0,-0.08
9113191695,9113189119,0.0,0.0,-0.08
9113201159,9113198590,0.0,0.0,-0.08
9113211744,9113209387,0.0,0.0,-0.08
9113222115,9113219558,0.0,0.0,-0.08
9113232645,9113229190,0.0,0.0,-0.08
9113242100,9113239739,0.0,0.0,-0.08
9113251709,9113249318,0.0,0.0,-0.08
9113262063,9113259506,0.0,0.0,-0.08
9113271550,9113269000,0.0,0.0,-0.08
9113281118,9113278753,0.0,0.0,-0.08
9113292557,9113289800,0.0,0.0,-0.08
9113303110,9113299604,0.0,0.0,-0.08
9113311467,9113309110,0.0,0.0,-0.08
9113321921,9113319547,0.0,0.0,-0.08
9113332391,9113329790,0.0,0.0,-0.08
9113343955,9113339192,0.0,0.0,-0.08
9113351376,9113348816,0.0,0.0,-0.08
9113361817,9113359240,0.0,0.0,-0.08
9113372852,9113369194,0.0,0.0,-0.08
9113382325,9113379724,0.0,0.0,-0.08
9113391732,9113389364,0.0,0.0,-0.08
9113402098,9113399537,0.0,0.0,-0.08
9113411583,9113408425,0.0,0.0,-0.08
9113422163,9113419582,0.0,0.0,-0.08
9113431529,9113429170,0.0,0.0,-0.08
9113442080,9113439259,0.0,0.0,-0.08
9113451499,9113448944,0.0,0.0,-0.08
9113461964,9113459572,0.0,0.0,-0.08
9113472388,9113469800,0.0,0.0,-0.08
9113482903,9113479452,0.0,0.0,-0.08
9113492388,9113490010,0.0,0.0,-0.08
9113501791,9113499241,0.0,0.0,-0.08
9113512525,9113509880,0.0,0.0,-0.08
9113522195,9113519606,0.0,0.0,-0.08
9113532820,9113529432,0.0,0.0,-0.08
9113542497,9113539680,0.0,0.0,-0.08
9113552993,9113549814,0.0,0.0,-0.08
9113561383,9113559031,0.0,0.0,-0.08
9113571958,9113569535,0.0,0.0,-0.08
9113582426,9113579790,0.0,0.0,-0.08
9113592084,9113589654,0.0,0.0,-0.08
9113602637,9113600220,0.0,0.0,-0.08
9113612535,9113609542,0.0,0.0,-0.08
9113623992,9113620342,0.0,0.0,-0.08
9113632410,9113630057,0.0,0.0,-0.08
9113641874,9113639482,0.0,0.0,-0.08
9113652331,9113649750,0.0,0.0,-0.08
9113662822,9113659634,0.0,0.0,-0.08
9113672234,9113669866,0.0,0.0,-0.08
9113683073,9113680485,0.0,0.0,-0.08
9113693546,9113690356,0.0,0.0,-0.08
9113701923,9113699360,0.0,0.0,-0.08
9113712421,9113710034,0.0,0.0,-0.08
9113722856,9113720081,0.0,0.0,-0.08
9113733328,9113729877,0.0,0.0,-0.08
9113742788,9113740418,0.0,0.0,-0.08
9113752240,9113749854,0.0,0.0,-0.08
9113762857,9113760190,0.0,0.0,-0.08
9113772199,9113769837,0.0,0.0,-0.08
9113782690,9113780292,0.0,0.0,-0.08
9113793118,9113790317,0.0,0.0,-0.08
9113803583,9113800111,0.0,0.0,-0.08
9113812046,9113809645,0.0,0.0,-0.08
9113822546,9113820120,0.0,0.0,-0.08
9113832938,9113830134,0.0,0.0,-0.08
9113842354,9113839767,0.0,0.0,-0.08
9113852627,9113850210,0.0,0.0,-0.08
9113863012,9113860214,0.0,0.0,-0.08
9113873594,9113870638,0.0,0.0,-0.08
9113882009,9113879649,0.0,0.0,-0.08
9113892499,9113890146,0.0,0.0,-0.08
9113902845,9113900296,0.0,0.0,-0.08
9113913416,9113909758,0.0,0.0,-0.08
9113922819,9113920465,0.0,0.0,-0.08
9113933385,9113930797,0.0,0.0,-0.08
9113943276,9113939813,0.0,0.0,-0.08
9113953349,9113950760,0.0,0.0,-0.08
9113962955,9113960573,0.0,0.0,-0.08
9113972726,9113969927,0.0,0.0,-0.08
9113983233,9113980474,0.0,0.0,-0.08
9113992645,9113990078,0.0,0.0,-0.08
9114003128,9114000718,0.0,0.0,-0.08
9114012493,9114009931,0.0,0.0,-0.08
9114022287,9114019919,0.0,0.0,-0.08
9114032746,9114030372,0.0,0.0,-0.08
9114043201,9114040616,0.0,0.0,-0.08
9114053673,9114050497,0.0,0.0,-0.08
9114062141,9114059770,0.0,0.0,-0.08
9114072727,9114070101,0.0,0.0,-0.08
9114083174,9114080595,0.0,0.0,-0.08
9114093557,9114089871,0.0,0.0,-0.08
9114103134,9114100711,0.0,0.0,-0.08
9114113550,9114110557,0.0,0.0,-0.08
9114124088,9114120714,0.0,0.0,-0.08
9114132477,9114130126,0.0,0.0,-0.08
9114142982,9114140619,0.0,0.0,-0.08
9114153352,9114150799,0.0,0.0,-0.08
9114163861,9114161297,0.0,0.0,-0.08
9114173382,9114170806,0.0,0.0,-0.08
9114183774,9114181003,0.0,0.0,-0.08
9114194370,9114190924,0.0,0.0,-0.08
9114202788,9114200432,0.0,0.0,-0.08
9114213318,9114210963,0.0,0.0,-0.08
9114223740,9114220964,0.0,0.0,-0.08
9114234231,9114230845,0.0,0.0,-0.08
9114243676,9114241111,0.0,0.0,-0.08
9114253090,9114250528,0.0,0.0,-0.08
9114263552,9114260770,0.0,0.0,-0.08
9114273101,9114270513,0.0,0.0,-0.08
9114282767,9114280364,0.0,0.0,-0.08
9114293137,9114290367,0.0,0.0,-0.08
9114304587,9114300743,0.0,0.0,-0.08
9114312999,9114310445,0.0,0.0,-0.08
9114323491,9114321110,0.0,0.0,-0.08
9114333915,9114331138,0.0,0.0,-0.08
9114343373,9114341022,0.0,0.0,-0.08
9114353895,9114351471,0.0,0.0,-0.08
9114363652,9114360854,0.0,0.0,-0.08
9114375225,9114370970,0.0,0.0,-0.08
9114382629,9114380264,0.0,0.0,-0.08
9114393240,9114390479,0.0,0.0,-0.08
9114404141,9114401284,0.0,0.0,-0.08
9114413295,9114410885,0.0,0.0,-0.08
9114424070,9114421681,0.0,0.0,-0.08
9114433571,9114430787,0.0,0.0,-0.08
9114445074,9114441566,0.0,0.0,-0.08
9114453557,9114451179,0.0,0.0,-0.08
9114463032,9114460651,0.0,0.0,-0.08
9114473597,9114471028,0.0,0.0,-0.08
9114484185,9114480721,0.0,0.0,-0.08
9114493657,9114491295,0.0,0.0,-0.08
9114504098,9114501286,0.0,0.0,-0.08
9114515511,9114511675,0.0,0.0,-0.08
9114523060,9114520659,0.0,0.0,-0.08
9114533861,9114531402,0.0,0.0,-0.08
9114544352,9114541749,0.0,0.0,-0.08
9114554901,9114551223,0.0,0.0,-0.08
9114563335,9114560946,0.0,0.0,-0.08
9114573834,9114571466,0.0,0.0,-0.08
9114584331,9114581742,0.0,0.0,-0.08
9114593253,9114590638,0.0,0.0,-0.08
9114603761,9114601379,0.0,0.0,-0.08
9114614377,9114611781,0.0,0.0,-0.08
9114625557,9114621470,0.0,0.0,-0.08
9114633931,9114631374,0.0,0.0,-0.08
9114643408,9114641040,0.0,0.0,-0.08
9114653934,9114651095,0.0,0.0,-0.08
9114664411,9114661823,0.0,0.0,-0.08
9114673828,9114671251,0.0,0.0,-0.08
9114684264,9114681658,0.0,0.0,-0.08
9114695727,9114691885,0.0,0.0,-0.08
9114703520,9114700917,0.0,0.0,-0.08
9114713940,9114711136,0.0,0.0,-0.08
9114724431,9114721844,0.0,0.0,-0.08
9114734905,9114731027,0.0,0.0,-0.08
9114744087,9114741670,0.0,0.0,-0.08
9114754244,9114751457,0.0,0.0,-0.08
9114765757,9114762114,0.0,0.0,-0.08
9114774202,9114771845,0.0,0.0,-0.08
9114783650,9114781293,0.0,0.0,-0.08
9114794078,9114791477,0.0,0.0,-0.08
9114804608,9114801450,0.0,0.0,-0.08
9114814066,9114811706,0.0,0.0,-0.08
9114824536,9114821951,0.0,0.0,-0.08
9114833895,9114831136,0.0,0.0,-0.08
9114844511,9114841883,0.0,0.0,-0.08
9114853843,9114851485,0.0,0.0,-0.08
9114864325,9114861732,0.0,0.0,-0.08
9114874430,9114871186,0.0,0.0,-0.08
9114883875,9114881501,0.0,0.0,-0.08
9114894465,9114891905,0.0,0.0,-0.08
9114904831,9114902070,0.0,0.0,-0.08
9114914357,9114911963,0.0,0.0,-0.08
9114923726,9114921369,0.0,0.0,-0.08
9114935175,9114932425,0.0,0.0,-0.08
9114946003,9114942152,0.0,0.0,-0.08
9114954439,9114952074,0.0,0.0,-0.08
9114964627,9114962248,0.0,0.0,-0.08
9114974176,9114971404,0.0,0.0,-0.08
9114984823,9114982473,0.0,0.0,-0.08
9114994247,9114991683,0.0,0.0,-0.08
9115004735,9115002107,0.0,0.0,-0.08
9115015446,9115012291,0.0,0.0,-0.08
9115023836,9115021280,0.0,0.0,-0.08
9115034354,9115031739,0.0,0.0,-0.08
9115044819,9115041998,0.0,0.0,-0.08
9115054587,9115051079,0.0,0.0,-0.08
9115063948,9115061588,0.0,0.0,-0.08
9115074504,9115072097,0.0,0.0,-0.08
9115084872,9115082299,0.0,0.0,-0.08
9115094330,9115091744,0.0,0.0,-0.08
9115104783,9115102194,0.0,0.0,-0.08
9115115478,9115112318,0.0,0.0,-0.08
9115123950,9115121185,0.0,0.0,-0.08
9115134323,9115131672,0.0,0.0,-0.08
9115144840,9115142446,0.0,0.0,-0.08
9115155418,9115152409,0.0,0.0,-0.08
9115164647,9115162085,0.0,0.0,-0.08
9115174066,9115171708,0.0,0.0,-0.08
9115184512,9115181733,0.0,0.0,-0.08
9115196047,9115192565,0.0,0.0,-0.08
9115204947,9115202356,0.0,0.0,-0.08
9115215290,9115212842,0.0,0.0,-0.08
9115225155,9115222385,0.0,0.0,-0.08
9115234643,9115232090,0.0,0.0,-0.08
9115245146,9115242759,0.0,0.0,-0.08
9115255511,9115252749,0.0,0.0,-0.08
9115265977,9115262827,0.0,0.0,-0.08
9115274563,9115271962,0.0,0.0,-0.08
9115284953,9115282572,0.0,0.0,-0.08
9115295341,9115292560,0.0,0.0,-0.08
9115306139,9115302060,0.0,0.0,-0.08
9115314536,9115311960,0.0,0.0,-0.08
9115325055,9115322284,0.0,0.0,-0.08
9115336595,9115332736,0.0,0.0,-0.08
9115345138,9115342754,0.0,0.0,-0.08
9115354559,9115351961,0.0,0.0,-0.08
9115365017,9115362205,0.0,0.0,-0.08
9115375462,9115372493,0.0,0.0,-0.08
9115384987,9115382612,0.0,0.0,-0.08
9115394603,9115392024,0.0,0.0,-0.08
9115404999,9115402416,0.0,0.0,-0.08
9115414524,9115411945,0.0,0.0,-0.08
9115424940,9115422561,0.0,0.0,-0.08
9115435435,9115432660,0.0,0.0,-0.08
9115446929,9115442865,0.0,0.0,-0.08
9115454344,9115451951,0.0,0.0,-0.08
9115464763,9115462392,0.0,0.0,-0.08
9115475957,9115473126,0.0,0.0,-0.08
9115485594,9115483043,0.0,0.0,-0.08
9115495062,9115492498,0.0,0.0,-0.08
9115505551,9115502731,0.0,0.0,-0.08
9115517080,9115513191,0.0,0.0,-0.08
9115524606,9115522018,0.0,0.0,-0.08
9115535368,9115532930,0.0,0.0,-0.08
9115545950,9115543163,0.0,0.0,-0.08
9115556415,9115552312,0.0,0.0,-0.08
9115565924,9115562269,0.0,0.0,-0.08
9115575357,9115572568,0.0,0.0,-0.08
9115586955,9115583277,0.0,0.0,-0.08
9115595372,9115592814,0.0,0.0,-0.08
9115605827,9115603447,0.0,0.0,-0.08
9115615181,9115612426,0.0,0.0,-0.08
9115626665,9115623019,0.0,0.0,-0.08
9115635149,9115632550,0.0,0.0,-0.08
9115645307,9115642891,0.0,0.0,-0.08
9115655452,9115652892,0.0,0.0,-0.08
9115664968,9115662410,0.0,0.0,-0.08
9115675444,9115673048,0.0,0.0,-0.08
9115686024,9115683468,0.0,0.0,-0.08
9115695931,9115692441,0.0,0.0,-0.08
9115705486,9115702913,0.0,0.0,-0.08
9115715942,9115713545,0.0,0.0,-0.08
9115726349,9115723776,0.0,0.0,-0.08
9115736055,9115733458,0.0,0.0,-0.08
9115745560,9115743167,0.0,0.0,-0.08
9115755946,9115753157,0.0,0.0,-0.08
9115767394,9115763352,0.0,0.0,-0.08
9115774784,9115772239,0.0,0.0,-0.08
9115785271,9115782682,0.0,0.0,-0.08
9115795669,9115793090,0.0,0.0,-0.08
9115806231,9115803655,0.0,0.0,-0.08
9115816269,9115813612,0.0,0.0,-0.08
9115825598,9115822831,0.0,0.0,-0.08
9115837078,9115833630,0.0,0.0,-0.08
9115845469,9115842896,0.0,0.0,-0.08
9115855586,9115853201,0.0,0.0,-0.08
9115866230,9115863463,0.0,0.0,-0.08
9115876402,9115872940,0.0,0.0,-0.08
9115886048,9115883684,0.0,0.0,-0.08
9115895448,9115892890,0.0,0.0,-0.08
9115906164,9115903331,0.0,0.0,-0.08
9115915571,9115913213,0.0,0.0,-0.08
9115926007,9115923626,0.0,0.0,-0.08
9115936501,9115933942,0.0,0.0,-0.08
9115947007,9115943361,0.0,0.0,-0.08
9115955505,9115953129,0.0,0.0,-0.08
9115965956,9115963576,0.0,0.0,-0.08
9115976362,9115973772,0.0,0.0,-0.08
9115985915,9115983338,0.0,0.0,-0.08
9115996355,9115993776,0.0,0.0,-0.08
9116006061,9116003261,0.0,0.0,-0.08
9116017521,9116013635,0.0,0.0,-0.08
9116025949,9116023359,0.0,0.0,-0.08
9116036466,9116034106,0.0,0.0,-0.08
9116046237,9116043393,0.0,0.0,-0.08
9116057344,9116054787,0.0,0.0,-0.08
9116068563,9116064424,0.0,0.0,-0.08
9116075997,9116073630,0.0,0.0,-0.08
9116087555,9116084106,0.0,0.0,-0.08
9116095957,9116093415,0.0,0.0,-0.08
9116106537,9116104149,0.0,0.0,-0.08
9116115959,9116113353,0.0,0.0,-0.08
9116126514,9116123530,0.0,0.0,-0.08
9116135918,9116133330,0.0,0.0,-0.08
9116146399,9116143619,0.0,0.0,-0.08
9116157641,9116153557,0.0,0.0,-0.08
9116166115,9116163551,0.0,0.0,-0.08
9116176615,9116174235,0.0,0.0,-0.08
9116186008,9116183441,0.0,0.0,-0.08
9116197550,9116193862,0.0,0.0,-0.08
9116205940,9116203579,0.0,0.0,-0.08
9116216447,9116213873,0.0,0.0,-0.08
9116226895,9116224106,0.0,0.0,-0.08
9116236394,9116233842,0.0,0.0,-0.08
9116245965,9116243392,0.0,0.0,-0.08
9116256335,9116253572,0.0,0.0,-0.08
9116267946,9116263868,0.0,0.0,-0.08
9116276378,9116273820,0.0,0.0,-0.08
9116285886,9116283502,0.0,0.0,-0.08
9116296322,9116293490,0.0,0.0,-0.08
9116306797,9116304223,0.0,0.0,-0.08
9116316162,9116313614,0.0,0.0,-0.08
9116327288,9116324453,0.0,0.0,-0.08
9116337735,9116334349,0.0,0.0,-0.08
9116346153,9116343591,0.0,0.0,-0.08
9116356628,9116354017,0.0,0.0,-0.08
9116367040,9116364223,0.0,0.0,-0.08
9116376447,9116373693,0.0,0.0,-0.08
9116386956,9116384391,0.0,0.0,-0.08
9116397335,9116394568,0.0,0.0,-0.08
9116407919,9116404501,0.0,0.0,-0.08
9116416470,9116413900,0.0,0.0,-0.08
9116426963,9116424578,0.0,0.0,-0.08
9116437442,9116434635,0.0,0.0,-0.08
9116447337,9116443444,0.0,0.0,-0.08
9116456512,9116454144,0.0,0.0,-0.08
9116466987,9116464613,0.0,0.0,-0.08
9116476473,9116473889,0.0,0.0,-0.08
9116486968,9116484619,0.0,0.0,-0.08
9116496744,9116494102,0.0,0.0,-0.08
9116507189,9116504595,0.0,0.0,-0.08
9116517559,9116513863,0.0,0.0,-0.08
9116526401,9116523731,0.0,0.0,-0.08
9116537128,9116534724,0.0,0.0,-0.08
9116546946,9116544359,0.0,0.0,-0.08
9116556490,9116553913,0.0,0.0,-0.08
9116567069,9116564473,0.0,0.0,-0.08
9116577573,9116574728,0.0,0.0,-0.08
9116588236,9116584700,0.0,0.0,-0.08
9116596951,9116594343,0.0,0.0,-0.08
9116606357,9116603793,0.0,0.0,-0.08
9116616802,9116614010,0.0,0.0,-0.08
9116627278,9116624703,0.0,0.0,-0.08
9116636776,9116634221,0.0,0.0,-0.08
9116647316,9116644529,0.0,0.0,-0.08
9116658790,9116654931,0.0,0.0,-0.08
9116666168,9116663819,0.0,0.0,-0.08
9116677176,9116674779,0.0,0.0,-0.08
9116687677,9116685097,0.0,0.0,-0.08
9116697970,9116694098,0.0,0.0,-0.08
9116706901,9116704536,0.0,0.0,-0.08
9116717387,9116715012,0.0,0.0,-0.08
9116727751,9116724992,0.0,0.0,-0.08
9116737232,9116734884,0.0,0.0,-0.08
9116746778,9116744409,0.0,0.0,-0.08
9116757183,9116754597,0.0,0.0,-0.08
9116768838,9116764777,0.0,0.0,-0.08
9116777253,9116774887,0.0,0.0,-0.08
9116787737,9116785161,0.0,0.0,-0.08
9116797181,9116794609,0.0,0.0,-0.08
9116806674,9116804108,0.0,0.0,-0.08
9116817183,9116814816,0.0,0.0,-0.08
9116827689,9116824887,0.0,0.0,-0.08
9116839142,9116834896,0.0,0.0,-0.08
9116846756,9116844166,0.0,0.0,-0.08
9116857264,9116854910,0.0,0.0,-0.08
9116867872,9116865303,0.0,0.0,-0.08
9116877328,9116874769,0.0,0.0,-0.08
9116887760,9116885386,0.0,0.0,-0.08
9116898120,9116895361,0.0,0.0,-0.08
9116908626,9116905257,0.0,0.0,-0.08
9116917018,9116914441,0.0,0.0,-0.08
9116927513,9116924934,0.0,0.0,-0.08
9116937337,9116934541,0.0,0.0,-0.08
9116948335,9116944787,0.0,0.0,-0.08
9116957895,9116955530,0.0,0.0,-0.08
9116967443,9116964654,0.0,0.0,-0.08
9116978632,9116975471,0.0,0.0,-0.08
9116987419,9116984835,0.0,0.0,-0.08
9116997530,9116995160,0.0,0.0,-0.08
9117008344,9117005772,0.0,0.0,-0.08
9117018200,9117015220,0.0,0.0,-0.08
9117027661,9117025299,0.0,0.0,-0.08
9117037269,9117034912,0.0,0.0,-0.08
9117047792,9117044983,0.0,0.0,-0.08
9117057199,9117054650,0.0,0.0,-0.08
9117067791,9117065225,0.0,0.0,-0.08
9117078263,9117075462,0.0,0.0,-0.08
9117088802,9117085455,0.0,0.0,-0.08
9117097195,9117094845,0.0,0.0,-0.08
9117108093,9117105475,0.0,0.0,-0.08
9117118564,9117115961,0.0,0.0,-0.08
9117127967,9117125623,0.0,0.0,-0.08
9117137395,9117135048,0.0,0.0,-0.08
9117147923,9117145095,0.0,0.0,-0.08
9117159366,9117155720,0.0,0.0,-0.08
9117167862,9117165485,0.0,0.0,-0.08
9117177256,9117174903,0.0,0.0,-0.08
9117187791,9117185213,0.0,0.0,-0.08
9117198342,9117194857,0.0,0.0,-0.08
9117207766,9117205205,0.0,0.0,-0.08
9117218139,9117214988,0.0,0.0,-0.08
9117229776,9117225695,0.0,0.0,-0.08
9117237104,9117234755,0.0,0.0,-0.08
9117247595,9117245005,0.0,0.0,-0.08
9117257999,9117255198,0.0,0.0,-0.08
9117268537,9117265504,0.0,0.0,-0.08
9117278357,9117275937,0.0,0.0,-0.08
9117288050,9117285666,0.0,0.0,-0.08
9117298499,9117295905,0.0,0.0,-0.08
9117307946,9117305562,0.0,0.0,-0.08
9117318389,9117315819,0.0,0.0,-0.08
9117329229,9117326616,0.0,0.0,-0.08
9117338200,9117334852,0.0,0.0,-0.08
9117348304,9117345686,0.0,0.0,-0.08
9117358058,9117355649,0.0,0.0,-0.08
9117368589,9117366028,0.0,0.0,-0.08
9117378936,9117376318,0.0,0.0,-0.08
9117388316,9117385762,0.0,0.0,-0.08
9117398739,9117396152,0.0,0.0,-0.08
9117409280,9117405927,0.0,0.0,-0.08
9117417772,9117415382,0.0,0.0,-0.08
9117428463,9117426092,0.0,0.0,-0.08
9117438862,9117436309,0.0,0.0,-0.08
9117448881,9117446290,0.0,0.0,-0.08
9117458354,9117455979,0.0,0.0,-0.08
9117468817,9117466199,0.0,0.0,-0.08
9117479583,9117476386,0.0,0.0,-0.08
9117487949,9117485603,0.0,0.0,-0.08
9117498521,9117496127,0.0,0.0,-0.08
9117508967,9117506169,0.0,0.0,-0.08
9117519461,9117515766,0.0,0.0,-0.08
9117528113,9117525647,0.0,0.0,-0.08
9117538399,9117535977,0.0,0.0,-0.08
9117548899,9117546296,0.0,0.0,-0.08
9117558371,9117555819,0.0,0.0,-0.08
9117568898,9117566313,0.0,0.0,-0.08
9117578203,9117575452,0.0,0.0,-0.08
9117589805,9117585960,0.0,0.0,-0.08
9117598231,9117595870,0.0,0.0,-0.08
9117608784,9117606146,0.0,0.0,-0.08
9117619326,9117616504,0.0,0.0,-0.08
9117628767,9117626177,0.0,0.0,-0.08
9117638264,9117635892,0.0,0.0,-0.08
9117648777,9117645961,0.0,0.0,-0.08
9117660262,9117656187,0.0,0.0,-0.08
9117668674,9117666309,0.0,0.0,-0.08
9117678093,9117675736,0.0,0.0,-0.08
9117688462,9117685704,0.0,0.0,-0.08
9117699118,9117696519,0.0,0.0,-0.08
9117708579,9117706190,0.0,0.0,-0.08
9117718936,9117716175,0.0,0.0,-0.08
9117730454,9117726600,0.0,0.0,-0.08
9117738837,9117736487,0.0,0.0,-0.08
9117748376,9117745813,0.0,0.0,-0.08
9117758844,9117756057,0.0,0.0,-0.08
9117769319,9117765643,0.0,0.0,-0.08
9117778704,9117776155,0.0,0.0,-0.08
9117789317,9117786484,0.0,0.0,-0.08
9117799792,9117796601,0.0,0.0,-0.08
9117808397,9117805826,0.0,0.0,-0.08
9117819079,9117816716,0.0,0.0,-0.08
9117829597,9117826763,0.0,0.0,-0.08
9117840083,9117836375,0.0,0.0,-0.08
9117848441,9117846085,0.0,0.0,-0.08
9117858947,9117856539,0.0,0.0,-0.08
9117869496,9117866824,0.0,0.0,-0.08
9117878962,9117876577,0.0,0.0,-0.08
9117888424,9117886051,0.0,0.0,-0.08
9117899358,9117896557,0.0,0.0,-0.08
9117909839,9117906478,0.0,0.0,-0.08
9117919331,9117916945,0.0,0.0,-0.08
9117928772,9117926380,0.0,0.0,-0.08
9117939162,9117936372,0.0,0.0,-0.08
9117948643,9117946076,0.0,0.0,-0.08
9117959391,9117956977,0.0,0.0,-0.08
9117969811,9117966822,0.0,0.0,-0.08
9117980324,9117976942,0.0,0.0,-0.08
9117989008,9117986415,0.0,0.0,-0.08
9117999504,9117997093,0.0,0.0,-0.08
9118008942,9118006345,0.0,0.0,-0.08
9118019392,9118017021,0.0,0.0,-0.08
9118030338,9118026633,0.0,0.0,-0.08
9118038792,9118036408,0.0,0.0,-0.08
9118050633,9118047168,0.0,0.0,-0.08
9118059057,9118056474,0.0,0.0,-0.08
9118069610,9118067225,0.0,0.0,-0.08
9118079015,9118076446,0.0,0.0,-0.08
9118089555,9118085838,0.0,0.0,-0.08
9118098894,9118096548,0.0,0.0,-0.08
9118109472,9118107072,0.0,0.0,-0.08
9118119827,9118117264,0.0,0.0,-0.08
9118129881,9118127276,0.0,0.0,-0.08
9118139152,9118136794,0.0,0.0,-0.08
9118149774,9118147216,0.0,0.0,-0.08
9118160310,9118156853,0.0,0.0,-0.08
9118168755,9118166381,0.0,0.0,-0.08
9118178933,9118176507,0.0,0.0,-0.08
9118189495,9118186718,0.0,0.0,-0.08
9118198924,9118196379,0.0,0.0,-0.08
9118209474,9118206895,0.0,0.0,-0.08
9118219996,9118217211,0.0,0.0,-0.08
9118230566,9118227183,0.0,0.0,-0.08
9118238911,9118236564,0.0,0.0,-0.08
9118249450,9118246820,0.0,0.0,-0.08
9118259753,9118256979,0.0,0.0,-0.08
9118269237,9118266676,0.0,0.0,-0.08
9118279181,9118276531,0.0,0.0,-0.08
9118289577,9118286779,0.0,0.0,-0.08
9118301173,9118297508,0.0,0.0,-0.08
9118309677,9118307314,0.0,0.0,-0.08
9118319140,9118316540,0.0,0.0,-0.08
9118329602,9118326938,0.0,0.0,-0.08
9118340027,9118337234,0.0,0.0,-0.08
9118349451,9118346867,0.0,0.0,-0.08
9118359846,9118357083,0.0,0.0,-0.08
9118371359,9118367710,0.0,0.0,-0.08
9118379802,9118377432,0.0,0.0,-0.08
9118389362,9118386986,0.0,0.0,-0.08
9118399728,9118397172,0.0,0.0,-0.08
9118410281,9118407320,0.0,0.0,-0.08
9118419676,9118417327,0.0,0.0,-0.08
9118430172,9118427591,0.0,0.0,-0.08
9118439502,9118436942,0.0,0.0,-0.08
9118449974,9118447625,0.0,0.0,-0.08
9118459352,9118456808,0.0,0.0,-0.08
9118470847,9118467853,0.0,0.0,-0.08
9118479427,9118476827,0.0,0.0,-0.08
9118489561,9118487201,0.0,0.0,-0.08
9118500066,9118497668,0.0,0.0,-0.08
9118510545,9118507733,0.0,0.0,-0.08
9118520291,9118517847,0.0,0.0,-0.08
9118529878,9118527371,0.0,0.0,-0.08
9118540445,9118537622,0.0,0.0,-0.08
9118551234,9118547757,0.0,0.0,-0.08
9118560349,9118557772,0.0,0.0,-0.08
9118569812,9118567437,0.0,0.0,-0.08
9118580245,9118577443,0.0,0.0,-0.08
9118590718,9118587042,0.0,0.0,-0.08
9118600122,9118597735,0.0,0.0,-0.08
9118610567,9118607770,0.0,0.0,-0.08
9118621984,9118617942,0.0,0.0,-0.08
9118629453,9118627038,0.0,0.0,-0.08
9118640160,9118637745,0.0,0.0,-0.08
9118650609,9118647826,0.0,0.0,-0.08
9118661081,9118657608,0.0,0.0,-0.08
9118670565,9118668169,0.0,0.0,-0.08
9118679715,9118677325,0.0,0.0,-0.08
9118691127,9118688329,0.0,0.0,-0.08
9118700632,9118698267,0.0,0.0,-0.08
9118710057,9118707696,0.0,0.0,-0.08
9118720513,9118717932,0.0,0.0,-0.08
9118731152,9118727773,0.0,0.0,-0.08
9118740571,9118738200,0.0,0.0,-0.08
9118749971,9118747614,0.0,0.0,-0.08
9118760454,9118757659,0.0,0.0,-0.08
9118769884,9118767324,0.0,0.0,-0.08
9118780387,9118777967,0.0,0.0,-0.08
9118790766,9118788007,0.0,0.0,-0.08
9118802062,9118798010,0.0,0.0,-0.08
9118809647,9118807222,0.0,0.0,-0.08
9118820350,9118817771,0.0,0.0,-0.08
9118830720,9118828153,0.0,0.0,-0.08
9118840185,9118837820,0.0,0.0,-0.08
9118850633,9118848057,0.0,0.0,-0.08
9118860993,9118858439,0.0,0.0,-0.08
9118871458,9118868313,0.0,0.0,-0.08
9118879979,9118877425,0.0,0.0,-0.08
9118890561,9118888149,0.0,0.0,-0.08
9118900421,9118897824,0.0,0.0,-0.08
9118909933,9118907180,0.0,0.0,-0.08
9118920436,9118918047,0.0,0.0,-0.08
9118930869,9118928481,0.0,0.0,-0.08
9118941466,9118938082,0.0,0.0,-0.08
9118950174,9118947799,0.0,0.0,-0.08
9118960373,9118957983,0.0,0.0,-0.08
9118970839,9118968253,0.0,0.0,-0.08
9118981345,9118977974,0.0,0.0,-0.08
9118990408,9118988041,0.0,0.0,-0.08
9119000912,9118998513,0.0,0.0,-0.08
9119011338,9119008744,0.0,0.0,-0.08
9119020825,9119018261,0.0,0.0,-0.08
9119030268,9119027901,0.0,0.0,-0.08
9119040781,9119038191,0.0,0.0,-0.08
9119052268,9119048380,0.0,0.0,-0.08
9119060673,9119058307,0.0,0.0,-0.08
9119070816,9119068397,0.0,0.0,-0.08
9119081212,9119078642,0.0,0.0,-0.08
9119090759,9119088196,0.0,0.0,-0.08
9119101198,9119098824,0.0,0.0,-0.08
9119111652,9119109069,0.0,0.0,-0.08
9119122144,9119118759,0.0,0.0,-0.08
9119130464,9119127912,0.0,0.0,-0.08
9119141006,9119138617,0.0,0.0,-0.08
9119151358,9119148810,0.0,0.0,-0.08
9119160991,9119157520,0.0,0.0,-0.08
9119170410,9119167856,0.0,0.0,-0.08
9119180934,9119178332,0.0,0.0,-0.08
9119192346,9119188988,0.0,0.0,-0.08
9119200773,9119198232,0.0,0.0,-0.08
9119211285,9119208912,0.0,0.0,-0.08
9119221736,9119218943,0.0,0.0,-0.08
9119232148,9119228045,0.0,0.0,-0.08
9119240765,9119238321,0.0,0.0,-0.08
9119251023,9119248430,0.0,0.0,-0.08
9119261459,9119258674,0.0,0.0,-0.08
9119270907,9119268344,0.0,0.0,-0.08
9119280935,9119278537,0.0,0.0,-0.08
9119291460,9119288824,0.0,0.0,-0.08
9119300798,9119297450,0.0,0.0,-0.08
9119311258,9119308878,0.0,0.0,-0.08
9119320660,9119318095,0.0,0.0,-0.08
9119331249,9119328670,0.0,0.0,-0.08
9119340751,9119338149,0.0,0.0,-0.08
9119351172,9119348791,0.0,0.0,-0.08
9119361598,9119358824,0.0,0.0,-0.08
9119372129,9119369132,0.0,0.0,-0.08
9119380493,9119378145,0.0,0.0,-0.08
9119391145,9119388774,0.0,0.0,-0.08
9119401731,9119399149,0.0,0.0,-0.08
9119412781,9119410160,0.0,0.0,-0.08
9119421477,9119418861,0.0,0.0,-0.08
9119431571,9119428764,0.0,0.0,-0.08
9119442983,9119439335,0.0,0.0,-0.08
9119451377,9119449014,0.0,0.0,-0.08
9119461397,9119458835,0.0,0.0,-0.08
9119471778,9119469023,0.0,0.0,-0.08
9119482241,9119478331,0.0,0.0,-0.08
9119490640,9119488294,0.0,0.0,-0.08
9119501379,9119499006,0.0,0.0,-0.08
9119512078,9119509429,0.0,0.0,-0.08
9119521818,9119519427,0.0,0.0,-0.08
9119531472,9119528873,0.0,0.0,-0.08
9119542042,9119539415,0.0,0.0,-0.08
9119552472,9119548997,0.0,0.0,-0.08
9119561890,9119559541,0.0,0.0,-0.08
9119571273,9119568903,0.0,0.0,-0.08
9119581839,9119579054,0.0,0.0,-0.08
9119591401,9119588809,0.0,0.0,-0.08
9119601936,9119599568,0.0,0.0,-0.08
9119612408,9119609613,0.0,0.0,-0.08
9119622882,9119619437,0.0,0.0,-0.08
9119631321,9119628934,0.0,0.0,-0.08
9119641860,9119639434,0.0,0.0,-0.08
9119652227,9119649423,0.0,0.0,-0.08
9119661634,9119659282,0.0,0.0,-0.08
9119672200,9119669593,0.0,0.0,-0.08
9119682683,9119679880,0.0,0.0,-0.08
9119693123,9119689652,0.0,0.0,-0.08
9119701578,9119699026,0.0,0.0,-0.08
9119712204,9119709825,0.0,0.0,-0.08
9119721547,9119718996,0.0,0.0,-0.08
9119732244,9119728863,0.0,0.0,-0.08
9119741569,9119738964,0.0,0.0,-0.08
9119751593,9119749024,0.0,0.0,-0.08
9119762345,9119758878,0.0,0.0,-0.08
9119772090,9119769670,0.0,0.0,-0.08
9119781488,9119779114,0.0,0.0,-0.08
9119791996,9119789402,0.0,0.0,-0.08
9119801445,9119798292,0.0,0.0,-0.08
9119812032,9119809595,0.0,0.0,-0.08
9119821356,9119818801,0.0,0.0,-0.08
9119831789,9119829210,0.0,0.0,-0.08
9119841747,9119839315,0.0,0.0,-0.08
9119851964,9119849545,0.0,0.0,-0.08
9119862408,9119859823,0.0,0.0,-0.08
9119872799,9119869097,0.0,0.0,-0.08
9119881210,9119878648,0.0,0.0,-0.08
9119891754,9119889341,0.0,0.0,-0.08
9119902125,9119899560,0.0,0.0,-0.08
9119911607,9119909050,0.0,0.0,-0.08
9119922086,9119919738,0.0,0.0,-0.08
9119932535,9119929746,0.0,0.0,-0.08
9119943198,9119940046,0.0,0.0,-0.08
9119951639,9119949083,0.0,0.0,-0.08
9119962092,9119959720,0.0,0.0,-0.08
9119972592,9119969832,0.0,0.0,-0.08
9119982024,9119979662,0.0,0.0,-0.08
9119992513,9119989962,0.0,0.0,-0.08
9120001872,9119999122,0.0,0.0,-0.08
9120013557,9120010163,0.0,0.0,-0.08
9120022067,9120019476,0.0,0.0,-0.08
9120032213,9120029022,0.0,0.0,-0.08
9120042718,9120039922,0.0,0.0,-0.08
9120052167,9120048814,0.0,0.0,-0.08
9120062628,9120060047,0.0,0.0,-0.08
9120072425,9120070066,0.0,0.0,-0.08
9120082893,9120080106,0.0,0.0,-0.08
9120092364,9120089796,0.0,0.0,-0.08
9120102888,9120100513,0.0,0.0,-0.08
9120112374,9120109584,0.0,0.0,-0.08
9120123774,9120119922,0.0,0.0,-0.08
9120132172,9120129812,0.0,0.0,-0.08
9120142695,9120140300,0.0,0.0,-0.08
9120153126,9120150540,0.0,0.0,-0.08
9120162127,9120159771,0.0,0.0,-0.08
9120172656,9120170261,0.0,0.0,-0.08
9120183011,9120180253,0.0,0.0,-0.08
9120193701,9120190301,0.0,0.0,-0.08
9120202080,9120199726,0.0,0.0,-0.08
9120212647,9120210266,0.0,0.0,-0.08
9120223008,9120220445,0.0,0.0,-0.08
9120232460,9120230095,0.0,0.0,-0.08
9120242961,9120240600,0.0,0.0,-0.08
9120253368,9120250605,0.0,0.0,-0.08
9120263533,9120259882,0.0,0.0,-0.08
9120272590,9120270224,0.0,0.0,-0.08
9120282143,9120279766,0.0,0.0,-0.08
9120292506,9120289944,0.0,0.0,-0.08
9120303006,9120300031,0.0,0.0,-0.08
9120312449,9120309880,0.0,0.0,-0.08
9120322877,9120320089,0.0,0.0,-0.08
9120334600,9120330555,0.0,0.0,-0.08
9120342055,9120339656,0.0,0.0,-0.08
9120352548,9120350198,0.0,0.0,-0.08
9120363161,9120360336,0.0,0.0,-0.08
9120373617,9120370243,0.0,0.0,-0.08
9120383017,9120380653,0.0,0.0,-0.08
9120392415,9120390059,0.0,0.0,-0.08
9120403047,9120400268,0.0,0.0,-0.08
9120412511,9120410137,0.0,0.0,-0.08
9120423063,9120420680,0.0,0.0,-0.08
9120433551,9120430731,0.0,0.0,-0.08
9120444112,9120440570,0.0,0.0,-0.08
9120452747,9120450149,0.0,0.0,-0.08
9120463157,9120460781,0.0,0.0,-0.08
9120472759,9120469969,0.0,0.0,-0.08
9120483251,9120480866,0.0,0.0,-0.08
9120493607,9120490124,0.0,0.0,-0.08
9120502410,9120499943,0.0,0.0,-0.08
9120514119,9120510922,0.0,0.0,-0.08
9120522775,9120520139,0.0,0.0,-0.08
9120533502,9120531072,0.0,0.0,-0.08
9120542888,9120540311,0.0,0.0,-0.08
9120553400,9120550053,0.0,0.0,-0.08
9120562809,9120560462,0.0,0.0,-0.08
9120573288,9120570514,0.0,0.0,-0.08
9120584748,9120580896,0.0,0.0,-0.08
9120593161,9120590809,0.0,0.0,-0.08
9120602606,9120600046,0.0,0.0,-0.08
9120613115,9120610318,0.0,0.0,-0.08
9120623657,9120620703,0.0,0.0,-0.08
9120632795,9120630434,0.0,0.0,-0.08
9120643310,9120640914,0.0,0.0,-0.08
9120653750,9120651166,0.0,0.0,-0.08
9120666225,9120661461,0.0,0.0,-0.08
9120673582,9120670618,0.0,0.0,-0.08
9120683966,9120681363,0.0,0.0,-0.08
9120694387,9120690921,0.0,0.0,-0.08
9120703061,9120700479,0.0,0.0,-0.08
9120713582,9120711002,0.0,0.0,-0.08
9120723974,9120721200,0.0,0.0,-0.08
9120733504,9120730902,0.0,0.0,-0.08
9120742935,9120740566,0.0,0.0,-0.08
9120753301,9120750546,0.0,0.0,-0.08
9120764786,9120761146,0.0,0.0,-0.08
9120773227,9120770873,0.0,0.0,-0.08
9120783795,9120781213,0.0,0.0,-0.08
9120794273,9120791470,0.0,0.0,-0.08
9120803696,9120801146,0.0,0.0,-0.08
9120813148,9120810791,0.0,0.0,-0.08
9120823633,9120820656,0.0,0.0,-0.08
9120835124,9120831444,0.0,0.0,-0.08
9120843631,9120841055,0.0,0.0,-0.08
9120853023,9120850464,0.0,0.0,-0.08
9120864390,9120861637,0.0,0.0,-0.08
9120873996,9120871030,0.0,0.0,-0.08
9120883427,9120881064,0.0,0.0,-0.08
9120893954,9120891585,0.0,0.0,-0.08
9120904400,9120901604,0.0,0.0,-0.08
9120913128,9120910572,0.0,0.0,-0.08
9120923653,9120921290,0.0,0.0,-0.08
9120934096,9120931307,0.0,0.0,-0.08
9120944585,9120941135,0.0,0.0,-0.08
9120954167,9120951753,0.0,0.0,-0.08
9120963500,9120961143,0.0,0.0,-0.08
9120973940,9120971358,0.0,0.0,-0.08
9120983360,9120981008,0.0,0.0,-0.08
9120993911,9120991514,0.0,0.0,-0.08
9121004362,9121001578,0.0,0.0,-0.08
9121014861,9121011510,0.0,0.0,-0.08
9121023261,9121020897,0.0,0.0,-0.08
9121033784,9121031377,0.0,0.0,-0.08
9121043974,9121041332,0.0,0.0,-0.08
9121053585,9121051036,0.0,0.0,-0.08
9121064058,9121061674,0.0,0.0,-0.08
9121074735,9121071961,0.0,0.0,-0.08
9121085761,9121081870,0.0,0.0,-0.08
9121093133,9121090768,0.0,0.0,-0.08
9121103570,9121101182,0.0,0.0,-0.08
9121113935,9121111175,0.0,0.0,-0.08
9121124573,9121121084,0.0,0.0,-0.08
9121133951,9121131599,0.0,0.0,-0.08
9121144488,9121141878,0.0,0.0,-0.08
9121154795,9121151311,0.0,0.0,-0.08
9121163477,9121161083,0.0,0.0,-0.08
9121173747,9121171328,0.0,0.0,-0.08
9121184129,9121181329,0.0,0.0,-0.08
9121194675,9121191528,0.0,0.0,-0.08
9121204243,9121201811,0.0,0.0,-0.08
9121213746,9121211350,0.0,0.0,-0.08
9121224137,9121221556,0.0,0.0,-0.08
9121233628,9121231079,0.0,0.0,-0.08
9121244220,9121241842,0.0,0.0,-0.08
9121254754,9121251969,0.0,0.0,-0.08
9121265197,9121261821,0.0,0.0,-0.08
9121273642,9121271271,0.0,0.0,-0.08
9121283963,9121281568,0.0,0.0,-0.08
9121294491,9121291676,0.0,0.0,-0.08
9121303906,9121301312,0.0,0.0,-0.08
9121313984,9121311589,0.0,0.0,-0.08
9121324321,9121321548,0.0,0.0,-0.08
9121335870,9121332212,0.0,0.0,-0.08
9121344142,9121341552,0.0,0.0,-0.08
9121354650,9121352241,0.0,0.0,-0.08
9121365003,9121362245,0.0,0.0,-0.08
9121374624,9121371633,0.0,0.0,-0.08
9121383983,9121381430,0.0,0.0,-0.08
9121394476,9121391887,0.0,0.0,-0.08
9121405930,9121402480,0.0,0.0,-0.08
9121414456,9121412099,0.0,0.0,-0.08
9121424904,9121422524,0.0,0.0,-0.08
9121434252,9121431690,0.0,0.0,-0.08
9121444138,9121441160,0.0,0.0,-0.08
9121454555,9121452147,0.0,0.0,-0.08
9121464127,9121461728,0.0,0.0,-0.08
9121474613,9121472024,0.0,0.0,-0.08
9121484020,9121481457,0.0,0.0,-0.08
9121494580,9121492145,0.0,0.0,-0.08
9121505128,9121502324,0.0,0.0,-0.08
9121515805,9121512107,0.0,0.0,-0.08
9121526369,9121521837,0.0,0.0,-0.08
9121534934,9121532134,0.0,0.0,-0.08
9121544592,9121542296,0.0,0.0,-0.08
9121555035,9121552645,0.0,0.0,-0.08
9121564570,9121562201,0.0,0.0,-0.08
9121574966,9121572200,0.0,0.0,-0.08
9121586448,9121582600,0.0,0.0,-0.08
9121594848,9121592492,0.0,0.0,-0.08
9121604318,9121601933,0.0,0.0,-0.08
9121614687,9121612121,0.0,0.0,-0.08
9121625154,9121622608,0.0,0.0,-0.08
9121634783,9121632409,0.0,0.0,-0.08
9121645253,9121642667,0.0,0.0,-0.08
9121655792,9121652816,0.0,0.0,-0.08
9121664175,9121661624,0.0,0.0,-0.08
9121674744,9121672366,0.0,0.0,-0.08
9121685093,9121682536,0.0,0.0,-0.08
9121694546,9121691570,0.0,0.0,-0.08
9121705038,9121702452,0.0,0.0,-0.08
9121715526,9121712119,0.0,0.0,-0.08
9121726010,9121723065,0.0,0.0,-0.08
9121734565,9121731978,0.0,0.0,-0.08
9121745090,9121742683,0.0,0.0,-0.08
9121755576,9121752781,0.0,0.0,-0.08
9121766095,9121762651,0.0,0.0,-0.08
9121774661,9121772273,0.0,0.0,-0.08
9121785169,9121782812,0.0,0.0,-0.08
9121795729,9121793143,0.0,0.0,-0.08
9121805238,9121802874,0.0,0.0,-0.08
9121815720,9121812220,0.0,0.0,-0.08
9121825128,9121822380,0.0,0.0,-0.08
9121835718,9121832772,0.0,0.0,-0.08
9121845160,9121842802,0.0,0.0,-0.08
9121854586,9121852034,0.0,0.0,-0.08
9121865038,9121862264,0.0,0.0,-0.08
9121875595,9121873042,0.0,0.0,-0.08
9121885227,9121882844,0.0,0.0,-0.08
9121895661,9121892886,0.0,0.0,-0.08
9121906140,9121902992,0.0,0.0,-0.08
9121914566,9121912215,0.0,0.0,-0.08
9121925010,9121922636,0.0,0.0,-0.08
9121935471,9121932868,0.0,0.0,-0.08
9121945959,9121942299,0.0,0.0,-0.08
9121955378,9121953017,0.0,0.0,-0.08
9121965908,9121963291,0.0,0.0,-0.08
9121976598,9121973241,0.0,0.0,-0.08
9121987053,9121982540,0.0,0.0,-0.08
9121995525,9121992365,0.0,0.0,-0.08
9122006040,9122003448,0.0,0.0,-0.08
9122016491,9122012806,0.0,0.0,-0.08
9122024874,9122022512,0.0,0.0,-0.08
9122035393,9122033014,0.0,0.0,-0.08
9122045867,9122043273,0.0,0.0,-0.08
9122055453,9122053086,0.0,0.0,-0.08
9122065932,9122063542,0.0,0.0,-0.08
9122075327,9122072735,0.0,0.0,-0.08
9122086810,9122083155,0.0,0.0,-0.08
9122095234,9122092864,0.0,0.0,-0.08
9122105787,9122103358,0.0,0.0,-0.08
9122116113,9122113325,0.0,0.0,-0.08
9122125627,9122123069,0.0,0.0,-0.08
9122135166,9122132789,0.0,0.0,-0.08
9122145646,9122142842,0.0,0.0,-0.08
9122157180,9122153506,0.0,0.0,-0.08
9122165611,9122163053,0.0,0.0,-0.08
9122175125,9122172727,0.0,0.0,-0.08
9122185526,9122182924,0.0,0.0,-0.08
9122195985,9122192546,0.0,0.0,-0.08
9122205521,9122202919,0.0,0.0,-0.08
9122216015,9122213204,0.0,0.0,-0.08
9122226691,9122223537,0.0,0.0,-0.08
9122235139,9122232553,0.0,0.0,-0.08
9122245645,9122243255,0.0,0.0,-0.08
9122255996,9122253445,0.0,0.0,-0.08
9122266242,9122262755,0.0,0.0,-0.08
9122275677,9122273313,0.0,0.0,-0.08
9122286172,9122283794,0.0,0.0,-0.08
9122295500,9122292945,0.0,0.0,-0.08
9122305635,9122303228,0.0,0.0,-0.08
9122316046,9122313668,0.0,0.0,-0.08
9122326395,9122323243,0.0,0.0,-0.08
9122336944,9122333508,0.0,0.0,-0.08
9122345466,9122343093,0.0,0.0,-0.08
9122355959,9122353551,0.0,0.0,-0.08
9122366464,9122363852,0.0,0.0,-0.08
9122375914,9122373334,0.0,0.0,-0.08
9122385565,9122383160,0.0,0.0,-0.08
9122396317,9122393546,0.0,0.0,-0.08
9122407796,9122403741,0.0,0.0,-0.08
9122415607,9122413257,0.0,0.0,-0.08
9122426098,9122423719,0.0,0.0,-0.08
9122436509,9122433727,0.0,0.0,-0.08
9122447001,9122443108,0.0,0.0,-0.08
9122456464,9122453516,0.0,0.0,-0.08
9122466156,9122463381,0.0,0.0,-0.08
9122477851,9122473803,0.0,0.0,-0.08
9122485238,9122482885,0.0,0.0,-0.08
9122495735,9122493381,0.0,0.0,-0.08
9122506161,9122503368,0.0,0.0,-0.08
9122516854,9122513628,0.0,0.0,-0.08
9122526406,9122524021,0.0,0.0,-0.08
9122535947,9122533152,0.0,0.0,-0.08
9122547198,9122543529,0.0,0.0,-0.08
9122556233,9122553631,0.0,0.0,-0.08
9122566723,9122564303,0.0,0.0,-0.08
9122576172,9122573615,0.0,0.0,-0.08
9122586684,9122583736,0.0,0.0,-0.08
9122596155,9122593766,0.0,0.0,-0.08
9122606220,9122603607,0.0,0.0,-0.08
9122616748,9122613899,0.0,0.0,-0.08
9122628109,9122623132,0.0,0.0,-0.08
9122638835,9122634351,0.0,0.0,-0.08
9122647211,9122645750,0.0,0.0,-0.08
9122657723,9122653854,0.0,0.0,-0.08
9122666095,9122663733,0.0,0.0,-0.08
9122676596,9122674206,0.0,0.0,-0.08
9122687003,9122684422,0.0,0.0,-0.08
9122696468,9122694119,0.0,0.0,-0.08
9122705898,9122703544,0.0,0.0,-0.08
9122716337,9122713548,0.0,0.0,-0.08
9122727947,9122724493,0.0,0.0,-0.08
9122736785,9122734414,0.0,0.0,-0.08
9122746078,9122743713,0.0,0.0,-0.08
9122756556,9122753967,0.0,0.0,-0.08
9122767058,9122763652,0.0,0.0,-0.08
9122776477,9122774108,0.0,0.0,-0.08
9122786889,9122784308,0.0,0.0,-0.08
9122798345,9122794502,0.0,0.0,-0.08
9122805781,9122803413,0.0,0.0,-0.08
9122816419,9122814020,0.0,0.0,-0.08
9122826767,9122824214,0.0,0.0,-0.08
9122837250,9122834100,0.0,0.0,-0.08
9122846701,9122844330,0.0,0.0,-0.08
9122857162,9122854756,0.0,0.0,-0.08
9122866536,9122863952,0.0,0.0,-0.08
9122875999,9122873631,0.0,0.0,-0.08
9122886482,9122884089,0.0,0.0,-0.08
9122897048,9122894419,0.0,0.0,-0.08
9122908451,9122904203,0.0,0.0,-0.08
9122916787,9122914210,0.0,0.0,-0.08
9122927354,9122923640,0.0,0.0,-0.08
9122936750,9122934466,0.0,0.0,-0.08
9122946265,9122943902,0.0,0.0,-0.08
9122956744,9122954356,0.0,0.0,-0.08
9122967190,9122964390,0.0,0.0,-0.08
9122977981,9122973717,0.0,0.0,-0.08
9122986566,9122983971,0.0,0.0,-0.08
9122996977,9122994597,0.0,0.0,-0.08
9123007410,9123004819,0.0,0.0,-0.08
9123016934,9123013937,0.0,0.0,-0.08
9123027346,9123024962,0.0,0.0,-0.08
9123037830,9123035024,0.0,0.0,-0.08
9123048268,9123044883,0.0,0.0,-0.08
9123056646,9123054286,0.0,0.0,-0.08
9123067232,9123064841,0.0,0.0,-0.08
9123077696,9123075065,0.0,0.0,-0.08
9123088138,9123084454,0.0,0.0,-0.08
9123097549,9123095179,0.0,0.0,-0.08
9123106916,9123104350,0.0,0.0,-0.08
9123117308,9123114524,0.0,0.0,-0.08
9123126730,9123124379,0.0,0.0,-0.08
9123137178,9123134803,0.0,0.0,-0.08
9123147177,9123144344,0.0,0.0,-0.08
9123157631,9123154662,0.0,0.0,-0.08
9123167064,9123164670,0.0,0.0,-0.08
9123177545,9123174936,0.0,0.0,-0.08
9123187925,9123185139,0.0,0.0,-0.08
9123197434,9123194872,0.0,0.0,-0.08
9123206897,9123204527,0.0,0.0,-0.08
9123217295,9123214525,0.0,0.0,-0.08
9123228998,9123225051,0.0,0.0,-0.08
9123237351,9123234994,0.0,0.0,-0.08
9123246771,9123244215,0.0,0.0,-0.08
9123257337,9123254574,0.0,0.0,-0.08
9123267814,9123265472,0.0,0.0,-0.08
9123277243,9123274688,0.0,0.0,-0.08
9123287672,9123284899,0.0,0.0,-0.08
9123299167,9123295321,0.0,0.0,-0.08
9123306603,9123304008,0.0,0.0,-0.08
9123317256,9123314865,0.0,0.0,-0.08
9123327637,9123324856,0.0,0.0,-0.08
9123338102,9123334457,0.0,0.0,-0.08
9123347782,9123345222,0.0,0.0,-0.08
9123357171,9123354612,0.0,0.0,-0.08
9123368665,9123365302,0.0,0.0,-0.08
9123377075,9123374729,0.0,0.0,-0.08
9123387556,9123385207,0.0,0.0,-0.08
9123398127,9123395332,0.0,0.0,-0.08
9123408633,9123405180,0.0,0.0,-0.08
9123417038,9123414465,0.0,0.0,-0.08
9123427511,9123425132,0.0,0.0,-0.08
9123437874,9123435297,0.0,0.0,-0.08
9123447362,9123444810,0.0,0.0,-0.08
9123457775,9123454784,0.0,0.0,-0.08
9123468245,9123465448,0.0,0.0,-0.08
9123478785,9123475120,0.0,0.0,-0.08
9123487382,9123484975,0.0,0.0,-0.08
9123497878,9123495485,0.0,0.0,-0.08
9123508478,9123505858,0.0,0.0,-0.08
9123517980,9123515582,0.0,0.0,-0.08
9123527556,9123525166,0.0,0.0,-0.08
9123538131,9123535351,0.0,0.0,-0.08
9123548802,9123545601,0.0,0.0,-0.08
9123557445,9123555067,0.0,0.0,-0.08
9123568066,9123565615,0.0,0.0,-0.08
9123578352,9123575763,0.0,0.0,-0.08
9123587835,9123585474,0.0,0.0,-0.08
9123597233,9123594880,0.0,0.0,-0.08
9123607809,9123605029,0.0,0.0,-0.08
9123618365,9123614920,0.0,0.0,-0.08
9123627783,9123625228,0.0,0.0,-0.08
9123638269,9123635881,0.0,0.0,-0.08
9123647678,9123645095,0.0,0.0,-0.08
9123658752,9123655073,0.0,0.0,-0.08
9123667376,9123664985,0.0,0.0,-0.08
9123677960,9123675603,0.0,0.0,-0.08
9123688462,9123685909,0.0,0.0,-0.08
9123698924,9123695545,0.0,0.0,-0.08
9123708284,9123705328,0.0,0.0,-0.08
9123718781,9123716030,0.0,0.0,-0.08
9123729284,9123725624,0.0,0.0,-0.08
9123737840,9123735450,0.0,0.0,-0.08
9123748379,9123745986,0.0,0.0,-0.08
9123758697,9123755915,0.0,0.0,-0.08
9123768179,9123765783,0.0,0.0,-0.08
9123777638,9123775257,0.0,0.0,-0.08
9123787992,9123785239,0.0,0.0,-0.08
9123799529,9123795687,0.0,0.0,-0.08
9123807994,9123805626,0.0,0.0,-0.08
9123818621,9123816178,0.0,0.0,-0.08
9123828592,9123826030,0.0,0.0,-0.08
9123838043,9123835484,0.0,0.0,-0.08
9123848559,9123846178,0.0,0.0,-0.08
9123859017,9123856235,0.0,0.0,-0.08
9123869545,9123866189,0.0,0.0,-0.08
9123877984,9123875625,0.0,0.0,-0.08
9123888651,9123886288,0.0,0.0,-0.08
9123899132,9123896517,0.0,0.0,-0.08
9123909004,9123905315,0.0,0.0,-0.08
9123918803,9123916428,0.0,0.0,-0.08
9123928546,9123925727,0.0,0.0,-0.08
9123940063,9123936172,0.0,0.0,-0.08
9123948532,9123945926,0.0,0.0,-0.08
9123957893,9123955539,0.0,0.0,-0.08
9123968340,9123965561,0.0,0.0,-0.08
9123979796,9123975949,0.0,0.0,-0.08
9123988408,9123986012,0.0,0.0,-0.08
9123997866,9123995306,0.0,0.0,-0.08
9124008380,9124005784,0.0,0.0,-0.08
9124018072,9124015712,0.0,0.0,-0.08
9124028667,9124026283,0.0,0.0,-0.08
9124039029,9124036457,0.0,0.0,-0.08
9124049551,9124046181,0.0,0.0,-0.08
9124057927,9124055564,0.0,0.0,-0.08
9124068437,9124065851,0.0,0.0,-0.08
9124079000,9124076389,0.0,0.0,-0.08
9124088378,9124085821,0.0,0.0,-0.08
9124098877,9124096486,0.0,0.0,-0.08
9124109303,9124106513,0.0,0.0,-0.08
9124119751,9124116575,0.0,0.0,-0.08
9124130130,9124125837,0.0,0.0,-0.08
9124138567,9124136208,0.0,0.0,-0.08
9124149012,9124146439,0.0,0.0,-0.08
9124158838,9124156253,0.0,0.0,-0.08
9124168244,9124165866,0.0,0.0,-0.08
9124178693,9124175923,0.0,0.0,-0.08
9124190264,9124186585,0.0,0.0,-0.08
9124198635,9124196091,0.0,0.0,-0.08
9124209162,9124206767,0.0,0.0,-0.08
9124219519,9124216955,0.0,0.0,-0.08
9124228953,9124225607,0.0,0.0,-0.08
9124238442,9124236070,0.0,0.0,-0.08
9124249274,9124246672,0.0,0.0,-0.08
9124258701,9124256141,0.0,0.0,-0.08
9124268167,9124265810,0.0,0.0,-0.08
9124278757,9124276407,0.0,0.0,-0.08
9124289749,9124287149,0.0,0.0,-0.08
9124299548,9124296397,0.0,0.0,-0.08
9124309004,9124306424,0.0,0.0,-0.08
9124319457,9124317077,0.0,0.0,-0.08
9124328986,9124326127,0.0,0.0,-0.08
9124339179,9124336588,0.0,0.0,-0.08
9124348938,9124346552,0.0,0.0,-0.08
9124359326,9124356544,0.0,0.0,-0.08
9124370778,9124366726,0.0,0.0,-0.08
9124378137,9124375595,0.0,0.0,-0.08
9124388632,9124386270,0.0,0.0,-0.08
9124399744,9124396971,0.0,0.0,-0.08
9124410112,9124407414,0.0,0.0,-0.08
9124419178,9124416738,0.0,0.0,-0.08
9124429825,9124427256,0.0,0.0,-0.08
9124440372,9124437199,0.0,0.0,-0.08
9124448774,9124446208,0.0,0.0,-0.08
9124459407,9124456992,0.0,0.0,-0.08
9124468874,9124466090,0.0,0.0,-0.08
9124479443,9124476621,0.0,0.0,-0.08
9124488781,9124486427,0.0,0.0,-0.08
9124499419,9124496597,0.0,0.0,-0.08
9124510887,9124507030,0.0,0.0,-0.08
9124519388,9124517025,0.0,0.0,-0.08
9124529031,9124526578,0.0,0.0,-0.08
9124539613,9124537003,0.0,0.0,-0.08
9124550227,9124546859,0.0,0.0,-0.08
9124558688,9124556341,0.0,0.0,-0.08
9124569196,9124566792,0.0,0.0,-0.08
9124579837,9124577246,0.0,0.0,-0.08
9124589315,9124586959,0.0,0.0,-0.08
9124599790,9124597414,0.0,0.0,-0.08
9124609225,9124606629,0.0,0.0,-0.08
9124620178,9124616132,0.0,0.0,-0.08
9124629600,9124627224,0.0,0.0,-0.08
9124638992,9124636436,0.0,0.0,-0.08
9124649515,9124646694,0.0,0.0,-0.08
9124659062,9124656695,0.0,0.0,-0.08
9124669807,9124667427,0.0,0.0,-0.08
9124680245,9124677442,0.0,0.0,-0.08
9124690610,9124686531,0.0,0.0,-0.08
9124698935,9124696388,0.0,0.0,-0.08
9124709438,9124707076,0.0,0.0,-0.08
9124719952,9124717345,0.0,0.0,-0.08
9124730407,9124726334,0.0,0.0,-0.08
9124739860,9124737282,0.0,0.0,-0.08
9124749588,9124746767,0.0,0.0,-0.08
9124761285,9124757620,0.0,0.0,-0.08
9124769739,9124767361,0.0,0.0,-0.08
9124779169,9124776559,0.0,0.0,-0.08
9124789575,9124786994,0.0,0.0,-0.08
9124800086,9124796401,0.0,0.0,-0.08
9124809541,9124806944,0.0,0.0,-0.08
9124819993,9124817419,0.0,0.0,-0.08
9124830562,9124827930,0.0,0.0,-0.08
9124840209,9124837594,0.0,0.0,-0.08
9124849621,9124847240,0.0,0.0,-0.08
9124860026,9124857418,0.0,0.0,-0.08
9124870557,9124867178,0.0,0.0,-0.08
9124879950,9124877584,0.0,0.0,-0.08
9124889346,9124886991,0.0,0.0,-0.08
9124899724,9124896968,0.0,0.0,-0.08
9124910207,9124907656,0.0,0.0,-0.08
9124920064,9124917636,0.0,0.0,-0.08
9124930488,9124927698,0.0,0.0,-0.08
9124940884,9124936976,0.0,0.0,-0.08
9124949270,9124946921,0.0,0.0,-0.08
9124959783,9124957404,0.0,0.0,-0.08
9124970170,9124967598,0.0,0.0,-0.08
9124980732,9124978115,0.0,0.0,-0.08
9124990081,9124987723,0.0,0.0,-0.08
9125000670,9124998082,0.0,0.0,-0.08
9125011276,9125007908,0.0,0.0,-0.08
9125019654,9125017111,0.0,0.0,-0.08
9125029481,9125026891,0.0,0.0,-0.08
9125040022,9125037412,0.0,0.0,-0.08
9125050547,9125047558,0.0,0.0,-0.08
9125059919,9125057540,0.0,0.0,-0.08
9125070376,9125067598,0.0,0.0,-0.08
9125081888,9125078040,0.0,0.0,-0.08
9125089754,9125087343,0.0,0.0,-0.08
9125100224,9125097827,0.0,0.0,-0.08
9125110634,9125108058,0.0,0.0,-0.08
9125121109,9125117755,0.0,0.0,-0.08
9125130543,9125128163,0.0,0.0,-0.08
9125139939,9125137531,0.0,0.0,-0.08
9125150360,9125147575,0.0,0.0,-0.08
9125159796,9125157448,0.0,0.0,-0.08
9125170321,9125167904,0.0,0.0,-0.08
9125180792,9125178019,0.0,0.0,-0.08
9125190905,9125187432,0.0,0.0,-0.08
9125200307,9125197956,0.0,0.0,-0.08
9125209787,9125207416,0.0,0.0,-0.08
9125221177,9125218414,0.0,0.0,-0.08
9125230652,9125228301,0.0,0.0,-0.08
9125240161,9125237755,0.0,0.0,-0.08
9125250677,9125247847,0.0,0.0,-0.08
9125261357,9125258197,0.0,0.0,-0.08
9125269770,9125267413,0.0,0.0,-0.08
9125280268,9125277873,0.0,0.0,-0.08
9125290617,9125288057,0.0,0.0,-0.08
9125301136,9125297492,0.0,0.0,-0.08
9125310602,9125308049,0.0,0.0,-0.08
9125321051,9125318274,0.0,0.0,-0.08
9125331552,9125328394,0.0,0.0,-0.08
9125340800,9125338421,0.0,0.0,-0.08
9125350230,9125347860,0.0,0.0,-0.08
9125360748,9125358145,0.0,0.0,-0.08
9125371233,9125368045,0.0,0.0,-0.08
9125380591,9125378043,0.0,0.0,-0.08
9125391053,9125388468,0.0,0.0,-0.08
9125400387,9125397845,0.0,0.0,-0.08
9125411956,9125407851,0.0,0.0,-0.08
9125420443,9125418047,0.0,0.0,-0.08
9125430858,9125428065,0.0,0.0,-0.08
9125441461,9125438246,0.0,0.0,-0.08
9125450799,9125448244,0.0,0.0,-0.08
9125460231,9125457848,0.0,0.0,-0.08
9125470631,9125468051,0.0,0.0,-0.08
9125481108,9125478763,0.0,0.0,-0.08
9125490551,9125488166,0.0,0.0,-0.08
9125501026,9125498232,0.0,0.0,-0.08
9125512045,9125508529,0.0,0.0,-0.08
9125520485,9125517903,0.0,0.0,-0.08
9125531204,9125528776,0.0,0.0,-0.08
9125540680,9125538075,0.0,0.0,-0.08
9125551366,9125548809,0.0,0.0,-0.08
9125560763,9125558217,0.0,0.0,-0.08
9125571181,9125568410,0.0,0.0,-0.08
9125582757,9125578908,0.0,0.0,-0.08
9125590272,9125587879,0.0,0.0,-0.08
9125600749,9125598370,0.0,0.0,-0.08
9125611278,9125608714,0.0,0.0,-0.08
9125621805,9125618443,0.0,0.0,-0.08
9125631242,9125628885,0.0,0.0,-0.08
9125640675,9125638102,0.0,0.0,-0.08
9125651154,9125648358,0.0,0.0,-0.08
9125660594,9125658247,0.0,0.0,-0.08
9125671128,9125668709,0.0,0.0,-0.08
9125681674,9125678868,0.0,0.0,-0.08
9125692132,9125688451,0.0,0.0,-0.08
9125700501,9125698154,0.0,0.0,-0.08
9125710979,9125708425,0.0,0.0,-0.08
9125721427,9125718630,0.0,0.0,-0.08
9125730858,9125728508,0.0,0.0,-0.08
9125741405,9125739003,0.0,0.0,-0.08
9125751953,9125749145,0.0,0.0,-0.08
9125762577,9125758719,0.0,0.0,-0.08
9125770985,9125768622,0.0,0.0,-0.08
9125781520,9125778901,0.0,0.0,-0.08
9125791954,9125789136,0.0,0.0,-0.08
9125801354,9125798803,0.0,0.0,-0.08
9125810888,9125808520,0.0,0.0,-0.08
9125821315,9125818536,0.0,0.0,-0.08
9125832818,9125829362,0.0,0.0,-0.08
9125841485,9125839084,0.0,0.0,-0.08
9125850896,9125848527,0.0,0.0,-0.08
9125861427,9125858850,0.0,0.0,-0.08
9125871936,9125868426,0.0,0.0,-0.08
9125881310,9125878758,0.0,0.0,-0.08
9125891734,9125888953,0.0,0.0,-0.08
9125903201,9125899357,0.0,0.0,-0.08
9125910600,9125908246,0.0,0.0,-0.08
9125921052,9125918028,0.0,0.0,-0.08
9125931937,9125929122,0.0,0.0,-0.08
9125942403,9125938916,0.0,0.0,-0.08
9125951791,9125949431,0.0,0.0,-0.08
9125961207,9125958637,0.0,0.0,-0.08
9125971701,9125969121,0.0,0.0,-0.08
9125981111,9125978755,0.0,0.0,-0.08
9125991596,9125989200,0.0,0.0,-0.08
9126001947,9125999394,0.0,0.0,-0.08
9126012190,9126008707,0.0,0.0,-0.08
9126021752,9126019359,0.0,0.0,-0.08
9126031120,9126028730,0.0,0.0,-0.08
9126041686,9126038846,0.0,0.0,-0.08
9126052076,9126049693,0.0,0.0,-0.08
9126061576,9126059218,0.0,0.0,-0.08
9126072067,9126069444,0.0,0.0,-0.08
9126083513,9126079461,0.0,0.0,-0.08
9126090877,9126088531,0.0,0.0,-0.08
9126101453,9126099075,0.0,0.0,-0.08
9126111947,9126109316,0.0,0.0,-0.08
9126122363,9126119784,0.0,0.0,-0.08
9126131986,9126129617,0.0,0.0,-0.08
9126142301,9126139449,0.0,0.0,-0.08
9126152745,9126149771,0.0,0.0,-0.08
9126161895,9126159338,0.0,0.0,-0.08
9126171409,9126168995,0.0,0.0,-0.08
9126181947,9126179126,0.0,0.0,-0.08
9126192124,9126188684,0.0,0.0,-0.08
9126201463,9126199104,0.0,0.0,-0.08
9126211950,9126209569,0.0,0.0,-0.08
9126222345,9126219770,0.0,0.0,-0.08
9126231623,9126229067,0.0,0.0,-0.08
9126242108,9126239703,0.0,0.0,-0.08
9126252510,9126249731,0.0,0.0,-0.08
9126263038,9126259539,0.0,0.0,-0.08
9126271559,9126269000,0.0,0.0,-0.08
9126282065,9126279485,0.0,0.0,-0.08
9126292426,9126289643,0.0,0.0,-0.08
9126301855,9126299295,0.0,0.0,-0.08
9126312332,9126309752,0.0,0.0,-0.08
9126322720,9126319934,0.0,0.0,-0.08
9126332372,9126328915,0.0,0.0,-0.08
9126341847,9126339481,0.0,0.0,-0.08
9126352462,9126350080,0.0,0.0,-0.08
9126361830,9126359069,0.0,0.0,-0.08
9126372340,9126369784,0.0,0.0,-0.08
9126381860,9126379491,0.0,0.0,-0.08
9126392299,9126389522,0.0,0.0,-0.08
9126403746,9126400101,0.0,0.0,-0.08
9126412195,9126409835,0.0,0.0,-0.08
9126422651,9126420062,0.0,0.0,-0.08
9126433170,9126429952,0.0,0.0,-0.08
9126441615,9126438832,0.0,0.0,-0.08
9126452167,9126449557,0.0,0.0,-0.08
9126462625,9126459798,0.0,0.0,-0.08
9126474130,9126470282,0.0,0.0,-0.08
9126481548,9126479174,0.0,0.0,-0.08
9126492133,9126489689,0.0,0.0,-0.08
9126502773,9126500070,0.0,0.0,-0.08
9126513572,9126509892,0.0,0.0,-0.08
9126522141,9126519744,0.0,0.0,-0.08
9126531980,9126529318,0.0,0.0,-0.08
9126542681,9126539852,0.0,0.0,-0.08
9126552188,9126549622,0.0,0.0,-0.08
9126562691,9126560285,0.0,0.0,-0.08
9126573226,9126570613,0.0,0.0,-0.08
9126583714,9126580065,0.0,0.0,-0.08
9126592195,9126589812,0.0,0.0,-0.08
9126602643,9126600060,0.0,0.0,-0.08
9126613192,9126610369,0.0,0.0,-0.08
9126622619,9126620254,0.0,0.0,-0.08
9126632044,9126629462,0.0,0.0,-0.08
9126642625,9126639788,0.0,0.0,-0.08
9126654006,9126650344,0.0,0.0,-0.08
9126662475,9126659877,0.0,0.0,-0.08
9126672969,9126670553,0.0,0.0,-0.08
9126683281,9126680292,0.0,0.0,-0.08
9126693972,9126690279,0.0,0.0,-0.08
9126702180,9126699802,0.0,0.0,-0.08
9126712768,9126710134,0.0,0.0,-0.08
9126724178,9126720519,0.0,0.0,-0.08
9126732582,9126730030,0.0,0.0,-0.08
9126743149,9126740531,0.0,0.0,-0.08
9126752480,9126749720,0.0,0.0,-0.08
9126762967,9126759521,0.0,0.0,-0.08
9126772408,9126769855,0.0,0.0,-0.08
9126783171,9126780591,0.0,0.0,-0.08
9126792518,9126789960,0.0,0.0,-0.08
9126802021,9126799455,0.0,0.0,-0.08
9126812535,9126809971,0.0,0.0,-0.08
9126822967,9126820184,0.0,0.0,-0.08
9126834475,9126830407,0.0,0.0,-0.08
9126842935,9126840555,0.0,0.0,-0.08
9126852400,9126849831,0.0,0.0,-0.08
9126862967,9126860151,0.0,0.0,-0.08
9126872432,9126869866,0.0,0.0,-0.08
9126883043,9126880678,0.0,0.0,-0.08
9126893444,9126890675,0.0,0.0,-0.08
9126903958,9126900600,0.0,0.0,-0.08
9126912387,9126910031,0.0,0.0,-0.08
9126922873,9126920291,0.0,0.0,-0.08
9126933276,9126930488,0.0,0.0,-0.08
9126942774,9126940411,0.0,0.0,-0.08
9126952948,9126950552,0.0,0.0,-0.08
9126963364,9126960580,0.0,0.0,-0.08
9126974842,9126970992,0.0,0.0,-0.08
9126982257,9126979906,0.0,0.0,-0.08
9126992788,9126990419,0.0,0.0,-0.08
9127003170,9127000595,0.0,0.0,-0.08
9127013760,9127010306,0.0,0.0,-0.08
9127023162,9127020817,0.0,0.0,-0.08
9127032996,9127030385,0.0,0.0,-0.08
9127044448,9127040393,0.0,0.0,-0.08
9127052953,9127050579,0.0,0.0,-0.08
9127062832,9127060473,0.0,0.0,-0.08
9127073571,9127070811,0.0,0.0,-0.08
9127084065,9127080698,0.0,0.0,-0.08
9127093461,9127090900,0.0,0.0,-0.08
9127102854,9127100507,0.0,0.0,-0.08
9127113795,9127111226,0.0,0.0,-0.08
9127122941,9127120384,0.0,0.0,-0.08
9127133416,9127131040,0.0,0.0,-0.08
9127143829,9127141249,0.0,0.0,-0.08
9127154240,9127150324,0.0,0.0,-0.08
9127162658,9127160281,0.0,0.0,-0.08
9127173161,9127170802,0.0,0.0,-0.08
9127183593,9127180815,0.0,0.0,-0.08
9127193008,9127190460,0.0,0.0,-0.08
9127203607,9127201233,0.0,0.0,-0.08
9127214035,9127211049,0.0,0.0,-0.08
9127225187,9127221344,0.0,0.0,-0.08
9127232642,9127230283,0.0,0.0,-0.08
9127243151,9127240730,0.0,0.0,-0.08
9127253549,9127250959,0.0,0.0,-0.08
9127264037,9127261468,0.0,0.0,-0.08
9127273524,9127270920,0.0,0.0,-0.08
9127283915,9127281122,0.0,0.0,-0.08
9127295359,9127291510,0.0,0.0,-0.08
9127302749,9127300403,0.0,0.0,-0.08
9127313233,9127310853,0.0,0.0,-0.08
9127323583,9127320830,0.0,0.0,-0.08
9127334162,9127331014,0.0,0.0,-0.08
9127343711,9127341339,0.0,0.0,-0.08
9127354137,9127350618,0.0,0.0,-0.08
9127363612,9127360840,0.0,0.0,-0.08
9127373230,9127370871,0.0,0.0,-0.08
9127383736,9127381350,0.0,0.0,-0.08
9127394096,9127391533,0.0,0.0,-0.08
9127404583,9127401216,0.0,0.0,-0.08
9127413990,9127411631,0.0,0.0,-0.08
9127423400,9127421044,0.0,0.0,-0.08
9127433885,9127431094,0.0,0.0,-0.08
9127443348,9127440764,0.0,0.0,-0.08
9127453951,9127451372,0.0,0.0,-0.08
9127464318,9127461562,0.0,0.0,-0.08
9127474962,9127471513,0.0,0.0,-0.08
9127483362,9127481009,0.0,0.0,-0.08
9127493872,9127491287,0.0,0.0,-0.08
9127504328,9127501724,0.0,0.0,-0.08
9127513862,9127511455,0.0,0.0,-0.08
9127523767,9127521177,0.0,0.0,-0.08
9127534425,9127531629,0.0,0.0,-0.08
9127545043,9127541864,0.0,0.0,-0.08
9127553457,9127550894,0.0,0.0,-0.08
9127563876,9127561508,0.0,0.0,-0.08
9127574355,9127571553,0.0,0.0,-0.08
9127583782,9127580434,0.0,0.0,-0.08
9127594351,9127591931,0.0,0.0,-0.08
9127603666,9127601309,0.0,0.0,-0.08
9127615476,9127611425,0.0,0.0,-0.08
9127623781,9127621230,0.0,0.0,-0.08
9127634364,9127632002,0.0,0.0,-0.08
9127644194,9127641421,0.0,0.0,-0.08
9127654752,9127651602,0.0,0.0,-0.08
9127664189,9127661830,0.0,0.0,-0.08
9127674741,9127672141,0.0,0.0,-0.08
9127684149,9127681553,0.0,0.0,-0.08
9127694570,9127691370,0.0,0.0,-0.08
9127703950,9127701570,0.0,0.0,-0.08
9127714618,9127712039,0.0,0.0,-0.08
9127725085,9127721944,0.0,0.0,-0.08
9127733570,9127731149,0.0,0.0,-0.08
9127744194,9127741798,0.0,0.0,-0.08
9127754836,9127752067,0.0,0.0,-0.08
9127764297,9127761944,0.0,0.0,-0.08
9127774805,9127772410,0.0,0.0,-0.08
9127785211,9127782427,0.0,0.0,-0.08
9127795783,9127792313,0.0,0.0,-0.08
9127804248,9127801846,0.0,0.0,-0.08
9127814667,9127812288,0.0,0.0,-0.08
9127825084,9127822506,0.0,0.0,-0.08
9127834549,9127831365,0.0,0.0,-0.08
9127843953,9127841565,0.0,0.0,-0.08
9127854441,9127851623,0.0,0.0,-0.08
9127865880,9127862430,0.0,0.0,-0.08
9127874435,9127871858,0.0,0.0,-0.08
9127885061,9127882676,0.0,0.0,-0.08
9127894420,9127891658,0.0,0.0,-0.08
9127905914,9127902062,0.0,0.0,-0.08
9127914352,9127911953,0.0,0.0,-0.08
9127924767,9127922196,0.0,0.0,-0.08
9127935227,9127932423,0.0,0.0,-0.08
9127943833,9127941253,0.0,0.0,-0.08
9127954266,9127951877,0.0,0.0,-0.08
9127964825,9127962004,0.0,0.0,-0.08
9127976303,9127972241,0.0,0.0,-0.08
9127984752,9127982359,0.0,0.0,-0.08
9127995182,9127992607,0.0,0.0,-0.08
9128004615,9128002012,0.0,0.0,-0.08
9128015178,9128012575,0.0,0.0,-0.08
9128024539,9128022193,0.0,0.0,-0.08
9128034983,9128031999,0.0,0.0,-0.08
9128046626,9128042519,0.0,0.0,-0.08
9128054003,9128051637,0.0,0.0,-0.08
9128064487,9128062104,0.0,0.0,-0.08
9128074966,9128072351,0.0,0.0,-0.08
9128085450,9128082863,0.0,0.0,-0.08
9128094843,9128092481,0.0,0.0,-0.08
9128105340,9128102555,0.0,0.0,-0.08
9128115837,9128112655,0.0,0.0,-0.08
9128124174,9128121832,0.0,0.0,-0.08
9128134819,9128132221,0.0,0.0,-0.08
9128145265,9128142676,0.0,0.0,-0.08
9128154697,9128151555,0.0,0.0,-0.08
9128165205,9128162641,0.0,0.0,-0.08
9128174945,9128172386,0.0,0.0,-0.08
9128184971,9128182380,0.0,0.0,-0.08
9128194513,9128191933,0.0,0.0,-0.08
9128204947,9128202564,0.0,0.0,-0.08
9128215660,9128213078,0.0,0.0,-0.08
9128226392,9128222347,0.0,0.0,-0.08
9128234822,9128232465,0.0,0.0,-0.08
9128245401,9128242838,0.0,0.0,-0.08
9128255842,9128253063,0.0,0.0,-0.08
9128265256,9128262706,0.0,0.0,-0.08
9128274765,9128272394,0.0,0.0,-0.08
9128285156,9128282381,0.0,0.0,-0.08
9128296739,9128292850,0.0,0.0,-0.08
9128305287,9128302913,0.0,0.0,-0.08
9128314742,9128312369,0.0,0.0,-0.08
9128325159,9128322383,0.0,0.0,-0.08
9128335662,9128333116,0.0,0.0,-0.08
9128345203,9128342625,0.0,0.0,-0.08
9128355662,9128352880,0.0,0.0,-0.08
9128367170,9128363105,0.0,0.0,-0.08
9128374616,9128372232,0.0,0.0,-0.08
9128385237,9128382845,0.0,0.0,-0.08
9128395669,9128393077,0.0,0.0,-0.08
9128406158,9128402477,0.0,0.0,-0.08
9128415556,9128413002,0.0,0.0,-0.08
9128426021,9128422826,0.0,0.0,-0.08
9128436574,9128433410,0.0,0.0,-0.08
9128444989,9128442433,0.0,0.0,-0.08
9128455460,9128452883,0.0,0.0,-0.08
9128465850,9128463080,0.0,0.0,-0.08
9128476765,9128472911,0.0,0.0,-0.08
9128485177,9128482822,0.0,0.0,-0.08
9128495935,9128493544,0.0,0.0,-0.08
9128505289,9128502536,0.0,0.0,-0.08
9128514808,9128512432,0.0,0.0,-0.08
9128525432,9128523021,0.0,0.0,-0.08
9128536095,9128533455,0.0,0.0,-0.08
9128546453,9128542108,0.0,0.0,-0.08
9128555037,9128552627,0.0,0.0,-0.08
9128565617,9128563217,0.0,0.0,-0.08
9128576064,9128573247,0.0,0.0,-0.08
9128585539,9128582934,0.0,0.0,-0.08
9128595141,9128592548,0.0,0.0,-0.08
9128605550,9128602754,0.0,0.0,-0.08
9128617043,9128613580,0.0,0.0,-0.08
9128625443,9128623080,0.0,0.0,-0.08
9128635955,9128633560,0.0,0.0,-0.08
9128645592,9128642812,0.0,0.0,-0.08
9128656107,9128652614,0.0,0.0,-0.08
9128665522,9128663109,0.0,0.0,-0.08
9128675962,9128673174,0.0,0.0,-0.08
9128687451,9128683768,0.0,0.0,-0.08
9128695015,9128692654,0.0,0.0,-0.08
9128705383,9128702393,0.0,0.0,-0.08
9128715763,9128713009,0.0,0.0,-0.08
9128726348,9128722498,0.0,0.0,-0.08
9128735878,9128733293,0.0,0.0,-0.08
9128746343,9128743933,0.0,0.0,-0.08
9128755672,9128753119,0.0,0.0,-0.08
9128765216,9128762647,0.0,0.0,-0.08
9128775699,9128773119,0.0,0.0,-0.08
9128786114,9128783527,0.0,0.0,-0.08
9128796592,9128793440,0.0,0.0,-0.08
9128806143,9128803750,0.0,0.0,-0.08
9128815585,9128813025,0.0,0.0,-0.08
9128825988,9128823209,0.0,0.0,-0.08
9128835409,9128832861,0.0,0.0,-0.08
9128846210,9128843839,0.0,0.0,-0.08
9128855596,9128852847,0.0,0.0,-0.08
9128867198,9128863735,0.0,0.0,-0.08
9128875640,9128873267,0.0,0.0,-0.08
9128886142,9128883756,0.0,0.0,-0.08
9128896857,9128894263,0.0,0.0,-0.08
9128906352,9128903754,0.0,0.0,-0.08
9128915737,9128913374,0.0,0.0,-0.08
9128926144,9128923366,0.0,0.0,-0.08
9128937703,9128934209,0.0,0.0,-0.08
9128946098,9128943737,0.0,0.0,-0.08
9128956482,9128953320,0.0,0.0,-0.08
9128965933,9128963387,0.0,0.0,-0.08
9128976549,9128973184,0.0,0.0,-0.08
9128986010,9128983645,0.0,0.0,-0.08
9128996590,9128993814,0.0,0.0,-0.08
9129007351,9129004170,0.0,0.0,-0.08
9129015733,9129013392,0.0,0.0,-0.08
9129026226,9129023840,0.0,0.0,-0.08
9129036581,9129033822,0.0,0.0,-0.08
9129047132,9129043746,0.0,0.0,-0.08
9129056553,9129054188,0.0,0.0,-0.08
9129065930,9129063577,0.0,0.0,-0.08
9129076433,9129073838,0.0,0.0,-0.08
9129085945,9129083566,0.0,0.0,-0.08
9129096393,9129094014,0.0,0.0,-0.08
9129106815,9129103999,0.0,0.0,-0.08
9129117309,9129113919,0.0,0.0,-0.08
9129125634,9129123282,0.0,0.0,-0.08
9129136098,9129133700,0.0,0.0,-0.08
9129146603,9129143815,0.0,0.0,-0.08
9129156045,9129153455,0.0,0.0,-0.08
9129166660,9129164041,0.0,0.0,-0.08
9129177032,9129174272,0.0,0.0,-0.08
9129187505,9129184363,0.0,0.0,-0.08
9129195951,9129193391,0.0,0.0,-0.08
9129206405,9129204031,0.0,0.0,-0.08
9129216977,9129214329,0.0,0.0,-0.08
9129227361,9129224760,0.0,0.0,-0.08
9129237700,9129233611,0.0,0.0,-0.08
9129246150,9129243196,0.0,0.0,-0.08
9129257891,9129253839,0.0,0.0,-0.08
9129266463,9129264091,0.0,0.0,-0.08
9129277031,9129274468,0.0,0.0,-0.08
9129286438,9129283676,0.0,0.0,-0.08
9129296957,9129293471,0.0,0.0,-0.08
9129306353,9129303759,0.0,0.0,-0.08
9129316802,9129314204,0.0,0.0,-0.08
9129327198,9129324605,0.0,0.0,-0.08
9129336765,9129334170,0.0,0.0,-0.08
9129346204,9129343838,0.0,0.0,-0.08
9129356676,9129354089,0.0,0.0,-0.08
9129368166,9129364279,0.0,0.0,-0.08
9129376594,9129374236,0.0,0.0,-0.08
9129387054,9129384463,0.0,0.0,-0.08
9129397450,9129394678,0.0,0.0,-0.08
9129406933,9129404354,0.0,0.0,-0.08
9129416802,9129414347,0.0,0.0,-0.08
9129427247,9129424444,0.0,0.0,-0.08
9129437809,9129434654,0.0,0.0,-0.08
9129446381,9129443970,0.0,0.0,-0.08
9129456835,9129454233,0.0,0.0,-0.08
9129467217,9129464436,0.0,0.0,-0.08
9129476801,9129474422,0.0,0.0,-0.08
9129487246,9129484667,0.0,0.0,-0.08
9129497686,9129494895,0.0,0.0,-0.08
9129508293,9129504838,0.0,0.0,-0.08
9129516849,9129514423,0.0,0.0,-0.08
9129527470,9129524885,0.0,0.0,-0.08
9129537088,9129534286,0.0,0.0,-0.08
9129548027,9129544358,0.0,0.0,-0.08
9129557471,9129554909,0.0,0.0,-0.08
9129566963,9129564604,0.0,0.0,-0.08
9129578686,9129575029,0.0,0.0,-0.08
9129587173,9129584787,0.0,0.0,-0.08
9129596758,9129594396,0.0,0.0,-0.08
9129607223,9129604624,0.0,0.0,-0.08
9129617739,9129614740,0.0,0.0,-0.08
9129627081,9129624720,0.0,0.0,-0.08
9129637639,9129635223,0.0,0.0,-0.08
9129646974,9129644408,0.0,0.0,-0.08
9129657373,9129654210,0.0,0.0,-0.08
9129666966,9129664602,0.0,0.0,-0.08
9129677266,9129674631,0.0,0.0,-0.08
9129688140,9129684734,0.0,0.0,-0.08
9129696645,9129694265,0.0,0.0,-0.08
9129707144,9129704727,0.0,0.0,-0.08
9129717540,9129714947,0.0,0.0,-0.08
9129726992,9129724638,0.0,0.0,-0.08
9129737480,9129735094,0.0,0.0,-0.08
9129747965,9129745173,0.0,0.0,-0.08
9129758578,9129755185,0.0,0.0,-0.08
9129766931,9129764580,0.0,0.0,-0.08
9129777445,9129775086,0.0,0.0,-0.08
9129787941,9129785315,0.0,0.0,-0.08
9129797329,9129794374,0.0,0.0,-0.08
9129807857,9129805450,0.0,0.0,-0.08
9129817207,9129814451,0.0,0.0,-0.08
9129828761,9129825383,0.0,0.0,-0.08
9129837130,9129834579,0.0,0.0,-0.08
9129847147,9129844732,0.0,0.0,-0.08
9129857541,9129854746,0.0,0.0,-0.08
9129868045,9129864164,0.0,0.0,-0.08
9129878400,9129874531,0.0,0.0,-0.08
9129886815,9129884470,0.0,0.0,-0.08
9129898282,9129895503,0.0,0.0,-0.08
9129907718,9129905358,0.0,0.0,-0.08
9129917187,9129914609,0.0,0.0,-0.08
9129927758,9129925128,0.0,0.0,-0.08
9129939144,9129935292,0.0,0.0,-0.08
9129948371,9129945961,0.0,0.0,-0.08
9129957564,9129955208,0.0,0.0,-0.08
9129968025,9129965423,0.0,0.0,-0.08
9129977442,9129975082,0.0,0.0,-0.08
9129987946,9129985531,0.0,0.0,-0.08
9129998341,9129995545,0.0,0.0,-0.08
9130009033,9130005603,0.0,0.0,-0.08
9130017542,9130015141,0.0,0.0,-0.08
9130027974,9130025390,0.0,0.0,-0.08
9130038342,9130035768,0.0,0.0,-0.08
9130047802,9130045450,0.0,0.0,-0.08
9130058251,9130055863,0.0,0.0,-0.08
9130068748,9130065934,0.0,0.0,-0.08
9130079400,9130075917,0.0,0.0,-0.08
9130087827,9130085468,0.0,0.0,-0.08
9130098434,9130095845,0.0,0.0,-0.08
9130107800,9130105243,0.0,0.0,-0.08
9130117285,9130114533,0.0,0.0,-0.08
9130127767,9130125392,0.0,0.0,-0.08
9130138245,9130135463,0.0,0.0,-0.08
9130149778,9130145932,0.0,0.0,-0.08
9130157231,9130154859,0.0,0.0,-0.08
9130167686,9130165304,0.0,0.0,-0.08
9130178151,9130175336,0.0,0.0,-0.08
9130188749,9130185524,0.0,0.0,-0.08
9130198063,9130195717,0.0,0.0,-0.08
9130208571,9130206205,0.0,0.0,-0.08
9130217945,9130215390,0.0,0.0,-0.08
9130227755,9130225384,0.0,0.0,-0.08
9130238530,9130236143,0.0,0.0,-0.08
9130248925,9130246139,0.0,0.0,-0.08
9130259435,9130255951,0.0,0.0,-0.08
9130267965,9130265574,0.0,0.0,-0.08
9130278421,9130276044,0.0,0.0,-0.08
9130288864,9130286280,0.0,0.0,-0.08
9130298266,9130295907,0.0,0.0,-0.08
9130307796,9130305228,0.0,0.0,-0.08
9130318318,9130315500,0.0,0.0,-0.08
9130329903,9130326221,0.0,0.0,-0.08
9130338282,9130335928,0.0,0.0,-0.08
9130348172,9130345543,0.0,0.0,-0.08
9130358613,9130355836,0.0,0.0,-0.08
9130369134,9130365439,0.0,0.0,-0.08
9130378521,9130376143,0.0,0.0,-0.08
9130388923,9130386137,0.0,0.0,-0.08
9130399400,9130396257,0.0,0.0,-0.08
9130407855,9130405483,0.0,0.0,-0.08
9130418372,9130415937,0.0,0.0,-0.08
9130428803,9130426149,0.0,0.0,-0.08
9130439383,9130435999,0.0,0.0,-0.08
9130447833,9130445471,0.0,0.0,-0.08
9130458336,9130455922,0.0,0.0,-0.08
9130468779,9130466168,0.0,0.0,-0.08
9130478227,9130475866,0.0,0.0,-0.08
9130488728,9130486309,0.0,0.0,-0.08
9130499170,9130495917,0.0,0.0,-0.08
9130509933,9130506032,0.0,0.0,-0.08
9130518829,9130516393,0.0,0.0,-0.08
9130528467,9130526063,0.0,0.0,-0.08
9130539077,9130536302,0.0,0.0,-0.08
9130548999,9130546554,0.0,0.0,-0.08
9130558523,9130556117,0.0,0.0,-0.08
9130568952,9130566168,0.0,0.0,-0.08
9130580506,9130576449,0.0,0.0,-0.08
9130587882,9130585527,0.0,0.0,-0.08
9130598377,9130596001,0.0,0.0,-0.08
9130609105,9130606320,0.0,0.0,-0.08
9130619590,9130617021,0.0,0.0,-0.08
9130629042,9130626463,0.0,0.0,-0.08
9130639428,9130636668,0.0,0.0,-0.08
9130649962,9130646615,0.0,0.0,-0.08
9130658456,9130655895,0.0,0.0,-0.08
9130669106,9130666718,0.0,0.0,-0.08
9130679679,9130676441,0.0,0.0,-0.08
9130688181,9130685763,0.0,0.0,-0.08
9130698431,9130696031,0.0,0.0,-0.08
9130709186,9130706826,0.0,0.0,-0.08
9130719422,9130716628,0.0,0.0,-0.08
9130728956,9130726514,0.0,0.0,-0.08
9130739366,9130737011,0.0,0.0,-0.08
9130748779,9130746225,0.0,0.0,-0.08
9130760281,9130756431,0.0,0.0,-0.08
9130768785,9130766352,0.0,0.0,-0.08
9130779407,9130776814,0.0,0.0,-0.08
9130788825,9130786063,0.0,0.0,-0.08
9130799351,9130796968,0.0,0.0,-0.08
9130808808,9130806440,0.0,0.0,-0.08
9130819186,9130816416,0.0,0.0,-0.08
9130830729,9130826681,0.0,0.0,-0.08
9130839137,9130836549,0.0,0.0,-0.08
9130848572,9130846211,0.0,0.0,-0.08
9130859159,9130856519,0.0,0.0,-0.08
9130869569,9130867201,0.0,0.0,-0.08
9130879006,9130876638,0.0,0.0,-0.08
9130889553,9130886516,0.0,0.0,-0.08
9130900956,9130897107,0.0,0.0,-0.08
9130909372,9130907010,0.0,0.0,-0.08
9130918774,9130916211,0.0,0.0,-0.08
9130929284,9130926650,0.0,0.0,-0.08
9130939809,9130936377,0.0,0.0,-0.08
9130949521,9130947123,0.0,0.0,-0.08
9130959919,9130957326,0.0,0.0,-0.08
9130970426,9130967238,0.0,0.0,-0.08
9130979181,9130976812,0.0,0.0,-0.08
9130989652,9130987250,0.0,0.0,-0.08
9131000086,9130997273,0.0,0.0,-0.08
9131010591,9131006929,0.0,0.0,-0.08
9131019515,9131016952,0.0,0.0,-0.08
9131029128,9131026505,0.0,0.0,-0.08
9131039489,9131036719,0.0,0.0,-0.08
9131049097,9131046717,0.0,0.0,-0.08
9131059506,9131057132,0.0,0.0,-0.08
9131069895,9131067118,0.0,0.0,-0.08
9131080395,9131077040,0.0,0.0,-0.08
9131088765,9131086421,0.0,0.0,-0.08
9131099274,9131096901,0.0,0.0,-0.08
9131109856,9131107061,0.0,0.0,-0.08
9131119261,9131116911,0.0,0.0,-0.08
9131129857,9131127506,0.0,0.0,-0.08
9131140351,9131137561,0.0,0.0,-0.08
9131150822,9131147477,0.0,0.0,-0.08
9131159265,9131156882,0.0,0.0,-0.08
9131169703,9131167319,0.0,0.0,-0.08
9131180118,9131177513,0.0,0.0,-0.08
9131189621,9131187225,0.0,0.0,-0.08
9131199606,9131197027,0.0,0.0,-0.08
9131210157,9131207590,0.0,0.0,-0.08
9131221632,9131217577,0.0,0.0,-0.08
9131229361,9131226732,0.0,0.0,-0.08
9131239863,9131237444,0.0,0.0,-0.08
9131250437,9131247671,0.0,0.0,-0.08
9131259881,9131256524,0.0,0.0,-0.08
9131269295,9131266942,0.0,0.0,-0.08
9131280162,9131277571,0.0,0.0,-0.08
9131290559,9131287771,0.0,0.0,-0.08
9131298973,9131296624,0.0,0.0,-0.08
9131309549,9131307119,0.0,0.0,-0.08
9131319850,9131317055,0.0,0.0,-0.08
9131330353,9131327210,0.0,0.0,-0.08
9131340151,9131337547,0.0,0.0,-0.08
9131349458,9131346874,0.0,0.0,-0.08
9131360273,9131357651,0.0,0.0,-0.08
9131370276,9131367717,0.0,0.0,-0.08
9131379748,9131377395,0.0,0.0,-0.08
9131390177,9131387361,0.0,0.0,-0.08
9131401601,9131397760,0.0,0.0,-0.08
9131410459,9131407866,0.0,0.0,-0.08
9131419952,9131417593,0.0,0.0,-0.08
9131430371,9131427584,0.0,0.0,-0.08
9131439862,9131437293,0.0,0.0,-0.08
9131449487,9131447103,0.0,0.0,-0.08
9131459946,9131456963,0.0,0.0,-0.08
9131471420,9131467962,0.0,0.0,-0.08
9131479848,9131477286,0.0,0.0,-0.08
9131490317,9131487694,0.0,0.0,-0.08
9131500708,9131498116,0.0,0.0,-0.08
9131511452,9131507552,0.0,0.0,-0.08
9131520103,9131517464,0.0,0.0,-0.08
9131530757,9131527906,0.0,0.0,-0.08
9131541420,9131538204,0.0,0.0,-0.08
9131549624,9131547046,0.0,0.0,-0.08
9131560056,9131557467,0.0,0.0,-0.08
9131570517,9131567920,0.0,0.0,-0.08
9131580999,9131577820,0.0,0.0,-0.08
9131590348,9131587992,0.0,0.0,-0.08
9131599754,9131597399,0.0,0.0,-0.08
9131610354,9131607755,0.0,0.0,-0.08
9131619807,9131617249,0.0,0.0,-0.08
9131630338,9131627910,0.0,0.0,-0.08
9131640748,9131638155,0.0,0.0,-0.08
9131651218,9131648068,0.0,0.0,-0.08
9131659596,9131657049,0.0,0.0,-0.08
9131670077,9131667698,0.0,0.0,-0.08
9131680547,9131677754,0.0,0.0,-0.08
9131690649,9131688030,0.0,0.0,-0.08
9131700317,9131697940,0.0,0.0,-0.08
9131710817,9131708038,0.0,0.0,-0.08
9131722263,9131718407,0.0,0.0,-0.08
9131730577,9131728014,0.0,0.0,-0.08
9131740077,9131737677,0.0,0.0,-0.08
9131750492,9131747706,0.0,0.0,-0.08
9131760966,9131757621,0.0,0.0,-0.08
9131770360,9131768009,0.0,0.0,-0.08
9131781006,9131778397,0.0,0.0,-0.08
9131792440,9131788395,0.0,0.0,-0.08
9131799837,9131797483,0.0,0.0,-0.08
9131810347,9131807941,0.0,0.0,-0.08
9131820749,9131818126,0.0,0.0,-0.08
9131831227,9131828038,0.0,0.0,-0.08
9131840736,9131838134,0.0,0.0,-0.08
9131850553,9131847953,0.0,0.0,-0.08
9131861381,9131858794,0.0,0.0,-0.08
9131870519,9131868129,0.0,0.0,-0.08
9131881001,9131878624,0.0,0.0,-0.08
9131891439,9131888827,0.0,0.0,-0.08
9131901883,9131898215,0.0,0.0,-0.08
9131910268,9131907912,0.0,0.0,-0.08
9131920772,9131918405,0.0,0.0,-0.08
9131931162,9131928391,0.0,0.0,-0.08
9131941174,9131938588,0.0,0.0,-0.08
9131950363,9131947969,0.0,0.0,-0.08
9131960775,9131958004,0.0,0.0,-0.08
9131972269,9131968593,0.0,0.0,-0.08
9131980664,9131978303,0.0,0.0,-0.08
9131991218,9131988849,0.0,0.0,-0.08
9132000583,9131997835,0.0,0.0,-0.08
9132011796,9132009440,0.0,0.0,-0.08
9132020412,9132018049,0.0,0.0,-0.08
9132031138,9132028288,0.0,0.0,-0.08
9132042674,9132038782,0.0,0.0,-0.08
9132051046,9132048688,0.0,0.0,-0.08
9132060511,9132058145,0.0,0.0,-0.08
9132070882,9132068328,0.0,0.0,-0.08
9132081447,9132077587,0.0,0.0,-0.08
9132090879,9132088526,0.0,0.0,-0.08
9132101392,9132098821,0.0,0.0,-0.08
9132110742,9132107986,0.0,0.0,-0.08
9132120399,9132117840,0.0,0.0,-0.08
9132130916,9132128527,0.0,0.0,-0.08
9132141425,9132138794,0.0,0.0,-0.08
9132151843,9132148483,0.0,0.0,-0.08
9132161262,9132158911,0.0,0.0,-0.08
9132170681,9132168326,0.0,0.0,-0.08
9132181182,9132178586,0.0,0.0,-0.08
9132190713,9132188157,0.0,0.0,-0.08
9132201387,9132198990,0.0,0.0,-0.08
9132211800,9132209030,0.0,0.0,-0.08
9132222310,9132218901,0.0,0.0,-0.08
9132230682,9132228324,0.0,0.0,-0.08
9132241157,9132238764,0.0,0.0,-0.08
9132251587,9132249007,0.0,0.0,-0.08
9132261009,9132258462,0.0,0.0,-0.08
9132271523,9132269172,0.0,0.0,-0.08
9132281944,9132279156,0.0,0.0,-0.08
9132292531,9132289146,0.0,0.0,-0.08
9132300987,9132298433,0.0,0.0,-0.08
9132311482,9132309106,0.0,0.0,-0.08
9132321891,9132319333,0.0,0.0,-0.08
9132332492,9132328430,0.0,0.0,-0.08
9132340961,9132338571,0.0,0.0,-0.08
9132351402,9132348632,0.0,0.0,-0.08
9132362540,9132359354,0.0,0.0,-0.08
9132370908,9132368554,0.0,0.0,-0.08
9132381673,9132379285,0.0,0.0,-0.08
9132392101,9132389488,0.0,0.0,-0.08
9132402590,9132399143,0.0,0.0,-0.08
9132411159,9132408779,0.0,0.0,-0.08
9132421655,9132419242,0.0,0.0,-0.08
9132432085,9132429473,0.0,0.0,-0.08
9132441536,9132439135,0.0,0.0,-0.08
9132451975,9132449400,0.0,0.0,-0.08
9132462925,9132460134,0.0,0.0,-0.08
9132473397,9132469311,0.0,0.0,-0.08
9132481777,9132479220,0.0,0.0,-0.08
9132491193,9132488642,0.0,0.0,-0.08
9132501682,9132499103,0.0,0.0,-0.08
9132511286,9132508889,0.0,0.0,-0.08
9132521962,9132519564,0.0,0.0,-0.08
9132532609,9132529807,0.0,0.0,-0.08
9132542926,9132539181,0.0,0.0,-0.08
9132551211,9132548630,0.0,0.0,-0.08
9132561815,9132559358,0.0,0.0,-0.08
9132572228,9132569607,0.0,0.0,-0.08
9132581680,9132579113,0.0,0.0,-0.08
9132592148,9132589761,0.0,0.0,-0.08
9132602585,9132599986,0.0,0.0,-0.08
9132613101,9132609725,0.0,0.0,-0.08
9132621542,9132618952,0.0,0.0,-0.08
9132632234,9132629803,0.0,0.0,-0.08
9132642633,9132639788,0.0,0.0,-0.08
9132651975,9132648630,0.0,0.0,-0.08
9132661434,9132659077,0.0,0.0,-0.08
9132671968,9132669579,0.0,0.0,-0.08
9132682351,9132679771,0.0,0.0,-0.08
9132691827,9132689464,0.0,0.0,-0.08
9132702336,9132699900,0.0,0.0,-0.08
9132711771,9132709180,0.0,0.0,-0.08
9132723375,9132719518,0.0,0.0,-0.08
9132731757,9132729398,0.0,0.0,-0.08
9132742274,9132739859,0.0,0.0,-0.08
9132752677,9132750102,0.0,0.0,-0.08
9132762157,9132759803,0.0,0.0,-0.08
9132771581,9132769027,0.0,0.0,-0.08
9132782071,9132779472,0.0,0.0,-0.08
9132793527,9132789841,0.0,0.0,-0.08
9132802052,9132799674,0.0,0.0,-0.08
9132812523,9132810137,0.0,0.0,-0.08
9132822881,9132820122,0.0,0.0,-0.08
9132832411,9132830051,0.0,0.0,-0.08
9132842893,9132839367,0.0,0.0,-0.08
9132852234,9132849455,0.0,0.0,-0.08
9132863714,9132860257,0.0,0.0,-0.08
9132872178,9132869781,0.0,0.0,-0.08
9132882812,9132880360,0.0,0.0,-0.08
9132892142,9132889347,0.0,0.0,-0.08
9132902635,9132899439,0.0,0.0,-0.08
9132911990,9132909642,0.0,0.0,-0.08
9132922542,9132919754,0.0,0.0,-0.08
9132933805,9132930351,0.0,0.0,-0.08
9132942268,9132939696,0.0,0.0,-0.08
9132952765,9132950391,0.0,0.0,-0.08
9132962123,9132959368,0.0,0.0,-0.08
9132972290,9132969126,0.0,0.0,-0.08
9132982955,9132980597,0.0,0.0,-0.08
9132991978,9132989608,0.0,0.0,-0.08
9133002765,9133000011,0.0,0.0,-0.08
9133012233,9133009857,0.0,0.0,-0.08
9133022648,9133020257,0.0,0.0,-0.08
9133033000,9133030244,0.0,0.0,-0.08
9133042973,9133039512,0.0,0.0,-0.08
9133052533,9133050133,0.0,0.0,-0.08
9133061982,9133059405,0.0,0.0,-0.08
9133072395,9133069809,0.0,0.0,-0.08
9133082866,9133080318,0.0,0.0,-0.08
9133092336,9133089942,0.0,0.0,-0.08
9133102714,9133099937,0.0,0.0,-0.08
9133114176,9133110526,0.0,0.0,-0.08
9133122582,9133120023,0.0,0.0,-0.08
9133132388,9133130026,0.0,0.0,-0.08
9133143069,9133140281,0.0,0.0,-0.08
9133153542,9133150958,0.0,0.0,-0.08
9133163270,9133160628,0.0,0.0,-0.08
9133173377,9133170615,0.0,0.0,-0.08
9133183868,9133180491,0.0,0.0,-0.08
9133192346,9133189773,0.0,0.0,-0.08
9133202795,9133200418,0.0,0.0,-0.08
9133213238,9133210643,0.0,0.0,-0.08
9133222856,9133219472,0.0,0.0,-0.08
9133232259,9133229880,0.0,0.0,-0.08
9133243034,9133240635,0.0,0.0,-0.08
9133252591,9133250032,0.0,0.0,-0.08
9133262105,9133259755,0.0,0.0,-0.08
9133272590,9133270238,0.0,0.0,-0.08
9133283042,9133280457,0.0,0.0,-0.08
9133294571,9133290314,0.0,0.0,-0.08
9133303016,9133300631,0.0,0.0,-0.08
9133313101,9133310702,0.0,0.0,-0.08
9133323521,9133320736,0.0,0.0,-0.08
9133332960,9133330609,0.0,0.0,-0.08
9133342548,9133340106,0.0,0.0,-0.08
9133352971,9133350168,0.0,0.0,-0.08
9133364400,9133360747,0.0,0.0,-0.08
9133372818,9133370463,0.0,0.0,-0.08
9133383277,9133380691,0.0,0.0,-0.08
9133393845,9133391041,0.0,0.0,-0.08
9133403333,9133400930,0.0,0.0,-0.08
9133412753,9133410187,0.0,0.0,-0.08
9133423188,9133420401,0.0,0.0,-0.08
9133434659,9133431008,0.0,0.0,-0.08
9133443125,9133440718,0.0,0.0,-0.08
9133453783,9133451421,0.0,0.0,-0.08
9133463224,9133460464,0.0,0.0,-0.08
9133474196,9133470709,0.0,0.0,-0.08
9133483722,9133481113,0.0,0.0,-0.08
9133493554,9133491162,0.0,0.0,-0.08
9133505055,9133501206,0.0,0.0,-0.08
9133512535,9133510165,0.0,0.0,-0.08
9133523178,9133520751,0.0,0.0,-0.08
9133533812,9133530978,0.0,0.0,-0.08
9133544495,9133540842,0.0,0.0,-0.08
9133552957,9133550559,0.0,0.0,-0.08
9133563679,9133561304,0.0,0.0,-0.08
9133573049,9133570489,0.0,0.0,-0.08
9133583534,9133580984,0.0,0.0,-0.08
9133592982,9133590421,0.0,0.0,-0.08
9133603426,9133600854,0.0,0.0,-0.08
9133614942,9133611094,0.0,0.0,-0.08
9133623373,9133620819,0.0,0.0,-0.08
9133633869,9133631483,0.0,0.0,-0.08
9133643385,9133640765,0.0,0.0,-0.08
9133653890,9133651275,0.0,0.0,-0.08
9133663493,9133661091,0.0,0.0,-0.08
9133673783,9133670990,0.0,0.0,-0.08
9133685240,9133681393,0.0,0.0,-0.08
9133693649,9133691292,0.0,0.0,-0.08
9133703066,9133700504,0.0,0.0,-0.08
9133713545,9133710745,0.0,0.0,-0.08
9133724103,9133721690,0.0,0.0,-0.08
9133733751,9133731127,0.0,0.0,-0.08
9133744181,9133741381,0.0,0.0,-0.08
9133754648,9133751670,0.0,0.0,-0.08
9133763056,9133760701,0.0,0.0,-0.08
9133773605,9133771234,0.0,0.0,-0.08
9133783993,9133781406,0.0,0.0,-0.08
9133793446,9133790289,0.0,0.0,-0.08
9133803958,9133801532,0.0,0.0,-0.08
9133814639,9133811263,0.0,0.0,-0.08
9133823148,9133820534,0.0,0.0,-0.08
9133833602,9133831024,0.0,0.0,-0.08
9133844089,9133841665,0.0,0.0,-0.08
9133854530,9133851925,0.0,0.0,-0.08
9133865004,9133861333,0.0,0.0,-0.08
9133873351,9133870991,0.0,0.0,-0.08
9133883938,9133881543,0.0,0.0,-0.08
9133894354,9133891739,0.0,0.0,-0.08
9133903775,9133901426,0.0,0.0,-0.08
9133914246,9133911862,0.0,0.0,-0.08
9133924642,9133921856,0.0,0.0,-0.08
9133935165,9133931718,0.0,0.0,-0.08
9133943594,9133941232,0.0,0.0,-0.08
9133954062,9133951678,0.0,0.0,-0.08
9133964502,9133961721,0.0,0.0,-0.08
9133974048,9133971662,0.0,0.0,-0.08
9133983563,9133980965,0.0,0.0,-0.08
9133994047,9133991252,0.0,0.0,-0.08
9134005545,9134002061,0.0,0.0,-0.08
9134013929,9134011563,0.0,0.0,-0.08
9134024439,9134021885,0.0,0.0,-0.08
9134033815,9134031060,0.0,0.0,-0.08
9134044393,9134041030,0.0,0.0,-0.08
9134053822,9134051265,0.0,0.0,-0.08
9134064315,9134061535,0.0,0.0,-0.08
9134075886,9134072004,0.0,0.0,-0.08
9134084308,9134081684,0.0,0.0,-0.08
9134094755,9134091281,0.0,0.0,-0.08
9134104132,9134102043,0.0,0.0,-0.08
9134114606,9134111659,0.0,0.0,-0.08
9134124069,9134121694,0.0,0.0,-0.08
9134134539,9134132153,0.0,0.0,-0.08
9134144045,9134141446,0.0,0.0,-0.08
9134154593,9134152174,0.0,0.0,-0.08
9134164722,9134162319,0.0,0.0,-0.08
9134174056,9134171299,0.0,0.0,-0.08
9134185644,9134181988,0.0,0.0,-0.08
9134194058,9134191701,0.0,0.0,-0.08
9134204592,9134202206,0.0,0.0,-0.08
9134215037,9134212446,0.0,0.0,-0.08
9134224484,9134222130,0.0,0.0,-0.08
9134233962,9134231560,0.0,0.0,-0.08
9134244784,9134241952,0.0,0.0,-0.08
9134255360,9134252383,0.0,0.0,-0.08
9134263969,9134261566,0.0,0.0,-0.08
9134274556,9134272157,0.0,0.0,-0.08
9134284950,9134282366,0.0,0.0,-0.08
9134294418,9134291863,0.0,0.0,-0.08
9134304950,9134302539,0.0,0.0,-0.08
9134314616,9134312052,0.0,0.0,-0.08
9134326085,9134322634,0.0,0.0,-0.08
9134334622,9134332239,0.0,0.0,-0.08
9134344126,9134341729,0.0,0.0,-0.08
9134354648,9134352089,0.0,0.0,-0.08
9134364128,9134361338,0.0,0.0,-0.08
9134374612,9134372188,0.0,0.0,-0.08
9134385020,9134382637,0.0,0.0,-0.08
9134394391,9134391634,0.0,0.0,-0.08
9134405814,9134401963,0.0,0.0,-0.08
9134415511,9134411425,0.0,0.0,-0.08
9134425096,9134423579,0.0,0.0,-0.08
9134436242,9134431965,0.0,0.0,-0.08
9134444753,9134442340,0.0,0.0,-0.08
9134454992,9134452563,0.0,0.0,-0.08
9134464507,9134461736,0.0,0.0,-0.08
9134475635,9134473276,0.0,0.0,-0.08
9134485048,9134482695,0.0,0.0,-0.08
9134495498,9134492721,0.0,0.0,-0.08
9134506132,9134502680,0.0,0.0,-0.08
9134514807,9134512156,0.0,0.0,-0.08
9134524375,9134521978,0.0,0.0,-0.08
9134535052,9134532463,0.0,0.0,-0.08
9134544877,9134542293,0.0,0.0,-0.08
9134554385,9134551792,0.0,0.0,-0.08
9134565036,9134562247,0.0,0.0,-0.08
9134576568,9134572720,0.0,0.0,-0.08
9134585095,9134582716,0.0,0.0,-0.08
9134594532,9134592143,0.0,0.0,-0.08
9134604931,9134602144,0.0,0.0,-0.08
9134615393,9134611942,0.0,0.0,-0.08
9134624825,9134622264,0.0,0.0,-0.08
9134635393,9134632582,0.0,0.0,-0.08
9134646881,9134642823,0.0,0.0,-0.08
9134654363,9134651959,0.0,0.0,-0.08
9134664834,9134662433,0.0,0.0,-0.08
9134675414,9134672801,0.0,0.0,-0.08
9134685893,9134682544,0.0,0.0,-0.08
9134695344,9134692960,0.0,0.0,-0.08
9134704755,9134702346,0.0,0.0,-0.08
9134715163,9134712581,0.0,0.0,-0.08
9134724614,9134722062,0.0,0.0,-0.08
9134735148,9134732718,0.0,0.0,-0.08
9134745582,9134742776,0.0,0.0,-0.08
9134756360,9134752886,0.0,0.0,-0.08
9134764728,9134762338,0.0,0.0,-0.08
9134775262,9134772866,0.0,0.0,-0.08
9134785624,9134782862,0.0,0.0,-0.08
9134795073,9134792710,0.0,0.0,-0.08
9134805588,9134803211,0.0,0.0,-0.08
9134815987,9134813200,0.0,0.0,-0.08
9134826511,9134823137,0.0,0.0,-0.08
9134834858,9134832506,0.0,0.0,-0.08
9134845253,9134842843,0.0,0.0,-0.08
9134855843,9134853284,0.0,0.0,-0.08
9134865535,9134863148,0.0,0.0,-0.08
9134874991,9134872622,0.0,0.0,-0.08
9134885397,9134882841,0.0,0.0,-0.08
9134895755,9134892598,0.0,0.0,-0.08
9134905210,9134902654,0.0,0.0,-0.08
9134915695,9134913320,0.0,0.0,-0.08
9134925454,9134922653,0.0,0.0,-0.08
9134935173,9134932222,0.0,0.0,-0.08
9134945562,9134943150,0.0,0.0,-0.08
9134955912,9134953305,0.0,0.0,-0.08
9134965251,9134962695,0.0,0.0,-0.08
9134974770,9134972404,0.0,0.0,-0.08
9134985228,9134982847,0.0,0.0,-0.08
9134995585,9134993026,0.0,0.0,-0.08
9135007365,9135003248,0.0,0.0,-0.08
9135015797,9135013443,0.0,0.0,-0.08
9135025199,9135022645,0.0,0.0,-0.08
9135035655,9135033068,0.0,0.0,-0.08
9135045184,9135042609,0.0,0.0,-0.08
9135055630,9135053255,0.0,0.0,-0.08
9135066073,9135063280,0.0,0.0,-0.08
9135076561,9135073210,0.0,0.0,-0.08
9135084984,9135082629,0.0,0.0,-0.08
9135095528,9135093165,0.0,0.0,-0.08
9135105895,9135103137,0.0,0.0,-0.08
9135116443,9135113869,0.0,0.0,-0.08
9135125829,9135123483,0.0,0.0,-0.08
9135136654,9135133868,0.0,0.0,-0.08
9135147330,9135143650,0.0,0.0,-0.08
9135155758,9135153186,0.0,0.0,-0.08
9135165897,9135163323,0.0,0.0,-0.08
9135176506,9135173677,0.0,0.0,-0.08
9135185935,9135182762,0.0,0.0,-0.08
9135196076,9135193458,0.0,0.0,-0.08
9135205552,9135202984,0.0,0.0,-0.08
9135217624,9135213770,0.0,0.0,-0.08
9135225999,9135223450,0.0,0.0,-0.08
9135235426,9135233075,0.0,0.0,-0.08
9135246049,9135243274,0.0,0.0,-0.08
9135256574,9135253401,0.0,0.0,-0.08
9135265563,9135263178,0.0,0.0,-0.08
9135276057,9135273433,0.0,0.0,-0.08
9135286480,9135283890,0.0,0.0,-0.08
9135297940,9135292990,0.0,0.0,-0.08
9135307482,9135303634,0.0,0.0,-0.08
9135315847,9135314386,0.0,0.0,-0.08
9135326525,9135322645,0.0,0.0,-0.08
9135335611,9135333263,0.0,0.0,-0.08
9135346322,9135343696,0.0,0.0,-0.08
9135356719,9135354123,0.0,0.0,-0.08
9135366164,9135363602,0.0,0.0,-0.08
9135375591,9135373234,0.0,0.0,-0.08
9135386994,9135384241,0.0,0.0,-0.08
9135397592,9135393911,0.0,0.0,-0.08
9135406026,9135403429,0.0,0.0,-0.08
9135416519,9135413955,0.0,0.0,-0.08
9135427058,9135424425,0.0,0.0,-0.08
9135436808,9135434218,0.0,0.0,-0.08
9135446250,9135443878,0.0,0.0,-0.08
9135456756,9135454142,0.0,0.0,-0.08
9135468247,9135464159,0.0,0.0,-0.08
9135475638,9135473275,0.0,0.0,-0.08
9135486092,9135483712,0.0,0.0,-0.08
9135496517,9135493736,0.0,0.0,-0.08
9135506082,9135502910,0.0,0.0,-0.08
9135516816,9135514388,0.0,0.0,-0.08
9135526384,9135523943,0.0,0.0,-0.08
9135537051,9135534495,0.0,0.0,-0.08
9135546585,9135544223,0.0,0.0,-0.08
9135556081,9135553484,0.0,0.0,-0.08
9135566654,9135564013,0.0,0.0,-0.08
9135578027,9135573984,0.0,0.0,-0.08
9135586528,9135584134,0.0,0.0,-0.08
9135596128,9135593711,0.0,0.0,-0.08
9135606462,9135603656,0.0,0.0,-0.08
9135617012,9135614421,0.0,0.0,-0.08
9135626359,9135624006,0.0,0.0,-0.08
9135636798,9135634017,0.0,0.0,-0.08
9135647488,9135643440,0.0,0.0,-0.08
9135656177,9135653825,0.0,0.0,-0.08
9135666764,9135664346,0.0,0.0,-0.08
9135677297,9135674472,0.0,0.0,-0.08
9135686789,9135684413,0.0,0.0,-0.08
9135696176,9135693813,0.0,0.0,-0.08
9135706648,9135703870,0.0,0.0,-0.08
9135718227,9135714747,0.0,0.0,-0.08
9135726587,9135724239,0.0,0.0,-0.08
9135737068,9135734692,0.0,0.0,-0.08
9135747510,9135744727,0.0,0.0,-0.08
9135756969,9135753809,0.0,0.0,-0.08
9135766660,9135764232,0.0,0.0,-0.08
9135777035,9135774276,0.0,0.0,-0.08
9135788561,9135784702,0.0,0.0,-0.08
9135796957,9135794611,0.0,0.0,-0.08
9135806445,9135804079,0.0,0.0,-0.08
9135816865,9135814078,0.0,0.0,-0.08
9135827373,9135824388,0.0,0.0,-0.08
9135836747,9135834200,0.0,0.0,-0.08
9135847604,9135845015,0.0,0.0,-0.08
9135856981,9135854414,0.0,0.0,-0.08
9135866567,9135863957,0.0,0.0,-0.08
9135876661,9135874263,0.0,0.0,-0.08
9135887195,9135884448,0.0,0.0,-0.08
9135897701,9135894532,0.0,0.0,-0.08
9135907115,9135904529,0.0,0.0,-0.08
9135916520,9135913959,0.0,0.0,-0.08
9135927037,9135924447,0.0,0.0,-0.08
9135936743,9135934101,0.0,0.0,-0.08
9135947161,9135944758,0.0,0.0,-0.08
9135957570,9135954799,0.0,0.0,-0.08
9135968140,9135964903,0.0,0.0,-0.08
9135976441,9135974095,0.0,0.0,-0.08
9135986949,9135984591,0.0,0.0,-0.08
9135997323,9135994569,0.0,0.0,-0.08
9136008480,9136006121,0.0,0.0,-0.08
9136017106,9136014485,0.0,0.0,-0.08
9136027551,9136024964,0.0,0.0,-0.08
9136039161,9136035105,0.0,0.0,-0.08
9136046614,9136044248,0.0,0.0,-0.08
9136057145,9136054772,0.0,0.0,-0.08
9136067571,9136064983,0.0,0.0,-0.08
9136077121,9136073751,0.0,0.0,-0.08
9136087700,9136085117,0.0,0.0,-0.08
9136097172,9136094606,0.0,0.0,-0.08
9136107988,9136105407,0.0,0.0,-0.08
9136117519,9136114921,0.0,0.0,-0.08
9136126893,9136124538,0.0,0.0,-0.08
9136137314,9136134536,0.0,0.0,-0.08
9136147966,9136144109,0.0,0.0,-0.08
9136157463,9136155084,0.0,0.0,-0.08
9136166859,9136164489,0.0,0.0,-0.08
9136177294,9136174508,0.0,0.0,-0.08
9136188401,9136186006,0.0,0.0,-0.08
9136197260,9136194905,0.0,0.0,-0.08
9136207800,9136205035,0.0,0.0,-0.08
9136219256,9136215206,0.0,0.0,-0.08
9136226808,9136224459,0.0,0.0,-0.08
9136237327,9136234728,0.0,0.0,-0.08
9136247700,9136244911,0.0,0.0,-0.08
9136258147,9136255772,0.0,0.0,-0.08
9136267552,9136265194,0.0,0.0,-0.08
9136278259,9136275475,0.0,0.0,-0.08
9136288811,9136285394,0.0,0.0,-0.08
9136297165,9136294614,0.0,0.0,-0.08
9136307659,9136305279,0.0,0.0,-0.08
9136318053,9136315474,0.0,0.0,-0.08
9136328554,9136324677,0.0,0.0,-0.08
9136337932,9136335377,0.0,0.0,-0.08
9136347457,9136344695,0.0,0.0,-0.08
9136359581,9136355513,0.0,0.0,-0.08
9136367044,9136364659,0.0,0.0,-0.08
9136377572,9136375147,0.0,0.0,-0.08
9136388025,9136385223,0.0,0.0,-0.08
9136398567,9136395219,0.0,0.0,-0.08
9136408104,9136405506,0.0,0.0,-0.08
9136417471,9136415106,0.0,0.0,-0.08
9136427964,9136425348,0.0,0.0,-0.08
9136437598,9136434952,0.0,0.0,-0.08
9136447379,9136444981,0.0,0.0,-0.08
9136457825,9136455023,0.0,0.0,-0.08
9136469401,9136465528,0.0,0.0,-0.08
9136477799,9136475441,0.0,0.0,-0.08
9136488323,9136485940,0.0,0.0,-0.08
9136498713,9136495922,0.0,0.0,-0.08
9136508412,9136505850,0.0,0.0,-0.08
9136517820,9136515264,0.0,0.0,-0.08
9136528408,9136525810,0.0,0.0,-0.08
9136539164,9136535734,0.0,0.0,-0.08
9136547974,9136545607,0.0,0.0,-0.08
9136557466,9136554896,0.0,0.0,-0.08
9136567958,9136565328,0.0,0.0,-0.08
9136578408,9136575827,0.0,0.0,-0.08
9136587829,9136585459,0.0,0.0,-0.08
9136598343,9136595525,0.0,0.0,-0.08
9136609943,9136606075,0.0,0.0,-0.08
9136617303,9136614750,0.0,0.0,-0.08
9136627757,9136625376,0.0,0.0,-0.08
9136638124,9136635561,0.0,0.0,-0.08
9136647598,9136644844,0.0,0.0,-0.08
9136658057,9136655669,0.0,0.0,-0.08
9136668562,9136666154,0.0,0.0,-0.08
9136678983,9136676363,0.0,0.0,-0.08
9136688439,9136685883,0.0,0.0,-0.08
9136698014,9136695438,0.0,0.0,-0.08
9136708559,9136705947,0.0,0.0,-0.08
9136718953,9136715802,0.0,0.0,-0.08
9136728395,9136726042,0.0,0.0,-0.08
9136737875,9136735311,0.0,0.0,-0.08
9136748430,9136745665,0.0,0.0,-0.08
9136757917,9136755356,0.0,0.0,-0.08
9136768433,9136766076,0.0,0.0,-0.08
9136779000,9136776171,0.0,0.0,-0.08
9136789510,9136786099,0.0,0.0,-0.08
9136797825,9136795477,0.0,0.0,-0.08
9136808396,9136806033,0.0,0.0,-0.08
9136818776,9136816005,0.0,0.0,-0.08
9136828234,9136825862,0.0,0.0,-0.08
9136838712,9136836362,0.0,0.0,-0.08
9136849139,9136846160,0.0,0.0,-0.08
9136859724,9136856350,0.0,0.0,-0.08
9136868336,9136865782,0.0,0.0,-0.08
9136878958,9136876555,0.0,0.0,-0.08
9136888323,9136885766,0.0,0.0,-0.08
9136898806,9136895458,0.0,0.0,-0.08
9136908311,9136905957,0.0,0.0,-0.08
9136918836,9136916086,0.0,0.0,-0.08
9136930383,9136926522,0.0,0.0,-0.08
9136938787,9136936427,0.0,0.0,-0.08
9136948483,9136946095,0.0,0.0,-0.08
9136959133,9136956519,0.0,0.0,-0.08
9136969580,9136966209,0.0,0.0,-0.08
9136979036,9136976652,0.0,0.0,-0.0795166
9136988457,9136986102,0.0,0.0,-0.0789954
9136998878,9136996104,0.0,0.0,-0.0785109
9137008383,9137005814,0.0,0.0,-0.07798875
9137018835,9137016446,0.0,0.0,-0.07751625
9137029449,9137026568,0.0,0.0,-0.07701615
9137040130,9137036436,0.0,0.0,-0.07653065
9137048545,9137046159,0.0,0.0,-0.07599905
9137058966,9137056591,0.0,0.0,-0.07549295
9137069344,9137066771,0.0,0.0,-0.07499955
9137078907,9137076515,0.0,0.0,-0.0745134
9137088352,9137085988,0.0,0.0,-0.0739918
9137098840,9137096064,0.0,0.0,-0.0734828
9137110366,9137106677,0.0,0.0,-0.072995596
9137118772,9137116209,0.0,0.0,-0.07252195
9137129281,9137126880,0.0,0.0,-0.07201815
9137139635,9137137078,0.0,0.0,-0.071487494
9137149289,9137146739,0.0,0.0,-0.071010895
9137158823,9137156460,0.0,0.0,-0.070477344
9137169269,9137166454,0.0,0.0,-0.06996744
9137180747,9137176859,0.0,0.0,-0.06948439
9137189117,9137186765,0.0,0.0,-0.06899834
9137198752,9137196360,0.0,0.0,-0.068498634
9137209305,9137206702,0.0,0.0,-0.06797838
9137218678,9137215726,0.0,0.0,-0.06748308
9137229231,9137226799,0.0,0.0,-0.06700333
9137239546,9137237153,0.0,0.0,-0.06648623
9137248915,9137246330,0.0,0.0,-0.06603503
9137258347,9137255973,0.0,0.0,-0.06548138
9137268814,9137266435,0.0,0.0,-0.064963676
9137279868,9137277251,0.0,0.0,-0.064504825
9137290402,9137286753,0.0,0.0,-0.064022675
9137298862,9137296488,0.0,0.0,-0.06349958
9137309351,9137306973,0.0,0.0,-0.06295878
9137319724,9137316967,0.0,0.0,-0.062483676
9137329227,9137326621,0.0,0.0,-0.061996926
9137339030,9137336640,0.0,0.0,-0.061472677
9137349589,9137346810,0.0,0.0,-0.060972977
9137361060,9137357016,0.0,0.0,-0.060490277
9137368575,9137365996,0.0,0.0,-0.059989326
9137378990,9137376635,0.0,0.0,-0.059480827
9137389464,9137386870,0.0,0.0,-0.058970526
9137399967,9137397595,0.0,0.0,-0.058521524
9137409476,9137407102,0.0,0.0,-0.057989575
9137419842,9137417275,0.0,0.0,-0.057477824
9137430345,9137427360,0.0,0.0,-0.056941573
9137438708,9137436143,0.0,0.0,-0.05646622
9137449484,9137447057,0.0,0.0,-0.05595757
9137459920,9137457119,0.0,0.0,-0.05545332
9137470417,9137466535,0.0,0.0,-0.05501417
9137479844,9137477480,0.0,0.0,-0.05446847
9137489236,9137486472,0.0,0.0,-0.05396537
9137500787,9137497419,0.0,0.0,-0.053494573
9137509277,9137506709,0.0,0.0,-0.052947324
9137519955,9137517324,0.0,0.0,-0.052497722
9137529628,9137526939,0.0,0.0,-0.051950373
9137540953,9137537015,0.0,0.0,-0.051485874
9137550203,9137547814,0.0,0.0,-0.050955124
9137559553,9137556982,0.0,0.0,-0.050474375
9137570002,9137567417,0.0,0.0,-0.049970575
9137579455,9137576872,0.0,0.0,-0.049430624
9137589917,9137587526,0.0,0.0,-0.048972223
9137600315,9137597743,0.0,0.0,-0.048450474
9137610787,9137607132,0.0,0.0,-0.047977723
9137620092,9137617657,0.0,0.0,-0.04744502
9137629894,9137627325,0.0,0.0,-0.046934173
9137640323,9137637549,0.0,0.0,-0.046464723
9137649955,9137647598,0.0,0.0,-0.045938473
9137659363,9137657012,0.0,0.0,-0.045455072
9137669812,9137667030,0.0,0.0,-0.044943873
9137681289,9137677638,0.0,0.0,-0.044441424
9137689665,9137687304,0.0,0.0,-0.043970723
9137700234,9137697599,0.0,0.0,-0.043469824
9137709943,9137707374,0.0,0.0,-0.042939425
9137720751,9137718364,0.0,0.0,-0.042456124
9137730130,9137727772,0.0,0.0,-0.041941375
9137739595,9137737006,0.0,0.0,-0.041452624
9137751132,9137747746,0.0,0.0,-0.040903125
9137759508,9137756961,0.0,0.0,-0.040432725
9137770107,9137767748,0.0,0.0,-0.040894426
9137780553,9137777964,0.0,0.0,-0.041431427
9137790066,9137786592,0.0,0.0,-0.04189218
9137799512,9137797141,0.0,0.0,-0.04243153
9137810041,9137807644,0.0,0.0,-0.04294233
9137820409,9137817830,0.0,0.0,-0.04337373
9137829826,9137827280,0.0,0.0,-0.04390118
9137840303,9137837726,0.0,0.0,-0.04442633
9137850700,9137848126,0.0,0.0,-0.04493563
9137861208,9137857733,0.0,0.0,-0.04540813
9137870002,9137867608,0.0,0.0,-0.04593043
9137879774,9137877416,0.0,0.0,-0.04645043
9137890159,9137887382,0.0,0.0,-0.04693078
9137899613,9137897064,0.0,0.0,-0.04742453
9137910122,9137907542,0.0,0.0,-0.04791493
9137920479,9137917722,0.0,0.0,-0.04841323
9137931076,9137927920,0.0,0.0,-0.04889733
9137939572,9137937014,0.0,0.0,-0.04942123
9137950130,9137947773,0.0,0.0,-0.04993023
9137960288,9137957653,0.0,0.0,-0.05044013
9137970762,9137968374,0.0,0.0,-0.05089483
9137980177,9137977618,0.0,0.0,-0.05143278
9137990611,9137987841,0.0,0.0,-0.05192678
9138002075,9137998226,0.0,0.0,-0.05246283
9138009593,9138007221,0.0,0.0,-0.05292503
9138020042,9138017644,0.0,0.0,-0.053436182
9138030605,9138027960,0.0,0.0,-0.053955432
9138041127,9138037750,0.0,0.0,-0.054405183
9138050579,9138048218,0.0,0.0,-0.054926332
9138060965,9138058180,0.0,0.0,-0.055442132
9138071419,9138068242,0.0,0.0,-0.05593163
9138079790,9138077439,0.0,0.0,-0.05645503
9138090251,9138087867,0.0,0.0,-0.056953132
9138100924,9138098317,0.0,0.0,-0.057456233
9138110799,9138107847,0.0,0.0,-0.057916082
9138120218,9138117846,0.0,0.0,-0.05843748
9138130790,9138128420,0.0,0.0,-0.058959983
9138140251,9138137646,0.0,0.0,-0.059436485
9138150685,9138148106,0.0,0.0,-0.059936434
9138160143,9138157748,0.0,0.0,-0.060465135
9138171538,9138168574,0.0,0.0,-0.060926434
9138182049,9138178206,0.0,0.0,-0.061449435
9138190453,9138188099,0.0,0.0,-0.061931536
9138200904,9138198522,0.0,0.0,-0.062472835
9138210446,9138207847,0.0,0.0,-0.06295443
9138220918,9138218337,0.0,0.0,-0.063449085
9138230324,9138227933,0.0,0.0,-0.06397024
9138240803,9138238005,0.0,0.0,-0.06443649
9138252267,9138248594,0.0,0.0,-0.06496099
9138260681,9138258124,0.0,0.0,-0.06544079
9138271150,9138268768,0.0,0.0,-0.06594439
9138280626,9138277796,0.0,0.0,-0.06647384
9138291076,9138287594,0.0,0.0,-0.06695034
9138300528,9138298163,0.0,0.0,-0.067482546
9138311157,9138308594,0.0,0.0,-0.06793395
9138322689,9138318608,0.0,0.0,-0.068423845
9138330091,9138327729,0.0,0.0,-0.06895229
9138340553,9138338163,0.0,0.0,-0.06947384
9138351382,9138348823,0.0,0.0,-0.06997454
9138360846,9138357394,0.0,0.0,-0.07043059
9138371413,9138368779,0.0,0.0,-0.07095229
9138381004,9138378634,0.0,0.0,-0.07148529
9138391456,9138388881,0.0,0.0,-0.07191384
9138400959,9138398408,0.0,0.0,-0.072483085
9138410486,9138408105,0.0,0.0,-0.07297584
9138420841,9138418084,0.0,0.0,-0.07348818
9138432343,9138428494,0.0,0.0,-0.073964536
9138440787,9138438426,0.0,0.0,-0.07444938
9138451304,9138448706,0.0,0.0,-0.07494833
9138461893,9138459098,0.0,0.0,-0.07546883
9138471362,9138469008,0.0,0.0,-0.075965434
9138480796,9138478441,0.0,0.0,-0.076479435
9138491233,9138488440,0.0,0.0,-0.07699904
9138502875,9138498704,0.0,0.0,-0.07749454
9138510435,9138508028,0.0,0.0,-0.07796619
9138521090,9138518673,0.0,0.0,-0.07846614
9138531694,9138528910,0.0,0.0,-0.07897934
9138541470,9138539004,0.0,0.0,-0.07944554
9138551072,9138548676,0.0,0.0,-0.07997779
9138561521,9138558520,0.0,0.0,-0.08
9138572179,9138568970,0.0,0.0,-0.08
9138580630,9138578253,0.0,0.0,-0.08
9138591115,9138588701,0.0,0.0,-0.08
9138601554,9138598949,0.0,0.0,-0.08
9138612074,9138608683,0.0,0.0,-0.08
9138621520,9138619127,0.0,0.0,-0.08
9138631189,9138628608,0.0,0.0,-0.08
9138642697,9138639218,0.0,0.0,-0.08
9138651067,9138648511,0.0,0.0,-0.08
9138661544,9138659168,0.0,0.0,-0.08
9138671995,9138669418,0.0,0.0,-0.08
9138682613,9138678941,0.0,0.0,-0.08
9138691201,9138688848,0.0,0.0,-0.08
9138700844,9138698478,0.0,0.0,-0.08
9138711453,9138708793,0.0,0.0,-0.08
9138721021,9138718464,0.0,0.0,-0.08
9138731489,9138729111,0.0,0.0,-0.08
9138742033,9138739250,0.0,0.0,-0.08
9138752559,9138749104,0.0,0.0,-0.08
9138760973,9138758587,0.0,0.0,-0.08
9138771423,9138769046,0.0,0.0,-0.08
9138781814,9138779242,0.0,0.0,-0.08
9138791353,9138788964,0.0,0.0,-0.08
9138801112,9138798730,0.0,0.0,-0.08
9138812473,9138809693,0.0,0.0,-0.08
9138822961,9138819508,0.0,0.0,-0.08
9138831363,9138828783,0.0,0.0,-0.08
9138841896,9138839509,0.0,0.0,-0.08
9138852264,9138849657,0.0,0.0,-0.08
9138861716,9138858340,0.0,0.0,-0.08
9138871153,9138868767,0.0,0.0,-0.08
9138881485,9138878664,0.0,0.0,-0.08
9138893092,9138889640,0.0,0.0,-0.08
9138901469,9138899116,0.0,0.0,-0.08
9138911976,9138909403,0.0,0.0,-0.08
9138922414,9138919834,0.0,0.0,-0.08
9138932958,9138929248,0.0,0.0,-0.08
9138941393,9138938991,0.0,0.0,-0.08
9138951777,9138949424,0.0,0.0,-0.08
9138962357,9138959764,0.0,0.0,-0.08
9138972088,9138969708,0.0,0.0,-0.08
9138981549,9138979198,0.0,0.0,-0.08
9138992177,9138989413,0.0,0.0,-0.08
9139002744,9138999327,0.0,0.0,-0.08
9139012153,9139009768,0.0,0.0,-0.08
9139021612,9139019248,0.0,0.0,-0.08
9139032046,9139029244,0.0,0.0,-0.08
9139041477,9139038911,0.0,0.0,-0.08
9139052146,9139049543,0.0,0.0,-0.08
9139062624,9139059822,0.0,0.0,-0.08
9139073144,9139069722,0.0,0.0,-0.08
9139081537,9139079147,0.0,0.0,-0.08
9139091963,9139089388,0.0,0.0,-0.08
9139102346,9139099562,0.0,0.0,-0.08
9139112035,9139109656,0.0,0.0,-0.08
9139121441,9139119082,0.0,0.0,-0.08
9139132071,9139129249,0.0,0.0,-0.08
9139143674,9139140017,0.0,0.0,-0.08
9139152079,9139149510,0.0,0.0,-0.08
9139162591,9139160196,0.0,0.0,-0.08
9139172560,9139169767,0.0,0.0,-0.08
9139182030,9139178665,0.0,0.0,-0.08
9139191707,9139189329,0.0,0.0,-0.08
9139202144,9139199768,0.0,0.0,-0.08
9139213720,9139210039,0.0,0.0,-0.08
9139221665,9139219300,0.0,0.0,-0.08
9139232127,9139229733,0.0,0.0,-0.08
9139242671,9139240068,0.0,0.0,-0.08
9139253111,9139249727,0.0,0.0,-0.08
9139262536,9139260137,0.0,0.0,-0.08
9139271871,9139269504,0.0,0.0,-0.08
9139282551,9139279967,0.0,0.0,-0.08
9139292512,9139289950,0.0,0.0,-0.08
9139302039,9139299653,0.0,0.0,-0.08
9139312462,9139309681,0.0,0.0,-0.08
9139323946,9139320079,0.0,0.0,-0.08
9139332371,9139330004,0.0,0.0,-0.08
9139341834,9139339464,0.0,0.0,-0.08
9139352349,9139349552,0.0,0.0,-0.08
9139362829,9139360454,0.0,0.0,-0.08
9139372253,9139369672,0.0,0.0,-0.08
9139382881,9139380297,0.0,0.0,-0.08
9139394354,9139390273,0.0,0.0,-0.08
9139401735,9139399350,0.0,0.0,-0.08
9139412237,9139409819,0.0,0.0,-0.08
9139422883,9139419991,0.0,0.0,-0.08
9139432743,9139429289,0.0,0.0,-0.08
9139442519,9139440092,0.0,0.0,-0.08
9139452333,9139449571,0.0,0.0,-0.08
9139463773,9139460430,0.0,0.0,-0.08
9139472110,9139469664,0.0,0.0,-0.08
9139482411,9139479992,0.0,0.0,-0.08
9139493203,9139490430,0.0,0.0,-0.08
9139502757,9139499306,0.0,0.0,-0.08
9139512256,9139509836,0.0,0.0,-0.08
9139522962,9139520340,0.0,0.0,-0.08
9139532491,9139529915,0.0,0.0,-0.08
9139542405,9139539828,0.0,0.0,-0.08
9139553077,9139550443,0.0,0.0,-0.08
9139562551,9139559942,0.0,0.0,-0.08
9139574034,9139570186,0.0,0.0,-0.08
9139582558,9139580136,0.0,0.0,-0.08
9139592963,9139590381,0.0,0.0,-0.08
9139603360,9139600574,0.0,0.0,-0.08
9139612855,9139610291,0.0,0.0,-0.08
9139622321,9139619929,0.0,0.0,-0.08
9139632747,9139629938,0.0,0.0,-0.08
9139644321,9139640632,0.0,0.0,-0.08
9139652859,9139650470,0.0,0.0,-0.08
9139663539,9139661127,0.0,0.0,-0.08
9139672765,9139670169,0.0,0.0,-0.08
9139683272,9139680882,0.0,0.0,-0.08
9139692634,9139690267,0.0,0.0,-0.08
9139703039,9139700261,0.0,0.0,-0.08
9139714564,9139710910,0.0,0.0,-0.08
9139722961,9139720609,0.0,0.0,-0.08
9139733657,9139731064,0.0,0.0,-0.08
9139743371,9139740560,0.0,0.0,-0.08
9139753804,9139750397,0.0,0.0,-0.08
9139763265,9139760875,0.0,0.0,-0.08
9139773728,9139770908,0.0,0.0,-0.08
9139784162,9139780964,0.0,0.0,-0.08
9139792532,9139789982,0.0,0.0,-0.08
9139803038,9139800648,0.0,0.0,-0.08
9139813456,9139810658,0.0,0.0,-0.08
9139823561,9139820076,0.0,0.0,-0.08
9139833449,9139830883,0.0,0.0,-0.08
9139842995,9139840625,0.0,0.0,-0.08
9139853413,9139850843,0.0,0.0,-0.08
9139862856,9139860310,0.0,0.0,-0.08
9139873345,9139870987,0.0,0.0,-0.08
9139883840,9139881084,0.0,0.0,-0.08
9139894546,9139890862,0.0,0.0,-0.08
9139903092,9139900687,0.0,0.0,-0.08
9139913223,9139910859,0.0,0.0,-0.08
9139923703,9139920923,0.0,0.0,-0.08
9139932985,9139930625,0.0,0.0,-0.08
9139943517,9139941126,0.0,0.0,-0.08
9139953956,9139951141,0.0,0.0,-0.08
9139964474,9139961297,0.0,0.0,-0.08
9139972846,9139970494,0.0,0.0,-0.08
9139983304,9139980919,0.0,0.0,-0.08
9139993820,9139991258,0.0,0.0,-0.08
9140003239,9140000687,0.0,0.0,-0.08
9140013354,9140010965,0.0,0.0,-0.08
9140023265,9140020500,0.0,0.0,-0.08
9140034842,9140031393,0.0,0.0,-0.08
9140043538,9140040965,0.0,0.0,-0.08
9140053204,9140050641,0.0,0.0,-0.08
9140063689,9140061110,0.0,0.0,-0.08
9140073824,9140070610,0.0,0.0,-0.08
9140083174,9140080824,0.0,0.0,-0.08
9140093664,9140091108,0.0,0.0,-0.08
9140103385,9140100830,0.0,0.0,-0.08
9140112827,9140110472,0.0,0.0,-0.08
9140123511,9140121139,0.0,0.0,-0.08
9140133921,9140131142,0.0,0.0,-0.08
9140144766,9140141082,0.0,0.0,-0.08
9140153182,9140150802,0.0,0.0,-0.08
9140163786,9140161408,0.0,0.0,-0.08
9140174181,9140171413,0.0,0.0,-0.08
9140184319,9140181951,0.0,0.0,-0.08
9140193566,9140191167,0.0,0.0,-0.08
9140204495,9140201692,0.0,0.0,-0.08
9140214564,9140210835,0.0,0.0,-0.08
9140223403,9140220821,0.0,0.0,-0.08
9140233987,9140231585,0.0,0.0,-0.08
9140244781,9140242163,0.0,0.0,-0.08
9140254202,9140251562,0.0,0.0,-0.08
9140263972,9140261532,0.0,0.0,-0.08
9140274539,9140271703,0.0,0.0,-0.08
9140285108,9140281749,0.0,0.0,-0.08
9140293612,9140291026,0.0,0.0,-0.08
9140303420,9140301038,0.0,0.0,-0.08
9140313907,9140311300,0.0,0.0,-0.08
9140324416,9140320957,0.0,0.0,-0.08
9140333840,9140331480,0.0,0.0,-0.08
9140344329,9140341738,0.0,0.0,-0.08
9140355744,9140351900,0.0,0.0,-0.08
9140363147,9140360785,0.0,0.0,-0.08
9140373638,9140371248,0.0,0.0,-0.08
9140384247,9140381648,0.0,0.0,-0.08
9140394731,9140391560,0.0,0.0,-0.08
9140404130,9140401742,0.0,0.0,-0.08
9140414555,9140411963,0.0,0.0,-0.08
9140423941,9140421147,0.0,0.0,-0.08
9140433385,9140431012,0.0,0.0,-0.08
9140443867,9140441472,0.0,0.0,-0.08
9140454267,9140451648,0.0,0.0,-0.08
9140465829,9140461566,0.0,0.0,-0.08
9140474262,9140471690,0.0,0.0,-0.08
9140483728,9140481323,0.0,0.0,-0.08
9140494745,9140492175,0.0,0.0,-0.08
9140504166,9140501533,0.0,0.0,-0.08
9140513547,9140511181,0.0,0.0,-0.08
9140525147,9140522120,0.0,0.0,-0.08
9140536159,9140532060,0.0,0.0,-0.08
9140543679,9140541290,0.0,0.0,-0.08
9140554193,9140551759,0.0,0.0,-0.08
9140564581,9140561976,0.0,0.0,-0.08
9140574184,9140571207,0.0,0.0,-0.08
9140583677,9140581303,0.0,0.0,-0.08
9140594535,9140591749,0.0,0.0,-0.08
9140606039,9140602379,0.0,0.0,-0.08
9140614466,9140612101,0.0,0.0,-0.08
9140623920,9140621324,0.0,0.0,-0.08
9140634474,9140631850,0.0,0.0,-0.08
9140643916,9140641114,0.0,0.0,-0.08
9140654335,9140651946,0.0,0.0,-0.08
9140664829,9140662445,0.0,0.0,-0.08
9140674181,9140671420,0.0,0.0,-0.08
9140683651,9140681303,0.0,0.0,-0.08
9140694588,9140692234,0.0,0.0,-0.08
9140705082,9140702506,0.0,0.0,-0.08
9140715613,9140712135,0.0,0.0,-0.08
9140726035,9140721534,0.0,0.0,-0.08
9140734450,9140732088,0.0,0.0,-0.08
9140745014,9140742586,0.0,0.0,-0.08
9140754382,9140751976,0.0,0.0,-0.08
9140764804,9140762420,0.0,0.0,-0.08
9140775250,9140772449,0.0,0.0,-0.08
9140785778,9140782292,0.0,0.0,-0.08
9140794128,9140791782,0.0,0.0,-0.08
9140804741,9140802323,0.0,0.0,-0.08
9140815191,9140812614,0.0,0.0,-0.08
9140824632,9140822072,0.0,0.0,-0.08
9140834124,9140831769,0.0,0.0,-0.08
9140844635,9140841841,0.0,0.0,-0.08
9140856084,9140852602,0.0,0.0,-0.08
9140864524,9140862151,0.0,0.0,-0.08
9140874990,9140872599,0.0,0.0,-0.08
9140885548,9140882897,0.0,0.0,-0.08
9140895363,9140892011,0.0,0.0,-0.08
9140904799,9140902243,0.0,0.0,-0.08
9140915295,9140912684,0.0,0.0,-0.08
9140926703,9140922657,0.0,0.0,-0.08
9140935050,9140932285,0.0,0.0,-0.08
9140944518,9140941564,0.0,0.0,-0.08
9140954934,9140952352,0.0,0.0,-0.08
9140965403,9140962259,0.0,0.0,-0.08
9140974907,9140972337,0.0,0.0,-0.08
9140984402,9140982038,0.0,0.0,-0.08
9140994812,9140992037,0.0,0.0,-0.08
9141004352,9141001965,0.0,0.0,-0.08
9141014771,9141012379,0.0,0.0,-0.08
9141025217,9141022624,0.0,0.0,-0.08
9141035695,9141032540,0.0,0.0,-0.08
9141045115,9141042754,0.0,0.0,-0.08
9141054803,9141052411,0.0,0.0,-0.08
9141065235,9141062653,0.0,0.0,-0.08
9141074763,9141072205,0.0,0.0,-0.08
9141085282,9141082917,0.0,0.0,-0.08
9141095652,9141092886,0.0,0.0,-0.08
9141106138,9141102977,0.0,0.0,-0.08
9141114557,9141111977,0.0,0.0,-0.08
9141125048,9141122659,0.0,0.0,-0.08
9141135524,9141132705,0.0,0.0,-0.08
9141145037,9141142677,0.0,0.0,-0.08
9141155548,9141152961,0.0,0.0,-0.08
9141165925,9141163138,0.0,0.0,-0.08
9141176396,9141173052,0.0,0.0,-0.08
9141184847,9141182467,0.0,0.0,-0.08
9141195150,9141192736,0.0,0.0,-0.08
9141205594,9141202805,0.0,0.0,-0.08
9141215011,9141211866,0.0,0.0,-0.08
9141225592,9141223004,0.0,0.0,-0.08
9141234961,9141232391,0.0,0.0,-0.08
9141245518,9141242681,0.0,0.0,-0.08
9141254910,9141252564,0.0,0.0,-0.08
9141265391,9141263016,0.0,0.0,-0.08
9141276151,9141273550,0.0,0.0,-0.08
9141285979,9141283027,0.0,0.0,-0.08
9141295413,9141293059,0.0,0.0,-0.08
9141305986,9141303396,0.0,0.0,-0.08
9141315366,9141312809,0.0,0.0,-0.08
9141324908,9141322514,0.0,0.0,-0.08
9141335231,9141332824,0.0,0.0,-0.08
9141346039,9141343474,0.0,0.0,-0.08
9141356540,9141353149,0.0,0.0,-0.08
9141364927,9141362553,0.0,0.0,-0.08
9141375360,9141372975,0.0,0.0,-0.08
9141385813,9141383232,0.0,0.0,-0.08
9141395637,9141393064,0.0,0.0,-0.08
9141405042,9141402687,0.0,0.0,-0.08
9141415534,9141412777,0.0,0.0,-0.08
9141426994,9141423546,0.0,0.0,-0.08
9141435418,9141433063,0.0,0.0,-0.08
9141445937,9141443579,0.0,0.0,-0.08
9141456402,9141453621,0.0,0.0,-0.08
9141465820,9141462670,0.0,0.0,-0.08
9141475524,9141472933,0.0,0.0,-0.08
9141486032,9141483277,0.0,0.0,-0.08
9141497635,9141493565,0.0,0.0,-0.08
9141505137,9141502713,0.0,0.0,-0.08
9141515732,9141513348,0.0,0.0,-0.08
9141526363,9141523724,0.0,0.0,-0.08
9141536947,9141533265,0.0,0.0,-0.08
9141545583,9141543209,0.0,0.0,-0.08
9141556130,9141553746,0.0,0.0,-0.08
9141565645,9141563060,0.0,0.0,-0.08
9141575188,9141572818,0.0,0.0,-0.08
9141585667,9141583270,0.0,0.0,-0.08
9141596145,9141593478,0.0,0.0,-0.08
9141606652,9141602402,0.0,0.0,-0.08
9141615055,9141612700,0.0,0.0,-0.08
9141625543,9141623149,0.0,0.0,-0.08
9141635959,9141633352,0.0,0.0,-0.08
9141646647,9141644274,0.0,0.0,-0.08
9141656082,9141653510,0.0,0.0,-0.08
9141666514,9141663708,0.0,0.0,-0.08
9141677000,9141673814,0.0,0.0,-0.08
9141685327,9141682982,0.0,0.0,-0.08
9141695778,9141693406,0.0,0.0,-0.08
9141706168,9141703612,0.0,0.0,-0.08
9141716770,9141714122,0.0,0.0,-0.08
9141726040,9141723688,0.0,0.0,-0.08
9141736588,9141734017,0.0,0.0,-0.08
9141747151,9141744158,0.0,0.0,-0.08
9141755386,9141753034,0.0,0.0,-0.08
9141765886,9141763504,0.0,0.0,-0.08
9141776323,9141773726,0.0,0.0,-0.08
9141786083,9141782732,0.0,0.0,-0.08
9141795557,9141793193,0.0,0.0,-0.08
9141806088,9141803713,0.0,0.0,-0.08
9141816700,9141813857,0.0,0.0,-0.08
9141827032,9141823827,0.0,0.0,-0.08
9141836385,9141833634,0.0,0.0,-0.08
9141846869,9141844318,0.0,0.0,-0.08
9141857360,9141853903,0.0,0.0,-0.08
9141865762,9141863381,0.0,0.0,-0.08
9141876231,9141873832,0.0,0.0,-0.08
9141886623,9141883833,0.0,0.0,-0.08
9141896120,9141893529,0.0,0.0,-0.08
9141906612,9141904256,0.0,0.0,-0.08
9141916306,9141913730,0.0,0.0,-0.08
9141927760,9141924115,0.0,0.0,-0.08
9141936155,9141933807,0.0,0.0,-0.08
9141946684,9141944297,0.0,0.0,-0.08
9141957058,9141954464,0.0,0.0,-0.08
9141966523,9141964145,0.0,0.0,-0.08
9141975950,9141973559,0.0,0.0,-0.08
9141986565,9141983760,0.0,0.0,-0.08
9141997979,9141994533,0.0,0.0,-0.08
9142006451,9142003884,0.0,0.0,-0.08
9142017040,9142014393,0.0,0.0,-0.08
9142027314,9142024516,0.0,0.0,-0.08
9142036824,9142033466,0.0,0.0,-0.08
9142046276,9142043711,0.0,0.0,-0.08
9142056793,9142054202,0.0,0.0,-0.08
9142068583,9142064890,0.0,0.0,-0.08
9142076499,9142074140,0.0,0.0,-0.08
9142086600,9142084232,0.0,0.0,-0.08
9142097070,9142094494,0.0,0.0,-0.08
9142107630,9142104159,0.0,0.0,-0.08
9142116049,9142113662,0.0,0.0,-0.08
9142126564,9142124160,0.0,0.0,-0.08
9142136965,9142134376,0.0,0.0,-0.08
9142146454,9142144095,0.0,0.0,-0.08
9142157284,9142154905,0.0,0.0,-0.08
9142167155,9142164370,0.0,0.0,-0.08
9142178361,9142174307,0.0,0.0,-0.08
9142186774,9142184412,0.0,0.0,-0.08
9142197207,9142194625,0.0,0.0,-0.08
9142206708,9142203931,0.0,0.0,-0.08
9142217207,9142214813,0.0,0.0,-0.08
9142227042,9142224658,0.0,0.0,-0.08
9142237772,9142234951,0.0,0.0,-0.08
9142248235,9142244752,0.0,0.0,-0.08
9142256581,9142254228,0.0,0.0,-0.08
9142267068,9142264464,0.0,0.0,-0.08
9142277179,9142274379,0.0,0.0,-0.08
9142287720,9142285373,0.0,0.0,-0.08
9142297214,9142294658,0.0,0.0,-0.08
9142307640,9142304859,0.0,0.0,-0.08
9142318231,9142315040,0.0,0.0,-0.08
9142326838,9142324251,0.0,0.0,-0.08
9142337276,9142334901,0.0,0.0,-0.08
9142347792,9142345189,0.0,0.0,-0.08
9142358276,9142354592,0.0,0.0,-0.08
9142366701,9142364122,0.0,0.0,-0.08
9142377595,9142375029,0.0,0.0,-0.08
9142386979,9142384223,0.0,0.0,-0.08
9142396462,9142394108,0.0,0.0,-0.08
9142407081,9142404695,0.0,0.0,-0.08
9142417452,9142414884,0.0,0.0,-0.08
9142427330,9142423951,0.0,0.0,-0.08
9142437288,9142434931,0.0,0.0,-0.08
9142446879,9142444514,0.0,0.0,-0.08
9142457275,9142454715,0.0,0.0,-0.08
9142466747,9142464175,0.0,0.0,-0.08
9142477223,9142474839,0.0,0.0,-0.08
9142487788,9142484991,0.0,0.0,-0.08
9142498382,9142494967,0.0,0.0,-0.08
9142506898,9142504513,0.0,0.0,-0.08
9142517575,9142515128,0.0,0.0,-0.08
9142528184,9142525362,0.0,0.0,-0.08
9142538425,9142535820,0.0,0.0,-0.08
9142547550,9142545173,0.0,0.0,-0.08
9142558111,9142555282,0.0,0.0,-0.08
9142568591,9142565205,0.0,0.0,-0.08
9142576940,9142574528,0.0,0.0,-0.08
9142587490,9142585084,0.0,0.0,-0.08
9142597866,9142595293,0.0,0.0,-0.08
9142608503,9142604540,0.0,0.0,-0.08
9142617793,9142615244,0.0,0.0,-0.08
9142627165,9142624417,0.0,0.0,-0.08
9142638644,9142635497,0.0,0.0,-0.08
9142647199,9142644833,0.0,0.0,-0.08
9142657789,9142655381,0.0,0.0,-0.08
9142668184,9142665577,0.0,0.0,-0.08
9142678630,9142675165,0.0,0.0,-0.08
9142687258,9142684900,0.0,0.0,-0.08
9142700826,9142697843,0.0,0.0,-0.08
9142709164,9142705090,0.0,0.0,-0.08
9142717579,9142715023,0.0,0.0,-0.08
9142728051,9142725656,0.0,0.0,-0.08
9142737492,9142734900,0.0,0.0,-0.08
9142748671,9142745211,0.0,0.0,-0.08
9142757071,9142754719,0.0,0.0,-0.08
9142767527,9142765149,0.0,0.0,-0.08
9142777957,9142775181,0.0,0.0,-0.08
9142787402,9142785042,0.0,0.0,-0.08
9142797914,9142795532,0.0,0.0,-0.08
9142808534,9142805528,0.0,0.0,-0.08
9142819006,9142815531,0.0,0.0,-0.08
9142827629,9142825222,0.0,0.0,-0.08
9142838051,9142835476,0.0,0.0,-0.08
9142848531,9142845708,0.0,0.0,-0.08
9142857970,9142855411,0.0,0.0,-0.08
9142867364,9142864811,0.0,0.0,-0.08
9142877864,9142875273,0.0,0.0,-0.08
9142889325,9142885876,0.0,0.0,-0.08
9142897756,9142895382,0.0,0.0,-0.08
9142908575,9142905987,0.0,0.0,-0.08
9142918581,9142916016,0.0,0.0,-0.08
9142928059,9142924570,0.0,0.0,-0.08
9142937468,9142935103,0.0,0.0,-0.08
9142947985,9142945605,0.0,0.0,-0.08
9142958438,9142955827,0.0,0.0,-0.08
9142967883,9142965489,0.0,0.0,-0.08
9142978343,9142975951,0.0,0.0,-0.08
9142988777,9142985951,0.0,0.0,-0.08
9142999356,9142995671,0.0,0.0,-0.08
9143007808,9143005443,0.0,0.0,-0.08
9143018279,9143015893,0.0,0.0,-0.08
9143028649,9143026080,0.0,0.0,-0.08
9143038080,9143035730,0.0,0.0,-0.08
9143047514,9143044960,0.0,0.0,-0.08
9143058924,9143056167,0.0,0.0,-0.08
9143069461,9143066002,0.0,0.0,-0.08
9143078071,9143075682,0.0,0.0,-0.08
9143087718,9143085357,0.0,0.0,-0.08
9143098136,9143095359,0.0,0.0,-0.08
9143108628,9143106068,0.0,0.0,-0.08
9143118049,9143115693,0.0,0.0,-0.08
9143128529,9143125709,0.0,0.0,-0.08
9143140094,9143136348,0.0,0.0,-0.08
9143148441,9143145883,0.0,0.0,-0.08
9143157881,9143155519,0.0,0.0,-0.08
9143168446,9143165668,0.0,0.0,-0.08
9143178941,9143175428,0.0,0.0,-0.08
9143188306,9143185952,0.0,0.0,-0.08
9143198754,9143195967,0.0,0.0,-0.08
9143208189,9143205584,0.0,0.0,-0.08
9143217663,9143215106,0.0,0.0,-0.08
9143227980,9143225593,0.0,0.0,-0.08
9143238244,9143235645,0.0,0.0,-0.08
9143248401,9143245234,0.0,0.0,-0.08
9143258767,9143256385,0.0,0.0,-0.08
9143268133,9143265538,0.0,0.0,-0.08
9143278623,9143276227,0.0,0.0,-0.08
9143289228,9143286870,0.0,0.0,-0.08
9143298659,9143296301,0.0,0.0,-0.08
9143309088,9143306506,0.0,0.0,-0.08
9143319547,9143316200,0.0,0.0,-0.08
9143328127,9143325691,0.0,0.0,-0.08
9143338487,9143335898,0.0,0.0,-0.08
9143348934,9143346342,0.0,0.0,-0.08
9143358378,9143355821,0.0,0.0,-0.08
9143368840,9143366457,0.0,0.0,-0.08
9143379223,9143376444,0.0,0.0,-0.08
9143389803,9143386389,0.0,0.0,-0.08
9143398139,9143395777,0.0,0.0,-0.08
9143408629,9143406229,0.0,0.0,-0.08
9143419392,9143416788,0.0,0.0,-0.08
9143428985,9143426546,0.0,0.0,-0.08
9143438316,9143435934,0.0,0.0,-0.08
9143448792,9143445973,0.0,0.0,-0.08
9143460241,9143456768,0.0,0.0,-0.08
9143468648,9143466278,0.0,0.0,-0.08
9143479144,9143476523,0.0,0.0,-0.08
9143489556,9143486947,0.0,0.0,-0.08
9143500265,9143496550,0.0,0.0,-0.08
9143508748,9143506157,0.0,0.0,-0.08
9143519448,9143517063,0.0,0.0,-0.08
9143529051,9143526448,0.0,0.0,-0.08
9143538751,9143536162,0.0,0.0,-0.08
9143549294,9143546942,0.0,0.0,-0.08
9143559655,9143557090,0.0,0.0,-0.08
9143570167,9143566485,0.0,0.0,-0.08
9143578563,9143576181,0.0,0.0,-0.08
9143589149,9143586563,0.0,0.0,-0.08
9143599589,9143596814,0.0,0.0,-0.08
9143609027,9143606472,0.0,0.0,-0.08
9143618511,9143616130,0.0,0.0,-0.08
9143629454,9143626687,0.0,0.0,-0.08
9143640182,9143636809,0.0,0.0,-0.08
9143648588,9143646234,0.0,0.0,-0.08
9143659059,9143656663,0.0,0.0,-0.08
9143669448,9143666679,0.0,0.0,-0.08
9143679161,9143676715,0.0,0.0,-0.08
9143688545,9143686159,0.0,0.0,-0.08
9143699944,9143696997,0.0,0.0,-0.08
9143710460,9143707007,0.0,0.0,-0.08
9143718844,9143716497,0.0,0.0,-0.08
9143729435,9143726811,0.0,0.0,-0.08
9143739776,9143737186,0.0,0.0,-0.08
9143749230,9143746268,0.0,0.0,-0.08
9143758646,9143756297,0.0,0.0,-0.08
9143769138,9143766549,0.0,0.0,-0.08
9143780616,9143777124,0.0,0.0,-0.08
9143788960,9143786410,0.0,0.0,-0.08
9143799396,9143797029,0.0,0.0,-0.08
9143809899,9143807330,0.0,0.0,-0.08
9143820385,9143816931,0.0,0.0,-0.08
9143828767,9143826421,0.0,0.0,-0.08
9143839393,9143836943,0.0,0.0,-0.08
9143849791,9143846999,0.0,0.0,-0.08
9143859180,9143856635,0.0,0.0,-0.08
9143869761,9143867160,0.0,0.0,-0.08
9143880120,9143877301,0.0,0.0,-0.08
9143890598,9143886921,0.0,0.0,-0.08
9143898909,9143896363,0.0,0.0,-0.08
9143909427,9143906809,0.0,0.0,-0.08
9143919771,9143916993,0.0,0.0,-0.08
9143929228,9143926663,0.0,0.0,-0.08
9143939765,9143937382,0.0,0.0,-0.08
9143950165,9143947400,0.0,0.0,-0.08
9143960834,9143957379,0.0,0.0,-0.08
9143969251,9143966697,0.0,0.0,-0.08
9143979764,9143977357,0.0,0.0,-0.08
9143990144,9143987383,0.0,0.0,-0.08
9143999603,9143997050,0.0,0.0,-0.08
9144009984,9144007412,0.0,0.0,-0.08
9144020270,9144017459,0.0,0.0,-0.08
9144030723,9144027552,0.0,0.0,-0.08
9144039162,9144036785,0.0,0.0,-0.08
9144049653,9144047247,0.0,0.0,-0.08
9144060043,9144057430,0.0,0.0,-0.08
9144070559,9144067179,0.0,0.0,-0.08
9144080026,9144077434,0.0,0.0,-0.08
9144089788,9144087371,0.0,0.0,-0.08
9144101208,9144097759,0.0,0.0,-0.08
9144109694,9144107306,0.0,0.0,-0.08
9144120239,9144117822,0.0,0.0,-0.08
9144129612,9144127026,0.0,0.0,-0.08
9144140251,9144136376,0.0,0.0,-0.08
9144149713,9144147315,0.0,0.0,-0.08
9144160094,9144157714,0.0,0.0,-0.08
9144170622,9144167817,0.0,0.0,-0.08
9144179967,9144177416,0.0,0.0,-0.08
9144189560,9144187171,0.0,0.0,-0.08
9144199941,9144197150,0.0,0.0,-0.08
9144211422,9144207766,0.0,0.0,-0.08
9144219842,9144217484,0.0,0.0,-0.08
9144230346,9144227945,0.0,0.0,-0.08
9144240780,9144238182,0.0,0.0,-0.08
9144250259,9144247894,0.0,0.0,-0.08
9144259663,9144257309,0.0,0.0,-0.08
9144270394,9144267407,0.0,0.0,-0.08
9144281284,9144277937,0.0,0.0,-0.08
9144289737,9144287350,0.0,0.0,-0.08
9144300155,9144297576,0.0,0.0,-0.08
9144310689,9144307889,0.0,0.0,-0.08
9144320185,9144317188,0.0,0.0,-0.08
9144329609,9144327230,0.0,0.0,-0.08
9144340083,9144337280,0.0,0.0,-0.08
9144351612,9144348164,0.0,0.0,-0.08
9144360144,9144357748,0.0,0.0,-0.08
9144370630,9144368252,0.0,0.0,-0.08
9144379984,9144377232,0.0,0.0,-0.08
9144390596,9144386926,0.0,0.0,-0.08
9144400013,9144397450,0.0,0.0,-0.08
9144410579,9144408219,0.0,0.0,-0.08
9144419954,9144417406,0.0,0.0,-0.08
9144430227,9144427583,0.0,0.0,-0.08
9144440919,9144438496,0.0,0.0,-0.08
9144450080,9144447318,0.0,0.0,-0.08
9144461073,9144457914,0.0,0.0,-0.08
9144470559,9144468167,0.0,0.0,-0.08
9144480387,9144478025,0.0,0.0,-0.08
9144490796,9144488019,0.0,0.0,-0.08
9144500268,9144497668,0.0,0.0,-0.08
9144509928,9144507535,0.0,0.0,-0.08
9144520540,9144517755,0.0,0.0,-0.08
9144531949,9144528036,0.0,0.0,-0.08
9144540924,9144538507,0.0,0.0,-0.08
9144550614,9144548193,0.0,0.0,-0.08
9144561063,9144558277,0.0,0.0,-0.08
9144570630,9144568245,0.0,0.0,-0.08
9144580193,9144577572,0.0,0.0,-0.08
9144590674,9144587888,0.0,0.0,-0.08
9144602216,9144598565,0.0,0.0,-0.08
9144610800,9144608405,0.0,0.0,-0.08
9144620256,9144617871,0.0,0.0,-0.08
9144630673,9144628088,0.0,0.0,-0.08
9144641163,9144638005,0.0,0.0,-0.08
9144650591,9144648239,0.0,0.0,-0.08
9144661047,9144658466,0.0,0.0,-0.08
9144672584,9144668531,0.0,0.0,-0.08
9144680873,9144678311,0.0,0.0,-0.08
9144690562,9144688154,0.0,0.0,-0.08
9144701130,9144698550,0.0,0.0,-0.08
9144711652,9144708254,0.0,0.0,-0.08
9144720957,9144718608,0.0,0.0,-0.08
9144730351,9144727801,0.0,0.0,-0.08
9144740882,9144738273,0.0,0.0,-0.08
9144750334,9144747743,0.0,0.0,-0.08
9144760778,9144758405,0.0,0.0,-0.08
9144771224,9144768423,0.0,0.0,-0.08
9144781961,9144778497,0.0,0.0,-0.08
9144790352,9144787996,0.0,0.0,-0.08
9144800807,9144798434,0.0,0.0,-0.08
9144811254,9144808453,0.0,0.0,-0.08
9144820741,9144818151,0.0,0.0,-0.08
9144831185,9144828605,0.0,0.0,-0.08
9144841594,9144838799,0.0,0.0,-0.08
9144852075,9144848876,0.0,0.0,-0.08
9144860480,9144857893,0.0,0.0,-0.08
9144870995,9144868633,0.0,0.0,-0.08
9144881521,9144878894,0.0,0.0,-0.08
9144891956,9144888078,0.0,0.0,-0.08
9144901319,9144898771,0.0,0.0,-0.08
9144910761,9144908199,0.0,0.0,-0.08
9144922237,9144918882,0.0,0.0,-0.08
9144930641,9144928294,0.0,0.0,-0.08
9144941151,9144938784,0.0,0.0,-0.08
9144951714,9144949129,0.0,0.0,-0.08
9144961164,9144957711,0.0,0.0,-0.08
9144970602,9144968241,0.0,0.0,-0.08
9144981128,9144978758,0.0,0.0,-0.08
9144991683,9144989048,0.0,0.0,-0.08
9145001088,9144998530,0.0,0.0,-0.08
9145011564,9145009176,0.0,0.0,-0.08
9145021925,9145019164,0.0,0.0,-0.08
9145032455,9145028327,0.0,0.0,-0.08
9145040881,9145038506,0.0,0.0,-0.08
9145051338,9145048956,0.0,0.0,-0.08
9145061749,9145059164,0.0,0.0,-0.08
9145071178,9145068631,0.0,0.0,-0.08
9145080958,9145078560,0.0,0.0,-0.08
9145091397,9145088542,0.0,0.0,-0.08
9145102764,9145099125,0.0,0.0,-0.08
9145111184,9145108822,0.0,0.0,-0.08
9145121754,9145119357,0.0,0.0,-0.08
9145131085,9145128521,0.0,0.0,-0.08
9145141659,9145139236,0.0,0.0,-0.08
9145150970,9145148621,0.0,0.0,-0.08
9145161460,9145158670,0.0,0.0,-0.08
9145172957,9145169309,0.0,0.0,-0.08
9145181458,9145178889,0.0,0.0,-0.08
9145191864,9145189493,0.0,0.0,-0.08
9145201385,9145198590,0.0,0.0,-0.08
9145211881,9145208891,0.0,0.0,-0.08
9145221271,9145218914,0.0,0.0,-0.08
9145231715,9145229134,0.0,0.0,-0.08
9145243195,9145239345,0.0,0.0,-0.08
9145251588,9145249241,0.0,0.0,-0.08
9145262039,9145259660,0.0,0.0,-0.08
9145272465,9145269676,0.0,0.0,-0.08
9145282192,9145279201,0.0,0.0,-0.08
9145291705,9145289116,0.0,0.0,-0.08
9145301094,9145298740,0.0,0.0,-0.08
9145311509,9145308732,0.0,0.0,-0.08
9145320973,9145318619,0.0,0.0,-0.08
9145331437,9145329057,0.0,0.0,-0.08
9145341872,9145339264,0.0,0.0,-0.08
9145353278,9145349430,0.0,0.0,-0.08
9145361726,9145359345,0.0,0.0,-0.08
9145371222,9145368641,0.0,0.0,-0.08
9145381654,9145378862,0.0,0.0,-0.08
9145392231,9145389579,0.0,0.0,-0.08
9145401563,9145399203,0.0,0.0,-0.08
9145412435,9145409463,0.0,0.0,-0.08
9145422971,9145419780,0.0,0.0,-0.08
9145431353,9145428768,0.0,0.0,-0.08
9145441866,9145439453,0.0,0.0,-0.08
9145452829,9145450007,0.0,0.0,-0.08
9145461766,9145459021,0.0,0.0,-0.08
9145472269,9145469676,0.0,0.0,-0.08
9145481674,9145479110,0.0,0.0,-0.08
9145493157,9145490004,0.0,0.0,-0.08
9145501546,9145499203,0.0,0.0,-0.08
9145512346,9145509897,0.0,0.0,-0.08
9145521897,9145519074,0.0,0.0,-0.08
9145532589,9145528700,0.0,0.0,-0.08
9145542216,9145539613,0.0,0.0,-0.08
9145551534,9145548981,0.0,0.0,-0.08
9145562035,9145559436,0.0,0.0,-0.08
9145571440,9145569091,0.0,0.0,-0.08
9145581951,9145579381,0.0,0.0,-0.08
9145592354,9145589574,0.0,0.0,-0.08
9145602829,9145599457,0.0,0.0,-0.08
9145612228,9145609840,0.0,0.0,-0.08
9145621751,9145619337,0.0,0.0,-0.08
9145632147,9145629332,0.0,0.0,-0.08
9145641727,9145639115,0.0,0.0,-0.08
9145652132,9145649739,0.0,0.0,-0.08
9145663258,9145660140,0.0,0.0,-0.08
9145672812,9145669336,0.0,0.0,-0.08
9145682122,9145679756,0.0,0.0,-0.08
9145692635,9145690072,0.0,0.0,-0.08
9145702017,9145699442,0.0,0.0,-0.08
9145712670,9145710310,0.0,0.0,-0.08
9145722085,9145719722,0.0,0.0,-0.08
9145732510,9145729731,0.0,0.0,-0.08
9145743412,9145740262,0.0,0.0,-0.08
9145751803,9145749256,0.0,0.0,-0.08
9145762311,9145759894,0.0,0.0,-0.08
9145772720,9145769920,0.0,0.0,-0.08
9145783145,9145779771,0.0,0.0,-0.08
9145792887,9145790297,0.0,0.0,-0.08
9145802240,9145799873,0.0,0.0,-0.08
9145813883,9145810397,0.0,0.0,-0.08
9145822263,9145819902,0.0,0.0,-0.08
9145832746,9145830360,0.0,0.0,-0.08
9145843170,9145840561,0.0,0.0,-0.08
9145853656,9145850004,0.0,0.0,-0.08
9145864110,9145859603,0.0,0.0,-0.08
9145872559,9145869931,0.0,0.0,-0.08
9145882916,9145880560,0.0,0.0,-0.08
9145892400,9145889843,0.0,0.0,-0.08
9145902906,9145900521,0.0,0.0,-0.08
9145913253,9145910675,0.0,0.0,-0.08
9145923726,9145920280,0.0,0.0,-0.08
9145932174,9145929813,0.0,0.0,-0.08
9145942656,9145940251,0.0,0.0,-0.08
9145952578,9145949808,0.0,0.0,-0.08
9145963157,9145960735,0.0,0.0,-0.08
9145972723,9145970311,0.0,0.0,-0.08
9145983119,9145980299,0.0,0.0,-0.08
9145994578,9145990733,0.0,0.0,-0.08
9146002489,9146000086,0.0,0.0,-0.08
9146012603,9146010194,0.0,0.0,-0.08
9146023535,9146020758,0.0,0.0,-0.08
9146033083,9146029715,0.0,0.0,-0.08
9146042613,9146040232,0.0,0.0,-0.08
9146052906,9146050050,0.0,0.0,-0.08
9146064586,9146060732,0.0,0.0,-0.08
9146073008,9146070442,0.0,0.0,-0.08
9146082491,9146080092,0.0,0.0,-0.08
9146092973,9146090376,0.0,0.0,-0.08
9146102418,9146099658,0.0,0.0,-0.08
9146112917,9146110525,0.0,0.0,-0.08
9146123311,9146120917,0.0,0.0,-0.08
9146132757,9146130199,0.0,0.0,-0.08
9146142380,9146140003,0.0,0.0,-0.08
9146152837,9146150457,0.0,0.0,-0.08
9146163547,9146160728,0.0,0.0,-0.08
9146173822,9146170419,0.0,0.0,-0.08
9146183201,9146180851,0.0,0.0,-0.08
9146192641,9146190273,0.0,0.0,-0.08
9146203147,9146200516,0.0,0.0,-0.08
9146212573,9146210012,0.0,0.0,-0.08
9146223194,9146220808,0.0,0.0,-0.08
9146233601,9146230797,0.0,0.0,-0.08
9146244149,9146240952,0.0,0.0,-0.08
9146252497,9146250132,0.0,0.0,-0.08
9146263013,9146260644,0.0,0.0,-0.08
9146273402,9146270832,0.0,0.0,-0.08
9146282850,9146280297,0.0,0.0,-0.08
9146293358,9146290971,0.0,0.0,-0.08
9146303758,9146300977,0.0,0.0,-0.08
9146314641,9146311191,0.0,0.0,-0.08
9146323118,9146320711,0.0,0.0,-0.08
9146333547,9146331155,0.0,0.0,-0.08
9146343963,9146341172,0.0,0.0,-0.08
9146353449,9146350285,0.0,0.0,-0.08
9146362893,9146360334,0.0,0.0,-0.08
9146373424,9146370624,0.0,0.0,-0.08
9146384907,9146381228,0.0,0.0,-0.08
9146393448,9146391070,0.0,0.0,-0.08
9146403046,9146400479,0.0,0.0,-0.08
9146413552,9146410740,0.0,0.0,-0.08
9146424061,9146420879,0.0,0.0,-0.08
9146433454,9146431078,0.0,0.0,-0.08
9146443950,9146441548,0.0,0.0,-0.08
9146453259,9146450709,0.0,0.0,-0.08
9146462765,9146460408,0.0,0.0,-0.08
9146473581,9146471137,0.0,0.0,-0.08
9146483978,9146481173,0.0,0.0,-0.08
9146494412,9146491042,0.0,0.0,-0.08
9146503805,9146501450,0.0,0.0,-0.08
9146513486,9146511090,0.0,0.0,-0.08
9146524145,9146521507,0.0,0.0,-0.08
9146533799,9146531178,0.0,0.0,-0.08
9146543245,9146540864,0.0,0.0,-0.08
9146553600,9146550850,0.0,0.0,-0.08
9146565211,9146561556,0.0,0.0,-0.08
9146573660,9146571288,0.0,0.0,-0.08
9146583056,9146580498,0.0,0.0,-0.08
9146593557,9146590919,0.0,0.0,-0.08
9146603969,9146601390,0.0,0.0,-0.08
9146613474,9146610905,0.0,0.0,-0.08
9146623878,9146621100,0.0,0.0,-0.08
9146635354,9146631707,0.0,0.0,-0.08
9146643965,9146641345,0.0,0.0,-0.08
9146653340,9146650986,0.0,0.0,-0.08
9146663787,9146661202,0.0,0.0,-0.08
9146674377,9146671613,0.0,0.0,-0.08
9146684130,9146681547,0.0,0.0,-0.08
9146693770,9146691407,0.0,0.0,-0.08
9146704305,9146701674,0.0,0.0,-0.08
9146713740,9146711356,0.0,0.0,-0.08
9146724228,9146721624,0.0,0.0,-0.08
9146733807,9146731211,0.0,0.0,-0.08
9146745285,9146741436,0.0,0.0,-0.08
9146753743,9146751371,0.0,0.0,-0.08
9146764219,9146761823,0.0,0.0,-0.08
9146774643,9146771868,0.0,0.0,-0.08
9146784172,9146781616,0.0,0.0,-0.08
9146793570,9146791017,0.0,0.0,-0.08
9146804044,9146801233,0.0,0.0,-0.08
9146815646,9146811794,0.0,0.0,-0.08
9146824095,9146821710,0.0,0.0,-0.08
9146833600,9146831042,0.0,0.0,-0.08
9146844099,9146841480,0.0,0.0,-0.08
9146854561,9146851967,0.0,0.0,-0.08
9146863959,9146861406,0.0,0.0,-0.08
9146874448,9146871867,0.0,0.0,-0.08
9146885920,9146882059,0.0,0.0,-0.08
9146893373,9146890995,0.0,0.0,-0.08
9146903968,9146901537,0.0,0.0,-0.08
9146914349,9146911566,0.0,0.0,-0.08
9146924831,9146921179,0.0,0.0,-0.08
9146934264,9146931704,0.0,0.0,-0.08
9146944806,9146942005,0.0,0.0,-0.08
9146955619,9146952175,0.0,0.0,-0.08
9146964041,9146961469,0.0,0.0,-0.08
9146974576,9146972162,0.0,0.0,-0.08
9146984190,9146981576,0.0,0.0,-0.08
9146994667,9146991899,0.0,0.0,-0.08
9147004152,9147001736,0.0,0.0,-0.08
9147014632,9147012251,0.0,0.0,-0.08
9147025161,9147022373,0.0,0.0,-0.08
9147033667,9147031113,0.0,0.0,-0.08
9147044434,9147042068,0.0,0.0,-0.08
9147054790,9147052033,0.0,0.0,-0.08
9147065562,9147062055,0.0,0.0,-0.08
9147073936,9147071572,0.0,0.0,-0.08
9147084398,9147081817,0.0,0.0,-0.08
9147094787,9147092200,0.0,0.0,-0.08
9147104266,9147101663,0.0,0.0,-0.08
9147115027,9147112045,0.0,0.0,-0.08
9147124471,9147121690,0.0,0.0,-0.08
9147135946,9147132293,0.0,0.0,-0.08
9147144426,9147142061,0.0,0.0,-0.08
9147154371,9147151996,0.0,0.0,-0.08
9147165025,9147162450,0.0,0.0,-0.08
9147174522,9147171939,0.0,0.0,-0.08
9147185014,9147182631,0.0,0.0,-0.08
9147194352,9147191774,0.0,0.0,-0.08
9147205906,9147202515,0.0,0.0,-0.08
9147214635,9147212276,0.0,0.0,-0.08
9147224061,9147221675,0.0,0.0,-0.08
9147234653,9147231841,0.0,0.0,-0.08
9147245062,9147241381,0.0,0.0,-0.08
9147254550,9147251932,0.0,0.0,-0.08
9147264948,9147262358,0.0,0.0,-0.08
9147275370,9147272769,0.0,0.0,-0.08
9147284792,9147282445,0.0,0.0,-0.08
9147294210,9147291847,0.0,0.0,-0.08
9147304675,9147301882,0.0,0.0,-0.08
9147316688,9147312759,0.0,0.0,-0.08
9147323963,9147321417,0.0,0.0,-0.08
9147334492,9147332101,0.0,0.0,-0.08
9147344955,9147342144,0.0,0.0,-0.08
9147354425,9147351839,0.0,0.0,-0.08
9147364935,9147362535,0.0,0.0,-0.08
9147375329,9147372544,0.0,0.0,-0.08
9147385807,9147382657,0.0,0.0,-0.08
9147394230,9147391873,0.0,0.0,-0.08
9147404843,9147402400,0.0,0.0,-0.08
9147415382,9147412590,0.0,0.0,-0.08
9147424856,9147422299,0.0,0.0,-0.08
9147435385,9147432997,0.0,0.0,-0.08
9147445484,9147442676,0.0,0.0,-0.08
9147456958,9147453074,0.0,0.0,-0.08
9147464337,9147461972,0.0,0.0,-0.08
9147474836,9147472446,0.0,0.0,-0.08
9147485367,9147482532,0.0,0.0,-0.08
9147495744,9147492092,0.0,0.0,-0.08
9147505369,9147502977,0.0,0.0,-0.08
9147514932,9147512134,0.0,0.0,-0.08
9147526676,9147522993,0.0,0.0,-0.08
9147535426,9147532957,0.0,0.0,-0.08
9147545166,9147542578,0.0,0.0,-0.08
9147555770,9147552998,0.0,0.0,-0.08
9147566397,9147562877,0.0,0.0,-0.08
9147574968,9147572609,0.0,0.0,-0.08
9147585534,9147583077,0.0,0.0,-0.08
9147595961,9147593321,0.0,0.0,-0.08
9147605314,9147602765,0.0,0.0,-0.08
9147614782,9147612426,0.0,0.0,-0.08
9147625257,9147622660,0.0,0.0,-0.08
9147636742,9147632856,0.0,0.0,-0.08
9147645274,9147642917,0.0,0.0,-0.08
9147655960,9147653557,0.0,0.0,-0.08
9147665308,9147662749,0.0,0.0,-0.08
9147674799,9147672230,0.0,0.0,-0.08
9147685247,9147682871,0.0,0.0,-0.08
9147695641,9147692863,0.0,0.0,-0.08
9147707129,9147703245,0.0,0.0,-0.08
9147715523,9147713176,0.0,0.0,-0.08
9147724972,9147722620,0.0,0.0,-0.08
9147735683,9147733098,0.0,0.0,-0.08
9147745284,9147742726,0.0,0.0,-0.08
9147755783,9147753405,0.0,0.0,-0.08
9147766142,9147763359,0.0,0.0,-0.08
9147776649,9147773272,0.0,0.0,-0.08
9147785023,9147782467,0.0,0.0,-0.08
9147795476,9147793099,0.0,0.0,-0.08
9147805926,9147803312,0.0,0.0,-0.08
9147816455,9147813021,0.0,0.0,-0.08
9147825903,9147823511,0.0,0.0,-0.08
9147835251,9147832887,0.0,0.0,-0.08
9147846876,9147843515,0.0,0.0,-0.08
9147855316,9147852936,0.0,0.0,-0.08
9147865763,9147863381,0.0,0.0,-0.08
9147876253,9147873438,0.0,0.0,-0.08
9147886736,9147883250,0.0,0.0,-0.08
9147896137,9147893740,0.0,0.0,-0.08
9147906022,9147903632,0.0,0.0,-0.08
9147916768,9147914114,0.0,0.0,-0.08
9147926716,9147924359,0.0,0.0,-0.08
9147935556,9147933179,0.0,0.0,-0.08
9147946068,9147943279,0.0,0.0,-0.08
9147957560,9147953518,0.0,0.0,-0.08
9147965984,9147963424,0.0,0.0,-0.08
9147975430,9147973074,0.0,0.0,-0.08
9147985976,9147983183,0.0,0.0,-0.08
9147995543,9147992980,0.0,0.0,-0.08
9148006036,9148003644,0.0,0.0,-0.08
9148016485,9148013709,0.0,0.0,-0.08
9148026991,9148023649,0.0,0.0,-0.08
9148035389,9148032841,0.0,0.0,-0.08
9148045579,9148043171,0.0,0.0,-0.08
9148055956,9148053379,0.0,0.0,-0.08
9148066466,9148063009,0.0,0.0,-0.08
9148076180,9148073761,0.0,0.0,-0.08
9148086587,9148083997,0.0,0.0,-0.08
9148097069,9148093896,0.0,0.0,-0.08
9148105477,9148102911,0.0,0.0,-0.08
9148116142,9148113747,0.0,0.0,-0.08
9148125962,9148123207,0.0,0.0,-0.08
9148136440,9148133491,0.0,0.0,-0.08
9148145908,9148143342,0.0,0.0,-0.08
9148156483,9148153898,0.0,0.0,-0.08
9148165961,9148163388,0.0,0.0,-0.08
9148175424,9148172865,0.0,0.0,-0.08
9148185920,9148183539,0.0,0.0,-0.08
9148196333,9148193747,0.0,0.0,-0.08
9148206822,9148203659,0.0,0.0,-0.08
9148216429,9148214026,0.0,0.0,-0.08
9148225805,9148223449,0.0,0.0,-0.08
9148236275,9148233447,0.0,0.0,-0.08
9148245911,9148243330,0.0,0.0,-0.08
9148256441,9148254054,0.0,0.0,-0.08
9148266858,9148264075,0.0,0.0,-0.08
9148277359,9148273980,0.0,0.0,-0.08
9148285758,9148283375,0.0,0.0,-0.08
9148296247,9148293838,0.0,0.0,-0.08
9148306964,9148304404,0.0,0.0,-0.08
9148316456,9148313864,0.0,0.0,-0.08
9148325942,9148323360,0.0,0.0,-0.08
9148337211,9148334451,0.0,0.0,-0.08
9148347675,9148344198,0.0,0.0,-0.08
9148356571,9148354210,0.0,0.0,-0.08
9148366051,9148363489,0.0,0.0,-0.08
9148376989,9148374432,0.0,0.0,-0.08
9148387377,9148383975,0.0,0.0,-0.08
9148396751,9148394360,0.0,0.0,-0.08
9148406327,9148403912,0.0,0.0,-0.08
9148417975,9148414501,0.0,0.0,-0.08
9148426351,9148423767,0.0,0.0,-0.08
9148436777,9148434193,0.0,0.0,-0.08
9148447195,9148444411,0.0,0.0,-0.08
9148457716,9148454038,0.0,0.0,-0.08
9148466031,9148463480,0.0,0.0,-0.08
9148476527,9148473970,0.0,0.0,-0.08
9148486927,9148484354,0.0,0.0,-0.08
9148496482,9148493894,0.0,0.0,-0.08
9148506385,9148503979,0.0,0.0,-0.08
9148516982,9148514126,0.0,0.0,-0.08
9148527945,9148524517,0.0,0.0,-0.08
9148536761,9148534342,0.0,0.0,-0.08
9148546900,9148544302,0.0,0.0,-0.08
9148556613,9148554024,0.0,0.0,-0.08
9148567170,9148564589,0.0,0.0,-0.08
9148576586,9148574011,0.0,0.0,-0.08
9148587153,9148584351,0.0,0.0,-0.08
9148598603,9148594556,0.0,0.0,-0.08
9148606005,9148603643,0.0,0.0,-0.08
9148616510,9148614150,0.0,0.0,-0.08
9148626943,9148624358,0.0,0.0,-0.08
9148637430,9148633948,0.0,0.0,-0.08
9148646815,9148644263,0.0,0.0,-0.08
9148657237,9148654459,0.0,0.0,-0.08
9148668180,9148664807,0.0,0.0,-0.08
9148676593,9148674040,0.0,0.0,-0.08
9148687147,9148684496,0.0,0.0,-0.08
9148697450,9148694661,0.0,0.0,-0.08
9148707939,9148704427,0.0,0.0,-0.08
9148717315,9148714761,0.0,0.0,-0.08
9148726817,9148724247,0.0,0.0,-0.08
9148737251,9148734673,0.0,0.0,-0.08
9148746443,9148744082,0.0,0.0,-0.08
9148756779,9148754150,0.0,0.0,-0.08
9148767244,9148764230,0.0,0.0,-0.08
9148777758,9148774575,0.0,0.0,-0.08
9148787147,9148784587,0.0,0.0,-0.08
9148797667,9148794910,0.0,0.0,-0.08
9148807135,9148804125,0.0,0.0,-0.08
9148816668,9148814045,0.0,0.0,-0.08
9148827029,9148824466,0.0,0.0,-0.08
9148837622,9148834637,0.0,0.0,-0.08
9148849156,9148844881,0.0,0.0,-0.08
9148856555,9148853806,0.0,0.0,-0.08
9148867044,9148864241,0.0,0.0,-0.08
9148877428,9148874650,0.0,0.0,-0.08
9148887952,9148884784,0.0,0.0,-0.08
9148897379,9148894824,0.0,0.0,-0.08
9148907767,9148904809,0.0,0.0,-0.08
9148918506,9148915272,0.0,0.0,-0.08
9148927156,9148924571,0.0,0.0,-0.08
9148937588,9148934813,0.0,0.0,-0.08
9148948035,9148945034,0.0,0.0,-0.08
9148958554,9148954851,0.0,0.0,-0.08
9148967902,9148965108,0.0,0.0,-0.08
9148977286,9148974314,0.0,0.0,-0.08
9148988783,9148985330,0.0,0.0,-0.08
9148997164,9148994416,0.0,0.0,-0.08
9149007801,9149005026,0.0,0.0,-0.08
9149018175,9149015217,0.0,0.0,-0.08
9149027500,9149024133,0.0,0.0,-0.08
9149037254,9149034691,0.0,0.0,-0.08
9149047762,9149045163,0.0,0.0,-0.08
9149058133,9149055366,0.0,0.0,-0.08
9149067571,9149065013,0.0,0.0,-0.08
9149078142,9149075570,0.0,0.0,-0.08
9149088676,9149085859,0.0,0.0,-0.08
9149099110,9149095013,0.0,0.0,-0.08
9149107472,9149104925,0.0,0.0,-0.08
9149117974,9149115184,0.0,0.0,-0.08
9149128402,9149125610,0.0,0.0,-0.08
9149138939,9149135945,0.0,0.0,-0.08
9149147434,9149144669,0.0,0.0,-0.08
9149157896,9149154904,0.0,0.0,-0.08
9149169572,9149165696,0.0,0.0,-0.08
9149177059,9149174476,0.0,0.0,-0.08
9149187591,9149185031,0.0,0.0,-0.07948825
9149198023,9149195045,0.0,0.0,-0.07894865
9149208547,9149204644,0.0,0.0,-0.07850964
9149217925,9149215175,0.0,0.0,-0.0779819
9149228388,9149225601,0.0,0.0,-0.077481195
9149238910,9149235534,0.0,0.0,-0.077001244
9149247344,9149244552,0.0,0.0,-0.0764747
9149258119,9149255541,0.0,0.0,-0.075953394
9149268557,9149265741,0.0,0.0,-0.075456746
9149278051,9149274592,0.0,0.0,-0.075005844
9149287575,9149284809,0.0,0.0,-0.07445639
9149298086,9149295321,0.0,0.0,-0.073946394
9149308549,9149305729,0.0,0.0,-0.073503844
9149317986,9149315432,0.0,0.0,-0.072992995
9149328543,9149325745,0.0,0.0,-0.072467394
9149338025,9149335225,0.0,0.0,-0.07194699
9149348636,9149345474,0.0,0.0,-0.07146184
9149358027,9149355474,0.0,0.0,-0.070946194
9149368557,9149365739,0.0,0.0,-0.070472196
9149378992,9149376172,0.0,0.0,-0.069959745
9149388368,9149385817,0.0,0.0,-0.069459744
9149397831,9149395268,0.0,0.0,-0.068946496
9149408302,9149405284,0.0,0.0,-0.06842484
9149419776,9149415695,0.0,0.0,-0.06794259
9149428293,9149425517,0.0,0.0,-0.06747004
9149441538,9149438247,0.0,0.0,-0.06696924
9149449241,9149446267,0.0,0.0,-0.06644869
9149458805,9149456038,0.0,0.0,-0.06595759
9149468346,9149465568,0.0,0.0,-0.06532109
9149478842,9149476043,0.0,0.0,-0.06492009
9149489353,9149485974,0.0,0.0,-0.06443154
9149497769,9149494980,0.0,0.0,-0.06395504
9149508658,9149505909,0.0,0.0,-0.063431285
9149519207,9149516386,0.0,0.0,-0.062934734
9149528918,9149525376,0.0,0.0,-0.062484436
9149538367,9149535786,0.0,0.0,-0.061937984
9149549208,9149546223,0.0,0.0,-0.061414134
9149560125,9149556251,0.0,0.0,-0.060964633
9149567550,9149564993,0.0,0.0,-0.06044413
9149578022,9149575449,0.0,0.0,-0.05992228
9149588459,9149585658,0.0,0.0,-0.05942088
9149599051,9149595689,0.0,0.0,-0.05898378
9149608596,9149605945,0.0,0.0,-0.05846098
9149618961,9149615976,0.0,0.0,-0.05795053
9149628322,9149625561,0.0,0.0,-0.05744898
9149637780,9149635230,0.0,0.0,-0.05693618
9149649247,9149646495,0.0,0.0,-0.056434628
9149658627,9149655681,0.0,0.0,-0.055955376
9149669298,9149665613,0.0,0.0,-0.055471927
9149677859,9149675094,0.0,0.0,-0.054908678
9149688582,9149685975,0.0,0.0,-0.05444938
9149698468,9149695491,0.0,0.0,-0.05395278
9149709252,9149706447,0.0,0.0,-0.05347873
9149718625,9149715874,0.0,0.0,-0.05293468
9149729100,9149726098,0.0,0.0,-0.05245888
9149739602,9149736415,0.0,0.0,-0.05191108
9149749075,9149746510,0.0,0.0,-0.05143973
9149758468,9149755914,0.0,0.0,-0.05092853
9149769057,9149766268,0.0,0.0,-0.05041268
9149778502,9149775928,0.0,0.0,-0.04990793
9149789040,9149786439,0.0,0.0,-0.04943773
9149799337,9149796348,0.0,0.0,-0.04892003
9149809869,9149806518,0.0,0.0,-0.048437033
9149818237,9149815479,0.0,0.0,-0.047911484
9149828758,9149826145,0.0,0.0,-0.047416035
9149839206,9149836204,0.0,0.0,-0.046907537
9149849738,9149846033,0.0,0.0,-0.04645949
9149859072,9149856516,0.0,0.0,-0.045926187
9149869544,9149866531,0.0,0.0,-0.045423236
9149880289,9149876634,0.0,0.0,-0.044931784
9149888646,9149885890,0.0,0.0,-0.044407636
9149899138,9149896125,0.0,0.0,-0.043906886
9149909753,9149906755,0.0,0.0,-0.043401737
9149920248,9149916559,0.0,0.0,-0.042938937
9149928760,9149926165,0.0,0.0,-0.042427186
9149939407,9149936840,0.0,0.0,-0.041895688
9149948802,9149945846,0.0,0.0,-0.041405488
9149958361,9149955556,0.0,0.0,-0.040925186
9149968828,9149966242,0.0,0.0,-0.040391438
9149979323,9149976301,0.0,0.0,-0.03994114
9149990756,9149986513,0.0,0.0,-0.03945564
9149999195,9149996405,0.0,0.0,-0.03892134
9150009008,9150006376,0.0,0.0,-0.03841839
9150019009,9150016239,0.0,0.0,-0.03790779
9150029609,9150026773,0.0,0.0,-0.03741319
9150038968,9150036210,0.0,0.0,-0.03691464
9150049307,9150046308,0.0,0.0,-0.03642149
9150060753,9150056896,0.0,0.0,-0.03589479
9150069187,9150066600,0.0,0.0,-0.03542294
9150079725,9150077098,0.0,0.0,-0.03491804
9150089071,9150086318,0.0,0.0,-0.03438864
9150099628,9150095962,0.0,0.0,-0.03390344
9150109283,9150106642,0.0,0.0,-0.033378538
9150119736,9150116756,0.0,0.0,-0.032917537
9150130471,9150127079,0.0,0.0,-0.032435335
9150138918,9150136152,0.0,0.0,-0.031901333
9150149474,9150146515,0.0,0.0,-0.031395633
9150159951,9150156940,0.0,0.0,-0.030879483
9150169353,9150165898,0.0,0.0,-0.030425832
9150179814,9150177027,0.0,0.0,-0.029907681
9150189184,9150186211,0.0,0.0,-0.029386431
9150199705,9150196934,0.0,0.0,-0.028938532
9150209233,9150206467,0.0,0.0,-0.028382082
9150219797,9150217239,0.0,0.0,-0.027922882
9150230241,9150227442,0.0,0.0,-0.027386732
9150240928,9150237046,0.0,0.0,-0.026910082
9150249463,9150246829,0.0,0.0,-0.02637148
9150259808,9150257260,0.0,0.0,-0.02586133
9150270255,9150267465,0.0,0.0,-0.025381131
9150279766,9150277179,0.0,0.0,-0.024891982
9150289201,9150286619,0.0,0.0,-0.024370432
9150299949,9150297127,0.0,0.0,-0.023860183
9150310518,9150307310,0.0,0.0,-0.023374483
9150319828,9150317053,0.0,0.0,-0.022902483
9150329564,9150326905,0.0,0.0,-0.022377083
9150340111,9150337285,0.0,0.0,-0.021867933
9150349251,9150346493,0.0,0.0,-0.021380782
9150359713,9150357134,0.0,0.0,-0.020888181
9150370194,9150367013,0.0,0.0,-0.020369181
9150380988,9150377776,0.0,0.0,-0.019908782
9150389321,9150386764,0.0,0.0,-0.019376732
9150401825,9150397271,0.0,0.0,-0.018882783
9150410233,9150407652,0.0,0.0,-0.018344633
9150419655,9150416514,0.0,0.0,-0.017895233
9150430166,9150427566,0.0,0.0,-0.017369883
9150439527,9150436751,0.0,0.0,-0.016850833
9150451132,9150447640,0.0,0.0,-0.016407732
9150459543,9150456983,0.0,0.0,-0.015855132
9150470044,9150467683,0.0,0.0,-0.015395882
9150480502,9150477723,0.0,0.0,-0.014851431
9150490993,9150487312,0.0,0.0,-0.014384281
9150499392,9150497015,0.0,0.0,-0.013849281
9150509848,9150507471,0.0,0.0,-0.013347281
9150520407,9150517628,0.0,0.0,-0.012867831
9150530165,9150527574,0.0,0.0,-0.012382681
9150539681,9150537296,0.0,0.0,-0.011859881
9150550744,9150547958,0.0,0.0,-0.011352031
9150561299,9150557453,0.0,0.0,-0.01085473
9150569787,9150567417,0.0,0.0,-0.01036863
9150580267,9150577853,0.0,0.0,-0.00983553
9150590676,9150587902,0.0,0.0,-0.00936078
9150600160,9150597608,0.0,0.0,-0.00886258
9150609661,9150607275,0.0,0.0,-0.00834078
9150620187,9150617386,0.0,0.0,-0.007838329
9150631784,9150627705,0.0,0.0,-0.007353029
9150639167,9150636618,0.0,0.0,-0.0068696793
9150649728,9150646946,0.0,0.0,-0.0063641295
9150660065,9150657270,0.0,0.0,-0.0058481796
9150670623,9150668259,0.0,0.0,-0.0054025296
9150680079,9150677495,0.0,0.0,-0.0048861294
9150690523,9150687725,0.0,0.0,-0.0043699294
9150701935,9150698093,0.0,0.0,-0.0038204794
9150709327,9150706776,0.0,0.0,-0.0033586794
9150719946,9150717527,0.0,0.0,-0.0028471793
9150730338,9150727743,0.0,0.0,-0.0023287793
9150740838,9150737474,0.0,0.0,-0.0018946293
9150749757,9150747171,0.0,0.0,-0.0013570793
9150760226,9150757428,0.0,0.0,-0.00084627926
9150771656,9150768012,0.0,0.0,-0.00035972925
9150780124,9150777534,0.0,0.0,-0.0
9150790594,9150788016,0.0,0.0,-0.0
9150800822,9150798194,0.0,0.0,-0.0
9150811279,9150807796,0.0,0.0,-0.0
9150819650,9150817300,0.0,0.0,-0.0
9150830140,9150827759,0.0,0.0,-0.0
9150840586,9150837795,0.0,0.0,-0.0
9150850009,9150847457,0.0,0.0,-0.0
9150860667,9150858104,0.0,0.0,-0.0
9150871165,9150868338,0.0,0.0,-0.0
9150881612,9150877942,0.0,0.0,-0.0
9150890002,9150887637,0.0,0.0,-0.0
9150900666,9150897879,0.0,0.0,-0.0
9150911169,9150908578,0.0,0.0,-0.0
9150920638,9150918083,0.0,0.0,-0.0
9150931160,9150928379,0.0,0.0,-0.0
9150940736,9150937728,0.0,0.0,-0.0
9150952264,9150948155,0.0,0.0,-0.0
9150960617,9150958071,0.0,0.0,-0.0
9150970092,9150967525,0.0,0.0,-0.0
9150980608,9150977802,0.0,0.0,-0.0
9150991118,9150988510,0.0,0.0,-0.0
9151000560,9150997803,0.0,0.0,-0.0
9151011061,9151008262,0.0,0.0,-0.0
9151021593,9151018542,0.0,0.0,-0.0
9151029900,9151027351,0.0,0.0,-0.0
9151040434,9151037859,0.0,0.0,-0.0
9151050838,9151048052,0.0,0.0,-0.0
9151060266,9151057288,0.0,0.0,-0.0
9151070885,9151068314,0.0,0.0,-0.0
9151081380,9151078371,0.0,0.0,-0.0
9151090711,9151087754,0.0,0.0,-0.0
9151100175,9151097422,0.0,0.0,-0.0
9151110719,9151108163,0.0,0.0,-0.0
9151121216,9151118257,0.0,0.0,-0.0
9151131704,9151128261,0.0,0.0,-0.0
9151141176,9151138611,0.0,0.0,-0.0
9151151962,9151148742,0.0,0.0,-0.0
9151161115,9151158151,0.0,0.0,-0.0
9151170643,9151167890,0.0,0.0,-0.0
9151181134,9151178583,0.0,0.0,-0.0
9151191560,9151188773,0.0,0.0,-0.0
9151202001,9151198531,0.0,0.0,-0.0
9151210431,9151207872,0.0,0.0,-0.0
9151220989,9151218359,0.0,0.0,-0.0
9151231428,9151228416,0.0,0.0,-0.0
9151241801,9151239164,0.0,0.0,-0.0
9151251041,9151248273,0.0,0.0,-0.0
9151261575,9151258621,0.0,0.0,-0.0
9151272185,9151268996,0.0,0.0,-0.0
9151280605,9151277822,0.0,0.0,-0.0
9151290992,9151288435,0.0,0.0,-0.0
9151301450,9151298662,0.0,0.0,-0.0
9151311946,9151307857,0.0,0.0,-0.0
9151321538,9151318923,0.0,0.0,-0.0
9151331934,9151328937,0.0,0.0,-0.0
9151342495,9151338967,0.0,0.0,-0.0
9151350959,9151348392,0.0,0.0,-0.0
9151361474,9151358884,0.0,0.0,-0.0
9151371843,9151369076,0.0,0.0,-0.0
9151382344,9151378692,0.0,0.0,-0.0
9151390834,9151388260,0.0,0.0,-0.0
9151401401,9151398213,0.0,0.0,-0.0
9151411880,9151409080,0.0,0.0,-0.0
9151421280,9151418528,0.0,0.0,-0.0
9151431782,9151429028,0.0,0.0,-0.0
9151442251,9151439435,0.0,0.0,-0.0
9151452752,9151448855,0.0,0.0,-0.0
9151461080,9151458531,0.0,0.0,-0.0
9151471558,9151468979,0.0,0.0,-0.0
9151481964,9151479164,0.0,0.0,-0.0
9151490846,9151488088,0.0,0.0,-0.0
9151501372,9151498773,0.0,0.0,-0.0
9151511969,9151508898,0.0,0.0,-0.0
9151522834,9151519136,0.0,0.0,-0.0
9151531439,9151528836,0.0,0.0,-0.0
9151541194,9151538617,0.0,0.0,-0.0
9151551662,9151548876,0.0,0.0,-0.0
9151561139,9151558387,0.0,0.0,-0.0
9151571928,9151569128,0.0,0.0,-0.0
9151582395,9151579400,0.0,0.0,-0.0
9151591958,9151588584,0.0,0.0,-0.0
9151601265,9151598711,0.0,0.0,-0.0
9151611790,9151609035,0.0,0.0,-0.0
9151621906,9151619120,0.0,0.0,-0.0
9151632420,9151628942,0.0,0.0,-0.0
9151641999,9151639619,0.0,0.0,-0.0
9151653408,9151648958,0.0,0.0,-0.0
9151663206,9151659430,0.0,0.0,-0.0
9151671555,9151669188,0.0,0.0,-0.0
9151682024,9151679643,0.0,0.0,-0.0
9151691468,9151688906,0.0,0.0,-0.0
9151702935,9151699091,0.0,0.0,-0.0
9151711366,9151709014,0.0,0.0,-0.0
9151721844,9151719457,0.0,0.0,-0.0
9151732261,9151729471,0.0,0.0,-0.0
9151741797,9151739218,0.0,0.0,-0.0
9151751184,9151748834,0.0,0.0,-0.0
9151761673,9151758886,0.0,0.0,-0.0
9151773157,9151769289,0.0,0.0,-0.0
9151781615,9151779056,0.0,0.0,-0.0
9151792217,9151789796,0.0,0.0,-0.0
9151802624,9151799841,0.0,0.0,-0.0
9151812144,9151809759,0.0,0.0,-0.0
9151821549,9151819164,0.0,0.0,-0.0
9151832163,9151829126,0.0,0.0,-0.0
9151843681,9151839817,0.0,0.0,-0.0
9151852469,9151850099,0.0,0.0,-0.0
9151861920,9151859353,0.0,0.0,-0.0
9151872368,9151869582,0.0,0.0,-0.0
9151881887,9151879119,0.0,0.0,-0.0
9151892338,9151889756,0.0,0.0,-0.0
9151903730,9151900057,0.0,0.0,-0.0
9151913158,9151909807,0.0,0.0,-0.0
9151921566,9151919024,0.0,0.0,-0.0
9151932049,9151929447,0.0,0.0,-0.0
9151942547,9151939917,0.0,0.0,-0.0
9151952663,9151948960,0.0,0.0,-0.0
9151962040,9151959489,0.0,0.0,-0.0
9151971939,9151969536,0.0,0.0,-0.0
9151982333,9151979745,0.0,0.0,-0.0
9151991787,9151989239,0.0,0.0,-0.0
9152002624,9152000024,0.0,0.0,-0.0
9152012036,9152009454,0.0,0.0,-0.0
9152023526,9152019480,0.0,0.0,-0.0
9152031952,9152029374,0.0,0.0,-0.0
9152042429,9152039825,0.0,0.0,-0.0
9152052768,9152050023,0.0,0.0,-0.0
9152062355,9152059738,0.0,0.0,-0.0
9152072831,9152070435,0.0,0.0,-0.0
9152082351,9152079530,0.0,0.0,-0.0
9152093816,9152090157,0.0,0.0,-0.0
9152102197,9152099848,0.0,0.0,-0.0
9152112748,9152110373,0.0,0.0,-0.0
9152122142,9152119584,0.0,0.0,-0.0
9152132740,9152130143,0.0,0.0,-0.0
9152142149,9152139564,0.0,0.0,-0.0
9152153543,9152149861,0.0,0.0,-0.0
9152164193,9152160285,0.0,0.0,-0.0
9152171576,9152169218,0.0,0.0,-0.0
9152182081,9152179728,0.0,0.0,-0.0
9152192523,9152189944,0.0,0.0,-0.0
9152202998,9152199825,0.0,0.0,-0.0
9152212416,9152210059,0.0,0.0,-0.0
9152222837,9152220459,0.0,0.0,-0.0
9152234352,9152230480,0.0,0.0,-0.0
9152241797,9152239380,0.0,0.0,-0.0
9152252391,9152250013,0.0,0.0,-0.0
9152262811,9152260176,0.0,0.0,-0.0
9152273299,9152270069,0.0,0.0,-0.0
9152282694,9152280308,0.0,0.0,-0.0
9152292133,9152289538,0.0,0.0,-0.0
9152302547,9152299741,0.0,0.0,-0.0
9152311985,9152309419,0.0,0.0,-0.0
9152322534,9152319930,0.0,0.0,-0.0
9152333066,9152330247,0.0,0.0,-0.0
9152343613,9152340258,0.0,0.0,-0.0
9152353058,9152350489,0.0,0.0,-0.0
9152362512,9152359909,0.0,0.0,-0.0
9152373104,9152370343,0.0,0.0,-0.0
9152382763,9152380208,0.0,0.0,-0.0
9152392183,9152389812,0.0,0.0,-0.0
9152403617,9152399955,0.0,0.0,-0.0
9152414161,9152410699,0.0,0.0,-0.0
9152422709,9152420119,0.0,0.0,-0.0
9152433130,9152430544,0.0,0.0,-0.0
9152443540,9152440952,0.0,0.0,-0.0
9152453018,9152449661,0.0,0.0,-0.0
9152462606,9152460229,0.0,0.0,-0.0
9152473088,9152470291,0.0,0.0,-0.0
9152484571,9152480707,0.0,0.0,-0.0
9152492968,9152490412,0.0,0.0,-0.0
9152502573,9152499953,0.0,0.0,-0.0
9152513111,9152510278,0.0,0.0,-0.0
9152523815,9152520347,0.0,0.0,-0.0
9152533380,9152530773,0.0,0.0,-0.0
9152542883,9152540498,0.0,0.0,-0.0
9152553410,9152550792,0.0,0.0,-0.0
9152563215,9152560656,0.0,0.0,-0.0
9152572741,9152570127,0.0,0.0,-0.0
9152583581,9152580995,0.0,0.0,-0.0
9152593243,9152590055,0.0,0.0,-0.0
9152602897,9152600348,0.0,0.0,-0.0
9152613383,9152610999,0.0,0.0,-0.0
9152623740,9152620963,0.0,0.0,-0.0
9152633234,9152630686,0.0,0.0,-0.0
9152642863,9152640479,0.0,0.0,-0.0
9152654435,9152650734,0.0,0.0,-0.0
9152665020,9152660920,0.0,0.0,-0.0
9152672668,9152670066,0.0,0.0,-0.0
9152683159,9152680541,0.0,0.0,-0.0
9152693563,9152690960,0.0,0.0,-0.0
9152702938,9152700392,0.0,0.0,-0.0
9152713428,9152711074,0.0,0.0,-0.0
9152723809,9152721051,0.0,0.0,-0.0
9152734354,9152731169,0.0,0.0,-0.0
9152742831,9152740272,0.0,0.0,-0.0
9152753646,9152751254,0.0,0.0,-0.0
9152763013,9152760458,0.0,0.0,-0.0
9152773542,9152770761,0.0,0.0,-0.0
9152782918,9152780566,0.0,0.0,-0.0
9152793445,9152790673,0.0,0.0,-0.0
9152804913,9152801233,0.0,0.0,-0.0
9152813310,9152810752,0.0,0.0,-0.0
9152823752,9152821373,0.0,0.0,-0.0
9152834171,9152831587,0.0,0.0,-0.0
9152844779,9152840930,0.0,0.0,-0.0
9152853212,9152850849,0.0,0.0,-0.0
9152863727,9152861161,0.0,0.0,-0.0
9152874226,9152871616,0.0,0.0,-0.0
9152883650,9152881102,0.0,0.0,-0.0
9152893441,9152890872,0.0,0.0,-0.0
9152904880,9152901210,0.0,0.0,-0.0
9152914346,9152911195,0.0,0.0,-0.0
9152923007,9152920421,0.0,0.0,-0.0
9152933547,9152931135,0.0,0.0,-0.0
9152943953,9152941168,0.0,0.0,-0.0
9152953432,9152951068,0.0,0.0,-0.0
9152963955,9152961328,0.0,0.0,-0.0
9152974373,9152971539,0.0,0.0,-0.0
9152984830,9152981456,0.0,0.0,-0.0
9152993204,9152990646,0.0,0.0,-0.0
9153003836,9153001253,0.0,0.0,-0.0
9153014380,9153011538,0.0,0.0,-0.0
9153023664,9153020708,0.0,0.0,-0.0
9153033550,9153030993,0.0,0.0,-0.0
9153044105,9153041278,0.0,0.0,-0.0
9153055535,9153051681,0.0,0.0,-0.0
9153062925,9153060576,0.0,0.0,-0.0
9153073636,9153071055,0.0,0.0,-0.0
9153083994,9153081236,0.0,0.0,-0.0
9153094625,9153091278,0.0,0.0,-0.0
9153104133,9153101706,0.0,0.0,-0.0
9153113549,9153110961,0.0,0.0,-0.0
9153123995,9153121221,0.0,0.0,-0.0
9153133474,9153130902,0.0,0.0,-0.0
9153143993,9153141609,0.0,0.0,-0.0
9153155428,9153151925,0.0,0.0,-0.0
9153164854,9153161388,0.0,0.0,-0.0
9153174484,9153172082,0.0,0.0,-0.0
9153183848,9153181280,0.0,0.0,-0.0
9153194227,9153191456,0.0,0.0,-0.0
9153203697,9153201148,0.0,0.0,-0.0
9153214217,9153211848,0.0,0.0,-0.0
9153224749,9153221937,0.0,0.0,-0.0
9153235183,9153231707,0.0,0.0,-0.0
9153243583,9153241019,0.0,0.0,-0.0
9153254047,9153251654,0.0,0.0,-0.0
9153264594,9153261821,0.0,0.0,-0.0
9153274589,9153272212,0.0,0.0,-0.0
9153283957,9153281609,0.0,0.0,-0.0
9153294400,9153291415,0.0,0.0,-0.0
9153305858,9153302208,0.0,0.0,-0.0
9153314282,9153311910,0.0,0.0,-0.0
9153323787,9153321221,0.0,0.0,-0.0
9153334236,9153331634,0.0,0.0,-0.0
9153345004,9153341600,0.0,0.0,-0.0
9153354398,9153352014,0.0,0.0,-0.0
9153364784,9153362011,0.0,0.0,-0.0
9153374262,9153371655,0.0,0.0,-0.0
9153383762,9153381193,0.0,0.0,-0.0
9153394235,9153391638,0.0,0.0,-0.0
9153405681,9153402208,0.0,0.0,-0.0
9153415132,9153411949,0.0,0.0,-0.0
9153424678,9153422056,0.0,0.0,-0.0
9153434217,9153431635,0.0,0.0,-0.0
9153444822,9153442250,0.0,0.0,-0.0
9153456273,9153451296,0.0,0.0,-0.0
9153464636,9153461273,0.0,0.0,-0.0
9153474581,9153472170,0.0,0.0,-0.0
9153485982,9153482123,0.0,0.0,-0.0
9153494566,9153492148,0.0,0.0,-0.0
9153503922,9153501331,0.0,0.0,-0.0
9153514698,9153512069,0.0,0.0,-0.0
9153524331,9153521692,0.0,0.0,-0.0
9153535002,9153532619,0.0,0.0,-0.0
9153544585,9153541611,0.0,0.0,-0.0
9153556250,9153552550,0.0,0.0,-0.0
9153564732,9153562323,0.0,0.0,-0.0
9153574378,9153572019,0.0,0.0,-0.0
9153585026,9153582238,0.0,0.0,-0.0
9153595735,9153591639,0.0,0.0,-0.0
9153604168,9153601593,0.0,0.0,-0.0
9153614626,9153611851,0.0,0.0,-0.0
9153625048,9153622463,0.0,0.0,-0.0
9153634560,9153632011,0.0,0.0,-0.0
9153645069,9153642483,0.0,0.0,-0.0
9153655520,9153651834,0.0,0.0,-0.0
9153666022,9153662350,0.0,0.0,-0.0
9153674420,9153672056,0.0,0.0,-0.0
9153684972,9153682577,0.0,0.0,-0.0
9153695493,9153692911,0.0,0.0,-0.0
9153703954,9153701610,0.0,0.0,-0.0
9153714495,9153712114,0.0,0.0,-0.0
9153724847,9153722091,0.0,0.0,-0.0
9153736526,9153732265,0.0,0.0,-0.0
9153744976,9153742620,0.0,0.0,-0.0
9153754433,9153751875,0.0,0.0,-0.0
9153765104,9153762490,0.0,0.0,-0.0
9153774550,9153771969,0.0,0.0,-0.0
9153784998,9153782624,0.0,0.0,-0.0
9153795423,9153792429,0.0,0.0,-0.0
9153806402,9153802738,0.0,0.0,-0.0
9153814788,9153812237,0.0,0.0,-0.0
9153825236,9153822851,0.0,0.0,-0.0
9153835668,9153832890,0.0,0.0,-0.0
9153845409,9153842808,0.0,0.0,-0.0
9153855036,9153852444,0.0,0.0,-0.0
9153865402,9153862644,0.0,0.0,-0.0
9153875002,9153872431,0.0,0.0,-0.0
9153884663,9153882106,0.0,0.0,-0.0
9153895073,9153892507,0.0,0.0,-0.0
9153906564,9153902869,0.0,0.0,-0.0
9153915946,9153912507,0.0,0.0,-0.0
9153925415,9153922860,0.0,0.0,-0.0
9153935037,9153932235,0.0,0.0,-0.0
9153946545,9153943065,0.0,0.0,-0.0
9153954940,9153952380,0.0,0.0,-0.0
9153965371,9153962992,0.0,0.0,-0.0
9153975730,9153973172,0.0,0.0,-0.0
9153985912,9153982036,0.0,0.0,-0.0
9153995344,9153992752,0.0,0.0,-0.0
9154004826,9154002247,0.0,0.0,-0.0
9154015354,9154012739,0.0,0.0,-0.0
9154024932,9154022348,0.0,0.0,-0.0
9154035397,9154033017,0.0,0.0,-0.0
9154045909,9154043101,0.0,0.0,-0.0
9154056381,9154053005,0.0,0.0,-0.0
9154064750,9154062401,0.0,0.0,-0.0
9154075767,9154073401,0.0,0.0,-0.0
9154086134,9154083370,0.0,0.0,-0.0
9154094874,9154092315,0.0,0.0,-0.0
9154105519,9154102906,0.0,0.0,-0.0
9154115950,9154113131,0.0,0.0,-0.0
9154125266,9154122515,0.0,0.0,-0.0
9154134813,9154132251,0.0,0.0,-0.0
9154145326,9154142933,0.0,0.0,-0.0
9154156782,9154153107,0.0,0.0,-0.0
9154166209,9154162155,0.0,0.0,-0.0
9154175667,9154173112,0.0,0.0,-0.0
9154186236,9154183439,0.0,0.0,-0.0
9154196761,9154193407,0.0,0.0,-0.0
9154205215,9154202658,0.0,0.0,-0.0
9154215731,9154213365,0.0,0.0,-0.0
9154226154,9154223375,0.0,0.0,-0.0
9154235609,9154232258,0.0,0.0,-0.0
9154246108,9154243747,0.0,0.0,-0.0
9154255497,9154253136,0.0,0.0,-0.0
9154266021,9154263422,0.0,0.0,-0.0
9154275161,9154272589,0.0,0.0,-0.0
9154285703,9154283297,0.0,0.0,-0.0
9154296186,9154293364,0.0,0.0,-0.0
9154306643,9154303170,0.0,0.0,-0.0
9154316139,9154313734,0.0,0.0,-0.0
9154325540,9154323118,0.0,0.0,-0.0
9154335930,9154333136,0.0,0.0,-0.0
9154345487,9154343098,0.0,0.0,-0.0
9154356126,9154353710,0.0,0.0,-0.0
9154366170,9154363380,0.0,0.0,-0.0
9154376301,9154373524,0.0,0.0,-0.0
9154385924,9154383359,0.0,0.0,-0.0
9154396270,9154393637,0.0,0.0,-0.0
9154407636,9154403958,0.0,0.0,-0.0
9154416278,9154413698,0.0,0.0,-0.0
9154426211,9154423638,0.0,0.0,-0.0
9154436902,9154434037,0.0,0.0,-0.0
9154446365,9154443713,0.0,0.0,-0.0
9154456059,9154453441,0.0,0.0,-0.0
9154465826,9154463457,0.0,0.0,-0.0
9154476437,9154473841,0.0,0.0,-0.0
9154487031,9154483342,0.0,0.0,-0.0
9154496482,9154493875,0.0,0.0,-0.0
9154505828,9154503069,0.0,0.0,-0.0
9154517610,9154514047,0.0,0.0,-0.0
9154526401,9154523935,0.0,0.0,-0.0
9154535865,9154533492,0.0,0.0,-0.0
9154546385,9154543381,0.0,0.0,-0.0
9154556909,9154553726,0.0,0.0,-0.0
9154566267,9154563701,0.0,0.0,-0.0
9154575649,9154573101,0.0,0.0,-0.0
9154586201,9154583384,0.0,0.0,-0.0
9154595733,9154593166,0.0,0.0,-0.0
9154606350,9154603922,0.0,0.0,-0.0
9154616800,9154613995,0.0,0.0,-0.0
9154626137,9154623385,0.0,0.0,-0.0
9154635616,9154633267,0.0,0.0,-0.0
9154646113,9154643556,0.0,0.0,-0.0
9154657545,9154653878,0.0,0.0,-0.0
9154665986,9154663432,0.0,0.0,-0.0
9154676484,9154674127,0.0,0.0,-0.0
9154686956,9154684152,0.0,0.0,-0.0
9154697775,9154694124,0.0,0.0,-0.0
9154706204,9154703647,0.0,0.0,-0.0
9154716748,9154714303,0.0,0.0,-0.0
9154727116,9154724295,0.0,0.0,-0.0
9154736593,9154733211,0.0,0.0,-0.0
9154746041,9154743476,0.0,0.0,-0.0
9154756534,9154753753,0.0,0.0,-0.0
9154767990,9154764338,0.0,0.0,-0.0
9154776632,9154774033,0.0,0.0,-0.0
9154786025,9154783426,0.0,0.0,-0.0
9154796593,9154793798,0.0,0.0,-0.0
9154806292,9154803267,0.0,0.0,-0.0
9154817015,9154814439,0.0,0.0,-0.0
9154826348,9154823798,0.0,0.0,-0.0
9154836777,9154833998,0.0,0.0,-0.0
9154847136,9154844683,0.0,0.0,-0.0
9154856800,9154854426,0.0,0.0,-0.0
9154866828,9154864004,0.0,0.0,-0.0
9154876178,9154873390,0.0,0.0,-0.0
9154886711,9154884144,0.0,0.0,-0.0
9154897157,9154894771,0.0,0.0,-0.0
9154908184,9154904733,0.0,0.0,-0.0
9154916690,9154914111,0.0,0.0,-0.0
9154927077,9154924513,0.0,0.0,-0.0
9154937545,9154934759,0.0,0.0,-0.0
9154948299,9154944437,0.0,0.0,-0.0
9154956680,9154954322,0.0,0.0,-0.0
9154966603,9154964224,0.0,0.0,-0.0
9154976979,9154974220,0.0,0.0,-0.0
9154987560,9154985007,0.0,0.0,-0.0
9154996995,9154994624,0.0,0.0,-0.0
9155007560,9155004751,0.0,0.0,-0.0
9155018034,9155014689,0.0,0.0,-0.0
9155026541,9155024128,0.0,0.0,-0.0
9155036392,9155033991,0.0,0.0,-0.0
9155047171,9155044195,0.0,0.0,-0.0
9155056605,9155053845,0.0,0.0,-0.0
9155066942,9155064282,0.0,0.0,-0.0
9155077311,9155074522,0.0,0.0,-0.0
9155088805,9155084958,0.0,0.0,-0.0
9155096191,9155093839,0.0,0.0,-0.0
9155106680,9155104295,0.0,0.0,-0.0
9155117299,9155114719,0.0,0.0,-0.0
9155126653,9155124095,0.0,0.0,-0.0
9155136168,9155133809,0.0,0.0,-0.0
9155146701,9155144144,0.0,0.0,-0.0
9155158369,9155154700,0.0,0.0,-0.0
9155166825,9155164270,0.0,0.0,-0.0
9155177297,9155174719,0.0,0.0,-0.0
9155187752,9155184971,0.0,0.0,-0.0
9155198354,9155194678,0.0,0.0,-0.0
9155206785,9155204418,0.0,0.0,-0.0
9155217307,9155214755,0.0,0.0,-0.0
9155227661,9155225108,0.0,0.0,-0.0
9155237134,9155234786,0.0,0.0,-0.0
9155247625,9155245269,0.0,0.0,-0.0
9155258393,9155255428,0.0,0.0,-0.0
9155268982,9155265109,0.0,0.0,-0.0
9155277387,9155274826,0.0,0.0,-0.0
9155286955,9155284580,0.0,0.0,-0.0
9155297322,9155294563,0.0,0.0,-0.0
9155307817,9155304173,0.0,0.0,-0.0
9155317280,9155314699,0.0,0.0,-0.0
9155327775,9155324988,0.0,0.0,-0.0
9155339227,9155335180,0.0,0.0,-0.0
9155346871,9155344276,0.0,0.0,-0.0
9155359765,9155356802,0.0,0.0,-0.0
9155367435,9155364471,0.0,0.0,-0.0
9155378029,9155374373,0.0,0.0,-0.0
9155387470,9155384913,0.0,0.0,-0.0
9155396882,9155394510,0.0,0.0,-0.0
9155408351,9155404671,0.0,0.0,-0.0
9155417833,9155415472,0.0,0.0,-0.0
9155427240,9155424881,0.0,0.0,-0.0
9155437660,9155434870,0.0,0.0,-0.0
9155448176,9155445003,0.0,0.0,-0.0
9155457666,9155455258,0.0,0.0,-0.0
9155467161,9155464563,0.0,0.0,-0.0
9155477546,9155474961,0.0,0.0,-0.0
9155488059,9155485437,0.0,0.0,-0.0
9155497408,9155494861,0.0,0.0,-0.0
9155508115,9155505043,0.0,0.0,-0.0
9155519136,9155515201,0.0,0.0,-0.0
9155528104,9155525479,0.0,0.0,-0.0
9155537810,9155535455,0.0,0.0,-0.0
9155548336,9155545469,0.0,0.0,-0.0
9155557725,9155555148,0.0,0.0,-0.0
9155567146,9155564762,0.0,0.0,-0.0
9155578615,9155575851,0.0,0.0,-0.0
9155589123,9155585677,0.0,0.0,-0.0
9155597574,9155595028,0.0,0.0,-0.0
9155608111,9155605481,0.0,0.0,-0.0
9155618456,9155615907,0.0,0.0,-0.0
9155629028,9155625346,0.0,0.0,-0.0
9155637462,9155635089,0.0,0.0,-0.0
9155647948,9155645369,0.0,0.0,-0.0
9155659373,9155655720,0.0,0.0,-0.0
9155667778,9155664831,0.0,0.0,-0.0
9155678315,9155675895,0.0,0.0,-0.0
9155687637,9155685081,0.0,0.0,-0.0
9155699236,9155695390,0.0,0.0,-0.0
9155707665,9155705311,0.0,0.0,-0.0
9155717810,9155715431,0.0,0.0,-0.0
9155728281,9155725690,0.0,0.0,-0.0
9155737745,9155735167,0.0,0.0,-0.0
9155748255,9155745646,0.0,0.0,-0.0
9155758631,9155755859,0.0,0.0,-0.0
9155769094,9155765651,0.0,0.0,-0.0
9155778504,9155776128,0.0,0.0,-0.0
9155787928,9155785341,0.0,0.0,-0.0
9155798484,9155795464,0.0,0.0,-0.0
9155807923,9155805324,0.0,0.0,-0.0
9155818444,9155815843,0.0,0.0,-0.0
9155828925,9155826096,0.0,0.0,-0.0
9155839268,9155835897,0.0,0.0,-0.0
9155847729,9155845177,0.0,0.0,-0.0
9155858195,9155855616,0.0,0.0,-0.0
9155868599,9155865816,0.0,0.0,-0.0
9155878019,9155874658,0.0,0.0,-0.0
9155888451,9155885855,0.0,0.0,-0.0
9155898840,9155896056,0.0,0.0,-0.0
9155909324,9155905275,0.0,0.0,-0.0
9155917733,9155915154,0.0,0.0,-0.0
9155928252,9155925825,0.0,0.0,-0.0
9155938610,9155935822,0.0,0.0,-0.0
9155949081,9155945705,0.0,0.0,-0.0
9155958505,9155956115,0.0,0.0,-0.0
9155968077,9155965660,0.0,0.0,-0.0
9155979032,9155976257,0.0,0.0,-0.0
9155988790,9155986383,0.0,0.0,-0.0
9155998178,9155995822,0.0,0.0,-0.0
9156008761,9156006107,0.0,0.0,-0.0
9156019343,9156015856,0.0,0.0,-0.0
9156028140,9156025533,0.0,0.0,-0.0
9156038709,9156036108,0.0,0.0,-0.0
9156049312,9156046449,0.0,0.0,-0.0
9156058696,9156056138,0.0,0.0,-0.0
9156068148,9156065753,0.0,0.0,-0.0
9156078689,9156075929,0.0,0.0,-0.0
9156090155,9156086305,0.0,0.0,-0.0
9156098566,9156096014,0.0,0.0,-0.0
9156108024,9156105643,0.0,0.0,-0.0
9156118389,9156115824,0.0,0.0,-0.0
9156128942,9156125433,0.0,0.0,-0.0
9156138707,9156136140,0.0,0.0,-0.0
9156149237,9156146482,0.0,0.0,-0.0
9156159725,9156155675,0.0,0.0,-0.0
9156168167,9156165786,0.0,0.0,-0.0
9156178613,9156176242,0.0,0.0,-0.0
9156189091,9156186508,0.0,0.0,-0.0
9156198551,9156195173,0.0,0.0,-0.0
9156209022,9156206631,0.0,0.0,-0.0
9156218590,9156215771,0.0,0.0,-0.0
9156229008,9156226198,0.0,0.0,-0.0
9156238430,9156235857,0.0,0.0,-0.0
9156248915,9156246328,0.0,0.0,-0.0
9156259276,9156256498,0.0,0.0,-0.0
9156269724,9156266333,0.0,0.0,-0.0
9156279185,9156276549,0.0,0.0,-0.0
9156288548,9156286150,0.0,0.0,-0.0
9156298932,9156296162,0.0,0.0,-0.0
9156308830,9156306254,0.0,0.0,-0.0
9156319232,9156316678,0.0,0.0,-0.0
9156329672,9156326863,0.0,0.0,-0.0
9156340252,9156336558,0.0,0.0,-0.0
9156348582,9156346036,0.0,0.0,-0.0
9156359063,9156356670,0.0,0.0,-0.0
9156369438,9156366673,0.0,0.0,-0.0
9156378942,9156376354,0.0,0.0,-0.0
9156388537,9156386108,0.0,0.0,-0.0
9156399001,9156396201,0.0,0.0,-0.0
9156410535,9156405943,0.0,0.0,-0.0
9156419212,9156416859,0.0,0.0,-0.0
9156428607,9156426054,0.0,0.0,-0.0
9156439120,9156436503,0.0,0.0,-0.0
9156449618,9156446147,0.0,0.0,-0.0
9156458995,9156456642,0.0,0.0,-0.0
9156469583,9156466804,0.0,0.0,-0.0
9156480430,9156477056,0.0,0.0,-0.0
9156488848,9156486286,0.0,0.0,-0.0
9156499299,9156496909,0.0,0.0,-0.0
9156509990,9156507364,0.0,0.0,-0.0
9156520786,9156516672,0.0,0.0,-0.0
9156529372,9156526979,0.0,0.0,-0.0
9156539156,9156536562,0.0,0.0,-0.0
9156549865,9156547314,0.0,0.0,-0.0
9156558876,9156556308,0.0,0.0,-0.0
9156569407,9156566997,0.0,0.0,-0.0
9156579808,9156577051,0.0,0.0,-0.0
9156590367,9156586924,0.0,0.0,-0.0
9156598788,9156596444,0.0,0.0,-0.0
9156609311,9156606951,0.0,0.0,-0.0
9156619712,9156616951,0.0,0.0,-0.0
9156629243,9156626664,0.0,0.0,-0.0
9156639856,9156637445,0.0,0.0,-0.0
9156649567,9156646801,0.0,0.0,-0.0
9156661189,9156656222,0.0,0.0,-0.0
9156668586,9156666033,0.0,0.0,-0.0
9156679062,9156676671,0.0,0.0,-0.0
9156689462,9156686891,0.0,0.0,-0.0
9156699949,9156697370,0.0,0.0,-0.0
9156709341,9156706785,0.0,0.0,-0.0
9156719835,9156717043,0.0,0.0,-0.0
9156731512,9156727459,0.0,0.0,-0.0
9156738882,9156736335,0.0,0.0,-0.0
9156749431,9156747050,0.0,0.0,-0.0
9156759830,9156757040,0.0,0.0,-0.0
9156769810,9156766421,0.0,0.0,-0.0
9156779393,9156776808,0.0,0.0,-0.0
9156790031,9156787452,0.0,0.0,-0.0
9156799664,9156796886,0.0,0.0,-0.0
9156809289,9156806702,0.0,0.0,-0.0
9156819745,9156817363,0.0,0.0,-0.0
9156830133,9156827559,0.0,0.0,-0.0
9156840668,9156837158,0.0,0.0,-0.0
9156850010,9156847653,0.0,0.0,-0.0
9156859368,9156856815,0.0,0.0,-0.0
9156869835,9156867059,0.0,0.0,-0.0
9156879468,9156876886,0.0,0.0,-0.0
9156889973,9156887575,0.0,0.0,-0.0
9156900094,9156897253,0.0,0.0,-0.0
9156911540,9156906393,0.0,0.0,-0.0
9156919950,9156917403,0.0,0.0,-0.0
9156929449,9156927088,0.0,0.0,-0.0
9156939877,9156937098,0.0,0.0,-0.0
9156950428,9156947840,0.0,0.0,-0.0
9156959454,9156956896,0.0,0.0,-0.0
9156969942,9156967159,0.0,0.0,-0.0
9156981631,9156977960,0.0,0.0,-0.0
9156990019,9156987667,0.0,0.0,-0.0
9156999491,9156996916,0.0,0.0,-0.0
9157009933,9157007334,0.0,0.0,-0.0
9157020466,9157017016,0.0,0.0,-0.0
9157029904,9157027346,0.0,0.0,-0.0
9157040344,9157037559,0.0,0.0,-0.0
9157051839,9157047783,0.0,0.0,-0.0
9157059201,9157056856,0.0,0.0,-0.0
9157069883,9157067512,0.0,0.0,-0.0
9157080375,9157077782,0.0,0.0,-0.0
9157090927,9157087583,0.0,0.0,-0.0
9157100367,9157098016,0.0,0.0,-0.0
9157109772,9157107415,0.0,0.0,-0.0
9157120257,9157117666,0.0,0.0,-0.0
9157129782,9157127197,0.0,0.0,-0.0
9157140273,9157137675,0.0,0.0,-0.0
9157150816,9157148195,0.0,0.0,-0.0
9157161644,9157156891,0.0,0.0,-0.0
9157170056,9157167703,0.0,0.0,-0.0
9157180586,9157177983,0.0,0.0,-0.0
9157190962,9157188395,0.0,0.0,-0.0
9157200450,9157197869,0.0,0.0,-0.0
9157210556,9157207960,0.0,0.0,-0.0
9157220980,9157218161,0.0,0.0,-0.0
9157231605,9157228066,0.0,0.0,-0.0
9157239962,9157237579,0.0,0.0,-0.0
9157250568,9157248212,0.0,0.0,-0.0
9157260995,9157258406,0.0,0.0,-0.0
9157270448,9157268090,0.0,0.0,-0.0
9157280893,9157278513,0.0,0.0,-0.0
9157290246,9157287284,0.0,0.0,-0.0
9157301771,9157298319,0.0,0.0,-0.0
9157310166,9157307814,0.0,0.0,-0.0
9157320749,9157318145,0.0,0.0,-0.0
9157331171,9157328591,0.0,0.0,-0.0
9157341342,9157337677,0.0,0.0,-0.0
9157350073,9157347522,0.0,0.0,-0.0
9157360577,9157358217,0.0,0.0,-0.0
9157370938,9157368186,0.0,0.0,-0.0
9157380419,9157377868,0.0,0.0,-0.0
9157390928,9157388339,0.0,0.0,-0.0
9157400401,9157397811,0.0,0.0,-0.0
9157411963,9157407203,0.0,0.0,-0.0
9157420375,9157417825,0.0,0.0,-0.0
9157430888,9157428286,0.0,0.0,-0.0
9157441304,9157438508,0.0,0.0,-0.0
9157450761,9157448196,0.0,0.0,-0.0
9157460165,9157457809,0.0,0.0,-0.0
9157470621,9157467832,0.0,0.0,-0.0
9157482239,9157478548,0.0,0.0,-0.0
9157490600,9157488046,0.0,0.0,-0.0
9157501104,9157498716,0.0,0.0,-0.0
9157511500,9157508931,0.0,0.0,-0.0
9157521195,9157518576,0.0,0.0,-0.0
9157530914,9157528458,0.0,0.0,-0.0
9157541484,9157538434,0.0,0.0,-0.0
9157551986,9157548798,0.0,0.0,-0.0
9157560412,9157557859,0.0,0.0,-0.0
9157571050,9157568462,0.0,0.0,-0.0
9157581540,9157578724,0.0,0.0,-0.0
9157590936,9157587990,0.0,0.0,-0.0
9157600384,9157598032,0.0,0.0,-0.0
9157610910,9157608149,0.0,0.0,-0.0
9157622404,9157618952,0.0,0.0,-0.0
9157630832,9157628280,0.0,0.0,-0.0
9157641399,9157638980,0.0,0.0,-0.0
9157651845,9157649241,0.0,0.0,-0.0
9157662347,9157657575,0.0,0.0,-0.0
9157670754,9157668201,0.0,0.0,-0.0
9157681348,9157678997,0.0,0.0,-0.0
9157690746,9157687992,0.0,0.0,-0.0
9157701229,9157698880,0.0,0.0,-0.0
9157710703,9157708152,0.0,0.0,-0.0
9157721117,9157718545,0.0,0.0,-0.0
9157732755,9157728648,0.0,0.0,-0.0
9157741325,9157738940,0.0,0.0,-0.0
9157750689,9157748134,0.0,0.0,-0.0
9157761112,9157758536,0.0,0.0,-0.0
9157771581,9157769032,0.0,0.0,-0.0
9157781023,9157778439,0.0,0.0,-0.0
9157791527,9157788768,0.0,0.0,-0.0
9157802021,9157798851,0.0,0.0,-0.0
9157810454,9157808096,0.0,0.0,-0.0
9157821048,9157818598,0.0,0.0,-0.0
9157831382,9157828577,0.0,0.0,-0.0
9157841873,9157839323,0.0,0.0,-0.0
9157851263,9157848907,0.0,0.0,-0.0
9157861790,9157859004,0.0,0.0,-0.0
9157872395,9157869434,0.0,0.0,-0.0
9157880771,9157878223,0.0,0.0,-0.0
9157891235,9157888854,0.0,0.0,-0.0
9157901718,9157899104,0.0,0.0,-0.0
9157912216,9157908145,0.0,0.0,-0.0
9157921618,9157919259,0.0,0.0,-0.0
9157930979,9157928420,0.0,0.0,-0.0
9157941472,9157938666,0.0,0.0,-0.0
9157950952,9157948399,0.0,0.0,-0.0
9157961446,9157959062,0.0,0.0,-0.0
9157971802,9157969045,0.0,0.0,-0.0
9157982349,9157978963,0.0,0.0,-0.0
9157991935,9157989505,0.0,0.0,-0.0
9158002121,9157999556,0.0,0.0,-0.0
9158011718,9158009157,0.0,0.0,-0.0
9158020958,9158018364,0.0,0.0,-0.0
9158031438,9158029041,0.0,0.0,-0.0
9158041840,9158039028,0.0,0.0,-0.0
9158053453,9158049190,0.0,0.0,-0.0
9158060830,9158058265,0.0,0.0,-0.0
9158071423,9158069014,0.0,0.0,-0.0
9158082031,9158079469,0.0,0.0,-0.0
9158091531,9158089182,0.0,0.0,-0.0
9158101982,9158099405,0.0,0.0,-0.0
9158112451,9158109470,0.0,0.0,-0.0
9158122922,9158119574,0.0,0.0,-0.0
9158131376,9158128811,0.0,0.0,-0.0
9158141929,9158139302,0.0,0.0,-0.0
9158152304,9158149726,0.0,0.0,-0.0
9158163240,9158158830,0.0,0.0,-0.0
9158171417,9158169022,0.0,0.0,-0.0
9158181878,9158179098,0.0,0.0,-0.0
9158193355,9158189704,0.0,0.0,-0.0
9158201813,9158199233,0.0,0.0,-0.0
9158211315,9158208716,0.0,0.0,-0.0
9158221700,9158218915,0.0,0.0,-0.0
9158233172,9158229317,0.0,0.0,-0.0
9158241836,9158239222,0.0,0.0,-0.0
9158252448,9158250057,0.0,0.0,-0.0
9158261785,9158259029,0.0,0.0,-0.0
9158271347,9158268764,0.0,0.0,-0.0
9158281877,9158279323,0.0,0.0,-0.0
9158292329,9158289545,0.0,0.0,-0.0
9158302803,9158299435,0.0,0.0,-0.0
9158311227,9158308863,0.0,0.0,-0.0
9158321676,9158319295,0.0,0.0,-0.0
9158332275,9158329472,0.0,0.0,-0.0
9158341811,9158339229,0.0,0.0,-0.0
9158352287,9158349886,0.0,0.0,-0.0
9158362715,9158359930,0.0,0.0,-0.0
9158373194,9158370036,0.0,0.0,-0.0
9158381615,9158379059,0.0,0.0,-0.0
9158392381,9158390008,0.0,0.0,-0.0
9158402818,9158400041,0.0,0.0,-0.0
9158414188,9158409908,0.0,0.0,-0.0
9158421575,9158419231,0.0,0.0,-0.0
9158432103,9158429294,0.0,0.0,-0.0
9158443609,9158440140,0.0,0.0,-0.0
9158451963,9158449424,0.0,0.0,-0.0
9158462539,9158460132,0.0,0.0,-0.0
9158472974,9158470336,0.0,0.0,-0.0
9158483385,9158479699,0.0,0.0,-0.0
9158491970,9158489522,0.0,0.0,-0.0
9158502565,9158499895,0.0,0.0,-0.0
9158512231,9158509376,0.0,0.0,-0.0
9158522071,9158519671,0.0,0.0,-0.0
9158532751,9158530316,0.0,0.0,-0.0
9158542275,9158539670,0.0,0.0,-0.0
9158553821,9158549740,0.0,0.0,-0.0
9158562226,9158559864,0.0,0.0,-0.0
9158572773,9158570177,0.0,0.0,-0.0
9158582176,9158579608,0.0,0.0,-0.0
9158592792,9158590436,0.0,0.0,-0.0
9158602198,9158599844,0.0,0.0,-0.0
9158612746,9158609918,0.0,0.0,-0.0
9158624173,9158620324,0.0,0.0,-0.0
9158632763,9158630415,0.0,0.0,-0.0
9158642240,9158639868,0.0,0.0,-0.0
9158652630,9158650063,0.0,0.0,-0.0
9158663452,9158660760,0.0,0.0,-0.0
9158672681,9158670274,0.0,0.0,-0.0
9158683078,9158680292,0.0,0.0,-0.0
9158694555,9158690507,0.0,0.0,-0.0
9158701987,9158699624,0.0,0.0,-0.0
9158712505,9158709693,0.0,0.0,-0.0
9158723040,9158720233,0.0,0.0,-0.0
9158733543,9158730008,0.0,0.0,-0.0
9158742919,9158740352,0.0,0.0,-0.0
9158753408,9158750596,0.0,0.0,-0.0
9158764216,9158760551,0.0,0.0,-0.0
9158772626,9158770065,0.0,0.0,-0.0
9158783149,9158780536,0.0,0.0,-0.0
9158792531,9158789772,0.0,0.0,-0.0
9158804196,9158800119,0.0,0.0,-0.0
9158812575,9158810026,0.0,0.0,-0.0
9158823063,9158820681,0.0,0.0,-0.0
9158833459,9158830891,0.0,0.0,-0.0
9158843757,9158841132,0.0,0.0,-0.0
9158852404,9158850046,0.0,0.0,-0.0
9158862896,9158860120,0.0,0.0,-0.0
9158874567,9158870482,0.0,0.0,-0.0
9158882948,9158880581,0.0,0.0,-0.0
9158893389,9158890613,0.0,0.0,-0.0
9158902783,9158900018,0.0,0.0,-0.0
9158913263,9158910887,0.0,0.0,-0.0
9158922686,9158920305,0.0,0.0,-0.0
9158933146,9158930142,0.0,0.0,-0.0
9158944609,9158940959,0.0,0.0,-0.0
9158953007,9158950059,0.0,0.0,-0.0
9158963494,9158960935,0.0,0.0,-0.0
9158973921,9158970942,0.0,0.0,-0.0
9158983361,9158980012,0.0,0.0,-0.0
9158992777,9158990227,0.0,0.0,-0.0
9159003402,9159000589,0.0,0.0,-0.0
9159014995,9159010892,0.0,0.0,-0.0
9159022352,9159019775,0.0,0.0,-0.0
9159032803,9159030227,0.0,0.0,-0.0
9159043267,9159040269,0.0,0.0,-0.0
9159053720,9159050542,0.0,0.0,-0.0
9159063114,9159060529,0.0,0.0,-0.0
9159073621,9159070853,0.0,0.0,-0.0
9159082984,9159080431,0.0,0.0,-0.0
9159092676,9159089895,0.0,0.0,-0.0
9159103110,9159100520,0.0,0.0,-0.0
9159113543,9159110741,0.0,0.0,-0.0
9159124977,9159120735,0.0,0.0,-0.0
9159133433,9159130870,0.0,0.0,-0.0
9159143994,9159140591,0.0,0.0,-0.0
9159153283,9159150331,0.0,0.0,-0.0
9159163779,9159161226,0.0,0.0,-0.0
9159173365,9159170570,0.0,0.0,-0.0
9159183773,9159181013,0.0,0.0,-0.0
9159194325,9159190941,0.0,0.0,-0.0
9159202751,9159199963,0.0,0.0,-0.0
9159213182,9159210594,0.0,0.0,-0.0
9159223583,9159220803,0.0,0.0,-0.0
9159234059,9159230211,0.0,0.0,-0.0
9159243516,9159240744,0.0,0.0,-0.0
9159254028,9159251235,0.0,0.0,-0.0
9159264332,9159260631,0.0,0.0,-0.0
9159273746,9159270951,0.0,0.0,-0.0
9159283152,9159280565,0.0,0.0,-0.0
9159293576,9159290791,0.0,0.0,-0.0
9159303015,9159300271,0.0,0.0,-0.0
9159313547,9159310949,0.0,0.0,-0.0
9159323938,9159321146,0.0,0.0,-0.0
9159334418,9159331633,0.0,0.0,-0.0
9159344078,9159341468,0.0,0.0,-0.0
9159353543,9159350936,0.0,0.0,-0.0
9159363946,9159360940,0.0,0.0,-0.0
9159374411,9159371046,0.0,0.0,-0.0
9159383784,9159381231,0.0,0.0,-0.0
9159394321,9159390899,0.0,0.0,-0.0
9159403639,9159400685,0.0,0.0,-0.0
9159413188,9159410430,0.0,0.0,-0.0
9159423699,9159421131,0.0,0.0,-0.0
9159434608,9159431633,0.0,0.0,-0.0
9159444446,9159441832,0.0,0.0,-0.0
9159454145,9159451525,0.0,0.0,-0.0
9159463697,9159461132,0.0,0.0,-0.0
9159474131,9159471137,0.0,0.0,-0.0
9159483858,9159481270,0.0,0.0,-0.0
9159494267,9159491694,0.0,0.0,-0.0
9159504699,9159501600,0.0,0.0,-0.0
9159515392,9159511858,0.0,0.0,-0.0
9159523959,9159521333,0.0,0.0,-0.0
9159534554,9159531972,0.0,0.0,-0.0
9159544110,9159541085,0.0,0.0,-0.0
9159554630,9159551214,0.0,0.0,-0.0
9159564017,9159561448,0.0,0.0,-0.0
9159574465,9159571681,0.0,0.0,-0.0
9159585947,9159581895,0.0,0.0,-0.0
9159593396,9159590817,0.0,0.0,-0.0
9159603964,9159601137,0.0,0.0,-0.0
9159614349,9159611559,0.0,0.0,-0.0
9159624826,9159621475,0.0,0.0,-0.0
9159634248,9159631685,0.0,0.0,-0.0
9159645813,9159641237,0.0,0.0,-0.0
9159655386,9159652169,0.0,0.0,-0.0
9159663788,9159661437,0.0,0.0,-0.0
9159674346,9159671924,0.0,0.0,-0.0
9159684909,9159682074,0.0,0.0,-0.0
9159695317,9159691832,0.0,0.0,-0.0
9159703663,9159701318,0.0,0.0,-0.0
9159714131,9159711584,0.0,0.0,-0.0
9159724638,9159722036,0.0,0.0,-0.0
9159734044,9159731493,0.0,0.0,-0.0
9159744628,9159742251,0.0,0.0,-0.0
9159754999,9159752240,0.0,0.0,-0.0
9159765609,9159762223,0.0,0.0,-0.0
9159774007,9159771455,0.0,0.0,-0.0
9159784511,9159782114,0.0,0.0,-0.0
9159794867,9159792311,0.0,0.0,-0.0
9159804830,9159801170,0.0,0.0,-0.0
9159814282,9159811908,0.0,0.0,-0.0
9159824747,9159821929,0.0,0.0,-0.0
9159836177,9159832331,0.0,0.0,-0.0
9159843585,9159841032,0.0,0.0,-0.0
9159854194,9159851598,0.0,0.0,-0.0
9159864541,9159861968,0.0,0.0,-0.0
9159875028,9159871871,0.0,0.0,-0.0
9159884506,9159882151,0.0,0.0,-0.0
9159895992,9159892139,0.0,0.0,-0.0
9159905566,9159902587,0.0,0.0,-0.0
9159913920,9159911370,0.0,0.0,-0.0
9159924401,9159922023,0.0,0.0,-0.0
9159934966,9159932165,0.0,0.0,-0.0
9159945796,9159942277,0.0,0.0,-0.0
9159955087,9159952722,0.0,0.0,-0.0
9159964548,9159961982,0.0,0.0,-0.0
9159974997,9159972409,0.0,0.0,-0.0
9159984479,9159981925,0.0,0.0,-0.0
9159994936,9159992358,0.0,0.0,-0.0
9160005301,9160002541,0.0,0.0,-0.0
9160015849,9160012377,0.0,0.0,-0.0
9160024510,9160021946,0.0,0.0,-0.0
9160034274,9160031705,0.0,0.0,-0.0
9160044825,9160042027,0.0,0.0,-0.0
9160055284,9160052699,0.0,0.0,-0.0
9160064777,9160062410,0.0,0.0,-0.0
9160075408,9160072638,0.0,0.0,-0.0
9160086002,9160082600,0.0,0.0,-0.0
9160094376,9160092017,0.0,0.0,-0.0
9160105022,9160102636,0.0,0.0,-0.0
9160115395,9160112831,0.0,0.0,-0.0
9160124849,9160121400,0.0,0.0,-0.0
9160135368,9160132964,0.0,0.0,-0.0
9160145855,9160142156,0.0,0.0,-0.0
9160156393,9160152938,0.0,0.0,-0.0
9160164801,9160162248,0.0,0.0,-0.0
9160175306,9160172714,0.0,0.0,-0.0
9160184757,9160182119,0.0,0.0,-0.0
9160196326,9160192273,0.0,0.0,-0.0
9160204752,9160202193,0.0,0.0,-0.0
9160215237,9160212857,0.0,0.0,-0.0
9160225635,9160223041,0.0,0.0,-0.0
9160235160,9160232602,0.0,0.0,-0.0
9160244643,9160242063,0.0,0.0,-0.0
9160255050,9160252272,0.0,0.0,-0.0
9160266559,9160262684,0.0,0.0,-0.0
9160274963,9160272585,0.0,0.0,-0.0
9160284962,9160282551,0.0,0.0,-0.0
9160295388,9160292782,0.0,0.0,-0.0
9160304992,9160302433,0.0,0.0,-0.0
9160315487,9160313103,0.0,0.0,-0.0
9160325917,9160323333,0.0,0.0,-0.0
9160336416,9160333022,0.0,0.0,-0.0
9160345737,9160343134,0.0,0.0,-0.0
9160355196,9160352794,0.0,0.0,-0.0
9160365581,9160363021,0.0,0.0,-0.0
9160376100,9160372216,0.0,0.0,-0.0
9160385554,9160382971,0.0,0.0,-0.0
9160396102,9160392400,0.0,0.0,-0.0
9160406741,9160403382,0.0,0.0,-0.0
9160415148,9160412599,0.0,0.0,-0.0
9160425586,9160423212,0.0,0.0,-0.0
9160436082,9160433057,0.0,0.0,-0.0
9160446694,9160442843,0.0,0.0,-0.0
9160455145,9160452537,0.0,0.0,-0.0
9160465588,9160463201,0.0,0.0,-0.0
9160476175,9160473518,0.0,0.0,-0.0
9160485557,9160483210,0.0,0.0,-0.0
9160495077,9160492683,0.0,0.0,-0.0
9160505722,9160502908,0.0,0.0,-0.0
9160516367,9160512978,0.0,0.0,-0.0
9160526105,9160523681,0.0,0.0,-0.0
9160535576,9160533012,0.0,0.0,-0.0
9160546376,9160543673,0.0,0.0,-0.0
9160555780,9160553219,0.0,0.0,-0.0
9160565199,9160562844,0.0,0.0,-0.0
9160575647,9160572873,0.0,0.0,-0.0
9160586546,9160582664,0.0,0.0,-0.0
9160594883,9160592528,0.0,0.0,-0.0
9160605364,9160602986,0.0,0.0,-0.0
9160616053,9160613460,0.0,0.0,-0.0
9160625772,9160623207,0.0,0.0,-0.0
9160635241,9160632866,0.0,0.0,-0.0
9160647138,9160643230,0.0,0.0,-0.0
9160654992,9160652439,0.0,0.0,-0.0
9160665850,9160663259,0.0,0.0,-0.0
9160675321,9160672716,0.0,0.0,-0.0
9160685728,9160682939,0.0,0.0,-0.0
9160696346,9160693176,0.0,0.0,-0.0
9160705763,9160703171,0.0,0.0,-0.0
9160716143,9160713741,0.0,0.0,-0.0
9160725542,9160722755,0.0,0.0,-0.0
9160735030,9160732672,0.0,0.0,-0.0
9160745860,9160743473,0.0,0.0,-0.0
9160755549,9160752996,0.0,0.0,-0.0
9160767075,9160763381,0.0,0.0,-0.0
9160775512,9160773149,0.0,0.0,-0.0
9160785972,9160783584,0.0,0.0,-0.0
9160796477,9160793654,0.0,0.0,-0.0
9160805944,9160803378,0.0,0.0,-0.0
9160815369,9160813017,0.0,0.0,-0.0
9160825833,9160823048,0.0,0.0,-0.0
9160837330,9160833662,0.0,0.0,-0.0
9160845788,9160843397,0.0,0.0,-0.0
9160856177,9160853796,0.0,0.0,-0.0
9160866791,9160863958,0.0,0.0,-0.0
9160876235,9160873651,0.0,0.0,-0.0
9160885746,9160883162,0.0,0.0,-0.0
9160897344,9160893688,0.0,0.0,-0.0
9160907913,9160903820,0.0,0.0,-0.0
9160915240,9160912894,0.0,0.0,-0.0
9160925787,9160923400,0.0,0.0,-0.0
9160936215,9160933609,0.0,0.0,-0.0
9160946979,9160943278,0.0,0.0,-0.0
9160956451,9160954071,0.0,0.0,-0.0
9160965909,9160963145,0.0,0.0,-0.0
9160977477,9160974023,0.0,0.0,-0.0
9160985907,9160983345,0.0,0.0,-0.0
9160996420,9160993822,0.0,0.0,-0.0
9161006810,9161004018,0.0,0.0,-0.0
9161017280,9161013603,0.0,0.0,-0.0
9161026181,9161023825,0.0,0.0,-0.0
9161036327,9161033748,0.0,0.0,-0.0
9161046732,9161043963,0.0,0.0,-0.0
9161056166,9161053612,0.0,0.0,-0.0
9161066705,9161064087,0.0,0.0,-0.0
9161076352,9161073574,0.0,0.0,-0.0
9161087837,9161083779,0.0,0.0,-0.0
9161096251,9161093667,0.0,0.0,-0.0
9161106701,9161104122,0.0,0.0,-0.0
9161117283,9161114631,0.0,0.0,-0.0
9161126674,9161124120,0.0,0.0,-0.0
9161136125,9161133533,0.0,0.0,-0.0
9161148102,9161144412,0.0,0.0,-0.0
9161157734,9161154539,0.0,0.0,-0.0
9161166102,9161163736,0.0,0.0,-0.0
9161176602,9161174020,0.0,0.0,-0.0
9161187041,9161184437,0.0,0.0,-0.0
9161196505,9161194123,0.0,0.0,-0.0
9161206065,9161203690,0.0,0.0,-0.0
9161216492,9161213720,0.0,0.0,-0.0
9161227944,9161224500,0.0,0.0,-0.0
9161236442,9161234076,0.0,0.0,-0.0
9161246168,9161243593,0.0,0.0,-0.0
9161256764,9161253890,0.0,0.0,-0.0
9161266163,9161263402,0.0,0.0,-0.0
9161276666,9161274066,0.0,0.0,-0.0
9161287168,9161284758,0.0,0.0,-0.0
9161296537,9161293765,0.0,0.0,-0.0
9161306010,9161303654,0.0,0.0,-0.0
9161316517,9161313950,0.0,0.0,-0.0
9161326964,9161324180,0.0,0.0,-0.0
9161337473,9161334292,0.0,0.0,-0.0
9161347050,9161344675,0.0,0.0,-0.0
9161356536,9161353966,0.0,0.0,-0.0
9161367006,9161364208,0.0,0.0,-0.0
9161376489,9161373933,0.0,0.0,-0.0
9161386975,9161384597,0.0,0.0,-0.0
9161398351,9161394704,0.0,0.0,-0.0
9161407958,9161404466,0.0,0.0,-0.0
9161416326,9161413966,0.0,0.0,-0.0
9161426913,9161424329,0.0,0.0,-0.0
9161437273,9161434516,0.0,0.0,-0.0
9161446790,9161444216,0.0,0.0,-0.0
9161457349,9161454985,0.0,0.0,-0.0
9161466742,9161463773,0.0,0.0,-0.0
9161478237,9161474780,0.0,0.0,-0.0
9161486767,9161484410,0.0,0.0,-0.0
9161496738,9161494149,0.0,0.0,-0.0
9161507205,9161504610,0.0,0.0,-0.0
9161517780,9161513944,0.0,0.0,-0.0
9161527226,9161524840,0.0,0.0,-0.0
9161537091,9161534485,0.0,0.0,-0.0
9161548765,9161545026,0.0,0.0,-0.0
9161557161,9161554586,0.0,0.0,-0.0
9161566631,9161564021,0.0,0.0,-0.0
9161576986,9161574435,0.0,0.0,-0.0
9161588514,9161584625,0.0,0.0,-0.0
9161596927,9161594543,0.0,0.0,-0.0
9161607463,9161605075,0.0,0.0,-0.0
9161617928,9161615320,0.0,0.0,-0.0
9161627366,9161624809,0.0,0.0,-0.0
9161637277,9161634889,0.0,0.0,-0.0
9161648331,9161644667,0.0,0.0,-0.0
9161656956,9161653774,0.0,0.0,-0.0
9161666621,9161664219,0.0,0.0,-0.0
9161677077,9161674692,0.0,0.0,-0.0
9161687526,9161684948,0.0,0.0,-0.0
9161696969,9161694419,0.0,0.0,-0.0
9161707559,9161705184,0.0,0.0,-0.0
9161718208,9161715238,0.0,0.0,-0.0
9161728783,9161725132,0.0,0.0,-0.0
9161737185,9161734641,0.0,0.0,-0.0
9161747672,9161745320,0.0,0.0,-0.0
9161758124,9161755345,0.0,0.0,-0.0
9161768043,9161764615,0.0,0.0,-0.0
9161777466,9161774899,0.0,0.0,-0.0
9161788172,9161785350,0.0,0.0,-0.0
9161798682,9161795310,0.0,0.0,-0.0
9161807087,9161804520,0.0,0.0,-0.0
9161817638,9161815268,0.0,0.0,-0.0
9161828118,9161825283,0.0,0.0,-0.0
9161838603,9161835129,0.0,0.0,-0.0
9161847963,9161845413,0.0,0.0,-0.0
9161857347,9161854993,0.0,0.0,-0.0
9161867852,9161865246,0.0,0.0,-0.0
9161877728,9161875146,0.0,0.0,-0.0
9161887225,9161884837,0.0,0.0,-0.0
9161898361,9161894906,0.0,0.0,-0.0
9161909042,9161905196,0.0,0.0,-0.0
9161917520,9161914929,0.0,0.0,-0.0
9161927974,9161925594,0.0,0.0,-0.0
9161937375,9161934612,0.0,0.0,-0.0
9161947925,9161945514,0.0,0.0,-0.0
9161957367,9161954994,0.0,0.0,-0.0
9161968059,9161965250,0.0,0.0,-0.0
9161979418,9161975335,0.0,0.0,-0.0
9161987809,9161985255,0.0,0.0,-0.0
9161997278,9161994926,0.0,0.0,-0.0
9162008095,9162005307,0.0,0.0,-0.0
