timestamp,yaw_sp_move_rate,q_d[0],q_d[1],q_d[2],q_d[3],thrust_body[0],thrust_body[1],thrust_body[2]
9100592768,0.0,1.0,0.0,0.0,0.0,0.0,0.0,-0.0
9100602615,0.0,1.0,0.0,0.0,0.0,0.0,0.0,-0.0
9100612352,0.0,1.0,0.0,0.0,0.0,0.0,0.0,-0.0
9100623816,0.0,1.0,0.0,0.0,0.0,0.0,0.0,-0.0
9100632322,0.0,1.0,0.0,0.0,0.0,0.0,0.0,-0.0
9100642018,0.0,1.0,0.0,0.0,0.0,0.0,0.0,-0.0
9100652359,0.0,1.0,0.0,0.0,0.0,0.0,0.0,-0.0
9100662898,0.0,1.0,0.0,0.0,0.0,0.0,0.0,-0.0
9100672270,0.0,1.0,0.0,0.0,0.0,0.0,0.0,-0.0
9100683675,0.0,1.0,0.0,0.0,0.0,0.0,0.0,-0.0
9100693410,0.0,1.0,0.0,0.0,0.0,0.0,0.0,-0.0
9100701832,0.0,1.0,0.0,0.0,0.0,0.0,0.0,-0.0
9100712272,0.0,1.0,0.0,0.0,0.0,0.0,0.0,-0.0
9100722753,0.0,1.0,0.0,0.0,0.0,0.0,0.0,-0.0
9100733272,0.0,1.0,0.0,0.0,0.0,0.0,0.0,-0.0
9100742574,0.0,1.0,0.0,0.0,0.0,0.0,0.0,-0.0
9100752128,0.0,1.0,0.0,0.0,0.0,0.0,0.0,-0.0
9100762744,0.0,0.83247584,0.0,0.0,-0.55406135,0.0,0.0,-0.0
9100772521,0.0,0.8326114,0.0,0.0,-0.5538576,0.0,0.0,-0.0
9100781926,0.0,0.8327111,0.0,0.0,-0.5537077,0.0,0.0,-0.0
9100792478,0.0,0.8328979,0.0,0.0,-0.5534266,0.0,0.0,-0.0
9100804022,0.0,0.8331017,0.0,0.0,-0.55311984,0.0,0.0,-0.0
9100812515,0.0,0.83325183,0.0,0.0,-0.5528937,0.0,0.0,-0.0
9100822863,0.0,0.83343416,0.0,0.0,-0.5526188,0.0,0.0,-0.0
9100832384,0.0,0.83360153,0.0,0.0,-0.55236626,0.0,0.0,-0.0
9100842959,0.0,0.8337873,0.0,0.0,-0.55208576,0.0,0.0,-0.0
9100852439,0.0,0.8339536,0.0,0.0,-0.5518346,0.0,0.0,-0.0
9100862807,0.0,0.8341352,0.0,0.0,-0.55156004,0.0,0.0,-0.0
9100874442,0.0,0.83433867,0.0,0.0,-0.5512522,0.0,0.0,-0.0
9100881797,0.0,0.83446705,0.0,0.0,-0.5510578,0.0,0.0,-0.0
9100892388,0.0,0.83465177,0.0,0.0,-0.55077803,0.0,0.0,-0.0
9100902766,0.0,0.83483243,0.0,0.0,-0.5505042,0.0,0.0,-0.0
9100913251,0.0,0.83501464,0.0,0.0,-0.5502277,0.0,0.0,-0.0
9100922668,0.0,0.83510035,0.0,0.0,-0.5500976,0.0,0.0,-0.0
9100934272,0.0,0.8352678,0.0,0.0,-0.54984343,0.0,0.0,-0.0
9100943830,0.0,0.83540535,0.0,0.0,-0.54963434,0.0,0.0,-0.0
9100952259,0.0,0.83552676,0.0,0.0,-0.5494498,0.0,0.0,-0.0
9100962732,0.0,0.8356772,0.0,0.0,-0.54922086,0.0,0.0,-0.0
9100973144,0.0,0.83582664,0.0,0.0,-0.54899347,0.0,0.0,-0.0
9100982695,0.0,0.8359634,0.0,0.0,-0.54878515,0.0,0.0,-0.0
9100993136,0.0,0.83611286,0.0,0.0,-0.54855746,0.0,0.0,-0.0
9101002805,0.0,0.83625096,0.0,0.0,-0.5483469,0.0,0.0,-0.0
9101013239,0.0,0.8363998,0.0,0.0,-0.5481199,0.0,0.0,-0.0
9101022922,0.0,0.8365377,0.0,0.0,-0.5479093,0.0,0.0,-0.0
9101032451,0.0,0.83667326,0.0,0.0,-0.5477023,0.0,0.0,-0.0
9101043051,0.0,0.83682394,0.0,0.0,-0.5474721,0.0,0.0,-0.0
9101053630,0.0,0.836974,0.0,0.0,-0.5472426,0.0,0.0,-0.0
9101063207,0.0,0.8370549,0.0,0.0,-0.5471189,0.0,0.0,-0.0
9101072753,0.0,0.8372174,0.0,0.0,-0.54687023,0.0,0.0,-0.0
9101083118,0.0,0.83739346,0.0,0.0,-0.5466006,0.0,0.0,-0.0
9101092560,0.0,0.8375537,0.0,0.0,-0.546355,0.0,0.0,-0.0
9101103151,0.0,0.8377332,0.0,0.0,-0.54607975,0.0,0.0,-0.0
9101113629,0.0,0.8379104,0.0,0.0,-0.5458078,0.0,0.0,-0.0
9101124140,0.0,0.838088,0.0,0.0,-0.5455351,0.0,0.0,-0.0
9101133097,0.0,0.83823913,0.0,0.0,-0.54530275,0.0,0.0,-0.0
9101142705,0.0,0.83840084,0.0,0.0,-0.54505414,0.0,0.0,-0.0
9101153012,0.0,0.8385743,0.0,0.0,-0.5447872,0.0,0.0,-0.0
9101163666,0.0,0.8387532,0.0,0.0,-0.54451174,0.0,0.0,-0.0
9101172908,0.0,0.8389082,0.0,0.0,-0.5442729,0.0,0.0,-0.0
9101184538,0.0,0.839103,0.0,0.0,-0.54397255,0.0,0.0,-0.0
9101195031,0.0,0.8392782,0.0,0.0,-0.5437022,0.0,0.0,-0.0
9101202435,0.0,0.8393365,0.0,0.0,-0.5436122,0.0,0.0,-0.0
9101212873,0.0,0.8394582,0.0,0.0,-0.54342425,0.0,0.0,-0.0
9101223278,0.0,0.8395794,0.0,0.0,-0.54323703,0.0,0.0,-0.0
9101233775,0.0,0.8397014,0.0,0.0,-0.5430484,0.0,0.0,-0.0
9101243184,0.0,0.83981067,0.0,0.0,-0.5428794,0.0,0.0,-0.0
9101253652,0.0,0.83993214,0.0,0.0,-0.5426914,0.0,0.0,-0.0
9101262915,0.0,0.84003943,0.0,0.0,-0.5425253,0.0,0.0,-0.0
9101272591,0.0,0.84015125,0.0,0.0,-0.54235214,0.0,0.0,-0.0
9101283124,0.0,0.84027296,0.0,0.0,-0.54216355,0.0,0.0,-0.0
9101293463,0.0,0.8403923,0.0,0.0,-0.5419786,0.0,0.0,-0.0
9101303982,0.0,0.84051347,0.0,0.0,-0.5417906,0.0,0.0,-0.0
9101313361,0.0,0.8406214,0.0,0.0,-0.5416232,0.0,0.0,-0.0
9101322795,0.0,0.84072983,0.0,0.0,-0.54145485,0.0,0.0,-0.0
9101333147,0.0,0.8408486,0.0,0.0,-0.5412704,0.0,0.0,-0.0
9101343011,0.0,0.8409492,0.0,0.0,-0.5411141,0.0,0.0,-0.0
9101353702,0.0,0.8410471,0.0,0.0,-0.5409619,0.0,0.0,-0.0
9101364117,0.0,0.8411424,0.0,0.0,-0.5408137,0.0,0.0,-0.0
9101374730,0.0,0.8412393,0.0,0.0,-0.540663,0.0,0.0,-0.0
9101383234,0.0,0.8413168,0.0,0.0,-0.5405423,0.0,0.0,-0.0
9101393665,0.0,0.8414119,0.0,0.0,-0.5403943,0.0,0.0,-0.0
9101404161,0.0,0.84150743,0.0,0.0,-0.5402456,0.0,0.0,-0.0
9101413604,0.0,0.84159315,0.0,0.0,-0.540112,0.0,0.0,-0.0
9101422958,0.0,0.84167796,0.0,0.0,-0.5399798,0.0,0.0,-0.0
9101434520,0.0,0.84178275,0.0,0.0,-0.5398165,0.0,0.0,-0.0
9101445309,0.0,0.8418804,0.0,0.0,-0.53966415,0.0,0.0,-0.0
9101452738,0.0,0.8419477,0.0,0.0,-0.53955925,0.0,0.0,-0.0
9101463198,0.0,0.8420422,0.0,0.0,-0.53941166,0.0,0.0,-0.0
9101473646,0.0,0.84213644,0.0,0.0,-0.53926444,0.0,0.0,-0.0
9101484155,0.0,0.84224033,0.0,0.0,-0.5391022,0.0,0.0,-0.0
9101493586,0.0,0.84232175,0.0,0.0,-0.53897506,0.0,0.0,-0.0
9101504135,0.0,0.84241265,0.0,0.0,-0.5388329,0.0,0.0,-0.0
9101515486,0.0,0.84251046,0.0,0.0,-0.53867996,0.0,0.0,-0.0
9101523165,0.0,0.84257644,0.0,0.0,-0.5385768,0.0,0.0,-0.0
9101533762,0.0,0.8426674,0.0,0.0,-0.53843445,0.0,0.0,-0.0
9101544389,0.0,0.84275866,0.0,0.0,-0.5382916,0.0,0.0,-0.0
9101554902,0.0,0.8428486,0.0,0.0,-0.5381507,0.0,0.0,-0.0
9101563309,0.0,0.8429205,0.0,0.0,-0.53803813,0.0,0.0,-0.0
9101574040,0.0,0.8430122,0.0,0.0,-0.53789437,0.0,0.0,-0.0
9101583456,0.0,0.84309256,0.0,0.0,-0.5377685,0.0,0.0,-0.0
9101593919,0.0,0.84318185,0.0,0.0,-0.5376285,0.0,0.0,-0.0
9101603363,0.0,0.84326214,0.0,0.0,-0.53750247,0.0,0.0,-0.0
9101614135,0.0,0.84335387,0.0,0.0,-0.53735864,0.0,0.0,-0.0
9101624731,0.0,0.84343404,0.0,0.0,-0.53723276,0.0,0.0,-0.0
9101633097,0.0,0.843505,0.0,0.0,-0.53712124,0.0,0.0,-0.0
9101643590,0.0,0.84359396,0.0,0.0,-0.5369816,0.0,0.0,-0.0
9101654237,0.0,0.84368396,0.0,0.0,-0.53684014,0.0,0.0,-0.0
9101663622,0.0,0.84376335,0.0,0.0,-0.5367154,0.0,0.0,-0.0
9101674138,0.0,0.8438521,0.0,0.0,-0.53657585,0.0,0.0,-0.0
9101685580,0.0,0.8439485,0.0,0.0,-0.5364242,0.0,0.0,-0.0
9101695046,0.0,0.84402823,0.0,0.0,-0.53629875,0.0,0.0,-0.0
9101703485,0.0,0.8440992,0.0,0.0,-0.536187,0.0,0.0,-0.0
9101713929,0.0,0.84418684,0.0,0.0,-0.53604907,0.0,0.0,-0.0
9101724353,0.0,0.84427434,0.0,0.0,-0.5359112,0.0,0.0,-0.0
9101734962,0.0,0.8443632,0.0,0.0,-0.53577125,0.0,0.0,-0.0
9101743407,0.0,0.8444339,0.0,0.0,-0.53565973,0.0,0.0,-0.0
9101753902,0.0,0.8445217,0.0,0.0,-0.5355214,0.0,0.0,-0.0
9101765265,0.0,0.84466153,0.0,0.0,-0.5353008,0.0,0.0,-0.0
9101773739,0.0,0.8446623,0.0,0.0,-0.53529954,0.0,0.0,-0.0
9101784226,0.0,0.8446632,0.0,0.0,-0.53529817,0.0,0.0,-0.0
9101794580,0.0,0.84466416,0.0,0.0,-0.5352966,0.0,0.0,-0.0
9101805108,0.0,0.84466505,0.0,0.0,-0.53529525,0.0,0.0,-0.0
9101813597,0.0,0.84466577,0.0,0.0,-0.53529406,0.0,0.0,-0.0
9101824145,0.0,0.84466666,0.0,0.0,-0.5352926,0.0,0.0,-0.0
9101834494,0.0,0.8446675,0.0,0.0,-0.5352913,0.0,0.0,-0.0
9101843967,0.0,0.8446684,0.0,0.0,-0.53528994,0.0,0.0,-0.0
9101854465,0.0,0.84466934,0.0,0.0,-0.53528845,0.0,0.0,-0.0
9101864867,0.0,0.8446703,0.0,0.0,-0.5352869,0.0,0.0,-0.0
9101875351,0.0,0.84467113,0.0,0.0,-0.5352856,0.0,0.0,-0.0
9101883773,0.0,0.84467196,0.0,0.0,-0.53528434,0.0,0.0,-0.0
9101894216,0.0,0.8446729,0.0,0.0,-0.5352828,0.0,0.0,-0.0
9101904841,0.0,0.8447581,0.0,0.0,-0.5351483,0.0,0.0,-0.0
9101914200,0.0,0.8448908,0.0,0.0,-0.5349389,0.0,0.0,-0.0
9101923631,0.0,0.8450243,0.0,0.0,-0.53472793,0.0,0.0,-0.0
9101935213,0.0,0.845188,0.0,0.0,-0.5344691,0.0,0.0,-0.0
9101945750,0.0,0.8453367,0.0,0.0,-0.5342339,0.0,0.0,-0.0
9101954158,0.0,0.8454552,0.0,0.0,-0.5340463,0.0,0.0,-0.0
9101964647,0.0,0.8456029,0.0,0.0,-0.5338124,0.0,0.0,-0.0
9101974055,0.0,0.8457352,0.0,0.0,-0.53360283,0.0,0.0,-0.0
9101984531,0.0,0.8458822,0.0,0.0,-0.5333698,0.0,0.0,-0.0
9101994283,0.0,0.8460189,0.0,0.0,-0.5331529,0.0,0.0,-0.0
9102004773,0.0,0.8461658,0.0,0.0,-0.53291976,0.0,0.0,-0.0
9102016193,0.0,0.8463254,0.0,0.0,-0.53266627,0.0,0.0,-0.0
9102023542,0.0,0.84642786,0.0,0.0,-0.53250337,0.0,0.0,-0.0
9102034039,0.0,0.8465743,0.0,0.0,-0.53227055,0.0,0.0,-0.0
9102044510,0.0,0.84665936,0.0,0.0,-0.53213525,0.0,0.0,-0.0
9102054954,0.0,0.8467471,0.0,0.0,-0.53199565,0.0,0.0,-0.0
9102064315,0.0,0.8468258,0.0,0.0,-0.5318704,0.0,0.0,-0.0
9102074916,0.0,0.8469145,0.0,0.0,-0.53172904,0.0,0.0,-0.0
9102084331,0.0,0.8469934,0.0,0.0,-0.53160346,0.0,0.0,-0.0
9102093720,0.0,0.8470719,0.0,0.0,-0.5314783,0.0,0.0,-0.0
9102104258,0.0,0.84715986,0.0,0.0,-0.5313381,0.0,0.0,-0.0
9102114654,0.0,0.84724647,0.0,0.0,-0.53119993,0.0,0.0,-0.0
9102126097,0.0,0.84734184,0.0,0.0,-0.5310479,0.0,0.0,-0.0
9102134726,0.0,0.84741354,0.0,0.0,-0.5309334,0.0,0.0,-0.0
9102144125,0.0,0.84749174,0.0,0.0,-0.53080857,0.0,0.0,-0.0
9102154657,0.0,0.8475792,0.0,0.0,-0.5306689,0.0,0.0,-0.0
9102165160,0.0,0.84766626,0.0,0.0,-0.5305298,0.0,0.0,-0.0
9102174557,0.0,0.8477441,0.0,0.0,-0.5304054,0.0,0.0,-0.0
9102186173,0.0,0.847853,0.0,0.0,-0.53023136,0.0,0.0,-0.0
9102196801,0.0,0.84794044,0.0,0.0,-0.5300915,0.0,0.0,-0.0
9102204171,0.0,0.848001,0.0,0.0,-0.52999455,0.0,0.0,-0.0
9102214608,0.0,0.8480867,0.0,0.0,-0.52985746,0.0,0.0,-0.0
9102224942,0.0,0.8481714,0.0,0.0,-0.52972186,0.0,0.0,-0.0
9102235457,0.0,0.8482575,0.0,0.0,-0.52958405,0.0,0.0,-0.0
9102244565,0.0,0.84833187,0.0,0.0,-0.52946484,0.0,0.0,-0.0
9102254645,0.0,0.84841406,0.0,0.0,-0.5293331,0.0,0.0,-0.0
9102266011,0.0,0.84850687,0.0,0.0,-0.52918434,0.0,0.0,-0.0
9102274060,0.0,0.84857243,0.0,0.0,-0.52907926,0.0,0.0,-0.0
9102284500,0.0,0.8486574,0.0,0.0,-0.5289429,0.0,0.0,-0.0
9102294945,0.0,0.8487423,0.0,0.0,-0.5288066,0.0,0.0,-0.0
9102305437,0.0,0.8488274,0.0,0.0,-0.5286701,0.0,0.0,-0.0
9102314433,0.0,0.8489004,0.0,0.0,-0.5285529,0.0,0.0,-0.0
9102324977,0.0,0.848966,0.0,0.0,-0.52844745,0.0,0.0,-0.0
9102335324,0.0,0.8489791,0.0,0.0,-0.5284264,0.0,0.0,-0.0
9102344897,0.0,0.8489912,0.0,0.0,-0.528407,0.0,0.0,-0.0
9102354518,0.0,0.8490034,0.0,0.0,-0.5283875,0.0,0.0,-0.0
9102364870,0.0,0.8490164,0.0,0.0,-0.5283664,0.0,0.0,-0.0
9102375785,0.0,0.84903026,0.0,0.0,-0.5283442,0.0,0.0,-0.0
9102385255,0.0,0.8490422,0.0,0.0,-0.52832514,0.0,0.0,-0.0
9102394678,0.0,0.84905404,0.0,0.0,-0.528306,0.0,0.0,-0.0
9102405076,0.0,0.8490671,0.0,0.0,-0.528285,0.0,0.0,-0.0
9102414705,0.0,0.8490792,0.0,0.0,-0.5282656,0.0,0.0,-0.0
9102425121,0.0,0.84909225,0.0,0.0,-0.5282447,0.0,0.0,-0.0
9102436562,0.0,0.84910643,0.0,0.0,-0.5282218,0.0,0.0,-0.0
9102446162,0.0,0.8491185,0.0,0.0,-0.5282025,0.0,0.0,-0.0
9102454577,0.0,0.8491289,0.0,0.0,-0.5281856,0.0,0.0,-0.0
9102464999,0.0,0.8492141,0.0,0.0,-0.5280487,0.0,0.0,-0.0
9102475434,0.0,0.8492402,0.0,0.0,-0.52800673,0.0,0.0,-0.0
9102484949,0.0,0.84926397,0.0,0.0,-0.52796847,0.0,0.0,-0.0
9102494999,0.0,0.8492891,0.0,0.0,-0.52792805,0.0,0.0,-0.0
9102505531,0.0,0.84931535,0.0,0.0,-0.5278858,0.0,0.0,-0.0
9102517205,0.0,0.84934455,0.0,0.0,-0.5278388,0.0,0.0,-0.0
9102524774,0.0,0.8493634,0.0,0.0,-0.52780855,0.0,0.0,-0.0
9102535307,0.0,0.84938955,0.0,0.0,-0.5277664,0.0,0.0,-0.0
9102545875,0.0,0.84941584,0.0,0.0,-0.5277241,0.0,0.0,-0.0
9102555521,0.0,0.8494398,0.0,0.0,-0.5276855,0.0,0.0,-0.0
9102564970,0.0,0.84946316,0.0,0.0,-0.5276479,0.0,0.0,-0.0
9102575523,0.0,0.8494893,0.0,0.0,-0.52760583,0.0,0.0,-0.0
9102585095,0.0,0.84951293,0.0,0.0,-0.5275678,0.0,0.0,-0.0
9102594657,0.0,0.8495366,0.0,0.0,-0.52752966,0.0,0.0,-0.0
9102605115,0.0,0.84962857,0.0,0.0,-0.52738154,0.0,0.0,-0.0
9102615956,0.0,0.8497156,0.0,0.0,-0.5272413,0.0,0.0,-0.0
9102625080,0.0,0.8497888,0.0,0.0,-0.52712333,0.0,0.0,-0.0
9102635686,0.0,0.8498738,0.0,0.0,-0.52698624,0.0,0.0,-0.0
9102645141,0.0,0.8499494,0.0,0.0,-0.5268643,0.0,0.0,-0.0
9102655570,0.0,0.85003275,0.0,0.0,-0.5267298,0.0,0.0,-0.0
9102665697,0.0,0.8501136,0.0,0.0,-0.5265994,0.0,0.0,-0.0
9102675161,0.0,0.850189,0.0,0.0,-0.52647763,0.0,0.0,-0.0
9102686519,0.0,0.85027945,0.0,0.0,-0.52633154,0.0,0.0,-0.0
9102697169,0.0,0.85036397,0.0,0.0,-0.52619493,0.0,0.0,-0.0
9102704644,0.0,0.8504233,0.0,0.0,-0.52609915,0.0,0.0,-0.0
9102715039,0.0,0.85050577,0.0,0.0,-0.52596575,0.0,0.0,-0.0
9102725431,0.0,0.85058796,0.0,0.0,-0.5258327,0.0,0.0,-0.0
9102735929,0.0,0.85067105,0.0,0.0,-0.52569836,0.0,0.0,-0.0
9102745545,0.0,0.8507341,0.0,0.0,-0.5255963,0.0,0.0,-0.0
9102755881,0.0,0.85081327,0.0,0.0,-0.5254681,0.0,0.0,-0.0
9102767524,0.0,0.8509024,0.0,0.0,-0.5253238,0.0,0.0,-0.0
9102775082,0.0,0.8509602,0.0,0.0,-0.52523017,0.0,0.0,-0.0
9102785570,0.0,0.85104024,0.0,0.0,-0.52510047,0.0,0.0,-0.0
9102795932,0.0,0.8511192,0.0,0.0,-0.5249724,0.0,0.0,-0.0
9102806457,0.0,0.85119945,0.0,0.0,-0.5248424,0.0,0.0,-0.0
9102815892,0.0,0.85127115,0.0,0.0,-0.52472603,0.0,0.0,-0.0
9102825696,0.0,0.85134566,0.0,0.0,-0.52460515,0.0,0.0,-0.0
9102837249,0.0,0.8514332,0.0,0.0,-0.52446306,0.0,0.0,-0.0
9102845725,0.0,0.8514975,0.0,0.0,-0.5243587,0.0,0.0,-0.0
9102855235,0.0,0.8515694,0.0,0.0,-0.52424186,0.0,0.0,-0.0
9102865634,0.0,0.851648,0.0,0.0,-0.5241142,0.0,0.0,-0.0
9102877307,0.0,0.85173607,0.0,0.0,-0.523971,0.0,0.0,-0.0
9102885795,0.0,0.8517882,0.0,0.0,-0.5238863,0.0,0.0,-0.0
9102895199,0.0,0.8517553,0.0,0.0,-0.5239398,0.0,0.0,-0.0
9102905839,0.0,0.8517182,0.0,0.0,-0.52400017,0.0,0.0,-0.0
9102915269,0.0,0.8516853,0.0,0.0,-0.5240536,0.0,0.0,-0.0
9102925710,0.0,0.851649,0.0,0.0,-0.5241126,0.0,0.0,-0.0
9102937261,0.0,0.85160875,0.0,0.0,-0.52417797,0.0,0.0,-0.0
9102946767,0.0,0.8515758,0.0,0.0,-0.5242315,0.0,0.0,-0.0
9102956219,0.0,0.85154295,0.0,0.0,-0.52428484,0.0,0.0,-0.0
9102965638,0.0,0.8515102,0.0,0.0,-0.524338,0.0,0.0,-0.0
9102976025,0.0,0.8514743,0.0,0.0,-0.5243964,0.0,0.0,-0.0
9102986616,0.0,0.8514375,0.0,0.0,-0.524456,0.0,0.0,-0.0
9102996136,0.0,0.8514045,0.0,0.0,-0.52450967,0.0,0.0,-0.0
9103006486,0.0,0.8513686,0.0,0.0,-0.5245679,0.0,0.0,-0.0
9103017210,0.0,0.85133153,0.0,0.0,-0.5246281,0.0,0.0,-0.0
9103026030,0.0,0.85139006,0.0,0.0,-0.52453303,0.0,0.0,-0.0
9103036201,0.0,0.85127884,0.0,0.0,-0.52471364,0.0,0.0,-0.0
9103045725,0.0,0.85117483,0.0,0.0,-0.5248823,0.0,0.0,-0.0
9103056259,0.0,0.85105985,0.0,0.0,-0.5250687,0.0,0.0,-0.0
9103065638,0.0,0.8509576,0.0,0.0,-0.5252344,0.0,0.0,-0.0
9103076120,0.0,0.8508433,0.0,0.0,-0.52541953,0.0,0.0,-0.0
9103087546,0.0,0.8507189,0.0,0.0,-0.5256209,0.0,0.0,-0.0
9103096053,0.0,0.8506263,0.0,0.0,-0.5257708,0.0,0.0,-0.0
9103106604,0.0,0.85051143,0.0,0.0,-0.5259565,0.0,0.0,-0.0
9103115935,0.0,0.8504099,0.0,0.0,-0.52612066,0.0,0.0,-0.0
9103127440,0.0,0.85028493,0.0,0.0,-0.5263226,0.0,0.0,-0.0
9103135969,0.0,0.85019237,0.0,0.0,-0.5264722,0.0,0.0,-0.0
9103146364,0.0,0.85007954,0.0,0.0,-0.52665436,0.0,0.0,-0.0
9103156886,0.0,0.8499654,0.0,0.0,-0.52683854,0.0,0.0,-0.0
9103166343,0.0,0.85005397,0.0,0.0,-0.5266956,0.0,0.0,-0.0
9103175726,0.0,0.85009915,0.0,0.0,-0.5266227,0.0,0.0,-0.0
9103187427,0.0,0.85015523,0.0,0.0,-0.5265322,0.0,0.0,-0.0
9103197937,0.0,0.85020554,0.0,0.0,-0.5264509,0.0,0.0,-0.0
9103206262,0.0,0.85024536,0.0,0.0,-0.52638656,0.0,0.0,-0.0
9103215689,0.0,0.8502905,0.0,0.0,-0.5263137,0.0,0.0,-0.0
9103226105,0.0,0.85034025,0.0,0.0,-0.5262333,0.0,0.0,-0.0
9103236599,0.0,0.85039026,0.0,0.0,-0.52615243,0.0,0.0,-0.0
9103246056,0.0,0.8504353,0.0,0.0,-0.52607965,0.0,0.0,-0.0
9103256454,0.0,0.8504847,0.0,0.0,-0.5259998,0.0,0.0,-0.0
9103267983,0.0,0.85053945,0.0,0.0,-0.5259113,0.0,0.0,-0.0
9103276750,0.0,0.850581,0.0,0.0,-0.5258441,0.0,0.0,-0.0
9103286146,0.0,0.85062546,0.0,0.0,-0.5257721,0.0,0.0,-0.0
9103296589,0.0,0.85067487,0.0,0.0,-0.52569216,0.0,0.0,-0.0
9103307067,0.0,0.8507433,0.0,0.0,-0.5255814,0.0,0.0,-0.0
9103316674,0.0,0.8508619,0.0,0.0,-0.5253894,0.0,0.0,-0.0
9103326987,0.0,0.8509891,0.0,0.0,-0.5251833,0.0,0.0,-0.0
9103337574,0.0,0.85111946,0.0,0.0,-0.5249721,0.0,0.0,-0.0
9103345977,0.0,0.85122275,0.0,0.0,-0.52480453,0.0,0.0,-0.0
9103356444,0.0,0.85135126,0.0,0.0,-0.5245961,0.0,0.0,-0.0
9103367038,0.0,0.85148096,0.0,0.0,-0.5243855,0.0,0.0,-0.0
9103377542,0.0,0.8516097,0.0,0.0,-0.52417636,0.0,0.0,-0.0
9103385919,0.0,0.85171217,0.0,0.0,-0.5240099,0.0,0.0,-0.0
9103396351,0.0,0.8518396,0.0,0.0,-0.5238027,0.0,0.0,-0.0
9103407073,0.0,0.8519703,0.0,0.0,-0.52359015,0.0,0.0,-0.0
9103416717,0.0,0.85208774,0.0,0.0,-0.523399,0.0,0.0,-0.0
9103426063,0.0,0.85220134,0.0,0.0,-0.523214,0.0,0.0,-0.0
9103437564,0.0,0.8523409,0.0,0.0,-0.5229866,0.0,0.0,-0.0
9103447538,0.0,0.852418,0.0,0.0,-0.5228609,0.0,0.0,-0.0
9103455845,0.0,0.8525053,0.0,0.0,-0.5227185,0.0,0.0,-0.0
9103466423,0.0,0.8526165,0.0,0.0,-0.52253723,0.0,0.0,-0.0
9103476883,0.0,0.85272634,0.0,0.0,-0.52235794,0.0,0.0,-0.0
9103486346,0.0,0.85282546,0.0,0.0,-0.52219605,0.0,0.0,-0.0
9103496870,0.0,0.8529356,0.0,0.0,-0.52201617,0.0,0.0,-0.0
9103507600,0.0,0.8530477,0.0,0.0,-0.52183294,0.0,0.0,-0.0
9103518407,0.0,0.8531605,0.0,0.0,-0.5216485,0.0,0.0,-0.0
9103525984,0.0,0.8532394,0.0,0.0,-0.52151936,0.0,0.0,-0.0
9103536816,0.0,0.8533522,0.0,0.0,-0.5213348,0.0,0.0,-0.0
9103547290,0.0,0.8534611,0.0,0.0,-0.52115655,0.0,0.0,-0.0
9103556816,0.0,0.85356,0.0,0.0,-0.52099466,0.0,0.0,-0.0
9103567308,0.0,0.8536687,0.0,0.0,-0.52081645,0.0,0.0,-0.0
9103577323,0.0,0.8537722,0.0,0.0,-0.5206467,0.0,0.0,-0.0
9103587638,0.0,0.85386074,0.0,0.0,-0.5205015,0.0,0.0,-0.0
9103596130,0.0,0.85398555,0.0,0.0,-0.5202967,0.0,0.0,-0.0
9103606983,0.0,0.85414493,0.0,0.0,-0.520035,0.0,0.0,-0.0
9103617550,0.0,0.8542997,0.0,0.0,-0.51978076,0.0,0.0,-0.0
9103627931,0.0,0.8544516,0.0,0.0,-0.519531,0.0,0.0,-0.0
9103636326,0.0,0.8545743,0.0,0.0,-0.5193291,0.0,0.0,-0.0
9103646947,0.0,0.8547293,0.0,0.0,-0.51907396,0.0,0.0,-0.0
9103657345,0.0,0.85488087,0.0,0.0,-0.5188244,0.0,0.0,-0.0
9103666857,0.0,0.8550193,0.0,0.0,-0.51859623,0.0,0.0,-0.0
9103676974,0.0,0.85516626,0.0,0.0,-0.5183538,0.0,0.0,-0.0
9103688306,0.0,0.8553306,0.0,0.0,-0.5180826,0.0,0.0,-0.0
9103697993,0.0,0.85547084,0.0,0.0,-0.51785094,0.0,0.0,-0.0
9103706538,0.0,0.85559434,0.0,0.0,-0.51764685,0.0,0.0,-0.0
9103716985,0.0,0.85574526,0.0,0.0,-0.5173974,0.0,0.0,-0.0
9103727314,0.0,0.8558121,0.0,0.0,-0.51728684,0.0,0.0,-0.0
9103736842,0.0,0.8559394,0.0,0.0,-0.5170762,0.0,0.0,-0.0
9103747060,0.0,0.8560757,0.0,0.0,-0.5168504,0.0,0.0,-0.0
9103757416,0.0,0.8562137,0.0,0.0,-0.5166219,0.0,0.0,-0.0
9103767923,0.0,0.8563534,0.0,0.0,-0.5163902,0.0,0.0,-0.0
9103776346,0.0,0.85646534,0.0,0.0,-0.51620454,0.0,0.0,-0.0
9103786912,0.0,0.85660547,0.0,0.0,-0.515972,0.0,0.0,-0.0
9103797355,0.0,0.85674375,0.0,0.0,-0.51574224,0.0,0.0,-0.0
9103807923,0.0,0.8568835,0.0,0.0,-0.5155101,0.0,0.0,-0.0
9103817361,0.0,0.85700816,0.0,0.0,-0.5153029,0.0,0.0,-0.0
9103827871,0.0,0.8571467,0.0,0.0,-0.51507246,0.0,0.0,-0.0
9103838268,0.0,0.8572835,0.0,0.0,-0.51484466,0.0,0.0,-0.0
9103846704,0.0,0.8573944,0.0,0.0,-0.51465994,0.0,0.0,-0.0
9103857155,0.0,0.8575316,0.0,0.0,-0.5144313,0.0,0.0,-0.0
9103867757,0.0,0.8576072,0.0,0.0,-0.5143053,0.0,0.0,-0.0
9103878287,0.0,0.85775626,0.0,0.0,-0.5140567,0.0,0.0,-0.0
9103887725,0.0,0.8578896,0.0,0.0,-0.51383406,0.0,0.0,-0.0
9103897128,0.0,0.85802233,0.0,0.0,-0.5136124,0.0,0.0,-0.0
9103907546,0.0,0.8581691,0.0,0.0,-0.5133671,0.0,0.0,-0.0
9103917129,0.0,0.85830396,0.0,0.0,-0.5131416,0.0,0.0,-0.0
9103927481,0.0,0.8584494,0.0,0.0,-0.5128982,0.0,0.0,-0.0
9103939027,0.0,0.85861117,0.0,0.0,-0.5126274,0.0,0.0,-0.0
9103946441,0.0,0.8587151,0.0,0.0,-0.51245326,0.0,0.0,-0.0
9103957083,0.0,0.85886395,0.0,0.0,-0.5122038,0.0,0.0,-0.0
9103967500,0.0,0.85900944,0.0,0.0,-0.5119598,0.0,0.0,-0.0
9103977925,0.0,0.8591549,0.0,0.0,-0.51171565,0.0,0.0,-0.0
9103987343,0.0,0.85928607,0.0,0.0,-0.51149535,0.0,0.0,-0.0
9103997803,0.0,0.8594315,0.0,0.0,-0.51125085,0.0,0.0,-0.0
9104008280,0.0,0.8595154,0.0,0.0,-0.5111098,0.0,0.0,-0.0
9104018734,0.0,0.85955215,0.0,0.0,-0.511048,0.0,0.0,-0.0
9104027130,0.0,0.85958165,0.0,0.0,-0.5109985,0.0,0.0,-0.0
9104037689,0.0,0.85961866,0.0,0.0,-0.5109361,0.0,0.0,-0.0
9104048109,0.0,0.8596552,0.0,0.0,-0.5108747,0.0,0.0,-0.0
9104057486,0.0,0.85968804,0.0,0.0,-0.5108194,0.0,0.0,-0.0
9104068052,0.0,0.85972494,0.0,0.0,-0.51075727,0.0,0.0,-0.0
9104078392,0.0,0.859761,0.0,0.0,-0.5106966,0.0,0.0,-0.0
9104088911,0.0,0.85979766,0.0,0.0,-0.51063484,0.0,0.0,-0.0
9104097235,0.0,0.8598266,0.0,0.0,-0.5105861,0.0,0.0,-0.0
9104107951,0.0,0.8598639,0.0,0.0,-0.5105233,0.0,0.0,-0.0
9104118550,0.0,0.8599007,0.0,0.0,-0.5104614,0.0,0.0,-0.0
9104128589,0.0,0.85993546,0.0,0.0,-0.5104028,0.0,0.0,-0.0
9104137948,0.0,0.8599679,0.0,0.0,-0.5103482,0.0,0.0,-0.0
9104147389,0.0,0.86005265,0.0,0.0,-0.5102053,0.0,0.0,-0.0
9104158972,0.0,0.86012685,0.0,0.0,-0.51008016,0.0,0.0,-0.0
9104167439,0.0,0.860181,0.0,0.0,-0.5099889,0.0,0.0,-0.0
9104177880,0.0,0.8602477,0.0,0.0,-0.5098764,0.0,0.0,-0.0
9104189283,0.0,0.8603204,0.0,0.0,-0.50975376,0.0,0.0,-0.0
9104198806,0.0,0.86038107,0.0,0.0,-0.5096513,0.0,0.0,-0.0
9104207452,0.0,0.8604361,0.0,0.0,-0.5095583,0.0,0.0,-0.0
9104217900,0.0,0.86050254,0.0,0.0,-0.5094462,0.0,0.0,-0.0
9104228258,0.0,0.8605683,0.0,0.0,-0.5093351,0.0,0.0,-0.0
9104237725,0.0,0.86062825,0.0,0.0,-0.5092337,0.0,0.0,-0.0
9104248260,0.0,0.86069494,0.0,0.0,-0.509121,0.0,0.0,-0.0
9104258633,0.0,0.86076057,0.0,0.0,-0.5090101,0.0,0.0,-0.0
9104269123,0.0,0.86082685,0.0,0.0,-0.508898,0.0,0.0,-0.0
9104277588,0.0,0.8608802,0.0,0.0,-0.50880766,0.0,0.0,-0.0
9104288046,0.0,0.86094695,0.0,0.0,-0.50869477,0.0,0.0,-0.0
9104298454,0.0,0.86090136,0.0,0.0,-0.5087719,0.0,0.0,-0.0
9104307869,0.0,0.8608603,0.0,0.0,-0.5088414,0.0,0.0,-0.0
9104318347,0.0,0.86081463,0.0,0.0,-0.50891864,0.0,0.0,-0.0
9104328826,0.0,0.86076903,0.0,0.0,-0.5089957,0.0,0.0,-0.0
9104339278,0.0,0.86072356,0.0,0.0,-0.50907266,0.0,0.0,-0.0
9104347655,0.0,0.86068714,0.0,0.0,-0.50913423,0.0,0.0,-0.0
9104358126,0.0,0.8606417,0.0,0.0,-0.509211,0.0,0.0,-0.0
9104368786,0.0,0.86059546,0.0,0.0,-0.50928915,0.0,0.0,-0.0
9104378157,0.0,0.8605549,0.0,0.0,-0.50935775,0.0,0.0,-0.0
9104387594,0.0,0.8605139,0.0,0.0,-0.50942695,0.0,0.0,-0.0
9104398498,0.0,0.86046684,0.0,0.0,-0.50950646,0.0,0.0,-0.0
9104409728,0.0,0.8604183,0.0,0.0,-0.5095884,0.0,0.0,-0.0
9104417282,0.0,0.86038566,0.0,0.0,-0.5096435,0.0,0.0,-0.0
9104427802,0.0,0.8604663,0.0,0.0,-0.50950736,0.0,0.0,-0.0
9104439423,0.0,0.86054367,0.0,0.0,-0.50937665,0.0,0.0,-0.0
9104449191,0.0,0.8606087,0.0,0.0,-0.5092668,0.0,0.0,-0.0
9104457688,0.0,0.8606652,0.0,0.0,-0.5091713,0.0,0.0,-0.0
9104468154,0.0,0.86073476,0.0,0.0,-0.5090537,0.0,0.0,-0.0
9104478529,0.0,0.8608035,0.0,0.0,-0.5089375,0.0,0.0,-0.0
9104488099,0.0,0.86086696,0.0,0.0,-0.5088301,0.0,0.0,-0.0
9104498472,0.0,0.8609356,0.0,0.0,-0.50871396,0.0,0.0,-0.0
9104508927,0.0,0.8610047,0.0,0.0,-0.50859696,0.0,0.0,-0.0
9104519476,0.0,0.86107445,0.0,0.0,-0.50847894,0.0,0.0,-0.0
9104528141,0.0,0.8611314,0.0,0.0,-0.5083823,0.0,0.0,-0.0
9104538871,0.0,0.8612021,0.0,0.0,-0.50826263,0.0,0.0,-0.0
9104548494,0.0,0.8612655,0.0,0.0,-0.5081553,0.0,0.0,-0.0
9104558069,0.0,0.8613284,0.0,0.0,-0.5080486,0.0,0.0,-0.0
9104568628,0.0,0.86139077,0.0,0.0,-0.5079428,0.0,0.0,-0.0
9104579000,0.0,0.8614536,0.0,0.0,-0.5078363,0.0,0.0,-0.0
9104590026,0.0,0.86152023,0.0,0.0,-0.5077233,0.0,0.0,-0.0
9104598448,0.0,0.86157095,0.0,0.0,-0.5076372,0.0,0.0,-0.0
9104607958,0.0,0.86162823,0.0,0.0,-0.50754,0.0,0.0,-0.0
9104618480,0.0,0.86169153,0.0,0.0,-0.50743246,0.0,0.0,-0.0
9104629265,0.0,0.8617563,0.0,0.0,-0.50732243,0.0,0.0,-0.0
9104638214,0.0,0.8618101,0.0,0.0,-0.5072311,0.0,0.0,-0.0
9104649145,0.0,0.86187565,0.0,0.0,-0.5071197,0.0,0.0,-0.0
9104659612,0.0,0.86193836,0.0,0.0,-0.5070131,0.0,0.0,-0.0
9104668136,0.0,0.8619893,0.0,0.0,-0.50692636,0.0,0.0,-0.0
9104678562,0.0,0.86205167,0.0,0.0,-0.50682044,0.0,0.0,-0.0
9104690029,0.0,0.8621201,0.0,0.0,-0.50670403,0.0,0.0,-0.0
9104698483,0.0,0.86217046,0.0,0.0,-0.5066183,0.0,0.0,-0.0
9104708595,0.0,0.86221856,0.0,0.0,-0.5065364,0.0,0.0,-0.0
9104718846,0.0,0.8622001,0.0,0.0,-0.5065679,0.0,0.0,-0.0
9104729303,0.0,0.86218125,0.0,0.0,-0.50659996,0.0,0.0,-0.0
9104738738,0.0,0.8621644,0.0,0.0,-0.5066287,0.0,0.0,-0.0
9104748582,0.0,0.86214674,0.0,0.0,-0.5066587,0.0,0.0,-0.0
9104758976,0.0,0.8621282,0.0,0.0,-0.5066902,0.0,0.0,-0.0
9104769495,0.0,0.86210936,0.0,0.0,-0.5067223,0.0,0.0,-0.0
9104778912,0.0,0.86209255,0.0,0.0,-0.5067509,0.0,0.0,-0.0
9104788408,0.0,0.8620756,0.0,0.0,-0.5067797,0.0,0.0,-0.0
9104798921,0.0,0.86205685,0.0,0.0,-0.50681156,0.0,0.0,-0.0
9104808468,0.0,0.8620399,0.0,0.0,-0.50684035,0.0,0.0,-0.0
9104819162,0.0,0.8620209,0.0,0.0,-0.5068727,0.0,0.0,-0.0
9104829653,0.0,0.86200225,0.0,0.0,-0.5069044,0.0,0.0,-0.0
9104840118,0.0,0.8619837,0.0,0.0,-0.506936,0.0,0.0,-0.0
9104848583,0.0,0.86204964,0.0,0.0,-0.5068239,0.0,0.0,-0.0
9104859283,0.0,0.8621523,0.0,0.0,-0.50664926,0.0,0.0,-0.0
9104868731,0.0,0.8622427,0.0,0.0,-0.50649536,0.0,0.0,-0.0
9104879328,0.0,0.8623439,0.0,0.0,-0.50632304,0.0,0.0,-0.0
9104888736,0.0,0.8624337,0.0,0.0,-0.50617003,0.0,0.0,-0.0
9104899085,0.0,0.8625325,0.0,0.0,-0.5060017,0.0,0.0,-0.0
9104910402,0.0,0.86264026,0.0,0.0,-0.50581795,0.0,0.0,-0.0
9104918798,0.0,0.86272013,0.0,0.0,-0.5056817,0.0,0.0,-0.0
9104929381,0.0,0.86282074,0.0,0.0,-0.50551,0.0,0.0,-0.0
9104939684,0.0,0.86291844,0.0,0.0,-0.5053432,0.0,0.0,-0.0
9104950271,0.0,0.8630187,0.0,0.0,-0.50517195,0.0,0.0,-0.0
9104958770,0.0,0.8630992,0.0,0.0,-0.50503445,0.0,0.0,-0.0
9104968984,0.0,0.8631957,0.0,0.0,-0.50486946,0.0,0.0,-0.0
9104979445,0.0,0.86329454,0.0,0.0,-0.5047005,0.0,0.0,-0.0
9104988913,0.0,0.8633525,0.0,0.0,-0.50460136,0.0,0.0,-0.0
9104999350,0.0,0.86332244,0.0,0.0,-0.5046528,0.0,0.0,-0.0
9105009836,0.0,0.86329234,0.0,0.0,-0.5047042,0.0,0.0,-0.0
9105020218,0.0,0.86326265,0.0,0.0,-0.50475496,0.0,0.0,-0.0
9105028940,0.0,0.8632378,0.0,0.0,-0.5047975,0.0,0.0,-0.0
9105039359,0.0,0.86320806,0.0,0.0,-0.50484836,0.0,0.0,-0.0
9105049962,0.0,0.86317784,0.0,0.0,-0.50490004,0.0,0.0,-0.0
9105058481,0.0,0.8631535,0.0,0.0,-0.5049416,0.0,0.0,-0.0
9105068903,0.0,0.8631239,0.0,0.0,-0.50499225,0.0,0.0,-0.0
9105079336,0.0,0.8630942,0.0,0.0,-0.5050429,0.0,0.0,-0.0
9105090739,0.0,0.8630618,0.0,0.0,-0.5050984,0.0,0.0,-0.0
9105099186,0.0,0.86303777,0.0,0.0,-0.50513935,0.0,0.0,-0.0
9105108769,0.0,0.86301064,0.0,0.0,-0.5051858,0.0,0.0,-0.0
9105119313,0.0,0.8629807,0.0,0.0,-0.5052368,0.0,0.0,-0.0
9105129258,0.0,0.86301404,0.0,0.0,-0.50517994,0.0,0.0,-0.0
9105139191,0.0,0.8630991,0.0,0.0,-0.50503457,0.0,0.0,-0.0
9105149993,0.0,0.8631914,0.0,0.0,-0.50487673,0.0,0.0,-0.0
9105161198,0.0,0.8632871,0.0,0.0,-0.5047132,0.0,0.0,-0.0
9105169020,0.0,0.8633537,0.0,0.0,-0.5045992,0.0,0.0,-0.0
9105178979,0.0,0.8634385,0.0,0.0,-0.50445414,0.0,0.0,-0.0
9105190916,0.0,0.86354,0.0,0.0,-0.5042803,0.0,0.0,-0.0
9105198633,0.0,0.86360556,0.0,0.0,-0.5041681,0.0,0.0,-0.0
9105209158,0.0,0.86369485,0.0,0.0,-0.5040151,0.0,0.0,-0.0
9105219398,0.0,0.86378163,0.0,0.0,-0.5038663,0.0,0.0,-0.0
9105230260,0.0,0.86387354,0.0,0.0,-0.5037088,0.0,0.0,-0.0
9105239291,0.0,0.8639498,0.0,0.0,-0.50357795,0.0,0.0,-0.0
9105249376,0.0,0.86403495,0.0,0.0,-0.50343186,0.0,0.0,-0.0
9105259949,0.0,0.864124,0.0,0.0,-0.503279,0.0,0.0,-0.0
9105270171,0.0,0.8641651,0.0,0.0,-0.50320834,0.0,0.0,-0.0
9105279709,0.0,0.8642588,0.0,0.0,-0.50304747,0.0,0.0,-0.0
9105289147,0.0,0.8643513,0.0,0.0,-0.50288856,0.0,0.0,-0.0
9105299544,0.0,0.8644531,0.0,0.0,-0.50271356,0.0,0.0,-0.0
9105309005,0.0,0.86454546,0.0,0.0,-0.50255466,0.0,0.0,-0.0
9105319431,0.0,0.8646472,0.0,0.0,-0.50237954,0.0,0.0,-0.0
9105329904,0.0,0.86474925,0.0,0.0,-0.5022039,0.0,0.0,-0.0
9105340633,0.0,0.86485356,0.0,0.0,-0.50202423,0.0,0.0,-0.0
9105349024,0.0,0.8649352,0.0,0.0,-0.50188357,0.0,0.0,-0.0
9105359509,0.0,0.865037,0.0,0.0,-0.50170803,0.0,0.0,-0.0
9105369823,0.0,0.86513704,0.0,0.0,-0.50153553,0.0,0.0,-0.0
9105379207,0.0,0.8652278,0.0,0.0,-0.5013789,0.0,0.0,-0.0
9105389662,0.0,0.8653289,0.0,0.0,-0.5012045,0.0,0.0,-0.0
9105400109,0.0,0.8654299,0.0,0.0,-0.5010301,0.0,0.0,-0.0
9105411582,0.0,0.8654927,0.0,0.0,-0.50092155,0.0,0.0,-0.0
9105418969,0.0,0.86555356,0.0,0.0,-0.50081635,0.0,0.0,-0.0
9105429567,0.0,0.86564076,0.0,0.0,-0.5006656,0.0,0.0,-0.0
9105440722,0.0,0.86573243,0.0,0.0,-0.5005071,0.0,0.0,-0.0
9105450366,0.0,0.8658116,0.0,0.0,-0.5003702,0.0,0.0,-0.0
9105459721,0.0,0.86588836,0.0,0.0,-0.5002373,0.0,0.0,-0.0
9105470151,0.0,0.8659738,0.0,0.0,-0.5000894,0.0,0.0,-0.0
9105481689,0.0,0.8660682,0.0,0.0,-0.49992594,0.0,0.0,-0.0
9105489112,0.0,0.86612874,0.0,0.0,-0.49982095,0.0,0.0,-0.0
9105499550,0.0,0.8662139,0.0,0.0,-0.49967334,0.0,0.0,-0.0
9105510019,0.0,0.8662992,0.0,0.0,-0.49952546,0.0,0.0,-0.0
9105520805,0.0,0.86638695,0.0,0.0,-0.49937323,0.0,0.0,-0.0
9105529412,0.0,0.866457,0.0,0.0,-0.49925175,0.0,0.0,-0.0
9105540308,0.0,0.8665453,0.0,0.0,-0.49909836,0.0,0.0,-0.0
9105550356,0.0,0.86662084,0.0,0.0,-0.49896726,0.0,0.0,-0.0
9105559945,0.0,0.86657155,0.0,0.0,-0.49905285,0.0,0.0,-0.0
9105569477,0.0,0.86652243,0.0,0.0,-0.49913815,0.0,0.0,-0.0
9105579844,0.0,0.86646914,0.0,0.0,-0.4992306,0.0,0.0,-0.0
9105591582,0.0,0.86640877,0.0,0.0,-0.49933538,0.0,0.0,-0.0
9105599975,0.0,0.86636573,0.0,0.0,-0.4994101,0.0,0.0,-0.0
9105609627,0.0,0.86631626,0.0,0.0,-0.49949592,0.0,0.0,-0.0
9105620345,0.0,0.86626136,0.0,0.0,-0.49959114,0.0,0.0,-0.0
9105630021,0.0,0.86621183,0.0,0.0,-0.499677,0.0,0.0,-0.0
9105640688,0.0,0.8661573,0.0,0.0,-0.49977154,0.0,0.0,-0.0
9105649961,0.0,0.8661099,0.0,0.0,-0.4998536,0.0,0.0,-0.0
9105661606,0.0,0.86605054,0.0,0.0,-0.4999565,0.0,0.0,-0.0
9105670000,0.0,0.8660077,0.0,0.0,-0.5000307,0.0,0.0,-0.0
9105679755,0.0,0.86595786,0.0,0.0,-0.500117,0.0,0.0,-0.0
9105691250,0.0,0.8660197,0.0,0.0,-0.5000099,0.0,0.0,-0.0
9105700900,0.0,0.86612785,0.0,0.0,-0.49982247,0.0,0.0,-0.0
9105710405,0.0,0.8662343,0.0,0.0,-0.49963796,0.0,0.0,-0.0
9105719766,0.0,0.866339,0.0,0.0,-0.4994564,0.0,0.0,-0.0
9105731283,0.0,0.86646765,0.0,0.0,-0.49923322,0.0,0.0,-0.0
9105740541,0.0,0.8665709,0.0,0.0,-0.49905398,0.0,0.0,-0.0
9105749943,0.0,0.8666757,0.0,0.0,-0.498872,0.0,0.0,-0.0
9105760600,0.0,0.86679417,0.0,0.0,-0.49866605,0.0,0.0,-0.0
9105771075,0.0,0.8669106,0.0,0.0,-0.49846366,0.0,0.0,-0.0
9105780579,0.0,0.86701614,0.0,0.0,-0.4982801,0.0,0.0,-0.0
9105790238,0.0,0.86712295,0.0,0.0,-0.4980941,0.0,0.0,-0.0
9105800869,0.0,0.8672407,0.0,0.0,-0.4978891,0.0,0.0,-0.0
9105810074,0.0,0.8673423,0.0,0.0,-0.4977121,0.0,0.0,-0.0
9105819706,0.0,0.8674485,0.0,0.0,-0.4975269,0.0,0.0,-0.0
9105830102,0.0,0.86748904,0.0,0.0,-0.49745628,0.0,0.0,-0.0
9105840951,0.0,0.8674507,0.0,0.0,-0.4975231,0.0,0.0,-0.0
9105850019,0.0,0.8674187,0.0,0.0,-0.4975789,0.0,0.0,-0.0
9105860440,0.0,0.867382,0.0,0.0,-0.49764293,0.0,0.0,-0.0
9105870937,0.0,0.86734515,0.0,0.0,-0.49770716,0.0,0.0,-0.0
9105880756,0.0,0.8673106,0.0,0.0,-0.49776733,0.0,0.0,-0.0
9105890152,0.0,0.8672777,0.0,0.0,-0.49782464,0.0,0.0,-0.0
9105900608,0.0,0.867241,0.0,0.0,-0.49788854,0.0,0.0,-0.0
9105912114,0.0,0.86720073,0.0,0.0,-0.4979587,0.0,0.0,-0.0
9105920549,0.0,0.8671712,0.0,0.0,-0.49801007,0.0,0.0,-0.0
9105930003,0.0,0.8671382,0.0,0.0,-0.49806753,0.0,0.0,-0.0
9105941511,0.0,0.86709803,0.0,0.0,-0.49813756,0.0,0.0,-0.0
9105950986,0.0,0.86706495,0.0,0.0,-0.49819508,0.0,0.0,-0.0
9105960521,0.0,0.8670317,0.0,0.0,-0.498253,0.0,0.0,-0.0
9105971034,0.0,0.86708325,0.0,0.0,-0.49816322,0.0,0.0,-0.0
9105981546,0.0,0.8671409,0.0,0.0,-0.49806288,0.0,0.0,-0.0
9105989907,0.0,0.86718667,0.0,0.0,-0.49798325,0.0,0.0,-0.0
9106000166,0.0,0.86724275,0.0,0.0,-0.49788556,0.0,0.0,-0.0
9106010794,0.0,0.86730075,0.0,0.0,-0.4977845,0.0,0.0,-0.0
9106021232,0.0,0.86735773,0.0,0.0,-0.49768516,0.0,0.0,-0.0
9106030629,0.0,0.86740893,0.0,0.0,-0.49759594,0.0,0.0,-0.0
9106041219,0.0,0.8674666,0.0,0.0,-0.49749532,0.0,0.0,-0.0
9106051704,0.0,0.8675236,0.0,0.0,-0.49739605,0.0,0.0,-0.0
9106060091,0.0,0.8675691,0.0,0.0,-0.49731663,0.0,0.0,-0.0
9106070654,0.0,0.8676264,0.0,0.0,-0.49721667,0.0,0.0,-0.0
9106081085,0.0,0.86768293,0.0,0.0,-0.49711803,0.0,0.0,-0.0
9106091602,0.0,0.86773986,0.0,0.0,-0.4970187,0.0,0.0,-0.0
9106100962,0.0,0.86779046,0.0,0.0,-0.4969303,0.0,0.0,-0.0
9106110452,0.0,0.8678327,0.0,0.0,-0.49685648,0.0,0.0,-0.0
9106121071,0.0,0.8679689,0.0,0.0,-0.4966185,0.0,0.0,-0.0
9106130534,0.0,0.8680901,0.0,0.0,-0.4964067,0.0,0.0,-0.0
9106141067,0.0,0.86822474,0.0,0.0,-0.49617115,0.0,0.0,-0.0
9106151449,0.0,0.86835724,0.0,0.0,-0.49593925,0.0,0.0,-0.0
9106161912,0.0,0.86849064,0.0,0.0,-0.49570554,0.0,0.0,-0.0
9106170412,0.0,0.86859876,0.0,0.0,-0.49551606,0.0,0.0,-0.0
9106180873,0.0,0.8687318,0.0,0.0,-0.49528286,0.0,0.0,-0.0
9106192265,0.0,0.8688764,0.0,0.0,-0.49502912,0.0,0.0,-0.0
9106201719,0.0,0.8689963,0.0,0.0,-0.49481854,0.0,0.0,-0.0
9106210523,0.0,0.8691077,0.0,0.0,-0.49462283,0.0,0.0,-0.0
9106220872,0.0,0.8692386,0.0,0.0,-0.4943928,0.0,0.0,-0.0
9106232295,0.0,0.86938274,0.0,0.0,-0.4941393,0.0,0.0,-0.0
9106240783,0.0,0.8694896,0.0,0.0,-0.4939512,0.0,0.0,-0.0
9106251158,0.0,0.86956847,0.0,0.0,-0.4938124,0.0,0.0,-0.0
9106261754,0.0,0.8695862,0.0,0.0,-0.49378115,0.0,0.0,-0.0
9106272220,0.0,0.8696037,0.0,0.0,-0.49375033,0.0,0.0,-0.0
9106280596,0.0,0.8696177,0.0,0.0,-0.49372566,0.0,0.0,-0.0
9106291204,0.0,0.86963546,0.0,0.0,-0.4936944,0.0,0.0,-0.0
9106302647,0.0,0.86965454,0.0,0.0,-0.49366075,0.0,0.0,-0.0
9106311028,0.0,0.86966854,0.0,0.0,-0.49363607,0.0,0.0,-0.0
9106321547,0.0,0.8696861,0.0,0.0,-0.49360514,0.0,0.0,-0.0
9106330928,0.0,0.8697018,0.0,0.0,-0.4935775,0.0,0.0,-0.0
9106342421,0.0,0.86972094,0.0,0.0,-0.4935438,0.0,0.0,-0.0
9106350785,0.0,0.8697348,0.0,0.0,-0.49351934,0.0,0.0,-0.0
9106361213,0.0,0.86975217,0.0,0.0,-0.49348876,0.0,0.0,-0.0
9106371773,0.0,0.86976975,0.0,0.0,-0.4934578,0.0,0.0,-0.0
9106381396,0.0,0.86978567,0.0,0.0,-0.4934297,0.0,0.0,-0.0
9106390792,0.0,0.8698372,0.0,0.0,-0.49333882,0.0,0.0,-0.0
9106401910,0.0,0.8698627,0.0,0.0,-0.4932939,0.0,0.0,-0.0
9106413461,0.0,0.8698891,0.0,0.0,-0.49324742,0.0,0.0,-0.0
9106420961,0.0,0.8699062,0.0,0.0,-0.49321723,0.0,0.0,-0.0
9106431501,0.0,0.8699302,0.0,0.0,-0.49317482,0.0,0.0,-0.0
9106442931,0.0,0.86995625,0.0,0.0,-0.49312887,0.0,0.0,-0.0
9106452470,0.0,0.869978,0.0,0.0,-0.49309057,0.0,0.0,-0.0
9106460978,0.0,0.8699973,0.0,0.0,-0.49305648,0.0,0.0,-0.0
9106471765,0.0,0.8700218,0.0,0.0,-0.4930132,0.0,0.0,-0.0
9106482264,0.0,0.8700457,0.0,0.0,-0.49297103,0.0,0.0,-0.0
9106490683,0.0,0.8700648,0.0,0.0,-0.4929374,0.0,0.0,-0.0
9106501181,0.0,0.87008864,0.0,0.0,-0.4928953,0.0,0.0,-0.0
9106511631,0.0,0.8701123,0.0,0.0,-0.49285352,0.0,0.0,-0.0
9106522113,0.0,0.870136,0.0,0.0,-0.49281162,0.0,0.0,-0.0
9106531607,0.0,0.8701893,0.0,0.0,-0.49271753,0.0,0.0,-0.0
9106541518,0.0,0.87033075,0.0,0.0,-0.4924676,0.0,0.0,-0.0
9106552631,0.0,0.87048906,0.0,0.0,-0.49218777,0.0,0.0,-0.0
9106561066,0.0,0.8706093,0.0,0.0,-0.49197513,0.0,0.0,-0.0
9106571523,0.0,0.8707579,0.0,0.0,-0.49171206,0.0,0.0,-0.0
9106582022,0.0,0.8709068,0.0,0.0,-0.49144822,0.0,0.0,-0.0
9106592526,0.0,0.8710556,0.0,0.0,-0.49118438,0.0,0.0,-0.0
9106601292,0.0,0.8711795,0.0,0.0,-0.4909646,0.0,0.0,-0.0
9106611838,0.0,0.8713284,0.0,0.0,-0.49070033,0.0,0.0,-0.0
9106622318,0.0,0.87147623,0.0,0.0,-0.49043772,0.0,0.0,-0.0
9106632196,0.0,0.87161535,0.0,0.0,-0.4901905,0.0,0.0,-0.0
9106641674,0.0,0.87174857,0.0,0.0,-0.4899535,0.0,0.0,-0.0
9106652148,0.0,0.8718957,0.0,0.0,-0.48969167,0.0,0.0,-0.0
9106662623,0.0,0.87204254,0.0,0.0,-0.48943004,0.0,0.0,-0.0
9106671260,0.0,0.8721017,0.0,0.0,-0.48932457,0.0,0.0,-0.0
9106681688,0.0,0.87211823,0.0,0.0,-0.48929515,0.0,0.0,-0.0
9106693108,0.0,0.8721363,0.0,0.0,-0.48926303,0.0,0.0,-0.0
9106701488,0.0,0.8721495,0.0,0.0,-0.48923942,0.0,0.0,-0.0
9106711669,0.0,0.87216556,0.0,0.0,-0.48921084,0.0,0.0,-0.0
9106722041,0.0,0.8721819,0.0,0.0,-0.48918173,0.0,0.0,-0.0
9106732577,0.0,0.87219846,0.0,0.0,-0.4891522,0.0,0.0,-0.0
9106741145,0.0,0.8722119,0.0,0.0,-0.48912823,0.0,0.0,-0.0
9106751665,0.0,0.8722285,0.0,0.0,-0.48909864,0.0,0.0,-0.0
9106762070,0.0,0.87224466,0.0,0.0,-0.48906973,0.0,0.0,-0.0
9106771882,0.0,0.87226003,0.0,0.0,-0.48904234,0.0,0.0,-0.0
9106781687,0.0,0.8722754,0.0,0.0,-0.48901495,0.0,0.0,-0.0
9106792213,0.0,0.87229186,0.0,0.0,-0.48898557,0.0,0.0,-0.0
9106803670,0.0,0.8723097,0.0,0.0,-0.4889538,0.0,0.0,-0.0
9106811294,0.0,0.872351,0.0,0.0,-0.48888013,0.0,0.0,-0.0
9106821693,0.0,0.8724429,0.0,0.0,-0.48871607,0.0,0.0,-0.0
9106832403,0.0,0.8725374,0.0,0.0,-0.48854733,0.0,0.0,-0.0
9106841914,0.0,0.87262124,0.0,0.0,-0.48839757,0.0,0.0,-0.0
9106851805,0.0,0.8727082,0.0,0.0,-0.48824215,0.0,0.0,-0.0
9106862644,0.0,0.87280357,0.0,0.0,-0.48807168,0.0,0.0,-0.0
9106872730,0.0,0.8728921,0.0,0.0,-0.48791337,0.0,0.0,-0.0
9106883222,0.0,0.87298405,0.0,0.0,-0.48774874,0.0,0.0,-0.0
9106892311,0.0,0.8730636,0.0,0.0,-0.48760626,0.0,0.0,-0.0
9106902061,0.0,0.8731489,0.0,0.0,-0.48745352,0.0,0.0,-0.0
9106913020,0.0,0.87324464,0.0,0.0,-0.48728204,0.0,0.0,-0.0
9106921414,0.0,0.87331784,0.0,0.0,-0.48715088,0.0,0.0,-0.00050100003
9106931939,0.0,0.8734095,0.0,0.0,-0.48698652,0.0,0.0,-0.00096720003
9106943378,0.0,0.873509,0.0,0.0,-0.48680806,0.0,0.0,-0.0014895501
9106952888,0.0,0.87354916,0.0,0.0,-0.48673588,0.0,0.0,-0.0020090002
9106962421,0.0,0.8735597,0.0,0.0,-0.48671693,0.0,0.0,-0.0024847502
9106972887,0.0,0.87357146,0.0,0.0,-0.48669595,0.0,0.0,-0.0030236503
9106983306,0.0,0.87358314,0.0,0.0,-0.4866749,0.0,0.0,-0.0035282003
9106991770,0.0,0.87359256,0.0,0.0,-0.486658,0.0,0.0,-0.0040169503
9107001955,0.0,0.8736039,0.0,0.0,-0.48663774,0.0,0.0,-0.0044925003
9107013172,0.0,0.8736163,0.0,0.0,-0.48661545,0.0,0.0,-0.0050028004
9107021967,0.0,0.87362605,0.0,0.0,-0.48659787,0.0,0.0,-0.0055442504
9107032529,0.0,0.8736378,0.0,0.0,-0.48657683,0.0,0.0,-0.0059757503
9107043156,0.0,0.8736496,0.0,0.0,-0.4865556,0.0,0.0,-0.0065321
9107053801,0.0,0.8736614,0.0,0.0,-0.48653448,0.0,0.0,-0.0070398
9107062290,0.0,0.8736708,0.0,0.0,-0.4865175,0.0,0.0,-0.00753055
9107071692,0.0,0.87368125,0.0,0.0,-0.48649874,0.0,0.0,-0.0080097
9107082718,0.0,0.87369347,0.0,0.0,-0.4864769,0.0,0.0,-0.0084816
9107093157,0.0,0.8737438,0.0,0.0,-0.48638654,0.0,0.0,-0.0090265
9107102665,0.0,0.8738231,0.0,0.0,-0.48624393,0.0,0.0,-0.009507701
9107112917,0.0,0.8739085,0.0,0.0,-0.4860904,0.0,0.0,-0.01003495
9107123392,0.0,0.8739958,0.0,0.0,-0.48593348,0.0,0.0,-0.010541201
9107131946,0.0,0.8740668,0.0,0.0,-0.4858057,0.0,0.0,-0.011035501
9107142530,0.0,0.87415475,0.0,0.0,-0.4856475,0.0,0.0,-0.011490201
9107152879,0.0,0.8742405,0.0,0.0,-0.48549306,0.0,0.0,-0.0120293
9107163577,0.0,0.8743291,0.0,0.0,-0.48533356,0.0,0.0,-0.01253775
9107171710,0.0,0.8743963,0.0,0.0,-0.48521245,0.0,0.0,-0.01302935
9107182238,0.0,0.87448317,0.0,0.0,-0.4850558,0.0,0.0,-0.01349295
9107193673,0.0,0.87457746,0.0,0.0,-0.48488578,0.0,0.0,-0.0140088005
9107203241,0.0,0.8746562,0.0,0.0,-0.48474377,0.0,0.0,-0.014515401
9107212857,0.0,0.8747353,0.0,0.0,-0.48460108,0.0,0.0,-0.014991901
9107223258,0.0,0.8748207,0.0,0.0,-0.4844468,0.0,0.0,-0.015537651
9107233722,0.0,0.8748654,0.0,0.0,-0.48436606,0.0,0.0,-0.016055051
9107242132,0.0,0.87494206,0.0,0.0,-0.48422766,0.0,0.0,-0.016524801
9107252635,0.0,0.87503755,0.0,0.0,-0.4840551,0.0,0.0,-0.017011901
9107263037,0.0,0.8751321,0.0,0.0,-0.48388413,0.0,0.0,-0.017528052
9107272523,0.0,0.8752183,0.0,0.0,-0.48372826,0.0,0.0,-0.01803795
9107281979,0.0,0.87530386,0.0,0.0,-0.48357332,0.0,0.0,-0.0185335
9107292488,0.0,0.875399,0.0,0.0,-0.48340106,0.0,0.0,-0.01899595
9107304227,0.0,0.87550503,0.0,0.0,-0.48320904,0.0,0.0,-0.0195099
9107312389,0.0,0.8755787,0.0,0.0,-0.4830755,0.0,0.0,-0.02003015
9107322800,0.0,0.8756726,0.0,0.0,-0.4829053,0.0,0.0,-0.02051365
9107333239,0.0,0.8757665,0.0,0.0,-0.48273495,0.0,0.0,-0.0210362
9107342931,0.0,0.87585366,0.0,0.0,-0.48257682,0.0,0.0,-0.0215481
9107352611,0.0,0.8759405,0.0,0.0,-0.4824191,0.0,0.0,-0.02200795
9107363037,0.0,0.87603396,0.0,0.0,-0.48224947,0.0,0.0,-0.0225266
9107374554,0.0,0.8760908,0.0,0.0,-0.4821461,0.0,0.0,-0.0230376
9107381953,0.0,0.87614375,0.0,0.0,-0.48204994,0.0,0.0,-0.02355835
9107392558,0.0,0.87621963,0.0,0.0,-0.48191202,0.0,0.0,-0.02399385
9107403069,0.0,0.8762947,0.0,0.0,-0.48177546,0.0,0.0,-0.02452415
9107413611,0.0,0.8763699,0.0,0.0,-0.48163867,0.0,0.0,-0.02503795
9107422982,0.0,0.8764367,0.0,0.0,-0.4815171,0.0,0.0,-0.02553055
9107432381,0.0,0.8765036,0.0,0.0,-0.4813953,0.0,0.0,-0.026046501
9107443881,0.0,0.87658536,0.0,0.0,-0.48124638,0.0,0.0,-0.026524901
9107453343,0.0,0.8766526,0.0,0.0,-0.48112395,0.0,0.0,-0.027023902
9107463088,0.0,0.8767217,0.0,0.0,-0.48099798,0.0,0.0,-0.027574502
9107472971,0.0,0.87679166,0.0,0.0,-0.48087046,0.0,0.0,-0.028050251
9107483559,0.0,0.8768666,0.0,0.0,-0.4807338,0.0,0.0,-0.028542802
9107491996,0.0,0.8769262,0.0,0.0,-0.4806251,0.0,0.0,-0.029033352
9107502475,0.0,0.8770001,0.0,0.0,-0.48049024,0.0,0.0,-0.02949405
9107513032,0.0,0.87703496,0.0,0.0,-0.48042655,0.0,0.0,-0.030026602
9107522731,0.0,0.8771139,0.0,0.0,-0.4802825,0.0,0.0,-0.030543102
9107533294,0.0,0.87719965,0.0,0.0,-0.48012584,0.0,0.0,-0.031035852
9107542959,0.0,0.8772781,0.0,0.0,-0.47998247,0.0,0.0,-0.0315673
9107554620,0.0,0.87737244,0.0,0.0,-0.4798099,0.0,0.0,-0.032030802
9107563042,0.0,0.8774406,0.0,0.0,-0.47968534,0.0,0.0,-0.032558754
9107573550,0.0,0.8775255,0.0,0.0,-0.47953,0.0,0.0,-0.033058304
9107582906,0.0,0.877601,0.0,0.0,-0.47939172,0.0,0.0,-0.033571705
9107593410,0.0,0.8776857,0.0,0.0,-0.47923666,0.0,0.0,-0.034042206
9107602827,0.0,0.8777615,0.0,0.0,-0.47909784,0.0,0.0,-0.034521807
9107613264,0.0,0.8778454,0.0,0.0,-0.47894412,0.0,0.0,-0.03504751
9107624153,0.0,0.87793285,0.0,0.0,-0.4787838,0.0,0.0,-0.035548758
9107632217,0.0,0.87799746,0.0,0.0,-0.47866526,0.0,0.0,-0.03602791
9107643075,0.0,0.87808436,0.0,0.0,-0.47850582,0.0,0.0,-0.036516357
9107653414,0.0,0.8781248,0.0,0.0,-0.47843173,0.0,0.0,-0.037049107
9107662927,0.0,0.87819284,0.0,0.0,-0.4783067,0.0,0.0,-0.03756771
9107673458,0.0,0.8782681,0.0,0.0,-0.47816852,0.0,0.0,-0.03801151
9107682805,0.0,0.8783348,0.0,0.0,-0.47804594,0.0,0.0,-0.03856806
9107694179,0.0,0.8784159,0.0,0.0,-0.477897,0.0,0.0,-0.03903586
9107702749,0.0,0.8784769,0.0,0.0,-0.47778478,0.0,0.0,-0.03955131
9107713129,0.0,0.8785507,0.0,0.0,-0.47764903,0.0,0.0,-0.04003031
9107723699,0.0,0.8786258,0.0,0.0,-0.47751093,0.0,0.0,-0.04055316
9107734133,0.0,0.87869984,0.0,0.0,-0.4773747,0.0,0.0,-0.04107816
9107743579,0.0,0.8787668,0.0,0.0,-0.47725147,0.0,0.0,-0.041562162
9107752974,0.0,0.87883323,0.0,0.0,-0.477129,0.0,0.0,-0.04207466
9107763368,0.0,0.8789067,0.0,0.0,-0.47699362,0.0,0.0,-0.04254496
9107772840,0.0,0.8789736,0.0,0.0,-0.47687045,0.0,0.0,-0.04306496
9107783270,0.0,0.87904716,0.0,0.0,-0.47673488,0.0,0.0,-0.04353736
9107793731,0.0,0.8790733,0.0,0.0,-0.47668663,0.0,0.0,-0.044068508
9107805551,0.0,0.87902284,0.0,0.0,-0.4767797,0.0,0.0,-0.04457086
9107812903,0.0,0.8789914,0.0,0.0,-0.47683758,0.0,0.0,-0.04509496
9107823336,0.0,0.87894696,0.0,0.0,-0.47691956,0.0,0.0,-0.04554166
9107833733,0.0,0.8789026,0.0,0.0,-0.4770012,0.0,0.0,-0.04607321
9107843302,0.0,0.8788619,0.0,0.0,-0.4770762,0.0,0.0,-0.04657336
9107853673,0.0,0.87881774,0.0,0.0,-0.47715756,0.0,0.0,-0.04705726
9107864392,0.0,0.8787722,0.0,0.0,-0.47724143,0.0,0.0,-0.04757921
9107875032,0.0,0.8787271,0.0,0.0,-0.4773245,0.0,0.0,-0.04809406
9107883502,0.0,0.87869114,0.0,0.0,-0.47739074,0.0,0.0,-0.04859381
9107894090,0.0,0.87864625,0.0,0.0,-0.4774733,0.0,0.0,-0.049081963
9107903382,0.0,0.8786069,0.0,0.0,-0.4775457,0.0,0.0,-0.049598463
9107914017,0.0,0.8785619,0.0,0.0,-0.47762844,0.0,0.0,-0.050066262
9107923490,0.0,0.8785219,0.0,0.0,-0.47770205,0.0,0.0,-0.05056741
9107933927,0.0,0.87857324,0.0,0.0,-0.47760758,0.0,0.0,-0.05106981
9107944434,0.0,0.8786515,0.0,0.0,-0.4774636,0.0,0.0,-0.05160231
9107953905,0.0,0.87872183,0.0,0.0,-0.47733423,0.0,0.0,-0.052050263
9107963256,0.0,0.8787913,0.0,0.0,-0.47720638,0.0,0.0,-0.052589063
9107973864,0.0,0.8788698,0.0,0.0,-0.47706175,0.0,0.0,-0.05306886
9107984353,0.0,0.8789475,0.0,0.0,-0.47691858,0.0,0.0,-0.05357661
9107993703,0.0,0.8790166,0.0,0.0,-0.4767912,0.0,0.0,-0.05408236
9108003237,0.0,0.8790869,0.0,0.0,-0.47666153,0.0,0.0,-0.05458256
9108013618,0.0,0.87916356,0.0,0.0,-0.47652018,0.0,0.0,-0.05506506
9108023049,0.0,0.879233,0.0,0.0,-0.47639203,0.0,0.0,-0.05557551
9108033659,0.0,0.87931097,0.0,0.0,-0.47624803,0.0,0.0,-0.05604876
9108044334,0.0,0.8793894,0.0,0.0,-0.47610325,0.0,0.0,-0.05658586
9108055013,0.0,0.8794677,0.0,0.0,-0.47595856,0.0,0.0,-0.05710116
9108063701,0.0,0.8795314,0.0,0.0,-0.4758409,0.0,0.0,-0.057592362
9108074287,0.0,0.87958694,0.0,0.0,-0.47573817,0.0,0.0,-0.05809031
9108084279,0.0,0.87967134,0.0,0.0,-0.4755821,0.0,0.0,-0.05860976
9108093699,0.0,0.8797511,0.0,0.0,-0.47543457,0.0,0.0,-0.05910591
9108104205,0.0,0.8798397,0.0,0.0,-0.4752705,0.0,0.0,-0.05957896
9108114530,0.0,0.87992674,0.0,0.0,-0.47510937,0.0,0.0,-0.060102608
9108125061,0.0,0.8800154,0.0,0.0,-0.47494525,0.0,0.0,-0.060613457
9108133402,0.0,0.88008547,0.0,0.0,-0.47481528,0.0,0.0,-0.061118707
9108144169,0.0,0.88017577,0.0,0.0,-0.47464785,0.0,0.0,-0.061567456
9108156859,0.0,0.88028216,0.0,0.0,-0.4744505,0.0,0.0,-0.062102154
9108164213,0.0,0.88034374,0.0,0.0,-0.4743363,0.0,0.0,-0.062726356
9108173691,0.0,0.8804229,0.0,0.0,-0.47418937,0.0,0.0,-0.063105606
9108184422,0.0,0.8805125,0.0,0.0,-0.47402292,0.0,0.0,-0.063590854
9108194838,0.0,0.8805992,0.0,0.0,-0.47386184,0.0,0.0,-0.06410805
9108203289,0.0,0.88066965,0.0,0.0,-0.4737309,0.0,0.0,-0.06458295
9108213797,0.0,0.8807078,0.0,0.0,-0.47365996,0.0,0.0,-0.06507065
9108224267,0.0,0.8807474,0.0,0.0,-0.4735864,0.0,0.0,-0.06559625
9108234852,0.0,0.8807874,0.0,0.0,-0.47351193,0.0,0.0,-0.06609685
9108244316,0.0,0.88082314,0.0,0.0,-0.4734455,0.0,0.0,-0.06659955
9108253685,0.0,0.8808584,0.0,0.0,-0.47337976,0.0,0.0,-0.06712035
9108264081,0.0,0.8808976,0.0,0.0,-0.4733069,0.0,0.0,-0.06758905
9108273637,0.0,0.8809335,0.0,0.0,-0.47324002,0.0,0.0,-0.0680987
9108284078,0.0,0.88097274,0.0,0.0,-0.47316706,0.0,0.0,-0.06857615
9108294462,0.0,0.8810117,0.0,0.0,-0.47309443,0.0,0.0,-0.06910755
9108306037,0.0,0.8810551,0.0,0.0,-0.47301364,0.0,0.0,-0.0696081
9108314137,0.0,0.88108534,0.0,0.0,-0.47295737,0.0,0.0,-0.07011395
9108323700,0.0,0.88112104,0.0,0.0,-0.47289076,0.0,0.0,-0.07061195
9108334196,0.0,0.88116026,0.0,0.0,-0.47281772,0.0,0.0,-0.071081996
9108344759,0.0,0.8811996,0.0,0.0,-0.47274438,0.0,0.0,-0.071607046
9108354199,0.0,0.8812193,0.0,0.0,-0.4727076,0.0,0.0,-0.0721427
9108364639,0.0,0.8812579,0.0,0.0,-0.47263572,0.0,0.0,-0.072605245
9108376123,0.0,0.88130033,0.0,0.0,-0.47255662,0.0,0.0,-0.073117495
9108383700,0.0,0.8813282,0.0,0.0,-0.47250456,0.0,0.0,-0.07362759
9108394248,0.0,0.8813671,0.0,0.0,-0.47243205,0.0,0.0,-0.07409069
9108404252,0.0,0.8814039,0.0,0.0,-0.47236335,0.0,0.0,-0.074615136
9108414464,0.0,0.8814415,0.0,0.0,-0.47229326,0.0,0.0,-0.075102784
9108423844,0.0,0.88147587,0.0,0.0,-0.47222906,0.0,0.0,-0.07558694
9108434384,0.0,0.8815146,0.0,0.0,-0.47215676,0.0,0.0,-0.076088935
9108445764,0.0,0.8815563,0.0,0.0,-0.4720789,0.0,0.0,-0.07661373
9108454373,0.0,0.88158774,0.0,0.0,-0.47202018,0.0,0.0,-0.07713888
9108464649,0.0,0.8816253,0.0,0.0,-0.47195005,0.0,0.0,-0.07760808
9108475133,0.0,0.88166344,0.0,0.0,-0.4718787,0.0,0.0,-0.07813978
9108485688,0.0,0.8817018,0.0,0.0,-0.47180706,0.0,0.0,-0.078650385
9108494070,0.0,0.881754,0.0,0.0,-0.47170952,0.0,0.0,-0.07912573
9108504750,0.0,0.8817663,0.0,0.0,-0.47168648,0.0,0.0,-0.07961058
9108515015,0.0,0.8817781,0.0,0.0,-0.47166443,0.0,0.0,-0.08
9108524647,0.0,0.88178927,0.0,0.0,-0.47164363,0.0,0.0,-0.08
9108534250,0.0,0.88180035,0.0,0.0,-0.47162282,0.0,0.0,-0.08
9108544766,0.0,0.8818125,0.0,0.0,-0.47160015,0.0,0.0,-0.08
9108556177,0.0,0.8818256,0.0,0.0,-0.47157565,0.0,0.0,-0.08
9108564762,0.0,0.88183546,0.0,0.0,-0.47155726,0.0,0.0,-0.08
9108574175,0.0,0.8818463,0.0,0.0,-0.471537,0.0,0.0,-0.08
9108584651,0.0,0.88185835,0.0,0.0,-0.47151443,0.0,0.0,-0.08
9108595176,0.0,0.8818704,0.0,0.0,-0.47149187,0.0,0.0,-0.08
9108604628,0.0,0.8818812,0.0,0.0,-0.4714717,0.0,0.0,-0.08
9108614969,0.0,0.88189304,0.0,0.0,-0.47144952,0.0,0.0,-0.08
9108626475,0.0,0.8819062,0.0,0.0,-0.47142485,0.0,0.0,-0.08
9108633927,0.0,0.88194,0.0,0.0,-0.47136164,0.0,0.0,-0.08
9108644546,0.0,0.88195765,0.0,0.0,-0.4713287,0.0,0.0,-0.08
9108654588,0.0,0.8819743,0.0,0.0,-0.4712976,0.0,0.0,-0.08
9108664952,0.0,0.8819914,0.0,0.0,-0.47126555,0.0,0.0,-0.08
9108674418,0.0,0.88200706,0.0,0.0,-0.47123623,0.0,0.0,-0.08
9108684890,0.0,0.88202435,0.0,0.0,-0.47120386,0.0,0.0,-0.08
9108695278,0.0,0.8820416,0.0,0.0,-0.47117162,0.0,0.0,-0.08
9108704794,0.0,0.88205725,0.0,0.0,-0.4711423,0.0,0.0,-0.08
9108715268,0.0,0.8820745,0.0,0.0,-0.47111002,0.0,0.0,-0.08
9108724541,0.0,0.88208973,0.0,0.0,-0.47108147,0.0,0.0,-0.08
9108736167,0.0,0.88210887,0.0,0.0,-0.4710456,0.0,0.0,-0.08
9108744578,0.0,0.8821226,0.0,0.0,-0.47101986,0.0,0.0,-0.08
9108755140,0.0,0.88213986,0.0,0.0,-0.47098753,0.0,0.0,-0.08
9108765470,0.0,0.88215667,0.0,0.0,-0.47095603,0.0,0.0,-0.08
9108774957,0.0,0.88215315,0.0,0.0,-0.47096267,0.0,0.0,-0.08
9108784386,0.0,0.88216364,0.0,0.0,-0.470943,0.0,0.0,-0.08
9108794794,0.0,0.8821752,0.0,0.0,-0.47092134,0.0,0.0,-0.08
9108806359,0.0,0.8821881,0.0,0.0,-0.4708972,0.0,0.0,-0.08
9108814861,0.0,0.8821976,0.0,0.0,-0.47087935,0.0,0.0,-0.08
9108825360,0.0,0.88220924,0.0,0.0,-0.47085753,0.0,0.0,-0.08
9108835749,0.0,0.8822208,0.0,0.0,-0.47083595,0.0,0.0,-0.08
9108845228,0.0,0.8822313,0.0,0.0,-0.47081625,0.0,0.0,-0.08
9108854706,0.0,0.88224185,0.0,0.0,-0.4707965,0.0,0.0,-0.08
9108865119,0.0,0.88225335,0.0,0.0,-0.47077495,0.0,0.0,-0.08
9108876573,0.0,0.882266,0.0,0.0,-0.4707513,0.0,0.0,-0.08
9108884975,0.0,0.8822752,0.0,0.0,-0.47073397,0.0,0.0,-0.08
9108895413,0.0,0.8822867,0.0,0.0,-0.4707124,0.0,0.0,-0.08
9108905032,0.0,0.8822973,0.0,0.0,-0.4706926,0.0,0.0,-0.08
9108915501,0.0,0.88231283,0.0,0.0,-0.47066346,0.0,0.0,-0.08
9108924936,0.0,0.88222975,0.0,0.0,-0.47081915,0.0,0.0,-0.08
9108935399,0.0,0.8821376,0.0,0.0,-0.47099185,0.0,0.0,-0.08
9108945816,0.0,0.88204587,0.0,0.0,-0.4711635,0.0,0.0,-0.08
9108955287,0.0,0.8819626,0.0,0.0,-0.47131944,0.0,0.0,-0.08
9108964667,0.0,0.88188016,0.0,0.0,-0.47147363,0.0,0.0,-0.08
9108975082,0.0,0.88178873,0.0,0.0,-0.47164464,0.0,0.0,-0.08
9108984744,0.0,0.8817039,0.0,0.0,-0.47180313,0.0,0.0,-0.08
9108995079,0.0,0.88161325,0.0,0.0,-0.4719725,0.0,0.0,-0.08
9109005576,0.0,0.8815213,0.0,0.0,-0.4721443,0.0,0.0,-0.08
9109017048,0.0,0.8814208,0.0,0.0,-0.47233188,0.0,0.0,-0.08
9109025393,0.0,0.88134766,0.0,0.0,-0.47246835,0.0,0.0,-0.08
9109034890,0.0,0.8812647,0.0,0.0,-0.47262308,0.0,0.0,-0.08
9109045705,0.0,0.88117003,0.0,0.0,-0.4727995,0.0,0.0,-0.08
9109056215,0.0,0.88119763,0.0,0.0,-0.47274804,0.0,0.0,-0.08
9109065695,0.0,0.88125527,0.0,0.0,-0.47264066,0.0,0.0,-0.08
9109075165,0.0,0.88131267,0.0,0.0,-0.47253358,0.0,0.0,-0.08
9109085469,0.0,0.88137513,0.0,0.0,-0.4724171,0.0,0.0,-0.08
9109094946,0.0,0.88143253,0.0,0.0,-0.47230992,0.0,0.0,-0.08
9109105373,0.0,0.8814956,0.0,0.0,-0.47219226,0.0,0.0,-0.08
9109115924,0.0,0.88155925,0.0,0.0,-0.47207332,0.0,0.0,-0.08
9109126374,0.0,0.8816223,0.0,0.0,-0.47195563,0.0,0.0,-0.08
9109134694,0.0,0.88167244,0.0,0.0,-0.47186196,0.0,0.0,-0.08
9109145188,0.0,0.88173556,0.0,0.0,-0.47174394,0.0,0.0,-0.08
9109155810,0.0,0.88179934,0.0,0.0,-0.47162473,0.0,0.0,-0.08
9109165225,0.0,0.88185585,0.0,0.0,-0.47151914,0.0,0.0,-0.08
9109175654,0.0,0.8819184,0.0,0.0,-0.47140214,0.0,0.0,-0.08
9109186013,0.0,0.88198036,0.0,0.0,-0.4712862,0.0,0.0,-0.08
9109196455,0.0,0.88202244,0.0,0.0,-0.47120738,0.0,0.0,-0.08
9109204885,0.0,0.88207436,0.0,0.0,-0.4711102,0.0,0.0,-0.08
9109215519,0.0,0.88213986,0.0,0.0,-0.4709876,0.0,0.0,-0.08
9109226060,0.0,0.88220465,0.0,0.0,-0.47086614,0.0,0.0,-0.0794764
9109236681,0.0,0.8822699,0.0,0.0,-0.47074386,0.0,0.0,-0.078950204
9109246104,0.0,0.88232774,0.0,0.0,-0.47063547,0.0,0.0,-0.07849701
9109255489,0.0,0.88238525,0.0,0.0,-0.4705276,0.0,0.0,-0.07793846
9109267032,0.0,0.8824559,0.0,0.0,-0.4703952,0.0,0.0,-0.077490106
9109275418,0.0,0.88250715,0.0,0.0,-0.47029895,0.0,0.0,-0.07694956
9109285948,0.0,0.88257146,0.0,0.0,-0.47017825,0.0,0.0,-0.07648291
9109296382,0.0,0.88263506,0.0,0.0,-0.47005886,0.0,0.0,-0.07594646
9109306783,0.0,0.88269836,0.0,0.0,-0.46994,0.0,0.0,-0.07544691
9109315220,0.0,0.8827496,0.0,0.0,-0.46984375,0.0,0.0,-0.07495921
9109325959,0.0,0.8828148,0.0,0.0,-0.46972114,0.0,0.0,-0.07448451
9109336367,0.0,0.88283205,0.0,0.0,-0.46968874,0.0,0.0,-0.07394696
9109345865,0.0,0.8828705,0.0,0.0,-0.46961656,0.0,0.0,-0.07343621
9109355298,0.0,0.88290864,0.0,0.0,-0.4695448,0.0,0.0,-0.07295186
9109365680,0.0,0.88295054,0.0,0.0,-0.46946597,0.0,0.0,-0.07247961
9109377213,0.0,0.88299704,0.0,0.0,-0.46937856,0.0,0.0,-0.07198042
9109385652,0.0,0.883031,0.0,0.0,-0.46931463,0.0,0.0,-0.07145752
9109396130,0.0,0.88307315,0.0,0.0,-0.4692353,0.0,0.0,-0.07096312
9109416527,0.0,0.88315356,0.0,0.0,-0.46908405,0.0,0.0,-0.07043962
9109426038,0.0,0.8831917,0.0,0.0,-0.46901217,0.0,0.0,-0.06978487
9109436563,0.0,0.8832437,0.0,0.0,-0.4689143,0.0,0.0,-0.069469325
9109447243,0.0,0.8833061,0.0,0.0,-0.4687967,0.0,0.0,-0.06894293
9109455641,0.0,0.8833551,0.0,0.0,-0.4687044,0.0,0.0,-0.06842793
9109466214,0.0,0.883388,0.0,0.0,-0.4686424,0.0,0.0,-0.067958675
9109476790,0.0,0.88341105,0.0,0.0,-0.46859884,0.0,0.0,-0.067480825
9109486208,0.0,0.88345665,0.0,0.0,-0.46851295,0.0,0.0,-0.06694478
9109495736,0.0,0.8835072,0.0,0.0,-0.46841758,0.0,0.0,-0.066418774
9109506066,0.0,0.88356405,0.0,0.0,-0.46831027,0.0,0.0,-0.06598443
9109517712,0.0,0.88362026,0.0,0.0,-0.46820423,0.0,0.0,-0.065459125
9109526259,0.0,0.88365775,0.0,0.0,-0.46813354,0.0,0.0,-0.06496862
9109536116,0.0,0.8836964,0.0,0.0,-0.4680606,0.0,0.0,-0.06442688
9109546622,0.0,0.8837376,0.0,0.0,-0.4679827,0.0,0.0,-0.06393383
9109557045,0.0,0.88378555,0.0,0.0,-0.46789223,0.0,0.0,-0.06345218
9109565781,0.0,0.8838276,0.0,0.0,-0.46781266,0.0,0.0,-0.06292462
9109575985,0.0,0.8838815,0.0,0.0,-0.4677109,0.0,0.0,-0.062446523
9109586468,0.0,0.8839416,0.0,0.0,-0.4675973,0.0,0.0,-0.061954774
9109595956,0.0,0.8839959,0.0,0.0,-0.46749473,0.0,0.0,-0.061458126
9109606482,0.0,0.8840582,0.0,0.0,-0.46737686,0.0,0.0,-0.060944226
9109616957,0.0,0.88411534,0.0,0.0,-0.46726874,0.0,0.0,-0.060456924
9109627363,0.0,0.88409203,0.0,0.0,-0.46731278,0.0,0.0,-0.059931725
9109635730,0.0,0.88407904,0.0,0.0,-0.4673374,0.0,0.0,-0.059409477
9109646230,0.0,0.88407,0.0,0.0,-0.46735457,0.0,0.0,-0.058940075
9109656983,0.0,0.88405806,0.0,0.0,-0.46737707,0.0,0.0,-0.058465876
9109666782,0.0,0.8840494,0.0,0.0,-0.4673934,0.0,0.0,-0.057931874
9109676185,0.0,0.88404113,0.0,0.0,-0.46740913,0.0,0.0,-0.057406023
9109686584,0.0,0.8840177,0.0,0.0,-0.4674534,0.0,0.0,-0.05691777
9109695988,0.0,0.8839877,0.0,0.0,-0.46751007,0.0,0.0,-0.05644577
9109706773,0.0,0.88394576,0.0,0.0,-0.4675894,0.0,0.0,-0.05593502
9109716258,0.0,0.88389593,0.0,0.0,-0.46768358,0.0,0.0,-0.05545527
9109726681,0.0,0.88383645,0.0,0.0,-0.467796,0.0,0.0,-0.05490657
9109736158,0.0,0.8837845,0.0,0.0,-0.4678942,0.0,0.0,-0.05444177
9109746838,0.0,0.8837974,0.0,0.0,-0.46786982,0.0,0.0,-0.053939868
9109757261,0.0,0.8838219,0.0,0.0,-0.46782354,0.0,0.0,-0.053445768
9109767732,0.0,0.8838524,0.0,0.0,-0.4677659,0.0,0.0,-0.05291237
9109776198,0.0,0.8838864,0.0,0.0,-0.46770167,0.0,0.0,-0.05240122
9109786728,0.0,0.88397366,0.0,0.0,-0.46753675,0.0,0.0,-0.051905718
9109797107,0.0,0.88428956,0.0,0.0,-0.4669389,0.0,0.0,-0.05144467
9109807581,0.0,0.8848541,0.0,0.0,-0.4658683,0.0,0.0,-0.05091957
9109816050,0.0,0.8852335,0.0,0.0,-0.46514687,0.0,0.0,-0.05040957
9109826639,0.0,0.88542897,0.0,0.0,-0.46477473,0.0,0.0,-0.04992907
9109837169,0.0,0.8854533,0.0,0.0,-0.46472836,0.0,0.0,-0.04944317
9109846673,0.0,0.8854153,0.0,0.0,-0.4648007,0.0,0.0,-0.04891352
9109856109,0.0,0.88531953,0.0,0.0,-0.4649832,0.0,0.0,-0.04839732
9109866549,0.0,0.8850834,0.0,0.0,-0.46543255,0.0,0.0,-0.047911122
9109877995,0.0,0.8846662,0.0,0.0,-0.4662249,0.0,0.0,-0.047450274
9109886457,0.0,0.88433975,0.0,0.0,-0.46684387,0.0,0.0,-0.046929725
9109897001,0.0,0.884016,0.0,0.0,-0.46745667,0.0,0.0,-0.046417374
9109906502,0.0,0.8837952,0.0,0.0,-0.467874,0.0,0.0,-0.045922875
9109917434,0.0,0.88355935,0.0,0.0,-0.46831918,0.0,0.0,-0.045404874
9109927155,0.0,0.8833158,0.0,0.0,-0.46877843,0.0,0.0,-0.044942822
9109936610,0.0,0.882983,0.0,0.0,-0.46940494,0.0,0.0,-0.04437407
9109948108,0.0,0.88245547,0.0,0.0,-0.47039592,0.0,0.0,-0.04388872
9109956529,0.0,0.88203645,0.0,0.0,-0.4711812,0.0,0.0,-0.043435123
9109967135,0.0,0.8815566,0.0,0.0,-0.4720784,0.0,0.0,-0.042903073
9109976605,0.0,0.88118494,0.0,0.0,-0.47277176,0.0,0.0,-0.042426873
9109987118,0.0,0.88076943,0.0,0.0,-0.47354534,0.0,0.0,-0.041889023
9109996788,0.0,0.88035756,0.0,0.0,-0.47431064,0.0,0.0,-0.041432872
9110007302,0.0,0.87991136,0.0,0.0,-0.4751379,0.0,0.0,-0.040888272
9110018003,0.0,0.8794886,0.0,0.0,-0.47592,0.0,0.0,-0.04041137
9110026421,0.0,0.8791713,0.0,0.0,-0.47650585,0.0,0.0,-0.03990177
9110036904,0.0,0.8788259,0.0,0.0,-0.4771426,0.0,0.0,-0.03938337
9110047385,0.0,0.8785406,0.0,0.0,-0.47766775,0.0,0.0,-0.03893337
9110057852,0.0,0.8783009,0.0,0.0,-0.4781083,0.0,0.0,-0.03839767
9110067304,0.0,0.87810147,0.0,0.0,-0.47847447,0.0,0.0,-0.03788652
9110077810,0.0,0.87788093,0.0,0.0,-0.47887895,0.0,0.0,-0.03742717
9110086478,0.0,0.87770426,0.0,0.0,-0.47920272,0.0,0.0,-0.036880117
9110096917,0.0,0.8774595,0.0,0.0,-0.4796507,0.0,0.0,-0.036406618
9110107424,0.0,0.8771539,0.0,0.0,-0.48020944,0.0,0.0,-0.035942167
9110116848,0.0,0.8768245,0.0,0.0,-0.48081058,0.0,0.0,-0.035398066
9110128289,0.0,0.8763684,0.0,0.0,-0.48164135,0.0,0.0,-0.034883317
9110136674,0.0,0.8760139,0.0,0.0,-0.48228592,0.0,0.0,-0.03442627
9110146955,0.0,0.87565637,0.0,0.0,-0.48293474,0.0,0.0,-0.033894118
9110157306,0.0,0.8754384,0.0,0.0,-0.48332974,0.0,0.0,-0.033408817
9110166965,0.0,0.8753191,0.0,0.0,-0.48354566,0.0,0.0,-0.032908216
9110177481,0.0,0.8753892,0.0,0.0,-0.48341876,0.0,0.0,-0.032390065
9110186864,0.0,0.8756484,0.0,0.0,-0.48294914,0.0,0.0,-0.031910114
9110198444,0.0,0.8760833,0.0,0.0,-0.48215973,0.0,0.0,-0.031370465
9110206810,0.0,0.87629676,0.0,0.0,-0.48177177,0.0,0.0,-0.030910665
9110217295,0.0,0.8763389,0.0,0.0,-0.4816951,0.0,0.0,-0.030397965
9110227709,0.0,0.876288,0.0,0.0,-0.4817877,0.0,0.0,-0.029902564
9110237186,0.0,0.876333,0.0,0.0,-0.48170578,0.0,0.0,-0.029389465
9110246642,0.0,0.8765269,0.0,0.0,-0.48135293,0.0,0.0,-0.028867915
9110257228,0.0,0.8768532,0.0,0.0,-0.48075822,0.0,0.0,-0.028383816
9110268795,0.0,0.8772241,0.0,0.0,-0.48008108,0.0,0.0,-0.027922265
9110277168,0.0,0.8774529,0.0,0.0,-0.47966278,0.0,0.0,-0.027403815
9110287599,0.0,0.87768775,0.0,0.0,-0.47923297,0.0,0.0,-0.026881265
9110296961,0.0,0.8778654,0.0,0.0,-0.47890747,0.0,0.0,-0.026385164
9110307494,0.0,0.8781125,0.0,0.0,-0.47845423,0.0,0.0,-0.025873164
9110316939,0.0,0.8783654,0.0,0.0,-0.47798976,0.0,0.0,-0.025414664
9110327498,0.0,0.87867355,0.0,0.0,-0.4774231,0.0,0.0,-0.024917563
9110338999,0.0,0.8789895,0.0,0.0,-0.4768411,0.0,0.0,-0.024396513
9110347356,0.0,0.8791924,0.0,0.0,-0.4764669,0.0,0.0,-0.023883263
9110356787,0.0,0.8793892,0.0,0.0,-0.47610354,0.0,0.0,-0.023360413
9110367191,0.0,0.87958944,0.0,0.0,-0.4757336,0.0,0.0,-0.022886362
9110377685,0.0,0.8797793,0.0,0.0,-0.4753824,0.0,0.0,-0.022405412
9110387126,0.0,0.8799373,0.0,0.0,-0.47508985,0.0,0.0,-0.021896211
9110397660,0.0,0.8800875,0.0,0.0,-0.47481152,0.0,0.0,-0.021425562
9110407212,0.0,0.880257,0.0,0.0,-0.47449714,0.0,0.0,-0.020898562
9110416950,0.0,0.8805591,0.0,0.0,-0.47393635,0.0,0.0,-0.020363562
9110427940,0.0,0.88103026,0.0,0.0,-0.47305986,0.0,0.0,-0.020831762
9110437241,0.0,0.8814691,0.0,0.0,-0.47224173,0.0,0.0,-0.021326961
9110448955,0.0,0.88201606,0.0,0.0,-0.4712193,0.0,0.0,-0.02187616
9110457344,0.0,0.8823281,0.0,0.0,-0.47063482,0.0,0.0,-0.02233641
9110467895,0.0,0.88263834,0.0,0.0,-0.47005275,0.0,0.0,-0.02285596
9110477251,0.0,0.88285637,0.0,0.0,-0.4696431,0.0,0.0,-0.02335161
9110487746,0.0,0.8830342,0.0,0.0,-0.46930856,0.0,0.0,-0.02386446
9110497180,0.0,0.8831123,0.0,0.0,-0.4691616,0.0,0.0,-0.02433556
9110507853,0.0,0.88313895,0.0,0.0,-0.46911153,0.0,0.0,-0.02486161
9110519539,0.0,0.88315284,0.0,0.0,-0.46908528,0.0,0.0,-0.02534331
9110527243,0.0,0.8831499,0.0,0.0,-0.4690908,0.0,0.0,-0.02585161
9110537964,0.0,0.8830941,0.0,0.0,-0.46919593,0.0,0.0,-0.026370859
9110547602,0.0,0.8829968,0.0,0.0,-0.46937904,0.0,0.0,-0.026830759
9110557636,0.0,0.8829004,0.0,0.0,-0.46956024,0.0,0.0,-0.027380958
9110568218,0.0,0.8828357,0.0,0.0,-0.46968195,0.0,0.0,-0.027852258
9110578620,0.0,0.8827911,0.0,0.0,-0.4697658,0.0,0.0,-0.028363558
9110589022,0.0,0.8827514,0.0,0.0,-0.46984035,0.0,0.0,-0.028891107
9110597712,0.0,0.8827145,0.0,0.0,-0.4699097,0.0,0.0,-0.029383658
9110607213,0.0,0.88270694,0.0,0.0,-0.46992385,0.0,0.0,-0.029847257
9110617590,0.0,0.8827117,0.0,0.0,-0.46991488,0.0,0.0,-0.030366408
9110628300,0.0,0.882727,0.0,0.0,-0.46988618,0.0,0.0,-0.030831508
9110637717,0.0,0.8827552,0.0,0.0,-0.46983317,0.0,0.0,-0.03135166
9110648254,0.0,0.8828283,0.0,0.0,-0.46969584,0.0,0.0,-0.03185751
9110658737,0.0,0.8829387,0.0,0.0,-0.46948835,0.0,0.0,-0.032369807
9110667219,0.0,0.8830261,0.0,0.0,-0.46932384,0.0,0.0,-0.032875158
9110677681,0.0,0.8830926,0.0,0.0,-0.46919876,0.0,0.0,-0.03338191
9110688633,0.0,0.88310003,0.0,0.0,-0.46918476,0.0,0.0,-0.03384226
9110698450,0.0,0.883055,0.0,0.0,-0.4692695,0.0,0.0,-0.034366008
9110707797,0.0,0.8829927,0.0,0.0,-0.46938673,0.0,0.0,-0.034901306
9110718340,0.0,0.8829456,0.0,0.0,-0.46947536,0.0,0.0,-0.035339605
9110727693,0.0,0.8829172,0.0,0.0,-0.4695287,0.0,0.0,-0.035863906
9110738202,0.0,0.88291186,0.0,0.0,-0.46953872,0.0,0.0,-0.036387157
9110747648,0.0,0.88290226,0.0,0.0,-0.46955678,0.0,0.0,-0.036858458
9110758094,0.0,0.882863,0.0,0.0,-0.46963066,0.0,0.0,-0.037384108
9110769762,0.0,0.8827988,0.0,0.0,-0.4697513,0.0,0.0,-0.037866056
9110778165,0.0,0.8827557,0.0,0.0,-0.4698323,0.0,0.0,-0.038367506
9110787585,0.0,0.88270706,0.0,0.0,-0.46992365,0.0,0.0,-0.038884856
9110798086,0.0,0.8826349,0.0,0.0,-0.47005925,0.0,0.0,-0.039391655
9110808649,0.0,0.88254595,0.0,0.0,-0.47022617,0.0,0.0,-0.039853107
9110818018,0.0,0.8824577,0.0,0.0,-0.47039184,0.0,0.0,-0.040378306
9110828546,0.0,0.8823506,0.0,0.0,-0.47059256,0.0,0.0,-0.040903755
9110840080,0.0,0.8822251,0.0,0.0,-0.47082785,0.0,0.0,-0.041375406
9110847615,0.0,0.8821397,0.0,0.0,-0.47098786,0.0,0.0,-0.041908458
9110858176,0.0,0.8820126,0.0,0.0,-0.47122586,0.0,0.0,-0.04239946
9110868733,0.0,0.88189805,0.0,0.0,-0.4714402,0.0,0.0,-0.04285486
9110878087,0.0,0.8818229,0.0,0.0,-0.47158077,0.0,0.0,-0.043390412
9110888612,0.0,0.88177586,0.0,0.0,-0.47166872,0.0,0.0,-0.043906163
9110897920,0.0,0.8817433,0.0,0.0,-0.47172952,0.0,0.0,-0.044357512
9110909492,0.0,0.88170475,0.0,0.0,-0.4718016,0.0,0.0,-0.04490166
9110917885,0.0,0.8816824,0.0,0.0,-0.4718434,0.0,0.0,-0.04535986
9110928653,0.0,0.88167053,0.0,0.0,-0.47186553,0.0,0.0,-0.045907263
9110938432,0.0,0.88168454,0.0,0.0,-0.47183934,0.0,0.0,-0.046377063
9110948979,0.0,0.8817293,0.0,0.0,-0.47175568,0.0,0.0,-0.046902712
9110958409,0.0,0.88178205,0.0,0.0,-0.4716571,0.0,0.0,-0.047380812
9110967760,0.0,0.88183343,0.0,0.0,-0.47156104,0.0,0.0,-0.047891714
9110978340,0.0,0.88188285,0.0,0.0,-0.47146863,0.0,0.0,-0.048392814
9110987738,0.0,0.8819164,0.0,0.0,-0.47140586,0.0,0.0,-0.048862163
9110998212,0.0,0.88193613,0.0,0.0,-0.47136888,0.0,0.0,-0.04938796
9111008793,0.0,0.8819482,0.0,0.0,-0.4713464,0.0,0.0,-0.04986136
9111019315,0.0,0.8819639,0.0,0.0,-0.4713169,0.0,0.0,-0.05038406
9111027861,0.0,0.8819782,0.0,0.0,-0.47129014,0.0,0.0,-0.05090101
9111038344,0.0,0.88199383,0.0,0.0,-0.47126096,0.0,0.0,-0.05139191
9111048787,0.0,0.88198996,0.0,0.0,-0.47126824,0.0,0.0,-0.051874112
9111058143,0.0,0.88198864,0.0,0.0,-0.47127062,0.0,0.0,-0.05238771
9111068726,0.0,0.8820155,0.0,0.0,-0.4712203,0.0,0.0,-0.05290961
9111079231,0.0,0.88204753,0.0,0.0,-0.4711604,0.0,0.0,-0.05338186
9111089777,0.0,0.88208205,0.0,0.0,-0.4710958,0.0,0.0,-0.05391711
9111098149,0.0,0.88212377,0.0,0.0,-0.47101772,0.0,0.0,-0.05442086
9111109006,0.0,0.88218844,0.0,0.0,-0.4708965,0.0,0.0,-0.05491706
9111118359,0.0,0.88224435,0.0,0.0,-0.47079182,0.0,0.0,-0.05538266
9111128945,0.0,0.88230443,0.0,0.0,-0.47067913,0.0,0.0,-0.05592696
9111138423,0.0,0.88236237,0.0,0.0,-0.4705706,0.0,0.0,-0.05639026
9111148910,0.0,0.8824002,0.0,0.0,-0.4704996,0.0,0.0,-0.05691971
9111160366,0.0,0.8824347,0.0,0.0,-0.4704349,0.0,0.0,-0.05740346
9111167866,0.0,0.8824589,0.0,0.0,-0.4703895,0.0,0.0,-0.05790696
9111178380,0.0,0.8825069,0.0,0.0,-0.47029942,0.0,0.0,-0.05842646
9111188742,0.0,0.8825413,0.0,0.0,-0.47023487,0.0,0.0,-0.058875408
9111199388,0.0,0.882576,0.0,0.0,-0.47016978,0.0,0.0,-0.059400156
9111208905,0.0,0.8826224,0.0,0.0,-0.4700826,0.0,0.0,-0.059899207
9111218280,0.0,0.88267213,0.0,0.0,-0.46998927,0.0,0.0,-0.060402606
9111228723,0.0,0.8827195,0.0,0.0,-0.46990025,0.0,0.0,-0.060926255
9111238102,0.0,0.88274825,0.0,0.0,-0.46984634,0.0,0.0,-0.061386656
9111248632,0.0,0.8827587,0.0,0.0,-0.4698267,0.0,0.0,-0.061896857
9111258971,0.0,0.8827623,0.0,0.0,-0.4698198,0.0,0.0,-0.06237966
9111269583,0.0,0.88277256,0.0,0.0,-0.4698006,0.0,0.0,-0.06291401
9111279214,0.0,0.8827722,0.0,0.0,-0.46980128,0.0,0.0,-0.063423105
9111288616,0.0,0.8827929,0.0,0.0,-0.4697624,0.0,0.0,-0.06390985
9111299034,0.0,0.8828475,0.0,0.0,-0.46965975,0.0,0.0,-0.0644385
9111308479,0.0,0.8829076,0.0,0.0,-0.46954668,0.0,0.0,-0.06490085
9111318898,0.0,0.8829636,0.0,0.0,-0.46944144,0.0,0.0,-0.0654243
9111329448,0.0,0.8829871,0.0,0.0,-0.46939734,0.0,0.0,-0.0658975
9111339986,0.0,0.88299257,0.0,0.0,-0.46938697,0.0,0.0,-0.066418
9111348463,0.0,0.8830077,0.0,0.0,-0.46935853,0.0,0.0,-0.06693245
9111359078,0.0,0.88304484,0.0,0.0,-0.46928862,0.0,0.0,-0.06743085
9111369540,0.0,0.88309556,0.0,0.0,-0.46919322,0.0,0.0,-0.067907244
9111378902,0.0,0.8831383,0.0,0.0,-0.4691127,0.0,0.0,-0.06843305
9111389393,0.0,0.8831535,0.0,0.0,-0.46908408,0.0,0.0,-0.06893515
9111399729,0.0,0.88311476,0.0,0.0,-0.46915707,0.0,0.0,-0.06941735
9111410231,0.0,0.8830378,0.0,0.0,-0.46930182,0.0,0.0,-0.06994075
9111418653,0.0,0.88298327,0.0,0.0,-0.4694045,0.0,0.0,-0.070441
9111429132,0.0,0.8829337,0.0,0.0,-0.46949768,0.0,0.0,-0.07094065
9111439625,0.0,0.88290834,0.0,0.0,-0.46954533,0.0,0.0,-0.07140605
9111449580,0.0,0.88291895,0.0,0.0,-0.46952537,0.0,0.0,-0.0719369
9111458981,0.0,0.88293535,0.0,0.0,-0.46949458,0.0,0.0,-0.072442845
9111469542,0.0,0.88292795,0.0,0.0,-0.46950847,0.0,0.0,-0.07290675
9111480057,0.0,0.8828881,0.0,0.0,-0.4695835,0.0,0.0,-0.0734317
9111488363,0.0,0.882846,0.0,0.0,-0.4696626,0.0,0.0,-0.0739378
9111498877,0.0,0.88279015,0.0,0.0,-0.4697676,0.0,0.0,-0.07445221
9111509350,0.0,0.88274765,0.0,0.0,-0.4698474,0.0,0.0,-0.07490151
9111520094,0.0,0.88273096,0.0,0.0,-0.46987876,0.0,0.0,-0.07542521
9111528617,0.0,0.8827239,0.0,0.0,-0.469892,0.0,0.0,-0.07592836
9111539447,0.0,0.88275427,0.0,0.0,-0.46983495,0.0,0.0,-0.07643261
9111549323,0.0,0.88303345,0.0,0.0,-0.46931,0.0,0.0,-0.07691011
9111558767,0.0,0.88341635,0.0,0.0,-0.4685889,0.0,0.0,-0.07745231
9111569343,0.0,0.8836789,0.0,0.0,-0.46809357,0.0,0.0,-0.07793646
9111580016,0.0,0.8838323,0.0,0.0,-0.46780393,0.0,0.0,-0.07841232
9111590444,0.0,0.8839114,0.0,0.0,-0.4676544,0.0,0.0,-0.078938514
9111598941,0.0,0.88397187,0.0,0.0,-0.46754003,0.0,0.0,-0.07945851
9111609490,0.0,0.8840176,0.0,0.0,-0.46745366,0.0,0.0,-0.07994791
9111620265,0.0,0.88403034,0.0,0.0,-0.4674295,0.0,0.0,-0.08
9111629970,0.0,0.8840365,0.0,0.0,-0.4674179,0.0,0.0,-0.08
9111639327,0.0,0.8840492,0.0,0.0,-0.46739393,0.0,0.0,-0.08
9111650017,0.0,0.8840845,0.0,0.0,-0.46732706,0.0,0.0,-0.08
9111660486,0.0,0.8841594,0.0,0.0,-0.46718535,0.0,0.0,-0.08
9111668926,0.0,0.8842542,0.0,0.0,-0.46700585,0.0,0.0,-0.08
9111679385,0.0,0.88439965,0.0,0.0,-0.46673042,0.0,0.0,-0.08
9111689757,0.0,0.8845444,0.0,0.0,-0.46645606,0.0,0.0,-0.08
9111700283,0.0,0.88469785,0.0,0.0,-0.46616495,0.0,0.0,-0.08
9111709994,0.0,0.8848673,0.0,0.0,-0.4658432,0.0,0.0,-0.08
9111719571,0.0,0.88500744,0.0,0.0,-0.4655769,0.0,0.0,-0.08
9111731053,0.0,0.885037,0.0,0.0,-0.4655207,0.0,0.0,-0.08
9111739450,0.0,0.884989,0.0,0.0,-0.46561188,0.0,0.0,-0.08
9111749944,0.0,0.8848935,0.0,0.0,-0.46579346,0.0,0.0,-0.08
9111759281,0.0,0.88482857,0.0,0.0,-0.4659167,0.0,0.0,-0.08
9111769781,0.0,0.884794,0.0,0.0,-0.46598244,0.0,0.0,-0.08
9111779216,0.0,0.8848216,0.0,0.0,-0.46593004,0.0,0.0,-0.08
9111789679,0.0,0.88490087,0.0,0.0,-0.46577936,0.0,0.0,-0.08
9111800265,0.0,0.8849679,0.0,0.0,-0.465652,0.0,0.0,-0.08
9111809780,0.0,0.8849931,0.0,0.0,-0.46560425,0.0,0.0,-0.08
9111819163,0.0,0.88501793,0.0,0.0,-0.46555695,0.0,0.0,-0.08
9111830480,0.0,0.88510966,0.0,0.0,-0.46538255,0.0,0.0,-0.08
9111841056,0.0,0.88526326,0.0,0.0,-0.46509025,0.0,0.0,-0.08
9111849432,0.0,0.88545597,0.0,0.0,-0.46472323,0.0,0.0,-0.08
9111859873,0.0,0.88583297,0.0,0.0,-0.46400425,0.0,0.0,-0.08
9111870275,0.0,0.8863875,0.0,0.0,-0.462944,0.0,0.0,-0.08
9111880152,0.0,0.887004,0.0,0.0,-0.46176174,0.0,0.0,-0.08
9111890172,0.0,0.88754046,0.0,0.0,-0.46072978,0.0,0.0,-0.08
9111900512,0.0,0.8879961,0.0,0.0,-0.45985097,0.0,0.0,-0.08
9111910992,0.0,0.8884407,0.0,0.0,-0.4589914,0.0,0.0,-0.08
9111919370,0.0,0.88878053,0.0,0.0,-0.45833302,0.0,0.0,-0.08
9111930156,0.0,0.88920987,0.0,0.0,-0.45749947,0.0,0.0,-0.08
9111939527,0.0,0.88960165,0.0,0.0,-0.45673722,0.0,0.0,-0.08
9111950063,0.0,0.89001226,0.0,0.0,-0.4559366,0.0,0.0,-0.08
9111959451,0.0,0.8903512,0.0,0.0,-0.45527437,0.0,0.0,-0.08
9111970215,0.0,0.89072037,0.0,0.0,-0.45455164,0.0,0.0,-0.08
9111981686,0.0,0.89108026,0.0,0.0,-0.4538458,0.0,0.0,-0.08
9111989152,0.0,0.8913126,0.0,0.0,-0.45338926,0.0,0.0,-0.08
9111999618,0.0,0.89169,0.0,0.0,-0.4526466,0.0,0.0,-0.08
9112010257,0.0,0.8921405,0.0,0.0,-0.45175806,0.0,0.0,-0.08
9112020767,0.0,0.8926873,0.0,0.0,-0.45067653,0.0,0.0,-0.08
9112030171,0.0,0.89327294,0.0,0.0,-0.4495147,0.0,0.0,-0.08
9112039639,0.0,0.8939806,0.0,0.0,-0.44810566,0.0,0.0,-0.08
9112051275,0.0,0.89494175,0.0,0.0,-0.44618297,0.0,0.0,-0.08
9112059649,0.0,0.89561546,0.0,0.0,-0.44482914,0.0,0.0,-0.08
9112070112,0.0,0.8963423,0.0,0.0,-0.4433627,0.0,0.0,-0.08
9112080544,0.0,0.89671373,0.0,0.0,-0.44261104,0.0,0.0,-0.08
9112091042,0.0,0.8967827,0.0,0.0,-0.44247127,0.0,0.0,-0.08
9112100442,0.0,0.8968204,0.0,0.0,-0.4423948,0.0,0.0,-0.08
9112109925,0.0,0.89686716,0.0,0.0,-0.44230008,0.0,0.0,-0.08
9112120406,0.0,0.89691406,0.0,0.0,-0.44220495,0.0,0.0,-0.08
9112129936,0.0,0.89696264,0.0,0.0,-0.4421064,0.0,0.0,-0.08
9112140582,0.0,0.89703304,0.0,0.0,-0.44196343,0.0,0.0,-0.08
9112150974,0.0,0.89713657,0.0,0.0,-0.44175333,0.0,0.0,-0.08
9112161472,0.0,0.89725333,0.0,0.0,-0.4415161,0.0,0.0,-0.08
9112169917,0.0,0.8973109,0.0,0.0,-0.44139907,0.0,0.0,-0.08
9112180380,0.0,0.8973141,0.0,0.0,-0.44139263,0.0,0.0,-0.08
9112190777,0.0,0.89727724,0.0,0.0,-0.44146755,0.0,0.0,-0.08
9112200313,0.0,0.89720297,0.0,0.0,-0.4416184,0.0,0.0,-0.08
9112209802,0.0,0.897068,0.0,0.0,-0.44189253,0.0,0.0,-0.08
9112220687,0.0,0.8968238,0.0,0.0,-0.44238794,0.0,0.0,-0.08
9112231318,0.0,0.89651656,0.0,0.0,-0.44301027,0.0,0.0,-0.08
9112239696,0.0,0.8962101,0.0,0.0,-0.44362995,0.0,0.0,-0.08
9112250166,0.0,0.89570093,0.0,0.0,-0.44465694,0.0,0.0,-0.08
9112260563,0.0,0.8950761,0.0,0.0,-0.4459134,0.0,0.0,-0.08
9112271055,0.0,0.89429766,0.0,0.0,-0.44747254,0.0,0.0,-0.08
9112280334,0.0,0.8935747,0.0,0.0,-0.44891444,0.0,0.0,-0.08
9112290745,0.0,0.8930652,0.0,0.0,-0.44992718,0.0,0.0,-0.08
9112302245,0.0,0.8927921,0.0,0.0,-0.4504689,0.0,0.0,-0.08
9112309790,0.0,0.89266765,0.0,0.0,-0.45071545,0.0,0.0,-0.08
9112320227,0.0,0.8926866,0.0,0.0,-0.45067793,0.0,0.0,-0.08
9112330650,0.0,0.89305073,0.0,0.0,-0.44995603,0.0,0.0,-0.08
9112340159,0.0,0.8938043,0.0,0.0,-0.44845718,0.0,0.0,-0.08
9112350591,0.0,0.8949366,0.0,0.0,-0.4461933,0.0,0.0,-0.08
9112359960,0.0,0.8957004,0.0,0.0,-0.4446581,0.0,0.0,-0.08
9112370442,0.0,0.89603025,0.0,0.0,-0.443993,0.0,0.0,-0.08
9112379890,0.0,0.8961386,0.0,0.0,-0.44377425,0.0,0.0,-0.08
9112390498,0.0,0.89625466,0.0,0.0,-0.44353986,0.0,0.0,-0.08
9112400987,0.0,0.8963972,0.0,0.0,-0.44325176,0.0,0.0,-0.08
9112411510,0.0,0.8965544,0.0,0.0,-0.44293356,0.0,0.0,-0.08
9112420885,0.0,0.89673185,0.0,0.0,-0.44257423,0.0,0.0,-0.08
9112430278,0.0,0.896883,0.0,0.0,-0.44226784,0.0,0.0,-0.08
9112440758,0.0,0.89704347,0.0,0.0,-0.44194227,0.0,0.0,-0.08
9112450167,0.0,0.89715064,0.0,0.0,-0.4417247,0.0,0.0,-0.08
9112460603,0.0,0.8972065,0.0,0.0,-0.44161126,0.0,0.0,-0.08
9112471366,0.0,0.89719296,0.0,0.0,-0.44163874,0.0,0.0,-0.08
9112481976,0.0,0.89714307,0.0,0.0,-0.44174016,0.0,0.0,-0.08
9112490667,0.0,0.8970702,0.0,0.0,-0.44188794,0.0,0.0,-0.08
9112501135,0.0,0.8969374,0.0,0.0,-0.44215754,0.0,0.0,-0.08
9112510588,0.0,0.89680207,0.0,0.0,-0.44243202,0.0,0.0,-0.08
9112521414,0.0,0.89661366,0.0,0.0,-0.44281363,0.0,0.0,-0.08
9112531105,0.0,0.89638835,0.0,0.0,-0.44326964,0.0,0.0,-0.08
9112540748,0.0,0.89610755,0.0,0.0,-0.44383696,0.0,0.0,-0.08
9112552344,0.0,0.89580804,0.0,0.0,-0.44444123,0.0,0.0,-0.08
9112561309,0.0,0.89560395,0.0,0.0,-0.44485223,0.0,0.0,-0.08
9112571316,0.0,0.89546716,0.0,0.0,-0.44512752,0.0,0.0,-0.08
9112580900,0.0,0.89539367,0.0,0.0,-0.4452754,0.0,0.0,-0.08
9112590508,0.0,0.8953729,0.0,0.0,-0.44531706,0.0,0.0,-0.08
9112600667,0.0,0.89541775,0.0,0.0,-0.44522697,0.0,0.0,-0.08
9112611150,0.0,0.8955061,0.0,0.0,-0.4450493,0.0,0.0,-0.08
9112621548,0.0,0.895588,0.0,0.0,-0.4448844,0.0,0.0,-0.08
9112631319,0.0,0.8956469,0.0,0.0,-0.4447657,0.0,0.0,-0.08
9112640813,0.0,0.8957215,0.0,0.0,-0.44461557,0.0,0.0,-0.08
9112651748,0.0,0.8959684,0.0,0.0,-0.4441178,0.0,0.0,-0.08
9112662247,0.0,0.8964267,0.0,0.0,-0.44319212,0.0,0.0,-0.08
9112670703,0.0,0.8968459,0.0,0.0,-0.44234318,0.0,0.0,-0.08
9112681148,0.0,0.89733666,0.0,0.0,-0.44134673,0.0,0.0,-0.08
9112691612,0.0,0.89771503,0.0,0.0,-0.44057655,0.0,0.0,-0.08
9112701016,0.0,0.8978429,0.0,0.0,-0.44031593,0.0,0.0,-0.08
9112711486,0.0,0.897761,0.0,0.0,-0.44048297,0.0,0.0,-0.08
9112720978,0.0,0.8976135,0.0,0.0,-0.44078332,0.0,0.0,-0.08
9112732414,0.0,0.8973988,0.0,0.0,-0.44122025,0.0,0.0,-0.079476796
9112741024,0.0,0.8972333,0.0,0.0,-0.44155672,0.0,0.0,-0.07901374
9112750594,0.0,0.8970672,0.0,0.0,-0.44189414,0.0,0.0,-0.078493945
9112761009,0.0,0.8969322,0.0,0.0,-0.44216818,0.0,0.0,-0.078001894
9112771533,0.0,0.89682645,0.0,0.0,-0.44238254,0.0,0.0,-0.077521496
9112780963,0.0,0.8967459,0.0,0.0,-0.4425458,0.0,0.0,-0.07702074
9112791423,0.0,0.8966698,0.0,0.0,-0.44270003,0.0,0.0,-0.076484695
9112802889,0.0,0.8965932,0.0,0.0,-0.4428551,0.0,0.0,-0.076012045
9112810371,0.0,0.8965743,0.0,0.0,-0.44289327,0.0,0.0,-0.07550175
9112820899,0.0,0.8966104,0.0,0.0,-0.4428203,0.0,0.0,-0.07498015
9112831971,0.0,0.8967059,0.0,0.0,-0.44262683,0.0,0.0,-0.074533746
9112841412,0.0,0.8968295,0.0,0.0,-0.44237643,0.0,0.0,-0.0740063
9112850853,0.0,0.8970173,0.0,0.0,-0.44199538,0.0,0.0,-0.07347485
9112861252,0.0,0.8974436,0.0,0.0,-0.44112927,0.0,0.0,-0.07302215
9112872784,0.0,0.8980951,0.0,0.0,-0.4398013,0.0,0.0,-0.07251865
9112881123,0.0,0.8985713,0.0,0.0,-0.43882757,0.0,0.0,-0.072008096
9112891605,0.0,0.8991396,0.0,0.0,-0.43766192,0.0,0.0,-0.071469046
9112901934,0.0,0.8995383,0.0,0.0,-0.436842,0.0,0.0,-0.07100359
9112912850,0.0,0.8994776,0.0,0.0,-0.43696687,0.0,0.0,-0.07047224
9112921599,0.0,0.89880884,0.0,0.0,-0.43834075,0.0,0.0,-0.06996329
9112931072,0.0,0.8973357,0.0,0.0,-0.44134864,0.0,0.0,-0.07043054
9112941473,0.0,0.8949879,0.0,0.0,-0.4460905,0.0,0.0,-0.07094769
9112952189,0.0,0.8922522,0.0,0.0,-0.4515374,0.0,0.0,-0.07141804
9112961602,0.0,0.8901399,0.0,0.0,-0.45568734,0.0,0.0,-0.07194704
9112971296,0.0,0.8885377,0.0,0.0,-0.45880365,0.0,0.0,-0.07248194
9112981231,0.0,0.88731086,0.0,0.0,-0.46117187,0.0,0.0,-0.07294474
9112990652,0.0,0.88647294,0.0,0.0,-0.46278048,0.0,0.0,-0.073430486
9113001234,0.0,0.885788,0.0,0.0,-0.46409008,0.0,0.0,-0.07389624
9113011715,0.0,0.8853292,0.0,0.0,-0.46496472,0.0,0.0,-0.074407786
9113021149,0.0,0.88504905,0.0,0.0,-0.4654978,0.0,0.0,-0.074936934
9113031625,0.0,0.88479686,0.0,0.0,-0.46597698,0.0,0.0,-0.07544963
9113042141,0.0,0.8846087,0.0,0.0,-0.46633413,0.0,0.0,-0.07592348
9113052643,0.0,0.8845505,0.0,0.0,-0.46644443,0.0,0.0,-0.07645668
9113060960,0.0,0.8846721,0.0,0.0,-0.4662138,0.0,0.0,-0.07694988
9113071511,0.0,0.8851358,0.0,0.0,-0.46533278,0.0,0.0,-0.07746743
9113082354,0.0,0.88583994,0.0,0.0,-0.46399093,0.0,0.0,-0.07791527
9113091479,0.0,0.88650334,0.0,0.0,-0.46272224,0.0,0.0,-0.07845012
9113102670,0.0,0.88739705,0.0,0.0,-0.4610059,0.0,0.0,-0.07897947
9113111039,0.0,0.8880821,0.0,0.0,-0.45968488,0.0,0.0,-0.07940672
9113122552,0.0,0.8889334,0.0,0.0,-0.45803642,0.0,0.0,-0.07990073
9113130961,0.0,0.8894061,0.0,0.0,-0.457118,0.0,0.0,-0.08
9113141469,0.0,0.8897698,0.0,0.0,-0.45640954,0.0,0.0,-0.08
9113151786,0.0,0.88998306,0.0,0.0,-0.45599356,0.0,0.0,-0.08
9113161292,0.0,0.89015365,0.0,0.0,-0.4556605,0.0,0.0,-0.08
9113172046,0.0,0.89046013,0.0,0.0,-0.45506126,0.0,0.0,-0.08
9113181427,0.0,0.8908836,0.0,0.0,-0.4542316,0.0,0.0,-0.08
9113191863,0.0,0.89144135,0.0,0.0,-0.45313612,0.0,0.0,-0.08
9113201282,0.0,0.89195096,0.0,0.0,-0.45213214,0.0,0.0,-0.08
9113211888,0.0,0.89254963,0.0,0.0,-0.45094922,0.0,0.0,-0.08
9113222251,0.0,0.89313823,0.0,0.0,-0.4497823,0.0,0.0,-0.08
9113232798,0.0,0.8936392,0.0,0.0,-0.44878614,0.0,0.0,-0.08
9113242248,0.0,0.89394,0.0,0.0,-0.44818667,0.0,0.0,-0.08
9113251870,0.0,0.89408773,0.0,0.0,-0.44789183,0.0,0.0,-0.08
9113262198,0.0,0.89412194,0.0,0.0,-0.4478236,0.0,0.0,-0.08
9113271688,0.0,0.89402145,0.0,0.0,-0.44802412,0.0,0.0,-0.08
9113281263,0.0,0.8938031,0.0,0.0,-0.44845963,0.0,0.0,-0.08
9113292732,0.0,0.8934738,0.0,0.0,-0.44911528,0.0,0.0,-0.08
9113303237,0.0,0.89325583,0.0,0.0,-0.4495487,0.0,0.0,-0.08
9113311641,0.0,0.8932561,0.0,0.0,-0.44954813,0.0,0.0,-0.08
9113322048,0.0,0.893489,0.0,0.0,-0.44908503,0.0,0.0,-0.08
9113332526,0.0,0.89385974,0.0,0.0,-0.44834673,0.0,0.0,-0.08
9113344126,0.0,0.89424556,0.0,0.0,-0.44757667,0.0,0.0,-0.08
9113351502,0.0,0.8944385,0.0,0.0,-0.44719097,0.0,0.0,-0.08
9113361942,0.0,0.89468676,0.0,0.0,-0.44669408,0.0,0.0,-0.08
9113373005,0.0,0.89489555,0.0,0.0,-0.4462756,0.0,0.0,-0.08
9113382512,0.0,0.8949197,0.0,0.0,-0.44622728,0.0,0.0,-0.08
9113391901,0.0,0.89469105,0.0,0.0,-0.44668546,0.0,0.0,-0.08
9113402232,0.0,0.8941546,0.0,0.0,-0.44775835,0.0,0.0,-0.08
9113411723,0.0,0.89346355,0.0,0.0,-0.44913572,0.0,0.0,-0.08
9113422343,0.0,0.8925378,0.0,0.0,-0.4509726,0.0,0.0,-0.08
9113431668,0.0,0.89162725,0.0,0.0,-0.45277014,0.0,0.0,-0.08
9113442227,0.0,0.89055806,0.0,0.0,-0.45486957,0.0,0.0,-0.08
9113451629,0.0,0.8896449,0.0,0.0,-0.45665297,0.0,0.0,-0.08
9113462093,0.0,0.8887533,0.0,0.0,-0.45838585,0.0,0.0,-0.08
9113472516,0.0,0.8880061,0.0,0.0,-0.45983166,0.0,0.0,-0.08
9113483041,0.0,0.88731307,0.0,0.0,-0.46116754,0.0,0.0,-0.08
9113492530,0.0,0.88664955,0.0,0.0,-0.46244198,0.0,0.0,-0.08
9113501919,0.0,0.8859179,0.0,0.0,-0.46384206,0.0,0.0,-0.08
9113512769,0.0,0.88493675,0.0,0.0,-0.46571118,0.0,0.0,-0.08
9113522406,0.0,0.8838608,0.0,0.0,-0.46774992,0.0,0.0,-0.08
9113532989,0.0,0.8823979,0.0,0.0,-0.4705039,0.0,0.0,-0.08
9113542686,0.0,0.8808958,0.0,0.0,-0.47331026,0.0,0.0,-0.08
9113553127,0.0,0.87928635,0.0,0.0,-0.4762935,0.0,0.0,-0.08
9113561556,0.0,0.87808615,0.0,0.0,-0.47850254,0.0,0.0,-0.08
9113572115,0.0,0.8768056,0.0,0.0,-0.48084497,0.0,0.0,-0.08
9113582594,0.0,0.8758816,0.0,0.0,-0.482526,0.0,0.0,-0.08
9113592238,0.0,0.8754164,0.0,0.0,-0.4833695,0.0,0.0,-0.08
9113602780,0.0,0.8752714,0.0,0.0,-0.48363206,0.0,0.0,-0.08
9113612698,0.0,0.8753055,0.0,0.0,-0.48357043,0.0,0.0,-0.08
9113624204,0.0,0.875321,0.0,0.0,-0.48354235,0.0,0.0,-0.08
9113632555,0.0,0.87522686,0.0,0.0,-0.4837127,0.0,0.0,-0.08
9113642035,0.0,0.8749837,0.0,0.0,-0.48415235,0.0,0.0,-0.08
9113652460,0.0,0.87461317,0.0,0.0,-0.48482144,0.0,0.0,-0.08
9113663293,0.0,0.8742329,0.0,0.0,-0.48550683,0.0,0.0,-0.08
9113672374,0.0,0.8739984,0.0,0.0,-0.48592874,0.0,0.0,-0.08
9113683246,0.0,0.87385154,0.0,0.0,-0.48619288,0.0,0.0,-0.08
9113693683,0.0,0.873764,0.0,0.0,-0.48635024,0.0,0.0,-0.08
9113702054,0.0,0.873675,0.0,0.0,-0.48651,0.0,0.0,-0.08
9113712548,0.0,0.8735047,0.0,0.0,-0.48681575,0.0,0.0,-0.08
9113722980,0.0,0.8732812,0.0,0.0,-0.48721662,0.0,0.0,-0.08
9113733506,0.0,0.8730684,0.0,0.0,-0.48759773,0.0,0.0,-0.08
9113742939,0.0,0.87303317,0.0,0.0,-0.4876608,0.0,0.0,-0.08
9113752380,0.0,0.8732871,0.0,0.0,-0.48720592,0.0,0.0,-0.08
9113763009,0.0,0.8738527,0.0,0.0,-0.4861907,0.0,0.0,-0.08
9113772337,0.0,0.87441623,0.0,0.0,-0.48517647,0.0,0.0,-0.08
9113782816,0.0,0.8749558,0.0,0.0,-0.4842028,0.0,0.0,-0.08
9113793241,0.0,0.8753034,0.0,0.0,-0.48357415,0.0,0.0,-0.08
9113803708,0.0,0.875418,0.0,0.0,-0.4833667,0.0,0.0,-0.08
9113812189,0.0,0.87530106,0.0,0.0,-0.48357835,0.0,0.0,-0.08
9113822675,0.0,0.87487197,0.0,0.0,-0.4843543,0.0,0.0,-0.08
9113833066,0.0,0.8742554,0.0,0.0,-0.48546627,0.0,0.0,-0.08
9113842535,0.0,0.873665,0.0,0.0,-0.486528,0.0,0.0,-0.08
9113852770,0.0,0.8731462,0.0,0.0,-0.48745847,0.0,0.0,-0.08
9113863180,0.0,0.8728545,0.0,0.0,-0.4879806,0.0,0.0,-0.08
9113873730,0.0,0.8728641,0.0,0.0,-0.48796332,0.0,0.0,-0.08
9113882138,0.0,0.87311584,0.0,0.0,-0.48751277,0.0,0.0,-0.08
9113892636,0.0,0.87367314,0.0,0.0,-0.48651335,0.0,0.0,-0.08
9113902962,0.0,0.87433255,0.0,0.0,-0.4853273,0.0,0.0,-0.08
9113913589,0.0,0.87495625,0.0,0.0,-0.48420197,0.0,0.0,-0.08
9113922948,0.0,0.87536496,0.0,0.0,-0.48346275,0.0,0.0,-0.08
9113933564,0.0,0.87563884,0.0,0.0,-0.48296642,0.0,0.0,-0.08
9113943438,0.0,0.8756359,0.0,0.0,-0.4829718,0.0,0.0,-0.08
9113953490,0.0,0.8752842,0.0,0.0,-0.48360893,0.0,0.0,-0.08
9113963134,0.0,0.8747006,0.0,0.0,-0.48466364,0.0,0.0,-0.08
9113972882,0.0,0.87402344,0.0,0.0,-0.48588377,0.0,0.0,-0.08
9113983361,0.0,0.8732632,0.0,0.0,-0.48724878,0.0,0.0,-0.08
9113992806,0.0,0.87259185,0.0,0.0,-0.48845,0.0,0.0,-0.08
9114003269,0.0,0.8719795,0.0,0.0,-0.48954242,0.0,0.0,-0.08
9114012639,0.0,0.8716511,0.0,0.0,-0.4901269,0.0,0.0,-0.08
9114022470,0.0,0.8715782,0.0,0.0,-0.4902565,0.0,0.0,-0.08
9114032877,0.0,0.8717597,0.0,0.0,-0.48993364,0.0,0.0,-0.08
9114043331,0.0,0.8720834,0.0,0.0,-0.48935726,0.0,0.0,-0.08
9114053827,0.0,0.87237746,0.0,0.0,-0.48883286,0.0,0.0,-0.08
9114062288,0.0,0.87250155,0.0,0.0,-0.48861137,0.0,0.0,-0.08
9114072875,0.0,0.8724733,0.0,0.0,-0.48866177,0.0,0.0,-0.08
9114083308,0.0,0.87228566,0.0,0.0,-0.48899668,0.0,0.0,-0.08
9114093682,0.0,0.8720254,0.0,0.0,-0.4894607,0.0,0.0,-0.08
9114103283,0.0,0.87176496,0.0,0.0,-0.48992437,0.0,0.0,-0.08
9114113686,0.0,0.8714854,0.0,0.0,-0.4904214,0.0,0.0,-0.08
9114124285,0.0,0.8712906,0.0,0.0,-0.49076736,0.0,0.0,-0.08
9114132609,0.0,0.87121284,0.0,0.0,-0.49090546,0.0,0.0,-0.08
9114143150,0.0,0.8711329,0.0,0.0,-0.49104732,0.0,0.0,-0.08
9114153483,0.0,0.87107015,0.0,0.0,-0.49115857,0.0,0.0,-0.08
9114164045,0.0,0.8710716,0.0,0.0,-0.4911561,0.0,0.0,-0.08
9114173566,0.0,0.8711447,0.0,0.0,-0.4910264,0.0,0.0,-0.08
9114183946,0.0,0.8712662,0.0,0.0,-0.49081078,0.0,0.0,-0.08
9114194509,0.0,0.8713838,0.0,0.0,-0.49060202,0.0,0.0,-0.08
9114202921,0.0,0.87146413,0.0,0.0,-0.49045926,0.0,0.0,-0.08
9114213459,0.0,0.871518,0.0,0.0,-0.49036345,0.0,0.0,-0.08
9114223878,0.0,0.8714499,0.0,0.0,-0.49048457,0.0,0.0,-0.08
9114234387,0.0,0.87121594,0.0,0.0,-0.49089995,0.0,0.0,-0.08
9114243817,0.0,0.8709205,0.0,0.0,-0.49142396,0.0,0.0,-0.08
9114253224,0.0,0.87062556,0.0,0.0,-0.4919463,0.0,0.0,-0.08
9114263680,0.0,0.8703272,0.0,0.0,-0.49247393,0.0,0.0,-0.08
9114273254,0.0,0.8700685,0.0,0.0,-0.4929309,0.0,0.0,-0.08
9114282908,0.0,0.86980647,0.0,0.0,-0.49339306,0.0,0.0,-0.08
9114293261,0.0,0.869519,0.0,0.0,-0.49389952,0.0,0.0,-0.08
9114304753,0.0,0.8691982,0.0,0.0,-0.49446383,0.0,0.0,-0.08
9114313129,0.0,0.86897624,0.0,0.0,-0.49485385,0.0,0.0,-0.08
9114323620,0.0,0.86867803,0.0,0.0,-0.4953771,0.0,0.0,-0.08
9114334041,0.0,0.8682695,0.0,0.0,-0.4960928,0.0,0.0,-0.08
9114343511,0.0,0.86775696,0.0,0.0,-0.49698874,0.0,0.0,-0.08
9114354052,0.0,0.8670607,0.0,0.0,-0.49820244,0.0,0.0,-0.08
9114363807,0.0,0.8663641,0.0,0.0,-0.49941283,0.0,0.0,-0.08
9114375367,0.0,0.8655635,0.0,0.0,-0.5007991,0.0,0.0,-0.08
9114382770,0.0,0.8651016,0.0,0.0,-0.50159675,0.0,0.0,-0.08
9114393370,0.0,0.86453974,0.0,0.0,-0.5025645,0.0,0.0,-0.08
9114404333,0.0,0.8641807,0.0,0.0,-0.5031816,0.0,0.0,-0.08
9114413470,0.0,0.864068,0.0,0.0,-0.5033752,0.0,0.0,-0.08
9114424211,0.0,0.8641318,0.0,0.0,-0.50326556,0.0,0.0,-0.08
9114433724,0.0,0.8643627,0.0,0.0,-0.50286883,0.0,0.0,-0.08
9114445237,0.0,0.8647803,0.0,0.0,-0.50215036,0.0,0.0,-0.08
9114453699,0.0,0.8650747,0.0,0.0,-0.501643,0.0,0.0,-0.08
9114463212,0.0,0.8653095,0.0,0.0,-0.5012379,0.0,0.0,-0.08
9114473727,0.0,0.86552,0.0,0.0,-0.5008744,0.0,0.0,-0.08
9114484340,0.0,0.8657395,0.0,0.0,-0.5004948,0.0,0.0,-0.08
9114493797,0.0,0.86589015,0.0,0.0,-0.5002342,0.0,0.0,-0.08
9114504247,0.0,0.86598104,0.0,0.0,-0.5000769,0.0,0.0,-0.08
9114515646,0.0,0.8660564,0.0,0.0,-0.49994633,0.0,0.0,-0.08
9114523258,0.0,0.86612374,0.0,0.0,-0.49982965,0.0,0.0,-0.08
9114534028,0.0,0.8662046,0.0,0.0,-0.4996895,0.0,0.0,-0.08
9114544491,0.0,0.86625814,0.0,0.0,-0.49959666,0.0,0.0,-0.08
9114555054,0.0,0.8663454,0.0,0.0,-0.49944538,0.0,0.0,-0.08
9114563472,0.0,0.86644197,0.0,0.0,-0.49927783,0.0,0.0,-0.08
9114573978,0.0,0.866519,0.0,0.0,-0.49914414,0.0,0.0,-0.08
9114584466,0.0,0.8665132,0.0,0.0,-0.49915415,0.0,0.0,-0.08
9114593411,0.0,0.866447,0.0,0.0,-0.49926907,0.0,0.0,-0.08
9114603933,0.0,0.8663437,0.0,0.0,-0.49944836,0.0,0.0,-0.08
9114614538,0.0,0.8662586,0.0,0.0,-0.49959588,0.0,0.0,-0.08
9114625698,0.0,0.86618084,0.0,0.0,-0.49973068,0.0,0.0,-0.08
9114634065,0.0,0.866107,0.0,0.0,-0.49985868,0.0,0.0,-0.08
9114643547,0.0,0.86599094,0.0,0.0,-0.5000597,0.0,0.0,-0.08
9114654095,0.0,0.8658264,0.0,0.0,-0.50034446,0.0,0.0,-0.08
9114664543,0.0,0.86566174,0.0,0.0,-0.5006293,0.0,0.0,-0.08
9114673966,0.0,0.86552787,0.0,0.0,-0.5008607,0.0,0.0,-0.08
9114684389,0.0,0.86541337,0.0,0.0,-0.5010586,0.0,0.0,-0.08
9114695869,0.0,0.8653158,0.0,0.0,-0.5012271,0.0,0.0,-0.08
9114703666,0.0,0.86525977,0.0,0.0,-0.5013238,0.0,0.0,-0.08
9114714073,0.0,0.86512494,0.0,0.0,-0.5015564,0.0,0.0,-0.08
9114724561,0.0,0.8648587,0.0,0.0,-0.50201535,0.0,0.0,-0.08
9114735040,0.0,0.86447924,0.0,0.0,-0.50266856,0.0,0.0,-0.08
9114744232,0.0,0.86403126,0.0,0.0,-0.5034382,0.0,0.0,-0.08
9114754444,0.0,0.86338484,0.0,0.0,-0.504546,0.0,0.0,-0.08
9114765886,0.0,0.8626418,0.0,0.0,-0.5058153,0.0,0.0,-0.08
9114774380,0.0,0.8621938,0.0,0.0,-0.5065785,0.0,0.0,-0.08
9114783782,0.0,0.8618123,0.0,0.0,-0.50722736,0.0,0.0,-0.08
9114794217,0.0,0.8615212,0.0,0.0,-0.50772166,0.0,0.0,-0.08
9114804788,0.0,0.86141324,0.0,0.0,-0.5079047,0.0,0.0,-0.08
9114814205,0.0,0.8614598,0.0,0.0,-0.5078258,0.0,0.0,-0.08
9114824673,0.0,0.86157346,0.0,0.0,-0.50763285,0.0,0.0,-0.08
9114834027,0.0,0.8616538,0.0,0.0,-0.50749654,0.0,0.0,-0.08
9114844659,0.0,0.86168706,0.0,0.0,-0.50744003,0.0,0.0,-0.08
9114854000,0.0,0.8616643,0.0,0.0,-0.5074788,0.0,0.0,-0.08
9114864457,0.0,0.8616133,0.0,0.0,-0.5075653,0.0,0.0,-0.08
9114874638,0.0,0.86158806,0.0,0.0,-0.5076082,0.0,0.0,-0.08
9114884067,0.0,0.8615648,0.0,0.0,-0.50764763,0.0,0.0,-0.08
9114894601,0.0,0.86145705,0.0,0.0,-0.5078305,0.0,0.0,-0.08
9114904974,0.0,0.8612647,0.0,0.0,-0.50815654,0.0,0.0,-0.08
9114914492,0.0,0.86108494,0.0,0.0,-0.5084611,0.0,0.0,-0.08
9114923866,0.0,0.86100113,0.0,0.0,-0.508603,0.0,0.0,-0.08
9114935307,0.0,0.86112523,0.0,0.0,-0.50839293,0.0,0.0,-0.08
9114946134,0.0,0.8615588,0.0,0.0,-0.5076578,0.0,0.0,-0.08
9114954595,0.0,0.86215776,0.0,0.0,-0.5066399,0.0,0.0,-0.08
9114964816,0.0,0.86306953,0.0,0.0,-0.5050852,0.0,0.0,-0.08
9114974358,0.0,0.86386377,0.0,0.0,-0.50372547,0.0,0.0,-0.08
9114984950,0.0,0.86448306,0.0,0.0,-0.5026619,0.0,0.0,-0.08
9114994408,0.0,0.86479515,0.0,0.0,-0.50212485,0.0,0.0,-0.08
9115004861,0.0,0.86494946,0.0,0.0,-0.50185895,0.0,0.0,-0.08
9115015587,0.0,0.86497784,0.0,0.0,-0.50181,0.0,0.0,-0.08
9115024027,0.0,0.86497,0.0,0.0,-0.5018235,0.0,0.0,-0.08
9115034485,0.0,0.8649262,0.0,0.0,-0.50189906,0.0,0.0,-0.08
9115044957,0.0,0.86480606,0.0,0.0,-0.502106,0.0,0.0,-0.08
9115054732,0.0,0.8646836,0.0,0.0,-0.50231683,0.0,0.0,-0.08
9115064099,0.0,0.86463237,0.0,0.0,-0.50240505,0.0,0.0,-0.08
9115074640,0.0,0.86465013,0.0,0.0,-0.5023745,0.0,0.0,-0.08
9115084999,0.0,0.8646896,0.0,0.0,-0.50230664,0.0,0.0,-0.08
9115094458,0.0,0.86471426,0.0,0.0,-0.5022641,0.0,0.0,-0.08
9115104909,0.0,0.86470664,0.0,0.0,-0.50227726,0.0,0.0,-0.08
9115115620,0.0,0.8646177,0.0,0.0,-0.5024303,0.0,0.0,-0.08
9115124141,0.0,0.864472,0.0,0.0,-0.502681,0.0,0.0,-0.08
9115134463,0.0,0.8642187,0.0,0.0,-0.50311625,0.0,0.0,-0.08
9115144992,0.0,0.8638668,0.0,0.0,-0.5037203,0.0,0.0,-0.08
9115155302,0.0,0.8634413,0.0,0.0,-0.50444937,0.0,0.0,-0.08
9115164813,0.0,0.8630145,0.0,0.0,-0.50517917,0.0,0.0,-0.08
9115174205,0.0,0.862572,0.0,0.0,-0.5059343,0.0,0.0,-0.08
9115184650,0.0,0.86207294,0.0,0.0,-0.5067842,0.0,0.0,-0.08
9115196181,0.0,0.86157966,0.0,0.0,-0.50762236,0.0,0.0,-0.08
9115205080,0.0,0.86132425,0.0,0.0,-0.5080556,0.0,0.0,-0.08
9115215430,0.0,0.8612225,0.0,0.0,-0.5082281,0.0,0.0,-0.08
9115225335,0.0,0.8612241,0.0,0.0,-0.5082254,0.0,0.0,-0.08
9115234780,0.0,0.8612435,0.0,0.0,-0.5081926,0.0,0.0,-0.08
9115245274,0.0,0.8612856,0.0,0.0,-0.50812113,0.0,0.0,-0.08
9115255635,0.0,0.86133456,0.0,0.0,-0.50803816,0.0,0.0,-0.08
9115266104,0.0,0.8612958,0.0,0.0,-0.5081038,0.0,0.0,-0.08
9115274706,0.0,0.86118925,0.0,0.0,-0.50828445,0.0,0.0,-0.08
9115285077,0.0,0.86107177,0.0,0.0,-0.50848347,0.0,0.0,-0.08
9115295479,0.0,0.86101294,0.0,0.0,-0.508583,0.0,0.0,-0.08
9115306291,0.0,0.8609779,0.0,0.0,-0.5086424,0.0,0.0,-0.08
9115314667,0.0,0.86100346,0.0,0.0,-0.50859916,0.0,0.0,-0.08
9115325192,0.0,0.86127925,0.0,0.0,-0.5081319,0.0,0.0,-0.08
9115336781,0.0,0.8619375,0.0,0.0,-0.5070145,0.0,0.0,-0.08
9115345296,0.0,0.8625616,0.0,0.0,-0.5059521,0.0,0.0,-0.08
9115354692,0.0,0.8632109,0.0,0.0,-0.5048435,0.0,0.0,-0.08
9115365155,0.0,0.8637559,0.0,0.0,-0.5039105,0.0,0.0,-0.08
9115375593,0.0,0.86410666,0.0,0.0,-0.5033087,0.0,0.0,-0.08
9115385141,0.0,0.8642571,0.0,0.0,-0.5030504,0.0,0.0,-0.08
9115394753,0.0,0.8642628,0.0,0.0,-0.5030405,0.0,0.0,-0.08
9115405128,0.0,0.8641412,0.0,0.0,-0.50324935,0.0,0.0,-0.08
9115414665,0.0,0.8639227,0.0,0.0,-0.5036244,0.0,0.0,-0.08
9115425062,0.0,0.8635844,0.0,0.0,-0.5042043,0.0,0.0,-0.08
9115435566,0.0,0.8632545,0.0,0.0,-0.50476897,0.0,0.0,-0.08
9115447076,0.0,0.863088,0.0,0.0,-0.5050536,0.0,0.0,-0.08
9115454496,0.0,0.8631272,0.0,0.0,-0.5049866,0.0,0.0,-0.08
9115464890,0.0,0.8632837,0.0,0.0,-0.504719,0.0,0.0,-0.08
9115476143,0.0,0.86350775,0.0,0.0,-0.5043356,0.0,0.0,-0.08
9115485724,0.0,0.86378205,0.0,0.0,-0.50386566,0.0,0.0,-0.08
9115495228,0.0,0.8641584,0.0,0.0,-0.5032199,0.0,0.0,-0.08
9115505676,0.0,0.8646513,0.0,0.0,-0.50237244,0.0,0.0,-0.08
9115517239,0.0,0.8652319,0.0,0.0,-0.5013719,0.0,0.0,-0.08
9115524811,0.0,0.8655791,0.0,0.0,-0.5007722,0.0,0.0,-0.08
9115535527,0.0,0.86605424,0.0,0.0,-0.49995005,0.0,0.0,-0.08
9115546125,0.0,0.8665603,0.0,0.0,-0.49907243,0.0,0.0,-0.08
9115566088,0.0,0.867537,0.0,0.0,-0.49737257,0.0,0.0,-0.08
9115575494,0.0,0.8679156,0.0,0.0,-0.49671173,0.0,0.0,-0.08
9115587130,0.0,0.8682071,0.0,0.0,-0.496202,0.0,0.0,-0.08
9115595505,0.0,0.8683582,0.0,0.0,-0.49593753,0.0,0.0,-0.08
9115605949,0.0,0.86861306,0.0,0.0,-0.49549106,0.0,0.0,-0.08
9115615316,0.0,0.86894363,0.0,0.0,-0.49491102,0.0,0.0,-0.08
9115626792,0.0,0.8693964,0.0,0.0,-0.4941153,0.0,0.0,-0.08
9115635299,0.0,0.8697144,0.0,0.0,-0.49355537,0.0,0.0,-0.08
9115645493,0.0,0.87008524,0.0,0.0,-0.49290133,0.0,0.0,-0.08
9115655640,0.0,0.8705569,0.0,0.0,-0.49206778,0.0,0.0,-0.08
9115665109,0.0,0.8710754,0.0,0.0,-0.49114934,0.0,0.0,-0.08
9115675578,0.0,0.87161475,0.0,0.0,-0.4901915,0.0,0.0,-0.08
9115686149,0.0,0.8720635,0.0,0.0,-0.48939267,0.0,0.0,-0.08
9115696115,0.0,0.8724763,0.0,0.0,-0.48865643,0.0,0.0,-0.08
9115705654,0.0,0.87292236,0.0,0.0,-0.4878591,0.0,0.0,-0.08
9115716087,0.0,0.8733984,0.0,0.0,-0.4870064,0.0,0.0,-0.08
9115726483,0.0,0.87374717,0.0,0.0,-0.48638037,0.0,0.0,-0.08
9115736199,0.0,0.87391776,0.0,0.0,-0.48607376,0.0,0.0,-0.08
9115745703,0.0,0.87395996,0.0,0.0,-0.48599797,0.0,0.0,-0.08
9115756090,0.0,0.87392294,0.0,0.0,-0.48606443,0.0,0.0,-0.08
9115767522,0.0,0.8738568,0.0,0.0,-0.48618346,0.0,0.0,-0.08
9115774910,0.0,0.87382036,0.0,0.0,-0.48624882,0.0,0.0,-0.08
9115785403,0.0,0.8737806,0.0,0.0,-0.48632035,0.0,0.0,-0.08
9115795804,0.0,0.873764,0.0,0.0,-0.48635018,0.0,0.0,-0.08
9115806395,0.0,0.8738054,0.0,0.0,-0.48627576,0.0,0.0,-0.08
9115816499,0.0,0.87392557,0.0,0.0,-0.48605976,0.0,0.0,-0.08
9115825741,0.0,0.8741094,0.0,0.0,-0.48572916,0.0,0.0,-0.08
9115837234,0.0,0.87438923,0.0,0.0,-0.48522514,0.0,0.0,-0.08
9115845648,0.0,0.8745956,0.0,0.0,-0.4848531,0.0,0.0,-0.08
9115855758,0.0,0.8747992,0.0,0.0,-0.4844857,0.0,0.0,-0.08
9115866392,0.0,0.87491536,0.0,0.0,-0.48427585,0.0,0.0,-0.08
9115876566,0.0,0.8749304,0.0,0.0,-0.48424873,0.0,0.0,-0.08
9115886194,0.0,0.8748885,0.0,0.0,-0.48432446,0.0,0.0,-0.08
9115895582,0.0,0.87478393,0.0,0.0,-0.48451322,0.0,0.0,-0.08
9115906348,0.0,0.874527,0.0,0.0,-0.4849769,0.0,0.0,-0.08
9115915713,0.0,0.8742204,0.0,0.0,-0.48552933,0.0,0.0,-0.08
9115926134,0.0,0.8738399,0.0,0.0,-0.48621377,0.0,0.0,-0.08
9115936676,0.0,0.8734466,0.0,0.0,-0.48692,0.0,0.0,-0.08
9115947174,0.0,0.87306255,0.0,0.0,-0.48760825,0.0,0.0,-0.08
9115955649,0.0,0.87283444,0.0,0.0,-0.4880164,0.0,0.0,-0.08
9115966081,0.0,0.8727295,0.0,0.0,-0.48820412,0.0,0.0,-0.08
9115976486,0.0,0.8727935,0.0,0.0,-0.48808962,0.0,0.0,-0.08
9115986073,0.0,0.87297004,0.0,0.0,-0.48777378,0.0,0.0,-0.08
9115996486,0.0,0.8731886,0.0,0.0,-0.48738244,0.0,0.0,-0.08
9116006199,0.0,0.87329185,0.0,0.0,-0.48719746,0.0,0.0,-0.08
9116017659,0.0,0.87326,0.0,0.0,-0.48725444,0.0,0.0,-0.08
9116026096,0.0,0.8731679,0.0,0.0,-0.4874196,0.0,0.0,-0.08
9116036599,0.0,0.8730288,0.0,0.0,-0.4876686,0.0,0.0,-0.08
9116046420,0.0,0.87293303,0.0,0.0,-0.48784,0.0,0.0,-0.08
9116057488,0.0,0.8728864,0.0,0.0,-0.4879234,0.0,0.0,-0.08
9116068746,0.0,0.8728553,0.0,0.0,-0.48797914,0.0,0.0,-0.08
9116076165,0.0,0.87278885,0.0,0.0,-0.488098,0.0,0.0,-0.08
9116087686,0.0,0.87264395,0.0,0.0,-0.488357,0.0,0.0,-0.08
9116096120,0.0,0.8725677,0.0,0.0,-0.48849317,0.0,0.0,-0.08
9116106673,0.0,0.87252396,0.0,0.0,-0.48857135,0.0,0.0,-0.08
9116116126,0.0,0.8724975,0.0,0.0,-0.48861855,0.0,0.0,-0.08
9116126644,0.0,0.872484,0.0,0.0,-0.48864257,0.0,0.0,-0.08
9116136077,0.0,0.87251365,0.0,0.0,-0.4885897,0.0,0.0,-0.08
9116146532,0.0,0.872557,0.0,0.0,-0.4885123,0.0,0.0,-0.08
9116157793,0.0,0.87256557,0.0,0.0,-0.48849702,0.0,0.0,-0.08
9116166269,0.0,0.8725628,0.0,0.0,-0.48850185,0.0,0.0,-0.08
9116176783,0.0,0.8725857,0.0,0.0,-0.488461,0.0,0.0,-0.08
9116186148,0.0,0.872617,0.0,0.0,-0.48840517,0.0,0.0,-0.08
9116197684,0.0,0.8726195,0.0,0.0,-0.4884007,0.0,0.0,-0.08
9116206069,0.0,0.8726189,0.0,0.0,-0.48840168,0.0,0.0,-0.08
9116216608,0.0,0.87261605,0.0,0.0,-0.48840678,0.0,0.0,-0.08
9116227032,0.0,0.8725709,0.0,0.0,-0.4884875,0.0,0.0,-0.08
9116236527,0.0,0.8724496,0.0,0.0,-0.48870412,0.0,0.0,-0.08
9116246113,0.0,0.8722647,0.0,0.0,-0.48903403,0.0,0.0,-0.08
9116256463,0.0,0.8720469,0.0,0.0,-0.4894223,0.0,0.0,-0.08
9116268100,0.0,0.87182015,0.0,0.0,-0.48982617,0.0,0.0,-0.08
9116276518,0.0,0.8716767,0.0,0.0,-0.49008134,0.0,0.0,-0.08
9116286037,0.0,0.87154627,0.0,0.0,-0.49031332,0.0,0.0,-0.08
9116296448,0.0,0.8714484,0.0,0.0,-0.49048716,0.0,0.0,-0.08
9116306924,0.0,0.8713681,0.0,0.0,-0.49062985,0.0,0.0,-0.08
9116316318,0.0,0.87129176,0.0,0.0,-0.4907654,0.0,0.0,-0.08
9116327479,0.0,0.8711946,0.0,0.0,-0.4909378,0.0,0.0,-0.08
9116337860,0.0,0.87108225,0.0,0.0,-0.4911372,0.0,0.0,-0.08
9116346343,0.0,0.8709845,0.0,0.0,-0.49131054,0.0,0.0,-0.08
9116356786,0.0,0.87090987,0.0,0.0,-0.49144283,0.0,0.0,-0.08
9116367202,0.0,0.8709277,0.0,0.0,-0.4914112,0.0,0.0,-0.08
9116376591,0.0,0.8709713,0.0,0.0,-0.49133387,0.0,0.0,-0.08
9116387129,0.0,0.8709516,0.0,0.0,-0.49136886,0.0,0.0,-0.08
9116397472,0.0,0.8708295,0.0,0.0,-0.49158517,0.0,0.0,-0.08
9116408081,0.0,0.8706213,0.0,0.0,-0.4919538,0.0,0.0,-0.08
9116416656,0.0,0.8704188,0.0,0.0,-0.492312,0.0,0.0,-0.08
9116427132,0.0,0.87017196,0.0,0.0,-0.4927481,0.0,0.0,-0.08
9116437611,0.0,0.8699572,0.0,0.0,-0.49312717,0.0,0.0,-0.08
9116447496,0.0,0.86978865,0.0,0.0,-0.4934245,0.0,0.0,-0.08
9116456670,0.0,0.86965734,0.0,0.0,-0.4936559,0.0,0.0,-0.08
9116467183,0.0,0.8695278,0.0,0.0,-0.49388394,0.0,0.0,-0.08
9116476637,0.0,0.8694475,0.0,0.0,-0.49402532,0.0,0.0,-0.08
9116487132,0.0,0.8693875,0.0,0.0,-0.49413088,0.0,0.0,-0.08
9116496908,0.0,0.8693519,0.0,0.0,-0.49419346,0.0,0.0,-0.08
9116507338,0.0,0.8693668,0.0,0.0,-0.49416727,0.0,0.0,-0.08
9116517682,0.0,0.8694517,0.0,0.0,-0.49401796,0.0,0.0,-0.08
9116526601,0.0,0.8695324,0.0,0.0,-0.4938759,0.0,0.0,-0.08
9116537285,0.0,0.8696004,0.0,0.0,-0.49375618,0.0,0.0,-0.08
9116547134,0.0,0.8696609,0.0,0.0,-0.49364954,0.0,0.0,-0.08
9116556648,0.0,0.8697158,0.0,0.0,-0.49355286,0.0,0.0,-0.08
9116567238,0.0,0.8697336,0.0,0.0,-0.49352157,0.0,0.0,-0.08
9116577707,0.0,0.8696965,0.0,0.0,-0.4935869,0.0,0.0,-0.08
9116588384,0.0,0.86961234,0.0,0.0,-0.4937352,0.0,0.0,-0.08
9116597105,0.0,0.8695532,0.0,0.0,-0.49383926,0.0,0.0,-0.08
9116606499,0.0,0.8695585,0.0,0.0,-0.49382988,0.0,0.0,-0.08
9116616963,0.0,0.8696192,0.0,0.0,-0.4937231,0.0,0.0,-0.08
9116627403,0.0,0.8696623,0.0,0.0,-0.49364716,0.0,0.0,-0.08
9116636913,0.0,0.86961156,0.0,0.0,-0.49373654,0.0,0.0,-0.08
9116647456,0.0,0.8694731,0.0,0.0,-0.49398035,0.0,0.0,-0.08
9116658917,0.0,0.8693068,0.0,0.0,-0.49427292,0.0,0.0,-0.08
9116666347,0.0,0.8692199,0.0,0.0,-0.49442565,0.0,0.0,-0.08
9116677334,0.0,0.86912066,0.0,0.0,-0.49460015,0.0,0.0,-0.08
9116687827,0.0,0.8690401,0.0,0.0,-0.4947417,0.0,0.0,-0.08
9116698106,0.0,0.8689827,0.0,0.0,-0.49484256,0.0,0.0,-0.08
9116707043,0.0,0.8689807,0.0,0.0,-0.49484593,0.0,0.0,-0.08
9116717547,0.0,0.8690928,0.0,0.0,-0.49464902,0.0,0.0,-0.08
9116727885,0.0,0.8693157,0.0,0.0,-0.4942573,0.0,0.0,-0.08
9116737363,0.0,0.8695421,0.0,0.0,-0.49385875,0.0,0.0,-0.08
9116746925,0.0,0.86975056,0.0,0.0,-0.49349165,0.0,0.0,-0.08
9116757313,0.0,0.8699456,0.0,0.0,-0.4931477,0.0,0.0,-0.08
9116769004,0.0,0.870073,0.0,0.0,-0.4929229,0.0,0.0,-0.08
9116777393,0.0,0.8700933,0.0,0.0,-0.4928871,0.0,0.0,-0.08
9116787870,0.0,0.8700844,0.0,0.0,-0.49290273,0.0,0.0,-0.08
9116797323,0.0,0.8700858,0.0,0.0,-0.49290028,0.0,0.0,-0.08
9116806814,0.0,0.8700989,0.0,0.0,-0.49287716,0.0,0.0,-0.08
9116817311,0.0,0.8701034,0.0,0.0,-0.49286923,0.0,0.0,-0.08
9116827816,0.0,0.8701032,0.0,0.0,-0.49286965,0.0,0.0,-0.08
9116839273,0.0,0.8700958,0.0,0.0,-0.49288267,0.0,0.0,-0.08
9116846910,0.0,0.8700578,0.0,0.0,-0.49294966,0.0,0.0,-0.08
9116857404,0.0,0.86993515,0.0,0.0,-0.49316615,0.0,0.0,-0.08
9116868056,0.0,0.8697462,0.0,0.0,-0.49349928,0.0,0.0,-0.08
9116877475,0.0,0.86955833,0.0,0.0,-0.4938302,0.0,0.0,-0.08
9116887927,0.0,0.86936384,0.0,0.0,-0.4941726,0.0,0.0,-0.08
9116898258,0.0,0.86920124,0.0,0.0,-0.49445844,0.0,0.0,-0.08
9116908791,0.0,0.86910933,0.0,0.0,-0.49461997,0.0,0.0,-0.08
9116917149,0.0,0.86911523,0.0,0.0,-0.49460965,0.0,0.0,-0.08
9116927639,0.0,0.8691585,0.0,0.0,-0.49453357,0.0,0.0,-0.08
9116937495,0.0,0.8691734,0.0,0.0,-0.4945074,0.0,0.0,-0.08
9116948492,0.0,0.8691241,0.0,0.0,-0.49459407,0.0,0.0,-0.08
9116958051,0.0,0.869002,0.0,0.0,-0.49480864,0.0,0.0,-0.08
9116967594,0.0,0.8688325,0.0,0.0,-0.49510607,0.0,0.0,-0.08
9116978778,0.0,0.86866784,0.0,0.0,-0.49539495,0.0,0.0,-0.08
9116987565,0.0,0.8685876,0.0,0.0,-0.49553564,0.0,0.0,-0.08
9116997695,0.0,0.86850214,0.0,0.0,-0.4956854,0.0,0.0,-0.08
9117008476,0.0,0.8683917,0.0,0.0,-0.49587885,0.0,0.0,-0.08
9117018389,0.0,0.86831325,0.0,0.0,-0.49601626,0.0,0.0,-0.08
9117027807,0.0,0.86828375,0.0,0.0,-0.4960679,0.0,0.0,-0.08
9117037443,0.0,0.86828846,0.0,0.0,-0.4960597,0.0,0.0,-0.08
9117047962,0.0,0.86831,0.0,0.0,-0.496022,0.0,0.0,-0.08
9117057333,0.0,0.86831087,0.0,0.0,-0.4960204,0.0,0.0,-0.08
9117067974,0.0,0.8682811,0.0,0.0,-0.49607247,0.0,0.0,-0.08
9117078415,0.0,0.8682368,0.0,0.0,-0.49615005,0.0,0.0,-0.08
9117088928,0.0,0.8682047,0.0,0.0,-0.49620613,0.0,0.0,-0.08
9117097329,0.0,0.8682257,0.0,0.0,-0.49616945,0.0,0.0,-0.08
9117108238,0.0,0.8683103,0.0,0.0,-0.49602148,0.0,0.0,-0.08
9117118699,0.0,0.86840004,0.0,0.0,-0.4958643,0.0,0.0,-0.08
9117128130,0.0,0.8684602,0.0,0.0,-0.4957589,0.0,0.0,-0.08
9117137564,0.0,0.8684611,0.0,0.0,-0.4957574,0.0,0.0,-0.08
9117148090,0.0,0.86824536,0.0,0.0,-0.4961351,0.0,0.0,-0.08
9117159499,0.0,0.86771506,0.0,0.0,-0.49706194,0.0,0.0,-0.08
9117168065,0.0,0.8672672,0.0,0.0,-0.49784294,0.0,0.0,-0.08
9117177392,0.0,0.86688286,0.0,0.0,-0.49851188,0.0,0.0,-0.08
9117187964,0.0,0.8665829,0.0,0.0,-0.49903318,0.0,0.0,-0.08
9117198477,0.0,0.8663611,0.0,0.0,-0.49941814,0.0,0.0,-0.08
9117207944,0.0,0.86615926,0.0,0.0,-0.49976808,0.0,0.0,-0.08
9117218269,0.0,0.86590993,0.0,0.0,-0.5001999,0.0,0.0,-0.08
9117229920,0.0,0.8656851,0.0,0.0,-0.50058895,0.0,0.0,-0.08
9117237235,0.0,0.8656045,0.0,0.0,-0.50072825,0.0,0.0,-0.08
9117247726,0.0,0.86548734,0.0,0.0,-0.50093085,0.0,0.0,-0.08
9117258131,0.0,0.86531,0.0,0.0,-0.5012371,0.0,0.0,-0.08
9117268681,0.0,0.8651094,0.0,0.0,-0.5015833,0.0,0.0,-0.08
9117278525,0.0,0.86494225,0.0,0.0,-0.50187135,0.0,0.0,-0.08
9117288189,0.0,0.86479545,0.0,0.0,-0.5021243,0.0,0.0,-0.08
9117298633,0.0,0.8646613,0.0,0.0,-0.5023553,0.0,0.0,-0.08
9117308107,0.0,0.86459285,0.0,0.0,-0.50247306,0.0,0.0,-0.08
9117318513,0.0,0.86458504,0.0,0.0,-0.5024865,0.0,0.0,-0.08
9117329386,0.0,0.8646567,0.0,0.0,-0.5023632,0.0,0.0,-0.08
9117338372,0.0,0.86478513,0.0,0.0,-0.5021421,0.0,0.0,-0.08
9117348477,0.0,0.8649576,0.0,0.0,-0.501845,0.0,0.0,-0.08
9117358212,0.0,0.8650635,0.0,0.0,-0.50166243,0.0,0.0,-0.08
9117368773,0.0,0.8650798,0.0,0.0,-0.5016342,0.0,0.0,-0.08
9117379108,0.0,0.8650399,0.0,0.0,-0.5017031,0.0,0.0,-0.08
9117388454,0.0,0.8650349,0.0,0.0,-0.5017117,0.0,0.0,-0.08
9117398865,0.0,0.8651427,0.0,0.0,-0.5015258,0.0,0.0,-0.08
9117409448,0.0,0.8654213,0.0,0.0,-0.50104487,0.0,0.0,-0.08
9117417913,0.0,0.86574626,0.0,0.0,-0.5004832,0.0,0.0,-0.08
9117428652,0.0,0.86614585,0.0,0.0,-0.49979135,0.0,0.0,-0.08
9117438985,0.0,0.8664621,0.0,0.0,-0.49924287,0.0,0.0,-0.08
9117449082,0.0,0.8667712,0.0,0.0,-0.49870592,0.0,0.0,-0.08
9117458497,0.0,0.86710095,0.0,0.0,-0.4981324,0.0,0.0,-0.08
9117468949,0.0,0.86751765,0.0,0.0,-0.4974064,0.0,0.0,-0.08
9117479719,0.0,0.86799145,0.0,0.0,-0.4965791,0.0,0.0,-0.08
9117488111,0.0,0.86831963,0.0,0.0,-0.4960051,0.0,0.0,-0.08
9117498661,0.0,0.8686155,0.0,0.0,-0.49548677,0.0,0.0,-0.08
9117509120,0.0,0.86881196,0.0,0.0,-0.49514222,0.0,0.0,-0.08
9117519597,0.0,0.8688983,0.0,0.0,-0.49499068,0.0,0.0,-0.08
9117528294,0.0,0.8688675,0.0,0.0,-0.49504465,0.0,0.0,-0.08
9117538535,0.0,0.86880296,0.0,0.0,-0.49515796,0.0,0.0,-0.08
9117549062,0.0,0.8687672,0.0,0.0,-0.49522072,0.0,0.0,-0.08
9117558514,0.0,0.86868423,0.0,0.0,-0.49536628,0.0,0.0,-0.08
9117569060,0.0,0.8684868,0.0,0.0,-0.49571222,0.0,0.0,-0.08
9117578367,0.0,0.8683068,0.0,0.0,-0.49602753,0.0,0.0,-0.08
9117589936,0.0,0.8681557,0.0,0.0,-0.49629188,0.0,0.0,-0.08
9117598401,0.0,0.8680602,0.0,0.0,-0.49645895,0.0,0.0,-0.08
9117608934,0.0,0.86796296,0.0,0.0,-0.49662897,0.0,0.0,-0.08
9117619467,0.0,0.8679193,0.0,0.0,-0.49670517,0.0,0.0,-0.08
9117628942,0.0,0.867896,0.0,0.0,-0.49674588,0.0,0.0,-0.08
9117638434,0.0,0.86781645,0.0,0.0,-0.49688494,0.0,0.0,-0.08
9117648907,0.0,0.867677,0.0,0.0,-0.49712843,0.0,0.0,-0.08
9117660396,0.0,0.86752605,0.0,0.0,-0.4973917,0.0,0.0,-0.08
9117668844,0.0,0.8674361,0.0,0.0,-0.49754858,0.0,0.0,-0.08
9117678246,0.0,0.86737573,0.0,0.0,-0.49765378,0.0,0.0,-0.08
9117688630,0.0,0.86735135,0.0,0.0,-0.49769628,0.0,0.0,-0.08
9117699256,0.0,0.86736023,0.0,0.0,-0.49768087,0.0,0.0,-0.08
9117708758,0.0,0.867417,0.0,0.0,-0.497582,0.0,0.0,-0.08
9117719067,0.0,0.8675086,0.0,0.0,-0.49742216,0.0,0.0,-0.08
9117730582,0.0,0.86754525,0.0,0.0,-0.49735826,0.0,0.0,-0.08
9117738967,0.0,0.86745983,0.0,0.0,-0.4975072,0.0,0.0,-0.08
9117748566,0.0,0.86722845,0.0,0.0,-0.49791047,0.0,0.0,-0.08
9117758976,0.0,0.8669898,0.0,0.0,-0.49832588,0.0,0.0,-0.08
9117769475,0.0,0.86689943,0.0,0.0,-0.49848303,0.0,0.0,-0.08
9117778846,0.0,0.86693054,0.0,0.0,-0.498429,0.0,0.0,-0.08
9117789462,0.0,0.8669809,0.0,0.0,-0.4983414,0.0,0.0,-0.08
9117799971,0.0,0.8669718,0.0,0.0,-0.4983572,0.0,0.0,-0.08
9117808587,0.0,0.8668735,0.0,0.0,-0.49852815,0.0,0.0,-0.08
9117819236,0.0,0.8666472,0.0,0.0,-0.49892145,0.0,0.0,-0.08
9117829757,0.0,0.8663954,0.0,0.0,-0.4993586,0.0,0.0,-0.08
9117840215,0.0,0.8662115,0.0,0.0,-0.49967757,0.0,0.0,-0.08
9117848632,0.0,0.8661775,0.0,0.0,-0.49973646,0.0,0.0,-0.08
9117859125,0.0,0.8662852,0.0,0.0,-0.49954972,0.0,0.0,-0.08
9117869679,0.0,0.86646664,0.0,0.0,-0.49923497,0.0,0.0,-0.08
9117879177,0.0,0.86662024,0.0,0.0,-0.49896824,0.0,0.0,-0.08
9117888601,0.0,0.8667558,0.0,0.0,-0.49873284,0.0,0.0,-0.08
9117899495,0.0,0.8668898,0.0,0.0,-0.49849984,0.0,0.0,-0.08
9117909973,0.0,0.8669925,0.0,0.0,-0.49832124,0.0,0.0,-0.08
9117919473,0.0,0.8670189,0.0,0.0,-0.4982753,0.0,0.0,-0.08
9117928958,0.0,0.8669501,0.0,0.0,-0.498395,0.0,0.0,-0.08
9117939297,0.0,0.86678,0.0,0.0,-0.49869078,0.0,0.0,-0.08
9117948809,0.0,0.8665716,0.0,0.0,-0.4990527,0.0,0.0,-0.08
9117959533,0.0,0.86633205,0.0,0.0,-0.49946845,0.0,0.0,-0.08
9117969935,0.0,0.8661544,0.0,0.0,-0.49977657,0.0,0.0,-0.08
9117980457,0.0,0.8660723,0.0,0.0,-0.49991876,0.0,0.0,-0.08
9117989154,0.0,0.86607194,0.0,0.0,-0.49991938,0.0,0.0,-0.08
9117999671,0.0,0.8661094,0.0,0.0,-0.49985448,0.0,0.0,-0.08
9118009110,0.0,0.8661201,0.0,0.0,-0.4998359,0.0,0.0,-0.08
9118019536,0.0,0.86606294,0.0,0.0,-0.49993497,0.0,0.0,-0.08
9118030496,0.0,0.8659063,0.0,0.0,-0.50020623,0.0,0.0,-0.08
9118038938,0.0,0.8657116,0.0,0.0,-0.50054306,0.0,0.0,-0.08
9118050775,0.0,0.86533874,0.0,0.0,-0.50118744,0.0,0.0,-0.08
9118059233,0.0,0.86503494,0.0,0.0,-0.5017116,0.0,0.0,-0.08
9118069759,0.0,0.86465114,0.0,0.0,-0.50237274,0.0,0.0,-0.08
9118079212,0.0,0.86431074,0.0,0.0,-0.50295824,0.0,0.0,-0.08
9118089687,0.0,0.86392725,0.0,0.0,-0.50361663,0.0,0.0,-0.08
9118099016,0.0,0.8635873,0.0,0.0,-0.5041993,0.0,0.0,-0.08
9118109636,0.0,0.86321986,0.0,0.0,-0.50482816,0.0,0.0,-0.08
9118119979,0.0,0.86285806,0.0,0.0,-0.5054463,0.0,0.0,-0.08
9118130058,0.0,0.862465,0.0,0.0,-0.5061166,0.0,0.0,-0.08
9118139291,0.0,0.86205083,0.0,0.0,-0.50682175,0.0,0.0,-0.08
9118149907,0.0,0.8615389,0.0,0.0,-0.5076916,0.0,0.0,-0.08
9118160442,0.0,0.861021,0.0,0.0,-0.5085695,0.0,0.0,-0.08
9118168904,0.0,0.8605729,0.0,0.0,-0.50932735,0.0,0.0,-0.08
9118179110,0.0,0.859998,0.0,0.0,-0.5102974,0.0,0.0,-0.08
9118189652,0.0,0.85941863,0.0,0.0,-0.51127255,0.0,0.0,-0.08
9118199069,0.0,0.8590121,0.0,0.0,-0.51195526,0.0,0.0,-0.08
9118209639,0.0,0.8587672,0.0,0.0,-0.51236594,0.0,0.0,-0.08
9118220162,0.0,0.8587238,0.0,0.0,-0.51243865,0.0,0.0,-0.08
9118230712,0.0,0.85878927,0.0,0.0,-0.512329,0.0,0.0,-0.08
9118239048,0.0,0.8588575,0.0,0.0,-0.5122146,0.0,0.0,-0.08
9118249606,0.0,0.858923,0.0,0.0,-0.5121047,0.0,0.0,-0.08
9118259888,0.0,0.858979,0.0,0.0,-0.5120109,0.0,0.0,-0.08
9118269384,0.0,0.8590393,0.0,0.0,-0.5119096,0.0,0.0,-0.08
9118279382,0.0,0.8591234,0.0,0.0,-0.5117684,0.0,0.0,-0.08
9118289707,0.0,0.8592631,0.0,0.0,-0.51153386,0.0,0.0,-0.08
9118301323,0.0,0.8594929,0.0,0.0,-0.5111477,0.0,0.0,-0.08
9118309813,0.0,0.85972637,0.0,0.0,-0.5107549,0.0,0.0,-0.08
9118319293,0.0,0.8600528,0.0,0.0,-0.51020503,0.0,0.0,-0.08
9118329728,0.0,0.8604807,0.0,0.0,-0.509483,0.0,0.0,-0.08
9118340149,0.0,0.8609526,0.0,0.0,-0.5086852,0.0,0.0,-0.08
9118349620,0.0,0.8613966,0.0,0.0,-0.5079329,0.0,0.0,-0.08
9118359998,0.0,0.8619033,0.0,0.0,-0.5070727,0.0,0.0,-0.08
9118371511,0.0,0.8625241,0.0,0.0,-0.506016,0.0,0.0,-0.08
9118379990,0.0,0.8630529,0.0,0.0,-0.5051135,0.0,0.0,-0.08
9118389571,0.0,0.86369425,0.0,0.0,-0.50401616,0.0,0.0,-0.08
9118399865,0.0,0.86431,0.0,0.0,-0.50295943,0.0,0.0,-0.08
9118410449,0.0,0.8647651,0.0,0.0,-0.5021766,0.0,0.0,-0.08
9118419815,0.0,0.86502224,0.0,0.0,-0.50173354,0.0,0.0,-0.08
9118430334,0.0,0.865254,0.0,0.0,-0.5013338,0.0,0.0,-0.08
9118439634,0.0,0.86547434,0.0,0.0,-0.50095326,0.0,0.0,-0.08
9118450102,0.0,0.8656911,0.0,0.0,-0.5005785,0.0,0.0,-0.08
9118459485,0.0,0.86581105,0.0,0.0,-0.50037104,0.0,0.0,-0.08
9118470994,0.0,0.86598736,0.0,0.0,-0.50006586,0.0,0.0,-0.08
9118479603,0.0,0.8662454,0.0,0.0,-0.49961877,0.0,0.0,-0.08
9118489725,0.0,0.866693,0.0,0.0,-0.4988419,0.0,0.0,-0.08
9118500198,0.0,0.86720246,0.0,0.0,-0.49795568,0.0,0.0,-0.08
9118510688,0.0,0.8676456,0.0,0.0,-0.4971831,0.0,0.0,-0.08
9118520465,0.0,0.8679383,0.0,0.0,-0.49667212,0.0,0.0,-0.08
9118530043,0.0,0.86813706,0.0,0.0,-0.49632454,0.0,0.0,-0.08
9118540581,0.0,0.8683366,0.0,0.0,-0.49597538,0.0,0.0,-0.08
9118551379,0.0,0.8685594,0.0,0.0,-0.49558502,0.0,0.0,-0.08
9118560502,0.0,0.86875635,0.0,0.0,-0.49523973,0.0,0.0,-0.08
9118569958,0.0,0.8689507,0.0,0.0,-0.49489865,0.0,0.0,-0.08
9118580373,0.0,0.86913484,0.0,0.0,-0.49457517,0.0,0.0,-0.08
9118590845,0.0,0.8693273,0.0,0.0,-0.4942368,0.0,0.0,-0.08
9118600253,0.0,0.8695728,0.0,0.0,-0.49380475,0.0,0.0,-0.08
9118610707,0.0,0.8699331,0.0,0.0,-0.4931697,0.0,0.0,-0.08
9118622108,0.0,0.87036556,0.0,0.0,-0.49240607,0.0,0.0,-0.08
9118629646,0.0,0.8706441,0.0,0.0,-0.49191347,0.0,0.0,-0.08
9118640299,0.0,0.8709777,0.0,0.0,-0.4913226,0.0,0.0,-0.08
9118650741,0.0,0.8711949,0.0,0.0,-0.49093735,0.0,0.0,-0.08
9118661209,0.0,0.8712962,0.0,0.0,-0.4907575,0.0,0.0,-0.08
9118670707,0.0,0.8713156,0.0,0.0,-0.490723,0.0,0.0,-0.08
9118679862,0.0,0.8712961,0.0,0.0,-0.4907577,0.0,0.0,-0.08
9118691256,0.0,0.87126297,0.0,0.0,-0.4908165,0.0,0.0,-0.08
9118700806,0.0,0.87124413,0.0,0.0,-0.49084988,0.0,0.0,-0.08
9118710191,0.0,0.8712266,0.0,0.0,-0.49088106,0.0,0.0,-0.08
9118720656,0.0,0.87122905,0.0,0.0,-0.49087667,0.0,0.0,-0.08
9118731302,0.0,0.871266,0.0,0.0,-0.4908111,0.0,0.0,-0.08
9118740746,0.0,0.8713342,0.0,0.0,-0.49069,0.0,0.0,-0.08
9118750101,0.0,0.8714822,0.0,0.0,-0.49042714,0.0,0.0,-0.08
9118760584,0.0,0.8717897,0.0,0.0,-0.48988035,0.0,0.0,-0.08
9118770021,0.0,0.8721706,0.0,0.0,-0.48920178,0.0,0.0,-0.08
9118780545,0.0,0.8726025,0.0,0.0,-0.488431,0.0,0.0,-0.08
9118790889,0.0,0.87296855,0.0,0.0,-0.48777652,0.0,0.0,-0.08
9118802195,0.0,0.8732852,0.0,0.0,-0.48720938,0.0,0.0,-0.08
9118809798,0.0,0.8734069,0.0,0.0,-0.48699117,0.0,0.0,-0.08
9118820490,0.0,0.87342876,0.0,0.0,-0.4869519,0.0,0.0,-0.08
9118830855,0.0,0.87337846,0.0,0.0,-0.48704213,0.0,0.0,-0.08
9118840319,0.0,0.87334466,0.0,0.0,-0.4871028,0.0,0.0,-0.08
9118850766,0.0,0.873338,0.0,0.0,-0.4871147,0.0,0.0,-0.08
9118861116,0.0,0.8733568,0.0,0.0,-0.48708096,0.0,0.0,-0.08
9118871592,0.0,0.8734118,0.0,0.0,-0.4869824,0.0,0.0,-0.08
9118880170,0.0,0.873503,0.0,0.0,-0.48681873,0.0,0.0,-0.08
9118890687,0.0,0.8736387,0.0,0.0,-0.48657525,0.0,0.0,-0.08
9118900583,0.0,0.87378913,0.0,0.0,-0.48630497,0.0,0.0,-0.08
9118910071,0.0,0.87394726,0.0,0.0,-0.48602074,0.0,0.0,-0.08
9118920568,0.0,0.8741281,0.0,0.0,-0.4856954,0.0,0.0,-0.08
9118931005,0.0,0.87431353,0.0,0.0,-0.48536158,0.0,0.0,-0.08
9118941652,0.0,0.8745138,0.0,0.0,-0.4850006,0.0,0.0,-0.08
9118950356,0.0,0.8746873,0.0,0.0,-0.48468763,0.0,0.0,-0.08
9118960528,0.0,0.8748827,0.0,0.0,-0.48433483,0.0,0.0,-0.08
9118970969,0.0,0.87504184,0.0,0.0,-0.48404726,0.0,0.0,-0.08
9118981533,0.0,0.87513506,0.0,0.0,-0.48387873,0.0,0.0,-0.08
9118990553,0.0,0.87516254,0.0,0.0,-0.48382902,0.0,0.0,-0.08
9119001043,0.0,0.8751426,0.0,0.0,-0.48386517,0.0,0.0,-0.08
9119011469,0.0,0.87513196,0.0,0.0,-0.48388433,0.0,0.0,-0.08
9119020960,0.0,0.87514204,0.0,0.0,-0.48386607,0.0,0.0,-0.08
9119030435,0.0,0.87517524,0.0,0.0,-0.48380607,0.0,0.0,-0.08
9119040925,0.0,0.8752074,0.0,0.0,-0.48374787,0.0,0.0,-0.08
9119052398,0.0,0.87522066,0.0,0.0,-0.48372388,0.0,0.0,-0.08
9119060846,0.0,0.8751943,0.0,0.0,-0.4837716,0.0,0.0,-0.08
9119070994,0.0,0.8750611,0.0,0.0,-0.48401248,0.0,0.0,-0.08
9119081347,0.0,0.87479573,0.0,0.0,-0.48449194,0.0,0.0,-0.08
9119090892,0.0,0.874443,0.0,0.0,-0.4851283,0.0,0.0,-0.08
9119101325,0.0,0.87394214,0.0,0.0,-0.48602995,0.0,0.0,-0.08
9119111793,0.0,0.8733916,0.0,0.0,-0.48701853,0.0,0.0,-0.08
9119122277,0.0,0.87290746,0.0,0.0,-0.48788586,0.0,0.0,-0.08
9119130603,0.0,0.87262464,0.0,0.0,-0.4883915,0.0,0.0,-0.08
9119141156,0.0,0.87236327,0.0,0.0,-0.48885822,0.0,0.0,-0.08
9119151479,0.0,0.87208045,0.0,0.0,-0.48936257,0.0,0.0,-0.08
9119161157,0.0,0.8717801,0.0,0.0,-0.4898974,0.0,0.0,-0.08
9119170550,0.0,0.87159556,0.0,0.0,-0.4902256,0.0,0.0,-0.08
9119181063,0.0,0.8715471,0.0,0.0,-0.49031174,0.0,0.0,-0.08
9119192478,0.0,0.8715087,0.0,0.0,-0.49037996,0.0,0.0,-0.08
9119200900,0.0,0.8714125,0.0,0.0,-0.4905509,0.0,0.0,-0.08
9119211420,0.0,0.871231,0.0,0.0,-0.49087322,0.0,0.0,-0.08
9119221859,0.0,0.8710151,0.0,0.0,-0.4912563,0.0,0.0,-0.08
9119232274,0.0,0.8706801,0.0,0.0,-0.49184975,0.0,0.0,-0.08
9119240924,0.0,0.87022144,0.0,0.0,-0.49266082,0.0,0.0,-0.08
9119251177,0.0,0.86955744,0.0,0.0,-0.4938318,0.0,0.0,-0.08
9119261616,0.0,0.8689542,0.0,0.0,-0.4948926,0.0,0.0,-0.08
9119271060,0.0,0.8685126,0.0,0.0,-0.49566713,0.0,0.0,-0.08
9119281106,0.0,0.86808425,0.0,0.0,-0.4964169,0.0,0.0,-0.08
9119291585,0.0,0.8675932,0.0,0.0,-0.49727452,0.0,0.0,-0.08
9119300934,0.0,0.86708456,0.0,0.0,-0.498161,0.0,0.0,-0.08
9119311387,0.0,0.86641365,0.0,0.0,-0.4993269,0.0,0.0,-0.08
9119320824,0.0,0.8657297,0.0,0.0,-0.5005119,0.0,0.0,-0.08
9119331390,0.0,0.8648513,0.0,0.0,-0.50202817,0.0,0.0,-0.08
9119340889,0.0,0.86396337,0.0,0.0,-0.50355464,0.0,0.0,-0.08
9119351307,0.0,0.86300194,0.0,0.0,-0.50520056,0.0,0.0,-0.08
9119361719,0.0,0.86207014,0.0,0.0,-0.50678897,0.0,0.0,-0.08
9119372263,0.0,0.8609885,0.0,0.0,-0.5086244,0.0,0.0,-0.08
9119380643,0.0,0.85993445,0.0,0.0,-0.5104045,0.0,0.0,-0.08
9119391271,0.0,0.8584011,0.0,0.0,-0.51297903,0.0,0.0,-0.08
9119401862,0.0,0.85682595,0.0,0.0,-0.5156057,0.0,0.0,-0.08
9119412949,0.0,0.8551819,0.0,0.0,-0.5183281,0.0,0.0,-0.08
9119421662,0.0,0.8538427,0.0,0.0,-0.5205312,0.0,0.0,-0.08
9119431751,0.0,0.8521739,0.0,0.0,-0.5232586,0.0,0.0,-0.08
9119443157,0.0,0.85003275,0.0,0.0,-0.5267299,0.0,0.0,-0.08
9119451523,0.0,0.84829724,0.0,0.0,-0.52952033,0.0,0.0,-0.08
9119461566,0.0,0.8461457,0.0,0.0,-0.53295165,0.0,0.0,-0.08
9119471949,0.0,0.84389484,0.0,0.0,-0.5365086,0.0,0.0,-0.08
9119482412,0.0,0.84166753,0.0,0.0,-0.539996,0.0,0.0,-0.08
9119490791,0.0,0.83992887,0.0,0.0,-0.5426965,0.0,0.0,-0.08
9119501557,0.0,0.8378959,0.0,0.0,-0.54583013,0.0,0.0,-0.08
9119512250,0.0,0.8362536,0.0,0.0,-0.54834294,0.0,0.0,-0.08
9119521971,0.0,0.83498156,0.0,0.0,-0.55027795,0.0,0.0,-0.08
9119531637,0.0,0.833784,0.0,0.0,-0.55209076,0.0,0.0,-0.08
9119542198,0.0,0.83248425,0.0,0.0,-0.55404866,0.0,0.0,-0.08
9119552605,0.0,0.8311826,0.0,0.0,-0.5559995,0.0,0.0,-0.08
9119562062,0.0,0.8299512,0.0,0.0,-0.557836,0.0,0.0,-0.08
9119571404,0.0,0.8287288,0.0,0.0,-0.55965036,0.0,0.0,-0.08
9119581982,0.0,0.82745826,0.0,0.0,-0.56152725,0.0,0.0,-0.08
9119591572,0.0,0.8263793,0.0,0.0,-0.56311387,0.0,0.0,-0.08
9119602067,0.0,0.8252279,0.0,0.0,-0.56479985,0.0,0.0,-0.08
9119612541,0.0,0.82411784,0.0,0.0,-0.56641835,0.0,0.0,-0.08
9119623010,0.0,0.8231423,0.0,0.0,-0.56783515,0.0,0.0,-0.08
9119631453,0.0,0.8225631,0.0,0.0,-0.56867385,0.0,0.0,-0.08
9119642014,0.0,0.82207763,0.0,0.0,-0.5693754,0.0,0.0,-0.08
9119652351,0.0,0.8217276,0.0,0.0,-0.5698805,0.0,0.0,-0.08
9119661771,0.0,0.821506,0.0,0.0,-0.57019985,0.0,0.0,-0.08
9119672337,0.0,0.8212843,0.0,0.0,-0.5705191,0.0,0.0,-0.08
9119682818,0.0,0.82082844,0.0,0.0,-0.5711748,0.0,0.0,-0.08
9119693253,0.0,0.8200074,0.0,0.0,-0.57235295,0.0,0.0,-0.08
9119701716,0.0,0.8191897,0.0,0.0,-0.57352257,0.0,0.0,-0.08
9119712339,0.0,0.8182246,0.0,0.0,-0.57489866,0.0,0.0,-0.08
9119721677,0.0,0.8175547,0.0,0.0,-0.57585096,0.0,0.0,-0.08
9119732374,0.0,0.8170339,0.0,0.0,-0.5765897,0.0,0.0,-0.08
9119741737,0.0,0.8167922,0.0,0.0,-0.57693195,0.0,0.0,-0.08
9119751765,0.0,0.81665653,0.0,0.0,-0.57712406,0.0,0.0,-0.08
9119762516,0.0,0.81655973,0.0,0.0,-0.5772609,0.0,0.0,-0.08
9119772240,0.0,0.8165926,0.0,0.0,-0.5772145,0.0,0.0,-0.08
9119781662,0.0,0.8168644,0.0,0.0,-0.5768298,0.0,0.0,-0.08
9119792178,0.0,0.81748307,0.0,0.0,-0.57595265,0.0,0.0,-0.08
9119801604,0.0,0.81827134,0.0,0.0,-0.57483214,0.0,0.0,-0.08
9119812206,0.0,0.8192823,0.0,0.0,-0.57339036,0.0,0.0,-0.08
9119821522,0.0,0.82010347,0.0,0.0,-0.5722152,0.0,0.0,-0.08
9119831950,0.0,0.82078946,0.0,0.0,-0.5712308,0.0,0.0,-0.08
9119841951,0.0,0.8211241,0.0,0.0,-0.57074976,0.0,0.0,-0.08
9119852156,0.0,0.8212336,0.0,0.0,-0.5705922,0.0,0.0,-0.08
9119862583,0.0,0.8212978,0.0,0.0,-0.57049966,0.0,0.0,-0.08
9119872930,0.0,0.82145184,0.0,0.0,-0.5702779,0.0,0.0,-0.08
9119881351,0.0,0.8216878,0.0,0.0,-0.5699378,0.0,0.0,-0.08
9119891917,0.0,0.82196575,0.0,0.0,-0.56953686,0.0,0.0,-0.08
9119902265,0.0,0.8219374,0.0,0.0,-0.5695779,0.0,0.0,-0.08
9119911738,0.0,0.82162213,0.0,0.0,-0.57003254,0.0,0.0,-0.08
9119922208,0.0,0.82114,0.0,0.0,-0.5707269,0.0,0.0,-0.08
9119932674,0.0,0.8206532,0.0,0.0,-0.5714266,0.0,0.0,-0.08
9119943334,0.0,0.82009864,0.0,0.0,-0.5722222,0.0,0.0,-0.08
9119951780,0.0,0.8195033,0.0,0.0,-0.57307446,0.0,0.0,-0.08
9119962215,0.0,0.81847113,0.0,0.0,-0.57454765,0.0,0.0,-0.08
9119972764,0.0,0.81709,0.0,0.0,-0.5765102,0.0,0.0,-0.08
9119982161,0.0,0.81560564,0.0,0.0,-0.57860816,0.0,0.0,-0.08
9119992646,0.0,0.81392527,0.0,0.0,-0.5809696,0.0,0.0,-0.08
9120001998,0.0,0.8125104,0.0,0.0,-0.5829467,0.0,0.0,-0.08
9120013691,0.0,0.8110668,0.0,0.0,-0.5849535,0.0,0.0,-0.08
9120022217,0.0,0.81028163,0.0,0.0,-0.5860407,0.0,0.0,-0.08
9120032377,0.0,0.8095853,0.0,0.0,-0.5870023,0.0,0.0,-0.08
9120042851,0.0,0.80897367,0.0,0.0,-0.5878449,0.0,0.0,-0.08
9120052314,0.0,0.80833536,0.0,0.0,-0.5887223,0.0,0.0,-0.08
9120062750,0.0,0.8072972,0.0,0.0,-0.590145,0.0,0.0,-0.08
9120072560,0.0,0.805997,0.0,0.0,-0.5919196,0.0,0.0,-0.08
9120083038,0.0,0.804597,0.0,0.0,-0.59382117,0.0,0.0,-0.08
9120092492,0.0,0.8035857,0.0,0.0,-0.59518903,0.0,0.0,-0.08
9120103028,0.0,0.80274016,0.0,0.0,-0.5963289,0.0,0.0,-0.08
9120112524,0.0,0.8021274,0.0,0.0,-0.59715295,0.0,0.0,-0.08
9120123940,0.0,0.8014532,0.0,0.0,-0.5980575,0.0,0.0,-0.08
9120132320,0.0,0.80094475,0.0,0.0,-0.5987383,0.0,0.0,-0.08
9120142832,0.0,0.80025816,0.0,0.0,-0.5996556,0.0,0.0,-0.08
9120153251,0.0,0.79958653,0.0,0.0,-0.6005509,0.0,0.0,-0.08
9120162277,0.0,0.79906374,0.0,0.0,-0.6012463,0.0,0.0,-0.08
9120172826,0.0,0.7985733,0.0,0.0,-0.60189754,0.0,0.0,-0.08
9120183180,0.0,0.7982106,0.0,0.0,-0.6023785,0.0,0.0,-0.08
9120193845,0.0,0.79795504,0.0,0.0,-0.60271704,0.0,0.0,-0.08
9120202273,0.0,0.79782933,0.0,0.0,-0.6028834,0.0,0.0,-0.08
9120212813,0.0,0.7976991,0.0,0.0,-0.6030557,0.0,0.0,-0.08
9120223175,0.0,0.7975313,0.0,0.0,-0.6032775,0.0,0.0,-0.08
9120232593,0.0,0.79739165,0.0,0.0,-0.60346216,0.0,0.0,-0.08
9120243132,0.0,0.79730964,0.0,0.0,-0.60357046,0.0,0.0,-0.08
9120253531,0.0,0.797112,0.0,0.0,-0.6038315,0.0,0.0,-0.08
9120263693,0.0,0.79659796,0.0,0.0,-0.6045094,0.0,0.0,-0.08
9120272770,0.0,0.7960364,0.0,0.0,-0.60524875,0.0,0.0,-0.08
9120282327,0.0,0.7956181,0.0,0.0,-0.6057985,0.0,0.0,-0.08
9120292662,0.0,0.7955381,0.0,0.0,-0.6059035,0.0,0.0,-0.08
9120303172,0.0,0.7957753,0.0,0.0,-0.605592,0.0,0.0,-0.08
9120312593,0.0,0.796063,0.0,0.0,-0.6052137,0.0,0.0,-0.08
9120323002,0.0,0.79632944,0.0,0.0,-0.60486317,0.0,0.0,-0.08
9120334728,0.0,0.7965422,0.0,0.0,-0.6045829,0.0,0.0,-0.08
9120342195,0.0,0.7966457,0.0,0.0,-0.6044466,0.0,0.0,-0.08
9120352684,0.0,0.79677474,0.0,0.0,-0.6042765,0.0,0.0,-0.08
9120363309,0.0,0.79686165,0.0,0.0,-0.6041618,0.0,0.0,-0.08
9120373750,0.0,0.79696965,0.0,0.0,-0.60401934,0.0,0.0,-0.08
9120383189,0.0,0.7971774,0.0,0.0,-0.60374516,0.0,0.0,-0.08
9120392547,0.0,0.7974189,0.0,0.0,-0.6034261,0.0,0.0,-0.08
9120403215,0.0,0.79761785,0.0,0.0,-0.6031631,0.0,0.0,-0.08
9120412664,0.0,0.7977927,0.0,0.0,-0.60293186,0.0,0.0,-0.08
9120423230,0.0,0.7980395,0.0,0.0,-0.60260516,0.0,0.0,-0.08
9120433689,0.0,0.79822236,0.0,0.0,-0.6023629,0.0,0.0,-0.08
9120444256,0.0,0.79828966,0.0,0.0,-0.60227376,0.0,0.0,-0.08
9120452897,0.0,0.7983017,0.0,0.0,-0.6022577,0.0,0.0,-0.08
9120463298,0.0,0.79838717,0.0,0.0,-0.6021445,0.0,0.0,-0.08
9120472899,0.0,0.7986336,0.0,0.0,-0.60181755,0.0,0.0,-0.08
9120483381,0.0,0.7991732,0.0,0.0,-0.60110086,0.0,0.0,-0.08
9120493732,0.0,0.79990834,0.0,0.0,-0.6001222,0.0,0.0,-0.08
9120502633,0.0,0.80057013,0.0,0.0,-0.59923905,0.0,0.0,-0.08
9120514290,0.0,0.8013725,0.0,0.0,-0.5981656,0.0,0.0,-0.08
9120522955,0.0,0.80192995,0.0,0.0,-0.59741807,0.0,0.0,-0.08
9120533711,0.0,0.80256903,0.0,0.0,-0.5965593,0.0,0.0,-0.08
9120543043,0.0,0.8030836,0.0,0.0,-0.5958664,0.0,0.0,-0.08
9120553573,0.0,0.8034721,0.0,0.0,-0.5953424,0.0,0.0,-0.08
9120562939,0.0,0.8036885,0.0,0.0,-0.5950502,0.0,0.0,-0.08
9120573410,0.0,0.80386794,0.0,0.0,-0.5948078,0.0,0.0,-0.08
9120584883,0.0,0.8039838,0.0,0.0,-0.59465116,0.0,0.0,-0.08
9120593339,0.0,0.8039466,0.0,0.0,-0.5947014,0.0,0.0,-0.08
9120602740,0.0,0.8037976,0.0,0.0,-0.5949028,0.0,0.0,-0.08
9120613247,0.0,0.803541,0.0,0.0,-0.5952494,0.0,0.0,-0.08
9120623801,0.0,0.8032683,0.0,0.0,-0.5956173,0.0,0.0,-0.08
9120632932,0.0,0.80307186,0.0,0.0,-0.5958822,0.0,0.0,-0.08
9120643480,0.0,0.80285513,0.0,0.0,-0.5961741,0.0,0.0,-0.08
9120653914,0.0,0.8026157,0.0,0.0,-0.5964964,0.0,0.0,-0.08
9120666396,0.0,0.8022369,0.0,0.0,-0.5970058,0.0,0.0,-0.08
9120673728,0.0,0.80193084,0.0,0.0,-0.5974169,0.0,0.0,-0.08
9120684136,0.0,0.8014306,0.0,0.0,-0.59808785,0.0,0.0,-0.08
9120694512,0.0,0.80081755,0.0,0.0,-0.59890836,0.0,0.0,-0.08
9120703236,0.0,0.800289,0.0,0.0,-0.59961456,0.0,0.0,-0.08
9120713713,0.0,0.7996212,0.0,0.0,-0.6005047,0.0,0.0,-0.08
9120724136,0.0,0.7989985,0.0,0.0,-0.601333,0.0,0.0,-0.08
9120733673,0.0,0.79850703,0.0,0.0,-0.6019855,0.0,0.0,-0.08
9120743082,0.0,0.7980863,0.0,0.0,-0.60254323,0.0,0.0,-0.08
9120753435,0.0,0.79764235,0.0,0.0,-0.6031307,0.0,0.0,-0.08
9120764935,0.0,0.79712754,0.0,0.0,-0.60381097,0.0,0.0,-0.08
9120773367,0.0,0.79677325,0.0,0.0,-0.6042784,0.0,0.0,-0.08
9120783973,0.0,0.7964128,0.0,0.0,-0.6047534,0.0,0.0,-0.08
9120794438,0.0,0.79606307,0.0,0.0,-0.60521364,0.0,0.0,-0.08
9120803840,0.0,0.79566747,0.0,0.0,-0.60573363,0.0,0.0,-0.08
9120813286,0.0,0.7951409,0.0,0.0,-0.60642475,0.0,0.0,-0.08
9120823757,0.0,0.79440904,0.0,0.0,-0.60738313,0.0,0.0,-0.08
9120835256,0.0,0.79350317,0.0,0.0,-0.6085661,0.0,0.0,-0.08
9120843774,0.0,0.79284096,0.0,0.0,-0.60942864,0.0,0.0,-0.08
9120853155,0.0,0.7921521,0.0,0.0,-0.6103237,0.0,0.0,-0.08
9120864514,0.0,0.7914022,0.0,0.0,-0.61129576,0.0,0.0,-0.08
9120874183,0.0,0.79081327,0.0,0.0,-0.61205745,0.0,0.0,-0.08
9120883562,0.0,0.7902512,0.0,0.0,-0.612783,0.0,0.0,-0.08
9120894091,0.0,0.78965616,0.0,0.0,-0.61354965,0.0,0.0,-0.08
9120904555,0.0,0.78917956,0.0,0.0,-0.61416256,0.0,0.0,-0.08
9120913259,0.0,0.78886837,0.0,0.0,-0.61456215,0.0,0.0,-0.08
9120923784,0.0,0.788422,0.0,0.0,-0.6151348,0.0,0.0,-0.08
9120934231,0.0,0.7877994,0.0,0.0,-0.61593187,0.0,0.0,-0.08
9120944769,0.0,0.7870947,0.0,0.0,-0.61683214,0.0,0.0,-0.08
9120954385,0.0,0.78657895,0.0,0.0,-0.61748976,0.0,0.0,-0.08
9120963642,0.0,0.78640425,0.0,0.0,-0.6177122,0.0,0.0,-0.08
9120974066,0.0,0.7865605,0.0,0.0,-0.61751324,0.0,0.0,-0.08
9120983540,0.0,0.7868865,0.0,0.0,-0.61709774,0.0,0.0,-0.08
9120994039,0.0,0.78737235,0.0,0.0,-0.6164777,0.0,0.0,-0.08
9121004516,0.0,0.7879468,0.0,0.0,-0.6157433,0.0,0.0,-0.08
9121015010,0.0,0.7886137,0.0,0.0,-0.614889,0.0,0.0,-0.08
9121023393,0.0,0.78920895,0.0,0.0,-0.6141248,0.0,0.0,-0.08
9121033910,0.0,0.79001164,0.0,0.0,-0.6130919,0.0,0.0,-0.08
9121044164,0.0,0.7908891,0.0,0.0,-0.6119595,0.0,0.0,-0.08
9121053740,0.0,0.7918206,0.0,0.0,-0.6107538,0.0,0.0,-0.08
9121064179,0.0,0.79291326,0.0,0.0,-0.6093345,0.0,0.0,-0.08
9121074864,0.0,0.793971,0.0,0.0,-0.60795563,0.0,0.0,-0.08
9121085893,0.0,0.7946587,0.0,0.0,-0.60705644,0.0,0.0,-0.08
9121093260,0.0,0.79474837,0.0,0.0,-0.6069391,0.0,0.0,-0.08
9121103713,0.0,0.79467225,0.0,0.0,-0.60703874,0.0,0.0,-0.08
9121114132,0.0,0.79475653,0.0,0.0,-0.6069284,0.0,0.0,-0.08
9121124746,0.0,0.79500586,0.0,0.0,-0.6066017,0.0,0.0,-0.08
9121134089,0.0,0.7953983,0.0,0.0,-0.6060871,0.0,0.0,-0.08
9121144641,0.0,0.79606843,0.0,0.0,-0.60520667,0.0,0.0,-0.08
9121154924,0.0,0.79689074,0.0,0.0,-0.6041235,0.0,0.0,-0.08
9121163619,0.0,0.7975618,0.0,0.0,-0.6032372,0.0,0.0,-0.08
9121173878,0.0,0.79808825,0.0,0.0,-0.60254055,0.0,0.0,-0.08
9121184259,0.0,0.79825574,0.0,0.0,-0.60231864,0.0,0.0,-0.08
9121194801,0.0,0.79819566,0.0,0.0,-0.60239834,0.0,0.0,-0.08
9121204412,0.0,0.7980703,0.0,0.0,-0.60256433,0.0,0.0,-0.08
9121213893,0.0,0.79792434,0.0,0.0,-0.60275763,0.0,0.0,-0.08
9121224263,0.0,0.79773074,0.0,0.0,-0.6030138,0.0,0.0,-0.08
9121233776,0.0,0.7974617,0.0,0.0,-0.60336953,0.0,0.0,-0.08
9121244358,0.0,0.7968752,0.0,0.0,-0.604144,0.0,0.0,-0.08
9121254891,0.0,0.795949,0.0,0.0,-0.6053637,0.0,0.0,-0.08
9121265330,0.0,0.794865,0.0,0.0,-0.60678625,0.0,0.0,-0.08
9121273780,0.0,0.79401934,0.0,0.0,-0.60789245,0.0,0.0,-0.08
9121284115,0.0,0.7931157,0.0,0.0,-0.6090711,0.0,0.0,-0.08
9121294630,0.0,0.7924061,0.0,0.0,-0.60999393,0.0,0.0,-0.08
9121304087,0.0,0.79189175,0.0,0.0,-0.6106615,0.0,0.0,-0.08
9121314131,0.0,0.79139745,0.0,0.0,-0.61130196,0.0,0.0,-0.08
9121324444,0.0,0.79098207,0.0,0.0,-0.61183935,0.0,0.0,-0.08
9121336058,0.0,0.7905555,0.0,0.0,-0.61239046,0.0,0.0,-0.08
9121344304,0.0,0.79020745,0.0,0.0,-0.61283946,0.0,0.0,-0.08
9121354785,0.0,0.7897142,0.0,0.0,-0.6134749,0.0,0.0,-0.08
9121365126,0.0,0.7892604,0.0,0.0,-0.6140587,0.0,0.0,-0.08
9121374785,0.0,0.78889114,0.0,0.0,-0.61453295,0.0,0.0,-0.08
9121384149,0.0,0.7885405,0.0,0.0,-0.61498284,0.0,0.0,-0.08
9121394609,0.0,0.78829014,0.0,0.0,-0.6153037,0.0,0.0,-0.08
9121406069,0.0,0.7877957,0.0,0.0,-0.61593664,0.0,0.0,-0.08
9121414607,0.0,0.78703284,0.0,0.0,-0.61691105,0.0,0.0,-0.08
9121425028,0.0,0.7857006,0.0,0.0,-0.618607,0.0,0.0,-0.08
9121434412,0.0,0.78443116,0.0,0.0,-0.6202159,0.0,0.0,-0.08
9121444288,0.0,0.78319263,0.0,0.0,-0.62177914,0.0,0.0,-0.08
9121454691,0.0,0.78214526,0.0,0.0,-0.62309617,0.0,0.0,-0.08
9121464280,0.0,0.78152937,0.0,0.0,-0.62386847,0.0,0.0,-0.08
9121474744,0.0,0.78115416,0.0,0.0,-0.6243382,0.0,0.0,-0.08
9121484155,0.0,0.7809621,0.0,0.0,-0.62457836,0.0,0.0,-0.08
9121494715,0.0,0.78086346,0.0,0.0,-0.62470174,0.0,0.0,-0.08
9121505328,0.0,0.7807338,0.0,0.0,-0.6248638,0.0,0.0,-0.08
9121516043,0.0,0.78049403,0.0,0.0,-0.62516326,0.0,0.0,-0.08
9121526519,0.0,0.7803422,0.0,0.0,-0.6253527,0.0,0.0,-0.08
9121535100,0.0,0.7804005,0.0,0.0,-0.62527996,0.0,0.0,-0.08
9121544793,0.0,0.7805672,0.0,0.0,-0.6250718,0.0,0.0,-0.08
9121555218,0.0,0.7808695,0.0,0.0,-0.6246942,0.0,0.0,-0.08
9121564753,0.0,0.78120255,0.0,0.0,-0.62427765,0.0,0.0,-0.08
9121575138,0.0,0.7815193,0.0,0.0,-0.6238811,0.0,0.0,-0.08
9121586588,0.0,0.781888,0.0,0.0,-0.6234189,0.0,0.0,-0.08
9121594981,0.0,0.78221244,0.0,0.0,-0.62301177,0.0,0.0,-0.08
9121604474,0.0,0.782615,0.0,0.0,-0.6225061,0.0,0.0,-0.08
9121614814,0.0,0.7832204,0.0,0.0,-0.62174416,0.0,0.0,-0.08
9121625282,0.0,0.7841447,0.0,0.0,-0.62057805,0.0,0.0,-0.08
9121634934,0.0,0.7851666,0.0,0.0,-0.6192846,0.0,0.0,-0.08
9121645386,0.0,0.78620875,0.0,0.0,-0.617961,0.0,0.0,-0.08
9121655953,0.0,0.786984,0.0,0.0,-0.6169734,0.0,0.0,-0.08
9121664315,0.0,0.7871889,0.0,0.0,-0.616712,0.0,0.0,-0.08
9121674879,0.0,0.7870906,0.0,0.0,-0.6168374,0.0,0.0,-0.08
9121685216,0.0,0.7867894,0.0,0.0,-0.61722153,0.0,0.0,-0.08
9121694677,0.0,0.7864108,0.0,0.0,-0.61770386,0.0,0.0,-0.08
9121705165,0.0,0.7859491,0.0,0.0,-0.61829114,0.0,0.0,-0.08
9121715662,0.0,0.7854868,0.0,0.0,-0.6188784,0.0,0.0,-0.08
9121726136,0.0,0.7850689,0.0,0.0,-0.61940837,0.0,0.0,-0.08
9121734701,0.0,0.7848308,0.0,0.0,-0.6197101,0.0,0.0,-0.08
9121745248,0.0,0.78468126,0.0,0.0,-0.6198994,0.0,0.0,-0.08
9121755715,0.0,0.78458405,0.0,0.0,-0.6200225,0.0,0.0,-0.08
9121766232,0.0,0.7844577,0.0,0.0,-0.62018234,0.0,0.0,-0.08
9121774813,0.0,0.7842538,0.0,0.0,-0.6204402,0.0,0.0,-0.08
9121785300,0.0,0.7837875,0.0,0.0,-0.62102914,0.0,0.0,-0.08
9121795884,0.0,0.7830813,0.0,0.0,-0.62191933,0.0,0.0,-0.08
9121805397,0.0,0.78251666,0.0,0.0,-0.62262964,0.0,0.0,-0.08
9121815859,0.0,0.7815832,0.0,0.0,-0.62380105,0.0,0.0,-0.08
9121825261,0.0,0.78057617,0.0,0.0,-0.6250607,0.0,0.0,-0.08
9121835858,0.0,0.77909136,0.0,0.0,-0.62691045,0.0,0.0,-0.08
9121845297,0.0,0.7777153,0.0,0.0,-0.6286167,0.0,0.0,-0.08
9121854718,0.0,0.77651566,0.0,0.0,-0.630098,0.0,0.0,-0.08
9121865159,0.0,0.7753543,0.0,0.0,-0.63152647,0.0,0.0,-0.08
9121875723,0.0,0.77430373,0.0,0.0,-0.63281417,0.0,0.0,-0.08
9121885381,0.0,0.7734525,0.0,0.0,-0.63385427,0.0,0.0,-0.08
9121895786,0.0,0.7724865,0.0,0.0,-0.63503116,0.0,0.0,-0.08
9121906318,0.0,0.7713164,0.0,0.0,-0.6364519,0.0,0.0,-0.08
9121914698,0.0,0.7703176,0.0,0.0,-0.63766044,0.0,0.0,-0.08
9121925134,0.0,0.7690999,0.0,0.0,-0.6391286,0.0,0.0,-0.08
9121935600,0.0,0.7678685,0.0,0.0,-0.6406075,0.0,0.0,-0.08
9121946091,0.0,0.76661205,0.0,0.0,-0.6421106,0.0,0.0,-0.08
9121955515,0.0,0.7654661,0.0,0.0,-0.6434762,0.0,0.0,-0.08
9121966047,0.0,0.76440984,0.0,0.0,-0.6447306,0.0,0.0,-0.08
9121976764,0.0,0.7636441,0.0,0.0,-0.64563745,0.0,0.0,-0.08
9121987216,0.0,0.7630886,0.0,0.0,-0.6462939,0.0,0.0,-0.08
9121995657,0.0,0.7625905,0.0,0.0,-0.6468815,0.0,0.0,-0.08
9122006177,0.0,0.7617339,0.0,0.0,-0.64789,0.0,0.0,-0.08
9122016657,0.0,0.7607216,0.0,0.0,-0.64907825,0.0,0.0,-0.08
9122025003,0.0,0.75996447,0.0,0.0,-0.64996463,0.0,0.0,-0.08
9122035518,0.0,0.7592336,0.0,0.0,-0.6508182,0.0,0.0,-0.08
9122046033,0.0,0.7588027,0.0,0.0,-0.6513205,0.0,0.0,-0.08
9122055602,0.0,0.7587549,0.0,0.0,-0.65137625,0.0,0.0,-0.08
9122066063,0.0,0.7589607,0.0,0.0,-0.6511364,0.0,0.0,-0.08
9122075462,0.0,0.7590672,0.0,0.0,-0.6510123,0.0,0.0,-0.08
9122086939,0.0,0.75889295,0.0,0.0,-0.6512154,0.0,0.0,-0.08
9122095373,0.0,0.758526,0.0,0.0,-0.65164274,0.0,0.0,-0.08
9122105923,0.0,0.7580421,0.0,0.0,-0.6522056,0.0,0.0,-0.08
9122116238,0.0,0.7577224,0.0,0.0,-0.65257704,0.0,0.0,-0.08
9122125764,0.0,0.75760525,0.0,0.0,-0.652713,0.0,0.0,-0.08
9122135313,0.0,0.7576865,0.0,0.0,-0.6526187,0.0,0.0,-0.08
9122145779,0.0,0.757989,0.0,0.0,-0.65226734,0.0,0.0,-0.08
9122157321,0.0,0.7584342,0.0,0.0,-0.6517496,0.0,0.0,-0.08
9122165752,0.0,0.758759,0.0,0.0,-0.6513714,0.0,0.0,-0.08
9122175258,0.0,0.7591358,0.0,0.0,-0.6509323,0.0,0.0,-0.08
9122185651,0.0,0.7595177,0.0,0.0,-0.6504866,0.0,0.0,-0.08
9122196141,0.0,0.75967425,0.0,0.0,-0.6503038,0.0,0.0,-0.08
9122205664,0.0,0.7596008,0.0,0.0,-0.6503896,0.0,0.0,-0.08
9122216163,0.0,0.75956774,0.0,0.0,-0.65042824,0.0,0.0,-0.08
9122226860,0.0,0.7597795,0.0,0.0,-0.6501808,0.0,0.0,-0.08
9122235279,0.0,0.7602307,0.0,0.0,-0.64965314,0.0,0.0,-0.08
9122245775,0.0,0.7607999,0.0,0.0,-0.6489865,0.0,0.0,-0.08
9122256138,0.0,0.76104957,0.0,0.0,-0.64869374,0.0,0.0,-0.08
9122266388,0.0,0.7608805,0.0,0.0,-0.64889205,0.0,0.0,-0.08
9122275813,0.0,0.7605815,0.0,0.0,-0.64924246,0.0,0.0,-0.08
9122286336,0.0,0.76037765,0.0,0.0,-0.64948124,0.0,0.0,-0.08
9122295630,0.0,0.760452,0.0,0.0,-0.64939415,0.0,0.0,-0.08
9122305831,0.0,0.7607965,0.0,0.0,-0.6489905,0.0,0.0,-0.08
9122316183,0.0,0.76118976,0.0,0.0,-0.64852923,0.0,0.0,-0.08
9122326516,0.0,0.76128066,0.0,0.0,-0.6484225,0.0,0.0,-0.08
9122337078,0.0,0.7609051,0.0,0.0,-0.6488632,0.0,0.0,-0.08
9122345636,0.0,0.7602704,0.0,0.0,-0.6496067,0.0,0.0,-0.08
9122356118,0.0,0.7591959,0.0,0.0,-0.65086216,0.0,0.0,-0.08
9122366624,0.0,0.75790143,0.0,0.0,-0.6523691,0.0,0.0,-0.08
9122376057,0.0,0.7569705,0.0,0.0,-0.653449,0.0,0.0,-0.08
9122385718,0.0,0.7563554,0.0,0.0,-0.6541609,0.0,0.0,-0.08
9122396456,0.0,0.75599444,0.0,0.0,-0.65457803,0.0,0.0,-0.08
9122407963,0.0,0.7553551,0.0,0.0,-0.65531564,0.0,0.0,-0.08
9122415748,0.0,0.75467616,0.0,0.0,-0.6560975,0.0,0.0,-0.08
9122426230,0.0,0.7535621,0.0,0.0,-0.65737677,0.0,0.0,-0.08
9122436683,0.0,0.75223595,0.0,0.0,-0.6588938,0.0,0.0,-0.08
9122447176,0.0,0.75078934,0.0,0.0,-0.6605418,0.0,0.0,-0.08
9122456591,0.0,0.7495436,0.0,0.0,-0.661955,0.0,0.0,-0.08
9122466347,0.0,0.7481701,0.0,0.0,-0.66350704,0.0,0.0,-0.08
9122477994,0.0,0.7461848,0.0,0.0,-0.6657388,0.0,0.0,-0.08
9122485376,0.0,0.7448099,0.0,0.0,-0.66727674,0.0,0.0,-0.08
9122495869,0.0,0.7429466,0.0,0.0,-0.6693506,0.0,0.0,-0.08
9122506327,0.0,0.74113536,0.0,0.0,-0.67135566,0.0,0.0,-0.08
9122517044,0.0,0.7394792,0.0,0.0,-0.6731794,0.0,0.0,-0.08
9122526560,0.0,0.7379183,0.0,0.0,-0.67489004,0.0,0.0,-0.08
9122536106,0.0,0.7361863,0.0,0.0,-0.6767789,0.0,0.0,-0.08
9122547361,0.0,0.7341279,0.0,0.0,-0.6790112,0.0,0.0,-0.08
9122556389,0.0,0.7327175,0.0,0.0,-0.68053293,0.0,0.0,-0.08
9122566882,0.0,0.7314748,0.0,0.0,-0.6818685,0.0,0.0,-0.08
9122576305,0.0,0.7307012,0.0,0.0,-0.68269736,0.0,0.0,-0.08
9122586810,0.0,0.72990584,0.0,0.0,-0.6835477,0.0,0.0,-0.08
9122596292,0.0,0.7290168,0.0,0.0,-0.68449587,0.0,0.0,-0.08
9122606383,0.0,0.7281075,0.0,0.0,-0.68546295,0.0,0.0,-0.08
9122616899,0.0,0.72742087,0.0,0.0,-0.68619156,0.0,0.0,-0.08
9122628244,0.0,0.7268481,0.0,0.0,-0.6867982,0.0,0.0,-0.08
9122638981,0.0,0.726406,0.0,0.0,-0.6872659,0.0,0.0,-0.08
9122647354,0.0,0.7261001,0.0,0.0,-0.687589,0.0,0.0,-0.08
9122657858,0.0,0.72570205,0.0,0.0,-0.68800914,0.0,0.0,-0.08
9122666242,0.0,0.7250538,0.0,0.0,-0.6886923,0.0,0.0,-0.08
9122676764,0.0,0.72417766,0.0,0.0,-0.68961346,0.0,0.0,-0.08
9122687212,0.0,0.72345114,0.0,0.0,-0.69037557,0.0,0.0,-0.08
9122696601,0.0,0.72285485,0.0,0.0,-0.69099987,0.0,0.0,-0.08
9122706028,0.0,0.7222471,0.0,0.0,-0.6916351,0.0,0.0,-0.08
9122716495,0.0,0.72166854,0.0,0.0,-0.6922388,0.0,0.0,-0.08
9122728111,0.0,0.7211822,0.0,0.0,-0.6927454,0.0,0.0,-0.08
9122736931,0.0,0.7208649,0.0,0.0,-0.69307566,0.0,0.0,-0.08
9122746228,0.0,0.720578,0.0,0.0,-0.69337386,0.0,0.0,-0.08
9122756725,0.0,0.72037315,0.0,0.0,-0.6935867,0.0,0.0,-0.08
9122767220,0.0,0.720329,0.0,0.0,-0.6936326,0.0,0.0,-0.08
9122776625,0.0,0.7205056,0.0,0.0,-0.6934491,0.0,0.0,-0.08
9122787016,0.0,0.72113305,0.0,0.0,-0.6927966,0.0,0.0,-0.08
9122798485,0.0,0.72210246,0.0,0.0,-0.6917861,0.0,0.0,-0.08
9122805938,0.0,0.7228611,0.0,0.0,-0.6909933,0.0,0.0,-0.08
9122816590,0.0,0.7240749,0.0,0.0,-0.68972135,0.0,0.0,-0.08
9122826889,0.0,0.7254296,0.0,0.0,-0.6882964,0.0,0.0,-0.08
9122837379,0.0,0.72689074,0.0,0.0,-0.6867531,0.0,0.0,-0.08
9122846839,0.0,0.72826225,0.0,0.0,-0.6852985,0.0,0.0,-0.08
9122857290,0.0,0.72988856,0.0,0.0,-0.68356615,0.0,0.0,-0.08
9122866704,0.0,0.7315061,0.0,0.0,-0.6818349,0.0,0.0,-0.08
9122876166,0.0,0.7334715,0.0,0.0,-0.6797202,0.0,0.0,-0.08
9122886611,0.0,0.7360219,0.0,0.0,-0.6769577,0.0,0.0,-0.08
9122897186,0.0,0.7386658,0.0,0.0,-0.6740718,0.0,0.0,-0.08
9122908632,0.0,0.74122196,0.0,0.0,-0.67126,0.0,0.0,-0.08
9122916952,0.0,0.7427374,0.0,0.0,-0.6695828,0.0,0.0,-0.08
9122927477,0.0,0.74470377,0.0,0.0,-0.6673952,0.0,0.0,-0.08
9122936909,0.0,0.7458377,0.0,0.0,-0.66612774,0.0,0.0,-0.08
9122946435,0.0,0.74680394,0.0,0.0,-0.66504425,0.0,0.0,-0.08
9122956878,0.0,0.7477385,0.0,0.0,-0.66399336,0.0,0.0,-0.08
9122967325,0.0,0.74859864,0.0,0.0,-0.6630234,0.0,0.0,-0.08
9122978133,0.0,0.7494551,0.0,0.0,-0.66205513,0.0,0.0,-0.08
9122986710,0.0,0.7500786,0.0,0.0,-0.6613487,0.0,0.0,-0.08
9122997101,0.0,0.75073427,0.0,0.0,-0.6606043,0.0,0.0,-0.08
9123007537,0.0,0.7514336,0.0,0.0,-0.65980875,0.0,0.0,-0.08
9123017085,0.0,0.7522956,0.0,0.0,-0.6588257,0.0,0.0,-0.08
9123027470,0.0,0.7535558,0.0,0.0,-0.657384,0.0,0.0,-0.08
9123037959,0.0,0.75507647,0.0,0.0,-0.6556367,0.0,0.0,-0.08
9123048396,0.0,0.7566828,0.0,0.0,-0.6537822,0.0,0.0,-0.08
9123056817,0.0,0.7579028,0.0,0.0,-0.65236753,0.0,0.0,-0.08
9123067375,0.0,0.759189,0.0,0.0,-0.6508702,0.0,0.0,-0.08
9123077821,0.0,0.76010174,0.0,0.0,-0.64980406,0.0,0.0,-0.08
9123088280,0.0,0.7608354,0.0,0.0,-0.6489449,0.0,0.0,-0.08
9123097676,0.0,0.7613977,0.0,0.0,-0.64828503,0.0,0.0,-0.08
9123107050,0.0,0.76182663,0.0,0.0,-0.64778095,0.0,0.0,-0.08
9123117442,0.0,0.7621747,0.0,0.0,-0.6473714,0.0,0.0,-0.08
9123126863,0.0,0.76246953,0.0,0.0,-0.64702415,0.0,0.0,-0.08
9123137302,0.0,0.76282704,0.0,0.0,-0.6466026,0.0,0.0,-0.08
9123147352,0.0,0.76320964,0.0,0.0,-0.64615095,0.0,0.0,-0.08
9123157758,0.0,0.7636272,0.0,0.0,-0.6456575,0.0,0.0,-0.08
9123167236,0.0,0.76398736,0.0,0.0,-0.64523125,0.0,0.0,-0.08
9123177677,0.0,0.7643024,0.0,0.0,-0.644858,0.0,0.0,-0.08
9123188091,0.0,0.76447046,0.0,0.0,-0.64465874,0.0,0.0,-0.08
9123197608,0.0,0.7644654,0.0,0.0,-0.64466476,0.0,0.0,-0.08
9123207044,0.0,0.7643337,0.0,0.0,-0.64482087,0.0,0.0,-0.08
9123217427,0.0,0.7640576,0.0,0.0,-0.64514804,0.0,0.0,-0.08
9123229170,0.0,0.7637349,0.0,0.0,-0.64553005,0.0,0.0,-0.08
9123237533,0.0,0.76353335,0.0,0.0,-0.6457684,0.0,0.0,-0.08
9123246912,0.0,0.76338506,0.0,0.0,-0.6459437,0.0,0.0,-0.08
9123257479,0.0,0.76320857,0.0,0.0,-0.6461522,0.0,0.0,-0.08
9123267982,0.0,0.7629011,0.0,0.0,-0.6465152,0.0,0.0,-0.08
9123277378,0.0,0.7625026,0.0,0.0,-0.6469852,0.0,0.0,-0.08
9123287797,0.0,0.7619821,0.0,0.0,-0.6475981,0.0,0.0,-0.08
9123299304,0.0,0.7613492,0.0,0.0,-0.6483421,0.0,0.0,-0.08
9123306734,0.0,0.7609323,0.0,0.0,-0.64883125,0.0,0.0,-0.08
9123317398,0.0,0.7604472,0.0,0.0,-0.64939976,0.0,0.0,-0.08
9123327764,0.0,0.76014495,0.0,0.0,-0.6497535,0.0,0.0,-0.08
9123338236,0.0,0.75991124,0.0,0.0,-0.6500268,0.0,0.0,-0.08
9123347958,0.0,0.7597178,0.0,0.0,-0.6502529,0.0,0.0,-0.08
9123357321,0.0,0.7596149,0.0,0.0,-0.6503731,0.0,0.0,-0.08
9123368829,0.0,0.7597018,0.0,0.0,-0.6502716,0.0,0.0,-0.08
9123377211,0.0,0.75988644,0.0,0.0,-0.6500558,0.0,0.0,-0.08
9123387690,0.0,0.7602248,0.0,0.0,-0.6496601,0.0,0.0,-0.08
9123398279,0.0,0.7606204,0.0,0.0,-0.64919686,0.0,0.0,-0.08
9123408806,0.0,0.7609413,0.0,0.0,-0.6488207,0.0,0.0,-0.08
9123417164,0.0,0.7610715,0.0,0.0,-0.648668,0.0,0.0,-0.08
9123427635,0.0,0.76117855,0.0,0.0,-0.6485424,0.0,0.0,-0.08
9123437997,0.0,0.76131654,0.0,0.0,-0.6483804,0.0,0.0,-0.08
9123447501,0.0,0.7613277,0.0,0.0,-0.64836735,0.0,0.0,-0.08
9123457905,0.0,0.76108253,0.0,0.0,-0.64865506,0.0,0.0,-0.08
9123468369,0.0,0.7607469,0.0,0.0,-0.6490486,0.0,0.0,-0.08
9123478962,0.0,0.7605393,0.0,0.0,-0.6492919,0.0,0.0,-0.08
9123487536,0.0,0.76052815,0.0,0.0,-0.649305,0.0,0.0,-0.08
9123498016,0.0,0.76068956,0.0,0.0,-0.64911586,0.0,0.0,-0.08
9123508687,0.0,0.7610241,0.0,0.0,-0.6487236,0.0,0.0,-0.08
9123518143,0.0,0.7615298,0.0,0.0,-0.64812994,0.0,0.0,-0.08
9123527710,0.0,0.76240283,0.0,0.0,-0.6471027,0.0,0.0,-0.08
9123538282,0.0,0.7636691,0.0,0.0,-0.6456079,0.0,0.0,-0.08
9123548956,0.0,0.7646965,0.0,0.0,-0.64439064,0.0,0.0,-0.08
9123557617,0.0,0.76498055,0.0,0.0,-0.6440534,0.0,0.0,-0.08
9123568206,0.0,0.76478374,0.0,0.0,-0.64428705,0.0,0.0,-0.08
9123578472,0.0,0.7644186,0.0,0.0,-0.6447203,0.0,0.0,-0.08
9123587997,0.0,0.7642843,0.0,0.0,-0.64487946,0.0,0.0,-0.08
9123597362,0.0,0.7645268,0.0,0.0,-0.644592,0.0,0.0,-0.08
9123607992,0.0,0.76505965,0.0,0.0,-0.6439594,0.0,0.0,-0.08
9123618502,0.0,0.7656358,0.0,0.0,-0.6432743,0.0,0.0,-0.08
9123627955,0.0,0.7662066,0.0,0.0,-0.6425943,0.0,0.0,-0.08
9123638433,0.0,0.766937,0.0,0.0,-0.6417224,0.0,0.0,-0.08
9123647836,0.0,0.7676453,0.0,0.0,-0.640875,0.0,0.0,-0.08
9123658898,0.0,0.76851755,0.0,0.0,-0.63982874,0.0,0.0,-0.08
9123667515,0.0,0.7690262,0.0,0.0,-0.63921726,0.0,0.0,-0.08
9123678096,0.0,0.7694562,0.0,0.0,-0.6386996,0.0,0.0,-0.08
9123688635,0.0,0.7700285,0.0,0.0,-0.63800955,0.0,0.0,-0.08
9123699061,0.0,0.77077776,0.0,0.0,-0.63710415,0.0,0.0,-0.08
9123708427,0.0,0.7712815,0.0,0.0,-0.6364942,0.0,0.0,-0.08
9123718917,0.0,0.7712668,0.0,0.0,-0.6365119,0.0,0.0,-0.08
9123729460,0.0,0.7705782,0.0,0.0,-0.6373455,0.0,0.0,-0.08
9123737987,0.0,0.7696788,0.0,0.0,-0.6384313,0.0,0.0,-0.08
9123748555,0.0,0.7685729,0.0,0.0,-0.6397622,0.0,0.0,-0.08
9123758821,0.0,0.7678421,0.0,0.0,-0.6406391,0.0,0.0,-0.08
9123768323,0.0,0.7675958,0.0,0.0,-0.6409342,0.0,0.0,-0.08
9123777776,0.0,0.76776356,0.0,0.0,-0.64073324,0.0,0.0,-0.08
9123788162,0.0,0.76827705,0.0,0.0,-0.64011747,0.0,0.0,-0.08
9123799655,0.0,0.76902604,0.0,0.0,-0.63921744,0.0,0.0,-0.08
9123808169,0.0,0.7695782,0.0,0.0,-0.63855255,0.0,0.0,-0.08
9123818759,0.0,0.77025074,0.0,0.0,-0.63774115,0.0,0.0,-0.08
9123828786,0.0,0.7707731,0.0,0.0,-0.6371097,0.0,0.0,-0.08
9123838176,0.0,0.77086836,0.0,0.0,-0.63699454,0.0,0.0,-0.08
9123848729,0.0,0.7704531,0.0,0.0,-0.63749665,0.0,0.0,-0.08
9123859193,0.0,0.76989627,0.0,0.0,-0.63816905,0.0,0.0,-0.08
9123869670,0.0,0.7695315,0.0,0.0,-0.6386089,0.0,0.0,-0.08
9123878118,0.0,0.76943004,0.0,0.0,-0.63873106,0.0,0.0,-0.08
9123888813,0.0,0.7694415,0.0,0.0,-0.63871735,0.0,0.0,-0.08
9123899263,0.0,0.76945126,0.0,0.0,-0.63870555,0.0,0.0,-0.08
9123909174,0.0,0.76929647,0.0,0.0,-0.638892,0.0,0.0,-0.08
9123918957,0.0,0.7689896,0.0,0.0,-0.63926125,0.0,0.0,-0.08
9123928691,0.0,0.76865846,0.0,0.0,-0.63965946,0.0,0.0,-0.08
9123940207,0.0,0.7683919,0.0,0.0,-0.6399796,0.0,0.0,-0.08
9123948677,0.0,0.76827925,0.0,0.0,-0.64011484,0.0,0.0,-0.08
9123958024,0.0,0.768365,0.0,0.0,-0.64001185,0.0,0.0,-0.08
9123968463,0.0,0.768753,0.0,0.0,-0.6395458,0.0,0.0,-0.08
9123979964,0.0,0.7692325,0.0,0.0,-0.63896894,0.0,0.0,-0.08
9123988633,0.0,0.7694953,0.0,0.0,-0.63865244,0.0,0.0,-0.08
9123998011,0.0,0.76970726,0.0,0.0,-0.638397,0.0,0.0,-0.08
9124008551,0.0,0.7698168,0.0,0.0,-0.6382649,0.0,0.0,-0.08
9124018210,0.0,0.769687,0.0,0.0,-0.6384214,0.0,0.0,-0.08
9124028838,0.0,0.7692953,0.0,0.0,-0.63889337,0.0,0.0,-0.08
9124039181,0.0,0.7688431,0.0,0.0,-0.6394375,0.0,0.0,-0.08
9124049690,0.0,0.7685099,0.0,0.0,-0.63983786,0.0,0.0,-0.08
9124058057,0.0,0.7684833,0.0,0.0,-0.63986987,0.0,0.0,-0.08
9124068601,0.0,0.7689047,0.0,0.0,-0.6393634,0.0,0.0,-0.08
9124079199,0.0,0.76964635,0.0,0.0,-0.6384705,0.0,0.0,-0.08
9124088562,0.0,0.7704381,0.0,0.0,-0.6375149,0.0,0.0,-0.08
9124099010,0.0,0.7712995,0.0,0.0,-0.63647234,0.0,0.0,-0.08
9124109461,0.0,0.7719399,0.0,0.0,-0.6356956,0.0,0.0,-0.08
9124119878,0.0,0.7723313,0.0,0.0,-0.63521993,0.0,0.0,-0.08
9124130268,0.0,0.77254814,0.0,0.0,-0.6349562,0.0,0.0,-0.08
9124138699,0.0,0.7726197,0.0,0.0,-0.6348691,0.0,0.0,-0.08
9124149143,0.0,0.77259,0.0,0.0,-0.6349053,0.0,0.0,-0.08
9124159004,0.0,0.7724495,0.0,0.0,-0.63507617,0.0,0.0,-0.08
9124168396,0.0,0.7721568,0.0,0.0,-0.6354321,0.0,0.0,-0.08
9124178847,0.0,0.7719465,0.0,0.0,-0.63568753,0.0,0.0,-0.08
9124190437,0.0,0.77209014,0.0,0.0,-0.63551307,0.0,0.0,-0.08
9124198783,0.0,0.77235746,0.0,0.0,-0.6351881,0.0,0.0,-0.08
9124209292,0.0,0.7726852,0.0,0.0,-0.63478935,0.0,0.0,-0.08
9124219642,0.0,0.7728354,0.0,0.0,-0.63460654,0.0,0.0,-0.08
9124229149,0.0,0.77287483,0.0,0.0,-0.6345585,0.0,0.0,-0.08
9124238585,0.0,0.7728964,0.0,0.0,-0.6345322,0.0,0.0,-0.08
9124249446,0.0,0.7729578,0.0,0.0,-0.63445747,0.0,0.0,-0.08
9124258836,0.0,0.7730826,0.0,0.0,-0.63430536,0.0,0.0,-0.08
9124268320,0.0,0.77330375,0.0,0.0,-0.6340357,0.0,0.0,-0.08
9124278933,0.0,0.7736275,0.0,0.0,-0.63364065,0.0,0.0,-0.08
9124289887,0.0,0.77394474,0.0,0.0,-0.63325316,0.0,0.0,-0.08
9124299682,0.0,0.77411824,0.0,0.0,-0.6330411,0.0,0.0,-0.08
9124309136,0.0,0.77415305,0.0,0.0,-0.63299847,0.0,0.0,-0.08
9124319578,0.0,0.7740651,0.0,0.0,-0.63310605,0.0,0.0,-0.08
9124329166,0.0,0.7739494,0.0,0.0,-0.6332475,0.0,0.0,-0.08
9124339360,0.0,0.77378666,0.0,0.0,-0.6334463,0.0,0.0,-0.08
9124349118,0.0,0.7735988,0.0,0.0,-0.63367575,0.0,0.0,-0.08
9124359451,0.0,0.7733404,0.0,0.0,-0.63399106,0.0,0.0,-0.08
9124370912,0.0,0.7730806,0.0,0.0,-0.6343078,0.0,0.0,-0.08
9124378269,0.0,0.7729901,0.0,0.0,-0.6344181,0.0,0.0,-0.08
9124388798,0.0,0.7730003,0.0,0.0,-0.6344057,0.0,0.0,-0.08
9124399887,0.0,0.7731062,0.0,0.0,-0.6342766,0.0,0.0,-0.08
9124410273,0.0,0.7731556,0.0,0.0,-0.63421637,0.0,0.0,-0.08
9124419336,0.0,0.77306664,0.0,0.0,-0.63432485,0.0,0.0,-0.08
9124429964,0.0,0.7728577,0.0,0.0,-0.63457936,0.0,0.0,-0.08
9124440508,0.0,0.772682,0.0,0.0,-0.6347933,0.0,0.0,-0.08
9124448933,0.0,0.77261853,0.0,0.0,-0.6348705,0.0,0.0,-0.08
9124459552,0.0,0.7726225,0.0,0.0,-0.63486564,0.0,0.0,-0.08
9124469054,0.0,0.7727442,0.0,0.0,-0.63471764,0.0,0.0,-0.08
9124479611,0.0,0.77302885,0.0,0.0,-0.63437086,0.0,0.0,-0.08
9124488922,0.0,0.77351457,0.0,0.0,-0.6337785,0.0,0.0,-0.08
9124499582,0.0,0.7743863,0.0,0.0,-0.6327131,0.0,0.0,-0.08
9124511030,0.0,0.77561986,0.0,0.0,-0.63120025,0.0,0.0,-0.08
9124519535,0.0,0.7766686,0.0,0.0,-0.6299094,0.0,0.0,-0.08
9124529224,0.0,0.7779091,0.0,0.0,-0.6283768,0.0,0.0,-0.08
9124539764,0.0,0.7792394,0.0,0.0,-0.6267264,0.0,0.0,-0.08
9124550402,0.0,0.7805462,0.0,0.0,-0.62509817,0.0,0.0,-0.08
9124558816,0.0,0.7815214,0.0,0.0,-0.6238785,0.0,0.0,-0.08
9124569320,0.0,0.7825682,0.0,0.0,-0.62256485,0.0,0.0,-0.08
9124580042,0.0,0.78349644,0.0,0.0,-0.6213963,0.0,0.0,-0.08
9124589487,0.0,0.7843083,0.0,0.0,-0.6203712,0.0,0.0,-0.08
9124599959,0.0,0.7851956,0.0,0.0,-0.61924785,0.0,0.0,-0.08
9124609366,0.0,0.7858601,0.0,0.0,-0.61840427,0.0,0.0,-0.08
9124620309,0.0,0.7864106,0.0,0.0,-0.61770403,0.0,0.0,-0.08
9124629732,0.0,0.78675854,0.0,0.0,-0.61726093,0.0,0.0,-0.08
9124639159,0.0,0.7870966,0.0,0.0,-0.6168297,0.0,0.0,-0.08
9124649652,0.0,0.78737926,0.0,0.0,-0.6164689,0.0,0.0,-0.08
9124659231,0.0,0.7874999,0.0,0.0,-0.61631477,0.0,0.0,-0.08
9124669946,0.0,0.7876117,0.0,0.0,-0.6161719,0.0,0.0,-0.08
9124680383,0.0,0.7877146,0.0,0.0,-0.61604035,0.0,0.0,-0.08
9124699065,0.0,0.78770214,0.0,0.0,-0.61605626,0.0,0.0,-0.08
9124709595,0.0,0.7875152,0.0,0.0,-0.6162952,0.0,0.0,-0.08
9124720109,0.0,0.78720623,0.0,0.0,-0.6166898,0.0,0.0,-0.08
9124730541,0.0,0.7868829,0.0,0.0,-0.6171023,0.0,0.0,-0.08
9124740053,0.0,0.7865582,0.0,0.0,-0.6175161,0.0,0.0,-0.08
9124749783,0.0,0.7860071,0.0,0.0,-0.61821747,0.0,0.0,-0.08
9124761441,0.0,0.78515446,0.0,0.0,-0.61929995,0.0,0.0,-0.08
9124769873,0.0,0.7844614,0.0,0.0,-0.6201777,0.0,0.0,-0.08
9124779327,0.0,0.7836615,0.0,0.0,-0.6211881,0.0,0.0,-0.08
9124789706,0.0,0.7827219,0.0,0.0,-0.6223717,0.0,0.0,-0.08
9124800215,0.0,0.7816783,0.0,0.0,-0.6236818,0.0,0.0,-0.08
9124809678,0.0,0.7805738,0.0,0.0,-0.6250636,0.0,0.0,-0.08
9124820129,0.0,0.77917254,0.0,0.0,-0.62680954,0.0,0.0,-0.08
9124830699,0.0,0.7778301,0.0,0.0,-0.6284746,0.0,0.0,-0.08
9124840366,0.0,0.77688223,0.0,0.0,-0.62964594,0.0,0.0,-0.08
9124849755,0.0,0.7762024,0.0,0.0,-0.6304838,0.0,0.0,-0.08
9124860153,0.0,0.7756059,0.0,0.0,-0.6312175,0.0,0.0,-0.08
9124870692,0.0,0.77513653,0.0,0.0,-0.6317938,0.0,0.0,-0.08
9124880110,0.0,0.77479404,0.0,0.0,-0.6322138,0.0,0.0,-0.08
9124889509,0.0,0.77440953,0.0,0.0,-0.6326847,0.0,0.0,-0.08
9124899860,0.0,0.7740756,0.0,0.0,-0.6330931,0.0,0.0,-0.08
9124910375,0.0,0.77393866,0.0,0.0,-0.63326055,0.0,0.0,-0.08
9124920221,0.0,0.77405035,0.0,0.0,-0.63312405,0.0,0.0,-0.08
9124930629,0.0,0.77431834,0.0,0.0,-0.6327962,0.0,0.0,-0.08
9124941013,0.0,0.77453935,0.0,0.0,-0.63252574,0.0,0.0,-0.08
9124949434,0.0,0.77452856,0.0,0.0,-0.6325389,0.0,0.0,-0.08
9124959945,0.0,0.77442807,0.0,0.0,-0.632662,0.0,0.0,-0.08
9124970347,0.0,0.7745567,0.0,0.0,-0.6325045,0.0,0.0,-0.08
9124980870,0.0,0.77484334,0.0,0.0,-0.63215333,0.0,0.0,-0.08
9124990228,0.0,0.77501315,0.0,0.0,-0.63194513,0.0,0.0,-0.08
9125000850,0.0,0.7751076,0.0,0.0,-0.6318292,0.0,0.0,-0.08
9125011412,0.0,0.7751426,0.0,0.0,-0.6317863,0.0,0.0,-0.08
9125019792,0.0,0.7750338,0.0,0.0,-0.6319198,0.0,0.0,-0.08
9125029707,0.0,0.774648,0.0,0.0,-0.63239264,0.0,0.0,-0.08
9125040155,0.0,0.7740747,0.0,0.0,-0.6330943,0.0,0.0,-0.08
9125050680,0.0,0.77344066,0.0,0.0,-0.63386875,0.0,0.0,-0.08
9125060068,0.0,0.7729486,0.0,0.0,-0.6344687,0.0,0.0,-0.08
9125070510,0.0,0.77249235,0.0,0.0,-0.6350241,0.0,0.0,-0.08
9125082020,0.0,0.7720407,0.0,0.0,-0.6355731,0.0,0.0,-0.08
9125089909,0.0,0.7717247,0.0,0.0,-0.6359567,0.0,0.0,-0.08
9125100365,0.0,0.7712777,0.0,0.0,-0.63649875,0.0,0.0,-0.08
9125110764,0.0,0.77090055,0.0,0.0,-0.6369555,0.0,0.0,-0.08
9125121238,0.0,0.77067995,0.0,0.0,-0.6372224,0.0,0.0,-0.08
9125130675,0.0,0.7706059,0.0,0.0,-0.63731194,0.0,0.0,-0.08
9125140134,0.0,0.77059454,0.0,0.0,-0.63732576,0.0,0.0,-0.08
9125150494,0.0,0.77055913,0.0,0.0,-0.63736856,0.0,0.0,-0.08
9125159965,0.0,0.77049863,0.0,0.0,-0.63744164,0.0,0.0,-0.08
9125170450,0.0,0.7705553,0.0,0.0,-0.63737315,0.0,0.0,-0.08
9125180928,0.0,0.77074873,0.0,0.0,-0.6371392,0.0,0.0,-0.08
9125191089,0.0,0.77104115,0.0,0.0,-0.6367853,0.0,0.0,-0.08
9125200437,0.0,0.77133113,0.0,0.0,-0.636434,0.0,0.0,-0.08
9125209924,0.0,0.7716376,0.0,0.0,-0.6360624,0.0,0.0,-0.08
9125221310,0.0,0.7721107,0.0,0.0,-0.6354881,0.0,0.0,-0.08
9125230782,0.0,0.7727105,0.0,0.0,-0.6347586,0.0,0.0,-0.08
9125240302,0.0,0.7734772,0.0,0.0,-0.63382417,0.0,0.0,-0.08
9125250829,0.0,0.77433825,0.0,0.0,-0.6327719,0.0,0.0,-0.08
9125261533,0.0,0.7751951,0.0,0.0,-0.63172185,0.0,0.0,-0.08
9125269904,0.0,0.775906,0.0,0.0,-0.63084847,0.0,0.0,-0.08
9125280434,0.0,0.7768104,0.0,0.0,-0.6297346,0.0,0.0,-0.08
9125290741,0.0,0.77756953,0.0,0.0,-0.628797,0.0,0.0,-0.08
9125301277,0.0,0.7782254,0.0,0.0,-0.627985,0.0,0.0,-0.08
9125310741,0.0,0.7788832,0.0,0.0,-0.62716895,0.0,0.0,-0.08
9125321174,0.0,0.77976334,0.0,0.0,-0.6260744,0.0,0.0,-0.08
9125331692,0.0,0.7808811,0.0,0.0,-0.6246797,0.0,0.0,-0.08
9125340950,0.0,0.7819073,0.0,0.0,-0.62339467,0.0,0.0,-0.08
9125350398,0.0,0.78290826,0.0,0.0,-0.6221371,0.0,0.0,-0.08
9125360871,0.0,0.7839329,0.0,0.0,-0.6208455,0.0,0.0,-0.08
9125371360,0.0,0.7849148,0.0,0.0,-0.61960375,0.0,0.0,-0.08
9125380754,0.0,0.78583777,0.0,0.0,-0.6184327,0.0,0.0,-0.08
9125391202,0.0,0.7868766,0.0,0.0,-0.6171104,0.0,0.0,-0.08
9125400514,0.0,0.78770447,0.0,0.0,-0.6160533,0.0,0.0,-0.08
9125412121,0.0,0.78862035,0.0,0.0,-0.61488044,0.0,0.0,-0.08
9125420592,0.0,0.7893015,0.0,0.0,-0.6140058,0.0,0.0,-0.08
9125430991,0.0,0.7902057,0.0,0.0,-0.61284167,0.0,0.0,-0.08
9125441659,0.0,0.79115814,0.0,0.0,-0.61161166,0.0,0.0,-0.08
9125450931,0.0,0.7920231,0.0,0.0,-0.6104911,0.0,0.0,-0.08
9125460362,0.0,0.79287493,0.0,0.0,-0.6093844,0.0,0.0,-0.08
9125470769,0.0,0.79377484,0.0,0.0,-0.60821176,0.0,0.0,-0.08
9125481238,0.0,0.79452103,0.0,0.0,-0.6072366,0.0,0.0,-0.08
9125490681,0.0,0.79505265,0.0,0.0,-0.60654044,0.0,0.0,-0.08
9125501162,0.0,0.7954648,0.0,0.0,-0.60599977,0.0,0.0,-0.08
9125512226,0.0,0.79574394,0.0,0.0,-0.6056332,0.0,0.0,-0.08
9125520649,0.0,0.79597884,0.0,0.0,-0.6053244,0.0,0.0,-0.08
9125531368,0.0,0.7964397,0.0,0.0,-0.60471797,0.0,0.0,-0.08
9125540875,0.0,0.79691833,0.0,0.0,-0.60408705,0.0,0.0,-0.08
9125551508,0.0,0.79739106,0.0,0.0,-0.60346293,0.0,0.0,-0.08
9125560891,0.0,0.79774576,0.0,0.0,-0.60299397,0.0,0.0,-0.08
9125571315,0.0,0.79817283,0.0,0.0,-0.60242856,0.0,0.0,-0.08
9125582903,0.0,0.7987215,0.0,0.0,-0.6017009,0.0,0.0,-0.08
9125590455,0.0,0.7990331,0.0,0.0,-0.60128707,0.0,0.0,-0.08
9125600881,0.0,0.7992284,0.0,0.0,-0.60102737,0.0,0.0,-0.08
9125611413,0.0,0.79917747,0.0,0.0,-0.60109514,0.0,0.0,-0.08
9125621936,0.0,0.7989976,0.0,0.0,-0.6013342,0.0,0.0,-0.08
9125631381,0.0,0.7988151,0.0,0.0,-0.6015766,0.0,0.0,-0.08
9125640836,0.0,0.7986648,0.0,0.0,-0.6017762,0.0,0.0,-0.08
9125651290,0.0,0.79857105,0.0,0.0,-0.6019005,0.0,0.0,-0.08
9125660767,0.0,0.798444,0.0,0.0,-0.60206914,0.0,0.0,-0.08
9125671283,0.0,0.7979901,0.0,0.0,-0.6026706,0.0,0.0,-0.08
9125681825,0.0,0.7971638,0.0,0.0,-0.6037631,0.0,0.0,-0.08
9125692257,0.0,0.7962782,0.0,0.0,-0.60493064,0.0,0.0,-0.08
9125700634,0.0,0.79571944,0.0,0.0,-0.6056654,0.0,0.0,-0.08
9125711143,0.0,0.7951684,0.0,0.0,-0.6063887,0.0,0.0,-0.08
9125721587,0.0,0.79469275,0.0,0.0,-0.6070119,0.0,0.0,-0.08
9125730988,0.0,0.79428756,0.0,0.0,-0.607542,0.0,0.0,-0.08
9125741607,0.0,0.7936595,0.0,0.0,-0.6083622,0.0,0.0,-0.08
9125752115,0.0,0.792724,0.0,0.0,-0.6095807,0.0,0.0,-0.08
9125762720,0.0,0.79173714,0.0,0.0,-0.6108619,0.0,0.0,-0.08
9125771154,0.0,0.79105055,0.0,0.0,-0.6117508,0.0,0.0,-0.08
9125781642,0.0,0.79036874,0.0,0.0,-0.61263144,0.0,0.0,-0.08
9125792146,0.0,0.789836,0.0,0.0,-0.61331815,0.0,0.0,-0.08
9125801521,0.0,0.7893554,0.0,0.0,-0.61393654,0.0,0.0,-0.08
9125811046,0.0,0.78873545,0.0,0.0,-0.61473274,0.0,0.0,-0.08
9125821444,0.0,0.78799427,0.0,0.0,-0.6156826,0.0,0.0,-0.08
9125832950,0.0,0.78721756,0.0,0.0,-0.6166754,0.0,0.0,-0.08
9125841692,0.0,0.78669596,0.0,0.0,-0.6173406,0.0,0.0,-0.08
9125851055,0.0,0.78623503,0.0,0.0,-0.61792755,0.0,0.0,-0.08
9125861599,0.0,0.78573537,0.0,0.0,-0.6185628,0.0,0.0,-0.08
9125872097,0.0,0.78502876,0.0,0.0,-0.6194593,0.0,0.0,-0.08
9125881449,0.0,0.7841941,0.0,0.0,-0.6205156,0.0,0.0,-0.08
9125891888,0.0,0.78317547,0.0,0.0,-0.6218007,0.0,0.0,-0.08
9125903337,0.0,0.7820376,0.0,0.0,-0.62323123,0.0,0.0,-0.08
9125910732,0.0,0.7813625,0.0,0.0,-0.6240775,0.0,0.0,-0.08
9125921203,0.0,0.78063816,0.0,0.0,-0.62498325,0.0,0.0,-0.08
9125932108,0.0,0.78002197,0.0,0.0,-0.6257521,0.0,0.0,-0.08
9125942565,0.0,0.7794049,0.0,0.0,-0.6265206,0.0,0.0,-0.08
9125951960,0.0,0.7788362,0.0,0.0,-0.62722737,0.0,0.0,-0.08
9125961342,0.0,0.7783167,0.0,0.0,-0.62787193,0.0,0.0,-0.08
9125971836,0.0,0.77783906,0.0,0.0,-0.6284635,0.0,0.0,-0.08
9125981251,0.0,0.7775391,0.0,0.0,-0.6288346,0.0,0.0,-0.08
9125991746,0.0,0.77736264,0.0,0.0,-0.6290527,0.0,0.0,-0.08
9126002069,0.0,0.77729285,0.0,0.0,-0.629139,0.0,0.0,-0.08
9126012342,0.0,0.77728266,0.0,0.0,-0.6291515,0.0,0.0,-0.08
9126021900,0.0,0.77721095,0.0,0.0,-0.62924016,0.0,0.0,-0.08
9126031252,0.0,0.7769958,0.0,0.0,-0.6295058,0.0,0.0,-0.08
9126041846,0.0,0.77654105,0.0,0.0,-0.63006663,0.0,0.0,-0.08
9126052207,0.0,0.7760952,0.0,0.0,-0.6306158,0.0,0.0,-0.08
9126061742,0.0,0.7757891,0.0,0.0,-0.6309923,0.0,0.0,-0.08
9126072202,0.0,0.77568996,0.0,0.0,-0.6311142,0.0,0.0,-0.08
9126083715,0.0,0.77590287,0.0,0.0,-0.6308524,0.0,0.0,-0.08
9126091005,0.0,0.7762104,0.0,0.0,-0.630474,0.0,0.0,-0.08
9126101621,0.0,0.77686125,0.0,0.0,-0.6296718,0.0,0.0,-0.08
9126112097,0.0,0.77764267,0.0,0.0,-0.6287065,0.0,0.0,-0.08
9126122526,0.0,0.77851737,0.0,0.0,-0.627623,0.0,0.0,-0.08
9126132155,0.0,0.7793468,0.0,0.0,-0.6265928,0.0,0.0,-0.08
9126142469,0.0,0.78015,0.0,0.0,-0.6255925,0.0,0.0,-0.08
9126152885,0.0,0.78088534,0.0,0.0,-0.6246744,0.0,0.0,-0.08
9126162032,0.0,0.78166515,0.0,0.0,-0.6236983,0.0,0.0,-0.08
9126171556,0.0,0.78246146,0.0,0.0,-0.62269896,0.0,0.0,-0.08
9126182082,0.0,0.7829681,0.0,0.0,-0.62206185,0.0,0.0,-0.08
9126192295,0.0,0.7831327,0.0,0.0,-0.62185466,0.0,0.0,-0.08
9126201620,0.0,0.7832622,0.0,0.0,-0.6216915,0.0,0.0,-0.08
9126212111,0.0,0.7834313,0.0,0.0,-0.6214784,0.0,0.0,-0.08
9126222518,0.0,0.7835701,0.0,0.0,-0.6213034,0.0,0.0,-0.08
9126231761,0.0,0.7837698,0.0,0.0,-0.62105143,0.0,0.0,-0.08
9126242245,0.0,0.784144,0.0,0.0,-0.62057894,0.0,0.0,-0.08
9126252641,0.0,0.7845359,0.0,0.0,-0.6200834,0.0,0.0,-0.08
9126263213,0.0,0.7848289,0.0,0.0,-0.6197125,0.0,0.0,-0.08
9126271712,0.0,0.7850082,0.0,0.0,-0.6194854,0.0,0.0,-0.08
9126282195,0.0,0.78523785,0.0,0.0,-0.6191942,0.0,0.0,-0.08
9126292562,0.0,0.78541386,0.0,0.0,-0.61897093,0.0,0.0,-0.08
9126301993,0.0,0.7856473,0.0,0.0,-0.6186747,0.0,0.0,-0.08
9126312462,0.0,0.7861532,0.0,0.0,-0.6180317,0.0,0.0,-0.08
9126322844,0.0,0.78678894,0.0,0.0,-0.61722213,0.0,0.0,-0.08
9126332515,0.0,0.78736776,0.0,0.0,-0.6164836,0.0,0.0,-0.08
9126342013,0.0,0.78786904,0.0,0.0,-0.6158429,0.0,0.0,-0.08
9126352601,0.0,0.7884791,0.0,0.0,-0.6150615,0.0,0.0,-0.08
9126361967,0.0,0.7891526,0.0,0.0,-0.61419713,0.0,0.0,-0.08
9126372472,0.0,0.7899766,0.0,0.0,-0.613137,0.0,0.0,-0.08
9126381998,0.0,0.7907397,0.0,0.0,-0.6121525,0.0,0.0,-0.08
9126392428,0.0,0.79159594,0.0,0.0,-0.6110449,0.0,0.0,-0.08
9126403924,0.0,0.79250526,0.0,0.0,-0.60986507,0.0,0.0,-0.08
9126412327,0.0,0.7930924,0.0,0.0,-0.6091013,0.0,0.0,-0.08
9126422785,0.0,0.7936551,0.0,0.0,-0.608368,0.0,0.0,-0.08
9126433309,0.0,0.7939157,0.0,0.0,-0.6080278,0.0,0.0,-0.08
9126441782,0.0,0.7940098,0.0,0.0,-0.6079049,0.0,0.0,-0.08
9126452334,0.0,0.79398954,0.0,0.0,-0.60793144,0.0,0.0,-0.08
9126462756,0.0,0.7939032,0.0,0.0,-0.6080442,0.0,0.0,-0.08
9126474274,0.0,0.79382926,0.0,0.0,-0.6081407,0.0,0.0,-0.08
9126481675,0.0,0.79384196,0.0,0.0,-0.60812414,0.0,0.0,-0.08
9126492277,0.0,0.7939048,0.0,0.0,-0.6080421,0.0,0.0,-0.08
9126502942,0.0,0.79394215,0.0,0.0,-0.6079933,0.0,0.0,-0.08
9126513732,0.0,0.79391325,0.0,0.0,-0.6080311,0.0,0.0,-0.08
9126522299,0.0,0.7938127,0.0,0.0,-0.6081623,0.0,0.0,-0.08
9126532191,0.0,0.79359394,0.0,0.0,-0.6084478,0.0,0.0,-0.08
9126542832,0.0,0.79330605,0.0,0.0,-0.60882306,0.0,0.0,-0.08
9126552341,0.0,0.79307526,0.0,0.0,-0.60912365,0.0,0.0,-0.08
9126562828,0.0,0.79290515,0.0,0.0,-0.6093451,0.0,0.0,-0.08
9126573368,0.0,0.7928843,0.0,0.0,-0.60937226,0.0,0.0,-0.08
9126583849,0.0,0.7929916,0.0,0.0,-0.6092326,0.0,0.0,-0.08
9126592335,0.0,0.79305017,0.0,0.0,-0.6091563,0.0,0.0,-0.08
9126602768,0.0,0.79295784,0.0,0.0,-0.60927653,0.0,0.0,-0.08
9126613332,0.0,0.7927378,0.0,0.0,-0.6095628,0.0,0.0,-0.08
9126622763,0.0,0.792497,0.0,0.0,-0.60987586,0.0,0.0,-0.08
9126632179,0.0,0.7922075,0.0,0.0,-0.61025184,0.0,0.0,-0.08
9126642759,0.0,0.7919013,0.0,0.0,-0.6106491,0.0,0.0,-0.08
9126654160,0.0,0.79171216,0.0,0.0,-0.6108943,0.0,0.0,-0.08
9126662658,0.0,0.79164684,0.0,0.0,-0.61097896,0.0,0.0,-0.08
9126673098,0.0,0.79147315,0.0,0.0,-0.61120397,0.0,0.0,-0.08
9126683402,0.0,0.79112387,0.0,0.0,-0.61165595,0.0,0.0,-0.08
9126694117,0.0,0.7906445,0.0,0.0,-0.6122755,0.0,0.0,-0.08
9126702364,0.0,0.7902688,0.0,0.0,-0.61276037,0.0,0.0,-0.08
9126712913,0.0,0.78990275,0.0,0.0,-0.61323214,0.0,0.0,-0.08
9126724316,0.0,0.7896953,0.0,0.0,-0.6134992,0.0,0.0,-0.08
9126732745,0.0,0.7896549,0.0,0.0,-0.61355126,0.0,0.0,-0.08
9126743305,0.0,0.78964466,0.0,0.0,-0.61356443,0.0,0.0,-0.08
9126752630,0.0,0.7895869,0.0,0.0,-0.6136388,0.0,0.0,-0.08
9126763134,0.0,0.7895083,0.0,0.0,-0.6137399,0.0,0.0,-0.08
9126772538,0.0,0.7894775,0.0,0.0,-0.6137795,0.0,0.0,-0.08
9126783321,0.0,0.78949356,0.0,0.0,-0.61375886,0.0,0.0,-0.08
9126792661,0.0,0.7895419,0.0,0.0,-0.61369663,0.0,0.0,-0.08
9126802164,0.0,0.7895914,0.0,0.0,-0.613633,0.0,0.0,-0.08
9126812673,0.0,0.7896336,0.0,0.0,-0.6135787,0.0,0.0,-0.08
9126823132,0.0,0.7896806,0.0,0.0,-0.61351824,0.0,0.0,-0.08
9126834610,0.0,0.7896792,0.0,0.0,-0.6135199,0.0,0.0,-0.08
9126843102,0.0,0.7895828,0.0,0.0,-0.61364406,0.0,0.0,-0.08
9126852545,0.0,0.7894138,0.0,0.0,-0.6138614,0.0,0.0,-0.08
9126863157,0.0,0.7892722,0.0,0.0,-0.6140435,0.0,0.0,-0.08
9126872581,0.0,0.78920877,0.0,0.0,-0.614125,0.0,0.0,-0.08
9126883208,0.0,0.78919464,0.0,0.0,-0.6141432,0.0,0.0,-0.08
9126893599,0.0,0.7891667,0.0,0.0,-0.6141791,0.0,0.0,-0.08
9126904145,0.0,0.789071,0.0,0.0,-0.614302,0.0,0.0,-0.08
9126912519,0.0,0.7889747,0.0,0.0,-0.61442566,0.0,0.0,-0.08
9126922994,0.0,0.78891885,0.0,0.0,-0.6144974,0.0,0.0,-0.08
9126933401,0.0,0.7889762,0.0,0.0,-0.61442375,0.0,0.0,-0.08
9126942920,0.0,0.7891577,0.0,0.0,-0.61419064,0.0,0.0,-0.08
9126953118,0.0,0.78953433,0.0,0.0,-0.61370635,0.0,0.0,-0.08
9126963496,0.0,0.79008603,0.0,0.0,-0.612996,0.0,0.0,-0.08
9126974971,0.0,0.7907302,0.0,0.0,-0.61216486,0.0,0.0,-0.08
9126982424,0.0,0.7910552,0.0,0.0,-0.61174476,0.0,0.0,-0.08
9126992932,0.0,0.79135394,0.0,0.0,-0.6113583,0.0,0.0,-0.08
9127003322,0.0,0.79159224,0.0,0.0,-0.6110497,0.0,0.0,-0.08
9127013902,0.0,0.7918958,0.0,0.0,-0.6106562,0.0,0.0,-0.08
9127023290,0.0,0.79217887,0.0,0.0,-0.610289,0.0,0.0,-0.08
9127033165,0.0,0.7924402,0.0,0.0,-0.60994965,0.0,0.0,-0.08
9127044595,0.0,0.79263383,0.0,0.0,-0.60969794,0.0,0.0,-0.08
9127053079,0.0,0.7927462,0.0,0.0,-0.60955185,0.0,0.0,-0.08
9127062984,0.0,0.79285854,0.0,0.0,-0.60940576,0.0,0.0,-0.08
9127073704,0.0,0.79290533,0.0,0.0,-0.60934484,0.0,0.0,-0.08
9127084192,0.0,0.7928574,0.0,0.0,-0.6094072,0.0,0.0,-0.08
9127093630,0.0,0.79264045,0.0,0.0,-0.6096894,0.0,0.0,-0.08
9127102981,0.0,0.7922022,0.0,0.0,-0.61025876,0.0,0.0,-0.08
9127113931,0.0,0.79140735,0.0,0.0,-0.61128914,0.0,0.0,-0.08
9127123148,0.0,0.7905368,0.0,0.0,-0.61241454,0.0,0.0,-0.08
9127133588,0.0,0.7895581,0.0,0.0,-0.6136758,0.0,0.0,-0.08
9127143987,0.0,0.7887924,0.0,0.0,-0.6146597,0.0,0.0,-0.08
9127162805,0.0,0.7879067,0.0,0.0,-0.6157946,0.0,0.0,-0.08
9127173294,0.0,0.7877423,0.0,0.0,-0.6160049,0.0,0.0,-0.08
9127183720,0.0,0.78787434,0.0,0.0,-0.615836,0.0,0.0,-0.08
9127193140,0.0,0.78817075,0.0,0.0,-0.61545664,0.0,0.0,-0.08
9127203750,0.0,0.7885883,0.0,0.0,-0.61492157,0.0,0.0,-0.08
9127214162,0.0,0.7891078,0.0,0.0,-0.6142548,0.0,0.0,-0.08
9127225319,0.0,0.789912,0.0,0.0,-0.6132202,0.0,0.0,-0.08
9127232801,0.0,0.79055786,0.0,0.0,-0.6123873,0.0,0.0,-0.08
9127243290,0.0,0.79136974,0.0,0.0,-0.61133784,0.0,0.0,-0.08
9127253672,0.0,0.7919463,0.0,0.0,-0.6105907,0.0,0.0,-0.08
9127264168,0.0,0.79229426,0.0,0.0,-0.6101392,0.0,0.0,-0.08
9127273671,0.0,0.79247415,0.0,0.0,-0.6099055,0.0,0.0,-0.08
9127284107,0.0,0.79261,0.0,0.0,-0.60972893,0.0,0.0,-0.08
9127295488,0.0,0.79268706,0.0,0.0,-0.6096288,0.0,0.0,-0.08
9127302879,0.0,0.792652,0.0,0.0,-0.60967433,0.0,0.0,-0.08
9127313360,0.0,0.792524,0.0,0.0,-0.6098407,0.0,0.0,-0.08
9127323705,0.0,0.79239464,0.0,0.0,-0.61000884,0.0,0.0,-0.08
9127334328,0.0,0.7923271,0.0,0.0,-0.61009645,0.0,0.0,-0.08
9127343861,0.0,0.79239714,0.0,0.0,-0.61000556,0.0,0.0,-0.08
9127354294,0.0,0.7925673,0.0,0.0,-0.6097844,0.0,0.0,-0.08
9127363757,0.0,0.79267246,0.0,0.0,-0.60964775,0.0,0.0,-0.08
9127373384,0.0,0.7926961,0.0,0.0,-0.609617,0.0,0.0,-0.08
9127383885,0.0,0.7926442,0.0,0.0,-0.60968447,0.0,0.0,-0.08
9127394232,0.0,0.79249066,0.0,0.0,-0.6098841,0.0,0.0,-0.08
9127404745,0.0,0.7922514,0.0,0.0,-0.61019486,0.0,0.0,-0.08
9127414125,0.0,0.7919994,0.0,0.0,-0.6105219,0.0,0.0,-0.08
9127423533,0.0,0.7917634,0.0,0.0,-0.61082786,0.0,0.0,-0.08
9127434017,0.0,0.7915885,0.0,0.0,-0.61105454,0.0,0.0,-0.08
9127443486,0.0,0.79152393,0.0,0.0,-0.61113816,0.0,0.0,-0.08
9127454120,0.0,0.7915667,0.0,0.0,-0.61108273,0.0,0.0,-0.08
9127464441,0.0,0.7916877,0.0,0.0,-0.610926,0.0,0.0,-0.08
9127475136,0.0,0.79182243,0.0,0.0,-0.6107514,0.0,0.0,-0.08
9127483545,0.0,0.79187524,0.0,0.0,-0.6106829,0.0,0.0,-0.08
9127493998,0.0,0.7917935,0.0,0.0,-0.6107889,0.0,0.0,-0.08
9127504471,0.0,0.7915628,0.0,0.0,-0.6110878,0.0,0.0,-0.08
9127514043,0.0,0.79129744,0.0,0.0,-0.6114314,0.0,0.0,-0.08
9127523973,0.0,0.7910198,0.0,0.0,-0.61179054,0.0,0.0,-0.08
9127534574,0.0,0.7907233,0.0,0.0,-0.6121737,0.0,0.0,-0.08
9127545183,0.0,0.7904358,0.0,0.0,-0.6125449,0.0,0.0,-0.08
9127553640,0.0,0.7902295,0.0,0.0,-0.612811,0.0,0.0,-0.08
9127564057,0.0,0.7900085,0.0,0.0,-0.61309594,0.0,0.0,-0.08
9127574481,0.0,0.7898182,0.0,0.0,-0.613341,0.0,0.0,-0.08
9127583954,0.0,0.7897482,0.0,0.0,-0.61343116,0.0,0.0,-0.08
9127594479,0.0,0.78976345,0.0,0.0,-0.61341155,0.0,0.0,-0.08
9127603810,0.0,0.78983366,0.0,0.0,-0.6133211,0.0,0.0,-0.08
9127615624,0.0,0.78994626,0.0,0.0,-0.61317605,0.0,0.0,-0.08
9127623949,0.0,0.7899533,0.0,0.0,-0.61316705,0.0,0.0,-0.08
9127634519,0.0,0.78975624,0.0,0.0,-0.61342084,0.0,0.0,-0.08
9127644343,0.0,0.7898481,0.0,0.0,-0.6133025,0.0,0.0,-0.08
9127654886,0.0,0.7902081,0.0,0.0,-0.6128386,0.0,0.0,-0.08
9127664327,0.0,0.79070514,0.0,0.0,-0.61219716,0.0,0.0,-0.08
9127674871,0.0,0.79134333,0.0,0.0,-0.611372,0.0,0.0,-0.08
9127684296,0.0,0.791844,0.0,0.0,-0.6107234,0.0,0.0,-0.08
9127704127,0.0,0.79270244,0.0,0.0,-0.60960877,0.0,0.0,-0.08
9127714754,0.0,0.792999,0.0,0.0,-0.6092229,0.0,0.0,-0.08
9127725217,0.0,0.7930433,0.0,0.0,-0.60916525,0.0,0.0,-0.08
9127733724,0.0,0.79294956,0.0,0.0,-0.6092873,0.0,0.0,-0.08
9127744335,0.0,0.7927152,0.0,0.0,-0.6095922,0.0,0.0,-0.08
9127754971,0.0,0.7923816,0.0,0.0,-0.61002576,0.0,0.0,-0.08
9127764432,0.0,0.79211426,0.0,0.0,-0.61037284,0.0,0.0,-0.08
9127774934,0.0,0.79204774,0.0,0.0,-0.61045915,0.0,0.0,-0.08
9127785345,0.0,0.7923417,0.0,0.0,-0.61007756,0.0,0.0,-0.08
9127795972,0.0,0.79296,0.0,0.0,-0.60927373,0.0,0.0,-0.08
9127804393,0.0,0.7935286,0.0,0.0,-0.6085329,0.0,0.0,-0.08
9127814794,0.0,0.7941448,0.0,0.0,-0.60772854,0.0,0.0,-0.08
9127825207,0.0,0.7946073,0.0,0.0,-0.6071238,0.0,0.0,-0.08
9127834680,0.0,0.79486805,0.0,0.0,-0.6067823,0.0,0.0,-0.08
9127844129,0.0,0.7950599,0.0,0.0,-0.6065309,0.0,0.0,-0.08
9127854582,0.0,0.7953042,0.0,0.0,-0.6062106,0.0,0.0,-0.08
9127866009,0.0,0.7955624,0.0,0.0,-0.6058717,0.0,0.0,-0.08
9127874589,0.0,0.7957349,0.0,0.0,-0.60564506,0.0,0.0,-0.08
9127885205,0.0,0.79595506,0.0,0.0,-0.60535574,0.0,0.0,-0.08
9127894562,0.0,0.7962023,0.0,0.0,-0.6050305,0.0,0.0,-0.08
9127906043,0.0,0.7966647,0.0,0.0,-0.6044215,0.0,0.0,-0.08
9127914492,0.0,0.7971366,0.0,0.0,-0.603799,0.0,0.0,-0.08
9127924889,0.0,0.797724,0.0,0.0,-0.6030227,0.0,0.0,-0.08
9127935378,0.0,0.79816157,0.0,0.0,-0.60244346,0.0,0.0,-0.08
9127944057,0.0,0.7983991,0.0,0.0,-0.6021286,0.0,0.0,-0.08
9127954449,0.0,0.79859734,0.0,0.0,-0.60186565,0.0,0.0,-0.08
9127964960,0.0,0.7987564,0.0,0.0,-0.6016545,0.0,0.0,-0.08
9127976447,0.0,0.7989705,0.0,0.0,-0.6013702,0.0,0.0,-0.08
9127984882,0.0,0.7992097,0.0,0.0,-0.6010523,0.0,0.0,-0.08
9127995314,0.0,0.7996627,0.0,0.0,-0.60044944,0.0,0.0,-0.08
9128004792,0.0,0.80003697,0.0,0.0,-0.5999507,0.0,0.0,-0.08
9128015311,0.0,0.800266,0.0,0.0,-0.59964514,0.0,0.0,-0.08
9128024690,0.0,0.80028397,0.0,0.0,-0.59962124,0.0,0.0,-0.08
9128035150,0.0,0.80020833,0.0,0.0,-0.5997221,0.0,0.0,-0.08
9128046774,0.0,0.8002828,0.0,0.0,-0.5996228,0.0,0.0,-0.08
9128054174,0.0,0.80057275,0.0,0.0,-0.5992356,0.0,0.0,-0.08
9128064615,0.0,0.80133814,0.0,0.0,-0.59821165,0.0,0.0,-0.08
9128075137,0.0,0.8022564,0.0,0.0,-0.5969796,0.0,0.0,-0.08
9128085612,0.0,0.80305964,0.0,0.0,-0.5958986,0.0,0.0,-0.08
9128094972,0.0,0.8036297,0.0,0.0,-0.59512967,0.0,0.0,-0.08
9128105485,0.0,0.80413127,0.0,0.0,-0.5944517,0.0,0.0,-0.08
9128116046,0.0,0.8044261,0.0,0.0,-0.5940528,0.0,0.0,-0.08
9128124325,0.0,0.80444473,0.0,0.0,-0.59402746,0.0,0.0,-0.08
9128134963,0.0,0.80418855,0.0,0.0,-0.5943743,0.0,0.0,-0.08
9128145402,0.0,0.8038848,0.0,0.0,-0.594785,0.0,0.0,-0.08
9128154826,0.0,0.80368274,0.0,0.0,-0.595058,0.0,0.0,-0.08
9128165337,0.0,0.80357283,0.0,0.0,-0.59520644,0.0,0.0,-0.08
9128175093,0.0,0.8035848,0.0,0.0,-0.5951902,0.0,0.0,-0.08
9128185136,0.0,0.8037156,0.0,0.0,-0.5950136,0.0,0.0,-0.08
9128194651,0.0,0.8039453,0.0,0.0,-0.5947032,0.0,0.0,-0.08
9128205071,0.0,0.8042233,0.0,0.0,-0.5943273,0.0,0.0,-0.08
9128215810,0.0,0.8043602,0.0,0.0,-0.59414196,0.0,0.0,-0.08
9128226529,0.0,0.8043014,0.0,0.0,-0.5942216,0.0,0.0,-0.08
9128234952,0.0,0.8042002,0.0,0.0,-0.59435856,0.0,0.0,-0.08
9128245590,0.0,0.804119,0.0,0.0,-0.59446836,0.0,0.0,-0.08
9128256030,0.0,0.8041574,0.0,0.0,-0.5944165,0.0,0.0,-0.08
9128265389,0.0,0.80424166,0.0,0.0,-0.5943024,0.0,0.0,-0.08
9128274914,0.0,0.80432415,0.0,0.0,-0.5941908,0.0,0.0,-0.08
9128285285,0.0,0.8044589,0.0,0.0,-0.5940083,0.0,0.0,-0.08
9128296868,0.0,0.8046588,0.0,0.0,-0.5937375,0.0,0.0,-0.08
9128305446,0.0,0.8047835,0.0,0.0,-0.59356844,0.0,0.0,-0.08
9128314879,0.0,0.80484736,0.0,0.0,-0.59348184,0.0,0.0,-0.08
9128325300,0.0,0.80488354,0.0,0.0,-0.5934328,0.0,0.0,-0.08
9128335794,0.0,0.80488557,0.0,0.0,-0.5934301,0.0,0.0,-0.08
9128345343,0.0,0.8048116,0.0,0.0,-0.59353036,0.0,0.0,-0.08
9128355786,0.0,0.80471104,0.0,0.0,-0.5936667,0.0,0.0,-0.08
9128367309,0.0,0.80462027,0.0,0.0,-0.5937897,0.0,0.0,-0.08
9128374748,0.0,0.80450785,0.0,0.0,-0.59394205,0.0,0.0,-0.08
9128385389,0.0,0.8042098,0.0,0.0,-0.5943455,0.0,0.0,-0.08
9128395810,0.0,0.80387706,0.0,0.0,-0.5947955,0.0,0.0,-0.08
9128406328,0.0,0.8035543,0.0,0.0,-0.5952315,0.0,0.0,-0.08
9128415689,0.0,0.8032786,0.0,0.0,-0.59560347,0.0,0.0,-0.08
9128426157,0.0,0.80313855,0.0,0.0,-0.59579235,0.0,0.0,-0.08
9128436786,0.0,0.80319923,0.0,0.0,-0.59571046,0.0,0.0,-0.08
9128445136,0.0,0.8033403,0.0,0.0,-0.59552026,0.0,0.0,-0.08
9128455581,0.0,0.803521,0.0,0.0,-0.5952764,0.0,0.0,-0.08
9128465973,0.0,0.80363387,0.0,0.0,-0.59512407,0.0,0.0,-0.08
9128476915,0.0,0.80369145,0.0,0.0,-0.5950463,0.0,0.0,-0.08
9128485313,0.0,0.8037212,0.0,0.0,-0.5950061,0.0,0.0,-0.08
9128496086,0.0,0.8037398,0.0,0.0,-0.59498096,0.0,0.0,-0.08
9128505433,0.0,0.8037329,0.0,0.0,-0.5949904,0.0,0.0,-0.08
9128514962,0.0,0.8036803,0.0,0.0,-0.59506136,0.0,0.0,-0.08
9128525639,0.0,0.8035497,0.0,0.0,-0.5952377,0.0,0.0,-0.08
9128536259,0.0,0.8033392,0.0,0.0,-0.59552175,0.0,0.0,-0.08
9128546599,0.0,0.8031177,0.0,0.0,-0.59582037,0.0,0.0,-0.08
9128555239,0.0,0.8029187,0.0,0.0,-0.5960886,0.0,0.0,-0.08
9128565758,0.0,0.80260605,0.0,0.0,-0.59650946,0.0,0.0,-0.08
9128576202,0.0,0.8022869,0.0,0.0,-0.5969386,0.0,0.0,-0.08
9128585679,0.0,0.8020393,0.0,0.0,-0.59727126,0.0,0.0,-0.08
9128595281,0.0,0.80183136,0.0,0.0,-0.5975504,0.0,0.0,-0.08
9128605677,0.0,0.8016685,0.0,0.0,-0.59776884,0.0,0.0,-0.08
9128617173,0.0,0.8015384,0.0,0.0,-0.5979433,0.0,0.0,-0.08
9128625601,0.0,0.8014108,0.0,0.0,-0.5981143,0.0,0.0,-0.08
9128636133,0.0,0.8011565,0.0,0.0,-0.59845483,0.0,0.0,-0.08
9128645746,0.0,0.8008718,0.0,0.0,-0.5988359,0.0,0.0,-0.08
9128656234,0.0,0.8006053,0.0,0.0,-0.59919214,0.0,0.0,-0.08
9128665655,0.0,0.80046463,0.0,0.0,-0.59938,0.0,0.0,-0.08
9128676130,0.0,0.8003768,0.0,0.0,-0.5994973,0.0,0.0,-0.08
9128687583,0.0,0.8003012,0.0,0.0,-0.59959817,0.0,0.0,-0.08
9128695194,0.0,0.8002194,0.0,0.0,-0.5997073,0.0,0.0,-0.08
9128705543,0.0,0.80004865,0.0,0.0,-0.5999351,0.0,0.0,-0.08
9128715920,0.0,0.7997771,0.0,0.0,-0.6002971,0.0,0.0,-0.08
9128726494,0.0,0.7994322,0.0,0.0,-0.60075635,0.0,0.0,-0.08
9128736073,0.0,0.79913485,0.0,0.0,-0.60115176,0.0,0.0,-0.08
9128746477,0.0,0.7988701,0.0,0.0,-0.6015036,0.0,0.0,-0.08
9128755805,0.0,0.798677,0.0,0.0,-0.6017599,0.0,0.0,-0.08
9128765347,0.0,0.7985192,0.0,0.0,-0.6019693,0.0,0.0,-0.08
9128775832,0.0,0.7983844,0.0,0.0,-0.60214806,0.0,0.0,-0.08
9128786246,0.0,0.7982516,0.0,0.0,-0.60232407,0.0,0.0,-0.08
9128796765,0.0,0.798099,0.0,0.0,-0.6025263,0.0,0.0,-0.08
9128806329,0.0,0.7979761,0.0,0.0,-0.60268915,0.0,0.0,-0.08
9128815724,0.0,0.7979567,0.0,0.0,-0.6027148,0.0,0.0,-0.08
9128826110,0.0,0.7980049,0.0,0.0,-0.6026509,0.0,0.0,-0.08
9128835551,0.0,0.7980445,0.0,0.0,-0.6025985,0.0,0.0,-0.08
9128846382,0.0,0.79802805,0.0,0.0,-0.6026203,0.0,0.0,-0.08
9128855731,0.0,0.7979038,0.0,0.0,-0.6027848,0.0,0.0,-0.08
9128867324,0.0,0.7975682,0.0,0.0,-0.6032288,0.0,0.0,-0.08
9128875777,0.0,0.7972387,0.0,0.0,-0.60366416,0.0,0.0,-0.08
9128886279,0.0,0.79682773,0.0,0.0,-0.60420656,0.0,0.0,-0.08
9128897007,0.0,0.7964828,0.0,0.0,-0.60466117,0.0,0.0,-0.08
9128906490,0.0,0.79629254,0.0,0.0,-0.6049117,0.0,0.0,-0.08
9128915881,0.0,0.7962245,0.0,0.0,-0.60500133,0.0,0.0,-0.08
9128926278,0.0,0.7962187,0.0,0.0,-0.60500896,0.0,0.0,-0.08
9128937843,0.0,0.79619783,0.0,0.0,-0.6050363,0.0,0.0,-0.08
9128946259,0.0,0.7961528,0.0,0.0,-0.6050957,0.0,0.0,-0.08
9128956629,0.0,0.7961101,0.0,0.0,-0.60515183,0.0,0.0,-0.08
9128966059,0.0,0.7961444,0.0,0.0,-0.60510665,0.0,0.0,-0.08
9128976734,0.0,0.796219,0.0,0.0,-0.60500854,0.0,0.0,-0.08
9128986152,0.0,0.79631597,0.0,0.0,-0.60488087,0.0,0.0,-0.08
9128996771,0.0,0.7963897,0.0,0.0,-0.6047838,0.0,0.0,-0.08
9129007487,0.0,0.79636323,0.0,0.0,-0.60481864,0.0,0.0,-0.08
9129015868,0.0,0.79627395,0.0,0.0,-0.6049362,0.0,0.0,-0.08
9129026381,0.0,0.79617625,0.0,0.0,-0.60506475,0.0,0.0,-0.08
9129036746,0.0,0.7961636,0.0,0.0,-0.60508144,0.0,0.0,-0.08
9129047262,0.0,0.79622287,0.0,0.0,-0.6050034,0.0,0.0,-0.08
9129056738,0.0,0.79632443,0.0,0.0,-0.6048697,0.0,0.0,-0.08
9129066059,0.0,0.79646045,0.0,0.0,-0.6046906,0.0,0.0,-0.08
9129076566,0.0,0.7966304,0.0,0.0,-0.6044667,0.0,0.0,-0.08
9129086094,0.0,0.7967695,0.0,0.0,-0.60428333,0.0,0.0,-0.08
9129096524,0.0,0.7968364,0.0,0.0,-0.6041952,0.0,0.0,-0.08
9129106945,0.0,0.7967454,0.0,0.0,-0.6043151,0.0,0.0,-0.08
9129117447,0.0,0.7964887,0.0,0.0,-0.6046534,0.0,0.0,-0.08
9129125762,0.0,0.7962381,0.0,0.0,-0.6049833,0.0,0.0,-0.08
9129136226,0.0,0.79595053,0.0,0.0,-0.60536164,0.0,0.0,-0.08
9129146735,0.0,0.7957369,0.0,0.0,-0.6056425,0.0,0.0,-0.08
9129156190,0.0,0.79559916,0.0,0.0,-0.60582334,0.0,0.0,-0.08
9129166833,0.0,0.7954987,0.0,0.0,-0.6059553,0.0,0.0,-0.08
9129177164,0.0,0.7955156,0.0,0.0,-0.6059331,0.0,0.0,-0.08
9129187634,0.0,0.7957144,0.0,0.0,-0.60567206,0.0,0.0,-0.08
9129196124,0.0,0.79594904,0.0,0.0,-0.6053636,0.0,0.0,-0.08
9129206535,0.0,0.7961149,0.0,0.0,-0.60514545,0.0,0.0,-0.08
9129217145,0.0,0.7960436,0.0,0.0,-0.6052393,0.0,0.0,-0.08
9129227489,0.0,0.7958114,0.0,0.0,-0.60554457,0.0,0.0,-0.08
9129237823,0.0,0.79553056,0.0,0.0,-0.6059135,0.0,0.0,-0.08
9129246329,0.0,0.79534256,0.0,0.0,-0.60616016,0.0,0.0,-0.08
9129258045,0.0,0.7952029,0.0,0.0,-0.6063434,0.0,0.0,-0.08
9129266629,0.0,0.79517066,0.0,0.0,-0.60638565,0.0,0.0,-0.08
9129277177,0.0,0.7951138,0.0,0.0,-0.6064602,0.0,0.0,-0.08
9129286569,0.0,0.795037,0.0,0.0,-0.60656095,0.0,0.0,-0.08
9129297087,0.0,0.79497576,0.0,0.0,-0.6066412,0.0,0.0,-0.08
9129306486,0.0,0.7949793,0.0,0.0,-0.6066366,0.0,0.0,-0.08
9129316948,0.0,0.7950879,0.0,0.0,-0.60649425,0.0,0.0,-0.08
9129327360,0.0,0.79531795,0.0,0.0,-0.6061925,0.0,0.0,-0.08
9129336925,0.0,0.79556143,0.0,0.0,-0.6058729,0.0,0.0,-0.08
9129346399,0.0,0.7957288,0.0,0.0,-0.6056531,0.0,0.0,-0.08
9129356836,0.0,0.7958048,0.0,0.0,-0.6055532,0.0,0.0,-0.08
9129368294,0.0,0.7958282,0.0,0.0,-0.6055224,0.0,0.0,-0.08
9129376772,0.0,0.79586715,0.0,0.0,-0.6054713,0.0,0.0,-0.08
9129387224,0.0,0.79597586,0.0,0.0,-0.6053283,0.0,0.0,-0.08
9129397609,0.0,0.7960921,0.0,0.0,-0.6051755,0.0,0.0,-0.08
9129407089,0.0,0.7961459,0.0,0.0,-0.6051047,0.0,0.0,-0.08
9129416992,0.0,0.7961106,0.0,0.0,-0.6051512,0.0,0.0,-0.08
9129427395,0.0,0.7960364,0.0,0.0,-0.6052487,0.0,0.0,-0.08
9129437956,0.0,0.7959846,0.0,0.0,-0.6053168,0.0,0.0,-0.08
9129446534,0.0,0.7959521,0.0,0.0,-0.6053597,0.0,0.0,-0.08
9129456974,0.0,0.7959294,0.0,0.0,-0.6053895,0.0,0.0,-0.08
9129467342,0.0,0.7959482,0.0,0.0,-0.60536474,0.0,0.0,-0.08
9129476973,0.0,0.79596084,0.0,0.0,-0.6053481,0.0,0.0,-0.08
9129487380,0.0,0.7958955,0.0,0.0,-0.605434,0.0,0.0,-0.08
9129497818,0.0,0.7957033,0.0,0.0,-0.6056866,0.0,0.0,-0.08
9129508460,0.0,0.7953686,0.0,0.0,-0.606126,0.0,0.0,-0.08
9129517031,0.0,0.795088,0.0,0.0,-0.6064941,0.0,0.0,-0.08
9129527618,0.0,0.79490405,0.0,0.0,-0.60673517,0.0,0.0,-0.08
9129537273,0.0,0.7949656,0.0,0.0,-0.6066545,0.0,0.0,-0.08
9129548171,0.0,0.7951859,0.0,0.0,-0.60636574,0.0,0.0,-0.08
9129557641,0.0,0.7954505,0.0,0.0,-0.60601854,0.0,0.0,-0.08
9129567148,0.0,0.7957234,0.0,0.0,-0.6056602,0.0,0.0,-0.08
9129578835,0.0,0.79598993,0.0,0.0,-0.60530984,0.0,0.0,-0.08
9129587336,0.0,0.7961178,0.0,0.0,-0.6051417,0.0,0.0,-0.08
9129596921,0.0,0.79621065,0.0,0.0,-0.6050195,0.0,0.0,-0.08
9129607352,0.0,0.796271,0.0,0.0,-0.60494006,0.0,0.0,-0.08
9129617863,0.0,0.7962631,0.0,0.0,-0.6049504,0.0,0.0,-0.08
9129627237,0.0,0.7961219,0.0,0.0,-0.6051363,0.0,0.0,-0.08
9129637770,0.0,0.79584134,0.0,0.0,-0.6055052,0.0,0.0,-0.08
9129647147,0.0,0.79552376,0.0,0.0,-0.6059224,0.0,0.0,-0.08
9129657545,0.0,0.7949762,0.0,0.0,-0.6066407,0.0,0.0,-0.08
9129667159,0.0,0.794338,0.0,0.0,-0.60747606,0.0,0.0,-0.08
9129677406,0.0,0.7936431,0.0,0.0,-0.6083836,0.0,0.0,-0.08
9129688274,0.0,0.7929663,0.0,0.0,-0.6092655,0.0,0.0,-0.08
9129696828,0.0,0.7924391,0.0,0.0,-0.609951,0.0,0.0,-0.08
9129707274,0.0,0.79174197,0.0,0.0,-0.61085564,0.0,0.0,-0.08
9129717695,0.0,0.7910493,0.0,0.0,-0.6117524,0.0,0.0,-0.08
9129727160,0.0,0.7905181,0.0,0.0,-0.6124387,0.0,0.0,-0.08
9129737640,0.0,0.7900528,0.0,0.0,-0.61303884,0.0,0.0,-0.08
9129748131,0.0,0.7896977,0.0,0.0,-0.6134962,0.0,0.0,-0.08
9129758722,0.0,0.78947246,0.0,0.0,-0.613786,0.0,0.0,-0.08
9129767086,0.0,0.7893773,0.0,0.0,-0.6139084,0.0,0.0,-0.08
9129777599,0.0,0.78929937,0.0,0.0,-0.61400855,0.0,0.0,-0.08
9129788080,0.0,0.78920585,0.0,0.0,-0.61412877,0.0,0.0,-0.08
9129797473,0.0,0.7891403,0.0,0.0,-0.614213,0.0,0.0,-0.08
9129808048,0.0,0.78908557,0.0,0.0,-0.61428326,0.0,0.0,-0.08
9129817338,0.0,0.7890557,0.0,0.0,-0.61432165,0.0,0.0,-0.08
9129828936,0.0,0.7891306,0.0,0.0,-0.6142254,0.0,0.0,-0.08
9129837259,0.0,0.7892776,0.0,0.0,-0.6140365,0.0,0.0,-0.08
9129847324,0.0,0.7894875,0.0,0.0,-0.6137667,0.0,0.0,-0.08
9129857674,0.0,0.78962445,0.0,0.0,-0.6135905,0.0,0.0,-0.08
9129868176,0.0,0.78963584,0.0,0.0,-0.61357576,0.0,0.0,-0.08
9129878532,0.0,0.7895618,0.0,0.0,-0.61367106,0.0,0.0,-0.08
9129886953,0.0,0.78952557,0.0,0.0,-0.6137177,0.0,0.0,-0.08
9129898450,0.0,0.7896304,0.0,0.0,-0.61358273,0.0,0.0,-0.08
9129907865,0.0,0.7898379,0.0,0.0,-0.61331564,0.0,0.0,-0.08
9129917344,0.0,0.79005283,0.0,0.0,-0.6130388,0.0,0.0,-0.08
9129927930,0.0,0.7902449,0.0,0.0,-0.6127912,0.0,0.0,-0.08
9129939273,0.0,0.7904187,0.0,0.0,-0.612567,0.0,0.0,-0.08
9129948568,0.0,0.7904542,0.0,0.0,-0.6125211,0.0,0.0,-0.08
9129957700,0.0,0.7904274,0.0,0.0,-0.61255574,0.0,0.0,-0.08
9129968172,0.0,0.79042166,0.0,0.0,-0.6125632,0.0,0.0,-0.08
9129977600,0.0,0.79049456,0.0,0.0,-0.6124691,0.0,0.0,-0.08
9129988108,0.0,0.7906893,0.0,0.0,-0.6122176,0.0,0.0,-0.08
9129998482,0.0,0.7910109,0.0,0.0,-0.61180204,0.0,0.0,-0.08
9130009177,0.0,0.79143035,0.0,0.0,-0.61125934,0.0,0.0,-0.08
9130017690,0.0,0.79173803,0.0,0.0,-0.61086076,0.0,0.0,-0.08
9130028132,0.0,0.79201025,0.0,0.0,-0.6105078,0.0,0.0,-0.08
9130038464,0.0,0.79212844,0.0,0.0,-0.6103544,0.0,0.0,-0.08
9130047979,0.0,0.79207224,0.0,0.0,-0.6104273,0.0,0.0,-0.08
9130058412,0.0,0.79190004,0.0,0.0,-0.6106507,0.0,0.0,-0.08
9130068876,0.0,0.79167,0.0,0.0,-0.61094886,0.0,0.0,-0.08
9130079572,0.0,0.79143876,0.0,0.0,-0.6112485,0.0,0.0,-0.08
9130087985,0.0,0.79130745,0.0,0.0,-0.6114185,0.0,0.0,-0.08
9130098578,0.0,0.79130924,0.0,0.0,-0.61141616,0.0,0.0,-0.08
9130107974,0.0,0.7914292,0.0,0.0,-0.61126083,0.0,0.0,-0.08
9130117431,0.0,0.7915724,0.0,0.0,-0.6110754,0.0,0.0,-0.08
9130127937,0.0,0.79166055,0.0,0.0,-0.61096114,0.0,0.0,-0.08
9130138405,0.0,0.7915478,0.0,0.0,-0.6111073,0.0,0.0,-0.08
9130149910,0.0,0.7911759,0.0,0.0,-0.61158866,0.0,0.0,-0.08
9130157377,0.0,0.79088676,0.0,0.0,-0.6119625,0.0,0.0,-0.08
9130167813,0.0,0.79053956,0.0,0.0,-0.61241096,0.0,0.0,-0.08
9130178333,0.0,0.7902914,0.0,0.0,-0.6127311,0.0,0.0,-0.08
9130188898,0.0,0.7901782,0.0,0.0,-0.6128772,0.0,0.0,-0.08
9130198192,0.0,0.7901847,0.0,0.0,-0.61286885,0.0,0.0,-0.08
9130208742,0.0,0.7902753,0.0,0.0,-0.61275196,0.0,0.0,-0.08
9130218106,0.0,0.7904682,0.0,0.0,-0.61250305,0.0,0.0,-0.08
9130227945,0.0,0.7907671,0.0,0.0,-0.6121172,0.0,0.0,-0.08
9130238667,0.0,0.79107696,0.0,0.0,-0.6117167,0.0,0.0,-0.08
9130249087,0.0,0.7912227,0.0,0.0,-0.6115281,0.0,0.0,-0.08
9130259571,0.0,0.79113334,0.0,0.0,-0.61164373,0.0,0.0,-0.08
9130268140,0.0,0.7909105,0.0,0.0,-0.61193186,0.0,0.0,-0.08
9130278556,0.0,0.790595,0.0,0.0,-0.6123394,0.0,0.0,-0.08
9130289024,0.0,0.7903722,0.0,0.0,-0.612627,0.0,0.0,-0.08
9130298426,0.0,0.79029953,0.0,0.0,-0.6127207,0.0,0.0,-0.08
9130307969,0.0,0.79027313,0.0,0.0,-0.61275476,0.0,0.0,-0.08
9130318443,0.0,0.7902197,0.0,0.0,-0.6128236,0.0,0.0,-0.08
9130330044,0.0,0.79015636,0.0,0.0,-0.61290526,0.0,0.0,-0.08
9130338450,0.0,0.79016125,0.0,0.0,-0.612899,0.0,0.0,-0.08
9130348346,0.0,0.7902639,0.0,0.0,-0.6127666,0.0,0.0,-0.08
9130358768,0.0,0.79042447,0.0,0.0,-0.61255956,0.0,0.0,-0.08
9130369266,0.0,0.79056066,0.0,0.0,-0.6123837,0.0,0.0,-0.08
9130378649,0.0,0.7907283,0.0,0.0,-0.6121673,0.0,0.0,-0.08
9130389073,0.0,0.7910286,0.0,0.0,-0.61177915,0.0,0.0,-0.08
9130399531,0.0,0.79148155,0.0,0.0,-0.61119306,0.0,0.0,-0.08
9130408048,0.0,0.7919848,0.0,0.0,-0.6105408,0.0,0.0,-0.08
9130418498,0.0,0.7927593,0.0,0.0,-0.60953486,0.0,0.0,-0.08
9130428957,0.0,0.7936517,0.0,0.0,-0.6083724,0.0,0.0,-0.08
9130439518,0.0,0.794606,0.0,0.0,-0.6071255,0.0,0.0,-0.08
9130447997,0.0,0.7953829,0.0,0.0,-0.6061073,0.0,0.0,-0.08
9130458467,0.0,0.7964057,0.0,0.0,-0.60476273,0.0,0.0,-0.08
9130468908,0.0,0.79762155,0.0,0.0,-0.60315824,0.0,0.0,-0.08
9130478396,0.0,0.7990954,0.0,0.0,-0.6012042,0.0,0.0,-0.08
9130488864,0.0,0.8013638,0.0,0.0,-0.5981772,0.0,0.0,-0.08
9130499331,0.0,0.80440587,0.0,0.0,-0.59408015,0.0,0.0,-0.08
9130510118,0.0,0.80821764,0.0,0.0,-0.5888839,0.0,0.0,-0.08
9130519007,0.0,0.81125,0.0,0.0,-0.5846995,0.0,0.0,-0.08
9130528697,0.0,0.81368023,0.0,0.0,-0.5813127,0.0,0.0,-0.08
9130539236,0.0,0.81521934,0.0,0.0,-0.57915235,0.0,0.0,-0.08
9130549193,0.0,0.8159576,0.0,0.0,-0.57811177,0.0,0.0,-0.08
9130558677,0.0,0.8162624,0.0,0.0,-0.57768124,0.0,0.0,-0.08
9130569102,0.0,0.8163848,0.0,0.0,-0.57750833,0.0,0.0,-0.08
9130580651,0.0,0.81646043,0.0,0.0,-0.5774014,0.0,0.0,-0.08
9130588066,0.0,0.8165054,0.0,0.0,-0.57733786,0.0,0.0,-0.08
9130598508,0.0,0.8164998,0.0,0.0,-0.57734567,0.0,0.0,-0.08
9130609250,0.0,0.81628597,0.0,0.0,-0.577648,0.0,0.0,-0.08
9130619713,0.0,0.8158702,0.0,0.0,-0.57823503,0.0,0.0,-0.08
9130629208,0.0,0.81546414,0.0,0.0,-0.5788076,0.0,0.0,-0.08
9130639554,0.0,0.81514376,0.0,0.0,-0.57925874,0.0,0.0,-0.08
9130650092,0.0,0.8150146,0.0,0.0,-0.5794404,0.0,0.0,-0.08
9130658586,0.0,0.8149829,0.0,0.0,-0.579485,0.0,0.0,-0.08
9130669245,0.0,0.815007,0.0,0.0,-0.57945114,0.0,0.0,-0.08
9130679810,0.0,0.8150195,0.0,0.0,-0.5794335,0.0,0.0,-0.08
9130688337,0.0,0.81500125,0.0,0.0,-0.5794592,0.0,0.0,-0.08
9130698567,0.0,0.8150097,0.0,0.0,-0.5794473,0.0,0.0,-0.08
9130709320,0.0,0.8150697,0.0,0.0,-0.579363,0.0,0.0,-0.08
9130719551,0.0,0.81511325,0.0,0.0,-0.57930166,0.0,0.0,-0.08
9130729139,0.0,0.81506324,0.0,0.0,-0.579372,0.0,0.0,-0.08
9130739499,0.0,0.81489563,0.0,0.0,-0.5796078,0.0,0.0,-0.08
9130748916,0.0,0.81473833,0.0,0.0,-0.57982886,0.0,0.0,-0.08
9130760414,0.0,0.8146199,0.0,0.0,-0.57999516,0.0,0.0,-0.08
9130768939,0.0,0.8145732,0.0,0.0,-0.5800607,0.0,0.0,-0.08
9130779577,0.0,0.8145236,0.0,0.0,-0.58013046,0.0,0.0,-0.08
9130788963,0.0,0.81454694,0.0,0.0,-0.5800976,0.0,0.0,-0.08
9130799492,0.0,0.8146332,0.0,0.0,-0.57997656,0.0,0.0,-0.08
9130808948,0.0,0.81470215,0.0,0.0,-0.57987964,0.0,0.0,-0.08
9130819307,0.0,0.81477016,0.0,0.0,-0.5797841,0.0,0.0,-0.08
9130830859,0.0,0.8149474,0.0,0.0,-0.5795348,0.0,0.0,-0.08
9130839264,0.0,0.81520694,0.0,0.0,-0.5791698,0.0,0.0,-0.08
9130848754,0.0,0.8156017,0.0,0.0,-0.5786137,0.0,0.0,-0.08
9130859305,0.0,0.8160312,0.0,0.0,-0.5780079,0.0,0.0,-0.08
9130869693,0.0,0.8163166,0.0,0.0,-0.57760465,0.0,0.0,-0.08
9130879206,0.0,0.81635916,0.0,0.0,-0.5775445,0.0,0.0,-0.08
9130889699,0.0,0.81619203,0.0,0.0,-0.5777807,0.0,0.0,-0.08
9130901089,0.0,0.815861,0.0,0.0,-0.57824814,0.0,0.0,-0.08
9130909566,0.0,0.81551784,0.0,0.0,-0.5787319,0.0,0.0,-0.08
9130918929,0.0,0.8151317,0.0,0.0,-0.57927567,0.0,0.0,-0.08
9130929446,0.0,0.8149992,0.0,0.0,-0.57946205,0.0,0.0,-0.08
9130939985,0.0,0.8152167,0.0,0.0,-0.57915604,0.0,0.0,-0.08
9130949665,0.0,0.81558025,0.0,0.0,-0.578644,0.0,0.0,-0.08
9130960071,0.0,0.81591326,0.0,0.0,-0.5781743,0.0,0.0,-0.08
9130970555,0.0,0.8160501,0.0,0.0,-0.5779811,0.0,0.0,-0.08
9130979318,0.0,0.8160078,0.0,0.0,-0.5780409,0.0,0.0,-0.08
9130989781,0.0,0.81586605,0.0,0.0,-0.578241,0.0,0.0,-0.08
9131000218,0.0,0.81571686,0.0,0.0,-0.5784514,0.0,0.0,-0.08
9131010725,0.0,0.8155632,0.0,0.0,-0.57866806,0.0,0.0,-0.08
9131019650,0.0,0.8154036,0.0,0.0,-0.5788929,0.0,0.0,-0.08
9131029300,0.0,0.8152851,0.0,0.0,-0.5790598,0.0,0.0,-0.08
9131039622,0.0,0.81533366,0.0,0.0,-0.5789914,0.0,0.0,-0.08
9131049249,0.0,0.8154366,0.0,0.0,-0.5788464,0.0,0.0,-0.08
9131059631,0.0,0.8154579,0.0,0.0,-0.5788164,0.0,0.0,-0.08
9131070021,0.0,0.81542873,0.0,0.0,-0.5788575,0.0,0.0,-0.08
9131080526,0.0,0.8154491,0.0,0.0,-0.5788288,0.0,0.0,-0.08
9131088895,0.0,0.8154872,0.0,0.0,-0.5787751,0.0,0.0,-0.08
9131099410,0.0,0.8155318,0.0,0.0,-0.5787122,0.0,0.0,-0.08
9131110000,0.0,0.81556875,0.0,0.0,-0.5786602,0.0,0.0,-0.08
9131119398,0.0,0.81558,0.0,0.0,-0.5786443,0.0,0.0,-0.08
9131130004,0.0,0.8155513,0.0,0.0,-0.5786848,0.0,0.0,-0.08
9131140480,0.0,0.81548953,0.0,0.0,-0.5787718,0.0,0.0,-0.08
9131150950,0.0,0.81542,0.0,0.0,-0.5788698,0.0,0.0,-0.08
9131159416,0.0,0.81539977,0.0,0.0,-0.5788983,0.0,0.0,-0.08
9131169839,0.0,0.81544477,0.0,0.0,-0.5788349,0.0,0.0,-0.08
9131180246,0.0,0.8155205,0.0,0.0,-0.57872814,0.0,0.0,-0.08
9131189765,0.0,0.81561846,0.0,0.0,-0.5785901,0.0,0.0,-0.08
9131199792,0.0,0.81575763,0.0,0.0,-0.5783939,0.0,0.0,-0.08
9131210329,0.0,0.8159017,0.0,0.0,-0.5781906,0.0,0.0,-0.08
9131221764,0.0,0.81598735,0.0,0.0,-0.57806975,0.0,0.0,-0.08
9131229572,0.0,0.8159889,0.0,0.0,-0.57806754,0.0,0.0,-0.08
9131240062,0.0,0.81596124,0.0,0.0,-0.5781066,0.0,0.0,-0.08
9131250573,0.0,0.8158841,0.0,0.0,-0.5782155,0.0,0.0,-0.08
9131260071,0.0,0.81578743,0.0,0.0,-0.5783519,0.0,0.0,-0.08
9131269454,0.0,0.81574893,0.0,0.0,-0.5784062,0.0,0.0,-0.08
9131280310,0.0,0.8158007,0.0,0.0,-0.57833314,0.0,0.0,-0.08
9131290686,0.0,0.81592536,0.0,0.0,-0.57815725,0.0,0.0,-0.08
9131299145,0.0,0.81607026,0.0,0.0,-0.5779527,0.0,0.0,-0.08
9131309688,0.0,0.81630826,0.0,0.0,-0.5776165,0.0,0.0,-0.08
9131320026,0.0,0.8166041,0.0,0.0,-0.5771982,0.0,0.0,-0.08
9131330488,0.0,0.81694925,0.0,0.0,-0.57670957,0.0,0.0,-0.08
9131340292,0.0,0.81736267,0.0,0.0,-0.5761235,0.0,0.0,-0.08
9131349629,0.0,0.81772053,0.0,0.0,-0.57561547,0.0,0.0,-0.08
9131360423,0.0,0.81799936,0.0,0.0,-0.57521915,0.0,0.0,-0.08
9131370452,0.0,0.81815565,0.0,0.0,-0.5749968,0.0,0.0,-0.08
9131379883,0.0,0.81825143,0.0,0.0,-0.5748605,0.0,0.0,-0.08
9131390384,0.0,0.81835103,0.0,0.0,-0.57471865,0.0,0.0,-0.08
9131401725,0.0,0.8184811,0.0,0.0,-0.57453346,0.0,0.0,-0.08
9131410617,0.0,0.8186197,0.0,0.0,-0.57433593,0.0,0.0,-0.08
9131420110,0.0,0.8187441,0.0,0.0,-0.57415855,0.0,0.0,-0.08
9131430502,0.0,0.81884134,0.0,0.0,-0.5740199,0.0,0.0,-0.08
9131440056,0.0,0.81894904,0.0,0.0,-0.57386625,0.0,0.0,-0.08
9131449662,0.0,0.81902695,0.0,0.0,-0.573755,0.0,0.0,-0.08
9131460104,0.0,0.8189943,0.0,0.0,-0.5738017,0.0,0.0,-0.08
9131471555,0.0,0.81890255,0.0,0.0,-0.5739326,0.0,0.0,-0.08
9131480048,0.0,0.8189653,0.0,0.0,-0.573843,0.0,0.0,-0.08
9131490441,0.0,0.8192167,0.0,0.0,-0.57348406,0.0,0.0,-0.08
9131500829,0.0,0.8195525,0.0,0.0,-0.5730041,0.0,0.0,-0.08
9131511632,0.0,0.81994814,0.0,0.0,-0.5724378,0.0,0.0,-0.08
9131520263,0.0,0.82039446,0.0,0.0,-0.57179797,0.0,0.0,-0.08
9131530914,0.0,0.82108414,0.0,0.0,-0.5708072,0.0,0.0,-0.08
9131541649,0.0,0.8217715,0.0,0.0,-0.5698172,0.0,0.0,-0.08
9131549760,0.0,0.8222262,0.0,0.0,-0.5691608,0.0,0.0,-0.08
9131560186,0.0,0.82264376,0.0,0.0,-0.56855714,0.0,0.0,-0.08
9131570648,0.0,0.8227752,0.0,0.0,-0.568367,0.0,0.0,-0.08
9131581130,0.0,0.8225964,0.0,0.0,-0.5686257,0.0,0.0,-0.08
9131590480,0.0,0.8221877,0.0,0.0,-0.5692165,0.0,0.0,-0.08
9131599920,0.0,0.8215337,0.0,0.0,-0.57016,0.0,0.0,-0.08
9131610493,0.0,0.82062465,0.0,0.0,-0.5714675,0.0,0.0,-0.08
9131619984,0.0,0.8197757,0.0,0.0,-0.5726847,0.0,0.0,-0.08
9131630475,0.0,0.8187924,0.0,0.0,-0.5740897,0.0,0.0,-0.08
9131640875,0.0,0.81761014,0.0,0.0,-0.5757722,0.0,0.0,-0.08
9131651354,0.0,0.8162288,0.0,0.0,-0.57772875,0.0,0.0,-0.08
9131659724,0.0,0.8151241,0.0,0.0,-0.5792864,0.0,0.0,-0.08
9131670203,0.0,0.813919,0.0,0.0,-0.58097833,0.0,0.0,-0.08
9131680687,0.0,0.81291735,0.0,0.0,-0.58237904,0.0,0.0,-0.08
9131690830,0.0,0.812177,0.0,0.0,-0.5834111,0.0,0.0,-0.08
9131700474,0.0,0.8118856,0.0,0.0,-0.5838166,0.0,0.0,-0.08
9131710944,0.0,0.8122894,0.0,0.0,-0.5832546,0.0,0.0,-0.08
9131722439,0.0,0.8136132,0.0,0.0,-0.58140653,0.0,0.0,-0.08
9131730717,0.0,0.81508195,0.0,0.0,-0.57934564,0.0,0.0,-0.08
9131740218,0.0,0.8170933,0.0,0.0,-0.5765054,0.0,0.0,-0.08
9131750615,0.0,0.8192929,0.0,0.0,-0.5733753,0.0,0.0,-0.08
9131761091,0.0,0.82111263,0.0,0.0,-0.57076615,0.0,0.0,-0.08
9131770491,0.0,0.8220255,0.0,0.0,-0.5694507,0.0,0.0,-0.08
9131781155,0.0,0.82215893,0.0,0.0,-0.56925803,0.0,0.0,-0.08
9131792578,0.0,0.8216233,0.0,0.0,-0.57003075,0.0,0.0,-0.08
9131799993,0.0,0.82108516,0.0,0.0,-0.5708057,0.0,0.0,-0.08
9131810471,0.0,0.8202005,0.0,0.0,-0.5720762,0.0,0.0,-0.08
9131820869,0.0,0.8191433,0.0,0.0,-0.5735889,0.0,0.0,-0.08
9131831362,0.0,0.817956,0.0,0.0,-0.57528085,0.0,0.0,-0.08
9131840876,0.0,0.8169927,0.0,0.0,-0.576648,0.0,0.0,-0.08
9131850697,0.0,0.81634,0.0,0.0,-0.5775716,0.0,0.0,-0.08
9131861562,0.0,0.8162442,0.0,0.0,-0.57770705,0.0,0.0,-0.08
9131870663,0.0,0.81675,0.0,0.0,-0.57699174,0.0,0.0,-0.08
9131881132,0.0,0.81775504,0.0,0.0,-0.5755664,0.0,0.0,-0.08
9131891594,0.0,0.81889516,0.0,0.0,-0.57394314,0.0,0.0,-0.08
9131902020,0.0,0.81991035,0.0,0.0,-0.5724919,0.0,0.0,-0.08
9131910436,0.0,0.8204058,0.0,0.0,-0.5717817,0.0,0.0,-0.08
9131920895,0.0,0.82051414,0.0,0.0,-0.5716262,0.0,0.0,-0.08
9131931295,0.0,0.8202149,0.0,0.0,-0.57205546,0.0,0.0,-0.08
9131941364,0.0,0.8196303,0.0,0.0,-0.5728928,0.0,0.0,-0.08
9131950512,0.0,0.8189657,0.0,0.0,-0.5738425,0.0,0.0,-0.08
9131960905,0.0,0.8181799,0.0,0.0,-0.5749623,0.0,0.0,-0.08
9131972398,0.0,0.8172172,0.0,0.0,-0.5763298,0.0,0.0,-0.08
9131980825,0.0,0.8164569,0.0,0.0,-0.57740635,0.0,0.0,-0.08
9131991357,0.0,0.8156074,0.0,0.0,-0.57860565,0.0,0.0,-0.08
9132000751,0.0,0.8150291,0.0,0.0,-0.5794201,0.0,0.0,-0.08
9132011967,0.0,0.81472087,0.0,0.0,-0.57985336,0.0,0.0,-0.08
9132020548,0.0,0.81491405,0.0,0.0,-0.5795818,0.0,0.0,-0.08
9132031278,0.0,0.81564265,0.0,0.0,-0.578556,0.0,0.0,-0.08
9132042819,0.0,0.81673753,0.0,0.0,-0.5770094,0.0,0.0,-0.08
9132051204,0.0,0.81753033,0.0,0.0,-0.57588553,0.0,0.0,-0.08
9132060661,0.0,0.81820065,0.0,0.0,-0.5749328,0.0,0.0,-0.08
9132071006,0.0,0.81859696,0.0,0.0,-0.5743684,0.0,0.0,-0.08
9132081609,0.0,0.8185289,0.0,0.0,-0.5744654,0.0,0.0,-0.08
9132091008,0.0,0.8179657,0.0,0.0,-0.575267,0.0,0.0,-0.08
9132101569,0.0,0.8168269,0.0,0.0,-0.5768829,0.0,0.0,-0.08
9132110877,0.0,0.81548196,0.0,0.0,-0.5787825,0.0,0.0,-0.08
9132120545,0.0,0.8138447,0.0,0.0,-0.58108246,0.0,0.0,-0.08
9132131057,0.0,0.8119804,0.0,0.0,-0.5836847,0.0,0.0,-0.08
9132141622,0.0,0.8103162,0.0,0.0,-0.5859929,0.0,0.0,-0.08
9132152028,0.0,0.8091597,0.0,0.0,-0.5875888,0.0,0.0,-0.08
9132161387,0.0,0.80871236,0.0,0.0,-0.58820426,0.0,0.0,-0.08
9132170814,0.0,0.8090969,0.0,0.0,-0.58767533,0.0,0.0,-0.08
9132181314,0.0,0.81060845,0.0,0.0,-0.5855885,0.0,0.0,-0.08
9132190851,0.0,0.8127184,0.0,0.0,-0.5826567,0.0,0.0,-0.08
9132201568,0.0,0.8153325,0.0,0.0,-0.5789931,0.0,0.0,-0.08
9132211970,0.0,0.8175027,0.0,0.0,-0.5759248,0.0,0.0,-0.08
9132222475,0.0,0.818853,0.0,0.0,-0.5740033,0.0,0.0,-0.08
9132230817,0.0,0.8190649,0.0,0.0,-0.5737009,0.0,0.0,-0.08
9132241287,0.0,0.8183203,0.0,0.0,-0.57476246,0.0,0.0,-0.08
9132251713,0.0,0.8168767,0.0,0.0,-0.57681227,0.0,0.0,-0.08
9132261157,0.0,0.8152242,0.0,0.0,-0.57914555,0.0,0.0,-0.08
9132271657,0.0,0.8133562,0.0,0.0,-0.58176595,0.0,0.0,-0.08
9132282071,0.0,0.811847,0.0,0.0,-0.5838703,0.0,0.0,-0.08
9132292685,0.0,0.81079847,0.0,0.0,-0.5853254,0.0,0.0,-0.08
9132301124,0.0,0.81025535,0.0,0.0,-0.58607703,0.0,0.0,-0.08
9132311672,0.0,0.80994874,0.0,0.0,-0.5865007,0.0,0.0,-0.08
9132322015,0.0,0.81023586,0.0,0.0,-0.586104,0.0,0.0,-0.08
9132332636,0.0,0.8111985,0.0,0.0,-0.5847709,0.0,0.0,-0.08
9132341105,0.0,0.8124288,0.0,0.0,-0.58306044,0.0,0.0,-0.08
9132351530,0.0,0.81423616,0.0,0.0,-0.58053374,0.0,0.0,-0.08
9132362677,0.0,0.8159588,0.0,0.0,-0.5781101,0.0,0.0,-0.08
9132371045,0.0,0.8167114,0.0,0.0,-0.57704633,0.0,0.0,-0.08
9132381817,0.0,0.8166793,0.0,0.0,-0.5770918,0.0,0.0,-0.08
9132392232,0.0,0.8156607,0.0,0.0,-0.5785305,0.0,0.0,-0.08
9132402714,0.0,0.813939,0.0,0.0,-0.5809504,0.0,0.0,-0.08
9132411299,0.0,0.8122691,0.0,0.0,-0.5832829,0.0,0.0,-0.08
9132421782,0.0,0.8103328,0.0,0.0,-0.58597,0.0,0.0,-0.08
9132432219,0.0,0.8089528,0.0,0.0,-0.5878736,0.0,0.0,-0.08
9132441707,0.0,0.80833876,0.0,0.0,-0.58871764,0.0,0.0,-0.08
9132452126,0.0,0.8082043,0.0,0.0,-0.5889022,0.0,0.0,-0.08
9132463093,0.0,0.8085452,0.0,0.0,-0.5884341,0.0,0.0,-0.08
9132473569,0.0,0.8094115,0.0,0.0,-0.5872418,0.0,0.0,-0.08
9132481905,0.0,0.810498,0.0,0.0,-0.5857414,0.0,0.0,-0.08
9132491329,0.0,0.8120745,0.0,0.0,-0.58355385,0.0,0.0,-0.08
9132501810,0.0,0.81385344,0.0,0.0,-0.5810702,0.0,0.0,-0.08
9132511444,0.0,0.81494576,0.0,0.0,-0.5795373,0.0,0.0,-0.08
9132522116,0.0,0.8151171,0.0,0.0,-0.5792962,0.0,0.0,-0.08
9132532817,0.0,0.8142386,0.0,0.0,-0.58053035,0.0,0.0,-0.08
9132543078,0.0,0.8126077,0.0,0.0,-0.58281106,0.0,0.0,-0.08
9132551371,0.0,0.81095064,0.0,0.0,-0.5851146,0.0,0.0,-0.08
9132561952,0.0,0.80884385,0.0,0.0,-0.5880234,0.0,0.0,-0.08
9132572375,0.0,0.807133,0.0,0.0,-0.5903696,0.0,0.0,-0.08
9132581813,0.0,0.8061407,0.0,0.0,-0.5917239,0.0,0.0,-0.08
9132592275,0.0,0.8057183,0.0,0.0,-0.5922989,0.0,0.0,-0.08
9132602708,0.0,0.80602103,0.0,0.0,-0.59188694,0.0,0.0,-0.08
9132613234,0.0,0.8070037,0.0,0.0,-0.5905464,0.0,0.0,-0.08
9132621687,0.0,0.8081744,0.0,0.0,-0.58894324,0.0,0.0,-0.08
9132632374,0.0,0.8098708,0.0,0.0,-0.58660835,0.0,0.0,-0.08
9132642768,0.0,0.8115088,0.0,0.0,-0.5843403,0.0,0.0,-0.08
9132652135,0.0,0.81289333,0.0,0.0,-0.5824126,0.0,0.0,-0.08
9132661591,0.0,0.8141537,0.0,0.0,-0.58064944,0.0,0.0,-0.08
9132672129,0.0,0.8151711,0.0,0.0,-0.5792202,0.0,0.0,-0.08
9132682522,0.0,0.8155483,0.0,0.0,-0.57868904,0.0,0.0,-0.08
9132692035,0.0,0.8153479,0.0,0.0,-0.57897127,0.0,0.0,-0.08
9132702516,0.0,0.8146936,0.0,0.0,-0.57989156,0.0,0.0,-0.08
9132711964,0.0,0.81377673,0.0,0.0,-0.58117765,0.0,0.0,-0.08
9132723511,0.0,0.8123675,0.0,0.0,-0.5831458,0.0,0.0,-0.08
9132731937,0.0,0.8113538,0.0,0.0,-0.5845554,0.0,0.0,-0.08
9132742441,0.0,0.8103424,0.0,0.0,-0.5859567,0.0,0.0,-0.08
9132752839,0.0,0.8096217,0.0,0.0,-0.5869521,0.0,0.0,-0.08
9132762332,0.0,0.80915076,0.0,0.0,-0.58760107,0.0,0.0,-0.08
9132771710,0.0,0.80890375,0.0,0.0,-0.5879411,0.0,0.0,-0.08
9132782200,0.0,0.80894864,0.0,0.0,-0.5878793,0.0,0.0,-0.08
9132793715,0.0,0.80936784,0.0,0.0,-0.587302,0.0,0.0,-0.08
9132802195,0.0,0.8099614,0.0,0.0,-0.5864832,0.0,0.0,-0.08
9132812660,0.0,0.8111046,0.0,0.0,-0.5849011,0.0,0.0,-0.08
9132823008,0.0,0.81270504,0.0,0.0,-0.5826753,0.0,0.0,-0.08
9132832553,0.0,0.81461567,0.0,0.0,-0.5800011,0.0,0.0,-0.08
9132852367,0.0,0.81903327,0.0,0.0,-0.573746,0.0,0.0,-0.08
9132863852,0.0,0.82144237,0.0,0.0,-0.5702916,0.0,0.0,-0.08
9132872311,0.0,0.82279426,0.0,0.0,-0.56833935,0.0,0.0,-0.08
9132882960,0.0,0.82363415,0.0,0.0,-0.56712145,0.0,0.0,-0.08
9132892285,0.0,0.8235523,0.0,0.0,-0.5672403,0.0,0.0,-0.08
9132902769,0.0,0.82283205,0.0,0.0,-0.5682846,0.0,0.0,-0.08
9132912149,0.0,0.82189626,0.0,0.0,-0.5696372,0.0,0.0,-0.08
9132922684,0.0,0.8206957,0.0,0.0,-0.5713655,0.0,0.0,-0.08
9132933947,0.0,0.8194134,0.0,0.0,-0.573203,0.0,0.0,-0.08
9132942456,0.0,0.81851435,0.0,0.0,-0.5744861,0.0,0.0,-0.08
9132952895,0.0,0.81761295,0.0,0.0,-0.57576823,0.0,0.0,-0.08
9132962263,0.0,0.81718904,0.0,0.0,-0.57636976,0.0,0.0,-0.08
9132972460,0.0,0.8172318,0.0,0.0,-0.57630914,0.0,0.0,-0.08
9132983131,0.0,0.81771755,0.0,0.0,-0.5756197,0.0,0.0,-0.08
9132992148,0.0,0.81849176,0.0,0.0,-0.57451826,0.0,0.0,-0.08
9133002907,0.0,0.8199235,0.0,0.0,-0.57247305,0.0,0.0,-0.08
9133012370,0.0,0.82153314,0.0,0.0,-0.57016075,0.0,0.0,-0.08
9133022787,0.0,0.8232718,0.0,0.0,-0.5676474,0.0,0.0,-0.08
9133033126,0.0,0.8243366,0.0,0.0,-0.56609994,0.0,0.0,-0.08
9133043166,0.0,0.824417,0.0,0.0,-0.56598294,0.0,0.0,-0.08
9133052700,0.0,0.8237574,0.0,0.0,-0.5669424,0.0,0.0,-0.08
9133062122,0.0,0.82271683,0.0,0.0,-0.5684514,0.0,0.0,-0.08
9133072521,0.0,0.82141536,0.0,0.0,-0.57033044,0.0,0.0,-0.08
9133082997,0.0,0.82012403,0.0,0.0,-0.5721858,0.0,0.0,-0.08
9133092477,0.0,0.81906,0.0,0.0,-0.5737079,0.0,0.0,-0.08
9133102836,0.0,0.8180935,0.0,0.0,-0.5750852,0.0,0.0,-0.08
9133114348,0.0,0.8173344,0.0,0.0,-0.5761636,0.0,0.0,-0.08
9133122711,0.0,0.817042,0.0,0.0,-0.57657814,0.0,0.0,-0.08
9133132531,0.0,0.81697726,0.0,0.0,-0.5766699,0.0,0.0,-0.08
9133143243,0.0,0.8171179,0.0,0.0,-0.57647055,0.0,0.0,-0.08
9133153670,0.0,0.8174046,0.0,0.0,-0.57606393,0.0,0.0,-0.08
9133163418,0.0,0.81779015,0.0,0.0,-0.5755165,0.0,0.0,-0.08
9133173552,0.0,0.8182393,0.0,0.0,-0.5748778,0.0,0.0,-0.08
9133184059,0.0,0.8187056,0.0,0.0,-0.5742135,0.0,0.0,-0.08
9133192486,0.0,0.81900483,0.0,0.0,-0.5737867,0.0,0.0,-0.08
9133202916,0.0,0.8189699,0.0,0.0,-0.57383645,0.0,0.0,-0.08
9133213400,0.0,0.81832814,0.0,0.0,-0.57475126,0.0,0.0,-0.08
9133223010,0.0,0.8172971,0.0,0.0,-0.57621646,0.0,0.0,-0.08
9133232393,0.0,0.81609756,0.0,0.0,-0.5779142,0.0,0.0,-0.08
9133243206,0.0,0.81478304,0.0,0.0,-0.579766,0.0,0.0,-0.08
9133252768,0.0,0.813795,0.0,0.0,-0.58115214,0.0,0.0,-0.08
9133262244,0.0,0.81299,0.0,0.0,-0.58227766,0.0,0.0,-0.08
9133272763,0.0,0.81234187,0.0,0.0,-0.5831815,0.0,0.0,-0.08
9133283196,0.0,0.8121882,0.0,0.0,-0.5833955,0.0,0.0,-0.08
9133294698,0.0,0.8129806,0.0,0.0,-0.58229077,0.0,0.0,-0.08
9133303204,0.0,0.814386,0.0,0.0,-0.5803235,0.0,0.0,-0.08
9133313253,0.0,0.81669474,0.0,0.0,-0.57706994,0.0,0.0,-0.08
9133323657,0.0,0.81909066,0.0,0.0,-0.57366407,0.0,0.0,-0.08
9133333095,0.0,0.8208958,0.0,0.0,-0.571078,0.0,0.0,-0.08
9133342686,0.0,0.82227486,0.0,0.0,-0.5690905,0.0,0.0,-0.08
9133353101,0.0,0.823254,0.0,0.0,-0.56767327,0.0,0.0,-0.08
9133364531,0.0,0.8238153,0.0,0.0,-0.5668583,0.0,0.0,-0.08
9133372947,0.0,0.8240036,0.0,0.0,-0.56658465,0.0,0.0,-0.08
9133383401,0.0,0.82408756,0.0,0.0,-0.56646246,0.0,0.0,-0.08
9133393987,0.0,0.8241292,0.0,0.0,-0.56640184,0.0,0.0,-0.08
9133403478,0.0,0.824136,0.0,0.0,-0.56639194,0.0,0.0,-0.08
9133412891,0.0,0.82376176,0.0,0.0,-0.5669361,0.0,0.0,-0.08
9133423312,0.0,0.8226371,0.0,0.0,-0.56856686,0.0,0.0,-0.08
9133434807,0.0,0.82107073,0.0,0.0,-0.5708265,0.0,0.0,-0.08
9133443265,0.0,0.8201345,0.0,0.0,-0.57217073,0.0,0.0,-0.08
9133453953,0.0,0.8194124,0.0,0.0,-0.5732044,0.0,0.0,-0.08
9133463363,0.0,0.8191364,0.0,0.0,-0.57359886,0.0,0.0,-0.08
9133474380,0.0,0.8191431,0.0,0.0,-0.5735892,0.0,0.0,-0.08
9133483868,0.0,0.81940216,0.0,0.0,-0.57321906,0.0,0.0,-0.08
9133493694,0.0,0.82005876,0.0,0.0,-0.57227933,0.0,0.0,-0.08
9133505183,0.0,0.82126194,0.0,0.0,-0.57055134,0.0,0.0,-0.08
9133512689,0.0,0.82204455,0.0,0.0,-0.56942314,0.0,0.0,-0.08
9133523339,0.0,0.8227432,0.0,0.0,-0.56841326,0.0,0.0,-0.08
9133533962,0.0,0.82311517,0.0,0.0,-0.5678745,0.0,0.0,-0.08
9133544648,0.0,0.82357633,0.0,0.0,-0.5672055,0.0,0.0,-0.08
9133553092,0.0,0.8240966,0.0,0.0,-0.5664492,0.0,0.0,-0.08
9133563817,0.0,0.82477754,0.0,0.0,-0.5654573,0.0,0.0,-0.08
9133573188,0.0,0.8251555,0.0,0.0,-0.56490564,0.0,0.0,-0.08
9133583661,0.0,0.8249762,0.0,0.0,-0.5651675,0.0,0.0,-0.08
9133593135,0.0,0.82411546,0.0,0.0,-0.56642187,0.0,0.0,-0.08
9133603548,0.0,0.8225149,0.0,0.0,-0.5687436,0.0,0.0,-0.08
9133615085,0.0,0.820388,0.0,0.0,-0.5718072,0.0,0.0,-0.08
9133623500,0.0,0.8189503,0.0,0.0,-0.5738644,0.0,0.0,-0.08
9133633997,0.0,0.81771994,0.0,0.0,-0.5756163,0.0,0.0,-0.08
9133643546,0.0,0.81723607,0.0,0.0,-0.57630306,0.0,0.0,-0.08
9133654054,0.0,0.8171791,0.0,0.0,-0.5763838,0.0,0.0,-0.08
9133663637,0.0,0.8173297,0.0,0.0,-0.5761702,0.0,0.0,-0.08
9133673910,0.0,0.81782293,0.0,0.0,-0.57547,0.0,0.0,-0.08
9133685368,0.0,0.8190638,0.0,0.0,-0.5737025,0.0,0.0,-0.08
9133693785,0.0,0.82046676,0.0,0.0,-0.5716942,0.0,0.0,-0.08
9133703232,0.0,0.82232887,0.0,0.0,-0.56901246,0.0,0.0,-0.08
9133713667,0.0,0.8244072,0.0,0.0,-0.5659971,0.0,0.0,-0.08
9133724247,0.0,0.8262175,0.0,0.0,-0.5633513,0.0,0.0,-0.08
9133733904,0.0,0.8272918,0.0,0.0,-0.56177247,0.0,0.0,-0.08
9133744316,0.0,0.8276273,0.0,0.0,-0.5612781,0.0,0.0,-0.08
9133754780,0.0,0.82737917,0.0,0.0,-0.5616438,0.0,0.0,-0.08
9133763213,0.0,0.82706845,0.0,0.0,-0.5621012,0.0,0.0,-0.08
9133773737,0.0,0.8269162,0.0,0.0,-0.5623251,0.0,0.0,-0.08
9133784130,0.0,0.82717425,0.0,0.0,-0.5619455,0.0,0.0,-0.08
9133793604,0.0,0.82785857,0.0,0.0,-0.56093687,0.0,0.0,-0.08
9133804129,0.0,0.82910293,0.0,0.0,-0.55909604,0.0,0.0,-0.08
9133814775,0.0,0.8305995,0.0,0.0,-0.5568702,0.0,0.0,-0.08
9133823286,0.0,0.83171546,0.0,0.0,-0.5552021,0.0,0.0,-0.08
9133833731,0.0,0.83282936,0.0,0.0,-0.55352986,0.0,0.0,-0.08
9133844219,0.0,0.83366436,0.0,0.0,-0.5522715,0.0,0.0,-0.08
9133854653,0.0,0.8342201,0.0,0.0,-0.5514316,0.0,0.0,-0.08
9133865136,0.0,0.83437943,0.0,0.0,-0.5511905,0.0,0.0,-0.08
9133873491,0.0,0.8341044,0.0,0.0,-0.5516066,0.0,0.0,-0.08
9133884110,0.0,0.83361834,0.0,0.0,-0.55234087,0.0,0.0,-0.08
9133894481,0.0,0.8333072,0.0,0.0,-0.5528102,0.0,0.0,-0.08
9133903959,0.0,0.83314705,0.0,0.0,-0.55305153,0.0,0.0,-0.08
9133914400,0.0,0.8328807,0.0,0.0,-0.5534526,0.0,0.0,-0.08
9133924779,0.0,0.8322637,0.0,0.0,-0.55437994,0.0,0.0,-0.08
9133935298,0.0,0.83111537,0.0,0.0,-0.5561,0.0,0.0,-0.08
9133943731,0.0,0.8298532,0.0,0.0,-0.55798185,0.0,0.0,-0.08
9133954213,0.0,0.82833475,0.0,0.0,-0.56023353,0.0,0.0,-0.08
9133964646,0.0,0.82743,0.0,0.0,-0.56156886,0.0,0.0,-0.08
9133974210,0.0,0.827393,0.0,0.0,-0.56162333,0.0,0.0,-0.08
9133983734,0.0,0.828117,0.0,0.0,-0.5605553,0.0,0.0,-0.08
9133994182,0.0,0.8295031,0.0,0.0,-0.5585021,0.0,0.0,-0.08
9134005677,0.0,0.8311536,0.0,0.0,-0.55604297,0.0,0.0,-0.08
9134014089,0.0,0.8319929,0.0,0.0,-0.55478626,0.0,0.0,-0.08
9134024565,0.0,0.8323279,0.0,0.0,-0.55428356,0.0,0.0,-0.08
9134033944,0.0,0.8319632,0.0,0.0,-0.55483085,0.0,0.0,-0.08
9134044529,0.0,0.8308171,0.0,0.0,-0.55654556,0.0,0.0,-0.08
9134053990,0.0,0.8292876,0.0,0.0,-0.55882204,0.0,0.0,-0.08
9134064441,0.0,0.8274152,0.0,0.0,-0.5615906,0.0,0.0,-0.08
9134076104,0.0,0.8256787,0.0,0.0,-0.5641406,0.0,0.0,-0.08
9134084469,0.0,0.8249313,0.0,0.0,-0.565233,0.0,0.0,-0.08
9134094883,0.0,0.8245112,0.0,0.0,-0.5658457,0.0,0.0,-0.08
9134104286,0.0,0.8243034,0.0,0.0,-0.56614834,0.0,0.0,-0.08
9134114734,0.0,0.82412755,0.0,0.0,-0.5664042,0.0,0.0,-0.08
9134124226,0.0,0.82409364,0.0,0.0,-0.5664536,0.0,0.0,-0.08
9134134662,0.0,0.82429224,0.0,0.0,-0.56616455,0.0,0.0,-0.08
9134144200,0.0,0.8247521,0.0,0.0,-0.5654944,0.0,0.0,-0.08
9134154718,0.0,0.82549727,0.0,0.0,-0.56440616,0.0,0.0,-0.08
9134164900,0.0,0.8260683,0.0,0.0,-0.5635701,0.0,0.0,-0.08
9134174191,0.0,0.8261875,0.0,0.0,-0.56339526,0.0,0.0,-0.08
9134185792,0.0,0.82581383,0.0,0.0,-0.56394285,0.0,0.0,-0.08
9134194185,0.0,0.82524014,0.0,0.0,-0.564782,0.0,0.0,-0.08
9134204761,0.0,0.82418114,0.0,0.0,-0.5663263,0.0,0.0,-0.08
9134215197,0.0,0.823038,0.0,0.0,-0.5679863,0.0,0.0,-0.08
9134224630,0.0,0.8222832,0.0,0.0,-0.56907845,0.0,0.0,-0.08
9134234105,0.0,0.8219651,0.0,0.0,-0.5695379,0.0,0.0,-0.08
9134244953,0.0,0.8220683,0.0,0.0,-0.5693889,0.0,0.0,-0.08
9134255508,0.0,0.8225851,0.0,0.0,-0.568642,0.0,0.0,-0.08
9134264138,0.0,0.8233263,0.0,0.0,-0.5675683,0.0,0.0,-0.08
9134274688,0.0,0.82452875,0.0,0.0,-0.56582004,0.0,0.0,-0.08
9134285076,0.0,0.82579124,0.0,0.0,-0.56397593,0.0,0.0,-0.08
9134294560,0.0,0.826677,0.0,0.0,-0.5626767,0.0,0.0,-0.08
9134305075,0.0,0.8273027,0.0,0.0,-0.5617564,0.0,0.0,-0.08
9134314753,0.0,0.82762563,0.0,0.0,-0.56128055,0.0,0.0,-0.08
9134326214,0.0,0.82797074,0.0,0.0,-0.5607713,0.0,0.0,-0.08
9134334770,0.0,0.8281739,0.0,0.0,-0.56047124,0.0,0.0,-0.08
9134344270,0.0,0.82831234,0.0,0.0,-0.5602666,0.0,0.0,-0.08
9134354780,0.0,0.8285061,0.0,0.0,-0.55998,0.0,0.0,-0.08
9134364268,0.0,0.8286469,0.0,0.0,-0.55977166,0.0,0.0,-0.08
9134374735,0.0,0.8286132,0.0,0.0,-0.55982155,0.0,0.0,-0.08
9134385145,0.0,0.8283366,0.0,0.0,-0.56023073,0.0,0.0,-0.08
9134394531,0.0,0.8278926,0.0,0.0,-0.5608867,0.0,0.0,-0.08
9134405954,0.0,0.82749933,0.0,0.0,-0.5614667,0.0,0.0,-0.08
9134415662,0.0,0.8276359,0.0,0.0,-0.5612654,0.0,0.0,-0.08
9134425255,0.0,0.8284018,0.0,0.0,-0.5601343,0.0,0.0,-0.08
9134436384,0.0,0.82957846,0.0,0.0,-0.55839014,0.0,0.0,-0.08
9134444905,0.0,0.8301127,0.0,0.0,-0.5575957,0.0,0.0,-0.08
9134455147,0.0,0.82989794,0.0,0.0,-0.5579153,0.0,0.0,-0.08
9134464658,0.0,0.82895947,0.0,0.0,-0.55930865,0.0,0.0,-0.08
9134475772,0.0,0.82733935,0.0,0.0,-0.56170243,0.0,0.0,-0.08
9134485181,0.0,0.82588,0.0,0.0,-0.56384593,0.0,0.0,-0.08
9134495622,0.0,0.8244483,0.0,0.0,-0.5659373,0.0,0.0,-0.08
9134506281,0.0,0.8232735,0.0,0.0,-0.56764495,0.0,0.0,-0.08
9134515007,0.0,0.82259643,0.0,0.0,-0.56862557,0.0,0.0,-0.08
9134524536,0.0,0.82211775,0.0,0.0,-0.56931746,0.0,0.0,-0.08
9134535226,0.0,0.821672,0.0,0.0,-0.56996065,0.0,0.0,-0.08
9134545050,0.0,0.8213529,0.0,0.0,-0.57042044,0.0,0.0,-0.08
9134554544,0.0,0.8213673,0.0,0.0,-0.5703996,0.0,0.0,-0.08
9134565180,0.0,0.8219772,0.0,0.0,-0.56952035,0.0,0.0,-0.08
9134576737,0.0,0.82291234,0.0,0.0,-0.5681684,0.0,0.0,-0.08
9134585244,0.0,0.82362163,0.0,0.0,-0.5671397,0.0,0.0,-0.08
9134594673,0.0,0.82424915,0.0,0.0,-0.5662273,0.0,0.0,-0.08
9134605051,0.0,0.82467955,0.0,0.0,-0.5656002,0.0,0.0,-0.08
9134615529,0.0,0.8248573,0.0,0.0,-0.56534106,0.0,0.0,-0.08
9134624960,0.0,0.8248065,0.0,0.0,-0.5654151,0.0,0.0,-0.08
9134635523,0.0,0.824544,0.0,0.0,-0.5657978,0.0,0.0,-0.08
9134647011,0.0,0.82412416,0.0,0.0,-0.5664092,0.0,0.0,-0.08
9134654523,0.0,0.82387584,0.0,0.0,-0.5667703,0.0,0.0,-0.08
9134664966,0.0,0.8235522,0.0,0.0,-0.5672405,0.0,0.0,-0.08
9134675548,0.0,0.82297623,0.0,0.0,-0.5680758,0.0,0.0,-0.08
9134686021,0.0,0.8220637,0.0,0.0,-0.56939554,0.0,0.0,-0.08
9134695476,0.0,0.8210718,0.0,0.0,-0.5708249,0.0,0.0,-0.08
9134704886,0.0,0.820079,0.0,0.0,-0.57225025,0.0,0.0,-0.08
9134715290,0.0,0.8190806,0.0,0.0,-0.5736785,0.0,0.0,-0.08
9134724805,0.0,0.8182621,0.0,0.0,-0.5748454,0.0,0.0,-0.08
9134735277,0.0,0.8175208,0.0,0.0,-0.57589906,0.0,0.0,-0.08
9134745719,0.0,0.8169213,0.0,0.0,-0.57674915,0.0,0.0,-0.08
9134756504,0.0,0.8163199,0.0,0.0,-0.5776001,0.0,0.0,-0.08
9134764888,0.0,0.8158041,0.0,0.0,-0.5783283,0.0,0.0,-0.08
9134775404,0.0,0.8151188,0.0,0.0,-0.57929385,0.0,0.0,-0.08
9134785750,0.0,0.8144741,0.0,0.0,-0.5801999,0.0,0.0,-0.08
9134795236,0.0,0.8140859,0.0,0.0,-0.5807445,0.0,0.0,-0.08
9134805714,0.0,0.81381994,0.0,0.0,-0.5811171,0.0,0.0,-0.08
9134816137,0.0,0.81281245,0.0,0.0,-0.5825255,0.0,0.0,-0.08
9134826651,0.0,0.8111036,0.0,0.0,-0.5849025,0.0,0.0,-0.08
9134834988,0.0,0.81002355,0.0,0.0,-0.58639735,0.0,0.0,-0.08
9134845394,0.0,0.8094354,0.0,0.0,-0.58720887,0.0,0.0,-0.08
9134856026,0.0,0.8090425,0.0,0.0,-0.58775014,0.0,0.0,-0.08
9134865670,0.0,0.80847895,0.0,0.0,-0.5885251,0.0,0.0,-0.08
9134875174,0.0,0.80748093,0.0,0.0,-0.5898937,0.0,0.0,-0.08
9134885560,0.0,0.80625445,0.0,0.0,-0.59156895,0.0,0.0,-0.08
9134895913,0.0,0.80520046,0.0,0.0,-0.5930027,0.0,0.0,-0.08
9134905379,0.0,0.804613,0.0,0.0,-0.5937996,0.0,0.0,-0.08
9134915827,0.0,0.80451643,0.0,0.0,-0.59393036,0.0,0.0,-0.08
9134925640,0.0,0.80476755,0.0,0.0,-0.5935901,0.0,0.0,-0.08
9134935332,0.0,0.80515605,0.0,0.0,-0.593063,0.0,0.0,-0.08
9134945694,0.0,0.80561817,0.0,0.0,-0.5924351,0.0,0.0,-0.08
9134956070,0.0,0.8061429,0.0,0.0,-0.5917208,0.0,0.0,-0.08
9134965394,0.0,0.80683774,0.0,0.0,-0.59077305,0.0,0.0,-0.08
9134974916,0.0,0.8080896,0.0,0.0,-0.58905953,0.0,0.0,-0.08
9134985354,0.0,0.810018,0.0,0.0,-0.58640504,0.0,0.0,-0.08
9134995709,0.0,0.8122053,0.0,0.0,-0.58337164,0.0,0.0,-0.08
9135007514,0.0,0.8144684,0.0,0.0,-0.58020794,0.0,0.0,-0.08
9135015965,0.0,0.8158782,0.0,0.0,-0.5782238,0.0,0.0,-0.08
9135025336,0.0,0.81721497,0.0,0.0,-0.576333,0.0,0.0,-0.08
9135035786,0.0,0.8185135,0.0,0.0,-0.5744873,0.0,0.0,-0.08
9135045329,0.0,0.8195824,0.0,0.0,-0.5729614,0.0,0.0,-0.08
9135055755,0.0,0.820624,0.0,0.0,-0.57146853,0.0,0.0,-0.08
9135066205,0.0,0.8215036,0.0,0.0,-0.5702033,0.0,0.0,-0.08
9135076733,0.0,0.82219017,0.0,0.0,-0.5692129,0.0,0.0,-0.08
9135085124,0.0,0.8226188,0.0,0.0,-0.5685933,0.0,0.0,-0.08
9135095666,0.0,0.8231479,0.0,0.0,-0.567827,0.0,0.0,-0.08
9135106019,0.0,0.8237441,0.0,0.0,-0.56696177,0.0,0.0,-0.08
9135116601,0.0,0.82440186,0.0,0.0,-0.56600493,0.0,0.0,-0.08
9135125959,0.0,0.82478964,0.0,0.0,-0.56543964,0.0,0.0,-0.08
9135136830,0.0,0.82521623,0.0,0.0,-0.56481695,0.0,0.0,-0.08
9135147464,0.0,0.82555145,0.0,0.0,-0.5643268,0.0,0.0,-0.08
9135155921,0.0,0.82570475,0.0,0.0,-0.56410253,0.0,0.0,-0.08
9135166069,0.0,0.82585967,0.0,0.0,-0.56387573,0.0,0.0,-0.08
9135176659,0.0,0.82609785,0.0,0.0,-0.5635267,0.0,0.0,-0.08
9135186077,0.0,0.8263357,0.0,0.0,-0.56317776,0.0,0.0,-0.08
9135196242,0.0,0.8265446,0.0,0.0,-0.5628713,0.0,0.0,-0.08
9135205688,0.0,0.8267363,0.0,0.0,-0.56258965,0.0,0.0,-0.08
9135217758,0.0,0.82724476,0.0,0.0,-0.5618417,0.0,0.0,-0.08
9135226128,0.0,0.82784873,0.0,0.0,-0.56095135,0.0,0.0,-0.08
9135235569,0.0,0.8286884,0.0,0.0,-0.55971026,0.0,0.0,-0.08
9135246194,0.0,0.82984763,0.0,0.0,-0.5579901,0.0,0.0,-0.08
9135256748,0.0,0.83127993,0.0,0.0,-0.55585396,0.0,0.0,-0.08
9135265708,0.0,0.83257943,0.0,0.0,-0.5539057,0.0,0.0,-0.08
9135276190,0.0,0.83425695,0.0,0.0,-0.5513758,0.0,0.0,-0.08
9135286609,0.0,0.83599424,0.0,0.0,-0.5487382,0.0,0.0,-0.08
9135298074,0.0,0.83730346,0.0,0.0,-0.5467384,0.0,0.0,-0.08
9135307612,0.0,0.83798206,0.0,0.0,-0.54569775,0.0,0.0,-0.08
9135316037,0.0,0.83850926,0.0,0.0,-0.54488736,0.0,0.0,-0.08
9135326654,0.0,0.8390041,0.0,0.0,-0.54412514,0.0,0.0,-0.08
9135335744,0.0,0.8392332,0.0,0.0,-0.5437716,0.0,0.0,-0.08
9135346471,0.0,0.83933234,0.0,0.0,-0.5436187,0.0,0.0,-0.08
9135356846,0.0,0.83937234,0.0,0.0,-0.5435568,0.0,0.0,-0.08
9135366354,0.0,0.83947384,0.0,0.0,-0.5434001,0.0,0.0,-0.08
9135375724,0.0,0.83971745,0.0,0.0,-0.5430235,0.0,0.0,-0.08
9135387161,0.0,0.84018457,0.0,0.0,-0.5423006,0.0,0.0,-0.08
9135397734,0.0,0.8408044,0.0,0.0,-0.54133904,0.0,0.0,-0.08
9135406154,0.0,0.84135103,0.0,0.0,-0.5404891,0.0,0.0,-0.08
9135416679,0.0,0.84230477,0.0,0.0,-0.5390016,0.0,0.0,-0.08
9135427230,0.0,0.8434366,0.0,0.0,-0.5372287,0.0,0.0,-0.08
9135436977,0.0,0.8445136,0.0,0.0,-0.5355341,0.0,0.0,-0.08
9135446424,0.0,0.84543914,0.0,0.0,-0.5340718,0.0,0.0,-0.08
9135456890,0.0,0.8463091,0.0,0.0,-0.53269213,0.0,0.0,-0.08
9135468380,0.0,0.8471612,0.0,0.0,-0.53133595,0.0,0.0,-0.08
9135475784,0.0,0.84760517,0.0,0.0,-0.53062737,0.0,0.0,-0.08
9135486215,0.0,0.848018,0.0,0.0,-0.5299675,0.0,0.0,-0.08
9135496651,0.0,0.8481873,0.0,0.0,-0.5296964,0.0,0.0,-0.08
9135506240,0.0,0.8481193,0.0,0.0,-0.52980524,0.0,0.0,-0.08
9135517004,0.0,0.8477559,0.0,0.0,-0.53038657,0.0,0.0,-0.08
9135526548,0.0,0.847164,0.0,0.0,-0.53133154,0.0,0.0,-0.08
9135537184,0.0,0.8463666,0.0,0.0,-0.53260076,0.0,0.0,-0.08
9135546740,0.0,0.84589434,0.0,0.0,-0.53335047,0.0,0.0,-0.08
9135556220,0.0,0.8458838,0.0,0.0,-0.5333673,0.0,0.0,-0.08
9135566811,0.0,0.84640336,0.0,0.0,-0.5325423,0.0,0.0,-0.08
9135578155,0.0,0.84703946,0.0,0.0,-0.53153,0.0,0.0,-0.08
9135586661,0.0,0.8475436,0.0,0.0,-0.53072584,0.0,0.0,-0.08
9135596277,0.0,0.8481132,0.0,0.0,-0.5298151,0.0,0.0,-0.08
9135606595,0.0,0.84870726,0.0,0.0,-0.5288629,0.0,0.0,-0.08
9135617142,0.0,0.8493085,0.0,0.0,-0.5278968,0.0,0.0,-0.08
9135626490,0.0,0.8498582,0.0,0.0,-0.52701133,0.0,0.0,-0.08
9135636922,0.0,0.85049844,0.0,0.0,-0.52597755,0.0,0.0,-0.08
9135647620,0.0,0.8512091,0.0,0.0,-0.5248267,0.0,0.0,-0.08
9135656309,0.0,0.85182494,0.0,0.0,-0.52382654,0.0,0.0,-0.08
9135666922,0.0,0.8525456,0.0,0.0,-0.52265286,0.0,0.0,-0.08
9135677444,0.0,0.8531978,0.0,0.0,-0.52158743,0.0,0.0,-0.08
9135686956,0.0,0.85359174,0.0,0.0,-0.52094257,0.0,0.0,-0.08
9135696308,0.0,0.85399777,0.0,0.0,-0.5202767,0.0,0.0,-0.08
9135706774,0.0,0.8549854,0.0,0.0,-0.518652,0.0,0.0,-0.08
9135718392,0.0,0.8574125,0.0,0.0,-0.5146297,0.0,0.0,-0.08
9135726715,0.0,0.8605358,0.0,0.0,-0.50938994,0.0,0.0,-0.08
9135737194,0.0,0.8650602,0.0,0.0,-0.50166804,0.0,0.0,-0.08
9135747644,0.0,0.86876833,0.0,0.0,-0.4952187,0.0,0.0,-0.08
9135757104,0.0,0.87077916,0.0,0.0,-0.49167436,0.0,0.0,-0.08
9135766845,0.0,0.8717263,0.0,0.0,-0.48999313,0.0,0.0,-0.08
9135777184,0.0,0.8722545,0.0,0.0,-0.48905224,0.0,0.0,-0.08
9135788727,0.0,0.87279963,0.0,0.0,-0.48807865,0.0,0.0,-0.08
9135797090,0.0,0.87319875,0.0,0.0,-0.48736426,0.0,0.0,-0.08
9135806578,0.0,0.8736457,0.0,0.0,-0.4865626,0.0,0.0,-0.08
9135817011,0.0,0.87413347,0.0,0.0,-0.48568577,0.0,0.0,-0.08
9135827533,0.0,0.87440443,0.0,0.0,-0.48519778,0.0,0.0,-0.08
9135836877,0.0,0.8746403,0.0,0.0,-0.4847725,0.0,0.0,-0.08
9135847759,0.0,0.87495875,0.0,0.0,-0.4841974,0.0,0.0,-0.08
9135857152,0.0,0.8752288,0.0,0.0,-0.48370916,0.0,0.0,-0.08
9135866731,0.0,0.8755033,0.0,0.0,-0.48321217,0.0,0.0,-0.08
9135876851,0.0,0.87579083,0.0,0.0,-0.48269078,0.0,0.0,-0.08
9135887331,0.0,0.87608564,0.0,0.0,-0.48215556,0.0,0.0,-0.08
9135897826,0.0,0.8763805,0.0,0.0,-0.4816194,0.0,0.0,-0.08
9135907270,0.0,0.8766426,0.0,0.0,-0.48114216,0.0,0.0,-0.08
9135916677,0.0,0.87690514,0.0,0.0,-0.48066345,0.0,0.0,-0.08
9135927197,0.0,0.8771982,0.0,0.0,-0.48012847,0.0,0.0,-0.08
9135936921,0.0,0.8774377,0.0,0.0,-0.4796906,0.0,0.0,-0.08
9135947291,0.0,0.8776242,0.0,0.0,-0.47934932,0.0,0.0,-0.08
9135957696,0.0,0.8777961,0.0,0.0,-0.47903442,0.0,0.0,-0.08
9135968287,0.0,0.8779394,0.0,0.0,-0.47877178,0.0,0.0,-0.08
9135976573,0.0,0.8780493,0.0,0.0,-0.47857013,0.0,0.0,-0.08
9135987129,0.0,0.87829846,0.0,0.0,-0.47811282,0.0,0.0,-0.08
9135997463,0.0,0.8786142,0.0,0.0,-0.47753236,0.0,0.0,-0.08
9136008661,0.0,0.8790486,0.0,0.0,-0.4767322,0.0,0.0,-0.08
9136017256,0.0,0.8795474,0.0,0.0,-0.4758113,0.0,0.0,-0.08
9136027686,0.0,0.8805496,0.0,0.0,-0.47395393,0.0,0.0,-0.08
9136039316,0.0,0.88218904,0.0,0.0,-0.47089547,0.0,0.0,-0.08
9136046763,0.0,0.8835483,0.0,0.0,-0.46834004,0.0,0.0,-0.08
9136057298,0.0,0.8858079,0.0,0.0,-0.46405217,0.0,0.0,-0.08
9136067701,0.0,0.8880803,0.0,0.0,-0.4596884,0.0,0.0,-0.08
9136077338,0.0,0.8897723,0.0,0.0,-0.4564047,0.0,0.0,-0.08
9136087842,0.0,0.89074534,0.0,0.0,-0.45450276,0.0,0.0,-0.08
9136097338,0.0,0.890932,0.0,0.0,-0.45413673,0.0,0.0,-0.08
9136108171,0.0,0.89040416,0.0,0.0,-0.45517072,0.0,0.0,-0.08
9136117651,0.0,0.8891637,0.0,0.0,-0.45758924,0.0,0.0,-0.08
9136127034,0.0,0.88735646,0.0,0.0,-0.46108404,0.0,0.0,-0.08
9136137444,0.0,0.88532716,0.0,0.0,-0.46496865,0.0,0.0,-0.08
9136148131,0.0,0.88387054,0.0,0.0,-0.46773162,0.0,0.0,-0.08
9136157627,0.0,0.8833603,0.0,0.0,-0.46869448,0.0,0.0,-0.08
9136167031,0.0,0.8834564,0.0,0.0,-0.46851334,0.0,0.0,-0.08
9136177430,0.0,0.8840224,0.0,0.0,-0.46744448,0.0,0.0,-0.08
9136188607,0.0,0.88531643,0.0,0.0,-0.46498907,0.0,0.0,-0.08
9136197400,0.0,0.88687724,0.0,0.0,-0.46200514,0.0,0.0,-0.08
9136207968,0.0,0.8890071,0.0,0.0,-0.45789346,0.0,0.0,-0.08
9136219388,0.0,0.8911884,0.0,0.0,-0.45363337,0.0,0.0,-0.08
9136226936,0.0,0.89225096,0.0,0.0,-0.45153987,0.0,0.0,-0.08
9136237467,0.0,0.89291507,0.0,0.0,-0.4502251,0.0,0.0,-0.08
9136247838,0.0,0.8929515,0.0,0.0,-0.45015287,0.0,0.0,-0.08
9136258284,0.0,0.89238685,0.0,0.0,-0.45127127,0.0,0.0,-0.08
9136267683,0.0,0.890985,0.0,0.0,-0.45403272,0.0,0.0,-0.08
9136278426,0.0,0.8887732,0.0,0.0,-0.45834726,0.0,0.0,-0.08
9136288942,0.0,0.886759,0.0,0.0,-0.46223214,0.0,0.0,-0.08
9136297305,0.0,0.88573056,0.0,0.0,-0.46419972,0.0,0.0,-0.08
9136307781,0.0,0.8853767,0.0,0.0,-0.4648743,0.0,0.0,-0.08
9136318175,0.0,0.88559514,0.0,0.0,-0.464458,0.0,0.0,-0.08
9136328723,0.0,0.88601196,0.0,0.0,-0.4636624,0.0,0.0,-0.08
9136338060,0.0,0.8865888,0.0,0.0,-0.46255845,0.0,0.0,-0.08
9136347600,0.0,0.8874628,0.0,0.0,-0.4608794,0.0,0.0,-0.08
9136359735,0.0,0.8887173,0.0,0.0,-0.45845568,0.0,0.0,-0.08
9136367211,0.0,0.8893725,0.0,0.0,-0.45718327,0.0,0.0,-0.08
9136377716,0.0,0.89002115,0.0,0.0,-0.4559193,0.0,0.0,-0.08
9136388156,0.0,0.8904656,0.0,0.0,-0.4550505,0.0,0.0,-0.08
9136398712,0.0,0.8906979,0.0,0.0,-0.45459574,0.0,0.0,-0.08
9136408240,0.0,0.8907565,0.0,0.0,-0.4544809,0.0,0.0,-0.08
9136417629,0.0,0.8906786,0.0,0.0,-0.45463353,0.0,0.0,-0.08
9136428144,0.0,0.890238,0.0,0.0,-0.4554957,0.0,0.0,-0.08
9136437767,0.0,0.8897225,0.0,0.0,-0.45650175,0.0,0.0,-0.08
9136447523,0.0,0.88950926,0.0,0.0,-0.45691714,0.0,0.0,-0.08
9136457952,0.0,0.88970006,0.0,0.0,-0.4565455,0.0,0.0,-0.08
9136469577,0.0,0.89017856,0.0,0.0,-0.45561185,0.0,0.0,-0.08
9136477937,0.0,0.8906148,0.0,0.0,-0.45475844,0.0,0.0,-0.08
9136488455,0.0,0.8913493,0.0,0.0,-0.45331714,0.0,0.0,-0.08
9136498844,0.0,0.8922649,0.0,0.0,-0.4515123,0.0,0.0,-0.08
9136508587,0.0,0.8931542,0.0,0.0,-0.4497505,0.0,0.0,-0.08
9136517952,0.0,0.8938893,0.0,0.0,-0.4482877,0.0,0.0,-0.08
9136528609,0.0,0.8944566,0.0,0.0,-0.44715473,0.0,0.0,-0.08
9136539319,0.0,0.89465505,0.0,0.0,-0.44675764,0.0,0.0,-0.08
9136548149,0.0,0.894595,0.0,0.0,-0.4468778,0.0,0.0,-0.08
9136557631,0.0,0.89440596,0.0,0.0,-0.4472561,0.0,0.0,-0.08
9136568103,0.0,0.89394885,0.0,0.0,-0.44816896,0.0,0.0,-0.08
9136578539,0.0,0.8931477,0.0,0.0,-0.4497635,0.0,0.0,-0.08
9136587997,0.0,0.89235693,0.0,0.0,-0.45133036,0.0,0.0,-0.08
9136598468,0.0,0.8918173,0.0,0.0,-0.45239586,0.0,0.0,-0.08
9136610091,0.0,0.8917753,0.0,0.0,-0.45247856,0.0,0.0,-0.08
9136617440,0.0,0.8919888,0.0,0.0,-0.45205742,0.0,0.0,-0.08
9136627917,0.0,0.8925384,0.0,0.0,-0.4509714,0.0,0.0,-0.08
9136638255,0.0,0.8934199,0.0,0.0,-0.44922253,0.0,0.0,-0.08
9136647739,0.0,0.8945096,0.0,0.0,-0.44704872,0.0,0.0,-0.08
9136658177,0.0,0.8958272,0.0,0.0,-0.44440258,0.0,0.0,-0.08
9136668734,0.0,0.8970702,0.0,0.0,-0.44188794,0.0,0.0,-0.08
9136679179,0.0,0.8980639,0.0,0.0,-0.43986505,0.0,0.0,-0.08
9136688611,0.0,0.89862955,0.0,0.0,-0.43870828,0.0,0.0,-0.08
9136698163,0.0,0.8988197,0.0,0.0,-0.43831852,0.0,0.0,-0.08
9136708729,0.0,0.8987861,0.0,0.0,-0.43838736,0.0,0.0,-0.08
9136719114,0.0,0.8984924,0.0,0.0,-0.4389891,0.0,0.0,-0.08
9136728563,0.0,0.89777696,0.0,0.0,-0.44045034,0.0,0.0,-0.08
9136738011,0.0,0.8967418,0.0,0.0,-0.4425541,0.0,0.0,-0.08
9136748609,0.0,0.89572316,0.0,0.0,-0.4446122,0.0,0.0,-0.08
9136758066,0.0,0.89526385,0.0,0.0,-0.44553635,0.0,0.0,-0.08
9136768607,0.0,0.89527214,0.0,0.0,-0.44551972,0.0,0.0,-0.08
9136779203,0.0,0.89555293,0.0,0.0,-0.44495502,0.0,0.0,-0.08
9136789639,0.0,0.8959565,0.0,0.0,-0.44414178,0.0,0.0,-0.08
9136797968,0.0,0.8964475,0.0,0.0,-0.44315004,0.0,0.0,-0.08
9136808566,0.0,0.8973317,0.0,0.0,-0.44135672,0.0,0.0,-0.08
9136818917,0.0,0.8983676,0.0,0.0,-0.43924445,0.0,0.0,-0.08
9136828372,0.0,0.89939135,0.0,0.0,-0.43714437,0.0,0.0,-0.08
9136838837,0.0,0.90042263,0.0,0.0,-0.43501616,0.0,0.0,-0.08
9136849280,0.0,0.90123606,0.0,0.0,-0.43332848,0.0,0.0,-0.08
9136859874,0.0,0.9016936,0.0,0.0,-0.43237558,0.0,0.0,-0.08
9136868479,0.0,0.9017917,0.0,0.0,-0.43217093,0.0,0.0,-0.08
9136879155,0.0,0.9014305,0.0,0.0,-0.43292388,0.0,0.0,-0.08
9136888464,0.0,0.9002332,0.0,0.0,-0.43540803,0.0,0.0,-0.08
9136898935,0.0,0.89802366,0.0,0.0,-0.4399471,0.0,0.0,-0.08
9136908446,0.0,0.89585716,0.0,0.0,-0.44434214,0.0,0.0,-0.08
9136918967,0.0,0.89386827,0.0,0.0,-0.44832966,0.0,0.0,-0.08
9136930522,0.0,0.8927171,0.0,0.0,-0.45061755,0.0,0.0,-0.08
9136938915,0.0,0.8927248,0.0,0.0,-0.4506023,0.0,0.0,-0.08
9136948691,0.0,0.8933191,0.0,0.0,-0.44942296,0.0,0.0,-0.08
9136959277,0.0,0.89450186,0.0,0.0,-0.4470642,0.0,0.0,-0.08
9136969708,0.0,0.8963441,0.0,0.0,-0.443359,0.0,0.0,-0.0795166
9136979230,0.0,0.89842886,0.0,0.0,-0.43911907,0.0,0.0,-0.0789954
9136988643,0.0,0.90040576,0.0,0.0,-0.43505108,0.0,0.0,-0.0785109
9136999010,0.0,0.9022394,0.0,0.0,-0.43123555,0.0,0.0,-0.07798875
9137008561,0.0,0.90363616,0.0,0.0,-0.42830098,0.0,0.0,-0.07751625
9137018962,0.0,0.9047963,0.0,0.0,-0.42584458,0.0,0.0,-0.07701615
9137029646,0.0,0.9054616,0.0,0.0,-0.4244282,0.0,0.0,-0.07653065
9137040269,0.0,0.9055984,0.0,0.0,-0.42413625,0.0,0.0,-0.07599905
9137048688,0.0,0.9053323,0.0,0.0,-0.42470387,0.0,0.0,-0.07549295
9137059134,0.0,0.9042064,0.0,0.0,-0.42709577,0.0,0.0,-0.07499955
9137069509,0.0,0.9023693,0.0,0.0,-0.43096352,0.0,0.0,-0.0745134
9137079076,0.0,0.90073156,0.0,0.0,-0.43437618,0.0,0.0,-0.0739918
9137088545,0.0,0.8996905,0.0,0.0,-0.43652835,0.0,0.0,-0.0734828
9137098965,0.0,0.8993232,0.0,0.0,-0.43728453,0.0,0.0,-0.072995596
9137110527,0.0,0.89947444,0.0,0.0,-0.43697336,0.0,0.0,-0.07252195
9137118918,0.0,0.8998558,0.0,0.0,-0.43618754,0.0,0.0,-0.07201815
9137129437,0.0,0.9007247,0.0,0.0,-0.43439043,0.0,0.0,-0.071487494
9137139802,0.0,0.9019258,0.0,0.0,-0.431891,0.0,0.0,-0.071010895
9137149458,0.0,0.90314454,0.0,0.0,-0.42933664,0.0,0.0,-0.070477344
9137158962,0.0,0.90426004,0.0,0.0,-0.42698222,0.0,0.0,-0.06996744
9137169397,0.0,0.90526,0.0,0.0,-0.42485797,0.0,0.0,-0.06948439
9137180884,0.0,0.9059409,0.0,0.0,-0.4234042,0.0,0.0,-0.06899834
9137189250,0.0,0.9060526,0.0,0.0,-0.42316505,0.0,0.0,-0.068498634
9137198903,0.0,0.90571404,0.0,0.0,-0.4238892,0.0,0.0,-0.06797838
9137209468,0.0,0.90439487,0.0,0.0,-0.42669654,0.0,0.0,-0.06748308
9137218811,0.0,0.9020637,0.0,0.0,-0.43160293,0.0,0.0,-0.06700333
9137229382,0.0,0.8985089,0.0,0.0,-0.43895525,0.0,0.0,-0.06648623
9137239674,0.0,0.89483684,0.0,0.0,-0.44639337,0.0,0.0,-0.06603503
9137249089,0.0,0.8919199,0.0,0.0,-0.45219344,0.0,0.0,-0.06548138
9137258498,0.0,0.8898322,0.0,0.0,-0.45628798,0.0,0.0,-0.064963676
9137268968,0.0,0.8889886,0.0,0.0,-0.45792934,0.0,0.0,-0.064504825
9137280056,0.0,0.88946426,0.0,0.0,-0.45700476,0.0,0.0,-0.064022675
9137290545,0.0,0.8906969,0.0,0.0,-0.45459768,0.0,0.0,-0.06349958
9137298999,0.0,0.8922046,0.0,0.0,-0.45163146,0.0,0.0,-0.06295878
9137309504,0.0,0.89455754,0.0,0.0,-0.4469528,0.0,0.0,-0.062483676
9137319862,0.0,0.89712244,0.0,0.0,-0.44178203,0.0,0.0,-0.061996926
9137329363,0.0,0.899514,0.0,0.0,-0.43689185,0.0,0.0,-0.061472677
9137339202,0.0,0.90164757,0.0,0.0,-0.43247163,0.0,0.0,-0.060972977
9137349721,0.0,0.9033035,0.0,0.0,-0.42900202,0.0,0.0,-0.060490277
9137361195,0.0,0.9043986,0.0,0.0,-0.4266886,0.0,0.0,-0.059989326
9137368765,0.0,0.90462965,0.0,0.0,-0.4261985,0.0,0.0,-0.059480827
9137379181,0.0,0.9044938,0.0,0.0,-0.42648673,0.0,0.0,-0.058970526
9137389626,0.0,0.9040625,0.0,0.0,-0.4274002,0.0,0.0,-0.058521524
9137400126,0.0,0.9031485,0.0,0.0,-0.42932832,0.0,0.0,-0.057989575
9137409637,0.0,0.9019196,0.0,0.0,-0.431904,0.0,0.0,-0.057477824
9137419993,0.0,0.90059656,0.0,0.0,-0.43465596,0.0,0.0,-0.056941573
9137430471,0.0,0.89961624,0.0,0.0,-0.4366813,0.0,0.0,-0.05646622
9137438837,0.0,0.8991603,0.0,0.0,-0.4376193,0.0,0.0,-0.05595757
9137449663,0.0,0.8989942,0.0,0.0,-0.4379605,0.0,0.0,-0.05545332
9137460065,0.0,0.8992043,0.0,0.0,-0.43752894,0.0,0.0,-0.05501417
9137470545,0.0,0.89968157,0.0,0.0,-0.43654677,0.0,0.0,-0.05446847
9137480031,0.0,0.9003812,0.0,0.0,-0.43510187,0.0,0.0,-0.05396537
9137489378,0.0,0.9013457,0.0,0.0,-0.4331004,0.0,0.0,-0.053494573
9137500945,0.0,0.90267444,0.0,0.0,-0.4303241,0.0,0.0,-0.052947324
9137509450,0.0,0.90356183,0.0,0.0,-0.42845774,0.0,0.0,-0.052497722
9137520159,0.0,0.90446514,0.0,0.0,-0.4265475,0.0,0.0,-0.051950373
9137529828,0.0,0.9050229,0.0,0.0,-0.42536283,0.0,0.0,-0.051485874
9137541108,0.0,0.90544325,0.0,0.0,-0.4244673,0.0,0.0,-0.050955124
9137550401,0.0,0.90569866,0.0,0.0,-0.42392206,0.0,0.0,-0.050474375
9137559685,0.0,0.9059043,0.0,0.0,-0.42348242,0.0,0.0,-0.049970575
9137570130,0.0,0.9058062,0.0,0.0,-0.42369235,0.0,0.0,-0.049430624
9137579629,0.0,0.90525776,0.0,0.0,-0.42486277,0.0,0.0,-0.048972223
9137590044,0.0,0.9044669,0.0,0.0,-0.42654377,0.0,0.0,-0.048450474
9137600435,0.0,0.9039495,0.0,0.0,-0.42763928,0.0,0.0,-0.047977723
9137610923,0.0,0.9038283,0.0,0.0,-0.4278953,0.0,0.0,-0.04744502
9137620245,0.0,0.9039312,0.0,0.0,-0.4276779,0.0,0.0,-0.046934173
9137630034,0.0,0.90424097,0.0,0.0,-0.42702252,0.0,0.0,-0.046464723
9137640461,0.0,0.9048045,0.0,0.0,-0.42582712,0.0,0.0,-0.045938473
9137650097,0.0,0.9054485,0.0,0.0,-0.42445615,0.0,0.0,-0.045455072
9137659490,0.0,0.9060439,0.0,0.0,-0.42318377,0.0,0.0,-0.044943873
9137669937,0.0,0.9065896,0.0,0.0,-0.42201337,0.0,0.0,-0.044441424
9137681429,0.0,0.906985,0.0,0.0,-0.42116296,0.0,0.0,-0.043970723
9137689806,0.0,0.90708286,0.0,0.0,-0.42095208,0.0,0.0,-0.043469824
9137700379,0.0,0.9069871,0.0,0.0,-0.42115846,0.0,0.0,-0.042939425
9137710091,0.0,0.9068095,0.0,0.0,-0.4215407,0.0,0.0,-0.042456124
9137720887,0.0,0.9066285,0.0,0.0,-0.42192987,0.0,0.0,-0.041941375
9137730275,0.0,0.90631586,0.0,0.0,-0.42260098,0.0,0.0,-0.041452624
9137739739,0.0,0.9057869,0.0,0.0,-0.4237336,0.0,0.0,-0.040903125
9137751265,0.0,0.90535194,0.0,0.0,-0.42466202,0.0,0.0,-0.040432725
9137759644,0.0,0.90533555,0.0,0.0,-0.42469695,0.0,0.0,-0.040894426
9137770251,0.0,0.9055411,0.0,0.0,-0.4242585,0.0,0.0,-0.041431427
9137780742,0.0,0.90577835,0.0,0.0,-0.42375183,0.0,0.0,-0.04189218
9137790217,0.0,0.9058028,0.0,0.0,-0.4236995,0.0,0.0,-0.04243153
9137799657,0.0,0.9056538,0.0,0.0,-0.424018,0.0,0.0,-0.04294233
9137810174,0.0,0.90543646,0.0,0.0,-0.42448178,0.0,0.0,-0.04337373
9137820538,0.0,0.905368,0.0,0.0,-0.42462793,0.0,0.0,-0.04390118
9137829969,0.0,0.9055208,0.0,0.0,-0.42430192,0.0,0.0,-0.04442633
9137840425,0.0,0.9058813,0.0,0.0,-0.42353174,0.0,0.0,-0.04493563
9137850853,0.0,0.9058955,0.0,0.0,-0.42350134,0.0,0.0,-0.04540813
9137861341,0.0,0.9056101,0.0,0.0,-0.42411128,0.0,0.0,-0.04593043
9137870154,0.0,0.90557194,0.0,0.0,-0.4241927,0.0,0.0,-0.04645043
9137879957,0.0,0.9056932,0.0,0.0,-0.42393377,0.0,0.0,-0.04693078
9137890321,0.0,0.90592855,0.0,0.0,-0.42343056,0.0,0.0,-0.04742453
9137899760,0.0,0.90623903,0.0,0.0,-0.42276567,0.0,0.0,-0.04791493
9137910255,0.0,0.90661913,0.0,0.0,-0.42195,0.0,0.0,-0.04841323
9137920601,0.0,0.9069419,0.0,0.0,-0.42125574,0.0,0.0,-0.04889733
9137931248,0.0,0.90724134,0.0,0.0,-0.4206104,0.0,0.0,-0.04942123
9137939705,0.0,0.90738165,0.0,0.0,-0.4203076,0.0,0.0,-0.04993023
9137950270,0.0,0.9074777,0.0,0.0,-0.42010036,0.0,0.0,-0.05044013
9137960457,0.0,0.90750253,0.0,0.0,-0.42004666,0.0,0.0,-0.05089483
9137970893,0.0,0.9075103,0.0,0.0,-0.42002994,0.0,0.0,-0.05143278
9137980326,0.0,0.90755355,0.0,0.0,-0.41993633,0.0,0.0,-0.05192678
9137990738,0.0,0.9076899,0.0,0.0,-0.41964146,0.0,0.0,-0.05246283
9138002207,0.0,0.90796214,0.0,0.0,-0.41905224,0.0,0.0,-0.05292503
9138009735,0.0,0.90823215,0.0,0.0,-0.41846672,0.0,0.0,-0.053436182
9138020180,0.0,0.90874773,0.0,0.0,-0.41734582,0.0,0.0,-0.053955432
9138030733,0.0,0.9093309,0.0,0.0,-0.41607368,0.0,0.0,-0.054405183
9138041280,0.0,0.9098492,0.0,0.0,-0.41493905,0.0,0.0,-0.054926332
9138050717,0.0,0.91021335,0.0,0.0,-0.4141396,0.0,0.0,-0.055442132
9138061092,0.0,0.91053724,0.0,0.0,-0.413427,0.0,0.0,-0.05593163
9138071550,0.0,0.91084224,0.0,0.0,-0.41275463,0.0,0.0,-0.05645503
9138079963,0.0,0.9110202,0.0,0.0,-0.41236162,0.0,0.0,-0.056953132
9138090408,0.0,0.91115296,0.0,0.0,-0.41206837,0.0,0.0,-0.057456233
9138101060,0.0,0.9111809,0.0,0.0,-0.41200647,0.0,0.0,-0.057916082
9138110942,0.0,0.91097075,0.0,0.0,-0.41247094,0.0,0.0,-0.05843748
9138120350,0.0,0.91059554,0.0,0.0,-0.41329858,0.0,0.0,-0.058959983
9138130930,0.0,0.9101517,0.0,0.0,-0.41427508,0.0,0.0,-0.059436485
9138140398,0.0,0.9096489,0.0,0.0,-0.41537797,0.0,0.0,-0.059936434
9138150817,0.0,0.90889055,0.0,0.0,-0.41703475,0.0,0.0,-0.060465135
9138160287,0.0,0.9080436,0.0,0.0,-0.41887563,0.0,0.0,-0.060926434
9138171671,0.0,0.9069381,0.0,0.0,-0.421264,0.0,0.0,-0.061449435
9138182176,0.0,0.905945,0.0,0.0,-0.42339534,0.0,0.0,-0.061931536
9138190589,0.0,0.90526533,0.0,0.0,-0.42484665,0.0,0.0,-0.062472835
9138201027,0.0,0.9047399,0.0,0.0,-0.42596444,0.0,0.0,-0.06295443
9138210611,0.0,0.90472823,0.0,0.0,-0.4259893,0.0,0.0,-0.063449085
9138221047,0.0,0.90510356,0.0,0.0,-0.42519122,0.0,0.0,-0.06397024
9138230458,0.0,0.9056152,0.0,0.0,-0.42410028,0.0,0.0,-0.06443649
9138240933,0.0,0.9063386,0.0,0.0,-0.42255226,0.0,0.0,-0.06496099
9138252403,0.0,0.9072809,0.0,0.0,-0.420525,0.0,0.0,-0.06544079
9138260837,0.0,0.9080943,0.0,0.0,-0.41876572,0.0,0.0,-0.06594439
9138271273,0.0,0.90906733,0.0,0.0,-0.41664922,0.0,0.0,-0.06647384
9138280799,0.0,0.909702,0.0,0.0,-0.4152617,0.0,0.0,-0.06695034
9138291230,0.0,0.9101613,0.0,0.0,-0.41425398,0.0,0.0,-0.067482546
9138300674,0.0,0.9104375,0.0,0.0,-0.41364655,0.0,0.0,-0.06793395
9138311286,0.0,0.9106909,0.0,0.0,-0.41308844,0.0,0.0,-0.068423845
9138322817,0.0,0.911038,0.0,0.0,-0.41232246,0.0,0.0,-0.06895229
9138330240,0.0,0.9113766,0.0,0.0,-0.41157347,0.0,0.0,-0.06947384
9138340718,0.0,0.9120888,0.0,0.0,-0.40999272,0.0,0.0,-0.06997454
9138351532,0.0,0.9127103,0.0,0.0,-0.40860724,0.0,0.0,-0.07043059
9138360981,0.0,0.91295964,0.0,0.0,-0.40804994,0.0,0.0,-0.07095229
9138371547,0.0,0.913183,0.0,0.0,-0.4075498,0.0,0.0,-0.07148529
9138381161,0.0,0.9133687,0.0,0.0,-0.40713343,0.0,0.0,-0.07191384
9138391613,0.0,0.913566,0.0,0.0,-0.4066905,0.0,0.0,-0.072483085
9138401092,0.0,0.9137468,0.0,0.0,-0.40628415,0.0,0.0,-0.07297584
9138410624,0.0,0.91392446,0.0,0.0,-0.40588433,0.0,0.0,-0.07348818
9138421000,0.0,0.9141155,0.0,0.0,-0.40545398,0.0,0.0,-0.073964536
9138432471,0.0,0.91431713,0.0,0.0,-0.40499902,0.0,0.0,-0.07444938
9138440922,0.0,0.91445017,0.0,0.0,-0.40469855,0.0,0.0,-0.07494833
9138451436,0.0,0.91461533,0.0,0.0,-0.4043251,0.0,0.0,-0.07546883
9138462040,0.0,0.91480047,0.0,0.0,-0.4039061,0.0,0.0,-0.075965434
9138471496,0.0,0.9149745,0.0,0.0,-0.40351167,0.0,0.0,-0.076479435
9138480930,0.0,0.91515136,0.0,0.0,-0.40311036,0.0,0.0,-0.07699904
9138491396,0.0,0.91536635,0.0,0.0,-0.402622,0.0,0.0,-0.07749454
9138503064,0.0,0.91566014,0.0,0.0,-0.40195337,0.0,0.0,-0.07796619
9138510612,0.0,0.91593033,0.0,0.0,-0.40133724,0.0,0.0,-0.07846614
9138521255,0.0,0.91634774,0.0,0.0,-0.40038335,0.0,0.0,-0.07897934
9138531859,0.0,0.9166754,0.0,0.0,-0.3996326,0.0,0.0,-0.07944554
9138541715,0.0,0.9169307,0.0,0.0,-0.39904654,0.0,0.0,-0.07997779
9138551257,0.0,0.9172088,0.0,0.0,-0.3984068,0.0,0.0,-0.08
9138561696,0.0,0.91753334,0.0,0.0,-0.3976589,0.0,0.0,-0.08
9138572335,0.0,0.91781294,0.0,0.0,-0.39701313,0.0,0.0,-0.08
9138580806,0.0,0.91797584,0.0,0.0,-0.39663634,0.0,0.0,-0.08
9138591243,0.0,0.9181615,0.0,0.0,-0.39620623,0.0,0.0,-0.08
9138601683,0.0,0.91838026,0.0,0.0,-0.39569905,0.0,0.0,-0.08
9138612212,0.0,0.91861826,0.0,0.0,-0.39514616,0.0,0.0,-0.08
9138621667,0.0,0.9188239,0.0,0.0,-0.39466777,0.0,0.0,-0.08
9138631342,0.0,0.91899145,0.0,0.0,-0.3942774,0.0,0.0,-0.08
9138642831,0.0,0.9191708,0.0,0.0,-0.39385912,0.0,0.0,-0.08
9138651225,0.0,0.9192703,0.0,0.0,-0.393627,0.0,0.0,-0.08
9138661667,0.0,0.91934884,0.0,0.0,-0.39344347,0.0,0.0,-0.08
9138672152,0.0,0.9193333,0.0,0.0,-0.3934797,0.0,0.0,-0.08
9138682767,0.0,0.91907495,0.0,0.0,-0.3940828,0.0,0.0,-0.08
9138691350,0.0,0.9188056,0.0,0.0,-0.39471042,0.0,0.0,-0.08
9138700990,0.0,0.91879386,0.0,0.0,-0.39473775,0.0,0.0,-0.08
9138711593,0.0,0.9192711,0.0,0.0,-0.39362493,0.0,0.0,-0.08
9138721161,0.0,0.9200779,0.0,0.0,-0.39173537,0.0,0.0,-0.08
9138731612,0.0,0.9212933,0.0,0.0,-0.38886842,0.0,0.0,-0.08
9138742164,0.0,0.9227351,0.0,0.0,-0.38543475,0.0,0.0,-0.08
9138752733,0.0,0.9239301,0.0,0.0,-0.38256136,0.0,0.0,-0.08
9138761104,0.0,0.92447454,0.0,0.0,-0.38124385,0.0,0.0,-0.08
9138771548,0.0,0.9250768,0.0,0.0,-0.37978014,0.0,0.0,-0.08
9138781938,0.0,0.9258699,0.0,0.0,-0.37784258,0.0,0.0,-0.08
9138791561,0.0,0.9267338,0.0,0.0,-0.37571856,0.0,0.0,-0.08
9138801271,0.0,0.9275905,0.0,0.0,-0.37359852,0.0,0.0,-0.08
9138812614,0.0,0.9284961,0.0,0.0,-0.37134212,0.0,0.0,-0.08
9138823139,0.0,0.92911434,0.0,0.0,-0.36979264,0.0,0.0,-0.08
9138831493,0.0,0.92932636,0.0,0.0,-0.36925945,0.0,0.0,-0.08
9138842048,0.0,0.92931217,0.0,0.0,-0.36929518,0.0,0.0,-0.08
9138852438,0.0,0.9292107,0.0,0.0,-0.36955032,0.0,0.0,-0.08
9138861845,0.0,0.9290703,0.0,0.0,-0.36990324,0.0,0.0,-0.08
9138871289,0.0,0.9287706,0.0,0.0,-0.37065503,0.0,0.0,-0.08
9138881652,0.0,0.92829055,0.0,0.0,-0.37185577,0.0,0.0,-0.08
9138893231,0.0,0.9277344,0.0,0.0,-0.3732412,0.0,0.0,-0.08
9138901633,0.0,0.92733955,0.0,0.0,-0.374221,0.0,0.0,-0.08
9138912132,0.0,0.92686313,0.0,0.0,-0.37539935,0.0,0.0,-0.08
9138922565,0.0,0.92655057,0.0,0.0,-0.37617022,0.0,0.0,-0.08
9138933090,0.0,0.9264904,0.0,0.0,-0.37631837,0.0,0.0,-0.08
9138941605,0.0,0.9266556,0.0,0.0,-0.37591138,0.0,0.0,-0.08
9138951940,0.0,0.9270196,0.0,0.0,-0.37501293,0.0,0.0,-0.08
9138962534,0.0,0.9275836,0.0,0.0,-0.37361577,0.0,0.0,-0.08
9138972234,0.0,0.9282497,0.0,0.0,-0.3719577,0.0,0.0,-0.08
9138981680,0.0,0.9289161,0.0,0.0,-0.3702903,0.0,0.0,-0.08
9138992303,0.0,0.9295122,0.0,0.0,-0.3687913,0.0,0.0,-0.08
9139002877,0.0,0.92989427,0.0,0.0,-0.36782688,0.0,0.0,-0.08
9139012292,0.0,0.9300569,0.0,0.0,-0.36741552,0.0,0.0,-0.08
9139021756,0.0,0.9300653,0.0,0.0,-0.3673944,0.0,0.0,-0.08
9139032190,0.0,0.9299347,0.0,0.0,-0.36772475,0.0,0.0,-0.08
9139041666,0.0,0.92962563,0.0,0.0,-0.3685054,0.0,0.0,-0.08
9139052290,0.0,0.92917794,0.0,0.0,-0.3696328,0.0,0.0,-0.08
9139062758,0.0,0.92879534,0.0,0.0,-0.3705931,0.0,0.0,-0.08
9139073280,0.0,0.9285452,0.0,0.0,-0.3712194,0.0,0.0,-0.08
9139081669,0.0,0.9283666,0.0,0.0,-0.37166575,0.0,0.0,-0.08
9139092130,0.0,0.9281606,0.0,0.0,-0.37217996,0.0,0.0,-0.08
9139102502,0.0,0.9280323,0.0,0.0,-0.37249973,0.0,0.0,-0.08
9139112185,0.0,0.9280302,0.0,0.0,-0.37250492,0.0,0.0,-0.08
9139121603,0.0,0.9281508,0.0,0.0,-0.37220445,0.0,0.0,-0.08
9139132231,0.0,0.9284203,0.0,0.0,-0.3715316,0.0,0.0,-0.08
9139143842,0.0,0.92886996,0.0,0.0,-0.370406,0.0,0.0,-0.08
9139152213,0.0,0.9292739,0.0,0.0,-0.36939135,0.0,0.0,-0.08
9139162721,0.0,0.9297997,0.0,0.0,-0.36806592,0.0,0.0,-0.08
9139172757,0.0,0.930283,0.0,0.0,-0.3668426,0.0,0.0,-0.08
9139182172,0.0,0.9306941,0.0,0.0,-0.36579847,0.0,0.0,-0.08
9139191850,0.0,0.93100506,0.0,0.0,-0.36500633,0.0,0.0,-0.08
9139202322,0.0,0.93121856,0.0,0.0,-0.36446124,0.0,0.0,-0.08
9139213869,0.0,0.9312989,0.0,0.0,-0.36425582,0.0,0.0,-0.08
9139221806,0.0,0.9312925,0.0,0.0,-0.36427233,0.0,0.0,-0.08
9139232253,0.0,0.93112445,0.0,0.0,-0.36470166,0.0,0.0,-0.08
9139242804,0.0,0.93072075,0.0,0.0,-0.36573058,0.0,0.0,-0.08
9139253239,0.0,0.93010956,0.0,0.0,-0.36728218,0.0,0.0,-0.08
9139262673,0.0,0.92939395,0.0,0.0,-0.36908922,0.0,0.0,-0.08
9139272046,0.0,0.92853063,0.0,0.0,-0.37125576,0.0,0.0,-0.08
9139282686,0.0,0.9274317,0.0,0.0,-0.3739926,0.0,0.0,-0.08
9139292700,0.0,0.92653507,0.0,0.0,-0.37620834,0.0,0.0,-0.08
9139302186,0.0,0.9261263,0.0,0.0,-0.37721354,0.0,0.0,-0.08
9139312594,0.0,0.92633396,0.0,0.0,-0.3767033,0.0,0.0,-0.08
9139324109,0.0,0.9272561,0.0,0.0,-0.37442777,0.0,0.0,-0.08
9139332502,0.0,0.92824835,0.0,0.0,-0.37196103,0.0,0.0,-0.08
9139341993,0.0,0.92936957,0.0,0.0,-0.3691506,0.0,0.0,-0.08
9139352479,0.0,0.93023515,0.0,0.0,-0.36696395,0.0,0.0,-0.08
9139362956,0.0,0.9306802,0.0,0.0,-0.36583376,0.0,0.0,-0.08
9139372390,0.0,0.9308903,0.0,0.0,-0.36529875,0.0,0.0,-0.08
9139383028,0.0,0.9312935,0.0,0.0,-0.36426967,0.0,0.0,-0.08
9139394489,0.0,0.93214566,0.0,0.0,-0.36208352,0.0,0.0,-0.08
9139401863,0.0,0.93272674,0.0,0.0,-0.36058408,0.0,0.0,-0.08
9139412369,0.0,0.93326473,0.0,0.0,-0.3591892,0.0,0.0,-0.08
9139423039,0.0,0.9335154,0.0,0.0,-0.35853717,0.0,0.0,-0.08
9139432921,0.0,0.933557,0.0,0.0,-0.358429,0.0,0.0,-0.08
9139442709,0.0,0.93349224,0.0,0.0,-0.3585976,0.0,0.0,-0.08
9139452492,0.0,0.9332707,0.0,0.0,-0.35917386,0.0,0.0,-0.08
9139463941,0.0,0.93281615,0.0,0.0,-0.36035264,0.0,0.0,-0.08
9139472281,0.0,0.9325161,0.0,0.0,-0.36112842,0.0,0.0,-0.08
9139482553,0.0,0.93228024,0.0,0.0,-0.3617369,0.0,0.0,-0.08
9139493347,0.0,0.93225014,0.0,0.0,-0.36181447,0.0,0.0,-0.08
9139502896,0.0,0.93231577,0.0,0.0,-0.36164522,0.0,0.0,-0.08
9139512421,0.0,0.93248326,0.0,0.0,-0.36121327,0.0,0.0,-0.08
9139523174,0.0,0.9327738,0.0,0.0,-0.36046216,0.0,0.0,-0.08
9139532647,0.0,0.9331324,0.0,0.0,-0.3595329,0.0,0.0,-0.08
9139542582,0.0,0.93362284,0.0,0.0,-0.35825738,0.0,0.0,-0.08
9139553224,0.0,0.9342006,0.0,0.0,-0.35674825,0.0,0.0,-0.08
9139562693,0.0,0.934637,0.0,0.0,-0.35560322,0.0,0.0,-0.08
9139574173,0.0,0.93502486,0.0,0.0,-0.3545822,0.0,0.0,-0.08
9139582703,0.0,0.93522185,0.0,0.0,-0.35406235,0.0,0.0,-0.08
9139593109,0.0,0.9353318,0.0,0.0,-0.3537716,0.0,0.0,-0.08
9139603541,0.0,0.93535465,0.0,0.0,-0.35371137,0.0,0.0,-0.08
9139612996,0.0,0.93529195,0.0,0.0,-0.353877,0.0,0.0,-0.08
9139622490,0.0,0.93523306,0.0,0.0,-0.3540326,0.0,0.0,-0.08
9139632873,0.0,0.9352196,0.0,0.0,-0.35406822,0.0,0.0,-0.08
9139644466,0.0,0.9352502,0.0,0.0,-0.3539874,0.0,0.0,-0.08
9139653003,0.0,0.9352841,0.0,0.0,-0.3538979,0.0,0.0,-0.08
9139663670,0.0,0.93525016,0.0,0.0,-0.35398746,0.0,0.0,-0.08
9139672907,0.0,0.93508357,0.0,0.0,-0.35442734,0.0,0.0,-0.08
9139683398,0.0,0.93473595,0.0,0.0,-0.3553431,0.0,0.0,-0.08
9139692799,0.0,0.93436426,0.0,0.0,-0.35631922,0.0,0.0,-0.08
9139703196,0.0,0.93404335,0.0,0.0,-0.3571597,0.0,0.0,-0.08
9139714698,0.0,0.9339313,0.0,0.0,-0.35745254,0.0,0.0,-0.08
9139723129,0.0,0.9340588,0.0,0.0,-0.35711935,0.0,0.0,-0.08
9139733822,0.0,0.93447244,0.0,0.0,-0.3560354,0.0,0.0,-0.08
9139743519,0.0,0.9350442,0.0,0.0,-0.3545311,0.0,0.0,-0.08
9139753964,0.0,0.935474,0.0,0.0,-0.3533956,0.0,0.0,-0.08
9139763405,0.0,0.93576694,0.0,0.0,-0.35261908,0.0,0.0,-0.08
9139773858,0.0,0.9363469,0.0,0.0,-0.35107625,0.0,0.0,-0.08
9139784288,0.0,0.93713456,0.0,0.0,-0.34896815,0.0,0.0,-0.08
9139792667,0.0,0.9379111,0.0,0.0,-0.34687576,0.0,0.0,-0.08
9139803189,0.0,0.9389695,0.0,0.0,-0.34400052,0.0,0.0,-0.08
9139813623,0.0,0.9399368,0.0,0.0,-0.34134844,0.0,0.0,-0.08
9139823737,0.0,0.9407131,0.0,0.0,-0.33920324,0.0,0.0,-0.08
9139833617,0.0,0.94134057,0.0,0.0,-0.3374581,0.0,0.0,-0.08
9139843194,0.0,0.94180894,0.0,0.0,-0.33614865,0.0,0.0,-0.08
9139853595,0.0,0.94208294,0.0,0.0,-0.33537993,0.0,0.0,-0.08
9139862991,0.0,0.94203454,0.0,0.0,-0.33551598,0.0,0.0,-0.08
9139873480,0.0,0.9416119,0.0,0.0,-0.3367003,0.0,0.0,-0.08
9139883996,0.0,0.94090235,0.0,0.0,-0.338678,0.0,0.0,-0.08
9139894680,0.0,0.94005,0.0,0.0,-0.34103668,0.0,0.0,-0.08
9139903274,0.0,0.9393852,0.0,0.0,-0.34286362,0.0,0.0,-0.08
9139913394,0.0,0.9387289,0.0,0.0,-0.34465635,0.0,0.0,-0.08
9139923843,0.0,0.9383186,0.0,0.0,-0.34577182,0.0,0.0,-0.08
9139933125,0.0,0.93821937,0.0,0.0,-0.346041,0.0,0.0,-0.08
9139943648,0.0,0.93836325,0.0,0.0,-0.3456507,0.0,0.0,-0.08
9139954155,0.0,0.9386991,0.0,0.0,-0.34473753,0.0,0.0,-0.08
9139964610,0.0,0.939185,0.0,0.0,-0.34341154,0.0,0.0,-0.08
9139972972,0.0,0.93958384,0.0,0.0,-0.3423189,0.0,0.0,-0.08
9139983439,0.0,0.93976384,0.0,0.0,-0.34182438,0.0,0.0,-0.08
9139993958,0.0,0.93973225,0.0,0.0,-0.34191123,0.0,0.0,-0.08
9140003368,0.0,0.93977183,0.0,0.0,-0.34180245,0.0,0.0,-0.08
9140013537,0.0,0.93983364,0.0,0.0,-0.3416324,0.0,0.0,-0.08
9140023431,0.0,0.93987834,0.0,0.0,-0.3415094,0.0,0.0,-0.08
9140034979,0.0,0.9399227,0.0,0.0,-0.3413874,0.0,0.0,-0.08
9140043678,0.0,0.9399424,0.0,0.0,-0.3413331,0.0,0.0,-0.08
9140053340,0.0,0.9399302,0.0,0.0,-0.3413667,0.0,0.0,-0.08
9140063814,0.0,0.93987715,0.0,0.0,-0.34151277,0.0,0.0,-0.08
9140074007,0.0,0.9397419,0.0,0.0,-0.34188467,0.0,0.0,-0.08
9140083306,0.0,0.93938446,0.0,0.0,-0.34286568,0.0,0.0,-0.08
9140093788,0.0,0.9386944,0.0,0.0,-0.34475034,0.0,0.0,-0.08
9140103522,0.0,0.9380067,0.0,0.0,-0.34661707,0.0,0.0,-0.08
9140112966,0.0,0.93745214,0.0,0.0,-0.3481142,0.0,0.0,-0.08
9140123646,0.0,0.93701386,0.0,0.0,-0.34929213,0.0,0.0,-0.08
9140134050,0.0,0.93681586,0.0,0.0,-0.34982285,0.0,0.0,-0.08
9140144900,0.0,0.9368501,0.0,0.0,-0.34973118,0.0,0.0,-0.08
9140153330,0.0,0.93697625,0.0,0.0,-0.349393,0.0,0.0,-0.08
9140163963,0.0,0.93714017,0.0,0.0,-0.34895322,0.0,0.0,-0.08
9140174361,0.0,0.93735784,0.0,0.0,-0.348368,0.0,0.0,-0.08
9140184489,0.0,0.9376631,0.0,0.0,-0.34754568,0.0,0.0,-0.08
9140193717,0.0,0.93804723,0.0,0.0,-0.34650743,0.0,0.0,-0.08
9140204678,0.0,0.9385907,0.0,0.0,-0.34503263,0.0,0.0,-0.08
9140214740,0.0,0.93902427,0.0,0.0,-0.34385085,0.0,0.0,-0.08
9140223552,0.0,0.939293,0.0,0.0,-0.34311604,0.0,0.0,-0.08
9140234126,0.0,0.9395136,0.0,0.0,-0.34251156,0.0,0.0,-0.08
9140244958,0.0,0.93959457,0.0,0.0,-0.34228945,0.0,0.0,-0.08
9140254418,0.0,0.93952656,0.0,0.0,-0.34247604,0.0,0.0,-0.08
9140264165,0.0,0.93934745,0.0,0.0,-0.34296694,0.0,0.0,-0.08
9140274693,0.0,0.93900764,0.0,0.0,-0.34389624,0.0,0.0,-0.08
9140285256,0.0,0.938526,0.0,0.0,-0.34520864,0.0,0.0,-0.08
9140293767,0.0,0.9381494,0.0,0.0,-0.3462308,0.0,0.0,-0.08
9140303577,0.0,0.93782735,0.0,0.0,-0.34710217,0.0,0.0,-0.08
9140314048,0.0,0.93753654,0.0,0.0,-0.3478868,0.0,0.0,-0.08
9140324546,0.0,0.9371665,0.0,0.0,-0.3488824,0.0,0.0,-0.08
9140333977,0.0,0.9366517,0.0,0.0,-0.35026217,0.0,0.0,-0.08
9140344457,0.0,0.93601435,0.0,0.0,-0.35196185,0.0,0.0,-0.08
9140355879,0.0,0.9353884,0.0,0.0,-0.35362202,0.0,0.0,-0.08
9140363288,0.0,0.93512744,0.0,0.0,-0.3543115,0.0,0.0,-0.08
9140373765,0.0,0.935076,0.0,0.0,-0.35444734,0.0,0.0,-0.08
9140384396,0.0,0.935409,0.0,0.0,-0.35356745,0.0,0.0,-0.08
9140394861,0.0,0.93607765,0.0,0.0,-0.35179344,0.0,0.0,-0.08
9140404286,0.0,0.9368864,0.0,0.0,-0.34963387,0.0,0.0,-0.08
9140414681,0.0,0.9378721,0.0,0.0,-0.34698105,0.0,0.0,-0.08
9140424101,0.0,0.93870133,0.0,0.0,-0.34473148,0.0,0.0,-0.08
9140433563,0.0,0.9393222,0.0,0.0,-0.3430362,0.0,0.0,-0.08
9140444035,0.0,0.9396888,0.0,0.0,-0.34203067,0.0,0.0,-0.08
9140454423,0.0,0.9397378,0.0,0.0,-0.34189606,0.0,0.0,-0.08
9140465979,0.0,0.93946755,0.0,0.0,-0.34263787,0.0,0.0,-0.08
9140474431,0.0,0.93909746,0.0,0.0,-0.343651,0.0,0.0,-0.08
9140483866,0.0,0.93864304,0.0,0.0,-0.34489024,0.0,0.0,-0.08
9140494883,0.0,0.93815583,0.0,0.0,-0.3462133,0.0,0.0,-0.08
9140504330,0.0,0.9377933,0.0,0.0,-0.347194,0.0,0.0,-0.08
9140513674,0.0,0.93746924,0.0,0.0,-0.34806806,0.0,0.0,-0.08
9140525325,0.0,0.9371047,0.0,0.0,-0.34904844,0.0,0.0,-0.08
9140536306,0.0,0.9368065,0.0,0.0,-0.34984797,0.0,0.0,-0.08
9140543843,0.0,0.9366331,0.0,0.0,-0.35031182,0.0,0.0,-0.08
9140554391,0.0,0.9364434,0.0,0.0,-0.35081875,0.0,0.0,-0.08
9140564759,0.0,0.9363101,0.0,0.0,-0.3511742,0.0,0.0,-0.08
9140574379,0.0,0.9361888,0.0,0.0,-0.35149747,0.0,0.0,-0.08
9140583832,0.0,0.9360302,0.0,0.0,-0.35191965,0.0,0.0,-0.08
9140594666,0.0,0.9358486,0.0,0.0,-0.35240227,0.0,0.0,-0.08
9140606181,0.0,0.9356654,0.0,0.0,-0.35288835,0.0,0.0,-0.08
9140614596,0.0,0.9356255,0.0,0.0,-0.35299423,0.0,0.0,-0.08
9140624088,0.0,0.9356512,0.0,0.0,-0.35292614,0.0,0.0,-0.08
9140634611,0.0,0.9357848,0.0,0.0,-0.35257167,0.0,0.0,-0.08
9140644080,0.0,0.93599576,0.0,0.0,-0.35201126,0.0,0.0,-0.08
9140654489,0.0,0.9363118,0.0,0.0,-0.3511699,0.0,0.0,-0.08
9140664960,0.0,0.93670607,0.0,0.0,-0.35011673,0.0,0.0,-0.08
9140674360,0.0,0.93707407,0.0,0.0,-0.3491307,0.0,0.0,-0.08
9140683781,0.0,0.93737054,0.0,0.0,-0.3483339,0.0,0.0,-0.08
9140694715,0.0,0.9375909,0.0,0.0,-0.3477402,0.0,0.0,-0.08
9140705217,0.0,0.9377291,0.0,0.0,-0.34736744,0.0,0.0,-0.08
9140715761,0.0,0.93782455,0.0,0.0,-0.34710968,0.0,0.0,-0.08
9140726167,0.0,0.93785673,0.0,0.0,-0.34702262,0.0,0.0,-0.08
9140734585,0.0,0.93778735,0.0,0.0,-0.34721017,0.0,0.0,-0.08
9140745146,0.0,0.93780273,0.0,0.0,-0.34716865,0.0,0.0,-0.08
9140754534,0.0,0.9379207,0.0,0.0,-0.34684974,0.0,0.0,-0.08
9140764952,0.0,0.93817663,0.0,0.0,-0.34615698,0.0,0.0,-0.08
9140775383,0.0,0.9385922,0.0,0.0,-0.3450285,0.0,0.0,-0.08
9140785910,0.0,0.9391516,0.0,0.0,-0.3435029,0.0,0.0,-0.08
9140794266,0.0,0.93966705,0.0,0.0,-0.34209043,0.0,0.0,-0.08
9140804892,0.0,0.9403764,0.0,0.0,-0.34013554,0.0,0.0,-0.08
9140815325,0.0,0.941134,0.0,0.0,-0.33803383,0.0,0.0,-0.08
9140824804,0.0,0.9419348,0.0,0.0,-0.3357958,0.0,0.0,-0.08
9140834266,0.0,0.9426431,0.0,0.0,-0.33380222,0.0,0.0,-0.08
9140844792,0.0,0.94235826,0.0,0.0,-0.3346056,0.0,0.0,-0.08
9140856207,0.0,0.941626,0.0,0.0,-0.33666065,0.0,0.0,-0.08
9140864672,0.0,0.941103,0.0,0.0,-0.3381201,0.0,0.0,-0.08
9140875154,0.0,0.94157755,0.0,0.0,-0.3367962,0.0,0.0,-0.08
9140885685,0.0,0.94238156,0.0,0.0,-0.33453995,0.0,0.0,-0.08
9140895538,0.0,0.94310254,0.0,0.0,-0.33250204,0.0,0.0,-0.08
9140904937,0.0,0.9436633,0.0,0.0,-0.33090714,0.0,0.0,-0.08
9140915427,0.0,0.94431543,0.0,0.0,-0.3290415,0.0,0.0,-0.08
9140926848,0.0,0.9451881,0.0,0.0,-0.32652628,0.0,0.0,-0.08
9140935215,0.0,0.9460333,0.0,0.0,-0.32406938,0.0,0.0,-0.08
9140944662,0.0,0.94716567,0.0,0.0,-0.32074475,0.0,0.0,-0.08
9140955065,0.0,0.94837844,0.0,0.0,-0.3171409,0.0,0.0,-0.08
9140965567,0.0,0.9493148,0.0,0.0,-0.31432706,0.0,0.0,-0.08
9140975065,0.0,0.949729,0.0,0.0,-0.31307316,0.0,0.0,-0.08
9140984543,0.0,0.9497128,0.0,0.0,-0.3131223,0.0,0.0,-0.08
9140994935,0.0,0.9493976,0.0,0.0,-0.31407666,0.0,0.0,-0.08
9141004514,0.0,0.9490152,0.0,0.0,-0.31523025,0.0,0.0,-0.08
9141014929,0.0,0.9484455,0.0,0.0,-0.3169403,0.0,0.0,-0.08
9141025348,0.0,0.94763905,0.0,0.0,-0.31934336,0.0,0.0,-0.08
9141035839,0.0,0.9467052,0.0,0.0,-0.32210127,0.0,0.0,-0.08
9141045253,0.0,0.94585645,0.0,0.0,-0.3245853,0.0,0.0,-0.08
9141054958,0.0,0.9451249,0.0,0.0,-0.32670918,0.0,0.0,-0.08
9141065363,0.0,0.94466543,0.0,0.0,-0.32803532,0.0,0.0,-0.08
9141074904,0.0,0.9444206,0.0,0.0,-0.32873973,0.0,0.0,-0.08
9141085416,0.0,0.944137,0.0,0.0,-0.32955322,0.0,0.0,-0.08
9141095781,0.0,0.9439481,0.0,0.0,-0.33009395,0.0,0.0,-0.08
9141106271,0.0,0.9438603,0.0,0.0,-0.33034495,0.0,0.0,-0.08
9141114685,0.0,0.9438299,0.0,0.0,-0.3304318,0.0,0.0,-0.08
9141125183,0.0,0.9439309,0.0,0.0,-0.33014297,0.0,0.0,-0.08
9141135661,0.0,0.94420105,0.0,0.0,-0.3293696,0.0,0.0,-0.08
9141145186,0.0,0.9447221,0.0,0.0,-0.3278722,0.0,0.0,-0.08
9141155697,0.0,0.9456734,0.0,0.0,-0.3251181,0.0,0.0,-0.08
9141166056,0.0,0.9468531,0.0,0.0,-0.32166636,0.0,0.0,-0.08
9141176524,0.0,0.9480221,0.0,0.0,-0.31820446,0.0,0.0,-0.08
9141184990,0.0,0.9487808,0.0,0.0,-0.31593522,0.0,0.0,-0.08
9141195284,0.0,0.94943255,0.0,0.0,-0.31397104,0.0,0.0,-0.08
9141205720,0.0,0.9498918,0.0,0.0,-0.31257886,0.0,0.0,-0.08
9141215177,0.0,0.9501605,0.0,0.0,-0.31176123,0.0,0.0,-0.08
9141225732,0.0,0.95035136,0.0,0.0,-0.31117898,0.0,0.0,-0.08
9141235138,0.0,0.95056564,0.0,0.0,-0.31052372,0.0,0.0,-0.08
9141245653,0.0,0.95100653,0.0,0.0,-0.30917072,0.0,0.0,-0.08
9141255047,0.0,0.951583,0.0,0.0,-0.3073918,0.0,0.0,-0.08
9141265560,0.0,0.95239186,0.0,0.0,-0.30487657,0.0,0.0,-0.08
9141276285,0.0,0.9531988,0.0,0.0,-0.3023442,0.0,0.0,-0.08
9141286119,0.0,0.95375913,0.0,0.0,-0.30057195,0.0,0.0,-0.08
9141295547,0.0,0.95423216,0.0,0.0,-0.2990668,0.0,0.0,-0.08
9141306128,0.0,0.9548171,0.0,0.0,-0.29719394,0.0,0.0,-0.08
9141315508,0.0,0.9553577,0.0,0.0,-0.29545164,0.0,0.0,-0.08
9141325056,0.0,0.95587724,0.0,0.0,-0.29376638,0.0,0.0,-0.08
9141335363,0.0,0.95638144,0.0,0.0,-0.29212078,0.0,0.0,-0.08
9141346179,0.0,0.9568159,0.0,0.0,-0.29069468,0.0,0.0,-0.08
9141356673,0.0,0.9569727,0.0,0.0,-0.2901779,0.0,0.0,-0.08
9141365051,0.0,0.95677245,0.0,0.0,-0.29083756,0.0,0.0,-0.08
9141375482,0.0,0.95606655,0.0,0.0,-0.2931497,0.0,0.0,-0.08
9141385936,0.0,0.9549247,0.0,0.0,-0.29684812,0.0,0.0,-0.08
9141395785,0.0,0.95355767,0.0,0.0,-0.30121058,0.0,0.0,-0.08
9141405175,0.0,0.952183,0.0,0.0,-0.3055282,0.0,0.0,-0.08
9141415663,0.0,0.9507955,0.0,0.0,-0.3098192,0.0,0.0,-0.08
9141427156,0.0,0.949634,0.0,0.0,-0.3133611,0.0,0.0,-0.08
9141435553,0.0,0.94919485,0.0,0.0,-0.31468904,0.0,0.0,-0.08
9141446101,0.0,0.94914806,0.0,0.0,-0.31483012,0.0,0.0,-0.08
9141456591,0.0,0.9493859,0.0,0.0,-0.31411213,0.0,0.0,-0.08
9141465945,0.0,0.9499015,0.0,0.0,-0.31254944,0.0,0.0,-0.08
9141475671,0.0,0.95085365,0.0,0.0,-0.30964077,0.0,0.0,-0.08
9141486165,0.0,0.95215386,0.0,0.0,-0.30561903,0.0,0.0,-0.08
9141497778,0.0,0.9536592,0.0,0.0,-0.30088905,0.0,0.0,-0.08
9141505290,0.0,0.9545628,0.0,0.0,-0.29800993,0.0,0.0,-0.08
9141515887,0.0,0.9556059,0.0,0.0,-0.29464787,0.0,0.0,-0.08
9141526510,0.0,0.9562477,0.0,0.0,-0.29255837,0.0,0.0,-0.08
9141537082,0.0,0.9564279,0.0,0.0,-0.29196873,0.0,0.0,-0.08
9141545739,0.0,0.9562902,0.0,0.0,-0.2924193,0.0,0.0,-0.08
9141556264,0.0,0.95582503,0.0,0.0,-0.29393634,0.0,0.0,-0.08
9141565810,0.0,0.9550083,0.0,0.0,-0.29657906,0.0,0.0,-0.08
9141575350,0.0,0.9535928,0.0,0.0,-0.30109942,0.0,0.0,-0.08
9141585802,0.0,0.95153445,0.0,0.0,-0.30754212,0.0,0.0,-0.08
9141596274,0.0,0.9494969,0.0,0.0,-0.31377628,0.0,0.0,-0.08
9141606839,0.0,0.9477025,0.0,0.0,-0.31915498,0.0,0.0,-0.08
9141615211,0.0,0.9465342,0.0,0.0,-0.3226035,0.0,0.0,-0.08
9141625674,0.0,0.94547796,0.0,0.0,-0.32568604,0.0,0.0,-0.08
9141636115,0.0,0.94488037,0.0,0.0,-0.3274157,0.0,0.0,-0.08
9141646799,0.0,0.9446577,0.0,0.0,-0.3280577,0.0,0.0,-0.08
9141656213,0.0,0.94468725,0.0,0.0,-0.32797253,0.0,0.0,-0.08
9141666676,0.0,0.9448076,0.0,0.0,-0.3276258,0.0,0.0,-0.08
9141677129,0.0,0.94493276,0.0,0.0,-0.32726452,0.0,0.0,-0.08
9141685464,0.0,0.94504565,0.0,0.0,-0.32693845,0.0,0.0,-0.08
9141695942,0.0,0.9453272,0.0,0.0,-0.32612333,0.0,0.0,-0.08
9141706333,0.0,0.94600224,0.0,0.0,-0.32416007,0.0,0.0,-0.08
9141716905,0.0,0.9471301,0.0,0.0,-0.32084978,0.0,0.0,-0.08
9141726174,0.0,0.9482608,0.0,0.0,-0.31749246,0.0,0.0,-0.08
9141736794,0.0,0.94944364,0.0,0.0,-0.3139375,0.0,0.0,-0.08
9141747286,0.0,0.95029426,0.0,0.0,-0.31135324,0.0,0.0,-0.08
9141755527,0.0,0.9505959,0.0,0.0,-0.31043106,0.0,0.0,-0.08
9141766016,0.0,0.9505933,0.0,0.0,-0.310439,0.0,0.0,-0.08
9141776453,0.0,0.9503618,0.0,0.0,-0.31114697,0.0,0.0,-0.08
9141786227,0.0,0.94990283,0.0,0.0,-0.31254536,0.0,0.0,-0.08
9141795699,0.0,0.94892037,0.0,0.0,-0.31551567,0.0,0.0,-0.08
9141806231,0.0,0.94708645,0.0,0.0,-0.3209786,0.0,0.0,-0.08
9141816895,0.0,0.94486135,0.0,0.0,-0.3274707,0.0,0.0,-0.08
9141827195,0.0,0.9428979,0.0,0.0,-0.33308193,0.0,0.0,-0.08
9141836516,0.0,0.9415759,0.0,0.0,-0.33680096,0.0,0.0,-0.08
9141846997,0.0,0.9407184,0.0,0.0,-0.3391886,0.0,0.0,-0.08
9141857534,0.0,0.9405246,0.0,0.0,-0.3397256,0.0,0.0,-0.08
9141865891,0.0,0.9407765,0.0,0.0,-0.33902737,0.0,0.0,-0.08
9141876361,0.0,0.9414379,0.0,0.0,-0.3371865,0.0,0.0,-0.08
9141886756,0.0,0.9423792,0.0,0.0,-0.33454663,0.0,0.0,-0.08
9141896259,0.0,0.94343585,0.0,0.0,-0.33155516,0.0,0.0,-0.08
9141906746,0.0,0.9446305,0.0,0.0,-0.328136,0.0,0.0,-0.08
9141916481,0.0,0.9455751,0.0,0.0,-0.325404,0.0,0.0,-0.08
9141927922,0.0,0.9463529,0.0,0.0,-0.32313493,0.0,0.0,-0.08
9141936288,0.0,0.9466698,0.0,0.0,-0.32220536,0.0,0.0,-0.08
9141946812,0.0,0.94682384,0.0,0.0,-0.3217524,0.0,0.0,-0.08
9141957185,0.0,0.94683295,0.0,0.0,-0.32172558,0.0,0.0,-0.08
9141966696,0.0,0.94678915,0.0,0.0,-0.32185453,0.0,0.0,-0.08
9141976108,0.0,0.94646025,0.0,0.0,-0.32282034,0.0,0.0,-0.08
9141986713,0.0,0.9455806,0.0,0.0,-0.325388,0.0,0.0,-0.08
9141998119,0.0,0.94468695,0.0,0.0,-0.32797348,0.0,0.0,-0.08
9142006595,0.0,0.9443867,0.0,0.0,-0.3288369,0.0,0.0,-0.08
9142017192,0.0,0.94456476,0.0,0.0,-0.32832524,0.0,0.0,-0.08
9142027436,0.0,0.9450535,0.0,0.0,-0.3269156,0.0,0.0,-0.08
9142036956,0.0,0.9457684,0.0,0.0,-0.32484174,0.0,0.0,-0.08
9142046479,0.0,0.94647336,0.0,0.0,-0.32278192,0.0,0.0,-0.08
9142056930,0.0,0.9469911,0.0,0.0,-0.32125992,0.0,0.0,-0.08
9142068776,0.0,0.9474682,0.0,0.0,-0.31984988,0.0,0.0,-0.08
9142076652,0.0,0.94802,0.0,0.0,-0.31821087,0.0,0.0,-0.08
9142086764,0.0,0.9491769,0.0,0.0,-0.31474313,0.0,0.0,-0.08
9142097196,0.0,0.9505762,0.0,0.0,-0.3104914,0.0,0.0,-0.08
9142107781,0.0,0.9518476,0.0,0.0,-0.30657148,0.0,0.0,-0.08
9142116176,0.0,0.9527295,0.0,0.0,-0.3038197,0.0,0.0,-0.08
9142126687,0.0,0.9535558,0.0,0.0,-0.30121642,0.0,0.0,-0.08
9142137100,0.0,0.953981,0.0,0.0,-0.29986718,0.0,0.0,-0.08
9142146592,0.0,0.95427114,0.0,0.0,-0.29894248,0.0,0.0,-0.08
9142157437,0.0,0.9544741,0.0,0.0,-0.2982939,0.0,0.0,-0.08
9142167307,0.0,0.95442474,0.0,0.0,-0.29845163,0.0,0.0,-0.08
9142178496,0.0,0.95407504,0.0,0.0,-0.29956776,0.0,0.0,-0.08
9142186927,0.0,0.9537693,0.0,0.0,-0.30053955,0.0,0.0,-0.08
9142197331,0.0,0.9535056,0.0,0.0,-0.3013754,0.0,0.0,-0.08
9142206850,0.0,0.95335567,0.0,0.0,-0.3018493,0.0,0.0,-0.08
9142217341,0.0,0.9532035,0.0,0.0,-0.3023294,0.0,0.0,-0.08
9142227211,0.0,0.9531004,0.0,0.0,-0.30265445,0.0,0.0,-0.08
9142237912,0.0,0.9531433,0.0,0.0,-0.30251914,0.0,0.0,-0.08
9142248371,0.0,0.9533203,0.0,0.0,-0.3019608,0.0,0.0,-0.08
9142256760,0.0,0.9534385,0.0,0.0,-0.3015875,0.0,0.0,-0.08
9142267221,0.0,0.95361894,0.0,0.0,-0.3010165,0.0,0.0,-0.08
9142277353,0.0,0.95390517,0.0,0.0,-0.30010828,0.0,0.0,-0.08
9142287863,0.0,0.9540009,0.0,0.0,-0.2998038,0.0,0.0,-0.08
9142297350,0.0,0.9539875,0.0,0.0,-0.29984647,0.0,0.0,-0.08
9142307806,0.0,0.95400655,0.0,0.0,-0.29978567,0.0,0.0,-0.08
9142318422,0.0,0.95382726,0.0,0.0,-0.3003558,0.0,0.0,-0.08
9142326984,0.0,0.95355093,0.0,0.0,-0.3012318,0.0,0.0,-0.08
9142337412,0.0,0.95322156,0.0,0.0,-0.30227253,0.0,0.0,-0.08
9142347962,0.0,0.95293427,0.0,0.0,-0.30317697,0.0,0.0,-0.08
9142358439,0.0,0.95285946,0.0,0.0,-0.30341202,0.0,0.0,-0.08
9142366828,0.0,0.9530364,0.0,0.0,-0.3028556,0.0,0.0,-0.08
9142377730,0.0,0.9534442,0.0,0.0,-0.30156955,0.0,0.0,-0.08
9142387152,0.0,0.9537482,0.0,0.0,-0.30060655,0.0,0.0,-0.08
9142396594,0.0,0.9539249,0.0,0.0,-0.30004546,0.0,0.0,-0.08
9142407248,0.0,0.9541234,0.0,0.0,-0.29941377,0.0,0.0,-0.08
9142417608,0.0,0.9544832,0.0,0.0,-0.2982646,0.0,0.0,-0.08
9142427477,0.0,0.954877,0.0,0.0,-0.29700148,0.0,0.0,-0.08
9142437460,0.0,0.9553324,0.0,0.0,-0.29553342,0.0,0.0,-0.08
9142447054,0.0,0.9559513,0.0,0.0,-0.2935254,0.0,0.0,-0.08
9142457404,0.0,0.95661724,0.0,0.0,-0.29134768,0.0,0.0,-0.08
9142466902,0.0,0.9571271,0.0,0.0,-0.28966823,0.0,0.0,-0.08
9142477350,0.0,0.95767415,0.0,0.0,-0.28785455,0.0,0.0,-0.08
9142487983,0.0,0.9580756,0.0,0.0,-0.2865155,0.0,0.0,-0.08
9142498539,0.0,0.9582687,0.0,0.0,-0.28586903,0.0,0.0,-0.08
9142507060,0.0,0.95832336,0.0,0.0,-0.28568575,0.0,0.0,-0.08
9142517723,0.0,0.9581777,0.0,0.0,-0.28617397,0.0,0.0,-0.08
9142528339,0.0,0.9574795,0.0,0.0,-0.2885014,0.0,0.0,-0.08
9142538560,0.0,0.95628196,0.0,0.0,-0.2924462,0.0,0.0,-0.08
9142547689,0.0,0.9550192,0.0,0.0,-0.29654405,0.0,0.0,-0.08
9142558317,0.0,0.9534955,0.0,0.0,-0.30140722,0.0,0.0,-0.08
9142568760,0.0,0.9521054,0.0,0.0,-0.30576998,0.0,0.0,-0.08
9142577106,0.0,0.95135194,0.0,0.0,-0.30810624,0.0,0.0,-0.08
9142587632,0.0,0.95099455,0.0,0.0,-0.3092077,0.0,0.0,-0.08
9142598007,0.0,0.9510564,0.0,0.0,-0.30901724,0.0,0.0,-0.08
9142608715,0.0,0.95122755,0.0,0.0,-0.30849016,0.0,0.0,-0.08
9142617922,0.0,0.9513569,0.0,0.0,-0.30809104,0.0,0.0,-0.08
9142627296,0.0,0.95153743,0.0,0.0,-0.307533,0.0,0.0,-0.08
9142638776,0.0,0.95187306,0.0,0.0,-0.30649245,0.0,0.0,-0.08
9142647349,0.0,0.95225686,0.0,0.0,-0.30529806,0.0,0.0,-0.08
9142657926,0.0,0.9529575,0.0,0.0,-0.30310395,0.0,0.0,-0.08
9142668317,0.0,0.95398587,0.0,0.0,-0.29985157,0.0,0.0,-0.08
9142678757,0.0,0.95535403,0.0,0.0,-0.29546344,0.0,0.0,-0.08
9142687397,0.0,0.956548,0.0,0.0,-0.29157507,0.0,0.0,-0.08
9142700978,0.0,0.9579541,0.0,0.0,-0.2869214,0.0,0.0,-0.08
9142709316,0.0,0.95841163,0.0,0.0,-0.2853894,0.0,0.0,-0.08
9142717713,0.0,0.958714,0.0,0.0,-0.28437212,0.0,0.0,-0.08
9142728179,0.0,0.95910376,0.0,0.0,-0.28305465,0.0,0.0,-0.08
9142737670,0.0,0.95924264,0.0,0.0,-0.2825838,0.0,0.0,-0.08
9142748851,0.0,0.9587807,0.0,0.0,-0.28414708,0.0,0.0,-0.08
9142757214,0.0,0.9580543,0.0,0.0,-0.2865868,0.0,0.0,-0.08
9142767652,0.0,0.95708287,0.0,0.0,-0.2898144,0.0,0.0,-0.08
9142778084,0.0,0.95612913,0.0,0.0,-0.2929455,0.0,0.0,-0.08
9142787550,0.0,0.955289,0.0,0.0,-0.29567367,0.0,0.0,-0.08
9142798043,0.0,0.9545585,0.0,0.0,-0.29802367,0.0,0.0,-0.08
9142808729,0.0,0.9541633,0.0,0.0,-0.2992865,0.0,0.0,-0.08
9142819172,0.0,0.95409775,0.0,0.0,-0.2994955,0.0,0.0,-0.08
9142827781,0.0,0.9541855,0.0,0.0,-0.29921567,0.0,0.0,-0.08
9142838178,0.0,0.9544389,0.0,0.0,-0.29840627,0.0,0.0,-0.08
9142848674,0.0,0.95469713,0.0,0.0,-0.29757914,0.0,0.0,-0.08
9142858121,0.0,0.95509124,0.0,0.0,-0.2963118,0.0,0.0,-0.08
9142867498,0.0,0.95555454,0.0,0.0,-0.2948143,0.0,0.0,-0.08
9142877991,0.0,0.9560692,0.0,0.0,-0.2931411,0.0,0.0,-0.08
9142889491,0.0,0.9565444,0.0,0.0,-0.29158667,0.0,0.0,-0.08
9142897884,0.0,0.95676553,0.0,0.0,-0.29086027,0.0,0.0,-0.08
9142908765,0.0,0.9569387,0.0,0.0,-0.29029015,0.0,0.0,-0.08
9142918756,0.0,0.9571596,0.0,0.0,-0.28956094,0.0,0.0,-0.08
9142928205,0.0,0.957536,0.0,0.0,-0.2883138,0.0,0.0,-0.08
9142937632,0.0,0.95792407,0.0,0.0,-0.28702176,0.0,0.0,-0.08
9142948154,0.0,0.95813686,0.0,0.0,-0.28631058,0.0,0.0,-0.08
9142958580,0.0,0.95813584,0.0,0.0,-0.286314,0.0,0.0,-0.08
9142968076,0.0,0.95806193,0.0,0.0,-0.2865613,0.0,0.0,-0.08
9142978474,0.0,0.95798653,0.0,0.0,-0.2868132,0.0,0.0,-0.08
9142988903,0.0,0.957684,0.0,0.0,-0.28782174,0.0,0.0,-0.08
9142999517,0.0,0.95722055,0.0,0.0,-0.2893592,0.0,0.0,-0.08
9143007987,0.0,0.9569282,0.0,0.0,-0.2903246,0.0,0.0,-0.08
9143018441,0.0,0.9567999,0.0,0.0,-0.2907471,0.0,0.0,-0.08
9143028820,0.0,0.9569962,0.0,0.0,-0.29010046,0.0,0.0,-0.08
9143038213,0.0,0.95746845,0.0,0.0,-0.28853804,0.0,0.0,-0.08
9143047658,0.0,0.9582084,0.0,0.0,-0.2860711,0.0,0.0,-0.08
9143059114,0.0,0.9593572,0.0,0.0,-0.28219455,0.0,0.0,-0.08
9143069632,0.0,0.9603799,0.0,0.0,-0.27869418,0.0,0.0,-0.08
9143078230,0.0,0.9609659,0.0,0.0,-0.27666688,0.0,0.0,-0.08
9143087869,0.0,0.9613254,0.0,0.0,-0.27541512,0.0,0.0,-0.08
9143098268,0.0,0.96150637,0.0,0.0,-0.27478272,0.0,0.0,-0.08
9143108819,0.0,0.96159196,0.0,0.0,-0.27448294,0.0,0.0,-0.08
9143118190,0.0,0.9615698,0.0,0.0,-0.27456072,0.0,0.0,-0.08
9143128662,0.0,0.961331,0.0,0.0,-0.27539554,0.0,0.0,-0.08
9143140248,0.0,0.9608401,0.0,0.0,-0.2771034,0.0,0.0,-0.08
9143148615,0.0,0.9605557,0.0,0.0,-0.27808774,0.0,0.0,-0.08
9143158014,0.0,0.9604616,0.0,0.0,-0.27841243,0.0,0.0,-0.08
9143168646,0.0,0.96055746,0.0,0.0,-0.2780815,0.0,0.0,-0.08
9143179102,0.0,0.9607747,0.0,0.0,-0.27732998,0.0,0.0,-0.08
9143188438,0.0,0.9609846,0.0,0.0,-0.276602,0.0,0.0,-0.08
9143198882,0.0,0.9612263,0.0,0.0,-0.27576086,0.0,0.0,-0.08
9143208331,0.0,0.96147156,0.0,0.0,-0.27490437,0.0,0.0,-0.08
9143217802,0.0,0.96168965,0.0,0.0,-0.27414057,0.0,0.0,-0.08
9143228139,0.0,0.9618289,0.0,0.0,-0.27365157,0.0,0.0,-0.08
9143238377,0.0,0.96184754,0.0,0.0,-0.273586,0.0,0.0,-0.08
9143248612,0.0,0.9617693,0.0,0.0,-0.27386093,0.0,0.0,-0.08
9143258898,0.0,0.9616327,0.0,0.0,-0.27434018,0.0,0.0,-0.08
9143268270,0.0,0.96143603,0.0,0.0,-0.2750287,0.0,0.0,-0.08
9143278764,0.0,0.96106726,0.0,0.0,-0.27631444,0.0,0.0,-0.08
9143289374,0.0,0.96046793,0.0,0.0,-0.27839053,0.0,0.0,-0.08
9143298786,0.0,0.9597408,0.0,0.0,-0.2808871,0.0,0.0,-0.08
9143309211,0.0,0.9587216,0.0,0.0,-0.2843464,0.0,0.0,-0.08
9143319681,0.0,0.95744604,0.0,0.0,-0.2886123,0.0,0.0,-0.08
9143328279,0.0,0.9562672,0.0,0.0,-0.2924945,0.0,0.0,-0.08
9143338633,0.0,0.95481455,0.0,0.0,-0.29720214,0.0,0.0,-0.08
9143349090,0.0,0.95343924,0.0,0.0,-0.3015853,0.0,0.0,-0.08
9143358560,0.0,0.952466,0.0,0.0,-0.3046448,0.0,0.0,-0.08
9143368992,0.0,0.9520254,0.0,0.0,-0.30601898,0.0,0.0,-0.08
9143379351,0.0,0.95227844,0.0,0.0,-0.30523068,0.0,0.0,-0.08
9143389957,0.0,0.9527715,0.0,0.0,-0.30368823,0.0,0.0,-0.08
9143398274,0.0,0.95313215,0.0,0.0,-0.30255434,0.0,0.0,-0.08
9143408782,0.0,0.9538574,0.0,0.0,-0.3002599,0.0,0.0,-0.08
9143419533,0.0,0.9549318,0.0,0.0,-0.29682526,0.0,0.0,-0.08
9143429159,0.0,0.9561081,0.0,0.0,-0.2930142,0.0,0.0,-0.08
9143438446,0.0,0.9572802,0.0,0.0,-0.28916195,0.0,0.0,-0.08
9143448923,0.0,0.958555,0.0,0.0,-0.28490758,0.0,0.0,-0.08
9143460371,0.0,0.9599705,0.0,0.0,-0.28010118,0.0,0.0,-0.08
9143468810,0.0,0.96092355,0.0,0.0,-0.27681383,0.0,0.0,-0.08
9143479305,0.0,0.96180844,0.0,0.0,-0.27372342,0.0,0.0,-0.08
9143489685,0.0,0.96235883,0.0,0.0,-0.27178204,0.0,0.0,-0.08
9143500408,0.0,0.96258557,0.0,0.0,-0.27097788,0.0,0.0,-0.08
9143508879,0.0,0.962627,0.0,0.0,-0.27083063,0.0,0.0,-0.08
9143519604,0.0,0.9626571,0.0,0.0,-0.27072367,0.0,0.0,-0.08
9143529269,0.0,0.9625555,0.0,0.0,-0.2710847,0.0,0.0,-0.08
9143538917,0.0,0.9619746,0.0,0.0,-0.2731389,0.0,0.0,-0.08
9143549470,0.0,0.9607752,0.0,0.0,-0.2773283,0.0,0.0,-0.08
9143559843,0.0,0.95939153,0.0,0.0,-0.2820777,0.0,0.0,-0.08
9143570334,0.0,0.95805633,0.0,0.0,-0.2865799,0.0,0.0,-0.08
9143578698,0.0,0.95719486,0.0,0.0,-0.28944427,0.0,0.0,-0.08
9143589294,0.0,0.9566103,0.0,0.0,-0.29137042,0.0,0.0,-0.08
9143599731,0.0,0.95662403,0.0,0.0,-0.29132533,0.0,0.0,-0.08
9143609186,0.0,0.9569924,0.0,0.0,-0.29011294,0.0,0.0,-0.08
9143618643,0.0,0.95764554,0.0,0.0,-0.2879498,0.0,0.0,-0.08
9143629673,0.0,0.9588452,0.0,0.0,-0.28392947,0.0,0.0,-0.08
9143640312,0.0,0.96041805,0.0,0.0,-0.27856264,0.0,0.0,-0.08
9143648760,0.0,0.96179765,0.0,0.0,-0.27376142,0.0,0.0,-0.08
9143659213,0.0,0.96301055,0.0,0.0,-0.26946363,0.0,0.0,-0.08
9143669606,0.0,0.9635171,0.0,0.0,-0.26764676,0.0,0.0,-0.08
9143679334,0.0,0.9637448,0.0,0.0,-0.26682562,0.0,0.0,-0.08
9143688692,0.0,0.9639509,0.0,0.0,-0.2660802,0.0,0.0,-0.08
9143700102,0.0,0.96416306,0.0,0.0,-0.2653104,0.0,0.0,-0.08
9143710585,0.0,0.9643241,0.0,0.0,-0.26472446,0.0,0.0,-0.08
9143718970,0.0,0.9644259,0.0,0.0,-0.26435325,0.0,0.0,-0.08
9143729627,0.0,0.9645189,0.0,0.0,-0.26401377,0.0,0.0,-0.08
9143739954,0.0,0.9645302,0.0,0.0,-0.26397234,0.0,0.0,-0.08
9143749388,0.0,0.96416837,0.0,0.0,-0.26529118,0.0,0.0,-0.08
9143758777,0.0,0.96325105,0.0,0.0,-0.2686026,0.0,0.0,-0.08
9143769270,0.0,0.9620111,0.0,0.0,-0.2730104,0.0,0.0,-0.08
9143780783,0.0,0.9609243,0.0,0.0,-0.27681127,0.0,0.0,-0.08
9143789110,0.0,0.9606269,0.0,0.0,-0.2778415,0.0,0.0,-0.08
9143799515,0.0,0.9608489,0.0,0.0,-0.27707282,0.0,0.0,-0.08
9143810039,0.0,0.96147627,0.0,0.0,-0.27488798,0.0,0.0,-0.08
9143820522,0.0,0.9624488,0.0,0.0,-0.27146336,0.0,0.0,-0.08
9143828933,0.0,0.96352583,0.0,0.0,-0.26761526,0.0,0.0,-0.08
9143839532,0.0,0.9648172,0.0,0.0,-0.26292142,0.0,0.0,-0.08
9143849923,0.0,0.9656166,0.0,0.0,-0.25997043,0.0,0.0,-0.08
9143859307,0.0,0.9659757,0.0,0.0,-0.2586329,0.0,0.0,-0.08
9143869899,0.0,0.9662326,0.0,0.0,-0.25767148,0.0,0.0,-0.08
9143880249,0.0,0.9664182,0.0,0.0,-0.25697446,0.0,0.0,-0.08
9143890724,0.0,0.9665714,0.0,0.0,-0.2563976,0.0,0.0,-0.08
9143899041,0.0,0.9666621,0.0,0.0,-0.25605544,0.0,0.0,-0.08
9143909582,0.0,0.96672976,0.0,0.0,-0.25579992,0.0,0.0,-0.08
9143919945,0.0,0.96676445,0.0,0.0,-0.2556688,0.0,0.0,-0.08
9143929391,0.0,0.9667734,0.0,0.0,-0.2556348,0.0,0.0,-0.08
9143939942,0.0,0.96644217,0.0,0.0,-0.25688437,0.0,0.0,-0.08
9143950330,0.0,0.96530986,0.0,0.0,-0.261107,0.0,0.0,-0.08
9143960978,0.0,0.9635033,0.0,0.0,-0.26769635,0.0,0.0,-0.08
9143969415,0.0,0.962421,0.0,0.0,-0.2715617,0.0,0.0,-0.08
9143979930,0.0,0.96180737,0.0,0.0,-0.27372718,0.0,0.0,-0.08
9143990279,0.0,0.96171635,0.0,0.0,-0.27404675,0.0,0.0,-0.08
9143999742,0.0,0.9619191,0.0,0.0,-0.27333423,0.0,0.0,-0.08
9144010123,0.0,0.96232,0.0,0.0,-0.27191937,0.0,0.0,-0.08
9144020404,0.0,0.9628049,0.0,0.0,-0.27019757,0.0,0.0,-0.08
9144030847,0.0,0.9633519,0.0,0.0,-0.26824066,0.0,0.0,-0.08
9144039299,0.0,0.963906,0.0,0.0,-0.26624292,0.0,0.0,-0.08
9144049779,0.0,0.9648457,0.0,0.0,-0.26281688,0.0,0.0,-0.08
9144060171,0.0,0.96607465,0.0,0.0,-0.25826308,0.0,0.0,-0.08
9144070689,0.0,0.9674357,0.0,0.0,-0.25311685,0.0,0.0,-0.08
9144080172,0.0,0.96853024,0.0,0.0,-0.24889597,0.0,0.0,-0.08
9144089941,0.0,0.9695156,0.0,0.0,-0.24502963,0.0,0.0,-0.08
9144101355,0.0,0.9704159,0.0,0.0,-0.24143943,0.0,0.0,-0.08
9144109829,0.0,0.9707657,0.0,0.0,-0.24002905,0.0,0.0,-0.08
9144120371,0.0,0.97082937,0.0,0.0,-0.23977152,0.0,0.0,-0.08
9144129754,0.0,0.97058326,0.0,0.0,-0.24076562,0.0,0.0,-0.08
9144140381,0.0,0.9697295,0.0,0.0,-0.24418183,0.0,0.0,-0.08
9144149848,0.0,0.96826863,0.0,0.0,-0.24991168,0.0,0.0,-0.08
9144160218,0.0,0.96609783,0.0,0.0,-0.2581762,0.0,0.0,-0.08
9144170762,0.0,0.9637618,0.0,0.0,-0.26676428,0.0,0.0,-0.08
9144180140,0.0,0.96216375,0.0,0.0,-0.27247193,0.0,0.0,-0.08
9144189709,0.0,0.9615452,0.0,0.0,-0.2746466,0.0,0.0,-0.08
9144200087,0.0,0.9620585,0.0,0.0,-0.2728433,0.0,0.0,-0.08
9144211551,0.0,0.96334565,0.0,0.0,-0.26826313,0.0,0.0,-0.08
9144219997,0.0,0.9642142,0.0,0.0,-0.26512453,0.0,0.0,-0.08
9144230477,0.0,0.9649269,0.0,0.0,-0.26251867,0.0,0.0,-0.08
9144240912,0.0,0.96559227,0.0,0.0,-0.26006064,0.0,0.0,-0.08
9144250428,0.0,0.966252,0.0,0.0,-0.25759867,0.0,0.0,-0.08
9144259791,0.0,0.9670787,0.0,0.0,-0.25447765,0.0,0.0,-0.08
9144270546,0.0,0.96812874,0.0,0.0,-0.25045305,0.0,0.0,-0.08
9144281428,0.0,0.9691895,0.0,0.0,-0.24631609,0.0,0.0,-0.08
9144289873,0.0,0.96987414,0.0,0.0,-0.24360655,0.0,0.0,-0.08
9144300276,0.0,0.9703258,0.0,0.0,-0.2418011,0.0,0.0,-0.08
9144310875,0.0,0.9703625,0.0,0.0,-0.24165407,0.0,0.0,-0.08
9144320325,0.0,0.9701209,0.0,0.0,-0.2426219,0.0,0.0,-0.08
9144329743,0.0,0.96944726,0.0,0.0,-0.24529992,0.0,0.0,-0.08
9144340227,0.0,0.9680324,0.0,0.0,-0.2508252,0.0,0.0,-0.08
9144351743,0.0,0.9661187,0.0,0.0,-0.25809824,0.0,0.0,-0.08
9144360292,0.0,0.9648302,0.0,0.0,-0.26287386,0.0,0.0,-0.08
9144370758,0.0,0.9638418,0.0,0.0,-0.26647505,0.0,0.0,-0.08
9144380149,0.0,0.9637513,0.0,0.0,-0.26680207,0.0,0.0,-0.08
9144390730,0.0,0.9642442,0.0,0.0,-0.26501542,0.0,0.0,-0.08
9144400137,0.0,0.9647944,0.0,0.0,-0.26300532,0.0,0.0,-0.08
9144410719,0.0,0.9653099,0.0,0.0,-0.2611068,0.0,0.0,-0.08
9144420118,0.0,0.9657242,0.0,0.0,-0.25957042,0.0,0.0,-0.08
9144430387,0.0,0.9663295,0.0,0.0,-0.25730777,0.0,0.0,-0.08
9144441075,0.0,0.9672156,0.0,0.0,-0.25395668,0.0,0.0,-0.08
9144450228,0.0,0.9680548,0.0,0.0,-0.2507388,0.0,0.0,-0.08
9144461263,0.0,0.96895516,0.0,0.0,-0.24723661,0.0,0.0,-0.08
9144470696,0.0,0.9695842,0.0,0.0,-0.24475785,0.0,0.0,-0.08
9144480530,0.0,0.9700868,0.0,0.0,-0.24275817,0.0,0.0,-0.08
9144490919,0.0,0.9704264,0.0,0.0,-0.2413973,0.0,0.0,-0.08
9144500399,0.0,0.9705768,0.0,0.0,-0.24079171,0.0,0.0,-0.08
9144510105,0.0,0.97041595,0.0,0.0,-0.24143927,0.0,0.0,-0.08
9144520738,0.0,0.96962166,0.0,0.0,-0.24460965,0.0,0.0,-0.08
9144532141,0.0,0.9681002,0.0,0.0,-0.25056347,0.0,0.0,-0.08
9144541078,0.0,0.9668098,0.0,0.0,-0.2554972,0.0,0.0,-0.08
9144550777,0.0,0.96570796,0.0,0.0,-0.25963068,0.0,0.0,-0.08
9144561186,0.0,0.96518034,0.0,0.0,-0.26158544,0.0,0.0,-0.08
9144570780,0.0,0.96534854,0.0,0.0,-0.26096404,0.0,0.0,-0.08
9144580342,0.0,0.9658305,0.0,0.0,-0.25917447,0.0,0.0,-0.08
9144590809,0.0,0.9662819,0.0,0.0,-0.25748655,0.0,0.0,-0.08
9144602397,0.0,0.9666245,0.0,0.0,-0.25619724,0.0,0.0,-0.08
9144610947,0.0,0.96684504,0.0,0.0,-0.25536376,0.0,0.0,-0.08
9144620401,0.0,0.9670545,0.0,0.0,-0.2545695,0.0,0.0,-0.08
9144630800,0.0,0.96721256,0.0,0.0,-0.25396833,0.0,0.0,-0.08
9144641307,0.0,0.9672772,0.0,0.0,-0.25372186,0.0,0.0,-0.08
9144650721,0.0,0.9672187,0.0,0.0,-0.25394487,0.0,0.0,-0.08
9144661196,0.0,0.9670627,0.0,0.0,-0.25453824,0.0,0.0,-0.08
9144672757,0.0,0.96680295,0.0,0.0,-0.25552318,0.0,0.0,-0.08
9144681011,0.0,0.9666285,0.0,0.0,-0.25618222,0.0,0.0,-0.08
9144690721,0.0,0.9665653,0.0,0.0,-0.25642067,0.0,0.0,-0.08
9144701274,0.0,0.9666194,0.0,0.0,-0.25621665,0.0,0.0,-0.08
9144711777,0.0,0.9666787,0.0,0.0,-0.2559928,0.0,0.0,-0.08
9144721087,0.0,0.9666697,0.0,0.0,-0.25602686,0.0,0.0,-0.08
9144730484,0.0,0.9665552,0.0,0.0,-0.25645867,0.0,0.0,-0.08
9144741012,0.0,0.9663126,0.0,0.0,-0.25737137,0.0,0.0,-0.08
9144750471,0.0,0.96605957,0.0,0.0,-0.25831935,0.0,0.0,-0.08
9144760901,0.0,0.96589905,0.0,0.0,-0.25891897,0.0,0.0,-0.08
9144771364,0.0,0.9659252,0.0,0.0,-0.25882122,0.0,0.0,-0.08
9144782099,0.0,0.9659556,0.0,0.0,-0.25870776,0.0,0.0,-0.08
9144790486,0.0,0.9660042,0.0,0.0,-0.25852633,0.0,0.0,-0.08
9144800932,0.0,0.96629876,0.0,0.0,-0.25742316,0.0,0.0,-0.08
9144811394,0.0,0.9670248,0.0,0.0,-0.25468224,0.0,0.0,-0.08
9144820887,0.0,0.9679165,0.0,0.0,-0.2512721,0.0,0.0,-0.08
9144831311,0.0,0.9690429,0.0,0.0,-0.24689236,0.0,0.0,-0.08
9144841747,0.0,0.9700563,0.0,0.0,-0.24288023,0.0,0.0,-0.08
9144852204,0.0,0.9708786,0.0,0.0,-0.23957197,0.0,0.0,-0.08
9144860641,0.0,0.971421,0.0,0.0,-0.23736317,0.0,0.0,-0.08
9144871172,0.0,0.9719147,0.0,0.0,-0.2353335,0.0,0.0,-0.08
9144881661,0.0,0.9722199,0.0,0.0,-0.23406948,0.0,0.0,-0.08
9144892137,0.0,0.972432,0.0,0.0,-0.23318662,0.0,0.0,-0.08
9144901456,0.0,0.97253644,0.0,0.0,-0.23275062,0.0,0.0,-0.08
9144910898,0.0,0.97247034,0.0,0.0,-0.23302667,0.0,0.0,-0.08
9144922401,0.0,0.97225916,0.0,0.0,-0.23390615,0.0,0.0,-0.08
9144930771,0.0,0.9721422,0.0,0.0,-0.2343917,0.0,0.0,-0.08
9144941285,0.0,0.9720241,0.0,0.0,-0.2348813,0.0,0.0,-0.08
9144951863,0.0,0.9721255,0.0,0.0,-0.23446126,0.0,0.0,-0.08
9144961298,0.0,0.97230756,0.0,0.0,-0.23370501,0.0,0.0,-0.08
9144970739,0.0,0.97248065,0.0,0.0,-0.23298362,0.0,0.0,-0.08
9144981261,0.0,0.97266865,0.0,0.0,-0.2321975,0.0,0.0,-0.08
9144991846,0.0,0.97289026,0.0,0.0,-0.23126732,0.0,0.0,-0.08
9145001225,0.0,0.9730978,0.0,0.0,-0.23039237,0.0,0.0,-0.08
9145011694,0.0,0.97330564,0.0,0.0,-0.22951284,0.0,0.0,-0.08
9145022049,0.0,0.97347724,0.0,0.0,-0.22878397,0.0,0.0,-0.08
9145032593,0.0,0.97362,0.0,0.0,-0.22817548,0.0,0.0,-0.08
9145041020,0.0,0.9737086,0.0,0.0,-0.22779714,0.0,0.0,-0.08
9145051463,0.0,0.97371316,0.0,0.0,-0.22777778,0.0,0.0,-0.08
9145061901,0.0,0.97355086,0.0,0.0,-0.22847043,0.0,0.0,-0.08
9145071310,0.0,0.9733499,0.0,0.0,-0.22932483,0.0,0.0,-0.08
9145081103,0.0,0.9731077,0.0,0.0,-0.23035072,0.0,0.0,-0.08
9145091556,0.0,0.97253823,0.0,0.0,-0.23274326,0.0,0.0,-0.08
9145102897,0.0,0.9713296,0.0,0.0,-0.2377367,0.0,0.0,-0.08
9145111321,0.0,0.9701077,0.0,0.0,-0.24267477,0.0,0.0,-0.08
9145121899,0.0,0.9682781,0.0,0.0,-0.24987498,0.0,0.0,-0.08
9145131248,0.0,0.9665345,0.0,0.0,-0.25653657,0.0,0.0,-0.08
9145141811,0.0,0.96477014,0.0,0.0,-0.26309434,0.0,0.0,-0.08
9145151134,0.0,0.9636659,0.0,0.0,-0.26711047,0.0,0.0,-0.08
9145161615,0.0,0.96308386,0.0,0.0,-0.26920152,0.0,0.0,-0.08
9145173093,0.0,0.9631542,0.0,0.0,-0.26894987,0.0,0.0,-0.08
9145181633,0.0,0.9636086,0.0,0.0,-0.267317,0.0,0.0,-0.08
9145192061,0.0,0.9645481,0.0,0.0,-0.263907,0.0,0.0,-0.08
9145201572,0.0,0.96570176,0.0,0.0,-0.25965393,0.0,0.0,-0.08
9145212059,0.0,0.96712965,0.0,0.0,-0.2542837,0.0,0.0,-0.08
9145221411,0.0,0.968087,0.0,0.0,-0.25061435,0.0,0.0,-0.08
9145231850,0.0,0.9685826,0.0,0.0,-0.2486921,0.0,0.0,-0.08
9145243332,0.0,0.9687796,0.0,0.0,-0.24792337,0.0,0.0,-0.08
9145251718,0.0,0.9688865,0.0,0.0,-0.24750558,0.0,0.0,-0.08
9145262160,0.0,0.9689808,0.0,0.0,-0.24713615,0.0,0.0,-0.08
9145272587,0.0,0.9690507,0.0,0.0,-0.24686183,0.0,0.0,-0.08
9145282389,0.0,0.9691,0.0,0.0,-0.24666826,0.0,0.0,-0.08
9145291857,0.0,0.9691588,0.0,0.0,-0.24643698,0.0,0.0,-0.08
9145301222,0.0,0.9691333,0.0,0.0,-0.24653718,0.0,0.0,-0.08
9145311673,0.0,0.9686617,0.0,0.0,-0.24838363,0.0,0.0,-0.08
9145321125,0.0,0.9678745,0.0,0.0,-0.2514337,0.0,0.0,-0.08
9145331559,0.0,0.9672076,0.0,0.0,-0.25398704,0.0,0.0,-0.08
9145342022,0.0,0.9670943,0.0,0.0,-0.25441825,0.0,0.0,-0.08
9145353408,0.0,0.96744144,0.0,0.0,-0.253095,0.0,0.0,-0.08
9145361854,0.0,0.9678846,0.0,0.0,-0.25139484,0.0,0.0,-0.08
9145371373,0.0,0.9685616,0.0,0.0,-0.24877387,0.0,0.0,-0.08
9145381875,0.0,0.96936774,0.0,0.0,-0.24561384,0.0,0.0,-0.08
9145392367,0.0,0.97015965,0.0,0.0,-0.24246702,0.0,0.0,-0.08
9145401703,0.0,0.9707406,0.0,0.0,-0.2401306,0.0,0.0,-0.08
9145412637,0.0,0.9711784,0.0,0.0,-0.2383537,0.0,0.0,-0.08
9145423148,0.0,0.9713366,0.0,0.0,-0.23770817,0.0,0.0,-0.08
9145431478,0.0,0.97136134,0.0,0.0,-0.23760708,0.0,0.0,-0.08
9145442015,0.0,0.9713819,0.0,0.0,-0.23752317,0.0,0.0,-0.08
9145452969,0.0,0.97138387,0.0,0.0,-0.23751509,0.0,0.0,-0.08
9145461917,0.0,0.9713801,0.0,0.0,-0.23753034,0.0,0.0,-0.08
9145472407,0.0,0.97138304,0.0,0.0,-0.23751831,0.0,0.0,-0.08
9145481816,0.0,0.9713723,0.0,0.0,-0.2375623,0.0,0.0,-0.08
9145493293,0.0,0.9713066,0.0,0.0,-0.23783064,0.0,0.0,-0.08
9145501680,0.0,0.97116774,0.0,0.0,-0.23839729,0.0,0.0,-0.08
9145512515,0.0,0.9707338,0.0,0.0,-0.24015805,0.0,0.0,-0.08
9145522050,0.0,0.97018564,0.0,0.0,-0.24236311,0.0,0.0,-0.08
9145532802,0.0,0.9694483,0.0,0.0,-0.2452957,0.0,0.0,-0.08
9145542412,0.0,0.9688167,0.0,0.0,-0.24777843,0.0,0.0,-0.08
9145551667,0.0,0.96838784,0.0,0.0,-0.24944946,0.0,0.0,-0.08
9145562206,0.0,0.9680577,0.0,0.0,-0.25072762,0.0,0.0,-0.08
9145571572,0.0,0.9678379,0.0,0.0,-0.2515746,0.0,0.0,-0.08
9145582082,0.0,0.9676824,0.0,0.0,-0.25217196,0.0,0.0,-0.08
9145592481,0.0,0.96764433,0.0,0.0,-0.25231826,0.0,0.0,-0.08
9145602955,0.0,0.96769047,0.0,0.0,-0.2521411,0.0,0.0,-0.08
9145612362,0.0,0.96780586,0.0,0.0,-0.25169787,0.0,0.0,-0.08
9145621907,0.0,0.968044,0.0,0.0,-0.25078052,0.0,0.0,-0.08
9145632272,0.0,0.9684293,0.0,0.0,-0.24928819,0.0,0.0,-0.08
9145641875,0.0,0.9689298,0.0,0.0,-0.24733569,0.0,0.0,-0.08
9145652258,0.0,0.9697844,0.0,0.0,-0.24396364,0.0,0.0,-0.08
9145663411,0.0,0.9709605,0.0,0.0,-0.23923995,0.0,0.0,-0.08
9145672968,0.0,0.9718668,0.0,0.0,-0.23553133,0.0,0.0,-0.08
9145682273,0.0,0.9722794,0.0,0.0,-0.23382202,0.0,0.0,-0.08
9145692800,0.0,0.9723136,0.0,0.0,-0.23367995,0.0,0.0,-0.08
9145702171,0.0,0.97230184,0.0,0.0,-0.23372872,0.0,0.0,-0.08
9145712839,0.0,0.97228026,0.0,0.0,-0.23381849,0.0,0.0,-0.08
9145722257,0.0,0.97208995,0.0,0.0,-0.23460856,0.0,0.0,-0.08
9145732642,0.0,0.971525,0.0,0.0,-0.23693712,0.0,0.0,-0.08
9145743554,0.0,0.9707173,0.0,0.0,-0.24022463,0.0,0.0,-0.08
9145751968,0.0,0.9700382,0.0,0.0,-0.24295247,0.0,0.0,-0.08
9145762471,0.0,0.9688721,0.0,0.0,-0.24756196,0.0,0.0,-0.08
9145772845,0.0,0.96769977,0.0,0.0,-0.25210539,0.0,0.0,-0.08
9145783271,0.0,0.96685565,0.0,0.0,-0.2553236,0.0,0.0,-0.08
9145793040,0.0,0.9664514,0.0,0.0,-0.25684944,0.0,0.0,-0.08
9145802415,0.0,0.9664453,0.0,0.0,-0.2568724,0.0,0.0,-0.08
9145814016,0.0,0.9666801,0.0,0.0,-0.25598744,0.0,0.0,-0.08
9145822450,0.0,0.9667843,0.0,0.0,-0.25559375,0.0,0.0,-0.08
9145832869,0.0,0.9667306,0.0,0.0,-0.2557967,0.0,0.0,-0.08
9145843308,0.0,0.9664794,0.0,0.0,-0.2567442,0.0,0.0,-0.08
9145853800,0.0,0.96616113,0.0,0.0,-0.25793925,0.0,0.0,-0.08
9145864232,0.0,0.9660705,0.0,0.0,-0.2582787,0.0,0.0,-0.08
9145872754,0.0,0.96616036,0.0,0.0,-0.25794226,0.0,0.0,-0.08
9145883054,0.0,0.9662718,0.0,0.0,-0.2575244,0.0,0.0,-0.08
9145892544,0.0,0.966312,0.0,0.0,-0.25737357,0.0,0.0,-0.08
9145903044,0.0,0.96636784,0.0,0.0,-0.25716367,0.0,0.0,-0.08
9145913374,0.0,0.9666098,0.0,0.0,-0.25625297,0.0,0.0,-0.08
9145923864,0.0,0.9668755,0.0,0.0,-0.2552484,0.0,0.0,-0.08
9145932309,0.0,0.96716624,0.0,0.0,-0.25414467,0.0,0.0,-0.08
9145942785,0.0,0.9673561,0.0,0.0,-0.25342107,0.0,0.0,-0.08
9145952759,0.0,0.9674498,0.0,0.0,-0.253063,0.0,0.0,-0.08
9145963301,0.0,0.9675914,0.0,0.0,-0.25252116,0.0,0.0,-0.08
9145972871,0.0,0.96774393,0.0,0.0,-0.25193596,0.0,0.0,-0.08
9145983242,0.0,0.96791893,0.0,0.0,-0.2512628,0.0,0.0,-0.08
9145994707,0.0,0.96816945,0.0,0.0,-0.25029558,0.0,0.0,-0.08
9146002672,0.0,0.9684123,0.0,0.0,-0.24935436,0.0,0.0,-0.08
9146012789,0.0,0.9687462,0.0,0.0,-0.24805413,0.0,0.0,-0.08
9146023679,0.0,0.9689952,0.0,0.0,-0.24707942,0.0,0.0,-0.08
9146033227,0.0,0.96897435,0.0,0.0,-0.24716131,0.0,0.0,-0.08
9146042755,0.0,0.9686846,0.0,0.0,-0.24829435,0.0,0.0,-0.08
9146053044,0.0,0.9683284,0.0,0.0,-0.24968004,0.0,0.0,-0.08
9146064770,0.0,0.9679367,0.0,0.0,-0.25119424,0.0,0.0,-0.08
9146073144,0.0,0.9677549,0.0,0.0,-0.25189373,0.0,0.0,-0.08
9146082665,0.0,0.9677694,0.0,0.0,-0.2518381,0.0,0.0,-0.08
9146093121,0.0,0.96809196,0.0,0.0,-0.25059527,0.0,0.0,-0.08
9146102590,0.0,0.9684978,0.0,0.0,-0.24902208,0.0,0.0,-0.08
9146113042,0.0,0.96889716,0.0,0.0,-0.2474637,0.0,0.0,-0.08
9146123434,0.0,0.9691535,0.0,0.0,-0.24645776,0.0,0.0,-0.08
9146132898,0.0,0.9692292,0.0,0.0,-0.24616003,0.0,0.0,-0.08
9146142556,0.0,0.96919155,0.0,0.0,-0.24630815,0.0,0.0,-0.08
9146152964,0.0,0.9691227,0.0,0.0,-0.24657889,0.0,0.0,-0.08
9146163675,0.0,0.96912956,0.0,0.0,-0.24655211,0.0,0.0,-0.08
9146173963,0.0,0.9690828,0.0,0.0,-0.2467358,0.0,0.0,-0.08
9146183330,0.0,0.9690249,0.0,0.0,-0.24696302,0.0,0.0,-0.08
9146192805,0.0,0.96910745,0.0,0.0,-0.24663895,0.0,0.0,-0.08
9146203285,0.0,0.96921813,0.0,0.0,-0.24620357,0.0,0.0,-0.08
9146212759,0.0,0.9694493,0.0,0.0,-0.24529174,0.0,0.0,-0.08
9146223334,0.0,0.9696782,0.0,0.0,-0.24438518,0.0,0.0,-0.08
9146233747,0.0,0.9698562,0.0,0.0,-0.24367788,0.0,0.0,-0.08
9146244283,0.0,0.96999747,0.0,0.0,-0.24311514,0.0,0.0,-0.08
9146252635,0.0,0.97005194,0.0,0.0,-0.2428976,0.0,0.0,-0.08
9146263181,0.0,0.9700091,0.0,0.0,-0.24306872,0.0,0.0,-0.08
9146273568,0.0,0.9699574,0.0,0.0,-0.24327476,0.0,0.0,-0.08
9146282989,0.0,0.97002995,0.0,0.0,-0.24298538,0.0,0.0,-0.08
9146293526,0.0,0.9702566,0.0,0.0,-0.24207872,0.0,0.0,-0.08
9146303934,0.0,0.97061515,0.0,0.0,-0.24063715,0.0,0.0,-0.08
9146314776,0.0,0.9710696,0.0,0.0,-0.23879679,0.0,0.0,-0.08
9146323255,0.0,0.9714216,0.0,0.0,-0.23736066,0.0,0.0,-0.08
9146333669,0.0,0.97177804,0.0,0.0,-0.23589718,0.0,0.0,-0.08
9146344135,0.0,0.97197515,0.0,0.0,-0.23508352,0.0,0.0,-0.08
9146353609,0.0,0.9721418,0.0,0.0,-0.23439339,0.0,0.0,-0.08
9146363055,0.0,0.9723046,0.0,0.0,-0.23371735,0.0,0.0,-0.08
9146373579,0.0,0.9724814,0.0,0.0,-0.23298034,0.0,0.0,-0.08
9146385045,0.0,0.9726825,0.0,0.0,-0.23213957,0.0,0.0,-0.08
9146393630,0.0,0.972974,0.0,0.0,-0.23091456,0.0,0.0,-0.08
9146403234,0.0,0.9737174,0.0,0.0,-0.22775955,0.0,0.0,-0.08
9146413685,0.0,0.97508556,0.0,0.0,-0.2218292,0.0,0.0,-0.08
9146424204,0.0,0.9766895,0.0,0.0,-0.214657,0.0,0.0,-0.08
9146433614,0.0,0.97798747,0.0,0.0,-0.20866372,0.0,0.0,-0.08
9146444112,0.0,0.9791909,0.0,0.0,-0.20294137,0.0,0.0,-0.08
9146453388,0.0,0.9800315,0.0,0.0,-0.19884235,0.0,0.0,-0.08
9146462903,0.0,0.98068523,0.0,0.0,-0.19559269,0.0,0.0,-0.08
9146473731,0.0,0.9811133,0.0,0.0,-0.19343376,0.0,0.0,-0.08
9146484122,0.0,0.98116183,0.0,0.0,-0.19318748,0.0,0.0,-0.08
9146494556,0.0,0.9812746,0.0,0.0,-0.19261394,0.0,0.0,-0.08
9146503968,0.0,0.98133576,0.0,0.0,-0.19230215,0.0,0.0,-0.08
9146513679,0.0,0.98117644,0.0,0.0,-0.19311354,0.0,0.0,-0.08
9146524305,0.0,0.9808032,0.0,0.0,-0.19500023,0.0,0.0,-0.08
9146533954,0.0,0.9806101,0.0,0.0,-0.19596897,0.0,0.0,-0.08
9146543389,0.0,0.9806756,0.0,0.0,-0.19564117,0.0,0.0,-0.08
9146553725,0.0,0.9807717,0.0,0.0,-0.19515848,0.0,0.0,-0.08
9146565351,0.0,0.98088884,0.0,0.0,-0.19456896,0.0,0.0,-0.08
9146573802,0.0,0.98098004,0.0,0.0,-0.19410853,0.0,0.0,-0.08
9146583215,0.0,0.98107,0.0,0.0,-0.19365361,0.0,0.0,-0.08
9146593683,0.0,0.98108256,0.0,0.0,-0.19358969,0.0,0.0,-0.08
9146604156,0.0,0.9809529,0.0,0.0,-0.19424568,0.0,0.0,-0.08
9146613641,0.0,0.9807358,0.0,0.0,-0.19533913,0.0,0.0,-0.08
9146624079,0.0,0.9803674,0.0,0.0,-0.19717947,0.0,0.0,-0.08
9146635491,0.0,0.9802194,0.0,0.0,-0.19791375,0.0,0.0,-0.08
9146644143,0.0,0.9802805,0.0,0.0,-0.19761093,0.0,0.0,-0.08
9146653490,0.0,0.98049057,0.0,0.0,-0.19656624,0.0,0.0,-0.08
9146663950,0.0,0.9809329,0.0,0.0,-0.19434662,0.0,0.0,-0.08
9146674514,0.0,0.9815987,0.0,0.0,-0.19095571,0.0,0.0,-0.08
9146684273,0.0,0.98230904,0.0,0.0,-0.18726711,0.0,0.0,-0.08
9146693911,0.0,0.9829028,0.0,0.0,-0.18412521,0.0,0.0,-0.08
9146704448,0.0,0.98320997,0.0,0.0,-0.18247783,0.0,0.0,-0.08
9146713871,0.0,0.9831425,0.0,0.0,-0.1828411,0.0,0.0,-0.08
9146724354,0.0,0.9827383,0.0,0.0,-0.18500122,0.0,0.0,-0.08
9146733955,0.0,0.98221296,0.0,0.0,-0.18777023,0.0,0.0,-0.08
9146745430,0.0,0.9817234,0.0,0.0,-0.19031326,0.0,0.0,-0.08
9146753911,0.0,0.98166865,0.0,0.0,-0.19059554,0.0,0.0,-0.08
9146764343,0.0,0.98169243,0.0,0.0,-0.190473,0.0,0.0,-0.08
9146774771,0.0,0.9817183,0.0,0.0,-0.19033964,0.0,0.0,-0.08
9146784321,0.0,0.981739,0.0,0.0,-0.19023283,0.0,0.0,-0.08
9146793704,0.0,0.98176324,0.0,0.0,-0.19010757,0.0,0.0,-0.08
9146804197,0.0,0.98178005,0.0,0.0,-0.19002077,0.0,0.0,-0.08
9146815792,0.0,0.9817647,0.0,0.0,-0.19010027,0.0,0.0,-0.08
9146824229,0.0,0.9816876,0.0,0.0,-0.19049798,0.0,0.0,-0.08
9146833731,0.0,0.98143375,0.0,0.0,-0.19180131,0.0,0.0,-0.08
9146844231,0.0,0.9809111,0.0,0.0,-0.19445692,0.0,0.0,-0.08
9146854687,0.0,0.9804766,0.0,0.0,-0.19663559,0.0,0.0,-0.08
9146864122,0.0,0.9807032,0.0,0.0,-0.19550274,0.0,0.0,-0.08
9146874583,0.0,0.9817865,0.0,0.0,-0.18998751,0.0,0.0,-0.08
9146886057,0.0,0.9832231,0.0,0.0,-0.18240711,0.0,0.0,-0.08
9146893559,0.0,0.98396254,0.0,0.0,-0.17837511,0.0,0.0,-0.08
9146904166,0.0,0.98484397,0.0,0.0,-0.1734427,0.0,0.0,-0.08
9146914480,0.0,0.9857152,0.0,0.0,-0.16842066,0.0,0.0,-0.08
9146924962,0.0,0.9864544,0.0,0.0,-0.16403574,0.0,0.0,-0.08
9146934419,0.0,0.9868136,0.0,0.0,-0.16186088,0.0,0.0,-0.08
9146944943,0.0,0.9868559,0.0,0.0,-0.16160257,0.0,0.0,-0.08
9146955748,0.0,0.98660606,0.0,0.0,-0.16312109,0.0,0.0,-0.08
9146964178,0.0,0.9863039,0.0,0.0,-0.16493805,0.0,0.0,-0.08
9146974704,0.0,0.9860083,0.0,0.0,-0.16669625,0.0,0.0,-0.08
9146984338,0.0,0.98588496,0.0,0.0,-0.1674242,0.0,0.0,-0.08
9146994795,0.0,0.98587424,0.0,0.0,-0.16748714,0.0,0.0,-0.08
9147004306,0.0,0.98592544,0.0,0.0,-0.16718562,0.0,0.0,-0.08
9147014802,0.0,0.98599666,0.0,0.0,-0.16676496,0.0,0.0,-0.08
9147025302,0.0,0.98606247,0.0,0.0,-0.16637562,0.0,0.0,-0.08
9147033794,0.0,0.98611164,0.0,0.0,-0.16608398,0.0,0.0,-0.08
9147044568,0.0,0.9862345,0.0,0.0,-0.16535287,0.0,0.0,-0.08
9147054914,0.0,0.986455,0.0,0.0,-0.16403204,0.0,0.0,-0.08
9147065708,0.0,0.98675627,0.0,0.0,-0.16221006,0.0,0.0,-0.08
9147074075,0.0,0.9870233,0.0,0.0,-0.1605772,0.0,0.0,-0.08
9147084522,0.0,0.9873925,0.0,0.0,-0.15829104,0.0,0.0,-0.08
9147094908,0.0,0.9878009,0.0,0.0,-0.15572225,0.0,0.0,-0.08
9147104412,0.0,0.9881945,0.0,0.0,-0.15320419,0.0,0.0,-0.08
9147115190,0.0,0.9886334,0.0,0.0,-0.15034632,0.0,0.0,-0.08
9147124604,0.0,0.9889864,0.0,0.0,-0.14800645,0.0,0.0,-0.08
9147136093,0.0,0.98934823,0.0,0.0,-0.14556803,0.0,0.0,-0.08
9147144561,0.0,0.98956215,0.0,0.0,-0.14410686,0.0,0.0,-0.08
9147154588,0.0,0.9897581,0.0,0.0,-0.14275494,0.0,0.0,-0.08
9147165162,0.0,0.9898914,0.0,0.0,-0.14182752,0.0,0.0,-0.08
9147174658,0.0,0.98989445,0.0,0.0,-0.14180622,0.0,0.0,-0.08
9147185160,0.0,0.98980445,0.0,0.0,-0.14243291,0.0,0.0,-0.08
9147194489,0.0,0.98987615,0.0,0.0,-0.1419338,0.0,0.0,-0.08
9147206047,0.0,0.99005127,0.0,0.0,-0.14070699,0.0,0.0,-0.08
9147214774,0.0,0.9901234,0.0,0.0,-0.14019874,0.0,0.0,-0.08
9147224191,0.0,0.99017227,0.0,0.0,-0.13985297,0.0,0.0,-0.08
9147234792,0.0,0.99022675,0.0,0.0,-0.13946664,0.0,0.0,-0.08
9147245201,0.0,0.9902756,0.0,0.0,-0.13911942,0.0,0.0,-0.08
9147254685,0.0,0.99031687,0.0,0.0,-0.13882558,0.0,0.0,-0.08
9147265095,0.0,0.99036163,0.0,0.0,-0.1385058,0.0,0.0,-0.08
9147275499,0.0,0.9904053,0.0,0.0,-0.138193,0.0,0.0,-0.08
9147284922,0.0,0.99044234,0.0,0.0,-0.13792755,0.0,0.0,-0.08
9147294373,0.0,0.9904751,0.0,0.0,-0.13769183,0.0,0.0,-0.08
9147304831,0.0,0.99050367,0.0,0.0,-0.13748619,0.0,0.0,-0.08
9147316893,0.0,0.99049133,0.0,0.0,-0.13757534,0.0,0.0,-0.08
9147324131,0.0,0.9904119,0.0,0.0,-0.13814583,0.0,0.0,-0.08
9147334616,0.0,0.9901391,0.0,0.0,-0.14008771,0.0,0.0,-0.08
9147345087,0.0,0.98969316,0.0,0.0,-0.14320423,0.0,0.0,-0.08
9147354597,0.0,0.98915225,0.0,0.0,-0.14689387,0.0,0.0,-0.08
9147365064,0.0,0.9885556,0.0,0.0,-0.15085706,0.0,0.0,-0.08
9147375452,0.0,0.98813415,0.0,0.0,-0.15359344,0.0,0.0,-0.08
9147385931,0.0,0.9879445,0.0,0.0,-0.15480863,0.0,0.0,-0.08
9147394388,0.0,0.98792166,0.0,0.0,-0.15495433,0.0,0.0,-0.08
9147404984,0.0,0.9879514,0.0,0.0,-0.15476444,0.0,0.0,-0.08
9147415538,0.0,0.9879951,0.0,0.0,-0.15448532,0.0,0.0,-0.08
9147424993,0.0,0.9880281,0.0,0.0,-0.15427394,0.0,0.0,-0.08
9147435514,0.0,0.988052,0.0,0.0,-0.1541208,0.0,0.0,-0.08
9147445657,0.0,0.98806745,0.0,0.0,-0.15402186,0.0,0.0,-0.08
9147457095,0.0,0.9880761,0.0,0.0,-0.15396638,0.0,0.0,-0.08
9147464474,0.0,0.9880388,0.0,0.0,-0.15420544,0.0,0.0,-0.08
9147474964,0.0,0.9876392,0.0,0.0,-0.1567444,0.0,0.0,-0.08
9147485551,0.0,0.987179,0.0,0.0,-0.15961733,0.0,0.0,-0.08
9147495878,0.0,0.9869675,0.0,0.0,-0.16091958,0.0,0.0,-0.08
9147505574,0.0,0.9868471,0.0,0.0,-0.16165645,0.0,0.0,-0.08
9147515147,0.0,0.98677176,0.0,0.0,-0.16211553,0.0,0.0,-0.08
9147526841,0.0,0.9867594,0.0,0.0,-0.16219077,0.0,0.0,-0.08
9147535600,0.0,0.98675036,0.0,0.0,-0.16224569,0.0,0.0,-0.08
9147545315,0.0,0.98666584,0.0,0.0,-0.1627591,0.0,0.0,-0.08
9147555953,0.0,0.9865037,0.0,0.0,-0.16373895,0.0,0.0,-0.08
9147566575,0.0,0.9863772,0.0,0.0,-0.16449945,0.0,0.0,-0.08
9147575156,0.0,0.98648643,0.0,0.0,-0.16384278,0.0,0.0,-0.08
9147585660,0.0,0.9869502,0.0,0.0,-0.16102579,0.0,0.0,-0.08
9147596121,0.0,0.9874042,0.0,0.0,-0.1582178,0.0,0.0,-0.08
9147605470,0.0,0.9876221,0.0,0.0,-0.15685216,0.0,0.0,-0.08
9147614923,0.0,0.9876887,0.0,0.0,-0.15643214,0.0,0.0,-0.08
9147625392,0.0,0.98767537,0.0,0.0,-0.15651628,0.0,0.0,-0.08
9147636871,0.0,0.9876141,0.0,0.0,-0.15690254,0.0,0.0,-0.08
9147645410,0.0,0.9875625,0.0,0.0,-0.15722717,0.0,0.0,-0.08
9147656132,0.0,0.98752594,0.0,0.0,-0.15745649,0.0,0.0,-0.08
9147665456,0.0,0.98755103,0.0,0.0,-0.1572991,0.0,0.0,-0.08
9147674949,0.0,0.98762614,0.0,0.0,-0.15682663,0.0,0.0,-0.08
9147685374,0.0,0.9877418,0.0,0.0,-0.15609623,0.0,0.0,-0.08
9147695763,0.0,0.9878046,0.0,0.0,-0.1556988,0.0,0.0,-0.08
9147707267,0.0,0.98775786,0.0,0.0,-0.15599479,0.0,0.0,-0.08
9147715662,0.0,0.98765004,0.0,0.0,-0.15667613,0.0,0.0,-0.08
9147725111,0.0,0.9874413,0.0,0.0,-0.15798613,0.0,0.0,-0.08
9147735838,0.0,0.9872059,0.0,0.0,-0.15945043,0.0,0.0,-0.08
9147745443,0.0,0.98712635,0.0,0.0,-0.15994225,0.0,0.0,-0.08
9147755952,0.0,0.98724043,0.0,0.0,-0.15923655,0.0,0.0,-0.08
9147766272,0.0,0.98760515,0.0,0.0,-0.1569587,0.0,0.0,-0.08
9147776828,0.0,0.9881561,0.0,0.0,-0.15345228,0.0,0.0,-0.08
9147785151,0.0,0.98866475,0.0,0.0,-0.15014006,0.0,0.0,-0.08
9147795598,0.0,0.98912555,0.0,0.0,-0.14707352,0.0,0.0,-0.08
9147806051,0.0,0.98913676,0.0,0.0,-0.14699806,0.0,0.0,-0.08
9147816667,0.0,0.9888823,0.0,0.0,-0.14870042,0.0,0.0,-0.08
9147826049,0.0,0.9886969,0.0,0.0,-0.14992815,0.0,0.0,-0.08
9147835391,0.0,0.98862547,0.0,0.0,-0.15039845,0.0,0.0,-0.08
9147847013,0.0,0.98870337,0.0,0.0,-0.14988554,0.0,0.0,-0.08
9147855451,0.0,0.9888476,0.0,0.0,-0.14893088,0.0,0.0,-0.08
9147865885,0.0,0.98905027,0.0,0.0,-0.1475792,0.0,0.0,-0.08
9147876380,0.0,0.9892619,0.0,0.0,-0.14615342,0.0,0.0,-0.08
9147886874,0.0,0.9895622,0.0,0.0,-0.14410631,0.0,0.0,-0.08
9147896268,0.0,0.9898476,0.0,0.0,-0.14213294,0.0,0.0,-0.08
9147906187,0.0,0.9901755,0.0,0.0,-0.13983034,0.0,0.0,-0.08
9147916960,0.0,0.9904433,0.0,0.0,-0.1379206,0.0,0.0,-0.08
9147926881,0.0,0.9904326,0.0,0.0,-0.13799727,0.0,0.0,-0.08
9147935697,0.0,0.9901797,0.0,0.0,-0.1398003,0.0,0.0,-0.08
9147946199,0.0,0.9897178,0.0,0.0,-0.14303395,0.0,0.0,-0.08
9147957688,0.0,0.9891804,0.0,0.0,-0.14670439,0.0,0.0,-0.08
9147966117,0.0,0.9888363,0.0,0.0,-0.14900593,0.0,0.0,-0.08
9147975563,0.0,0.9885204,0.0,0.0,-0.15108772,0.0,0.0,-0.08
9147986108,0.0,0.9881997,0.0,0.0,-0.15317106,0.0,0.0,-0.08
9147995698,0.0,0.9878982,0.0,0.0,-0.15510392,0.0,0.0,-0.08
9148006165,0.0,0.9875825,0.0,0.0,-0.1571014,0.0,0.0,-0.08
9148016648,0.0,0.9873592,0.0,0.0,-0.15849827,0.0,0.0,-0.08
9148027158,0.0,0.9873428,0.0,0.0,-0.15860087,0.0,0.0,-0.08
9148035517,0.0,0.9874497,0.0,0.0,-0.15793373,0.0,0.0,-0.08
9148045720,0.0,0.98766315,0.0,0.0,-0.15659337,0.0,0.0,-0.08
9148056113,0.0,0.9879657,0.0,0.0,-0.15467305,0.0,0.0,-0.08
9148066615,0.0,0.98838633,0.0,0.0,-0.15196212,0.0,0.0,-0.08
9148076328,0.0,0.98892236,0.0,0.0,-0.14843358,0.0,0.0,-0.08
9148086725,0.0,0.9896643,0.0,0.0,-0.14340326,0.0,0.0,-0.08
9148097216,0.0,0.9904899,0.0,0.0,-0.13758537,0.0,0.0,-0.08
9148105637,0.0,0.99088866,0.0,0.0,-0.13468362,0.0,0.0,-0.08
9148116273,0.0,0.9910361,0.0,0.0,-0.13359441,0.0,0.0,-0.08
9148126098,0.0,0.9910979,0.0,0.0,-0.13313474,0.0,0.0,-0.08
9148136564,0.0,0.99111426,0.0,0.0,-0.13301311,0.0,0.0,-0.08
9148146047,0.0,0.9911304,0.0,0.0,-0.1328927,0.0,0.0,-0.08
9148156640,0.0,0.9911994,0.0,0.0,-0.1323777,0.0,0.0,-0.08
9148166113,0.0,0.99124455,0.0,0.0,-0.13203895,0.0,0.0,-0.08
9148175563,0.0,0.9912384,0.0,0.0,-0.13208506,0.0,0.0,-0.08
9148186063,0.0,0.9910992,0.0,0.0,-0.13312535,0.0,0.0,-0.08
9148196462,0.0,0.99078333,0.0,0.0,-0.13545625,0.0,0.0,-0.08
9148206964,0.0,0.9902771,0.0,0.0,-0.13910875,0.0,0.0,-0.08
9148216593,0.0,0.98972875,0.0,0.0,-0.14295788,0.0,0.0,-0.08
9148225936,0.0,0.9892321,0.0,0.0,-0.14635488,0.0,0.0,-0.08
9148236398,0.0,0.9888429,0.0,0.0,-0.14896199,0.0,0.0,-0.08
9148246064,0.0,0.98868454,0.0,0.0,-0.15000947,0.0,0.0,-0.08
9148256572,0.0,0.9886922,0.0,0.0,-0.14995912,0.0,0.0,-0.08
9148267004,0.0,0.9888509,0.0,0.0,-0.14890912,0.0,0.0,-0.08
9148277526,0.0,0.9891413,0.0,0.0,-0.14696768,0.0,0.0,-0.08
9148285887,0.0,0.9894354,0.0,0.0,-0.14497472,0.0,0.0,-0.08
9148296395,0.0,0.9897703,0.0,0.0,-0.14267005,0.0,0.0,-0.08
9148307144,0.0,0.9900034,0.0,0.0,-0.14104342,0.0,0.0,-0.08
9148316612,0.0,0.9901571,0.0,0.0,-0.1399603,0.0,0.0,-0.08
9148326090,0.0,0.99030256,0.0,0.0,-0.13892739,0.0,0.0,-0.08
9148337347,0.0,0.99052525,0.0,0.0,-0.13733073,0.0,0.0,-0.08
9148347814,0.0,0.9907904,0.0,0.0,-0.13540417,0.0,0.0,-0.08
9148356748,0.0,0.99104416,0.0,0.0,-0.1335344,0.0,0.0,-0.08
9148366196,0.0,0.9913405,0.0,0.0,-0.13131624,0.0,0.0,-0.08
9148377123,0.0,0.99137753,0.0,0.0,-0.13103649,0.0,0.0,-0.08
9148387503,0.0,0.99112684,0.0,0.0,-0.13291936,0.0,0.0,-0.08
9148396879,0.0,0.9909571,0.0,0.0,-0.13417925,0.0,0.0,-0.08
9148406470,0.0,0.9909318,0.0,0.0,-0.13436586,0.0,0.0,-0.08
9148418130,0.0,0.991027,0.0,0.0,-0.13366179,0.0,0.0,-0.08
9148426480,0.0,0.99115336,0.0,0.0,-0.13272156,0.0,0.0,-0.08
9148436920,0.0,0.9913172,0.0,0.0,-0.13149212,0.0,0.0,-0.08
9148447328,0.0,0.9914091,0.0,0.0,-0.13079748,0.0,0.0,-0.08
9148457848,0.0,0.991463,0.0,0.0,-0.13038819,0.0,0.0,-0.08
9148466160,0.0,0.9914983,0.0,0.0,-0.13011977,0.0,0.0,-0.08
9148476664,0.0,0.99153614,0.0,0.0,-0.1298311,0.0,0.0,-0.08
9148487057,0.0,0.9915677,0.0,0.0,-0.12958992,0.0,0.0,-0.08
9148496638,0.0,0.9915891,0.0,0.0,-0.12942572,0.0,0.0,-0.08
9148506600,0.0,0.9916046,0.0,0.0,-0.12930694,0.0,0.0,-0.08
9148517151,0.0,0.9916161,0.0,0.0,-0.12921914,0.0,0.0,-0.08
9148528157,0.0,0.99162275,0.0,0.0,-0.12916802,0.0,0.0,-0.08
9148536907,0.0,0.9916251,0.0,0.0,-0.12914999,0.0,0.0,-0.08
9148547087,0.0,0.99162734,0.0,0.0,-0.12913252,0.0,0.0,-0.08
9148556820,0.0,0.991632,0.0,0.0,-0.12909688,0.0,0.0,-0.08
9148567301,0.0,0.9916405,0.0,0.0,-0.12903124,0.0,0.0,-0.08
9148576764,0.0,0.99165046,0.0,0.0,-0.12895486,0.0,0.0,-0.08
9148587290,0.0,0.9916971,0.0,0.0,-0.12859583,0.0,0.0,-0.08
9148598743,0.0,0.99175113,0.0,0.0,-0.12817828,0.0,0.0,-0.08
9148606144,0.0,0.99178207,0.0,0.0,-0.12793869,0.0,0.0,-0.08
9148616671,0.0,0.9918275,0.0,0.0,-0.12758616,0.0,0.0,-0.08
9148627086,0.0,0.9918737,0.0,0.0,-0.12722671,0.0,0.0,-0.08
9148637592,0.0,0.99191934,0.0,0.0,-0.12686996,0.0,0.0,-0.08
9148646949,0.0,0.9919588,0.0,0.0,-0.12656143,0.0,0.0,-0.08
9148657372,0.0,0.9920018,0.0,0.0,-0.12622386,0.0,0.0,-0.08
9148668331,0.0,0.9920489,0.0,0.0,-0.12585308,0.0,0.0,-0.08
9148676778,0.0,0.9920861,0.0,0.0,-0.12555934,0.0,0.0,-0.08
9148687270,0.0,0.99213094,0.0,0.0,-0.12520453,0.0,0.0,-0.08
9148697608,0.0,0.992175,0.0,0.0,-0.1248552,0.0,0.0,-0.08
9148708090,0.0,0.99221885,0.0,0.0,-0.12450617,0.0,0.0,-0.08
9148717463,0.0,0.9922579,0.0,0.0,-0.1241947,0.0,0.0,-0.08
9148726956,0.0,0.9922941,0.0,0.0,-0.12390493,0.0,0.0,-0.08
9148737379,0.0,0.99229896,0.0,0.0,-0.123865925,0.0,0.0,-0.08
9148746589,0.0,0.99230325,0.0,0.0,-0.12383154,0.0,0.0,-0.08
9148756924,0.0,0.99230874,0.0,0.0,-0.12378763,0.0,0.0,-0.08
9148767374,0.0,0.9923143,0.0,0.0,-0.123743035,0.0,0.0,-0.08
9148777890,0.0,0.9923199,0.0,0.0,-0.12369826,0.0,0.0,-0.08
9148787278,0.0,0.99232435,0.0,0.0,-0.12366239,0.0,0.0,-0.08
9148797793,0.0,0.99232996,0.0,0.0,-0.123617314,0.0,0.0,-0.08
9148807273,0.0,0.99233556,0.0,0.0,-0.123572275,0.0,0.0,-0.08
9148816864,0.0,0.9923407,0.0,0.0,-0.12353138,0.0,0.0,-0.08
9148827201,0.0,0.9923449,0.0,0.0,-0.12349723,0.0,0.0,-0.08
9148837760,0.0,0.9923493,0.0,0.0,-0.12346172,0.0,0.0,-0.08
9148849298,0.0,0.99235415,0.0,0.0,-0.12342294,0.0,0.0,-0.08
9148856721,0.0,0.99235636,0.0,0.0,-0.12340537,0.0,0.0,-0.08
9148867207,0.0,0.99239075,0.0,0.0,-0.12312844,0.0,0.0,-0.08
9148877586,0.0,0.9924341,0.0,0.0,-0.12277848,0.0,0.0,-0.08
9148888099,0.0,0.99247724,0.0,0.0,-0.12242916,0.0,0.0,-0.08
9148897544,0.0,0.992517,0.0,0.0,-0.12210665,0.0,0.0,-0.08
9148907930,0.0,0.99255985,0.0,0.0,-0.121757686,0.0,0.0,-0.08
9148918657,0.0,0.99260396,0.0,0.0,-0.12139757,0.0,0.0,-0.08
9148927316,0.0,0.99263996,0.0,0.0,-0.121103086,0.0,0.0,-0.08
9148937713,0.0,0.99268174,0.0,0.0,-0.12075997,0.0,0.0,-0.08
9148948170,0.0,0.992723,0.0,0.0,-0.120420314,0.0,0.0,-0.08
9148958683,0.0,0.99276495,0.0,0.0,-0.12007372,0.0,0.0,-0.08
9148968070,0.0,0.99280226,0.0,0.0,-0.11976503,0.0,0.0,-0.08
9148977434,0.0,0.99283934,0.0,0.0,-0.11945755,0.0,0.0,-0.08
9148988918,0.0,0.992886,0.0,0.0,-0.1190687,0.0,0.0,-0.08
9148997293,0.0,0.99291897,0.0,0.0,-0.1187934,0.0,0.0,-0.08
9149007985,0.0,0.99294317,0.0,0.0,-0.118591055,0.0,0.0,-0.08
9149018337,0.0,0.99297285,0.0,0.0,-0.118342414,0.0,0.0,-0.08
9149027642,0.0,0.99299943,0.0,0.0,-0.118118994,0.0,0.0,-0.08
9149037392,0.0,0.99302554,0.0,0.0,-0.11789935,0.0,0.0,-0.08
9149047932,0.0,0.9930537,0.0,0.0,-0.11766244,0.0,0.0,-0.08
9149058269,0.0,0.99308294,0.0,0.0,-0.11741481,0.0,0.0,-0.08
9149067709,0.0,0.9931091,0.0,0.0,-0.11719324,0.0,0.0,-0.08
9149078285,0.0,0.9931371,0.0,0.0,-0.11695566,0.0,0.0,-0.08
9149088844,0.0,0.99316555,0.0,0.0,-0.116714254,0.0,0.0,-0.08
9149099240,0.0,0.99319285,0.0,0.0,-0.116481826,0.0,0.0,-0.08
9149107601,0.0,0.9932143,0.0,0.0,-0.11629833,0.0,0.0,-0.08
9149118093,0.0,0.99324244,0.0,0.0,-0.11605814,0.0,0.0,-0.08
9149128567,0.0,0.99327034,0.0,0.0,-0.11581918,0.0,0.0,-0.08
9149139079,0.0,0.99329764,0.0,0.0,-0.11558467,0.0,0.0,-0.08
9149147575,0.0,0.9933243,0.0,0.0,-0.115355365,0.0,0.0,-0.08
9149158027,0.0,0.9933378,0.0,0.0,-0.1152391,0.0,0.0,-0.08
9149169723,0.0,0.99335283,0.0,0.0,-0.11510956,0.0,0.0,-0.08
9149177208,0.0,0.9933628,0.0,0.0,-0.11502318,0.0,0.0,-0.07948825
9149187720,0.0,0.9933774,0.0,0.0,-0.11489725,0.0,0.0,-0.07894865
9149198145,0.0,0.9933918,0.0,0.0,-0.11477259,0.0,0.0,-0.07850964
9149208716,0.0,0.9934064,0.0,0.0,-0.1146459,0.0,0.0,-0.0779819
9149218081,0.0,0.99341834,0.0,0.0,-0.11454262,0.0,0.0,-0.077481195
9149228564,0.0,0.9934322,0.0,0.0,-0.11442203,0.0,0.0,-0.077001244
9149239052,0.0,0.99344665,0.0,0.0,-0.11429663,0.0,0.0,-0.0764747
9149247478,0.0,0.99345726,0.0,0.0,-0.114204444,0.0,0.0,-0.075953394
9149258266,0.0,0.99347085,0.0,0.0,-0.11408634,0.0,0.0,-0.075456746
9149268724,0.0,0.99348456,0.0,0.0,-0.11396671,0.0,0.0,-0.075005844
9149278192,0.0,0.9934964,0.0,0.0,-0.11386314,0.0,0.0,-0.07445639
9149287715,0.0,0.9935263,0.0,0.0,-0.11360274,0.0,0.0,-0.073946394
9149298227,0.0,0.9935413,0.0,0.0,-0.11347084,0.0,0.0,-0.073503844
9149308682,0.0,0.99355805,0.0,0.0,-0.11332413,0.0,0.0,-0.072992995
9149318115,0.0,0.99357206,0.0,0.0,-0.1132012,0.0,0.0,-0.072467394
9149328680,0.0,0.99358594,0.0,0.0,-0.11307927,0.0,0.0,-0.07194699
9149338177,0.0,0.9935994,0.0,0.0,-0.11296097,0.0,0.0,-0.07146184
9149348802,0.0,0.9936156,0.0,0.0,-0.11281837,0.0,0.0,-0.070946194
9149358158,0.0,0.9936299,0.0,0.0,-0.1126928,0.0,0.0,-0.070472196
9149368721,0.0,0.9936447,0.0,0.0,-0.11256165,0.0,0.0,-0.069959745
9149379193,0.0,0.99365884,0.0,0.0,-0.11243691,0.0,0.0,-0.069459744
9149388540,0.0,0.993672,0.0,0.0,-0.1123204,0.0,0.0,-0.068946496
9149397970,0.0,0.9936864,0.0,0.0,-0.11219352,0.0,0.0,-0.06842484
9149408431,0.0,0.99370277,0.0,0.0,-0.11204801,0.0,0.0,-0.06794259
9149419959,0.0,0.993719,0.0,0.0,-0.111904316,0.0,0.0,-0.06747004
9149428469,0.0,0.99373543,0.0,0.0,-0.111758165,0.0,0.0,-0.06696924
9149441729,0.0,0.9937526,0.0,0.0,-0.11160566,0.0,0.0,-0.06644869
9149449391,0.0,0.9937621,0.0,0.0,-0.111521274,0.0,0.0,-0.06595759
9149458951,0.0,0.9937739,0.0,0.0,-0.11141573,0.0,0.0,-0.06532109
9149468502,0.0,0.99378514,0.0,0.0,-0.11131502,0.0,0.0,-0.06492009
9149479002,0.0,0.99379754,0.0,0.0,-0.11120433,0.0,0.0,-0.06443154
9149489561,0.0,0.99381167,0.0,0.0,-0.111078076,0.0,0.0,-0.06395504
9149497903,0.0,0.9938228,0.0,0.0,-0.11097864,0.0,0.0,-0.063431285
9149508888,0.0,0.9938362,0.0,0.0,-0.1108583,0.0,0.0,-0.062934734
9149519415,0.0,0.99384904,0.0,0.0,-0.110743284,0.0,0.0,-0.062484436
9149529159,0.0,0.9938619,0.0,0.0,-0.11062757,0.0,0.0,-0.061937984
9149538514,0.0,0.9938743,0.0,0.0,-0.11051652,0.0,0.0,-0.061414134
9149549346,0.0,0.9938874,0.0,0.0,-0.11039852,0.0,0.0,-0.060964633
9149560262,0.0,0.9939,0.0,0.0,-0.1102848,0.0,0.0,-0.06044413
9149567678,0.0,0.9939086,0.0,0.0,-0.11020741,0.0,0.0,-0.05992228
9149578145,0.0,0.9939267,0.0,0.0,-0.11004434,0.0,0.0,-0.05942088
9149588637,0.0,0.9939209,0.0,0.0,-0.110096306,0.0,0.0,-0.05898378
9149599224,0.0,0.9939145,0.0,0.0,-0.11015437,0.0,0.0,-0.05846098
9149608791,0.0,0.9939087,0.0,0.0,-0.11020659,0.0,0.0,-0.05795053
9149619136,0.0,0.99390364,0.0,0.0,-0.110252514,0.0,0.0,-0.05744898
9149628461,0.0,0.993899,0.0,0.0,-0.11029413,0.0,0.0,-0.05693618
9149637912,0.0,0.9938933,0.0,0.0,-0.11034516,0.0,0.0,-0.056434628
9149649402,0.0,0.99388653,0.0,0.0,-0.1104066,0.0,0.0,-0.055955376
9149658753,0.0,0.9938809,0.0,0.0,-0.11045652,0.0,0.0,-0.055471927
9149669454,0.0,0.9938752,0.0,0.0,-0.1105084,0.0,0.0,-0.054908678
9149678007,0.0,0.993871,0.0,0.0,-0.11054608,0.0,0.0,-0.05444938
9149688769,0.0,0.99386513,0.0,0.0,-0.11059889,0.0,0.0,-0.05395278
9149698628,0.0,0.9938593,0.0,0.0,-0.11065157,0.0,0.0,-0.05347873
9149709401,0.0,0.9938528,0.0,0.0,-0.1107095,0.0,0.0,-0.05293468
9149718758,0.0,0.99387443,0.0,0.0,-0.11051527,0.0,0.0,-0.05245888
9149729255,0.0,0.9939114,0.0,0.0,-0.110182166,0.0,0.0,-0.05191108
9149739740,0.0,0.9939487,0.0,0.0,-0.10984554,0.0,0.0,-0.05143973
9149749249,0.0,0.9939818,0.0,0.0,-0.10954539,0.0,0.0,-0.05092853
9149758600,0.0,0.9940144,0.0,0.0,-0.10924936,0.0,0.0,-0.05041268
9149769186,0.0,0.99405056,0.0,0.0,-0.10891937,0.0,0.0,-0.04990793
9149778642,0.0,0.99408233,0.0,0.0,-0.10862945,0.0,0.0,-0.04943773
9149789176,0.0,0.9941181,0.0,0.0,-0.10830152,0.0,0.0,-0.04892003
9149799471,0.0,0.99415344,0.0,0.0,-0.10797638,0.0,0.0,-0.048437033
9149810012,0.0,0.994189,0.0,0.0,-0.10764866,0.0,0.0,-0.047911484
9149818398,0.0,0.99421716,0.0,0.0,-0.10738848,0.0,0.0,-0.047416035
9149828928,0.0,0.99425286,0.0,0.0,-0.107057184,0.0,0.0,-0.046907537
9149839339,0.0,0.9942875,0.0,0.0,-0.106735006,0.0,0.0,-0.04645949
9149849883,0.0,0.99432236,0.0,0.0,-0.1064097,0.0,0.0,-0.045926187
9149859232,0.0,0.9943502,0.0,0.0,-0.10614955,0.0,0.0,-0.045423236
9149869667,0.0,0.99437577,0.0,0.0,-0.10590933,0.0,0.0,-0.044931784
9149880429,0.0,0.9944032,0.0,0.0,-0.10565201,0.0,0.0,-0.044407636
9149888812,0.0,0.9944248,0.0,0.0,-0.10544801,0.0,0.0,-0.043906886
9149899262,0.0,0.9944518,0.0,0.0,-0.105193175,0.0,0.0,-0.043401737
9149909889,0.0,0.9944792,0.0,0.0,-0.104933955,0.0,0.0,-0.042938937
9149920379,0.0,0.9945051,0.0,0.0,-0.1046881,0.0,0.0,-0.042427186
9149928928,0.0,0.99452525,0.0,0.0,-0.10449648,0.0,0.0,-0.041895688
9149939545,0.0,0.9945502,0.0,0.0,-0.10425845,0.0,0.0,-0.041405488
9149948944,0.0,0.99457276,0.0,0.0,-0.10404338,0.0,0.0,-0.040925186
9149958513,0.0,0.9945956,0.0,0.0,-0.10382488,0.0,0.0,-0.040391438
9149968986,0.0,0.99461997,0.0,0.0,-0.10359086,0.0,0.0,-0.03994114
9149979477,0.0,0.9946444,0.0,0.0,-0.10335597,0.0,0.0,-0.03945564
9149990885,0.0,0.99467266,0.0,0.0,-0.103083886,0.0,0.0,-0.03892134
9149999345,0.0,0.9946893,0.0,0.0,-0.10292349,0.0,0.0,-0.03841839
9150009159,0.0,0.9947097,0.0,0.0,-0.102726124,0.0,0.0,-0.03790779
9150019181,0.0,0.99473095,0.0,0.0,-0.10251993,0.0,0.0,-0.03741319
9150029750,0.0,0.9947539,0.0,0.0,-0.10229681,0.0,0.0,-0.03691464
9150039142,0.0,0.99477476,0.0,0.0,-0.10209411,0.0,0.0,-0.03642149
9150049476,0.0,0.9947975,0.0,0.0,-0.101871975,0.0,0.0,-0.03589479
9150060882,0.0,0.9948214,0.0,0.0,-0.10163811,0.0,0.0,-0.03542294
9150069319,0.0,0.99483913,0.0,0.0,-0.10146492,0.0,0.0,-0.03491804
9150079871,0.0,0.99486166,0.0,0.0,-0.101243824,0.0,0.0,-0.03438864
9150089203,0.0,0.9948819,0.0,0.0,-0.10104413,0.0,0.0,-0.03390344
9150099771,0.0,0.99490494,0.0,0.0,-0.100817755,0.0,0.0,-0.033378538
9150109440,0.0,0.9949249,0.0,0.0,-0.10062042,0.0,0.0,-0.032917537
9150119867,0.0,0.9949464,0.0,0.0,-0.10040744,0.0,0.0,-0.032435335
9150130643,0.0,0.9949686,0.0,0.0,-0.10018718,0.0,0.0,-0.031901333
9150139069,0.0,0.99498916,0.0,0.0,-0.09998295,0.0,0.0,-0.031395633
9150149637,0.0,0.9950118,0.0,0.0,-0.09975694,0.0,0.0,-0.030879483
9150160111,0.0,0.9950347,0.0,0.0,-0.099528804,0.0,0.0,-0.030425832
9150169552,0.0,0.9950561,0.0,0.0,-0.09931434,0.0,0.0,-0.029907681
9150179980,0.0,0.99508023,0.0,0.0,-0.099072434,0.0,0.0,-0.029386431
9150189314,0.0,0.9951017,0.0,0.0,-0.098856404,0.0,0.0,-0.028938532
9150199847,0.0,0.99512583,0.0,0.0,-0.09861349,0.0,0.0,-0.028382082
9150209376,0.0,0.99514663,0.0,0.0,-0.098403044,0.0,0.0,-0.027922882
9150219967,0.0,0.9951688,0.0,0.0,-0.09817861,0.0,0.0,-0.027386732
9150230409,0.0,0.9951911,0.0,0.0,-0.09795231,0.0,0.0,-0.026910082
9150241071,0.0,0.99521375,0.0,0.0,-0.09772184,0.0,0.0,-0.02637148
9150249678,0.0,0.9952319,0.0,0.0,-0.09753652,0.0,0.0,-0.02586133
9150259977,0.0,0.9952536,0.0,0.0,-0.09731513,0.0,0.0,-0.025381131
9150270430,0.0,0.99527556,0.0,0.0,-0.097090475,0.0,0.0,-0.024891982
9150279940,0.0,0.99530095,0.0,0.0,-0.09682996,0.0,0.0,-0.024370432
9150289338,0.0,0.99532133,0.0,0.0,-0.09662016,0.0,0.0,-0.023860183
9150300128,0.0,0.99534523,0.0,0.0,-0.096373804,0.0,0.0,-0.023374483
9150310661,0.0,0.9953689,0.0,0.0,-0.096128605,0.0,0.0,-0.022902483
9150320025,0.0,0.9953899,0.0,0.0,-0.095911145,0.0,0.0,-0.022377083
9150329749,0.0,0.9954117,0.0,0.0,-0.09568462,0.0,0.0,-0.021867933
9150340242,0.0,0.99543464,0.0,0.0,-0.09544562,0.0,0.0,-0.021380782
9150349430,0.0,0.9954546,0.0,0.0,-0.09523698,0.0,0.0,-0.020888181
9150359843,0.0,0.99547726,0.0,0.0,-0.0950004,0.0,0.0,-0.020369181
9150370360,0.0,0.9954995,0.0,0.0,-0.09476698,0.0,0.0,-0.019908782
9150381133,0.0,0.99552274,0.0,0.0,-0.09452261,0.0,0.0,-0.019376732
9150389488,0.0,0.9955411,0.0,0.0,-0.09432901,0.0,0.0,-0.018882783
9150401957,0.0,0.99556774,0.0,0.0,-0.0940471,0.0,0.0,-0.018344633
9150410403,0.0,0.99558616,0.0,0.0,-0.09385218,0.0,0.0,-0.017895233
9150419792,0.0,0.99560857,0.0,0.0,-0.09361403,0.0,0.0,-0.017369883
9150430334,0.0,0.99563354,0.0,0.0,-0.09334772,0.0,0.0,-0.016850833
9150439663,0.0,0.9956556,0.0,0.0,-0.09311227,0.0,0.0,-0.016407732
9150451279,0.0,0.99568295,0.0,0.0,-0.09281939,0.0,0.0,-0.015855132
9150459675,0.0,0.9957027,0.0,0.0,-0.092607856,0.0,0.0,-0.015395882
9150470185,0.0,0.99572724,0.0,0.0,-0.09234336,0.0,0.0,-0.014851431
9150480652,0.0,0.9957516,0.0,0.0,-0.09208011,0.0,0.0,-0.014384281
9150491154,0.0,0.99577594,0.0,0.0,-0.09181632,0.0,0.0,-0.013849281
9150499527,0.0,0.9957953,0.0,0.0,-0.09160617,0.0,0.0,-0.013347281
9150509979,0.0,0.9958194,0.0,0.0,-0.09134423,0.0,0.0,-0.012867831
9150520555,0.0,0.99584365,0.0,0.0,-0.09107927,0.0,0.0,-0.012382681
9150530388,0.0,0.9958661,0.0,0.0,-0.09083326,0.0,0.0,-0.011859881
9150539847,0.0,0.99588764,0.0,0.0,-0.09059706,0.0,0.0,-0.011352031
9150550890,0.0,0.99591273,0.0,0.0,-0.09032092,0.0,0.0,-0.01085473
9150561448,0.0,0.99593383,0.0,0.0,-0.090088084,0.0,0.0,-0.01036863
9150569937,0.0,0.99593264,0.0,0.0,-0.090100765,0.0,0.0,-0.00983553
9150580393,0.0,0.99593127,0.0,0.0,-0.09011635,0.0,0.0,-0.00936078
9150590797,0.0,0.99592984,0.0,0.0,-0.09013185,0.0,0.0,-0.00886258
9150600323,0.0,0.9959286,0.0,0.0,-0.09014601,0.0,0.0,-0.00834078
9150609799,0.0,0.9959273,0.0,0.0,-0.0901601,0.0,0.0,-0.007838329
9150620319,0.0,0.9959259,0.0,0.0,-0.09017567,0.0,0.0,-0.007353029
9150631973,0.0,0.9959243,0.0,0.0,-0.090192914,0.0,0.0,-0.0068696793
9150639313,0.0,0.99592334,0.0,0.0,-0.09020377,0.0,0.0,-0.0063641295
9150649861,0.0,0.99592143,0.0,0.0,-0.09022442,0.0,0.0,-0.0058481796
9150660189,0.0,0.99591964,0.0,0.0,-0.090244606,0.0,0.0,-0.0054025296
9150670768,0.0,0.9959187,0.0,0.0,-0.09025519,0.0,0.0,-0.0048861294
9150680216,0.0,0.99591774,0.0,0.0,-0.090265475,0.0,0.0,-0.0043699294
9150690648,0.0,0.9959163,0.0,0.0,-0.09028148,0.0,0.0,-0.0038204794
9150702062,0.0,0.99594384,0.0,0.0,-0.08997674,0.0,0.0,-0.0033586794
9150709492,0.0,0.9959746,0.0,0.0,-0.08963623,0.0,0.0,-0.0028471793
9150720110,0.0,0.9960177,0.0,0.0,-0.08915607,0.0,0.0,-0.0023287793
9150730476,0.0,0.9960595,0.0,0.0,-0.08868777,0.0,0.0,-0.0018946293
9150740969,0.0,0.99610114,0.0,0.0,-0.08821843,0.0,0.0,-0.0013570793
9150749908,0.0,0.9961364,0.0,0.0,-0.08781932,0.0,0.0,-0.00084627926
9150760349,0.0,0.996177,0.0,0.0,-0.08735751,0.0,0.0,-0.00035972925
9150771787,0.0,0.9962212,0.0,0.0,-0.08685222,0.0,0.0,-0.0
9150780260,0.0,0.996254,0.0,0.0,-0.08647464,0.0,0.0,-0.0
9150790715,0.0,0.99629396,0.0,0.0,-0.08601359,0.0,0.0,-0.0
9150800975,0.0,0.9963333,0.0,0.0,-0.08555694,0.0,0.0,-0.0
9150811412,0.0,0.9963734,0.0,0.0,-0.08508796,0.0,0.0,-0.0
9150819784,0.0,0.9964051,0.0,0.0,-0.084716104,0.0,0.0,-0.0
9150830272,0.0,0.99644417,0.0,0.0,-0.08425562,0.0,0.0,-0.0
9150840751,0.0,0.9964619,0.0,0.0,-0.08404523,0.0,0.0,-0.0
9150850152,0.0,0.9964838,0.0,0.0,-0.08378586,0.0,0.0,-0.0
9150860832,0.0,0.9965085,0.0,0.0,-0.083491914,0.0,0.0,-0.0
9150871333,0.0,0.99653304,0.0,0.0,-0.0831978,0.0,0.0,-0.0
9150881749,0.0,0.9965569,0.0,0.0,-0.08291175,0.0,0.0,-0.0
9150890131,0.0,0.996576,0.0,0.0,-0.08268165,0.0,0.0,-0.0
9150900841,0.0,0.99660075,0.0,0.0,-0.08238281,0.0,0.0,-0.0
9150911317,0.0,0.9966248,0.0,0.0,-0.082090914,0.0,0.0,-0.0
9150920800,0.0,0.99664617,0.0,0.0,-0.08183133,0.0,0.0,-0.0
9150931286,0.0,0.9966693,0.0,0.0,-0.0815498,0.0,0.0,-0.0
9150940879,0.0,0.9966903,0.0,0.0,-0.08129245,0.0,0.0,-0.0
9150952432,0.0,0.99671555,0.0,0.0,-0.08098248,0.0,0.0,-0.0
9150960793,0.0,0.99673367,0.0,0.0,-0.08075854,0.0,0.0,-0.0
9150970242,0.0,0.9967541,0.0,0.0,-0.08050603,0.0,0.0,-0.0
9150980785,0.0,0.99677134,0.0,0.0,-0.080292456,0.0,0.0,-0.0
9150991267,0.0,0.9967957,0.0,0.0,-0.07998912,0.0,0.0,-0.0
9151000729,0.0,0.99681735,0.0,0.0,-0.07971964,0.0,0.0,-0.0
9151011219,0.0,0.99684125,0.0,0.0,-0.07942022,0.0,0.0,-0.0
9151021723,0.0,0.99686545,0.0,0.0,-0.07911564,0.0,0.0,-0.0
9151030030,0.0,0.9968848,0.0,0.0,-0.07887147,0.0,0.0,-0.0
9151040566,0.0,0.9969087,0.0,0.0,-0.07856813,0.0,0.0,-0.0
9151050967,0.0,0.9969315,0.0,0.0,-0.07827868,0.0,0.0,-0.0
9151060396,0.0,0.9969521,0.0,0.0,-0.07801612,0.0,0.0,-0.0
9151071035,0.0,0.9969756,0.0,0.0,-0.07771538,0.0,0.0,-0.0
9151081577,0.0,0.9969987,0.0,0.0,-0.07741772,0.0,0.0,-0.0
9151090847,0.0,0.9970194,0.0,0.0,-0.07715147,0.0,0.0,-0.0
9151100314,0.0,0.99704075,0.0,0.0,-0.07687487,0.0,0.0,-0.0
9151110852,0.0,0.997064,0.0,0.0,-0.07657244,0.0,0.0,-0.0
9151121344,0.0,0.9970912,0.0,0.0,-0.076217815,0.0,0.0,-0.0
9151131849,0.0,0.9971075,0.0,0.0,-0.076004446,0.0,0.0,-0.0
9151141324,0.0,0.99712175,0.0,0.0,-0.07581729,0.0,0.0,-0.0
9151152151,0.0,0.9971375,0.0,0.0,-0.07560938,0.0,0.0,-0.0
9151161258,0.0,0.9971508,0.0,0.0,-0.0754346,0.0,0.0,-0.0
9151170782,0.0,0.99716455,0.0,0.0,-0.07525178,0.0,0.0,-0.0
9151181260,0.0,0.99718004,0.0,0.0,-0.075046025,0.0,0.0,-0.0
9151191709,0.0,0.99719584,0.0,0.0,-0.074836254,0.0,0.0,-0.0
9151202133,0.0,0.9972112,0.0,0.0,-0.07463139,0.0,0.0,-0.0
9151210565,0.0,0.9972239,0.0,0.0,-0.07446119,0.0,0.0,-0.0
9151221116,0.0,0.9972401,0.0,0.0,-0.07424398,0.0,0.0,-0.0
9151231564,0.0,0.9972556,0.0,0.0,-0.07403509,0.0,0.0,-0.0
9151241948,0.0,0.99727106,0.0,0.0,-0.07382729,0.0,0.0,-0.0
9151251203,0.0,0.9972844,0.0,0.0,-0.07364624,0.0,0.0,-0.0
9151261702,0.0,0.9973036,0.0,0.0,-0.07338621,0.0,0.0,-0.0
9151272319,0.0,0.9973098,0.0,0.0,-0.073302075,0.0,0.0,-0.0
9151280803,0.0,0.9973147,0.0,0.0,-0.0732351,0.0,0.0,-0.0
9151291153,0.0,0.99732065,0.0,0.0,-0.07315367,0.0,0.0,-0.0
9151301608,0.0,0.997327,0.0,0.0,-0.07306686,0.0,0.0,-0.0
9151312144,0.0,0.9973327,0.0,0.0,-0.072989546,0.0,0.0,-0.0
9151321681,0.0,0.9973375,0.0,0.0,-0.072923616,0.0,0.0,-0.0
9151332092,0.0,0.9973431,0.0,0.0,-0.072846845,0.0,0.0,-0.0
9151342670,0.0,0.9973488,0.0,0.0,-0.07276934,0.0,0.0,-0.0
9151351138,0.0,0.997353,0.0,0.0,-0.07271146,0.0,0.0,-0.0
9151361631,0.0,0.99735826,0.0,0.0,-0.072639816,0.0,0.0,-0.0
9151372040,0.0,0.99736345,0.0,0.0,-0.07256857,0.0,0.0,-0.0
9151382510,0.0,0.9973687,0.0,0.0,-0.072496474,0.0,0.0,-0.0
9151390971,0.0,0.99737376,0.0,0.0,-0.0724265,0.0,0.0,-0.0
9151401581,0.0,0.9973896,0.0,0.0,-0.07220761,0.0,0.0,-0.0
9151412080,0.0,0.9974205,0.0,0.0,-0.071779795,0.0,0.0,-0.0
9151421427,0.0,0.9974475,0.0,0.0,-0.07140407,0.0,0.0,-0.0
9151431948,0.0,0.9974777,0.0,0.0,-0.07098021,0.0,0.0,-0.0
9151442424,0.0,0.9975076,0.0,0.0,-0.070559345,0.0,0.0,-0.0
9151452891,0.0,0.9975376,0.0,0.0,-0.07013378,0.0,0.0,-0.0
9151461211,0.0,0.99756163,0.0,0.0,-0.0697914,0.0,0.0,-0.0
9151471689,0.0,0.99759126,0.0,0.0,-0.06936613,0.0,0.0,-0.0
9151482092,0.0,0.9976198,0.0,0.0,-0.06895444,0.0,0.0,-0.0
9151490993,0.0,0.99764407,0.0,0.0,-0.0686029,0.0,0.0,-0.0
9151501549,0.0,0.9976729,0.0,0.0,-0.068181634,0.0,0.0,-0.0
9151512172,0.0,0.9977018,0.0,0.0,-0.067757554,0.0,0.0,-0.0
9151523016,0.0,0.99773115,0.0,0.0,-0.06732429,0.0,0.0,-0.0
9151531595,0.0,0.9977539,0.0,0.0,-0.0669861,0.0,0.0,-0.0
9151541349,0.0,0.99776435,0.0,0.0,-0.06683062,0.0,0.0,-0.0
9151551790,0.0,0.99777603,0.0,0.0,-0.066655666,0.0,0.0,-0.0
9151561284,0.0,0.99778724,0.0,0.0,-0.066488035,0.0,0.0,-0.0
9151572091,0.0,0.99779993,0.0,0.0,-0.06629719,0.0,0.0,-0.0
9151582565,0.0,0.99781156,0.0,0.0,-0.06612208,0.0,0.0,-0.0
9151592146,0.0,0.9978218,0.0,0.0,-0.065966725,0.0,0.0,-0.0
9151601404,0.0,0.9978317,0.0,0.0,-0.06581718,0.0,0.0,-0.0
9151611962,0.0,0.99784327,0.0,0.0,-0.06564189,0.0,0.0,-0.0
9151622075,0.0,0.99785465,0.0,0.0,-0.0654685,0.0,0.0,-0.0
9151632556,0.0,0.99786645,0.0,0.0,-0.06528847,0.0,0.0,-0.0
9151642132,0.0,0.9978769,0.0,0.0,-0.065129,0.0,0.0,-0.0
9151653570,0.0,0.9978892,0.0,0.0,-0.06493896,0.0,0.0,-0.0
9151663373,0.0,0.99789983,0.0,0.0,-0.06477631,0.0,0.0,-0.0
9151671714,0.0,0.9979088,0.0,0.0,-0.064638056,0.0,0.0,-0.0
9151682156,0.0,0.9979278,0.0,0.0,-0.06434393,0.0,0.0,-0.0
9151691633,0.0,0.9979338,0.0,0.0,-0.06425035,0.0,0.0,-0.0
9151703071,0.0,0.9979411,0.0,0.0,-0.06413753,0.0,0.0,-0.0
9151711498,0.0,0.9979464,0.0,0.0,-0.06405449,0.0,0.0,-0.0
9151721966,0.0,0.997953,0.0,0.0,-0.06395136,0.0,0.0,-0.0
9151732389,0.0,0.99795955,0.0,0.0,-0.06384883,0.0,0.0,-0.0
9151741962,0.0,0.9979656,0.0,0.0,-0.06375474,0.0,0.0,-0.0
9151751316,0.0,0.9979715,0.0,0.0,-0.063662894,0.0,0.0,-0.0
9151761818,0.0,0.99797803,0.0,0.0,-0.063559875,0.0,0.0,-0.0
9151773284,0.0,0.9979852,0.0,0.0,-0.06344746,0.0,0.0,-0.0
9151781745,0.0,0.9979904,0.0,0.0,-0.06336461,0.0,0.0,-0.0
9151792350,0.0,0.99799705,0.0,0.0,-0.063260846,0.0,0.0,-0.0
9151802754,0.0,0.9980035,0.0,0.0,-0.06315916,0.0,0.0,-0.0
9151812283,0.0,0.9980093,0.0,0.0,-0.06306614,0.0,0.0,-0.0
9151821681,0.0,0.9980223,0.0,0.0,-0.06286098,0.0,0.0,-0.0
9151832320,0.0,0.9980207,0.0,0.0,-0.06288609,0.0,0.0,-0.0
9151843835,0.0,0.998019,0.0,0.0,-0.062913194,0.0,0.0,-0.0
9151852610,0.0,0.9980177,0.0,0.0,-0.06293386,0.0,0.0,-0.0
9151862065,0.0,0.9980163,0.0,0.0,-0.062956065,0.0,0.0,-0.0
9151872493,0.0,0.99801475,0.0,0.0,-0.06298054,0.0,0.0,-0.0
9151882027,0.0,0.9980133,0.0,0.0,-0.06300291,0.0,0.0,-0.0
9151892463,0.0,0.9980118,0.0,0.0,-0.06302735,0.0,0.0,-0.0
9151903906,0.0,0.9980101,0.0,0.0,-0.0630541,0.0,0.0,-0.0
9151913294,0.0,0.9980087,0.0,0.0,-0.06307605,0.0,0.0,-0.0
9151921696,0.0,0.9980075,0.0,0.0,-0.063095696,0.0,0.0,-0.0
9151932186,0.0,0.9980059,0.0,0.0,-0.06312021,0.0,0.0,-0.0
9151942675,0.0,0.9980044,0.0,0.0,-0.06314468,0.0,0.0,-0.0
9151952884,0.0,0.9980029,0.0,0.0,-0.06316846,0.0,0.0,-0.0
9151962178,0.0,0.99801505,0.0,0.0,-0.06297586,0.0,0.0,-0.0
9151972137,0.0,0.9980292,0.0,0.0,-0.06275185,0.0,0.0,-0.0
9151982514,0.0,0.9980438,0.0,0.0,-0.06251868,0.0,0.0,-0.0
9151991978,0.0,0.99805707,0.0,0.0,-0.062306233,0.0,0.0,-0.0
9152002768,0.0,0.99807215,0.0,0.0,-0.062064324,0.0,0.0,-0.0
9152012181,0.0,0.99808526,0.0,0.0,-0.061853413,0.0,0.0,-0.0
9152023652,0.0,0.9981011,0.0,0.0,-0.061596636,0.0,0.0,-0.0
9152032107,0.0,0.9981128,0.0,0.0,-0.061407607,0.0,0.0,-0.0
9152042629,0.0,0.9981272,0.0,0.0,-0.061172623,0.0,0.0,-0.0
9152052908,0.0,0.9981412,0.0,0.0,-0.0609434,0.0,0.0,-0.0
9152062534,0.0,0.99815434,0.0,0.0,-0.06072861,0.0,0.0,-0.0
9152073012,0.0,0.99816847,0.0,0.0,-0.060495146,0.0,0.0,-0.0
9152082539,0.0,0.99818134,0.0,0.0,-0.060283177,0.0,0.0,-0.0
9152093950,0.0,0.9981966,0.0,0.0,-0.06002947,0.0,0.0,-0.0
9152102368,0.0,0.99820817,0.0,0.0,-0.059837095,0.0,0.0,-0.0
9152112878,0.0,0.9982158,0.0,0.0,-0.05970999,0.0,0.0,-0.0
9152122285,0.0,0.99822253,0.0,0.0,-0.05959635,0.0,0.0,-0.0
9152132875,0.0,0.99823016,0.0,0.0,-0.059468556,0.0,0.0,-0.0
9152142322,0.0,0.99823695,0.0,0.0,-0.05935464,0.0,0.0,-0.0
9152153673,0.0,0.99824506,0.0,0.0,-0.05921785,0.0,0.0,-0.0
9152164346,0.0,0.9982527,0.0,0.0,-0.05908947,0.0,0.0,-0.0
9152171728,0.0,0.99825794,0.0,0.0,-0.059000704,0.0,0.0,-0.0
9152182205,0.0,0.9982654,0.0,0.0,-0.05887488,0.0,0.0,-0.0
9152192659,0.0,0.9982728,0.0,0.0,-0.058749493,0.0,0.0,-0.0
9152203161,0.0,0.99828017,0.0,0.0,-0.058623623,0.0,0.0,-0.0
9152212553,0.0,0.9982868,0.0,0.0,-0.058511164,0.0,0.0,-0.0
9152222958,0.0,0.99829406,0.0,0.0,-0.05838667,0.0,0.0,-0.0
9152234487,0.0,0.9983021,0.0,0.0,-0.05824896,0.0,0.0,-0.0
9152241963,0.0,0.9983138,0.0,0.0,-0.058047973,0.0,0.0,-0.0
9152252533,0.0,0.9983208,0.0,0.0,-0.05792732,0.0,0.0,-0.0
9152262945,0.0,0.9983277,0.0,0.0,-0.057808544,0.0,0.0,-0.0
9152273464,0.0,0.99833465,0.0,0.0,-0.05768875,0.0,0.0,-0.0
9152282824,0.0,0.9983408,0.0,0.0,-0.057582166,0.0,0.0,-0.0
9152292264,0.0,0.9983469,0.0,0.0,-0.05747486,0.0,0.0,-0.0
9152302669,0.0,0.9983538,0.0,0.0,-0.057356626,0.0,0.0,-0.0
9152312147,0.0,0.9983599,0.0,0.0,-0.057249114,0.0,0.0,-0.0
9152322657,0.0,0.9983668,0.0,0.0,-0.05712993,0.0,0.0,-0.0
9152333212,0.0,0.99837357,0.0,0.0,-0.057010412,0.0,0.0,-0.0
9152343750,0.0,0.99838036,0.0,0.0,-0.056891147,0.0,0.0,-0.0
9152353199,0.0,0.99838644,0.0,0.0,-0.056784358,0.0,0.0,-0.0
9152362691,0.0,0.9983926,0.0,0.0,-0.056677125,0.0,0.0,-0.0
9152373243,0.0,0.9983993,0.0,0.0,-0.056558058,0.0,0.0,-0.0
9152382901,0.0,0.99841064,0.0,0.0,-0.056357596,0.0,0.0,-0.0
9152392317,0.0,0.99842227,0.0,0.0,-0.0561518,0.0,0.0,-0.0
9152403747,0.0,0.9984363,0.0,0.0,-0.05590223,0.0,0.0,-0.0
9152414338,0.0,0.99844915,0.0,0.0,-0.055671275,0.0,0.0,-0.0
9152422852,0.0,0.99845946,0.0,0.0,-0.055485755,0.0,0.0,-0.0
9152433255,0.0,0.99847203,0.0,0.0,-0.05525926,0.0,0.0,-0.0
9152443668,0.0,0.99848455,0.0,0.0,-0.05503284,0.0,0.0,-0.0
9152453158,0.0,0.9984959,0.0,0.0,-0.054826662,0.0,0.0,-0.0
9152462751,0.0,0.9985073,0.0,0.0,-0.05461843,0.0,0.0,-0.0
9152473214,0.0,0.99851966,0.0,0.0,-0.054391474,0.0,0.0,-0.0
9152484752,0.0,0.99853325,0.0,0.0,-0.054141525,0.0,0.0,-0.0
9152493104,0.0,0.9985431,0.0,0.0,-0.05396071,0.0,0.0,-0.0
9152502718,0.0,0.9985543,0.0,0.0,-0.05375286,0.0,0.0,-0.0
9152513263,0.0,0.9985665,0.0,0.0,-0.053525086,0.0,0.0,-0.0
9152524047,0.0,0.9985685,0.0,0.0,-0.053488478,0.0,0.0,-0.0
9152533582,0.0,0.9985743,0.0,0.0,-0.05337893,0.0,0.0,-0.0
9152543032,0.0,0.9985801,0.0,0.0,-0.05327092,0.0,0.0,-0.0
9152553597,0.0,0.99858654,0.0,0.0,-0.053150177,0.0,0.0,-0.0
9152563351,0.0,0.99859244,0.0,0.0,-0.05303878,0.0,0.0,-0.0
9152572889,0.0,0.9985982,0.0,0.0,-0.05293006,0.0,0.0,-0.0
9152583735,0.0,0.9986048,0.0,0.0,-0.052806545,0.0,0.0,-0.0
9152593398,0.0,0.99861056,0.0,0.0,-0.05269654,0.0,0.0,-0.0
9152603039,0.0,0.99861634,0.0,0.0,-0.05258703,0.0,0.0,-0.0
9152613552,0.0,0.99862266,0.0,0.0,-0.052467484,0.0,0.0,-0.0
9152623936,0.0,0.9986288,0.0,0.0,-0.052349683,0.0,0.0,-0.0
9152633366,0.0,0.9986344,0.0,0.0,-0.052242823,0.0,0.0,-0.0
9152643016,0.0,0.9986401,0.0,0.0,-0.052133564,0.0,0.0,-0.0
9152654595,0.0,0.998647,0.0,0.0,-0.052002545,0.0,0.0,-0.0
9152665169,0.0,0.9986558,0.0,0.0,-0.051831894,0.0,0.0,-0.0
9152672856,0.0,0.998663,0.0,0.0,-0.051693756,0.0,0.0,-0.0
9152683290,0.0,0.99867266,0.0,0.0,-0.05150649,0.0,0.0,-0.0
9152693703,0.0,0.99868226,0.0,0.0,-0.051319826,0.0,0.0,-0.0
9152703076,0.0,0.9986909,0.0,0.0,-0.0511519,0.0,0.0,-0.0
9152713583,0.0,0.9987005,0.0,0.0,-0.050963838,0.0,0.0,-0.0
9152723980,0.0,0.99871,0.0,0.0,-0.05077812,0.0,0.0,-0.0
9152734486,0.0,0.9987195,0.0,0.0,-0.05059041,0.0,0.0,-0.0
9152742970,0.0,0.99872714,0.0,0.0,-0.050439008,0.0,0.0,-0.0
9152753808,0.0,0.99873686,0.0,0.0,-0.050246034,0.0,0.0,-0.0
9152763198,0.0,0.99874526,0.0,0.0,-0.050078623,0.0,0.0,-0.0
9152773677,0.0,0.9987546,0.0,0.0,-0.049892068,0.0,0.0,-0.0
9152783057,0.0,0.9987629,0.0,0.0,-0.04972533,0.0,0.0,-0.0
9152793610,0.0,0.99877226,0.0,0.0,-0.049537957,0.0,0.0,-0.0
9152805047,0.0,0.9987857,0.0,0.0,-0.04926639,0.0,0.0,-0.0
9152813460,0.0,0.99878913,0.0,0.0,-0.049195793,0.0,0.0,-0.0
9152823882,0.0,0.9987935,0.0,0.0,-0.049108434,0.0,0.0,-0.0
9152834335,0.0,0.9987978,0.0,0.0,-0.049020912,0.0,0.0,-0.0
9152844917,0.0,0.99880207,0.0,0.0,-0.04893243,0.0,0.0,-0.0
9152853349,0.0,0.9988055,0.0,0.0,-0.048861943,0.0,0.0,-0.0
9152863867,0.0,0.9988098,0.0,0.0,-0.04877412,0.0,0.0,-0.0
9152874433,0.0,0.9988141,0.0,0.0,-0.048685987,0.0,0.0,-0.0
9152883781,0.0,0.9988179,0.0,0.0,-0.0486081,0.0,0.0,-0.0
9152893601,0.0,0.9988219,0.0,0.0,-0.04852638,0.0,0.0,-0.0
9152905024,0.0,0.9988265,0.0,0.0,-0.048431396,0.0,0.0,-0.0
9152914486,0.0,0.9988303,0.0,0.0,-0.04835279,0.0,0.0,-0.0
9152923191,0.0,0.99883384,0.0,0.0,-0.04828055,0.0,0.0,-0.0
9152933677,0.0,0.998838,0.0,0.0,-0.04819355,0.0,0.0,-0.0
9152944118,0.0,0.9988467,0.0,0.0,-0.04801254,0.0,0.0,-0.0
9152953597,0.0,0.9988514,0.0,0.0,-0.04791473,0.0,0.0,-0.0
9152964100,0.0,0.9988566,0.0,0.0,-0.047806446,0.0,0.0,-0.0
9152974527,0.0,0.99886173,0.0,0.0,-0.047699038,0.0,0.0,-0.0
9152984964,0.0,0.99886686,0.0,0.0,-0.047591645,0.0,0.0,-0.0
9152993335,0.0,0.99887097,0.0,0.0,-0.047505617,0.0,0.0,-0.0
9153004059,0.0,0.9988762,0.0,0.0,-0.04739558,0.0,0.0,-0.0
9153014530,0.0,0.9988813,0.0,0.0,-0.04728812,0.0,0.0,-0.0
9153023814,0.0,0.9988858,0.0,0.0,-0.04719295,0.0,0.0,-0.0
9153033697,0.0,0.9988906,0.0,0.0,-0.047091734,0.0,0.0,-0.0
9153044246,0.0,0.99889565,0.0,0.0,-0.046983786,0.0,0.0,-0.0
9153055665,0.0,0.9989011,0.0,0.0,-0.046867035,0.0,0.0,-0.0
9153063067,0.0,0.9989047,0.0,0.0,-0.04679146,0.0,0.0,-0.0
9153073769,0.0,0.9989098,0.0,0.0,-0.046682317,0.0,0.0,-0.0
9153084151,0.0,0.99892116,0.0,0.0,-0.04643783,0.0,0.0,-0.0
9153094768,0.0,0.99893695,0.0,0.0,-0.046097625,0.0,0.0,-0.0
9153104299,0.0,0.99895096,0.0,0.0,-0.0457925,0.0,0.0,-0.0
9153113679,0.0,0.99896467,0.0,0.0,-0.045492426,0.0,0.0,-0.0
9153124212,0.0,0.9989799,0.0,0.0,-0.045155928,0.0,0.0,-0.0
9153133632,0.0,0.9989935,0.0,0.0,-0.044855196,0.0,0.0,-0.0
9153144148,0.0,0.9990085,0.0,0.0,-0.04451995,0.0,0.0,-0.0
9153155578,0.0,0.9990247,0.0,0.0,-0.044155743,0.0,0.0,-0.0
9153165003,0.0,0.99903786,0.0,0.0,-0.043856017,0.0,0.0,-0.0
9153174637,0.0,0.9990513,0.0,0.0,-0.043549687,0.0,0.0,-0.0
9153184042,0.0,0.9990642,0.0,0.0,-0.043251697,0.0,0.0,-0.0
9153194392,0.0,0.9990784,0.0,0.0,-0.04292237,0.0,0.0,-0.0
9153203836,0.0,0.9990912,0.0,0.0,-0.042623073,0.0,0.0,-0.0
9153214391,0.0,0.99910545,0.0,0.0,-0.042288873,0.0,0.0,-0.0
9153224892,0.0,0.99911565,0.0,0.0,-0.04204602,0.0,0.0,-0.0
9153235313,0.0,0.99912435,0.0,0.0,-0.041838787,0.0,0.0,-0.0
9153243720,0.0,0.9991314,0.0,0.0,-0.04167178,0.0,0.0,-0.0
9153254193,0.0,0.99914,0.0,0.0,-0.041463856,0.0,0.0,-0.0
9153264780,0.0,0.99914867,0.0,0.0,-0.041254006,0.0,0.0,-0.0
9153274774,0.0,0.99915683,0.0,0.0,-0.041056186,0.0,0.0,-0.0
9153284114,0.0,0.9991644,0.0,0.0,-0.040871125,0.0,0.0,-0.0
9153294524,0.0,0.9991728,0.0,0.0,-0.040665332,0.0,0.0,-0.0
9153305986,0.0,0.999182,0.0,0.0,-0.040438965,0.0,0.0,-0.0
9153314451,0.0,0.9991888,0.0,0.0,-0.040271904,0.0,0.0,-0.0
9153323959,0.0,0.9991963,0.0,0.0,-0.04008454,0.0,0.0,-0.0
9153334411,0.0,0.9992045,0.0,0.0,-0.0398787,0.0,0.0,-0.0
9153345144,0.0,0.9992129,0.0,0.0,-0.03966757,0.0,0.0,-0.0
9153354550,0.0,0.99922025,0.0,0.0,-0.03948268,0.0,0.0,-0.0
9153364907,0.0,0.99922866,0.0,0.0,-0.039269254,0.0,0.0,-0.0
9153374462,0.0,0.9992378,0.0,0.0,-0.039036773,0.0,0.0,-0.0
9153383941,0.0,0.9992468,0.0,0.0,-0.038806215,0.0,0.0,-0.0
9153394393,0.0,0.9992566,0.0,0.0,-0.03855225,0.0,0.0,-0.0
9153405813,0.0,0.9992672,0.0,0.0,-0.03827507,0.0,0.0,-0.0
9153415262,0.0,0.999276,0.0,0.0,-0.038045965,0.0,0.0,-0.0
9153424853,0.0,0.9992848,0.0,0.0,-0.03781373,0.0,0.0,-0.0
9153434407,0.0,0.9992935,0.0,0.0,-0.03758258,0.0,0.0,-0.0
9153444975,0.0,0.9993031,0.0,0.0,-0.037327003,0.0,0.0,-0.0
9153456399,0.0,0.99931335,0.0,0.0,-0.037051134,0.0,0.0,-0.0
9153464792,0.0,0.99932086,0.0,0.0,-0.036848627,0.0,0.0,-0.0
9153474769,0.0,0.9993297,0.0,0.0,-0.036608186,0.0,0.0,-0.0
9153486119,0.0,0.9993397,0.0,0.0,-0.036334842,0.0,0.0,-0.0
9153494712,0.0,0.99934715,0.0,0.0,-0.03612808,0.0,0.0,-0.0
9153504112,0.0,0.9993554,0.0,0.0,-0.03589955,0.0,0.0,-0.0
9153514899,0.0,0.999363,0.0,0.0,-0.035686597,0.0,0.0,-0.0
9153524490,0.0,0.99936974,0.0,0.0,-0.03549738,0.0,0.0,-0.0
9153535209,0.0,0.99937725,0.0,0.0,-0.035286225,0.0,0.0,-0.0
9153544767,0.0,0.99938387,0.0,0.0,-0.035097975,0.0,0.0,-0.0
9153556409,0.0,0.9993919,0.0,0.0,-0.034869,0.0,0.0,-0.0
9153564881,0.0,0.9993977,0.0,0.0,-0.034702513,0.0,0.0,-0.0
9153574517,0.0,0.99940425,0.0,0.0,-0.03451342,0.0,0.0,-0.0
9153585182,0.0,0.99941146,0.0,0.0,-0.03430428,0.0,0.0,-0.0
9153595884,0.0,0.9994186,0.0,0.0,-0.03409457,0.0,0.0,-0.0
9153604334,0.0,0.9994242,0.0,0.0,-0.033929195,0.0,0.0,-0.0
9153614757,0.0,0.99943113,0.0,0.0,-0.033725344,0.0,0.0,-0.0
9153625176,0.0,0.999438,0.0,0.0,-0.033521798,0.0,0.0,-0.0
9153634692,0.0,0.9994442,0.0,0.0,-0.033336017,0.0,0.0,-0.0
9153645213,0.0,0.9994488,0.0,0.0,-0.033198003,0.0,0.0,-0.0
9153655671,0.0,0.9994609,0.0,0.0,-0.03283246,0.0,0.0,-0.0
9153666169,0.0,0.99947286,0.0,0.0,-0.03246589,0.0,0.0,-0.0
9153674553,0.0,0.9994823,0.0,0.0,-0.032173473,0.0,0.0,-0.0
9153685111,0.0,0.9994941,0.0,0.0,-0.03180561,0.0,0.0,-0.0
9153695630,0.0,0.99950564,0.0,0.0,-0.03143941,0.0,0.0,-0.0
9153704142,0.0,0.99951494,0.0,0.0,-0.031143382,0.0,0.0,-0.0
9153714622,0.0,0.9995262,0.0,0.0,-0.030779185,0.0,0.0,-0.0
9153724995,0.0,0.9995372,0.0,0.0,-0.030419061,0.0,0.0,-0.0
9153736676,0.0,0.99954945,0.0,0.0,-0.030014124,0.0,0.0,-0.0
9153745122,0.0,0.9995582,0.0,0.0,-0.029721543,0.0,0.0,-0.0
9153754587,0.0,0.9995679,0.0,0.0,-0.029393896,0.0,0.0,-0.0
9153765245,0.0,0.99957865,0.0,0.0,-0.029025372,0.0,0.0,-0.0
9153774692,0.0,0.9995881,0.0,0.0,-0.02869895,0.0,0.0,-0.0
9153785128,0.0,0.99959457,0.0,0.0,-0.028473286,0.0,0.0,-0.0
9153795555,0.0,0.9995965,0.0,0.0,-0.028404882,0.0,0.0,-0.0
9153806544,0.0,0.99959856,0.0,0.0,-0.028332883,0.0,0.0,-0.0
9153814917,0.0,0.9996001,0.0,0.0,-0.028278086,0.0,0.0,-0.0
9153825355,0.0,0.999602,0.0,0.0,-0.028209843,0.0,0.0,-0.0
9153835791,0.0,0.9996039,0.0,0.0,-0.028141716,0.0,0.0,-0.0
9153845616,0.0,0.9996057,0.0,0.0,-0.028077666,0.0,0.0,-0.0
9153855217,0.0,0.9996075,0.0,0.0,-0.028015085,0.0,0.0,-0.0
9153865569,0.0,0.9996094,0.0,0.0,-0.027947675,0.0,0.0,-0.0
9153875210,0.0,0.99961114,0.0,0.0,-0.027884929,0.0,0.0,-0.0
9153884837,0.0,0.99961287,0.0,0.0,-0.02782238,0.0,0.0,-0.0
9153895226,0.0,0.9996148,0.0,0.0,-0.027754914,0.0,0.0,-0.0
9153906695,0.0,0.9996168,0.0,0.0,-0.027680513,0.0,0.0,-0.0
9153916097,0.0,0.99961853,0.0,0.0,-0.027619537,0.0,0.0,-0.0
9153925585,0.0,0.9996225,0.0,0.0,-0.027473392,0.0,0.0,-0.0
9153935217,0.0,0.9996281,0.0,0.0,-0.027270246,0.0,0.0,-0.0
9153946685,0.0,0.9996347,0.0,0.0,-0.027028503,0.0,0.0,-0.0
9153955094,0.0,0.99963945,0.0,0.0,-0.02685154,0.0,0.0,-0.0
9153965538,0.0,0.9996453,0.0,0.0,-0.026631868,0.0,0.0,-0.0
9153975867,0.0,0.9996511,0.0,0.0,-0.026414802,0.0,0.0,-0.0
9153986090,0.0,0.99965674,0.0,0.0,-0.026200328,0.0,0.0,-0.0
9153995490,0.0,0.99966186,0.0,0.0,-0.026003227,0.0,0.0,-0.0
9154004968,0.0,0.999667,0.0,0.0,-0.025804639,0.0,0.0,-0.0
9154015497,0.0,0.99967265,0.0,0.0,-0.025584316,0.0,0.0,-0.0
9154025082,0.0,0.9996778,0.0,0.0,-0.025383888,0.0,0.0,-0.0
9154035529,0.0,0.9996833,0.0,0.0,-0.025165701,0.0,0.0,-0.0
9154046071,0.0,0.9996888,0.0,0.0,-0.02494572,0.0,0.0,-0.0
9154056511,0.0,0.9996942,0.0,0.0,-0.024728075,0.0,0.0,-0.0
9154064883,0.0,0.9996987,0.0,0.0,-0.024546534,0.0,0.0,-0.0
9154075943,0.0,0.99970514,0.0,0.0,-0.0242818,0.0,0.0,-0.0
9154086272,0.0,0.9997111,0.0,0.0,-0.024034856,0.0,0.0,-0.0
9154095027,0.0,0.9997161,0.0,0.0,-0.023826038,0.0,0.0,-0.0
9154105657,0.0,0.9997221,0.0,0.0,-0.023572063,0.0,0.0,-0.0
9154116098,0.0,0.99972796,0.0,0.0,-0.023323184,0.0,0.0,-0.0
9154125415,0.0,0.99973315,0.0,0.0,-0.02310123,0.0,0.0,-0.0
9154134952,0.0,0.99973834,0.0,0.0,-0.022874327,0.0,0.0,-0.0
9154145465,0.0,0.99974406,0.0,0.0,-0.02262443,0.0,0.0,-0.0
9154156927,0.0,0.99975014,0.0,0.0,-0.022352237,0.0,0.0,-0.0
9154166390,0.0,0.99975514,0.0,0.0,-0.022127716,0.0,0.0,-0.0
9154175797,0.0,0.9997601,0.0,0.0,-0.021904647,0.0,0.0,-0.0
9154186410,0.0,0.9997655,0.0,0.0,-0.021653386,0.0,0.0,-0.0
9154196899,0.0,0.9997709,0.0,0.0,-0.021405283,0.0,0.0,-0.0
9154205352,0.0,0.9997752,0.0,0.0,-0.021204235,0.0,0.0,-0.0
9154215871,0.0,0.9997781,0.0,0.0,-0.021064498,0.0,0.0,-0.0
9154226329,0.0,0.999781,0.0,0.0,-0.020925801,0.0,0.0,-0.0
9154235743,0.0,0.99978364,0.0,0.0,-0.020800924,0.0,0.0,-0.0
9154246245,0.0,0.9997865,0.0,0.0,-0.020661816,0.0,0.0,-0.0
9154255627,0.0,0.99978906,0.0,0.0,-0.020537663,0.0,0.0,-0.0
9154266159,0.0,0.9997919,0.0,0.0,-0.020398516,0.0,0.0,-0.0
9154275305,0.0,0.99979436,0.0,0.0,-0.02027771,0.0,0.0,-0.0
9154285845,0.0,0.9997972,0.0,0.0,-0.020138662,0.0,0.0,-0.0
9154296350,0.0,0.99979997,0.0,0.0,-0.02000021,0.0,0.0,-0.0
9154306771,0.0,0.9998027,0.0,0.0,-0.01986303,0.0,0.0,-0.0
9154316287,0.0,0.9998052,0.0,0.0,-0.019738015,0.0,0.0,-0.0
9154325669,0.0,0.9998076,0.0,0.0,-0.0196146,0.0,0.0,-0.0
9154336080,0.0,0.9998103,0.0,0.0,-0.019477984,0.0,0.0,-0.0
9154345657,0.0,0.9998127,0.0,0.0,-0.019353433,0.0,0.0,-0.0
9154356269,0.0,0.99981475,0.0,0.0,-0.019246878,0.0,0.0,-0.0
9154366358,0.0,0.9998167,0.0,0.0,-0.019145677,0.0,0.0,-0.0
9154376463,0.0,0.9998186,0.0,0.0,-0.01904441,0.0,0.0,-0.0
9154386063,0.0,0.9998205,0.0,0.0,-0.018948335,0.0,0.0,-0.0
9154396410,0.0,0.99982244,0.0,0.0,-0.018844886,0.0,0.0,-0.0
9154407772,0.0,0.9998245,0.0,0.0,-0.018731397,0.0,0.0,-0.0
9154416446,0.0,0.9998262,0.0,0.0,-0.01864483,0.0,0.0,-0.0
9154426384,0.0,0.99982804,0.0,0.0,-0.018545765,0.0,0.0,-0.0
9154437083,0.0,0.99983,0.0,0.0,-0.018439263,0.0,0.0,-0.0
9154446531,0.0,0.99983174,0.0,0.0,-0.018345198,0.0,0.0,-0.0
9154456210,0.0,0.99983346,0.0,0.0,-0.018248903,0.0,0.0,-0.0
9154465973,0.0,0.99983525,0.0,0.0,-0.018151911,0.0,0.0,-0.0
9154476580,0.0,0.99983716,0.0,0.0,-0.018046591,0.0,0.0,-0.0
9154487206,0.0,0.99984336,0.0,0.0,-0.017698886,0.0,0.0,-0.0
9154496640,0.0,0.99984884,0.0,0.0,-0.01738632,0.0,0.0,-0.0
9154505960,0.0,0.99985415,0.0,0.0,-0.017077386,0.0,0.0,-0.0
9154517789,0.0,0.99986076,0.0,0.0,-0.016686201,0.0,0.0,-0.0
9154526575,0.0,0.9998656,0.0,0.0,-0.016395763,0.0,0.0,-0.0
9154536060,0.0,0.99987066,0.0,0.0,-0.01608236,0.0,0.0,-0.0
9154546518,0.0,0.99987614,0.0,0.0,-0.015737383,0.0,0.0,-0.0
9154557039,0.0,0.99988157,0.0,0.0,-0.015390625,0.0,0.0,-0.0
9154566432,0.0,0.9998863,0.0,0.0,-0.015081361,0.0,0.0,-0.0
9154575790,0.0,0.99989086,0.0,0.0,-0.014773572,0.0,0.0,-0.0
9154586383,0.0,0.99989593,0.0,0.0,-0.014425659,0.0,0.0,-0.0
9154595892,0.0,0.9999004,0.0,0.0,-0.014113535,0.0,0.0,-0.0
9154606506,0.0,0.9999052,0.0,0.0,-0.013765477,0.0,0.0,-0.0
9154616955,0.0,0.9999099,0.0,0.0,-0.013423049,0.0,0.0,-0.0
9154626280,0.0,0.99991214,0.0,0.0,-0.013257579,0.0,0.0,-0.0
9154635750,0.0,0.9999151,0.0,0.0,-0.013028742,0.0,0.0,-0.0
9154646257,0.0,0.9999184,0.0,0.0,-0.012775094,0.0,0.0,-0.0
9154657674,0.0,0.99992186,0.0,0.0,-0.012499737,0.0,0.0,-0.0
9154666123,0.0,0.9999244,0.0,0.0,-0.012296191,0.0,0.0,-0.0
9154676613,0.0,0.99992746,0.0,0.0,-0.012043602,0.0,0.0,-0.0
9154687125,0.0,0.9999305,0.0,0.0,-0.011790887,0.0,0.0,-0.0
9154697915,0.0,0.9999335,0.0,0.0,-0.011531736,0.0,0.0,-0.0
9154706398,0.0,0.9999358,0.0,0.0,-0.01132821,0.0,0.0,-0.0
9154716903,0.0,0.99993867,0.0,0.0,-0.011076334,0.0,0.0,-0.0
9154727258,0.0,0.99994135,0.0,0.0,-0.010828324,0.0,0.0,-0.0
9154736772,0.0,0.9999438,0.0,0.0,-0.0106007755,0.0,0.0,-0.0
9154746184,0.0,0.9999462,0.0,0.0,-0.010375845,0.0,0.0,-0.0
9154756669,0.0,0.99994874,0.0,0.0,-0.010125489,0.0,0.0,-0.0
9154768154,0.0,0.9999502,0.0,0.0,-0.009985219,0.0,0.0,-0.0
9154776821,0.0,0.9999517,0.0,0.0,-0.009826011,0.0,0.0,-0.0
9154786178,0.0,0.9999534,0.0,0.0,-0.009654176,0.0,0.0,-0.0
9154796779,0.0,0.99995524,0.0,0.0,-0.009459701,0.0,0.0,-0.0
9154806474,0.0,0.9999569,0.0,0.0,-0.0092819715,0.0,0.0,-0.0
9154817157,0.0,0.9999587,0.0,0.0,-0.009086418,0.0,0.0,-0.0
9154826476,0.0,0.99996024,0.0,0.0,-0.008915927,0.0,0.0,-0.0
9154836912,0.0,0.9999619,0.0,0.0,-0.008725261,0.0,0.0,-0.0
9154847276,0.0,0.9999636,0.0,0.0,-0.008536107,0.0,0.0,-0.0
9154856953,0.0,0.9999651,0.0,0.0,-0.008359643,0.0,0.0,-0.0
9154867031,0.0,0.99996656,0.0,0.0,-0.008176198,0.0,0.0,-0.0
9154876317,0.0,0.99996793,0.0,0.0,-0.008006975,0.0,0.0,-0.0
9154886839,0.0,0.9999695,0.0,0.0,-0.007815643,0.0,0.0,-0.0
9154897285,0.0,0.9999709,0.0,0.0,-0.0076258224,0.0,0.0,-0.0
9154908320,0.0,0.99997216,0.0,0.0,-0.0074625006,0.0,0.0,-0.0
9154916868,0.0,0.99997264,0.0,0.0,-0.007400462,0.0,0.0,-0.0
9154927233,0.0,0.9999732,0.0,0.0,-0.0073253387,0.0,0.0,-0.0
9154937671,0.0,0.9999737,0.0,0.0,-0.0072497586,0.0,0.0,-0.0
9154948444,0.0,0.9999743,0.0,0.0,-0.0071718185,0.0,0.0,-0.0
9154956844,0.0,0.9999747,0.0,0.0,-0.007111071,0.0,0.0,-0.0
9154966787,0.0,0.9999752,0.0,0.0,-0.0070392573,0.0,0.0,-0.0
9154977106,0.0,0.99997574,0.0,0.0,-0.006964777,0.0,0.0,-0.0
9154987688,0.0,0.9999763,0.0,0.0,-0.0068884566,0.0,0.0,-0.0
9154997139,0.0,0.99997675,0.0,0.0,-0.006820383,0.0,0.0,-0.0
9155007694,0.0,0.99997723,0.0,0.0,-0.006744426,0.0,0.0,-0.0
9155018166,0.0,0.99997777,0.0,0.0,-0.006669107,0.0,0.0,-0.0
9155026681,0.0,0.9999782,0.0,0.0,-0.0066079195,0.0,0.0,-0.0
9155036559,0.0,0.99997866,0.0,0.0,-0.0065369844,0.0,0.0,-0.0
9155047315,0.0,0.99998045,0.0,0.0,-0.0062534986,0.0,0.0,-0.0
9155056787,0.0,0.9999822,0.0,0.0,-0.005969072,0.0,0.0,-0.0
9155067097,0.0,0.99998397,0.0,0.0,-0.005659857,0.0,0.0,-0.0
9155077466,0.0,0.9999857,0.0,0.0,-0.005349113,0.0,0.0,-0.0
9155088939,0.0,0.9999875,0.0,0.0,-0.0050057485,0.0,0.0,-0.0
9155096323,0.0,0.99998856,0.0,0.0,-0.0047849896,0.0,0.0,-0.0
9155106809,0.0,0.99999,0.0,0.0,-0.004471692,0.0,0.0,-0.0
9155117449,0.0,0.99999136,0.0,0.0,-0.004154095,0.0,0.0,-0.0
9155126786,0.0,0.9999925,0.0,0.0,-0.0038755597,0.0,0.0,-0.0
9155136312,0.0,0.99999356,0.0,0.0,-0.003591831,0.0,0.0,-0.0
9155146837,0.0,0.99999464,0.0,0.0,-0.003278551,0.0,0.0,-0.0
9155158504,0.0,0.9999957,0.0,0.0,-0.002931735,0.0,0.0,-0.0
9155166983,0.0,0.9999964,0.0,0.0,-0.0026798577,0.0,0.0,-0.0
9155177441,0.0,0.9999972,0.0,0.0,-0.0023698062,0.0,0.0,-0.0
9155187924,0.0,0.9999976,0.0,0.0,-0.0021848374,0.0,0.0,-0.0
9155198497,0.0,0.999998,0.0,0.0,-0.0019983945,0.0,0.0,-0.0
9155206924,0.0,0.9999983,0.0,0.0,-0.0018499028,0.0,0.0,-0.0
9155217448,0.0,0.9999986,0.0,0.0,-0.0016646695,0.0,0.0,-0.0
9155227782,0.0,0.9999989,0.0,0.0,-0.0014828496,0.0,0.0,-0.0
9155237266,0.0,0.9999991,0.0,0.0,-0.0013162231,0.0,0.0,-0.0
9155247758,0.0,0.99999934,0.0,0.0,-0.0011320595,0.0,0.0,-0.0
9155258528,0.0,0.9999996,0.0,0.0,-0.0009433024,0.0,0.0,-0.0
9155269111,0.0,0.9999997,0.0,0.0,-0.00075786136,0.0,0.0,-0.0
9155277561,0.0,0.9999998,0.0,0.0,-0.0006100259,0.0,0.0,-0.0
9155287136,0.0,0.9999999,0.0,0.0,-0.00044264598,0.0,0.0,-0.0
9155297455,0.0,0.99999994,0.0,0.0,-0.00026235892,0.0,0.0,-0.0
9155307983,0.0,1.0,0.0,0.0,-7.8663295e-05,0.0,0.0,-0.0
9155317429,0.0,1.0,0.0,0.0,8.5784886e-05,0.0,0.0,-0.0
9155327942,0.0,1.0,0.0,0.0,0.00023764062,0.0,0.0,-0.0
9155339358,0.0,0.99999994,0.0,0.0,0.00026231408,0.0,0.0,-0.0
9155347030,0.0,0.99999994,0.0,0.0,0.0002788667,0.0,0.0,-0.0
9155359965,0.0,0.99999994,0.0,0.0,0.00030679896,0.0,0.0,-0.0
9155367577,0.0,0.99999994,0.0,0.0,0.00032321265,0.0,0.0,-0.0
9155378227,0.0,0.99999994,0.0,0.0,0.00034612758,0.0,0.0,-0.0
9155387607,0.0,0.99999994,0.0,0.0,0.00036632156,0.0,0.0,-0.0
9155397014,0.0,0.99999994,0.0,0.0,0.00038657588,0.0,0.0,-0.0
9155408535,0.0,0.99999994,0.0,0.0,0.00041137126,0.0,0.0,-0.0
9155417975,0.0,0.9999999,0.0,0.0,0.0004316803,0.0,0.0,-0.0
9155427374,0.0,0.9999999,0.0,0.0,0.0004519045,0.0,0.0,-0.0
9155437784,0.0,0.9999999,0.0,0.0,0.00047425553,0.0,0.0,-0.0
9155448308,0.0,0.9999999,0.0,0.0,0.00049681356,0.0,0.0,-0.0
9155457819,0.0,0.9999999,0.0,0.0,0.0005171959,0.0,0.0,-0.0
9155467315,0.0,0.99999976,0.0,0.0,0.00067998376,0.0,0.0,-0.0
9155477671,0.0,0.9999995,0.0,0.0,0.0009749488,0.0,0.0,-0.0
9155488191,0.0,0.99999917,0.0,0.0,0.0012741426,0.0,0.0,-0.0
9155497573,0.0,0.9999988,0.0,0.0,0.0015408559,0.0,0.0,-0.0
9155508292,0.0,0.9999983,0.0,0.0,0.0018449257,0.0,0.0,-0.0
9155519299,0.0,0.9999977,0.0,0.0,0.0021570993,0.0,0.0,-0.0
9155528265,0.0,0.9999971,0.0,0.0,0.0024111585,0.0,0.0,-0.0
9155537948,0.0,0.9999964,0.0,0.0,0.0026852663,0.0,0.0,-0.0
9155548475,0.0,0.9999955,0.0,0.0,0.0029828295,0.0,0.0,-0.0
9155557866,0.0,0.99999475,0.0,0.0,0.0032480524,0.0,0.0,-0.0
9155567279,0.0,0.9999938,0.0,0.0,0.0035136482,0.0,0.0,-0.0
9155578751,0.0,0.9999926,0.0,0.0,0.0038370634,0.0,0.0,-0.0
9155589253,0.0,0.9999915,0.0,0.0,0.0041327695,0.0,0.0,-0.0
9155597702,0.0,0.99999046,0.0,0.0,0.004370464,0.0,0.0,-0.0
9155608244,0.0,0.9999904,0.0,0.0,0.004379134,0.0,0.0,-0.0
9155618580,0.0,0.99998987,0.0,0.0,0.00450183,0.0,0.0,-0.0
9155629257,0.0,0.9999893,0.0,0.0,0.004628406,0.0,0.0,-0.0
9155637643,0.0,0.99998885,0.0,0.0,0.0047277445,0.0,0.0,-0.0
9155648104,0.0,0.99998826,0.0,0.0,0.0048515294,0.0,0.0,-0.0
9155659500,0.0,0.99998754,0.0,0.0,0.0049862876,0.0,0.0,-0.0
9155667952,0.0,0.99998707,0.0,0.0,0.005086067,0.0,0.0,-0.0
9155678445,0.0,0.9999864,0.0,0.0,0.005209839,0.0,0.0,-0.0
9155687778,0.0,0.9999859,0.0,0.0,0.0053198263,0.0,0.0,-0.0
9155699365,0.0,0.9999851,0.0,0.0,0.005456232,0.0,0.0,-0.0
9155707800,0.0,0.99998456,0.0,0.0,0.005555428,0.0,0.0,-0.0
9155717989,0.0,0.9999839,0.0,0.0,0.0056752223,0.0,0.0,-0.0
9155728408,0.0,0.9999832,0.0,0.0,0.005797555,0.0,0.0,-0.0
9155737877,0.0,0.99998254,0.0,0.0,0.0059085917,0.0,0.0,-0.0
9155748398,0.0,0.9999822,0.0,0.0,0.005974619,0.0,0.0,-0.0
9155758763,0.0,0.99998116,0.0,0.0,0.006135894,0.0,0.0,-0.0
9155769222,0.0,0.99998015,0.0,0.0,0.006298577,0.0,0.0,-0.0
9155778630,0.0,0.99997926,0.0,0.0,0.00644471,0.0,0.0,-0.0
9155788094,0.0,0.9999783,0.0,0.0,0.0065915124,0.0,0.0,-0.0
9155798629,0.0,0.9999772,0.0,0.0,0.0067547904,0.0,0.0,-0.0
9155808100,0.0,0.99997616,0.0,0.0,0.0069014784,0.0,0.0,-0.0
9155818579,0.0,0.999975,0.0,0.0,0.0070635593,0.0,0.0,-0.0
9155829096,0.0,0.9999739,0.0,0.0,0.0072261007,0.0,0.0,-0.0
9155839393,0.0,0.9999727,0.0,0.0,0.00738506,0.0,0.0,-0.0
9155847873,0.0,0.99997175,0.0,0.0,0.007515781,0.0,0.0,-0.0
9155858355,0.0,0.99997056,0.0,0.0,0.0076773157,0.0,0.0,-0.0
9155868778,0.0,0.9999693,0.0,0.0,0.007837714,0.0,0.0,-0.0
9155878152,0.0,0.9999682,0.0,0.0,0.007981902,0.0,0.0,-0.0
9155888647,0.0,0.9999668,0.0,0.0,0.008146882,0.0,0.0,-0.0
9155898972,0.0,0.99996513,0.0,0.0,0.00835026,0.0,0.0,-0.0
9155909487,0.0,0.9999634,0.0,0.0,0.008557275,0.0,0.0,-0.0
9155917856,0.0,0.999962,0.0,0.0,0.008721838,0.0,0.0,-0.0
9155928392,0.0,0.9999601,0.0,0.0,0.008928737,0.0,0.0,-0.0
9155938735,0.0,0.9999583,0.0,0.0,0.009131678,0.0,0.0,-0.0
9155949219,0.0,0.9999564,0.0,0.0,0.0093371365,0.0,0.0,-0.0
9155958637,0.0,0.99995464,0.0,0.0,0.009521555,0.0,0.0,-0.0
9155968251,0.0,0.99995285,0.0,0.0,0.009709575,0.0,0.0,-0.0
9155979239,0.0,0.99995077,0.0,0.0,0.009924086,0.0,0.0,-0.0
9155988937,0.0,0.99994886,0.0,0.0,0.010113721,0.0,0.0,-0.0
9155998349,0.0,0.99994695,0.0,0.0,0.010297337,0.0,0.0,-0.0
9156008904,0.0,0.99994487,0.0,0.0,0.010502905,0.0,0.0,-0.0
9156019481,0.0,0.99994266,0.0,0.0,0.010708831,0.0,0.0,-0.0
9156028294,0.0,0.99994045,0.0,0.0,0.010912229,0.0,0.0,-0.0
9156038851,0.0,0.99993926,0.0,0.0,0.011023916,0.0,0.0,-0.0
9156049467,0.0,0.999938,0.0,0.0,0.011136137,0.0,0.0,-0.0
9156058841,0.0,0.9999369,0.0,0.0,0.011235172,0.0,0.0,-0.0
9156068287,0.0,0.99993575,0.0,0.0,0.011334842,0.0,0.0,-0.0
9156078826,0.0,0.9999345,0.0,0.0,0.011445901,0.0,0.0,-0.0
9156090335,0.0,0.9999331,0.0,0.0,0.0115670515,0.0,0.0,-0.0
9156098692,0.0,0.99993205,0.0,0.0,0.011654947,0.0,0.0,-0.0
9156108164,0.0,0.9999309,0.0,0.0,0.011754409,0.0,0.0,-0.0
9156118511,0.0,0.9999296,0.0,0.0,0.011862998,0.0,0.0,-0.0
9156129121,0.0,0.9999283,0.0,0.0,0.01197421,0.0,0.0,-0.0
9156138853,0.0,0.9999271,0.0,0.0,0.012076124,0.0,0.0,-0.0
9156149372,0.0,0.99992573,0.0,0.0,0.012186182,0.0,0.0,-0.0
9156159866,0.0,0.9999244,0.0,0.0,0.012295873,0.0,0.0,-0.0
9156168305,0.0,0.9999235,0.0,0.0,0.012365911,0.0,0.0,-0.0
9156178734,0.0,0.99992144,0.0,0.0,0.012534873,0.0,0.0,-0.0
9156189219,0.0,0.9999193,0.0,0.0,0.012704451,0.0,0.0,-0.0
9156198689,0.0,0.9999173,0.0,0.0,0.012857555,0.0,0.0,-0.0
9156209159,0.0,0.9999151,0.0,0.0,0.013026574,0.0,0.0,-0.0
9156218741,0.0,0.9999131,0.0,0.0,0.0131811,0.0,0.0,-0.0
9156229164,0.0,0.9999109,0.0,0.0,0.0133490525,0.0,0.0,-0.0
9156238570,0.0,0.99990886,0.0,0.0,0.013500412,0.0,0.0,-0.0
9156249088,0.0,0.99990654,0.0,0.0,0.013669484,0.0,0.0,-0.0
9156259402,0.0,0.9999043,0.0,0.0,0.013835145,0.0,0.0,-0.0
9156269850,0.0,0.99990195,0.0,0.0,0.014002734,0.0,0.0,-0.0
9156279346,0.0,0.9998998,0.0,0.0,0.014154893,0.0,0.0,-0.0
9156288694,0.0,0.99989766,0.0,0.0,0.014304585,0.0,0.0,-0.0
9156299079,0.0,0.9998953,0.0,0.0,0.014470724,0.0,0.0,-0.0
9156309039,0.0,0.9998934,0.0,0.0,0.014598677,0.0,0.0,-0.0
9156319357,0.0,0.99989086,0.0,0.0,0.014773753,0.0,0.0,-0.0
9156329835,0.0,0.99988824,0.0,0.0,0.014951357,0.0,0.0,-0.0
9156340389,0.0,0.99988556,0.0,0.0,0.015130012,0.0,0.0,-0.0
9156348762,0.0,0.99988335,0.0,0.0,0.015271628,0.0,0.0,-0.0
9156359225,0.0,0.9998807,0.0,0.0,0.015448426,0.0,0.0,-0.0
9156369595,0.0,0.9998779,0.0,0.0,0.01562346,0.0,0.0,-0.0
9156379080,0.0,0.9998754,0.0,0.0,0.015783392,0.0,0.0,-0.0
9156388696,0.0,0.99987286,0.0,0.0,0.01594533,0.0,0.0,-0.0
9156399182,0.0,0.99987006,0.0,0.0,0.016121794,0.0,0.0,-0.0
9156410671,0.0,0.9998669,0.0,0.0,0.016314978,0.0,0.0,-0.0
9156419340,0.0,0.9998645,0.0,0.0,0.016460588,0.0,0.0,-0.0
9156428775,0.0,0.9998619,0.0,0.0,0.016618902,0.0,0.0,-0.0
9156439247,0.0,0.999859,0.0,0.0,0.0167944,0.0,0.0,-0.0
9156449753,0.0,0.99985754,0.0,0.0,0.016876964,0.0,0.0,-0.0
9156459163,0.0,0.99985486,0.0,0.0,0.01703529,0.0,0.0,-0.0
9156469724,0.0,0.9998518,0.0,0.0,0.017212713,0.0,0.0,-0.0
9156480567,0.0,0.9998487,0.0,0.0,0.017394712,0.0,0.0,-0.0
9156489014,0.0,0.9998462,0.0,0.0,0.017536348,0.0,0.0,-0.0
9156499448,0.0,0.9998431,0.0,0.0,0.017711217,0.0,0.0,-0.0
9156510162,0.0,0.99983996,0.0,0.0,0.017890451,0.0,0.0,-0.0
9156520938,0.0,0.9998367,0.0,0.0,0.018070633,0.0,0.0,-0.0
9156529629,0.0,0.99983406,0.0,0.0,0.018215736,0.0,0.0,-0.0
9156539303,0.0,0.99983114,0.0,0.0,0.018377032,0.0,0.0,-0.0
9156550002,0.0,0.9998278,0.0,0.0,0.018555542,0.0,0.0,-0.0
9156559034,0.0,0.99982506,0.0,0.0,0.018705804,0.0,0.0,-0.0
9156569586,0.0,0.9998217,0.0,0.0,0.01888147,0.0,0.0,-0.0
9156579972,0.0,0.99981844,0.0,0.0,0.019054135,0.0,0.0,-0.0
9156590499,0.0,0.99981683,0.0,0.0,0.019139227,0.0,0.0,-0.0
9156598915,0.0,0.99981517,0.0,0.0,0.01922671,0.0,0.0,-0.0
9156609482,0.0,0.999813,0.0,0.0,0.019336402,0.0,0.0,-0.0
9156619847,0.0,0.99981093,0.0,0.0,0.019443912,0.0,0.0,-0.0
9156629405,0.0,0.999809,0.0,0.0,0.019542927,0.0,0.0,-0.0
9156640089,0.0,0.9998069,0.0,0.0,0.019653503,0.0,0.0,-0.0
9156649718,0.0,0.9998049,0.0,0.0,0.019753104,0.0,0.0,-0.0
9156661315,0.0,0.99980253,0.0,0.0,0.019872952,0.0,0.0,-0.0
9156668761,0.0,0.999801,0.0,0.0,0.019949766,0.0,0.0,-0.0
9156679244,0.0,0.99979883,0.0,0.0,0.02005787,0.0,0.0,-0.0
9156689625,0.0,0.9997967,0.0,0.0,0.020164791,0.0,0.0,-0.0
9156700099,0.0,0.9997945,0.0,0.0,0.020272568,0.0,0.0,-0.0
9156709511,0.0,0.9997925,0.0,0.0,0.020369308,0.0,0.0,-0.0
9156719996,0.0,0.9997903,0.0,0.0,0.020476991,0.0,0.0,-0.0
9156731663,0.0,0.999788,0.0,0.0,0.020591898,0.0,0.0,-0.0
9156739009,0.0,0.99978673,0.0,0.0,0.020651916,0.0,0.0,-0.0
9156749638,0.0,0.99978495,0.0,0.0,0.020738624,0.0,0.0,-0.0
9156760030,0.0,0.99978316,0.0,0.0,0.020823078,0.0,0.0,-0.0
9156769994,0.0,0.9997815,0.0,0.0,0.020904355,0.0,0.0,-0.0
9156779559,0.0,0.9997798,0.0,0.0,0.020982262,0.0,0.0,-0.0
9156790176,0.0,0.99977803,0.0,0.0,0.021068517,0.0,0.0,-0.0
9156799847,0.0,0.99977636,0.0,0.0,0.021147037,0.0,0.0,-0.0
9156809472,0.0,0.9997747,0.0,0.0,0.021225095,0.0,0.0,-0.0
9156819921,0.0,0.9997729,0.0,0.0,0.021309743,0.0,0.0,-0.0
9156830294,0.0,0.9997711,0.0,0.0,0.021393687,0.0,0.0,-0.0
9156840831,0.0,0.99976933,0.0,0.0,0.02147889,0.0,0.0,-0.0
9156850154,0.0,0.99976766,0.0,0.0,0.021554198,0.0,0.0,-0.0
9156859498,0.0,0.99976605,0.0,0.0,0.021629607,0.0,0.0,-0.0
9156869960,0.0,0.9997624,0.0,0.0,0.021796973,0.0,0.0,-0.0
9156879645,0.0,0.9997618,0.0,0.0,0.02182536,0.0,0.0,-0.0
9156890131,0.0,0.9997611,0.0,0.0,0.021856094,0.0,0.0,-0.0
9156900280,0.0,0.99976045,0.0,0.0,0.021885816,0.0,0.0,-0.0
9156911670,0.0,0.99975973,0.0,0.0,0.021919133,0.0,0.0,-0.0
9156920117,0.0,0.9997592,0.0,0.0,0.021943815,0.0,0.0,-0.0
9156929645,0.0,0.9997586,0.0,0.0,0.021971656,0.0,0.0,-0.0
9156940061,0.0,0.99975795,0.0,0.0,0.022002034,0.0,0.0,-0.0
9156950564,0.0,0.99975723,0.0,0.0,0.022032605,0.0,0.0,-0.0
9156959587,0.0,0.9997567,0.0,0.0,0.02205885,0.0,0.0,-0.0
9156970073,0.0,0.999756,0.0,0.0,0.022089334,0.0,0.0,-0.0
9156981781,0.0,0.99975526,0.0,0.0,0.02212334,0.0,0.0,-0.0
9156990149,0.0,0.9997547,0.0,0.0,0.022147626,0.0,0.0,-0.0
9156999673,0.0,0.9997541,0.0,0.0,0.022175226,0.0,0.0,-0.0
9157010062,0.0,0.9997526,0.0,0.0,0.022244023,0.0,0.0,-0.0
9157020608,0.0,0.99975234,0.0,0.0,0.022254694,0.0,0.0,-0.0
9157030036,0.0,0.9997521,0.0,0.0,0.022264218,0.0,0.0,-0.0
9157040467,0.0,0.99975187,0.0,0.0,0.022274757,0.0,0.0,-0.0
9157052015,0.0,0.9997516,0.0,0.0,0.022286413,0.0,0.0,-0.0
9157059329,0.0,0.99975145,0.0,0.0,0.0222938,0.0,0.0,-0.0
9157070023,0.0,0.9997512,0.0,0.0,0.022304554,0.0,0.0,-0.0
9157080510,0.0,0.999751,0.0,0.0,0.022315083,0.0,0.0,-0.0
9157091062,0.0,0.99975073,0.0,0.0,0.022325674,0.0,0.0,-0.0
9157100498,0.0,0.99975055,0.0,0.0,0.022335121,0.0,0.0,-0.0
9157109918,0.0,0.9997503,0.0,0.0,0.022344545,0.0,0.0,-0.0
9157120384,0.0,0.9997501,0.0,0.0,0.02235503,0.0,0.0,-0.0
9157129941,0.0,0.9997499,0.0,0.0,0.022364544,0.0,0.0,-0.0
9157140402,0.0,0.99974966,0.0,0.0,0.022374935,0.0,0.0,-0.0
9157150959,0.0,0.9997477,0.0,0.0,0.022463012,0.0,0.0,-0.0
9157161810,0.0,0.9997432,0.0,0.0,0.02266125,0.0,0.0,-0.0
9157170189,0.0,0.9997397,0.0,0.0,0.022814162,0.0,0.0,-0.0
9157180762,0.0,0.9997353,0.0,0.0,0.023006918,0.0,0.0,-0.0
9157191126,0.0,0.99973094,0.0,0.0,0.023195732,0.0,0.0,-0.0
9157200591,0.0,0.99972695,0.0,0.0,0.023367932,0.0,0.0,-0.0
9157210727,0.0,0.9997226,0.0,0.0,0.023552237,0.0,0.0,-0.0
9157221108,0.0,0.9997181,0.0,0.0,0.023740772,0.0,0.0,-0.0
9157231757,0.0,0.99971354,0.0,0.0,0.023933958,0.0,0.0,-0.0
9157240128,0.0,0.9997099,0.0,0.0,0.024085697,0.0,0.0,-0.0
9157250709,0.0,0.99970526,0.0,0.0,0.024277313,0.0,0.0,-0.0
9157261115,0.0,0.99970067,0.0,0.0,0.02446557,0.0,0.0,-0.0
9157270584,0.0,0.9996965,0.0,0.0,0.024636626,0.0,0.0,-0.0
9157281040,0.0,0.9996918,0.0,0.0,0.024825031,0.0,0.0,-0.0
9157290408,0.0,0.99968714,0.0,0.0,0.025012441,0.0,0.0,-0.0
9157301903,0.0,0.99967813,0.0,0.0,0.025370518,0.0,0.0,-0.0
9157310335,0.0,0.9996714,0.0,0.0,0.02563301,0.0,0.0,-0.0
9157320899,0.0,0.99966294,0.0,0.0,0.025961429,0.0,0.0,-0.0
9157331309,0.0,0.9996545,0.0,0.0,0.026284829,0.0,0.0,-0.0
9157341526,0.0,0.9996461,0.0,0.0,0.026601998,0.0,0.0,-0.0
9157350227,0.0,0.9996389,0.0,0.0,0.026871435,0.0,0.0,-0.0
9157360751,0.0,0.9996301,0.0,0.0,0.027197681,0.0,0.0,-0.0
9157371071,0.0,0.99962133,0.0,0.0,0.027517008,0.0,0.0,-0.0
9157380568,0.0,0.9996132,0.0,0.0,0.027810423,0.0,0.0,-0.0
9157391064,0.0,0.99960417,0.0,0.0,0.028134545,0.0,0.0,-0.0
9157400551,0.0,0.9995959,0.0,0.0,0.02842711,0.0,0.0,-0.0
9157412122,0.0,0.9995857,0.0,0.0,0.02878371,0.0,0.0,-0.0
9157420504,0.0,0.9995782,0.0,0.0,0.029041793,0.0,0.0,-0.0
9157431015,0.0,0.9995749,0.0,0.0,0.029155616,0.0,0.0,-0.0
9157441482,0.0,0.999573,0.0,0.0,0.029221235,0.0,0.0,-0.0
9157450907,0.0,0.99957126,0.0,0.0,0.0292804,0.0,0.0,-0.0
9157460297,0.0,0.99956954,0.0,0.0,0.029339276,0.0,0.0,-0.0
9157470747,0.0,0.99956757,0.0,0.0,0.029404689,0.0,0.0,-0.0
9157482424,0.0,0.9995654,0.0,0.0,0.029477645,0.0,0.0,-0.0
9157490751,0.0,0.99956393,0.0,0.0,0.029529698,0.0,0.0,-0.0
9157501235,0.0,0.99956197,0.0,0.0,0.029595122,0.0,0.0,-0.0
9157511625,0.0,0.99956006,0.0,0.0,0.029659916,0.0,0.0,-0.0
9157521366,0.0,0.99955827,0.0,0.0,0.02972057,0.0,0.0,-0.0
9157531087,0.0,0.9995564,0.0,0.0,0.029781029,0.0,0.0,-0.0
9157541699,0.0,0.99955446,0.0,0.0,0.029846976,0.0,0.0,-0.0
9157552156,0.0,0.99955255,0.0,0.0,0.029911887,0.0,0.0,-0.0
9157560548,0.0,0.999551,0.0,0.0,0.029963907,0.0,0.0,-0.0
9157571222,0.0,0.9995479,0.0,0.0,0.030067408,0.0,0.0,-0.0
9157581680,0.0,0.99954563,0.0,0.0,0.030142287,0.0,0.0,-0.0
9157591078,0.0,0.9995436,0.0,0.0,0.030209513,0.0,0.0,-0.0
9157600518,0.0,0.9995415,0.0,0.0,0.030276962,0.0,0.0,-0.0
9157611050,0.0,0.99953926,0.0,0.0,0.030352142,0.0,0.0,-0.0
9157622574,0.0,0.99953675,0.0,0.0,0.030434294,0.0,0.0,-0.0
9157631008,0.0,0.99953496,0.0,0.0,0.030494364,0.0,0.0,-0.0
9157641591,0.0,0.99953264,0.0,0.0,0.030569676,0.0,0.0,-0.0
9157652046,0.0,0.9995304,0.0,0.0,0.03064376,0.0,0.0,-0.0
9157662516,0.0,0.9995281,0.0,0.0,0.030718341,0.0,0.0,-0.0
9157670890,0.0,0.99952626,0.0,0.0,0.030777747,0.0,0.0,-0.0
9157681518,0.0,0.99952394,0.0,0.0,0.03085311,0.0,0.0,-0.0
9157690882,0.0,0.9995219,0.0,0.0,0.03091939,0.0,0.0,-0.0
9157701359,0.0,0.9995196,0.0,0.0,0.030993456,0.0,0.0,-0.0
9157710839,0.0,0.9995175,0.0,0.0,0.031061364,0.0,0.0,-0.0
9157721242,0.0,0.999516,0.0,0.0,0.031107776,0.0,0.0,-0.0
9157732897,0.0,0.9995144,0.0,0.0,0.031159712,0.0,0.0,-0.0
9157741515,0.0,0.9995132,0.0,0.0,0.03119807,0.0,0.0,-0.0
9157750821,0.0,0.99951196,0.0,0.0,0.031239485,0.0,0.0,-0.0
9157761232,0.0,0.99951047,0.0,0.0,0.031285763,0.0,0.0,-0.0
9157771717,0.0,0.99950904,0.0,0.0,0.031332314,0.0,0.0,-0.0
9157781147,0.0,0.9995077,0.0,0.0,0.031374153,0.0,0.0,-0.0
9157791686,0.0,0.99950624,0.0,0.0,0.031420823,0.0,0.0,-0.0
9157802150,0.0,0.9995048,0.0,0.0,0.031467117,0.0,0.0,-0.0
9157810593,0.0,0.9995036,0.0,0.0,0.031504415,0.0,0.0,-0.0
9157821186,0.0,0.9995021,0.0,0.0,0.03155119,0.0,0.0,-0.0
9157831511,0.0,0.9995007,0.0,0.0,0.031596728,0.0,0.0,-0.0
9157842040,0.0,0.9994992,0.0,0.0,0.031643115,0.0,0.0,-0.0
9157851398,0.0,0.99949676,0.0,0.0,0.031721078,0.0,0.0,-0.0
9157861917,0.0,0.9994933,0.0,0.0,0.031830784,0.0,0.0,-0.0
9157872535,0.0,0.9994897,0.0,0.0,0.031941414,0.0,0.0,-0.0
9157880905,0.0,0.999487,0.0,0.0,0.032028515,0.0,0.0,-0.0
9157891399,0.0,0.99948347,0.0,0.0,0.032137666,0.0,0.0,-0.0
9157901865,0.0,0.99947995,0.0,0.0,0.03224641,0.0,0.0,-0.0
9157912350,0.0,0.99947643,0.0,0.0,0.03235526,0.0,0.0,-0.0
9157921752,0.0,0.9994733,0.0,0.0,0.032452766,0.0,0.0,-0.0
9157931151,0.0,0.9994701,0.0,0.0,0.032550145,0.0,0.0,-0.0
9157941660,0.0,0.99946654,0.0,0.0,0.032658923,0.0,0.0,-0.0
9157951128,0.0,0.9994634,0.0,0.0,0.03275684,0.0,0.0,-0.0
9157961598,0.0,0.9994598,0.0,0.0,0.03286503,0.0,0.0,-0.0
9157971963,0.0,0.9994563,0.0,0.0,0.032972027,0.0,0.0,-0.0
9157982546,0.0,0.99945265,0.0,0.0,0.033081114,0.0,0.0,-0.0
9157992124,0.0,0.9994511,0.0,0.0,0.03312939,0.0,0.0,-0.0
9158002295,0.0,0.99945223,0.0,0.0,0.033095036,0.0,0.0,-0.0
9158011866,0.0,0.9994533,0.0,0.0,0.03306279,0.0,0.0,-0.0
9158021099,0.0,0.9994543,0.0,0.0,0.0330317,0.0,0.0,-0.0
9158031566,0.0,0.99945545,0.0,0.0,0.032996472,0.0,0.0,-0.0
9158041993,0.0,0.99945664,0.0,0.0,0.03296142,0.0,0.0,-0.0
9158053618,0.0,0.9994579,0.0,0.0,0.032922365,0.0,0.0,-0.0
9158060966,0.0,0.99945873,0.0,0.0,0.0328977,0.0,0.0,-0.0
9158071563,0.0,0.9994599,0.0,0.0,0.03286216,0.0,0.0,-0.0
9158082171,0.0,0.99946105,0.0,0.0,0.032826662,0.0,0.0,-0.0
9158091694,0.0,0.9994621,0.0,0.0,0.032794815,0.0,0.0,-0.0
9158102103,0.0,0.99946326,0.0,0.0,0.032760017,0.0,0.0,-0.0
9158112606,0.0,0.9994644,0.0,0.0,0.032724995,0.0,0.0,-0.0
9158123057,0.0,0.9994655,0.0,0.0,0.03269001,0.0,0.0,-0.0
9158131553,0.0,0.99946225,0.0,0.0,0.032790065,0.0,0.0,-0.0
9158142079,0.0,0.9994663,0.0,0.0,0.032666005,0.0,0.0,-0.0
9158152428,0.0,0.9994703,0.0,0.0,0.032544132,0.0,0.0,-0.0
9158163379,0.0,0.99947447,0.0,0.0,0.032415364,0.0,0.0,-0.0
9158171612,0.0,0.9994776,0.0,0.0,0.032318655,0.0,0.0,-0.0
9158182005,0.0,0.99948156,0.0,0.0,0.032196622,0.0,0.0,-0.0
9158193528,0.0,0.9994859,0.0,0.0,0.03206153,0.0,0.0,-0.0
9158201957,0.0,0.99948907,0.0,0.0,0.03196284,0.0,0.0,-0.0
9158211455,0.0,0.9994926,0.0,0.0,0.03185167,0.0,0.0,-0.0
9158221822,0.0,0.99949646,0.0,0.0,0.03173045,0.0,0.0,-0.0
9158233305,0.0,0.9995007,0.0,0.0,0.031596396,0.0,0.0,-0.0
9158242016,0.0,0.9995039,0.0,0.0,0.031494785,0.0,0.0,-0.0
9158252585,0.0,0.9995078,0.0,0.0,0.031371642,0.0,0.0,-0.0
9158261926,0.0,0.9995112,0.0,0.0,0.03126289,0.0,0.0,-0.0
9158271483,0.0,0.9995088,0.0,0.0,0.03134019,0.0,0.0,-0.0
9158282007,0.0,0.99950874,0.0,0.0,0.031341314,0.0,0.0,-0.0
9158292452,0.0,0.9995087,0.0,0.0,0.031342436,0.0,0.0,-0.0
9158302935,0.0,0.9995087,0.0,0.0,0.031343542,0.0,0.0,-0.0
9158311365,0.0,0.9995086,0.0,0.0,0.03134442,0.0,0.0,-0.0
9158321811,0.0,0.9995086,0.0,0.0,0.031345513,0.0,0.0,-0.0
9158332414,0.0,0.99950856,0.0,0.0,0.03134661,0.0,0.0,-0.0
9158341978,0.0,0.99950856,0.0,0.0,0.031347584,0.0,0.0,-0.0
9158352414,0.0,0.9995085,0.0,0.0,0.031348642,0.0,0.0,-0.0
9158362841,0.0,0.9995085,0.0,0.0,0.031349696,0.0,0.0,-0.0
9158373321,0.0,0.99950844,0.0,0.0,0.031350784,0.0,0.0,-0.0
9158381741,0.0,0.99950844,0.0,0.0,0.03135166,0.0,0.0,-0.0
9158392516,0.0,0.9995084,0.0,0.0,0.031352773,0.0,0.0,-0.0
9158402948,0.0,0.9995083,0.0,0.0,0.031353857,0.0,0.0,-0.0
9158414369,0.0,0.99950427,0.0,0.0,0.031482894,0.0,0.0,-0.0
9158421703,0.0,0.99950606,0.0,0.0,0.03142656,0.0,0.0,-0.0
9158432277,0.0,0.9995086,0.0,0.0,0.031345483,0.0,0.0,-0.0
9158443746,0.0,0.99951136,0.0,0.0,0.031257637,0.0,0.0,-0.0
9158452124,0.0,0.9995134,0.0,0.0,0.031193528,0.0,0.0,-0.0
9158462672,0.0,0.9995159,0.0,0.0,0.031112894,0.0,0.0,-0.0
9158473105,0.0,0.99951833,0.0,0.0,0.031033196,0.0,0.0,-0.0
9158483545,0.0,0.99952084,0.0,0.0,0.030953495,0.0,0.0,-0.0
9158492159,0.0,0.99952286,0.0,0.0,0.030887837,0.0,0.0,-0.0
9158502712,0.0,0.9995253,0.0,0.0,0.030807478,0.0,0.0,-0.0
9158512425,0.0,0.99952763,0.0,0.0,0.030733576,0.0,0.0,-0.0
9158522247,0.0,0.9995299,0.0,0.0,0.030658897,0.0,0.0,-0.0
9158532911,0.0,0.9995324,0.0,0.0,0.030577878,0.0,0.0,-0.0
9158542464,0.0,0.9995346,0.0,0.0,0.030505382,0.0,0.0,-0.0
9158553996,0.0,0.99953383,0.0,0.0,0.030531509,0.0,0.0,-0.0
9158562403,0.0,0.999526,0.0,0.0,0.030785283,0.0,0.0,-0.0
9158572911,0.0,0.9995162,0.0,0.0,0.031102622,0.0,0.0,-0.0
9158582353,0.0,0.9995073,0.0,0.0,0.03138732,0.0,0.0,-0.0
9158592966,0.0,0.99949723,0.0,0.0,0.031706907,0.0,0.0,-0.0
9158602380,0.0,0.9994882,0.0,0.0,0.03199009,0.0,0.0,-0.0
9158612880,0.0,0.99947804,0.0,0.0,0.032305937,0.0,0.0,-0.0
9158624330,0.0,0.99946684,0.0,0.0,0.03264975,0.0,0.0,-0.0
9158632900,0.0,0.99945843,0.0,0.0,0.032906882,0.0,0.0,-0.0
9158642419,0.0,0.999449,0.0,0.0,0.033191897,0.0,0.0,-0.0
9158652792,0.0,0.99943864,0.0,0.0,0.033502787,0.0,0.0,-0.0
9158663581,0.0,0.99942774,0.0,0.0,0.03382569,0.0,0.0,-0.0
9158672867,0.0,0.9994183,0.0,0.0,0.03410334,0.0,0.0,-0.0
9158683246,0.0,0.99940753,0.0,0.0,0.034417756,0.0,0.0,-0.0
9158694707,0.0,0.99940425,0.0,0.0,0.03451234,0.0,0.0,-0.0
9158702137,0.0,0.9994003,0.0,0.0,0.034627087,0.0,0.0,-0.0
9158712652,0.0,0.999395,0.0,0.0,0.03477965,0.0,0.0,-0.0
9158723212,0.0,0.9993895,0.0,0.0,0.03493739,0.0,0.0,-0.0
9158733717,0.0,0.9993838,0.0,0.0,0.035099406,0.0,0.0,-0.0
9158743072,0.0,0.9993789,0.0,0.0,0.035239358,0.0,0.0,-0.0
9158753579,0.0,0.99937356,0.0,0.0,0.035390727,0.0,0.0,-0.0
9158764364,0.0,0.99936825,0.0,0.0,0.03554095,0.0,0.0,-0.0
9158772789,0.0,0.9993639,0.0,0.0,0.035662606,0.0,0.0,-0.0
9158783282,0.0,0.9993583,0.0,0.0,0.03581858,0.0,0.0,-0.0
9158792677,0.0,0.9993533,0.0,0.0,0.03595825,0.0,0.0,-0.0
9158804332,0.0,0.99934727,0.0,0.0,0.03612591,0.0,0.0,-0.0
9158812755,0.0,0.99934304,0.0,0.0,0.036242597,0.0,0.0,-0.0
9158823226,0.0,0.99933773,0.0,0.0,0.036387525,0.0,0.0,-0.0
9158833616,0.0,0.99933696,0.0,0.0,0.03640899,0.0,0.0,-0.0
9158843933,0.0,0.9993408,0.0,0.0,0.036304753,0.0,0.0,-0.0
9158852542,0.0,0.99934393,0.0,0.0,0.036217596,0.0,0.0,-0.0
9158863027,0.0,0.99934757,0.0,0.0,0.036117233,0.0,0.0,-0.0
9158874710,0.0,0.9993518,0.0,0.0,0.035999395,0.0,0.0,-0.0
9158883122,0.0,0.999355,0.0,0.0,0.035910442,0.0,0.0,-0.0
9158893550,0.0,0.9993586,0.0,0.0,0.03581047,0.0,0.0,-0.0
9158902921,0.0,0.9993618,0.0,0.0,0.035720594,0.0,0.0,-0.0
9158913415,0.0,0.99936557,0.0,0.0,0.035615005,0.0,0.0,-0.0
9158922816,0.0,0.9993688,0.0,0.0,0.035524864,0.0,0.0,-0.0
9158933288,0.0,0.9993725,0.0,0.0,0.035420116,0.0,0.0,-0.0
9158944780,0.0,0.99937654,0.0,0.0,0.03530576,0.0,0.0,-0.0
9158953138,0.0,0.99937934,0.0,0.0,0.035226803,0.0,0.0,-0.0
9158963616,0.0,0.99938285,0.0,0.0,0.035127692,0.0,0.0,-0.0
9158974048,0.0,0.9993789,0.0,0.0,0.035238523,0.0,0.0,-0.0
9158983537,0.0,0.99937737,0.0,0.0,0.035282195,0.0,0.0,-0.0
9158992908,0.0,0.9993756,0.0,0.0,0.035334203,0.0,0.0,-0.0
9159003541,0.0,0.9993735,0.0,0.0,0.03539295,0.0,0.0,-0.0
9159015172,0.0,0.9993716,0.0,0.0,0.03544584,0.0,0.0,-0.0
9159022524,0.0,0.9993704,0.0,0.0,0.03547923,0.0,0.0,-0.0
9159032927,0.0,0.99936855,0.0,0.0,0.03553146,0.0,0.0,-0.0
9159043412,0.0,0.9993667,0.0,0.0,0.03558429,0.0,0.0,-0.0
9159053858,0.0,0.99936515,0.0,0.0,0.03562742,0.0,0.0,-0.0
9159063239,0.0,0.9993639,0.0,0.0,0.035662215,0.0,0.0,-0.0
9159073761,0.0,0.9993622,0.0,0.0,0.035710983,0.0,0.0,-0.0
9159083149,0.0,0.99936044,0.0,0.0,0.035758186,0.0,0.0,-0.0
9159092866,0.0,0.9993587,0.0,0.0,0.035806578,0.0,0.0,-0.0
9159103234,0.0,0.9993569,0.0,0.0,0.035857886,0.0,0.0,-0.0
9159113690,0.0,0.9993515,0.0,0.0,0.036007293,0.0,0.0,-0.0
9159125108,0.0,0.9993492,0.0,0.0,0.036071725,0.0,0.0,-0.0
9159133593,0.0,0.99934745,0.0,0.0,0.03611956,0.0,0.0,-0.0
9159144149,0.0,0.9993455,0.0,0.0,0.03617409,0.0,0.0,-0.0
9159153410,0.0,0.99934375,0.0,0.0,0.036222138,0.0,0.0,-0.0
9159163951,0.0,0.9993418,0.0,0.0,0.036277015,0.0,0.0,-0.0
9159173554,0.0,0.99933994,0.0,0.0,0.03632698,0.0,0.0,-0.0
9159183942,0.0,0.99933743,0.0,0.0,0.036395974,0.0,0.0,-0.0
9159194460,0.0,0.9993351,0.0,0.0,0.036460828,0.0,0.0,-0.0
9159202878,0.0,0.9993335,0.0,0.0,0.036504872,0.0,0.0,-0.0
9159213309,0.0,0.9993313,0.0,0.0,0.036564227,0.0,0.0,-0.0
9159223707,0.0,0.99932915,0.0,0.0,0.036622852,0.0,0.0,-0.0
9159234183,0.0,0.9993268,0.0,0.0,0.036686476,0.0,0.0,-0.0
9159243664,0.0,0.99932456,0.0,0.0,0.036748875,0.0,0.0,-0.0
9159254201,0.0,0.999316,0.0,0.0,0.036980476,0.0,0.0,-0.0
9159264478,0.0,0.9993078,0.0,0.0,0.037200965,0.0,0.0,-0.0
9159273884,0.0,0.9993004,0.0,0.0,0.03739825,0.0,0.0,-0.0
9159283281,0.0,0.9992931,0.0,0.0,0.03759492,0.0,0.0,-0.0
9159293700,0.0,0.99928486,0.0,0.0,0.03781223,0.0,0.0,-0.0
9159303180,0.0,0.99927753,0.0,0.0,0.03800534,0.0,0.0,-0.0
9159313676,0.0,0.99926937,0.0,0.0,0.038219742,0.0,0.0,-0.0
9159324097,0.0,0.99926084,0.0,0.0,0.038442343,0.0,0.0,-0.0
9159334569,0.0,0.99925184,0.0,0.0,0.038675476,0.0,0.0,-0.0
9159344228,0.0,0.9992437,0.0,0.0,0.038885523,0.0,0.0,-0.0
9159353691,0.0,0.99923605,0.0,0.0,0.039081696,0.0,0.0,-0.0
9159364113,0.0,0.9992275,0.0,0.0,0.03929761,0.0,0.0,-0.0
9159374537,0.0,0.999219,0.0,0.0,0.039513823,0.0,0.0,-0.0
9159383951,0.0,0.9992115,0.0,0.0,0.039704543,0.0,0.0,-0.0
9159394448,0.0,0.99920535,0.0,0.0,0.039858334,0.0,0.0,-0.0
9159403765,0.0,0.99919873,0.0,0.0,0.040022958,0.0,0.0,-0.0
9159413329,0.0,0.999192,0.0,0.0,0.04019147,0.0,0.0,-0.0
9159423840,0.0,0.99918455,0.0,0.0,0.040376678,0.0,0.0,-0.0
9159434765,0.0,0.9991769,0.0,0.0,0.040564217,0.0,0.0,-0.0
9159444620,0.0,0.99917006,0.0,0.0,0.040732604,0.0,0.0,-0.0
9159454349,0.0,0.99916327,0.0,0.0,0.040898785,0.0,0.0,-0.0
9159463843,0.0,0.99915683,0.0,0.0,0.041055806,0.0,0.0,-0.0
9159474277,0.0,0.9991495,0.0,0.0,0.041234,0.0,0.0,-0.0
9159484063,0.0,0.9991426,0.0,0.0,0.041401017,0.0,0.0,-0.0
9159494424,0.0,0.99913526,0.0,0.0,0.041577954,0.0,0.0,-0.0
9159504889,0.0,0.9991278,0.0,0.0,0.041756194,0.0,0.0,-0.0
9159515552,0.0,0.99912065,0.0,0.0,0.041927043,0.0,0.0,-0.0
9159524153,0.0,0.9991147,0.0,0.0,0.042068783,0.0,0.0,-0.0
9159534697,0.0,0.9991117,0.0,0.0,0.042140488,0.0,0.0,-0.0
9159544256,0.0,0.9991189,0.0,0.0,0.041968755,0.0,0.0,-0.0
9159554771,0.0,0.9991268,0.0,0.0,0.041780405,0.0,0.0,-0.0
9159564173,0.0,0.99913365,0.0,0.0,0.04161687,0.0,0.0,-0.0
9159574596,0.0,0.9991414,0.0,0.0,0.041430585,0.0,0.0,-0.0
9159586082,0.0,0.9991501,0.0,0.0,0.041219845,0.0,0.0,-0.0
9159593598,0.0,0.99915564,0.0,0.0,0.041085415,0.0,0.0,-0.0
9159604166,0.0,0.999163,0.0,0.0,0.04090652,0.0,0.0,-0.0
9159614475,0.0,0.99917006,0.0,0.0,0.040732354,0.0,0.0,-0.0
9159624963,0.0,0.9991779,0.0,0.0,0.040540583,0.0,0.0,-0.0
9159634410,0.0,0.9991849,0.0,0.0,0.040367488,0.0,0.0,-0.0
9159645946,0.0,0.9991932,0.0,0.0,0.04016132,0.0,0.0,-0.0
9159655550,0.0,0.9992002,0.0,0.0,0.039985772,0.0,0.0,-0.0
9159663974,0.0,0.99920636,0.0,0.0,0.03983233,0.0,0.0,-0.0
9159674478,0.0,0.99920326,0.0,0.0,0.039910812,0.0,0.0,-0.0
9159685056,0.0,0.9991848,0.0,0.0,0.040369842,0.0,0.0,-0.0
9159695445,0.0,0.9991665,0.0,0.0,0.04082032,0.0,0.0,-0.0
9159703787,0.0,0.99915165,0.0,0.0,0.041181702,0.0,0.0,-0.0
9159714285,0.0,0.9991329,0.0,0.0,0.041635845,0.0,0.0,-0.0
9159724801,0.0,0.9991138,0.0,0.0,0.04209028,0.0,0.0,-0.0
9159734192,0.0,0.99909663,0.0,0.0,0.04249578,0.0,0.0,-0.0
9159744797,0.0,0.9990771,0.0,0.0,0.04295317,0.0,0.0,-0.0
9159755166,0.0,0.99905777,0.0,0.0,0.043400016,0.0,0.0,-0.0
9159765752,0.0,0.99903786,0.0,0.0,0.043855477,0.0,0.0,-0.0
9159774145,0.0,0.99902195,0.0,0.0,0.044216488,0.0,0.0,-0.0
9159784648,0.0,0.9990019,0.0,0.0,0.04466764,0.0,0.0,-0.0
9159794998,0.0,0.99898195,0.0,0.0,0.04511178,0.0,0.0,-0.0
9159805007,0.0,0.9989625,0.0,0.0,0.0455404,0.0,0.0,-0.0
9159814471,0.0,0.99895674,0.0,0.0,0.045666214,0.0,0.0,-0.0
9159824880,0.0,0.9989437,0.0,0.0,0.04595182,0.0,0.0,-0.0
9159836309,0.0,0.9989292,0.0,0.0,0.046265107,0.0,0.0,-0.0
9159843720,0.0,0.9989198,0.0,0.0,0.0464679,0.0,0.0,-0.0
9159854400,0.0,0.99890614,0.0,0.0,0.04675994,0.0,0.0,-0.0
9159864672,0.0,0.99889296,0.0,0.0,0.047040727,0.0,0.0,-0.0
9159875196,0.0,0.99887943,0.0,0.0,0.047327917,0.0,0.0,-0.0
9159884650,0.0,0.99886715,0.0,0.0,0.04758563,0.0,0.0,-0.0
9159896165,0.0,0.9988522,0.0,0.0,0.047899295,0.0,0.0,-0.0
9159905743,0.0,0.9988396,0.0,0.0,0.04815988,0.0,0.0,-0.0
9159914047,0.0,0.9988287,0.0,0.0,0.04838563,0.0,0.0,-0.0
9159924524,0.0,0.9988149,0.0,0.0,0.04867012,0.0,0.0,-0.0
9159935149,0.0,0.9988008,0.0,0.0,0.048958283,0.0,0.0,-0.0
9159945945,0.0,0.99878645,0.0,0.0,0.04925086,0.0,0.0,-0.0
9159955257,0.0,0.99878067,0.0,0.0,0.049367394,0.0,0.0,-0.0
9159964694,0.0,0.9987779,0.0,0.0,0.049423408,0.0,0.0,-0.0
9159975162,0.0,0.9987748,0.0,0.0,0.049485475,0.0,0.0,-0.0
9159984628,0.0,0.9987721,0.0,0.0,0.049541485,0.0,0.0,-0.0
9159995070,0.0,0.998769,0.0,0.0,0.049603395,0.0,0.0,-0.0
9160005439,0.0,0.99876595,0.0,0.0,0.049664665,0.0,0.0,-0.0
9160016044,0.0,0.99876285,0.0,0.0,0.049727175,0.0,0.0,-0.0
9160024665,0.0,0.9987603,0.0,0.0,0.049778193,0.0,0.0,-0.0
9160034447,0.0,0.9987574,0.0,0.0,0.04983586,0.0,0.0,-0.0
9160044958,0.0,0.9987543,0.0,0.0,0.04989779,0.0,0.0,-0.0
9160055437,0.0,0.9987512,0.0,0.0,0.049959358,0.0,0.0,-0.0
9160064910,0.0,0.9987485,0.0,0.0,0.05001506,0.0,0.0,-0.0
9160075543,0.0,0.9987453,0.0,0.0,0.050077464,0.0,0.0,-0.0
9160086138,0.0,0.9987422,0.0,0.0,0.050139535,0.0,0.0,-0.0
9160094521,0.0,0.9987373,0.0,0.0,0.05023777,0.0,0.0,-0.0
9160105166,0.0,0.99872833,0.0,0.0,0.05041517,0.0,0.0,-0.0
9160115531,0.0,0.99871963,0.0,0.0,0.050587807,0.0,0.0,-0.0
9160124986,0.0,0.99871165,0.0,0.0,0.050745092,0.0,0.0,-0.0
9160135493,0.0,0.99870276,0.0,0.0,0.05091975,0.0,0.0,-0.0
9160145992,0.0,0.9986938,0.0,0.0,0.05109396,0.0,0.0,-0.0
9160156530,0.0,0.9986849,0.0,0.0,0.051268715,0.0,0.0,-0.0
9160164936,0.0,0.99867773,0.0,0.0,0.05140795,0.0,0.0,-0.0
9160175433,0.0,0.9986688,0.0,0.0,0.051581662,0.0,0.0,-0.0
9160184907,0.0,0.9986607,0.0,0.0,0.051738203,0.0,0.0,-0.0
9160196473,0.0,0.9986508,0.0,0.0,0.05192925,0.0,0.0,-0.0
9160204886,0.0,0.9986435,0.0,0.0,0.052068017,0.0,0.0,-0.0
9160215363,0.0,0.9986345,0.0,0.0,0.052240666,0.0,0.0,-0.0
9160225767,0.0,0.9986256,0.0,0.0,0.05241195,0.0,0.0,-0.0
9160235306,0.0,0.9986197,0.0,0.0,0.0525241,0.0,0.0,-0.0
9160244816,0.0,0.9986073,0.0,0.0,0.052758716,0.0,0.0,-0.0
9160255210,0.0,0.9985937,0.0,0.0,0.05301502,0.0,0.0,-0.0
9160266715,0.0,0.9985786,0.0,0.0,0.053298358,0.0,0.0,-0.0
9160275151,0.0,0.9985675,0.0,0.0,0.053505883,0.0,0.0,-0.0
9160285126,0.0,0.99855435,0.0,0.0,0.05375104,0.0,0.0,-0.0
9160295523,0.0,0.9985406,0.0,0.0,0.05400629,0.0,0.0,-0.0
9160305138,0.0,0.9985278,0.0,0.0,0.054242123,0.0,0.0,-0.0
9160315611,0.0,0.9985138,0.0,0.0,0.05449883,0.0,0.0,-0.0
9160326049,0.0,0.9984999,0.0,0.0,0.054754257,0.0,0.0,-0.0
9160336543,0.0,0.99848574,0.0,0.0,0.055010848,0.0,0.0,-0.0
9160345888,0.0,0.99847317,0.0,0.0,0.05523901,0.0,0.0,-0.0
9160355353,0.0,0.99846035,0.0,0.0,0.055469878,0.0,0.0,-0.0
9160365719,0.0,0.9984463,0.0,0.0,0.055722624,0.0,0.0,-0.0
9160376233,0.0,0.99844205,0.0,0.0,0.05579802,0.0,0.0,-0.0
9160385687,0.0,0.99843055,0.0,0.0,0.05600345,0.0,0.0,-0.0
9160396237,0.0,0.99841774,0.0,0.0,0.05623238,0.0,0.0,-0.0
9160406875,0.0,0.9984047,0.0,0.0,0.05646307,0.0,0.0,-0.0
9160415276,0.0,0.99839437,0.0,0.0,0.056645058,0.0,0.0,-0.0
9160425718,0.0,0.99838156,0.0,0.0,0.05687104,0.0,0.0,-0.0
9160436221,0.0,0.99836856,0.0,0.0,0.05709807,0.0,0.0,-0.0
9160446836,0.0,0.99835545,0.0,0.0,0.057327244,0.0,0.0,-0.0
9160455281,0.0,0.99834496,0.0,0.0,0.05750944,0.0,0.0,-0.0
9160465716,0.0,0.99833196,0.0,0.0,0.057734277,0.0,0.0,-0.0
9160476318,0.0,0.99831873,0.0,0.0,0.05796256,0.0,0.0,-0.0
9160485693,0.0,0.99830705,0.0,0.0,0.058164194,0.0,0.0,-0.0
9160495270,0.0,0.998295,0.0,0.0,0.058369976,0.0,0.0,-0.0
9160505877,0.0,0.99828166,0.0,0.0,0.058597643,0.0,0.0,-0.0
9160516599,0.0,0.9982802,0.0,0.0,0.05862246,0.0,0.0,-0.0
9160526293,0.0,0.9982791,0.0,0.0,0.05864164,0.0,0.0,-0.0
9160535718,0.0,0.998278,0.0,0.0,0.05866027,0.0,0.0,-0.0
9160546537,0.0,0.99827677,0.0,0.0,0.058681637,0.0,0.0,-0.0
9160555983,0.0,0.99827564,0.0,0.0,0.058700286,0.0,0.0,-0.0
9160565335,0.0,0.99827456,0.0,0.0,0.058718745,0.0,0.0,-0.0
9160575778,0.0,0.9982734,0.0,0.0,0.058739282,0.0,0.0,-0.0
9160586695,0.0,0.9982721,0.0,0.0,0.058760714,0.0,0.0,-0.0
9160595017,0.0,0.9982711,0.0,0.0,0.058777016,0.0,0.0,-0.0
9160605530,0.0,0.9982699,0.0,0.0,0.058797613,0.0,0.0,-0.0
9160616196,0.0,0.9982687,0.0,0.0,0.058818486,0.0,0.0,-0.0
9160625916,0.0,0.9982676,0.0,0.0,0.058837473,0.0,0.0,-0.0
9160635389,0.0,0.99826646,0.0,0.0,0.05885594,0.0,0.0,-0.0
9160647279,0.0,0.9982651,0.0,0.0,0.058879193,0.0,0.0,-0.0
9160655166,0.0,0.99826056,0.0,0.0,0.058956087,0.0,0.0,-0.0
9160665995,0.0,0.9982664,0.0,0.0,0.05885788,0.0,0.0,-0.0
9160675466,0.0,0.9982714,0.0,0.0,0.058772065,0.0,0.0,-0.0
9160685854,0.0,0.99827695,0.0,0.0,0.058678024,0.0,0.0,-0.0
9160696489,0.0,0.9982826,0.0,0.0,0.05858185,0.0,0.0,-0.0
9160705901,0.0,0.9982876,0.0,0.0,0.05849684,0.0,0.0,-0.0
9160716265,0.0,0.9982931,0.0,0.0,0.058403265,0.0,0.0,-0.0
9160725678,0.0,0.99829805,0.0,0.0,0.058318406,0.0,0.0,-0.0
9160735188,0.0,0.99830306,0.0,0.0,0.05823269,0.0,0.0,-0.0
9160746001,0.0,0.9983087,0.0,0.0,0.058135346,0.0,0.0,-0.0
9160755690,0.0,0.9983138,0.0,0.0,0.0580482,0.0,0.0,-0.0
9160767253,0.0,0.9983198,0.0,0.0,0.0579443,0.0,0.0,-0.0
9160775651,0.0,0.9983242,0.0,0.0,0.05786891,0.0,0.0,-0.0
9160786108,0.0,0.99832964,0.0,0.0,0.05777518,0.0,0.0,-0.0
9160796668,0.0,0.99831575,0.0,0.0,0.05801443,0.0,0.0,-0.0
9160806086,0.0,0.99831,0.0,0.0,0.058112934,0.0,0.0,-0.0
9160815499,0.0,0.9983043,0.0,0.0,0.05821132,0.0,0.0,-0.0
9160825957,0.0,0.9982979,0.0,0.0,0.058320485,0.0,0.0,-0.0
9160837472,0.0,0.9982909,0.0,0.0,0.05844049,0.0,0.0,-0.0
9160845923,0.0,0.9982857,0.0,0.0,0.05852849,0.0,0.0,-0.0
9160856308,0.0,0.9982794,0.0,0.0,0.058636528,0.0,0.0,-0.0
9160866950,0.0,0.9982729,0.0,0.0,0.058747087,0.0,0.0,-0.0
9160876382,0.0,0.9982671,0.0,0.0,0.058844946,0.0,0.0,-0.0
9160885905,0.0,0.99826133,0.0,0.0,0.058943707,0.0,0.0,-0.0
9160897525,0.0,0.9982542,0.0,0.0,0.05906408,0.0,0.0,-0.0
9160908058,0.0,0.99824774,0.0,0.0,0.059173062,0.0,0.0,-0.0
9160915399,0.0,0.9982433,0.0,0.0,0.059248663,0.0,0.0,-0.0
9160925926,0.0,0.9982368,0.0,0.0,0.05935765,0.0,0.0,-0.0
9160936339,0.0,0.9982335,0.0,0.0,0.059413332,0.0,0.0,-0.0
9160947176,0.0,0.9982187,0.0,0.0,0.05966055,0.0,0.0,-0.0
9160956606,0.0,0.99820584,0.0,0.0,0.059875607,0.0,0.0,-0.0
9160966054,0.0,0.9981929,0.0,0.0,0.060090814,0.0,0.0,-0.0
9160977639,0.0,0.998177,0.0,0.0,0.060354505,0.0,0.0,-0.0
9160986045,0.0,0.9981654,0.0,0.0,0.06054554,0.0,0.0,-0.0
9160996545,0.0,0.99815094,0.0,0.0,0.06078402,0.0,0.0,-0.0
9161006938,0.0,0.9981366,0.0,0.0,0.06101977,0.0,0.0,-0.0
9161017407,0.0,0.99812204,0.0,0.0,0.061256938,0.0,0.0,-0.0
9161026353,0.0,0.9981096,0.0,0.0,0.06145947,0.0,0.0,-0.0
9161036522,0.0,0.9980954,0.0,0.0,0.06168937,0.0,0.0,-0.0
9161046866,0.0,0.9980809,0.0,0.0,0.061923094,0.0,0.0,-0.0
9161056318,0.0,0.9980677,0.0,0.0,0.062136427,0.0,0.0,-0.0
9161066862,0.0,0.99805284,0.0,0.0,0.062374115,0.0,0.0,-0.0
9161076505,0.0,0.9980487,0.0,0.0,0.062439565,0.0,0.0,-0.0
9161087998,0.0,0.99806017,0.0,0.0,0.062256712,0.0,0.0,-0.0
9161096381,0.0,0.99806845,0.0,0.0,0.06212344,0.0,0.0,-0.0
9161106823,0.0,0.99807876,0.0,0.0,0.061957646,0.0,0.0,-0.0
9161117441,0.0,0.9980892,0.0,0.0,0.061789416,0.0,0.0,-0.0
9161126809,0.0,0.99809843,0.0,0.0,0.061640706,0.0,0.0,-0.0
9161136258,0.0,0.9981076,0.0,0.0,0.06149108,0.0,0.0,-0.0
9161148237,0.0,0.9981193,0.0,0.0,0.061301548,0.0,0.0,-0.0
9161157879,0.0,0.99812865,0.0,0.0,0.061149225,0.0,0.0,-0.0
9161166250,0.0,0.9981367,0.0,0.0,0.061017033,0.0,0.0,-0.0
9161176772,0.0,0.99814683,0.0,0.0,0.060851023,0.0,0.0,-0.0
9161187198,0.0,0.99815685,0.0,0.0,0.06068671,0.0,0.0,-0.0
9161196662,0.0,0.9981659,0.0,0.0,0.060537763,0.0,0.0,-0.0
9161206209,0.0,0.998175,0.0,0.0,0.060387596,0.0,0.0,-0.0
9161216647,0.0,0.9981673,0.0,0.0,0.060515616,0.0,0.0,-0.0
9161228109,0.0,0.9981514,0.0,0.0,0.060775883,0.0,0.0,-0.0
9161236575,0.0,0.99813974,0.0,0.0,0.060967922,0.0,0.0,-0.0
9161246351,0.0,0.99812615,0.0,0.0,0.061189484,0.0,0.0,-0.0
9161256904,0.0,0.9981115,0.0,0.0,0.061428398,0.0,0.0,-0.0
9161266350,0.0,0.9980983,0.0,0.0,0.061641883,0.0,0.0,-0.0
9161276832,0.0,0.99808365,0.0,0.0,0.06187885,0.0,0.0,-0.0
9161287305,0.0,0.998069,0.0,0.0,0.06211524,0.0,0.0,-0.0
9161296689,0.0,0.9980558,0.0,0.0,0.06232689,0.0,0.0,-0.0
9161306144,0.0,0.99804246,0.0,0.0,0.0625399,0.0,0.0,-0.0
9161316679,0.0,0.99802756,0.0,0.0,0.06277694,0.0,0.0,-0.0
9161327125,0.0,0.9980128,0.0,0.0,0.06301175,0.0,0.0,-0.0
9161337626,0.0,0.9979979,0.0,0.0,0.06324751,0.0,0.0,-0.0
9161347223,0.0,0.99798423,0.0,0.0,0.06346273,0.0,0.0,-0.0
9161356686,0.0,0.997982,0.0,0.0,0.06349661,0.0,0.0,-0.0
9161367204,0.0,0.9979564,0.0,0.0,0.06389828,0.0,0.0,-0.0
9161376636,0.0,0.9979333,0.0,0.0,0.06425779,0.0,0.0,-0.0
9161387141,0.0,0.99790746,0.0,0.0,0.064658575,0.0,0.0,-0.0
9161398476,0.0,0.9978794,0.0,0.0,0.065090075,0.0,0.0,-0.0
9161408128,0.0,0.99785537,0.0,0.0,0.06545711,0.0,0.0,-0.0
9161416482,0.0,0.9978345,0.0,0.0,0.06577451,0.0,0.0,-0.0
9161427065,0.0,0.997808,0.0,0.0,0.06617599,0.0,0.0,-0.0
9161437400,0.0,0.9977819,0.0,0.0,0.06656802,0.0,0.0,-0.0
9161446956,0.0,0.9977577,0.0,0.0,0.06692973,0.0,0.0,-0.0
9161457525,0.0,0.9977308,0.0,0.0,0.067329615,0.0,0.0,-0.0
9161466898,0.0,0.99770683,0.0,0.0,0.067683905,0.0,0.0,-0.0
9161478401,0.0,0.99767727,0.0,0.0,0.06811829,0.0,0.0,-0.0
9161486906,0.0,0.99765533,0.0,0.0,0.06843897,0.0,0.0,-0.0
9161496917,0.0,0.9976525,0.0,0.0,0.068480186,0.0,0.0,-0.0
9161507334,0.0,0.9976364,0.0,0.0,0.06871397,0.0,0.0,-0.0
9161517964,0.0,0.99762,0.0,0.0,0.06895196,0.0,0.0,-0.0
9161527390,0.0,0.9976054,0.0,0.0,0.069163024,0.0,0.0,-0.0
9161537262,0.0,0.99759007,0.0,0.0,0.06938376,0.0,0.0,-0.0
9161548916,0.0,0.9975719,0.0,0.0,0.06964404,0.0,0.0,-0.0
9161557324,0.0,0.9975588,0.0,0.0,0.06983162,0.0,0.0,-0.0
9161566790,0.0,0.997544,0.0,0.0,0.07004261,0.0,0.0,-0.0
9161577114,0.0,0.99752784,0.0,0.0,0.07027249,0.0,0.0,-0.0
9161588654,0.0,0.9975097,0.0,0.0,0.07052915,0.0,0.0,-0.0
9161597063,0.0,0.9974965,0.0,0.0,0.07071596,0.0,0.0,-0.0
9161607600,0.0,0.9974799,0.0,0.0,0.07094975,0.0,0.0,-0.0
9161618071,0.0,0.99746335,0.0,0.0,0.07118185,0.0,0.0,-0.0
9161627513,0.0,0.9974484,0.0,0.0,0.07139101,0.0,0.0,-0.0
9161637467,0.0,0.99744517,0.0,0.0,0.071436346,0.0,0.0,-0.0
9161648469,0.0,0.9974581,0.0,0.0,0.07125555,0.0,0.0,-0.0
9161657093,0.0,0.9974682,0.0,0.0,0.07111408,0.0,0.0,-0.0
9161666792,0.0,0.9974795,0.0,0.0,0.07095518,0.0,0.0,-0.0
9161677206,0.0,0.9974916,0.0,0.0,0.07078465,0.0,0.0,-0.0
9161687656,0.0,0.99750376,0.0,0.0,0.0706137,0.0,0.0,-0.0
9161697108,0.0,0.99751467,0.0,0.0,0.07045926,0.0,0.0,-0.0
9161707696,0.0,0.9975268,0.0,0.0,0.070286416,0.0,0.0,-0.0
9161718378,0.0,0.9975391,0.0,0.0,0.0701122,0.0,0.0,-0.0
9161728950,0.0,0.9975512,0.0,0.0,0.069939904,0.0,0.0,-0.0
9161737312,0.0,0.99756074,0.0,0.0,0.06980375,0.0,0.0,-0.0
9161747802,0.0,0.99757266,0.0,0.0,0.06963315,0.0,0.0,-0.0
9161758260,0.0,0.9975845,0.0,0.0,0.06946327,0.0,0.0,-0.0
9161768227,0.0,0.9975958,0.0,0.0,0.06930153,0.0,0.0,-0.0
9161777638,0.0,0.99758756,0.0,0.0,0.069419354,0.0,0.0,-0.0
9161788325,0.0,0.9975724,0.0,0.0,0.06963637,0.0,0.0,-0.0
9161798817,0.0,0.9975576,0.0,0.0,0.06984936,0.0,0.0,-0.0
9161807252,0.0,0.99754554,0.0,0.0,0.07002035,0.0,0.0,-0.0
9161817769,0.0,0.9975306,0.0,0.0,0.07023336,0.0,0.0,-0.0
9161828248,0.0,0.9975156,0.0,0.0,0.07044532,0.0,0.0,-0.0
9161838730,0.0,0.99750066,0.0,0.0,0.07065727,0.0,0.0,-0.0
9161848122,0.0,0.9974872,0.0,0.0,0.07084689,0.0,0.0,-0.0
9161857491,0.0,0.9974738,0.0,0.0,0.07103588,0.0,0.0,-0.0
9161868045,0.0,0.99745864,0.0,0.0,0.07124789,0.0,0.0,-0.0
9161877892,0.0,0.9974444,0.0,0.0,0.07144668,0.0,0.0,-0.0
9161887377,0.0,0.99743074,0.0,0.0,0.07163737,0.0,0.0,-0.0
9161898498,0.0,0.99741465,0.0,0.0,0.07186084,0.0,0.0,-0.0
9161909181,0.0,0.9973992,0.0,0.0,0.072075225,0.0,0.0,-0.0
9161917646,0.0,0.9973951,0.0,0.0,0.07213213,0.0,0.0,-0.0
9161928135,0.0,0.99739575,0.0,0.0,0.07212261,0.0,0.0,-0.0
9161937551,0.0,0.9973964,0.0,0.0,0.07211408,0.0,0.0,-0.0
9161948100,0.0,0.99739707,0.0,0.0,0.07210452,0.0,0.0,-0.0
9161957557,0.0,0.9973977,0.0,0.0,0.072095975,0.0,0.0,-0.0
9161968240,0.0,0.9973984,0.0,0.0,0.07208632,0.0,0.0,-0.0
9161979590,0.0,0.99739915,0.0,0.0,0.072076075,0.0,0.0,-0.0
9161987975,0.0,0.9973997,0.0,0.0,0.07206852,0.0,0.0,-0.0
9161997411,0.0,0.9974003,0.0,0.0,0.072060026,0.0,0.0,-0.0
9162008230,0.0,0.997401,0.0,0.0,0.07205024,0.0,0.0,-0.0
