timestamp,rollspeed_integ,pitchspeed_integ,yawspeed_integ
9100592604,0.0,0.0,0.0
9100602423,0.0,0.0,0.0
9100612199,0.0,0.0,0.0
9100632179,0.0,0.0,0.0
9100652228,0.0,0.0,0.0
9100672137,0.0,0.0,0.0
9100693258,0.0,0.0,0.0
9100712147,0.0,0.0,0.0
9100733126,0.0,0.0,0.0
9100751952,0.0,0.0,0.0
9100772362,0.0,0.0,0.0
9100792335,0.0,0.0,0.0
9100812353,0.0,0.0,0.0
9100832224,0.0,0.0,0.0
9100852274,0.0,0.0,0.0
9100874248,0.0,0.0,0.0
9100892256,0.0,0.0,0.0
9100913120,0.0,0.0,0.0
9100934106,0.0,0.0,0.0
9100952078,0.0,0.0,0.0
9100973004,0.0,0.0,0.0
9100992998,0.0,0.0,0.0
9101013105,0.0,0.0,0.0
9101032293,0.0,0.0,0.0
9101053456,0.0,0.0,0.0
9101072557,0.0,0.0,0.0
9101092422,0.0,0.0,0.0
9101113455,0.0,0.0,0.0
9101132951,0.0,0.0,0.0
9101152882,0.0,0.0,0.0
9101172769,0.0,0.0,0.0
9101194882,0.0,0.0,0.0
9101212744,0.0,0.0,0.0
9101233628,0.0,0.0,0.0
9101253521,0.0,0.0,0.0
9101272433,0.0,0.0,0.0
9101293329,0.0,0.0,0.0
9101313227,0.0,0.0,0.0
9101333020,0.0,0.0,0.0
9101353557,0.0,0.0,0.0
9101374583,0.0,0.0,0.0
9101393538,0.0,0.0,0.0
9101413432,0.0,0.0,0.0
9101434368,0.0,0.0,0.0
9101452563,0.0,0.0,0.0
9101473516,0.0,0.0,0.0
9101493429,0.0,0.0,0.0
9101503957,0.0,0.0,0.0
9101533595,0.0,0.0,0.0
9101554761,0.0,0.0,0.0
9101573886,0.0,0.0,0.0
9101593786,0.0,0.0,0.0
9101614005,0.0,0.0,0.0
9101632956,0.0,0.0,0.0
9101654060,0.0,0.0,0.0
9101674006,0.0,0.0,0.0
9101694898,0.0,0.0,0.0
9101713802,0.0,0.0,0.0
9101734819,0.0,0.0,0.0
9101753723,0.0,0.0,0.0
9101773604,0.0,0.0,0.0
9101794453,0.0,0.0,0.0
9101813432,0.0,0.0,0.0
9101834368,0.0,0.0,0.0
9101854317,0.0,0.0,0.0
9101864737,0.0,0.0,0.0
9101894088,0.0,0.0,0.0
9101914055,0.0,0.0,0.0
9101935047,0.0,0.0,0.0
9101954001,0.0,0.0,0.0
9101973914,0.0,0.0,0.0
9101994126,0.0,0.0,0.0
9102004601,0.0,0.0,0.0
9102033901,0.0,0.0,0.0
9102054820,0.0,0.0,0.0
9102074773,0.0,0.0,0.0
9102093587,0.0,0.0,0.0
9102114523,0.0,0.0,0.0
9102134568,0.0,0.0,0.0
9102154473,0.0,0.0,0.0
9102174425,0.0,0.0,0.0
9102186024,0.0,0.0,0.0
9102214471,0.0,0.0,0.0
9102224820,0.0,0.0,0.0
9102254449,0.0,0.0,0.0
9102273905,0.0,0.0,0.0
9102294818,0.0,0.0,0.0
9102314239,0.0,0.0,0.0
9102335194,0.0,0.0,0.0
9102354352,0.0,0.0,0.0
9102364740,0.0,0.0,0.0
9102394546,0.0,0.0,0.0
9102414555,0.0,0.0,0.0
9102424998,0.0,0.0,0.0
9102454420,0.0,0.0,0.0
9102464873,0.0,0.0,0.0
9102494813,0.0,0.0,0.0
9102505335,0.0,0.0,0.0
9102535163,0.0,0.0,0.0
9102545736,0.0,0.0,0.0
9102564823,0.0,0.0,0.0
9102594513,0.0,0.0,0.0
9102604981,0.0,0.0,0.0
9102624947,0.0,0.0,0.0
9102655417,0.0,0.0,0.0
9102674982,0.0,0.0,0.0
9102686385,0.0,0.0,0.0
9102714906,0.0,0.0,0.0
9102725297,0.0,0.0,0.0
9102745356,0.0,0.0,0.0
9102774923,0.0,0.0,0.0
9102785397,0.0,0.0,0.0
9102806317,0.0,0.0,0.0
9102825548,0.0,0.0,0.0
9102855060,0.0,0.0,0.0
9102865471,0.0,0.0,0.0
9102895037,0.0,0.0,0.0
9102915124,0.0,0.0,0.0
9102925580,0.0,0.0,0.0
9102946622,0.0,0.0,0.0
9102965474,0.0,0.0,0.0
9102986472,0.0,0.0,0.0
9103006356,0.0,0.0,0.0
9103025886,0.0,0.0,0.0
9103045577,0.0,0.0,0.0
9103065509,0.0,0.0,0.0
9103087403,0.0,0.0,0.0
9103106453,0.0,0.0,0.0
9103127302,0.0,0.0,0.0
9103146191,0.0,0.0,0.0
9103166147,0.0,0.0,0.0
9103187261,0.0,0.0,0.0
9103206121,0.0,0.0,0.0
9103225977,0.0,0.0,0.0
9103245899,0.0,0.0,0.0
9103267800,0.0,0.0,0.0
9103286001,0.0,0.0,0.0
9103306931,0.0,0.0,0.0
9103326852,0.0,0.0,0.0
9103345836,0.0,0.0,0.0
9103366867,0.0,0.0,0.0
9103385767,0.0,0.0,0.0
9103406919,0.0,0.0,0.0
9103425928,0.0,0.0,0.0
9103447352,0.0,0.0,0.0
9103466255,0.0,0.0,0.0
9103486174,0.0,0.0,0.0
9103507416,0.0,0.0,0.0
9103525824,0.0,0.0,0.0
9103547150,0.0,0.0,0.0
9103567171,0.0,0.0,0.0
9103587501,0.0,0.0,0.0
9103606837,0.0,0.0,0.0
9103627763,0.0,0.0,0.0
9103646805,0.0,0.0,0.0
9103666715,0.0,0.0,0.0
9103688174,0.0,0.0,0.0
9103706384,0.0,0.0,0.0
9103727185,0.0,0.0,0.0
9103746918,0.0,0.0,0.0
9103767755,0.0,0.0,0.0
9103786771,0.0,0.0,0.0
9103807749,0.0,0.0,0.0
9103827687,0.0,0.0,0.0
9103846559,0.0,0.0,0.0
9103867613,0.0,0.0,0.0
9103887570,0.0,0.0,0.0
9103907416,0.0,0.0,0.0
9103927354,0.0,0.0,0.0
9103946274,0.0,0.0,0.0
9103967367,0.0,0.0,0.0
9103987203,0.0,0.0,0.0
9104008146,0.0,0.0,0.0
9104026959,0.0,0.0,0.0
9104047945,0.0,0.0,0.0
9104067860,0.0,0.0,0.0
9104088778,0.0,0.0,0.0
9104107779,0.0,0.0,0.0
9104128352,0.0,0.0,0.0
9104147247,0.0,0.0,0.0
9104167295,0.0,0.0,0.0
9104189154,0.0,0.0,0.0
9104207284,0.0,0.0,0.0
9104228127,0.0,0.0,0.0
9104248118,0.0,0.0,0.0
9104268991,0.0,0.0,0.0
9104287848,0.0,0.0,0.0
9104307722,0.0,0.0,0.0
9104328649,0.0,0.0,0.0
9104347515,0.0,0.0,0.0
9104368601,0.0,0.0,0.0
9104387448,0.0,0.0,0.0
9104409573,0.0,0.0,0.0
9104427655,0.0,0.0,0.0
9104448978,0.0,0.0,0.0
9104467958,0.0,0.0,0.0
9104487923,0.0,0.0,0.0
9104508792,0.0,0.0,0.0
9104527949,0.0,0.0,0.0
9104548327,0.0,0.0,0.0
9104568443,0.0,0.0,0.0
9104589887,0.0,0.0,0.0
9104607779,0.0,0.0,0.0
9104629092,0.0,0.0,0.0
9104649006,0.0,0.0,0.0
9104667950,0.0,0.0,0.0
9104689884,0.0,0.0,0.0
9104708375,0.0,0.0,0.0
9104729153,0.0,0.0,0.0
9104748386,0.0,0.0,0.0
9104769329,0.0,0.0,0.0
9104788257,0.0,0.0,0.0
9104808323,0.0,0.0,0.0
9104829457,0.0,0.0,0.0
9104848406,0.0,0.0,0.0
9104868551,0.0,0.0,0.0
9104888562,0.0,0.0,0.0
9104910237,0.0,0.0,0.0
9104929229,0.0,0.0,0.0
9104950116,0.0,0.0,0.0
9104968845,0.0,0.0,0.0
9104988773,0.0,0.0,0.0
9105009705,0.0,0.0,0.0
9105028760,0.0,0.0,0.0
9105049820,0.0,0.0,0.0
9105068775,0.0,0.0,0.0
9105090607,0.0,0.0,0.0
9105108561,0.0,0.0,0.0
9105129067,0.0,0.0,0.0
9105149848,0.0,0.0,0.0
9105168838,0.0,0.0,0.0
9105190762,0.0,0.0,0.0
9105209011,0.0,0.0,0.0
9105230099,0.0,0.0,0.0
9105249192,0.0,0.0,0.0
9105269983,0.0,0.0,0.0
9105288998,0.0,0.0,0.0
9105308842,0.0,0.0,0.0
9105329781,0.0,0.0,0.0
9105348861,0.0,0.0,0.0
9105369670,0.0,0.0,0.0
9105389529,0.0,0.0,0.0
9105411439,0.0,0.0,0.0
9105429349,0.0,0.0,0.0
9105450169,0.0,0.0,0.0
9105470024,0.0,0.0,0.0
9105488982,0.0,0.0,0.0
9105509881,0.0,0.0,0.0
9105529227,0.0,0.0,0.0
9105550173,0.0,0.0,0.0
9105569292,0.0,0.0,0.0
9105591407,0.0,0.0,0.0
9105609444,0.0,0.0,0.0
9105629861,0.0,0.0,0.0
9105649818,0.0,0.0,0.0
9105669862,0.0,0.0,0.0
9105691058,0.0,0.0,0.0
9105710200,0.0,0.0,0.0
9105731144,0.0,0.0,0.0
9105749800,0.0,0.0,0.0
9105770935,0.0,0.0,0.0
9105790073,0.0,0.0,0.0
9105809921,0.0,0.0,0.0
9105829971,0.0,0.0,0.0
9105849863,0.0,0.0,0.0
9105870793,0.0,0.0,0.0
9105890016,0.0,0.0,0.0
9105911955,0.0,0.0,0.0
9105929865,0.0,0.0,0.0
9105950837,0.0,0.0,0.0
9105970893,0.0,0.0,0.0
9105989767,0.0,0.0,0.0
9106010629,0.0,0.0,0.0
9106030470,0.0,0.0,0.0
9106051559,0.0,0.0,0.0
9106070513,0.0,0.0,0.0
9106091441,0.0,0.0,0.0
9106110281,0.0,0.0,0.0
9106130383,0.0,0.0,0.0
9106151317,0.0,0.0,0.0
9106170240,0.0,0.0,0.0
9106192132,0.0,0.0,0.0
9106210369,0.0,0.0,0.0
9106232158,0.0,0.0,0.0
9106250993,0.0,0.0,0.0
9106272070,0.0,0.0,0.0
9106291030,0.0,0.0,0.0
9106310851,0.0,0.0,0.0
9106330744,0.0,0.0,0.0
9106350651,0.0,0.0,0.0
9106371628,0.0,0.0,0.0
9106390659,0.0,0.0,0.0
9106413265,0.0,0.0,0.0
9106431367,0.0,0.0,0.0
9106452313,0.0,0.0,0.0
9106471626,0.0,0.0,0.0
9106490550,0.0,0.0,0.0
9106511502,0.0,0.0,0.0
9106531455,0.0,0.0,0.0
9106552477,0.0,0.0,0.0
9106571396,0.0,0.0,0.0
9106592385,0.0,0.0,0.0
9106611697,0.0,0.0,0.0
9106632032,0.0,0.0,0.0
9106651961,0.0,0.0,0.0
9106671062,0.0,0.0,0.0
9106692975,0.0,0.0,0.0
9106711495,0.0,0.0,0.0
9106732438,0.0,0.0,0.0
9106751537,0.0,0.0,0.0
9106771731,0.0,0.0,0.0
9106792040,0.0,0.0,0.0
9106811154,0.0,0.0,0.0
9106832263,0.0,0.0,0.0
9106851662,0.0,0.0,0.0
9106872543,0.0,0.0,0.0
9106892162,0.0,0.0,0.0
9106912871,0.0,0.0,0.0
9106931766,0.0,0.0,0.0
9106952751,0.0,0.0,0.0
9106972750,0.0,0.0,0.0
9106991642,0.0,0.0,0.0
9107013026,0.0,0.0,0.0
9107032385,0.0,0.0,0.0
9107053638,0.0,0.0,0.0
9107071556,0.0,0.0,0.0
9107093001,0.0,0.0,0.0
9107112772,0.0,0.0,0.0
9107131754,0.0,0.00033573515,0.0
9107152744,0.0,0.0007063584,0.0
9107171577,0.0,0.0010443382,0.0
9107193545,0.0,0.0014061118,0.0
9107212687,0.0,0.0017677834,0.0
9107233559,0.0,0.0021170245,0.0
9107252491,0.0,0.0024720002,0.0
9107272387,0.0,0.00282779,0.0
9107292360,0.0,0.003173301,0.0
9107312250,0.0,0.003528418,0.0
9107333112,0.0,0.0038943933,0.0
9107352468,0.0,0.004240612,0.0
9107374380,0.0,0.0046056733,0.0
9107392415,0.0,0.0049473695,0.0
9107413445,0.0,0.005303418,0.0
9107432251,0.0,0.0056551946,0.0
9107453209,0.0,0.006026557,0.0
9107472813,0.0,0.006369189,0.0
9107491802,0.0,0.006705821,0.0
9107512875,0.0,0.0070770667,0.0
9107533141,0.0,0.0074395402,0.0
9107554435,0.0,0.007790433,0.0
9107573385,0.0,0.0081489505,0.0
9107593275,0.0,0.008485206,0.0
9107613134,0.0,0.008848618,0.0
9107632080,-0.00036323693,0.009191054,-8.045623e-07
9107653284,-0.0011450632,0.009563154,-2.53616e-06
9107673313,-0.0018890777,0.009917172,-4.184209e-06
9107694051,-0.0026204232,0.010265131,-5.8040864e-06
9107713005,-0.003365638,0.010619667,-7.454607e-06
9107733997,-0.0041161748,0.01097674,-9.117051e-06
9107752834,-0.004847191,0.011324545,-1.0736187e-05
9107772676,-0.005585316,0.011675709,-1.2370842e-05
9107793590,-0.006353981,0.012041443,-1.4073505e-05
9107812763,-0.0070759756,0.0123850135,-1.5672871e-05
9107833610,-0.007843312,0.012750129,-1.7372728e-05
9107853548,-0.0085914675,0.013106143,-1.9030138e-05
9107874891,-0.009346242,0.013465232,-2.0702118e-05
9107893946,-0.010093603,0.013820815,-2.2357859e-05
9107913880,-0.010814429,0.014163765,-2.3954895e-05
9107933796,-0.011584279,0.014530083,-2.566063e-05
9107953732,-0.012318326,0.01487936,-2.72867e-05
9107973713,-0.013053013,0.015228912,-2.8914403e-05
9107993571,-0.013801427,0.015584976,-3.057228e-05
9108013458,-0.014540204,0.015936438,-3.2208874e-05
9108033481,-0.015291921,0.016294075,-3.387386e-05
9108054874,-0.016040826,0.016650341,-3.5532947e-05
9108074134,-0.01679787,0.017010469,-3.72103e-05
9108093555,-0.017518986,0.017353568,-3.880817e-05
9108114404,-0.018288625,0.017719824,-4.051341e-05
9108133275,-0.018998325,0.018057607,-4.208637e-05
9108143992,-0.019396111,0.01824693,-4.296775e-05
9108173546,-0.020503562,0.018774094,-4.54223e-05
9108194704,-0.021241648,0.019125437,-4.705839e-05
9108213663,-0.021995543,0.019484282,-4.8729584e-05
9108234711,-0.022742124,0.019839544,-5.038444e-05
9108253548,-0.02347846,0.020189924,-5.201609e-05
9108273468,-0.024212945,0.020539489,-5.3644068e-05
9108294327,-0.024980793,0.02090495,-5.534618e-05
9108313987,-0.02572772,0.02126045,-5.7001642e-05
9108334065,-0.026468195,0.021612808,-5.8642665e-05
9108354038,-0.027211057,0.021966249,-6.0289254e-05
9108364501,-0.027592339,0.022147605,-6.113409e-05
9108394091,-0.028707068,0.022677802,-6.360426e-05
9108414331,-0.029430345,0.023021892,-6.5207154e-05
9108434205,-0.030194487,0.023385553,-6.690108e-05
9108454167,-0.030934356,0.023737857,-6.854192e-05
9108474965,-0.031709936,0.024107145,-7.0261565e-05
9108493939,-0.032424614,0.024447279,-7.184619e-05
9108514807,-0.033188116,0.024810566,-7.353836e-05
9108534063,-0.033916757,0.025157256,-7.515382e-05
9108544593,-0.03430056,0.025339894,-7.600479e-05
9108574027,-0.03539745,0.025861915,-7.843682e-05
9108594998,-0.03617767,0.026233206,-8.016651e-05
9108614835,-0.036909036,0.026581245,-8.178789e-05
9108633776,-0.03762874,0.026923709,-8.33834e-05
9108654378,-0.038378168,0.027280228,-8.504434e-05
9108674251,-0.03913445,0.027639953,-8.672059e-05
9108695145,-0.03986327,0.02798662,-8.833586e-05
9108715128,-0.040647145,0.028359544,-9.0073474e-05
9108724411,-0.040987797,0.028521605,-9.082859e-05
9108754951,-0.04213925,0.029069295,-9.338094e-05
9108774817,-0.042871904,0.029417625,-9.5004834e-05
9108794671,-0.043603044,0.02976515,-9.662538e-05
9108814716,-0.043991048,0.030126896,-9.748539e-05
9108825217,-0.043991048,0.030309418,-9.748539e-05
9108854570,-0.043991048,0.03083228,-9.748539e-05
9108864980,-0.043991048,0.03083228,-9.748539e-05
9108884831,-0.043991048,0.03083228,-9.748539e-05
9108904877,-0.043991048,0.03083228,-9.748539e-05
9108935263,-0.043991048,0.03083228,-9.748539e-05
9108955149,-0.043991048,0.03083228,-9.748539e-05
9108974949,-0.043991048,0.03083228,-9.748539e-05
9108994935,-0.043991048,0.03083228,-9.748539e-05
9109005411,-0.043991048,0.03083228,-9.748539e-05
9109034752,-0.043991048,0.03083228,-9.748539e-05
9109045554,-0.043991048,0.03083228,-9.748539e-05
9109074980,-0.043991048,0.03083228,-9.748539e-05
9109094807,-0.043991048,0.03083228,-9.748539e-05
9109105246,-0.043991048,0.03083228,-9.748539e-05
9109134563,-0.043991048,0.03083228,-9.748539e-05
9109145059,-0.043991048,0.03083228,-9.748539e-05
9109165079,-0.043991048,0.03083228,-9.748539e-05
9109185886,-0.043991048,0.03083228,-9.748539e-05
9109204751,-0.043991048,0.03083228,-9.748539e-05
9109225919,-0.043991048,0.03083228,-9.748539e-05
9109245957,-0.043991048,0.03083228,-9.748539e-05
9109266839,-0.043991048,0.03083228,-9.748539e-05
9109285810,-0.043991048,0.03083228,-9.748539e-05
9109315049,-0.043991048,0.03083228,-9.748539e-05
9109325809,-0.043991048,0.03083228,-9.748539e-05
9109355151,-0.043991048,0.03083228,-9.748539e-05
9109365552,-0.043991048,0.03083228,-9.748539e-05
9109385519,-0.043991048,0.03083228,-9.748539e-05
9109409069,-0.043991048,0.03083228,-9.748539e-05
9109425884,-0.043991048,0.03083228,-9.748539e-05
9109447065,-0.043991048,0.03083228,-9.748539e-05
9109466063,-0.043991048,0.03083228,-9.748539e-05
9109486050,-0.043991048,0.03083228,-9.748539e-05
9109505909,-0.043991048,0.03083228,-9.748539e-05
9109526092,-0.043991048,0.03083228,-9.748539e-05
9109546490,-0.043991048,0.03083228,-9.748539e-05
9109565637,-0.043991048,0.03083228,-9.748539e-05
9109586324,-0.043991048,0.03083228,-9.748539e-05
9109606351,-0.043991048,0.03083228,-9.748539e-05
9109627236,-0.043991048,0.03083228,-9.748539e-05
9109646090,-0.043991048,0.03083228,-9.748539e-05
9109666605,-0.043991048,0.03083228,-9.748539e-05
9109686442,-0.043991048,0.03083228,-9.748539e-05
9109706624,-0.043991048,0.03083228,-9.748539e-05
9109726553,-0.043991048,0.03083228,-9.748539e-05
9109746696,-0.043991048,0.03083228,-9.748539e-05
9109767600,-0.043991048,0.03083228,-9.748539e-05
9109786593,-0.043991048,0.03083228,-9.748539e-05
9109807446,-0.043991048,0.03083228,-9.748539e-05
9109826497,-0.043991048,0.03083228,-9.748539e-05
9109846533,-0.043991048,0.03083228,-9.748539e-05
9109866364,-0.043991048,0.03083228,-9.748539e-05
9109886320,-0.043991048,0.03083228,-9.748539e-05
9109906332,-0.043991048,0.03083228,-9.748539e-05
9109926967,-0.043991048,0.03083228,-9.748539e-05
9109947960,-0.043991048,0.03083228,-9.748539e-05
9109966964,-0.043991048,0.03083228,-9.748539e-05
9109986953,-0.043991048,0.03083228,-9.748539e-05
9110007156,-0.043991048,0.03083228,-9.748539e-05
9110026260,-0.043991048,0.03083228,-9.748539e-05
9110047246,-0.043991048,0.03083228,-9.748539e-05
9110067153,-0.043991048,0.03083228,-9.748539e-05
9110086329,-0.043991048,0.03083228,-9.748539e-05
9110107292,-0.043991048,0.03083228,-9.748539e-05
9110128160,-0.043991048,0.03083228,-9.748539e-05
9110146820,-0.043991048,0.03083228,-9.748539e-05
9110166783,-0.043991048,0.03083228,-9.748539e-05
9110186710,-0.043991048,0.03083228,-9.748539e-05
9110206677,-0.043991048,0.03083228,-9.748539e-05
9110227583,-0.043991048,0.03083228,-9.748539e-05
9110246506,-0.043991048,0.03083228,-9.748539e-05
9110268614,-0.043991048,0.03083228,-9.748539e-05
9110287474,-0.043991048,0.03083228,-9.748539e-05
9110307364,-0.043991048,0.03083228,-9.748539e-05
9110327335,-0.043991048,0.03083228,-9.748539e-05
9110347198,-0.043991048,0.03083228,-9.748539e-05
9110367008,-0.043991048,0.03083228,-9.748539e-05
9110386950,-0.043991048,0.03083228,-9.748539e-05
9110407042,-0.043991048,0.03083228,-9.748539e-05
9110427745,-0.043991048,0.03083228,-9.748539e-05
9110448801,-0.043991048,0.03083228,-9.748539e-05
9110467706,-0.043991048,0.03083228,-9.748539e-05
9110487616,-0.043991048,0.03083228,-9.748539e-05
9110507678,-0.043991048,0.03083228,-9.748539e-05
9110527040,-0.043744933,0.03083228,-8.615645e-05
9110547454,-0.04348626,0.03083228,-2.8451972e-05
9110568066,-0.04348626,0.03083228,-2.2262137e-05
9110588855,-0.04348626,0.03083228,-9.234294e-06
9110607039,-0.04348626,0.03083228,-9.234294e-06
9110628163,-0.04348626,0.03083228,-9.234294e-06
9110648117,-0.04348626,0.03083228,-9.234294e-06
9110667051,-0.04348626,0.03083228,-9.234294e-06
9110688435,-0.04348626,0.03083228,8.784362e-06
9110707662,-0.04348626,0.03083228,3.6585e-05
9110727554,-0.04348626,0.03083228,3.6585e-05
9110747507,-0.04348626,0.03083228,3.692221e-05
9110769612,-0.04348626,0.03083228,4.275366e-05
9110787446,-0.04348626,0.03083228,5.4446107e-05
9110808462,-0.04348626,0.03083228,9.082694e-05
9110828380,-0.04348626,0.03083228,0.00011152957
9110847485,-0.04348626,0.03083228,0.00011152957
9110868556,-0.04348626,0.03083228,0.00011152957
9110888440,-0.04348626,0.03083228,0.00011022567
9110909323,-0.04348626,0.03083228,0.00010558021
9110928459,-0.04348626,0.03083228,7.309146e-05
9110948814,-0.04348626,0.03083228,4.2265234e-05
9110967628,-0.043468174,0.03083228,4.2265234e-05
9110987605,-0.04339856,0.03083228,4.2265234e-05
9111008627,-0.04339856,0.03083228,4.2265234e-05
9111027702,-0.04339856,0.03083228,4.2265234e-05
9111048614,-0.04339856,0.03083228,4.2265234e-05
9111068553,-0.043396518,0.03083228,4.2265234e-05
9111089641,-0.043396518,0.03083228,4.2265234e-05
9111108859,-0.043396518,0.03083228,4.2265234e-05
9111128763,-0.043396518,0.03083228,4.2265234e-05
9111148771,-0.043396518,0.03083228,4.2265234e-05
9111167709,-0.04287498,0.031380635,3.982899e-06
9111188564,-0.041609254,0.032666847,-6.565961e-05
9111208757,-0.040980477,0.032666847,-6.565961e-05
9111228558,-0.040399667,0.032666847,-6.565961e-05
9111248457,-0.039689396,0.03394347,-9.003413e-05
9111269383,-0.038278986,0.035138387,-0.0001376814
9111288423,-0.038278986,0.036339603,-0.00020214863
9111308333,-0.036880553,0.037524983,-0.00023766771
9111329282,-0.036880553,0.03870431,-0.00027909313
9111348330,-0.036880553,0.03983417,-0.00033657352
9111369340,-0.036132604,0.040957738,-0.0004126398
9111389252,-0.03531327,0.041846544,-0.00043000112
9111410089,-0.03531327,0.04254996,-0.0004131028
9111428982,-0.03333318,0.04306806,-0.0004472029
9111449344,-0.031279292,0.043396022,-0.00050816155
9111469346,-0.030034773,0.043462742,-0.0005405029
9111488228,-0.028854936,0.04331865,-0.0005614324
9111509215,-0.02607217,0.043070573,-0.00061391655
9111528412,-0.02607217,0.04291077,-0.0006889863
9111549157,-0.025234165,0.043158107,-0.0008700844
9111569201,-0.02465399,0.04361718,-0.0009302774
9111590274,-0.02465399,0.04458113,-0.0010241568
9111609326,-0.023976108,0.045549136,-0.0010707142
9111629812,-0.022793746,0.046442617,-0.0011159173
9111649873,-0.021819163,0.047186136,-0.0012026795
9111668790,-0.021050839,0.047794912,-0.0013484536
9111689610,-0.020351395,0.04837264,-0.001512713
9111709833,-0.019771388,0.048882402,-0.0016811219
9111730905,-0.0192914,0.04926025,-0.0017095644
9111749816,-0.01885216,0.049616512,-0.0017037878
9111769651,-0.018544462,0.04991899,-0.0017682086
9111789544,-0.018285476,0.05024004,-0.0018886778
9111809624,-0.01807281,0.050546113,-0.001954686
9111830349,-0.018161358,0.050660104,-0.0021221018
9111849269,-0.018474594,0.050637122,-0.0024158545
9111870142,-0.019486006,0.050102107,-0.0027063102
9111889990,-0.02083235,0.04922426,-0.0027063102
9111910854,-0.022038702,0.048546765,-0.0027063102
9111930021,-0.02322776,0.048022076,-0.0027063102
9111949929,-0.02433956,0.047611307,-0.0027063102
9111970069,-0.02535396,0.04735365,-0.0027063102
9111989006,-0.026257787,0.047255985,-0.0027063102
9112010112,-0.027071955,0.047365446,-0.0027063102
9112030036,-0.02748221,0.04744135,-0.0027063102
9112051120,-0.028192243,0.047186963,-0.0027063102
9112069981,-0.029194059,0.047169384,-0.0027063102
9112090900,-0.029194059,0.04755579,-0.0027063102
9112109791,-0.029551076,0.047890067,-0.0027063102
9112129789,-0.029551076,0.0482684,-0.0027063102
9112150845,-0.029551076,0.048591584,-0.0027063102
9112169776,-0.029551076,0.048913773,-0.0027059293
9112190649,-0.029551076,0.049244743,-0.002660982
9112209661,-0.029551076,0.04956291,-0.0025000826
9112231164,-0.029551076,0.049859688,-0.0021981318
9112250039,-0.029972043,0.050039075,-0.0016875131
9112270916,-0.030440673,0.05000434,-0.0010419323
9112290614,-0.03113419,0.04981991,-0.0007747401
9112309638,-0.03113419,0.049882356,-0.0007222222
9112330523,-0.03113419,0.049564037,-0.0013317652
9112350464,-0.03113419,0.048934575,-0.0021348065
9112370278,-0.03113419,0.04883621,-0.0021348065
9112390354,-0.03113419,0.04883621,-0.0021348065
9112411373,-0.03113419,0.04883621,-0.0021348065
9112430137,-0.03113419,0.04883621,-0.0021348065
9112450022,-0.03113419,0.04883621,-0.0021348065
9112471230,-0.03113419,0.04883621,-0.0021348065
9112490521,-0.03113419,0.04883621,-0.0021348065
9112510408,-0.03113419,0.04883621,-0.0021348065
9112530925,-0.03113419,0.04883621,-0.0021348065
9112552183,-0.03113419,0.04883621,-0.0021348065
9112571123,-0.03113419,0.04883621,-0.0021348065
9112590359,-0.03113419,0.04883621,-0.0021348065
9112610981,-0.03113419,0.04883621,-0.0021348065
9112631178,-0.03113419,0.04883621,-0.0021348065
9112651587,-0.03113419,0.04883621,-0.0021348065
9112670558,-0.03113419,0.04883621,-0.0021348065
9112691456,-0.03113419,0.04883621,-0.0021348065
9112711359,-0.03113419,0.04883621,-0.0021348065
9112732280,-0.03113419,0.04883621,-0.0021348065
9112750443,-0.03113419,0.04883621,-0.0021348065
9112771370,-0.03113419,0.04883621,-0.0021348065
9112791259,-0.03113419,0.04883621,-0.0021348065
9112810193,-0.03113419,0.04883621,-0.0021348065
9112831790,-0.03113419,0.04883621,-0.0021348065
9112850693,-0.03113419,0.04883621,-0.0021348065
9112872597,-0.03113419,0.04883621,-0.0021348065
9112891442,-0.03113419,0.04883621,-0.0021348065
9112912673,-0.03113419,0.04883621,-0.0021348065
9112930913,-0.03113419,0.04883621,-0.0013389413
9112951985,-0.03113419,0.04883621,-0.0013389413
9112971153,-0.03113419,0.046038985,-0.0013389413
9112990512,-0.03113419,0.04573574,-0.0013389413
9113011577,-0.03113419,0.04564616,-0.0013389413
9113031493,-0.03113419,0.044892434,-0.0013389413
9113052505,-0.03113419,0.044480238,-0.0014197426
9113071375,-0.03113419,0.04436806,-0.0019295948
9113091310,-0.03113419,0.04397426,-0.002574875
9113110892,-0.029476414,0.04306832,-0.0033053018
9113130821,-0.029266967,0.04093654,-0.0036148333
9113151658,-0.029179383,0.03863653,-0.003742522
9113171844,-0.028738786,0.037207007,-0.0041595236
9113191694,-0.028782036,0.034985296,-0.0047114794
9113211742,-0.028782036,0.033740494,-0.0047114794
9113232643,-0.028782036,0.031866044,-0.00492793
9113251707,-0.029794566,0.030683514,-0.00492793
9113271548,-0.031170573,0.030201772,-0.0047578136
9113292554,-0.031923402,0.030045956,-0.004541157
9113311465,-0.031923402,0.03014441,-0.004541157
9113332389,-0.031923402,0.030160192,-0.004541157
9113351374,-0.031923402,0.030344572,-0.004541157
9113372850,-0.031923402,0.031332728,-0.004541157
9113391730,-0.031923402,0.032524556,-0.0041907076
9113411581,-0.031923402,0.0335226,-0.00358785
9113431527,-0.031923402,0.0335226,-0.00358785
9113451497,-0.031923402,0.03450618,-0.0033020782
9113472386,-0.031923402,0.036631107,-0.003058837
9113492386,-0.031923402,0.038536374,-0.0027639007
9113512522,-0.031923402,0.03953469,-0.0027639007
9113532818,-0.031923402,0.03953469,-0.0027639007
9113552991,-0.031923402,0.03953469,-0.0027639007
9113571956,-0.031923402,0.03953469,-0.0027639007
9113592082,-0.031923402,0.040759075,-0.0027718362
9113612532,-0.031923402,0.04152316,-0.002847867
9113632408,-0.031923402,0.042328566,-0.002843039
9113652329,-0.031923402,0.042328566,-0.002843039
9113672232,-0.031923402,0.042328566,-0.0028939357
9113693544,-0.031923402,0.043521933,-0.0030196258
9113712419,-0.031923402,0.043521933,-0.0030501133
9113733326,-0.031923402,0.043521933,-0.003139256
9113752238,-0.031923402,0.043521933,-0.0033761587
9113772197,-0.031755902,0.044458937,-0.0033761587
9113793116,-0.03176563,0.046402656,-0.0033761587
9113812044,-0.03176563,0.047229115,-0.0031770805
9113832936,-0.03176563,0.048212416,-0.0027306383
9113852625,-0.03166041,0.048212416,-0.002587887
9113873592,-0.031163124,0.048643015,-0.0027811993
9113892497,-0.030656366,0.047518753,-0.002973205
9113913414,-0.029490253,0.046322566,-0.003318254
9113933383,-0.028436191,0.04501949,-0.003348751
9113953347,-0.028108528,0.043166813,-0.0028390875
9113972724,-0.027718306,0.041100573,-0.0022350608
9113992643,-0.026667355,0.03865893,-0.0016754898
9114012491,-0.025719844,0.03634506,-0.0015275573
9114032744,-0.025719844,0.03417747,-0.0017645948
9114053672,-0.023264922,0.032435983,-0.0019251402
9114072725,-0.021028407,0.030634811,-0.001822003
9114093555,-0.019336885,0.028368652,-0.00163474
9114113547,-0.017827196,0.025755221,-0.0015029105
9114132475,-0.0163406,0.023686128,-0.001485853
9114153350,-0.015253464,0.021359866,-0.001518194
9114173380,-0.014352236,0.019073239,-0.0016600019
9114194368,-0.014352236,0.016342765,-0.0016600019
9114213316,-0.013687516,0.014218406,-0.0016385785
9114234229,-0.012315537,0.012243068,-0.0014403944
9114253088,-0.011627098,0.009864784,-0.0012572136
9114273099,-0.011627098,0.009864784,-0.0012572136
9114293135,-0.011627098,0.009864784,-0.0012572136
9114312997,-0.011627098,0.006876064,-0.001089587
9114333913,-0.011627098,0.0037195988,-0.0007272309
9114353893,-0.011627098,0.0037195988,-0.0007272309
9114363650,-0.011627098,0.0037195988,-0.0007272309
9114393238,-0.011627098,0.0037195988,-0.0007272309
9114413293,-0.011627098,0.0037195988,-0.00092433864
9114433569,-0.011627098,0.0017993074,-0.0013206522
9114453555,-0.0107556,-0.002188692,-0.0016391664
9114473595,-0.010656627,-0.005200867,-0.0017437809
9114493655,-0.0107199475,-0.0077306544,-0.001841559
9114504094,-0.01083227,-0.008860723,-0.0018764001
9114533858,-0.011915822,-0.011624868,-0.001954707
9114554899,-0.012995972,-0.013202038,-0.0020269642
9114573832,-0.012995972,-0.014578169,-0.0020190892
9114593250,-0.012995972,-0.0153258825,-0.0019267334
9114614375,-0.012995972,-0.0156198405,-0.0018527322
9114633929,-0.012995972,-0.015316298,-0.0017596801
9114653931,-0.012995972,-0.015051528,-0.0016525886
9114673826,-0.012995972,-0.0150598595,-0.0016525886
9114684262,-0.012995972,-0.015130709,-0.0016525886
9114713938,-0.012995972,-0.015012241,-0.0015497146
9114734903,-0.012995972,-0.015083462,-0.0015497146
9114754242,-0.012995972,-0.01597543,-0.0015497146
9114774200,-0.012995972,-0.01597543,-0.0015497146
9114794076,-0.012995972,-0.01597543,-0.0015497146
9114814064,-0.013218142,-0.01721222,-0.0015665633
9114833893,-0.013218142,-0.01854809,-0.0015665633
9114853841,-0.012859881,-0.01854809,-0.0015665633
9114874428,-0.012859881,-0.01854809,-0.0015665633
9114894463,-0.012859881,-0.01854809,-0.0015665633
9114914354,-0.012859881,-0.01854809,-0.0015665633
9114935174,-0.012859881,-0.01854809,-0.0018147029
9114954437,-0.012859881,-0.01854809,-0.002118181
9114974174,-0.012859881,-0.01854809,-0.002118181
9114994244,-0.012859881,-0.01854809,-0.002118181
9115004725,-0.012859881,-0.01854809,-0.002118181
9115034352,-0.011225373,-0.022207256,-0.0020629498
9115054585,-0.011225373,-0.023496123,-0.0020260205
9115074503,-0.011225373,-0.023496123,-0.0020260205
9115094328,-0.011225373,-0.024522666,-0.0020254476
9115104781,-0.011225373,-0.025570843,-0.0019859928
9115134321,-0.010421909,-0.028228031,-0.0016759507
9115144838,-0.009740436,-0.029091824,-0.001493674
9115174064,-0.008909684,-0.03042698,-0.0009286521
9115184510,-0.008748776,-0.030624265,-0.000750946
9115215288,-0.007687684,-0.031496324,-0.00058358366
9115234641,-0.007687684,-0.0324788,-0.0005837985
9115245144,-0.0074624782,-0.03284559,-0.00058749825
9115274561,-0.0068527637,-0.033641595,-0.0004210524
9115284951,-0.006650261,-0.03406012,-0.0003948709
9115314534,-0.006180422,-0.035396826,-0.00053536415
9115325053,-0.006180422,-0.035396826,-0.0008065455
9115354557,-0.006180422,-0.036384962,-0.0008065455
9115365015,-0.0050082793,-0.036501996,-0.00089100545
9115394601,-0.0025527682,-0.03581784,-0.0007530594
9115414522,-0.0017940167,-0.03457106,-0.00042518904
9115424938,-0.0013499239,-0.033957463,-0.0002542475
9115454342,0.0005322355,-0.032308184,-0.00021731289
9115464761,0.0014559327,-0.031784214,-0.0002684436
9115495060,0.0026404692,-0.030730851,-0.0003683381
9115505549,0.0026404692,-0.03040027,-0.0003683381
9115524603,0.0026404692,-0.029491846,-0.00048174156
9115545948,0.0026404692,-0.028162552,-0.0007880975
9115565922,0.0026404692,-0.026929181,-0.0009085517
9115586953,0.00414081,-0.026030915,-0.0009085517
9115615179,0.00414081,-0.024596347,-0.0009913611
9115635148,0.00414081,-0.023254393,-0.0012169322
9115645304,0.00414081,-0.022322752,-0.0013790783
9115664966,0.00414081,-0.020603342,-0.0015947098
9115686022,0.0064549046,-0.018597735,-0.0018300823
9115705482,0.0074259676,-0.016841864,-0.0019974224
9115726347,0.009285662,-0.015365485,-0.00195753
9115745557,0.01082255,-0.014189678,-0.0018360445
9115774782,0.013450743,-0.012686355,-0.0017140087
9115785269,0.013450743,-0.012092398,-0.0017081152
9115806229,0.013450743,-0.010533117,-0.0017878994
9115825596,0.013450743,-0.008700712,-0.0018956908
9115845467,0.013450743,-0.0070819124,-0.0019392256
9115866228,0.013450743,-0.006132213,-0.0018805322
9115886046,0.013450743,-0.005226712,-0.001682327
9115906161,0.015205624,-0.0043701977,-0.0013437972
9115926005,0.016515216,-0.0033791154,-0.0009815028
9115947005,0.01786613,-0.0025216152,-0.0008179534
9115965954,0.019504232,-0.0019160588,-0.0009254463
9115985913,0.020893298,-0.0013889144,-0.0010232165
9116006059,0.022048503,-0.001024889,-0.0009328169
9116025947,0.022783713,-0.0008006413,-0.00083367777
9116046235,0.02308541,-0.000495229,-0.0008154696
9116068560,0.023142276,-0.00021923441,-0.00071031577
9116087553,0.022831509,-2.038369e-05,-0.0006718783
9116106535,0.021986622,-0.00011995381,-0.0006655549
9116126512,0.020541968,-0.0004400197,-0.0007103246
9116146397,0.018783087,-0.0007801885,-0.00070754904
9116166113,0.017135132,-0.00085220864,-0.00072888413
9116186006,0.015551256,-0.0010156034,-0.0007284575
9116205939,0.013662554,-0.0011707231,-0.0007109713
9116226892,0.011541994,-0.0011956465,-0.00056034303
9116245963,0.0098099075,-0.0012025234,-0.0004017946
9116267944,0.008207535,-0.0011114309,-0.00027895728
9116285884,0.0065229814,-0.0009831524,-0.00021635293
9116306796,0.004400374,-0.00078682945,-0.00014246242
9116327286,0.00209152,-0.00058497716,-4.630187e-05
9116346151,-0.00016019738,-0.00049383123,-4.5312372e-05
9116367038,-0.0014881747,-0.00028867676,-5.7215893e-05
9116386954,-0.004033833,-1.2732271e-05,8.449148e-05
9116407916,-0.0065829447,0.0003424976,0.00026917792
9116426961,-0.0065829447,0.0007181552,0.0004018095
9116447335,-0.0065829447,0.000948949,0.00045361216
9116466985,-0.009353396,0.0011281417,0.0004795806
9116486966,-0.0116911195,0.0011947538,0.0004946119
9116507187,-0.014061609,0.0013133766,0.00042857704
9116526399,-0.016330868,0.0014797469,0.0003929731
9116546944,-0.016330868,0.0018628106,0.0003651566
9116567067,-0.016330868,0.0023834873,0.0004143935
9116588234,-0.016330868,0.0027327624,0.00043008427
9116606355,-0.016330868,0.003162299,0.00038148812
9116627277,-0.016330868,0.0038238657,0.0004564013
9116647313,-0.016330868,0.0043420712,0.00053945143
9116666166,-0.016330868,0.004692291,0.0005940865
9116687675,-0.016330868,0.0049456474,0.00061134226
9116706899,-0.018546734,0.004980384,0.00046817766
9116727749,-0.01982319,0.0049185394,0.00029959198
9116746776,-0.01982319,0.004918078,0.00029959198
9116768835,-0.020936307,0.0049575507,0.00031692945
9116787735,-0.020936307,0.0049575507,0.00031692945
9116806671,-0.020936307,0.0049575507,0.00031692945
9116827687,-0.020936307,0.0049575507,0.00031692945
9116846754,-0.020936307,0.0049575507,0.00031692945
9116867870,-0.020936307,0.0049575507,0.00031692945
9116887758,-0.020888869,0.00478824,0.0004186746
9116908616,-0.02118388,0.0041901134,0.00042160027
9116927511,-0.02087973,0.0030543883,0.000497583
9116948333,-0.019896714,0.001978367,0.0006776866
9116967439,-0.018674277,0.0011763865,0.00078982924
9116987417,-0.017299253,0.00043195696,0.0008886389
9117008342,-0.016050085,-0.00034967175,0.0009397312
9117027659,-0.0149355335,-0.0011749727,0.00092902995
9117047790,-0.013733084,-0.0021632991,0.0009524601
9117067789,-0.012287957,-0.0032668686,0.0009828608
9117088800,-0.010640686,-0.004561286,0.00092457636
9117108091,-0.009827061,-0.0059773545,0.00085949217
9117127965,-0.0092727225,-0.0075034616,0.00095467694
9117147920,-0.008460505,-0.008451333,0.0011503284
9117167860,-0.008460505,-0.009592055,0.0012360353
9117187789,-0.008460505,-0.01076163,0.0012360353
9117207764,-0.008460505,-0.01076163,0.0012360353
9117229774,-0.008460505,-0.012222478,0.0012696591
9117247592,-0.008460505,-0.013499005,0.0013248929
9117268535,-0.008460505,-0.013499005,0.0013248929
9117288048,-0.008460505,-0.013499005,0.0013248929
9117307944,-0.008146121,-0.013499005,0.0012455384
9117329227,-0.0074955113,-0.016496034,0.0010638059
9117348302,-0.006687113,-0.018908493,0.0010162966
9117368587,-0.006687113,-0.021184452,0.0010146309
9117388314,-0.006687113,-0.023389291,0.00094909646
9117409276,-0.0060984185,-0.025551014,0.00094909646
9117428461,-0.0060984185,-0.02661277,0.00094909646
9117448879,-0.0060984185,-0.02880702,0.00094909646
9117468815,-0.0057242876,-0.030635392,0.0007969107
9117487947,-0.005103235,-0.031944346,0.0006472541
9117508965,-0.0047807684,-0.03298431,0.00066912983
9117528110,-0.0051158667,-0.033660598,0.00072322605
9117548897,-0.0058309427,-0.033802968,0.0008877844
9117568896,-0.00670243,-0.033440642,0.001035347
9117589802,-0.008121237,-0.033107426,0.0011267418
9117608782,-0.008121237,-0.032642987,0.0011267418
9117628765,-0.009849582,-0.032135222,0.0012261978
9117648775,-0.01148024,-0.031610917,0.0013070914
9117668672,-0.013288221,-0.030888874,0.0013188282
9117688459,-0.015203175,-0.02980452,0.0012584463
9117708577,-0.015203175,-0.028092248,0.0011653065
9117730452,-0.015203175,-0.02681464,0.0012966502
9117748374,-0.015203175,-0.02628904,0.0012966502
9117769317,-0.015203175,-0.025810808,0.0012365908
9117789315,-0.015203175,-0.025200369,0.0012365908
9117808395,-0.015203175,-0.024519801,0.0013954841
9117829595,-0.016559433,-0.024046924,0.0014414648
9117848439,-0.016559433,-0.023769096,0.0012996972
9117869494,-0.016559433,-0.023439152,0.0011593774
9117888422,-0.016559433,-0.022672854,0.0011593774
9117909837,-0.016559433,-0.021301594,0.0011593774
9117928770,-0.016559433,-0.019452352,0.0012057702
9117948641,-0.016559433,-0.017910535,0.0012492229
9117969809,-0.016559433,-0.01636817,0.0012492229
9117989006,-0.016559433,-0.014692149,0.0012492229
9118008940,-0.016559433,-0.0126158595,0.0012492229
9118030336,-0.016559433,-0.01118742,0.0012908335
9118050631,-0.016559433,-0.01118742,0.0013481254
9118069608,-0.016559433,-0.01118742,0.001363394
9118089553,-0.016559433,-0.008256047,0.0014043889
9118109470,-0.016559433,-0.0050742226,0.0014793732
9118129879,-0.016559433,-0.002193777,0.0016398265
9118149772,-0.016559433,0.000364905,0.0018578
9118168753,-0.016559433,0.0022853909,0.002158651
9118189492,-0.016559433,0.003456212,0.0022892463
9118209472,-0.016559433,0.0044393362,0.0022312794
9118230564,-0.016559433,0.0053614723,0.0021640274
9118249448,-0.016559433,0.0059227813,0.0021399488
9118269234,-0.016559433,0.0061113434,0.0021094691
9118289574,-0.016559433,0.006337178,0.0019528955
9118309675,-0.016559433,0.0063808197,0.0018284137
9118329601,-0.016559433,0.005907141,0.0015686344
9118349449,-0.016559433,0.004623438,0.0013277397
9118371357,-0.016559433,0.0033737635,0.0009341154
9118389360,-0.017441796,0.00301703,0.0009341154
9118410279,-0.018551867,0.0021985848,0.00090296374
9118430170,-0.018872604,0.00068708573,0.0008605902
9118449972,-0.018775864,-0.00026556832,0.00090662926
9118470843,-0.01852453,-0.0014303462,0.0007605726
9118489559,-0.01775128,-0.0032894292,0.00050749653
9118510543,-0.017014246,-0.0055248546,0.0004433795
9118529875,-0.017014246,-0.0075096367,0.0004433795
9118551232,-0.015364262,-0.009566071,0.0003115575
9118569810,-0.015364262,-0.011658435,0.0003115575
9118590716,-0.015364262,-0.013797629,0.0003115575
9118610565,-0.015364262,-0.016030509,0.0003115575
9118629451,-0.014515041,-0.017651927,0.0003115575
9118650606,-0.012649385,-0.019335583,0.0002767112
9118670562,-0.012649385,-0.021440808,0.0002784793
9118691125,-0.012649385,-0.021440808,0.0002784793
9118710054,-0.012649385,-0.021440808,0.0002784793
9118731150,-0.012649385,-0.021440808,0.0002784793
9118749969,-0.012649385,-0.022621408,0.0002784793
9118769881,-0.012649385,-0.023929818,0.0002784793
9118790764,-0.012649385,-0.023929818,0.0002784793
9118809644,-0.012649385,-0.023929818,0.0002784793
9118830718,-0.012649385,-0.023929818,0.0002784793
9118850631,-0.012649385,-0.023929818,0.0002784793
9118871456,-0.012649385,-0.023929818,0.0002784793
9118890559,-0.012649385,-0.023929818,0.0002784793
9118909931,-0.012649385,-0.023929818,0.0002784793
9118930867,-0.012649385,-0.023929818,0.0002784793
9118950172,-0.012649385,-0.023929818,0.0002784793
9118970837,-0.012649385,-0.023929818,0.0002784793
9118990406,-0.012649385,-0.025297804,0.0002784793
9119011336,-0.012649385,-0.027819248,0.0002784793
9119030266,-0.012649385,-0.029898593,0.0002784793
9119052266,-0.012649385,-0.03147865,0.00034609012
9119070814,-0.011207681,-0.031762842,0.00071199366
9119090757,-0.011107422,-0.030603418,0.0013103206
9119111650,-0.011107422,-0.028438183,0.001839703
9119130463,-0.011107422,-0.026400847,0.0020180445
9119151356,-0.012646676,-0.024250777,0.0023574224
9119170408,-0.012646676,-0.023002429,0.00241489
9119192344,-0.012646676,-0.020288775,0.0025263582
9119211283,-0.012646676,-0.017496275,0.0026270328
9119232146,-0.013383232,-0.015954599,0.0031192135
9119251021,-0.015412124,-0.014517852,0.0035116735
9119270906,-0.015412124,-0.013251959,0.0035116735
9119291458,-0.015412124,-0.011938263,0.0037770665
9119311256,-0.015412124,-0.010674134,0.0044005294
9119331247,-0.016820313,-0.009914113,0.005119991
9119351170,-0.017808119,-0.009268112,0.0058837477
9119372127,-0.01840838,-0.008887955,0.006403019
9119391143,-0.01869029,-0.008640418,0.006403019
9119412779,-0.018389355,-0.008537188,0.006403019
9119431569,-0.018237919,-0.007547829,0.006403019
9119451368,-0.018016528,-0.007547829,0.006403019
9119471776,-0.018016528,-0.0054060146,0.006403019
9119490638,-0.01760007,-0.0032659797,0.006403019
9119512076,-0.017812215,-0.00075888494,0.006403019
9119531470,-0.017812215,0.0018139058,0.006403019
9119552470,-0.017812215,0.0018139058,0.006403019
9119571271,-0.017812215,0.0018139058,0.006403019
9119591399,-0.017812215,0.0018139058,0.006403019
9119612406,-0.018259648,0.0048189373,0.006403019
9119631319,-0.018905183,0.0067724423,0.006403019
9119652225,-0.019869369,0.008762309,0.006403019
9119672198,-0.019869369,0.008762309,0.006403019
9119693121,-0.019869369,0.009792039,0.006403019
9119712202,-0.02063376,0.010910292,0.006403019
9119732242,-0.02149163,0.011247917,0.006403019
9119751591,-0.021634545,0.011010272,0.0064084665
9119772088,-0.02123942,0.010227809,0.006130052
9119791994,-0.02123942,0.010227809,0.005598026
9119812030,-0.02074183,0.010227809,0.0051957048
9119831787,-0.020106535,0.00853229,0.0051466594
9119851962,-0.020106535,0.00853229,0.0051067867
9119872797,-0.020106535,0.00853229,0.004940214
9119891752,-0.020106535,0.00853229,0.004991889
9119911605,-0.020106535,0.00853229,0.004991889
9119932532,-0.020106535,0.00853229,0.004991889
9119951636,-0.020106535,0.00853229,0.004991889
9119972590,-0.019023126,0.006717835,0.004991889
9119992510,-0.019023126,0.0048121777,0.004991889
9120013555,-0.019023126,0.0048121777,0.004991889
9120032210,-0.019023126,0.0048121777,0.004991889
9120052164,-0.019023126,0.0011895348,0.004991889
9120072423,-0.019023126,0.0011895348,0.004991889
9120092361,-0.019023126,0.0011895348,0.004991889
9120112371,-0.019023126,0.0011895348,0.004991889
9120132170,-0.019023126,0.0011895348,0.004991889
9120153124,-0.019023126,0.0011895348,0.004991889
9120172654,-0.019023126,0.0011895348,0.0049699293
9120193699,-0.019023126,0.0011895348,0.004895484
9120212644,-0.019023126,0.0011895348,0.004870608
9120232458,-0.019023126,-0.0005955701,0.004844059
9120253366,-0.01819319,-0.0041814996,0.0051807826
9120272588,-0.01819319,-0.005830896,0.0051484276
9120292504,-0.01738073,-0.008573206,0.0049446276
9120312447,-0.015944779,-0.010807409,0.004838828
9120334598,-0.014978978,-0.012201494,0.004819808
9120352546,-0.014735075,-0.012681842,0.004851061
9120373615,-0.014930998,-0.012326292,0.004788691
9120392413,-0.015169848,-0.011802292,0.0047520874
9120412509,-0.015601943,-0.0109945955,0.004720025
9120433549,-0.01588622,-0.0105551705,0.004777038
9120452744,-0.016473424,-0.009378989,0.004712921
9120472756,-0.016473424,-0.007254106,0.0043490273
9120493605,-0.016473424,-0.007254106,0.0043490273
9120514117,-0.016473424,-0.0040442515,0.0043490273
9120533500,-0.016473424,-0.0040442515,0.0043490273
9120553398,-0.017112901,-0.0013209694,0.004299133
9120573286,-0.017112901,0.0012950018,0.00432277
9120593159,-0.017666392,0.003979697,0.0044496567
9120613113,-0.017666392,0.003979697,0.0045519215
9120632793,-0.017666392,0.003979697,0.004591502
9120653748,-0.017666392,0.003979697,0.004591502
9120673580,-0.017666392,0.003979697,0.004591502
9120694385,-0.017666392,0.007489491,0.0047927327
9120713580,-0.017666392,0.007489491,0.0047927327
9120733502,-0.017666392,0.007489491,0.0047927327
9120753299,-0.017666392,0.007489491,0.0047927327
9120773225,-0.017666392,0.007489491,0.0047927327
9120794271,-0.017666392,0.010995497,0.0047927327
9120813146,-0.017666392,0.010995497,0.0047927327
9120835122,-0.017666392,0.010995497,0.0047927327
9120853021,-0.017666392,0.012363328,0.0047927327
9120873993,-0.017666392,0.014592382,0.0051074657
9120893952,-0.019765966,0.016099364,0.00522718
9120913126,-0.019765966,0.017708655,0.005516883
9120934094,-0.02038223,0.019000784,0.0058892067
9120954165,-0.021639675,0.019509649,0.005882134
9120973938,-0.022918886,0.01937386,0.0056507504
9120993909,-0.023643084,0.018693047,0.0053226016
9121014859,-0.02384784,0.017330758,0.0049309176
9121033783,-0.023689032,0.016230434,0.0047221724
9121053583,-0.023689032,0.016230434,0.0047221724
9121074733,-0.02244598,0.0140098315,0.0046459427
9121093131,-0.02244598,0.012603364,0.0047363783
9121113933,-0.02244598,0.012603364,0.0047363783
9121133949,-0.02244598,0.012603364,0.0047363783
9121154793,-0.02244598,0.012603364,0.0047363783
9121173745,-0.02244598,0.008773925,0.004762111
9121194673,-0.02244598,0.008773925,0.004820249
9121213743,-0.02244598,0.008773925,0.004926853
9121233627,-0.021026645,0.00561539,0.005381102
9121254751,-0.021026645,0.0038409089,0.00572161
9121273640,-0.021026645,0.0038409089,0.00572161
9121294489,-0.021026645,0.0038409089,0.00572161
9121313982,-0.021026645,0.0038409089,0.00572161
9121324319,-0.021026645,0.0038409089,0.00572161
9121354648,-0.021026645,0.0038409089,0.0057071536
9121374622,-0.021026645,0.0038409089,0.005600772
9121394474,-0.018803861,0.0011638175,0.005600772
9121414454,-0.018803861,0.0011638175,0.005600772
9121434250,-0.018803861,0.0011638175,0.005600772
9121454552,-0.018803861,0.0011638175,0.0055476255
9121474611,-0.018803861,0.0011638175,0.0054130945
9121494578,-0.018803861,-0.003150779,0.0054065543
9121505125,-0.018803861,-0.003150779,0.0053774687
9121534931,-0.018803861,-0.003150779,0.005025149
9121555032,-0.017933855,-0.005994474,0.0048132143
9121574964,-0.017614251,-0.0074060205,0.0046672435
9121594845,-0.017948616,-0.007636898,0.0044829925
9121614685,-0.017948616,-0.007053885,0.0044829925
9121634781,-0.017948616,-0.007053885,0.0044829925
9121645251,-0.017948616,-0.007053885,0.0045031616
9121674742,-0.019051705,-0.0030877758,0.004902749
9121694544,-0.019051705,-0.00035028963,0.0051911073
9121705036,-0.019051705,-0.00035028963,0.0051911073
9121734563,-0.019051705,-0.00035028963,0.00514415
9121745088,-0.019051705,-0.00035028963,0.005096054
9121774659,-0.019051705,-0.00035028963,0.005080315
9121785166,-0.019051705,-0.00035028963,0.005080315
9121805236,-0.019051705,-0.00035028963,0.005080315
9121825126,-0.020503286,0.0032908167,0.0055024144
9121854584,-0.020503286,0.0052223485,0.0058386475
9121865036,-0.020503286,0.007120104,0.0058386475
9121885225,-0.020503286,0.007120104,0.0058386475
9121914564,-0.020503286,0.007120104,0.0058386475
9121925008,-0.020503286,0.007120104,0.0058386475
9121945957,-0.020503286,0.007120104,0.0058386475
9121965906,-0.020503286,0.009205675,0.0058386475
9121987051,-0.020503286,0.009205675,0.0058386475
9122006038,-0.020503286,0.009205675,0.0058386475
9122024873,-0.020503286,0.009205675,0.0058386475
9122045865,-0.021874584,0.012131317,0.005645598
9122065930,-0.021874584,0.013567401,0.005576181
9122086808,-0.021874584,0.013567401,0.005576181
9122105785,-0.023331199,0.014915094,0.005694674
9122135164,-0.023331199,0.014544884,0.005573793
9122145644,-0.023331199,0.013903737,0.005532798
9122175123,-0.023914691,0.011699762,0.005500331
9122185524,-0.023980692,0.010418218,0.005646408
9122205519,-0.023980692,0.010418218,0.005646408
9122235137,-0.023940008,0.008741597,0.0054925443
9122245643,-0.023230182,0.0065234406,0.0056876824
9122266240,-0.023230182,0.0065234406,0.0056876824
9122286171,-0.023230182,0.0065234406,0.0056450595
9122305633,-0.023230182,0.0065234406,0.005602286
9122326393,-0.023230182,0.0065234406,0.005602286
9122345464,-0.023230182,0.0065234406,0.005602286
9122366462,-0.023230182,0.0065234406,0.005602286
9122385563,-0.023230182,0.0065234406,0.005602286
9122407794,-0.023230182,0.0065234406,0.005602286
9122426096,-0.023230182,0.0065234406,0.005602286
9122446999,-0.023230182,0.0065234406,0.005602286
9122466154,-0.023230182,0.0065234406,0.005602286
9122485236,-0.023230182,0.0065234406,0.005602286
9122506159,-0.023230182,0.0065234406,0.005602286
9122526403,-0.023230182,0.0065234406,0.005602286
9122547195,-0.023230182,0.0065234406,0.005602286
9122566721,-0.023230182,0.0040197307,0.005602286
9122586682,-0.023230182,0.0040197307,0.005602286
9122606218,-0.023230182,0.0040197307,0.005602286
9122628107,-0.023230182,0.0040197307,0.005599092
9122647208,-0.023230182,0.0040197307,0.005599092
9122666093,-0.023230182,0.0040197307,0.005599092
9122687001,-0.023230182,0.0019974068,0.005599092
9122705896,-0.023230182,0.0005800666,0.0056185173
9122727945,-0.023230182,-0.002021629,0.0056918086
9122746076,-0.021911308,-0.003583193,0.0057140198
9122767056,-0.01945399,-0.0042654066,0.005536294
9122786887,-0.01736577,-0.0044020065,0.0051386915
9122805779,-0.016044619,-0.0041111805,0.004636343
9122826765,-0.015069929,-0.003062517,0.003984024
9122846698,-0.014929564,-0.0019927295,0.0036345995
9122866534,-0.014929564,-0.0019927295,0.0036345995
9122886480,-0.014929564,-0.0019927295,0.0036345995
9122908449,-0.015056298,-0.0007421704,0.0036345995
9122927352,-0.015672827,0.0012064398,0.0036345995
9122946263,-0.015672827,0.0035661166,0.0036345995
9122967189,-0.01634174,0.004919515,0.0036345995
9122986564,-0.016908469,0.0049133794,0.0034745678
9123007407,-0.016908469,0.004877194,0.0034745678
9123027344,-0.016908469,0.0058422363,0.0034745678
9123048265,-0.016908469,0.006650167,0.0034745678
9123067230,-0.016908469,0.0074563045,0.0034745678
9123088136,-0.016908469,0.008240654,0.0034745678
9123106914,-0.016908469,0.00940787,0.0034745678
9123126728,-0.016908469,0.010560742,0.0034745678
9123147175,-0.016908469,0.012069295,0.0034745678
9123167062,-0.016908469,0.013110518,0.0034745678
9123187923,-0.016908469,0.014313659,0.0034745678
9123206895,-0.016908469,0.016543044,0.0035214608
9123228996,-0.016908469,0.018709892,0.0035392954
9123246769,-0.016908469,0.020007586,0.0035571733
9123267812,-0.016908469,0.020007586,0.0036947466
9123287670,-0.016908469,0.021118043,0.0038862631
9123306601,-0.016908469,0.023127818,0.003955996
9123327635,-0.016908469,0.023127818,0.0039147497
9123347780,-0.016908469,0.024949659,0.0037951157
9123368663,-0.016908469,0.026135337,0.0037951157
9123387553,-0.016908469,0.026912564,0.0037951157
9123408631,-0.016908469,0.027871128,0.0037951157
9123427509,-0.016908469,0.02852,0.0037951157
9123447359,-0.016908469,0.02852,0.003910554
9123468243,-0.016908469,0.030038465,0.0039207833
9123487380,-0.016908469,0.030683342,0.0039207833
9123508475,-0.01780506,0.030047186,0.003511535
9123527554,-0.01780506,0.030110158,0.003167245
9123548800,-0.01780506,0.030110158,0.0032886926
9123568064,-0.017314853,0.029221598,0.0035341422
9123587833,-0.017314853,0.027738083,0.0035341422
9123607807,-0.017314853,0.0259016,0.0035341422
9123627781,-0.014645768,0.024811612,0.0031128873
9123647676,-0.012412537,0.022935769,0.002728813
9123667374,-0.012412537,0.022935769,0.002728813
9123688460,-0.01176957,0.022220919,0.0025882937
9123708282,-0.011349265,0.021484844,0.0029204222
9123729283,-0.01108117,0.020570157,0.0036376212
9123748377,-0.0110170515,0.019061081,0.0038877283
9123768177,-0.0110170515,0.019061081,0.003628988
9123787991,-0.0110170515,0.017666958,0.0034265355
9123807992,-0.010425161,0.01572366,0.0032778056
9123828590,-0.008753077,0.013403886,0.0034564747
9123848557,-0.008753077,0.013403886,0.0036124175
9123869543,-0.008753077,0.011998644,0.0035949375
9123888649,-0.0082516,0.010283566,0.003664049
9123909002,-0.0074190544,0.009766808,0.0038841292
9123928541,-0.006624656,0.009016942,0.003913316
9123948530,-0.006624656,0.008089816,0.0037028224
9123968339,-0.0058134147,0.0065322276,0.0034826144
9123988406,-0.0045619803,0.0059476756,0.003403462
9124008378,-0.0037519394,0.0065170825,0.003646305
9124028665,-0.003618311,0.007195806,0.0038131753
9124049547,-0.003618311,0.007195806,0.0036971197
9124068435,-0.003618311,0.007195806,0.0032565007
9124088376,-0.003618311,0.007195806,0.0032565007
9124109301,-0.003957976,0.0086152945,0.0031952222
9124130128,-0.004631326,0.011136195,0.0031719452
9124149010,-0.0050722957,0.013811919,0.003278551
9124168242,-0.0050722957,0.016011398,0.003459175
9124190262,-0.0063023516,0.017897064,0.0034120707
9124209160,-0.0063023516,0.01901519,0.0032909089
9124228951,-0.0063023516,0.01901519,0.0032909089
9124249272,-0.0063023516,0.01901519,0.0032909089
9124268165,-0.007016513,0.02111856,0.003139291
9124289747,-0.0074564726,0.023506287,0.003015698
9124309002,-0.0074564726,0.023506287,0.003015698
9124328984,-0.0074564726,0.024601193,0.0030592787
9124348935,-0.0074564726,0.026891794,0.0031625906
9124370776,-0.0074564726,0.028849635,0.0033088473
9124388630,-0.0074564726,0.030614696,0.0033113444
9124410110,-0.0074564726,0.03170523,0.0032431427
9124429823,-0.0074564726,0.03170523,0.0032431427
9124448772,-0.007898432,0.033382066,0.0032879952
9124468871,-0.008554776,0.034385256,0.0032443516
9124488778,-0.009062235,0.034400627,0.0030085663
9124510885,-0.008788206,0.033161674,0.002420503
9124529028,-0.008507234,0.03130961,0.002420503
9124550217,-0.0078373095,0.029133469,0.002420503
9124569194,-0.0073000058,0.027128985,0.0018286504
9124589313,-0.0067003914,0.024863131,0.0015870073
9124609223,-0.0063147354,0.022760449,0.0014126438
9124629598,-0.005943493,0.020065129,0.0013017278
9124649511,-0.005343794,0.017661698,0.0013017278
9124669805,-0.005343794,0.016093379,0.0013017278
9124690608,-0.005343794,0.014640565,0.0013276581
9124709436,-0.005343794,0.012904603,0.0015416094
9124730405,-0.005343794,0.012904603,0.0017631772
9124749586,-0.004408571,0.009424383,0.002185833
9124769737,-0.004408571,0.0077375253,0.002185833
9124789573,-0.004408571,0.0077375253,0.002185833
9124809539,-0.0038689428,0.006080732,0.002185833
9124830560,-0.0038689428,0.006080732,0.002185833
9124849619,-0.0034647614,0.002622133,0.002185833
9124870555,-0.0034647614,0.0010638594,0.002185833
9124889344,-0.0034647614,-0.0021514087,0.002185833
9124910205,-0.0034647614,-0.003795327,0.002080656
9124930486,-0.0034647614,-0.006833229,0.0018759333
9124949268,-0.0034647614,-0.006833229,0.0018611923
9124970169,-0.0034647614,-0.006833229,0.0016276642
9124990079,-0.0027990884,-0.008703692,0.0015179139
9125011274,-0.0023503476,-0.011412105,0.0015512898
9125029479,-0.0012692732,-0.013489789,0.001854647
9125050545,-0.0012692732,-0.015649624,0.0021788208
9125070374,-0.00025321357,-0.01691793,0.0024251367
9125089752,0.0013013226,-0.01759443,0.0026991507
9125110632,0.0025811968,-0.018213604,0.0028808757
9125130541,0.0032254797,-0.01862846,0.0029157652
9125150358,0.0034427987,-0.018299436,0.0029875173
9125170319,0.003332208,-0.016897056,0.00295289
9125190903,0.0033520667,-0.0151181845,0.0028512743
9125209785,0.0035780098,-0.013832611,0.0026709312
9125230650,0.0036015683,-0.01222743,0.002216512
9125250675,0.0036907408,-0.011101472,0.0017518699
9125269768,0.0034926855,-0.009216843,0.0014817582
9125290615,0.0034926855,-0.008176662,0.0014817582
9125310601,0.0032547738,-0.006278356,0.0009860806
9125331550,0.003036499,-0.003874354,0.00065290846
9125350228,0.003036499,-0.0012588444,0.00065290846
9125371231,0.003036499,-0.0012588444,0.00065290846
9125391050,0.003036499,-0.0012588444,0.00065290846
9125411954,0.0033034917,0.0011077693,0.00038304733
9125430856,0.0032259761,0.0031426358,8.080769e-05
9125450797,0.0023889493,0.0048494153,8.080769e-05
9125470629,0.0020714784,0.006140915,8.080769e-05
9125490549,0.0014832322,0.0074022105,-8.769918e-05
9125512042,0.0009451292,0.008208669,-0.00017285194
9125531201,7.710565e-05,0.008604651,-0.00048066524
9125551363,-0.0007836578,0.008803336,-0.00070797146
9125571179,-0.0014813144,0.009190516,-0.0009808982
9125590270,-0.0020433248,0.009638855,-0.001001954
9125611276,-0.0021717001,0.00932755,-0.0008561103
9125631240,-0.002029022,0.008158929,-0.00069625373
9125651152,-0.0014427229,0.0068444107,-0.0005796168
9125671126,-0.0005807497,0.0048897373,-5.375457e-05
9125692129,-0.0005807497,0.0037861257,0.00015055107
9125710977,-0.0005807497,0.0013199827,0.00031884311
9125730856,-0.0005807497,-0.0012352411,0.00067191815
9125751951,-0.0005807497,-0.0012352411,0.00067191815
9125770983,-0.0005807497,-0.0012352411,0.00067191815
9125791952,-0.0005807497,-0.0033285979,0.0007983453
9125810886,-0.0005807497,-0.0053465604,0.0009972417
9125832816,-0.0005807497,-0.006609848,0.0009972417
9125850894,-0.0005807497,-0.0076332428,0.0011098455
9125871934,-0.0005807497,-0.010068242,0.0013092179
9125891731,-0.0005807497,-0.011334383,0.0013092179
9125910598,-0.0005807497,-0.013553803,0.0013092179
9125931933,-0.0005807497,-0.014914187,0.0014614885
9125951788,-0.0005807497,-0.015849018,0.0014614885
9125971699,-0.0005807497,-0.016476965,0.0014614885
9125991594,-0.0005807497,-0.016844898,0.0014614885
9126012188,-0.0005807497,-0.017031364,0.0014614885
9126031118,-0.0005807497,-0.017692829,0.0017901465
9126052074,-0.0005807497,-0.01836723,0.0020980064
9126072065,0.000590428,-0.018921271,0.0020960118
9126090875,0.0028157355,-0.01932428,0.0018402896
9126111945,0.0028157355,-0.019340476,0.0014359069
9126131984,0.0037606824,-0.01895236,0.0010809699
9126152742,0.00342199,-0.018662645,0.00068874896
9126171407,0.002502822,-0.018383004,0.00050683296
9126192122,0.0024259065,-0.018869469,0.00051180925
9126211948,0.0027220233,-0.019287683,0.00049286673
9126231621,0.0027220233,-0.020003004,0.00049286673
9126252507,0.0027220233,-0.020632997,0.00049286673
9126271557,0.0030940596,-0.021061623,0.000461959
9126292424,0.0031556042,-0.021568475,0.0003456732
9126312330,0.0028521023,-0.021776201,5.7143232e-05
9126332370,0.0019179555,-0.021393232,-0.0001713277
9126352460,0.0019179555,-0.020407664,-0.0001713277
9126372338,0.0019179555,-0.019976584,-0.0003794932
9126392297,0.0019179555,-0.01996431,-0.0007880203
9126412193,-0.00055516453,-0.0197443,-0.0010608493
9126433168,-0.0020513975,-0.01938239,-0.001104718
9126452165,-0.0020513975,-0.019100726,-0.0010430324
9126474128,-0.0020513975,-0.018991185,-0.0010207321
9126492130,-0.0020513975,-0.018953267,-0.0010290258
9126513570,-0.0020513975,-0.018504055,-0.0009631134
9126531978,-0.0020513975,-0.017555896,-0.0008136822
9126552186,-0.0020513975,-0.016498057,-0.00072518317
9126573224,-0.0020513975,-0.015643068,-0.00072518317
9126592193,-0.0020513975,-0.014901374,-0.0006933783
9126613190,-0.0020513975,-0.014164938,-0.00055279897
9126632042,-0.0020513975,-0.013461908,-0.00038894592
9126654003,-0.0020513975,-0.012802377,-0.00038894592
9126672966,-0.0020513975,-0.01182875,-0.0002406587
9126693970,-0.0020513975,-0.011168075,-0.00010757957
9126712766,-0.0020513975,-0.010930089,-0.00010757957
9126732581,-0.0020513975,-0.010720383,-0.00010757957
9126752478,-0.0020513975,-0.010331287,-5.5385903e-05
9126772406,-0.0020513975,-0.010053704,-5.5385903e-05
9126792516,-0.0020513975,-0.009856262,-7.182635e-05
9126812533,-0.0020513975,-0.009626437,-8.2025144e-05
9126834473,-0.0020513975,-0.0091970395,-2.8407932e-05
9126852398,-0.0020513975,-0.008889157,3.7939924e-05
9126872430,-0.0020513975,-0.008718668,3.7939924e-05
9126893442,-0.0020513975,-0.008476203,3.7939924e-05
9126912385,-0.0020513975,-0.008415572,8.506347e-05
9126933274,-0.0020513975,-0.008724826,4.5571003e-05
9126952946,-0.0038240931,-0.008920359,-0.00023703492
9126974839,-0.0038858776,-0.008489403,-0.00057563104
9126992786,-0.0038858776,-0.007964902,-0.00072433753
9127013758,-0.0021165418,-0.007906881,-0.0008082248
9127032994,-0.00031383167,-0.008140609,-0.0008301735
9127052951,0.0012799576,-0.008244815,-0.00087740214
9127073568,0.002320407,-0.008840193,-0.0008106205
9127093459,0.002320407,-0.009215949,-0.00050546427
9127113793,0.003330136,-0.010024874,0.0001258846
9127133414,0.004181258,-0.0106929755,0.00042300092
9127154238,0.004181258,-0.012390546,0.00045009376
9127173159,0.004181258,-0.013892539,0.00027185708
9127193006,0.004181258,-0.015079682,-2.0873951e-05
9127214032,0.004181258,-0.016245106,-0.00029749027
9127232640,0.004181258,-0.017487532,-0.00029749027
9127253547,0.004181258,-0.018914605,-0.00029749027
9127273522,0.004181258,-0.020453671,-0.00029749027
9127283913,0.004181258,-0.02128261,-0.00029749027
9127313231,0.004181258,-0.023755515,-0.00028175447
9127334160,0.004181258,-0.025288329,-0.00028175447
9127354135,0.004181258,-0.026759522,-0.00028175447
9127373228,0.004181258,-0.02827674,-0.00026554946
9127394094,0.004181258,-0.02975536,-0.00018268552
9127413988,0.004181258,-0.031065626,-0.00013195642
9127433883,0.004181258,-0.032282904,-0.00013195642
9127453949,0.004181258,-0.03353648,-0.00013195642
9127474960,0.004181258,-0.034657553,-0.00012431416
9127493870,0.004181258,-0.035969716,-3.201042e-05
9127513860,0.004181258,-0.0373732,5.0605435e-05
9127534422,0.004181258,-0.038804658,0.000106691805
9127553455,0.004181258,-0.040088452,0.000117007585
9127574352,0.004181258,-0.04109482,4.497929e-05
9127594349,0.004181258,-0.041824892,4.497929e-05
9127603664,0.004181258,-0.041978903,6.53577e-05
9127634362,0.004181258,-0.041664317,0.0003277552
9127654749,0.004181258,-0.041093037,0.00029285072
9127674739,0.004181258,-0.040650886,8.752497e-06
9127694568,0.004181258,-0.040517796,8.752497e-06
9127714616,0.004181258,-0.040786605,4.1702762e-05
9127733569,0.004181258,-0.041135482,0.00020708406
9127754834,0.004181258,-0.041242927,0.00051707635
9127774804,0.004181258,-0.041205544,0.00047910569
9127785208,0.004181258,-0.041029226,0.0003258498
9127814665,0.004181258,-0.040040575,0.00017694847
9127834547,0.004181258,-0.03895852,0.0003019068
9127854439,0.004181258,-0.038204253,0.0003438352
9127874433,0.004181258,-0.03799448,0.00032965763
9127894418,0.004181258,-0.038128242,0.00032965763
9127914351,0.004181258,-0.03772611,0.00032965763
9127935225,0.004181258,-0.036937393,0.0002888498
9127954264,0.004181258,-0.036012474,0.0003689526
9127964823,0.004181258,-0.035578974,0.00038400144
9127995180,0.004181258,-0.034586642,0.00038400144
9128015175,0.004181258,-0.033734966,0.0005305016
9128034980,0.004181258,-0.03318569,0.00064816425
9128054001,0.004181258,-0.03270233,0.0005224283
9128074963,0.004181258,-0.032528106,0.0005224283
9128094841,0.004181258,-0.032867607,0.0005224283
9128105337,0.004181258,-0.03310186,0.0005224283
9128134817,0.004181258,-0.033623755,0.00065138127
9128154695,0.004181258,-0.033855267,0.0006842557
9128174943,0.004181258,-0.034084264,0.0006842557
9128194511,0.004181258,-0.034193866,0.0006842557
9128204945,0.004181258,-0.03415483,0.0006842557
9128234820,0.004181258,-0.03440127,0.00073765
9128245399,0.004181258,-0.03472876,0.00073765
9128274763,0.004181258,-0.035979602,0.00073765
9128285154,0.004181258,-0.036451083,0.00073765
9128314739,0.004181258,-0.03784969,0.00073765
9128325157,0.004181258,-0.038596626,0.00073765
9128345201,0.004181258,-0.038596626,0.00073765
9128374614,0.004255693,-0.039919537,0.0007688126
9128385234,0.0041424627,-0.040510442,0.00085079926
9128406156,0.0036027734,-0.04122538,0.0010194057
9128426019,0.0028886257,-0.041362476,0.0010390165
9128444987,0.0024399175,-0.04105274,0.000982271
9128465848,0.0024322784,-0.040496036,0.0010158013
9128485175,0.0026937905,-0.04001447,0.001063909
9128514806,0.0021687483,-0.03967657,0.0012016542
9128525430,0.0016784742,-0.039550066,0.0012854595
9128555034,3.160059e-05,-0.038834453,0.0015979968
9128565615,-0.00039162464,-0.03849995,0.0017297991
9128595139,-0.0013336334,-0.037749015,0.0019762754
9128605548,-0.0017029641,-0.037528053,0.0020253267
9128625441,-0.0025327373,-0.03695204,0.0022025437
9128645590,-0.003418507,-0.03636862,0.0024119946
9128665519,-0.0048268847,-0.035848767,0.0024926786
9128695013,-0.007729669,-0.03484721,0.002544085
9128705381,-0.007729669,-0.034258228,0.0026337213
9128726346,-0.007729669,-0.03331927,0.0027467187
9128746341,-0.007729669,-0.03278743,0.0027467187
9128765214,-0.007729669,-0.032181248,0.0027467187
9128786112,-0.007729669,-0.03121394,0.0027797387
9128806141,-0.007729669,-0.030326659,0.0027923454
9128825986,-0.007729669,-0.029845966,0.0027575684
9128846208,-0.007729669,-0.029299485,0.0027575684
9128867196,-0.007729669,-0.028854204,0.0027575684
9128886140,-0.007729669,-0.028799333,0.0027575684
9128906349,-0.007729669,-0.028796658,0.0027575684
9128926142,-0.007729669,-0.028780168,0.0027575684
9128946096,-0.007729669,-0.028861744,0.0027575684
9128965931,-0.007729669,-0.029150514,0.002753138
9128986008,-0.007729669,-0.029664354,0.0027517495
9129007349,-0.007729669,-0.029911352,0.0027517495
9129026216,-0.007729669,-0.03025204,0.0027517495
9129047130,-0.007729669,-0.03064151,0.0027515306
9129065928,-0.007729669,-0.031185867,0.0027421296
9129085943,-0.007729669,-0.031934485,0.0027421296
9129106813,-0.007729669,-0.032466035,0.0027421296
9129125632,-0.007729669,-0.032698657,0.0027421296
9129146601,-0.007729669,-0.03270499,0.0027421296
9129166657,-0.007729669,-0.03298854,0.0027421296
9129187503,-0.007729669,-0.033383746,0.0026380941
9129206403,-0.007729669,-0.03348186,0.0026237632
9129227359,-0.007729669,-0.033507988,0.0026237632
9129246148,-0.007729669,-0.03378469,0.0026237632
9129266461,-0.007729669,-0.034129042,0.0026237632
9129286436,-0.007729669,-0.034332126,0.0026237632
9129306351,-0.007729669,-0.034628063,0.0026132655
9129327196,-0.007729669,-0.034995396,0.002497711
9129346202,-0.007729669,-0.03515184,0.0024648535
9129368164,-0.007729669,-0.035091497,0.0024250285
9129387052,-0.007729669,-0.034936044,0.0022963416
9129406931,-0.007729669,-0.034718167,0.002246026
9129427245,-0.007729669,-0.034367863,0.0022005134
9129446378,-0.007729669,-0.03405233,0.002143386
9129467215,-0.007729669,-0.03401064,0.0021179866
9129487244,-0.007729669,-0.033953533,0.002150397
9129508290,-0.007729669,-0.03371002,0.002150397
9129527468,-0.007729669,-0.03371192,0.0021357215
9129548025,-0.007729669,-0.0338799,0.0020204352
9129566962,-0.007729669,-0.034070265,0.0019157075
9129587171,-0.007729669,-0.034208015,0.0019021047
9129607221,-0.007729669,-0.034025002,0.0018889584
9129627079,-0.010782225,-0.032867607,0.0018710578
9129646972,-0.010782225,-0.03173779,0.0019993214
9129666964,-0.010782225,-0.030821394,0.0019993214
9129688138,-0.010782225,-0.029670864,0.0021160843
9129707142,-0.011524913,-0.028310478,0.0023830412
9129726990,-0.012557144,-0.02711704,0.0025464224
9129747962,-0.014039297,-0.025938803,0.002580161
9129766929,-0.014039297,-0.02507235,0.002541278
9129787939,-0.014039297,-0.024148667,0.0025177642
9129807855,-0.014039297,-0.023206882,0.0024606746
9129828759,-0.014039297,-0.022609135,0.002310953
9129847145,-0.01595106,-0.021800404,0.002145484
9129868043,-0.01595106,-0.02015894,0.002145484
9129886813,-0.01595106,-0.018128429,0.002145484
9129907717,-0.01595106,-0.015660208,0.002145484
9129927756,-0.01595106,-0.015660208,0.002145484
9129948369,-0.01595106,-0.01254522,0.002145484
9129968023,-0.01595106,-0.01254522,0.002145484
9129987944,-0.016534654,-0.0099110175,0.002145484
9130009031,-0.017633425,-0.0077653155,0.002145484
9130027972,-0.018290607,-0.0058698487,0.002145484
9130047800,-0.01924372,-0.0045479946,0.0021840634
9130068746,-0.01924372,-0.003180787,0.0022919758
9130087817,-0.01924372,-0.001608748,0.0023144514
9130107798,-0.019910458,-1.5581027e-05,0.0022456264
9130127765,-0.019910458,0.0017361115,0.0022735528
9130149776,-0.019910458,0.0033854328,0.0024898313
9130167684,-0.019910458,0.005039125,0.0026045248
9130188747,-0.019910458,0.006776409,0.0025648994
9130208569,-0.020587338,0.008320946,0.002419327
9130227753,-0.021263337,0.00946951,0.0023150772
9130248923,-0.021263337,0.010887917,0.0023502717
9130267962,-0.021263337,0.012207478,0.0025230453
9130288862,-0.021263337,0.013417076,0.0025862944
9130307794,-0.021263337,0.0148284435,0.0025861466
9130329901,-0.021263337,0.016359959,0.002568793
9130348170,-0.021263337,0.017937016,0.002448
9130369132,-0.021263337,0.019630553,0.002448
9130388921,-0.02150254,0.021276452,0.0021719623
9130407853,-0.021832623,0.022204524,0.001742464
9130428801,-0.022387238,0.022311786,0.0011787324
9130447831,-0.02261428,0.021519827,0.0006387505
9130468777,-0.022410735,0.020414256,0.0006387505
9130488726,-0.022410735,0.020414256,0.0006387505
9130509930,-0.022410735,0.020414256,0.0006387505
9130528465,-0.022274,0.016987666,0.0006387505
9130548997,-0.021940779,0.014385244,0.0006387505
9130568950,-0.021885438,0.011301538,0.0006552981
9130587880,-0.021885438,0.011301538,0.0007148697
9130609103,-0.021885438,0.007571854,0.0010640958
9130629040,-0.021885438,0.007571854,0.0013966395
9130649960,-0.021885438,0.0057765227,0.0014999526
9130669105,-0.021885438,0.0038792659,0.0015554236
9130688179,-0.021885438,0.0038792659,0.001637238
9130709184,-0.021885438,0.0038792659,0.0016808244
9130728954,-0.021432394,0.000736378,0.0018415678
9130748777,-0.021087555,-0.0020185923,0.0019829487
9130768782,-0.02043429,-0.0049014683,0.0020519542
9130788823,-0.020083029,-0.0060367533,0.002028549
9130808806,-0.019594071,-0.007517363,0.0020075915
9130830728,-0.019594071,-0.007517363,0.0018394093
9130848570,-0.019594071,-0.007517363,0.0018394093
9130869567,-0.019002996,-0.010402214,0.0018552366
9130889551,-0.018587483,-0.011774408,0.0020407082
9130909370,-0.018014306,-0.011774408,0.0020407082
9130929282,-0.018014306,-0.011774408,0.001906564
9130949519,-0.017506758,-0.013487922,0.00163944
9130970424,-0.016797503,-0.01627676,0.0016328063
9130989649,-0.016333416,-0.018591342,0.001723968
9131010589,-0.015913565,-0.020675,0.0018293461
9131029126,-0.015670883,-0.02278293,0.0018270686
9131049095,-0.01574217,-0.024455989,0.0017863374
9131069893,-0.015575603,-0.025624098,0.0018019214
9131088763,-0.015647383,-0.026300924,0.0017961547
9131109853,-0.016138528,-0.026511531,0.0018101215
9131129854,-0.0170161,-0.026114427,0.0018720039
9131150820,-0.017955154,-0.02528625,0.001914466
9131169701,-0.017955154,-0.023302268,0.0018698465
9131189618,-0.017955154,-0.023302268,0.0017588821
9131210155,-0.018277977,-0.021968814,0.0016579176
9131229359,-0.019058114,-0.019885566,0.0016364406
9131250435,-0.01970639,-0.017685475,0.0016537867
9131269293,-0.020570142,-0.016153937,0.001577649
9131290557,-0.021393262,-0.015035047,0.0014025002
9131309546,-0.022318264,-0.014386552,0.0011635829
9131330351,-0.023113497,-0.014023649,0.0008618861
9131349456,-0.023714527,-0.013551611,0.00063777756
9131370274,-0.02436972,-0.012340143,0.00057220703
9131390175,-0.024289124,-0.011151045,0.0005110983
9131410457,-0.02407235,-0.010329747,0.00035996057
9131430369,-0.02426834,-0.009509035,0.00025742367
9131449485,-0.024595607,-0.008505102,0.0001966533
9131471417,-0.024759367,-0.0076723094,0.00021448411
9131490315,-0.025409326,-0.007024212,6.115994e-05
9131511450,-0.026599614,-0.0068389466,-0.00018160012
9131530755,-0.026599614,-0.006691399,-0.0006271547
9131549622,-0.02747406,-0.0065369876,-0.0006271547
9131570515,-0.029547583,-0.0061763483,-0.0006271547
9131590346,-0.03144717,-0.005695147,-0.0003682277
9131610352,-0.03222266,-0.005198107,0.00020083287
9131630335,-0.033603005,-0.00447404,0.00084157195
9131651216,-0.033603005,-0.0032626442,0.0016848373
9131670075,-0.033822946,-0.00236471,0.0024533065
9131690646,-0.03341534,-0.0024661308,0.0029921248
9131710815,-0.032807883,-0.0031496622,0.0028074158
9131730575,-0.032276873,-0.0031496622,0.0017327423
9131750490,-0.031833768,-0.0031496622,0.0010240965
9131770358,-0.031840555,-0.004292745,0.00048165576
9131792438,-0.031989258,-0.004714636,0.000751374
9131810345,-0.03245717,-0.004857832,0.0013234317
9131831225,-0.03324625,-0.0047041313,0.0021090296
9131850551,-0.033865683,-0.0045383465,0.0026433773
9131870517,-0.034047235,-0.005122698,0.002393625
9131891437,-0.0342373,-0.005904005,0.0016366091
9131910266,-0.034533974,-0.006223746,0.0011745463
9131931160,-0.03488924,-0.005974165,0.0013146335
9131950361,-0.03488924,-0.005367375,0.0017841698
9131972267,-0.03533765,-0.0045386427,0.0023454365
9131991216,-0.036030017,-0.0038039281,0.002919951
9132011794,-0.03624474,-0.003697261,0.003159084
9132031135,-0.036410492,-0.004307204,0.0027674525
9132051043,-0.036410492,-0.0049716155,0.0020929514
9132070880,-0.03741921,-0.0049640974,0.0017717957
9132090877,-0.037929054,-0.003948394,0.0020905323
9132110740,-0.037929054,-0.0027570797,0.002972369
9132130914,-0.03847598,-0.0015888696,0.0041839853
9132151841,-0.0389392,-0.00096234394,0.0046987906
9132170679,-0.039142445,-0.0016392525,0.0044981977
9132190711,-0.039149813,-0.0016392525,0.0031486382
9132211798,-0.039342422,-0.0029229885,0.0015718697
9132230680,-0.0394473,-0.003245883,0.0012200105
9132251585,-0.039570685,-0.0026307115,0.002102056
9132271521,-0.039904688,-0.001994451,0.0033285655
9132292529,-0.040424284,-0.0015451371,0.0037781177
9132311480,-0.040816043,-0.0016105514,0.0037781177
9132332490,-0.04048846,-0.002375932,0.0033090312
9132351400,-0.0402711,-0.0035811616,0.002168502
9132370906,-0.040390596,-0.0043215402,0.0014218024
9132392091,-0.040538423,-0.003399415,0.0019673521
9132411157,-0.040538423,-0.003399415,0.002560773
9132432083,-0.0407533,-0.0022852155,0.0036039073
9132451973,-0.04080555,-0.002136555,0.0037614435
9132473395,-0.04078027,-0.0031757904,0.0033253557
9132491191,-0.04073642,-0.0043281997,0.0022820022
9132511284,-0.04092261,-0.0046071247,0.001674736
9132532607,-0.040941115,-0.0035230657,0.0020885824
9132551208,-0.040941115,-0.0035230657,0.0026483901
9132572225,-0.04154508,-0.0022196732,0.003871588
9132592146,-0.04153522,-0.002064321,0.003871588
9132613099,-0.041010465,-0.002914532,0.0033784257
9132632232,-0.041010465,-0.003970631,0.002323621
9132651973,-0.041010465,-0.0046594143,0.002323621
9132671966,-0.041010465,-0.0044592563,0.0020169439
9132691816,-0.038583577,-0.003925664,0.0020868732
9132711769,-0.03712632,-0.003069235,0.0027020785
9132731755,-0.03567175,-0.0021149984,0.0035776047
9132752675,-0.03352032,-0.000924054,0.0039004476
9132771579,-0.032426145,0.00012729614,0.0039004476
9132793525,-0.030252255,0.0009680968,0.0036967346
9132812520,-0.0284718,0.0011075787,0.002982288
9132832409,-0.0269495,0.0008813011,0.0016589751
9132852232,-0.025257932,0.0008174828,0.00018046453
9132872176,-0.024229847,0.0016400956,-0.00037572952
9132892140,-0.024229847,0.0030700972,4.3947424e-05
9132911988,-0.023133062,0.00438625,0.0008606871
9132933803,-0.022049144,0.004990641,0.0016325619
9132952763,-0.020689297,0.004901772,0.001992289
9132972287,-0.019077195,0.00419393,0.0016990573
9132991976,-0.019077195,0.002977168,0.0012777201
9133012231,-0.017749086,0.0017356774,3.473484e-06
9133032998,-0.016012752,0.0012886013,7.134648e-05
9133052531,-0.016012752,0.0019569683,0.0008315671
9133072393,-0.014713392,0.0025552972,0.0017119518
9133092334,-0.013320006,0.002662505,0.002409685
9133114173,-0.011456159,0.0025261801,0.0027059752
9133132386,-0.009559976,0.0024212413,0.0026383423
9133153540,-0.0078037693,0.0019963442,0.0023553881
9133173374,-0.006117436,0.0014615806,0.002029973
9133192344,-0.005160223,0.0018563466,0.0019781492
9133213236,-0.005160223,0.0028284276,0.0019781492
9133232257,-0.003961935,0.0035271137,0.0019781492
9133252589,-0.0015051182,0.0036658845,0.0019781492
9133272588,-0.0015051182,0.0024039224,0.0021047154
9133294569,-0.0015051182,0.0024039224,0.0009961021
9133313099,-0.00049014064,0.0012416294,7.360848e-05
9133332959,-0.00049014064,-0.0015655091,7.360848e-05
9133352969,-0.00049014064,-0.0015655091,7.360848e-05
9133372816,-0.00049014064,-0.0031381682,7.360848e-05
9133393843,-0.00049014064,-0.0031381682,7.360848e-05
9133412751,0.0010261034,-0.0038737464,0.0006720221
9133434657,0.0010261034,-0.0042620976,0.0015653063
9133453781,0.0010261034,-0.0050213463,0.0016230185
9133474194,0.0010261034,-0.005713581,0.0014
9133493552,0.0010261034,-0.006529878,0.0010662836
9133512532,0.002611722,-0.007648184,0.0005079198
9133533810,0.0036890074,-0.009087431,0.0005079198
9133552955,0.0036890074,-0.010686857,0.0005079198
9133573047,0.0049498226,-0.011537243,0.0006207262
9133592980,0.005669011,-0.012517014,0.0015878776
9133614940,0.006871178,-0.013479692,0.0028573945
9133633866,0.007528161,-0.014629295,0.003296852
9133653887,0.007528161,-0.01583191,0.0031858184
9133673781,0.007528161,-0.017143073,0.0025323322
9133693647,0.007528161,-0.018676836,0.0018618908
9133713543,0.007528161,-0.018676836,0.0018618908
9133733748,0.007829025,-0.019786837,0.0018618908
9133754646,0.00740351,-0.020334573,0.002135282
9133773603,0.00740351,-0.021023178,0.0021358447
9133793444,0.00740351,-0.021023178,0.0021358447
9133814637,0.0063468423,-0.021685751,0.001118913
9133833600,0.005273264,-0.021094006,0.001118913
9133854529,0.005044219,-0.019466508,0.0011244059
9133873349,0.005044219,-0.019466508,0.0014981062
9133894352,0.004437728,-0.017736701,0.001676139
9133914244,0.004437728,-0.017736701,0.0020655533
9133935163,0.004437728,-0.016441435,0.0030539667
9133954060,0.0032816888,-0.015574629,0.0035263707
9133974045,0.0027330548,-0.015574629,0.003138111
9133994045,0.0024498773,-0.015574629,0.0021833926
9134013926,0.0024498773,-0.015574629,0.0021892474
9134033813,0.0024498773,-0.015574629,0.002903067
9134053820,0.0024498773,-0.017364051,0.0035620714
9134064313,0.0024498773,-0.017364051,0.0035620714
9134094753,0.0024498773,-0.017364051,0.0035620714
9134114604,0.0024498773,-0.02027981,0.0036431826
9134134538,0.0026478427,-0.021768771,0.0033541983
9134154591,0.0026478427,-0.022680227,0.0029513
9134174054,0.0026478427,-0.022316571,0.002984642
9134194056,0.0026478427,-0.022316571,0.002984642
9134215034,0.00238593,-0.021113593,0.00324349
9134233960,0.0029422715,-0.019480657,0.003246098
9134244782,0.0029422715,-0.018983971,0.003024924
9134274554,0.0029422715,-0.016479021,0.0018524139
9134294416,0.0029422715,-0.016479021,0.0018524139
9134314614,0.0029422715,-0.015002858,0.001789483
9134334620,0.0029422715,-0.015127371,0.001789483
9134354646,0.0029422715,-0.015127371,0.001789483
9134374610,0.0029422715,-0.015127371,0.001789483
9134394389,0.0029422715,-0.015127371,0.001789483
9134405812,0.0029422715,-0.015127371,0.001789483
9134425094,0.0029422715,-0.017103827,0.001789483
9134454989,0.0029422715,-0.01754682,0.0025980487
9134464505,0.0029422715,-0.01754682,0.0032369753
9134485046,0.0029422715,-0.01754682,0.0032369753
9134514805,0.0035851425,-0.016214726,0.0032369753
9134535049,0.004131877,-0.014827708,0.0035853235
9134554383,0.004131877,-0.014775334,0.0033436078
9134565034,0.004131877,-0.0149470605,0.003055685
9134594530,0.0053187627,-0.015416289,0.002525305
9134604929,0.0055869753,-0.015485479,0.002530136
9134624823,0.005736263,-0.0154735185,0.0027748663
9134654361,0.0057398146,-0.014200136,0.0033351553
9134664831,0.0057398146,-0.014200136,0.0033351553
9134685891,0.0057398146,-0.01328303,0.0033351553
9134715161,0.0057398146,-0.011477264,0.0033351553
9134735146,0.0057398146,-0.01156051,0.0035805788
9134745580,0.0057398146,-0.011894562,0.0037850097
9134764726,0.0057398146,-0.013152288,0.0037850097
9134795071,0.0054986165,-0.014108622,0.0038540196
9134805586,0.0054986165,-0.01581025,0.0038540196
9134834856,0.0059502125,-0.01581025,0.0038540196
9134845251,0.0064385263,-0.016912023,0.0038540196
9134874989,0.006889623,-0.018486552,0.0038540196
9134885395,0.006889623,-0.018486552,0.0038540196
9134905208,0.006462223,-0.019231185,0.0038540196
9134935171,0.005351419,-0.020489372,0.0039552683
9134945560,0.0048708543,-0.020998018,0.0039575826
9134974767,0.004116016,-0.020965561,0.0030947374
9134985226,0.004116016,-0.020965561,0.0025299266
9135007363,0.003293762,-0.019125184,0.0021157858
9135025198,0.0021476392,-0.017982256,0.0015506919
9135045182,0.0016009491,-0.016983768,0.0011586951
9135066071,0.0014446911,-0.016351514,0.0010062737
9135084982,0.00066186796,-0.015718209,0.0010163926
9135105893,0.00066186796,-0.014188379,0.0010163926
9135125827,-3.569643e-06,-0.012976525,0.0010059896
9135147328,-0.0013073831,-0.012921752,0.001145052
9135165895,-0.0018981396,-0.013283981,0.0013022519
9135185933,-0.0030396509,-0.014048125,0.0014546505
9135205550,-0.0037247397,-0.014444793,0.0014348188
9135225997,-0.0037247397,-0.013787237,0.0012773179
9135246047,-0.0037247397,-0.012811878,0.0012773179
9135265561,-0.0037247397,-0.012811878,0.0012773179
9135286478,-0.0037247397,-0.012811878,0.0012773179
9135307480,-0.003757025,-0.011900369,0.0012773179
9135326523,-0.004347507,-0.011508532,0.0013693487
9135346320,-0.004347507,-0.011865498,0.0016920128
9135366162,-0.0050211507,-0.012327519,0.0018758954
9135386992,-0.0060332166,-0.012295568,0.0018064985
9135406024,-0.0068256976,-0.012077678,0.0013928154
9135427056,-0.007926139,-0.0120716365,0.0007236842
9135446248,-0.008519517,-0.011683515,0.0002715542
9135468245,-0.008778306,-0.010877447,-5.215041e-05
9135486090,-0.00956276,-0.010660667,-3.9382772e-05
9135506079,-0.010151211,-0.011050923,0.00033067015
9135526381,-0.010151211,-0.011813977,0.00075549464
9135546584,-0.010151211,-0.011813977,0.00075549464
9135566652,-0.010710425,-0.012025826,0.0007206393
9135586526,-0.012083466,-0.012279797,0.00065342814
9135606460,-0.013248425,-0.012177896,0.0005966421
9135626357,-0.014482336,-0.012079077,0.00050760666
9135647486,-0.015033339,-0.012041128,0.00035273112
9135666762,-0.016341805,-0.012097683,0.00023875159
9135686787,-0.017473519,-0.011887953,0.00014271188
9135706646,-0.01766958,-0.010732414,-0.00086457806
9135726585,-0.01766958,-0.010099898,-0.00086457806
9135747508,-0.018025355,-0.00922153,-0.00086457806
9135766658,-0.018409222,-0.009041054,-0.00086457806
9135788559,-0.01887303,-0.008878387,-0.00086457806
9135806443,-0.019748403,-0.008715263,-0.00086457806
9135827371,-0.020664297,-0.008548523,-0.00086457806
9135847602,-0.02160286,-0.008382755,-0.00090385706
9135866565,-0.022459107,-0.00822234,-0.0009387055
9135887192,-0.023387667,-0.008063177,-0.00097344496
9135907113,-0.024288628,-0.007885478,-0.0010066121
9135927035,-0.025214972,-0.0077337003,-0.0010223519
9135947159,-0.026234025,-0.00764315,-0.0009554222
9135968138,-0.026234025,-0.00764315,-0.0009554222
9135986947,-0.026234025,-0.00764315,-0.0009554222
9136008478,-0.026234025,-0.00764315,-0.0009554222
9136027549,-0.026234025,-0.00764315,-0.0009554222
9136046612,-0.026234025,-0.00764315,-0.0009554222
9136067569,-0.026234025,-0.00764315,-0.0009554222
9136087698,-0.026234025,-0.00764315,-0.0009554222
9136107985,-0.026234025,-0.00764315,-0.0009554222
9136126892,-0.026234025,-0.00764315,-0.0009554222
9136147963,-0.026234025,-0.00764315,-0.0009554222
9136166857,-0.026234025,-0.00764315,-0.0009554222
9136188399,-0.026234025,-0.00764315,-0.0009554222
9136207798,-0.026234025,-0.008001008,-0.0016755061
9136226806,-0.02739497,-0.008045859,-0.0016755061
9136247698,-0.027884137,-0.0073337858,-0.0012175561
9136267550,-0.027723186,-0.0059400406,0.0006371691
9136288809,-0.027881736,-0.0051087528,0.0019806158
9136307657,-0.028244566,-0.0049897707,0.0018838976
9136328552,-0.028737547,-0.0049687657,0.001552299
9136347455,-0.029937465,-0.005120485,0.0007851293
9136367042,-0.031224832,-0.005326594,0.00031156393
9136387998,-0.03219222,-0.0051877834,0.00026389735
9136408102,-0.03282438,-0.0047199004,0.0004097531
9136427962,-0.032912694,-0.003796961,0.0009861393
9136447377,-0.033277355,-0.003156865,0.0009961505
9136469399,-0.033985198,-0.0028422086,0.000651992
9136488321,-0.034879684,-0.002685581,1.4824909e-06
9136508409,-0.035961475,-0.0027216794,-0.00061879493
9136528405,-0.03694726,-0.0026581187,-0.0007099748
9136547971,-0.037925996,-0.0025999602,-0.00042741577
9136567956,-0.03862972,-0.002306675,0.00030626127
9136587826,-0.039281942,-0.0019557187,0.0009954438
9136609941,-0.039687883,-0.0018698097,0.0010153558
9136627756,-0.039687883,-0.0018698097,0.0010153558
9136647596,-0.039687883,-0.0018698097,0.0010153558
9136668560,-0.039687883,-0.0018698097,0.0010153558
9136688438,-0.039687883,-0.0018698097,0.0010153558
9136708556,-0.039687883,-0.0018698097,0.0010153558
9136728393,-0.039687883,-0.0018698097,0.0010153558
9136748428,-0.039687883,-0.0018698097,0.0010153558
9136768431,-0.039687883,-0.0018698097,0.0010153558
9136789508,-0.039687883,-0.0018698097,0.0010153558
9136808394,-0.039687883,-0.0018698097,0.0010153558
9136828232,-0.039687883,-0.0018698097,0.0010153558
9136849136,-0.039687883,-0.0018698097,0.0010153558
9136868334,-0.039687883,-0.0018698097,0.0010153558
9136888321,-0.039687883,-0.0018698097,0.0010153558
9136908309,-0.039687883,-0.0018698097,0.0010153558
9136930381,-0.039687883,-0.0018698097,0.0010153558
9136948481,-0.039687883,-0.0018698097,0.0010153558
9136969577,-0.039687883,-0.0018698097,0.0010153558
9136988455,-0.039687883,-0.0018698097,0.0010153558
9137008381,-0.039687883,-0.0018698097,0.0010153558
9137029447,-0.039687883,-0.0018698097,0.0010153558
9137048543,-0.039687883,-0.0018698097,0.0010153558
9137069342,-0.039687883,-0.0018698097,0.0010153558
9137088350,-0.039687883,-0.0018698097,0.0010153558
9137110364,-0.039687883,-0.0018698097,0.0010153558
9137129279,-0.039687883,-0.0018698097,0.0010153558
9137149287,-0.039687883,-0.0018698097,0.0010153558
9137169267,-0.039687883,-0.0018698097,0.0010153558
9137189115,-0.039687883,-0.0018698097,0.0010153558
9137209303,-0.039687883,-0.0018698097,0.0010153558
9137229228,-0.039687883,-0.0018698097,0.0010153558
9137248913,-0.039687883,-0.0018698097,0.0010153558
9137268812,-0.039687883,-0.0018698097,0.0010153558
9137290399,-0.039687883,-0.0018698097,0.0010153558
9137309349,-0.039687883,-0.0018698097,0.0010153558
9137329225,-0.039687883,-0.0018698097,0.0010153558
9137349587,-0.039687883,-0.0018698097,0.0010153558
9137368572,-0.039687883,-0.0018698097,0.0010153558
9137389462,-0.039687883,-0.0018698097,0.0010153558
9137409474,-0.039687883,-0.0018698097,0.0010153558
9137430343,-0.039687883,-0.0018698097,0.0010153558
9137449482,-0.039687883,-0.0018698097,0.0010153558
9137470415,-0.039687883,-0.0018698097,0.0010153558
9137489233,-0.039687883,-0.0018698097,0.0010153558
9137509275,-0.039687883,-0.0018698097,0.0010153558
9137529625,-0.039687883,-0.0018698097,0.0010153558
9137550201,-0.039687883,-0.0018698097,0.0010153558
9137569999,-0.039687883,-0.0018698097,0.0010153558
9137589915,-0.039687883,-0.0018698097,0.0010153558
9137610784,-0.039687883,-0.0018698097,0.0010153558
9137629892,-0.039687883,-0.0018698097,0.0010153558
9137649953,-0.039687883,-0.0018698097,0.0010153558
9137669810,-0.039687883,-0.0018698097,0.0010153558
9137689663,-0.039687883,-0.0018698097,0.0010153558
9137709941,-0.039687883,-0.0018698097,0.0010153558
9137730128,-0.039687883,-0.0018698097,0.0010153558
9137751130,-0.039687883,-0.0018698097,0.0010064882
9137770104,-0.039248236,-0.0017928743,0.0008828371
9137790063,-0.038543683,-0.0017928743,0.0008828371
9137810038,-0.03853202,-0.0019089255,0.0008828371
9137829825,-0.03853202,-0.0019089255,0.0006325456
9137850698,-0.03853202,-0.002117606,0.0006325456
9137869999,-0.03864027,-0.002031761,0.0005819279
9137890157,-0.038615927,-0.0014898827,0.0003549084
9137910120,-0.038566727,-0.0010447846,9.625427e-05
9137931074,-0.038773358,-0.00051537756,9.168965e-05
9137950128,-0.038773358,-0.00025906748,0.00020147505
9137970759,-0.039123245,-8.098126e-05,0.0003191614
9137990609,-0.039686084,0.00015411289,0.00026362046
9138009591,-0.03992797,0.0005443049,0.00014567641
9138030603,-0.040154655,0.0009981651,0.00014567641
9138050577,-0.040485926,0.0015312429,0.00014567641
9138071417,-0.04074951,0.0021118158,0.00014567641
9138090249,-0.040704668,0.0028394524,0.00025293004
9138110797,-0.040100977,0.0033221026,0.0007538971
9138130788,-0.040100977,0.0028976921,0.0010152478
9138150684,-0.040100977,0.0028976921,0.0010152478
9138171536,-0.040100977,0.0028976921,0.0010152478
9138190451,-0.03912551,0.0015537126,0.0010152478
9138210443,-0.03912551,0.001203414,0.0008917657
9138230322,-0.03912551,0.001203414,0.000453174
9138252265,-0.03912551,0.001203414,-0.00021207731
9138271148,-0.03912551,0.001203414,-0.00053537893
9138291074,-0.039237373,0.0023752642,-0.00062956556
9138311155,-0.03885265,0.0037165375,-0.0007180461
9138330089,-0.038847134,0.0037165375,-0.0007180461
9138351380,-0.038595084,0.0040370882,-0.0007180461
9138371411,-0.038584203,0.004633154,-0.0007487855
9138391454,-0.0386012,0.0051264483,-0.000790106
9138410484,-0.038588706,0.005635151,-0.0008231651
9138432341,-0.03856773,0.0062045315,-0.0008391667
9138451302,-0.038532857,0.006768645,-0.00086364226
9138471360,-0.03849273,0.0073501784,-0.00090635446
9138491231,-0.03830979,0.008059603,-0.0009889199
9138510432,-0.037636373,0.009318361,-0.0012229809
9138531692,-0.037138056,0.010931597,-0.0013465574
9138551070,-0.036500342,0.012067472,-0.0015304128
9138572177,-0.036276493,0.012720885,-0.0016219252
9138591113,-0.036193747,0.013239598,-0.0017049663
9138612072,-0.036118403,0.013763899,-0.0018076492
9138631187,-0.03606015,0.014251875,-0.0018778155
9138651065,-0.035956863,0.014792393,-0.0018781556
9138671993,-0.035956863,0.014792393,-0.0018781556
9138691199,-0.035956863,0.014792393,-0.0018781556
9138711451,-0.035956863,0.014792393,-0.0018781556
9138731487,-0.034945298,0.016165933,-0.0026392813
9138752557,-0.033867057,0.01754917,-0.0026392813
9138771421,-0.03379932,0.017579462,-0.003361816
9138791351,-0.03379932,0.01659839,-0.0038416064
9138812471,-0.03396992,0.016217157,-0.0038416064
9138831362,-0.033820327,0.016528297,-0.003746164
9138852262,-0.033208314,0.017299768,-0.0034710576
9138871151,-0.03273019,0.018614875,-0.002893077
9138893090,-0.03273019,0.018614875,-0.0022355884
9138911974,-0.03273019,0.019471971,-0.0022355884
9138932956,-0.031917036,0.020392656,-0.00236996
9138951775,-0.03192267,0.020620266,-0.002889979
9138972086,-0.032465603,0.020477144,-0.0036625643
9138992175,-0.03248674,0.020774523,-0.0040681437
9139012149,-0.031974513,0.021498272,-0.004078043
9139032044,-0.031052193,0.022515554,-0.0037508747
9139052144,-0.031052193,0.024042202,-0.0032331352
9139073142,-0.031052193,0.024839845,-0.0032331352
9139091961,-0.029790526,0.026112448,-0.0031281076
9139112033,-0.029022014,0.026960004,-0.0031474908
9139132068,-0.028623957,0.027512193,-0.003441948
9139152077,-0.028277438,0.02809641,-0.003902568
9139172558,-0.0278056,0.028810864,-0.0043025482
9139191705,-0.027205732,0.029595036,-0.0044676247
9139213718,-0.026252719,0.030675165,-0.004433315
9139232124,-0.026252719,0.03203029,-0.0040288283
9139253109,-0.026252719,0.032901447,-0.0036468033
9139271869,-0.026252719,0.032901447,-0.0036468033
9139292510,-0.026252719,0.032901447,-0.0036468033
9139312460,-0.025928693,0.032901447,-0.0042752805
9139332369,-0.025928693,0.03374914,-0.0049584312
9139352347,-0.025481272,0.03393652,-0.0053614965
9139372251,-0.025481272,0.03393652,-0.0053614965
9139394352,-0.026283868,0.033457678,-0.0059008384
9139412235,-0.026182972,0.03376846,-0.0059008384
9139432740,-0.026182972,0.03376846,-0.0058483537
9139452331,-0.026182972,0.03376846,-0.0054396433
9139472108,-0.026182972,0.03376846,-0.0050793933
9139493201,-0.026182972,0.03468266,-0.0049968483
9139512253,-0.025045482,0.035671555,-0.0051826434
9139532489,-0.024490146,0.03618505,-0.0056202393
9139553074,-0.0242431,0.036390327,-0.006099886
9139574032,-0.023820354,0.03669586,-0.00628391
9139592961,-0.02320616,0.03710709,-0.006212843
9139612853,-0.022373455,0.037757907,-0.006094552
9139632745,-0.021363968,0.0385939,-0.0060345265
9139652856,-0.020711493,0.03922693,-0.005954757
9139672763,-0.019225871,0.03871362,-0.0055883997
9139692632,-0.017839495,0.03830057,-0.0051470087
9139714562,-0.017285623,0.038761552,-0.0052132695
9139733655,-0.017006204,0.038761552,-0.0053873644
9139753802,-0.01600756,0.039081007,-0.005527077
9139773726,-0.01600756,0.039909475,-0.005527077
9139792530,-0.01600756,0.041503455,-0.005527077
9139813454,-0.015622616,0.0420669,-0.005527077
9139833447,-0.014476251,0.043177914,-0.005527077
9139853411,-0.013280981,0.043177,-0.0054472242
9139873343,-0.013280981,0.0416223,-0.0047491337
9139894544,-0.013280981,0.03990049,-0.0038988066
9139913221,-0.011831671,0.039475765,-0.0034123056
9139932983,-0.011687192,0.039475765,-0.0034851315
9139953954,-0.011687192,0.039475765,-0.0038998253
9139972844,-0.011687192,0.039475765,-0.0038998253
9139993818,-0.011687192,0.040014084,-0.0038444297
9140013352,-0.011324035,0.040773317,-0.0038554287
9140034840,-0.010524403,0.0416592,-0.00386436
9140053202,-0.010096725,0.042629756,-0.0037935153
9140073822,-0.009459639,0.04406023,-0.0034129317
9140093662,-0.009459639,0.04406023,-0.0034129317
9140112825,-0.009459639,0.04406023,-0.0034129317
9140133919,-0.009459639,0.044906963,-0.0034589043
9140153180,-0.008108526,0.046119947,-0.0036471023
9140174179,-0.007353332,0.0467724,-0.0039360006
9140193564,-0.007364044,0.04682974,-0.0044925595
9140214562,-0.0074525396,0.046723496,-0.0048770807
9140233985,-0.0069806194,0.047115427,-0.0049824403
9140254200,-0.0069806194,0.047638517,-0.0047477074
9140274537,-0.0069806194,0.048312996,-0.0041938005
9140293610,-0.0069806194,0.049364313,-0.0041938005
9140313904,-0.0069806194,0.048588544,-0.0039866045
9140333838,-0.0069806194,0.048588544,-0.0039866045
9140344327,-0.0069806194,0.048588544,-0.0039866045
9140373636,-0.0061898152,0.04628986,-0.004195512
9140394729,-0.0061898152,0.04628986,-0.0050843726
9140414553,-0.00606645,0.04628986,-0.0050843726
9140433383,-0.00606645,0.04680165,-0.0052238554
9140454266,-0.005270929,0.04642007,-0.005023373
9140474260,-0.005270929,0.04525121,-0.0045202277
9140494742,-0.0036910383,0.04492832,-0.0040791305
9140513545,-0.0036910383,0.04531153,-0.0040791305
9140525144,-0.0036910383,0.045793973,-0.0040791305
9140554191,-0.0032293422,0.045793973,-0.0040791305
9140574181,-0.0028665846,0.046611298,-0.0040791305
9140594533,-0.0016888233,0.046566777,-0.0038586122
9140614464,-0.0008718833,0.04563378,-0.0037703884
9140634472,-0.0008718833,0.043837197,-0.0039459527
9140654333,-0.0008718833,0.042528626,-0.004348314
9140674179,-0.0008718833,0.042528626,-0.004348314
9140694586,-0.0008718833,0.042528626,-0.004348314
9140705080,-0.0008718833,0.042528626,-0.004348314
9140734447,-0.000115328934,0.040525034,-0.0044499426
9140754380,0.00066791,0.039789904,-0.0044499426
9140775248,0.00066791,0.039789904,-0.0044499426
9140794126,0.00066791,0.039789904,-0.0044499426
9140815188,0.00066791,0.039789904,-0.0044499426
9140834122,0.00066791,0.039789904,-0.0044499426
9140844633,0.00066791,0.039789904,-0.0041913725
9140874988,0.00048436548,0.040587243,-0.0041366545
9140885546,0.00048436548,0.040587243,-0.0041366545
9140904797,0.00020523791,0.040820383,-0.0041366545
9140935048,0.0002900623,0.041331094,-0.0041366545
9140954931,0.0002900623,0.041331094,-0.0041366545
9140974905,0.0002900623,0.042922083,-0.004024356
9140994810,0.00060192787,0.043545652,-0.0035046954
9141014769,4.1785534e-05,0.04307453,-0.0026004612
9141025215,-0.000496859,0.042555567,-0.002000142
9141054801,-0.0012404819,0.03975089,-0.0014395064
9141074761,-0.0012404819,0.03975089,-0.0014395064
9141085280,-0.0012404819,0.03975089,-0.0014395064
9141114555,-0.003139692,0.03758154,-0.0013406181
9141125046,-0.003473601,0.03758154,-0.0014725586
9141145035,-0.003579191,0.03758154,-0.0023779892
9141165923,-0.003579191,0.03758154,-0.0023779892
9141195148,-0.0036729942,0.038709644,-0.0023779892
9141215009,-0.0043901284,0.0389214,-0.0023779892
9141234958,-0.0057569384,0.038548976,-0.0023779892
9141254908,-0.0057569384,0.03724524,-0.0032557985
9141265390,-0.0057569384,0.03656508,-0.0037176274
9141285977,-0.0076393127,0.035768136,-0.0037176274
9141305983,-0.009602984,0.035013232,-0.0037176274
9141335228,-0.011450767,0.034968536,-0.0037176274
9141346037,-0.012040622,0.035063405,-0.0037176274
9141364925,-0.013462512,0.0348855,-0.0029121165
9141385811,-0.013981494,0.03491716,-0.0010225057
9141405040,-0.014977843,0.03517605,0.00075652153
9141426992,-0.016492398,0.034923855,0.0013831165
9141445935,-0.017726298,0.034806836,0.0011964275
9141465819,-0.018256178,0.03512508,0.00019633921
9141486030,-0.01943803,0.035200607,-0.0014819072
9141505135,-0.020527512,0.035319235,-0.0014819072
9141526361,-0.021800114,0.035388973,-0.0014819072
9141545580,-0.023123562,0.035308145,-0.0009294563
9141575185,-0.023809817,0.035827767,0.00081145985
9141585665,-0.024188772,0.03608917,0.00081145985
9141615053,-0.024969218,0.035350624,0.00081145985
9141625542,-0.02564669,0.03531563,0.00081145985
9141646645,-0.026877675,0.0353965,0.00080936955
9141666512,-0.027438158,0.035410054,0.00078348286
9141685325,-0.027438158,0.035410054,0.00078348286
9141706166,-0.027438158,0.035410054,0.00078348286
9141726038,-0.027438158,0.035410054,0.00078348286
9141747148,-0.027438158,0.035410054,0.00078348286
9141765884,-0.027438158,0.035410054,0.00078348286
9141786081,-0.027438158,0.035410054,0.00078348286
9141806086,-0.027438158,0.035410054,0.00078348286
9141827030,-0.02715661,0.036193024,0.00078348286
9141846867,-0.026764011,0.03706462,0.00078348286
9141865760,-0.026925417,0.037610732,0.00020586001
9141886621,-0.027641997,0.037934665,-0.0010303203
9141906610,-0.02823251,0.037670705,-0.0022205326
9141927758,-0.02952611,0.037374437,-0.0022205326
9141946682,-0.0303815,0.037518185,-0.0021699315
9141966520,-0.030310685,0.0385507,-0.0018244197
9141986563,-0.030310685,0.0385507,-0.0012394733
9142006449,-0.030310685,0.0385507,-0.0013019213
9142027312,-0.028603194,0.04102067,-0.0020453061
9142046274,-0.028090058,0.0420763,-0.0026130194
9142068581,-0.028090058,0.04166353,-0.0032990016
9142086598,-0.028090058,0.04026496,-0.004783275
9142107629,-0.028764138,0.03938365,-0.004783275
9142126562,-0.02907348,0.039391205,-0.004783275
9142146452,-0.02907348,0.039391205,-0.004783275
9142167153,-0.02907348,0.039391205,-0.004458488
9142186771,-0.029085416,0.03963258,-0.004102017
9142206706,-0.029586433,0.03967962,-0.003943919
9142227040,-0.030998446,0.03887818,-0.00394203
9142248233,-0.030998446,0.03788432,-0.004074359
9142267066,-0.030998446,0.03788432,-0.004074359
9142287718,-0.031125048,0.03768933,-0.0039433357
9142307638,-0.031125048,0.03768933,-0.0037566454
9142326836,-0.031125048,0.03768933,-0.0034721629
9142347790,-0.031125048,0.03768933,-0.0034721629
9142366699,-0.030403266,0.03869605,-0.0039423686
9142386977,-0.03003193,0.039485134,-0.0043116943
9142407079,-0.03003193,0.038620103,-0.0047602346
9142427328,-0.03003193,0.037018016,-0.0052987873
9142446877,-0.03003193,0.034603123,-0.0052987873
9142466745,-0.030855535,0.03331668,-0.005579235
9142487786,-0.031038882,0.033228688,-0.005579235
9142506895,-0.031105556,0.033228688,-0.0053948252
9142528182,-0.031105556,0.033228688,-0.0037874014
9142547548,-0.031105556,0.033228688,-0.0037874014
9142568589,-0.031105556,0.033228688,-0.0037874014
9142587487,-0.030713975,0.033950996,-0.003866021
9142608501,-0.030713975,0.03384502,-0.0039934376
9142627163,-0.031254806,0.03299434,-0.004264516
9142647193,-0.031254806,0.031229239,-0.0049607805
9142668182,-0.031254806,0.028799225,-0.0064698043
9142687256,-0.032026757,0.027548512,-0.007271609
9142709161,-0.03222768,0.027548512,-0.007271609
9142728049,-0.03222768,0.028208546,-0.007271609
9142748669,-0.03178614,0.02902355,-0.0061605093
9142767526,-0.03128114,0.02982964,-0.0049104183
9142787400,-0.03077042,0.030844502,-0.0038764197
9142808532,-0.0308745,0.031361505,-0.0036824401
9142827627,-0.031276252,0.031602904,-0.0039137355
9142848529,-0.032218985,0.031464495,-0.004582142
9142867362,-0.03286884,0.030874876,-0.005349565
9142889323,-0.033264354,0.03059269,-0.0056926273
9142908573,-0.03332428,0.030912997,-0.0056926273
9142928057,-0.03332428,0.030912997,-0.0056926273
9142947983,-0.03332428,0.030912997,-0.0056926273
9142967881,-0.03332428,0.030912997,-0.0056209723
9142988775,-0.03259895,0.031949297,-0.004996741
9143007806,-0.03259895,0.03164931,-0.0047455174
9143028647,-0.03259895,0.03164931,-0.0047455174
9143047512,-0.03259895,0.03164931,-0.0047455174
9143069459,-0.033423886,0.030005584,-0.0047455174
9143087716,-0.034027778,0.030005584,-0.0047455174
9143108618,-0.034347508,0.030389646,-0.004689357
9143128527,-0.03416202,0.031006787,-0.004155513
9143148439,-0.03416202,0.031006787,-0.0039366074
9143168444,-0.03432685,0.031901218,-0.0041220817
9143188304,-0.034617327,0.032187454,-0.0044753416
9143208187,-0.035493135,0.032116093,-0.0044753416
9143227978,-0.036855835,0.03155919,-0.0044663846
9143248398,-0.036855835,0.029891863,-0.0042494587
9143268131,-0.036855835,0.027975243,-0.0036912367
9143289226,-0.037859842,0.026787393,-0.0030037344
9143309086,-0.037859842,0.026769973,-0.0022817454
9143328125,-0.03786878,0.026769973,-0.0022817454
9143348932,-0.03786878,0.026769973,-0.0022817454
9143368838,-0.03814767,0.027523914,-0.002545176
9143389801,-0.03856827,0.027587993,-0.003079
9143408626,-0.03856827,0.02730165,-0.004212555
9143428982,-0.03856827,0.02678707,-0.0050550494
9143448790,-0.03856827,0.025803786,-0.0050550494
9143468646,-0.03856827,0.02430747,-0.0062694615
9143489554,-0.03856827,0.023281604,-0.0062694615
9143508746,-0.03914531,0.023457266,-0.0061991555
9143529049,-0.03914531,0.02406149,-0.0054859603
9143549292,-0.039066788,0.024753563,-0.0034912624
9143570165,-0.038781982,0.02617319,-0.0034912624
9143589147,-0.039364185,0.026728159,-0.003274984
9143609025,-0.039364185,0.02624017,-0.0040264595
9143629451,-0.039364185,0.024941644,-0.005867074
9143648586,-0.039364185,0.023262355,-0.006969901
9143669446,-0.04004495,0.02279694,-0.006969901
9143688543,-0.04004495,0.02289979,-0.006969901
9143710458,-0.04004495,0.023228424,-0.006969901
9143729432,-0.04004495,0.023863455,-0.0068765064
9143749229,-0.039918963,0.025058273,-0.0055840574
9143769136,-0.039982576,0.02562566,-0.0055840574
9143788958,-0.04035351,0.025844844,-0.0055384673
9143809896,-0.04035351,0.025089575,-0.0066998485
9143828765,-0.04035351,0.023886463,-0.008367929
9143849789,-0.04112039,0.022949954,-0.008807589
9143869759,-0.04184461,0.022849135,-0.008807589
9143890596,-0.04184461,0.022871517,-0.008807589
9143909417,-0.04184461,0.023104306,-0.008771881
9143929226,-0.04184461,0.023891749,-0.0083977785
9143950163,-0.041614633,0.023891749,-0.00729236
9143969249,-0.041614633,0.023891749,-0.00729236
9143990142,-0.041113645,0.024916658,-0.0074830865
9144009982,-0.0407238,0.02626878,-0.008140401
9144030721,-0.04089694,0.02653926,-0.009056222
9144049651,-0.04089694,0.025531424,-0.010686349
9144070557,-0.04089694,0.023693042,-0.010686349
9144089786,-0.04089694,0.022004442,-0.010686349
9144109692,-0.041747175,0.021777114,-0.010640284
9144129610,-0.041747175,0.022442311,-0.0096046375
9144149711,-0.041747175,0.022442311,-0.006539598
9144170620,-0.041747175,0.022442311,-0.006539598
9144189558,-0.041747175,0.022442311,-0.007167263
9144211420,-0.04130965,0.02341369,-0.009027466
9144230344,-0.041206356,0.024070485,-0.010014134
9144250257,-0.041206356,0.023079045,-0.010640238
9144270392,-0.041206356,0.023079045,-0.010640238
9144289735,-0.041206356,0.021786287,-0.010640238
9144310687,-0.041764837,0.021931257,-0.010362453
9144329607,-0.041685425,0.02242891,-0.008604239
9144351610,-0.041685425,0.02242891,-0.0073527326
9144370629,-0.041685425,0.02242891,-0.007486908
9144390594,-0.041685425,0.02242891,-0.0084017655
9144410577,-0.041412815,0.023263428,-0.009215816
9144430224,-0.041412815,0.022774247,-0.010466315
9144450078,-0.041412815,0.02165084,-0.011895534
9144470557,-0.04193388,0.021065077,-0.012459119
9144490794,-0.042004514,0.021382162,-0.012459119
9144509925,-0.042004514,0.021382162,-0.011541445
9144531947,-0.042004514,0.021382162,-0.009266132
9144550611,-0.042004514,0.021382162,-0.009266132
9144570628,-0.04133997,0.02237997,-0.01002262
9144590672,-0.040971905,0.023228034,-0.010550663
9144610798,-0.040971905,0.022859437,-0.010992262
9144630671,-0.040971905,0.021628818,-0.011169749
9144650589,-0.040971905,0.019797653,-0.010957716
9144672582,-0.04132029,0.019119985,-0.010552014
9144690560,-0.04132029,0.019119985,-0.010517349
9144711650,-0.040686946,0.020446593,-0.0104959905
9144730349,-0.040686946,0.020446593,-0.010154793
9144750332,-0.039782926,0.021518044,-0.009827481
9144771222,-0.039782926,0.022541855,-0.009900256
9144790350,-0.039782926,0.02231637,-0.009931699
9144811252,-0.039782926,0.02094911,-0.011107793
9144831183,-0.039782926,0.019299638,-0.011758969
9144852073,-0.039782926,0.018067796,-0.011758969
9144870993,-0.04045958,0.018063692,-0.011758969
9144891954,-0.040500175,0.018602896,-0.011742081
9144910759,-0.040500175,0.019523628,-0.011265023
9144930639,-0.040500175,0.019523628,-0.0110252155
9144951712,-0.040275965,0.020610884,-0.0110252155
9144970601,-0.040275965,0.020653272,-0.0113033075
9144991681,-0.040275965,0.01992265,-0.011682184
9145011562,-0.040275965,0.018468967,-0.011939583
9145032453,-0.040275965,0.016344585,-0.012015906
9145051336,-0.040275965,0.01543574,-0.011683946
9145071176,-0.041404758,0.015293354,-0.011224515
9145091395,-0.04157895,0.015293354,-0.010652381
9145111181,-0.04149478,0.015901418,-0.010652381
9145131083,-0.041879497,0.016467836,-0.010652381
9145150968,-0.041879497,0.01624279,-0.010652381
9145172955,-0.041879497,0.015673464,-0.011244501
9145191862,-0.041879497,0.014614994,-0.012868808
9145211879,-0.041879497,0.012870508,-0.014467851
9145231713,-0.04251765,0.012435968,-0.014650816
9145251586,-0.04251765,0.012355362,-0.014650816
9145272463,-0.043219797,0.012493812,-0.014650816
9145291703,-0.043219797,0.013110728,-0.014586287
9145311507,-0.043518458,0.013738131,-0.013323183
9145331435,-0.04339964,0.014511747,-0.012921521
9145353276,-0.04339964,0.0155048845,-0.013721842
9145371220,-0.04285423,0.017252037,-0.013721842
9145392229,-0.042884555,0.018485,-0.013721842
9145412433,-0.04323196,0.018695544,-0.013721842
9145431351,-0.04362712,0.018737806,-0.013707088
9145452827,-0.044455495,0.01899997,-0.013665978
9145472267,-0.045237605,0.019234195,-0.013629364
9145493155,-0.04641455,0.019106701,-0.013338708
9145512342,-0.04641455,0.017802449,-0.012367344
9145532586,-0.04641455,0.01717853,-0.012367344
9145551532,-0.04641455,0.016851163,-0.012132337
9145571438,-0.04648696,0.016851163,-0.012132337
9145592352,-0.046361513,0.018104859,-0.012172852
9145612226,-0.04563871,0.019405179,-0.012523527
9145632145,-0.04563871,0.019405179,-0.012833927
9145652130,-0.044706006,0.021451868,-0.013777684
9145672810,-0.044258554,0.022850992,-0.013777684
9145692632,-0.044258554,0.0232649,-0.01370697
9145712668,-0.045067187,0.023100074,-0.013434747
9145732508,-0.045067187,0.022199636,-0.012171201
9145751801,-0.045067187,0.022199636,-0.011310751
9145772718,-0.045067187,0.021382598,-0.011310751
9145792885,-0.04543079,0.021110136,-0.011339634
9145813881,-0.04543079,0.01975901,-0.011492388
9145832744,-0.04543079,0.01975901,-0.011492388
9145853654,-0.04543079,0.01975901,-0.011492388
9145872557,-0.044842623,0.018375946,-0.011655379
9145892398,-0.044842623,0.018375946,-0.011681807
9145913250,-0.044842623,0.018375946,-0.012087317
9145932172,-0.044842623,0.018375946,-0.012112582
9145952576,-0.045260485,0.018375946,-0.01203673
9145972721,-0.045961887,0.018653259,-0.01203673
9145994576,-0.04551986,0.018376788,-0.012242534
9146012601,-0.04551986,0.01756432,-0.012212172
9146033081,-0.04551986,0.01756432,-0.011519651
9146052903,-0.04551986,0.014622034,-0.010841012
9146073005,-0.045408253,0.014728433,-0.010849523
9146092971,-0.045408253,0.014728433,-0.011409117
9146112915,-0.045408253,0.014728433,-0.011409117
9146132755,-0.045408253,0.01687835,-0.011239101
9146152835,-0.045408253,0.0188305,-0.011046185
9146173819,-0.04588718,0.018739158,-0.010692767
9146192639,-0.04639923,0.019267008,-0.010704652
9146212571,-0.04677049,0.02011381,-0.010749105
9146233599,-0.04695304,0.02116975,-0.0106448205
9146252496,-0.04695304,0.021105647,-0.010281986
9146273400,-0.04695304,0.019775381,-0.010281986
9146293357,-0.04695304,0.018425025,-0.010421995
9146314639,-0.048437767,0.018005375,-0.0107860025
9146333545,-0.048437767,0.017800672,-0.0107860025
9146353447,-0.048437767,0.01766167,-0.0107860025
9146373416,-0.048437767,0.017615933,-0.0107860025
9146393446,-0.048437767,0.018548619,-0.0107860025
9146413550,-0.048437767,0.019131515,-0.0107860025
9146433452,-0.04843576,0.020446023,-0.0107860025
9146453257,-0.048581224,0.021453174,-0.0107860025
9146473579,-0.048581224,0.021659436,-0.010711295
9146494410,-0.048581224,0.021216635,-0.010497978
9146513484,-0.048581224,0.02024763,-0.00936955
9146533797,-0.049016844,0.020468827,-0.009044612
9146553598,-0.049770974,0.02028297,-0.008897243
9146573657,-0.049770974,0.020397149,-0.008794109
9146593555,-0.049770974,0.020810295,-0.0083131865
9146613472,-0.049770974,0.0213237,-0.0075007943
9146623876,-0.049770974,0.021695431,-0.0072828666
9146653338,-0.049701534,0.023577392,-0.0077921245
9146674375,-0.04929581,0.02524563,-0.0077921245
9146693768,-0.049919497,0.025708571,-0.0077921245
9146713739,-0.049919497,0.024436655,-0.0068062046
9146733805,-0.049919497,0.024436655,-0.00587732
9146753741,-0.050528836,0.024388026,-0.00587732
9146774641,-0.050528836,0.024431562,-0.0058158785
9146793568,-0.050528836,0.024469567,-0.005660244
9146804042,-0.050528836,0.024515804,-0.0055357153
9146833598,-0.050528836,0.02518658,-0.004262094
9146854559,-0.050430745,0.025987467,-0.0046767793
9146874446,-0.050430745,0.025987467,-0.005764686
9146893371,-0.050376523,0.027074719,-0.005764686
9146914347,-0.050376523,0.027896708,-0.005764686
9146934262,-0.050376523,0.02730699,-0.0056812395
9146944804,-0.050376523,0.026590863,-0.0052637705
9146974574,-0.050376523,0.025501905,-0.004229293
9146994665,-0.050855137,0.025206804,-0.0042054863
9147014630,-0.051449038,0.025427451,-0.0042054863
9147033665,-0.051449038,0.026159795,-0.0042054863
9147054788,-0.051449038,0.026159795,-0.0042054863
9147073934,-0.051449038,0.027032744,-0.0042054863
9147094785,-0.051449038,0.027932342,-0.0042054863
9147115017,-0.051449038,0.028367588,-0.0042054863
9147124469,-0.051739395,0.02787037,-0.0042054863
9147154369,-0.051739395,0.02787037,-0.0042054863
9147174520,-0.051739395,0.028042372,-0.0038647102
9147194350,-0.051739395,0.028042372,-0.0038647102
9147214632,-0.052485682,0.027221348,-0.0038263607
9147234651,-0.052485682,0.02714075,-0.0038059975
9147254548,-0.05330481,0.026905589,-0.0037854502
9147264946,-0.05330481,0.026788533,-0.003772611
9147294208,-0.05330481,0.02657529,-0.0036965078
9147304673,-0.05330481,0.026624577,-0.003597
9147334490,-0.05330481,0.025929458,-0.0029016268
9147354423,-0.05330481,0.026159054,-0.002150592
9147364933,-0.05330481,0.026159054,-0.002150592
9147394228,-0.05330481,0.027168753,-0.0019750565
9147404841,-0.05330481,0.027277144,-0.001995957
9147424853,-0.05330481,0.027351849,-0.0020017491
9147445482,-0.05330481,0.02742367,-0.0019518762
9147474834,-0.05330481,0.028308785,-0.0012980977
9147485361,-0.05330481,0.028213663,-0.001176221
9147514930,-0.05330481,0.02904564,-0.0011278681
9147526674,-0.05330481,0.029691657,-0.0011278681
9147545164,-0.05330481,0.031113848,-0.0011278681
9147574966,-0.053313173,0.031128788,-0.0020363606
9147585532,-0.052556194,0.03058511,-0.0025828865
9147614781,-0.052556194,0.029915646,-0.0024244972
9147625255,-0.052556194,0.029324818,-0.0022383
9147645272,-0.052556194,0.02791771,-0.0020634716
9147674796,-0.052556194,0.027698142,-0.0021713816
9147685245,-0.052391652,0.027018534,-0.0021318672
9147707127,-0.052391652,0.027018534,-0.0021318672
9147724970,-0.052391652,0.027018534,-0.0021318672
9147745282,-0.052273024,0.02674547,-0.0023571104
9147766140,-0.052273024,0.02674547,-0.0037338263
9147785021,-0.052273024,0.02674547,-0.0037338263
9147805924,-0.052273024,0.026410988,-0.0031276476
9147825901,-0.052273024,0.025382677,-0.0028273487
9147846874,-0.052273024,0.024380656,-0.0029403414
9147865762,-0.052273024,0.024276162,-0.0029403414
9147886734,-0.052273024,0.024931459,-0.0029403414
9147906019,-0.052022852,0.024931459,-0.0029403414
9147926713,-0.052022852,0.024931459,-0.0022412783
9147946066,-0.052199803,0.024465995,-0.00093927304
9147965983,-0.052199803,0.023215938,-0.00093927304
9147985974,-0.051761422,0.023215938,-0.00093927304
9148006034,-0.05144151,0.023215938,-0.00093927304
9148026989,-0.051315136,0.022515727,-0.0011124563
9148045576,-0.051315136,0.022515727,-0.0017199591
9148066464,-0.051315136,0.022515727,-0.0029855315
9148086585,-0.051315136,0.022515727,-0.0029855315
9148105474,-0.051315136,0.022515727,-0.0029560793
9148125960,-0.051243488,0.023931876,-0.00292862
9148145906,-0.051243488,0.023931876,-0.0028895119
9148165959,-0.05080727,0.024527166,-0.0027854254
9148185918,-0.051158264,0.02493013,-0.0018487959
9148206819,-0.051158264,0.024231043,-0.0009901365
9148225803,-0.051158264,0.02345971,-0.0009901365
9148245909,-0.051158264,0.022519913,-0.0009901365
9148266856,-0.051158264,0.022284029,-0.0015008311
9148285756,-0.05090867,0.021396942,-0.0022252214
9148306962,-0.05090867,0.021396942,-0.0025183437
9148325940,-0.050841935,0.021095475,-0.0027533497
9148347673,-0.050841935,0.021095475,-0.0027533497
9148366050,-0.050841935,0.021095475,-0.0026570298
9148387375,-0.052209847,0.021095475,-0.0016927875
9148406325,-0.052209847,0.019677216,-0.0016730006
9148426349,-0.053040784,0.019290559,-0.0018710056
9148447193,-0.053761523,0.019432299,-0.0018710056
9148466029,-0.053761523,0.01962033,-0.0018710056
9148486926,-0.053761523,0.01967719,-0.0018710056
9148506383,-0.053761523,0.019734088,-0.0018710056
9148527943,-0.053761523,0.019855466,-0.0018710056
9148546898,-0.053761523,0.020055069,-0.0018710056
9148567168,-0.053761523,0.020342382,-0.0018710056
9148587151,-0.05444761,0.020357737,-0.0018710056
9148606003,-0.05444761,0.020291585,-0.0018649073
9148626940,-0.05444761,0.020382315,-0.0018649073
9148646813,-0.05444761,0.020455718,-0.0018648356
9148668178,-0.05444761,0.020523224,-0.0018648356
9148687145,-0.05444761,0.020589566,-0.0018648356
9148707937,-0.05444761,0.020654114,-0.0018648356
9148726815,-0.05444761,0.02073074,-0.0018648356
9148746441,-0.05444761,0.020806538,-0.0018648356
9148767242,-0.05444761,0.020879641,-0.0018648356
9148787145,-0.05444761,0.020949071,-0.0018648356
9148807133,-0.05444761,0.021021193,-0.0018648356
9148827027,-0.05444761,0.021056354,-0.0018648356
9148849154,-0.05444761,0.021056354,-0.0018648356
9148867042,-0.05444761,0.021056354,-0.0018648356
9148887950,-0.05444761,0.021056354,-0.0018648356
9148907765,-0.05444761,0.021056354,-0.0018648356
9148927154,-0.05444761,0.021056354,-0.0018648356
9148948032,-0.05444761,0.021056354,-0.0018648356
9148967900,-0.05444761,0.021056354,-0.0018648356
9148988781,-0.05444761,0.021056354,-0.0018648356
9149007799,-0.05444761,0.021056354,-0.0018648356
9149027498,-0.05444761,0.021056354,-0.0018648356
9149047760,-0.05444761,0.021056354,-0.0018648356
9149067569,-0.05444761,0.021056354,-0.0018648356
9149088672,-0.05444761,0.021056354,-0.0018648356
9149107470,-0.05444761,0.021056354,-0.0018648356
9149128400,-0.05444761,0.021056354,-0.0018648356
9149147431,-0.05444761,0.021056354,-0.0018648356
9149169570,-0.05444761,0.021056354,-0.0018648356
9149187589,-0.05444761,0.021056354,-0.0018648356
9149208545,-0.05444761,0.021056354,-0.0018648356
9149228386,-0.05444761,0.021056354,-0.0018648356
9149247342,-0.05444761,0.021056354,-0.0018648356
9149268555,-0.05444761,0.021056354,-0.0018648356
9149287573,-0.05444761,0.021056354,-0.0018648356
9149308547,-0.05444761,0.021056354,-0.0018648356
9149328541,-0.05444761,0.021056354,-0.0018648356
9149348633,-0.05444761,0.021056354,-0.0018648356
9149368554,-0.05444761,0.021056354,-0.0018648356
9149388367,-0.05444761,0.021056354,-0.0018648356
9149408300,-0.05444761,0.021056354,-0.0018648356
9149428291,-0.05444761,0.021056354,-0.0018648356
9149449239,-0.05444761,0.021056354,-0.0018648356
9149468344,-0.05444761,0.021056354,-0.0018648356
9149489351,-0.05444761,0.021056354,-0.0018648356
9149508656,-0.05444761,0.021056354,-0.0018648356
9149528916,-0.05444761,0.021056354,-0.0018648356
9149549206,-0.05444761,0.021056354,-0.0018648356
9149567548,-0.05444761,0.021056354,-0.0018648356
9149588457,-0.05444761,0.021056354,-0.0018648356
9149608594,-0.05444761,0.021056354,-0.0018648356
9149628320,-0.05444761,0.021056354,-0.0018648356
9149649245,-0.05444761,0.021056354,-0.0018648356
9149669296,-0.05444761,0.021056354,-0.0018648356
9149688580,-0.05444761,0.021056354,-0.0018648356
9149709249,-0.05444761,0.021056354,-0.0018648356
9149729098,-0.05444761,0.021056354,-0.0018648356
9149749072,-0.05444761,0.021056354,-0.0018648356
9149769055,-0.05444761,0.021056354,-0.0018648356
9149789038,-0.05444761,0.021056354,-0.0018648356
9149809866,-0.05444761,0.021056354,-0.0018648356
9149828757,-0.05444761,0.021056354,-0.0018648356
9149849736,-0.05444761,0.021056354,-0.0018648356
9149869543,-0.05444761,0.021056354,-0.0018648356
9149888644,-0.05444761,0.021056354,-0.0018648356
9149909751,-0.05444761,0.021056354,-0.0018648356
9149928758,-0.05444761,0.021056354,-0.0018648356
9149948800,-0.05444761,0.021056354,-0.0018648356
9149968826,-0.05444761,0.021056354,-0.0018648356
9149990754,-0.05444761,0.021056354,-0.0018648356
9150009006,-0.05444761,0.021056354,-0.0018648356
9150029607,-0.05444761,0.021056354,-0.0018648356
9150049305,-0.05444761,0.021056354,-0.0018648356
9150069185,-0.05444761,0.021056354,-0.0018648356
9150089069,-0.05444761,0.021056354,-0.0018648356
9150109281,-0.05444761,0.021056354,-0.0018648356
9150130468,-0.05444761,0.021056354,-0.0018648356
9150149472,-0.05444761,0.021056354,-0.0018648356
9150169351,-0.05444761,0.021056354,-0.0018648356
9150189182,-0.05444761,0.021056354,-0.0018648356
9150209231,-0.05444761,0.021056354,-0.0018648356
9150230239,-0.05444761,0.021056354,-0.0018648356
9150249461,-0.05444761,0.021056354,-0.0018648356
9150270253,-0.05444761,0.021056354,-0.0018648356
9150289199,-0.05444761,0.021056354,-0.0018648356
9150310516,-0.05444761,0.021056354,-0.0018648356
9150329561,-0.05444761,0.021056354,-0.0018648356
9150349249,-0.05444761,0.021056354,-0.0018648356
9150370192,-0.05444761,0.021056354,-0.0018648356
9150389319,-0.05444761,0.021056354,-0.0018648356
9150410231,-0.05444761,0.021056354,-0.0018648356
9150430164,-0.05444761,0.021056354,-0.0018648356
9150451130,-0.05444761,0.021056354,-0.0018648356
9150470042,-0.05444761,0.021056354,-0.0018648356
9150490991,-0.05444761,0.021056354,-0.0018648356
9150509846,-0.05444761,0.021056354,-0.0018648356
9150530163,-0.05444761,0.021056354,-0.0018648356
9150550742,-0.05444761,0.021056354,-0.0018648356
9150569785,-0.05444761,0.021056354,-0.0018648356
9150590674,-0.05444761,0.021056354,-0.0018648356
9150609659,-0.05444761,0.021056354,-0.0018648356
9150631782,-0.05444761,0.021056354,-0.0018648356
9150649726,-0.05444761,0.021056354,-0.0018648356
9150670621,-0.05444761,0.021056354,-0.0018648356
9150690521,-0.05444761,0.021056354,-0.0018648356
9150709325,-0.05444761,0.021056354,-0.0018648356
9150730336,-0.05444761,0.021056354,-0.0018648356
9150749754,-0.05444761,0.021056354,-0.0018648356
9150771654,-0.05444761,0.021056354,-0.0018648356
9150790592,-0.05444761,0.021056354,-0.0018648356
9150811277,-0.05444761,0.021056354,-0.0018648356
9150830138,-0.05444761,0.021056354,-0.0018648356
9150850007,-0.05444761,0.021056354,-0.0018648356
9150871163,-0.05444761,0.021056354,-0.0018648356
9150890000,-0.05444761,0.021056354,-0.0018648356
9150911167,-0.05444761,0.021056354,-0.0018648356
9150931158,-0.05444761,0.021056354,-0.0018648356
9150952262,-0.05444761,0.021056354,-0.0018648356
9150970090,-0.05444761,0.021056354,-0.0018648356
9150991116,-0.05444761,0.021056354,-0.0018648356
9151011059,-0.05444761,0.021056354,-0.0018648356
9151029898,-0.05444761,0.021056354,-0.0018648356
9151050836,-0.05444761,0.021056354,-0.0018648356
9151070883,-0.05444761,0.021056354,-0.0018648356
9151090709,-0.05444761,0.021056354,-0.0018648356
9151110717,-0.05444761,0.021056354,-0.0018648356
9151131702,-0.05444761,0.021056354,-0.0018648356
9151151960,-0.05444761,0.021056354,-0.0018648356
9151170641,-0.05444761,0.021056354,-0.0018648356
9151191558,-0.05444761,0.021056354,-0.0018648356
9151210429,-0.05444761,0.021056354,-0.0018648356
9151231426,-0.05444761,0.021056354,-0.0018648356
9151251039,-0.05444761,0.021056354,-0.0018648356
9151272184,-0.05444761,0.021056354,-0.0018648356
9151290990,-0.05444761,0.021056354,-0.0018648356
9151311944,-0.05444761,0.021056354,-0.0018648356
9151331932,-0.05444761,0.021056354,-0.0018648356
9151350957,-0.05444761,0.021056354,-0.0018648356
9151371841,-0.05444761,0.021056354,-0.0018648356
9151390832,-0.05444761,0.021056354,-0.0018648356
9151411877,-0.05444761,0.021056354,-0.0018648356
9151431780,-0.05444761,0.021056354,-0.0018648356
9151452750,-0.05444761,0.021056354,-0.0018648356
9151471556,-0.05444761,0.021056354,-0.0018648356
9151490844,-0.05444761,0.021056354,-0.0018648356
9151511967,-0.05444761,0.021056354,-0.0018648356
9151531437,-0.05444761,0.021056354,-0.0018648356
9151551660,-0.05444761,0.021056354,-0.0018648356
9151571926,-0.05444761,0.021056354,-0.0018648356
9151591955,-0.05444761,0.021056354,-0.0018648356
9151611788,-0.05444761,0.021056354,-0.0018648356
9151632418,-0.05444761,0.021056354,-0.0018648356
9151653406,-0.05444761,0.021056354,-0.0018648356
9151671553,-0.05444761,0.021056354,-0.0018648356
9151691466,-0.05444761,0.021056354,-0.0018648356
9151711364,-0.05444761,0.021056354,-0.0018648356
9151732259,-0.05444761,0.021056354,-0.0018648356
9151751182,-0.05444761,0.021056354,-0.0018648356
9151773155,-0.05444761,0.021056354,-0.0018648356
9151792215,-0.05444761,0.021056354,-0.0018648356
9151812142,-0.05444761,0.021056354,-0.0018648356
9151832161,-0.05444761,0.021056354,-0.0018648356
9151852467,-0.05444761,0.021056354,-0.0018648356
9151872366,-0.05444761,0.021056354,-0.0018648356
9151892336,-0.05444761,0.021056354,-0.0018648356
9151913155,-0.05444761,0.021056354,-0.0018648356
9151932046,-0.05444761,0.021056354,-0.0018648356
9151952661,-0.05444761,0.021056354,-0.0018648356
9151971937,-0.05444761,0.021056354,-0.0018648356
9151991785,-0.05444761,0.021056354,-0.0018648356
9152012034,-0.05444761,0.021056354,-0.0018648356
9152031950,-0.05444761,0.021056354,-0.0018648356
9152052766,-0.05444761,0.021056354,-0.0018648356
9152072829,-0.05444761,0.021056354,-0.0018648356
9152093813,-0.05444761,0.021056354,-0.0018648356
9152112746,-0.05444761,0.021056354,-0.0018648356
9152132738,-0.05444761,0.021056354,-0.0018648356
9152153541,-0.05444761,0.021056354,-0.0018648356
9152171574,-0.05444761,0.021056354,-0.0018648356
9152192521,-0.05444761,0.021056354,-0.0018648356
9152212414,-0.05444761,0.021056354,-0.0018648356
9152234348,-0.05444761,0.021056354,-0.0018648356
9152252389,-0.05444761,0.021056354,-0.0018648356
9152273297,-0.05444761,0.021056354,-0.0018648356
9152292131,-0.05444761,0.021056354,-0.0018648356
9152311983,-0.05444761,0.021056354,-0.0018648356
9152333064,-0.05444761,0.021056354,-0.0018648356
9152353056,-0.05444761,0.021056354,-0.0018648356
9152373102,-0.05444761,0.021056354,-0.0018648356
9152392181,-0.05444761,0.021056354,-0.0018648356
9152414159,-0.05444761,0.021056354,-0.0018648356
9152433128,-0.05444761,0.021056354,-0.0018648356
9152453016,-0.05444761,0.021056354,-0.0018648356
9152473086,-0.05444761,0.021056354,-0.0018648356
9152492966,-0.05444761,0.021056354,-0.0018648356
9152513109,-0.05444761,0.021056354,-0.0018648356
9152533376,-0.05444761,0.021056354,-0.0018648356
9152553408,-0.05444761,0.021056354,-0.0018648356
9152572739,-0.05444761,0.021056354,-0.0018648356
9152593241,-0.05444761,0.021056354,-0.0018648356
9152613380,-0.05444761,0.021056354,-0.0018648356
9152633232,-0.05444761,0.021056354,-0.0018648356
9152654433,-0.05444761,0.021056354,-0.0018648356
9152672666,-0.05444761,0.021056354,-0.0018648356
9152693561,-0.05444761,0.021056354,-0.0018648356
9152713426,-0.05444761,0.021056354,-0.0018648356
9152734352,-0.05444761,0.021056354,-0.0018648356
9152753643,-0.05444761,0.021056354,-0.0018648356
9152773540,-0.05444761,0.021056354,-0.0018648356
9152793443,-0.05444761,0.021056354,-0.0018648356
9152813308,-0.05444761,0.021056354,-0.0018648356
9152834169,-0.05444761,0.021056354,-0.0018648356
9152853210,-0.05444761,0.021056354,-0.0018648356
9152874224,-0.05444761,0.021056354,-0.0018648356
9152893439,-0.05444761,0.021056354,-0.0018648356
9152914344,-0.05444761,0.021056354,-0.0018648356
9152933545,-0.05444761,0.021056354,-0.0018648356
9152953430,-0.05444761,0.021056354,-0.0018648356
9152974371,-0.05444761,0.021056354,-0.0018648356
9152993201,-0.05444761,0.021056354,-0.0018648356
9153014377,-0.05444761,0.021056354,-0.0018648356
9153033548,-0.05444761,0.021056354,-0.0018648356
9153044103,-0.05444761,0.021056354,-0.0018648356
9153073634,-0.05444761,0.021056354,-0.0018648356
9153094623,-0.05444761,0.021056354,-0.0018648356
9153113547,-0.05444761,0.021056354,-0.0018648356
9153133472,-0.05444761,0.021056354,-0.0018648356
9153143991,-0.05444761,0.021056354,-0.0018648356
9153174482,-0.05444761,0.021056354,-0.0018648356
9153194216,-0.05444761,0.021056354,-0.0018648356
9153214215,-0.05444761,0.021056354,-0.0018648356
9153235181,-0.05444761,0.021056354,-0.0018648356
9153254045,-0.05444761,0.021056354,-0.0018648356
9153274587,-0.05444761,0.021056354,-0.0018648356
9153294398,-0.05444761,0.021056354,-0.0018648356
9153314280,-0.05444761,0.021056354,-0.0018648356
9153334234,-0.05444761,0.021056354,-0.0018648356
9153354396,-0.05444761,0.021056354,-0.0018648356
9153374260,-0.05444761,0.021056354,-0.0018648356
9153394233,-0.05444761,0.021056354,-0.0018648356
9153415130,-0.05444761,0.021056354,-0.0018648356
9153434215,-0.05444761,0.021056354,-0.0018648356
9153444820,-0.05444761,0.021056354,-0.0018648356
9153474579,-0.05444761,0.021056354,-0.0018648356
9153494564,-0.05444761,0.021056354,-0.0018648356
9153514696,-0.05444761,0.021056354,-0.0018648356
9153535000,-0.05444761,0.021056354,-0.0018648356
9153544583,-0.05444761,0.021056354,-0.0018648356
9153574376,-0.05444761,0.021056354,-0.0018648356
9153585023,-0.05444761,0.021056354,-0.0018648356
9153614624,-0.05444761,0.021056354,-0.0018648356
9153634558,-0.05444761,0.021056354,-0.0018648356
9153645067,-0.05444761,0.021056354,-0.0018648356
9153674417,-0.05444761,0.021056354,-0.0018648356
9153684970,-0.05444761,0.021056354,-0.0018648356
9153714493,-0.05444761,0.021056354,-0.0018648356
9153724845,-0.05444761,0.021056354,-0.0018648356
9153754431,-0.05444761,0.021056354,-0.0018648356
9153774548,-0.05444761,0.021056354,-0.0018648356
9153784996,-0.05444761,0.021056354,-0.0018648356
9153814785,-0.05444761,0.021056354,-0.0018648356
9153825234,-0.05444761,0.021056354,-0.0018648356
9153855034,-0.05444761,0.021056354,-0.0018648356
9153875000,-0.05444761,0.021056354,-0.0018648356
9153895071,-0.05444761,0.021056354,-0.0018648356
9153906562,-0.05444761,0.021056354,-0.0018648356
9153935034,-0.05444761,0.021056354,-0.0018648356
9153954937,-0.05444761,0.021056354,-0.0018648356
9153965369,-0.05444761,0.021056354,-0.0018648356
9153985910,-0.05444761,0.021056354,-0.0018648356
9154004824,-0.05444761,0.021056354,-0.0018648356
9154024930,-0.05444761,0.021056354,-0.0018648356
9154045907,-0.05444761,0.021056354,-0.0018648356
9154064748,-0.05444761,0.021056354,-0.0018648356
9154094871,-0.05444761,0.021056354,-0.0018648356
9154105516,-0.05444761,0.021056354,-0.0018648356
9154134811,-0.05444761,0.021056354,-0.0018648356
9154145324,-0.05444761,0.021056354,-0.0018648356
9154166207,-0.05444761,0.021056354,-0.0018648356
9154186233,-0.05444761,0.021056354,-0.0018648356
9154205213,-0.05444761,0.021056354,-0.0018648356
9154226152,-0.05444761,0.021056354,-0.0018648356
9154246106,-0.05444761,0.021056354,-0.0018648356
9154275159,-0.05444761,0.021056354,-0.0018648356
9154285701,-0.05444761,0.021056354,-0.0018648356
9154306641,-0.05444761,0.021056354,-0.0018648356
9154325538,-0.05444761,0.021056354,-0.0018648356
9154345485,-0.05444761,0.021056354,-0.0018648356
9154366168,-0.05444761,0.021056354,-0.0018648356
9154385922,-0.05444761,0.021056354,-0.0018648356
9154407634,-0.05444761,0.021056354,-0.0018648356
9154426209,-0.05444761,0.021056354,-0.0018648356
9154446362,-0.05444761,0.021056354,-0.0018648356
9154465824,-0.05444761,0.021056354,-0.0018648356
9154487029,-0.05444761,0.021056354,-0.0018648356
9154505826,-0.05444761,0.021056354,-0.0018648356
9154526398,-0.05444761,0.021056354,-0.0018648356
9154546383,-0.05444761,0.021056354,-0.0018648356
9154566265,-0.05444761,0.021056354,-0.0018648356
9154586199,-0.05444761,0.021056354,-0.0018648356
9154606348,-0.05444761,0.021056354,-0.0018648356
9154626135,-0.05444761,0.021056354,-0.0018648356
9154646111,-0.05444761,0.021056354,-0.0018648356
9154665984,-0.05444761,0.021056354,-0.0018648356
9154686954,-0.05444761,0.021056354,-0.0018648356
9154706202,-0.05444761,0.021056354,-0.0018648356
9154727115,-0.05444761,0.021056354,-0.0018648356
9154746039,-0.05444761,0.021056354,-0.0018648356
9154767987,-0.05444761,0.021056354,-0.0018648356
9154786023,-0.05444761,0.021056354,-0.0018648356
9154806290,-0.05444761,0.021056354,-0.0018648356
9154826346,-0.05444761,0.021056354,-0.0018648356
9154847134,-0.05444761,0.021056354,-0.0018648356
9154866826,-0.05444761,0.021056354,-0.0018648356
9154886709,-0.05444761,0.021056354,-0.0018648356
9154908182,-0.05444761,0.021056354,-0.0018648356
9154927075,-0.05444761,0.021056354,-0.0018648356
9154948297,-0.05444761,0.021056354,-0.0018648356
9154966601,-0.05444761,0.021056354,-0.0018648356
9154987559,-0.05444761,0.021056354,-0.0018648356
9155007558,-0.05444761,0.021056354,-0.0018648356
9155026538,-0.05444761,0.021056354,-0.0018648356
9155047169,0.0,0.0,0.0
9155066940,0.0,0.0,0.0
9155088803,0.0,0.0,0.0
9155106678,0.0,0.0,0.0
9155126651,0.0,0.0,0.0
9155146699,0.0,0.0,0.0
9155166823,0.0,0.0,0.0
9155187750,0.0,0.0,0.0
9155206783,0.0,0.0,0.0
9155227659,0.0,0.0,0.0
9155247623,0.0,0.0,0.0
9155268980,0.0,0.0,0.0
9155286952,0.0,0.0,0.0
9155307815,0.0,0.0,0.0
9155327773,0.0,0.0,0.0
9155346869,0.0,0.0,0.0
9155367433,0.0,0.0,0.0
9155387468,0.0,0.0,0.0
9155408349,0.0,0.0,0.0
9155427238,0.0,0.0,0.0
9155448174,0.0,0.0,0.0
9155467158,0.0,0.0,0.0
9155488057,0.0,0.0,0.0
9155508112,0.0,0.0,0.0
9155528102,0.0,0.0,0.0
9155548334,0.0,0.0,0.0
9155567144,0.0,0.0,0.0
9155589121,0.0,0.0,0.0
9155608109,0.0,0.0,0.0
9155629026,0.0,0.0,0.0
9155647946,0.0,0.0,0.0
9155667776,0.0,0.0,0.0
9155687635,0.0,0.0,0.0
9155707663,0.0,0.0,0.0
9155728279,0.0,0.0,0.0
9155748253,0.0,0.0,0.0
9155769092,0.0,0.0,0.0
9155787926,0.0,0.0,0.0
9155807921,0.0,0.0,0.0
9155828923,0.0,0.0,0.0
9155847726,0.0,0.0,0.0
9155868597,0.0,0.0,0.0
9155888448,0.0,0.0,0.0
9155909322,0.0,0.0,0.0
9155928250,0.0,0.0,0.0
9155949079,0.0,0.0,0.0
9155968074,0.0,0.0,0.0
9155988788,0.0,0.0,0.0
9156008759,0.0,0.0,0.0
9156028137,0.0,0.0,0.0
9156049311,0.0,0.0,0.0
9156068146,0.0,0.0,0.0
9156090153,0.0,0.0,0.0
9156108022,0.0,0.0,0.0
9156128940,0.0,0.0,0.0
9156149234,0.0,0.0,0.0
9156168165,0.0,0.0,0.0
9156189089,0.0,0.0,0.0
9156209020,0.0,0.0,0.0
9156229005,0.0,0.0,0.0
9156248913,0.0,0.0,0.0
9156269722,0.0,0.0,0.0
9156288547,0.0,0.0,0.0
9156308828,0.0,0.0,0.0
9156329669,0.0,0.0,0.0
9156348580,0.0,0.0,0.0
9156369436,0.0,0.0,0.0
9156388535,0.0,0.0,0.0
9156410533,0.0,0.0,0.0
9156428605,0.0,0.0,0.0
9156449616,0.0,0.0,0.0
9156469580,0.0,0.0,0.0
9156488847,0.0,0.0,0.0
9156509988,0.0,0.0,0.0
9156529369,0.0,0.0,0.0
9156549863,0.0,0.0,0.0
9156569405,0.0,0.0,0.0
9156590365,0.0,0.0,0.0
9156609309,0.0,0.0,0.0
9156629241,0.0,0.0,0.0
9156649564,0.0,0.0,0.0
9156668584,0.0,0.0,0.0
9156689460,0.0,0.0,0.0
9156709339,0.0,0.0,0.0
9156731510,0.0,0.0,0.0
9156749429,0.0,0.0,0.0
9156769798,0.0,0.0,0.0
9156790029,0.0,0.0,0.0
9156809287,0.0,0.0,0.0
9156830131,0.0,0.0,0.0
9156850009,0.0,0.0,0.0
9156869833,0.0,0.0,0.0
9156889971,0.0,0.0,0.0
9156911538,0.0,0.0,0.0
9156929447,0.0,0.0,0.0
9156950426,0.0,0.0,0.0
9156969940,0.0,0.0,0.0
9156990017,0.0,0.0,0.0
9157009931,0.0,0.0,0.0
9157029902,0.0,0.0,0.0
9157051837,0.0,0.0,0.0
9157069880,0.0,0.0,0.0
9157090925,0.0,0.0,0.0
9157109770,0.0,0.0,0.0
9157129780,0.0,0.0,0.0
9157150814,0.0,0.0,0.0
9157170053,0.0,0.0,0.0
9157190960,0.0,0.0,0.0
9157210553,0.0,0.0,0.0
9157231603,0.0,0.0,0.0
9157250566,0.0,0.0,0.0
9157270446,0.0,0.0,0.0
9157290244,0.0,0.0,0.0
9157310164,0.0,0.0,0.0
9157331169,0.0,0.0,0.0
9157350071,0.0,0.0,0.0
9157370936,0.0,0.0,0.0
9157390926,0.0,0.0,0.0
9157411961,0.0,0.0,0.0
9157430886,0.0,0.0,0.0
9157450759,0.0,0.0,0.0
9157470620,0.0,0.0,0.0
9157490598,0.0,0.0,0.0
9157511499,0.0,0.0,0.0
9157530911,0.0,0.0,0.0
9157551984,0.0,0.0,0.0
9157571048,0.0,0.0,0.0
9157590934,0.0,0.0,0.0
9157610908,0.0,0.0,0.0
9157630830,0.0,0.0,0.0
9157651843,0.0,0.0,0.0
9157670751,0.0,0.0,0.0
9157690744,0.0,0.0,0.0
9157710702,0.0,0.0,0.0
9157732753,0.0,0.0,0.0
9157750687,0.0,0.0,0.0
9157771579,0.0,0.0,0.0
9157791525,0.0,0.0,0.0
9157810452,0.0,0.0,0.0
9157831380,0.0,0.0,0.0
9157851261,0.0,0.0,0.0
9157872393,0.0,0.0,0.0
9157891233,0.0,0.0,0.0
9157912214,0.0,0.0,0.0
9157930977,0.0,0.0,0.0
9157950950,0.0,0.0,0.0
9157971800,0.0,0.0,0.0
9157991933,0.0,0.0,0.0
9158011716,0.0,0.0,0.0
9158031436,0.0,0.0,0.0
9158053451,0.0,0.0,0.0
9158071421,0.0,0.0,0.0
9158091529,0.0,0.0,0.0
9158112449,0.0,0.0,0.0
9158131374,0.0,0.0,0.0
9158152302,0.0,0.0,0.0
9158171414,0.0,0.0,0.0
9158193353,0.0,0.0,0.0
9158211313,0.0,0.0,0.0
9158233170,0.0,0.0,0.0
9158252445,0.0,0.0,0.0
9158271345,0.0,0.0,0.0
9158292325,0.0,0.0,0.0
9158311225,0.0,0.0,0.0
9158332273,0.0,0.0,0.0
9158352285,0.0,0.0,0.0
9158373192,0.0,0.0,0.0
9158392379,0.0,0.0,0.0
9158414186,0.0,0.0,0.0
9158432101,0.0,0.0,0.0
9158451961,0.0,0.0,0.0
9158472972,0.0,0.0,0.0
9158491967,0.0,0.0,0.0
9158512228,0.0,0.0,0.0
9158532749,0.0,0.0,0.0
9158553819,0.0,0.0,0.0
9158572771,0.0,0.0,0.0
9158592789,0.0,0.0,0.0
9158612744,0.0,0.0,0.0
9158632761,0.0,0.0,0.0
9158652628,0.0,0.0,0.0
9158672679,0.0,0.0,0.0
9158694553,0.0,0.0,0.0
9158712503,0.0,0.0,0.0
9158733541,0.0,0.0,0.0
9158753406,0.0,0.0,0.0
9158772616,0.0,0.0,0.0
9158792529,0.0,0.0,0.0
9158812573,0.0,0.0,0.0
9158833457,0.0,0.0,0.0
9158852402,0.0,0.0,0.0
9158874564,0.0,0.0,0.0
9158893387,0.0,0.0,0.0
9158913261,0.0,0.0,0.0
9158933144,0.0,0.0,0.0
9158953005,0.0,0.0,0.0
9158973919,0.0,0.0,0.0
9158992775,0.0,0.0,0.0
9159014993,0.0,0.0,0.0
9159032801,0.0,0.0,0.0
9159053718,0.0,0.0,0.0
9159073619,0.0,0.0,0.0
9159092674,0.0,0.0,0.0
9159113541,0.0,0.0,0.0
9159133431,0.0,0.0,0.0
9159153281,0.0,0.0,0.0
9159173363,0.0,0.0,0.0
9159194323,0.0,0.0,0.0
9159213180,0.0,0.0,0.0
9159234057,0.0,0.0,0.0
9159254025,0.0,0.0,0.0
9159273744,0.0,0.0,0.0
9159293573,0.0,0.0,0.0
9159313545,0.0,0.0,0.0
9159334416,0.0,0.0,0.0
9159353541,0.0,0.0,0.0
9159374409,0.0,0.0,0.0
9159394320,0.0,0.0,0.0
9159413186,0.0,0.0,0.0
9159434606,0.0,0.0,0.0
9159454143,0.0,0.0,0.0
9159474129,0.0,0.0,0.0
9159494265,0.0,0.0,0.0
9159504697,0.0,0.0,0.0
9159534552,0.0,0.0,0.0
9159554628,0.0,0.0,0.0
9159574463,0.0,0.0,0.0
9159593394,0.0,0.0,0.0
9159614347,0.0,0.0,0.0
9159634246,0.0,0.0,0.0
9159645811,0.0,0.0,0.0
9159674344,0.0,0.0,0.0
9159684907,0.0,0.0,0.0
9159714129,0.0,0.0,0.0
9159734042,0.0,0.0,0.0
9159754997,0.0,0.0,0.0
9159774005,0.0,0.0,0.0
9159794865,0.0,0.0,0.0
9159814278,0.0,0.0,0.0
9159824745,0.0,0.0,0.0
9159854192,0.0,0.0,0.0
9159875026,0.0,0.0,0.0
9159884504,0.0,0.0,0.0
9159913918,0.0,0.0,0.0
9159934964,0.0,0.0,0.0
9159955084,0.0,0.0,0.0
9159974995,0.0,0.0,0.0
9159994934,0.0,0.0,0.0
9160005299,0.0,0.0,0.0
9160034271,0.0,0.0,0.0
9160044823,0.0,0.0,0.0
9160064775,0.0,0.0,0.0
9160094374,0.0,0.0,0.0
9160115393,0.0,0.0,0.0
9160124847,0.0,0.0,0.0
9160145852,0.0,0.0,0.0
9160164800,0.0,0.0,0.0
9160184755,0.0,0.0,0.0
9160204750,0.0,0.0,0.0
9160235158,0.0,0.0,0.0
9160255048,0.0,0.0,0.0
9160274961,0.0,0.0,0.0
9160284960,0.0,0.0,0.0
9160304990,0.0,0.0,0.0
9160325915,0.0,0.0,0.0
9160355194,0.0,0.0,0.0
9160365579,0.0,0.0,0.0
9160385552,0.0,0.0,0.0
9160415146,0.0,0.0,0.0
9160425584,0.0,0.0,0.0
9160455143,0.0,0.0,0.0
9160465586,0.0,0.0,0.0
9160495075,0.0,0.0,0.0
9160505719,0.0,0.0,0.0
9160526103,0.0,0.0,0.0
9160546373,0.0,0.0,0.0
9160565197,0.0,0.0,0.0
9160594882,0.0,0.0,0.0
9160605361,0.0,0.0,0.0
9160625770,0.0,0.0,0.0
9160654990,0.0,0.0,0.0
9160665848,0.0,0.0,0.0
9160685726,0.0,0.0,0.0
9160705761,0.0,0.0,0.0
9160735028,0.0,0.0,0.0
9160745858,0.0,0.0,0.0
9160767073,0.0,0.0,0.0
9160785970,0.0,0.0,0.0
9160805941,0.0,0.0,0.0
9160825831,0.0,0.0,0.0
9160845786,0.0,0.0,0.0
9160866789,0.0,0.0,0.0
9160885744,0.0,0.0,0.0
9160907911,0.0,0.0,0.0
9160925785,0.0,0.0,0.0
9160946977,0.0,0.0,0.0
9160965907,0.0,0.0,0.0
9160985905,0.0,0.0,0.0
9161006808,0.0,0.0,0.0
9161026179,0.0,0.0,0.0
9161046730,0.0,0.0,0.0
9161066703,0.0,0.0,0.0
9161087835,0.0,0.0,0.0
9161106699,0.0,0.0,0.0
9161126672,0.0,0.0,0.0
9161148099,0.0,0.0,0.0
9161166100,0.0,0.0,0.0
9161187039,0.0,0.0,0.0
9161206063,0.0,0.0,0.0
9161227942,0.0,0.0,0.0
9161246166,0.0,0.0,0.0
9161266161,0.0,0.0,0.0
9161287165,0.0,0.0,0.0
9161306008,0.0,0.0,0.0
9161326962,0.0,0.0,0.0
9161347048,0.0,0.0,0.0
9161367004,0.0,0.0,0.0
9161386973,0.0,0.0,0.0
9161407956,0.0,0.0,0.0
9161426911,0.0,0.0,0.0
9161446788,0.0,0.0,0.0
9161466739,0.0,0.0,0.0
9161486765,0.0,0.0,0.0
9161507203,0.0,0.0,0.0
9161527223,0.0,0.0,0.0
9161548762,0.0,0.0,0.0
9161566629,0.0,0.0,0.0
9161588512,0.0,0.0,0.0
9161607461,0.0,0.0,0.0
9161627364,0.0,0.0,0.0
9161648328,0.0,0.0,0.0
9161666619,0.0,0.0,0.0
9161687524,0.0,0.0,0.0
9161707557,0.0,0.0,0.0
9161728781,0.0,0.0,0.0
9161747670,0.0,0.0,0.0
9161768040,0.0,0.0,0.0
9161788170,0.0,0.0,0.0
9161807085,0.0,0.0,0.0
9161828116,0.0,0.0,0.0
9161847961,0.0,0.0,0.0
9161867850,0.0,0.0,0.0
9161887223,0.0,0.0,0.0
9161909040,0.0,0.0,0.0
9161927972,0.0,0.0,0.0
9161947922,0.0,0.0,0.0
9161968057,0.0,0.0,0.0
9161987807,0.0,0.0,0.0
